master_id,project_name,mention_count,first_report_date,latest_report_date,source_files,senders,latitude,longitude,coordinates,map_urls,location,province_city,district_area,land_area,project_type,land_type,planning_summary,max_floors,far,building_density,population,legal_summary,legal_status,asking_price,price_mentions,selling_price,land_cost,total_investment,revenue,profit,irr,npv,payback,risks,next_actions,attachments,source_excerpt,data_completeness_score,project_name_raw,clean_key,land_area_raw_mentions,land_area_main,land_area_main_raw,other_area_mentions,asking_land_price,total_investment_clean,revenue_clean,profit_clean,irr_clean,npv_clean,payback_clean,financial_raw_mentions,far_clean,max_floors_clean,population_clean,density_clean,planning_doc_status,gpm_status,lur_status,approval_status,map_link_attached_from_chunk,map_link_match_score,coordinate_source,coordinate_quality,merged_from_ids,curated_id,score_total,score_location,score_data,score_planning,score_legal,score_financial,score_risk_penalty,score_grade,score_notes,entity_type,entity_classification_note,product_structure,record_classification,cleaning_status,cleaning_notes,source_lineage,report_date,has_map,has_area,has_planning,has_legal,has_financial
BDS-MASTER-0065,gồm Chung cư cao tầng gồm 02 Hầm + 02 tầng Khối đế + 26 tầng căn hộ (trong đó căn hộ NOXH chiếm 20% tổng số că,2,2023-08-03,2023-08-03,batch_187.txt; batch_784.txt,Thao L - INVT,10.686804,106.936193,"10.686804, 106.936193",https://maps.app.goo.gl/QVMCmJp83pMBNKrL8,,,,94 m²,Cao tầng,026 - cuối 2028: Xây dựng và bán hàng theo tiến độ căn hộ thương phẩm. Cuối 2028: Bán sàn TTTM. 2029: Bán căn hộ NOXH. d. Tổng mức đầu tư : Tiền sử dụng đất: Tạ,"quy hoạch và xin thêm 2.522 dân. a. Quy mô: Dự án gồm Chung cư cao tầng gồm 02 Hầm + 02 tầng Khối đế + 26 tầng căn hộ (trong đó căn hộ NOXH chiếm 20% tổng số căn hộ); Trường mầm non và Y tế; Dân số sử dụng: 3.022 người, dân số theo quy hoạch: 500 người => Dân số cần xin thêm: 2.522 người. c. Thời gian triển khai: Đến cuối 2025: Đền bù giải phóng mặt bằng, Chuyển mục đích SDĐ; hệ số điều chỉnh (K=3,3): 153,7 tỷ ~ 12tr/m2 cho 12,856m2 đất ở tương ứng phần căn hộ thương mại Chi phí pháp lý gồm VAT: 33 tỷ. Đơn giá xây dựng allin gồm VAT (Dự phòng phát sinh 10%",cao tầng gồm 02 Hầm + 02 tầng; Quy mô: Dự án gồm Chung cư cao tầng gồm 02 Hầm + 02 tầng,"hệ số điều chỉnh (K=3,3",,Dân số sử dụng: 3.022; dân số theo quy hoạch: 500; Dân số cần xin thêm: 2.522; dân số (500; Dân số sử dụng: 500,"pháp lý dự án. 2026 - cuối 2028: Xây dựng và bán hàng theo tiến độ căn hộ thương phẩm. Cuối 2028: Bán sàn TTTM. 2029: Bán căn hộ NOXH. d. Tổng mức đầu tư : Tiền sử dụng đất: Tạm tính theo phương pháp hệ số điều chỉnh (K=3,3): 1; pháp lý gồm VAT: 33 tỷ. Đơn giá xây dựng allin gồm VAT (Dự phòng phát sinh 10%; trượt giá 3%/năm): 14,27tr/m2 – chuẩn B. e. Tổng doanh thu (gồm VAT): 3.731,9 tỷ: Cơ sở đơn giá bán căn hộ thương mại: căn hộ chuẩn B, đơn giá bán",pháp lý dự án. 2026 - cuối 2028: Xây dựng và bán hàng theo tiến độ căn hộ thương phẩm.,,"153,7 tỷ; 12tr/m2; 33 tỷ; 14,27tr/m2; 731,9 tỷ; 43tr/m2; 53tr/m2; 34tr/m2; 23,4tr/m2; 466,6 tỷ; 130 tỷ; 16,55tr/m2; 107,5 tỷ; 11,4tr/m2; 22 tỷ; 5,95tr/m2; 7,1tr/m2; 085,8tỷ; 73tr/m2; 85tr/m2; 8,7tr/m2; 168,2 tỷ; 51,6 tỷ; 11,2tr/m2","đơn giá bán căn hộ thương mại: căn hộ chuẩn B, đơn giá bán 2023: 43tr/m2; Đơn giá bán căn hộ thương mại trung bình từ 2026-2028 (gồm VAT): 53tr/m2; Đơn giá bán căn hộ NOXH 2029 (gồm VAT): 23,4tr/m2","Tiền sử dụng đất: Tạm tính theo phương pháp hệ số điều chỉnh (K=3,3","Tổng mức đầu tư : Tiền sử dụng đất: Tạm tính theo phương pháp hệ số điều chỉnh (K=3,3): 153,7 tỷ","doanh thu (gồm VAT): 3.731,9 tỷ","Lợi nhuận sau thuế = 466,6 tỷ",IRR= 20%,"NPV = 130 tỷ; NPV = 51,6 tỷ",,ĐỀ XUẤT: 2.1. Phương án Cao tầng: Sử dụng hiệu quả nhất các chỉ tiêu quy hoạch và xin thêm 2.522 dân. a. Quy mô: Dự án gồm Chung cư cao tầng gồm 02 Hầm + 02 tầng Khối đế + 26 tầng căn hộ (trong đó căn hộ NOXH chiếm 20% tổng số,"ĐỀ XUẤT: 2.1. Phương án Cao tầng: Sử dụng hiệu quả nhất các chỉ tiêu quy hoạch và xin thêm 2.522 dân. a. Quy mô: Dự án gồm Chung cư cao tầng gồm 02 Hầm + 02 tầng Khối đế + 26 tầng căn hộ; cần xin thêm: 2.522 người. c. Thời gian triển khai: Đến cuối 2025: Đền bù giải phóng mặt bằng, Chuyển mục đích SDĐ và hoàn thành pháp lý dự án. 2026 - cuối 2028: Xây dựng và bán hàng",,"[2023-08-03] Thao L - INVT 8/3/2023 2:24 PM Edited 2. PHƯƠNG ÁN PHÁT TRIỂN ĐỀ XUẤT: 2.1. Phương án Cao tầng: Sử dụng hiệu quả nhất các chỉ tiêu quy hoạch và xin thêm 2.522 dân. a. Quy mô: Dự án gồm Chung cư cao tầng gồm 02 Hầm + 02 tầng Khối đế + 26 tầng căn hộ (trong đó căn hộ NOXH chiếm 20% tổng số căn hộ); Trường mầm non và Y tế. b. Loại hình kinh doanh: 02 tầng khối đế cho thuê sàn trung tâm thương mại: 5.162m2 sàn thương phẩm (tỷ lệ thương phẩm trung bình 57%). 26 tầng tháp bán căn hộ: 75.540m2 sàn thương phẩm (tỷ lệ thương phẩm trung bình 73%): .Căn hộ NOXH: 15,110m2 sàn ~ 291 căn, diện tích trung bình 52m2/căn. .Căn hộ thương mại: 60,430m2 sàn 1.040 căn, diện tích trung bình 58m2/căn. Số căn hộ: 1.331 căn. Dân số sử dụng: 3.022 người, dân số theo quy hoạch: 500 người => Dân số cần xin thêm: 2.522 người. c. Thời gian triển khai: Đến cuối 2025: Đền bù giải phóng mặt bằng, Chuyển mục đích SDĐ và hoàn thành pháp lý dự án. 2026 - cuối 2028: Xây dựng và bán hàng theo tiến độ căn hộ thương phẩm. Cuối 2028: Bán sàn TTTM. 2029: Bán căn hộ NOXH. d. Tổng mức đầu tư : Tiền sử dụng đất: Tạm tính theo phương pháp hệ số điều chỉnh (K=3,3): 153,7 tỷ ~ 12tr/m2 cho 12,856m2 đất ở tương ứng phần căn hộ thư

---

[] Thao L - INVT 3/23 11:46 AM Translate 2. PHƯƠNG ÁN PHÁT TRIỂN ĐỀ XUẤT: 2.1. Phương án Cao tầng: Sử dụng hiệu quả nhất các chỉ tiêu quy hoạch và xin thêm 2.522 dân. a. Quy mô: Dự án gồm Chung cư cao tầng gồm 02 Hầm + 02 tầng Khối đế + 26 tầng căn hộ (trong đó căn hộ NOXH chiếm 20% tổng số căn hộ); Trường mầm non và Y tế. b. Loại hình kinh doanh: 02 tầng khối đế cho thuê sàn trung tâm thương mại: 5.162m2 sàn thương phẩm (tỷ lệ thương phẩm trung bình 57%). 26 tầng tháp bán căn hộ: 75.540m2 sàn thương phẩm (tỷ lệ thương phẩm trung bình 73%): .Căn hộ NOXH: 15,110m2 sàn ~ 291 căn, diện tích trung bình 52m2/căn. .Căn hộ thương mại: 60,430m2 sàn 1.040 căn, diện tích trung bình 58m2/căn. Số căn hộ: 1.331 căn. Dân số sử dụng: 3.022 người, dân số theo quy hoạch: 500 người => Dân số cần xin thêm: 2.522 người. c. Thời gian triển khai: Đến cuối 2025: Đền bù giải phóng mặt bằng, Chuyển mục đích SDĐ và hoàn thành pháp lý dự án. 2026 - cuối 2028: Xây dựng và bán hàng theo tiến độ căn hộ thương phẩm. Cuối 2028: Bán sàn TTTM. 2029: Bán căn hộ NOXH. d. Tổng mức đầu tư : Tiền sử dụng đất: Tạm tính theo phương pháp hệ số điều chỉnh (K=3,3): 153,7 tỷ ~ 12tr/m2 cho 12,856m2 đất ở tương ứng phần căn hộ thư",76,gồm Chung cư cao tầng gồm 02 Hầm + 02 tầng Khối đế + 26 tầng căn hộ (trong đó căn hộ NOXH chiếm 20% tổng số că,gồm chung cư cao tầng gồm 02 hầm 02 tầng khối đế 26 tầng căn hộ trong đó căn hộ noxh chiếm 20 tổng số că,94 m²,94 m²,94 m²,"75.540m2; 60,430m2; 15,110m2; 12,856m2; 5.162m2; 58m2; 52m2",,"Tổng mức đầu tư : Tiền sử dụng đất: Tạm tính theo phương pháp hệ số điều chỉnh (K=3,3): 153,7 tỷ",,"Lợi nhuận sau thuế = 466,6 tỷ",IRR= 20%,"NPV = 130 tỷ; NPV = 51,6 tỷ",,"153,7 tỷ; 12tr/m2; 33 tỷ; 14,27tr/m2; 731,9 tỷ; 43tr/m2; 53tr/m2; 34tr/m2; 23,4tr/m2; 466,6 tỷ; 130 tỷ; 16,55tr/m2; 107,5 tỷ; 11,4tr/m2; 22 tỷ; 5,95tr/m2; 7,1tr/m2; 085,8tỷ; 73tr/m2; 85tr/m2; 8,7tr/m2; 168,2 tỷ; 51,6 tỷ; 11,2tr/m2; đơn giá bán căn hộ thương mại: căn hộ chuẩn B, đơn giá bán 2023: 43tr/m2; Đơn giá bán căn hộ thương mại trung bình từ 2026-2028 (gồm VAT): 53tr/m2; Đơn giá bán căn hộ NOXH 2029 (gồm VAT): 23,4tr/m2; Tiền sử dụng đất: Tạm tính theo phương pháp hệ số điều chỉnh (K=3,3; Tổng mức đầu tư : Tiền sử dụng đất: Tạm tính theo phương pháp hệ số điều chỉnh (K=3,3): 153,7 tỷ; doanh thu (gồm VAT): 3.731,9 tỷ; Lợi nhuận sau thuế = 466,6 tỷ; IRR= 20%; NPV = 130 tỷ; NPV = 51,6 tỷ","hệ số điều chỉnh (K=3,3",cao tầng gồm 02 Hầm + 02 tầng; Quy mô: Dự án gồm Chung cư cao tầng gồm 02 Hầm + 02 tầng,Dân số sử dụng: 3.022; dân số theo quy hoạch: 500; Dân số cần xin thêm: 2.522; dân số (500; Dân số sử dụng: 500,,,"giải phóng mặt bằng, Chuyển mục đích SDĐ; giải phóng mặt bằng, Chuyển mục đích SDĐ và hoàn thành pháp lý dự án","Tiền sử dụng đất: Tạm tính theo phương pháp hệ số điều chỉnh (K=3,3): 1; Tiền sử dụng đất: Tạm tính theo phương pháp hệ số điều chỉnh (K=3,3): 153,7 tỷ ~ 12tr/m2 cho 12,856m2 đất ở tương ứng phần căn hộ thư --- [] Thao L - INVT 3/23 11:46 AM Translate 2; Tiền sử dụng đất: Tạm tính theo phương pháp hệ số điều chỉnh (K=3,3): 153,7 tỷ ~ 12tr/m2 cho 12,856m2 đất ở tương ứng phần căn hộ thư",,batch_244.txt,36,matched_teams_map_link,matched_teams_map_link,,BDS-CURATED-0020,82,28,25,14,17,23,0,A,,project_or_deal,,,review_not_published,held_for_review,name_missing_or_sentence,BDS-CURATED-0020; batch_187.txt; batch_784.txt;,2023-08-03,yes,yes,yes,yes,yes
BDS-MASTER-0169,có tiềm năng để phát triển Dự án Khu đô thị,1,2025-06-03,2025-06-03,batch_393.txt,,11.5202027,106.7510898,"11.5202027, 106.7510898",https://www.google.com/maps/d/edit?mid=1GZCfnV4401jtKcup5hFe0KPBOBMYrp4&usp=sharing,"Khu vực dự án có tiềm năng để phát triển Dự án Khu đô thị. 2. Về Pháp lý: Cần bổ sung thêm các thông tin sau: + Pháp lý đất: Bổ sung cơ cấu đất, hiện trạng sử dụng đất… để ước tính phương án bồi thường + Pháp lý quy hoạc",,,4.000.000 m² (~400.00 ha),TMĐT,,quy hoạch: Lên phương án Quy hoạch Phân khu 1/2000 của Dự án Để ước tính Tổng mức Đầu tư xây dựng Phương án kinh doanh Ước tính tiền sử dụng đất Các nội dung này cần các phòng ban chuyên mô; Quy hoạch..) làm việc với cơ quan nhà nước/Đối tác để lấy các thông tin và lên phương án đề xuất 3. Về doanh nghiệp: Cần có doanh nghiệp hoặc liên doanh có năng lực để tham gia đấu thầu dự,,,,,"Pháp lý: Cần bổ sung thêm các thông tin sau: + Pháp lý đất: Bổ sung cơ cấu đất, hiện trạng sử dụng đất… để ước tính phương án bồi thường + Pháp lý quy hoạch: Lên phương án Quy hoạch Phân khu 1/2000 của Dự án Để ước tính Tổng mứ; tiền sử dụng đất Các nội dung này cần các phòng ban chuyên môn (Pháp lý, Quy hoạch..) làm việc với cơ quan nhà nước/Đối tác để lấy các thông tin và lên phương án đề xuất 3. Về doanh nghiệp: Cần có doanh nghiệp hoặc liên doanh có năng lự; Pháp lý nghiên cứu quy trình đấu thầu dự án có sử dụng đất theo Luật Đấu thầu 2023, Luật Đất Đai 2024. NĐ 115/2024… các quy định pháp luật hiện hành.","Pháp lý: Cần bổ sung thêm các thông tin sau: + Pháp lý đất: Bổ sung cơ cấu đất, hiện tr",,80.000 tỷ,,,TMĐT hơn 80.000 tỷ,,,,,,"đề xuất 3. Về doanh nghiệp: Cần có doanh nghiệp hoặc liên doanh có năng lực để tham gia đấu thầu dự án có quy mô hơn 400 ha, TMĐT hơn 80.000 tỷ 4. Về Đấu thầu: Phòng Pháp lý nghiên cứu quy trình đấu thầu dự án có sử dụng đất th","Cần bổ sung thêm các thông tin sau: + Pháp lý đất: Bổ sung cơ cấu đất, hiện trạng sử dụng đất… để ước tính phương án bồi thường + Pháp lý quy hoạch: Lên phương án Quy hoạch Phân khu 1; cần các phòng ban chuyên môn (Pháp lý, Quy hoạch..) làm việc với cơ quan nhà nước/Đối tác để lấy các thông tin và lên phương án đề xuất 3. Về doanh nghiệp: Cần có doanh nghiệp hoặc li",,"[] P.ĐT tổng hợp báo cáo các nội dung như sau để triển khai đánh giá tiếp theo về Dự án: 1. Về Vị trí: Khu vực dự án có tiềm năng để phát triển Dự án Khu đô thị. 2. Về Pháp lý: Cần bổ sung thêm các thông tin sau: + Pháp lý đất: Bổ sung cơ cấu đất, hiện trạng sử dụng đất… để ước tính phương án bồi thường + Pháp lý quy hoạch: Lên phương án Quy hoạch Phân khu 1/2000 của Dự án Để ước tính Tổng mức Đầu tư xây dựng Phương án kinh doanh Ước tính tiền sử dụng đất Các nội dung này cần các phòng ban chuyên môn (Pháp lý, Quy hoạch..) làm việc với cơ quan nhà nước/Đối tác để lấy các thông tin và lên phương án đề xuất 3. Về doanh nghiệp: Cần có doanh nghiệp hoặc liên doanh có năng lực để tham gia đấu thầu dự án có quy mô hơn 400 ha, TMĐT hơn 80.000 tỷ 4. Về Đấu thầu: Phòng Pháp lý nghiên cứu quy trình đấu thầu dự án có sử dụng đất theo Luật Đấu thầu 2023, Luật Đất Đai 2024. NĐ 115/2024… các quy định pháp luật hiện hành.",47,có tiềm năng để phát triển Dự án Khu đô thị,có tiềm năng để phát triển dự án khu đô thị,4.000.000 m² (~400.00 ha),4.000.000 m² (~400.00 ha),400 ha,,,TMĐT hơn 80.000 tỷ,,,,,,80.000 tỷ; TMĐT hơn 80.000 tỷ,,,,,"Quy hoạch Phân khu 1/2000 của Dự án Để ước tính Tổng mức Đầu tư xây dựng Phương án kinh doanh Ước tính tiền sử dụng đất Các nội dung này cần các phòng ban chuyên mô; Quy hoạch Phân khu 1/2000 của Dự án Để ước tính Tổng mứ; Quy hoạch Phân khu 1/2000 của Dự án Để ước tính Tổng mức Đầu tư xây dựng Phương án kinh doanh Ước tính tiền sử dụng đất Các nội dung này cần các phòng ban chuyên môn (Pháp lý, Qu",bồi thường + Pháp lý quy hoạch: Lên phương án Quy hoạch Phân khu 1/2000 của Dự án Để ước tính Tổng mứ; bồi thường + Pháp lý quy hoạch: Lên phương án Quy hoạch Phân khu 1/2000 của Dự án Để ước tính Tổng mức Đầu tư xây dựng Phương án kinh doanh Ước tính tiền sử dụng đất Các,"tiền sử dụng đất Các nội dung này cần các phòng ban chuyên mô; tiền sử dụng đất Các nội dung này cần các phòng ban chuyên môn (Pháp lý, Quy hoạch",,batch_232.txt,16,google_mymaps_kml,google_mymaps_kml,,BDS-CURATED-0114,65,35,20,7,17,5,0,B,,project_or_deal,,,review_not_published,held_for_review,narrative_sentence_name,BDS-CURATED-0114; batch_393.txt;,2025-06-03,yes,yes,yes,yes,yes
BDS-MASTER-0180,được chuyển tiếp từ kế hoạch 2025 và có bổ sung thêm những khu đất tiềm năng khác,2,2025-09-29,2025-09-29,batch_232.txt; batch_285.txt,,11.4223625,106.5550679,"11.4223625, 106.5550679",https://www.google.com/maps/d/edit?mid=1GZCfnV4401jtKcup5hFe0KPBOBMYrp4&usp=sharing,", sự phát triển đô thị của một số khu vực, sự ưu tiên của Cơ quan NN trong triển khai đấu giá (phụ lục 2), phòng đầu tư đề xuất nghiên cứu các khu đất trong phạm vi thành phố Biên Hòa, Long Thành và Nhơn Trạch, cụ thể: -",,Biên Hòa,3.290.000 m² (~329.00 ha),TMDV,,"QH phân khu 1/2000, chưa GPMB) - Khu đất khoảng 329 ha (Khu E khu đô thị Long Thành) tại xã Long Thành (Đang lập QH phân khu 1/2000, chưa GPMB) * 2 khu đất thuộc KĐT Long Thành hiện; QH => Dựa vào quy mô và vị trí, P.ĐT đề xuất nghiên cứu sâu khu đất nhà máy giấy Tân Mai (13,2ha) P.Đầu tư đính kèm bản đồ định vị các khu đất đấu giá năm 2026 theo 3 phụ lục (chỉ lọ",,,,,"đấu giá năm 2025. Qua đó nhận thấy có 1 số khu đất được chuyển tiếp từ kế hoạch 2025 và có bổ sung thêm những khu đất tiềm năng khác. Căn cứ vào vị trí, sự phát triển đô thị của một số khu vực, sự ưu tiên của Cơ quan NN trong t; đấu giá (phụ lục 2), phòng đầu tư đề xuất nghiên cứu các khu đất trong phạm vi thành phố Biên Hòa, Long Thành và Nhơn Trạch, cụ thể: - Khu đất khoảng 13,2 ha tại phường Trấn Biên (Khu nhà máy giấy Tân Mai) - Khu đô thị - thương; Đấu giá Q1/2026) - Khu đất 610.5 ha (thuộc khu A+B KĐT Long Thành) xã Bình An, Long Thành (Đang lập QH phân khu 1/2000, chưa GPMB) - Khu đất khoảng 329 ha (Khu E khu đô thị Long Thành) tại xã Long Thành (Đang lập QH phân khu 1/; GPMB) * 2 khu đất thuộc KĐT Long Thành hiện chưa xác định được vị trí do đang điều chỉnh QH => Dựa vào quy mô và vị trí, P.ĐT đề xuất nghiên cứu sâu khu đất nhà máy giấy Tân Mai (13,2ha) P.Đầu tư đính kèm bản đồ đ","chưa GPMB) - Khu đất khoảng 329 ha (Khu E khu đô thị Long Thành) tại xã Long Thành (Đang lập QH phân khu 1/2000, chưa GPMB)",,,,,,,,,,,"đề xuất nghiên cứu các khu đất trong phạm vi thành phố Biên Hòa, Long Thành và Nhơn Trạch, cụ thể: - Khu đất khoảng 13,2 ha tại phường Trấn Biên (Khu nhà máy giấy Tân Mai) - Khu đô thị - thương mại - dịch vụ hỗn hợp (khu vực 1); chưa GPMB) - Khu đất khoảng 329 ha (Khu E khu đô thị Long Thành) tại xã Long Thành (Đang lập QH phân khu 1/2000, chưa GPMB) * 2 khu đất thuộc KĐT Long Thành hiện chưa xác định được vị trí do đang điều chỉnh QH => Dựa vào quy; đề xuất nghiên cứu sâu khu đất nhà máy giấy Tân Mai (13,2ha) P.Đầu tư đính kèm bản đồ định vị các khu đất đấu giá năm 2026 theo 3 phụ lục (chỉ lọc những khu đất có chức năng ODT, TMDV) và file ppt trình bày khu đất ưu tiên tiềm","đề xuất nghiên cứu các khu đất trong phạm vi thành phố Biên Hòa, Long Thành và Nhơn Trạch, cụ thể: - Khu đất khoảng 13,2 ha tại phường Trấn Biên (Khu nhà máy giấy Tân Mai) - Khu đô thị -; đề xuất nghiên cứu sâu khu đất nhà máy giấy Tân Mai (13,2ha) P.Đầu tư đính kèm bản đồ định vị các khu đất đấu giá năm 2026 theo 3 phụ lục (chỉ lọc những khu đất có chức năng ODT, TMDV) và",pt trình bày khu đất ưu tiên tiềm năng https://www.google.com/maps/d/edit?mid=1GZCfnV4401jtKcup5hFe0KPBOBMYrp4&usp=sharing 2026.01.06 Khu dat dau gia quan tam 1.pptx; DANH SACH DƯ AN DAU GIA TẠI DONG NAI 25-26 1.xlsx,"[] P.ĐT đã so sánh đối chiếu danh sách từ 3 phụ lục trên với danh sách đấu giá năm 2025. Qua đó nhận thấy có 1 số khu đất được chuyển tiếp từ kế hoạch 2025 và có bổ sung thêm những khu đất tiềm năng khác. Căn cứ vào vị trí, sự phát triển đô thị của một số khu vực, sự ưu tiên của Cơ quan NN trong triển khai đấu giá (phụ lục 2), phòng đầu tư đề xuất nghiên cứu các khu đất trong phạm vi thành phố Biên Hòa, Long Thành và Nhơn Trạch, cụ thể: - Khu đất khoảng 13,2 ha tại phường Trấn Biên (Khu nhà máy giấy Tân Mai) - Khu đô thị - thương mại - dịch vụ hỗn hợp (khu vực 1) khoảng 51,65 ha tại phường Trấn Biên (Đấu giá Q1/2026) - Khu đất 610.5 ha (thuộc khu A+B KĐT Long Thành) xã Bình An, Long Thành (Đang lập QH phân khu 1/2000, chưa GPMB) - Khu đất khoảng 329 ha (Khu E khu đô thị Long Thành) tại xã Long Thành (Đang lập QH phân khu 1/2000, chưa GPMB) * 2 khu đất thuộc KĐT Long Thành hiện chưa xác định được vị trí do đang điều chỉnh QH => Dựa vào quy mô và vị trí, P.ĐT đề xuất nghiên cứu sâu khu đất nhà máy giấy Tân Mai (13,2ha) P.Đầu tư đính kèm bản đồ định vị các khu đất đấu giá năm 2026 theo 3 phụ lục (chỉ lọc những khu đất có chức năng ODT, TMDV) và file ppt trình bày khu đất ưu tiên tiềm năn

---

[] P.ĐT đã so sánh đối chiếu danh sách từ 3 phụ lục trên với danh sách đấu giá năm 2025. Qua đó nhận thấy có 1 số khu đất được chuyển tiếp từ kế hoạch 2025 và có bổ sung thêm những khu đất tiềm năng khác. Căn cứ vào vị trí, sự phát triển đô thị của một số khu vực, sự ưu tiên của Cơ quan NN trong triển khai đấu giá (phụ lục 2), phòng đầu tư đề xuất nghiên cứu các khu đất trong phạm vi thành phố Biên Hòa, Long Thành và Nhơn Trạch, cụ thể: - Khu đất khoảng 13,2 ha tại phường Trấn Biên (Khu nhà máy giấy Tân Mai) - Khu đô thị - thương mại - dịch vụ hỗn hợp (khu vực 1) khoảng 51,65 ha tại phường Trấn Biên (Đấu giá Q1/2026) - Khu đất 610.5 ha",47,được chuyển tiếp từ kế hoạch 2025 và có bổ sung thêm những khu đất tiềm năng khác,được chuyển tiếp từ kế hoạch 2025 và có bổ sung thêm những khu đất tiềm năng khác,3.290.000 m² (~329.00 ha),3.290.000 m² (~329.00 ha),329 ha,"13,2ha; 51,65 ha; 610.5 ha",,,,,,,,,,,,,"1/2000, chưa GPMB) - Khu đất khoảng 329 ha (Khu E khu đô thị Long Thành) tại xã Long Thành (Đang lập QH phân khu 1/2000, chưa GPMB) * 2 khu đất thuộc KĐT Long Thành h; 1/2000, chưa GPMB) - Khu đất khoảng 329 ha (Khu E khu đô thị Long Thành) tại xã Long Thành (Đang lập QH phân khu 1/; 1/2000, chưa GPMB) [] P","GPMB) - Khu đất khoảng 329 ha (Khu E khu đô thị Long Thành) tại xã Long Thành (Đang lập QH phân khu 1/2000, chưa GPMB) * 2 khu đất thuộc KĐT Long Thành hiện; GPMB) - Khu đất khoảng 329 ha (Khu E khu đô thị Long Thành) tại xã Long Thành (Đang lập QH phân khu 1/; GPMB) * 2 khu đất thuộc KĐT Long Thành hiện chưa xác định được vị trí do đang điều chỉnh QH => Dựa vào quy mô và vị trí, P; GPMB) - Khu đất khoảng 329 ha (Khu E khu đô thị Long Thành) tại xã Long Thành (Đang lập QH phân khu 1/2000, chưa GPMB) [] P; GPMB) - Khu đất khoảng 329 ha (Khu E khu đô thị Long Thành) tại xã Long Thành (Đang lập QH phân khu 1/2000, chưa GPMB) * 2 khu đất thuộc KĐT Long Thành hiện chưa xá",,"đấu giá năm 2026 theo 3 phụ lục (chỉ lọ đấu giá năm 2025; đấu giá (phụ lục 2), phòng đầu tư đề xuất nghiên cứu các khu đất trong phạm vi thành phố Biên Hòa, Long Thành và Nhơn Trạch, cụ thể: - Khu đất khoảng 13,2 ha tại phường Trấn Biên (Khu nhà; Đấu giá Q1/2026) - Khu đất 610; đấu giá năm 2025; đấu giá năm 2026 theo 3 phụ lục (chỉ lọc những khu đất có chức năng ODT, TMDV) và file ppt trình bày khu đất ưu tiên tiềm năn --- [] P",batch_232.txt,85,google_mymaps_kml,google_mymaps_kml,,BDS-CURATED-0123,61,35,25,7,18,0,7,B,Thiếu tài chính,project_or_deal,,,review_not_published,held_for_review,narrative_sentence_name; report_or_scenario_subject,BDS-CURATED-0123; batch_232.txt; batch_285.txt;,2025-09-29,yes,yes,yes,yes,no
BDS-MASTER-0206,được tính tiền sử dụng đất theo phương pháp thặng dự,3,2024-10-07,2024-10-07,batch_634.txt; batch_689.txt; batch_690.txt,Sinh Nguyen-Dau Tu,11.2642452,106.6299351,"11.2642452, 106.6299351",https://maps.app.goo.gl/s62kTxdTsTQvQHDJ9,,TP.HCM,,,căn hộ,,,,,,,"tiền sử dụng đất theo phương pháp thặng dự: Hiện tại dự án chưa có quyết định giao đất. Khi có quyết định giao đất thì nghĩa vụ tài chính thức hiện theo thời điểm giao đất. Trong báo cáo đang giả định thời điểm giao đất là năm 2024 Cơ s; tiền sử dụng đất, căn cứ Quyết định số 37/2024/QĐ-UBND ngày 01/07/2024 về quy định cụ thể các yếu tố hình thành doanh thu và chi phí theo phương pháp thặng dư trên địa bàn TP.HCM Tiền sử dụng đất (tính theo phương pháp thặng dự) cao, ch; Tiền sử dụng đất tạm tính khoảng 300 tỷ ạ.; tiền sử dụng đất theo phương pháp thặng dự: Hiện tại dự án chưa có quyết định giao đất. Khi có quyết định giao đất thì nghĩa vụ tài chính thức hiện theo thời điểm giao đất. Trong báo c",chưa có quyết định giao đất. Khi có quyết định giao đất thì nghĩa vụ tài chính thức hiện theo thời điểm giao đất. Trong báo,,300 tỷ,"Đơn giá bán tạm tính khoảng 34,4tr/m² (chưa VAT) -> Vì vậy, Tiền sử dụng đất tạm tính khoảng 300 tỷ","Tiền sử dụng đất tạm tính khoảng 300 tỷ; tiền sử dụng đất, căn cứ Quyết định số 37; Tiền sử dụng đất (tính theo phương pháp thặng dự) cao, chủ yếu là --- [2024",,"Doanh thu bán đất, dự án tạm tính theo giá bán khu dân cư Bình Điền bên cạnh. Đơn giá bán tạm tính khoảng 60t; Doanh thu bán căn hộ, dự án tạm tính theo giá bán thực tế West Gate đang mở bán theo thị trường. Đơn giá bán tạm tính khoảng 34,4t",,,,,"chưa có quyết định giao đất. Khi có quyết định giao đất thì nghĩa vụ tài chính thức hiện theo thời điểm giao đất. Trong báo cáo đang giả định thời điểm giao đất là năm 2024 Cơ sở tính toán tiền sử dụng đất, căn cứ Quyết định; chưa VAT) + Doanh thu bán căn hộ, dự án tạm tính theo giá bán thực tế West Gate đang mở bán theo thị trường. Đơn giá bán tạm tính khoảng 34,4tr/m² (chưa VAT) -> Vì vậy, Tiền sử dụng đất tạm tính khoảng 300 tỷ ạ.; chưa có quyết định giao đất. Khi có quyết định giao đất thì nghĩa vụ tài chính thức hiện theo thời điểm giao đất. Trong báo c",,,"[2024-10-07] Sinh Nguyen-Dau Tu 10/7/2024 11:25 AM Edited Translate Dự án được tính tiền sử dụng đất theo phương pháp thặng dự: Hiện tại dự án chưa có quyết định giao đất. Khi có quyết định giao đất thì nghĩa vụ tài chính thức hiện theo thời điểm giao đất. Trong báo cáo đang giả định thời điểm giao đất là năm 2024 Cơ sở tính toán tiền sử dụng đất, căn cứ Quyết định số 37/2024/QĐ-UBND ngày 01/07/2024 về quy định cụ thể các yếu tố hình thành doanh thu và chi phí theo phương pháp thặng dư trên địa bàn TP.HCM Tiền sử dụng đất (tính theo phương pháp thặng dự) cao, chủ yếu là do doanh thu phát triển dự án tăng, trong khi đó các yếu tố chi phí phát triển được cố định theo QĐ 37. Doanh thu được hình thành từ viêc bán đất và căn hộ; Giá bán này nhà nước sẽ căn cứ theo giá bán của khu vực + Doanh thu bán đất, dự án tạm tính theo giá bán khu dân cư Bình Điền bên cạnh. Đơn giá bán tạm tính khoảng 60tr/m² (chưa VAT) + Doanh thu bán căn hộ, dự án tạm tính theo giá bán thực tế West Gate đang mở bán theo thị trường. Đơn giá bán tạm tính khoảng 34,4tr/m² (chưa VAT) -> Vì vậy, Tiền sử dụng đất tạm tính khoảng 300 tỷ ạ.

---

[2024-10-07] Sinh Nguyen-Dau Tu 10/7/2024 11:25 AM Edited Translate Dự án được tính tiền sử dụng đất theo phương pháp thặng dự: Hiện tại dự án chưa có quyết định giao đất. Khi có quyết định giao đất thì nghĩa vụ tài chính thức hiện theo thời điểm giao đất. Trong báo cáo đang giả định thời điểm giao đất là năm 2024 Cơ sở tính toán tiền sử dụng đất, căn cứ Quyết định số 37/2024/QĐ-UBND ngày 01/07/2024 về quy định cụ thể các yếu tố hình thành doanh thu và chi phí theo phương pháp thặng dư trên địa bàn TP.HCM Tiền sử dụng đất (tính theo phương pháp thặng dự) cao, chủ yếu là

---

[2024-10-07] Sinh Nguyen-Dau Tu 10/7/2024 11:25 AM Edited Translate Dự án được tính tiền sử dụng đất theo phương pháp thặng dự: Hiện tại dự án chưa có quyết định giao đất. Khi có quyết định giao đất thì nghĩa vụ tài chính thức hiện theo thời điểm giao đất. Trong báo c",41,được tính tiền sử dụng đất theo phương pháp thặng dự,được tính tiền sử dụng đất theo phương pháp thặng dự,,,,,,,,,,,,"300 tỷ; Đơn giá bán tạm tính khoảng 34,4tr/m² (chưa VAT) -> Vì vậy, Tiền sử dụng đất tạm tính khoảng 300 tỷ; Tiền sử dụng đất tạm tính khoảng 300 tỷ; tiền sử dụng đất, căn cứ Quyết định số 37; Tiền sử dụng đất (tính theo phương pháp thặng dự) cao, chủ yếu là --- [2024; Doanh thu bán đất, dự án tạm tính theo giá bán khu dân cư Bình Điền bên cạnh. Đơn giá bán tạm tính khoảng 60t; Doanh thu bán căn hộ, dự án tạm tính theo giá bán thực tế West Gate đang mở bán theo thị trường. Đơn giá bán tạm tính khoảng 34,4t",,,,,,,"tiền sử dụng đất theo phương pháp thặng dự: Hiện tại dự án chưa có quyết định giao đất; nghĩa vụ tài chính thức hiện theo thời điểm giao đất; tiền sử dụng đất, căn cứ Quyết định số 37/2024/QĐ-UBND ngày 01/07/2024 về quy định cụ thể các yếu tố hình thành doanh thu và chi phí theo phương pháp thặng dư trên địa bàn TP; Tiền sử dụng đất (tính theo phương pháp thặng dự) cao, ch; Tiền sử dụng đất tạm tính khoảng 300 tỷ ạ; Tiền sử dụng đất (tính theo phương pháp thặng dự) cao, chủ yếu là do doanh thu phát triển dự án tăng, trong khi đó các yếu tố chi phí phát triển được cố định theo QĐ 37; Tiền sử dụng đất (tính theo phương pháp thặng dự) cao, chủ yếu là --- [2024-10-07] Sinh Nguyen-Dau Tu 10/7/2024 11:25 AM Edited Translate Dự án được tính tiền sử dụng đất theo phương pháp thặng dự","quyết định giao đất; quyết định giao đất thì nghĩa vụ tài chính thức hiện theo thời điểm giao đất; giao đất là năm 2024 Cơ s; Quyết định số 37/2024/QĐ-UBND ngày 01/07/2024 về quy định cụ thể các yếu tố hình thành doanh thu và chi phí theo phương pháp thặng dư trên địa bàn TP; giao đất là năm 2024 Cơ sở tính toán tiền sử dụng đất, căn cứ Quyết định số 37/2024/QĐ-UBND ngày 01/07/2024 về quy định cụ thể các yếu tố hình thành doanh thu và chi phí theo phương pháp t",batch_634.txt,40,matched_teams_map_link,matched_teams_map_link,,BDS-CURATED-0142,58,35,17,0,19,5,4,C,Thiếu diện tích đất; Thiếu quy hoạch,project_or_deal,,,review_not_published,held_for_review,narrative_sentence_name,BDS-CURATED-0142; batch_634.txt; batch_689.txt; batch_690.txt;,2024-10-07,yes,no,no,yes,yes
BDS-MASTER-0161,"Khu đất Ngô Chí Quốc, Bình Chiểu, Thủ Đức",4,2023-08-03,2023-08-03,batch_188.txt; batch_235.txt; batch_236.txt; batch_785.txt,Thao L - INVT,10.8868153,106.7156351,"10.8868153, 106.7156351",https://goo.gl/maps/Empzn8zwhyULFrqV8,"và hiện trạng: a. Vị trí: - Vị trí: Khu đất nằm trên mặt tiền đường Ngô Chí Quốc, Bình Chiểu, Thủ Đức, TPHCM. - Link map: https://goo.gl/maps/Empzn8zwhyULFrqV8 - Khu đất có vị trí nằm trong phần địa giới TP.HCM giáp ranh",TPHCM,Thủ Đức,4.000 m²,văn phòng,,"quy hoạch Vành Đai 2 khoảng 3Km. + Cách Quốc lộ 13 khoảng 2Km. + Cách Dự án Phú Quang một con rạch. + Đối diện Khu chế xuất Linh Trung 2. + Cách khu nghĩa trang Gò Đình khoảng 400m. b. Hiện; Quy hoạch và mục tiêu đề xuất: a. Quy hoạch: - Theo QH 1/10.000 (được Mr. Duy cung cấp): Khu đất nghiên cứu được quy hoạch là ĐẤT KHU ĐÔ THỊ HỖN HỢP CẢI TẠO CHỈNH TRANG HOẶC TÁI PHÁT TRIỂN; QH 1/2.000 khu đất phía trên được quy hoạch chi tiết gồm 03 ô nhỏ I.12, I.28 và I.33, trong đó: + I.12 được quy hoạch là Đất nhóm nhà ở quy hoạch giai đoạn ngắn hạn (Đất nhóm nhà ở h; Tầng cao tối đa: 30 tầng; HSSDĐ: 7 lần và Dân số: 500 người. + I.28 được quy hoạch là Đất giáo dục – Đất trường mầm non có Diện tích 0,4ha. + I.33 được quy hoạch là Đất cây xanh mặt nước s; quy hoạch trên, K.ĐT đề xuất chỉ gom đất trọn ô trọn I.12 được quy hoạch là đất ở theo Ranh dự án đề xuất bên dưới. Tổng diện tích đất cầ; quy ho",Tầng cao tối đa: 30 tầng,HSSDĐ: 7,MĐXD tối đa: 50%,Dân số: 500,,,,,,,,,,,,,"đề xuất: a. Quy hoạch: - Theo QH 1/10.000 (được Mr. Duy cung cấp): Khu đất nghiên cứu được quy hoạch là ĐẤT KHU ĐÔ THỊ HỖN HỢP CẢI TẠO CHỈNH TRANG HOẶC TÁI PHÁT TRIỂN – CÓ THỂ BAO GỒM CÁC KHU VỰC PHÁT TRIỂN MỚI (có thể sử dụng; đề xuất: - Với thông tin quy hoạch trên, K.ĐT đề xuất chỉ gom đất trọn ô trọn I.12 được quy hoạch là đất ở theo Ranh dự án đề xuất bên dưới. Tổng diện tích đất cầ; đề xuất: - Với thông tin quy hoạch trên, K.ĐT đề xuất chỉ gom đất trọn ô trọn I.12 được quy hoạch là đất ở theo Ranh dự án đề xuất bên dưới. Tổng diện tích đất c","đề xuất: a. Quy hoạch: - Theo QH 1/10.000 (được Mr. Duy cung cấp): Khu đất nghiên cứu được quy hoạch là ĐẤT KHU ĐÔ THỊ HỖN HỢP CẢI TẠO CHỈNH TRANG HOẶC TÁI PHÁT TRIỂN – CÓ THỂ BAO GỒM CÁC; đề xuất: - Với thông tin quy hoạch trên, K.ĐT đề xuất chỉ gom đất trọn ô trọn I.12 được quy hoạch là đất ở theo Ranh dự án đề xuất bên dưới. Tổng diện tích đất cầ; đề xuất: - Với thông tin quy hoạch trên, K.ĐT đề xuất chỉ gom đất trọn ô trọn I.12 được quy hoạch là đất ở theo Ranh dự án đề xuất bên dưới. Tổng diện tích đất c",,"[2023-08-03] Thao L - INVT 8/3/2023 2:18 PM Edited K.ĐT gửi anh Tuan Tran-CEO báo cáo dự án đường Ngô Chí Quốc, Bình Chiểu, Thủ Đức – nguồn Mr. Duy như sau: 1. THÔNG TIN KHU ĐẤT 1.1. Vị trí và hiện trạng: a. Vị trí: - Vị trí: Khu đất nằm trên mặt tiền đường Ngô Chí Quốc, Bình Chiểu, Thủ Đức, TPHCM. - Link map: https://goo.gl/maps/Empzn8zwhyULFrqV8 - Khu đất có vị trí nằm trong phần địa giới TP.HCM giáp ranh tỉnh Bình Dương: + Cách nút giao Gò Dưa và đường quy hoạch Vành Đai 2 khoảng 3Km. + Cách Quốc lộ 13 khoảng 2Km. + Cách Dự án Phú Quang một con rạch. + Đối diện Khu chế xuất Linh Trung 2. + Cách khu nghĩa trang Gò Đình khoảng 400m. b. Hiện trạng: Đa phần là đất lúa và đất vườn. 1.2. Quy hoạch và mục tiêu đề xuất: a. Quy hoạch: - Theo QH 1/10.000 (được Mr. Duy cung cấp): Khu đất nghiên cứu được quy hoạch là ĐẤT KHU ĐÔ THỊ HỖN HỢP CẢI TẠO CHỈNH TRANG HOẶC TÁI PHÁT TRIỂN – CÓ THỂ BAO GỒM CÁC KHU VỰC PHÁT TRIỂN MỚI (có thể sử dụng cho một hoặc nhiều trong số các chức năng: nhà ở, dịch vụ, CTCC, sản xuất gạch, giáo dục chuyên nghiệp, cơ quan hành chính, văn phòng, tôn giáo, cây xanh đô thị, hạ tầng đô thị,… không gây ô nghiễm môi trường): - Theo QH 1/2.000 khu đất phía trên được quy hoạch chi tiết

---

[] Thao L - INVT 3/23 11:45 AM Translate K.ĐT gửi lại anh Admin 01 báo cáo dự án đường Ngô Chí Quốc, Bình Chiểu, Thủ Đức – nguồn Mr. Duy như sau: 1. THÔNG TIN KHU ĐẤT 1.1. Vị trí và hiện trạng: a. Vị trí: - Vị trí: Khu đất nằm trên mặt tiền đường Ngô Chí Quốc, Bình Chiểu, Thủ Đức, TPHCM. - Link map: https://goo.gl/maps/Empzn8zwhyULFrqV8 - Khu đất có vị trí nằm trong phần địa giới TP.HCM giáp ranh tỉnh Bình Dương: + Cách nút giao Gò Dưa và đường quy hoạch Vành Đai 2 khoảng 3Km. + Cách Quốc lộ 13 khoảng 2Km. + Cách Dự án Phú Quang một con rạch. + Đối diện Khu chế xuất Linh Trung 2. + Cách khu nghĩa trang Gò Đình khoảng 400m. b. Hiện trạng: Đa phần là đất lúa và đất vườn. 1.2. Quy hoạch và mục tiêu đề xuất: a. Quy hoạch: - Theo QH 1/10.000 (được Mr. Duy cung cấp): Khu đất nghiên cứu được quy hoạch là ĐẤT KHU ĐÔ THỊ HỖN HỢP CẢI TẠO CHỈNH TRANG HOẶC TÁI PHÁT TRIỂN – CÓ THỂ BAO GỒM CÁC KHU VỰC PHÁT TRIỂN MỚI (có thể sử dụng cho một hoặc nhiều trong số các chức năng: nhà ở, dịch vụ, CTCC, sản xuất gạch, giáo dục chuyên nghiệp, cơ quan hành chính, văn phòng, tôn giáo, cây xanh đô thị, hạ tầng đô thị,… không gây ô nghiễm môi trường): - Theo QH 1/2.000 khu đất phía trên được quy hoạch chi tiết 

---

[] Thao L - INVT 3/23 11:45 AM Translate K.ĐT gửi lại anh Admin 01 báo cáo dự án đường Ngô Chí Quốc, Bình Chiểu, Thủ Đức – nguồn Mr. Duy như sau: 1. THÔNG TIN KHU ĐẤT 1.1. Vị trí và hiện trạng: a. Vị trí: - Vị trí: Khu đất nằm trên mặt tiền đường Ngô Chí Quốc, Bình Chiểu, Thủ Đức, TPHCM. - Link map: https://goo.gl/maps/Empzn8zwhyULFrqV8 - Khu đất có vị trí nằm trong phần địa giới TP.HCM giáp ranh tỉnh Bình Dương: + Cách nút giao Gò Dưa và đường quy hoạch Vành",47,Khu đất Ngô Chí Quốc Bình Chiểu Thủ Đức,"khu đất ngô chí quốc, bình chiểu, thủ đức",4.000 m²,4.000 m²,"0,4ha",,,,,,,,,,HSSDĐ: 7,Tầng cao tối đa: 30 tầng,Dân số: 500,MĐXD tối đa: 50%,,,,,batch_188.txt,29,matched_teams_map_link,matched_teams_map_link,,BDS-CURATED-0107,57,35,25,16,0,0,0,C,Thiếu pháp lý; Thiếu tài chính,project_or_deal,,,review_not_published,held_for_review,insufficient_project_evidence,BDS-CURATED-0107; batch_188.txt; batch_235.txt; batch_236.txt; batch_785.txt;,2023-08-03,yes,yes,yes,no,no
BDS-MASTER-0221,THEO PHƯƠNG ÁN KINH DOANH ANH CƯỜNG – TMĐT Ko bao gồm ĐẤT Kết quả kinh doanh – PA vận hành 15 năm + GOP bình q,2,2025-10-07,2025-10-07,batch_220.txt; batch_283.txt,,10.8195551,106.702349,"10.8195551, 106.702349",https://www.google.com/maps/d/edit?mid=1Fl7DvT-DOnJvyHZ0Oq5v-nUadBLGHFo&usp=sharing,,Đà Nẵng,,1.381 m²,TMĐT,,,,,,,,,,"350 triệu/m2; 656 tỷ; 1.148 tỷ; 350 Triệu/m2; 2,5 tỷ",,,Tổng mức đầu tư ko bao gồm đất: 656 tỷ; Tổng mức đầu tư bao gồm đất: 1.148 tỷ,,,"IRR kỳ vọng 12%; IRR dòng tiền vận hành 15 năm: 19,97%; IRR dòng tiền vận hành 15 năm: 9,22%",,,"LƯU Ý: Đ/v Trường hợp tính toán hiệu quả TMĐT bao gồm đất,",,,"[] Phòng đầu tư trích thêm các chi phí sau: phí quản lý 4%/Rev; Phí nâng cấp cải tạo 2%/Rev mỗi năm trích vào năm 7 và 2%/Rev mỗi năm trích vào năm 15. Diện tích đất: 1.381 m2 thời gian sử dụng 50 năm đến 17/03/2061 Đơn giá đất tạm tính: 350 triệu/m2 Tổng mức đầu tư ko bao gồm đất: 656 tỷ đồng bao gồm VAT và lãi vay Tổng mức đầu tư bao gồm đất: 1.148 tỷ đồng bao gồm VAT 2/ Hiệu quả tài chính dự án THEO PHƯƠNG ÁN KINH DOANH ANH CƯỜNG – TMĐT Ko bao gồm ĐẤT Kết quả kinh doanh – PA vận hành 15 năm + GOP bình quân mỗi năm: 51,4% + EBITDA/Rev bình quân mỗi năm: 45,3% Dòng tiền dự án – PA vận hành 15 năm + IRR dòng tiền vận hành 15 năm: 19,97% Kịch bản độ nhạy THEO PHƯƠNG ÁN KINH DOANH ANH CƯỜNG – TMĐT bao gồm ĐẤT Kết quả kinh doanh – PA vận hành 15 năm + GOP bình quân mỗi năm: 51,4% + EBITDA/Rev bình quân mỗi năm: 45,3% Dòng tiền dự án - Vận hành 15 năm + IRR dòng tiền vận hành 15 năm: 9,22% Kịch bản độ nhạy 2 chiều Sau khi tính toán hiệu quả theo PA Kinh doanh A.Cường. P.ĐT có xem số liệu hệ thống Khách sạn Đà Nẵng tại Tập đoàn. Trong đó, Khách sạn Yarra kinh doanh hiệu quả nhất với GOP đạt 40% và EBITDA/Rev đạt 36% nên P.ĐT có tính toán thêm một PA thận trọng với GOP mỗi năm đạt 40%. THEO

---

[] Phòng đầu tư trích thêm các chi phí sau: phí quản lý 4%/Rev; Phí nâng cấp cải tạo 2%/Rev mỗi năm trích vào năm 7 và 2%/Rev mỗi năm trích vào năm 15. Diện tích đất: 1.381 m2 thời gian sử dụng 50 năm đến 17/03/2061 Đơn giá đất tạm tính: 350 triệu/m2 Tổng mức đầu tư ko bao gồm đất: 656 tỷ đồng bao gồm VAT và lãi vay Tổng mức đầu tư bao gồm đất: 1.148 tỷ đồng bao gồm VAT 2/ Hiệu quả tài chính dự án THEO PHƯƠNG ÁN KINH DOANH ANH CƯỜNG – TMĐT Ko bao gồm ĐẤT Kết quả kinh doanh – PA vận hành 15 năm + GOP bình quân mỗi năm: 51,4% + EBITDA/Rev bình quân mỗi năm: 45,3% Dòng tiền dự án – PA vận hành 15 năm + IRR dòng tiền vận hành 15 năm: 19,97% Kịch bản độ nh",35,THEO PHƯƠNG ÁN KINH DOANH ANH CƯỜNG – TMĐT Ko bao gồm ĐẤT Kết quả kinh doanh – PA vận hành 15 năm + GOP bình q,theo phương án kinh doanh anh cường tmđt ko bao gồm đất kết quả kinh doanh pa vận hành 15 năm gop bình q,1.381 m²,1.381 m²,1.381 m2,,,Tổng mức đầu tư ko bao gồm đất: 656 tỷ; Tổng mức đầu tư bao gồm đất: 1.148 tỷ,,,"IRR kỳ vọng 12%; IRR dòng tiền vận hành 15 năm: 19,97%; IRR dòng tiền vận hành 15 năm: 9,22%",,,"350 triệu/m2; 656 tỷ; 1.148 tỷ; 350 Triệu/m2; 2,5 tỷ; Tổng mức đầu tư ko bao gồm đất: 656 tỷ; Tổng mức đầu tư bao gồm đất: 1.148 tỷ; IRR kỳ vọng 12%; IRR dòng tiền vận hành 15 năm: 19,97%; IRR dòng tiền vận hành 15 năm: 9,22%",,,,,,,,,batch_283.txt,48,google_mymaps_kml,google_mymaps_kml,,BDS-CURATED-0151,54,35,25,0,0,10,0,C,Thiếu pháp lý; Thiếu quy hoạch,project_or_deal,,,review_not_published,held_for_review,name_missing_or_sentence; chat_or_attachment_subject; report_or_scenario_subject,BDS-CURATED-0151; batch_220.txt; batch_283.txt;,2025-10-07,yes,yes,no,no,yes
BDS-MASTER-0255,chỉ mới trong giai đoạn pháp lý đền bù GPMB thì được xem là quỹ đất và được định giá lại theo phương thức giá,2,2025-05-06,2025-05-06,batch_423.txt; batch_450.txt,,10.696269,106.613762,"10.696269, 106.613762",https://goo.gl/maps/XXMLm2Ebm5FEFwig7,"trụ sở: 36 Nguyễn Thái Học, P.7, Tp.Vũng Tàu - Thị giá cổ phiếu (07/05/2025): 23.400 đồng/cp - Số lượng cổ phiếu lưu hành: 178.354.966 cổ phần b. Các giả định trong bài tính - Đối với dự án chỉ mới trong giai đoạn pháp l",Bà Rịa – Vũng Tàu - Vị trí trụ sở: 36 Nguyễn Thái Học,,56.300 m² (~5.63 ha),,ất. - Giá trị ghi nhận khoản mục chi phí đầu tư xây dựng và phát triển dự án trong hàng tồn kho là chi phí đã đầu tư tương ứng với diện tích đã bồi thường GPMB/,,,,,,"pháp lý đền bù GPMB thì được xem là quỹ đất và được định giá lại theo phương thức giá trị thị trường của loại đất lúa/CLN/HNK tùy vào địa hình quỹ đất. - Giá trị ghi nhận khoản mục chi phí đầu tư xây dựng và phát triển dự án tr; GPMB/đã hoàn thành nhận chuyển nhượng được công bố trong bản cáo bạch/BCTC/BCTN. - Đối với các dự án đã triển khai GPMB, xây dựng và bán hàng 1 phần hoặc toàn bộ => tạm ghi nhận giá trị trong BCTC (hàng tồn kho và phải thu).; pháp lý đất, xây dựng, bán hàng) - Đối với dự án đồi Ngọc Tước, theo thông tin được cung cấp từ Anh Trung hiện dự án đang phải xử lý phần đất thuộc quản lý cơ quan Nhà nước nên chưa thể tiếp tục triển khai. Ngoài ra trên BCTC t; pháp lý đất, xây dựng, bán hàng) c. Các dự án được xác định lại giá trị: - KĐT Bắc Vũng Tàu (Solar City): 90,5ha (đã đền bù 13.83ha) + Giá trước khi điều chỉnh: 242,65 tỷ + Giá trị sau điều chỉnh: 760,65 tỷ (tham chi",pháp lý đền bù GPMB thì được xem là quỹ đất và được định giá lại theo phương thức giá t,,"928,94 tỷ; 885,26 tỷ; 814,2 tỷ; 214,6 tỷ; 242,65 tỷ; 760,65 tỷ; 8tr/m2; 148,57 tỷ; 1.050 tỷ; 871,7 tỷ; 222,8 tỷ; 233,65 tỷ; 372,1 tỷ; 405,6 tỷ; 908,95 tỷ; 539,32 tỷ; 448,28 tỷ; 041,31 tỷ; 950,26 tỷ",,,,,,,,,chưa thể tiếp tục triển khai. Ngoài ra trên BCTC từ năm 2024 đến nay của HDC không ghi nhận thông tin phản ánh giá vốn của dự án. Do đó P.ĐT sẽ loại trừ dự án này khỏi danh mục dự án định giá lại tài sản. c. Các dự án được x,"cần tìm hiểu chi tiết hiện trạng dự án (pháp lý đất, xây dựng, bán hàng) - Đối với dự án đồi Ngọc Tước, theo thông tin được cung cấp từ Anh Trung hiện dự án đang phải xử lý phần đất t; tiếp tục triển khai. Ngoài ra trên BCTC từ năm 2024 đến nay của HDC không ghi nhận thông tin phản ánh giá vốn của dự án. Do đó P.ĐT sẽ loại trừ dự án này khỏi danh mục dự án định giá lại t; cần tìm hiểu chi tiết hiện trạng dự án (pháp lý đất, xây dựng, bán hàng) c. Các dự án được xác định lại giá trị: - KĐT Bắc Vũng Tàu (Solar City): 90,5ha (đã đền bù 13.83ha) + Giá trướ",,"[] Báo cáo anh Mr Mike1 -CEO, Phòng Đầu tư xin báo cáo tóm tắt định giá sơ bộ công ty HDC Tương tự DIG, đối với HDC cũng sẽ áp dụng phương pháp đánh giá tài sản sòng bằng việc xác định lại giá trị của các dự án/quỹ đất của HDC được ghi nhận trên BCTC a. Thông tin Công ty: - Tên công ty: Công ty Cổ phần Phát triển Nhà Bà Rịa – Vũng Tàu - Vị trí trụ sở: 36 Nguyễn Thái Học, P.7, Tp.Vũng Tàu - Thị giá cổ phiếu (07/05/2025): 23.400 đồng/cp - Số lượng cổ phiếu lưu hành: 178.354.966 cổ phần b. Các giả định trong bài tính - Đối với dự án chỉ mới trong giai đoạn pháp lý đền bù GPMB thì được xem là quỹ đất và được định giá lại theo phương thức giá trị thị trường của loại đất lúa/CLN/HNK tùy vào địa hình quỹ đất. - Giá trị ghi nhận khoản mục chi phí đầu tư xây dựng và phát triển dự án trong hàng tồn kho là chi phí đã đầu tư tương ứng với diện tích đã bồi thường GPMB/đã hoàn thành nhận chuyển nhượng được công bố trong bản cáo bạch/BCTC/BCTN. - Đối với các dự án đã triển khai GPMB, xây dựng và bán hàng 1 phần hoặc toàn bộ => tạm ghi nhận giá trị trong BCTC (hàng tồn kho và phải thu). Để xác định giá trị hiện tại cần tìm hiểu chi tiết hiện trạng dự án (pháp lý đất, xây dựng, bán hàng) - Đối với dự 

---

[] Báo cáo anh Mr Mike1 -CEO , Phòng Đầu tư xin báo cáo tóm tắt định giá sơ bộ công ty DIG Do đặc thù DIG là công ty BĐS, phương pháp đánh giá tài sản sòng bằng việc xác định lại giá trị của các dự án/quỹ đất của DIG được ghi nhận trên BCTC sẽ đảm bảo phù hợp giá trị công ty a. Thông tin Công ty: - Tên công ty: Tổng công ty Cổ phần Đầu tư Phát triển Xây Dựng - Vị trí trụ sở: 15 Thi Sách, P.Thắng Tam, Tp.Vũng Tàu - Thị giá cổ phiếu (18/04/2025): 15.650 đồng/cp - Số lượng cổ phiếu lưu hành: 609.581.995 cổ phần b. Các giả định trong bài tính - Đối với dự án chỉ mới trong giai đoạn pháp lý đền bù GPMB thì được xem là quỹ đất và được định giá lại theo phương thức giá trị thị trường của loại đất lúa/CLN/HNK tùy vào địa hình quỹ đất. - Giá trị ghi nhận khoản mục chi phí đầu tư xây dựng và phát triển dự án trong hàng tồn kho là chi phí đã đầu tư tương ứng với diện tích đã bồi thường GPMB/đã hoàn thành nhận chuyển nhượng được công bố trong bản cáo bạch/BCTC/BCTN. - Đối với các dự án đã triển khai GPMB, xây dựng và bán hàng 1 phần hoặc toàn bộ => tạm ghi nhận giá trị trong BCTC (hàng tồn kho và phải thu). Để xác định giá trị hiện tại cần tìm hiểu chi tiết hiện trạng dự án (pháp lý đất, xây dựng",29,chỉ mới trong giai đoạn pháp lý đền bù GPMB thì được xem là quỹ đất và được định giá lại theo phương thức giá,chỉ mới trong giai đoạn pháp lý đền bù gpmb thì được xem là quỹ đất và được định giá lại theo phương thức giá,56.300 m² (~5.63 ha),56.300 m² (~5.63 ha),5.63 ha,,,,,,,,,"928,94 tỷ; 885,26 tỷ; 814,2 tỷ; 214,6 tỷ; 242,65 tỷ; 760,65 tỷ; 8tr/m2; 148,57 tỷ; 1.050 tỷ; 871,7 tỷ; 222,8 tỷ; 233,65 tỷ; 372,1 tỷ; 405,6 tỷ; 908,95 tỷ; 539,32 tỷ; 448,28 tỷ; 041,31 tỷ; 950,26 tỷ",,,,,,"GPMB thì được xem là quỹ đất và được định giá lại theo phương thức giá trị thị trường của loại đất lúa/CLN/HNK tùy vào địa hình quỹ đất; GPMB/đã hoàn thành nhận chuyển nhượng được công bố trong bản cáo bạch/BCTC/BCTN; GPMB, xây dựng và bán hàng 1 phần hoặc toàn bộ => tạm ghi nhận giá trị trong BCTC (hàng tồn kho và phải thu); GPMB thì được xem là quỹ đất và được định giá lại theo phương thức giá t [] Báo cáo anh Mr Mike1 -CEO, Phòng Đầu tư xin báo cáo tóm tắt định giá sơ bộ công ty HDC T; bồi thường GPMB/đã hoàn thành nhận chuyển nhượng được công bố trong bản cáo bạch/BCTC/BCTN",,,batch_778.txt,40,matched_teams_map_link,matched_teams_map_link,,BDS-CURATED-0168,53,35,25,0,12,0,4,C,Thiếu quy hoạch; Thiếu tài chính,project_or_deal,,,review_not_published,held_for_review,name_missing_or_sentence,BDS-CURATED-0168; batch_423.txt; batch_450.txt;,2025-05-06,yes,yes,no,yes,no
BDS-MASTER-0218,Masteri An Phú - Masteri Thảo Điền - The Vista tăng 40-50% giá trị chỉ trong 3 tháng ) 🎉 Nếu lấy sàn thứ 2 (70,1,2025-10-11,2025-10-11,batch_277.txt,Unknown User,10.696269,106.613762,"10.696269, 106.613762",https://goo.gl/maps/XXMLm2Ebm5FEFwig7,"của Fenica gần Metro thì chỉ cần bắt đầu triển khai Metro thì tăng giá mỗi năm 10-15% là việc bình thường ( thậm chí như tuyến Metro Số 1 Suối Tiên, các dự án Masteri An Phú - Masteri Thảo Điền - The Vista tăng 40-50% gi",,,700 m²,,,,,,,,,"Chưa VAT , Phí BT) => Đơn giá/m2 : 26.4 tr/m2 ( tổng 700m2)x1.12 = 29.5 tr/m2 ( Đã VAT , Phí BT ) Với vị trí của Fenica gần",,"25,550 tỷ; 18,447 tỷ; 26.4 tr/m2; 29.5 tr/m2; 19,67 tỷ; 28,1 tr/m2; 31,47 tr/m2","Giá bán cuối cùng : 18,447 tỷ",,,,,,,,"Chưa VAT , Phí BT) => Đơn giá/m2 : 26.4 tr/m2 ( tổng 700m2)x1.12 = 29.5 tr/m2 ( Đã VAT , Phí BT ) Với vị trí của Fenica gần Metro thì chỉ cần bắt đầu triển khai Metro thì tăng giá mỗi năm 10-15% là việc bình thường ( thậm ch","cần bắt đầu triển khai Metro thì tăng giá mỗi năm 10-15% là việc bình thường ( thậm chí như tuyến Metro Số 1 Suối Tiên, các dự án Masteri An Phú - Masteri Thảo Điền - The Vista tăng 4",,"[2025-10-11] Unknown User 10/11/2025 12:27 PM Deal a David Ví dụ : Mua 700 m2 ( 1 sàn ) x 36.5 tr = 25,550 tỷ CK : 9% ( Thâm niên hơn 2,5 năm) CK: 13,8% ( Thanh toán nhanh 95%) CK : 3% ( Early Bird 100 căn đầu tiên) CK : 2% ( mua sỉ từ 5 căn trở lên) Tổng CK : 27,8% 💯=> Giá bán cuối cùng : 18,447 tỷ ( Chưa VAT , Phí BT) => Đơn giá/m2 : 26.4 tr/m2 ( tổng 700m2)x1.12 = 29.5 tr/m2 ( Đã VAT , Phí BT ) Với vị trí của Fenica gần Metro thì chỉ cần bắt đầu triển khai Metro thì tăng giá mỗi năm 10-15% là việc bình thường ( thậm chí như tuyến Metro Số 1 Suối Tiên, các dự án Masteri An Phú - Masteri Thảo Điền - The Vista tăng 40-50% giá trị chỉ trong 3 tháng ) 🎉 Nếu lấy sàn thứ 2 (700 m2 ) => CK TỔNG 23% => Tổng Ngân sách đầu tư 19,67 tỷ => Đơn giá/m2 :28,1 tr/m2 => 31,47 tr/m2 Tính gấp lại nha by Unknown User",35,Masteri An Phú - Masteri Thảo Điền - The Vista tăng 40-50% giá trị chỉ trong 3 tháng ) 🎉 Nếu lấy sàn thứ 2 (70,masteri an phú masteri thảo điền the vista tăng 40 50 giá trị chỉ trong 3 tháng nếu lấy sàn thứ 2 70,700 m²,700 m²,700 m²,,,,,,,,,"25,550 tỷ; 18,447 tỷ; 26.4 tr/m2; 29.5 tr/m2; 19,67 tỷ; 28,1 tr/m2; 31,47 tr/m2; Giá bán cuối cùng : 18,447 tỷ",,,,,,,,,batch_778.txt,16,matched_teams_map_link,matched_teams_map_link,,BDS-CURATED-0149,51,35,20,0,8,5,4,C,Thiếu quy hoạch,project_or_deal,,,review_not_published,held_for_review,name_missing_or_sentence,BDS-CURATED-0149; batch_277.txt;,2025-10-11,yes,yes,no,yes,yes
BDS-MASTER-0400,Đà Nẵng thì liên hệ A Tịnh,2,2025-03-03,2025-03-03,batch_510.txt; batch_545.txt,Thoi L - ASST.,16.077574,108.246196,"16.077574, 108.246196",https://maps.app.goo.gl/o5yA5cAF8qJoTZqW8,,ĐÀ Nẵng,,,,,,,,,,"đấu giá các lô đất tại ĐÀ Nẵng và Bình Dương. tiếp nhận tt khu đất Đà Nẵng thì liên hệ A Tịnh, kênh tt khu đất Bình Dương thì liên hệ A Hùng nhé. Ok Anh nhé by Huy M - IM; đấu giá các lô đất tại ĐÀ Nẵng và Bình Dương. tiếp nhận tt khu đất Đà Nẵng thì liên hệ A Tịnh, kênh tt khu đất Bình Dương thì liên hệ A Hùng nhé. Ok Anh nhé by Huy M - IM Huy",,,,,,,,,,,,,,,"[2025-03-03] Thoi L - ASST. 3/3/2025 9:45 AM Translate Dear Huy Huy Mai-PTDTCEO có giao triển khai tìm hiểu về thông tin đấu giá các lô đất tại ĐÀ Nẵng và Bình Dương. tiếp nhận tt khu đất Đà Nẵng thì liên hệ A Tịnh, kênh tt khu đất Bình Dương thì liên hệ A Hùng nhé. Ok Anh nhé by Huy M - IM

---

[2025-03-03] Thoi L - ASST. 3/3/2025 9:45 AM Translate Dear Huy Huy Mai-PTDTCEO có giao triển khai tìm hiểu về thông tin đấu giá các lô đất tại ĐÀ Nẵng và Bình Dương. tiếp nhận tt khu đất Đà Nẵng thì liên hệ A Tịnh, kênh tt khu đất Bình Dương thì liên hệ A Hùng nhé. Ok Anh nhé by Huy M - IM Huy",18,Đà Nẵng thì liên hệ A Tịnh,đà nẵng thì liên hệ a tịnh,,,,,,,,,,,,,,,,,,,,đấu giá các lô đất tại ĐÀ Nẵng và Bình Dương,batch_523.txt,12,matched_teams_map_link,matched_teams_map_link,,BDS-CURATED-0266,50,35,17,0,14,0,3,C,Thiếu diện tích đất; Thiếu quy hoạch; Thiếu tài chính,project_or_deal,,,review_not_published,held_for_review,insufficient_project_evidence,BDS-CURATED-0266; batch_510.txt; batch_545.txt;,2025-03-03,yes,no,no,yes,no
BDS-MASTER-0317,này hiện chỉ đóng tiền sử dụng đát trên diện tích đất xây dựng thay vì diện tích đất toàn khu đối với toàn khu,2,2025-03-16,2025-03-16,batch_500.txt; batch_540.txt,Huy M - IM,10.7964935,106.7288642,"10.7964935, 106.7288642",https://maps.app.goo.gl/AoJAreLLvUUHzVVw5,,Bình Dương,,,,,,,,,,tiền sử dụng đất Này là đã VAt chưa by Unknown User; tiền sử dụng đất Này là đã VAt chưa by Unknown User Mr M,chưa by Unknown User,,,,tiền sử dụng đất Này là đã VAt chưa by Unknown User --- [2025,,,,,,,chưa by Unknown User; chưa by Unknown User Mr M,,,"[2025-03-16] Huy M - IM 3/16/2025 5:45 PM Translate Khu đất này hiện chỉ đóng tiền sử dụng đát trên diện tích đất xây dựng thay vì diện tích đất toàn khu đối với toàn khu. Bình Dương đang bị tính sai chỗ này. Nên có thể sẽ phải đóng bổ sung thêm tiền sử dụng đất Này là đã VAt chưa by Unknown User

---

[2025-03-16] Huy M - IM 3/16/2025 5:45 PM Translate Khu đất này hiện chỉ đóng tiền sử dụng đát trên diện tích đất xây dựng thay vì diện tích đất toàn khu đối với toàn khu. Bình Dương đang bị tính sai chỗ này. Nên có thể sẽ phải đóng bổ sung thêm tiền sử dụng đất Này là đã VAt chưa by Unknown User Mr M",24,này hiện chỉ đóng tiền sử dụng đát trên diện tích đất xây dựng thay vì diện tích đất toàn khu đối với toàn khu,này hiện chỉ đóng tiền sử dụng đát trên diện tích đất xây dựng thay vì diện tích đất toàn khu đối với toàn khu,,,,,,,,,,,,tiền sử dụng đất Này là đã VAt chưa by Unknown User --- [2025,,,,,,,tiền sử dụng đất Này là đã VAt chưa by Unknown User; tiền sử dụng đất Này là đã VAt chưa by Unknown User Mr M chưa by Unknown User [2025-03-16] Huy M - IM 3/16/2025 5:45 PM Translate Khu đất này hiện chỉ đóng tiền sử dụng đát trên diện tích đất xây; tiền sử dụng đất Này là đã VAt chưa by Unknown User --- [2025-03-16] Huy M - IM 3/16/2025 5:45 PM Translate Khu đất này hiện chỉ đóng tiền sử dụng đát trên diện tích đất xây dựng thay vì diện tích; tiền sử dụng đất Này là đã VAt chưa by Unknown User Mr M,,batch_204.txt,40,matched_teams_map_link,matched_teams_map_link,,BDS-CURATED-0212,49,35,17,0,13,0,4,C,Thiếu diện tích đất; Thiếu quy hoạch; Thiếu tài chính,project_or_deal,,,review_not_published,held_for_review,name_missing_or_sentence; insufficient_project_evidence,BDS-CURATED-0212; batch_500.txt; batch_540.txt;,2025-03-16,yes,no,no,yes,no
BDS-MASTER-0145,không đạt hiệu quả tài chính với giá chào chuyển nhượng là 280 tỷ đồng (chưa bao gồm tiền CMĐSDĐ) - Để dự án đ,1,2022-12-14,2022-12-14,batch_917.txt,Thao L - INVT,11.5063152,106.6074213,"11.5063152, 106.6074213",https://goo.gl/maps/u7HMUhYJqdPGD9dz6,https://goo.gl/maps/u7HMUhYJqdPGD9dz6 * Link hồ sơ: https://belgroupvn.sharepoint.com/:f:/s/BeeGroupCEOOffice-03.KhiuT/EtYngSxT-mdGhwMPwLcn5ssB6y44zSOy-E3U8Ny6gpGP9A?e=7lADhv Vị trí dự án: image by Thao L - INVT,,,,TMDV,"thì giá nhận chuyện nhượng dự án từ 204 tỷ đồng (~1,34tr/m2; IRR:20%) – 250 tỷ đồng (~1,65tr/m2; IRR:15%) chưa bao gồm tiền CMĐSDĐ.. Ghi chú: - Chỉ nhận chuyển",,,,,,chủ trương đầu tư dự án được phép phân lô bán nền. - Giả định: + Chủ trương đầu tư cho phép dự án phân lô bán nền => Phải hoàn thiện hạ tầng và xây dựng thô các tiện ích mới được sang tên GCNQSDĐ cho khách hàng (hiện nay các dự án,"chưa bao gồm tiền CMĐSDĐ) - Để dự án đạt hiệu quả tài chính thì giá nhận chuyện nhượng dự án từ 204 tỷ đồng (~1,34tr/m2; IRR",giá chào chuyển nhượng là 280 tỷ,"280 tỷ; 204 tỷ; 1,34tr/m2; 250 tỷ; 1,65tr/m2",,,,,,IRR:20%; IRR:15%,,,"không đạt hiệu quả tài chính với giá chào chuyển nhượng là 280 tỷ đồng (chưa bao gồm tiền CMĐSDĐ) - Để dự án đạt hiệu quả tài chính thì giá nhận chuyện nhượng dự án từ 204 tỷ đồng (~1,34tr/m2; IRR:20%) – 250 tỷ đồng (~1,65tr/m2; chưa bao gồm tiền CMĐSDĐ.. Ghi chú: - Chỉ nhận chuyển nhượng dự án khi chủ trương đầu tư dự án được phép phân lô bán nền. - Giả định: + Chủ trương đầu tư cho phép dự án phân lô bán nền => Phải hoàn thiện hạ tầng và xây dựng; chưa ra sổ, sang tên cho khách hàng vì chỉ hoàn thiện hạ tầng mà không hoàn thiện các tiện ích (TMDV, trường học, y tế, công cộng,…) kèm theo). + Quỹ đất dành cho NOXH chiếm 20% quỹ đất ở so với đối tác dự tính chỉ 10% quỹ đ",,,"[2022-12-14] Thao L - INVT 12/14/2022 11:09 AM Kết luận: - Dự án không đạt hiệu quả tài chính với giá chào chuyển nhượng là 280 tỷ đồng (chưa bao gồm tiền CMĐSDĐ) - Để dự án đạt hiệu quả tài chính thì giá nhận chuyện nhượng dự án từ 204 tỷ đồng (~1,34tr/m2; IRR:20%) – 250 tỷ đồng (~1,65tr/m2; IRR:15%) chưa bao gồm tiền CMĐSDĐ.. Ghi chú: - Chỉ nhận chuyển nhượng dự án khi chủ trương đầu tư dự án được phép phân lô bán nền. - Giả định: + Chủ trương đầu tư cho phép dự án phân lô bán nền => Phải hoàn thiện hạ tầng và xây dựng thô các tiện ích mới được sang tên GCNQSDĐ cho khách hàng (hiện nay các dự án ở Bình Phước chưa ra sổ, sang tên cho khách hàng vì chỉ hoàn thiện hạ tầng mà không hoàn thiện các tiện ích (TMDV, trường học, y tế, công cộng,…) kèm theo). + Quỹ đất dành cho NOXH chiếm 20% quỹ đất ở so với đối tác dự tính chỉ 10% quỹ đất ở + XD thô các công trình công công, TMDV => bán dự án thành phần. * Nguồn dự án: Ms. Xuân - Trường phòng Nguồn vốn. * Thông tin thị trường: Hỗ trợ P. R&D. * Link vị trí: https://goo.gl/maps/u7HMUhYJqdPGD9dz6 * Link hồ sơ: https://belgroupvn.sharepoint.com/:f:/s/BeeGroupCEOOffice-03.KhiuT/EtYngSxT-mdGhwMPwLcn5ssB6y44zSOy-E3U8Ny6gpGP9A?e=7lADhv Vị trí dự án: image by",53,không đạt hiệu quả tài chính với giá chào chuyển nhượng là 280 tỷ đồng (chưa bao gồm tiền CMĐSDĐ) - Để dự án đ,không đạt hiệu quả tài chính với giá chào chuyển nhượng là 280 tỷ đồng chưa bao gồm tiền cmđsdđ để dự án đ,,,,,giá chào chuyển nhượng là 280 tỷ,,,,IRR:20%; IRR:15%,,,"giá chào chuyển nhượng là 280 tỷ; 280 tỷ; 204 tỷ; 1,34tr/m2; 250 tỷ; 1,65tr/m2; IRR:20%; IRR:15%",,,,,,,,"chủ trương đầu tư dự án được phép phân lô bán nền; Chủ trương đầu tư cho phép dự án phân lô bán nền => Phải hoàn thiện hạ tầng và xây dựng thô các tiện ích mới được sang tên GCNQSDĐ cho khách hàng (hiện nay các dự án chưa bao gồm tiền CMĐSDĐ) - Để; Chủ trương đầu tư cho phép dự án phân lô bán nền => Phải hoàn thiện hạ tầng và xây dựng thô các tiện ích mới được sang tên GCNQSDĐ cho khách hàng (hiện nay các dự án ở Bình Phước chưa ra sổ, sang t",batch_917.txt,52,matched_teams_map_link,matched_teams_map_link,,BDS-CURATED-0093,48,35,12,0,14,11,16,C,Thiếu diện tích đất; Thiếu quy hoạch,project_or_deal,,,review_not_published,held_for_review,name_missing_or_sentence,BDS-CURATED-0093; batch_917.txt;,2022-12-14,yes,no,no,yes,yes
BDS-MASTER-0315,nhà ở thương mại thông qua thỏa thuận về nhận quyền sử dụng đất hoặc đang có quyền sử dụng đất để thể chế hóa,2,2024-11-22,2024-11-22,batch_603.txt,Thoi L - ASST.,11.2642452,106.6299351,"11.2642452, 106.6299351",https://maps.app.goo.gl/s62kTxdTsTQvQHDJ9,,Đồng Nai,,,,,"QH tỉnh Đồng Nai bày tỏ, việc thí điểm thực hiện dự án nhà ở thương mại thông qua thỏa thuận về nhận quyền sử dụng đất hoặc đang có quyền sử dụng đất chỉ áp dụng với ... m.cafef.vn """,,,,,"chủ trương của Đảng, tăng thêm điều kiện tiếp cận đất đai cho phát triển nhà ở thương mại, góp phần phát triển kinh tế xã hội, tăng nguồn cung nhà ở, đáp ứng nhu cầu của người dân."" (heart) by Huy M - IM",,,,,,,,,,,,,cần thiết ban hành Nghị quyết thí điểm thực hiện dự án nhà ở thương mại thông qua thỏa thuận về nhận quyền sử dụng đất hoặc đang có quyền sử dụng đất để thể chế hóa chủ trương của Đản,,"[2024-11-22] Thoi L - ASST. 11/22/2024 9:39 AM https://m.cafef.vn/dai-bieu-quoc-hoi-khong-co-chuyen-lay-dat-lua-dat-nong-nghiep-mot-cach-dai-tra-tran-lan-de-lam-nha-o-thuong-mai-188241121144902763.chn Đại biểu Quốc hội: Không có chuyện lấy đất lúa, đất nông nghiệp một cách đại trà, tràn lan để làm nhà ở thương mại Đại biểu Trịnh Xuân An, Đoàn ĐBQH tỉnh Đồng Nai bày tỏ, việc thí điểm thực hiện dự án nhà ở thương mại thông qua thỏa thuận về nhận quyền sử dụng đất hoặc đang có quyền sử dụng đất chỉ áp dụng với ... m.cafef.vn ""Kết luận nội dung thảo luận, Phó Chủ tịch ... by Thoi L - ASST.

---

[2024-11-22] Thoi L - ASST. 11/22/2024 9:41 AM Translate ""Kết luận nội dung thảo luận, Phó Chủ tịch Quốc hội Nguyễn Đức Hải cho biết, các đại biểu nhất trí cần thiết ban hành Nghị quyết thí điểm thực hiện dự án nhà ở thương mại thông qua thỏa thuận về nhận quyền sử dụng đất hoặc đang có quyền sử dụng đất để thể chế hóa chủ trương của Đảng, tăng thêm điều kiện tiếp cận đất đai cho phát triển nhà ở thương mại, góp phần phát triển kinh tế xã hội, tăng nguồn cung nhà ở, đáp ứng nhu cầu của người dân."" (heart) by Huy M - IM",24,nhà ở thương mại thông qua thỏa thuận về nhận quyền sử dụng đất hoặc đang có quyền sử dụng đất để thể chế hóa,nhà ở thương mại thông qua thỏa thuận về nhận quyền sử dụng đất hoặc đang có quyền sử dụng đất để thể chế hóa,,,,,,,,,,,,,,,,,,,,,batch_634.txt,36,matched_teams_map_link,matched_teams_map_link,,BDS-CURATED-0211,47,35,17,0,8,0,0,C,Thiếu diện tích đất; Thiếu quy hoạch; Thiếu tài chính,project_or_deal,,,review_not_published,held_for_review,name_missing_or_sentence,BDS-CURATED-0211; batch_603.txt;,2024-11-22,yes,no,yes,yes,no
BDS-MASTER-0286,Hoà Xuân 15h by Unknown User,1,2025-08-04,2025-08-04,batch_330.txt,Huy M - IM,16.053387,108.247727,"16.053387, 108.247727",https://maps.app.goo.gl/xQZeRwkJHuyDhx496,,,,770.000 m² (~77.00 ha),,,,,,,,Đấu giá 37 ha 2. Đấu giá 77 ha 3. NOXH Đông Trung 4. 2 Khu đất Hoà Xuân 15h by Unknown User,,,,,,,,,,,,,,,[2025-08-04] Huy M - IM 8/4/2025 7:25 AM Translate Hôm nay Team sẽ báo Sếp: Đấu giá 37 ha 2. Đấu giá 77 ha 3. NOXH Đông Trung 4. 2 Khu đất Hoà Xuân 15h by Unknown User,24,Hoà Xuân 15h by Unknown User,hoà xuân 15h by unknown user,770.000 m² (~77.00 ha),770.000 m² (~77.00 ha),77 ha,37 ha,,,,,,,,,,,,,,,,Đấu giá 37 ha 2; Đấu giá 77 ha 3,batch_631.txt,12,matched_teams_map_link,matched_teams_map_link,,BDS-CURATED-0188,46,28,20,0,14,0,3,C,Thiếu quy hoạch; Thiếu tài chính,project_or_deal,,,review_not_published,held_for_review,insufficient_project_evidence,BDS-CURATED-0188; batch_330.txt;,2025-08-04,yes,yes,no,yes,no
BDS-MASTER-0475,trong kế hoạch đấu giá năm 2026 trên địa bàn tỉnh Đồng Nai,1,,,batch_232.txt,,11.4223625,106.5550679,"11.4223625, 106.5550679",https://www.google.com/maps/d/edit?mid=1GZCfnV4401jtKcup5hFe0KPBOBMYrp4&usp=sharing,,Đồng Nai,,,,,,,,,,"đấu giá năm 2026 trên địa bàn tỉnh Đồng Nai như sau: Theo thông tin mà P.ĐT nhận được từ P.Pháp lý, danh sách đấu giá tại Đồng Nai này được chia làm 3 phụ lục với thứ tự ưu tiên từ thấp đến cao. + Phụ lục 1: Nhóm khu đất đã đượ; đấu giá từ cuối 2025) + Phụ lục 2: Nhóm khu đất tập trung nguồn lực, phấn đấu thực hiện đấu giá trong 2026 (ưu tiên nghiên cứu) + Phụ lục 3: Nhóm khu đất phải lập thủ tục GPMB","Pháp lý, danh sách đấu giá tại Đồng Nai này được chia làm 3 phụ lục với thứ tự ưu tiên",,,,,,,,,,,,,,"[] P.ĐT báo cáo sếp Mr Mike1 -CEO danh sách các khu đất trong kế hoạch đấu giá năm 2026 trên địa bàn tỉnh Đồng Nai như sau: Theo thông tin mà P.ĐT nhận được từ P.Pháp lý, danh sách đấu giá tại Đồng Nai này được chia làm 3 phụ lục với thứ tự ưu tiên từ thấp đến cao. + Phụ lục 1: Nhóm khu đất đã được duyệt giá khởi điểm và chuyển tiếp từ 2025 (là các khu đất đang thực hiện quy trình đấu giá từ cuối 2025) + Phụ lục 2: Nhóm khu đất tập trung nguồn lực, phấn đấu thực hiện đấu giá trong 2026 (ưu tiên nghiên cứu) + Phụ lục 3: Nhóm khu đất phải lập thủ tục GPMB",12,trong kế hoạch đấu giá năm 2026 trên địa bàn tỉnh Đồng Nai như sau,trong kế hoạch đấu giá năm 2026 trên địa bàn tỉnh đồng nai,,,,,,,,,,,,,,,,,,"GPMB Pháp lý, danh sách đấu giá tại Đồng Nai này được chia làm 3 phụ lục với thứ tự ưu tiên [] P; GPMB",,"đấu giá năm 2026 trên địa bàn tỉnh Đồng Nai như sau: Theo thông tin mà P; đấu giá tại Đồng Nai này được chia làm 3 phụ lục với thứ tự ưu tiên từ thấp đến cao; đấu giá từ cuối 2025) + Phụ lục 2: Nhóm khu đất tập trung nguồn lực, phấn đấu thực hiện đấu giá trong 2026 (ưu tiên nghiên cứu) + Phụ lục 3: Nhóm khu đất phải lập thủ tục GPMB Pháp lý, da; đấu giá tại Đồng Nai này được chia làm 3 phụ lục với thứ tự ưu tiên [] P; đấu giá từ cuối 2025) + Phụ lục 2: Nhóm khu đất tập trung nguồn lực, phấn đấu thực hiện đấu giá trong 2026 (ưu tiên nghiên cứu) + Phụ lục 3: Nhóm khu đất phải lập thủ tục GPMB",batch_232.txt,28,google_mymaps_kml,google_mymaps_kml,,BDS-CURATED-0298,46,35,5,0,18,0,3,C,Thiếu diện tích đất; Thiếu quy hoạch; Thiếu tài chính,project_or_deal,,,review_not_published,held_for_review,narrative_sentence_name; insufficient_project_evidence,BDS-CURATED-0298; batch_232.txt;,,yes,no,no,yes,no
BDS-MASTER-0389,"Khu đất Phú Thọ Hòa, Tân Phú",1,,,batch_199.txt,,10.785522,106.631470,"10.785522, 106.631470",https://maps.app.goo.gl/v8GdHbU3xb5G8JFs9,,,Tân Phú,13.900 m² (~1.39 ha),,Đất trồng cây lâu năm Thời hạn: 50 năm ( 07/2011 – 07/2061) Nguồn gốc,,,,,,"Pháp lý đất: Diện tích: 13,907.5 m2 Mục đích: Đất trồng cây lâu năm Thời hạn: 50 năm ( 07/2011 – 07/2061) Nguồn gốc","Pháp lý đất: Diện tích: 13,907.5 m2 Mục đích: Đất trồng cây lâu năm Thời hạn: 50 năm (",,,,,,,,,,,,,,"[] P.ĐT xin báo cáo Sếp Admin 01 về khu đất phường Phú Thọ Hòa, Quận Tân Phú, TP HCM (Nguồn Sếp Tâm) như sau: 1. Pháp lý đất: Diện tích: 13,907.5 m2 Mục đích: Đất trồng cây lâu năm Thời hạn: 50 năm ( 07/2011 – 07/2061) Nguồn gốc",18,phường Phú Thọ Hòa,phường phú thọ hòa,13.908 m² (~1.39 ha),13.900 m² (~1.39 ha),1.39 ha,"13,907.5 m2",,,,,,,,,,,,,,,,,batch_138.txt,32,matched_teams_map_link,matched_teams_map_link,,BDS-CURATED-0257,45,35,13,0,8,0,0,C,Thiếu quy hoạch; Thiếu tài chính,project_or_deal,,,review_not_published,held_for_review,insufficient_project_evidence,BDS-CURATED-0257; batch_199.txt;,,yes,yes,no,yes,no
BDS-MASTER-0051,"Khu đất 10.052,1 m² tại 1691/3N",1,,,batch_324.txt,,10.860864,106.699926,"10.860864, 106.699926",https://maps.app.goo.gl/bKZVkKUcnYGRLJWw5,"và ranh dự án: https://maps.app.goo.gl/bKZVkKUcnYGRLJWw5 b. Sơ bộ hiện trạng pháp lý: Tổng diện tích khu đất theo Sổ cấp 2017 là 10,052.1 m2, đất SKC, thời hạn sử dụng đất lâu dài (theo tham khảo",,Quận 12,10.052 m² (~1.01 ha),,,,,,,,"pháp lý dự án: a) Vị trí và ranh dự án: https://maps.app.goo.gl/bKZVkKUcnYGRLJWw5 b. Sơ bộ hiện trạng pháp lý: Tổng diện tích khu đất theo Sổ cấp 2017 là 10,052.1 m2, đất SKC, thời hạn sử dụng đất lâu dài (theo tham khảo",pháp lý dự án: a) Vị trí và ranh dự án: https://maps.app.goo.gl/bKZVkKUcnYGRLJWw5 b. Sơ,,,,,,,,,,,,,,"[] P.ĐT báo cáo Sếp Mr Mike1 -CEO về khu đất 10,052.1 m2 tại 1691/3N (Quốc lộ 1A), P.An Phú Đông, Quận 12, TP HCM như sau: 1. Tóm tắt sơ bộ hiện trạng pháp lý dự án: a) Vị trí và ranh dự án: https://maps.app.goo.gl/bKZVkKUcnYGRLJWw5 b. Sơ bộ hiện trạng pháp lý: Tổng diện tích khu đất theo Sổ cấp 2017 là 10,052.1 m2, đất SKC, thời hạn sử dụng đất lâu dài (theo tham khảo",35,theo Sổ cấp 2017 là 10,"khu đất 10.052,1 m² tại 1691/3n",10.052 m² (~1.01 ha),10.052 m² (~1.01 ha),"10,052.1 m2",1.01 ha,,,,,,,,,,,,,,,,,,,,resolved,,BDS-CURATED-0156,45,35,13,0,8,0,0,C,Thiếu quy hoạch; Thiếu tài chính,project_or_deal,,,review_not_published,held_for_review,insufficient_project_evidence,BDS-CURATED-0156; batch_324.txt;,,yes,yes,no,yes,no
BDS-MASTER-0207,đạt hiệu quả LNTT/TMĐT ~ >=20% ở khung từ giá bán bình quân chưa VAT đạt từ 75 triệu/m2 trở lên chi phí đầu tư,1,,,batch_213.txt,,10.954820,106.843332,"10.954820, 106.843332",https://maps.app.goo.gl/7yPFeG3okyKbrLCM9,,,,,căn hộ,,,,,,,"tiền sử dụng đất được khấu trừ ~ đơn giá 168 tr/m2: thay đổi giá bán căn hộ và thay đổi suất vốn đầu tư all-in thì dự án đạt hiệu quả LNTT/TMĐT ~ >=20% ở khung từ giá bán bình quân chưa VAT đạt từ 75 triệu/m2 trở lên chi phí đầu tư xây; tiền sử dụng đất bổ sung) thì tỷ lệ LNTT/TMĐT chỉ đạt 10,8%. (theo bảng độ nhạy) Theo kết quả tính FS và chạy độ nhạy như trên thì trong trường hợp dự án tiền đất khấu trừ tốt nhất (bằng với đơn giá đất tính thặng dư =>không đóng thêm t; quyết định ưu tiên, từ 75 tr/m2 chưa VAT và tiền sử dụng đất được khấu trừ cao nhất có thể (tối thiểu từ 168 tr/m2).","chưa VAT đạt từ 75 triệu/m2 trở lên chi phí đầu tư xây dựng chưa VAT từ dưới 12,7 tr/m2 all in (Theo bảng độ nhạy, vùng tô v",,"168 tr/m2; 75 triệu/m2; 12,7 tr/m2; 68,8 tr/m2; 75 tr/m2","giá bán căn hộ và thay đổi suất vốn đầu tư all-in thì dự án đạt hiệu quả LNTT/TMĐT ~ >=20% ở khung từ giá bán bình quân chưa VAT đạt từ 75 triệu/m2; giá bán căn hộ ~ đơn giá 68,8 tr/m2; giá bán căn hộ mang tính quyết định ưu tiên, từ 75 tr/m2","tiền sử dụng đất được khấu trừ ~ đơn giá 168; tiền sử dụng đất được khấu trừ cao nhất có thể (tối thiểu từ 168; tiền sử dụng đất được khấu trừ ~ đơn giá 168 tr/m2; tiền sử dụng đất bổ sung) thì tỷ lệ LNTT/TMĐT chỉ đạt 10,8; tiền sử dụng đất, đây là giả định lạc quan, thực tế khó mà đạt được) thì dự án vẫn chưa đạt hiệu quả kỳ vọng (chỉ đạt 10,8; tiền sử dụng đất được khấu trừ cao nhất có thể (tối thiểu từ 168 tr/m2","TMĐT ~ >=20% ở khung từ giá bán bình quân chưa VAT đạt từ 75 t; chi phí đầu tư xây dựng chưa VAT từ dưới 12,7 t",,LNTT/TMĐT ~ >=20% ở khung từ giá bán bình quân chưa VAT đạt từ 75 t,,,,"chưa VAT đạt từ 75 triệu/m2 trở lên chi phí đầu tư xây dựng chưa VAT từ dưới 12,7 tr/m2 all in (Theo bảng độ nhạy, vùng tô vàng) 2. Cố định giá bán căn hộ ~ đơn giá 68,8 tr/m2: thay đổi đơn giá đất được khấu trừ và thay đổi; chưa đạt hiệu quả kỳ vọng (chỉ đạt 10,8%) tại mức giá bán căn hộ đề xuất ~ 68,8 tr (chưa VAT). Như vậy, để dự án đạt hiệu quả thì giá bán căn hộ mang tính quyết định ưu tiên, từ 75 tr/m2 chưa VAT và tiền sử dụng đất được khấ","đề xuất ~ 68,8 tr (chưa VAT). Như vậy, để dự án đạt hiệu quả thì giá bán căn hộ mang tính quyết định ưu tiên, từ 75 tr/m2 chưa VAT và tiền sử dụng đất được khấu trừ cao nhất có thể (tối t",,"[] Phòng có chạy thêm độ nhạy theo 2 giả định: Cố định tiền sử dụng đất được khấu trừ ~ đơn giá 168 tr/m2: thay đổi giá bán căn hộ và thay đổi suất vốn đầu tư all-in thì dự án đạt hiệu quả LNTT/TMĐT ~ >=20% ở khung từ giá bán bình quân chưa VAT đạt từ 75 triệu/m2 trở lên chi phí đầu tư xây dựng chưa VAT từ dưới 12,7 tr/m2 all in (Theo bảng độ nhạy, vùng tô vàng) 2. Cố định giá bán căn hộ ~ đơn giá 68,8 tr/m2: thay đổi đơn giá đất được khấu trừ và thay đổi suất vốn đầu tư all-in thì tại mức đơn giá được khấu trừ tối đa ~ 185 tr/,2 = đơn giá đất thặng dư là không đóng thêm tiền sử dụng đất bổ sung) thì tỷ lệ LNTT/TMĐT chỉ đạt 10,8%. (theo bảng độ nhạy) Theo kết quả tính FS và chạy độ nhạy như trên thì trong trường hợp dự án tiền đất khấu trừ tốt nhất (bằng với đơn giá đất tính thặng dư =>không đóng thêm tiền sử dụng đất, đây là giả định lạc quan, thực tế khó mà đạt được) thì dự án vẫn chưa đạt hiệu quả kỳ vọng (chỉ đạt 10,8%) tại mức giá bán căn hộ đề xuất ~ 68,8 tr (chưa VAT). Như vậy, để dự án đạt hiệu quả thì giá bán căn hộ mang tính quyết định ưu tiên, từ 75 tr/m2 chưa VAT và tiền sử dụng đất được khấu trừ cao nhất có thể (tối thiểu từ 168 tr/m2).",41,đạt hiệu quả LNTT/TMĐT ~ >=20% ở khung từ giá bán bình quân chưa VAT đạt từ 75 triệu/m2 trở lên chi phí đầu tư,đạt hiệu quả lntt tmđt 20 ở khung từ giá bán bình quân chưa vat đạt từ 75 triệu m2 trở lên chi phí đầu tư,,,,,,,,,,,,"168 tr/m2; 75 triệu/m2; 12,7 tr/m2; 68,8 tr/m2; 75 tr/m2; giá bán căn hộ và thay đổi suất vốn đầu tư all-in thì dự án đạt hiệu quả LNTT/TMĐT ~ >=20% ở khung từ giá bán bình quân chưa VAT đạt từ 75 triệu/m2; giá bán căn hộ ~ đơn giá 68,8 tr/m2; giá bán căn hộ mang tính quyết định ưu tiên, từ 75 tr/m2; tiền sử dụng đất được khấu trừ ~ đơn giá 168; tiền sử dụng đất được khấu trừ cao nhất có thể (tối thiểu từ 168; tiền sử dụng đất được khấu trừ ~ đơn giá 168 tr/m2; tiền sử dụng đất bổ sung) thì tỷ lệ LNTT/TMĐT chỉ đạt 10,8; tiền sử dụng đất, đây là giả định lạc quan, thực tế khó mà đạt được) thì dự án vẫn chưa đạt hiệu quả kỳ vọng (chỉ đạt 10,8; tiền sử dụng đất được khấu trừ cao nhất có thể (tối thiểu từ 168 tr/m2; TMĐT ~ >=20% ở khung từ giá bán bình quân chưa VAT đạt từ 75 t; chi phí đầu tư xây dựng chưa VAT từ dưới 12,7 t; LNTT/TMĐT ~ >=20% ở khung từ giá bán bình quân chưa VAT đạt từ 75 t",,,,,,,"tiền sử dụng đất được khấu trừ ~ đơn giá 168 tr/m2: thay đổi giá bán căn hộ và thay đổi suất vốn đầu tư all-in thì dự án đạt hiệu quả LNTT/TMĐT ~ >=20% ở khung từ giá bán bình quân chưa VAT đạt từ; tiền sử dụng đất bổ sung) thì tỷ lệ LNTT/TMĐT chỉ đạt 10,8%; tiền sử dụng đất được khấu trừ cao nhất có thể (tối thiểu từ 168 tr/m2); tiền sử dụng đất, đây là giả định lạc quan, thực tế khó mà đạt được) thì dự án vẫn chưa đạt hiệu quả kỳ vọng (chỉ đạt 10,8%) tại mức giá bán căn hộ đề xuất ~ 68,8 tr (chưa VAT)","quyết định ưu tiên, từ 75 tr/m2 chưa VAT và tiền sử dụng đất được khấu trừ cao nhất có thể (tối thiểu từ 168 tr/m2)",batch_350.txt,28,matched_teams_map_link,matched_teams_map_link,,BDS-CURATED-0143,44,28,5,0,19,5,4,D,Thiếu diện tích đất; Thiếu quy hoạch,project_or_deal,,,review_not_published,held_for_review,name_missing_or_sentence,BDS-CURATED-0143; batch_213.txt;,,yes,no,no,yes,yes
BDS-MASTER-0121,(FS),1,,,batch_001.txt,,10.970034,106.715651,"10.970034, 106.715651",https://maps.app.goo.gl/t178LDzcrFtjxgEz9,,TPHCM,,25.000 m² (~2.50 ha),căn hộ,,"quy hoạch) Diện tích đất: 25.045,10 m2 (phù hợp quy hoạch) Hệ số sử dụng đất: 10 lần Hệ số sử dụng đất: 7,2 lần Số tầng: 35 tầng (2 hầm, 2 tầng Shop TM, 2 tầng để xe nổi, 31 tầng căn hộ ở); Dân số: 3.411 dân Dân số: 3.411 dân Theo Quy hoạch PK thì hệ số là 10 lần, dân số 3.411 người. Tuy nhiên, qua tham khảo ý kiến từ phòng QH thì khu vực TPHCM cũ tính 32/m2 người, và để an; dân số 3.411 dân => diện tích NFA căn hộ giảm đi khoảng 50.000 m2 sàn và hệ số tương ứng giảm xuống còn 7.2 lần, dư 2.8 hệ số, tầng cao giảm còn 20 tầng. P.ĐT cũng đã tính đến việc bố tr; hệ số dư này cho căn officetel nhưng theo quy định mới thì officetel cũng phải tính dân số, do đó phòng chỉ tính thuần đủ dân số cho căn hộ ở, không hết hệ số. Theo đó, diện tích sàn xâ; tầng cao cũng như diện tích thương phẩm tính lại đều giảm tương ứng so với số của đối tác đã tính, như sau: Nội dung Đối tác P.Đầu tư Chênh lệch Tầ","tầng cao giảm còn 20 tầng; Tầng cao 2 hầm, 35 nổi 1 hầm, 20 nổi giảm 1 hầm, -15 tầng","Hệ số sử dụng đất: 10; Hệ số sử dụng đất: 7,2; hệ số là 10; hệ số tương ứng giảm xuống còn 7.2; hệ số 7,2; hệ số, tầng cao giảm còn 20",,Dân số: 3.411; dân số 3.411; dân => diện tích NFA căn hộ giảm đi khoảng 50.000; dân Dân số: 3.411; dân Theo Quy hoạch PK thì hệ số là 10,tiền sử dụng đất:,"chưa VAT, tim tường 85 tr/m2 (giá phòng R&D đề xuất). Shophouse: 1.149 tỷ đồng ~ đơn giá bán chưa VAT, tim tường 127,5 tr/m2",,"8.824 tỷ; 85 tr/m2; 1.149 tỷ; 127,5 tr/m2; 9.974 tỷ; 13.853 tỷ; 8.311 tỷ; 6.500 tỷ; 1.811 tỷ; 3.168 tỷ; 13,9 tr/m2; 16,7 tr/m2; 657 tỷ; 1.496 tỷ; 1.317 tỷ; 52,6 tr/m2; 3.128 tỷ","đơn giá bán chưa VAT, tim tường 85 tr/m2; đơn giá bán chưa VAT, tim tường 127,5 tr/m2",Chi phí đất (bao gồm nghĩa vụ tài chính): 8.311 tỷ,Chi phí đầu tư Tổng chi phí: 13.853 tỷ,Doanh thu dự kiến Căn hộ ở : 8.824 tỷ; doanh thu: 9.974 tỷ,,,,,"chưa VAT, tim tường 85 tr/m2 (giá phòng R&D đề xuất). Shophouse: 1.149 tỷ đồng ~ đơn giá bán chưa VAT, tim tường 127,5 tr/m2. Tổng doanh thu: 9.974 tỷ đồng 3.2. Chi phí đầu tư Tổng chi phí: 13.853 tỷ đồng Trong đó các khoản","đề xuất). Shophouse: 1.149 tỷ đồng ~ đơn giá bán chưa VAT, tim tường 127,5 tr/m2. Tổng doanh thu: 9.974 tỷ đồng 3.2. Chi phí đầu tư Tổng chi phí: 13.853 tỷ đồng Trong đó các khoản mục chí",,"[] Phòng Đầu tư tính lại (có tham khảo anh Tài) Diện tích đất: 25.045,10 m2 (phù hợp quy hoạch) Diện tích đất: 25.045,10 m2 (phù hợp quy hoạch) Hệ số sử dụng đất: 10 lần Hệ số sử dụng đất: 7,2 lần Số tầng: 35 tầng (2 hầm, 2 tầng Shop TM, 2 tầng để xe nổi, 31 tầng căn hộ ở) Số tầng: 20 tầng (1 hầm, 2 tầng Shop TM, 2 tầng để xe nổi, 16 tầng căn hộ ở) Dân số: 3.411 dân Dân số: 3.411 dân Theo Quy hoạch PK thì hệ số là 10 lần, dân số 3.411 người. Tuy nhiên, qua tham khảo ý kiến từ phòng QH thì khu vực TPHCM cũ tính 32/m2 người, và để an toàn, P.Đầu tư tạm tính 28 m2/người, trên cơ sở gốc dùng hết dân số 3.411 dân => diện tích NFA căn hộ giảm đi khoảng 50.000 m2 sàn và hệ số tương ứng giảm xuống còn 7.2 lần, dư 2.8 hệ số, tầng cao giảm còn 20 tầng. P.ĐT cũng đã tính đến việc bố trí hệ số dư này cho căn officetel nhưng theo quy định mới thì officetel cũng phải tính dân số, do đó phòng chỉ tính thuần đủ dân số cho căn hộ ở, không hết hệ số. Theo đó, diện tích sàn xây dựng GFA và quy mô tầng cao cũng như diện tích thương phẩm tính lại đều giảm tương ứng so với số của đối tác đã tính, như sau: Nội dung Đối tác P.Đầu tư Chênh lệch Tầng cao 2 hầm, 35 nổi 1 hầm, 20 nổi giảm 1 hầm, -15 tầng GFA gồm",53,(FS),fs,25.045 m² (~2.50 ha),25.000 m² (~2.50 ha),2.50 ha,"25.045,10 m2; 50.000 m2; 28 m2",,Chi phí đầu tư Tổng chi phí: 13.853 tỷ,Doanh thu dự kiến Căn hộ ở : 8.824 tỷ; doanh thu: 9.974 tỷ,,,,,"8.824 tỷ; 85 tr/m2; 1.149 tỷ; 127,5 tr/m2; 9.974 tỷ; 13.853 tỷ; 8.311 tỷ; 6.500 tỷ; 1.811 tỷ; 3.168 tỷ; 13,9 tr/m2; 16,7 tr/m2; 657 tỷ; 1.496 tỷ; 1.317 tỷ; 52,6 tr/m2; 3.128 tỷ; đơn giá bán chưa VAT, tim tường 85 tr/m2; đơn giá bán chưa VAT, tim tường 127,5 tr/m2; Chi phí đất (bao gồm nghĩa vụ tài chính): 8.311 tỷ; Chi phí đầu tư Tổng chi phí: 13.853 tỷ; Doanh thu dự kiến Căn hộ ở : 8.824 tỷ; doanh thu: 9.974 tỷ","Hệ số sử dụng đất: 10; Hệ số sử dụng đất: 7,2; hệ số là 10; hệ số tương ứng giảm xuống còn 7.2; hệ số 7,2; hệ số, tầng cao giảm còn 20","tầng cao giảm còn 20 tầng; Tầng cao 2 hầm, 35 nổi 1 hầm, 20 nổi giảm 1 hầm, -15 tầng",Dân số: 3.411; dân số 3.411; dân => diện tích NFA căn hộ giảm đi khoảng 50.000; dân Dân số: 3.411; dân Theo Quy hoạch PK thì hệ số là 10,,,,"tiền sử dụng đất: chưa VAT, tim tường 85 tr/m2 (giá phòng R&D đề xuất)",,batch_001.txt,12,matched_teams_map_link,suspicious_shared_by_many_projects,,BDS-CURATED-0071,43,17,13,14,13,14,19,D,Tọa độ nghi ngờ,project_or_deal,,,review_not_published,held_for_review,report_or_scenario_subject,BDS-CURATED-0071; batch_001.txt;,,no,yes,yes,yes,yes
BDS-MASTER-0045,"Quỹ đất Tân Hiệp, Long Thành, Đồng Nai",1,2023-11-27,2023-11-27,batch_728.txt,Sinh Nguyen-Dau Tu,10.698445,107.080430,"10.698445, 107.080430",https://maps.app.goo.gl/9PHZkvYiuadCm992A,,Đồng Nai,Long Thành,26.270.000 m² (~2.627.00 ha),KCN,,"QH dự kiến 60m), dự kiến khởi công Quý I/2024, kết nối 4 huyện (Định Quán, Thống Nhất, Cẩm Mỹ và Long Thành) và 1 Thành phố (Long Khánh) 2/ Phân tích Swot a/ Điểm mạnh: Giáp KCN Tân; quy hoạch KCN 2.627ha (KCN thuộc xã Tân Hiệp là 1.333ha) lớn thứ 2 tỉnh Đồng Nai và lớn thứ nhất huyện Long Thành; Giáp KCN Phước Bình, quy hoạch khoảng 1.000ha Nằm gần nút giao của 2 tuyến",,,,,,,,,,,,"DT770B (QH dự kiến 60m), dự kiến khởi công Quý I/2024, kết nối 4 huyện (Định Quán, Thống Nhất, Cẩm Mỹ và Long Thành) và 1 T; DT770B, liên 4 huyện 1 t; DT 770B Để kết nối liên xã thuận lợi đa phần đều phải di chuyển ra Quốc lộ 51 t",,,,,,,,"[2023-11-27] Sinh Nguyen-Dau Tu 11/27/2023 3:24 PM KĐT gửi anh Tuan Tran-CEO về báo cáo Nghiên cứu Quỹ đất thuộc xã Tân Hiệp, huyện Long Thành, tỉnh Đồng Nai: 1/ Hạ tầng giao thông 1.1/ Hạ tầng trọng điểm Đồng Nai: ● Giao thông: Cao tốc Bến Lức – Long Thành, cao tốc Biên Hòa – Vũng Tàu, cao tốc Long Thành – Dầu Giây; Đường Vành Đai 3, đường Vành Đai 4; Đường Quốc lộ 51, đường DT770B, đường Nguyễn Ái Quốc (Đường 25C),… ● Sân bay quốc tế Long Thành ● Cảng quốc tế Cái Mép – Thị Vãi ● Đường sắt Biên Hòa – Vũng Tàu, Thủ Thiêm – Long Thành,… 1.2/ Hạ tầng khu vực nghiên cứu ● Cách nút giao cao tốc Bến Lức – Long Thành, cao tốc Biên Hòa - Vũng Tàu và Quốc lộ 51C khoảng 9km (đi theo tuyến đường Quốc lộ 51C vào nút giao) ● Cách nút giao cao tốc Biên Hòa – Vũng Tàu và đường Nguyễn Ái Quốc (Đường 25C) khoảng 16km ● Tiếp giáp tuyến đường DT770B (QH dự kiến 60m), dự kiến khởi công Quý I/2024, kết nối 4 huyện (Định Quán, Thống Nhất, Cẩm Mỹ và Long Thành) và 1 Thành phố (Long Khánh) 2/ Phân tích Swot a/ Điểm mạnh: Giáp KCN Tân Hiệp – Bàu Cạn, quy hoạch KCN 2.627ha (KCN thuộc xã Tân Hiệp là 1.333ha) lớn thứ 2 tỉnh Đồng Nai và lớn thứ nhất huyện Long Thành; Giáp KCN Phước Bình, quy hoạch khoảng 1.000ha Nằm gần n",47,hạ tầng trọng điểm quốc gia đang được triển khai như Đường DT 770B (LG 60m) khởi công xây dựng Quý I-2024,"quỹ đất tân hiệp, long thành, đồng nai",26.270.000 m² (~2.627.00 ha),26.270.000 m² (~2.627.00 ha),2.627ha,1.333ha; 1.000ha,,,,,,,,"DT770B (QH dự kiến 60m), dự kiến khởi công Quý I/2024, kết nối 4 huyện (Định Quán, Thống Nhất, Cẩm Mỹ và Long Thành) và 1 T; DT770B, liên 4 huyện 1 t; DT 770B Để kết nối liên xã thuận lợi đa phần đều phải di chuyển ra Quốc lộ 51 t",,,,,,,,,,,,resolved,,BDS-CURATED-0117,43,35,20,0,0,0,0,D,Thiếu pháp lý; Thiếu quy hoạch; Thiếu tài chính,project_or_deal,,,review_not_published,held_for_review,insufficient_project_evidence,BDS-CURATED-0117; batch_728.txt;,2023-11-27,yes,yes,yes,no,no
BDS-MASTER-0321,phân lô bán nền (không xây nhà) giá rẻ ở Nhơn Trạch,2,2023-07-03,2023-07-03,batch_811.txt; batch_862.txt,Sinh Nguyen-Dau Tu,10.9516901,106.8376922,"10.9516901, 106.8376922",https://www.google.com/maps/d/edit?mid=1GZCfnV4401jtKcup5hFe0KPBOBMYrp4&usp=sharing,,Đồng Nai,TP. Thủ Đức,200 m²,,,,,,,,,,,,,,,,,,,,"vướng trả lãi vay ngân hàng và chứng khoán. Đồng thời, tính thanh khoản thấp, ít tin rao Tỷ lệ chênh lệch ±10% trên giá niêm yết phụ thuộc vào: Chủ đất có bán gấp hay không, gần các tiện ích,… Hiện Cầu Long Đại đã có những bư; vướng trả lãi vay ngân hàng và chứng khoán. Đồng thời, tính thanh khoản thấp, ít tin rao Tỷ lệ chênh lệch ±10% trên giá niêm yết",,,"[2023-07-03] Sinh Nguyen-Dau Tu 7/3/2023 3:17 PM K.ĐT (kết hợp P.R&D) gửi báo cáo anh Tuan Tran-CEO về khảo sát giá mặt tiền các trục đường chính - phía đông TP. Thủ Đức và các dự án phân lô bán nền (không xây nhà) giá rẻ ở Nhơn Trạch, T.Đồng Nai như sau: A/ Khảo sát giá mặt tiền các trục đường chính - phía đông TP. Thủ Đức (Quận 9): Nhận xét về thị trường: Đơn giá rao bán đất dựa trên cơ sở: Diện tích đất ưu tiên <200m² Giá giảm sâu khoảng 15-20% so với năm ngoái đối với những tài sản bị vướng trả lãi vay ngân hàng và chứng khoán. Đồng thời, tính thanh khoản thấp, ít tin rao Tỷ lệ chênh lệch ±10% trên giá niêm yết phụ thuộc vào: Chủ đất có bán gấp hay không, gần các tiện ích,… Hiện Cầu Long Đại đã có những bước thi công trở lại, đặc biệt là đã nối 2 đầu cầu giữa địa phận phường Long Phước và Vinhomes Grand Park Dự án đường Vành đai 3 TP.HCM vừa được chính thức khởi công có đoạn đi qua địa bàn quận 9 (cũ) nay là TP. Thủ Đức. Những tuyến đường chính hiện hữu (đường nhỏ, 2 làn xe ngược chiều) được hưởng lợi trực tiếp từ tuyến đường Vành đai này như được giảm tải, mạng lưới giao thông thuận tiện dễ dàng kết nối với các vùng lận cận. Đường Nguyễn Duy Trinh đoạn từ Cao tốc đến đường Tam Đa có đơn gi

---

[2023-07-03] Sinh Nguyen-Dau Tu 7/3/2023 3:17 PM K.ĐT (kết hợp P.R&D) gửi báo cáo anh Tuan Tran-CEO về khảo sát giá mặt tiền các trục đường chính - phía đông TP. Thủ Đức và các dự án phân lô bán nền (không xây nhà) giá rẻ ở Nhơn Trạch, T.Đồng Nai như sau: A/ Khảo sát giá mặt tiền các trục đường chính - phía đông TP. Thủ Đức (Quận 9): Nhận xét về thị trường: Đơn giá rao bán đất dựa trên cơ sở: Diện tích đất ưu tiên <200m² Giá giảm sâu khoảng 15-20% so với năm ngoái đối với những tài sản bị vướng trả lãi vay ngân hàng và chứng khoán. Đồng thời, tính thanh khoản thấp, ít tin rao Tỷ lệ chênh lệch ±10% trên giá niêm yết",24,phân lô bán nền (không xây nhà) giá rẻ ở Nhơn Trạch,phân lô bán nền không xây nhà giá rẻ ở nhơn trạch,200 m²,200 m²,200m²,,,,,,,,,,,,,,,,,,batch_232.txt,12,google_mymaps_kml,google_mymaps_kml,,BDS-CURATED-0216,43,35,25,0,0,0,5,D,Thiếu pháp lý; Thiếu quy hoạch; Thiếu tài chính,project_or_deal,,,review_not_published,held_for_review,narrative_sentence_name,BDS-CURATED-0216; batch_811.txt; batch_862.txt;,2023-07-03,yes,yes,no,no,no
BDS-MASTER-0046,tuy có bãi biển đẹp,1,2024-04-01,2024-04-01,batch_695.txt,Thao L - INVT,15.5125741,108.6125461,"15.5125741, 108.6125461",https://maps.app.goo.gl/E7ucSVc9hHKpPNDQ6,"Tam Hải và Tam Hòa, huyện Núi Thành, tỉnh Quảng Nam, gần giáp biển, cách: - Sân bay Chu Lai: 25Km- 35p - TP. Tam Kỳ: 20Km – 30p - TP. Hội An: 55Km – 1g10p - TP. Đà Nẵng: 100Km – 1g40p 2. Link maps: https://maps.app.goo.g",Quảng Nam,Hội An,90.000 m² (~9.00 ha),,,"quy hoạch với tỷ lệ Đất Du lịch và Hỗn hợp càng cao => Định hướng phát triển chủ lực về Du lịch của tỉnh. - Khu vực Núi Thành - hướng dần xa cụm du lịch Hội An – Đà Nẵng, đồng thời kết hợp; quy hoạch với tỷ lệ Đất Công nghiệp cao => Định hướng phát triển chủ lực về Công nghiệp của tỉnh. 5. Tình hình phát triển du lịch nghĩ dưỡng tại Quảng Nam: 6. Nhận định và đề xuất: Dự án tu",,,,,,,,,,,,,,,,,"đề xuất: Dự án tuy có bãi biển đẹp, còn hoang sơ những yếu điểm như sau: Khu đất nghiên cứu có vị trí không thuận lợi do khá xa với cụm du lịch Đà Nẵng – Hội An nên sẽ không được hưởng lợi và khó cạnh tranh được với các Huyện T","đề xuất: Dự án tuy có bãi biển đẹp, còn hoang sơ những yếu điểm như sau: Khu đất nghiên cứu có vị trí không thuận lợi do khá xa với cụm du lịch Đà Nẵng – Hội An nên sẽ không được hưởng lợ",,"[2024-04-01] Thao L - INVT 4/1/2024 12:13 PM Edited Translate K.ĐT báo cáo anh Tuan Tran-CEO về Khu đất nghiên cứu tại Tam Hải và Tam Hòa, huyện Núi Thành, tỉnh Quảng Nam (Nguồn Mr. Tâm) như sau: 1. Vị trí: Tam Hải và Tam Hòa, huyện Núi Thành, tỉnh Quảng Nam, gần giáp biển, cách: - Sân bay Chu Lai: 25Km- 35p - TP. Tam Kỳ: 20Km – 30p - TP. Hội An: 55Km – 1g10p - TP. Đà Nẵng: 100Km – 1g40p 2. Link maps: https://maps.app.goo.gl/E7ucSVc9hHKpPNDQ6 3. Tổng quan Quảng Nam: - Du lịch Quảng Nam tập trung chủ yếu tại các địa điểm như: Hội An, Mỹ Sơn và Cù lao Chàm. Thị trường du lịch năm 2023 hồi phục tích cực xấp xỉ gần bằng thời kỳ trước dịch 2019. - Khí hậu phân cực rõ 02 mùa: Mùa mưa và mùa khô: Mùa mưa không thuận lợi cho khai thác du lịch vì thường xuyên có lũ lụt, bão và ấp thấp. Chỉ có thể khai thác du lịch khoảng nửa năm vào mùa khô. 4. Định hướng phát triển khu vực khu đất đang nghiên cứu: Theo định hướng trên: - Khu vực hướng càng gần về cụm du lịch Hội An – Đà Nẵng (Thăng Bình, Tam Kỳ) được quy hoạch với tỷ lệ Đất Du lịch và Hỗn hợp càng cao => Định hướng phát triển chủ lực về Du lịch của tỉnh. - Khu vực Núi Thành - hướng dần xa cụm du lịch Hội An – Đà Nẵng, đồng thời kết hợp với điều kiện sẵ",47,tuy có bãi biển đẹp,tuy có bãi biển đẹp,90.000 m² (~9.00 ha),90.000 m² (~9.00 ha),9.00 ha,,,,,,,,,,,,,,,,,,,,,resolved,,BDS-CURATED-0122,43,35,20,0,0,0,0,D,Thiếu pháp lý; Thiếu quy hoạch; Thiếu tài chính,project_or_deal,,,review_not_published,held_for_review,narrative_sentence_name; insufficient_project_evidence,BDS-CURATED-0122; batch_695.txt;,2024-04-01,yes,yes,yes,no,no
BDS-MASTER-0314,mình khảo sát ở kcn Vĩnh Phúc khi bay flycam thì thấy hiện trạng là đất lúa xen kẽ nhiều nhà dân và có các đồi,1,2023-06-16,2023-06-16,batch_839.txt,Huy M - IM,21.473042,105.512568,"21.473042, 105.512568",https://goo.gl/maps/aChZ8vYJMZ8j6SjR7,,Vĩnh Phúc,,,kcn,,,,,,,,chưa có thông tin cao độ về dự á... by Huy M - IM,,,,,,,,,,,chưa có thông tin cao độ về dự á... by Huy M - IM,,,[2023-06-16] Huy M - IM 6/16/2023 9:22 PM Đối với hiện trạng dự án mình khảo sát ở kcn Vĩnh Phúc khi bay flycam thì thấy hiện trạng là đất lúa xen kẽ nhiều nhà dân và có các đồi cao Lúc đi vẫn chưa có thông tin cao độ về dự á... by Huy M - IM,24,mình khảo sát ở kcn Vĩnh Phúc khi bay flycam thì thấy hiện trạng là đất lúa xen kẽ nhiều nhà dân và có các đồi,mình khảo sát ở kcn vĩnh phúc khi bay flycam thì thấy hiện trạng là đất lúa xen kẽ nhiều nhà dân và có các đồi,,,,,,,,,,,,,,,,,,,,,batch_839.txt,36,matched_teams_map_link,matched_teams_map_link,,BDS-CURATED-0210,42,35,12,0,8,0,4,D,Thiếu diện tích đất; Thiếu quy hoạch; Thiếu tài chính,project_or_deal,,,review_not_published,held_for_review,name_missing_or_sentence; narrative_sentence_name,BDS-CURATED-0210; batch_839.txt;,2023-06-16,yes,no,no,yes,no
BDS-MASTER-0319,này image by Huy M - IM,1,2022-09-15,2022-09-15,batch_917.txt,Huy M - IM,11.5063152,106.6074213,"11.5063152, 106.6074213",https://goo.gl/maps/u7HMUhYJqdPGD9dz6,cụ thể của khu đất này image by Huy M - IM,,,,,,,,,,,,chưa có vị trí cụ thể của khu đất này image by Huy M - IM,,,,,,,,,,,chưa có vị trí cụ thể của khu đất này image by Huy M - IM,,,[2022-09-15] Huy M - IM 9/15/2022 11:47 AM Hiện tại theo các thông tin mình tìm kiếm trên mạng thì chưa có vị trí cụ thể của khu đất này image by Huy M - IM,24,này image by Huy M - IM,này image by huy m im,,,,,,,,,,,,,,,,,,,,,batch_917.txt,16,matched_teams_map_link,matched_teams_map_link,,BDS-CURATED-0214,42,35,12,0,8,0,4,D,Thiếu diện tích đất; Thiếu quy hoạch; Thiếu tài chính,project_or_deal,,,review_not_published,held_for_review,insufficient_project_evidence,BDS-CURATED-0214; batch_917.txt;,2022-09-15,yes,no,no,yes,no
BDS-MASTER-0275,(1) chưa có chủ trương đầu tư (Điểm cộng để xin thí điểm) + (2) dự án chưa đăng ký ngay đợt đầu như PGK nên sợ,1,2025-04-09,2025-04-09,batch_467.txt,Huy M - IM,18.790696,105.6402651,"18.790696, 105.6402651",https://goo.gl/maps/FmDxfXdHa9mdoGK99,,,,,,,,,,,,chủ trương đầu tư (Điểm cộng để xin thí điểm) + (2) dự án chưa đăng ký ngay đợt đầu như PGK nên sợ sẽ hết room Nói chuyện với anh Tâm thử xem by Unknown User,chưa có chủ trương đầu tư (Điểm cộng để xin thí điểm) + (2) dự án chưa đăng ký ngay đợt đầu như PGK nên sợ sẽ hết room Nói c,,,,,,,,,,,chưa có chủ trương đầu tư (Điểm cộng để xin thí điểm) + (2) dự án chưa đăng ký ngay đợt đầu như PGK nên sợ sẽ hết room Nói chuyện với anh Tâm thử xem by Unknown User,,,"[2025-04-09] Huy M - IM 4/9/2025 6:02 PM Translate Đúng rồi à cái này giống như PGK sẽ phải xin vào thí điểm, tuy nhiên dự án (1) chưa có chủ trương đầu tư (Điểm cộng để xin thí điểm) + (2) dự án chưa đăng ký ngay đợt đầu như PGK nên sợ sẽ hết room Nói chuyện với anh Tâm thử xem by Unknown User",24,(1) chưa có chủ trương đầu tư (Điểm cộng để xin thí điểm) + (2) dự án chưa đăng ký ngay đợt đầu như PGK nên sợ,1 chưa có chủ trương đầu tư điểm cộng để xin thí điểm 2 dự án chưa đăng ký ngay đợt đầu như pgk nên sợ,,,,,,,,,,,,,,,,,,,,chủ trương đầu tư (Điểm cộng để xin thí điểm) + (2) dự án chưa đăng ký ngay đợt đầu như PGK nên sợ sẽ hết room Nói chuyện với anh Tâm thử xem by Unknown User chưa có chủ trương đầu tư (Điểm cộng để; chủ trương đầu tư (Điểm cộng để xin thí điểm) + (2) dự án chưa đăng ký ngay đợt đầu như PGK nên sợ sẽ hết room Nói chuyện với anh Tâm thử xem by Unknown User,batch_812.txt,28,matched_teams_map_link,matched_teams_map_link,,BDS-CURATED-0182,41,28,12,0,14,0,4,D,Thiếu diện tích đất; Thiếu quy hoạch; Thiếu tài chính,project_or_deal,,,review_not_published,held_for_review,name_missing_or_sentence,BDS-CURATED-0182; batch_467.txt;,2025-04-09,yes,no,no,yes,no
BDS-MASTER-0322,rà soát và làm rõ các điểm pháp lý sau,1,2025-10-01,2025-10-01,batch_284.txt,Thao L - INVT,10.860864,106.699926,"10.860864, 106.699926",https://maps.app.goo.gl/bKZVkKUcnYGRLJWw5,,Bình Dương,,,,,,,,,,"tiền sử dụng đất: - TSDĐ là yếu tố ảnh hưởng trọng yếu đến hiệu quả tài chính của dự án. Với giá trị lớn, rủi ro tăng TSDĐ khiến dự án không đạt được hiệu quả tài chính mong muốn. - Cách tính hiện tại: P.ĐT đang tạm tính theo mức tối th; tiền sử dụng đất: + Theo timeline dự kiến tiền sử dụng sẽ được tính vào khoảng Q1.2026. Thời điểm này, có thể sẽ áp giá bán của các dự án mới với giá cao đã bán năm 2025 – 2026 gần PGK. + Hiện tại, giả định đang dùng tỷ lệ 4 lần đơn giá; pháp lý dự án (phương án Officetel): Cần P.PLDA rà soát và làm rõ các điểm pháp lý sau: - Loại hình sử dụng đất cho Officetel: đất ở lâu dài hay đất có thời hạn. - Thời hạn công trình: công trình Officetel sẽ được tính theo thờ",pháp lý dự án (phương án Officetel): Cần P.PLDA rà soát và làm rõ các điểm pháp lý sau:,,,,tiền sử dụng đất: + Theo timeline dự kiến tiền sử dụng sẽ được tính vào khoảng Q1.2026; TSDĐ được tính bằng 4; TSDĐ của dự án A&K (Q1,,,,,,,"Lưu ý: 1. Về tiền sử dụng đất: - TSDĐ là yếu tố ảnh hưởng trọng yếu đến hiệu quả tài chính của dự án. Với giá trị lớn, rủi ro tăng TSDĐ khiến dự án không đạt được hiệu quả tài chính mong muốn. - Cách tính hiện tại: P.ĐT đang; Rủi ro phát sinh làm tăng tiền sử dụng đất: + Theo timeline dự kiến tiền sử dụng sẽ được tính vào khoảng Q1.2026. Thời điểm này, có thể sẽ áp giá bán của các dự án mới với giá cao đã bán năm 2025 – 2026 gần PGK. + Hiện tại, gi",Cần P.PLDA rà soát và làm rõ các điểm pháp lý sau: - Loại hình sử dụng đất cho Officetel: đất ở lâu dài hay đất có thời hạn. - Thời hạn công trình: công trình Officetel sẽ được tính t,,"[2025-10-01] Thao L - INVT 10/1/2025 5:50 PM Translate Lưu ý: 1. Về tiền sử dụng đất: - TSDĐ là yếu tố ảnh hưởng trọng yếu đến hiệu quả tài chính của dự án. Với giá trị lớn, rủi ro tăng TSDĐ khiến dự án không đạt được hiệu quả tài chính mong muốn. - Cách tính hiện tại: P.ĐT đang tạm tính theo mức tối thiểu, với các giả định: + Thời điểm xác định là năm 2025. + Đơn giá TSDĐ được tính bằng 4 lần đơn giá Nhà nước đường Bình Chuẩn 67. Cơ sở: chênh lệch giữa đơn giá đất Nhà nước và đơn giá phê duyệt để tính TSDĐ của dự án A&K (Q1/2025) = 4 lần. - Rủi ro phát sinh làm tăng tiền sử dụng đất: + Theo timeline dự kiến tiền sử dụng sẽ được tính vào khoảng Q1.2026. Thời điểm này, có thể sẽ áp giá bán của các dự án mới với giá cao đã bán năm 2025 – 2026 gần PGK. + Hiện tại, giả định đang dùng tỷ lệ 4 lần đơn giá NN năm 2025 của Bình Dương (cũ). Tuy nhiên, thực tế cho thấy: . Bình Dương cũ: tỷ lệ tăng giá đất NN 2024–2025 không thay đổi. . TP.HCM cũ : tỷ lệ tăng giá đất NN 2024–2025 tăng mạnh nhiều lần. . Sau khi sáp nhập Bình Dương và TP.HCM, nhiều khả năng đơn giá NN tại Bình Dương sẽ tăng mạnh theo mặt bằng giá của TP.HCM, khó dự đoán chính xác => TSDĐ có thể tăng đột biến, ảnh hưởng nghiêm trọng đến hiệu",24,rà soát và làm rõ các điểm pháp lý sau,rà soát và làm rõ các điểm pháp lý sau,,,,,,,,,,,,tiền sử dụng đất: + Theo timeline dự kiến tiền sử dụng sẽ được tính vào khoảng Q1.2026; TSDĐ được tính bằng 4; TSDĐ của dự án A&K (Q1,,,,,,,"tiền sử dụng đất: - TSDĐ là yếu tố ảnh hưởng trọng yếu đến hiệu quả tài chính của dự án; TSDĐ khiến dự án không đạt được hiệu quả tài chính mong muốn; tiền sử dụng đất: + Theo timeline dự kiến tiền sử dụng sẽ được tính vào khoảng Q1; TSDĐ được tính bằng 4 lần đơn giá Nhà nước đường Bình Chuẩn 67; TSDĐ của dự án A&K (Q1/2025) = 4 lần; TSDĐ có thể tăng đột biến, ảnh hưởng nghiêm trọng đến hiệu",phê duyệt để tính TSDĐ của dự án A&K (Q1/2025) = 4 lần,batch_261.txt,12,matched_teams_map_link,matched_teams_map_link,,BDS-CURATED-0218,41,35,12,0,19,0,20,D,Thiếu diện tích đất; Thiếu quy hoạch; Thiếu tài chính,project_or_deal,,,review_not_published,held_for_review,insufficient_project_evidence,BDS-CURATED-0218; batch_284.txt;,2025-10-01,yes,no,no,yes,no
BDS-MASTER-0267,phân lô bán nền 4,1,,,batch_669.txt,,10.840838,106.919985,"10.840838, 106.919985",https://maps.app.goo.gl/sY5sb4n5Lvp2K2oz7,"Dự án nằm trong hẻm đường Quốc lộ 51, cách đường Quốc lộ 51 khoảng 850m, cách cao tốc Biên Hòa Vũng Tàu khoảng 1,2km, bên phải giáp đường ĐT 771 (quy hoạch), bên dưới giáp đường ĐT 777 (quy hoạch). Trong bán kính 2-3km c",Đồng Nai,Biên Hòa,49.000 m² (~4.90 ha),khu công nghiệp,,"quy hoạch), bên dưới giáp đường ĐT 777 (quy hoạch). Trong bán kính 2-3km có cách khu công nghiệp như: KCN Long Thành, KCN An Phước, KCN Tam Phước Cách dự",,,,,,,,,,,,,,,,,,,,"[] P.ĐT báo cáo nhanh anh Mr Mike1 -CEO về dự án phân lô bán nền 4,9ha Khu dân cư Tam Phước, phường Tam Phước, Thành phố Biên Hòa, tỉnh Đồng Nai (Nguồn: Mr. Duy - P.PTQĐ) như sau: 1/ Vị trí: Dự án nằm trong hẻm đường Quốc lộ 51, cách đường Quốc lộ 51 khoảng 850m, cách cao tốc Biên Hòa Vũng Tàu khoảng 1,2km, bên phải giáp đường ĐT 771 (quy hoạch), bên dưới giáp đường ĐT 777 (quy hoạch). Trong bán kính 2-3km có cách khu công nghiệp như: KCN Long Thành, KCN An Phước, KCN Tam Phước Cách dự",29,phân lô bán nền 4,phân lô bán nền 4,49.000 m² (~4.90 ha),49.000 m² (~4.90 ha),"4,9ha",,,,,,,,,,,,,,,,,,batch_609.txt,37,matched_teams_map_link,matched_teams_map_link,,BDS-CURATED-0177,39,35,13,0,0,0,0,D,Thiếu pháp lý; Thiếu quy hoạch; Thiếu tài chính,project_or_deal,,,review_not_published,held_for_review,narrative_sentence_name,BDS-CURATED-0177; batch_669.txt;,,yes,yes,yes,no,no
BDS-MASTER-0332,đối diện hiện tại là giá chào của khách lẻ,1,,,batch_343.txt,,10.9572431,106.7389459,"10.9572431, 106.7389459",https://maps.app.goo.gl/xomcfbw3UHPYcLxG8,,Đà Nẵng,,35.000 m² (~3.50 ha),căn hộ,,,,,,,,,"giá chào của khách lẻ, thứ cấp từ 76",,,,,,,,,,,,,"[] Dạ giá bán DA đối diện hiện tại là giá chào của khách lẻ, thứ cấp từ 76 đến 93 tr. DA đã bàn giao T6/2025 (Sun mở bán từ 2023) - DA đang tính (DA Trần Hưng Đạo) có diện tích nhỏ 2.000 m2, giá sẽ không cạnh tranh với DA đối diện lớn ~3,5 ha (650 căn hộ, 101 nhà phố, 45 villa). - Với Sun thương hiệu mạnh và làm nhiều DA ở Đà Nẵng, có sẵn tệp khách hàng. => P.Đt đang tính 75 tr là giá thận trọng và an toàn.",24,đối diện hiện tại là giá chào của khách lẻ,đối diện hiện tại là giá chào của khách lẻ,35.000 m² (~3.50 ha),35.000 m² (~3.50 ha),3.50 ha,2.000 m2,,,,,,,,"giá chào của khách lẻ, thứ cấp từ 76",,,,,,,,,batch_508.txt,16,matched_teams_map_link,matched_teams_map_link,,BDS-CURATED-0226,39,35,13,0,0,0,0,D,Thiếu pháp lý; Thiếu quy hoạch; Thiếu tài chính,project_or_deal,,,review_not_published,held_for_review,insufficient_project_evidence,BDS-CURATED-0226; batch_343.txt;,,yes,yes,no,no,no
BDS-MASTER-0127,Giá bán đề xuất,1,2022-09-06,2022-09-06,batch_917.txt,Thao L - INVT,21.250395,105.5350413,"21.250395, 105.5350413",https://goo.gl/maps/eqfdgJBc7XT7VhAW8,,,,32.000 m² (~3.20 ha),Khách sạn,,,xây dựng từ 3-5 tầng; xây dựng từ 3-4 tầng; xây dựng 5 tầng,,,,"Tiền sử dụng đất: K.ĐT đang tính toán phương án trả tiền thuê đất một lần cho toàn bộ diện tích khuôn viên các thương phẩm là 5.6ha (hiện tại đối tác đã đóng tiền thuê đất một lần cho 1.4ha), vì thế K.ĐT tạm tính phần trả tiền thuê đất; thuê đất hằng năm, tổng 671tỷ (đến 2064, chia từng năm đóng, miễn giảm 15 năm đầu dự án) Các loại hình sản phẩm phát triển: Khách sạn: 938 phòng, diện tích phòng trung bình: 35m2/phòng Biệt thự phía trong: 28 căn, diện tích đất; pháp lý Quý I/2024 - III/2025: Xây dựng Quý II/2024 - III/2025: Có doanh thu từ bán hàng Quý III/2025: Bắt đầu hoạt động khách sạn Giá bán đề xuất: Giá hiện tại: Giá tương lai: Khách sạn 143USD/phòng/đêm (Bắt đầu kinh doanh từ",pháp lý Quý I/2024 - III/2025: Xây dựng Quý II/2024 - III/2025: Có doanh thu từ bán hàn,,200tỷ; 4.7tr/m2; 671tỷ,Giá bán đề xuất: Giá hiện tại: Giá tương lai: Khách sạn 143USD,,,"DTSXD trung bình: 595m2 sàn/căn Biệt thự phía trong: 8 căn, diện tích đất trung bình 576m2 đất/căn, xây dựng từ 3-4 t; DTSXD trung bình: 730m2 sàn/căn Shophouse: 39 căn, diện tích đất trung bình 253m2 đất/căn, xây dựng 5 t",,"IRR = 14,72%",,,đề xuất: Giá hiện tại: Giá tương lai: Khách sạn 143USD/phòng/đêm (Bắt đầu kinh doanh từ quý III/2025) Khách sạn 143USD/phòng/đêm (Bắt đầu kinh doanh từ quý III/2025) Biệt thự phía trong 47.5tr.đ/m2 đất và 18tr.đ/m2 sàn Biệt thự,đề xuất: Giá hiện tại: Giá tương lai: Khách sạn 143USD/phòng/đêm (Bắt đầu kinh doanh từ quý III/2025) Khách sạn 143USD/phòng/đêm (Bắt đầu kinh doanh từ quý III/2025) Biệt thự phía trong 4,,"[2022-09-06] Thao L - INVT 9/6/2022 4:52 PM Phương án kinh doanh và sản phẩm triển khai: Tiền sử dụng đất: K.ĐT đang tính toán phương án trả tiền thuê đất một lần cho toàn bộ diện tích khuôn viên các thương phẩm là 5.6ha (hiện tại đối tác đã đóng tiền thuê đất một lần cho 1.4ha), vì thế K.ĐT tạm tính phần trả tiền thuê đất một lần đóng thêm là 4.2ha tương đương 200tỷ (~4.7tr/m2) Và phần diện tích cây xanh cảnh quan nội khu còn lại là 3.2ha sẽ đóng tiền thuê đất hằng năm, tổng 671tỷ (đến 2064, chia từng năm đóng, miễn giảm 15 năm đầu dự án) Các loại hình sản phẩm phát triển: Khách sạn: 938 phòng, diện tích phòng trung bình: 35m2/phòng Biệt thự phía trong: 28 căn, diện tích đất trung bình: 413m2đất/căn, xây dựng từ 3-5 tầng, DTSXD trung bình: 595m2 sàn/căn Biệt thự phía trong: 8 căn, diện tích đất trung bình 576m2 đất/căn, xây dựng từ 3-4 tầng, DTSXD trung bình: 730m2 sàn/căn Shophouse: 39 căn, diện tích đất trung bình 253m2 đất/căn, xây dựng 5 tầng, DTSXD trung bình: 576m2 sàn/căn Thời gian kiển khai: Quý IV/2022 - IV/2023: Triển khai dự án, hoàn thành các thủ tục pháp lý Quý I/2024 - III/2025: Xây dựng Quý II/2024 - III/2025: Có doanh thu từ bán hàng Quý III/2025: Bắt đầu hoạt động khách sạn Gi",53,Giá bán đề xuất,giá bán đề xuất,32.000 m² (~3.20 ha),32.000 m² (~3.20 ha),3.20 ha,5.6ha; 1.4ha; 4.2ha; 35m2; 595m2; 576m2; 730m2; 253m2,,,,,"IRR = 14,72%",,,"200tỷ; 4.7tr/m2; 671tỷ; Giá bán đề xuất: Giá hiện tại: Giá tương lai: Khách sạn 143USD; DTSXD trung bình: 595m2 sàn/căn Biệt thự phía trong: 8 căn, diện tích đất trung bình 576m2 đất/căn, xây dựng từ 3-4 t; DTSXD trung bình: 730m2 sàn/căn Shophouse: 39 căn, diện tích đất trung bình 253m2 đất/căn, xây dựng 5 t; IRR = 14,72%",,xây dựng từ 3-5 tầng; xây dựng từ 3-4 tầng; xây dựng 5 tầng,,,,,Tiền sử dụng đất: K,"thuê đất một lần cho toàn bộ diện tích khuôn viên các thương phẩm là 5; thuê đất một lần cho 1; thuê đất; thuê đất hằng năm, tổng 671tỷ (đến 2064, chia từng năm đóng, miễn giảm 15 năm đầu dự án) Các loại hình sản phẩm phát triển: Khách sạn: 938 phòng, diện tích phòng trung bình: 35m2/phòng Biệ; thuê đất một lần đóng thêm là 4",batch_917.txt,16,matched_teams_map_link,suspicious_shared_by_many_projects,,BDS-CURATED-0076,38,10,20,4,19,10,15,D,Tọa độ nghi ngờ,project_or_deal,,,review_not_published,held_for_review,report_or_scenario_subject,BDS-CURATED-0076; batch_917.txt;,2022-09-06,no,yes,no,yes,yes
BDS-MASTER-0040,"Khách sạn 5 sao 12 Hùng Vương, Đà Lạt",1,,,batch_149.txt,,11.941268,108.463187,"11.941268, 108.463187",https://maps.app.goo.gl/6iyNdteYfVyyT9Xy9,"12 Hùng Vương, TP Đà Lạt, Tỉnh Lâm Đồng (Map: https://maps.app.goo.gl/6iyNdteYfVyyT9Xy9) Pháp lý: Đất ở, thời hạn sử dụng đất: lâu dài Quy hoạch: Được quy hoạch làm khách sạn 5 tầng + 2 hầm, tính theo phương án 159 phòng",Đà Lạt,Đà Lạt,,Khách sạn,,"Quy hoạch: Được quy hoạch làm khách sạn 5 tầng + 2 hầm, tính theo phương án 159 phòng. II. ĐÁNH GIÁ HIỆU QUẢ DỰ ÁN GIẢ ĐỊNH: 1. Phương án kinh doanh (Theo anh David Cường) 2. Tổng Mức Đầu T",,,,,"Pháp lý: Đất ở, thời hạn sử dụng đất: lâu dài Quy hoạch: Được quy hoạch làm khách sạn 5 tầng + 2 hầm, tính theo phương án 159 phòng. II. ĐÁNH GIÁ HIỆU QUẢ DỰ ÁN GIẢ ĐỊNH: 1. Phương án kinh doanh (Theo anh David Cường) 2. Tổng M","Pháp lý: Đất ở, thời hạn sử dụng đất: lâu dài Quy hoạch: Được quy hoạch làm khách sạn 5",,,,,,"dteYfVyyT9Xy9) Pháp lý: Đất ở, thời hạn sử dụng đất: lâu dài Quy hoạch: Được quy hoạch làm khách sạn 5 t",,,,,"chưa có TMĐT nên BP Đầu tư giả định gồm có CPXD và tiền đất Nhận xét: Do quỹ đất là đất TMDV có thời hạn sử dụng lâu dài, giá trị quyền sử dụng đất không bị giảm sau khi dự án khách sạn kết thúc vòng đời vận hành. Do đó Bộ p",,,"[] P.ĐT xin báo cáo Sếp Admin 01 về dự án Khách sạn 5 sao tại đường 12 Hùng Vương, TP Đà Lạt, Tỉnh Lâm Đồng như sau: I. SƠ BỘ VỀ DỰ ÁN Vị trí: 12 Hùng Vương, TP Đà Lạt, Tỉnh Lâm Đồng (Map: https://maps.app.goo.gl/6iyNdteYfVyyT9Xy9) Pháp lý: Đất ở, thời hạn sử dụng đất: lâu dài Quy hoạch: Được quy hoạch làm khách sạn 5 tầng + 2 hầm, tính theo phương án 159 phòng. II. ĐÁNH GIÁ HIỆU QUẢ DỰ ÁN GIẢ ĐỊNH: 1. Phương án kinh doanh (Theo anh David Cường) 2. Tổng Mức Đầu Tư Dự Án: Hiện chưa có TMĐT nên BP Đầu tư giả định gồm có CPXD và tiền đất Nhận xét: Do quỹ đất là đất TMDV có thời hạn sử dụng lâu dài, giá trị quyền sử dụng đất không bị giảm sau khi dự án khách sạn kết thúc vòng đời vận hành. Do đó Bộ phận đầu tư sẽ tính theo 2 phương án: Phương án có đất Phương án không có đất (đánh giá tỷ suất lợi nhuận dựa trên chi phí đầu tư xây dựng ban đầu) a) Hiệu quả 2 phương án b) Độ nhạy Độ nhạy TMĐT/Phòng (bao gồm VAT)/phòng và Giá thuê (bao gồm VAT) đối với PA bao gồm đất Độ nhạy TMĐT/Phòng (Bao gồm VAT)/phòng và Giá thuê (bao gồm VAT) đối với PA không bao gồm đất Ủa chỗ giá bán đất là sao nhỉ by Admin 01",53,Khách sạn 5 sao 12 Hùng Vương Đà Lạt,"khách sạn 5 sao 12 hùng vương, đà lạt",,,,,,,,,,,,"dteYfVyyT9Xy9) Pháp lý: Đất ở, thời hạn sử dụng đất: lâu dài Quy hoạch: Được quy hoạch làm khách sạn 5 t",,,,,,,,,,,,resolved,,BDS-CURATED-0084,38,35,5,0,8,0,4,D,Thiếu diện tích đất; Thiếu quy hoạch; Thiếu tài chính,project_or_deal,,,review_not_published,held_for_review,insufficient_project_evidence,BDS-CURATED-0084; batch_149.txt;,,yes,no,yes,yes,no
BDS-MASTER-0491,Minh Ngọc,1,2022-09-19,2022-09-19,batch_917.txt,,10.7867189,106.6664747,"10.7867189, 106.6664747",https://goo.gl/maps/cUNDNuwk9M5KBSbJA; https://goo.gl/maps/cUNDNuwk9M5KBSbJA**,,Hồ Chí Minh,Quận 3,,,,,,,,,,,,,,,,,,,,,,,"Báo cáo DA Minh Ngọc, CMT8, Q3.pdf","[] Báo cáo DA Minh Ngọc, CMT8, Q3.pdf 10°47'12.2""N 106°40'02.0""E · 588/c2 Đ. Cách Mạng Tháng 8, Phường 11, Quận 3, Thành phố Hồ Chí Minh 760000, Vietnam 588/c2 Đ. Cách Mạng Tháng 8, Phường 11, Quận 3, Thành phố Hồ Chí Minh 760000, Vietnam goo.gl",6,Minh Ngọc,minh ngọc,,,,,,,,,,,,,,,,,,,,,batch_917.txt,20,matched_teams_map_link,matched_teams_map_link,,BDS-CURATED-0305,38,35,12,0,0,0,0,D,Thiếu diện tích đất; Thiếu pháp lý; Thiếu quy hoạch; Thiếu tài chính,project_or_deal,,,review_not_published,held_for_review,insufficient_project_evidence,BDS-CURATED-0305; batch_917.txt;,2022-09-19,yes,no,no,no,no
BDS-MASTER-0294,SwanBay 456 ha,1,2023-06-05,2023-06-05,batch_867.txt,Huy M - IM,10.698445,107.080430,"10.698445, 107.080430",https://maps.app.goo.gl/9PHZkvYiuadCm992A,,,,4.560.000 m² (~456.00 ha),nhà phố,,,,,,,,,,,,,,,,,,,,,,"[2023-06-05] Huy M - IM 6/5/2023 12:25 PM Bên dự án Swanbay 456ha hiện Dic đã chuyển nhượng lại các dự án thành phần cho các chủ đầu tư khác nên có nhiều dự án con. Bên Aqua cũng khá nhiều phân khu. Team thu thập giá các loại hình nhà phố, shophouse, villa. Ngày mai sẽ gửi tổng hợp so sánh báo cáo Tuấn nhé. ok by Unknown User",24,Swanbay 456ha hiện Dic đã chuyển nhượng lại các dự án thành phần cho các chủ đầu tư khác nên có nhiều dự án co,swanbay 456ha hiện dic đã chuyển nhượng lại các dự án thành phần cho các chủ đầu tư khác nên có nhiều dự án co,4.560.000 m² (~456.00 ha),4.560.000 m² (~456.00 ha),456.00 ha,,,,,,,,,,,,,,,,,,batch_728.txt,28,matched_teams_map_link,matched_teams_map_link,,BDS-CURATED-0194,37,28,20,0,0,0,0,D,Thiếu pháp lý; Thiếu quy hoạch; Thiếu tài chính,project_or_deal,,,review_not_published,held_for_review,insufficient_project_evidence,BDS-CURATED-0194; batch_867.txt;,2023-06-05,yes,yes,no,no,no
BDS-MASTER-0263,mình lên gia tăng hiệu quả đầu tư vì không tốn thêm bộ máy vận hành,1,2023-04-26,2023-04-26,batch_893.txt,Huy M - IM,20.2891035,106.5480499,"20.2891035, 106.5480499",https://goo.gl/maps/nSTM1wgMZyyzcAhg9,,,,750.000 m² (~75.00 ha),,,,,,,,,,,,,,,,,,,,đề xuất nếu được mình xin thêm 75ha bên cạnh để scale dự án mình lên gia tăng hiệu quả đầu tư vì không tốn thêm bộ máy vận hành. Và sẽ ăn theo được khu Vsip khi họ phát triển Link https://goo.gl/maps/nSTM1wgMZyyzcAhg9 by Unknow,đề xuất nếu được mình xin thêm 75ha bên cạnh để scale dự án mình lên gia tăng hiệu quả đầu tư vì không tốn thêm bộ máy vận hành. Và sẽ ăn theo được khu Vsip khi họ phát triển Link https:/,,[2023-04-26] Huy M - IM 4/26/2023 10:10 AM Anh có đề xuất nếu được mình xin thêm 75ha bên cạnh để scale dự án mình lên gia tăng hiệu quả đầu tư vì không tốn thêm bộ máy vận hành. Và sẽ ăn theo được khu Vsip khi họ phát triển Link https://goo.gl/maps/nSTM1wgMZyyzcAhg9 by Unknown User,29,mình lên gia tăng hiệu quả đầu tư vì không tốn thêm bộ máy vận hành,mình lên gia tăng hiệu quả đầu tư vì không tốn thêm bộ máy vận hành,750.000 m² (~75.00 ha),750.000 m² (~75.00 ha),75.00 ha,,,,,,,,,,,,,,,,,,batch_893.txt,36,matched_teams_map_link,matched_teams_map_link,,BDS-CURATED-0173,37,28,20,0,0,0,0,D,Thiếu pháp lý; Thiếu quy hoạch; Thiếu tài chính,project_or_deal,,,review_not_published,held_for_review,narrative_sentence_name,BDS-CURATED-0173; batch_893.txt;,2023-04-26,yes,yes,no,no,no
BDS-MASTER-0308,khi thực hiện kcn phải san lấp thêm ở mức bao nhiêu nên cũng chưa ước tính chi phí san lấp cho dự án này,1,2023-06-16,2023-06-16,batch_838.txt,Huy M - IM,16.077574,108.246196,"16.077574, 108.246196",https://maps.app.goo.gl/o5yA5cAF8qJoTZqW8,,,,,kcn,,,,,,,,chưa có thông tin cao độ về dự án khi thực hiện kcn phải san lấp thêm ở mức bao nhiêu nên cũng chưa ước tính chi phí san lấp,,,,,,,,,,,"chưa có thông tin cao độ về dự án khi thực hiện kcn phải san lấp thêm ở mức bao nhiêu nên cũng chưa ước tính chi phí san lấp cho dự án này. Nên chưa rõ lắm về chi phí 1.5 trđ Tuấn đang đề cập à image by Unknown User, has an",,,"[2023-06-16] Huy M - IM 6/16/2023 9:24 PM Edited Lúc đi vẫn chưa có thông tin cao độ về dự án khi thực hiện kcn phải san lấp thêm ở mức bao nhiêu nên cũng chưa ước tính chi phí san lấp cho dự án này. Nên chưa rõ lắm về chi phí 1.5 trđ Tuấn đang đề cập à image by Unknown User, has an attachment.",24,khi thực hiện kcn phải san lấp thêm ở mức bao nhiêu nên cũng chưa ước tính chi phí san lấp cho dự án này,khi thực hiện kcn phải san lấp thêm ở mức bao nhiêu nên cũng chưa ước tính chi phí san lấp cho dự án này,,,,,,,,,,,,,,,,,,,,,batch_523.txt,28,matched_teams_map_link,matched_teams_map_link,,BDS-CURATED-0205,36,28,12,0,8,0,4,D,Thiếu diện tích đất; Thiếu quy hoạch; Thiếu tài chính,project_or_deal,,,review_not_published,held_for_review,name_missing_or_sentence,BDS-CURATED-0205; batch_838.txt;,2023-06-16,yes,no,no,yes,no
BDS-MASTER-0270,tuy đạt hiệu quả đầu tư về mặt tính toán nhưng sẽ bị vướng mắc về Pháp lý đất (đất SKC bị hết hạn,2,2024-12-06,2024-12-06,batch_584.txt; batch_631.txt,Huy M - IM,16.053387,108.247727,"16.053387, 108.247727",https://maps.app.goo.gl/xQZeRwkJHuyDhx496,,,,,,,"quy hoạch=> bị thu hồi), dự án chưa được phê duyệt chủ chương đầu tư, Công ty Việt An chưa có QSDĐ hợp pháp nên sẽ có thể phải thực hiện đấu thấu. Chi tiết nội dung này phần đề xuất và báo; quy hoạch=> bị thu hồi), dự án chưa được phê duyệt chủ chương đầu tư, Công ty Việt An chưa có QSDĐ hợp pháp nên",,,,,"Pháp lý đất (đất SKC bị hết hạn, không gia hạn được do không phù hợp quy hoạch=> bị thu hồi), dự án chưa được phê duyệt chủ chương đầu tư, Công ty Việt An chưa có QSDĐ hợp pháp nên sẽ có thể phải thực hiện đấu thấu. Chi tiết nộ; pháp lý dự án Nhờ a Nghiệp check ply a by Unknown User; Pháp lý đất (đất SKC bị hết hạn, không gia hạn được do không phù hợp quy hoạch=> bị thu hồi), dự án chưa được phê duyệt chủ chương đầu tư, Công ty Việt An chưa có QSDĐ hợp pháp nên","Pháp lý đất (đất SKC bị hết hạn, không gia hạn được do không phù hợp quy hoạch=> bị thu",,,,,,,,,,,"vướng mắc về Pháp lý đất (đất SKC bị hết hạn, không gia hạn được do không phù hợp quy hoạch=> bị thu hồi), dự án chưa được phê duyệt chủ chương đầu tư, Công ty Việt An chưa có QSDĐ hợp pháp nên sẽ có thể phải thực hiện đấu th; đề xuất và báo cáo pháp lý dự án Nhờ a Nghiệp check ply a by Unknown User; vướng mắc về Pháp lý đất (đất SKC bị hết hạn, không gia hạn được do không phù hợp quy hoạch=> bị thu hồi), dự án chưa được phê duyệt chủ chương đầu tư, Công ty Việt An chưa có QSDĐ hợp pháp nên",đề xuất và báo cáo pháp lý dự án Nhờ a Nghiệp check ply a by Unknown User,,"[2024-12-06] Huy M - IM 12/6/2024 8:05 AM Translate Dự án tuy đạt hiệu quả đầu tư về mặt tính toán nhưng sẽ bị vướng mắc về Pháp lý đất (đất SKC bị hết hạn, không gia hạn được do không phù hợp quy hoạch=> bị thu hồi), dự án chưa được phê duyệt chủ chương đầu tư, Công ty Việt An chưa có QSDĐ hợp pháp nên sẽ có thể phải thực hiện đấu thấu. Chi tiết nội dung này phần đề xuất và báo cáo pháp lý dự án Nhờ a Nghiệp check ply a by Unknown User

---

[2024-12-06] Huy M - IM 12/6/2024 8:05 AM Translate Dự án tuy đạt hiệu quả đầu tư về mặt tính toán nhưng sẽ bị vướng mắc về Pháp lý đất (đất SKC bị hết hạn, không gia hạn được do không phù hợp quy hoạch=> bị thu hồi), dự án chưa được phê duyệt chủ chương đầu tư, Công ty Việt An chưa có QSDĐ hợp pháp nên",29,tuy đạt hiệu quả đầu tư về mặt tính toán nhưng sẽ bị vướng mắc về Pháp lý đất (đất SKC bị hết hạn,tuy đạt hiệu quả đầu tư về mặt tính toán nhưng sẽ bị vướng mắc về pháp lý đất đất skc bị hết hạn,,,,,,,,,,,,,,,,,,,,"phê duyệt chủ chương đầu tư, Công ty Việt An chưa có QSDĐ hợp pháp nên sẽ có thể phải thực hiện đấu thấu; phê duyệt chủ chương đầu tư, Công ty Việt An chưa có QSDĐ hợp pháp nên Pháp lý đất (đất SKC bị hết hạn, không gia hạn được do không phù hợp quy hoạch=> bị thu hồi), dự án chưa được phê duyệ; phê duyệt chủ chương đầu tư, Công ty Việt An chưa có QSDĐ hợp pháp nên Pháp lý đất (đất SKC bị hết hạn, không gia hạn được do không phù hợp quy hoạch=> bị thu [2024-12-06] Huy M - IM 12/6/2; phê duyệt chủ chương đầu tư, Công ty Việt An chưa có QSDĐ hợp pháp nên",batch_631.txt,32,matched_teams_map_link,matched_teams_map_link,,BDS-CURATED-0179,36,28,17,0,14,0,17,D,Thiếu diện tích đất; Thiếu quy hoạch; Thiếu tài chính,project_or_deal,,,review_not_published,held_for_review,name_missing_or_sentence; narrative_sentence_name,BDS-CURATED-0179; batch_584.txt; batch_631.txt;,2024-12-06,yes,no,yes,yes,no
BDS-MASTER-0299,cao tầng phải đầu tư 2–3 tầng hầm Trường hợp cần rà soát chi tiết và cập nhật chính xác hơn,1,2026-05-27,2026-05-27,batch_066.txt,Admin 01,10.9572431,106.7389459,"10.9572431, 106.7389459",https://maps.app.goo.gl/xomcfbw3UHPYcLxG8,,,,,cao tầng,,"QH đang theo hướng tối ưu chi phí xây dựng, gồm: chỉ bố trí 01 tầng hầm và khối tháp cao khoảng 35–40 tầng, đồng thời sử dụng giải pháp để xe nổi. => Vì vậy, chi phí xây dựng dự kiến","cao khoảng 35–40 tầng; cao tầng phải đầu tư 2–3 tầng; xây dựng, gồm: chỉ bố trí 01 tầng",,,,,,,,,,,,,,,,,"cần rà soát chi tiết và cập nhật chính xác hơn, P.ĐT sẽ phối hợp cung cấp thêm thông tin đầu vào để P.QS tính toán và cập nhật lại chi phí xây dựng cụ thể ạ Anh nghĩ nên tăng cp bán h",,"[2026-05-27] Admin 01 5/27/2026 4:35 PM Với chi phí dự phòng cũng cao hơn Về chi phí xây dựng: -Đối với khối cao tầng, hiện phương án thiết kế từ P.QH đang theo hướng tối ưu chi phí xây dựng, gồm: chỉ bố trí 01 tầng hầm và khối tháp cao khoảng 35–40 tầng, đồng thời sử dụng giải pháp để xe nổi. => Vì vậy, chi phí xây dựng dự kiến sẽ không quá nặng như các dự án cao tầng phải đầu tư 2–3 tầng hầm Trường hợp cần rà soát chi tiết và cập nhật chính xác hơn, P.ĐT sẽ phối hợp cung cấp thêm thông tin đầu vào để P.QS tính toán và cập nhật lại chi phí xây dựng cụ thể ạ Anh nghĩ nên tăng cp bán hàng đi, ngoài đảo... by Admin 01",24,cao tầng phải đầu tư 2–3 tầng hầm Trường hợp cần rà soát chi tiết và cập nhật chính xác hơn,cao tầng phải đầu tư 2 3 tầng hầm trường hợp cần rà soát chi tiết và cập nhật chính xác hơn,,,,,,,,,,,,,,"cao khoảng 35–40 tầng; cao tầng phải đầu tư 2–3 tầng; xây dựng, gồm: chỉ bố trí 01 tầng",,,,,,,batch_508.txt,32,matched_teams_map_link,matched_teams_map_link,,BDS-CURATED-0198,35,28,12,4,0,0,0,D,Thiếu diện tích đất; Thiếu pháp lý; Thiếu tài chính,project_or_deal,,,review_not_published,held_for_review,report_or_scenario_subject,BDS-CURATED-0198; batch_066.txt;,2026-05-27,yes,no,yes,no,no
BDS-MASTER-0090,có mặt tiền rộng khoảng 100m ngay đường Nguyễn Hữu Thọ,1,2022-08-26,2022-08-26,batch_917.txt,Trieu Nguyen-PTDT,10.6873566,106.7186056,"10.6873566, 106.7186056",https://goo.gl/maps/k4R8TwNVtrg4BrJc9,"và hiện trạng: - Dự án có mặt tiền rộng khoảng 100m ngay đường Nguyễn Hữu Thọ, Nhà Bè, TPHCM, cách đường Nguyễn Văn Linh, Q7 khoảng 5km, cách trung tâm Q1 khoảng 11km, cách sân bay Tân Sơn Nhất khoảng 17km - Nằm đối diện",TPHCM,,794 m²,chung cư,,"quy hoạch: - QH 1.2000: + Đất thương mại 793.62m2 (2.29%) + Đất chung cư: 22266.33m2 (64.11%), HSSD 3.85 - 4.93 lần, MĐXD 20%, 18 - 23 tầng cao, dân số 2448 + Hành lang điện: 74.07m2 (0.21%",,,MĐXD 20%; MĐXD chỉ 20%,dân số 2448,"Pháp lý đất: - Chưa có hồ sơ cụ thể - Bản vẽ hiện trạng: 34729m2 đất nông 3. Pháp lý đầu tư: chưa có 4. Pháp lý quy hoạch: - QH 1.2000: + Đất thương mại 793.62m2 (2.29%) + Đất chung cư: 22266.33m2 (64.11%), HSSD 3.85 - 4.93 lần; Pháp lý xây dựng: Chưa có 6. Loại hình phát triển: Chung cư trung cao cấp - 1 sàn TMDV (giá thuê khoán $8/m2/tháng có VAT) và 26 căn shop thương mại (giá bán trung bình 70tr/m2 sàn thông thủy có VAT) - 1050 căn chung cư (giá bá",Pháp lý đất: - Chưa có hồ sơ cụ thể - Bản vẽ hiện trạng: 34729m2 đất nông 3. Pháp lý đầ,giá chào 589 tỷ,589 tỷ; 17tr/m2; 70tr/m2; 64tr/m2; 57tr/m2; 130tr/m2; 77tr/m2; 65tr/m2; 203 tr/m2; 158 tr/m2; 157tr/m2; 140tr/m2; 85tr/m2; 82tr/m2; 3390 tỷ; 4710 tỷ; 690 tỷ,giá bán trung bình 70tr/m2; giá bán trung bình 64tr/m2; giá bán đất 57tr/m2; Giá bán chung cư dự kiến (sàn thông thủy có VAT): + Grand Sentosa 104 – 130tr/m2,,,,,,,,"Chưa có hồ sơ cụ thể - Bản vẽ hiện trạng: 34729m2 đất nông 3. Pháp lý đầu tư: chưa có 4. Pháp lý quy hoạch: - QH 1.2000: + Đất thương mại 793.62m2 (2.29%) + Đất chung cư: 22266.33m2 (64.11%), HSSD 3.85 - 4.93 lần, MĐXD 20%,; Chưa có 6. Loại hình phát triển: Chung cư trung cao cấp - 1 sàn TMDV (giá thuê khoán $8/m2/tháng có VAT) và 26 căn shop thương mại (giá bán trung bình 70tr/m2 sàn thông thủy có VAT) - 1050 căn chung cư (giá bán trung bình 64; đề xuất đầu tư thêm cảnh quan cây xanh để cạnh tranh với các dự án cùng khu vực, sống xanh cũng đang là xu hướng ưa chuộng trong tương lai tại các dự án chung cư 7. Khảo sát thị trường: - Giá bán chung cư dự kiến (sàn thông thủ","đề xuất đầu tư thêm cảnh quan cây xanh để cạnh tranh với các dự án cùng khu vực, sống xanh cũng đang là xu hướng ưa chuộng trong tương lai tại các dự án chung cư 7. Khảo sát thị trường: -",,"[2022-08-26] Trieu Nguyen-PTDT 8/26/2022 2:10 PM Edited Dear anh Tuan Tran-CEO, Anh Binh Vo-GD-PTDT và Mi đã gặp bên chào bán là công ty Anh Tuấn để lấy thông tin sơ bộ 2 dự án 3.4ha và 3ha, thông tin cụ thể: A/ Dự án 3.4ha tại đường Nguyễn Hữu Thọ, Nhà Bè, TPHCM có giá chào 589 tỷ (17tr/m2 đất): 1. Vị trí và hiện trạng: - Dự án có mặt tiền rộng khoảng 100m ngay đường Nguyễn Hữu Thọ, Nhà Bè, TPHCM, cách đường Nguyễn Văn Linh, Q7 khoảng 5km, cách trung tâm Q1 khoảng 11km, cách sân bay Tân Sơn Nhất khoảng 17km - Nằm đối diện dự án GS Metro City, cách dự án Zeitgeist khoảng 600m - Hiện trạng đất trống (theo quan sát vệ tinh), có chiều sâu so với đường Nguyễn Hữu Thọ khoảng 380m 2. Pháp lý đất: - Chưa có hồ sơ cụ thể - Bản vẽ hiện trạng: 34729m2 đất nông 3. Pháp lý đầu tư: chưa có 4. Pháp lý quy hoạch: - QH 1.2000: + Đất thương mại 793.62m2 (2.29%) + Đất chung cư: 22266.33m2 (64.11%), HSSD 3.85 - 4.93 lần, MĐXD 20%, 18 - 23 tầng cao, dân số 2448 + Hành lang điện: 74.07m2 (0.21%) + Đất giao thông: 11595m2 (33.39%) 5. Pháp lý xây dựng: Chưa có 6. Loại hình phát triển: Chung cư trung cao cấp - 1 sàn TMDV (giá thuê khoán $8/m2/tháng có VAT) và 26 căn shop thương mại (giá bán trung bình 70tr/m2 sàn thôn",65,có mặt tiền rộng khoảng 100m ngay đường Nguyễn Hữu Thọ,có mặt tiền rộng khoảng 100m ngay đường nguyễn hữu thọ,794 m²,794 m²,793.62m2,729m2; 3.4ha; 3ha; 794 m²; 595m2; 266.33m2; 74.07m2,giá chào 589 tỷ,,,,,,,giá chào 589 tỷ; 589 tỷ; 17tr/m2; 70tr/m2; 64tr/m2; 57tr/m2; 130tr/m2; 77tr/m2; 65tr/m2; 203 tr/m2; 158 tr/m2; 157tr/m2; 140tr/m2; 85tr/m2; 82tr/m2; 3390 tỷ; 4710 tỷ; 690 tỷ; giá bán trung bình 70tr/m2; giá bán trung bình 64tr/m2; giá bán đất 57tr/m2; Giá bán chung cư dự kiến (sàn thông thủy có VAT): + Grand Sentosa 104 – 130tr/m2,,,dân số 2448,MĐXD 20%; MĐXD chỉ 20%,,,,,batch_917.txt,45,matched_teams_map_link,suspicious_shared_by_many_projects,,BDS-CURATED-0042,35,17,20,6,8,11,19,D,Tọa độ nghi ngờ,project_or_deal,,,review_not_published,held_for_review,narrative_sentence_name,BDS-CURATED-0042; batch_917.txt;,2022-08-26,no,yes,yes,yes,yes
BDS-MASTER-0431,Võ Văn Kiệt – Gộp 2 lô,1,,,batch_062.txt,,10.8403809,106.7198151,"10.8403809, 106.7198151","https://www.google.com/maps?q=10.8403809; https://www.google.com/maps?q=10.8403809,106.7198151&entry=gps&shh=CAE&lucs=,94297699,94231188,9428",,Phú Quốc,Phú Quốc,,,,,,,,,,,,,,,,,,,,,đề xuất giá của phòng R&D. 28.5 P.ĐT BC Trinh Bay DA Vo Van Kiet Gop 2 Lo (IN).pdf 27052026_R&D_2VVK - IN.pdf Sao Phú Quốc xây 16tr mà ĐN xây 21tr lận by Admin 01,đề xuất giá của phòng R&D. 28.5 P.ĐT BC Trinh Bay DA Vo Van Kiet Gop 2 Lo (IN).pdf 27052026_R&D_2VVK - IN.pdf Sao Phú Quốc xây 16tr mà ĐN xây 21tr lận by Admin 01,Phòng xin gửi đính kèm Báo cáo Đầu tư (dạng trình bày) và Báo cáo đề xuất giá của phòng R&D. 28.5 P.ĐT BC Trinh Bay DA Vo Van Kiet Gop 2 Lo (IN).pdf; 27052026_R&D_2VVK - IN.pdf,[] Phòng xin gửi đính kèm Báo cáo Đầu tư (dạng trình bày) và Báo cáo đề xuất giá của phòng R&D. 28.5 P.ĐT BC Trinh Bay DA Vo Van Kiet Gop 2 Lo (IN).pdf 27052026_R&D_2VVK - IN.pdf Sao Phú Quốc xây 16tr mà ĐN xây 21tr lận by Admin 01,12,Vo Van Kiet Gop 2 Lo (IN),võ văn kiệt – gộp 2 lô,,,,,,,,,,,,,,,,,,,,,batch_062.txt,12,matched_teams_map_link,matched_teams_map_link,,BDS-CURATED-0282,34,35,5,0,0,0,0,D,Thiếu diện tích đất; Thiếu pháp lý; Thiếu quy hoạch; Thiếu tài chính,project_or_deal,,,review_not_published,held_for_review,insufficient_project_evidence,BDS-CURATED-0282; batch_062.txt;,,yes,no,no,no,no
BDS-MASTER-0392,tham gia để đánh giá thêm về chuyên mô á Sếp,2,2026-05-27,2026-05-27,batch_064.txt; batch_113.txt,Admin 01,10.860864,106.699926,"10.860864, 106.699926",https://maps.app.goo.gl/bKZVkKUcnYGRLJWw5,,,,,,,,,,,,,"chưa hay áng chừng nhỉ Mình đang tạm lấy theo số bên đó báo Sếp. Số liệu chi tiết thẩm định, cơ sở thì chưa có thông tin để",,120 tỷ,,,,,,,,,"chưa hay áng chừng nhỉ Mình đang tạm lấy theo số bên đó báo Sếp. Số liệu chi tiết thẩm định, cơ sở thì chưa có thông tin để check nên anh mới đề xuất có plda tham gia để đánh giá thêm về chuyên mô á Sếp. Với cái này họ chuyể; rủi ro mình mua vào sau này phát sinh thì mình phải chịu Sếp",đề xuất có plda tham gia để đánh giá thêm về chuyên mô á Sếp. Với cái này họ chuyển cty nên cũng cần PTC thẩm định về bctc công tin để xem có khoản nợ tiềm tàng nào ko để tránh rủi ro mìn; đề xuất có plda tham gia để đánh giá thêm về chuyên mô á Sếp. Với cái này họ chuyển cty nên cũng cần PTC thẩm định về bctc công tin để xem có khoản nợ tiề,,"[2026-05-27] Admin 01 5/27/2026 7:36 PM 2. 120 tỷ là số chốt chưa hay áng chừng nhỉ Mình đang tạm lấy theo số bên đó báo Sếp. Số liệu chi tiết thẩm định, cơ sở thì chưa có thông tin để check nên anh mới đề xuất có plda tham gia để đánh giá thêm về chuyên mô á Sếp. Với cái này họ chuyển cty nên cũng cần PTC thẩm định về bctc công tin để xem có khoản nợ tiềm tàng nào ko để tránh rủi ro mình mua vào sau này phát sinh thì mình phải chịu Sếp

---

[2026-05-27] Admin 01 5/27/2026 7:36 PM 2. 120 tỷ là số chốt chưa hay áng chừng nhỉ Mình đang tạm lấy theo số bên đó báo Sếp. Số liệu chi tiết thẩm định, cơ sở thì chưa có thông tin để check nên anh mới đề xuất có plda tham gia để đánh giá thêm về chuyên mô á Sếp. Với cái này họ chuyển cty nên cũng cần PTC thẩm định về bctc công tin để xem có khoản nợ tiề",18,tham gia để đánh giá thêm về chuyên mô á Sếp,tham gia để đánh giá thêm về chuyên mô á sếp,,,,,,,,,,,,120 tỷ,,,,,,,,,batch_261.txt,12,matched_teams_map_link,matched_teams_map_link,,BDS-CURATED-0259,34,28,17,0,8,0,12,D,Thiếu diện tích đất; Thiếu quy hoạch; Thiếu tài chính,project_or_deal,,,review_not_published,held_for_review,insufficient_project_evidence,BDS-CURATED-0259; batch_064.txt; batch_113.txt;,2026-05-27,yes,no,no,yes,no
BDS-MASTER-0479,tại Đà Lạt vào ngày 09-11,1,,,batch_926.txt,,10.6312837,107.0212037,"10.6312837, 107.0212037",https://goo.gl/maps/JtDt3jc8pMZ3n7xH9; https://goo.gl/maps/GPLvd34uRNT1EL5bA; https://goo.gl/maps/oJP5R9Jfe8yAcrWY6,,Đà Lạt,Đà Lạt,,Khách sạn,,,,,,,,,,,,,,,,,,,,,,"[] P.ĐT gửi anh Tuan Tran-CEO lịch đăng ký xe công ty đi công tác Khảo sát thị trường Khách sạn tại Đà Lạt vào ngày 09-11.08.2022. Anh duyệt giúp em, để em báo bộ phận điều x... by Thao L - INVT",12,tại Đà Lạt vào ngày 09-11,tại đà lạt vào ngày 09 11,,,,,,,,,,,,,,,,,,,,,batch_926.txt,16,matched_teams_map_link,matched_teams_map_link,,BDS-CURATED-0301,34,35,5,0,0,0,0,D,Thiếu diện tích đất; Thiếu pháp lý; Thiếu quy hoạch; Thiếu tài chính,project_or_deal,,,review_not_published,held_for_review,insufficient_project_evidence,BDS-CURATED-0301; batch_926.txt;,,yes,no,no,no,no
BDS-MASTER-0160,KDC An Tôn theo 02 phương án quy hoạch,3,,,batch_137.txt; batch_191.txt,,10.970034,106.715651,"10.970034, 106.715651",https://maps.app.goo.gl/t178LDzcrFtjxgEz9,,Đà Lạt,Đà Lạt,276 m²,biệt thự,,"quy hoạch như sau: I. QUY HOẠCH 02 PHƯƠNG ÁN PA 1: Xây dựng NOXH 6 tầng (391 căn), 122 NLK (nhà liên kế) và 111 NBT (nhà biệt thự). PA 2 : Chuyển đổi quỹ đất NOXH -> NLK và NBT, gồm 134 NLK",Xây dựng NOXH 6 tầng,,,,"Tiền sử dụng đất tính theo phương pháp thặng dư, đơn giá đất ở khoảng 29 tr/m2, gấp 3,4 lần đơn giá đất nhà nước đường An Tôn ~ 8,5 tr/m2. Đây là mức giá phòng ĐT tính cho bài toán an toàn về sau, trường hợp giá tiền sử dụng đất khi đi","chưa đền bù với mức giá khá cao theo thị trường. (Nguồn tham khảo từ anh Dương, ~ 20 tr/m2 đất nông nghiệp). Giá bán NOXH th",,"29 tr/m2; 8,5 tr/m2; 20 tr/m2; 86 tr/m2; 76 tr/m2; 86,8 triệu/m2; 9,1 tỷ; 76 triệu/m2; 21 tỷ; 4.552 tỷ; 635 tỷ; 577 tỷ; 77 tỷ; 99 tr/m2; 10,3 tỷ; 86,6 tr/m2",,"Tiền sử dụng đất tính theo phương pháp thặng dư, đơn giá đất ở khoảng 29; Tiền sử dụng đất tính theo phương pháp thặng dư, đơn giá đất ở khoảng 29 tr/m2",,"DT đất 105m2/nền 134 căn, 3 t; DT đất 105m2/nền Nhà biệt thự 111 căn, 3 t; DT đất 276m2/nền 153 căn, 3 t",,"IRR: 7,9%; IRR >15%; IRR > 15%",,,"chưa đền bù với mức giá khá cao theo thị trường. (Nguồn tham khảo từ anh Dương, ~ 20 tr/m2 đất nông nghiệp). Giá bán NOXH theo nguyên tắc hoàn vốn và theo quy định. Giá bán nhà liên kế và nhà biệt thự theo đề xuất từ phòng R; đề xuất giá của phòng R&D. Trân trọng. 13042026_R&D_PA de xuat chi tiet KDC Doi An Ton (1) 1.pdf BANG TONG HOP 2 PHUONG AN - DA AN TON.pdf 23042026 BC DAU TU KDC AN TON.pdf Mai 15h báo anh này by Admin 01","đề xuất từ phòng R&D, thời gian bán hàng trong vòng 4 năm từ 2028 đến 2031, giá; đề xuất giá của phòng R&D. Trân trọng. 13042026_R&D_PA de xuat chi tiet KDC Doi An Ton (1) 1.pdf BANG TONG HOP 2 PHUONG AN - DA AN TON.pdf 23042026 BC DAU TU KDC AN TON.pdf Mai 15h báo an",Phòng xin gửi đính kèm báo cáo đầu tư của phòng ĐT và báo cáo đề xuất giá của phòng R&D. Trân trọng. 13042026_R&D_PA de xuat chi tiet KDC Doi An Ton (1) 1.pdf; BANG TONG HOP 2 PHUONG AN - DA AN TON.pdf 23042026 BC DAU TU KDC AN TON.pdf,"[] P.ĐT báo cáo Sếp Admin 01 về hiệu quả dự án KDC An Tôn theo 02 phương án quy hoạch như sau: I. QUY HOẠCH 02 PHƯƠNG ÁN PA 1: Xây dựng NOXH 6 tầng (391 căn), 122 NLK (nhà liên kế) và 111 NBT (nhà biệt thự). PA 2 : Chuyển đổi quỹ đất NOXH -> NLK và NBT, gồm 134 NLK (tăng thêm 12 căn) và 165 NBT (tăng 54 căn). Lý do có PA 2: Tối ưu hóa quỹ đất, tăng giá trị thương mại cho toàn dự án. Nội dung PA1 NOXH (Chung cư), Nhà LK, BT PA2 Chuyển NOXH -> Nhà LK, BT Ghi Chú NOXH 391 căn NOXH 0 căn NOXH, +54 NBT, 12 NLK Nhà liên kế 122 căn, 4 tầng, DT đất 105m2/nền 134 căn, 3 tầng, DT đất 105m2/nền Nhà biệt thự 111 căn, 3 tầng, DT đất 276m2/nền 153 căn, 3 tầng, DT đất 276 m2/nền Tổng 391 căn NOXH, 233 căn nhà thấp tầng 287 căn nhà thấp tầng II. SO SÁNH CHỈ TIÊU TÀI CHÍNH 02 PHƯƠNG ÁN (chi tiết chi phí và doanh thu sẽ được đính kèm ở bảng tổng hợp) Trong đó, các giả định và cơ sở tính toán của phòng: Chi phí xây dựng tính toán dựa vào suất vốn đầu tư được công bố năm 2026, có điều chỉnh tỷ lệ về mức độ hoàn thiện (xây nhà hoàn thiện mặt ngoài, thô bên trong) và yếu tố địa hình ở Đà Lạt Tiền sử dụng đất tính theo phương pháp thặng dư, đơn giá đất ở khoảng 29 tr/m2, gấp 3,4 lần đơn giá đất nhà nước đườ --- [] P.ĐT báo cáo Sếp Admin 01 về hiệu quả dự án KDC An Tôn theo 02 phương án quy hoạch như sau: I. QUY HOẠCH 02 PHƯƠNG ÁN PA 1: Xây dựng NOXH 6 tầng (391 căn), 122 NLK (nhà liên kế) và 111 NBT (nhà biệt thự). PA 2 : Chuyển đổi quỹ đất NOXH -> NLK và NBT, gồm 134 NLK (tăng thêm 12 căn) và 165 NBT (tăng 54 căn). Lý do có PA 2: Tối ưu hóa quỹ đất, tăng giá trị thương mại cho toàn dự án. Nội dung PA1 NOXH (Chung cư), Nhà LK, BT PA2 Chuyển NOXH -> Nhà LK, BT Ghi Chú NOXH 391 căn NOXH 0 căn NOXH, +54 NBT, 12 NLK; [] Phòng xin gửi đính kèm báo cáo đầu tư của phòng ĐT và báo cáo đề xuất giá của phòng R&D. Trân trọng. 13042026_R&D_PA de xuat chi tiet KDC Doi An Ton (1) 1.pdf BANG TONG HOP 2 PHUONG AN - DA AN TON.pdf 23042026 BC DAU TU KDC AN TON.pdf Mai 15h báo anh này by Admin 01",47,KDC An Tôn theo 02 phương án quy hoạch như sau,kdc an tôn theo 02 phương án quy hoạch,276 m²,276 m²,276 m²,105m2,,,,,"IRR: 7,9%; IRR >15%; IRR > 15%",,,"29 tr/m2; 8,5 tr/m2; 20 tr/m2; 86 tr/m2; 76 tr/m2; 86,8 triệu/m2; 9,1 tỷ; 76 triệu/m2; 21 tỷ; 4.552 tỷ; 635 tỷ; 577 tỷ; 77 tỷ; 99 tr/m2; 10,3 tỷ; 86,6 tr/m2; Tiền sử dụng đất tính theo phương pháp thặng dư, đơn giá đất ở khoảng 29; Tiền sử dụng đất tính theo phương pháp thặng dư, đơn giá đất ở khoảng 29 tr/m2; DT đất 105m2/nền 134 căn, 3 t; DT đất 105m2/nền Nhà biệt thự 111 căn, 3 t; DT đất 276m2/nền 153 căn, 3 t; IRR: 7,9%; IRR >15%; IRR > 15%",,Xây dựng NOXH 6 tầng,,,,,"Tiền sử dụng đất tính theo phương pháp thặng dư, đơn giá đất ở khoảng 29 tr/m2, gấp 3,4 lần đơn giá đất nhà nước đường An Tôn ~ 8,5 tr/m2; tiền sử dụng đất khi đi chưa đền bù với mức giá khá cao theo thị trường; Tiền sử dụng đất tính theo phương pháp thặng dư, đơn giá đất ở khoảng 29 tr/m2, gấp 3,4 lần đơn giá đất nhà nước đườ --- [] P",,batch_001.txt,12,matched_teams_map_link,suspicious_shared_by_many_projects,BDS-CURATED-0433,BDS-CURATED-0106,32,17,18,4,13,5,19,D,Tọa độ nghi ngờ,project_or_deal,,,review_not_published,held_for_review,report_or_scenario_subject,BDS-CURATED-0106; batch_137.txt; batch_191.txt; BDS-CURATED-0433,,no,yes,yes,yes,yes
BDS-MASTER-0451,mình là đường ven biển rồi lên Cao Tốc ra Cảng Hải Phòng Anh vẽ cho em đường bộ và đường sông đi ra,1,2023-04-26,2023-04-26,batch_888.txt,Huy M - IM,16.0838086,108.2209004,"16.0838086, 108.2209004",https://maps.app.goo.gl/wbNjvBPsJioGNogn8; https://maps.app.goo.gl/DAATNJRd8MxG4uyaA,,,,,,,,,,,,,,,,,,,,,,,,,,,[2023-04-26] Huy M - IM 4/26/2023 10:30 AM Đường kết nối chính ra Hải Phòng từ dự án mình là đường ven biển rồi lên Cao Tốc ra Cảng Hải Phòng Anh vẽ cho em đường bộ và đường sông đi ra ... by Unknown User,12,mình là đường ven biển rồi lên Cao Tốc ra Cảng Hải Phòng Anh vẽ cho em đường bộ và đường sông đi ra,mình là đường ven biển rồi lên cao tốc ra cảng hải phòng anh vẽ cho em đường bộ và đường sông đi ra,,,,,,,,,,,,,,,,,,,,,batch_509.txt,28,matched_teams_map_link,matched_teams_map_link,,BDS-CURATED-0290,32,28,12,0,0,0,0,D,Thiếu diện tích đất; Thiếu pháp lý; Thiếu quy hoạch; Thiếu tài chính,project_or_deal,,,review_not_published,held_for_review,name_missing_or_sentence; narrative_sentence_name,BDS-CURATED-0290; batch_888.txt;,2023-04-26,yes,no,no,no,no
BDS-MASTER-0265,này hồi xưa mình có thông tin nhưng sau đó đề xuất là không quan tâm sâu do có 2 nhược điểm lớn là,1,2023-09-07,2023-09-07,batch_765.txt,Huy M - IM,10.784153,106.725690,"10.784153, 106.725690",https://maps.app.goo.gl/qDbb6mJHvwhXw4Az6,,,,,cao tầng,,quy hoạch có đường sắt cắt ngang qua chia làm 2 phần thì phần bên trong không tiếp cận được từ lối chính của dự án mà phải đi một lối khác và việc có đường sắt cắt ngang ngây chính giữa dự,,,,,,,,,,,,,,,,,đề xuất là không quan tâm sâu do có 2 nhược điểm lớn là : Dự án làm khu cao tầng nhưng có khu mộ rất lớn ở sát ngây phía sau 2. Ngay phía trong ranh dự án quy hoạch có đường sắt cắt ngang qua chia làm 2 phần thì phần bên trong,đề xuất là không quan tâm sâu do có 2 nhược điểm lớn là : Dự án làm khu cao tầng nhưng có khu mộ rất lớn ở sát ngây phía sau 2. Ngay phía trong ranh dự án quy hoạch có đường sắt cắt ngang,,[2023-09-07] Huy M - IM 9/7/2023 5:14 PM Dự án này hồi xưa mình có thông tin nhưng sau đó đề xuất là không quan tâm sâu do có 2 nhược điểm lớn là : Dự án làm khu cao tầng nhưng có khu mộ rất lớn ở sát ngây phía sau 2. Ngay phía trong ranh dự án quy hoạch có đường sắt cắt ngang qua chia làm 2 phần thì phần bên trong không tiếp cận được từ lối chính của dự án mà phải đi một lối khác và việc có đường sắt cắt ngang ngây chính giữa dự án sẽ gây ra tiếng ồn rất lớn. image by Huy M - IM,29,này hồi xưa mình có thông tin nhưng sau đó đề xuất là không quan tâm sâu do có 2 nhược điểm lớn là,này hồi xưa mình có thông tin nhưng sau đó đề xuất là không quan tâm sâu do có 2 nhược điểm lớn là,,,,,,,,,,,,,,,,,,,,,batch_001.txt,24,matched_teams_map_link,matched_teams_map_link,,BDS-CURATED-0175,32,28,12,0,0,0,0,D,Thiếu diện tích đất; Thiếu pháp lý; Thiếu quy hoạch; Thiếu tài chính,project_or_deal,,,review_not_published,held_for_review,name_missing_or_sentence; report_or_scenario_subject,BDS-CURATED-0175; batch_765.txt;,2023-09-07,yes,no,yes,no,no
BDS-MASTER-0395,tiền M&A nên đang bị phẩn bổ khá nhiều thời gian cho phần phân tích các dự án tiền M&A này Begin quote,1,2022-08-22,2022-08-22,batch_922.txt,Binh Vo-GD-PTDT,10.2276353,103.9586651,"10.2276353, 103.9586651",https://maps.app.goo.gl/K3ASKRs9Sc5yfa9z9,,,,,,,,,,,,,,"M&A nên đang bị phẩn bổ khá nhiều thời gian cho phần phân tích các dự án tiền M&A này Begin quote, Binh Vo-GD-PTDT, 8",,,,,,,,,,,,,"[2022-08-22] Binh Vo-GD-PTDT 8/22/2022 2:49 PM do team đang tập trung làm phân tích nhanh các dự án tiền M&A nên đang bị phẩn bổ khá nhiều thời gian cho phần phân tích các dự án tiền M&A này Begin quote, Binh Vo-GD-PTDT, 8/22/2022 2:4... by Ngoc V - ASST.",18,tiền M&A nên đang bị phẩn bổ khá nhiều thời gian cho phần phân tích các dự án tiền M&A này Begin quote,tiền m a nên đang bị phẩn bổ khá nhiều thời gian cho phần phân tích các dự án tiền m a này begin quote,,,,,,,,,,,,"M&A nên đang bị phẩn bổ khá nhiều thời gian cho phần phân tích các dự án tiền M&A này Begin quote, Binh Vo-GD-PTDT, 8",,,,,,,,,batch_651.txt,36,matched_teams_map_link,matched_teams_map_link,,BDS-CURATED-0262,32,28,12,0,0,0,0,D,Thiếu diện tích đất; Thiếu pháp lý; Thiếu quy hoạch; Thiếu tài chính,project_or_deal,,,review_not_published,held_for_review,name_missing_or_sentence,BDS-CURATED-0262; batch_922.txt;,2022-08-22,yes,no,no,no,no
BDS-MASTER-0231,trong Khu Công Nghiệp tỉnh Vĩnh Phúc,1,2023-06-23,2023-06-23,batch_821.txt,Tuan Tran-CEO,,,,https://goo.gl/maps/ZVuC7,ở đâu nha mng by Unknown User,Vĩnh Phúc,,148.000 m² (~14.80 ha),Khu Công Nghiệp,,,,,,,"Pháp lý ngon lành, hạ tầng đang thi công Giá siêu rẻ chỉ 85usd/m2 Lh 0966566546 Check xem vị trí ở đâu nha mng by Unknown User","Pháp lý ngon lành, hạ tầng đang thi công Giá siêu rẻ chỉ 85usd/m2 Lh 0966566546 Check x",,,,,,,,,,,,,,"[2023-06-23] Tuan Tran-CEO 6/23/2023 9:51 AM Chuyển nhượng 3 lô đất trong Khu Công Nghiệp tỉnh Vĩnh Phúc: 5ha, 11,3ha và 14,8ha Pháp lý ngon lành, hạ tầng đang thi công Giá siêu rẻ chỉ 85usd/m2 Lh 0966566546 Check xem vị trí ở đâu nha mng by Unknown User",35,trong Khu Công Nghiệp tỉnh Vĩnh Phúc,trong khu công nghiệp tỉnh vĩnh phúc,148.000 m² (~14.80 ha),148.000 m² (~14.80 ha),"14,8ha","5ha; 11,3ha",,,,,,,,,,,,,,,,,batch_820.txt,29,,,,BDS-CURATED-0372,32,15,20,0,8,0,0,D,Thiếu tọa độ; Thiếu quy hoạch; Thiếu tài chính,project_or_deal,,,review_not_published,held_for_review,insufficient_project_evidence,BDS-CURATED-0372; batch_821.txt;,2023-06-23,no,yes,no,yes,no
BDS-MASTER-0330,đang vận hành của Tập đoàn là 5% -8%,1,2025-06-29,2025-06-29,batch_365.txt,Thao L - INVT,16.0838086,108.2209004,"16.0838086, 108.2209004",https://maps.app.goo.gl/wbNjvBPsJioGNogn8; https://maps.app.goo.gl/DAATNJRd8MxG4uyaA,,,,,khách sạn,,,,,,,,,,,,,,,,,,,"đề xuất). Từ GOP, tiếp tục trừ chi phí quản lý, chi phí khác… (chiếm khoảng 8% - tỷ lệ này đã trao đổi với Ms. Hana, hiện theo các khách sạn đang vận hành của Tập đoàn là 5% -8%, để thận trọng P.DT đang tính 8%) để ra EBITDA, t","đề xuất). Từ GOP, tiếp tục trừ chi phí quản lý, chi phí khác… (chiếm khoảng 8% - tỷ lệ này đã trao đổi với Ms. Hana, hiện theo các khách sạn đang vận hành của Tập đoàn là 5% -8%, để thận",,"[2025-06-29] Thao L - INVT 6/29/2025 4:35 PM Edited Translate EBITDA được tính bằng cách lấy tổng doanh thu trừ các chi phí vận hành trực tiếp (như chi phí phòng, F&B, điện, nước…) để ra GOP (47% - tỷ lệ Mr. David đề xuất). Từ GOP, tiếp tục trừ chi phí quản lý, chi phí khác… (chiếm khoảng 8% - tỷ lệ này đã trao đổi với Ms. Hana, hiện theo các khách sạn đang vận hành của Tập đoàn là 5% -8%, để thận trọng P.DT đang tính 8%) để ra EBITDA, tương đương 39% doanh thu ạ Adr so với serene sao by Unknown User",24,đang vận hành của Tập đoàn là 5% -8%,đang vận hành của tập đoàn là 5 8,,,,,,,,,,,,,,,,,,,,,batch_509.txt,12,matched_teams_map_link,matched_teams_map_link,,BDS-CURATED-0224,32,28,12,0,0,0,0,D,Thiếu diện tích đất; Thiếu pháp lý; Thiếu quy hoạch; Thiếu tài chính,project_or_deal,,,review_not_published,held_for_review,insufficient_project_evidence,BDS-CURATED-0224; batch_365.txt;,2025-06-29,yes,no,no,no,no
BDS-MASTER-0485,được xác định bằng giá vốn ban đầu,1,2026-04-13,2026-04-13,batch_149.txt,,11.941268,108.463187,"11.941268, 108.463187",https://maps.app.goo.gl/6iyNdteYfVyyT9Xy9,,,,,,,,,,,,,,"giá vốn ban đầu, tăng trưởng với tốc độ 5",,,,,,,,,,,,,"[] Dạ trong phương án có đất, khi kết thúc vòng đời dự án, Phòng Đầu tư giả định giá trị thanh lý đất tại thời điểm kết thúc vòng đợi dự án được xác định bằng giá vốn ban đầu, tăng trưởng với tốc độ 5%/năm ạ Begin quote, Admin 01, 4/13/2026 5:10 PM, C... by Hoa D - CVDT 4/13 5:14 PM Hoa D - CVDT",12,được xác định bằng giá vốn ban đầu,được xác định bằng giá vốn ban đầu,,,,,,,,,,,,"giá vốn ban đầu, tăng trưởng với tốc độ 5",,,,,,,,,batch_149.txt,20,matched_teams_map_link,matched_teams_map_link,,BDS-CURATED-0303,32,28,12,0,0,0,0,D,Thiếu diện tích đất; Thiếu pháp lý; Thiếu quy hoạch; Thiếu tài chính,project_or_deal,,,review_not_published,held_for_review,narrative_sentence_name,BDS-CURATED-0303; batch_149.txt;,2026-04-13,yes,no,no,no,no
BDS-MASTER-0181,(giá bán quỹ đất bao gồm cam kết của đối tác sẽ hỗ trợ phần đất đi vào dự án) với chi phí làm đường là 1tr/m2,1,2022-09-26,2022-09-26,batch_917.txt,Thao L - INVT,20.94081,105.84306,"20.94081, 105.84306",https://goo.gl/maps/YaZ9tS4Xqtm5REAe6,,,,18.000 m² (~1.80 ha),thấp tầng,"12tr/m2 cho phần đất thương phẩm (trừ NOXH, tính thoe phương pháp thặng dư, gấp 1.4 lần đơn giá nhà nước). + Khi đền bù giải phóng mặt bằng sẽ phải mua trọn thử","QH là đất ở với diện tích là 0,87ha với đơn giá là 14tr/m2. + Làm đường đi vào dự án (giá bán quỹ đất bao gồm cam kết của đối tác sẽ hỗ trợ phần đất đi vào dự án) với chi phí làm đườ; QH đất ở hiện hữu chỉnh trang) 8,710.63 5.1% Đất giao thông ngoại khu 28,251.84 16.5% Đất trong ranh nghiên cứu 129,180.37 75.3% Nhóm đất ở thấp tầng 123,054.00 71.69% Đất ở Thương m; QH đất ở hiện hữu chỉnh trang): 8.710,63m2. Thời gian triển khai: + Năm 2022 - 2024: Giai đoạn hoàn thành pháp lý và đền bù GPMB. + Năm 2025 - 2026: Giai đoạn xây dựng và bán hàng. G",,,,,"pháp lý và đền bù GPMB. + Năm 2025 - 2026: Giai đoạn xây dựng và bán hàng. Giá bán sản phẩm: (Dựa vào giá thị trường ... by Thao L - INVT, has an attachment.",pháp lý và đền bù GPMB. + Năm 2025 - 2026: Giai đoạn xây dựng và bán hàng. Giá bán sản,,12tr/m2; 14tr/m2; 1tr/m2,giá bán quỹ đất bao gồm cam kết của đối tác sẽ hỗ trợ phần đất đi vào dự án) với chi phí làm đường là 1tr/m2,,,,,,,,,,,"[2022-09-26] Thao L - INVT 9/26/2022 5:31 PM Phương án tính toán: + Tiền chuyển mục đích sử dụng đất tạm tính là: 12tr/m2 cho phần đất thương phẩm (trừ NOXH, tính thoe phương pháp thặng dư, gấp 1.4 lần đơn giá nhà nước). + Khi đền bù giải phóng mặt bằng sẽ phải mua trọn thửa và có phần sẽ nằm ngoài ranh dự án. Tạm định giá đầu ra phần đất nông nghiệp nằm ngoài ranh dự án, được QH là đất ở với diện tích là 0,87ha với đơn giá là 14tr/m2. + Làm đường đi vào dự án (giá bán quỹ đất bao gồm cam kết của đối tác sẽ hỗ trợ phần đất đi vào dự án) với chi phí làm đường là 1tr/m2 cho 1,8ha diện tích làm đường. + Bảng cơ cấu đất: Hạng mục đất Diện tích đất (m2) Tỷ lệ đất (%) Đất ngoài ranh nghiên cứu 42,474.47 24.7% Đất cây xanh tập trung 5,512.00 3.2% Đất NN (QH đất ở hiện hữu chỉnh trang) 8,710.63 5.1% Đất giao thông ngoại khu 28,251.84 16.5% Đất trong ranh nghiên cứu 129,180.37 75.3% Nhóm đất ở thấp tầng 123,054.00 71.69% Đất ở Thương mại 12,305.40 7.17% Đất ở nội khu 36,916.20 21.51% NOXH 12,305.40 7.17% Cây xanh nội khu 2,461.08 1.43% Giao thông nội khu 57,589.27 33.55% Đất giáo dục 1,476.65 0.86% Đất giao thông phân khu vực 6,126.37 3.57% Tổng diện tích đất 171,654.84 100% Loại hình phát triển: + Nhà ",41,(giá bán quỹ đất bao gồm cam kết của đối tác sẽ hỗ trợ phần đất đi vào dự án) với chi phí làm đường là 1tr/m2,giá bán quỹ đất bao gồm cam kết của đối tác sẽ hỗ trợ phần đất đi vào dự án với chi phí làm đường là 1tr m2,18.000 m² (~1.80 ha),18.000 m² (~1.80 ha),"1,8ha","0,87ha; 8.710,63m2",,,,,,,,12tr/m2; 14tr/m2; 1tr/m2; giá bán quỹ đất bao gồm cam kết của đối tác sẽ hỗ trợ phần đất đi vào dự án) với chi phí làm đường là 1tr/m2,,,,,,GPMB; giải phóng mặt bằng sẽ phải mua trọn thửa và có phần sẽ nằm ngoài ranh dự án,,,batch_917.txt,20,matched_teams_map_link,suspicious_shared_by_many_projects,,BDS-CURATED-0124,25,10,20,0,12,5,15,E,Tọa độ nghi ngờ; Thiếu quy hoạch,project_or_deal,,,review_not_published,held_for_review,name_missing_or_sentence,BDS-CURATED-0124; batch_917.txt;,2022-09-26,no,yes,yes,yes,yes
BDS-MASTER-0269,tuy nhiên,1,2023-12-18,2023-12-18,batch_717.txt,Unknown User,10.840677,106.719716,"10.840677, 106.719716",https://maps.app.goo.gl/ioqJ9N2mKRyMdiAe6,,,,,,,"dân số thì mình đang binh dân số NOXH chiếm 20% thì sẽ thuận lợi cho việc xin điều chỉnh ( cũng có cơ sở). Việc tăng dân số, hệ số sử dụng đất sẽ cải thiện hiệu quả dự án tuy nhiên: 1. P; dân số tăng thêm sẽ phải phân bổ nhiều hơn cho NOXH như trình bày ở trên 2. Phải cắt đất ở để làm các công trình hạ tầng phục vụ cho dân số tăng thêm 3. Đóng tiền sử dụng đất bổ sung thê",,hệ số sử dụng đất sẽ cải thiện hiệu quả dự án tuy nhiên: 1,,"dân số thì mình đang binh dân số NOXH chiếm 20; dân số, hệ số sử dụng đất sẽ cải thiện hiệu quả dự án tuy nhiên: 1; dân số tăng thêm 3",tiền sử dụng đất bổ sung thêm 4. Mất 1 tầng thương phẩm làm tầng lánh nạn Nên hiệu quả IRR tuy có cải thiện nhưng ko được nhiều Ok anh by Unknown User,,,,,tiền sử dụng đất bổ sung thêm 4,,,,irr vẫn thấp nhỉ PA2,,,,,,"[2023-12-18] Unknown User 12/18/2023 6:44 PM Pa2 irr vẫn thấp nhỉ PA2 khi muốn tăng dân số thì mình đang binh dân số NOXH chiếm 20% thì sẽ thuận lợi cho việc xin điều chỉnh ( cũng có cơ sở). Việc tăng dân số, hệ số sử dụng đất sẽ cải thiện hiệu quả dự án tuy nhiên: 1. Phần dân số tăng thêm sẽ phải phân bổ nhiều hơn cho NOXH như trình bày ở trên 2. Phải cắt đất ở để làm các công trình hạ tầng phục vụ cho dân số tăng thêm 3. Đóng tiền sử dụng đất bổ sung thêm 4. Mất 1 tầng thương phẩm làm tầng lánh nạn Nên hiệu quả IRR tuy có cải thiện nhưng ko được nhiều Ok anh by Unknown User",29,tuy nhiên,tuy nhiên,,,,,,,,,,,,tiền sử dụng đất bổ sung thêm 4; irr vẫn thấp nhỉ PA2,hệ số sử dụng đất sẽ cải thiện hiệu quả dự án tuy nhiên: 1,,"dân số thì mình đang binh dân số NOXH chiếm 20; dân số, hệ số sử dụng đất sẽ cải thiện hiệu quả dự án tuy nhiên: 1; dân số tăng thêm 3",,,,tiền sử dụng đất bổ sung thê tiền sử dụng đất bổ sung thêm 4; tiền sử dụng đất bổ sung thêm 4,,batch_060.txt,14,matched_teams_map_link,suspicious_shared_by_many_projects,,BDS-CURATED-0178,25,10,12,10,13,0,15,E,Tọa độ nghi ngờ; Thiếu diện tích đất; Thiếu tài chính,project_or_deal,,,review_not_published,held_for_review,narrative_sentence_name,BDS-CURATED-0178; batch_717.txt;,2023-12-18,no,no,yes,yes,no
BDS-MASTER-0256,có vị trí tại phường An Bình,2,2023-09-07,2023-09-07,batch_766.txt; batch_810.txt,Tuan Tran-CEO,10.5753906,107.5708884,"10.5753906, 107.5708884",https://goo.gl/maps/JhPoRTM15vQA7Kk6A,"tại phường An Bình, TP Dĩ An, quy mô đầu tư dự kiến là 86.834,2 m2 với tổng diện tích sàn xây dựng 410.000 m2, bao gồm 11 tòa cao tối đa 30 tầng. Tổng sản phẩm mà dự án này cung cấp dự kiến 3.400 căn hộ. Dxg mới mua xong",,,86.834 m² (~8.68 ha),căn hộ,,,cao tối đa 30 tầng,,,,,,,,,,,,,,,,,,,"[2023-09-07] Tuan Tran-CEO 9/7/2023 5:04 PM Dự án có vị trí tại phường An Bình, TP Dĩ An, quy mô đầu tư dự kiến là 86.834,2 m2 với tổng diện tích sàn xây dựng 410.000 m2, bao gồm 11 tòa cao tối đa 30 tầng. Tổng sản phẩm mà dự án này cung cấp dự kiến 3.400 căn hộ. Dxg mới mua xong. Chỗ này hồi đó mình có tí... by Unknown User

---

[2023-09-07] Tuan Tran-CEO 9/7/2023 5:04 PM Dự án có vị trí tại phường An Bình, TP Dĩ An, quy mô đầu tư dự kiến là 86.834,2 m2 với tổng diện tích sàn xây dựng 410.000 m2, bao gồm 11 tòa cao tối đa 30 tầng. Tổng sản phẩm m",29,có vị trí tại phường An Bình,có vị trí tại phường an bình,410.000 m² (~41.00 ha),86.834 m² (~8.68 ha),"86.834,2 m2",41.00 ha,,,,,,,,,,cao tối đa 30 tầng,,,,,,,batch_766.txt,16,matched_teams_map_link,suspicious_shared_by_many_projects,,BDS-CURATED-0169,24,17,25,4,0,0,15,E,Tọa độ nghi ngờ; Thiếu pháp lý; Thiếu tài chính,project_or_deal,,,review_not_published,held_for_review,narrative_sentence_name,BDS-CURATED-0169; batch_766.txt; batch_810.txt;,2023-09-07,no,yes,no,no,no
BDS-MASTER-0320,phân lô ( ko xây nhà) nào đang rẻ nhất 1 Like reaction,1,2023-06-22,2023-06-22,batch_835.txt,Tuan Tran-CEO,10.9466553,106.7451751,"10.9466553, 106.7451751",https://maps.app.goo.gl/uKe9j2z7xKHjdR8A7,,,Nhơn Trạch,,KCN,,,,,,,thuê đất KCN ở g... by Unknown User,,,,,,,,,,,,,,,[2023-06-22] Tuan Tran-CEO 6/22/2023 11:08 AM Tìm hiểu bên Nhơn Trạch xem dự án phân lô ( ko xây nhà) nào đang rẻ nhất 1 Like reaction. Ai nghiên cứu luôn gía cho thuê đất KCN ở g... by Unknown User,24,phân lô ( ko xây nhà) nào đang rẻ nhất 1 Like reaction,phân lô ko xây nhà nào đang rẻ nhất 1 like reaction,,,,,,,,,,,,,,,,,,,,thuê đất KCN ở g,batch_576.txt,16,matched_teams_map_link,suspicious_shared_by_many_projects,,BDS-CURATED-0215,24,17,12,0,14,0,15,E,Tọa độ nghi ngờ; Thiếu diện tích đất; Thiếu quy hoạch; Thiếu tài chính,project_or_deal,,,review_not_published,held_for_review,narrative_sentence_name,BDS-CURATED-0215; batch_835.txt;,2023-06-22,no,no,no,yes,no
BDS-MASTER-0224,có vị trí gần với Fenica và Phú Gia Khiêm,2,,,batch_254.txt; batch_313.txt,,,,,,"và nguồn cung khu vực. (đính kèm dưới) Cụ thể, dự án có vị trí gần với Fenica và Phú Gia Khiêm. Đây là khu vực có mật độ dân số và tốc độ đô thi hóa cao. Xung quanh tập trung nhiều nhà xưởng, nhà máy, KCN và các dự án ca",,,,KCN,,"mật độ dân số và tốc độ đô thi hóa cao. Xung quanh tập trung nhiều nhà xưởng, nhà máy, KCN và các dự án cao tầng. Nguồn cung khu vực tính bán kính 4km từ tâm dự án là ~ 10k căn hộ. Do đó",,,,,quyết định kỹ hơn.,,,,,,,,,,,,đề xuất tạm thời theo dõi thêm dự án này và đợi xem khả năng hấp thụ của các dự án lân cận để đánh giá đưa ra quyết định kỹ hơn.,đề xuất tạm thời theo dõi thêm dự án này và đợi xem khả năng hấp thụ của các dự án lân cận để đánh giá đưa ra quyết định kỹ hơn.,,"[] P.ĐT đã chuẩn bị file file đánh giá sơ bộ vị trí và nguồn cung khu vực. (đính kèm dưới) Cụ thể, dự án có vị trí gần với Fenica và Phú Gia Khiêm. Đây là khu vực có mật độ dân số và tốc độ đô thi hóa cao. Xung quanh tập trung nhiều nhà xưởng, nhà máy, KCN và các dự án cao tầng. Nguồn cung khu vực tính bán kính 4km từ tâm dự án là ~ 10k căn hộ. Do đó mức độ cạnh tranh trong tương lai khoảng 2-3 năm tới là tương đối cao. Bên cạnh đó dự án còn có hơn 500 căn officetel, một sản phẩm mới đang được hầu hết các CĐT áp dụng kèm trong các chung cư, khác với sản phẩm căn hộ ở truyền thống, khả năng hấp thụ officetel này vẫn còn là dấu hỏi. P.ĐT đề xuất tạm thời theo dõi thêm dự án này và đợi xem khả năng hấp thụ của các dự án lân cận để đánh giá đưa ra quyết định kỹ hơn.

---

[] P.ĐT đã chuẩn bị file file đánh giá sơ bộ vị trí và nguồn cung khu vực. (đính kèm dưới) Cụ thể, dự án có vị trí gần với Fenica và Phú Gia Khiêm. Đây là khu vực có mật độ dân số và tốc độ đô thi hóa cao. Xung quanh tập trung nhiều nhà xưởng, nhà máy, KCN và các dự án cao tầng. Nguồn cung khu vực tính bán kính 4km từ tâm dự án là ~ 10k căn hộ. Do đó mức độ cạnh tranh trong tương lai khoảng 2-3 năm tới là tương đối cao. Bên cạnh đó dự án còn có hơn 500 căn officetel, một sản phẩm mới đang được hầu hết các CĐT áp dụng kèm trong các chung cư, khác với sản phẩm căn hộ ở truyền thống, khả năng hấp thụ officetel này vẫn",35,có vị trí gần với Fenica và Phú Gia Khiêm,có vị trí gần với fenica và phú gia khiêm,,,,,,,,,,,,,,,,,,,,quyết định kỹ hơn,,,,,,BDS-CURATED-0368,23,7,10,0,14,0,0,E,Thiếu tọa độ; Thiếu diện tích đất; Thiếu quy hoạch; Thiếu tài chính,project_or_deal,,,review_not_published,held_for_review,narrative_sentence_name,BDS-CURATED-0368; batch_254.txt; batch_313.txt;,,no,no,yes,yes,no
BDS-MASTER-0368,hạ tầng kết nối lớn tại các tỉnh thành lân cận,1,,,batch_790.txt,,,,,https://www.google.com/maps/d/edit?mid=1SAcLUqc-JTEBiY1uNXVoDUdI-a5wJd0&ll=10.002013642197713%2C105; https://www.google.com/maps/d/edit?mid=1SAcLUqc-JTEBiY1uNXVoDUdI-a5wJd0&ll=10.002013642197713%2C105…,". 3/ Tỷ lệ lắp đầy đất KCN: + Việt Nam : 78 - 95% => trung bình 90% + Indonesia: 60 - 86.5% + Thái Lan: 87 - 89% => Việt Nam có tỷ lệ lắp đầy cao nhất, phản ánh sự dịch chuyển dòng vốn đầu tư từ nước ngoài vào Việt Nam m",TPHCM,,,KCN,,,,,,,,"đã được cập nhật thêm thông tin thị trường KCN tại Việt Nam, cụ thể: A/ So sánh thị trường KCN tại Việt Nam, Indonesia và Thái",,,,,,,,,,,,,,"[] Phòng Đầu tư và R&D gửi anh Tuan Tran-CEO báo cáo thị trường BĐS KCN tại Indonesia và Thái Lan đã được cập nhật thêm thông tin thị trường KCN tại Việt Nam, cụ thể: A/ So sánh thị trường KCN tại Việt Nam, Indonesia và Thái Lan 1/ Giá đất trung bình KCN ($/m2/kỳ) : + Vietnam : tại TPHCM - $257, tại Hà Nội - $168, các tỉnh thành phía Nam - $158, các tỉnh thành phía Bắc - $115 + Indonesia : tại Jakarta - $392, West Java (liền kề Jakarta) - $150, Easta Java - $397, Central Java - $119 + Thái Lan : tại Vùng thủ đô Bangkok - $162, tại EEC - $130 => Indonesia có giá đất KCN trung bình cao hơn hẳn Việt Nam và Thái Lan 2/ Giá thuê nhà kho xưởng: Giá thuê nhà xưởng không có sự khác biệt lớn giữa 3 nước, dao động trung bình xung quanh $4/m2/tháng. Giá thuê kho xưởng sẽ phụ thuộc nhiều vào chất lượng xây dựng công trình, suất đầu tư công trình hơn là yếu tố vị trí. 3/ Tỷ lệ lắp đầy đất KCN: + Việt Nam : 78 - 95% => trung bình 90% + Indonesia: 60 - 86.5% + Thái Lan: 87 - 89% => Việt Nam có tỷ lệ lắp đầy cao nhất, phản ánh sự dịch chuyển dòng vốn đầu tư từ nước ngoài vào Việt Nam mạnh mẽ trong những năm vừa qua. 4/ Thời gian sử dụng đất theo quy định Pháp luật: + Việt Nam : 50 năm + Indonesia : 8",18,hạ tầng kết nối lớn tại các tỉnh thành lân cận,hạ tầng kết nối lớn tại các tỉnh thành lân cận,,,,,,,,,,,,,,,,,,,,,batch_212.txt,12,,,,BDS-CURATED-0415,23,15,5,0,8,0,0,E,Thiếu tọa độ; Thiếu diện tích đất; Thiếu quy hoạch; Thiếu tài chính,project_or_deal,,,review_not_published,held_for_review,insufficient_project_evidence,BDS-CURATED-0415; batch_790.txt;,,no,no,no,yes,no
BDS-MASTER-0050,"Lô đất mặt tiền Quốc lộ 13, Hiệp Bình Phước",2,,,batch_079.txt; batch_097.txt,,10.8486272,106.7188746,"10.8486272, 106.7188746",https://maps.app.goo.gl/oHEYY6H9GGykdD9C6,"dự án: https://maps.app.goo.gl/oHEYY6H9GGykdD9C6 2. Thông tin lô đất (nguồn anh Hùng): a. Diện tích: 42x100m (4.214m2) b. MĐSDĐ: Đất sản xuất phi nông nghiệp, thời hạn sử dung đất lâu dài c. Giá: 350 tỷ",,Thủ Đức,4.214 m²,,"Đất sản xuất phi nông nghiệp, thời hạn sử dung đất lâu dài c. Giá: 350 tỷ",Quy hoạch 1/2000: lô đất được quy hoạc,,,,,,,,350 tỷ,,,,,,,,,,,,"[] Phòng đầu tư xin báo cáo lại sếp Admin 01 về lô mặt tiền Quốc Lộ 13, Hiệp Bình Phước, TP Thủ Đức. 1. Vị trí dự án: https://maps.app.goo.gl/oHEYY6H9GGykdD9C6 2. Thông tin lô đất (nguồn anh Hùng): a. Diện tích: 42x100m (4.214m2) b. MĐSDĐ: Đất sản xuất phi nông nghiệp, thời hạn sử dung đất lâu dài c. Giá: 350 tỷ

---

[] Phòng đầu tư xin báo cáo sếp Admin 01 về lô mặt tiền Quốc Lộ 13, Hiệp Bình Phước, TP Thủ Đức. 1. Vị trí dự án: https://maps.app.goo.gl/oHEYY6H9GGykdD9C6 2. Thông tin lô đất (nguồn anh Hùng): a. Diện tích: 42x100m (4.214m2) b. MĐSDĐ: Đất sản xuất phi nông nghiệp, thời hạn sử dung đất lâu dài c. Giá: 350 tỷ 3. Quy hoạch 1/2000: lô đất được quy hoạc",35,Lô mặt tiền Quốc Lộ 13 Hiệp Bình Phước,lô mặt tiền quốc lộ 13 hiệp bình phước,4.214 m²,4.214 m²,4.214 m²,,,,,,,,,350 tỷ,,,,,"1/2000: lô đất được quy hoạc [] Phòng đầu tư xin báo cáo lại sếp Admin 01 về lô mặt tiền Quốc Lộ 13, Hiệp Bình Phước, TP Thủ Đức; 1/2000: lô đất được quy hoạc",,,,,,,suspicious_shared_by_many_projects,,BDS-CURATED-0148,22,17,18,7,0,0,15,E,Tọa độ nghi ngờ; Thiếu pháp lý; Thiếu tài chính,project_or_deal,,,review_not_published,held_for_review,insufficient_project_evidence,BDS-CURATED-0148; batch_079.txt; batch_097.txt;,,no,yes,yes,no,no
BDS-MASTER-0168,Westgate của AnGia – 38 tr/m2 (vị trí trung tâm Huyện Bình Chánh) + Thấp hơn mức giá trung bình của Akari – Na,1,2024-10-07,2024-10-07,batch_637.txt,Huy M - IM,20.94081,105.84306,"20.94081, 105.84306",https://goo.gl/maps/YaZ9tS4Xqtm5REAe6,trung tâm Huyện Bình Chánh) + Thấp hơn mức giá trung bình của Akari – Nam Long khoảng 10% - 44 – 50 tr/m2 (Vị trí và tiện ích của Akari có nhỉnh hơn mình một chút). Akari đang bán được giá cao một phần cũng do họ làm the,,,82 m²,chung cư,,"QH 1.500 được duyệt từ năm 2008 diện tích trung bình 1 căn quá lớn lên tới 82 m2/căn (trung bình thị trường tầm 60 m2/căn) Về giá bán biệt thự mình đang bán 80 tr/m2, giá bán của khu",,,,,,,,42 tr/m2; 46 tr/m2; 38 tr/m2; 50 tr/m2; 80 tr/m2; 60 tr/m2,giá bán chung cư hiện trạng là 42 tr/m2; giá bán biệt thự mình đang bán 80 tr/m2; giá bán của khu bên trong dự án đang khoảng 60 tr/m2,,,,,,,,đề xuất năm 2023) và giá này: + Đang cao hơn 10% so với dự án Westgate của AnGia – 38 tr/m2 (vị trí trung tâm Huyện Bình Chánh) + Thấp hơn mức giá trung bình của Akari – Nam Long khoảng 10% - 44 – 50 tr/m2 (Vị trí và tiện ích c; đề xuất cũng là ở mức phù hợp à. Ok a by Unknown User,đề xuất năm 2023) và giá này: + Đang cao hơn 10% so với dự án Westgate của AnGia – 38 tr/m2 (vị trí trung tâm Huyện Bình Chánh) + Thấp hơn mức giá trung bình của Akari – Nam Long khoảng 1; đề xuất cũng là ở mức phù hợp à. Ok a by Unknown User,,"[2024-10-07] Huy M - IM 10/7/2024 8:30 AM Translate Hiện tại mình đang set giá bán chung cư hiện trạng là 42 tr/m2, lúc mở bán 46 tr/m2 (đã tăng 10% so với giá đề xuất năm 2023) và giá này: + Đang cao hơn 10% so với dự án Westgate của AnGia – 38 tr/m2 (vị trí trung tâm Huyện Bình Chánh) + Thấp hơn mức giá trung bình của Akari – Nam Long khoảng 10% - 44 – 50 tr/m2 (Vị trí và tiện ích của Akari có nhỉnh hơn mình một chút). Akari đang bán được giá cao một phần cũng do họ làm theo phong cách Nhật, diện tích trung bình 1 căn nhỏ. Điểm trừ lớn của dự án mình khiến không set giá Bán cao được là do theo QH 1.500 được duyệt từ năm 2008 diện tích trung bình 1 căn quá lớn lên tới 82 m2/căn (trung bình thị trường tầm 60 m2/căn) Về giá bán biệt thự mình đang bán 80 tr/m2, giá bán của khu bên trong dự án đang khoảng 60 tr/m2 Nên giá bán theo hiện trạng của dự án đang đề xuất cũng là ở mức phù hợp à. Ok a by Unknown User",47,Westgate của AnGia – 38 tr/m2 (vị trí trung tâm Huyện Bình Chánh) + Thấp hơn mức giá trung bình của Akari – Na,westgate của angia 38 tr m2 vị trí trung tâm huyện bình chánh thấp hơn mức giá trung bình của akari na,82 m²,82 m²,82 m²,60 m2,,,,,,,,42 tr/m2; 46 tr/m2; 38 tr/m2; 50 tr/m2; 80 tr/m2; 60 tr/m2; giá bán chung cư hiện trạng là 42 tr/m2; giá bán biệt thự mình đang bán 80 tr/m2; giá bán của khu bên trong dự án đang khoảng 60 tr/m2,,,,,,,,,batch_917.txt,29,matched_teams_map_link,suspicious_shared_by_many_projects,,BDS-CURATED-0113,22,17,20,0,0,5,15,E,Tọa độ nghi ngờ; Thiếu pháp lý; Thiếu quy hoạch,project_or_deal,,,review_not_published,held_for_review,name_missing_or_sentence,BDS-CURATED-0113; batch_637.txt;,2024-10-07,no,yes,yes,no,yes
BDS-MASTER-0414,35ha 1,1,,,batch_212.txt,,,,,https://www.google.com/maps/d/edit?mid=1SAcLUqc-JTEBiY1uNXVoDUdI-a5wJd0&ll=10.002013642197713%2C105; https://www.google.com/maps/d/edit?mid=1SAcLUqc-JTEBiY1uNXVoDUdI-a5wJd0&ll=10.002013642197713%2C105…,,,Hội AN,350.000 m² (~35.00 ha),,,,,,,,,,,,,,,,,,,,,,Phòng xin gửi đính kèm hình hiện trạng khu đất. DAT RACH GIA.mp4 Vi tri va Ranh dat DA 35ha 1.pdf,[] Phòng xin gửi đính kèm hình hiện trạng khu đất. DAT RACH GIA.mp4 Vi tri va Ranh dat DA 35ha 1.pdf DAT RACH GIA 1.mp4 Add a vào group Hội AN Riverside cái by Admin 01,12,35ha 1,35ha 1,350.000 m² (~35.00 ha),350.000 m² (~35.00 ha),35.00 ha,,,,,,,,,,,,,,,,,,batch_212.txt,16,,,,BDS-CURATED-0432,21,15,13,0,0,0,0,E,Thiếu tọa độ; Thiếu pháp lý; Thiếu quy hoạch; Thiếu tài chính,project_or_deal,,,review_not_published,held_for_review,insufficient_project_evidence,BDS-CURATED-0432; batch_212.txt;,,no,yes,no,no,no
BDS-MASTER-0297,Với phương án của mình trước là làm phân kh,1,2023-09-25,2023-09-25,batch_762.txt,Binh Vo-GD-PTDT,10.970034,106.715651,"10.970034, 106.715651",https://maps.app.goo.gl/t178LDzcrFtjxgEz9,,,,,,,,,,,,"tiền sử dụng đất, và tiền bồi thường đất thì được khấu trừ trong tssđ của toàn dự án Với phương án của mình trước là làm phân kh... by Unknown User",,,,,,,,,,,,"lưu ý chi phí đất ko được phân bổ vào giá thành của noxh vì noxh được miễn tiền sử dụng đất, và tiền bồi thường đất thì được khấu trừ trong tssđ của toàn dự án Với phương án của mình trước là làm phân kh... by Unknown User",,,"[2023-09-25] Binh Vo-GD-PTDT 9/25/2023 9:55 AM Vì cùng khu, và noxh ko thể bán giá cao được vì bị giới hạn định mức ln 10%, lưu ý chi phí đất ko được phân bổ vào giá thành của noxh vì noxh được miễn tiền sử dụng đất, và tiền bồi thường đất thì được khấu trừ trong tssđ của toàn dự án Với phương án của mình trước là làm phân kh... by Unknown User",24,Với phương án của mình trước là làm phân kh,với phương án của mình trước là làm phân kh,,,,,,,,,,,,,,,,,,bồi thường đất thì được khấu trừ trong tssđ của toàn dự án Với phương án của mình trước là làm phân kh,"tiền sử dụng đất, và tiền bồi thường đất thì được khấu trừ trong tssđ của toàn dự án Với phương án của mình trước là làm phân kh",,batch_001.txt,12,matched_teams_map_link,suspicious_shared_by_many_projects,,BDS-CURATED-0197,21,10,12,0,17,0,15,E,Tọa độ nghi ngờ; Thiếu diện tích đất; Thiếu quy hoạch; Thiếu tài chính,project_or_deal,,,review_not_published,held_for_review,report_or_scenario_subject,BDS-CURATED-0197; batch_762.txt;,2023-09-25,no,no,no,yes,no
BDS-MASTER-0273,"Khu đất đấu thầu Nhơn Trạch, Đồng Nai",3,2025-07-15,2025-07-15,batch_381.txt; batch_383.txt; batch_384.txt,Hanh T - INVT,10.6629773,106.8625131,"10.6629773, 106.8625131",https://maps.app.goo.gl/yVp7cfpfnfdzb7mV7,,Đồng Nai,Nhơn Trạch,3.860.000 m² (~386.00 ha),cao tầng,,QH gồm có đất ở cao tầng và đất thấp tầng (Nhà,,,,,,,,,,,,,,,,,,,,"[2025-07-15] Hanh T - INVT 7/15/2025 6:20 PM Edited Translate P. ĐT báo cáo Sếp Mr Mike1 -CEO về sơ bộ tổng mức đầu tư cụm DA đấu thầu tại Nhơn Trạch, Đồng Nai như sau: Cụm DA Đấu thầu có tổng diện tích 386 ha gồm có 04 phân khu: PK3 (80 ha), PK4 (92ha), PK5 (129 ha), PK6 (85ha). Mỗi phân khu theo QH gồm có đất ở cao tầng và đất thấp tầng (Nhà

---

[2025-07-15] Hanh T - INVT 7/15/2025 6:20 PM Edited Translate P. ĐT báo cáo Sếp Mr Mike1 -CEO về sơ bộ tổng mức đầu tư cụm DA đấu thầu tại Nhơn Trạch, Đồng Nai như sau: Cụm DA Đấu thầu có tổng diện tích 386 ha gồm có 04 phân khu: PK3 (80 ha), PK4 (92ha), PK

---

[2025-07-15] Hanh T - INVT 7/15/2025 6:20 PM Edited Translate P. ĐT báo cáo Sếp Mr Mike1 -CEO về sơ bộ tổng mức đầu tư cụm DA đấu thầu tại Nhơn Trạch, Đồng Nai như sau: Cụm DA Đấu thầu có tổng diện tích",29,đấu thầu tại Nhơn Trạch,"khu đất đấu thầu nhơn trạch, đồng nai",3.860.000 m² (~386.00 ha),3.860.000 m² (~386.00 ha),386.00 ha,80 ha; 92ha; 129 ha; 85ha,,,,,,,,,,,,,,,,,batch_548.txt,12,matched_teams_map_link,suspicious_shared_by_many_projects,,BDS-CURATED-0181,21,17,25,0,0,0,15,E,Tọa độ nghi ngờ; Thiếu pháp lý; Thiếu quy hoạch; Thiếu tài chính,project_or_deal,,,review_not_published,held_for_review,insufficient_project_evidence,BDS-CURATED-0181; batch_381.txt; batch_383.txt; batch_384.txt;,2025-07-15,no,yes,yes,no,no
BDS-MASTER-0191,Phụ trách Lâm Đồng và P,1,2025-04-17,2025-04-17,batch_452.txt,Huy M - IM,,,,,tiềm năng để thực hiện. Em đề xuất tổ chức họp bao gồm PLDA - Phụ trách Lâm Đồng và P. QH triển khai nghiên cứu và hướng đi pháp lý nhé. OK a sẽ trao đổi với Gđ Minh họp sớm. by Thoi L - ASST.,,,,khách sạn,,QH triển khai nghiên cứu và hướng đi pháp lý nhé. OK a sẽ trao đổi với Gđ Minh họp sớm. by Thoi L - ASST.,,,,,pháp lý nhé. OK a sẽ trao đổi với Gđ Minh họp sớm. by Thoi L - ASST.,pháp lý nhé. OK a sẽ trao đổi với Gđ Minh họp sớm. by Thoi L - ASST.,,,,,,,,,,,đề xuất tổ chức họp bao gồm PLDA - Phụ trách Lâm Đồng và P. QH triển khai nghiên cứu và hướng đi pháp lý nhé. OK a sẽ trao đổi với Gđ Minh họp sớm. by Thoi L - ASST.,đề xuất tổ chức họp bao gồm PLDA - Phụ trách Lâm Đồng và P. QH triển khai nghiên cứu và hướng đi pháp lý nhé. OK a sẽ trao đổi với Gđ Minh họp sớm. by Thoi L - ASST.,,"[2025-04-17] Huy M - IM 4/17/2025 11:51 AM Translate Thoi -Tro Ly GD Liên quan đến nội dung nghiên cứu các tài sản của DLR để làm khách sạn, em đã trao đổi với Anh David xác định các vị trí tiềm năng để thực hiện. Em đề xuất tổ chức họp bao gồm PLDA - Phụ trách Lâm Đồng và P. QH triển khai nghiên cứu và hướng đi pháp lý nhé. OK a sẽ trao đổi với Gđ Minh họp sớm. by Thoi L - ASST.",41,Phụ trách Lâm Đồng và P,phụ trách lâm đồng và p,,,,,,,,,,,,,,,,,,,,,,,,,,BDS-CURATED-0355,20,7,12,0,8,0,0,E,Thiếu tọa độ; Thiếu diện tích đất; Thiếu quy hoạch; Thiếu tài chính,project_or_deal,,,review_not_published,held_for_review,insufficient_project_evidence,BDS-CURATED-0355; batch_452.txt;,2025-04-17,no,no,yes,yes,no
BDS-MASTER-0296,Thông tin quyết định chủ trương đầu tư/pháp lý dự án/thông tin quy hoạch dự án - Thông tin đơn vị khác tham,1,,,batch_484.txt,,10.9574728,106.7074293,"10.9574728, 106.7074293",https://goo.gl/maps/xNEqZWHrXNzKYLHe6,,Đồng Nai,,,,,"quy hoạch dự án - Thông tin đơn vị khác tham quan tâm các dự án này - Các vấn đề liên quan đến ưu đãi trong triển khai NOXH, các xác định giá bán - Các thông tin khác phục vụ công tác phân",,,,,"quyết định chủ trương đầu tư/pháp lý dự án/thông tin quy hoạch dự án - Thông tin đơn vị khác tham quan tâm các dự án này - Các vấn đề liên quan đến ưu đãi trong triển khai NOXH, các xác định giá bán - Các thông tin khác phục vụ cô",pháp lý dự án/thông tin quy hoạch dự án - Thông tin đơn vị khác tham quan tâm các dự án,,,,,,,,,,,"đề xuất nhanh chóng nghiên cứu lập phương án liên danh với công ty/đối tác đã có kinh nghiệm đầu tư xây dựng, vận hành dự án nhà ở nhằm đảm bảo đáp ứng điều kiện về kinh nghiệm được nêu trong thông báo mời thầu. (hồ sơ đăng ký","đề xuất nhanh chóng nghiên cứu lập phương án liên danh với công ty/đối tác đã có kinh nghiệm đầu tư xây dựng, vận hành dự án nhà ở nhằm đảm bảo đáp ứng điều kiện về kinh nghiệm được nêu t","yêu cầu về tư cách hợp lệ, năng lực tài chính và kinh nghiệm thực hiện dự án được nêu chi tiết trong file đính kèm) 2025.03.27-Cac buoc trien khai noxh Dong Nai.pdf","[] Phòng chuyên môn phụ trách đối ngoại xúc tiến gặp gỡ Sở Tài Chính/UBND tỉnh Đồng Nai để trao đổi và thu thập thông tin: - Hướng dẫn quy trình đăng ký thực hiện dự án - Thông tin quyết định chủ trương đầu tư/pháp lý dự án/thông tin quy hoạch dự án - Thông tin đơn vị khác tham quan tâm các dự án này - Các vấn đề liên quan đến ưu đãi trong triển khai NOXH, các xác định giá bán - Các thông tin khác phục vụ công tác phân tích đánh giá + Triển khai lập phương án liên danh với công ty/đối tác vì hiện tại công ty không đủ năng lực kinh nghiệm để tham gia - Với thời hạn tham gia đăng ký chỉ còn 31 ngày, đề xuất nhanh chóng nghiên cứu lập phương án liên danh với công ty/đối tác đã có kinh nghiệm đầu tư xây dựng, vận hành dự án nhà ở nhằm đảm bảo đáp ứng điều kiện về kinh nghiệm được nêu trong thông báo mời thầu. (hồ sơ đăng ký thực hiện dự án và những yêu cầu về tư cách hợp lệ, năng lực tài chính và kinh nghiệm thực hiện dự án được nêu chi tiết trong file đính kèm) 2025.03.27-Cac buoc trien khai noxh Dong Nai.pdf",24,Thông tin quyết định chủ trương đầu tư/pháp lý dự án/thông tin quy hoạch dự án - Thông tin đơn vị khác tham,thông tin quyết định chủ trương đầu tư pháp lý dự án thông tin quy hoạch dự án thông tin đơn vị khác tham,,,,,,,,,,,,,,,,,,,,"quyết định chủ trương đầu tư/pháp lý dự án/thông tin quy hoạch dự án - Thông tin đơn vị khác tham quan tâm các dự án này - Các vấn đề liên quan đến ưu đãi trong triển khai NOXH, các xác định",batch_586.txt,40,matched_teams_map_link,suspicious_shared_by_many_projects,,BDS-CURATED-0196,20,17,5,0,14,0,15,E,Tọa độ nghi ngờ; Thiếu diện tích đất; Thiếu quy hoạch; Thiếu tài chính,project_or_deal,,,review_not_published,held_for_review,name_missing_or_sentence,BDS-CURATED-0196; batch_484.txt;,,no,no,yes,yes,no
BDS-MASTER-0170,có tỷ lệ LNTT/TMDT đạt hiệu quả nhưng không đạt hiệu quả về chỉ tiêu IRR,1,2024-12-16,2024-12-16,batch_570.txt,Huy M - IM,21.250395,105.5350413,"21.250395, 105.5350413",https://goo.gl/maps/eqfdgJBc7XT7VhAW8,"https://goo.gl/maps/eqfdgJBc7XT7VhAW8 Link hồ sơ: 50ha Vĩnh Phúc - OneDrive (sharepoint.com) Google Maps Tìm kiếm các doanh nghiệp địa phương, xem bản đồ và tìm chỉ đường trên Google Maps. goo.gl Image Vị trí dự án 50ha",Vĩnh Phúc,,500.000 m² (~50.00 ha),TMĐT,,,,,,,,"chưa phù hợp với việc phát triển trung tâm thương mại dịch vụ vì nhu cầu thị trường thấp, tính thanh khoản kém. Để dự án đạt",,,,,,,,IRR chủ đầu tư: 11.68%,,,"không đạt hiệu quả về chỉ tiêu IRR, NPV 10) Đề xuất: • Thị trường huyện Vĩnh Tường và Yên Lạc chưa phù hợp với việc phát triển trung tâm thương mại dịch vụ vì nhu cầu thị trường thấp, tính thanh khoản kém. Để dự án đạt hiệu quả h; đề xuất chuyển toàn bộ (hoặc đa phần) đất TMDV sang đất ở để tạo tính thanh khoản cao và phù hợp nhu cầu thị trường thực tế. Link vị trí: https://goo.gl/maps/eqfdgJBc7XT7VhAW8 Link hồ sơ: 50ha Vĩnh Phúc - OneDrive (sharepoint.c","Đề xuất: • Thị trường huyện Vĩnh Tường và Yên Lạc chưa phù hợp với việc phát triển trung tâm thương mại dịch vụ vì nhu cầu thị trường thấp, tính thanh khoản kém. Để dự án đạt hiệu quả hơn; đề xuất chuyển toàn bộ (hoặc đa phần) đất TMDV sang đất ở để tạo tính thanh khoản cao và phù hợp nhu cầu thị trường thực tế. Link vị trí: https://goo.gl/maps/eqfdgJBc7XT7VhAW8 Link hồ sơ:",,"[2024-12-16] Huy M - IM 12/16/2024 5:49 PM Translate 8) Hiệu quả tài chính: • Lợi nhuận trước thuế/TMĐT: 24.1% • NPV chủ đầu tư: (20,637) • IRR chủ đầu tư: 11.68% 9) Kết luận: Dự án có tỷ lệ LNTT/TMDT đạt hiệu quả nhưng không đạt hiệu quả về chỉ tiêu IRR, NPV 10) Đề xuất: • Thị trường huyện Vĩnh Tường và Yên Lạc chưa phù hợp với việc phát triển trung tâm thương mại dịch vụ vì nhu cầu thị trường thấp, tính thanh khoản kém. Để dự án đạt hiệu quả hơn, K.ĐT đề xuất chuyển toàn bộ (hoặc đa phần) đất TMDV sang đất ở để tạo tính thanh khoản cao và phù hợp nhu cầu thị trường thực tế. Link vị trí: https://goo.gl/maps/eqfdgJBc7XT7VhAW8 Link hồ sơ: 50ha Vĩnh Phúc - OneDrive (sharepoint.com) Google Maps Tìm kiếm các doanh nghiệp địa phương, xem bản đồ và tìm chỉ đường trên Google Maps. goo.gl Image Vị trí dự án 50ha và vị trí dự án ... by Huy M - IM",47,có tỷ lệ LNTT/TMDT đạt hiệu quả nhưng không đạt hiệu quả về chỉ tiêu IRR,có tỷ lệ lntt tmdt đạt hiệu quả nhưng không đạt hiệu quả về chỉ tiêu irr,500.000 m² (~50.00 ha),500.000 m² (~50.00 ha),50.00 ha,,,,,,IRR chủ đầu tư: 11.68%,,,IRR chủ đầu tư: 11.68%,,,,,,,,,batch_570.txt,40,matched_teams_map_link,suspicious_shared_by_many_projects,,BDS-CURATED-0115,19,17,20,0,8,5,31,E,Tọa độ nghi ngờ; Thiếu quy hoạch,project_or_deal,,,review_not_published,held_for_review,narrative_sentence_name,BDS-CURATED-0115; batch_570.txt;,2024-12-16,no,yes,no,yes,yes
BDS-MASTER-0377,nghỉ dưỡng nghìn tỷ bà Trương Mỹ Lan từng thâu tóm Ngân hàng TMCP Công Thương Việt Nam - Chi nhánh Thủ Thiêm (,2,2024-06-02,2024-06-02,batch_688.txt; batch_745.txt,Tuan Tran-CEO,10.5753906,107.5708884,"10.5753906, 107.5708884",https://goo.gl/maps/JhPoRTM15vQA7Kk6A,,,,,,,,,,,,đấu giá khoản nợ của Công ty Cổ phần Greenhill Village - doanh nghiệp thực hiệ... m.cafebiz.vn Dự án này trước họ rao 900ty đúng ko mng. L... by Unknown User; đấu giá khoản nợ của Công ty Cổ phần Greenhill Village - doanh ng,,,,,,,,,,,,,,,"[2024-06-02] Tuan Tran-CEO 6/2/2024 9:25 AM https://m.cafebiz.vn/ngan-hang-rao-ban-du-an-nghi-duong-nghin-ty-ba-truong-my-lan-tung-thau-tom-176240601115633272.chn?fbclid=IwZXh0bgNhZW0CMTEAAR0gCq068odDwfaVarWXMrVzKJsb5N8mA7iQBstez2vOEGsFuEzu6c2XlSg_aem_AcxQFSkDhP9A9hf7e1nWIyBRpzUs6iL9wF0qP3p0ABLJ4FzSDldhLOZLzi9adCYt-RhJ7elval4J1vy0KIB-0uoU Ngân hàng rao bán dự án nghỉ dưỡng nghìn tỷ bà Trương Mỹ Lan từng thâu tóm Ngân hàng TMCP Công Thương Việt Nam - Chi nhánh Thủ Thiêm (VietinBank Thủ Thiêm) vừa thông tin về việc tìm đơn vị bán đấu giá khoản nợ của Công ty Cổ phần Greenhill Village - doanh nghiệp thực hiệ... m.cafebiz.vn Dự án này trước họ rao 900ty đúng ko mng. L... by Unknown User

---

[2024-06-02] Tuan Tran-CEO 6/2/2024 9:25 AM https://m.cafebiz.vn/ngan-hang-rao-ban-du-an-nghi-duong-nghin-ty-ba-truong-my-lan-tung-thau-tom-176240601115633272.chn?fbclid=IwZXh0bgNhZW0CMTEAAR0gCq068odDwfaVarWXMrVzKJsb5N8mA7iQBstez2vOEGsFuEzu6c2XlSg_aem_AcxQFSkDhP9A9hf7e1nWIyBRpzUs6iL9wF0qP3p0ABLJ4FzSDldhLOZLzi9adCYt-RhJ7elval4J1vy0KIB-0uoU Ngân hàng rao bán dự án nghỉ dưỡng nghìn tỷ bà Trương Mỹ Lan từng thâu tóm Ngân hàng TMCP Công Thương Việt Nam - Chi nhánh Thủ Thiêm (VietinBank Thủ Thiêm) vừa thông tin về việc tìm đơn vị bán đấu giá khoản nợ của Công ty Cổ phần Greenhill Village - doanh ng",18,nghỉ dưỡng nghìn tỷ bà Trương Mỹ Lan từng thâu tóm Ngân hàng TMCP Công Thương Việt Nam - Chi nhánh Thủ Thiêm (,nghỉ dưỡng nghìn tỷ bà trương mỹ lan từng thâu tóm ngân hàng tmcp công thương việt nam chi nhánh thủ thiêm,,,,,,,,,,,,,,,,,,,,đấu giá khoản nợ của Công ty Cổ phần Greenhill Village - doanh nghiệp thực hiệ; đấu giá khoản nợ của Công ty Cổ phần Greenhill Village - doanh ng [2024-06-02] Tuan Tran-CEO 6/2/2024 9:25 AM https://m; đấu giá khoản nợ của Công ty Cổ phần Greenhill Village - doanh ng,batch_766.txt,24,matched_teams_map_link,suspicious_shared_by_many_projects,,BDS-CURATED-0249,19,10,17,0,14,0,18,E,Tọa độ nghi ngờ; Thiếu diện tích đất; Thiếu quy hoạch; Thiếu tài chính,project_or_deal,,,review_not_published,held_for_review,name_missing_or_sentence,BDS-CURATED-0249; batch_688.txt; batch_745.txt;,2024-06-02,no,no,no,yes,no
BDS-MASTER-0271,Khu đất 02 Tây Thạnh,3,,,batch_094.txt; batch_152.txt; batch_156.txt,,,,,,"Mặt tiền đường Tây Thạnh (dài khoảng 65m, lòng đường 16m, vỉa hè mỗi bên 8m). Nằm trong bán kính TOD metro số 2 (chưa xác định chính xác có thuộc ranh đền bù của dự án TOD). Cập nhật sang tên cá nhân ông Phạm Công Danh t",,Tân Phú,11.222 m² (~1.12 ha),,". Vị trí: Mặt tiền đường Tây Thạnh (dài khoảng 65m, lòng đường 16m, vỉa hè mỗi bên 8m). Nằm trong bán kính TOD metro số 2 (chưa xác định chính xác có thuộc ranh",,,,,,"đấu giá xử lý nợ. Lịch sử các lần đưa ra đấu giá không thành: Cuối 2023 - Giữa 2024: Mức giá 508,56 tỷ đồng. Tháng 09/2024: Hạ xuống 483,13 tỷ đồng (giảm hơn 25 tỷ) Nửa đầu năm 2025 đến 2026: Đại hạ giá xuống mức 410 tỷ đồng (đ; đấu giá của Sacombank đẩy toàn bộ nghĩa vụ thuế chuyển nhượng (2% trên giá trị trúng đấu giá) sang cho người mua. Hồ sơ thuế yêu cầu chữ ký chính chủ, trong khi ông Phạm Công Danh đang thụ án tù, tạo ra điểm nghẽn hành chính gi",chưa xác định chính xác có thuộc ranh đền bù của dự án TOD). Cập nhật sang tên cá nhân ông Phạm Công Danh từ ngày 13/06/2006,,"508,56 tỷ; 483,13 tỷ; 25 tỷ; 410 tỷ",,,,,,,,,"chưa xác định chính xác có thuộc ranh đền bù của dự án TOD). Cập nhật sang tên cá nhân ông Phạm Công Danh từ ngày 13/06/2006. Hiện Sacombank đang rao đấu giá xử lý nợ. Lịch sử các lần đưa ra đấu giá không thành: Cuối 2023 -; rủi ro tiềm ẩn và hiện hữu đối với khu đất : Bẫy thuế TNCN và thủ tục hành chính: Quy chế đấu giá của Sacombank đẩy toàn bộ nghĩa vụ thuế chuyển nhượng (2% trên giá trị trúng đấu giá) sang cho người mua. Hồ sơ thuế yêu cầu chữ; rủi ro thừa kế hợp đồng thuê cũ hoặc phải theo đuổi kiện tụng dân sự kéo dài để đòi lại mặt bằng. Rủi ro ngăn chặn thi hành án: Tài sản liên đới đến đại án hình sự, có nguy cơ bị các cơ quan thi hành án dân sự siết nợ hoặc áp; chưa xác định chính xác có thuộc ranh đền bù của dự án TOD). Cập nhật sang tên cá nhân ông Phạm Công Danh từ ngày 13/06/2006. Hiện Sacombank; chưa x",,,"[] P.ĐT xin báo cáo Sếp Admin 01 về cập nhật thêm thông tin khu đất tại 02 Tây Thạnh, Tân Phú như sau: Diện tích đất : 11.221,7 m², đất ở lâu dài, mục đích sử dụng là đất sản xuất kinh doanh. Vị trí: Mặt tiền đường Tây Thạnh (dài khoảng 65m, lòng đường 16m, vỉa hè mỗi bên 8m). Nằm trong bán kính TOD metro số 2 (chưa xác định chính xác có thuộc ranh đền bù của dự án TOD). Cập nhật sang tên cá nhân ông Phạm Công Danh từ ngày 13/06/2006. Hiện Sacombank đang rao đấu giá xử lý nợ. Lịch sử các lần đưa ra đấu giá không thành: Cuối 2023 - Giữa 2024: Mức giá 508,56 tỷ đồng. Tháng 09/2024: Hạ xuống 483,13 tỷ đồng (giảm hơn 25 tỷ) Nửa đầu năm 2025 đến 2026: Đại hạ giá xuống mức 410 tỷ đồng (đơn giá đất khoảng 36,5 triệu/m²). Các rủi ro tiềm ẩn và hiện hữu đối với khu đất : Bẫy thuế TNCN và thủ tục hành chính: Quy chế đấu giá của Sacombank đẩy toàn bộ nghĩa vụ thuế chuyển nhượng (2% trên giá trị trúng đấu giá) sang cho người mua. Hồ sơ thuế yêu cầu chữ ký chính chủ, trong khi ông Phạm Công Danh đang thụ án tù, tạo ra điểm nghẽn hành chính giữa các cơ quan tư pháp => Khó có đất sạch sau khi bỏ tiền ra mua đất giá. Tranh chấp quyền sử dụng mặt bằng: Khu đất do Chi nhánh Công ty TNHH Tập đoàn Thái T

---

[] P.ĐT xin báo cáo Sếp Admin 01 về cập nhật thêm thông tin khu đất tại 02 Tây Thạnh, Tân Phú như sau: Diện tích đất : 11.221,7 m², đất ở lâu dài, mục đích sử dụng là đất sản xuất kinh doanh. Vị trí: Mặt tiền đường Tây Thạnh (dài khoảng 65m, lòng đường 16m, vỉa hè mỗi bên 8m). Nằm trong bán kính TOD metro số 2 (chưa xác định chính xác có thuộc ranh đền bù của dự án TOD). Cập nhật sang tên cá nhân ông Phạm Công Danh từ ngày 13/06/2006. Hiện Sacombank",29,tại 02 Tây Thạnh,tại 02 tây thạnh,11.222 m² (~1.12 ha),11.222 m² (~1.12 ha),"11.221,7 m²",1.12 ha,,,,,,,,"508,56 tỷ; 483,13 tỷ; 25 tỷ; 410 tỷ",,,,,,,,"đấu giá xử lý nợ; đấu giá không thành: Cuối 2023 - Giữa 2024: Mức giá 508,56 tỷ đồng; đấu giá của Sacombank đẩy toàn bộ nghĩa vụ thuế chuyển nhượng (2% trên giá trị trúng đấu giá) sang cho người mua",,,,,,BDS-CURATED-0388,19,7,18,0,14,0,15,E,Thiếu tọa độ; Thiếu quy hoạch; Thiếu tài chính,project_or_deal,,,review_not_published,held_for_review,insufficient_project_evidence,BDS-CURATED-0388; batch_094.txt; batch_152.txt; batch_156.txt;,,no,yes,no,yes,no
BDS-MASTER-0396,trên có diện tích,1,2025-08-13,2025-08-13,batch_323.txt,Mr Mike1 -CEO,10.970034,106.715651,"10.970034, 106.715651",https://maps.app.goo.gl/t178LDzcrFtjxgEz9,,,,,,,,,,,,"quyết định, khu đất trên có diện tích ... by Unknown User",,,,,,,,,,,,,,,"[2025-08-13] Mr Mike1 -CEO 8/13/2025 11:13 AM Translate Thêm 1 bạn bên PDT tính lại theo góc nhìn cá nhân đi Theo quyết định, khu đất trên có diện tích ... by Unknown User",18,trên có diện tích,trên có diện tích,,,,,,,,,,,,,,,,,,,,"quyết định, khu đất trên có diện tích",batch_001.txt,12,matched_teams_map_link,suspicious_shared_by_many_projects,,BDS-CURATED-0263,18,10,12,0,14,0,15,E,Tọa độ nghi ngờ; Thiếu diện tích đất; Thiếu quy hoạch; Thiếu tài chính,project_or_deal,,,review_not_published,held_for_review,insufficient_project_evidence,BDS-CURATED-0263; batch_323.txt;,2025-08-13,no,no,no,yes,no
BDS-MASTER-0407,Khu đất đấu thầu 386 ha Nhơn Trạch,2,2025-07-15,2025-07-15,batch_340.txt; batch_379.txt,,10.6629773,106.8625131,"10.6629773, 106.8625131",https://maps.app.goo.gl/yVp7cfpfnfdzb7mV7,vào số liệu chi tiết tổng mức đầu tư của từng phân khu. Trân trọng. Bản đồ không có tiêu đề - Google My Maps (IN) 2025.07.15 Cụm DA đấu thầu 386ha - Nhơn Trạch.pdf Bản đồ không có tiêu đề www.google.com,,Nhơn Trạch,3.860.000 m² (~386.00 ha),,,,,,,,,,,,,,,,,,,,,,vào số liệu chi tiết tổng mức đầu tư của từng phân khu. Trân trọng. Bản đồ không có tiêu đề - Google My Maps (IN) 2025.07.15 Cụm DA đấu thầu 386ha - Nhơn Trạch.pdf,[] Phòng xin gửi đính kèm vị trí vào số liệu chi tiết tổng mức đầu tư của từng phân khu. Trân trọng. Bản đồ không có tiêu đề - Google My Maps (IN) 2025.07.15 Cụm DA đấu thầu 386ha - Nhơn Trạch.pdf Bản đồ không có tiêu đề www.google.com; [] Phòng xin gửi đính kèm vị trí vào số liệu chi tiết tổng mức đầu tư của từng phân khu. Trân trọng. Bản đồ không có tiêu đề - Google My Maps (IN) 2025.07.15 Cụm DA đấu thầu 386ha - N,18,đấu thầu 386ha - Nhơn Trạch,đấu thầu 386ha nhơn trạch,3.860.000 m² (~386.00 ha),3.860.000 m² (~386.00 ha),386.00 ha,,,,,,,,,,,,,,,,,,batch_548.txt,12,matched_teams_map_link,suspicious_shared_by_many_projects,BDS-CURATED-0429,BDS-CURATED-0270,18,17,20,0,0,0,15,E,Tọa độ nghi ngờ; Thiếu pháp lý; Thiếu quy hoạch; Thiếu tài chính,project_or_deal,,,review_not_published,held_for_review,insufficient_project_evidence,BDS-CURATED-0270; batch_340.txt; batch_379.txt; BDS-CURATED-0429,2025-07-15,no,yes,no,no,no
BDS-MASTER-0293,Regalia Gold Nha Trang,1,2022-12-27,2022-12-27,batch_917.txt,Unknown User,20.94081,105.84306,"20.94081, 105.84306",https://goo.gl/maps/YaZ9tS4Xqtm5REAe6,"và hiện trạng: Khách sạn nằm tại đường Nguyễn Thị Minh Khai, P. Tân Lập, Nha Trang, cách bãi biển khoảng 400mCông trình khách sạn 4 sao cao 40 tầng, có 850 ph… 1 Heart reaction. Em gửi chị Ngoc Vo-TL-TGD 2 bản báo cáo...",,,,Khách sạn,,,cao 40 tầng,,,,,,,,,,,,,,,,,,,"[2022-12-27] Unknown User 12/27/2022 3:31 PM KĐT gửi anh Tuan Tran-CEO báo cáo dự phòng P&L 5 năm từ 2023 - 2027 cho Khách sạn Regalia Gold 4 sao tại Nha Trang, cụ thể: 1/ Vị trí và hiện trạng: Khách sạn nằm tại đường Nguyễn Thị Minh Khai, P. Tân Lập, Nha Trang, cách bãi biển khoảng 400mCông trình khách sạn 4 sao cao 40 tầng, có 850 ph… 1 Heart reaction. Em gửi chị Ngoc Vo-TL-TGD 2 bản báo cáo... by Unknown User, has attachments.",24,Regalia Gold 4 sao tại Nha Trang,regalia gold 4 sao tại nha trang,,,,,,,,,,,,,,cao 40 tầng,,,,,,,batch_917.txt,16,matched_teams_map_link,suspicious_shared_by_many_projects,,BDS-CURATED-0193,16,17,12,4,0,0,15,E,Tọa độ nghi ngờ; Thiếu diện tích đất; Thiếu pháp lý; Thiếu tài chính,project_or_deal,,,review_not_published,held_for_review,insufficient_project_evidence,BDS-CURATED-0193; batch_917.txt;,2022-12-27,no,no,no,no,no
BDS-MASTER-0408,định giá Link vị trí,1,,,batch_338.txt,,,,,https://www.google.com/maps/d/edit?mid=1Yy94Bk_zJc1qdBIr51K9nl1FJ6GMm1g&usp=sharing,6 khu đất định giá Link vị trí:https://www.google.com/maps/d/edit?mid=1Yy94Bk_zJc1qdBIr51K9nl1FJ6GMm1g&usp=sharing Các khu đất định giá 2025.07.15_BAO CAO DINH GIA TAI SAN fn.pdf 2025.07.15_BAO CAO DINH GIA TAI SAN fn 1.,,,,,,,,,,,,,,,,,,,,,,,,,giá Link vị trí:https://www.google.com/maps/d/edit?mid=1Yy94Bk_zJc1qdBIr51K9nl1FJ6GMm1g&usp=sharing Các khu đất định giá 2025.07.15_BAO CAO DINH GIA TAI SAN fn.pdf; 2025.07.15_BAO CAO DINH GIA TAI SAN fn 1.pdf,[] Phòng xin gửi đính kèm vị trí 6 khu đất định giá Link vị trí:https://www.google.com/maps/d/edit?mid=1Yy94Bk_zJc1qdBIr51K9nl1FJ6GMm1g&usp=sharing Các khu đất định giá 2025.07.15_BAO CAO DINH GIA TAI SAN fn.pdf 2025.07.15_BAO CAO DINH GIA TAI SAN fn 1.pdf Các khu đất định giá www.google.com,18,định giá Link vị trí,định giá link vị trí,,,,,,,,,,,,,,,,,,,,,batch_338.txt,48,,,,BDS-CURATED-0430,16,15,5,0,0,0,0,E,Thiếu tọa độ; Thiếu diện tích đất; Thiếu pháp lý; Thiếu quy hoạch; Thiếu tài chính,project_or_deal,,,review_not_published,held_for_review,insufficient_project_evidence,BDS-CURATED-0430; batch_338.txt;,,no,no,no,no,no
BDS-MASTER-0250,NOXH đang đánh giá khoảng 15Km Trên dưới 20 Triệu/m2 Giá đất UBND MT đường DT742 5 Triệu/m2 Theo Tổng mức đầu,1,,,batch_375.txt,,,,,https://www.google.com/maps/d/edit?mid=1MawyjqMPRL80P8Y7qm_ZhtUgghnbpFc&usp=sharing,,,,,KCN,,,,,,,,,,10 Triệu/m2; 15 Triệu/m2; 15 Tr/m2; 20 Triệu/m2; 5 Triệu/m2; 23 Triệu/m2,"Giá căn hộ Tecco Felice (NOTM) Gần trung tâm Tp Tân Uyên, cách dự án NOXH đang đánh giá khoảng 15Km Trên dưới 20 Triệu/m2; Giá căn hộ NOXH ước tính khoảng 23 Triệu/m2",,,DT742 5 T,,,,,"đề xuất KHÔNG tiếp tục nghiên cứu 2 dự án trên. NOXH TÂN NHỰT, BÌNH CHÁNH - Google マイマップ NOXH TÂN NHỰT, BÌNH CHÁNH www.google.com Giá khu 2 này tính ra nhiu 1m by Unknown User","đề xuất KHÔNG tiếp tục nghiên cứu 2 dự án trên. NOXH TÂN NHỰT, BÌNH CHÁNH - Google マイマップ NOXH TÂN NHỰT, BÌNH CHÁNH www.google.com Giá khu 2 này tính ra nhiu 1m by Unknown User",,"[] P.ĐT khảo sát giá thị trường các sản phẩm xung quanh có thông tin như sau: Hạng Mục Đơn giá Giá đất ở ngoài KCN Vsip II 10 Triệu/m2 - 15 Triệu/m2 Giá đất KDC trong KCN Vsip II Trên dưới 15 Tr/m2 Giá căn hộ Tecco Felice (NOTM) Gần trung tâm Tp Tân Uyên, cách dự án NOXH đang đánh giá khoảng 15Km Trên dưới 20 Triệu/m2 Giá đất UBND MT đường DT742 5 Triệu/m2 Theo Tổng mức đầu tư ước tính từ suất vốn đầu tư của Bộ xây dựng để tính toán giá bán căn hộ nhà xã hội hiện nay, P.ĐT đánh giá: Giá căn hộ NOXH ước tính khoảng 23 Triệu/m2 - 25 Triệu/ m2 cao hơn 50%-60% giá đất ở KDC xung quanh dự án. Giá bán căn hộ NOXH gần tương đương với mức giá căn hộ Tecco Felice (NOTM) tại Tp.Tân Uyên. => Do đó, sản phẩm NOXH cho dự án đang đánh giá thực hiện là KHÔNG khả thi. KẾT LUẬN: Với các nội dung đánh giá và phân tích, P.ĐT đề xuất KHÔNG tiếp tục nghiên cứu 2 dự án trên. NOXH TÂN NHỰT, BÌNH CHÁNH - Google マイマップ NOXH TÂN NHỰT, BÌNH CHÁNH www.google.com Giá khu 2 này tính ra nhiu 1m by Unknown User",29,NOXH đang đánh giá khoảng 15Km Trên dưới 20 Triệu/m2 Giá đất UBND MT đường DT742 5 Triệu/m2 Theo Tổng mức đầu,noxh đang đánh giá khoảng 15km trên dưới 20 triệu m2 giá đất ubnd mt đường dt742 5 triệu m2 theo tổng mức đầu,,,,,,,,,,,,"10 Triệu/m2; 15 Triệu/m2; 15 Tr/m2; 20 Triệu/m2; 5 Triệu/m2; 23 Triệu/m2; Giá căn hộ Tecco Felice (NOTM) Gần trung tâm Tp Tân Uyên, cách dự án NOXH đang đánh giá khoảng 15Km Trên dưới 20 Triệu/m2; Giá căn hộ NOXH ước tính khoảng 23 Triệu/m2; DT742 5 T",,,,,,,,,batch_375.txt,44,,,,BDS-CURATED-0381,14,8,5,0,0,5,0,E,Thiếu tọa độ; Thiếu diện tích đất; Thiếu pháp lý; Thiếu quy hoạch,project_or_deal,,,review_not_published,held_for_review,name_missing_or_sentence,BDS-CURATED-0381; batch_375.txt;,,no,no,no,no,yes
BDS-MASTER-0486,đề xuất quan tâm theo file đính kèm,1,2025-05-13,2025-05-13,batch_415.txt,,,,,https://www.google.com/maps/d/edit?mid=1GZCfnV4401jtKcup5hFe0KPBOBMYrp4&usp=sharing,,,,,,,,,,,,,,,,,,,,,,,,"đề xuất quan tâm theo file đính kèm. Trân Trọng. Message by Hanh T - INVT, has an attachment.","đề xuất quan tâm theo file đính kèm. Trân Trọng. Message by Hanh T - INVT, has an attachment.",,"[] Phòng xin gửi kèm báo cáo có thể hiện ranh đất của 05 dự án đề xuất quan tâm theo file đính kèm. Trân Trọng. Message by Hanh T - INVT, has an attachment.",12,đề xuất quan tâm theo file đính kèm,đề xuất quan tâm theo file đính kèm,,,,,,,,,,,,,,,,,,,,,batch_232.txt,20,,,,BDS-CURATED-0473,14,8,12,0,0,0,0,E,Thiếu tọa độ; Thiếu diện tích đất; Thiếu pháp lý; Thiếu quy hoạch; Thiếu tài chính,project_or_deal,,,review_not_published,held_for_review,report_or_scenario_subject,BDS-CURATED-0473; batch_415.txt;,2025-05-13,no,no,no,no,no
BDS-MASTER-0356,Vignette Collection đến Hội An Khách sạn Moire Hội An,1,2024-07-08,2024-07-08,batch_679.txt,Huy M - IM,,,,,,,Hội An,,khách sạn,,,,,,,,,,,,,,,,,,,,,,"[2024-07-08] Huy M - IM 7/8/2024 8:58 AM https://baodautu.vn/ihg-dua-thuong-hieu-khach-san-vignette-collection-den-hoi-an-d219176.html IHG đưa thương hiệu khách sạn Vignette Collection đến Hội An Khách sạn Moire Hội An, Vignette Collection sẽ chính thức được ra mắt tại đô thị cổ Hội An - di sản UNESCO vào năm nay, theo thỏa thuận chuyển đổi hợp tác quản lý giữa IHG với Công ty cổ phần Ngọc ... baodautu.vn",18,Vignette Collection đến Hội An Khách sạn Moire Hội An,vignette collection đến hội an khách sạn moire hội an,,,,,,,,,,,,,,,,,,,,,,,,,,BDS-CURATED-0413,13,7,12,0,0,0,0,E,Thiếu tọa độ; Thiếu diện tích đất; Thiếu pháp lý; Thiếu quy hoạch; Thiếu tài chính,project_or_deal,,,review_not_published,held_for_review,insufficient_project_evidence,BDS-CURATED-0413; batch_679.txt;,2024-07-08,no,no,no,no,no
BDS-MASTER-0359,chung cư nhiều nhưng số lượng dự án và thị trường thì thấy Đà Nẵng có vẻ sôi động hơn à Nhưng condotel ở Đà Nẵ,1,2024-10-25,2024-10-25,batch_610.txt,Huy M - IM,16.053394,108.247722,"16.053394, 108.247722",https://maps.app.goo.gl/cuqyDKdtbfwW1DAa8,,Đà Nẵng,,,chung cư,,,,,,,,,,,,,,,,,,,,,,[2024-10-25] Huy M - IM 10/25/2024 10:42 AM Translate Nha Trang thời gian vừa rồi mình cũng không nghiên cứu dự án chung cư nhiều nhưng số lượng dự án và thị trường thì thấy Đà Nẵng có vẻ sôi động hơn à Nhưng condotel ở Đà Nẵng thì giờ đang khá x... by Huy M - IM,18,chung cư nhiều nhưng số lượng dự án và thị trường thì thấy Đà Nẵng có vẻ sôi động hơn à Nhưng condotel ở Đà Nẵ,chung cư nhiều nhưng số lượng dự án và thị trường thì thấy đà nẵng có vẻ sôi động hơn à nhưng condotel ở đà nẵ,,,,,,,,,,,,,,,,,,,,,batch_515.txt,28,matched_teams_map_link,suspicious_shared_by_many_projects,,BDS-CURATED-0237,13,17,12,0,0,0,15,E,Tọa độ nghi ngờ; Thiếu diện tích đất; Thiếu pháp lý; Thiếu quy hoạch; Thiếu tài chính,project_or_deal,,,review_not_published,held_for_review,name_missing_or_sentence,BDS-CURATED-0237; batch_610.txt;,2024-10-25,no,no,no,no,no
BDS-MASTER-0438,cập nhật chốt xin giữ dân số cho PGK là 3800,1,,,batch_232.txt,,,,,https://www.google.com/maps/d/edit?mid=1GZCfnV4401jtKcup5hFe0KPBOBMYrp4&usp=sharing,,,,,,,dân số cho PGK là 3800. Đầu tư trao đổi với QH và PLDA để nắm tt thêm; Các PA điều chỉnh cơ cấu sản phẩm sau này cũng dễ hơn. Em nhận thông tin ạ,,,,dân số cho PGK là 3800,,,,,,,,,,,,,,,,[] Thao L - INVT Hi Thảo; PLDA cập nhật chốt xin giữ dân số cho PGK là 3800. Đầu tư trao đổi với QH và PLDA để nắm tt thêm; Các PA điều chỉnh cơ cấu sản phẩm sau này cũng dễ hơn. Em nhận thông tin ạ,12,cập nhật chốt xin giữ dân số cho PGK là 3800,cập nhật chốt xin giữ dân số cho pgk là 3800,,,,,,,,,,,,,,,dân số cho PGK là 3800,,,,,,batch_232.txt,12,,,,BDS-CURATED-0441,13,8,5,4,0,0,0,E,Thiếu tọa độ; Thiếu diện tích đất; Thiếu pháp lý; Thiếu tài chính,project_or_deal,,,review_not_published,held_for_review,report_or_scenario_subject; insufficient_project_evidence,BDS-CURATED-0441; batch_232.txt;,,no,no,yes,no,no
BDS-MASTER-0258,dự kiến hợp tác vs,1,2022-08-10,2022-08-10,batch_922.txt,Binh Vo-GD-PTDT,11.0196953,108.2482713,"11.0196953, 108.2482713",https://goo.gl/maps/9VManjp1YiqeSC1A8,để có view biển hết 2. Trước khối khách sạn dự kiến hợp tác vs ... by Unknown User,,,,biệt thự,,,,,,,,,,,,,,"DT 8/10/2022 4:41 PM 1. Một số căn biệt thự không nhìn view biển, nên đang điều chỉnh lại vị trí để có view biển hết 2. T",,,,,,,,"[2022-08-10] Binh Vo-GD-PTDT 8/10/2022 4:41 PM 1. Một số căn biệt thự không nhìn view biển, nên đang điều chỉnh lại vị trí để có view biển hết 2. Trước khối khách sạn dự kiến hợp tác vs ... by Unknown User",29,dự kiến hợp tác vs,dự kiến hợp tác vs,,,,,,,,,,,,"DT 8/10/2022 4:41 PM 1. Một số căn biệt thự không nhìn view biển, nên đang điều chỉnh lại vị trí để có view biển hết 2. T",,,,,,,,,batch_922.txt,12,matched_teams_map_link,suspicious_shared_by_many_projects,,BDS-CURATED-0171,13,17,12,0,0,0,15,E,Tọa độ nghi ngờ; Thiếu diện tích đất; Thiếu pháp lý; Thiếu quy hoạch; Thiếu tài chính,project_or_deal,,,review_not_published,held_for_review,insufficient_project_evidence,BDS-CURATED-0171; batch_922.txt;,2022-08-10,no,no,no,no,no
BDS-MASTER-0387,phân lô (,1,2023-06-22,2023-06-22,batch_835.txt,Tuan Tran-CEO,,,,,nào 47.5tr và vị trí nào 64.8tr 1 Like reaction. Tìm hiểu bên Nhơn Trạch xem dự án phân lô (... by Unknown User,,Nhơn Trạch,,,,,,,,,,,,,,,,,,,,,,,,"[2023-06-22] Tuan Tran-CEO 6/22/2023 10:42 AM Cho cụ thể, ví dụ lô E thì vị trí nào 47.5tr và vị trí nào 64.8tr 1 Like reaction. Tìm hiểu bên Nhơn Trạch xem dự án phân lô (... by Unknown User",18,phân lô (,phân lô,,,,,,,,,,,,,,,,,,,,,,,,,,BDS-CURATED-0423,13,7,12,0,0,0,0,E,Thiếu tọa độ; Thiếu diện tích đất; Thiếu pháp lý; Thiếu quy hoạch; Thiếu tài chính,project_or_deal,,,review_not_published,held_for_review,narrative_sentence_name,BDS-CURATED-0423; batch_835.txt;,2023-06-22,no,no,no,no,no
BDS-MASTER-0328,trước năm 2024 đúng thật là thấy giá chung cư của HN thấy thấp hơn SG nếu nhìn vị trí có tính tương đương,1,2024-12-07,2024-12-07,batch_580.txt,Huy M - IM,10.6963753,106.6108851,"10.6963753, 106.6108851",https://maps.app.goo.gl/UEv62Ht1RcfDLLML8,có tính tương đương. Nay giá lại vượt SG. Vẫn còn 1 sản phẩm ở HN thấy giá thấp hơn HCM nữa là giá thuê Văn Phòng. Ko biết sắp tới có bị làn sóng đẩy lên ko.,,,,chung cư,,,,,,,,,,,,,,,,,,,,,,[2024-12-07] Huy M - IM 12/7/2024 1:56 PM Translate Mấy đợt đi HN khảo sát dự án trước năm 2024 đúng thật là thấy giá chung cư của HN thấy thấp hơn SG nếu nhìn vị trí có tính tương đương. Nay giá lại vượt SG. Vẫn còn 1 sản phẩm ở HN thấy giá thấp hơn HCM nữa là giá thuê Văn Phòng. Ko biết sắp tới có bị làn sóng đẩy lên ko.,24,trước năm 2024 đúng thật là thấy giá chung cư của HN thấy thấp hơn SG nếu nhìn vị trí có tính tương đương,trước năm 2024 đúng thật là thấy giá chung cư của hn thấy thấp hơn sg nếu nhìn vị trí có tính tương đương,,,,,,,,,,,,,,,,,,,,,batch_543.txt,32,matched_teams_map_link,suspicious_shared_by_many_projects,,BDS-CURATED-0222,13,17,12,0,0,0,15,E,Tọa độ nghi ngờ; Thiếu diện tích đất; Thiếu pháp lý; Thiếu quy hoạch; Thiếu tài chính,project_or_deal,,,review_not_published,held_for_review,name_missing_or_sentence,BDS-CURATED-0222; batch_580.txt;,2024-12-07,no,no,no,no,no
BDS-MASTER-0411,ở vị trí khác nên phương án kinh doanh đưa lên không còn chính xác,1,2025-09-23,2025-09-23,batch_297.txt,Huy M - IM,15.8884285,108.3559502,"15.8884285, 108.3559502",https://maps.app.goo.gl/zNrudtbb4kMk2xxv5,của Lô đất ở vị trí khác nên phương án kinh doanh đưa lên không còn chính xác. Lúc đó báo cáo cáo lại thì Sếp chốt thôi loại Lô B11 ra không nghiên cứu tiếp à. Check lại nha by Unknown User,,,,,,,,,,,,,,,,,,,,,,,,,,[2025-09-23] Huy M - IM 9/23/2025 11:15 AM Translate Tuy nhiên lúc này tính cho fs lô B11 thì anh Cường có nhằm vị trí của Lô đất ở vị trí khác nên phương án kinh doanh đưa lên không còn chính xác. Lúc đó báo cáo cáo lại thì Sếp chốt thôi loại Lô B11 ra không nghiên cứu tiếp à. Check lại nha by Unknown User,18,ở vị trí khác nên phương án kinh doanh đưa lên không còn chính xác,ở vị trí khác nên phương án kinh doanh đưa lên không còn chính xác,,,,,,,,,,,,,,,,,,,,,batch_208.txt,24,matched_teams_map_link,suspicious_shared_by_many_projects,,BDS-CURATED-0273,13,17,12,0,0,0,15,E,Tọa độ nghi ngờ; Thiếu diện tích đất; Thiếu pháp lý; Thiếu quy hoạch; Thiếu tài chính,project_or_deal,,,review_not_published,held_for_review,report_or_scenario_subject; insufficient_project_evidence,BDS-CURATED-0273; batch_297.txt;,2025-09-23,no,no,no,no,no
BDS-MASTER-0303,cần kiểm tra lại QH 1,1,,,batch_917.txt,,10.6873566,106.7186056,"10.6873566, 106.7186056",https://goo.gl/maps/k4R8TwNVtrg4BrJc9,,,,,chung cư,,QH 1.2000 mới nhất xem có khả năng phù hợp là dự án chung cư theo các tiêu chí quy hoạch giả định và xin được dân số 2685 người,,,,dân số 2685,Pháp lý dự án cần kiểm tra lại QH 1.2000 mới nhất xem có khả năng phù hợp là dự án chung cư theo các tiêu chí quy hoạch giả định và xin được dân số 2685 người,Pháp lý dự án cần kiểm tra lại QH 1.2000 mới nhất xem có khả năng phù hợp là dự án chun,,,,,,,,,,,,cần kiểm tra lại QH 1.2000 mới nhất xem có khả năng phù hợp là dự án chung cư theo các tiêu chí quy hoạch giả định và xin được dân số 2685 người,,[] Phòng Pháp lý dự án cần kiểm tra lại QH 1.2000 mới nhất xem có khả năng phù hợp là dự án chung cư theo các tiêu chí quy hoạch giả định và xin được dân số 2685 người,24,cần kiểm tra lại QH 1,cần kiểm tra lại qh 1,,,,,,,,,,,,,,,dân số 2685,,,,,,batch_917.txt,16,matched_teams_map_link,suspicious_shared_by_many_projects,,BDS-CURATED-0201,12,10,5,4,8,0,15,E,Tọa độ nghi ngờ; Thiếu diện tích đất; Thiếu tài chính,project_or_deal,,,review_not_published,held_for_review,narrative_sentence_name,BDS-CURATED-0201; batch_917.txt;,,no,no,yes,yes,no
BDS-MASTER-0283,Cty Định Giá Việt,1,2025-11-06,2025-11-06,batch_246.txt,Thoi L - ASST.,,,,,,,,,,,,,,,,,,,38.4tr/m2,giá bán trung bình là 38.4tr/m2,,,,,,,,"đề xuất giá bán trung bình là 38.4tr/m2. Fenica- Dự thảo định giá DA - Cty Định Giá Việt.pdf Begin quote, Thoi L - ASST. , 11/6/2025 5:3... by Huy M - IM","cần nhé. PP so sánh trực tiếp đề xuất giá bán trung bình là 38.4tr/m2. Fenica- Dự thảo định giá DA - Cty Định Giá Việt.pdf Begin quote, Thoi L - ASST. , 11/6/2025 5:3... by Huy M - IM","ica để rà soát điều chỉnh và b/c Sếp, nếu cần nhé. PP so sánh trực tiếp đề xuất giá bán trung bình là 38.4tr/m2. Fenica- Dự thảo định giá DA - Cty Định Giá Việt.pdf","[2025-11-06] Thoi L - ASST. 11/6/2025 5:32 PM Translate Huy M - IM Anh gửi Huy xem qua b/c định giá của Fenica để rà soát điều chỉnh và b/c Sếp, nếu cần nhé. PP so sánh trực tiếp đề xuất giá bán trung bình là 38.4tr/m2. Fenica- Dự thảo định giá DA - Cty Định Giá Việt.pdf Begin quote, Thoi L - ASST. , 11/6/2025 5:3... by Huy M - IM",24,Cty Định Giá Việt,cty định giá việt,,,,,,,,,,,,38.4tr/m2; giá bán trung bình là 38.4tr/m2,,,,,,,,,,,,,,BDS-CURATED-0393,11,0,12,0,0,5,0,E,Thiếu tọa độ; Thiếu diện tích đất; Thiếu pháp lý; Thiếu quy hoạch,project_or_deal,,,review_not_published,held_for_review,insufficient_project_evidence,BDS-CURATED-0393; batch_246.txt;,2025-11-06,no,no,no,no,yes
BDS-MASTER-0288,"Khách sạn 25 Trần Phú, Đà Lạt",3,2025-04-18,2025-04-28,batch_424.txt; batch_478.txt,Thao L - INVT; Thoi L - ASST.,10.970034,106.715651,"10.970034, 106.715651",https://maps.app.goo.gl/t178LDzcrFtjxgEz9,,,,,,,mật độ 60%,,,MĐXD:60%; mật độ 60%,,,,,,,,,"DTDear Huy, như đã họp sáng nay (sau khi A Tùng đã làm việc với XSD Lâm Đồng), DA KS 25 T",,,,,,,,"[2025-04-28] Thoi L - ASST. 4/28/2025 5:50 PM Huy Mai-PTDTDear Huy, như đã họp sáng nay (sau khi A Tùng đã làm việc với XSD Lâm Đồng), DA KS 25 Trần Phú sẽ đi theo PA 5 tầng nổi + 1 tầng hầm; MĐXD:60% - 108 phòng, 5 sao. Anh sẽ thúc triển khai tiếp xúc tiến xin DA theo thông tin này. Ok Anh. Thông tin này tương đương với PA 1 em đã tính toán với mật độ 60%

---

[2025-04-28] Thoi L - ASST. 4/28/2025 5:50 PM Huy Mai-PTDTDear Huy, như đã họp sáng nay (sau khi A Tùng đã làm việc với XSD Lâm Đồng), DA KS 25 Trần Phú sẽ đi theo PA 5 tầng nổi + 1 tầng hầm; MĐXD:60% - 108 phòng, 5 sao. Anh sẽ thúc triển khai tiếp xúc tiến xin DA theo thông tin này. Ok Anh. Thông tin này tương đương với

---

[2025-04-18] Thao L - INVT 4/18/2025 10:24 AM 📷 Em gửi 02 Phương án của 25 Trần Phú ạ Phương án 1: 108 phòng Phương án 2: 130 phòng Huy Mai-PTDTDear Huy, như đã họp sáng nay (sau khi A Tùng đã làm việc với XSD Lâm Đồng), DA KS 25 Trần Phú sẽ đi theo PA 5 tầng nổi + 1 tầng hầm; MĐXD:60% - 108 phòng, 5 sao. Anh sẽ thúc triển khai tiếp xúc tiến xin DA theo thông tin này. Begin quote, Thoi -Tro Ly GD, 4/28/2025 5:5... by Huy M - IM",24,KS 25 Trần Phú sẽ đi theo PA 5 tầng nổi + 1 tầng hầm,ks 25 trần phú sẽ đi theo pa 5 tầng nổi 1 tầng hầm,,,,,,,,,,,,"DTDear Huy, như đã họp sáng nay (sau khi A Tùng đã làm việc với XSD Lâm Đồng), DA KS 25 T",,,,MĐXD:60%; mật độ 60%,,,,,batch_001.txt,16,matched_teams_map_link,suspicious_shared_by_many_projects,,BDS-CURATED-0190,11,10,17,2,0,0,15,E,Tọa độ nghi ngờ; Thiếu diện tích đất; Thiếu pháp lý; Thiếu quy hoạch; Thiếu tài chính,project_or_deal,,,review_not_published,held_for_review,insufficient_project_evidence,BDS-CURATED-0190; batch_424.txt; batch_478.txt;,2025-04-28,no,no,yes,no,no
BDS-MASTER-0223,có một số hạn chế như,1,,,batch_213.txt,,,,,,,,,,TMĐT,,,,,,,,chưa VAT. Mức giá này theo nhận định của phòng Đầu tư và R&D thì khó có thể đạt được trong điều kiện thị trường hiện tại do,,75 tr/m2,giá bán căn hộ bình quân tương ứng từ 75 tr/m2; Giá bán căn hộ bình quân từ 75 triệu,,TMĐT mục tiêu 20% thì giá bán căn hộ bình quân tương ứng từ 75 t,,LNTT/TMĐT mục tiêu 20% thì giá bán căn hộ bình quân tương ứng từ 75 t,,,,"chưa VAT. Mức giá này theo nhận định của phòng Đầu tư và R&D thì khó có thể đạt được trong điều kiện thị trường hiện tại do khu đất có một số hạn chế như: diện tích nhỏ, không có view biển, cách biển khoảng 350 m và bị che t; chưa VAT có thể đạt khi thị trường căn hộ ở Nha Trang trong thời gian tới có tỷ lệ tăng giá mạnh mẽ từ ít nhất từ >20% trở lên.",,,"[] Phòng có chạy độ nhạy để đạt tỷ lệ LNTT/TMĐT mục tiêu 20% thì giá bán căn hộ bình quân tương ứng từ 75 tr/m2 chưa VAT. Mức giá này theo nhận định của phòng Đầu tư và R&D thì khó có thể đạt được trong điều kiện thị trường hiện tại do khu đất có một số hạn chế như: diện tích nhỏ, không có view biển, cách biển khoảng 350 m và bị che tầm nhìn bởi nhiều tòa nhà cao tầng phía biển đường Trần Phú. Giá bán căn hộ bình quân từ 75 triệu chưa VAT có thể đạt khi thị trường căn hộ ở Nha Trang trong thời gian tới có tỷ lệ tăng giá mạnh mẽ từ ít nhất từ >20% trở lên.",35,có một số hạn chế như,có một số hạn chế như,,,,,,,,,,,,75 tr/m2; giá bán căn hộ bình quân tương ứng từ 75 tr/m2; Giá bán căn hộ bình quân từ 75 triệu; TMĐT mục tiêu 20% thì giá bán căn hộ bình quân tương ứng từ 75 t; LNTT/TMĐT mục tiêu 20% thì giá bán căn hộ bình quân tương ứng từ 75 t,,,,,,,,,,,,,,BDS-CURATED-0367,11,0,5,0,8,5,4,E,Thiếu tọa độ; Thiếu diện tích đất; Thiếu quy hoạch,project_or_deal,,,review_not_published,held_for_review,narrative_sentence_name; insufficient_project_evidence,BDS-CURATED-0367; batch_213.txt;,,no,no,no,yes,yes
BDS-MASTER-0367,hiện tại mình đang vận hành để xem thử mình có chi phí nào khác cần bổ sung không à,1,2025-04-08,2025-04-08,batch_469.txt,Unknown User,10.652525,107.083154,"10.652525, 107.083154",https://maps.app.goo.gl/efNjqXtJS5uqAid67,,,,,,,,,,,,,chưa rõ bên mình có đặc thù gì khác ko à. Ok by Unknown User,,,,,,,,,,,chưa rõ bên mình có đặc thù gì khác ko à. Ok by Unknown User,cần bổ sung không à. Đợt trước anh có xem thì thấy có dự án chênh lệch lớn nhưng cũng có cái chênh lệch nhỏ nên cũng chưa rõ bên mình có đặc thù gì khác ko à. Ok by Unknown User,,[2025-04-08] Unknown User 4/8/2025 7:37 PM Hana Anh xin trao đổi thêm với chỗ chị Hana về giữa chỗ tỷ lệ GOP về tới EBITDA đối với các dự án hiện tại mình đang vận hành để xem thử mình có chi phí nào khác cần bổ sung không à. Đợt trước anh có xem thì thấy có dự án chênh lệch lớn nhưng cũng có cái chênh lệch nhỏ nên cũng chưa rõ bên mình có đặc thù gì khác ko à. Ok by Unknown User,18,hiện tại mình đang vận hành để xem thử mình có chi phí nào khác cần bổ sung không à,hiện tại mình đang vận hành để xem thử mình có chi phí nào khác cần bổ sung không à,,,,,,,,,,,,,,,,,,,,,batch_477.txt,26,matched_teams_map_link,suspicious_shared_by_many_projects,,BDS-CURATED-0245,11,10,12,0,8,0,19,E,Tọa độ nghi ngờ; Thiếu diện tích đất; Thiếu quy hoạch; Thiếu tài chính,project_or_deal,,,review_not_published,held_for_review,report_or_scenario_subject,BDS-CURATED-0245; batch_469.txt;,2025-04-08,no,no,no,yes,no
BDS-MASTER-0409,ở Thái à Bên Thái tuần này đang trong thời gian nghỉ,1,2023-04-15,2023-04-15,batch_899.txt,Unknown User,10.5753906,107.5708884,"10.5753906, 107.5708884",https://goo.gl/maps/JhPoRTM15vQA7Kk6A,,,,,,,,,,,,,chưa Team cũng đang song song triển khai tính toán các dự án ở Thái à Bên Thái tuần này đang trong thời gian nghỉ... by Huy,,,,,,,,,,,chưa Team cũng đang song song triển khai tính toán các dự án ở Thái à Bên Thái tuần này đang trong thời gian nghỉ... by Huy M - IM,,,[2023-04-15] Unknown User 4/15/2023 11:20 AM Ủa tính mấy cái e gửi xong chưa Team cũng đang song song triển khai tính toán các dự án ở Thái à Bên Thái tuần này đang trong thời gian nghỉ... by Huy M - IM,18,ở Thái à Bên Thái tuần này đang trong thời gian nghỉ,ở thái à bên thái tuần này đang trong thời gian nghỉ,,,,,,,,,,,,,,,,,,,,,batch_766.txt,28,matched_teams_map_link,suspicious_shared_by_many_projects,,BDS-CURATED-0271,11,10,12,0,8,0,19,E,Tọa độ nghi ngờ; Thiếu diện tích đất; Thiếu quy hoạch; Thiếu tài chính,project_or_deal,,,review_not_published,held_for_review,chat_or_attachment_subject,BDS-CURATED-0271; batch_899.txt;,2023-04-15,no,no,no,yes,no
BDS-MASTER-0339,Begin quote,1,2023-12-18,2023-12-18,batch_717.txt,Huy M - IM,,,,,,,,,,,"QH nhà noxh rồi ah. Tuy nhiên QH của PA1 nhà nước duyệt dân số chiếm chỉ 14.5% dân số của dự án Begin quote, Tuan Tran-CEO , 12/18/2023 6:4... by Huy M - IM",,,,"dân số chiếm chỉ 14.5; dân số của dự án Begin quote, Tuan Tran-CEO , 12",,,,,,,,,,,,,,,,"[2023-12-18] Huy M - IM 12/18/2023 6:49 PM Phương án 1 mình cũng có QH nhà noxh rồi ah. Tuy nhiên QH của PA1 nhà nước duyệt dân số chiếm chỉ 14.5% dân số của dự án Begin quote, Tuan Tran-CEO , 12/18/2023 6:4... by Huy M - IM",18,Begin quote,begin quote,,,,,,,,,,,,,,,"dân số chiếm chỉ 14.5; dân số của dự án Begin quote, Tuan Tran-CEO , 12",,,,,,,,,,,BDS-CURATED-0404,10,0,12,4,0,0,0,E,Thiếu tọa độ; Thiếu diện tích đất; Thiếu pháp lý; Thiếu tài chính,project_or_deal,,,review_not_published,held_for_review,chat_or_attachment_subject,BDS-CURATED-0404; batch_717.txt;,2023-12-18,no,no,yes,no,no
BDS-MASTER-0471,thông qua đấu thầu nên khả năng cao chỉ thực hiện được chuyển nhượng thông qua hình thức mua cổ phần nên,3,2025-06-26,2025-06-26,batch_369.txt; batch_409.txt; batch_410.txt,Unknown User,10.840677,106.719716,"10.840677, 106.719716",https://maps.app.goo.gl/ioqJ9N2mKRyMdiAe6,,,,,,,,,,,,,,,,,,,,,,,,,,,"[2025-06-26] Unknown User 6/26/2025 5:11 PM Ủa ổn quá kìa. Ủa mình mua lại vậy đc tính vào chi phí ko Vì NOXH là hình thức cũng đặc thù và dự án thông qua đấu thầu nên khả năng cao chỉ thực hiện được chuyển nhượng thông qua hình thức mua cổ phần nên chi phí sẽ không được tính à P.Đầu tư gởi thêm hồ sơ mời quan tâm của 2 ... by Khoa L - INVT, has attachments.

---

[2025-06-26] Unknown User 6/26/2025 5:11 PM Ủa ổn quá kìa. Ủa mình mua lại vậy đc tính vào chi phí ko Vì NOXH là hình thức cũng đặc thù và dự án thông qua đấu thầu nên khả năng cao chỉ thực hiện được chuyển nhượng thông qua hình thức mua cổ phần nên chi phí sẽ không được tính à P.Đầu tư gởi thêm hồ sơ mời quan tâm của 2 ... by K

---

[2025-06-26] Unknown User 6/26/2025 5:11 PM Ủa ổn quá kìa. Ủa mình mua lại vậy đc tính vào chi phí ko Vì NOXH là hình thức cũng đặc thù và dự án thông qua đấu thầu nên khả năng cao chỉ thực hiện được chuyển nhượng thông qua hình thức mua cổ phần nên",12,thông qua đấu thầu nên khả năng cao chỉ thực hiện được chuyển nhượng thông qua hình thức mua cổ phần nên,thông qua đấu thầu nên khả năng cao chỉ thực hiện được chuyển nhượng thông qua hình thức mua cổ phần nên,,,,,,,,,,,,,,,,,,,,,batch_060.txt,36,matched_teams_map_link,suspicious_shared_by_many_projects,,BDS-CURATED-0296,10,10,17,0,0,0,15,E,Tọa độ nghi ngờ; Thiếu diện tích đất; Thiếu pháp lý; Thiếu quy hoạch; Thiếu tài chính,project_or_deal,,,review_not_published,held_for_review,name_missing_or_sentence,BDS-CURATED-0296; batch_369.txt; batch_409.txt; batch_410.txt;,2025-06-26,no,no,no,no,no
BDS-MASTER-0432,by Huy M - IM,1,2024-12-06,2024-12-06,batch_586.txt,Huy M - IM,10.9574728,106.7074293,"10.9574728, 106.7074293",https://goo.gl/maps/xNEqZWHrXNzKYLHe6,,,,,,,,,,,,,,,,,,,,,,,,,,,"[2024-12-06] Huy M - IM 12/6/2024 8:01 AM Translate Anh gửi Mr Mike báo cáo KDC Việt An trước đây Và báo cáo đánh giá của PLDA by Huy M - IM, has an attachment.",12,by Huy M - IM,by huy m im,,,,,,,,,,,,,,,,,,,,,batch_586.txt,12,matched_teams_map_link,suspicious_shared_by_many_projects,,BDS-CURATED-0283,7,10,12,0,0,0,15,E,Tọa độ nghi ngờ; Thiếu diện tích đất; Thiếu pháp lý; Thiếu quy hoạch; Thiếu tài chính,project_or_deal,,,review_not_published,held_for_review,insufficient_project_evidence,BDS-CURATED-0283; batch_586.txt;,2024-12-06,no,no,no,no,no
BDS-MASTER-0361,chợ lớn có khi phải điều chỉnh ranh Dự án Chợ Lớn đang làm quy hoạch anh Tài đã có cập nhật ranh Metro vào rồi,1,2024-11-25,2024-11-25,batch_591.txt,Unknown User,10.6963753,106.6108851,"10.6963753, 106.6108851",https://maps.app.goo.gl/UEv62Ht1RcfDLLML8,,,,,,,quy hoạch anh Tài đã có cập nhật ranh Metro vào rồi à image by Huy M - IM,,,,,,,,,,,,,,,,,,,,[2024-11-25] Unknown User 11/25/2024 4:30 PM Làm nổi thì chắc dự án chợ lớn có khi phải điều chỉnh ranh Dự án Chợ Lớn đang làm quy hoạch anh Tài đã có cập nhật ranh Metro vào rồi à image by Huy M - IM,18,chợ lớn có khi phải điều chỉnh ranh Dự án Chợ Lớn đang làm quy hoạch anh Tài đã có cập nhật ranh Metro vào rồi,chợ lớn có khi phải điều chỉnh ranh dự án chợ lớn đang làm quy hoạch anh tài đã có cập nhật ranh metro vào rồi,,,,,,,,,,,,,,,,,,,,,batch_543.txt,36,matched_teams_map_link,suspicious_shared_by_many_projects,,BDS-CURATED-0239,7,10,12,0,0,0,15,E,Tọa độ nghi ngờ; Thiếu diện tích đất; Thiếu pháp lý; Thiếu quy hoạch; Thiếu tài chính,project_or_deal,,,review_not_published,held_for_review,name_missing_or_sentence; report_or_scenario_subject,BDS-CURATED-0239; batch_591.txt;,2024-11-25,no,no,yes,no,no
BDS-MASTER-0363,có giá vốn đất thấp trong khi hệ số cao (trên 11 chấm),1,,,batch_001.txt,,10.970034,106.715651,"10.970034, 106.715651",https://maps.app.goo.gl/t178LDzcrFtjxgEz9,,,,,,,"hệ số cao (trên 11 chấm), đồng thời thị trường tương đối thuận lợi khi giá được build bởi SunGroup. Xúc lẹ by Admin 01",,hệ số cao (trên 11,,,,,giá vốn đất thấp trong khi hệ số cao (trên 11,,,giá vốn đất thấp trong khi hệ số cao (trên 11,,,,,,,,,,"[] Dạ sếp. Dự án có giá vốn đất thấp trong khi hệ số cao (trên 11 chấm), đồng thời thị trường tương đối thuận lợi khi giá được build bởi SunGroup. Xúc lẹ by Admin 01",18,có giá vốn đất thấp trong khi hệ số cao (trên 11 chấm),có giá vốn đất thấp trong khi hệ số cao trên 11 chấm,,,,,,,,,,,,giá vốn đất thấp trong khi hệ số cao (trên 11,hệ số cao (trên 11,,,,,,,,batch_001.txt,24,matched_teams_map_link,suspicious_shared_by_many_projects,,BDS-CURATED-0241,7,10,5,6,0,0,15,E,Tọa độ nghi ngờ; Thiếu diện tích đất; Thiếu pháp lý; Thiếu tài chính,project_or_deal,,,review_not_published,held_for_review,narrative_sentence_name,BDS-CURATED-0241; batch_001.txt;,,no,no,yes,no,no
BDS-MASTER-0306,dự kiến hợp tác vs park hyatt,1,2022-08-10,2022-08-10,batch_922.txt,Binh Vo-GD-PTDT,11.0196953,108.2482713,"11.0196953, 108.2482713",https://goo.gl/maps/9VManjp1YiqeSC1A8,,,,,khách sạn,,,,,,,,,,,,,,DT 8/10/2022 4:41 PM Edited 2. T,,,,,,,,"[2022-08-10] Binh Vo-GD-PTDT 8/10/2022 4:41 PM Edited 2. Trước khối khách sạn dự kiến hợp tác vs park hyatt, nên tk theo của park hyatt, mà sau này ko hợp tác được vs nhau nên phải điều chỉnh lại cho phù hợp thị trường Em gửi mọi người vài hình ảnh 3d của Green ... by Unknown User",24,dự kiến hợp tác vs park hyatt,dự kiến hợp tác vs park hyatt,,,,,,,,,,,,DT 8/10/2022 4:41 PM Edited 2. T,,,,,,,,,batch_922.txt,12,matched_teams_map_link,suspicious_shared_by_many_projects,,BDS-CURATED-0204,7,10,12,0,0,0,15,E,Tọa độ nghi ngờ; Thiếu diện tích đất; Thiếu pháp lý; Thiếu quy hoạch; Thiếu tài chính,project_or_deal,,,review_not_published,held_for_review,insufficient_project_evidence,BDS-CURATED-0204; batch_922.txt;,2022-08-10,no,no,no,no,no
BDS-MASTER-0462,này đâu có cái nào mình nghiên,1,2023-07-07,2023-07-07,batch_804.txt,Huy M - IM,,,,,,,,,,,,,,,,,,,,,,,,,,,,,,Huy M - IM 7/7/2023 11:17 AM Chi tiết theo báo cáo đính kèm. 3 Du an sai Pham Trong Quan Ly Dat Dai - tinh Dong Nai.pdf,[2023-07-07] Huy M - IM 7/7/2023 11:17 AM Chi tiết theo báo cáo đính kèm. 3 Du an sai Pham Trong Quan Ly Dat Dai - tinh Dong Nai.pdf Ủa mấy dự án này đâu có cái nào mình nghiên... by Unknown User,12,này đâu có cái nào mình nghiên,này đâu có cái nào mình nghiên,,,,,,,,,,,,,,,,,,,,,,,,,,BDS-CURATED-0459,7,0,12,0,0,0,0,E,Thiếu tọa độ; Thiếu diện tích đất; Thiếu pháp lý; Thiếu quy hoạch; Thiếu tài chính,project_or_deal,,,review_not_published,held_for_review,chat_or_attachment_subject,BDS-CURATED-0459; batch_804.txt;,2023-07-07,no,no,no,no,no
BDS-MASTER-0463,này đâu có cái nào mình nghiên cứu ta Bên Mr,1,2023-07-07,2023-07-07,batch_804.txt,Tuan Tran-CEO,,,,,,,,,,,,,,,,,,,,,,,,,,,,,,,[2023-07-07] Tuan Tran-CEO 7/7/2023 11:19 AM Ủa mấy dự án này đâu có cái nào mình nghiên cứu ta Bên Mr. Ka có gửi KĐT nghiên cứu đánh giá v... by Huy M - IM,12,này đâu có cái nào mình nghiên cứu ta Bên Mr,này đâu có cái nào mình nghiên cứu ta bên mr,,,,,,,,,,,,,,,,,,,,,,,,,,BDS-CURATED-0460,7,0,12,0,0,0,0,E,Thiếu tọa độ; Thiếu diện tích đất; Thiếu pháp lý; Thiếu quy hoạch; Thiếu tài chính,project_or_deal,,,review_not_published,held_for_review,chat_or_attachment_subject,BDS-CURATED-0460; batch_804.txt;,2023-07-07,no,no,no,no,no
BDS-MASTER-0477,tuy đạt hiệu quả đầu tư về mặt tính t,1,2024-12-06,2024-12-06,batch_586.txt,Huy M - IM,10.9574728,106.7074293,"10.9574728, 106.7074293",https://goo.gl/maps/xNEqZWHrXNzKYLHe6,,,,,,,,,,,,,,,,,,,,,,,,,,Huy M - IM 12/6/2024 8:02 AM Và báo cáo đánh giá của PLDA 230529 BC PLDA da Viet An_Thuan An.docx,[2024-12-06] Huy M - IM 12/6/2024 8:02 AM Và báo cáo đánh giá của PLDA 230529 BC PLDA da Viet An_Thuan An.docx Dự án tuy đạt hiệu quả đầu tư về mặt tính t... by Huy M - IM,12,tuy đạt hiệu quả đầu tư về mặt tính t,tuy đạt hiệu quả đầu tư về mặt tính t,,,,,,,,,,,,,,,,,,,,,batch_586.txt,20,matched_teams_map_link,suspicious_shared_by_many_projects,,BDS-CURATED-0300,7,10,12,0,0,0,15,E,Tọa độ nghi ngờ; Thiếu diện tích đất; Thiếu pháp lý; Thiếu quy hoạch; Thiếu tài chính,project_or_deal,,,review_not_published,held_for_review,narrative_sentence_name,BDS-CURATED-0300; batch_586.txt;,2024-12-06,no,no,no,no,no
BDS-MASTER-0480,vào list theo dõi,1,2024-06-02,2024-06-02,batch_684.txt,Huy M - IM,,,,,,,,,,,,,,,,,,,,,,,,,,,,,,,[2024-06-02] Huy M - IM 6/2/2024 9:36 AM Hồi đó mình tính fs là khoảng tháng 8 9/2022 thì thị trường đang nóng sốt à Sau vụ VTP xảy ra thì đối tác có chào lại mình là 850. Team đã có báo cáo lại Tuấn và sau đó đưa dự án vào list theo dõi,12,vào list theo dõi,vào list theo dõi,,,,,,,,,,,,,,,,,,,,,,,,,,BDS-CURATED-0469,7,0,12,0,0,0,0,E,Thiếu tọa độ; Thiếu diện tích đất; Thiếu pháp lý; Thiếu quy hoạch; Thiếu tài chính,project_or_deal,,,review_not_published,held_for_review,chat_or_attachment_subject,BDS-CURATED-0469; batch_684.txt;,2024-06-02,no,no,no,no,no
BDS-MASTER-0405,được tính bằng cách lấy tổng doanh thu trừ các chi phí vận hành trực tiếp (như chi phí phòng,1,2025-06-29,2025-06-29,batch_408.txt,Thao L - INVT,10.6963753,106.6108851,"10.6963753, 106.6108851",https://maps.app.goo.gl/UEv62Ht1RcfDLLML8,,,,,,,,,,,,,,,,,,,,,,,,"đề xuất). Từ GOP, tiếp tục trừ chi phí quản lý, chi phí khác… (chiếm khoảng 8% - tỷ lệ","đề xuất). Từ GOP, tiếp tục trừ chi phí quản lý, chi phí khác… (chiếm khoảng 8% - tỷ lệ",,"[2025-06-29] Thao L - INVT 6/29/2025 4:35 PM EBITDA được tính bằng cách lấy tổng doanh thu trừ các chi phí vận hành trực tiếp (như chi phí phòng, F&B, điện, nước…) để ra GOP (47% - tỷ lệ Mr. David đề xuất). Từ GOP, tiếp tục trừ chi phí quản lý, chi phí khác… (chiếm khoảng 8% - tỷ lệ",18,được tính bằng cách lấy tổng doanh thu trừ các chi phí vận hành trực tiếp (như chi phí phòng,được tính bằng cách lấy tổng doanh thu trừ các chi phí vận hành trực tiếp như chi phí phòng,,,,,,,,,,,,,,,,,,,,,batch_543.txt,36,matched_teams_map_link,suspicious_shared_by_many_projects,,BDS-CURATED-0269,7,10,12,0,0,0,15,E,Tọa độ nghi ngờ; Thiếu diện tích đất; Thiếu pháp lý; Thiếu quy hoạch; Thiếu tài chính,project_or_deal,,,review_not_published,held_for_review,narrative_sentence_name; insufficient_project_evidence,BDS-CURATED-0269; batch_408.txt;,2025-06-29,no,no,no,no,no
BDS-MASTER-0488,📄 File,1,2024-12-06,2024-12-06,batch_584.txt,Huy M - IM,,,,,,,,,,,,,,,,,,,,,,,,,,,,,,Huy M - IM 12/6/2024 8:02 AM Và báo cáo đánh giá của PLDA 📄 File: 230529 BC PLDA da Viet An_Thuan An.docx,[2024-12-06] Huy M - IM 12/6/2024 8:02 AM Và báo cáo đánh giá của PLDA 📄 File: 230529 BC PLDA da Viet An_Thuan An.docx Mình đã có báo cáo Ply của PLDA đã đánh giá rồi à 4. Ý kiến của Phòng: - Ưu điểm: khu đất c... by Huy M - IM,12,📄 File,file,,,,,,,,,,,,,,,,,,,,,,,,,,BDS-CURATED-0475,7,0,12,0,0,0,0,E,Thiếu tọa độ; Thiếu diện tích đất; Thiếu pháp lý; Thiếu quy hoạch; Thiếu tài chính,project_or_deal,,,review_not_published,held_for_review,insufficient_project_evidence,BDS-CURATED-0475; batch_584.txt;,2024-12-06,no,no,no,no,no
BDS-MASTER-0469,sẽ hơi nhiều gốc cạnh sau khi ráp 2 miếng vào,1,,,batch_079.txt,,10.8486272,106.7188746,"10.8486272, 106.7188746",https://maps.app.goo.gl/oHEYY6H9GGykdD9C6,,,,,,,"qhpk 1.2000 thì lô màu tím chỉ được tầng cao tối đa 20 tầng, 31 TN thì hiện trạng được 35 tầng nên sẽ không đồng bộ về chiều cao và (2) hình dáng khu đất sẽ hơi nhiều gốc cạnh sau kh; quy hoạch đc by Admin 01",tầng cao tối đa 20 tầng,,,,,,,,,,,,,,,,,,,"[] Huy M - IM 5/25 12:27 PM Edited Translate Miếng màu tím thì giải quyết thêm cho mình được thêm môt lối tiếp cận từ đường số 2 cho dự án, giảm tải áp lực giao thông. Tuy nhiên, (1) theo qhpk 1.2000 thì lô màu tím chỉ được tầng cao tối đa 20 tầng, 31 TN thì hiện trạng được 35 tầng nên sẽ không đồng bộ về chiều cao và (2) hình dáng khu đất sẽ hơi nhiều gốc cạnh sau khi ráp 2 miếng vào. Nếu có hướng mua thêm được lô warning zone bên cạnh nữa thì quá đẹp Sếp. Mình xin điều chỉnh gộp quy hoạch đc by Admin 01",12,sẽ hơi nhiều gốc cạnh sau khi ráp 2 miếng vào,sẽ hơi nhiều gốc cạnh sau khi ráp 2 miếng vào,,,,,,,,,,,,,,tầng cao tối đa 20 tầng,,,,,,,batch_079.txt,12,matched_teams_map_link,suspicious_shared_by_many_projects,,BDS-CURATED-0295,6,10,5,4,0,0,15,E,Tọa độ nghi ngờ; Thiếu diện tích đất; Thiếu pháp lý; Thiếu tài chính,project_or_deal,,,review_not_published,held_for_review,insufficient_project_evidence,BDS-CURATED-0295; batch_079.txt;,,no,no,yes,no,no
BDS-MASTER-0365,của Novaland được tháo gỡ liên quan đến Waterbay và Lakeview theo NQ 170 của Quốc Hội Liên quan đến vấn đề giả,1,2025-02-28,2025-02-28,batch_511.txt,Huy M - IM,10.652525,107.083154,"10.652525, 107.083154",https://maps.app.goo.gl/efNjqXtJS5uqAid67,,,,,,,,,,,,,,,,,,,,,,,,vướng mắc c... by Huy M - IM,,,[2025-02-28] Huy M - IM 2/28/2025 11:55 AM Translate Thực hiện chỉ đạo của CEO trong công tác đào tạo nội bộ. P.ĐT sáng nay có thực hiện trao đổi về case của 2 Dự án của Novaland được tháo gỡ liên quan đến Waterbay và Lakeview theo NQ 170 của Quốc Hội Liên quan đến vấn đề giải quyết vướng mắc c... by Huy M - IM,18,của Novaland được tháo gỡ liên quan đến Waterbay và Lakeview theo NQ 170 của Quốc Hội Liên quan đến vấn đề giả,của novaland được tháo gỡ liên quan đến waterbay và lakeview theo nq 170 của quốc hội liên quan đến vấn đề giả,,,,,,,,,,,,,,,,,,,,,batch_477.txt,24,matched_teams_map_link,suspicious_shared_by_many_projects,,BDS-CURATED-0243,4,10,12,0,0,0,20,E,Tọa độ nghi ngờ; Thiếu diện tích đất; Thiếu pháp lý; Thiếu quy hoạch; Thiếu tài chính,project_or_deal,,,review_not_published,held_for_review,name_missing_or_sentence,BDS-CURATED-0243; batch_511.txt;,2025-02-28,no,no,no,no,no
BDS-MASTER-0496,cần bố trí khoảng xanh,1,,,batch_282.txt,,,,,,,,,,,,,,,,,,,,,,,,,,,,,,"cần bố trí khoảng xanh, khoảng lùi,…rồi tính thêm 1 FS theo phương án này ạ. Ok by Unknown User",,"[] Phòng xin ý kiến của Sếp để phòng nhờ anh Tài binh thêm phương án này vì theo hướng dự án cần bố trí khoảng xanh, khoảng lùi,…rồi tính thêm 1 FS theo phương án này ạ. Ok by Unknown User",6,cần bố trí khoảng xanh,cần bố trí khoảng xanh,,,,,,,,,,,,,,,,,,,,,,,,,,BDS-CURATED-0478,3,0,5,0,0,0,0,E,Thiếu tọa độ; Thiếu diện tích đất; Thiếu pháp lý; Thiếu quy hoạch; Thiếu tài chính,project_or_deal,,,review_not_published,held_for_review,narrative_sentence_name,BDS-CURATED-0478; batch_282.txt;,,no,no,no,no,no
BDS-MASTER-0445,hay VP,1,,,batch_203.txt,,,,,,,,,,TMDV,,,,,,,,,,,,,,,,,,,,,,[] Admin 01 3/11 11:54 AM Translate Kêu R&D nghiên cứu lại phần TMDV thì nên làm khách sạn hay VP. Chứ hiện tại thấy VP ở đó hơi hẻo Giá cho thuê thấp quá by Admin 01,12,hay VP,hay vp,,,,,,,,,,,,,,,,,,,,,,,,,,BDS-CURATED-0447,3,0,5,0,0,0,0,E,Thiếu tọa độ; Thiếu diện tích đất; Thiếu pháp lý; Thiếu quy hoạch; Thiếu tài chính,project_or_deal,,,review_not_published,held_for_review,insufficient_project_evidence,BDS-CURATED-0447; batch_203.txt;,,no,no,no,no,no
BDS-MASTER-0499,nha em,1,,,batch_141.txt,,,,,,,,,,,,,,,,,,,,,,,,,,,,,,,,"[] Dạ vâng ạ, để tối nay em cày voted ạ. 4 DA nha em: 1. Legacy Hoi An 2. Sen Hoi An 3. Bel Marina Hoi An 4. The Signature Hoi An K.ĐT báo cáo anh Admin 01 về dự án Bà K... by Thao L - INVT",6,Bà K,nha em,,,,,,,,,,,,,,,,,,,,,,,,,,BDS-CURATED-0481,3,0,5,0,0,0,0,E,Thiếu tọa độ; Thiếu diện tích đất; Thiếu pháp lý; Thiếu quy hoạch; Thiếu tài chính,project_or_deal,,,review_not_published,held_for_review,insufficient_project_evidence,BDS-CURATED-0481; batch_141.txt;,,no,no,no,no,no
BDS-MASTER-0502,thì họ sẽ làm như thế nào Huy M - IM Rồi anh tính phương án thử by Admin 01,1,,,batch_022.txt,,10.970034,106.715651,"10.970034, 106.715651",https://maps.app.goo.gl/t178LDzcrFtjxgEz9,,,,,,,,,,,,,,,,,,,,,,,,,,,[] Admin 01 6/17 1:53 PM Translate Thử hỏi anh Dũng xem nếu mình mua rồi hợp tác Gamuda thì họ sẽ làm như thế nào Huy M - IM Rồi anh tính phương án thử by Admin 01,6,thì họ sẽ làm như thế nào Huy M - IM Rồi anh tính phương án thử by Admin 01,thì họ sẽ làm như thế nào huy m im rồi anh tính phương án thử by admin 01,,,,,,,,,,,,,,,,,,,,,batch_001.txt,12,matched_teams_map_link,suspicious_shared_by_many_projects,,BDS-CURATED-0311,3,10,5,0,0,0,15,E,Tọa độ nghi ngờ; Thiếu diện tích đất; Thiếu pháp lý; Thiếu quy hoạch; Thiếu tài chính,project_or_deal,,,review_not_published,held_for_review,report_or_scenario_subject; insufficient_project_evidence,BDS-CURATED-0311; batch_022.txt;,,no,no,no,no,no
