master_id,project_name,category,latest_report_date,map_urls,location,province_city,district_area,source_files,source_excerpt
BDS-MASTER-0414,35ha 1,google_my_maps_needs_open,,https://www.google.com/maps/d/edit?mid=1SAcLUqc-JTEBiY1uNXVoDUdI-a5wJd0&ll=10.002013642197713%2C105; https://www.google.com/maps/d/edit?mid=1SAcLUqc-JTEBiY1uNXVoDUdI-a5wJd0&ll=10.002013642197713%2C105…,,,Hội AN,batch_212.txt,[] Phòng xin gửi đính kèm hình hiện trạng khu đất. DAT RACH GIA.mp4 Vi tri va Ranh dat DA 35ha 1.pdf DAT RACH GIA 1.mp4 Add a vào group Hội AN Riverside cái by Admin 01
BDS-MASTER-0490,Hiyori e đang tổng hợp thông tin,google_my_maps_needs_open,2025-09-29,https://www.google.com/maps/d/edit?mid=1pYF3M65dQngj9P_VP8SbXUKy92nYnFo&usp=sharing,,,,batch_286.txt,"[] Dạ Sếp, về thông tin dự án Hiyori e đang tổng hợp thông tin, trong chiều e báo cáo nội dung này ạ Giá bán 90tr a thấy hơi rẻ by Unknown User"
BDS-MASTER-0348,NOXH của Công ty Ba Huân,google_my_maps_needs_open,,https://www.google.com/maps/d/edit?mid=1p-2wMqsZAnTQXubtXx7Lse6Sq-8rC64&usp=sharing,"Đường Thế Lữ, xã Tân Nhựt, Bình Chánh, HCM Map: https://www.google.com/maps/d/edit?mid=1p-2wMqsZAnTQXubtXx7Lse6Sq-8rC64&usp=sharing",,,batch_375.txt,"[] P.ĐT báo cáo Sếp Mr Mike1 -CEO về 2 dự án NOXH của Công ty Ba Huân như sau: Đối với dự án NOXH xã Tân Nhựt, Bình Chánh Vị trí: Đường Thế Lữ, xã Tân Nhựt, Bình Chánh, HCM Map: https://www.google.com/maps/d/edit?mid=1p-2wMqsZAnTQXubtXx7Lse6Sq-8rC64&usp=sharing"
BDS-MASTER-0349,NOXH Đồng Nai (2 dự án trung tâm Biên Hòa)1,google_my_maps_needs_open,,https://www.google.com/maps/d/edit?mid=1SAcLUqc-JTEBiY1uNXVoDUdI-a5wJd0&ll=10.002013642197713%2C105; https://www.google.com/maps/d/edit?mid=1SAcLUqc-JTEBiY1uNXVoDUdI-a5wJd0&ll=10.002013642197713%2C105…,,Đồng Nai,Biên Hòa,batch_370.txt; batch_484.txt,"[] P.ĐT gửi anhMrMike1-CEO về các bước cần thực hiện để tham gia đấu thầu dự án NOXH Đồng Nai (2 dự án trung tâm Biên Hòa)1. Các công tác cần triển khai:Công tác chuẩn bị đăng ký thực hiện dự án (thời hạn đăng ký trong vòng 33 ngày từ 25.03.2025): Ngày 25/03/2025, Sở Tài Chính đã phát thông báo mời q… Tuy nhiên, sau khi nghiên cứu kỹ thì các dự án này thuộc hình thức là tham gia đấu thầu Dự án và Key lúc đó là yêu cầu hồ sơ năng lực là chủ đầu tư phải đã và đang làm NOXH rồi thì mới tham gia được thì khó cho mình nên mới chuyển hương qua các NOXH cho BCA, BQP để pass qua được khâu Đ.Thầu à Gửi e lại cái nhơn trạch by Unknown User --- [] P.ĐT gửi anh Mr Mike1 -CEO về các bước cần thực hiện để tham gia đấu thầu dự án NOXH Đồng Nai (2 dự án trung tâm Biên Hòa) 1. Các công tác cần triển khai: Công tác chuẩn bị đăng ký thực hiện dự án (thời hạn đăng ký trong vòng 33 ngày từ 25.03.2025): Ngày "
BDS-MASTER-0250,NOXH đang đánh giá khoảng 15Km Trên dưới 20 Triệu/m2 Giá đất UBND MT đường DT742 5 Triệu/m2 Theo Tổng mức đầu,google_my_maps_needs_open,,https://www.google.com/maps/d/edit?mid=1MawyjqMPRL80P8Y7qm_ZhtUgghnbpFc&usp=sharing,,,,batch_375.txt,"[] P.ĐT khảo sát giá thị trường các sản phẩm xung quanh có thông tin như sau: Hạng Mục Đơn giá Giá đất ở ngoài KCN Vsip II 10 Triệu/m2 - 15 Triệu/m2 Giá đất KDC trong KCN Vsip II Trên dưới 15 Tr/m2 Giá căn hộ Tecco Felice (NOTM) Gần trung tâm Tp Tân Uyên, cách dự án NOXH đang đánh giá khoảng 15Km Trên dưới 20 Triệu/m2 Giá đất UBND MT đường DT742 5 Triệu/m2 Theo Tổng mức đầu tư ước tính từ suất vốn đầu tư của Bộ xây dựng để tính toán giá bán căn hộ nhà xã hội hiện nay, P.ĐT đánh giá: Giá căn hộ NOXH ước tính khoảng 23 Triệu/m2 - 25 Triệu/ m2 cao hơn 50%-60% giá đất ở KDC xung quanh dự án. Giá bán căn hộ NOXH gần tương đương với mức giá căn hộ Tecco Felice (NOTM) tại Tp.Tân Uyên. => Do đó, sản phẩm NOXH cho dự án đang đánh giá thực hiện là KHÔNG khả thi. KẾT LUẬN: Với các nội dung đánh giá và phân tích, P.ĐT đề xuất KHÔNG tiếp tục nghiên cứu 2 dự án trên. NOXH TÂN NHỰT, BÌNH CHÁNH - Google"
BDS-MASTER-0139,Văn phòng – An Phú,google_my_maps_needs_open,,https://www.google.com/maps/d/edit?mid=1SAcLUqc-JTEBiY1uNXVoDUdI-a5wJd0&ll=10.002013642197713%2C105; https://www.google.com/maps/d/edit?mid=1SAcLUqc-JTEBiY1uNXVoDUdI-a5wJd0&ll=10.002013642197713%2C105…,,Hồ Chí Minh,TP. Thủ Đức,batch_161.txt; batch_212.txt,"[] P.ĐT xin báo cáo sếp Admin 01 về dự án Văn phòng – An Phú, mặt tiền đường Mai Chí Thọ, phường An Phú, TP. Thủ Đức (Quận 2 cũ), TP.Hồ Chí Minh như sau: 1/ Pháp lý: Do dự án đã hết hạn chấp thuận chủ trương đầu tư từ năm 2010, nên sẽ có khả năng vướng các vấn đề sau: Gia hạn chấp thuận chủ trương đầu tư: Khó gia hạn do phải rà soát lại pháp lý (bị chồng chéo), quy hoạch và năng lực chủ đầu tư. Chưa hoàn thành nghĩa vụ tài chính: Khó xác định đầy đủ nghĩa vụ, có thể bị truy thu và phát sinh chi phí. Chưa đóng góp kinh phí hạ tầng chính: Khó xác định quy hoạch và nghĩa vụ các bên, ảnh hưởng tiến độ. 2/ Quy hoạch Chỉ tiêu xây dựng của khu đất văn phòng - Mật độ xây dựng: 92,8% - Hệ số sử dụng đất: 21,7 - Tổng diện tích GFA (bao gồm hầm và kỹ thuật): 52.419m² - Số tầng: 2 hầm + 27 tầng (trong đó 6 tầng thương mại và 19 tầng văn phòng + 2 tầng kỹ thuật) - Số chỗ để xe: 586 chỗ xe máy và 152 "
BDS-MASTER-0113,chung cư Hải Sơn có diện tích đất 8,google_my_maps_needs_open,,https://www.google.com/maps/d/edit?mid=1pYF3M65dQngj9P_VP8SbXUKy92nYnFo&usp=sharing,"và ranh đất: https://www.google.com/maps/d/edit?mid=1pYF3M65dQngj9P_VP8SbXUKy92nYnFo&usp=sharing => Đánh giá sơ bộ hiện trạng: Đường kết nối vào khu đất từ đường Huỳnh Văn Nghệ có bề ngang nhỏ, chỉ khoảng 8.8 m, cần đánh",Đồng Nai,Biên Hòa,batch_100.txt,"[] P.ĐT xin báo cáo sếp Admin 01 về sơ bộ dự án chung cư Hải Sơn có diện tích đất 8.321 m2 (nguồn từ anh Sơn Trợ lý) tại đường Huỳnh Văn Nghệ, P. Biên Hòa, Thành phố Đồng Nai như sau: I. Vị trí và ranh đất: https://www.google.com/maps/d/edit?mid=1pYF3M65dQngj9P_VP8SbXUKy92nYnFo&usp=sharing => Đánh giá sơ bộ hiện trạng: Đường kết nối vào khu đất từ đường Huỳnh Văn Nghệ có bề ngang nhỏ, chỉ khoảng 8.8 m, cần đánh giá có đủ điều kiện kết nối giao thông cho dự án chung cư cao tầng hay không. Chiều sâu từ đường Huỳnh Văn Nghệ vào khoảng 28 m, lối vào có hình nút thắt cổ chai. Hình dạng khu đất kiểu đa giác không đều, khó bố trí không gian. Đối diện là khu đất nghĩa trang, có mặt tiền ôm đường hơn 100 m, trọn khu khoảng 8.600 m2. II. Hiện trạng pháp lý: - Pháp lý về đất: Sổ đất cá nhân được cấp Giấy CNQSD ngày 30/9/2025. Tổng diện tích 8.132 m2, trong đó: Đất ở 86 m2 và đất Cây hằng năm: 8.046"
BDS-MASTER-0438,cập nhật chốt xin giữ dân số cho PGK là 3800,google_my_maps_needs_open,,https://www.google.com/maps/d/edit?mid=1GZCfnV4401jtKcup5hFe0KPBOBMYrp4&usp=sharing,,,,batch_232.txt,[] Thao L - INVT Hi Thảo; PLDA cập nhật chốt xin giữ dân số cho PGK là 3800. Đầu tư trao đổi với QH và PLDA để nắm tt thêm; Các PA điều chỉnh cơ cấu sản phẩm sau này cũng dễ hơn. Em nhận thông tin ạ
BDS-MASTER-0440,của DIG,google_my_maps_needs_open,2025-04-18,https://www.google.com/maps/d/edit?mid,,,,batch_440.txt,"[2025-04-18] Khoa L - INVT 4/18/2025 9:19 PM Translate Ngoài ra, trong maps tổng này những điểm chấm xanh là dự án của DIG, điểm chấm đỏ là dự án HDC, chúng ta có thể nhìn tổng quát các quỹ đất/dự án lớn tại Vũng Tàu đều thuộc 2 công ty trên"
BDS-MASTER-0443,của mình sẽ thực hiện đồng bộ theo hạ tầng của tỉnh Vậy cầu này làm để kết nói đường bộ ven biể,google_my_maps_needs_open,2023-04-26,https://www.google.com/maps/d/edit?mid=1SAcLUqc-JTEBiY1uNXVoDUdI-a5wJd0&ll=10.002013642197713%2C105; https://www.google.com/maps/d/edit?mid=1SAcLUqc-JTEBiY1uNXVoDUdI-a5wJd0&ll=10.002013642197713%2C105…,,,,batch_893.txt,[2023-04-26] Huy M - IM 4/26/2023 10:11 AM Tiến độ triển khai dự án của mình sẽ thực hiện đồng bộ theo hạ tầng của tỉnh Vậy cầu này làm để kết nói đường bộ ven biể... by Unknown User
BDS-MASTER-0173,hiệu quả với tỷ lệ LNTT/TMĐT từ > 12% là từ 90 triệu đồng/m2,google_my_maps_needs_open,,https://www.google.com/maps/d/edit?mid=1SAcLUqc-JTEBiY1uNXVoDUdI-a5wJd0&ll=10.002013642197713%2C105; https://www.google.com/maps/d/edit?mid=1SAcLUqc-JTEBiY1uNXVoDUdI-a5wJd0&ll=10.002013642197713%2C105…,DỰ ÁN và trong bối cảnh nguồn cung quá lớn ở Đà Nẵng.,Đà Nẵng,,batch_342.txt,"[] Phòng có tính thêm trường hợp giữ nguyên giá chào 245 triệu đồng/m2, (và giữ nguyên các yếu tố đầu vào như chi phí xây dựng, tiền sử dụng đất, các chi phí khác) THÌ giá bán bình quân căn hộ ở để dự án hiệu quả với tỷ lệ LNTT/TMĐT từ > 12% là từ 90 triệu đồng/m2, mà giá này thì khó khả thi ở vị trí DỰ ÁN và trong bối cảnh nguồn cung quá lớn ở Đà Nẵng."
BDS-MASTER-0497,hoàn chỉnh nút giao và nhánh nối xa lộ Hà Nội - vành đai 3,google_my_maps_needs_open,,https://www.google.com/maps/d/edit?mid=1GZCfnV4401jtKcup5hFe0KPBOBMYrp4&usp=sharing,,TP.HCM,,batch_231.txt; batch_232.txt,"[] Link https://tuoitre.vn/tp-hcm-se-lam-nut-g... by Unknown User Hoang V - IM 1/7 8:33 AM https://tuoitre.vn/tp-hcm-se-lam-nut-giao-go-cong-quy-mo-4-tang-20260106234016844.htm TP.HCM sẽ làm nút giao Gò Công quy mô 4 tầng - Tuổi Trẻ Online UBND TP.HCM vừa phê duyệt nhiệm vụ thiết kế thi công tuyển phương án kiến trúc nút giao Gò Công, thuộc dự án hoàn chỉnh nút giao và nhánh nối xa lộ Hà Nội - vành đai 3. Công trình được xác định là ... tuoitre.vn nút giao Gò Công - Ảnh 1. by Unknown User Hoang V - IM 1/7 8:33 AM Link https://www.youtube.com/shorts/liVPfOD... by Unknown User Hoang V - IM 1/7 8:41 AM https://www.youtube.com/shorts/liVPfODv51Y?feature=share - YouTube Enjoy the videos and music you love, upload original content, and share it all with friends, family, and the world on YouTube. www.youtube.com Ua3 là chỗ nào nào by Unknown User Mr Mike1 -CEO 1/7 8:53 AM Ua3 là chỗ nào nào L"
BDS-MASTER-0368,hạ tầng kết nối lớn tại các tỉnh thành lân cận,google_my_maps_needs_open,,https://www.google.com/maps/d/edit?mid=1SAcLUqc-JTEBiY1uNXVoDUdI-a5wJd0&ll=10.002013642197713%2C105; https://www.google.com/maps/d/edit?mid=1SAcLUqc-JTEBiY1uNXVoDUdI-a5wJd0&ll=10.002013642197713%2C105…,". 3/ Tỷ lệ lắp đầy đất KCN: + Việt Nam : 78 - 95% => trung bình 90% + Indonesia: 60 - 86.5% + Thái Lan: 87 - 89% => Việt Nam có tỷ lệ lắp đầy cao nhất, phản ánh sự dịch chuyển dòng vốn đầu tư từ nước ngoài vào Việt Nam m",TPHCM,,batch_790.txt,"[] Phòng Đầu tư và R&D gửi anh Tuan Tran-CEO báo cáo thị trường BĐS KCN tại Indonesia và Thái Lan đã được cập nhật thêm thông tin thị trường KCN tại Việt Nam, cụ thể: A/ So sánh thị trường KCN tại Việt Nam, Indonesia và Thái Lan 1/ Giá đất trung bình KCN ($/m2/kỳ) : + Vietnam : tại TPHCM - $257, tại Hà Nội - $168, các tỉnh thành phía Nam - $158, các tỉnh thành phía Bắc - $115 + Indonesia : tại Jakarta - $392, West Java (liền kề Jakarta) - $150, Easta Java - $397, Central Java - $119 + Thái Lan : tại Vùng thủ đô Bangkok - $162, tại EEC - $130 => Indonesia có giá đất KCN trung bình cao hơn hẳn Việt Nam và Thái Lan 2/ Giá thuê nhà kho xưởng: Giá thuê nhà xưởng không có sự khác biệt lớn giữa 3 nước, dao động trung bình xung quanh $4/m2/tháng. Giá thuê kho xưởng sẽ phụ thuộc nhiều vào chất lượng xây dựng công trình, suất đầu tư công trình hơn là yếu tố vị trí. 3/ Tỷ lệ lắp đầy đất KCN: + Việt"
BDS-MASTER-0370,khác Team cũng có đánh giá lại theo giá thị trường,google_my_maps_needs_open,2025-04-18,https://www.google.com/maps/d/edit?mid=1MawyjqMPRL80P8Y7qm_ZhtUgghnbpFc&usp=sharing,,,,batch_443.txt,"[2025-04-18] Unknown User 4/18/2025 6:56 PM 🎙Audio message Đúng rồi à. Cái Long Tân này bên Team có đánh giá lại theo giá mới, không phải lấy theo giá sổ sách à. Nếu CLN thì giá tầm 6 7 tr còn đất lúa thì 2 3 nếu trung bình 50 50% thì giá trung bình là tầm 4. Cũng do là chưa biết cơ cấu bao nhiêu nên tạm lấy giá đấy lúa 2 3 triệu nên giá định giá đang là 4200 tỷ à. Ngoài ra còn có các dự án khác Team cũng có đánh giá lại theo giá thị trường"
BDS-MASTER-0228,khác đang triển khai như Stown,google_my_maps_needs_open,,https://www.google.com/maps/d/edit?mid=1GZCfnV4401jtKcup5hFe0KPBOBMYrp4&usp=sharing,,,,batch_392.txt,"[] P.ĐT lựa chọn giá đầu vào 50tr/m2 sau khi cân nhắc các dự án khác đang triển khai như Stown, Splus, Marina. Với giá trị khấu trừ tiền đất đợt 1 ước tính 1.592 tỷ, LUR phải đóng sẽ rơi vào khoảng 6.540 tỷ cho dự án này. Nếu áp giá bán hiện tại của Emerald 68 là ~ 63tr/m2 vào bài tính thặng dư thì LUR sẽ tiệm cận 10.000 tỷ. V LUR là 6.540 tỷ, nếu xét trên diện tích đất thương phẩm thì đơn giá tiền sử dụng đất ~ 65,5 tr./m2. Hiện tại đơn giá đất đường Vĩnh Phú 41 (đường lớn thuộc khu dân cư Vĩnh Phú cạnh dự án) là 6,62 tr./m2 Mặc dù vậy giá trị tiền sử dụng đất của dự án lớn như Phú Quang là một số liệu ước tính phức tạp và P.ĐT cho rằng con số này có tính tùy biến cao theo bối cảnh thị trường và cũng phụ thuộc việc triển khai của dự án được chia làm nhiều phân kỳ; Một vấn đề cần lưu ý nữa đó là giá trị tiền sử dụng đất mà đối tác sẽ đóng cho đợt giao đất lần đầu. Lưu ý thêm, là khoản ti"
BDS-MASTER-0498,không với những hạn chế ở trên,google_my_maps_needs_open,,https://www.google.com/maps/d/edit?mid=1pYF3M65dQngj9P_VP8SbXUKy92nYnFo&usp=sharing,,Đồng Nai,,batch_100.txt,[] Phòng Đầu tư xin ý kiến chỉ đạo của Sếp về việc có tính FS dự án không với những hạn chế ở trên. Trân trọng. Bản đồ CC HaiSon - Huỳnh Văn Nghệ - Bửu Long - Đồng Nai www.google.com Thôi by Admin 01
BDS-MASTER-0379,này dự kiến 2026 sẽ bắt đầu ra tin à image by Huy M - IM,google_my_maps_needs_open,2025-04-21,https://www.google.com/maps/d/edit?mid,,,,batch_440.txt,[2025-04-21] Huy M - IM 4/21/2025 8:41 AM Translate Cù Lao Phố của Sun Group đang làm Quy hoạch. Aeon mall đang xây. Dự án này dự kiến 2026 sẽ bắt đầu ra tin à image by Huy M - IM
BDS-MASTER-0473,tiêu biểu và đang book lịch đi khảo sát thực tế thị trường về giá bán,google_my_maps_needs_open,,https://www.google.com/maps/d/edit?mid=1MawyjqMPRL80P8Y7qm_ZhtUgghnbpFc&usp=sharing,,Long AN,,batch_213.txt,"[] Dạ hiện P.ĐT và P.RD đã chốt các dự án tiêu biểu và đang book lịch đi khảo sát thực tế thị trường về giá bán, tỷ lệ lắp đầy, dịch vụ, tiện ích và phối kết hợp với phòng QH và QS để rà soát lại tỷ lệ thương phẩm, khối lượng và chi phí xây dựng ạ Check thêm về phía Long AN, bình dương nữa by Admin 01"
BDS-MASTER-0179,tọa lạc,google_my_maps_needs_open,,https://www.google.com/maps/d/edit?mid=1MawyjqMPRL80P8Y7qm_ZhtUgghnbpFc&usp=sharing,"dự án tọa lạc. Có một số đánh giá như sau: Vị trí xa trung tâm: đất cách trung tâm TPHCM khoảng 20 km nhưng thuộc về phía Tây, là khu vực mà tốc độ tăng trưởng kinh tế khá khiêm tốn trong lịch sử và tiềm năng phát triển",TPHCM,,batch_375.txt,"[] P.ĐT sau khi nghiên cứu hồ sơ pháp lý, vị trí dự án tọa lạc. Có một số đánh giá như sau: Vị trí xa trung tâm: đất cách trung tâm TPHCM khoảng 20 km nhưng thuộc về phía Tây, là khu vực mà tốc độ tăng trưởng kinh tế khá khiêm tốn trong lịch sử và tiềm năng phát triển trong tương lai cũng không lớn mạnh bằng các khu vực khác ở phía Đông cùng khoảng cách (như khu Đông phía Bình Dương, Đồng Nai). Hiện trạng khu đất còn thưa thớt: dân cư, xung quanh bán kính trong vòng 05km chưa có nhiều tiện ích như trung tâm thương mại, bệnh viện, trường học quốc tế vẫn đang trong quá trình triển khai, chưa đáp ứng đầy đủ như cầu tiện ích của cư dân. Hiện trạng kết nối giao thông tại đường Thế Lữ dưới 13m (đường hiện hữu khoảng 6m-8m), chưa có đường Quy hoạch nào trọng điểm trong khu vực nên không có ưu thế về mặt giao thông. Dự án có diện tích nhỏ (6.364,7m2) nên khó có thể bố trí 20% quỹ đất OTM thấp tầ"
BDS-MASTER-0481,xung quanh do phòng R&D tổng hợp,google_my_maps_needs_open,,https://www.google.com/maps/d/edit?mid=1Fl7DvT-DOnJvyHZ0Oq5v-nUadBLGHFo&usp=sharing,,,,batch_035.txt,[] Hanh T - INVT 6/11 4:33 PM Translate Xin gửi Sếp giá căn hộ các dự án xung quanh do phòng R&D tổng hợp. Tổng hợp thị trường căn hộ cùng phân khúc gần DA VVK.pdf image by Hanh T - INVT
BDS-MASTER-0080,~38ha,google_my_maps_needs_open,,https://www.google.com/maps/d/edit?mid=1SAcLUqc-JTEBiY1uNXVoDUdI-a5wJd0&ll=10.002013642197713%2C105; https://www.google.com/maps/d/edit?mid=1SAcLUqc-JTEBiY1uNXVoDUdI-a5wJd0&ll=10.002013642197713%2C105…,"và ranh đất: https://www.google.com/maps/d/edit?mid=1SAcLUqc-JTEBiY1uNXVoDUdI-a5wJd0&ll=10.002013642197713%2C105… Đường Lạc Hồng (xã Thạnh Lộc, H. Châu Thành, tỉnh Kiên Giang, nay là xã Thạnh Lộc. tỉnh An Giang). Pháp lý",,,batch_212.txt,"[] Hanh T - INVT 3/6 1:23 PM Edited Translate P. Đầu tư báo cáo Sếp Admin 01 về khu đất 35ha tại Kiên Giang (thuộc Châu Thành giáp ranh TP Rạch Giá), từ công ty CKG như sau: 1. Sơ bộ về khu đất: Vị trí và ranh đất: https://www.google.com/maps/d/edit?mid=1SAcLUqc-JTEBiY1uNXVoDUdI-a5wJd0&ll=10.002013642197713%2C105… Đường Lạc Hồng (xã Thạnh Lộc, H. Châu Thành, tỉnh Kiên Giang, nay là xã Thạnh Lộc. tỉnh An Giang). Pháp lý: Tổng diện tích đất khoảng 35ha/38,8ha lập dự án, chủ yếu là đất lúa. Hiện chưa lập dự án, định hướng xin Quyết định chủ trương đầu tư theo hướng tự thỏa thuận quyền sử dụng đất và vận dụng thí điểm diện tích mua gom >75% diện tích đất lập dự án ~38ha. Quy hoạch: Phòng Quy Hoạch tạm áp theo QH chung (do chưa có QH phân khu tại khu vực này sau khi sát nhập). Tổng diện tích dự án 38,8 ha,đất ở (bao gồm đất NOXH) là khoảng 60%, ~ 23,3 ha. Diện tích đất NOTM: 18,6 ha, gồm - Nh"
BDS-MASTER-0401,Đông Trung - Đề xuất,google_my_maps_needs_open,2025-08-12,https://www.google.com/maps/d/edit?mid=1MawyjqMPRL80P8Y7qm_ZhtUgghnbpFc&usp=sharing,,,,batch_325.txt,[2025-08-12] Mr Mike1 -CEO 8/12/2025 8:24 AM Translate A mới ngồi ăn sáng cafe với anh Ngân GĐ Sở Xd xong. Nói hướng mới cho Dự án Đông Trung - Đề xuất: 1. Phần đất công làm NOXH 2. Phần đất thịt làm NOTM Ok Sếp. Team sẽ trao đổi lại với anh Tài để... by Huy M - IM
BDS-MASTER-0402,Đầu tư xây dựng đường Cao tốc TP,google_my_maps_needs_open,2024-12-10,https://www.google.com/maps/d/u/1/edit?mid=10gTnNN6aieu1u3Xx49gGnnp177W4zag&usp=sharing,,Hồ Chí Minh,,batch_578.txt; batch_620.txt; batch_621.txt; batch_625.txt,"[2024-12-10] Huy M - IM 12/10/2024 12:03 PM Translate Dự án Đầu tư xây dựng đường Cao tốc TP.Hồ Chí Minh – Thủ Dầu Một - Chơn Thành là trục cao tốc Bắc Nam của tỉnh Bình Dương, Bình Phước (trục xuyên tâm cắt qua đường Vành đai 4, Vành đai 3, dẫn đến đường Vành đai 2 TP.Hồ Chí Minh), nối tiếp tuyến cao tốc Gia Nghĩa - Chơn Thành (cao tốc Bắc Nam phía Tây) Dự án có ý nghĩa, vai trò rất quan trọng đối với sự phát triển kinh tế - xã hội gắn với củng cố an ninh - quốc phòng của vùng Tây nguyên và Đông Nam bộ; rút ngắn thời gian lưu thông, thúc đẩy các hoạt động thương mại, vận tải, thông thương mua bán trong khu vực; Bình Dương Dự kiến dự án sẽ khởi công quý I/2025 và hoàn thành năm 2027! Khi hoàn thành sẽ là trục kinh tế chính, cùng với QL13 + Mỹ Phước-Tân Vạn là trung tâm phát triển của Bình Dương. * Đoạn qua Bình Phước (thông qua 5/2024) - Dài 7 km - Vốn 1474 tỷ (1000 tỷ ngân sách T.W) - Đ"
BDS-MASTER-0205,đang vận hành có hệ số nén 0,google_my_maps_needs_open,,https://www.google.com/maps/d/edit?mid=11z_Bkaxe4GIV5AYsicAES_ivCxDZbmM&usp=sharing,,,Thủ Đức,batch_250.txt,"[] Phòng trọ cao cấp - S: 20 - 25m2 căn có gác lửng 3,5 - 3,7 VNĐ/tháng. - S: 20 - 25m2 căn có gác lửng, ban công 4,0 - 4,2 - S: 30m2 căn có gác lửng, ban công, đề xuất làm căn góc tận dụng 2 mặt thoáng cửa sổ lấy sáng nhiều hơn 5 (giá cao hơn thì sẽ không cạnh tranh được với các tòa nhà trong khu vực Thạnh Mỹ Lợi) Bàn giao nội thất Bàn giao máy lạnh, kệ bếp, bàn , 2 ghế, tủ quần áo. (khách muốn có tủ lạnh thì thêm 200k/tháng) Chi phí vận hành: 25% Tổng doanh thu (bao gồm hoa hồng kinh doanh, chi phí bảo trì và quản lý vận hành). Công suất thuê phòng trong thời gian vận hành ổn định là 90% Giá trị bất động sản chuyển nhượng năm thứ 11, P.ĐT tạm ước tính đ/v giá trị quyền sử dụng đất bằng giá trị mua đất hiện tại nhân trượt giá mỗi năm 5%. Và giá trị công trình xây dựng chuyển nhượng bằng giá trị đầu tư hiện tại nhân 60%. 1/ Hẻm 86/1 Thạnh Mỹ Lợi, Cát Lái, Thủ Đức (Hẻm rộng khoảng 4m-5m) "
BDS-MASTER-0235,đã và đang thực hiện trên BCTC,google_my_maps_needs_open,,https://www.google.com/maps/d/edit?mid=1pYF3M65dQngj9P_VP8SbXUKy92nYnFo&usp=sharing,"trụ sở: 2W Ung Văn Khiêm, P.25, Bình Thạnh, HCM Thị giá cổ phiếu ngày 12/05/2025: 16.300 đồng/cổ phiếu Số lượng cổ phiếu đang lưu hành: 870.849.983 cổ phiếu B. Các giả định trong bài tính Trong giá trị hàng tồn kho bao g",,,batch_418.txt,"[] Báo cáo anh Mr Mike1 -CEO, P.ĐT báo cáo tóm tắt định giá lại Công ty DXG: Áp dụng phương pháp định giá tài sản ròng bằng việc xác định lại giá trị của các dự án/quỹ đất của DXG được ghi nhận trên BCTC. P.ĐT thông tin thêm, việc trình bày thông tin các dự án đã và đang thực hiện trên BCTC, báo cáo thường niên, báo cáo bạch… DXG có phần hạn chế hơn so với DIG, HDC nên trong quá trình thực hiện định giá, P.ĐT luôn thận trọng khi định giá lại các dự án để làm cơ sở ước tính giá trị cổ phiếu DXG hợp lý nhất. A. Thông tin Công ty Tên công ty: Công ty Cổ phần Tập đoàn Đất Xanh Vị trí trụ sở: 2W Ung Văn Khiêm, P.25, Bình Thạnh, HCM Thị giá cổ phiếu ngày 12/05/2025: 16.300 đồng/cổ phiếu Số lượng cổ phiếu đang lưu hành: 870.849.983 cổ phiếu B. Các giả định trong bài tính Trong giá trị hàng tồn kho bao gồm bất động sản dở dang, bất động sản thành phẩm và hàng hóa. P.Đầu tư ưu tiên định giá lại B"
BDS-MASTER-0236,đầu tư,google_my_maps_needs_open,2025-10-31,https://www.google.com/maps/d/edit?mid=11z_Bkaxe4GIV5AYsicAES_ivCxDZbmM&usp=sharing,3 tài sản: https://www.google.com/maps/d/edit?mid=11z_Bkaxe4GIV5AYsicAES_ivCxDZbmM&usp=sharing Vì cả 3 tài sản có vị trí gần nhau nên P.RD để xuất chung một mức giá thuê cho 3 tài sản như sau: Đề xuất giá thuê,,,batch_250.txt,"[2025-10-31] Thanh L - INVT 10/31/2025 9:41 AM Edited Translate Kính gửi Mr Mike1 -CEO, P.ĐT báo cáo đánh giá 3 tài sản thực hiện căn hộ dịch vụ với hiệu quả dự án đầu tư như sau: Vị trí 3 tài sản: https://www.google.com/maps/d/edit?mid=11z_Bkaxe4GIV5AYsicAES_ivCxDZbmM&usp=sharing Vì cả 3 tài sản có vị trí gần nhau nên P.RD để xuất chung một mức giá thuê cho 3 tài sản như sau: Đề xuất giá thuê"
BDS-MASTER-0486,đề xuất quan tâm theo file đính kèm,google_my_maps_needs_open,2025-05-13,https://www.google.com/maps/d/edit?mid=1GZCfnV4401jtKcup5hFe0KPBOBMYrp4&usp=sharing,,,,batch_415.txt,"[] Phòng xin gửi kèm báo cáo có thể hiện ranh đất của 05 dự án đề xuất quan tâm theo file đính kèm. Trân Trọng. Message by Hanh T - INVT, has an attachment."
BDS-MASTER-0408,định giá Link vị trí,google_my_maps_needs_open,,https://www.google.com/maps/d/edit?mid=1Yy94Bk_zJc1qdBIr51K9nl1FJ6GMm1g&usp=sharing,6 khu đất định giá Link vị trí:https://www.google.com/maps/d/edit?mid=1Yy94Bk_zJc1qdBIr51K9nl1FJ6GMm1g&usp=sharing Các khu đất định giá 2025.07.15_BAO CAO DINH GIA TAI SAN fn.pdf 2025.07.15_BAO CAO DINH GIA TAI SAN fn 1.,,,batch_338.txt,[] Phòng xin gửi đính kèm vị trí 6 khu đất định giá Link vị trí:https://www.google.com/maps/d/edit?mid=1Yy94Bk_zJc1qdBIr51K9nl1FJ6GMm1g&usp=sharing Các khu đất định giá 2025.07.15_BAO CAO DINH GIA TAI SAN fn.pdf 2025.07.15_BAO CAO DINH GIA TAI SAN fn 1.pdf Các khu đất định giá www.google.com
BDS-MASTER-0081,(GỒM VAT) – 4,no_map_link_matched,2025-09-11,,,,,batch_303.txt; batch_344.txt; batch_347.txt,"[2025-09-11] Thao L - INVT 9/11/2025 5:28 PM Edited Translate K.ĐT báo cáo anh Mr Mike1 -CEO về Phương án Thấp tầng Phú Gia Khiêm như sau: 1. CHI PHÍ DỰ ÁN (GỒM VAT) – 4,847TỶ - Chi phí M&A: 700 tỷ - Chi phí pháp lý: 55 tỷ - Chi phí Chuyển mục đích tiền sử dụng đất: 550 tỷ ~ 17.5tr/m2 (Gấp 3.1 lần Đơn giá Nhà nước Mặt tiền đường Bình Chuẩn 67) - Tổng chi phí xây dựng all in: 2,197 tỷ + Chi phí xây dựng Hạ tầng, cảnh quan allin trên tổng diện tích dự án: 48 tỷ ~ 1.42tr/m2 đất + Chi phí xây dựng Chung cư all in (2 block: 30 tầng + tum + 2 hầm, hoàn thiện cơ bản): 2,088tỷ ~ 13tr/m2 sàn (cao hơn dự án Phượng Hoàng 12.2tr/m2 khoảng 7%) + Chi phí xây dựng Nhà liên kế all in (4 tầng, hoàn thiện bên ngoài, thô bên trong): 42 tỷ ~ 6tr/m2 sàn + Chi phí xây dựng Nhà trẻ all in (hoàn thiện bên ngoài, thô bên trong): 19 tỷ ~ 5.9tr/m2 sàn + Chi phí xây dựng Nhà mẫu: 16.5 tỷ - Chi phí lãi vay: 158 tỷ v"
BDS-MASTER-0122,(VAT),no_map_link_matched,2025-10-01,,,,,batch_284.txt; batch_329.txt,"[2025-10-01] Thao L - INVT 10/1/2025 5:50 PM Edited Translate B. PHƯƠNG ÁN CĂN HỘ + OFFICETELL 1. TỔNG CHI PHÍ DỰ ÁN (VAT): 6,173tỷ - Tổng mức đầu tư: 4,655 tỷ, trong đó: + Chi phí tiền sử dụng đất thấp nhất: 715 tỷ (Đơn giá đóng TSDĐ của PGK gấp 4 lần đơn giá Nhà nước đường Bình Chuẩn 67 = tỷ lệ giữa đơn giá theo văn bản Phê duyệt đơn giá đất để tính TSDĐ của dự án A&K vào Q1.2025 và đơn giá nhà nước đoạn đường tọa lạc của dự án A&K = 4 lần) – Tạm tính vào thời điểm 2025 + Suất xây dựng căn hộ allin (VAT): 13tr/m2 sàn + Suất xây dựng officetel (VAT): 13.7tr/m2 sàn - Chi phí bán hàng (VAT) : 1,004 tỷ ~ 17% Doanh thu chưa VAT 2. TỔNG DOANH THU DỰ ÁN (VAT): 6,620 TỶ - Đơn giá trung bình căn hộ (chưa VAT, tim tường): 39.5tr/m2 sàn - Đơn giá trung bình Shophouse khối Căn hộ (chưa VAT, tim tường): 85tr/m2 sàn - Đơn giá trung bình Officetel (chưa VAT, tim tường): 42.3tr/m2 đất - Đơn giá trung "
BDS-MASTER-0070,1ha Sơn Trà,no_map_link_matched,2025-09-29,,,Đà Nẵng,,batch_248.txt; batch_286.txt,"[2025-09-29] Thanh L - INVT 9/29/2025 12:13 PM Translate Kính gửi Sếp Mr Mike1 -CEO, P.ĐT báo cáo cập nhật hiệu quả đầu tư dự án 1ha Sơn Trà, Đà Nẵng như sau: Thông tin Quy hoạch: + Diện tích đất: 10.063m2 + Hệ số sử dụng đất: 11.94 + Tổng diện tích sàn (bao gồm hầm, tầng kỹ thuật): 162.271m2 + Diện tích thương phẩm căn hộ: 74.619m2 (khoảng 915 căn hộ) + Số lượng phòng khách sạn: 175 phòng Hiệu quả dự án phần Căn hộ Tổng doanh thu căn hộ chưa VAT là: 6.763 tỷ đồng (Đơn giá giá căn hộ bao gồm VAT tại thời điểm mở bán 2027 là 90 Triệu/m2; Giá shophouse bao gồm VAT: 90 Triệu/m2) Tổng mức đầu tư chưa bao gồm VAT, bao gồm lãi vay là: 4.950 tỷ đồng (Đơn giá All in bao gồm VAT là 20 triệu/m2; Chi phí mua đất 1.347 tỷ đồng; Tiền sử dụng đất 1.188 tỷ đồng) Tổng chi phí hoạt động chưa VAT,15% doanh thu: 1.014 tỷ đồng Lợi nhuận trước thuế: 799 tỷ đồng LNTT/TMĐT: 16,13% Hiệu quả dự án phần Khách sạn"
BDS-MASTER-0413,3047583976353865173,no_map_link_matched,2022-08-22,,,,,batch_918.txt; batch_921.txt,[2022-08-22] Trieu Nguyen-PTDT 8/22/2022 5:34 PM Video bãi biển Quy Hòa gần khu vực hầm chui của dự án 3047583976353865173.mp4 Loading... KĐT gửi anh Tuan Tran-CEO báo cáo dự án... by Thao L - INVT --- [2022-08-22] Trieu Nguyen-PTDT 8/22/2022 5:34 PM Video bãi biển Quy Hòa gần khu vực hầm chui của dự án 3047583976353865173.mp4 KĐT gửi anh Tuan Tran-CEO báo cáo dự án... by Thao L - INVT
BDS-MASTER-0099,31 Trần Não,no_map_link_matched,,,,,,batch_115.txt; batch_166.txt; batch_199.txt,"[] Thao L - INVT 5/11 1:38 PM Edited Translate K.ĐT gửi anh Admin 01 báo cáo dự án 31 Trần Não như sau: I. TỔNG QUAN 02 PHƯƠNG ÁN: II. PHƯƠNG ÁN CĂN HỘ DỊCH VỤ KẾT HỢP VĂN PHÒNG VÀ TRUNG TÂM THƯƠNG MẠI 1. Chi phí xây dựng (VAT): 1,800 tỷ - Đơn giá XD Allin: 21.5tr/m2 (trong đó SĐT VP + hầm: 18.6tr/m2 - Dựa vào S.ĐT P.QS tính theo chuẩn VP Opal) - SĐT/CHDV: 3.1 tỷ/key 2. Doanh thu và Chi phí vận hành (VAT): - Tỷ lệ diện tích thương phẩm Văn phòng đạt khoảng 79%, CHDV chỉ khoảng 60% (nhiều tiện ích đi kèm) - Giá thuê và phí dịch vụ của văn phòng năm đầu: 38.5$/m2/tháng gồm VP: 33$/m²/tháng + phí dịch vụ 5.5$/m²/tháng; CPVH: 20% DT; Tỷ lệ tăng giá thuê 3%/năm - Giá thuê CHDV năm đầu: + Dài ngày chiếm 70%: 33tr/căn/tháng ~ 23.2$/m2/tháng + Ngắn ngày chiếm 30%: 1.6tr/căn/đêm ~ 33.9$/m²/tháng => Quy đổi trung bình đơn giá thuê CHDV năm đầu: 26.4$ /m²/tháng, CPVH: 50% DT; Tỷ lệ tăng giá thuê 5%"
BDS-MASTER-0335,31 Trần Não – PA4,no_map_link_matched,,,,,,batch_093.txt,"[] Thao L - INVT 5/20 3:20 PM Translate K.ĐT báo cáo anh Admin 01 về dự án 31 Trần Não – PA4: Full VP + tiện ích (gym, hồ bơi,…) như sau: I. Tóm tắt PA4: Tách một phần tầng 03 làm Hồ bơi 240m2 và 378 m2 làm các tiện ích như: + Giải khát 25 chỗ + Gym + Yoga/Fitness + Khu ăn uống 50 chỗ + WC, thay đồ => Phần tiện ích này sẽ đầu tư hoàn thiện full nội thất có thể đưa vào hoạt động ngay khi hoàn thành 1. Chi phí xây dựng (VAT): - Phương án 4 có tiện ích: 1.578 tỷ đồng (SĐT all-in ~19 tr.đ/m² sàn) - Phương án 3 không bố trí tiện ích: 1.525 tỷ đồng (SĐT all-in ~18.4 tr.đ/m² sàn) => Chi phí tăng thêm khoảng 54 tỷ đồng do đầu tư các hạng mục tiện ích nêu trên. 2. Doanh thu (VAT): a. Giá thuê VP - Q4.2030: 30.8$; tỷ lệ tăng giá: 2%/năm + Phí dịch vụ VP: 4 năm đầu: 5$, ổn định: 7$ + Chi phí vận hành VP: 20% + Tỷ lệ lắp đầy VP: Năm 1 (40%), Năm 2 (50%), Năm 3 (60%), Năm 4 (75%) và duy trì ổn định s"
BDS-MASTER-0336,31 ha,no_map_link_matched,2023-07-07,,,,,batch_803.txt,"[2023-07-07] Huy M - IM 7/7/2023 11:21 AM Bên Mr. Ka có gửi KĐT nghiên cứu đánh giá về việc nhận chuyển nhượng Dự án 31 ha, là dự án thành phần trong tổng dự án 465 ha thuộc khu Du lịch Đô thị Đại Phước (Swan Bay) à à by Unknown User"
BDS-MASTER-0209,386 ha là 84,no_map_link_matched,2025-07-15,,,Đồng Nai,Nhơn Trạch,batch_340.txt; batch_380.txt,"[2025-07-15] Hanh T - INVT 7/15/2025 6:20 PM Edited Translate P. ĐT báo cáo Sếp Mr Mike1 -CEO về sơ bộ tổng mức đầu tư cụm DA đấu thầu tại Nhơn Trạch, Đồng Nai như sau: Cụm DA Đấu thầu có tổng diện tích 386 ha gồm có 04 phân khu: PK3 (80 ha), PK4 (92ha), PK5 (129 ha), PK6 (85ha). Mỗi phân khu theo QH gồm có đất ở cao tầng và đất thấp tầng (Nhà liên kế và Biệt thự). Dựa trên thông số chỉ tiêu QH anh Tài gửi, P.ĐT tính sơ bộ tổng mức đầu tư cụm dự án 386 ha là 84.900 tỷ đồng ~ 220 tỷ đồng/ 1ha (giá bồi thường ~3 triệu đồng/m2, giá xây dựng áp theo QĐ của Suất vốn Bộ Xây Dựng 2025). Và Vốn chủ sở hữu tối thiểu cần ~15% Tổng mức đầu tư ~12.740 tỷ đồng. Thông số tổng quan từng phân khu: PK 3 ~ 80ha, TMĐT ~ 15.100 tỷ đồng, Vốn CSH>~2.265 tỷ đồng PK 4 ~ 92ha, TMĐT ~ 16.500 tỷ đồng, Vốn CSH>~2.470 tỷ đồng PK 5 ~ 129ha, TMĐT ~ 32.700 tỷ đồng, Vốn CSH>~4.900 tỷ đồng PK 6 ~ 85ha, TMĐT ~ 20.600 tỷ đ"
BDS-MASTER-0210,43ha - Dự án Tân phú,no_map_link_matched,,,,Bình Dương,Tân phú,batch_011.txt; batch_064.txt,"[] P.ĐT gửi anh Admin 01 tóm tắt PL sơ bộ của dự án 43ha - Dự án Tân phú, Bình Dương (Kim Oanh) như sau: Link: Công ty Kim Oanh liên quan gì đến vụ án 43ha “đất vàng” tại Bình Dương? Đối tác đang chào bán 13tr/m2 cho 43 ha (5,600 tỷ) ~ 30tr/m2 đất ở thương phẩm (theo 1/500 dự kiến đối tác đề xuất) và giá chào này theo hiện trạng dự án, không bao gồm TSDĐ và việc gỡ các vấn đề PL nêu trên => Đề xuất: Không nghiên cứu dự án này Công ty Kim Oanh liên quan gì đến vụ án 43ha “đất vàng” tại Bình Dương? Cơ quan điều tra Bộ công an vừa có Kết luận điều tra, đề nghị truy tố với các cá nhân trong vụ án liên quan đến gần 190ha đất tại Tổng Công ty Sản xuất – Xuất nhập khẩu Bình Dương (Tổng Công ty 3/2... ngaymoionline.com.vn Cứ nghiên cứu đi xem lợi nhuận sao e by Admin 01 --- [] P.ĐT gửi anh Admin 01 tóm tắt PL sơ bộ của dự án 43ha - Dự án Tân phú, Bình Dương (Kim Oanh) như sau: Link: Công ty Kim "
BDS-MASTER-0060,48 Nguyễn Thiện Thuật,no_map_link_matched,2025-05-07,,,,,batch_213.txt; batch_263.txt; batch_423.txt,"[2025-05-07] Hanh T - INVT 5/7/2025 1:38 PM Edited Translate P.Đầu tư Báo cáo Anh Mr Mike1 -CEO về dự án 48 Nguyễn Thiện Thuật, P. Tân Lập, TP Nha Trang, Khánh Hoà (toạ lạc 02 mặt tiền đường Biệt Thự và đường Nguyễn Thiện Thuật, cách biển khoảng 350m) theo 02 phương án quy hoạch 20 tầng (được duyệt) và 32 tầng (dự định xin điều chỉnh) như sau: 1. Thông tin quy hoạch: Diện tích đất theo Giấy chứng nhận: 1.703,3 m2 Diện tích đất phù hợp quy hoạch: 1.655,2 m2 Chỉ tiêu quy hoạch theo phê duyệt 1/2000 (QÐ 816/QÐ-UBND ngày 27/03/2025) Hệ số sử dụng đất: 13 lần; Tầng cao: 20 tầng; Mât độ xây dựng: 60% Mục đích sử dụng đất: Đất hỗn hợp (nhóm nhà ở và dịch vụ) 2. Phương án thiết kế: 3. Thị trường : 4. Hiệu quả dự án: Dựa trên thông tin chi phí mua đất, suất vốn đầu tư xây dựng, chi phí bán hàng, chi phí tài chính và giá bán căn hộ tại thị trường khu vực thì cả 02 phương án đều không hiệu quả về m"
BDS-MASTER-0279,53ha Đà Nẵng),no_map_link_matched,,,,Đà Nẵng,,batch_372.txt,"[] P.ĐT báo cáo Sếp Mr Mike1 -CEO về việc tìm hiểu, nghiên cứu NĂNG LỰC nhà đầu tư tham gia đấu thầu (lấy ví dụ dự án 53ha Đà Nẵng) như sau: NGHIÊN CỨU SƠ BỘ NĂNG LỰC NHÀ ĐẦU TƯ KHI THAM GIA ĐẤU THẦU DỰ ÁN : Dựa trên các văn bản quy phạm pháp luật về Đất Đai, về Đấu Thầu, cụ thể là NĐ 115/2024/NĐ-CP hướng dẫn Luật Đấu thầu về lựa chọn nhà đầu tư, P.ĐT tìm hiểu và tóm tắt lại sơ bộ yêu cầu năng lực nhà đầu tư cho dự án 50 ha như sau: Sơ bộ tổng mức đầu tư dự án khoảng: 15.000 tỷ đồng (~300 tỷ đồng/1ha), trong đó: CP bồi thường, GPMT 1.000 tỷ đồng /DA 50ha (khoảng 2 triệu đồng/m2 tính bình quân không phân biệt loại đất) CP đầu tư xây dựng 12.500 tỷ đồng/ DA 50ha (theo Suất vốn BXD) Chi phí dự phòng 1.500 tỷ đồng/ DA 50ha (khoảng 10% CP bồi thường + CP đầu tư xây dựng). Theo đó, sơ bộ năng lực nhà đầu tư cơ bản gồm năng lực tài chính và năng lực kinh nghiệm thực hiện dự án, cơ bản như sau: "
BDS-MASTER-0280,600 tỷ,no_map_link_matched,,,,,,batch_042.txt,"[] Dạ trong bài tính gần nhất mình đang tính là: - Tiền mua dự án 600 tỷ, - Tiền sử dụng theo hệ số K mà đối tác báo: 120 tỷ => Tổng tiền liên quan đến đất là 720 tỷ Vậy lần này số liệu 690 tỷ này đã bao gồm luôn tiền sử dụng đất hệ số K luôn chưa ạ Begin quote, Hanh T - INVT, 5/28/2026 4:52 ... by Huy M - IM"
BDS-MASTER-0415,AN TON,no_map_link_matched,,,,,,batch_137.txt,[] Phòng xin gửi đính kèm báo cáo đầu tư của phòng ĐT và báo cáo đề xuất giá của phòng R&D. Trân trọng. 13042026_R&D_PA de xuat chi tiet KDC Doi An Ton (1) 1.pdf BANG TONG HOP 2 PHUONG AN - DA AN TON.pdf 23042026 BC DAU TU KDC AN TON.pdf Mai 15h báo anh này by Admin 01
BDS-MASTER-0416,Aeon Mall hơn 6,no_map_link_matched,2025-04-11,,,Đồng Nai,Biên Hòa,batch_464.txt,[2025-04-11] Huy M - IM 4/11/2025 5:03 PM https://vnexpress.net/dong-nai-khoi-cong-du-an-aeon-mall-hon-6-000-ty-dong-4837704.html Đồng Nai khởi công dự án Aeon Mall hơn 6.000 tỷ đồng Trung tâm thương mại Aeon Mall Biên Hòa khởi công sáng nay giữa trung tâm cù lao Hiệp Hòa với vốn đầu tư hơn 6.000 tỷ đồng. vnexpress.net Link https://znews.vn/hien-trang-khu-dat-su... by Huy M - IM
BDS-MASTER-0238,Ana Mandara Villas Dalat Resort & Spa,no_map_link_matched,,,,,,batch_678.txt,"[] P.ĐT báo cáo anh Tuan Tran-CEO, đánh giá và đề xuất 2 tài sản cho thuê đặc thù của DLR như sau: 1/ Thông tin về Hợp đồng cho thuê của 2 tài sản Hòa Bình và Khu Lê Lai Khu Lê Lai: Đối tượng hợp đồng: 15 căn biệt thự và toàn bộ diện tích đất cho thuê lại của UBND tỉnh Lâm Đồng, khoảng 3,4ha Thời hạn thuê: thuê nhà và thuê lại đất gắn liền với nhà: 50 năm (từ ngày 03/09/2003 đến ngày 02/09/2053) Giá cho thuê năm 2024: 650tr/năm ~54 tr/tháng (đã bao gồm VAT) bao gồm: + Toàn bộ 15 biệt thự: 433tr/năm (đã bao gồm VAT, giá này từ năm 2003 và được áp dụng trong suốt thời hạn thuê) + Giá thuê lại đất của Nhà Nước 2024: 217tr/năm Hòa Bình: Đối tượng hợp đồng: thuê nhà theo hiện trạng (toà nhà hiện nay đã được Sacombank cải tạo, xây mới) gắn liền với cho thuê lại QSD đất Thời hạn thuê: thuê nhà và gắn liền với thuê lại QSD Đất: 50 năm (từ ngày 24/6/2004 đến ngày 24/06/2054) Giá cho thuê năm 2024"
BDS-MASTER-0239,Aqua City và Swan Bay,no_map_link_matched,2023-06-06,,"AquaCity tốt hơn, gần khu dân cư động đúc hơn, dễ dàng kết nối ra thành phố Biên Hòa, vị trí dự án có thể làm khu đô thị ở, nghỉ dưỡng kết hợp thương mại, trong khi đó tại SwanBay vị trí biệt lập trên đảo, chỉ thích hợp",,Biên Hòa,batch_854.txt; batch_862.txt; batch_864.txt,"[2023-06-06] Unknown User 6/6/2023 6:04 PM K.ĐT báo cáo anh Tuan Tran-CEO về so sánh giá giữa dự án Aqua City và Swan Bay như sau: 📷 Image … Ai làm báo cáo này ok quá nha 1 Heart reaction. Image by Unknown User --- [2023-06-06] Unknown User 6/6/2023 6:04 PM K.ĐT báo cáo anh Tuan Tran-CEO về so sánh giá giữa dự án Aqua City và Swan Bay như sau: 📷 Image … Làm thêm so sánh với Swan park nha 1 Heart reaction. 1 Like reaction. Begin quote, Binh Vo-GD-PTDT , 6/6/2023 10:... by Unknown User --- [2023-06-06] Sinh Nguyen-Dau Tu 6/6/2023 6:04 PM K.ĐT báo cáo anh Tuan Tran-CEO về so sánh giá giữa dự án Aqua City và Swan Bay như sau: Swan Bay Aqua City Chiết khấu Hầu như các phân khu không có sản phẩm cắt lỗ so với thời điểm T5/2022 1/ Khách hàng thanh toán theo phương án chuẩn, cắt lỗ khá ít khoảng vài trăm triệu (5 – 10%). 2/ Khách hàng cắt lỗ nhiều nhất là khách vay, cắt lỗ lên đến 20% tương đươn"
BDS-MASTER-0082,Bale tại Mũi Né,no_map_link_matched,2023-06-09,,"+ Dự án nằm tại hẻm của đường Nguyễn Đình Chiểu (đường ven biển), không có mặt tiền biển hay mặt tiền đường ven biển, cách bãi biển khoảng 500m, có khu dân cư chắn ngang ở hướng ra biển 2/ Tham khảo đánh giá của Phòng Ph",,,batch_850.txt; batch_881.txt,"[2023-06-09] Trieu Nguyen-PTDT 6/9/2023 5:47 PM Edited KĐT gửi anh Tuan Tran-CEO đánh giá lại dự án Bale tại Mũi Né, Phan Thiết, có giá chào bán được điều chỉnh giảm còn 2.000.000 đồng/m2 đất kèm theo cam kết chủ đầu tư hoàn thành việc cấp phép đóng tiền thuê đất 1 lần, hoàn thành đường kết nối và công tác đền bù, cụ thể: 1/ Vị trí: + Dự án nằm tại hẻm của đường Nguyễn Đình Chiểu (đường ven biển), không có mặt tiền biển hay mặt tiền đường ven biển, cách bãi biển khoảng 500m, có khu dân cư chắn ngang ở hướng ra biển 2/ Tham khảo đánh giá của Phòng Pháp lý a/ Pháp lý đất: Đất thương mại dịch vụ trả tiền thuê đất hàng năm đến năm 2059 b/ Pháp lý đầu tư: Dự án được phép bán – cho thuê công trình xây dựng trên đất, đối chiếu các quy định hiện hành liên quan thì Dự án đủ điều kiện để tách (các) Quyền sử dụng đất riêng rẽ theo QHCT 1/500 đã duyệt sau khi hoàn tất xây dựng công trình, cụ thể: + "
BDS-MASTER-0339,Begin quote,no_map_link_matched,2023-12-18,,,,,batch_717.txt,"[2023-12-18] Huy M - IM 12/18/2023 6:49 PM Phương án 1 mình cũng có QH nhà noxh rồi ah. Tuy nhiên QH của PA1 nhà nước duyệt dân số chiếm chỉ 14.5% dân số của dự án Begin quote, Tuan Tran-CEO , 12/18/2023 6:4... by Huy M - IM"
BDS-MASTER-0152,Bất động sản khảo sát,no_map_link_matched,2023-06-19,,"Xã Phú Thạnh, Huyện Nhơn Trạch, Tỉnh Đồng Nai Đường Long Thuận, P. Trường Thạnh, Quận 9, HCM Đường số 8, Phường Long Phước, Quận 9, HCM Đường số 8, Phường Long Phước, Quận 9, HCM Số 86 đường Cầu Đình, Phường Long Phước,",Đồng Nai,Q.9,batch_836.txt; batch_889.txt,"[2023-06-19] Sinh Nguyen-Dau Tu 6/19/2023 11:02 AM K.ĐT báo cáo anh Tuan Tran-CEO về so sánh giá Diamond Island Q.9, các dự án ở P.Long Phước và Swan Park như sau: 1/ Kết nối hạ tầng giao thông 2/ Tổng hợp thông tin dự án Bất động sản khảo sát: Tên dự án Swan Park Diamond Island, Quận 9 Việt Nhân Blue Diamond Riverside Việt Nhân Long Phước 123 (Việt Nhân 1234) Saigon Garden Riverside Village Chủ đầu tư Tập đoàn CFLD – Trung Quốc & Tín Nghĩa Group Cá nhân, đơn vị PTDA Vạn Phát Đạt Công ty BĐS Việt Nhân Công ty BĐS Việt Nhân Tập đoàn Hưng Thịnh Vị trí Xã Phú Thạnh, Huyện Nhơn Trạch, Tỉnh Đồng Nai Đường Long Thuận, P. Trường Thạnh, Quận 9, HCM Đường số 8, Phường Long Phước, Quận 9, HCM Đường số 8, Phường Long Phước, Quận 9, HCM Số 86 đường Cầu Đình, Phường Long Phước, Quận 9, Tp.HCM Quy mô 941.5 ha 10 ha, hơn 300 nền 9 ha, gần 800 nền Khoảng 700 nền 30ha, 168 nền Loại hình sản phẩm Nhà phố,"
BDS-MASTER-0283,Cty Định Giá Việt,no_map_link_matched,2025-11-06,,,,,batch_246.txt,"[2025-11-06] Thoi L - ASST. 11/6/2025 5:32 PM Translate Huy M - IM Anh gửi Huy xem qua b/c định giá của Fenica để rà soát điều chỉnh và b/c Sếp, nếu cần nhé. PP so sánh trực tiếp đề xuất giá bán trung bình là 38.4tr/m2. Fenica- Dự thảo định giá DA - Cty Định Giá Việt.pdf Begin quote, Thoi L - ASST. , 11/6/2025 5:3... by Huy M - IM"
BDS-MASTER-0061,Cát Lái Sky Habitat H2-02,no_map_link_matched,,,"KDC Cát Lái, Tp.Hồ Chí Minh Diện tích: 7,988.9 m2 Chủ Đầu tư: Công ty CP Phú Gia Thông số quy hoạch Lô H2-02 như sau: - Tầng cao: 25 - Hệ số: 5 - MĐXD: 40% - Dân số: 988 II. PA quy hoạch Căn cứ hồ sơ TKCS phát hành 05/20",Hồ Chí Minh,,batch_073.txt; batch_085.txt; batch_141.txt,"[] Dạ P.ĐT báo cáo sếp Admin 01 dự án H2-02 (Sky Habitat) thuộc KDC Cát Lái I. Thông tin tổng quan: 📷 Lô H2-02 thuộc KDC Cát Lái có CĐT là Công ty Invesco. Năm 2014, Invesco đã chuyển nhượng lại 2 lô… Check kỹ lại xem, kêu bên Phòng Kinh Doanh đánh giá xem giá bán ổn không, số lượng ít vậy thì hạn chế bán hàng như thế nào Ok Sếp. Sáng PĐT cũng khảo sát hiện trạng k... by Huy M - IM --- [] Dạ P.ĐT báo cáo sếp Admin 01 dự án H2-02 (Sky Habitat) thuộc KDC Cát Lái I. Thông tin tổng quan: Lô H2-02 thuộc KDC Cát Lái có CĐT là Công ty Invesco. Năm 2014, Invesco đã chuyển nhượng lại 2 lô H2-02 và H2-05 cho Công ty Phú Gia. Năm 2023, Công ty Phú Gia được phê duyệt CTĐT dự án xây dựng chung cư trên lô H2-02. Vị trí: KDC Cát Lái, Tp.Hồ Chí Minh Diện tích: 7,988.9 m2 Chủ Đầu tư: Công ty CP Phú Gia Thông số quy hoạch Lô H2-02 như sau: - Tầng cao: 25 - Hệ số: 5 - MĐXD: 40% - Dân số: 988 II. PA quy hoạ"
BDS-MASTER-0340,Diamond Island Q,no_map_link_matched,2023-06-22,,", giá bán của dự án Diamond Island Q.9 theo hình ảnh bên dưới: 📷 Giá này là giá thị trường đang rao bán hã, thấy ko hợp lý. Ví dụ: + Lô C 3 và A2 3 ( 64.8m vs 66.8m, 54tr vs 59.9tr): đối diện nhau, cùng 1 đường mà giá ch",,Q.9,batch_821.txt; batch_830.txt,"[2023-06-22] Unknown User 6/22/2023 2:57 PM K.ĐT gửi anh Tuan Tran-CEO chi tiết vị trí, giá bán của dự án Diamond Island Q.9 theo hình ảnh bên dưới: 📷 Giá này là giá thị trường đang rao bán hã, thấy ko hợp lý. Ví dụ: + Lô C 3 và A2 3 ( 64.8m vs 66.8m, 54tr vs 59.9tr): đối diện nhau, cùng 1 đường mà giá chênh nhau 10% + Lô E 1 và E 2: cùng 1 đường mà giá 54.3 vs 64.8 + Lô E 4: đường bé mà giá 58.3 cao hơn cả E1 đường lớn Begin quote, Tuan Tran-CEO, 6/23/2023 10:09... by Unknown User --- [2023-06-22] Unknown User 6/22/2023 10:42 AM Cho cụ thể, ví dụ lô E thì vị trí nào 47.5tr và vị trí nào 64.8tr 📄 Screen Shot 2023-06-22 at 10.41.17.png K.ĐT gửi anh Tuan Tran-CEO chi tiết vị trí, giá bán của dự án Diamond Island Q.9 theo hình ảnh bên dưới:"
BDS-MASTER-0285,Felicia,no_map_link_matched,,,,,,batch_005.txt,"[] Huy M - IM 6/30 11:01 AM Chiều nay a báo lại Sếp à Sau khi Phòng đầu tư nhận được thông tin củ... by Hoa D - CVDT, has an attachment. 6/30 5:20 PM Edited Hoa D - CVDT Sau khi Phòng đầu tư nhận được thông tin của anh David Cường, P. Đầu tư xin báo cáo lại Sếp Admin 01 về dự án Felicia: Giả định 1. Doanh thu ADR: 2.55tr/phòng/đêm OCC: năm đầu 75%, ổn định 88% % Tăng giá: 5% mỗi năm 2. Chi phí Chi phí đầu tư: 1,000 Tỷ VNĐ % Chi phí HĐKD: năm đầu 52%, ổn định 46% Dựa theo các dự án của đang triển khai, P. Đầu tư bổ sung thêm các chi phí sau GOP như sau: FF&E: 3% Doanh thu (Chi phí dự trù cho việc sửa chữa cải tạo dự án) Phí Quản lý: 4% Doanh thu Phí Bảo hiểm: 0.1% TMĐT 3. Bảng so sánh sau khi thêm các chi phí của P Đầu Tư Bao Cao Khach_San_Felicia.pdf"
BDS-MASTER-0185,Fenica,no_map_link_matched,,,,,,batch_191.txt,"[] Thao L - INVT 3/18 1:12 PM Edited Translate K.ĐT báo cáo anh Admin 01 về cập nhật dự án Fenica như sau: 1. LÃI VAY XÂY DỰNG DỰ ÁN & SUẤT ĐẦU TƯ a. Lãi vay XD: 7% b. SĐT: 675 tỷ Tính từ mức 646 tỷ (đã bao gồm các điều chỉnh trước đó từ 633 tỷ và tăng các chi phí quản lý dự án và nâng cấp hoàn thiện: cửa gỗ An Cường, khóa từ Hafele, tủ bếp An Cường, chậu và vòi rửa Hafele), chi phí tiếp tục tăng do: Điều chỉnh tỷ lệ dự phòng từ 7% lên 12%, tương ứng +29 tỷ. ⇒ Mức tăng chi phí thực khoảng 11 tỷ so với phương án trước , sau khi bù trừ với việc: Không phát sinh thêm chi phí thiết kế mặt ngoài (façade), sảnh Không tăng chi phí TBVS c. So sánh: 2. SHOPHOUSE - PRD đề xuất giá bán tim tường chưa VAT: 57.57tr/m2 - P.ĐT tạm tính giá bán tim tường chưa VAT: 52.5tr/m2 – phương án thận trọng 3. CHI PHÍ BÁN HÀNG a. Cập nhật lại chi phí hỗ trợ lãi vay: 3.45% => CPBH: 15.6%, chi tiết như sau: Lùi tiến"
BDS-MASTER-0243,Fenica (16%),no_map_link_matched,2026-05-27,,,,,batch_066.txt,"[2026-05-27] Admin 01 5/27/2026 4:34 PM Chi phí bán hàng ngoài đảo này tốn hơn nha Về chi phí bán hàng: -Tỷ lệ chi phí bán hàng của khối cao tầng đang dự kiến ở mức 17%, cao hơn so với dự án Fenica (16%). Đồng thời, mức chi phí này hiện chưa bao gồm chi phí nhà mẫu. -Ngoài ra, trong cơ cấu chi phí bán hàng có nhiều khoản mang tính chất cố định (fixed cost) nhưng hiện vẫn đang được phân bổ theo tỷ lệ doanh thu, như: chi phí setup sàn bán hàng, chi phí nhân sự quản lý, chi phí tổ chức sự kiện/bán hàng, sa bàn,… Các khoản chi phí này thực tế không chênh lệch quá lớn giữa dự án quy mô 1,500–2,000 căn của Bà Kèo và dự án Fenica chỉ khoảng 579 căn -Chi tiết tổng chi phí bán hàng (chưa VAT) của từng phương án hiện cũng rất cao như sau: +PA10: 1,362 tỷ + PA11: 1,513 tỷ + PA12: 1,590 tỷ => Do đó, nhìn chung chi phí bán hàng đã được dự trù ở mức tương đối và theo hướng thận trọng ạ Begin quote, Ad"
BDS-MASTER-0421,Green Hill 2054482750212548727,no_map_link_matched,2022-08-22,,,,,batch_918.txt; batch_921.txt,"[2022-08-22] Trieu Nguyen-PTDT 8/22/2022 5:33 PM Video quang cảnh trước dự án Green Hill 2054482750212548727.mp4 Loading... Video bãi biển Quy Hòa gần khu vực hầm chui... by Unknown User, has an attachment. --- [2022-08-22] Trieu Nguyen-PTDT 8/22/2022 5:33 PM Video quang cảnh trước dự án Green Hill 2054482750212548727.mp4 Video bãi biển Quy Hòa gần khu vực hầm chui... by Unknown User, has an attachment."
BDS-MASTER-0422,Greenhill Village … 03,no_map_link_matched,2023-05-18,,,,,batch_879.txt,[2023-05-18] Huy M - IM 5/18/2023 10:25 AM https://www.youtube.com/watch?v=ft9L6yTGL6A Dự án Greenhill Village … 03:48 | 1.6K views | 2 years ago www.youtube.com Này lâu dài đúng ko a by Unknown User
BDS-MASTER-0071,H2-02,no_map_link_matched,2026-05-27,,,,,batch_064.txt; batch_066.txt; batch_115.txt; batch_116.txt,"[] P.ĐT báo cáo sếp Admin 01 cập nhật FS dự án H2-02 với các giả định cập nhật sau: 1. Giá chào cập nhật 600 tỷ 2. Tiền sử dụng đất 120 tỷ. Qua làm việc, đối tác thông báo tiền sử dụng đất còn phải nộ… 2. 120 tỷ là số chốt chưa hay áng chừng nhỉ Begin quote, Admin 01, 5/27/2026 7:36 PM, 2... by Huy M - IM --- [] P.ĐT báo cáo sếp Admin 01 cập nhật FS dự án H2-02 với các giả định cập nhật sau: 1. Giá chào cập nhật 600 tỷ 2. Tiền sử dụng đất 120 tỷ. Qua làm việc, đối tác thông báo tiền sử dụng đất còn phải nộp theo hệ số K (bên mua chịu) 120 tỷ - điểm này cần P.PLDA đánh giá làm rõ vì theo thông tin đối tác cung cấp ban đầu, dự án đã có GPXD và GCN (100% đất ở xây dựng chung cư) 3. Suất xây dựng gồm V: 17tr/m2 (all in). 4. Giá bán 75tr.m2 (chưa V, tim tường) (CPBH 15% doanh thu) Hiệu quả cập nhật như sau: + LNTT: 342 tỷ + NPV: 53 tỷ + IRR: 14.4% + LNTT/TMĐT: 19.8% * Một số lưu ý: 1. Qua khả"
BDS-MASTER-0106,Holiday Beach,no_map_link_matched,2025-04-16,,,,,batch_099.txt; batch_169.txt; batch_171.txt; batch_454.txt,"[] P.ĐT xin báo cáo Sếp Admin 01 FS dự án Holiday Beach theo phương án kết hợp Khách sạn và Condotel, như sau: I. TỔNG QUAN DỰ ÁN VÀ CƠ CẤU SẢN PHẨM: Quy mô xây dựng: 2 tầng hầm, 30 tầng nổi, tổng diện tích GFA gồm hầm 75.913 m2. Tỷ lệ diện tích thương phẩm 43.702 m2 ~ 58%/GFA gồm hầm, ~ 66%/GFA chưa hầm. II. TỔNG MỨC ĐẦU TƯ DỰ KIẾN Tổng mức đầu tư (bao gồm VAT) được dự kiến xây dựng hoàn thiện tiêu chuẩn 5 sao. III. PHÂN BỔ GIÁ VỐN VÀ TÍNH GIÁ HÒA VỐN: Cơ cấu giá vốn/m2 thương phẩm Giá vốn phân bổ cho từng loại sản phẩm: Do tổng diện tích kinh doanh gồm nhiều loại hình (bán, cho thuê, shop, condotel), với giả định các sản phẩm có khả năng tạo ra dòng tiền cao hơn sẽ gánh tỷ trọng giá vốn lớn hơn nên áp dụng phương pháp Phân bổ giá vốn của từng loại sản phẩm theo doanh thu ước tính để có tỷ lệ phù hợp, từ đó làm cơ sở để tính toán giá hòa vốn cho từng loại hình sản phẩm. Giá hòa vốn khác"
BDS-MASTER-0424,Holiday Beach - 14,no_map_link_matched,,,,,,batch_099.txt,"[] Phòng xin gửi đính kèm báo cáo lời và bảng trình bày + Bảng FS. Trân trọng, BC Trinh bay - DA Holiday Beach - 14.05.2026.pdf BC lời DA Holiday Beach - 14.5.2026.pdf FS Holiday Beach - PA Condotel + Hotel 14.5.2026.pdf Message by Admin 01"
BDS-MASTER-0244,Hoàng Cát Center,no_map_link_matched,2024-10-16,,,Bình Dương,,batch_629.txt,"[2024-10-16] Thao L - INVT 10/16/2024 2:30 PM Translate KĐT báo cáo anh Mr Mike1 -CEO về dự án Hoàng Cát Center, cập nhật bổ sung như sau: I. TIỀN CHUYỂN MỤC ĐÍCH SỬ DỤNG ĐẤT 1. Thời điểm tính tiền sử dụng đất: 2022 Quyết định 230/QĐ-UBND ngày 19/01/2022 do UBND tỉnh Bình Dương ban hành Về việc cho phép chuyển mục đích sử dụng đất để thự hiện dự án Hoàng Cát Center => Theo như Luật đất đai 2024, thời điểm định giá tính tiền sử dụng đất là thời điểm cho phép chuyển mục đích sử dụng đất => Tiền sử dụng đất được tính vào thời điểm năm 2022 - năm thị trường ổn định và đơn giá bán áp dụng vào phương pháp thăng dư khá cao. Tuy nhiên, hiện P.ĐT đang để đơn giá bán là 9tr/m2 gồm VAT đã khá thấp so với giá thị trường năm 2022. 2. Tiền sử dụng đất ở hoàng Cát Center: 120 tỷ ~ 3.3tr/m2 thương phẩm năm 2022 Một ví dụ so sánh khác: Dự án Khu nhà ở Bình Mỹ 2 tại Bình Mỹ, Bắc Tân Uyên, Bình Dương + Văn"
BDS-MASTER-0425,IRR thấp hơn ạ,no_map_link_matched,,,,,,batch_143.txt,"[] Dạ do đất ở lâu dài, sau khi hết thời hạn vận hành, thì giá trị quyền sử dụng đất vẫn còn nguyên, nên phòng đầu tư mới đề xuất tính them 1 phương không có đất vào. Đối với phương án tính đất, Phòng Đầu tư đang giả định giá đất chỉ tăng có 5%, dẫn đến hiệu quả dự án IRR thấp hơn ạ."
BDS-MASTER-0158,KCN Phước An tại xã Phước An,no_map_link_matched,2025-05-15,,"xã Phước An, huyện Nhơn Trạch, tỉnh Đồng Nai Định vị: KCN Phước An Giai đoạn 1+2 và Giai đoạn 3 – Cảng Phước An Diện tích: - Giai đoạn 1: 330 ha - Giai đoạn 2: 220 ha - Giai đoạn 3: 183 ha => Tổng 3 giai đoạn: 733 ha Mục",Đồng Nai,Nhơn Trạch,batch_409.txt,"[2025-05-15] Khang Do - CVDT 5/15/2025 5:11 PM Translate P. ĐT báo cáo anh Mr Mike1 -CEO về dự án KCN Phước An tại xã Phước An, huyện Nhơn Trạch, tỉnh Đồng Nai như sau: 1. THÔNG TIN TỔNG QUAN Tên dự án: Khu công nghiệp Phước An Vị trí: xã Phước An, huyện Nhơn Trạch, tỉnh Đồng Nai Định vị: KCN Phước An Giai đoạn 1+2 và Giai đoạn 3 – Cảng Phước An Diện tích: - Giai đoạn 1: 330 ha - Giai đoạn 2: 220 ha - Giai đoạn 3: 183 ha => Tổng 3 giai đoạn: 733 ha Mục đích sử dụng đất: SKK – Khu công nghiệp (dịch vụ hậu cần cảng) đối với Giai đoạn 1+2 và DGT – Cảng Phước An đối với Giai đoạn 3. Khu Công nghiệp - Dịch vụ hậu cần cảng gồm: dịch vụ nâng hạ, vệ sinh container, kiểm tra sửa chữa container, và cho thuê kho bãi. Không phải cho thuê đất làm KCN. Thời gian sử dụng: 21/08/2059 (còn 34 năm) Thị trường xung quanh 2. PHÁP LÝ DỰ ÁN (i) Pháp lý đất: chưa có GCN QSDĐ, chỉ có Hợp đồng thuê đất với diện "
BDS-MASTER-0214,KDC Đại Nam,no_map_link_matched,2024-10-02,,"dự án : Mặt tiền QL13, Chơn Thành, Bình Phước - Chủ đầu tư : Đại Nam - Quy mô : 96,7ha - 2.459 lô - Loại hình : Phân lô bán nền - Năm mở bán : 2018 – block A - Pháp lý : Đã có GCNQSDĐ từng lô - Hiện trạng : Hạ tầng kỹ th",,,batch_642.txt,"[2024-10-02] Thao L - INVT 10/2/2024 3:47 PM Edited Translate K.ĐT báo cáo anh Mr Mike1 -CEO về thị trường dự án KDC Đại Nam như sau: I. THÔNG TIN DỰ ÁN: - Vị trí dự án : Mặt tiền QL13, Chơn Thành, Bình Phước - Chủ đầu tư : Đại Nam - Quy mô : 96,7ha - 2.459 lô - Loại hình : Phân lô bán nền - Năm mở bán : 2018 – block A - Pháp lý : Đã có GCNQSDĐ từng lô - Hiện trạng : Hạ tầng kỹ thuật đã hoàn thiện 90% Hạ tầng xã hội chưa hoàn thiện II. THÔNG TIN THỊ TRƯỜNG: - Hiện trạng: + Giao dịch trên thị trường rất chậm và ít, chủ yếu là do nhà đầu tư cá nhân phải bán tháo, cắt lỗ với mức giá thấp để thu hồi vốn. + Hiện rất ít dân cư. + Đơn giá đất tại dự án giảm khoảng 20% - 30% so với năm 2022. - Đơn giá đất tại dự án: + Q3.2024 : 7 - 9tr/m2 (tùy thuộc vào vị trí) + Q2.2022 : 10 - 11tr/m2 (tùy thuộc vào vị trí) => Giảm 20% - 30% 2024.10.02 KDC Đại Nam.pdf Vào phòng họp em mở màn hình lớn nhé. giờ l"
BDS-MASTER-0345,KDC Đại Nam T01,no_map_link_matched,2025-01-20,,"đường 2. Về Giá thị trường: - Đơn giá thị trường của dự án khảo sát vào T10.2024 đến hiện tại T01.2025 không có sự thay đổi, giao dịch chuyển nhượng ít - Đơn giá thị trường T01.2025 dao động từ 7tr - 10tr/m2 tùy vị trí đ",,,batch_542.txt,"[2025-01-20] Thao L - INVT 1/20/2025 11:49 AM Edited Translate K.ĐT báo cáo anh Mr Mike1 -CEO về việc Cập nhật lại thị trường dự án KDC Đại Nam T01.2025 như sau: 1. Về Bảng giá đất nhà nước: - Đơn giá nhà nước năm 2025 tăng khoảng 1tr/m2 so với năm 2024 - Đơn giá nhà nước năm 2025 dao động từ 5tr - 8tr/m2 tùy vị trí đường 2. Về Giá thị trường: - Đơn giá thị trường của dự án khảo sát vào T10.2024 đến hiện tại T01.2025 không có sự thay đổi, giao dịch chuyển nhượng ít - Đơn giá thị trường T01.2025 dao động từ 7tr - 10tr/m2 tùy vị trí đường - Đơn giá nhà nước và thị trường hiện tại khá tiệm cận nhau và khoảng chênh lệch thấp Tính ra đi mua ở đây là còn rẻ hơn tự đi là... by Unknown User"
BDS-MASTER-0346,Khu Chung Cư & Văn Phòng An Phú 2,no_map_link_matched,,,,,,batch_178.txt,[] Dạ P.ĐT xin gửi sếp Admin 01 file trình bày ạ Dự Án Khu Chung Cư & Văn Phòng An Phú 2.pdf Ủa được duyệt dân số đó là cho toàn khu hã by Admin 01
BDS-MASTER-0216,Khu du lịch,no_map_link_matched,2025-02-28,,"giữa 2 khu đất trên, NVL đã thực hiện nộp thêm 53 tỷ (tiền chênh lệch) và được ghi nhận vào năm 2016. Như vậy đối với nghĩa vụ tiền sử dụng đất phải nộp để thực hiện dự án NOTM Lakeview, NVL đã bỏ ra tiền bồi thường giải",TP.HCM,,batch_511.txt,"[2025-02-28] Huy M - IM 2/28/2025 11:55 AM Translate Liên quan đến vấn đề giải quyết vướng mắc cho CĐT Novaland tại 2 dự án 30.2 Bình Khánh (Waterbay) và 30.1 ha Nam Rạch Chiếc (Lakeview): Nguồn gốc: Năm 2004, NN giao đất khu Waterbay cho công ty Thế kỷ 21 (công ty con của NVL) để thực hiện dự án Khu du lịch, văn hóa, giải trí. Năm 2008, NVL đã hoàn thành bồi thường giải phóng mặt bằng theo QĐ giao đất năm 2004 Năm 2016, TP.HCM xác định khu dự án Waterbay là 1 phần trong khu tái định cư Thủ Thiêm do đó không thể thực hiện dự án NOTM. Để giải quyết cho NVL, TP.HCM đã hoán đổi cho NVL khu đất 30.1ha Nam Rạch Chiếc mà sau này NVL triển khai dự án NOTM tên là Lakeview City. Song song với việc hoán đổi nêu trên, UBND TP.HCM có qđ xác định thời điểm định giá đất cho cả 2 khu Waterbay và Lakeview là vào năm 2008. Căn cứ vào đó, sau khi xác định giá trị quyền sử dụng đất và giá trị chênh lệch vị"
BDS-MASTER-0187,KĐT An Phú – PG (nguồn từ Ý-Pháp Chế) 1,no_map_link_matched,,,"P.An Phú, Thuận An, Bình Dương (cách Phú Gia Khiêm 1km, cách Fenica 2.5 km) Quy mô: - 3 tháp cao tầng (30 tầng): 1874 căn hộ ở, 504 officetel, 17 shophouse - 55 căn nhà phố thấp tầng - Dân số 3.899. 2. Pháp lý: Đã có quy",Bình Dương,,batch_254.txt,"[] P.ĐT Báo cáo Mr Mike1 -CEO đánh giá sơ bộ dự án KĐT An Phú – PG (nguồn từ Ý-Pháp Chế) 1. Thông tin dự án: Diện tích: 3ha Vị trí: P.An Phú, Thuận An, Bình Dương (cách Phú Gia Khiêm 1km, cách Fenica 2.5 km) Quy mô: - 3 tháp cao tầng (30 tầng): 1874 căn hộ ở, 504 officetel, 17 shophouse - 55 căn nhà phố thấp tầng - Dân số 3.899. 2. Pháp lý: Đã có quyết định chủ trương đầu tư (phê duyệt tháng 06/2025), P.ĐT đang phối hợp để lấy thêm thông tin pháp lý khác. 3. Giá chào: 730 tỷ (cam kết pháp lý đến 1/500 và sẽ thiết kế 1/500 theo ý người mua) 4. Đánh giá thị trường:"
BDS-MASTER-0289,Long Tân đến nay là khoảng 871 tỷ,no_map_link_matched,,,,,,batch_447.txt; batch_495.txt,"[] Dạ thông tin đã đền bù 183 ha được DIG công bố trên bản cáo bạch và báo cáo thường niên công ty ạ Theo đó, DIG đang ghi nhận giá vốn cho dự án Long Tân đến nay là khoảng 871 tỷ, tiền tạm ứng bồi thường khoảng 2.656 tỷ ạ. về quan điểm PĐT, vì chúng ta chưa biết rõ cơ cấu đất của dự án nên đang tạm lấy giá đất lúa (quan sát hiện trạng qua maps) để đảm bảo đánh giá mức giá thấp và thận trọng nhất ạ Tính giá thị trường khu này giờ phải 4tr/m ... by Unknown User --- [] Dạ thông tin đã đền bù 183 ha được DIG công bố trên bản cáo bạch và báo cáo thường niên công ty ạ Theo đó, DIG đang ghi nhận giá vốn cho dự án Long Tân đến nay là khoảng 871 tỷ, tiền tạm ứng bồi thường khoảng 2.656 tỷ ạ. về quan điểm PĐT, vì chúng ta chưa biết rõ cơ cấu đất của dự án nên đang tạm lấy giá đất lúa (quan sát hiện trạng qua maps) để đảm bảo đánh giá mức giá thấp và thận trọng nhất ạ Tính giá thị trường khu này g"
BDS-MASTER-0062,Lô đất Phú Thọ Hòa Tân Phú,no_map_link_matched,,,"và ranh dự án: Bản đồ không có tiêu đề - Google My Maps b. Sơ bộ hiện trạng pháp lý: Tổng diện tích khu đất theo Sổ cấp 2018 là 7.276,8 m2, trong đó có 6.824,3 m2 đất ở lâu dài, 452,5 m2 đất CLN thuộc Lộ giới đường Bưng",TPHCM,,batch_299.txt,"[] P.ĐT báo cáo Sếp Mr Mike1 -CEO về khu đất 7.276 m2 tại đường Bưng Ông Thoàn, P. Phú Hữu, TPHCM (nguồn từ Mr Nhật - Phòng PTQĐ) như sau: 1. Tóm tắt sơ bộ hiện trạng pháp lý dự án: a) Vị trí và ranh dự án: Bản đồ không có tiêu đề - Google My Maps b. Sơ bộ hiện trạng pháp lý: Tổng diện tích khu đất theo Sổ cấp 2018 là 7.276,8 m2, trong đó có 6.824,3 m2 đất ở lâu dài, 452,5 m2 đất CLN thuộc Lộ giới đường Bưng Ông Thoàn. LƯU Ý: Trong GCN (năm 2018) chủ nợ tiền sử dụng đất ~16,5 tỷ đồng. Pháp lý đầu tư: Chưa thực hiện QĐ chủ trương đầu tư và các thủ tục pháp lý đầu tư khác. Pháp lý đất: Có nguồn gốc đất cá nhân, phù hợp để phát triển dự án nhà ở. Pháp lý QH: Diện tích phù hợp QH còn 6.800 m2 (có khoảng 450 m2 đất lộ giới). Thuộc Ô phố OD11 : + Tầng cao 20 tầng; Hệ số cơ bản 6 lần (có thể tăng thêm 1,5 lần nếu áp dụng hệ số ưu tiên) + Dân số toàn ô 1.088 dân/3,22 ha => dân số của khu đất kho"
BDS-MASTER-0350,PGK,no_map_link_matched,2024-09-17,,,,,batch_662.txt,[2024-09-17] Trieu Nguyen-PTDT 9/17/2024 5:02 PM Translate Em gửi anh Mr Mike1 -CEO cập nhật hiệu quả dự án PGK theo phương án 900 tỷ Hình ảnh load ko đc. by Unknown User
BDS-MASTER-0135,PGK phương án 900 tỷ,no_map_link_matched,2024-09-17,,,,,batch_658.txt,"[2024-09-17] Trieu Nguyen-PTDT 9/17/2024 5:27 PM Edited Translate Em gửi anh hiệu quả dự án PGK phương án 900 tỷ: + LNTT / TMĐT : 14,15% + NPV = -10 tỷ + IRR = 10,7% + Thời gian hoàn vốn: 4,75 năm => Dự án chưa đạt hiệu quả đầu tư Giá vốn bao nhiêu thì ổn, em cho chạy các m... by Unknown User"
BDS-MASTER-0219,Phú Gia Khiêm,no_map_link_matched,2024-09-18,,,Bình Dương,,batch_657.txt; batch_667.txt,"[2024-09-18] Trieu Nguyen-PTDT 9/18/2024 11:38 AM Translate Em gửi anh Mr Mike1 -CEO bảng so sánh mức giá vốn dự án Phú Gia Khiêm. Với mức giá chuyển nhượng 700 tỷ thì dự án đạt hiệu quả theo chỉ tiêu Lợi nhuận trước thuế / Tổng mức đầu tư đạt 20% Diễn giải từng cái ra nha. A ko xem hình đc by Unknown User --- [2024-09-17] Trieu Nguyen-PTDT 9/17/2024 3:56 PM Edited Translate KĐT gửi anh Mr Mike1 -CEO báo cáo cập nhật hiệu quả dự án Phú Gia Khiêm, Thuận An, Bình Dương được tính toán theo giá chuyển nhượng dự án 700 tỷ và 1100 tỷ: A/ Các thông số tính toán: 1/ Suất đầu tư xây dựng (cung cấp bởi phòng QS): a) Dự toán chi phí xây dựng cho các công trình của dự án theo phân khúc B: Tổng 2.840 tỷ đồng + Suất xây dựng chung cư (bao gồm các loại chi phí): 12.788.000 đồng/m2 + Suất xây dựng Officetel (bao gồm các loại chi phí): 13.046.000 đồng/m2 b) Dự toán chi phí xây dựng theo QĐ 510/BXD dùng đ"
BDS-MASTER-0427,Phú Gia Khiêm và Phú Quang,no_map_link_matched,2024-10-14,,,,,batch_632.txt,"[2024-10-14] Thao L - INVT 10/14/2024 3:02 PM Edited Translate K.ĐT gửi anh Mr Mike1 -CEO thông tin về đơn giá chi phí hạ tầng, cảnh quan 02 dự án Phú Gia Khiêm và Phú Quang như sau: Thử cho QS tính em by Unknown User"
BDS-MASTER-0162,Phú Gia Khiêm với 02 phương án,no_map_link_matched,2025-10-01,,,,,batch_284.txt,"[2025-10-01] Thao L - INVT 10/1/2025 5:49 PM Translate K.ĐT gửi anh Mr Mike1 -CEO về cập nhật dự án Phú Gia Khiêm với 02 phương án như sau: A. PHƯƠNG ÁN CĂN HỘ + DÃY SHOPHOUSE LIỀN KỀ (CHUYỂN OFFICETEL THÀNH THẤP TẦNG) 1. TỔNG CHI PHÍ DỰ ÁN (VAT): 5,025 tỷ - Tổng mức đầu tư: 3,883 tỷ, trong đó: + Chi phí tiền sử dụng đất thấp nhất: 712 tỷ (Đơn giá đóng TSDĐ của PGK gấp 4 lần đơn giá Nhà nước đường Bình Chuẩn 67 = tỷ lệ giữa đơn giá theo văn bản Phê duyệt đơn giá đất để tính TSDĐ của dự án A&K vào Q1.2025 và đơn giá nhà nước đoạn đường tọa lạc của dự án A&K = 4 lần) – Tạm tính vào thời điểm 2025 + Suất xây dựng căn hộ allin (VAT): 13tr/m2 sàn + Suất xây dựng Shophouse liên kế (VAT): 6tr/m2 sàn - Chi phí bán hàng (VAT) : 787 tỷ ~ 17% Doanh thu chưa VAT 2. TỔNG DOANH THU DỰ ÁN (VAT): 5,187 TỶ - Đơn giá trung bình căn hộ (chưa VAT, tim tường): 42.5tr/m2 sàn - Đơn giá trung bình Shophouse khố"
BDS-MASTER-0087,Phú Quang cập nhật,no_map_link_matched,2025-04-25,,,,,batch_430.txt,"[2025-04-25] Khoa L - INVT 4/25/2025 6:04 PM Edited Translate P.Đầu tư Báo cáo anh Mr Mike1 -CEO về hiệu quả dự án Phú Quang cập nhật theo phương án quy hoạch mới nhất (18.051 dân) 1. Thông tin quy hoạch: Hệ số sử dụng đất: 6,41 - 7,69 Cơ cấu sử dụng đất: Tổng diện tích 32 ha Diện tích cây xanh cảnh quan: 14,4 ha Diện tích đất thương phẩm: 17 ha Đất thấp tầng: 4,5 ha Đất chung cư NOXH: 2,8 ha Đất chung cư NOTM: 5,8 ha Cơ cấu diện tích sàn thương phẩm: Chung cư NOXH: 129.874 m2 Chung cư NOTM: 323.986 m2 2. Hiệu quả dự án: Dựa trên thông tin giá bán, suất thay đổi không thay đổi so với các đợt báo cáo trước. Hiệu quả dự án như sau: Lợi nhuận trước thuế: 18.522,6 tỷ LNTT/TMĐT: 56,37% NPV: 4.286 tỷ IRR: 25,72% 3. So sánh phương án quy hoạch mới (18.051 dân) với phương án 19.646 dân: Bảng so sánh với diện tích đất và thương phẩm của 2 phương án: Bảng so sánh P&L của 2 phương án: Với phương án"
BDS-MASTER-0292,Phú Đông premier gần PH đang bán giá 37 39,no_map_link_matched,2024-12-12,,,,,batch_573.txt; batch_574.txt,"[2024-12-12] Huy M - IM 12/12/2024 8:47 AM Về phần xây dựng thì dự án Phú Đông premier gần PH đang bán giá 37 39, A Sơn trợ lý trướ… Ok Huy nhé, áp giá 12.05 cũng ổn vì đã có dự phòng phí 5%. OK Anh nhé. by Huy M - IM --- [2024-12-12] Thoi L - ASST. 12/12/2024 8:37 AM Huy Mai-PTDTAnh đã xem nhanh các chi phí dự trù; nếu bên người bán lo pháp lý đến khi có gpxd thì… Về phần xây dựng thì dự án Phú Đông premier gần PH đang bán giá 37 39, A Sơn trợ lý trước đây có cho hay là suất xây lắp thiết bị gồm VAT của họ là 9.5 tr/m2 à tính all in thì họ chưa tới 11 tr/m2 Link https://vnexpress.net/chu-tich-nam-lon... by Huy M - IM"
BDS-MASTER-0112,Phượng Hoàng,no_map_link_matched,2025-08-20,,,,,batch_264.txt; batch_291.txt; batch_319.txt; batch_326.txt; batch_340.txt; batch_393.txt; batch_408.txt; batch_447.txt; batch_573.txt,"[2025-08-20] Thao L - INVT 8/20/2025 9:01 PM Translate K.ĐT báo cáo anh Mr Mike1 -CEO về cập nhật dự án Phượng Hoàng như sau: - Chi phí nhà mẫu: 14.5 tỷ (phương án cũ 12 tỷ) - Chi phí XD chung cư: 618.8 tỷ - Chi phí lãi vay: không thay đổi nhiều (Phương án mới lãi suất giảm còn 6.5%, tuy nhiên chi phí xây dựng cao. Phương án cũ lãi suất 7% - 8%, tuy nhiên chi phí xây dựng thấp) - Chi phí bán hàng theo Mr. Cường đề xuất: 15% đã bao gồm 27 tỷ chi phí hỗ trợ lãi suất cho người mua (phương án cũ: 15% nhưng chưa bao gồm chi phí hỗ trợ lãi suất) - FS tính dựa theo Phương án thanh toán chuẩn Mr. Cường đề xuất: - Hiệu quả tài chính: + Lợi nhuận trước thuế/TMĐT: 8.2% (nếu tiết giảm được 5% chi phí xây dựng chung cư khi đấu thầu xây dựng thì Lợi nhuận trước thuế/TMĐT: 11.9%) + Lợi nhuận trước thuế/VCSH: 25% *Hiện Mr. Cường đã lên 07 phương án thanh toán, tuy nhiên chưa chi tiết: - Kế hoạch kinh do"
BDS-MASTER-0191,Phụ trách Lâm Đồng và P,no_map_link_matched,2025-04-17,,tiềm năng để thực hiện. Em đề xuất tổ chức họp bao gồm PLDA - Phụ trách Lâm Đồng và P. QH triển khai nghiên cứu và hướng đi pháp lý nhé. OK a sẽ trao đổi với Gđ Minh họp sớm. by Thoi L - ASST.,,,batch_452.txt,"[2025-04-17] Huy M - IM 4/17/2025 11:51 AM Translate Thoi -Tro Ly GD Liên quan đến nội dung nghiên cứu các tài sản của DLR để làm khách sạn, em đã trao đổi với Anh David xác định các vị trí tiềm năng để thực hiện. Em đề xuất tổ chức họp bao gồm PLDA - Phụ trách Lâm Đồng và P. QH triển khai nghiên cứu và hướng đi pháp lý nhé. OK a sẽ trao đổi với Gđ Minh họp sớm. by Thoi L - ASST."
BDS-MASTER-0136,Richland,no_map_link_matched,,,,,Quận 9,batch_004.txt,"[] Phòng Đầu tư xin báo cáo Sếp Admin 01 về cập nhật dự án Richland, diện tích 4,8 ha đường Lê Văn Việt, Quận 9 cũ như sau: I. Tóm tắt tình trạng pháp lý dự án: Diện tích đất thực hiện dự án là 48.380 m2, trong đó diện tích đất có Giấy chứng nhận là 38.528 m2 (gồm 4 sổ là đất ở đô thị, lâu dài), còn thiếu khoảng 9.852 m2 đất chưa có thông tin. Dự án đã được cấp GPXD năm 2008, đã xây dựng móng và hầm đến nay gần 18 năm. => không còn sử dụng được và phải tốn thêm chi phí phá dỡ công trình. Dự án chưa hoàn thành nghĩa vụ tài chính dự án theo chỉ tiêu QH được phê duyệt thời điểm 2008. Dự án thời điểm này chưa phải dành ra 20% diện tích làm Nhà ở xã hội, và hiện trạng có đường dây điện cao thế ngang qua khu đất cũng là điểm hạn chế và có thể phải phát sinh thêm chi phí hạ ngầm đường điện cao thế. II. Tóm tắt chỉ tiêu Quy hoạch: Diện tích đất toàn khu: 48.379,59 m2 Hệ số sử dụng đất toàn khu: "
BDS-MASTER-0251,"SADACO - Phú Mỹ""",no_map_link_matched,2025-03-27,,"dự án SADACO: Tọa lạc mặt tiền đường Tô Nguyệt Đình, phường Mỹ Xuân, TP. Phú Mỹ, tỉnh Bà Rịa - Vũng Tàu Dự án giáp ranh tỉnh Bà Rịa Vũng Tàu và tỉnh Đồng Nai Cách UBND TP. Phú Mỹ khoảng 12km Cách sân bay Quốc tế Long Thà","Bà Rịa - Vũng Tàu và đánh giá dự án SADACO - Phú Mỹ"" như sau: 1/ Vị trí dự án SADACO: Tọa lạc mặt tiền đường Tô Nguyệt Đình",Long Thành,batch_485.txt,"[2025-03-27] Sinh Nguyen-Dau Tu 3/27/2025 8:41 AM Translate KĐT gửi anh Mr Mike1 -CEO về ""Nhận định tiềm năng phát triển của TP. Phú Mỹ, tỉnh Bà Rịa - Vũng Tàu và đánh giá dự án SADACO - Phú Mỹ"" như sau: 1/ Vị trí dự án SADACO: Tọa lạc mặt tiền đường Tô Nguyệt Đình, phường Mỹ Xuân, TP. Phú Mỹ, tỉnh Bà Rịa - Vũng Tàu Dự án giáp ranh tỉnh Bà Rịa Vũng Tàu và tỉnh Đồng Nai Cách UBND TP. Phú Mỹ khoảng 12km Cách sân bay Quốc tế Long Thành khoảng 20km Cách cảng Cái Mép - Thị Vải khoảng 15km 2/ Nhận định về tiềm năng phát triển của TP. Phú Mỹ, tỉnh Bà Rịa - Vũng Tàu 2.1/ Hạ tầng giao thông: 2.2/ So sánh bất động sản KCN Miền Nam 2.3/ So sánh Cảng Cái Mép - Thị Vải và Cảng Hải Phòng: 3/ Đánh giá dự án SADACO: Dự án nằm ở vị trí thuận lợi, có nhiều tiềm năng phát triển trong tương lai 4/ Nhận định và đề xuất: 4.1/ Nhận định: Khu vực có tiềm năng phát triển vượt bậc trong tương lai nhờ kế hoạch sáp"
BDS-MASTER-0352,Serene Đà Nẵng với những nội dung sau,no_map_link_matched,,,,Đà Nẵng,Phú Quốc,batch_220.txt; batch_221.txt,"[] Kính gửi Admin 01 , P.ĐT báo cáo hiệu q... by Unknown User Thanh L - INVT 1/13 2:31 PM Edited Translate Kính gửi Admin 01 , P.ĐT báo cáo hiệu quả dự án Serene Đà Nẵng với những nội dung sau: I/ TÓM TẮT NHỮNG NỘI DUNG NGHIÊN CỨU SƠ BỘ CỦA P.ĐT VỀ 2 LOẠI HÌNH KHÁCH SẠN Luxury Hotel + Luxury Hotel là loại hình khách sạn có concept tập trung vào tính nhất quan và tiện nghi tiêu chuẩn, được đầu tư thiết bị hiện đại và cao cấp nên không dễ lỗi thời khi xu hướng thị hiếu thay đổi. + Có chu kỳ cải tạo dài hơn thường là 7-10 năm cho một đợt nâng cấp lớn. Thiết kế cao cấp, hiện đại giúp tài sản ít bị lỗi mốt, và các yêu cầu cải tạo thường tuân theo lộ trình bắt buộc của thương hiệu. + Phù hợp đầu tư các tỉnh thành lớn và khu du lịch cao cấp như : Tp.HCM, Đà Nẵng, Nha Trang, Phú Quốc, Hà Nội…. LifeStyle Hotel + Life Style Hotel là loại hình khách sạn có concept tập trung vào trải nghiệm, dễ lỗi "
BDS-MASTER-0353,Swanbay 456ha hiện Dic đã chuyển,no_map_link_matched,2023-06-03,,,,Q.3,batch_872.txt,"[2023-06-03] Huy M - IM 6/3/2023 11:32 AM Trước đây team cũng có giá thị trường của 2 khu vào Q.3/2022 nên sẽ cập nhật thêm giá hiện tại để có so sánh giá Giờ thấy chủ đầu tư rao cắt lỗ hạ giá tùm lum hết mà, sao lại khó kiếm thông tin vậy hã Bên dự án Swanbay 456ha hiện Dic đã chuyển ... by Huy M - IM"
BDS-MASTER-0356,Vignette Collection đến Hội An Khách sạn Moire Hội An,no_map_link_matched,2024-07-08,,,,Hội An,batch_679.txt,"[2024-07-08] Huy M - IM 7/8/2024 8:58 AM https://baodautu.vn/ihg-dua-thuong-hieu-khach-san-vignette-collection-den-hoi-an-d219176.html IHG đưa thương hiệu khách sạn Vignette Collection đến Hội An Khách sạn Moire Hội An, Vignette Collection sẽ chính thức được ra mắt tại đô thị cổ Hội An - di sản UNESCO vào năm nay, theo thỏa thuận chuyển đổi hợp tác quản lý giữa IHG với Công ty cổ phần Ngọc ... baodautu.vn"
BDS-MASTER-0357,Võ Văn Kiệt,no_map_link_matched,,,,Đà Nẵng,,batch_377.txt; batch_427.txt,"[] P.ĐT báo cáo Sếp Mr Mike1 -CEO về dự án Võ Văn Kiệt, Đà Nẵng như sau: 1. THÔNG SỐ QUY HOẠCH Trên cơ sở thông số chỉ tiêu cho khu đất tại Võ Văn Kiệt: Diện tích đất: 2.013,5 m2 Dân số: 523 dân (32m2/dân) (theo anh Hiếu cập nhật ngày 17/6/2025) MĐXD: 60% Tầng cao: 38 tầng Hệ số sử dụng đất: 12,8 lần --- [] P.ĐT báo cáo Sếp Mr Mike1 -CEO về dự án Võ Văn Kiệt, Đà Nẵng như sau: 1. THÔNG SỐ QUY HOẠCH Trên cơ sở thông số chỉ tiêu cho khu đất tại Võ Văn Kiệt: Diện t"
BDS-MASTER-0298,a có trao đổi về việc,no_map_link_matched,,,,,,batch_098.txt; batch_161.txt,[] Huy M - IM 5/14 6:20 PM Translate Hiện tại holiday mình chỉ còn tới khoảng 2060 or 2058. Nếu làm pháp lý và xây dựng xong mất 4 năm tầm 2030 thì. Condotel chỉ còn lại 28 30 năm thì chưa bàn tới giá bán vs số năm này thì ko ai mua condotel. Nobu còn 32 năm theo a là 1 trong những lý do key họ bán chậm. Nên trong bài này là mình giả định sẽ reset lại được lại 50 năm từ bây giờ và đang tạm tính đóng thêm tiền sử dụng đất khoảng hơn 200 tỷ thì mới làm đc pa condotel. Nếu ko reset được thì chỉ có pa là xây ks vận hành cho thuê. Chứ condotel thì thua à Mấy lần họp pl dự án a có trao đổi về việc ... by Huy M - IM --- [] Huy M - IM 5/14 6:20 PM Translate Hiện tại holiday mình chỉ còn tới khoảng 2060 or 2058. Nếu làm pháp lý và xây dựng xong mất 4 năm tầm 2030 thì. Condotel chỉ còn lại 28 30 năm thì chưa bàn tới giá bán vs số năm này thì ko ai mua condotel. Nobu còn 32 năm theo a là 1 trong nh
BDS-MASTER-0075,chung cư Hòa Xuân (A2-3 & A2-4) 1,no_map_link_matched,,,,,,batch_172.txt,"[] P.ĐT báo cáo sếp hiệu quả dự án chung cư Hòa Xuân (A2-3 & A2-4) 1. Thông tin tổng quan a) Diện tích: 6.648 m2; Trong đó: + A2-3: 3.508 m2 + A2-4: 3.140 m2 b) Quy hoạch theo QHPK mới: + A2-3: 18 tầng, 880 dân, mđxd 73%, hệ số 12.4 (Thiết kế đc 12.4) + A2-4: 15 tầng, 804 dân (thiết kế được 682) , mđxd 76%, hệ số 12.2 (thiết kế được 10.6) 2. Hiệu quả: a) Giả định kinh doanh (tham chiếu báo cáo từ RnD): + Giá bán căn hộ: 55 – 60 tr/m2 (chưa VAT tim tường) + Giá bán shop: 80 tr/m2 (chưa VAT tim tường) + Nhà trẻ: cho thuê 3.5$/m2/tháng + Chi phí bán hàng: 19 %/doanh thu b) Giả định xây dựng: + Suất xây dựng: 13tr./m2 (gồm VAT), trang bị nội thất liền tường. + Suất Đầu tư all in: 15tr/m2 + Chi phí pháp lý: 36 tỷ (dành cho gđ xin GPXD, nghiệm thu, ra sổ) + Ls: 12%/năm c) Hiệu quả kinh doanh: LNTT: 956 tỷ LNST: 765 tỷ NPV: 512 tỷ IRR: 141% LNTT/TMĐT: 49,1% 300126_R D_De xuat PA phat trien 2 lo"
BDS-MASTER-0495,chư by Admin 01,no_map_link_matched,,,,,,batch_049.txt,"[] Thao L - INVT 6/2 3:24 PM Translate Ngoài ra, theo thông lệ, tăng lên 1 tầng thì SĐT/m2 sàn sẽ tăng khoảng 0.5% ạ => tăng từ 30 tầng lên 40 tầng thì SĐT/m2 sàn sẽ tăng khoảng 5% Làm phương án max để rao bán toàn dự án chư by Admin 01"
BDS-MASTER-0223,có một số hạn chế như,no_map_link_matched,,,,,,batch_213.txt,"[] Phòng có chạy độ nhạy để đạt tỷ lệ LNTT/TMĐT mục tiêu 20% thì giá bán căn hộ bình quân tương ứng từ 75 tr/m2 chưa VAT. Mức giá này theo nhận định của phòng Đầu tư và R&D thì khó có thể đạt được trong điều kiện thị trường hiện tại do khu đất có một số hạn chế như: diện tích nhỏ, không có view biển, cách biển khoảng 350 m và bị che tầm nhìn bởi nhiều tòa nhà cao tầng phía biển đường Trần Phú. Giá bán căn hộ bình quân từ 75 triệu chưa VAT có thể đạt khi thị trường căn hộ ở Nha Trang trong thời gian tới có tỷ lệ tăng giá mạnh mẽ từ ít nhất từ >20% trở lên."
BDS-MASTER-0224,có vị trí gần với Fenica và Phú Gia Khiêm,no_map_link_matched,,,"và nguồn cung khu vực. (đính kèm dưới) Cụ thể, dự án có vị trí gần với Fenica và Phú Gia Khiêm. Đây là khu vực có mật độ dân số và tốc độ đô thi hóa cao. Xung quanh tập trung nhiều nhà xưởng, nhà máy, KCN và các dự án ca",,,batch_254.txt; batch_313.txt,"[] P.ĐT đã chuẩn bị file file đánh giá sơ bộ vị trí và nguồn cung khu vực. (đính kèm dưới) Cụ thể, dự án có vị trí gần với Fenica và Phú Gia Khiêm. Đây là khu vực có mật độ dân số và tốc độ đô thi hóa cao. Xung quanh tập trung nhiều nhà xưởng, nhà máy, KCN và các dự án cao tầng. Nguồn cung khu vực tính bán kính 4km từ tâm dự án là ~ 10k căn hộ. Do đó mức độ cạnh tranh trong tương lai khoảng 2-3 năm tới là tương đối cao. Bên cạnh đó dự án còn có hơn 500 căn officetel, một sản phẩm mới đang được hầu hết các CĐT áp dụng kèm trong các chung cư, khác với sản phẩm căn hộ ở truyền thống, khả năng hấp thụ officetel này vẫn còn là dấu hỏi. P.ĐT đề xuất tạm thời theo dõi thêm dự án này và đợi xem khả năng hấp thụ của các dự án lân cận để đánh giá đưa ra quyết định kỹ hơn. --- [] P.ĐT đã chuẩn bị file file đánh giá sơ bộ vị trí và nguồn cung khu vực. (đính kèm dưới) Cụ thể, dự án có vị trí gần với "
BDS-MASTER-0436,cùn,no_map_link_matched,2023-06-10,,,,,batch_847.txt,[2023-06-10] Tuan Tran-CEO 6/10/2023 11:38 AM Tính giá đất swan park ( Trừ đi xây dựng) nha anh 1 Like reaction. Với so sánh khu Swan park này với dự án cùn... by Unknown User
BDS-MASTER-0091,căn hộ cao cấp tại vị trí nghiên cứu là khả thi với mức giá đấu max 370 tr,no_map_link_matched,,,"Theo đề án trung tâm tài chính quốc tế Đà Nẵng và báo cáo SXD Đà Nẵng, lô A12 và A14 được quy hoạch chức năng căn hộ cao cấp. Do đó, P.ĐT đề xuất nghiên cứu 2 lô đất này vì có tiềm năng mang lại lợi nhuận và dòng thu sớm",Đà Nẵng,,batch_354.txt,"[] Phòng Đầu tư báo cáo CEO Mr Mike1 -CEO 2 khu đất thuộc trung tâm tài chính quốc tế Đà Nẵng đang kêu gọi nhà đầu tư như sau: 1. Vị trí: Theo đề án trung tâm tài chính quốc tế Đà Nẵng và báo cáo SXD Đà Nẵng, lô A12 và A14 được quy hoạch chức năng căn hộ cao cấp. Do đó, P.ĐT đề xuất nghiên cứu 2 lô đất này vì có tiềm năng mang lại lợi nhuận và dòng thu sớm nhất. 2. Thông tin 2 lô đất: - Lô A12: 7.633 m2, MĐXD 40-90%, 38 tầng - Lô A14: 10.327 m2, MĐXD 40 – 90%, 38 tầng. Dựa vào thông tin nghiên cứu, thông số quy hoạch (p.QLTK), giá bán (RnD) đề xuất 167tr/m2 gồm VAT thông thủy, Chi phí đầu tư xd all-in gồm VAT: 22.3tr/m2, Cp bán hàng 25%/doanh thu, P.ĐT tóm tắt hiệu quả tương ứng với các kịch bản đấu giá như sau: 3. Hiệu quả a) Lô A12: Trường hợp không vay tiền đất (100% vốn CSH đấu giá đất) - Giả định giá bán căn hộ: 150tr/m2: Để đảm bảo IRR 15% => Giá đấu giá max: 290 tr/m2 (tổng giá tr"
BDS-MASTER-0301,căn hộ Đức Long Wes,no_map_link_matched,2025-04-03,,,,,batch_478.txt,[2025-04-03] Unknown User 4/3/2025 2:35 PM 300 tỷ 📄 QĐ 2805 UBNDTP - QUY HOẠCH 1-2000 1.7.2019 (4).pdf 📄 Bản vẽ hiện trạng Gia Long.pdf 📄 SO DO Gia Long.pdf https://vietnamnet.vn/dien-bien-moi-vu-duc-long-gia-lai-land-bi-... Các vướng mắc của dự án căn hộ Đức Long Wes... by Huy M - IM
BDS-MASTER-0226,cũng 42 tr/m2,no_map_link_matched,2025-08-24,,,,,batch_317.txt,"[2025-08-24] Huy M - IM 8/24/2025 6:57 PM Translate Có tính rồi à Sếp. Theo thông tin giá đầu vào A Sơn Trợ lý báo 30 trđ/m2 trên 10ha. Tuy nhiên QH chỉ có 1.7 ha trên tổng 10 ha là đất ở. Dc áp hệ số 8, Tầng cao 30 tầng chỉ cho 1.7 ha. Giá bán RD đề xuất là 42 47 chưa v, tim. Trong khi giá vốn 10ha chia lại 1.7 đang rất cao và đơn giá bản giá đất NN tiền sử đụng đất đoạn qua dự án cũng 42 tr/m2. Nên Dự án ko đạt hiệu quả với Quy hoạch hiện tại Ngoài ra Team cũng thử binh phương án quy h... by Huy M - IM"
BDS-MASTER-0496,cần bố trí khoảng xanh,no_map_link_matched,,,,,,batch_282.txt,"[] Phòng xin ý kiến của Sếp để phòng nhờ anh Tài binh thêm phương án này vì theo hướng dự án cần bố trí khoảng xanh, khoảng lùi,…rồi tính thêm 1 FS theo phương án này ạ. Ok by Unknown User"
BDS-MASTER-0439,của BeeGroup Begin quote,no_map_link_matched,2023-10-19,,,,,batch_745.txt,"[2023-10-19] Huy M - IM 10/19/2023 2:30 PM 📄 2023.10.16_Danh sach du an sap trien khai.pdf Và kèm theo danh sách các dự án của BeeGroup Begin quote, Huy Mai-PTDT, 11/3/2023 8:09 A... by Huy M - IM"
BDS-MASTER-0172,du lịch tại Mũi Né,no_map_link_matched,2022-07-19,,. Cụm dự án cách khá xa và nằm tách biệt khỏi các trung tâm phát triển du lịch và sân bay TP. Phan Thiết. . Khu vực xung quanh cụm dự án hiện,,,batch_930.txt,"[2022-07-19] Thao L - INVT 7/19/2022 5:45 PM K.ĐT báo cáo anh Tuan Tran-CEO về 02 dự án du lịch tại Mũi Né như sau: - Cụm 02 dự án được kết nối bằng 02 đường chính: Đường ven biển Huỳnh Thúc Kháng – Hồ Xuân Hương hoặc Đường Võ Nguyên Giáp – Nguyễn Hữu Thọ. - Cách các trung tâm tiêu biểu: SB. Phan Thiết: 17km -25p; Trung tâm TP. Phan Thiết: 26km – 35p; Nằm trong cụm dân cư làng chài ven biển hiện hữu. Dự án The Salling Bay với giá chào chuyển nhượng là 520tỷ ~ 11tr/m2 (bao gồm CTXD), tạm uớc tính giá trị CTXD trên đất: 67.5tỷ => đơn giá đất 9.6tr/m2 (Đất TMDV, thuê đẩt trả tiền hằng năm), có quy mô: 4.7ha – Mặt biển 245m, gồm 02 giai đoạn: - GĐ1: . 1.7 ha: Đất thương mại dịch vụ, thuê đất trả tiền hằng năm đến 2058 (còn 36 năm). . Hiện có 325 phòng trong đó 295 phòng khách sạn tiêu chuẩn 4 sao đang hoạt động (Đánh giá sơ bộ chỉ tương ứng với khách sạn 3 sao) với giá thuê phòng: 52-60USD/đ"
BDS-MASTER-0444,gần 11,no_map_link_matched,2025-03-16,,,Long An,,batch_504.txt,"[2025-03-16] Thoi L - ASST. 3/16/2025 9:18 AM https://m.cafef.vn/coteccons-chuan-bi-lam-du-an-gan-11000-ty-tai-long-an-188250313133524045.chn Coteccons chuẩn bị làm dự án gần 11.000 tỷ tại Long An Mới đây, Liên danh BEHS - Covestcons vừa được chấp thuận đầu tư dự án Khu Dân cư kết hợp thương mại dịch vụ Thanh Phú tại xã Thanh Phú, huyện Bến Lức, tỉnh Long An với số vốn là hơn 10.662 tỷ đồng,... m.cafef.vn Begin quote, Thao Le-PTDT , 3/14/2025 6:05 ... by Unknown User"
BDS-MASTER-0092,gồm,no_map_link_matched,,,,,,batch_107.txt; batch_183.txt,"[] P.ĐT thực hiện binh một phương án khác, tăng diện tích đất ở bằng cách chuyển đổi phần đất DVCC cấp đô thị sang đất ở khoảng 16.536m2 (tạm tính 40% x 41.339,4m2). Phần đất ở tăng thêm theo đề xuất và nghiên cứu của RD bố trí làm biệt thự vườn. Hiệu quả dự án gồm như sau: Doanh thu chưa VAT: 8.127 tỷ đồng (Trong đó, Đơn giá bình quân chưa VAT bao gồm đất + CTXD là 133 Triệu/m2; Đơn giá bình quân đất biệt thự chưa VAT là 110 Triệu/m2 và Giá căn hộ bình quân chưa VAT tim tường là 57 triệu/m2, Thời điểm bán 2028). Tổng mức đầu tư chưa VAT: 4.620 tỷ đồng (Trong đó đơn giá đất hiện trạng 3tr/m2; tiền sử dụng đất tạm tính 1.387 tỷ; suất all in chưa VAT của biệt thự 11 triệu/m2) Lợi nhuận trước thuế: 2.288 tỷ đồng Bảng độ nhạy dự án --> Để đạt hiệu quả LNTT/TMĐT = 20% thì giá mua đất 13,5 Triệu/m2 Lưu ý: Đối với Phương án Quy hoạch: + PA 1a: Hiện tại Phòng QH kiểm tra không thấy dân số nên PA"
BDS-MASTER-0259,gộp là 1,no_map_link_matched,,,"VÀ RANH ĐẤT 2 LÔ ĐẤT: Vị trí theo đường link: Vị Trí Dự án 2. THÔNG SỐ QUY HOẠCH Trên cơ sở phòng QH giả định: Giữ nguyên chỉ tiêu dân số của 2 lô, theo đó tổng dân số cho dự án gộp là 1.290 dân (Lô Kế VVK là 740, Lô VVK",,,batch_107.txt; batch_109.txt,"[] P.ĐT báo cáo Sếp Admin 01 về phương án gộp 2 lô Võ Văn Kiệt ~ diện tích 4.600 m2 như sau: 1. VỊ TRÍ VÀ RANH ĐẤT 2 LÔ ĐẤT: Vị trí theo đường link: Vị Trí Dự án 2. THÔNG SỐ QUY HOẠCH Trên cơ sở phòng QH giả định: Giữ nguyên chỉ tiêu dân số của 2 lô, theo đó tổng dân số cho dự án gộp là 1.290 dân (Lô Kế VVK là 740, Lô VVK là 550 dân). Điều chỉnh tăng hệ số sử dụng đất lên 13.7 (tăng 0.9 lần so với QH Lô Kế VVK là 12.8) đồng thời tăng 3 tầng nổi. + Diện tích đất của 2 lô : 4.613 m2 + Quy mô xây dựng: 2 Block 30 tầng nổi, 3 tầng hầm. + Tổng sản phẩm: 833 căn gồm 812 căn hộ ở + 2 --- [] P.ĐT báo cáo Sếp Admin 01 về phương án gộp 2 lô Võ Văn Kiệt ~ diện tích 4.600 m2 như sau: 1. VỊ TRÍ VÀ RANH ĐẤT 2 LÔ ĐẤT: Vị trí theo đường link: Vị Trí Dự án 2. THÔNG SỐ QUY HOẠCH Trên cơ sở phòng QH giả định: Giữ nguyên chỉ tiêu dân số của 2 lô, theo đó tổng dân số cho dự án gộp là 1.290 dân (Lô Kế VVK là "
BDS-MASTER-0445,hay VP,no_map_link_matched,,,,,,batch_203.txt,[] Admin 01 3/11 11:54 AM Translate Kêu R&D nghiên cứu lại phần TMDV thì nên làm khách sạn hay VP. Chứ hiện tại thấy VP ở đó hơi hẻo Giá cho thuê thấp quá by Admin 01
BDS-MASTER-0307,hiện tại,no_map_link_matched,2025-06-29,,,,,batch_365.txt,"[2025-06-29] Thao L - INVT 6/29/2025 4:35 PM EBITDA được tính bằng cách lấy tổng doanh thu trừ các chi phí vận hành trực tiếp (như chi phí phòng, F&B, điện, nước…) để ra GOP (47% - tỷ lệ Mr. David đề xuất). Từ GOP, tiếp tục trừ chi phí quản lý, chi phí khác… (chiếm khoảng 8% - tỷ lệ này đã trao đổi với Ms. Hana, hiện theo các khách sạn đang v… EBITDA là dòng tiền thuần từ kinh doanh. Nếu dùng vốn chủ 100%, đây là dòng tiền thu về. Nếu có vay, EBITDA dùng để trả lãi và gốc. Tuy nhiên, với hiệu quả dự án hiện tại, EBITDA chỉ đủ trả lãi, không đủ trả gốc Begin quote, Thao L - INVT , 6/29/2025 4:57... by Unknown User"
BDS-MASTER-0260,hiện tại là 28,no_map_link_matched,2025-10-13,,,,,batch_263.txt; batch_325.txt,"[2025-10-13] Thao L - INVT 10/13/2025 1:25 PM Translate Đơn giá vốn của dự án hiện tại là 28,7 triệu đồng/m² (giá sàn), chưa bao gồm chi phí bán hàng (CPBH). Trường hợp phát sinh thêm CPBH, khoản chi này sẽ được cộng trực tiếp vào giá vốn để xác định mức giá hòa vốn. Theo đề xuất hiện nay của Phòng Kinh doanh, tổng CPBH dự kiến là 215 tỷ đồng (chưa bao gồm VAT). Với giả định này, giá bán hòa vốn của dự án được xác định ở mức khoảng 36 triệu đồng/m². Làm việc kỹ với a Cường sales đi, coi chính... by Unknown User --- [2025-10-13] Thao L - INVT 10/13/2025 1:25 PM Translate Đơn giá vốn của dự án hiện tại là 28,7 triệu đồng/m² (giá sàn), chưa bao gồm chi phí bán hàng (CPBH). Trường hợp phát sinh thêm CPBH, khoản chi này sẽ được cộng trực tiếp vào giá vốn để xác định mức giá hòa vốn. Theo đề xuất hiện nay của Phòng Kinh doanh, tổng CPBH dự kiến là 215 tỷ đồng (chưa bao gồm VAT). Với giả định n"
BDS-MASTER-0447,hơn 72,no_map_link_matched,2025-04-11,,,Đồng Nai,Biên Hòa,batch_464.txt,"[2025-04-11] Huy M - IM 4/11/2025 5:04 PM https://znews.vn/hien-trang-khu-dat-sun-group-lam-du-an-hon-72000-ty-dong-o-cu-lao-pho-post1508093.html Hiện trạng khu đất Sun Group làm dự án hơn 72.000 tỷ đồng ở Cù lao Phố - Kinh doanh - ZNEWS.VN Liên danh 5 nhà đầu tư trong đó có Sun Group được UBND tỉnh Đồng Nai chấp thuận thực hiện ""siêu"" dự án Khu đô thị Hiệp Hòa hơn 72.000 tỷ đồng tại Cù lao Phố (TP Biên Hòa). znews.vn À cái cù lao tân vạn này là của TTC mà by Unknown User"
BDS-MASTER-0448,khu vực phía Bắc theo chỉ đạo của Anh Tâm,no_map_link_matched,2023-04-15,,,,,batch_899.txt,"[2023-04-15] Huy M - IM 4/15/2023 11:04 AM K.ĐT gửi CEO Tuan Tran-CEO lịch trình công tác các dự án khu vực phía Bắc theo chỉ đạo của Anh Tâm, cụ thể: image by Huy M - IM"
BDS-MASTER-0118,khá cao cấp),no_map_link_matched,,,mặt tiền). Tổng doanh thu: 1.927 tỷ đồng (gồm VAT) (ii) Chi phí kinh doanh (hoạt động bán hàng): 19%/Doanh thu (P.ĐT tạm tính dựa trên việc tham khảo ý kiến của P.R&D và tính chất sản phẩm dự án khá cao cấp). 2.2 Chi phí,,,batch_377.txt,"[] Phòng QH đã tính toán chỉ tiêu trên cơ sở tối ưu hệ số và diện tích thương phẩm căn hộ ở theo chỉ tiêu 32 m2/dân, tăng 3.660 m2 + Tính theo chỉ tiêu 32m2/dân: 16.736 m2 = 523 dân * 32m2/dân; + Tính theo chỉ tiêu 25m2/dân: 13.075 m2 = 523 dân * 25m2/dân; Và phương án chỉ tiêu cơ bản như sau: Tầng cao: 03 tầng hầm, 32 tầng nổi, hệ số sử dụng đất: 12,8 lần Sản phẩm: Tổng 270 căn gồm 8 căn Shop TM 2 tầng và 262 căn hộ ở (Dân số 507, dư 17 dân vì ưu tiên bố trí hệ số cho Shop TM bán giá tốt hơn giá căn hộ). 2. HIỆU QUẢ TÀI CHÍNH 2.1 Doanh thu: (i) Giá bán theo P.R&D đề xuất như sau: + Giá bán căn hộ ở thời điểm cuối năm 2026 (diện tích tim tường, chưa VAT): 87 tr.đ/m2 ~ 5,86 tỷ đồng/căn 67 m2. + Giá bán Shop TM tầng 1-2 mặt tiền Võ Văn Kiệt (5 căn) thời điểm cuối năm 2027 (chưa VAT): 210 tr.đồng/m2~ 31,5 tỷ đồng/căn diện tích 150 m2. + Giá bán Shop TM tầng 1-2 không có mặt tiền Võ Văn Kiệt"
BDS-MASTER-0449,khác với tỷ lệ,no_map_link_matched,2023-06-06,,,,,batch_857.txt,[2023-06-06] Binh Vo-GD-PTDT 6/6/2023 10:16 PM Giờ Aqua cũng đã bán gần hết. Nếu giảm giá từ CĐT thì sẽ rất khó để thu tiền tiếp vs khách hàng mà đã bán. Nên cái này chắc họ cũng phải cân nhắc lại phương án. Có thể giảm giá ở các dự án khác với tỷ lệ ... by Unknown User
BDS-MASTER-0371,khách sạn Dự án Holiday,no_map_link_matched,2024-09-14,,,,Hội An,batch_668.txt,"[] Báo cáo Mr. Mike tiến độ các công việc liên quan đến các dự án khách sạn Dự án Holiday: Đã có PAKD sau khi trao đổi với Mr Cường-GM và TMĐT ước tính củ dự án. Đang tính toán kết quả. Dự án Phú Hải: Đã có báo cáo của R&D. Đang phối hợp QS để lên TMĐT Dự án Hội An: Sau khi báo cáo lần 1, đang chờ RD khảo sát lại thị trường và QS tính toán lại TMĐT cho phù hợp với chuẩn 4*. Hiện Team cũng đang tập trung để hoàn thiện xong các dự án trong tuần này: + Đã trao đổi với Mr. Harry, đang cập nhật lại các thông tin để rà soát lại định giá CKG, + Tính toán tiền sử dụng đất và cập nhật lại hiệu quả của PGK sau khi có TMĐT và Phương án Thiết kế, + Rà soát thêm giá TMDV đối với Khu đất văn phòng Quận 2 Song Song vói công việc trên vẫn phối hợp với các phòng ban để có đủ thông tin tính toán cho các dự án khách sạn. Ok a by Unknown User"
BDS-MASTER-0143,khách sạn Đông Á Premier tại Phường Lộc Thọ,no_map_link_matched,2026-03-25,,"Tọa lạc ở khu vực trung tâm thành phố. Hẻm nhỏ và cụt, rộng khoảng 5m, cách mặt tiền đường Hùng Vương khoảng 50m Xung quanh dự án có nhiều tòa cao tầng, bị chắn tầm nhìn ra biển Cách bãi biển tương đối xa, khoảng 320m Ph",,,batch_167.txt; batch_214.txt,"[2026-03-25] Admin 01 3/25/2026 2:20 PM Ủa bữa a David có gửi bài toán kinh doanh cho Casa rồi, mình có áp lại ra hiệu quả chưa BP.ĐT báo cáo Sếp Admin 01, về dự án khách sạn Đông Á Premier tại Phường Lộc Thọ, TP Nha Trang, Tỉnh Khánh Hòa như sau: I. SƠ BỘ VỀ DỰ ÁN Vị trí: Tọa lạc ở khu vực trung tâm thành phố. Hẻm nhỏ và cụt, rộng khoảng 5m, cách mặt tiền đường Hùng Vương khoảng 50m Xung quanh dự án có nhiều tòa cao tầng, bị chắn tầm nhìn ra biển Cách bãi biển tương đối xa, khoảng 320m Pháp lý: đất TMDV có thời hạn sử dụng lâu dài do có nguồn gốc đất ở Quy hoạch: Dựa trên giấy phép quy hoạch 02/GPQH - SXD: Được quy hoạch làm khách sạn, 26 tầng nổi, 1 tum thang + 2 tầng hầm, hiện đang tính theo phương án 242 phòng. II. ĐÁNH GIÁ HIỆU QUẢ DỰ ÁN GIẢ ĐỊNH Giả định chung cho cả 2 phương án (Dựa trên file CASA của anh Cường) a) Giá trị đất: Giá vốn đất: 120 tỷ (Tương đương 166tr/m2 đất) Thoái "
BDS-MASTER-0066,kế bên DA Võ Văn Kiệt,no_map_link_matched,,,"VÀ RANH ĐẤT: Dự án thuộc lô A17-01, sát bên dự án Võ Văn Kiệt của Công ty (lô A17-02), đường Võ Văn Kiệt, TP. Đà Nẵng. Vị trí theo đường link: Vị Trí Dự án 2. THÔNG SỐ QUY HOẠCH Trên cơ sở Quyết định chủ trương đầu tư th",Đà Nẵng,,batch_074.txt,"[] P.ĐT báo cáo Sếp Admin 01 về dự án kế bên DA Võ Văn Kiệt, TP Đà Nẵng như sau: 1. VỊ TRÍ VÀ RANH ĐẤT: Dự án thuộc lô A17-01, sát bên dự án Võ Văn Kiệt của Công ty (lô A17-02), đường Võ Văn Kiệt, TP. Đà Nẵng. Vị trí theo đường link: Vị Trí Dự án 2. THÔNG SỐ QUY HOẠCH Trên cơ sở Quyết định chủ trương đầu tư theo QĐ 2915/QĐ-UBND ngày 09/12/2025 (nguồn từ cổng thông tin điện tử Thành phố Đà Nẵng tại trang Cổng thông tin TP Đà Nẵng Diện tích đất: 2.635 m2 Dân số: 740 dân MĐXD: 60% Tầng cao: 27 tầng nổi, 3 tầng hầm. Tổng sản phẩm 305 căn gồm 299 căn hộ ở (không bán cho tổ chức, cá nhân người nước ngoài) + 6 căn shop khối đế (1 Trệt 1 Lầu). Hệ số sử dụng đất: 12,8 lần. 3. HIỆU QUẢ DỰ ÁN 3.1 Chi phí (Gồm VAT): Chi phí đất: 1.182 tỷ đồng ~ 52% , gồm CP mua DA và tiền sử dụng đất nộp bổ sung: + CP nhận chuyển nhượng: 1.001 tỷ đồng ~ đơn giá chào là 380 tr.đ/m2, cao gấp đôi giá DA Võ Văn Kiệt là "
BDS-MASTER-0372,k… Gửi lại độ nhạy,no_map_link_matched,,,,,,batch_029.txt,"[] Dạ Sếp. Hiện tại Anh Minh vẫn tiếp tục rà soát từ nhiều nguồn để kiểm tra rủi ro pháp lý dự án. Liên quan đến LUR, theo các hồ sơ mình có được và cũng như nhận định từ P.PLDA thì khả năng cao dự án k… Gửi lại độ nhạy"
BDS-MASTER-0197,là 300 tỷ * Giải thích hệ số sử dụng đất càng cao (từ 3,no_map_link_matched,,,,TP.HCM,,batch_520.txt,"[] Phòng ĐT báo cáo anh Mr Mike1 -CEO về độ nhạy lợi nhuận trước thuế / Tổng mức đầu tư giữa đơn giá đóng tiền sử dụng đất và hệ số sử dụng đất toàn khu của dự án 1,6ha Phan Văn Hớn như sau: * Bảng độ nhạy lợi nhuận trước thuế / Tổng mức đầu tư giữa đơn giá đóng tiền sử dụng đất và hệ số sử dụng đất toàn khu, khi chi phí chuyển nhượng dự án là 300 tỷ * Giải thích hệ số sử dụng đất càng cao (từ 3,73 đến 8) nhưng đơn giá đóng tiền sử dụng đất lại giảm, vì trong bài toán thặng dư theo hướng dẫn cách tính của TP.HCM: Giá trị thặng dư = Doanh thu (1) – Chi phí xây dựng (2) – Lợi nhuận nhà đầu tư (3) Khi hệ số sử dụng đất tăng dần từ 3,73 đến 8: (1) Doanh thu: Doanh thu tăng do diện tích sàn thương phẩm tăng khi hệ số sử dụng đất tăng, trong khi đơn giá bán không đổi (chỉ một biến số diện tích sàn thương phẩm tăng) (2) Chi phí xây dựng: Chi phí xây dựng tăng nhanh hơn doanh thu (1). Khi hệ số "
BDS-MASTER-0198,là 547 tỷ,no_map_link_matched,,,,,,batch_529.txt; batch_577.txt,"[] P.ĐT báo cáo anh Mr Mike1 -CEO về độ nhạy lợi nhuận trước thuế / Tổng mức đầu tư giữa đơn giá đóng tiền sử dụng đất và hệ số sử dụng đất toàn khu của dự án 1,6ha Phan Văn Hớn như sau: Tháng 1/2025 phòng đã báo cáo hiệu quả dự án, với: - Hệ số sử dụng Đất: 3,73, trong đó chung cư cao tầng là 3,16 và nhà ở thấp tầng là 0,57. Trong điều kiện phải xin thêm được 661 dân thì chi phí chuyển nhượng dự án là 547 tỷ, tương ứng với 33tr/m² đất Chạy độ nhạy Lợi nhuận trước thuế / Tổng mức đầu tư với các giả định: - Chi phí chuyển nhượng của dự án cố định là 547 tỷ - Tình hình kinh doanh không thay đổi Độ nhạy Lợi nhuận trước thuế / Tổng mức đầu tư của dự án với 2 biến số: Biến số 1: Đơn giá đóng tiền sử dụng đất trên tổng diện tích đất phù hợp quy hoạch Biến số 2: Hệ số sử dụng đất toàn khu (tầng cao và dân số phải tăng thêm tương ứng với hệ số sử dụng Đất) Message by Unknown User --- [] P.ĐT báo"
BDS-MASTER-0261,là KCN,no_map_link_matched,,,"dự án. Có một số đánh giá như sau: 1. Về vị trí: Thuộc trung tâm hành chính mới xã Nhơn Trạch, vị trí cửa ngõ sân bay Long Thành. Xung quanh dự án là KCN, dự án đã triển khai và quy hoạch nhiều dự án nhà ở phát triển tro",,Nhơn Trạch,batch_344.txt,"[] P.ĐT sau khi nghiên cứu hồ sơ pháp lý, vị trí dự án. Có một số đánh giá như sau: 1. Về vị trí: Thuộc trung tâm hành chính mới xã Nhơn Trạch, vị trí cửa ngõ sân bay Long Thành. Xung quanh dự án là KCN, dự án đã triển khai và quy hoạch nhiều dự án nhà ở phát triển trong tương lai. 2. Về quy mô: Quy mô và cơ cấu sản phẩm theo 1/500 được duyệt, bao gồm: STT Chức năng Diện tích (m2) Số lượng căn (căn) Tỷ lệ (%) 1 Đất ở 55,825 61% Đất xây dựng chung cư 18,830 1 Block cao 15 tầng, 1 Block cao 22 tầng 20% Biệt thự + nhà liên kế 36,995 248 40% 2 Đất cây xanh 5,462 6% 3 Đất giao thông 30,788 33% Tổng cộng 92,075 Tính chất dự án: quy hoạch đầu tư xây dựng khu nhà ở công nhân và chuyên gia làm việc tại các KCN Nhơn Trạch. 3. Về hiện trạng hồ sơ pháp lý dự án:"
BDS-MASTER-0450,lớn thì gần như sẽ phải đấu t,no_map_link_matched,2024-12-16,,,,,batch_566.txt,[2024-12-16] Huy M - IM 12/16/2024 8:48 PM Translate Theo quy định vậy thì đc hiểu là NN sẽ thực hiện và theo thời gian đã nêu trong lúc chào thầu. Nếu làm dự án lớn thì gần như sẽ phải đấu t... by Huy M - IM
BDS-MASTER-0373,lớn thì gần như sẽ phải đấu thầu,no_map_link_matched,2024-12-16,,,,,batch_561.txt,[2024-12-16] Huy M - IM 12/16/2024 8:50 PM Translate Nếu làm dự án lớn thì gần như sẽ phải đấu thầu. Nên anh đề xuất P.PLDA có buổi training về các quy định luật hiện hành về đấu thầu à… Link https://tienphong.vn/dau-thau-khu-do-t... by Huy M - IM
BDS-MASTER-0452,một lần,no_map_link_matched,,,,,,batch_023.txt,"[] Dạ IRR khác biệt nhiều so với LNTT/TMĐT vì ngày lúc đầu mình tự bỏ tiền vốn ra để mua dự án một lần, cũng như là dòng tiền bán hàng em đang dự trù thận trọng (tốc độ bán hàng kéo dài). Vì vậy yếu tố IRR sẽ thấp hơn LNTT/TMĐT ạ Thử hỏi anh Dũng xem nếu mình mua rồi hợp t... by Admin 01"
BDS-MASTER-0376,mở bán mới/dự kiến ở thị trường HCM,no_map_link_matched,2024-12-07,,,Hồ Chí Minh,,batch_580.txt,"[2024-12-07] Mr Mike1 -CEO 12/7/2024 1:27 PM Translate Hội nghị BĐS Việt Nam “VRES 2024” qua các con số - 58% là giá chung cư Hà nội tăng trong năm 2024, trong khi đó thị trường HCM chỉ ở mức tăng khiêm tốn là 17%. - 31.3 là số năm kiếm tiền mà thế hệ 7X có thể mua được nhà, với 8X là 22.7 năm và 9X là 25.8 năm, thế hệ trẻ nào cũng khó mua nhà không chỉ mỗi GenZ. - 61tr/m2 là giá trung bình thị trường chung cư HN, sau 10 năm thì giá HN đã vượt hơn thị trường HCM 20%. - 111tr/m2 là trung bình cộng các dự án mở bán mới/dự kiến ở thị trường HCM, trong đó thấp nhất là Mizuki với giá 55tr/m2 và cao nhất đang là Opusk Thủ Thiêm với giá 290tr/m2. - 7.5 lần là số lượng quan tâm tăng trưởng của người HCM gia tăng tìm kiếm khi thấy thị trường HN sốt nóng trong cả năm 2024. - 67% nguồn cung sơ cấp và thứ cấp chung cư ở thị trường HN đang được cao cấp hóa với mức giá >55tr/m2, dự báo trong năm 2025 "
BDS-MASTER-0499,nha em,no_map_link_matched,,,,,,batch_141.txt,"[] Dạ vâng ạ, để tối nay em cày voted ạ. 4 DA nha em: 1. Legacy Hoi An 2. Sen Hoi An 3. Bel Marina Hoi An 4. The Signature Hoi An K.ĐT báo cáo anh Admin 01 về dự án Bà K... by Thao L - INVT"
BDS-MASTER-0453,nhiều và phân mảng,no_map_link_matched,2025-04-17,,,,,batch_452.txt,"[2025-04-17] Unknown User 4/17/2025 8:38 AM DIG HDC khi nào báo cáo đc ta Trong tuần này anh sẽ báo cáo trước DIG, Còn HDC dự án nhiều và phân mảng... cần thêm thời gian để tìm hiểu về hiện trạng thì qua tuần sau anh sẽ báo cáo à. Thoi -Tro Ly GD Liên quan đến nội du... by Huy M - IM"
BDS-MASTER-0454,nào mà đóng tssđ hàng năm nó cứ t,no_map_link_matched,2023-08-11,,,,,batch_776.txt,"[2023-08-11] Binh Vo-GD-PTDT 8/11/2023 10:47 AM Giờ tssđ sẽ rất rát, sẽ định giá sát theo giá thị trường hết Nếu dự án nào mà đóng tssđ hàng năm nó cứ t... by Unknown User"
BDS-MASTER-0316,này by Huy M - IM,no_map_link_matched,2023-08-04,,,,,batch_779.txt,"[2023-08-04] Huy M - IM 8/4/2023 12:39 PM Hồi trước phương án tính là giá chào đối tác bao luôn tiền sử dụng đất, giờ cập nhật lại pháp lý mình phải tính lại tiền sử dụng đất thêm và rà soát lại phần dat quy hoach cho 20% NOXH do giờ trên 2ha sẽ phải làm không được nộp tiền nữa như lúc trước mình tính à Team sẽ tập trung để báo lại sớm dự án này by Huy M - IM"
BDS-MASTER-0266,này không,no_map_link_matched,,,,,,batch_094.txt,"[] Hanh T - INVT 5/15 5:31 PM Edited Translate Với thông tin quy hoạch như anh Tài đánh giá thì phần đất QH đất ở rất thấp chỉ 336 m2 và gần như là không có dân số, đa phần là đất thuộc TMDV (800 dân cho cả ô phố 16,4ha) và khả năng xin điều chỉnh để nâng hệ số sử dụng đất và dân số cho khu đất 1,1 ha này là khó. Do đó, phòng xin ý kiến Sếp có tiếp tục nghiên cứu sâu DA này không. Phòng xin gửi đính kèm thông tin về khu đất từ phía Sacombank chào đấu giá. Trân trọng. TanPhu 1.pdf"
BDS-MASTER-0456,này luôn nhé,no_map_link_matched,2025-04-09,,,Bình Dương,,batch_467.txt,"[2025-04-09] Unknown User 4/9/2025 6:04 PM Nói chuyện với anh Tâm thử xem Anh nhận chỉ đạo à và ngày mai có Anh Minh - GĐPL vào, phụ trách Bình Dương thì anh sẽ trao đổi với ảnh về dự án này luôn nhé. ok a by Unknown User"
BDS-MASTER-0458,này nha by Unknown User,no_map_link_matched,2023-09-03,,,,,batch_768.txt,[2023-09-03] Tuan Tran-CEO 9/3/2023 6:55 PM https://drive.google.com/drive/folders/1JBSCsmYSNwJrhI7MtJd8L19xTEFImdI3?usp=sharing Venezia_Hồ sơ - Google ドライブ drive.google.com Mng nghiên cứu dự án này nha by Unknown User
BDS-MASTER-0460,này thì chuyển cho anh Tâm nên K,no_map_link_matched,2023-08-07,,,,,batch_777.txt,[2023-08-07] Huy M - IM 8/7/2023 4:31 PM Anh Tâm có yêu cầu sau khi xong báo cáo dự án này thì chuyển cho anh Tâm nên K.ĐT xin ý kiến CEO Tuan Tran-CEO được chuyển tiếp báo cáo này à Chuyển nha by Unknown User
BDS-MASTER-0461,này trước họ rao 900ty đúng ko mng,no_map_link_matched,2024-06-02,,,,,batch_688.txt,[2024-06-02] Tuan Tran-CEO 6/2/2024 9:25 AM Translate Dự án này trước họ rao 900ty đúng ko mng. Lúc mình tính fs là 900 đk Hồi mình tính trong fs là 1300 à by Huy M - IM
BDS-MASTER-0462,này đâu có cái nào mình nghiên,no_map_link_matched,2023-07-07,,,,,batch_804.txt,[2023-07-07] Huy M - IM 7/7/2023 11:17 AM Chi tiết theo báo cáo đính kèm. 3 Du an sai Pham Trong Quan Ly Dat Dai - tinh Dong Nai.pdf Ủa mấy dự án này đâu có cái nào mình nghiên... by Unknown User
BDS-MASTER-0463,này đâu có cái nào mình nghiên cứu ta Bên Mr,no_map_link_matched,2023-07-07,,,,,batch_804.txt,[2023-07-07] Tuan Tran-CEO 7/7/2023 11:19 AM Ủa mấy dự án này đâu có cái nào mình nghiên cứu ta Bên Mr. Ka có gửi KĐT nghiên cứu đánh giá v... by Huy M - IM
BDS-MASTER-0464,này đã có đánh giá báo cáo Sếp trước đây rồi à,no_map_link_matched,,,,Đồng Nai,Nhơn Trạch,batch_371.txt,"[] Báo cáo Sếp là các dự án này đã có đánh giá báo cáo Sếp trước đây rồi à. Cụ thể lúc đó là Team có đánh giá chung tổng cộng là 6 Dự án NOXH Đồng Nai (2 Nhơn Trạch, 3 Biên Hòa, 1 Trảng Bom) thì kết quả nhận định ở Nhơn Trạch nhu cầu về NOXH chưa cao và đánh giá các Dự án ở Biên Hòa phù hợp hơn. Begin quote, Khoa L - INVT, 3/25/2025 4:21 ... by Huy M - IM"
BDS-MASTER-0385,nằm ở vị trí quỹ đất còn nhiều,no_map_link_matched,,,"quỹ đất còn nhiều, dân cư còn thưa thớt, dẫn đến tính thanh khoản cũng thấp hơn so với khu gần Quốc lộ 51 và Cảng Cái Mép nên tầm nhìn phải trung, dài hạn khi sáp nhập vào TP.HCM Begin quote, Mr Mike1 -CEO, 4/8/2025 7:42",Đồng Nai,Long Thành,batch_469.txt,"[] Dạ đúng ạ, ở Phú Mỹ vẫn câu chuyện Cảng Cái Mép, cao tốc Biên Hoà - Vũng Tàu và gần sân bay Long Thành bao năm qua nhưng giá đất khu này không bứt phá so với Đồng Nai hay Bình Dương được ạ, do hạ tầng giao thông chưa được chú trọng và dự án nằm ở vị trí quỹ đất còn nhiều, dân cư còn thưa thớt, dẫn đến tính thanh khoản cũng thấp hơn so với khu gần Quốc lộ 51 và Cảng Cái Mép nên tầm nhìn phải trung, dài hạn khi sáp nhập vào TP.HCM Begin quote, Mr Mike1 -CEO, 4/8/2025 7:42 P... by Huy M - IM"
BDS-MASTER-0230,nữa Tính ra thì đúng là như vậy,no_map_link_matched,2025-01-20,,,,,batch_541.txt,"[2025-01-20] Unknown User 1/20/2025 11:58 AM Tính ra đi mua ở đây là còn rẻ hơn tự đi làm dự án nữa Tính ra thì đúng là như vậy. Tuy nhiên khu vực Chơn Thành Bình Phước thị trường còn yếu, nhiều dự án bán chủ yếu đầu cơ, không có dân về ở. Khu KCN Becamex hơn 2000ha cũng chỉ mới lắp đầy hơn 10%. Chưa kể kcn cũng sẽ có quy hoạch khu nhà ở cho người lao động… nên các khu này nếu mua thì phải đợi rất lâu. Team cũng đang đánh giá khu đất Đường Nguyên Văn Linh, đang chờ anh Tài gửi Quy Hoạch mới nhất để rà soát và báo CEO à Thì vậy mới là đầu cơ anh. Đợi thị trường r... by Unknown User"
BDS-MASTER-0466,phát triển nhà ở kết họp TOD,no_map_link_matched,2025-04-08,,,Bà Rịa như trước đây,Biên Hòa,batch_469.txt,"[2025-04-08] Unknown User 4/8/2025 7:42 PM Mấy cái xa xôi này phải lãi cao mới làm nổi, lãi mỏng dưới 20% là thua. Vì phải có sóng mới bán đc hàng Đánh giá đầu tư ở Phú Mỹ hiện nay mình đánh giá về định hướng sau sáp nhập sẽ ko bị tình trạng địa phương cục bộ bảo vệ nguồn thu ngân sách mà HCM ko nhả các hoạt động cảng về Bà Rịa như trước đây. NN cho sáp nhập 1 HCM rộng lớn như vậy theo nhận định để phá cỡ sự cục bộ này để cho Cái Mép được phát triển vì nó có đủ địa thế thuận lợi... để làm cảng lớn. Đủ tiềm năng là Hải Phòng ở Phía Nam, và định hướng các quỹ đất cảng dọc sông HCM sẽ làm các dự án phát triển nhà ở kết họp TOD, giảm tải đc hạ tầng giao thông xe container đi trong thành phố, bớt áp lực giao thông, cho đi ra các đường vành đai, cao tốc về Cái Mép. Cao tốc Biên Hòa - Vũng Tàu thì 30/4/2025 sẽ thông xe đoạn đi ba Bà Rịa, có nút giao gần dự án. Begin quote, Mr Mike1 -CEO, 4/8/20"
BDS-MASTER-0387,phân lô (,no_map_link_matched,2023-06-22,,nào 47.5tr và vị trí nào 64.8tr 1 Like reaction. Tìm hiểu bên Nhơn Trạch xem dự án phân lô (... by Unknown User,,Nhơn Trạch,batch_835.txt,"[2023-06-22] Tuan Tran-CEO 6/22/2023 10:42 AM Cho cụ thể, ví dụ lô E thì vị trí nào 47.5tr và vị trí nào 64.8tr 1 Like reaction. Tìm hiểu bên Nhơn Trạch xem dự án phân lô (... by Unknown User"
BDS-MASTER-0388,phía Bắc,no_map_link_matched,2023-04-27,,,Vĩnh Phúc,,batch_881.txt,"[2023-04-27] Huy M - IM 4/27/2023 9:13 AM Liên quan đến chuyến công tác các dự án phía Bắc, kế hoạch công việc vẫn theo thời gian đã trình CEO. Riêng A Sơn R&D sẽ thêm 1 ngày mai (28/4) để đi KCN Vĩnh Phúc cùng với A Toán P.TGĐ của Bee Hà Nội để đáng giá thêm. KDT trình CEO Tuan Tran-CEO duyệt à. Ok a by Unknown User"
BDS-MASTER-0467,quy nhơn nha 1 Heart reaction,no_map_link_matched,2023-05-18,,,,,batch_880.txt,[2023-05-18] Tuan Tran-CEO 5/18/2023 3:09 AM Gửi lại em thông tin cái dự án quy nhơn nha 1 Heart reaction. K.ĐT gửi CEO thông tin dự án Greenhill_Quy ... by Huy M - IM
BDS-MASTER-0468,rồi,no_map_link_matched,2023-09-25,,,,,batch_762.txt,"[2023-09-25] Binh Vo-GD-PTDT 9/25/2023 9:54 AM Nhưng nếu bán noxh xong là định vị giá của dự án rồi, Vì cùng khu, và noxh ko thể bán giá cao đượ... by Unknown User"
BDS-MASTER-0268,sau này chỉ có đấu thầu,no_map_link_matched,2025-05-25,,"ok mà, quan trọng là giá đấu thầu như thế nào A Hiếu - PL có báo cáo hồ sơ hiện tại xong sẽ đánh giá cần thông tin gì thêm vs mình cũng phải nghiên cứu chi tiết vào phần đấu thầu. Vì bây giờ thí điểm chỉ gỡ 30% cho các h",,,batch_395.txt,"[2025-05-25] Unknown User 5/25/2025 4:43 PM Vị trí ok mà, quan trọng là giá đấu thầu như thế nào A Hiếu - PL có báo cáo hồ sơ hiện tại xong sẽ đánh giá cần thông tin gì thêm vs mình cũng phải nghiên cứu chi tiết vào phần đấu thầu. Vì bây giờ thí điểm chỉ gỡ 30% cho các hồ sơ hiện trạng đất chưa full ở. Thì dự án sau này chỉ có đấu thầu, đấu giá. Chứ đất full 100% ở thì ko có Nên bộ phận pháp lý mình cần nghiên cứu chi... by Huy M - IM"
BDS-MASTER-0323,sẽ bắt đầu từ quý 4-2026 đến năm 2029,no_map_link_matched,,,,Đồng Nai,Long Thành,batch_592.txt,"[] P.ĐT gửi anh Mr Mike1 -CEO thông tin về tuyến đường sắt nhẹ Thủ Thiêm - Long Thành như sau: Theo Quyết định số 586/QĐ-TTg ban hành ngày 03/07/2024 của Thủ tướng Chính phủ về Phê duyệt Quy hoạch tỉnh Đồng Nai thời kì 2021-2030, tầm nhìn đến 2025 (trang 55) có thông tin về Tuyến đường sắt nhẹ Thủ Thiêm - Long Thành được cập nhật vào Quy hoạch mạng lưới đường sắt thời kỳ 2021-2030, tầm nhìn năm 2050 được Thủ tướng Chính phủ phê duyệt. Tuy nhiên chưa có thông tin chính thức về tiền độ dự án này. Ngoài ra, theo thông tin ngoài lề về tiến độ dự kiến như sau: Link: Tuyến đường sắt Thủ Thiêm - Long Thành dự kiến khởi công vào quý 4-2026 | BÁO SÀI GÒN GIẢI PHÓNG: + Giai đoạn thi công xây dựng dự án sẽ bắt đầu từ quý 4-2026 đến năm 2029; mua sắm trang thiết bị trong năm 2028-2029; + Dự kiến từ năm 2030 vận hành thử, khai thác thương mại. 2024.07.03_586.TTG_Quy hoach tinh Dong Nai 2021-2030-"
BDS-MASTER-0391,team đã đi khảo sát,no_map_link_matched,2023-04-15,,,,,batch_899.txt,"[2023-04-15] Huy M - IM 4/15/2023 11:39 AM Edited Bên Thái tuần này đang trong thời gian nghỉ lễ Tết truyền thống của họ, qua đầu tuần sau sẽ gửi bổ sung thêm các thông tin còn thiếu cho các dự án team đã đi khảo sát. Team sẽ gửi Tuấn báo cáo cho dự án 1ha -Bangkok vào ngày 21/4 nhé."
BDS-MASTER-0078,thay đổi khi thay đổi giá mua dự án và giá bán căn hộ,no_map_link_matched,,,,Đà Nẵng,,batch_035.txt,"[] P.ĐT báo cáo Sếp Admin 01 về cập nhật DA Võ Văn Kiệt (Gộp 2 Lô) theo chỉ tiêu QH dự kiến điều chỉnh, như sau: 1. Quy hoạch: Những thay đổi chính trong PA QH mới: Hệ số tăng từ 13,7 lên 14,7 Tầng cao từ 30 lên 36 tầng Tăng 3.467 m2 sàn kinh doanh ~ tăng 19 căn, từ 833 lên 852, đồng thời Shop điều chỉnh thành 3 tầng. 2. Hiệu quả tài chính: Đơn giá xây dựng All-in vẫn giữ 21 tr/m2 (gồm VAT). Chi phí kinh doanh bán hàng 19%/Doanh thu. Giá bán căn hộ giảm từ 105 xuống còn 99 tr/m2 (gồm VAT), tương đương với giá 90 tr chưa VAT ~ 5 tỷ/căn 56 m2. Giá bán Shop giữ đơn giá tầng 1+2 vẫn 230 tr/m2, tầng 3 còn 110 tr/m2 => Đơn giá bình quân cho căn Shop 3 tầng còn 193 tr/m2 (gồm VAT), ~ 175 tr chưa VAT ~ 50,8 tỷ/căn 3 tầng 290 m2. Hiệu quả tài chính có cải thiện so với phương án gộp cũ (30 tầng nổi, hệ số 13,7 lần) như sau: Độ nhạy dự án thay đổi khi thay đổi giá mua dự án và giá bán căn hộ: Với đ"
BDS-MASTER-0177,theo các phân kỳ,no_map_link_matched,,,,,,batch_392.txt,"[] P.ĐT báo cáo anh Mr Mike1 -CEO, bảng FS Phú Quang cập nhật theo phương án NOTM thay thế NOXH: 1. Các giả định thay đổi trong bài tính: - Giá bán và chi phí được cập nhật: Giá bán tham chiếu theo báo cáo thị trường của P.RnD, chi phí tính tăng lên khoảng 10% để phù hợp với tốc độ trượt giá và tình hình xây dựng hiện tại - Tiền sử dụng đất: Bài tính tiền sử dụng đất cập nhật lại giá thị trường (lên khoảng 50tr/m2) để làm số liệu đầu vào, đồng thời tính toán lại theo quy hoạch mới của P.TKQH. P.ĐT đang giả định thời điểm công ty được giao đất và xác định nghĩa vụ tài chính đợt 2 vào năm 2027. Ngoài ra P.ĐT cũng đã ước tính số tiền đối tác phải đóng cho lần giao đất đợt 1 để lấy số khấu trừ cho tiền sử dụng đất đợt 2. - Quy hoạch: P.ĐT đang tính 2 phương án: PA1: NOXH được chuyển thành khu NOTM thấp tầng PA2: NOXH được chuyển thành khu NOTM cao tầng. - Bài toán kinh doanh: Định hướng P.ĐT"
BDS-MASTER-0470,thì 120 -130 ạ 31 là kích thước sao nhỉ by Admin 01,no_map_link_matched,2026-03-11,,,,,batch_199.txt,[2026-03-11] Admin 01 3/11/2026 12:00 PM Sao bưa nghe 150-170 mà nhỉ giá này là căn ở block đẹp Trung bình cả dự án thì 120 -130 ạ 31 là kích thước sao nhỉ by Admin 01
BDS-MASTER-0474,triển khai,no_map_link_matched,2023-10-19,,,,,batch_756.txt,"[2023-10-19] Huy M - IM 10/19/2023 2:29 PM KĐT gửi CEO Danh sách các dự án triển khai. Chi tiết theo báo cáo đính kèm: Message by Huy M - IM, has an attachment."
BDS-MASTER-0271,tại 02 Tây Thạnh,no_map_link_matched,,,"Mặt tiền đường Tây Thạnh (dài khoảng 65m, lòng đường 16m, vỉa hè mỗi bên 8m). Nằm trong bán kính TOD metro số 2 (chưa xác định chính xác có thuộc ranh đền bù của dự án TOD). Cập nhật sang tên cá nhân ông Phạm Công Danh t",,Tân Phú,batch_094.txt; batch_152.txt; batch_156.txt,"[] P.ĐT xin báo cáo Sếp Admin 01 về cập nhật thêm thông tin khu đất tại 02 Tây Thạnh, Tân Phú như sau: Diện tích đất : 11.221,7 m², đất ở lâu dài, mục đích sử dụng là đất sản xuất kinh doanh. Vị trí: Mặt tiền đường Tây Thạnh (dài khoảng 65m, lòng đường 16m, vỉa hè mỗi bên 8m). Nằm trong bán kính TOD metro số 2 (chưa xác định chính xác có thuộc ranh đền bù của dự án TOD). Cập nhật sang tên cá nhân ông Phạm Công Danh từ ngày 13/06/2006. Hiện Sacombank đang rao đấu giá xử lý nợ. Lịch sử các lần đưa ra đấu giá không thành: Cuối 2023 - Giữa 2024: Mức giá 508,56 tỷ đồng. Tháng 09/2024: Hạ xuống 483,13 tỷ đồng (giảm hơn 25 tỷ) Nửa đầu năm 2025 đến 2026: Đại hạ giá xuống mức 410 tỷ đồng (đơn giá đất khoảng 36,5 triệu/m²). Các rủi ro tiềm ẩn và hiện hữu đối với khu đất : Bẫy thuế TNCN và thủ tục hành chính: Quy chế đấu giá của Sacombank đẩy toàn bộ nghĩa vụ thuế chuyển nhượng (2% trên giá trị trú"
BDS-MASTER-0478,tại các tỉnh phía Bắc,no_map_link_matched,2023-04-17,,,,,batch_898.txt,[2023-04-17] Huy M - IM 4/17/2023 2:26 PM K.ĐT trình CEO Tuan Tran-CEO kế hoạch mới cho công tác khảo sát các dự án tại các tỉnh phía Bắc: image by Huy M - IM
BDS-MASTER-0397,và thị trường khu vực,no_map_link_matched,,,,,,batch_191.txt,"[] Dạ sau khi trao đổi với anh về hiện trạng dự án và thị trường khu vực, P.ĐT có trao đổi với các phòng ban liên quan, hiện P.RD vừa đề xuất lại phương án kinh doanh mới và P.QH đang binh phương án mới phù hợp với quy mô dân số và phương án P.RD đề xuất. Cả 2 phòng đang triển khai song song, sau khi có báo cáo thị trường và phương án QH mới Em sẽ chạy lại FS và báo cáo liền ạ"
BDS-MASTER-0480,vào list theo dõi,no_map_link_matched,2024-06-02,,,,,batch_684.txt,[2024-06-02] Huy M - IM 6/2/2024 9:36 AM Hồi đó mình tính fs là khoảng tháng 8 9/2022 thì thị trường đang nóng sốt à Sau vụ VTP xảy ra thì đối tác có chào lại mình là 850. Team đã có báo cáo lại Tuấn và sau đó đưa dự án vào list theo dõi
BDS-MASTER-0482,à Begin quote,no_map_link_matched,2025-04-11,,,,,batch_459.txt,"[2025-04-11] Huy M - IM 4/11/2025 5:29 PM https://momento360.com/e/u/1af179f2a5e34df980e8fca850113bfa?utm_campaign=embed&utm_source=other&heading=0&pitch=0&field-of-view=75&size=medium&display-plan=true Hiện trạng dự án à Begin quote, Huy Mai-PTDT, 4/11/2025 5:28 P... by Unknown User"
BDS-MASTER-0204,Đặng Văn Bi + Vị trí,no_map_link_matched,,,"31 Trần Não, Quận 2, TP.HCM + Diện tích: 5.835m2 + Hiện trạng: Đang tính phương án 4: 35 tầng VP + tiện ích (gym, hồi bơi,...) + Deadline: 20/05/2026 2. Dự án Đặng Văn Bi + Vị trí: đường Đặng Văn Bi, Phường Thủ Đức, TP H",TP.HCM,Quận 2,batch_093.txt,"[] P.ĐT gửi Sếp list các Dự án: 1. 31 Trần Não + Vị trí: 31 Trần Não, Quận 2, TP.HCM + Diện tích: 5.835m2 + Hiện trạng: Đang tính phương án 4: 35 tầng VP + tiện ích (gym, hồi bơi,...) + Deadline: 20/05/2026 2. Dự án Đặng Văn Bi + Vị trí: đường Đặng Văn Bi, Phường Thủ Đức, TP HCM + Diện Tích, quy mô: Khoảng 4.600 m2, 22 tầng cao, HS SDĐ là 7 + Thông tin sơ bộ: Dự án phát triển chung cư và căn hộ dịch vụ + Deadline: 21/05/2026 3. Dự án sát bên dự án Võ Văn Kiệt - Đà Nẵng. + Diện tích khoảng 2000 m2 + Giả định quy hoạch tương đương với miếng Võ Văn Kiệt. + Tính FS để ra giá có thể mua được. + Dealine: 22/5/2026. 4. H2-02 Tên thương mại Sky Habitat + Vị trí: KDC Cát Lái, tp.HCM + Diện tích: 7.988,9 + Hiện trạng: DA đã có pháp lý tương đối đầy đủ và đã triển khai thông tin trên thị trường. P.ĐT đang rà soát pháp lý tổng thể và đánh giá hiệu quả FS + Deadline: 22/05/2026 5. Bà Kèo + Vị trí: Tr"
BDS-MASTER-0233,đầu tư xây dựng Cao ốc căn hộ Hạnh Phúc,no_map_link_matched,,,"dự án: Số 10 Trần Đại Nghĩa, H. Bình Chánh, TP HCM, link map. 2. Hiện trạng: + Pháp lý: * Giấy CN QSD đất: 6.952 m2, đất SXKD cấp năm 2005 - thời hạn lâu dài - Chủ là DN tư nhân Thanh Tùng. * QĐ 54/QĐ-SXD-PTN ngày 29/04/",TPHCM,,batch_068.txt,"[] Phòng ĐT báo cáo Sếp Admin 01 về sơ bộ DA Chung cư Hạnh Phúc (Nguồn Mr.Khôi), diện tích đất gần 7.000 m2, đường Trần Đại Nghĩa, H.Bình Chánh, TPHCM : 1. Vị trí dự án: Số 10 Trần Đại Nghĩa, H. Bình Chánh, TP HCM, link map. 2. Hiện trạng: + Pháp lý: * Giấy CN QSD đất: 6.952 m2, đất SXKD cấp năm 2005 - thời hạn lâu dài - Chủ là DN tư nhân Thanh Tùng. * QĐ 54/QĐ-SXD-PTN ngày 29/04/2008 của Sở Xây dựng TP.HCM – Phê duyệt dự án đầu tư xây dựng Cao ốc căn hộ Hạnh Phúc, về Quy định pháp lý xây dựng thì QĐ này tương đương với ~ GPXD thời điểm đó. * QĐ số 4448/QĐ-UBND ngày 11/10/2008 của UBND TP.HCM – Giao đất cho Doanh nghiệp tư nhân Thanh Tùng để xây dựng nhà ở chung cư. Tuy nhiên, doanh nghiệp Chưa hoàn thành nghĩa vụ tài chính khi chuyển Mục đích SKC sang đất ở xây dựng chung cư. + Xây dựng: Đã xây lên tầng 5 từ 2018 và bỏ hoang đến nay. + Bán hàng: Đã mở bán từ 2018, và có thông tin"
BDS-MASTER-0234,đã có sổ riêng từng nền,no_map_link_matched,,,đề xuất đầu tư sẽ tiệm cận giá hiện hữu tại khu vực Quận 9 nên mức,,Quận 9,batch_784.txt,"[] Phòng Đầu tư và R&D gửi anh Tuan Tran-CEO đề xuất đầu tư khu vực giữa Quận 9 và Nhơn Trạch như sau: 1/ Cơ sở đề xuất: 1.1/ Phát triển cơ sở hạ tầng a/ Quận 9: Tuyến Metro số 1 (dự kiến hoàn thành cuối năm 2023 và đi vào hoạt động năm 2024) Tuyến Vành đai 2 sẽ được tháo gỡ khó khăn để tái khởi động trong thời gian tới Tuyến đường Vành đai 3 (đã bàn giao gần 92% mặt bằng để thực hiện dự án, dự kiến thông xe vào cuối năm 2025) Mở rộng tuyến đường cao tốc Long Thành – Dầu Giây (đoạn từ nút giao An Phú đến cao tốc Biên Hòa – Vũng Tàu, dự kiến hoàn thành năm 2026) Tuyến đường Song Hành cao tốc Long Thành – Dầu Giây (đoạn từ nút giao An Phú – Tam Đa), b/ Huyện Nhơn Trạch: Cầu Nhơn Trạch (đang trong quá trình xây dựng, 2022-2026) Tuyến đường Vành đai 3 (đang trong quá trình GPMB và đền bù giải tỏa) Tuyến đường 25C (kết nối sân bay Long Thành và Vành đai 3) Cao tốc Bến Lức – Long Thành (2014-2"
BDS-MASTER-0484,đã xong phần đất,no_map_link_matched,2025-07-01,,,,,batch_354.txt,"[2025-07-01] Unknown User 7/1/2025 2:21 PM https://vt.tiktok.com/ZSBYP8yJ5/ Việc này sẽ lợi cho người dân có đất để chuyển mục đích, hoặc dự án đã xong phần đất. Dự án Khi chuyển mục đích sử dụng đất sẽ được khấu trừ nhiều hơn. Nhưng quay ngược lại đi gom đất, hoặc đấu thầu bồi thường đơn giá đất nn lại tăng cao"
BDS-MASTER-0406,đấu thầu 386ha - N,no_map_link_matched,,,vào số liệu chi tiết tổng mức đầu tư của từng phân khu. Trân trọng. Bản đồ không có tiêu đề - Google My Maps (IN) 2025.07.15 Cụm DA đấu thầu 386ha - N,,,batch_379.txt,[] Phòng xin gửi đính kèm vị trí vào số liệu chi tiết tổng mức đầu tư của từng phân khu. Trân trọng. Bản đồ không có tiêu đề - Google My Maps (IN) 2025.07.15 Cụm DA đấu thầu 386ha - N
BDS-MASTER-0274,đấu thầu tại Đà Nẵng,no_map_link_matched,2025-05-13,,", khoảng cách đến trung tâm thành phố và kết nối khu dân cư; Ưu thế về view sông và đường hiện trạng; Chỉ tiêu quy hoạch về chức năng ở, diện tích thương phẩm; Hiện trạng dân cư bên trong phạm vi khu đất: tình trạng nhà",Đà Nẵng,,batch_415.txt,"[2025-05-13] Hanh T - INVT 5/13/2025 7:09 PM Edited Translate P.Đầu tư báo cáo Anh Mr Mike1 -CEO về các khu đất dự án đấu thầu tại Đà Nẵng như sau: Theo Báo cáo số 106/BC-UBND của UBND Đà Nẵng ngày 20 tháng 3 năm 2025 về Danh mục các khu đất thực hiện đấu thầu thì có tất cả là 13 khu đất, trong đó gồm 10 khu đất khu đô thị (thông qua Hội đồng nhân dân) và 03 dự án giáo dục. Trong báo cáo này, P. ĐT chỉ sẽ tập trung vào xem xét đánh giá sơ bộ 10 khu đất quy hoạch khu đô thị. Theo đó, qua chuyến khảo sát thực tế các khu đất dự án và dựa trên các tiêu chí về: Kết nối giao thông hiện trạng/quy hoạch, hình dáng khu đất, độ rộng của mặt tiền kết nối đường giao thông; Vị trí, khoảng cách đến trung tâm thành phố và kết nối khu dân cư; Ưu thế về view sông và đường hiện trạng; Chỉ tiêu quy hoạch về chức năng ở, diện tích thương phẩm; Hiện trạng dân cư bên trong phạm vi khu đất: tình trạng nhà ở, c"
BDS-MASTER-0487,để nuôi sale nên chốt mua luôn ạ,no_map_link_matched,2023-09-07,,,,,batch_765.txt,"[2023-09-07] Thao L - INVT 9/7/2023 5:48 PM Theo thông tin bên lề DX biết mấy cái bất lợi, lợi nhuận cũng k được cao nhưng được cái PL okie với nó cần dự án để nuôi sale nên chốt mua luôn ạ"
BDS-MASTER-0488,📄 File,no_map_link_matched,2024-12-06,,,,,batch_584.txt,[2024-12-06] Huy M - IM 12/6/2024 8:02 AM Và báo cáo đánh giá của PLDA 📄 File: 230529 BC PLDA da Viet An_Thuan An.docx Mình đã có báo cáo Ply của PLDA đã đánh giá rồi à 4. Ý kiến của Phòng: - Ưu điểm: khu đất c... by Huy M - IM
BDS-MASTER-0334,📷 2,no_map_link_matched,,,VÀ RANH ĐẤT 2 LÔ ĐẤT: Vị trí theo đường link: Vị Trí Dự án 📷 2. THÔNG SỐ QUY HOẠCH Trên cơ sở… PA gộp 2 miến VVK nhé Sếp,,,batch_042.txt,[] P.ĐT báo cáo Sếp Admin 01 về phương án gộp 2 lô Võ Văn Kiệt ~ diện tích 4.600 m2 như sau: 1. VỊ TRÍ VÀ RANH ĐẤT 2 LÔ ĐẤT: Vị trí theo đường link: Vị Trí Dự án 📷 2. THÔNG SỐ QUY HOẠCH Trên cơ sở… PA gộp 2 miến VVK nhé Sếp
BDS-MASTER-0096,168ha gần Khu Đa,short_link_unresolved,2022-07-19,https://goo.gl/maps/35GfKER,"của quỹ đất, cụ thể: Vị trí và hiện trang: Hẻm đường Quốc lộ 50, xã Phong Phú, Huyện Bình Chánh, TPHCM, cách quốc lộ 50 khoảng 1.4km, có 3.7km tiếp giáp với sông rạch, cách trung tâm Q1 TPHCM khoảng 18km Quỹ đất kết nối",TPHCM,,batch_928.txt,"[2022-07-19] Trieu Nguyen-PTDT 7/19/2022 5:50 PM Em gửi anh Tuan Tran-CEO báo cáo nhanh quỹ đất 168ha tại xã Phong Phú, H. Bình Chánh, TPHCM với giá chào 2.5tr/m2, vì chưa được cung cấp hồ sơ pháp lý nên KĐT đánh gia nhanh về thị trường và vị trí của quỹ đất, cụ thể: Vị trí và hiện trang: Hẻm đường Quốc lộ 50, xã Phong Phú, Huyện Bình Chánh, TPHCM, cách quốc lộ 50 khoảng 1.4km, có 3.7km tiếp giáp với sông rạch, cách trung tâm Q1 TPHCM khoảng 18km Quỹ đất kết nối với đường Quốc lộ 50 thông qua 2 hẻm nhỏ, được lát bê tông 1 phần (có độ rộng khoảng 2.5m khi càng đến gần dự án) Hiện trạng đất có nhiều ao hồ, rạch, cây cối um tùm dọc 2 bên đường dẫn đến chi phí san lắp mặt bằng sẽ cao Cách khu xử lý chất thải Đa Phước 1 con rạch Khu vực dân cư thưa thớt vì ảnh hưởng ô nhiêm bởi Khu xử lý chất thải Đa Phước Quy hoạch sử dụng đất: 50% quỹ đất quy hoạch đất xử lý chất thải, 50% quỹ đất quy hoạch"
BDS-MASTER-0277,168ha gần Khu Đa Phước - OneDrive (sharepoint,short_link_unresolved,2022-07-19,https://goo.gl/maps/35GfKER,,,,batch_928.txt,[2022-07-19] Trieu Nguyen-PTDT 7/19/2022 5:50 PM Edited Link Onedrive: Dự án 168ha gần Khu Đa Phước - OneDrive (sharepoint.com) Link Map: Link https://goo.gl/maps/35GfKER... by Unknown User
BDS-MASTER-0441,của DIG rồi ạ Begin quote,short_link_unresolved,2025-04-18,https://maps.app.goo.gl/5iiRqTtYeBvcHiWK6?g_st=com.microsoft.skype.teams.extshare,"và ranh đất các dự án của DIG rồi ạ Begin quote, Huy Mai-PTDT , 4/18/2025 7:00 ... by Unknown User",,,batch_441.txt,"[] Dạ anh, em sẽ chia sẻ định vị dự án, Phòng cũng đã có cập nhập vị trí và ranh đất các dự án của DIG rồi ạ Begin quote, Huy Mai-PTDT , 4/18/2025 7:00 ... by Unknown User"
BDS-MASTER-0202,này nằm trong KCN Thái Hòa-Liễn Sơn-Liên Hòa Khu vực II Vị trí KCN,short_link_unresolved,2023-06-23,https://goo.gl/maps/ZVuC7,KCN: Link https://goo.gl/maps/ZVuC7... by Unknown User,Vĩnh Phúc,,batch_820.txt,"[2023-06-23] Unknown User 6/23/2023 9:51 AM Chuyển nhượng 3 lô đất trong Khu Công Nghiệp tỉnh Vĩnh Phúc: 5ha, 11,3ha và 14,8ha Pháp lý ngon lành, hạ tầng đang thi công Giá siêu rẻ chỉ 85usd/m2 Lh 0966566546 Các khu đất này nằm trong KCN Thái Hòa-Liễn Sơn-Liên Hòa Khu vực II Vị trí KCN: Link https://goo.gl/maps/ZVuC7... by Unknown User"
BDS-MASTER-0231,trong Khu Công Nghiệp tỉnh Vĩnh Phúc,short_link_unresolved,2023-06-23,https://goo.gl/maps/ZVuC7,ở đâu nha mng by Unknown User,Vĩnh Phúc,,batch_821.txt,"[2023-06-23] Tuan Tran-CEO 6/23/2023 9:51 AM Chuyển nhượng 3 lô đất trong Khu Công Nghiệp tỉnh Vĩnh Phúc: 5ha, 11,3ha và 14,8ha Pháp lý ngon lành, hạ tầng đang thi công Giá siêu rẻ chỉ 85usd/m2 Lh 0966566546 Check xem vị trí ở đâu nha mng by Unknown User"
