a_id,a_name,b_id,b_name,score,reasons,a_date,b_date,a_coords,b_coords,a_map,b_map
BDS-MASTER-0020,khách sạn Felicia Đà Nẵng,BDS-MASTER-0310,khách sạn Felicia Đà Nẵng,210,name_sim=1.00; same_map_link; same_coord_0m; same_source_similar_name,2024-10-15,2024-10-15,"16.053387, 108.247727","16.053387, 108.247727",https://maps.app.goo.gl/xQZeRwkJHuyDhx496,https://maps.app.goo.gl/xQZeRwkJHuyDhx496
BDS-MASTER-0030,Felecia,BDS-MASTER-0419,Felecia,210,name_sim=1.00; same_map_link; same_coord_0m; same_source_similar_name,2025-06-28,2025-06-28,"16.0530123, 108.246819","16.0530123, 108.246819",https://maps.app.goo.gl/u5QRXoNjSCh5uxRx5,https://maps.app.goo.gl/u5QRXoNjSCh5uxRx5
BDS-MASTER-0129,Hải Nhân 4,BDS-MASTER-0245,Hải Nhân,210,name_sim=1.00; same_map_link; same_coord_0m; same_source_similar_name,,,"10.970034, 106.715651","10.970034, 106.715651",https://maps.app.goo.gl/t178LDzcrFtjxgEz9,https://maps.app.goo.gl/t178LDzcrFtjxgEz9
BDS-MASTER-0129,Hải Nhân 4,BDS-MASTER-0423,HAI NHAN,210,name_sim=1.00; same_map_link; same_coord_0m; same_source_similar_name,,,"10.970034, 106.715651","10.970034, 106.715651",https://maps.app.goo.gl/t178LDzcrFtjxgEz9,https://maps.app.goo.gl/t178LDzcrFtjxgEz9
BDS-MASTER-0188,Parklane,BDS-MASTER-0493,Parklane P,210,name_sim=1.00; same_map_link; same_coord_0m; same_source_similar_name,,,"10.970034, 106.715651","10.970034, 106.715651",https://maps.app.goo.gl/t178LDzcrFtjxgEz9,https://maps.app.goo.gl/t178LDzcrFtjxgEz9
BDS-MASTER-0245,Hải Nhân,BDS-MASTER-0423,HAI NHAN,210,name_sim=1.00; same_map_link; same_coord_0m; same_source_similar_name,,,"10.970034, 106.715651","10.970034, 106.715651",https://maps.app.goo.gl/t178LDzcrFtjxgEz9,https://maps.app.goo.gl/t178LDzcrFtjxgEz9
BDS-MASTER-0284,Cát Lái từ P,BDS-MASTER-0418,Cát Lái,210,name_sim=1.00; same_map_link; same_coord_0m; same_source_similar_name,,,"10.8486272, 106.7188746","10.8486272, 106.7188746",https://maps.app.goo.gl/oHEYY6H9GGykdD9C6,https://maps.app.goo.gl/oHEYY6H9GGykdD9C6
BDS-MASTER-0005,Khu gia đình quân nhân quân chủng PK-KQ (8,BDS-MASTER-0217,Khu gia đình quân nhân quân chủng PK-KQ (8,185,name_sim=1.00; same_map_link; same_coord_0m,,,"10.958864, 106.824125","10.958864, 106.824125",https://maps.app.goo.gl/ET75kfpwVX837fEE6; https://maps.app.goo.gl/47PLkeuNfzKvw38w8; https://maps.app.goo.gl/RXcEPNYx6EwAbDxF9,https://maps.app.goo.gl/ET75kfpwVX837fEE6; https://maps.app.goo.gl/47PLkeuNfzKvw38w8; https://maps.app.goo.gl/RXcEPNYx6EwAbDxF9
BDS-MASTER-0009,Hội An Riverside Resort & Spa,BDS-MASTER-0213,Hội An Riverside Resort & Spa,185,name_sim=1.00; same_map_link; same_coord_0m,2024-12-25,2024-11-15,"15.8884285, 108.3559502","15.8884285, 108.3559502",https://maps.app.goo.gl/zNrudtbb4kMk2xxv5,https://maps.app.goo.gl/zNrudtbb4kMk2xxv5
BDS-MASTER-0022,Cao tầng 31 Trần Não,BDS-MASTER-0184,Cao tầng 31 Trần Não,185,name_sim=1.00; same_map_link; same_coord_0m,2024-12-11,2024-12-11,"10.9466553, 106.7451751","10.9466553, 106.7451751",https://maps.app.goo.gl/uKe9j2z7xKHjdR8A7,https://maps.app.goo.gl/uKe9j2z7xKHjdR8A7
BDS-MASTER-0026,Hoàng Cát Center có quy mô 7,BDS-MASTER-0342,Hoàng Cát Center có quy mô 7,185,name_sim=1.00; same_map_link; same_coord_0m,2024-10-14,2024-10-14,"11.2642452, 106.6299351","11.2642452, 106.6299351",https://maps.app.goo.gl/s62kTxdTsTQvQHDJ9,https://maps.app.goo.gl/s62kTxdTsTQvQHDJ9
BDS-MASTER-0032,cao tầng với tổng diện tích đất dự án là 10,BDS-MASTER-0194,cao tầng với tổng diện tích đất dự án là 10,185,name_sim=1.00; same_map_link; same_coord_0m,2024-09-25,2024-09-25,"10.2276353, 103.9586651","10.2276353, 103.9586651",https://maps.app.goo.gl/K3ASKRs9Sc5yfa9z9,https://maps.app.goo.gl/K3ASKRs9Sc5yfa9z9
BDS-MASTER-0033,chung cư Hòa Xuân,BDS-MASTER-0358,chung cư Hòa Xuân,185,name_sim=1.00; same_map_link; same_coord_0m,2024-09-27,2024-09-27,"16.0086551, 108.2168251","16.0086551, 108.2168251",https://maps.app.goo.gl/XwfK6AzNVqs5eFX17; https://maps.app.goo.gl/QAU1JqmdETLn951C,https://maps.app.goo.gl/XwfK6AzNVqs5eFX17; https://maps.app.goo.gl/QAU1JqmdETLn951C
BDS-MASTER-0036,thấp tầng Phú An Hội giáp mặt tiền Tôn Đức Thắng (25B),BDS-MASTER-0325,thấp tầng Phú An Hội giáp mặt tiền Tôn Đức Thắng (25B),185,name_sim=1.00; same_map_link; same_coord_0m,2024-11-09,2024-11-09,"10.7267333, 106.8916171","10.7267333, 106.8916171",https://maps.app.goo.gl/B98HY6ThSbAhg1a98,https://maps.app.goo.gl/B98HY6ThSbAhg1a98
BDS-MASTER-0039,Khu Công Nghiệp Và Khu Phi Thuế Quan Xuân Cầu tại Khu Cảng Cửa Ngõ Quốc Tế Lạch Huyện,BDS-MASTER-0247,Khu Công Nghiệp Và Khu Phi Thuế Quan Xuân Cầu tại Khu Cảng Cửa Ngõ Quốc Tế Lạch Huyện,185,name_sim=1.00; same_map_link; same_coord_0m,2024-01-09,2024-01-09,"20.8226239, 106.8725158","20.8226239, 106.8725158",https://maps.app.goo.gl/uLPtqwAnwnevw4zz7,https://maps.app.goo.gl/uLPtqwAnwnevw4zz7
BDS-MASTER-0134,Khu đô thị mới Bắc Quán Hành tại thị trấn Quán Hành,BDS-MASTER-0347,Khu đô thị Bắc Quán Hành tại thị trấn Quán Hành,185,name_sim=0.88; same_map_link; same_coord_0m,2023-07-03,2023-06-21,"18.790696, 105.6402651","18.790696, 105.6402651",https://goo.gl/maps/FmDxfXdHa9mdoGK99,https://goo.gl/maps/FmDxfXdHa9mdoGK99
BDS-MASTER-0119,Đông Trung,BDS-MASTER-0483,Đông Trung tại Thuận An,165,same_map_link; same_coord_0m; same_source_similar_name,2022-11-02,2022-09-07,"20.185875, 106.3661313","20.185875, 106.3661313",https://goo.gl/maps/Y5rcVkPSFzuYQtaJ7; https://goo.gl/maps/tu8NToyeSY9qMEt19,https://goo.gl/maps/Y5rcVkPSFzuYQtaJ7; https://goo.gl/maps/tu8NToyeSY9qMEt19
BDS-MASTER-0258,dự kiến hợp tác vs,BDS-MASTER-0306,dự kiến hợp tác vs park hyatt,165,same_map_link; same_coord_0m; same_source_similar_name,2022-08-10,2022-08-10,"11.0196953, 108.2482713","11.0196953, 108.2482713",https://goo.gl/maps/9VManjp1YiqeSC1A8,https://goo.gl/maps/9VManjp1YiqeSC1A8
BDS-MASTER-0144,không đạt hiệu quả tài chính,BDS-MASTER-0174,không đạt hiệu quả tài,150,name_sim=0.80; same_map_link; same_source_similar_name,2023-04-11,2022-12-14,"10.7859743, 106.6805759","21.250395, 105.5350413",https://goo.gl/maps/AivqKgNA3GRARDNZ7; https://goo.gl/maps/eqfdgJBc7XT7VhAW8,https://goo.gl/maps/eqfdgJBc7XT7VhAW8
BDS-MASTER-0002,Trần Đức 1 2.8ha Thuận Giao,BDS-MASTER-0055,Chưa đặt tên,140,same_map_link; same_coord_0m,,2026-06-29,"10.970034, 106.715651","10.970034, 106.715651",https://maps.app.goo.gl/t178LDzcrFtjxgEz9,https://www.google.com/maps?q=10.8403809; https://maps.app.goo.gl/LU2Nvzo1LBLur6; https://maps.app.goo.gl/7uS84wL1B4oMwKEw9?g_st=ipc; https://www.google.com/maps/d/edit?mid; https://www.google.com/maps/d/edit?mid=1HzxvPX
BDS-MASTER-0002,Trần Đức 1 2.8ha Thuận Giao,BDS-MASTER-0121,(FS),140,same_map_link; same_coord_0m,,,"10.970034, 106.715651","10.970034, 106.715651",https://maps.app.goo.gl/t178LDzcrFtjxgEz9,https://maps.app.goo.gl/t178LDzcrFtjxgEz9
BDS-MASTER-0002,Trần Đức 1 2.8ha Thuận Giao,BDS-MASTER-0129,Hải Nhân 4,140,same_map_link; same_coord_0m,,,"10.970034, 106.715651","10.970034, 106.715651",https://maps.app.goo.gl/t178LDzcrFtjxgEz9,https://maps.app.goo.gl/t178LDzcrFtjxgEz9
BDS-MASTER-0002,Trần Đức 1 2.8ha Thuận Giao,BDS-MASTER-0140,cao tầng tại Trung tâm Quận 9 (TPHCM) với quy mô 3,140,same_map_link; same_coord_0m,,2026-07-02,"10.970034, 106.715651","10.970034, 106.715651",https://maps.app.goo.gl/t178LDzcrFtjxgEz9,https://maps.app.goo.gl/t178LDzcrFtjxgEz9
BDS-MASTER-0002,Trần Đức 1 2.8ha Thuận Giao,BDS-MASTER-0146,không đạt được hiệu quả với NPV,140,same_map_link; same_coord_0m,,,"10.970034, 106.715651","10.970034, 106.715651",https://maps.app.goo.gl/t178LDzcrFtjxgEz9,https://maps.app.goo.gl/t178LDzcrFtjxgEz9
BDS-MASTER-0002,Trần Đức 1 2.8ha Thuận Giao,BDS-MASTER-0160,KDC An Tôn theo 02 phương án quy hoạch,140,same_map_link; same_coord_0m,,,"10.970034, 106.715651","10.970034, 106.715651",https://maps.app.goo.gl/t178LDzcrFtjxgEz9,https://maps.app.goo.gl/t178LDzcrFtjxgEz9
BDS-MASTER-0002,Trần Đức 1 2.8ha Thuận Giao,BDS-MASTER-0188,Parklane,140,same_map_link; same_coord_0m,,,"10.970034, 106.715651","10.970034, 106.715651",https://maps.app.goo.gl/t178LDzcrFtjxgEz9,https://maps.app.goo.gl/t178LDzcrFtjxgEz9
BDS-MASTER-0002,Trần Đức 1 2.8ha Thuận Giao,BDS-MASTER-0220,Richland Quận 9,140,same_map_link; same_coord_0m,,2026-07-02,"10.970034, 106.715651","10.970034, 106.715651",https://maps.app.goo.gl/t178LDzcrFtjxgEz9,https://maps.app.goo.gl/t178LDzcrFtjxgEz9
BDS-MASTER-0002,Trần Đức 1 2.8ha Thuận Giao,BDS-MASTER-0232,trên có diện tích hơn 77ha,140,same_map_link; same_coord_0m,,2025-08-13,"10.970034, 106.715651","10.970034, 106.715651",https://maps.app.goo.gl/t178LDzcrFtjxgEz9,https://maps.app.goo.gl/t178LDzcrFtjxgEz9
BDS-MASTER-0002,Trần Đức 1 2.8ha Thuận Giao,BDS-MASTER-0245,Hải Nhân,140,same_map_link; same_coord_0m,,,"10.970034, 106.715651","10.970034, 106.715651",https://maps.app.goo.gl/t178LDzcrFtjxgEz9,https://maps.app.goo.gl/t178LDzcrFtjxgEz9
BDS-MASTER-0002,Trần Đức 1 2.8ha Thuận Giao,BDS-MASTER-0252,Sông Đà - Quốc Cường Gia Lai (Nguồn từ Mr Tiến R&D) có giá chào 6,140,same_map_link; same_coord_0m,,,"10.970034, 106.715651","10.970034, 106.715651",https://maps.app.goo.gl/t178LDzcrFtjxgEz9,https://maps.app.goo.gl/t178LDzcrFtjxgEz9
BDS-MASTER-0002,Trần Đức 1 2.8ha Thuận Giao,BDS-MASTER-0257,do mình có điều chỉnh qh 1/500,140,same_map_link; same_coord_0m,,2023-09-25,"10.970034, 106.715651","10.970034, 106.715651",https://maps.app.goo.gl/t178LDzcrFtjxgEz9,https://maps.app.goo.gl/t178LDzcrFtjxgEz9
BDS-MASTER-0002,Trần Đức 1 2.8ha Thuận Giao,BDS-MASTER-0288,KS 25 Trần Phú sẽ đi theo PA 5 tầng nổi + 1 tầng hầm,140,same_map_link; same_coord_0m,,2025-04-28,"10.970034, 106.715651","10.970034, 106.715651",https://maps.app.goo.gl/t178LDzcrFtjxgEz9,https://maps.app.goo.gl/t178LDzcrFtjxgEz9
BDS-MASTER-0002,Trần Đức 1 2.8ha Thuận Giao,BDS-MASTER-0297,Với phương án của mình trước là làm phân kh,140,same_map_link; same_coord_0m,,2023-09-25,"10.970034, 106.715651","10.970034, 106.715651",https://maps.app.goo.gl/t178LDzcrFtjxgEz9,https://maps.app.goo.gl/t178LDzcrFtjxgEz9
BDS-MASTER-0002,Trần Đức 1 2.8ha Thuận Giao,BDS-MASTER-0327,triển khai chưa mng Team đã trao đổi với A Sơn Trợ lý để lên list các dự án này à,140,same_map_link; same_coord_0m,,2023-10-15,"10.970034, 106.715651","10.970034, 106.715651",https://maps.app.goo.gl/t178LDzcrFtjxgEz9,https://maps.app.goo.gl/t178LDzcrFtjxgEz9
BDS-MASTER-0002,Trần Đức 1 2.8ha Thuận Giao,BDS-MASTER-0360,chưa bàn giao nên chưa dc vào ở à,140,same_map_link; same_coord_0m,,2025-04-11,"10.970034, 106.715651","10.970034, 106.715651",https://maps.app.goo.gl/t178LDzcrFtjxgEz9,https://maps.app.goo.gl/t178LDzcrFtjxgEz9
BDS-MASTER-0002,Trần Đức 1 2.8ha Thuận Giao,BDS-MASTER-0363,có giá vốn đất thấp trong khi hệ số cao (trên 11 chấm),140,same_map_link; same_coord_0m,,,"10.970034, 106.715651","10.970034, 106.715651",https://maps.app.goo.gl/t178LDzcrFtjxgEz9,https://maps.app.goo.gl/t178LDzcrFtjxgEz9
BDS-MASTER-0002,Trần Đức 1 2.8ha Thuận Giao,BDS-MASTER-0396,trên có diện tích,140,same_map_link; same_coord_0m,,2025-08-13,"10.970034, 106.715651","10.970034, 106.715651",https://maps.app.goo.gl/t178LDzcrFtjxgEz9,https://maps.app.goo.gl/t178LDzcrFtjxgEz9
BDS-MASTER-0002,Trần Đức 1 2.8ha Thuận Giao,BDS-MASTER-0423,HAI NHAN,140,same_map_link; same_coord_0m,,,"10.970034, 106.715651","10.970034, 106.715651",https://maps.app.goo.gl/t178LDzcrFtjxgEz9,https://maps.app.goo.gl/t178LDzcrFtjxgEz9
BDS-MASTER-0002,Trần Đức 1 2.8ha Thuận Giao,BDS-MASTER-0493,Parklane P,140,same_map_link; same_coord_0m,,,"10.970034, 106.715651","10.970034, 106.715651",https://maps.app.goo.gl/t178LDzcrFtjxgEz9,https://maps.app.goo.gl/t178LDzcrFtjxgEz9
BDS-MASTER-0002,Trần Đức 1 2.8ha Thuận Giao,BDS-MASTER-0502,thì họ sẽ làm như thế nào Huy M - IM Rồi anh tính phương án thử by Admin 01,140,same_map_link; same_coord_0m,,,"10.970034, 106.715651","10.970034, 106.715651",https://maps.app.goo.gl/t178LDzcrFtjxgEz9,https://maps.app.goo.gl/t178LDzcrFtjxgEz9
BDS-MASTER-0002,Trần Đức 1 2.8ha Thuận Giao,BDS-MASTER-0503,đã được đưa vào danh sách thí điểm 171 Số thự tự 41,140,same_map_link; same_coord_0m,,,"10.970034, 106.715651","10.970034, 106.715651",https://maps.app.goo.gl/t178LDzcrFtjxgEz9,https://maps.app.goo.gl/t178LDzcrFtjxgEz9
BDS-MASTER-0003,cao tầng Icon Plaza,BDS-MASTER-0299,cao tầng phải đầu tư 2–3 tầng hầm Trường hợp cần rà soát chi tiết và cập nhật chính xác hơn,140,same_map_link; same_coord_0m,2025-03-14,2026-05-27,"10.9572431, 106.7389459","10.9572431, 106.7389459",https://maps.app.goo.gl/xomcfbw3UHPYcLxG8,https://maps.app.goo.gl/xomcfbw3UHPYcLxG8
BDS-MASTER-0003,cao tầng Icon Plaza,BDS-MASTER-0332,đối diện hiện tại là giá chào của khách lẻ,140,same_map_link; same_coord_0m,2025-03-14,,"10.9572431, 106.7389459","10.9572431, 106.7389459",https://maps.app.goo.gl/xomcfbw3UHPYcLxG8,https://maps.app.goo.gl/xomcfbw3UHPYcLxG8
BDS-MASTER-0003,cao tầng Icon Plaza,BDS-MASTER-0428,Phượng Hoàng theo Chính sách bán hàng mới từ Mr Cường (SM),140,same_map_link; same_coord_0m,2025-03-14,2025-09-10,"10.9572431, 106.7389459","10.9572431, 106.7389459",https://maps.app.goo.gl/xomcfbw3UHPYcLxG8,https://maps.app.goo.gl/xomcfbw3UHPYcLxG8
BDS-MASTER-0003,cao tầng Icon Plaza,BDS-MASTER-0459,này sau phải tăng chi phí này lên by Unknown User,140,same_map_link; same_coord_0m,2025-03-14,2025-03-14,"10.9572431, 106.7389459","10.9572431, 106.7389459",https://maps.app.goo.gl/xomcfbw3UHPYcLxG8,https://maps.app.goo.gl/xomcfbw3UHPYcLxG8
BDS-MASTER-0004,Cao tầng 31 Trần Não,BDS-MASTER-0104,Bãi Kèo Phú Quốc,140,same_map_link; same_coord_0m,2025-02-11,,"10.7964935, 106.7288642","10.7964935, 106.7288642",https://maps.app.goo.gl/AoJAreLLvUUHzVVw5,https://maps.app.goo.gl/AoJAreLLvUUHzVVw5
BDS-MASTER-0004,Cao tầng 31 Trần Não,BDS-MASTER-0201,này có các vấn đề pháp lý chưa rõ và cần Phòng pháp lý dự án đánh giá chi tiết,140,same_map_link; same_coord_0m,2025-02-11,2025-06-05,"10.7964935, 106.7288642","10.7964935, 106.7288642",https://maps.app.goo.gl/AoJAreLLvUUHzVVw5,https://maps.app.goo.gl/AoJAreLLvUUHzVVw5
BDS-MASTER-0004,Cao tầng 31 Trần Não,BDS-MASTER-0317,này hiện chỉ đóng tiền sử dụng đát trên diện tích đất xây dựng thay vì diện tích đất toàn khu đối với toàn khu,140,same_map_link; same_coord_0m,2025-02-11,2025-03-16,"10.7964935, 106.7288642","10.7964935, 106.7288642",https://maps.app.goo.gl/AoJAreLLvUUHzVVw5,https://maps.app.goo.gl/AoJAreLLvUUHzVVw5
BDS-MASTER-0005,Khu gia đình quân nhân quân chủng PK-KQ (8,BDS-MASTER-0333,ạ! Về phần diện tích đất cũng same same với nh,140,same_map_link; same_coord_0m,,2023-06-07,"10.958864, 106.824125","10.958864, 106.824125",https://maps.app.goo.gl/ET75kfpwVX837fEE6; https://maps.app.goo.gl/47PLkeuNfzKvw38w8; https://maps.app.goo.gl/RXcEPNYx6EwAbDxF9,https://maps.app.goo.gl/ET75kfpwVX837fEE6; https://maps.app.goo.gl/47PLkeuNfzKvw38w8; https://maps.app.goo.gl/RXcEPNYx6EwAbDxF9
BDS-MASTER-0006,NOXH khu vực Nhơn Trạch,BDS-MASTER-0012,NOXH khu vực Phước An,140,same_map_link; same_coord_0m,,2025-07-14,"10.674157, 106.929268","10.674157, 106.929268",https://maps.app.goo.gl/Fsyo4xmwK3kmzbC9A; https://maps.app.goo.gl/hMM3KEF5KhFhsZJi7,https://maps.app.goo.gl/Fsyo4xmwK3kmzbC9A; https://maps.app.goo.gl/hMM3KEF5KhFhsZJi7
BDS-MASTER-0006,NOXH khu vực Nhơn Trạch,BDS-MASTER-0111,Phú Quang,140,same_map_link; same_coord_0m,,2025-07-15,"10.674157, 106.929268","10.674157, 106.929268",https://maps.app.goo.gl/Fsyo4xmwK3kmzbC9A; https://maps.app.goo.gl/hMM3KEF5KhFhsZJi7,https://maps.app.goo.gl/Fsyo4xmwK3kmzbC9A; https://maps.app.goo.gl/hMM3KEF5KhFhsZJi7
BDS-MASTER-0006,NOXH khu vực Nhơn Trạch,BDS-MASTER-0384,nêu trên (QĐ 789 cho khu đất 2,140,same_map_link; same_coord_0m,,2025-06-26,"10.674157, 106.929268","10.674157, 106.929268",https://maps.app.goo.gl/Fsyo4xmwK3kmzbC9A; https://maps.app.goo.gl/hMM3KEF5KhFhsZJi7,https://maps.app.goo.gl/Fsyo4xmwK3kmzbC9A; https://maps.app.goo.gl/hMM3KEF5KhFhsZJi7
BDS-MASTER-0007,Diamond Garden Đào Trí Phú Thuận,BDS-MASTER-0237,1 - Lợi nhuận trước thuế/TMĐT 22,140,same_map_link; same_coord_0m,,2024-09-18,"10.727928, 106.742496","10.727928, 106.742496",https://maps.app.goo.gl/GdiSL1z7fBFtk3tr8,https://maps.app.goo.gl/GdiSL1z7fBFtk3tr8
BDS-MASTER-0007,Diamond Garden Đào Trí Phú Thuận,BDS-MASTER-0313,là 300 tỷ - Độ nhạy Lợi nhuận trước thuế / Tổng mức đầu tư của dự án với 2 biến số,140,same_map_link; same_coord_0m,,,"10.727928, 106.742496","10.727928, 106.742496",https://maps.app.goo.gl/GdiSL1z7fBFtk3tr8,https://maps.app.goo.gl/GdiSL1z7fBFtk3tr8
BDS-MASTER-0008,Hermes Power 1,BDS-MASTER-0079,theo Quyết định 425 của Bộ Xây dựng áp dụng cho năm 2026,140,same_map_link; same_coord_0m,,2025-09-11,"10.784153, 106.725690","10.784153, 106.725690",https://maps.app.goo.gl/qDbb6mJHvwhXw4Az6,https://maps.app.goo.gl/qDbb6mJHvwhXw4Az6
BDS-MASTER-0008,Hermes Power 1,BDS-MASTER-0265,này hồi xưa mình có thông tin nhưng sau đó đề xuất là không quan tâm sâu do có 2 nhược điểm lớn là,140,same_map_link; same_coord_0m,,2023-09-07,"10.784153, 106.725690","10.784153, 106.725690",https://maps.app.goo.gl/qDbb6mJHvwhXw4Az6,https://maps.app.goo.gl/qDbb6mJHvwhXw4Az6
BDS-MASTER-0009,Hội An Riverside Resort & Spa,BDS-MASTER-0156,Hội An Riverside Resort & Spa theo Concept Lamanon và giá kinh doanh của anh David Cường cung cấp,140,same_map_link; same_coord_0m,2024-12-25,,"15.8884285, 108.3559502","15.8884285, 108.3559502",https://maps.app.goo.gl/zNrudtbb4kMk2xxv5,https://maps.app.goo.gl/zNrudtbb4kMk2xxv5
BDS-MASTER-0009,Hội An Riverside Resort & Spa,BDS-MASTER-0240,Aqua city của Novaland đã được tháo gỡ vướng mắc về pháp lý,140,same_map_link; same_coord_0m,2024-12-25,2024-11-19,"15.8884285, 108.3559502","15.8884285, 108.3559502",https://maps.app.goo.gl/zNrudtbb4kMk2xxv5,https://maps.app.goo.gl/zNrudtbb4kMk2xxv5
BDS-MASTER-0009,Hội An Riverside Resort & Spa,BDS-MASTER-0248,Khu Đô Thị Văn Giang (Red River Villa) tại Hưng Yên,140,same_map_link; same_coord_0m,2024-12-25,,"15.8884285, 108.3559502","15.8884285, 108.3559502",https://maps.app.goo.gl/zNrudtbb4kMk2xxv5,https://maps.app.goo.gl/zNrudtbb4kMk2xxv5
BDS-MASTER-0009,Hội An Riverside Resort & Spa,BDS-MASTER-0272,đạt hiệu quả với giá mua dự án ở khoảng 17 triệu đồng/m2 ~ ngưỡng giá mua dự án 520 tỷ đồng,140,same_map_link; same_coord_0m,2024-12-25,,"15.8884285, 108.3559502","15.8884285, 108.3559502",https://maps.app.goo.gl/zNrudtbb4kMk2xxv5,https://maps.app.goo.gl/zNrudtbb4kMk2xxv5
BDS-MASTER-0009,Hội An Riverside Resort & Spa,BDS-MASTER-0411,ở vị trí khác nên phương án kinh doanh đưa lên không còn chính xác,140,same_map_link; same_coord_0m,2024-12-25,2025-09-23,"15.8884285, 108.3559502","15.8884285, 108.3559502",https://maps.app.goo.gl/zNrudtbb4kMk2xxv5,https://maps.app.goo.gl/zNrudtbb4kMk2xxv5
BDS-MASTER-0009,Hội An Riverside Resort & Spa,BDS-MASTER-0412,12ha đủ lớn để có thể địn hướng triển khai tiện ích cảnh quan,140,same_map_link; same_coord_0m,2024-12-25,,"15.8884285, 108.3559502","15.8884285, 108.3559502",https://maps.app.goo.gl/zNrudtbb4kMk2xxv5,https://maps.app.goo.gl/zNrudtbb4kMk2xxv5
BDS-MASTER-0010,KDC Long Phước có quy mô 18ha tại Phường Long Phước,BDS-MASTER-0072,Long Thuận Long Phước Quận 9 10ha,140,same_map_link; same_coord_0m,2023-12-27,,"10.7959339, 106.8592858","10.7959339, 106.8592858",https://maps.app.goo.gl/zAmPVdt254bS1UUU7,https://maps.app.goo.gl/zAmPVdt254bS1UUU7
BDS-MASTER-0011,Lô đất Phú Thọ Hòa Tân Phú,BDS-MASTER-0051,theo Sổ cấp 2017 là 10,140,same_map_link; same_coord_0m,,,"10.860864, 106.699926","10.860864, 106.699926",https://maps.app.goo.gl/bKZVkKUcnYGRLJWw5,https://maps.app.goo.gl/bKZVkKUcnYGRLJWw5
BDS-MASTER-0011,Lô đất Phú Thọ Hòa Tân Phú,BDS-MASTER-0322,rà soát và làm rõ các điểm pháp lý sau,140,same_map_link; same_coord_0m,,2025-10-01,"10.860864, 106.699926","10.860864, 106.699926",https://maps.app.goo.gl/bKZVkKUcnYGRLJWw5,https://maps.app.goo.gl/bKZVkKUcnYGRLJWw5
BDS-MASTER-0011,Lô đất Phú Thọ Hòa Tân Phú,BDS-MASTER-0392,tham gia để đánh giá thêm về chuyên mô á Sếp,140,same_map_link; same_coord_0m,,2026-05-27,"10.860864, 106.699926","10.860864, 106.699926",https://maps.app.goo.gl/bKZVkKUcnYGRLJWw5,https://maps.app.goo.gl/bKZVkKUcnYGRLJWw5
BDS-MASTER-0012,NOXH khu vực Phước An,BDS-MASTER-0111,Phú Quang,140,same_map_link; same_coord_0m,2025-07-14,2025-07-15,"10.674157, 106.929268","10.674157, 106.929268",https://maps.app.goo.gl/Fsyo4xmwK3kmzbC9A; https://maps.app.goo.gl/hMM3KEF5KhFhsZJi7,https://maps.app.goo.gl/Fsyo4xmwK3kmzbC9A; https://maps.app.goo.gl/hMM3KEF5KhFhsZJi7
BDS-MASTER-0012,NOXH khu vực Phước An,BDS-MASTER-0384,nêu trên (QĐ 789 cho khu đất 2,140,same_map_link; same_coord_0m,2025-07-14,2025-06-26,"10.674157, 106.929268","10.674157, 106.929268",https://maps.app.goo.gl/Fsyo4xmwK3kmzbC9A; https://maps.app.goo.gl/hMM3KEF5KhFhsZJi7,https://maps.app.goo.gl/Fsyo4xmwK3kmzbC9A; https://maps.app.goo.gl/hMM3KEF5KhFhsZJi7
BDS-MASTER-0013,Trần Hưng Đạo,BDS-MASTER-0097,2769m2 Hoàng Sa Đà Nẵng (chưa bao gồm TSDĐ bổ sung),140,same_map_link; same_coord_0m,,2025-06-05,"16.051348, 108.233637","16.051348, 108.233637",https://maps.app.goo.gl/acrdQ54V3NVNNkKh9,https://maps.app.goo.gl/acrdQ54V3NVNNkKh9
BDS-MASTER-0013,Trần Hưng Đạo,BDS-MASTER-0208,đạt tỷ lệ LNTT/TMĐT 15% ~ 290 tỷ đồng ~ đơn giá 137,140,same_map_link; same_coord_0m,,,"16.051348, 108.233637","16.051348, 108.233637",https://maps.app.goo.gl/acrdQ54V3NVNNkKh9,https://maps.app.goo.gl/acrdQ54V3NVNNkKh9
BDS-MASTER-0014,Urban Green / Bình Thái,BDS-MASTER-0125,Cát Lái - Sky Habitat,140,same_map_link; same_coord_0m,,,"10.8456644, 106.7620502","10.8456644, 106.7620502",https://maps.app.goo.gl/dRnRPbNFPmCfsTHAA,https://maps.app.goo.gl/dRnRPbNFPmCfsTHAA
BDS-MASTER-0014,Urban Green / Bình Thái,BDS-MASTER-0381,này sao tiền sử dụng đất cao vậy Dự án được tính tiền sử dụng đất theo phươn,140,same_map_link; same_coord_0m,,2024-10-07,"10.8456644, 106.7620502","10.8456644, 106.7620502",https://maps.app.goo.gl/dRnRPbNFPmCfsTHAA,https://maps.app.goo.gl/dRnRPbNFPmCfsTHAA
BDS-MASTER-0015,đấu giá 102ha,BDS-MASTER-0065,gồm Chung cư cao tầng gồm 02 Hầm + 02 tầng Khối đế + 26 tầng căn hộ (trong đó căn hộ NOXH chiếm 20% tổng số că,140,same_map_link; same_coord_0m,,2023-08-03,"10.686804, 106.936193","10.686804, 106.936193",https://maps.app.goo.gl/QVMCmJp83pMBNKrL8,https://maps.app.goo.gl/QVMCmJp83pMBNKrL8
BDS-MASTER-0015,đấu giá 102ha,BDS-MASTER-0102,728 Cách Mạng Tháng 8 Tổng mức đầu tư (Chưa VAT),140,same_map_link; same_coord_0m,,,"10.686804, 106.936193","10.686804, 106.936193",https://maps.app.goo.gl/QVMCmJp83pMBNKrL8,https://maps.app.goo.gl/QVMCmJp83pMBNKrL8
BDS-MASTER-0015,đấu giá 102ha,BDS-MASTER-0403,đang ở giai đoạn đ,140,same_map_link; same_coord_0m,,2024-07-24,"10.686804, 106.936193","10.686804, 106.936193",https://maps.app.goo.gl/QVMCmJp83pMBNKrL8,https://maps.app.goo.gl/QVMCmJp83pMBNKrL8
BDS-MASTER-0015,đấu giá 102ha,BDS-MASTER-0442,của Nova đang khởi công t,140,same_map_link; same_coord_0m,,2023-06-06,"10.686804, 106.936193","10.686804, 106.936193",https://maps.app.goo.gl/QVMCmJp83pMBNKrL8,https://maps.app.goo.gl/QVMCmJp83pMBNKrL8
BDS-MASTER-0016,Chung cư Võ Thị Sáu,BDS-MASTER-0199,nhà ở xã hội UBND Đồng Nai mời quan tâm đấu thầu,140,same_map_link; same_coord_0m,2025-07-07,2025-03-25,"10.954820, 106.843332","10.954820, 106.843332",https://maps.app.goo.gl/7yPFeG3okyKbrLCM9,https://maps.app.goo.gl/7yPFeG3okyKbrLCM9
BDS-MASTER-0016,Chung cư Võ Thị Sáu,BDS-MASTER-0207,đạt hiệu quả LNTT/TMĐT ~ >=20% ở khung từ giá bán bình quân chưa VAT đạt từ 75 triệu/m2 trở lên chi phí đầu tư,140,same_map_link; same_coord_0m,2025-07-07,,"10.954820, 106.843332","10.954820, 106.843332",https://maps.app.goo.gl/7yPFeG3okyKbrLCM9,https://maps.app.goo.gl/7yPFeG3okyKbrLCM9
BDS-MASTER-0016,Chung cư Võ Thị Sáu,BDS-MASTER-0326,triển khai chi tiết,140,same_map_link; same_coord_0m,2025-07-07,,"10.954820, 106.843332","10.954820, 106.843332",https://maps.app.goo.gl/7yPFeG3okyKbrLCM9,https://maps.app.goo.gl/7yPFeG3okyKbrLCM9
BDS-MASTER-0017,KĐT Trấn Biên (thuộc KCN Biên Hòa 1) đang tổ chức đấu giá tại Đồng Nai,BDS-MASTER-0364,của Nova đang khởi công trở lại nhưng vẫn chưa bán hàng ah,140,same_map_link; same_coord_0m,,2023-06-06,"10.907246, 106.8478032","10.907246, 106.8478032",https://maps.app.goo.gl/Mww4k2RWctPHssMQA,https://maps.app.goo.gl/Mww4k2RWctPHssMQA
BDS-MASTER-0018,Thủ Đức Living,BDS-MASTER-0211,High và West của LDG (nguồn từ anh Dũng),140,same_map_link; same_coord_0m,,,"10.8679394, 106.763008","10.8679394, 106.763008",https://maps.app.goo.gl/D8GuCY5LefTH8JVq9,https://maps.app.goo.gl/D8GuCY5LefTH8JVq9
BDS-MASTER-0018,Thủ Đức Living,BDS-MASTER-0241,Bà Kèo theo Quy hoạch 1/500 cũ (100% thấp tầng),140,same_map_link; same_coord_0m,,2026-06-25,"10.8679394, 106.763008","10.8679394, 106.763008",https://maps.app.goo.gl/D8GuCY5LefTH8JVq9,https://maps.app.goo.gl/D8GuCY5LefTH8JVq9
BDS-MASTER-0020,khách sạn Felicia Đà Nẵng,BDS-MASTER-0270,tuy đạt hiệu quả đầu tư về mặt tính toán nhưng sẽ bị vướng mắc về Pháp lý đất (đất SKC bị hết hạn,140,same_map_link; same_coord_0m,2024-10-15,2024-12-06,"16.053387, 108.247727","16.053387, 108.247727",https://maps.app.goo.gl/xQZeRwkJHuyDhx496,https://maps.app.goo.gl/xQZeRwkJHuyDhx496
BDS-MASTER-0020,khách sạn Felicia Đà Nẵng,BDS-MASTER-0286,Hoà Xuân 15h by Unknown User,140,same_map_link; same_coord_0m,2024-10-15,2025-08-04,"16.053387, 108.247727","16.053387, 108.247727",https://maps.app.goo.gl/xQZeRwkJHuyDhx496,https://maps.app.goo.gl/xQZeRwkJHuyDhx496
BDS-MASTER-0021,nhà ở lực lượng vũ trang nhân dân Quận 12,BDS-MASTER-0242,Cù lao Tân Vạn với 02 nội dung,140,same_map_link; same_coord_0m,,2025-05-22,"10.824590, 106.617167","10.824590, 106.617167",https://maps.app.goo.gl/xg6rRMGswq5scyCbA; https://maps.app.goo.gl/whvDoK2djK9ZczAK8,https://maps.app.goo.gl/xg6rRMGswq5scyCbA; https://maps.app.goo.gl/whvDoK2djK9ZczAK8
BDS-MASTER-0022,Cao tầng 31 Trần Não,BDS-MASTER-0222,chưa phê duyệt quyết định/ chấp thuận chủ trương đầu tư,140,same_map_link; same_coord_0m,2024-12-11,2024-12-06,"10.9466553, 106.7451751","10.9466553, 106.7451751",https://maps.app.goo.gl/uKe9j2z7xKHjdR8A7,https://maps.app.goo.gl/uKe9j2z7xKHjdR8A7
BDS-MASTER-0022,Cao tầng 31 Trần Não,BDS-MASTER-0254,chung cư Việt An,140,same_map_link; same_coord_0m,2024-12-11,2024-12-06,"10.9466553, 106.7451751","10.9466553, 106.7451751",https://maps.app.goo.gl/uKe9j2z7xKHjdR8A7,https://maps.app.goo.gl/uKe9j2z7xKHjdR8A7
BDS-MASTER-0022,Cao tầng 31 Trần Não,BDS-MASTER-0290,Nguyễn Thiện Thuật và Đoàn Trần Nghiệp - Nha Trang,140,same_map_link; same_coord_0m,2024-12-11,2025-05-13,"10.9466553, 106.7451751","10.9466553, 106.7451751",https://maps.app.goo.gl/uKe9j2z7xKHjdR8A7,https://maps.app.goo.gl/uKe9j2z7xKHjdR8A7
BDS-MASTER-0022,Cao tầng 31 Trần Não,BDS-MASTER-0300,cao tầng với,140,same_map_link; same_coord_0m,2024-12-11,2024-12-11,"10.9466553, 106.7451751","10.9466553, 106.7451751",https://maps.app.goo.gl/uKe9j2z7xKHjdR8A7,https://maps.app.goo.gl/uKe9j2z7xKHjdR8A7
BDS-MASTER-0022,Cao tầng 31 Trần Não,BDS-MASTER-0320,phân lô ( ko xây nhà) nào đang rẻ nhất 1 Like reaction,140,same_map_link; same_coord_0m,2024-12-11,2023-06-22,"10.9466553, 106.7451751","10.9466553, 106.7451751",https://maps.app.goo.gl/uKe9j2z7xKHjdR8A7,https://maps.app.goo.gl/uKe9j2z7xKHjdR8A7
BDS-MASTER-0022,Cao tầng 31 Trần Não,BDS-MASTER-0429,Phượng Hoàng theo Chính sá… Vậy chốt PkD phương án này đi Ok Sếp,140,same_map_link; same_coord_0m,2024-12-11,2025-09-10,"10.9466553, 106.7451751","10.9466553, 106.7451751",https://maps.app.goo.gl/uKe9j2z7xKHjdR8A7,https://maps.app.goo.gl/uKe9j2z7xKHjdR8A7
BDS-MASTER-0023,Chung cư Trường Thịnh,BDS-MASTER-0215,Khu chung Cư và văn phòng An PHú Quy hoạch chỉ tiết 1/500 đã được phê duyệt có 3 khu chức năng chính,140,same_map_link; same_coord_0m,2024-11-27,2026-03-24,"10.787164, 106.730618","10.787164, 106.730618",https://maps.app.goo.gl/NT8XaQJv76yrgG946,https://maps.app.goo.gl/NT8XaQJv76yrgG946
BDS-MASTER-0023,Chung cư Trường Thịnh,BDS-MASTER-0253,The Bale của Được gửi giá đã giảm mà lại ko lãi hã Dự án Bale này giá có giảm nhưng pháp lý trước đây họ cam k,140,same_map_link; same_coord_0m,2024-11-27,2023-06-01,"10.787164, 106.730618","10.787164, 106.730618",https://maps.app.goo.gl/NT8XaQJv76yrgG946,https://maps.app.goo.gl/NT8XaQJv76yrgG946
BDS-MASTER-0023,Chung cư Trường Thịnh,BDS-MASTER-0390,quy mô trên 1000 ha trước khi Nova bị mất thanh khoản định xúc tiến ở Bà Rịa,140,same_map_link; same_coord_0m,2024-11-27,2024-12-16,"10.787164, 106.730618","10.787164, 106.730618",https://maps.app.goo.gl/NT8XaQJv76yrgG946,https://maps.app.goo.gl/NT8XaQJv76yrgG946
BDS-MASTER-0024,Hoa viên Vĩnh Thanh tại đường nhánh của đường DT19,BDS-MASTER-0128,Hoa viên Vĩnh Thanh sau khi có Thông số từ P,140,same_map_link; same_coord_0m,2024-12-27,2026-01-23,"10.6629773, 106.8625131","10.6629773, 106.8625131",https://maps.app.goo.gl/yVp7cfpfnfdzb7mV7,https://maps.app.goo.gl/yVp7cfpfnfdzb7mV7
BDS-MASTER-0024,Hoa viên Vĩnh Thanh tại đường nhánh của đường DT19,BDS-MASTER-0182,53ha đấu thầu tại đường Thăng Long,140,same_map_link; same_coord_0m,2024-12-27,,"10.6629773, 106.8625131","10.6629773, 106.8625131",https://maps.app.goo.gl/yVp7cfpfnfdzb7mV7,https://maps.app.goo.gl/yVp7cfpfnfdzb7mV7
BDS-MASTER-0024,Hoa viên Vĩnh Thanh tại đường nhánh của đường DT19,BDS-MASTER-0273,đấu thầu tại Nhơn Trạch,140,same_map_link; same_coord_0m,2024-12-27,2025-07-15,"10.6629773, 106.8625131","10.6629773, 106.8625131",https://maps.app.goo.gl/yVp7cfpfnfdzb7mV7,https://maps.app.goo.gl/yVp7cfpfnfdzb7mV7
BDS-MASTER-0024,Hoa viên Vĩnh Thanh tại đường nhánh của đường DT19,BDS-MASTER-0362,càng tốt ạ Vì luật hiện nay vẫn quy định đơn giá ko dc,140,same_map_link; same_coord_0m,2024-12-27,2025-02-13,"10.6629773, 106.8625131","10.6629773, 106.8625131",https://maps.app.goo.gl/yVp7cfpfnfdzb7mV7,https://maps.app.goo.gl/yVp7cfpfnfdzb7mV7
BDS-MASTER-0024,Hoa viên Vĩnh Thanh tại đường nhánh của đường DT19,BDS-MASTER-0375,lớn xảy ra sai phạm nghiêm trọng trong quản lý đất đai của tỉnh Đồng Nai,140,same_map_link; same_coord_0m,2024-12-27,2023-07-07,"10.6629773, 106.8625131","10.6629773, 106.8625131",https://maps.app.goo.gl/yVp7cfpfnfdzb7mV7,https://maps.app.goo.gl/yVp7cfpfnfdzb7mV7
BDS-MASTER-0024,Hoa viên Vĩnh Thanh tại đường nhánh của đường DT19,BDS-MASTER-0407,đấu thầu 386ha - Nhơn Trạch,140,same_map_link; same_coord_0m,2024-12-27,2025-07-15,"10.6629773, 106.8625131","10.6629773, 106.8625131",https://maps.app.goo.gl/yVp7cfpfnfdzb7mV7,https://maps.app.goo.gl/yVp7cfpfnfdzb7mV7
BDS-MASTER-0024,Hoa viên Vĩnh Thanh tại đường nhánh của đường DT19,BDS-MASTER-0417,Aqua thì hiện nay Nova đang dừng triển khai ở dự án này,140,same_map_link; same_coord_0m,2024-12-27,2023-06-03,"10.6629773, 106.8625131","10.6629773, 106.8625131",https://maps.app.goo.gl/yVp7cfpfnfdzb7mV7,https://maps.app.goo.gl/yVp7cfpfnfdzb7mV7
BDS-MASTER-0025,Holiday Beach,BDS-MASTER-0153,Cù Lao Tân Vạn – Centria Island (nguồn,140,same_map_link; same_coord_0m,,2025-04-21,"16.049709, 108.248700","16.049709, 108.248700",https://maps.app.goo.gl/gr7GZiwJ71dX1nzNA,https://maps.app.goo.gl/gr7GZiwJ71dX1nzNA
BDS-MASTER-0026,Hoàng Cát Center có quy mô 7,BDS-MASTER-0206,được tính tiền sử dụng đất theo phương pháp thặng dự,140,same_map_link; same_coord_0m,2024-10-14,2024-10-07,"11.2642452, 106.6299351","11.2642452, 106.6299351",https://maps.app.goo.gl/s62kTxdTsTQvQHDJ9,https://maps.app.goo.gl/s62kTxdTsTQvQHDJ9
BDS-MASTER-0026,Hoàng Cát Center có quy mô 7,BDS-MASTER-0315,nhà ở thương mại thông qua thỏa thuận về nhận quyền sử dụng đất hoặc đang có quyền sử dụng đất để thể chế hóa,140,same_map_link; same_coord_0m,2024-10-14,2024-11-22,"11.2642452, 106.6299351","11.2642452, 106.6299351",https://maps.app.goo.gl/s62kTxdTsTQvQHDJ9,https://maps.app.goo.gl/s62kTxdTsTQvQHDJ9
BDS-MASTER-0028,Chen Sea 3,BDS-MASTER-0404,đang ở giai đoạn đóng tiền sử dụng đất,140,same_map_link; same_coord_0m,,2024-07-24,"10.2506719, 103.944228","10.2506719, 103.944228",https://maps.app.goo.gl/Wji4ey8prbGM2zHJ6,https://maps.app.goo.gl/Wji4ey8prbGM2zHJ6
BDS-MASTER-0031,VEN SÔNG HÀN,BDS-MASTER-0330,đang vận hành của Tập đoàn là 5% -8%,140,same_map_link; same_coord_0m,2025-03-12,2025-06-29,"16.0838086, 108.2209004","16.0838086, 108.2209004",https://maps.app.goo.gl/wbNjvBPsJioGNogn8; https://maps.app.goo.gl/DAATNJRd8MxG4uyaA,https://maps.app.goo.gl/wbNjvBPsJioGNogn8; https://maps.app.goo.gl/DAATNJRd8MxG4uyaA
BDS-MASTER-0031,VEN SÔNG HÀN,BDS-MASTER-0354,Sơn xdung đưa ở DT743 đó,140,same_map_link; same_coord_0m,2025-03-12,2025-03-13,"16.0838086, 108.2209004","16.0838086, 108.2209004",https://maps.app.goo.gl/wbNjvBPsJioGNogn8; https://maps.app.goo.gl/DAATNJRd8MxG4uyaA,https://maps.app.goo.gl/wbNjvBPsJioGNogn8; https://maps.app.goo.gl/DAATNJRd8MxG4uyaA
BDS-MASTER-0031,VEN SÔNG HÀN,BDS-MASTER-0355,THTT,140,same_map_link; same_coord_0m,2025-03-12,2025-03-05,"16.0838086, 108.2209004","16.0838086, 108.2209004",https://maps.app.goo.gl/wbNjvBPsJioGNogn8; https://maps.app.goo.gl/DAATNJRd8MxG4uyaA,https://maps.app.goo.gl/wbNjvBPsJioGNogn8; https://maps.app.goo.gl/DAATNJRd8MxG4uyaA
BDS-MASTER-0031,VEN SÔNG HÀN,BDS-MASTER-0451,mình là đường ven biển rồi lên Cao Tốc ra Cảng Hải Phòng Anh vẽ cho em đường bộ và đường sông đi ra,140,same_map_link; same_coord_0m,2025-03-12,2023-04-26,"16.0838086, 108.2209004","16.0838086, 108.2209004",https://maps.app.goo.gl/wbNjvBPsJioGNogn8; https://maps.app.goo.gl/DAATNJRd8MxG4uyaA,https://maps.app.goo.gl/wbNjvBPsJioGNogn8; https://maps.app.goo.gl/DAATNJRd8MxG4uyaA
BDS-MASTER-0032,cao tầng với tổng diện tích đất dự án là 10,BDS-MASTER-0395,tiền M&A nên đang bị phẩn bổ khá nhiều thời gian cho phần phân tích các dự án tiền M&A này Begin quote,140,same_map_link; same_coord_0m,2024-09-25,2022-08-22,"10.2276353, 103.9586651","10.2276353, 103.9586651",https://maps.app.goo.gl/K3ASKRs9Sc5yfa9z9,https://maps.app.goo.gl/K3ASKRs9Sc5yfa9z9
BDS-MASTER-0033,chung cư Hòa Xuân,BDS-MASTER-0500,thành phần lô A2-3 Hòa Xuân,140,same_map_link; same_coord_0m,2024-09-27,,"16.0086551, 108.2168251","16.0086551, 108.2168251",https://maps.app.goo.gl/XwfK6AzNVqs5eFX17; https://maps.app.goo.gl/QAU1JqmdETLn951C,https://maps.app.goo.gl/XwfK6AzNVqs5eFX17; https://maps.app.goo.gl/QAU1JqmdETLn951C
BDS-MASTER-0034,chung cư cao cấp THAT 1,BDS-MASTER-0142,khách sạn cạnh TMS với giá chào là 650tr/m2 tại 290 Võ Nguyên Giáp,140,same_map_link; same_coord_0m,,,"16.077574, 108.246196","16.077574, 108.246196",https://maps.app.goo.gl/o5yA5cAF8qJoTZqW8,https://maps.app.goo.gl/o5yA5cAF8qJoTZqW8
BDS-MASTER-0034,chung cư cao cấp THAT 1,BDS-MASTER-0264,này hiện đã thực hiện pháp lý đến giai đoạn cấp sổ đỏ riêng cho từng lô biệt thự Nhưng hiện tại,140,same_map_link; same_coord_0m,,2022-08-10,"16.077574, 108.246196","16.077574, 108.246196",https://maps.app.goo.gl/o5yA5cAF8qJoTZqW8,https://maps.app.goo.gl/o5yA5cAF8qJoTZqW8
BDS-MASTER-0034,chung cư cao cấp THAT 1,BDS-MASTER-0308,khi thực hiện kcn phải san lấp thêm ở mức bao nhiêu nên cũng chưa ước tính chi phí san lấp cho dự án này,140,same_map_link; same_coord_0m,,2023-06-16,"16.077574, 108.246196","16.077574, 108.246196",https://maps.app.goo.gl/o5yA5cAF8qJoTZqW8,https://maps.app.goo.gl/o5yA5cAF8qJoTZqW8
BDS-MASTER-0034,chung cư cao cấp THAT 1,BDS-MASTER-0400,Đà Nẵng thì liên hệ A Tịnh,140,same_map_link; same_coord_0m,,2025-03-03,"16.077574, 108.246196","16.077574, 108.246196",https://maps.app.goo.gl/o5yA5cAF8qJoTZqW8,https://maps.app.goo.gl/o5yA5cAF8qJoTZqW8
BDS-MASTER-0035,là 30,BDS-MASTER-0069,ở khu vực gần đó đã được duyệt giá đất (như Emerald 2,140,same_map_link; same_coord_0m,2025-08-08,2025-08-08,"10.888428, 106.6985811","10.888428, 106.6985811",https://maps.app.goo.gl/pTzfCxqkMYLuLe9z9,https://maps.app.goo.gl/pTzfCxqkMYLuLe9z9
BDS-MASTER-0035,là 30,BDS-MASTER-0150,đấu giá 77ha,140,same_map_link; same_coord_0m,2025-08-08,,"10.888428, 106.6985811","10.888428, 106.6985811",https://maps.app.goo.gl/pTzfCxqkMYLuLe9z9,https://maps.app.goo.gl/pTzfCxqkMYLuLe9z9
BDS-MASTER-0035,là 30,BDS-MASTER-0331,đấu thầu,140,same_map_link; same_coord_0m,2025-08-08,,"10.888428, 106.6985811","10.888428, 106.6985811",https://maps.app.goo.gl/pTzfCxqkMYLuLe9z9,https://maps.app.goo.gl/pTzfCxqkMYLuLe9z9
BDS-MASTER-0036,thấp tầng Phú An Hội giáp mặt tiền Tôn Đức Thắng (25B),BDS-MASTER-0369,khu đô thị dọc theo Me,140,same_map_link; same_coord_0m,2024-11-09,2024-11-02,"10.7267333, 106.8916171","10.7267333, 106.8916171",https://maps.app.goo.gl/B98HY6ThSbAhg1a98,https://maps.app.goo.gl/B98HY6ThSbAhg1a98
BDS-MASTER-0037,đã được chấp thuận đầu tư dự án và đã được gia hạn tiến độ 02 năm kể từ ngày được cấp phép xây dựng - Hiện chủ,BDS-MASTER-0056,chung cư Thuận Nghiệp - DT743C,140,same_map_link; same_coord_0m,,2025-04-09,"10.6963753, 106.6108851","10.6963753, 106.6108851",https://maps.app.goo.gl/UEv62Ht1RcfDLLML8,https://maps.app.goo.gl/UEv62Ht1RcfDLLML8
BDS-MASTER-0037,đã được chấp thuận đầu tư dự án và đã được gia hạn tiến độ 02 năm kể từ ngày được cấp phép xây dựng - Hiện chủ,BDS-MASTER-0190,Phú Quang – Phương án bổ sung tiền sử dụng đất (LURF) và chi phí liên quan đến phần đất công trong dự án,140,same_map_link; same_coord_0m,,2025-03-12,"10.6963753, 106.6108851","10.6963753, 106.6108851",https://maps.app.goo.gl/UEv62Ht1RcfDLLML8,https://maps.app.goo.gl/UEv62Ht1RcfDLLML8
BDS-MASTER-0037,đã được chấp thuận đầu tư dự án và đã được gia hạn tiến độ 02 năm kể từ ngày được cấp phép xây dựng - Hiện chủ,BDS-MASTER-0282,CCN Giao Yến cũng đang ở bước đầu xin dự án,140,same_map_link; same_coord_0m,,2023-04-26,"10.6963753, 106.6108851","10.6963753, 106.6108851",https://maps.app.goo.gl/UEv62Ht1RcfDLLML8,https://maps.app.goo.gl/UEv62Ht1RcfDLLML8
BDS-MASTER-0037,đã được chấp thuận đầu tư dự án và đã được gia hạn tiến độ 02 năm kể từ ngày được cấp phép xây dựng - Hiện chủ,BDS-MASTER-0328,trước năm 2024 đúng thật là thấy giá chung cư của HN thấy thấp hơn SG nếu nhìn vị trí có tính tương đương,140,same_map_link; same_coord_0m,,2024-12-07,"10.6963753, 106.6108851","10.6963753, 106.6108851",https://maps.app.goo.gl/UEv62Ht1RcfDLLML8,https://maps.app.goo.gl/UEv62Ht1RcfDLLML8
BDS-MASTER-0037,đã được chấp thuận đầu tư dự án và đã được gia hạn tiến độ 02 năm kể từ ngày được cấp phép xây dựng - Hiện chủ,BDS-MASTER-0361,chợ lớn có khi phải điều chỉnh ranh Dự án Chợ Lớn đang làm quy hoạch anh Tài đã có cập nhật ranh Metro vào rồi,140,same_map_link; same_coord_0m,,2024-11-25,"10.6963753, 106.6108851","10.6963753, 106.6108851",https://maps.app.goo.gl/UEv62Ht1RcfDLLML8,https://maps.app.goo.gl/UEv62Ht1RcfDLLML8
BDS-MASTER-0037,đã được chấp thuận đầu tư dự án và đã được gia hạn tiến độ 02 năm kể từ ngày được cấp phép xây dựng - Hiện chủ,BDS-MASTER-0405,được tính bằng cách lấy tổng doanh thu trừ các chi phí vận hành trực tiếp (như chi phí phòng,140,same_map_link; same_coord_0m,,2025-06-29,"10.6963753, 106.6108851","10.6963753, 106.6108851",https://maps.app.goo.gl/UEv62Ht1RcfDLLML8,https://maps.app.goo.gl/UEv62Ht1RcfDLLML8
BDS-MASTER-0039,Khu Công Nghiệp Và Khu Phi Thuế Quan Xuân Cầu tại Khu Cảng Cửa Ngõ Quốc Tế Lạch Huyện,BDS-MASTER-0229,là tính khả thi của công tác giải phóng mặt bằng khi diện tích nhà dân nằm xen cài nhiều trong ranh đất dự án,140,same_map_link; same_coord_0m,2024-01-09,2023-06-23,"20.8226239, 106.8725158","20.8226239, 106.8725158",https://maps.app.goo.gl/uLPtqwAnwnevw4zz7,https://maps.app.goo.gl/uLPtqwAnwnevw4zz7
BDS-MASTER-0039,Khu Công Nghiệp Và Khu Phi Thuế Quan Xuân Cầu tại Khu Cảng Cửa Ngõ Quốc Tế Lạch Huyện,BDS-MASTER-0302,cảng tổng hợp và container Cái Mép Hạ được đề xuất đầu tư với tổng vốn 50,140,same_map_link; same_coord_0m,2024-01-09,2024-06-03,"20.8226239, 106.8725158","20.8226239, 106.8725158",https://maps.app.goo.gl/uLPtqwAnwnevw4zz7,https://maps.app.goo.gl/uLPtqwAnwnevw4zz7
BDS-MASTER-0039,Khu Công Nghiệp Và Khu Phi Thuế Quan Xuân Cầu tại Khu Cảng Cửa Ngõ Quốc Tế Lạch Huyện,BDS-MASTER-0380,này là mình vào xây dựng được liền Nó đã bán hơn 200 nền,140,same_map_link; same_coord_0m,2024-01-09,2025-04-11,"20.8226239, 106.8725158","20.8226239, 106.8725158",https://maps.app.goo.gl/uLPtqwAnwnevw4zz7,https://maps.app.goo.gl/uLPtqwAnwnevw4zz7
BDS-MASTER-0040,Khách sạn 5 sao 12 Hùng Vương Đà Lạt,BDS-MASTER-0311,khách sạn Đông Á Premier tại số 186/14 Hùng Vương,140,same_map_link; same_coord_0m,,,"11.941268, 108.463187","11.941268, 108.463187",https://maps.app.goo.gl/6iyNdteYfVyyT9Xy9,https://maps.app.goo.gl/6iyNdteYfVyyT9Xy9
BDS-MASTER-0040,Khách sạn 5 sao 12 Hùng Vương Đà Lạt,BDS-MASTER-0446,hiệu quả IRR đạt 10%,140,same_map_link; same_coord_0m,,,"11.941268, 108.463187","11.941268, 108.463187",https://maps.app.goo.gl/6iyNdteYfVyyT9Xy9,https://maps.app.goo.gl/6iyNdteYfVyyT9Xy9
BDS-MASTER-0040,Khách sạn 5 sao 12 Hùng Vương Đà Lạt,BDS-MASTER-0485,được xác định bằng giá vốn ban đầu,140,same_map_link; same_coord_0m,,2026-04-13,"11.941268, 108.463187","11.941268, 108.463187",https://maps.app.goo.gl/6iyNdteYfVyyT9Xy9,https://maps.app.goo.gl/6iyNdteYfVyyT9Xy9
BDS-MASTER-0041,Lô đất Phú Thọ Hòa Tân Phú,BDS-MASTER-0389,phường Phú Thọ Hòa,140,same_map_link; same_coord_0m,,,"10.785522, 106.631470","10.785522, 106.631470",https://maps.app.goo.gl/v8GdHbU3xb5G8JFs9,https://maps.app.goo.gl/v8GdHbU3xb5G8JFs9
BDS-MASTER-0042,Urban Green,BDS-MASTER-0093,khu mặt tiền đường Ngô Chí Quốc (gom đất gần Phú Quang)- Cập nhật Quy hoạch Phân khu,140,same_map_link; same_coord_0m,2023-12-18,,"10.840677, 106.719716","10.840677, 106.719716",https://maps.app.goo.gl/ioqJ9N2mKRyMdiAe6,https://maps.app.goo.gl/ioqJ9N2mKRyMdiAe6
BDS-MASTER-0042,Urban Green,BDS-MASTER-0154,Cù lao Tân Vạn theo đơn giá bán (đất + nhà) trung bình dựa vào các loại hình do Mr,140,same_map_link; same_coord_0m,2023-12-18,2025-05-06,"10.840677, 106.719716","10.840677, 106.719716",https://maps.app.goo.gl/ioqJ9N2mKRyMdiAe6,https://maps.app.goo.gl/ioqJ9N2mKRyMdiAe6
BDS-MASTER-0042,Urban Green,BDS-MASTER-0249,NOXH sẽ giúp tạo thương hiệu tích cực cho công ty trên thị trường,140,same_map_link; same_coord_0m,2023-12-18,,"10.840677, 106.719716","10.840677, 106.719716",https://maps.app.goo.gl/ioqJ9N2mKRyMdiAe6,https://maps.app.goo.gl/ioqJ9N2mKRyMdiAe6
BDS-MASTER-0042,Urban Green,BDS-MASTER-0269,tuy nhiên,140,same_map_link; same_coord_0m,2023-12-18,2023-12-18,"10.840677, 106.719716","10.840677, 106.719716",https://maps.app.goo.gl/ioqJ9N2mKRyMdiAe6,https://maps.app.goo.gl/ioqJ9N2mKRyMdiAe6
BDS-MASTER-0042,Urban Green,BDS-MASTER-0378,nào mà đóng tssđ hàng năm nó cứ tăng hàng năm nữa,140,same_map_link; same_coord_0m,2023-12-18,2023-08-11,"10.840677, 106.719716","10.840677, 106.719716",https://maps.app.goo.gl/ioqJ9N2mKRyMdiAe6,https://maps.app.goo.gl/ioqJ9N2mKRyMdiAe6
BDS-MASTER-0042,Urban Green,BDS-MASTER-0394,thì khả năng cao dự án không phải nộp thêm ạ,140,same_map_link; same_coord_0m,2023-12-18,,"10.840677, 106.719716","10.840677, 106.719716",https://maps.app.goo.gl/ioqJ9N2mKRyMdiAe6,https://maps.app.goo.gl/ioqJ9N2mKRyMdiAe6
BDS-MASTER-0042,Urban Green,BDS-MASTER-0420,Gladia heights dự kiến triển khai trong 2026 này,140,same_map_link; same_coord_0m,2023-12-18,,"10.840677, 106.719716","10.840677, 106.719716",https://maps.app.goo.gl/ioqJ9N2mKRyMdiAe6,https://maps.app.goo.gl/ioqJ9N2mKRyMdiAe6
BDS-MASTER-0042,Urban Green,BDS-MASTER-0471,thông qua đấu thầu nên khả năng cao chỉ thực hiện được chuyển nhượng thông qua hình thức mua cổ phần nên,140,same_map_link; same_coord_0m,2023-12-18,2025-06-26,"10.840677, 106.719716","10.840677, 106.719716",https://maps.app.goo.gl/ioqJ9N2mKRyMdiAe6,https://maps.app.goo.gl/ioqJ9N2mKRyMdiAe6
BDS-MASTER-0043,chỉnh trang),BDS-MASTER-0267,phân lô bán nền 4,140,same_map_link; same_coord_0m,2024-11-02,,"10.840838, 106.919985","10.840838, 106.919985",https://maps.app.goo.gl/sY5sb4n5Lvp2K2oz7,https://maps.app.goo.gl/sY5sb4n5Lvp2K2oz7
BDS-MASTER-0045,hạ tầng trọng điểm quốc gia đang được triển khai như Đường DT 770B (LG 60m) khởi công xây dựng Quý I-2024,BDS-MASTER-0141,khu nhà ở Tân Mai (thuộc danh sách dự kiến đấu giá tại Đồng Nai 2026) A) Thông tin chung,140,same_map_link; same_coord_0m,2023-11-27,2026-01-23,"10.698445, 107.080430","10.698445, 107.080430",https://maps.app.goo.gl/9PHZkvYiuadCm992A,https://maps.app.goo.gl/9PHZkvYiuadCm992A
BDS-MASTER-0045,hạ tầng trọng điểm quốc gia đang được triển khai như Đường DT 770B (LG 60m) khởi công xây dựng Quý I-2024,BDS-MASTER-0200,này --- [] Monday,140,same_map_link; same_coord_0m,2023-11-27,2023-11-27,"10.698445, 107.080430","10.698445, 107.080430",https://maps.app.goo.gl/9PHZkvYiuadCm992A,https://maps.app.goo.gl/9PHZkvYiuadCm992A
BDS-MASTER-0045,hạ tầng trọng điểm quốc gia đang được triển khai như Đường DT 770B (LG 60m) khởi công xây dựng Quý I-2024,BDS-MASTER-0294,Swanbay 456ha hiện Dic đã chuyển nhượng lại các dự án thành phần cho các chủ đầu tư khác nên có nhiều dự án co,140,same_map_link; same_coord_0m,2023-11-27,2023-06-05,"10.698445, 107.080430","10.698445, 107.080430",https://maps.app.goo.gl/9PHZkvYiuadCm992A,https://maps.app.goo.gl/9PHZkvYiuadCm992A
BDS-MASTER-0045,hạ tầng trọng điểm quốc gia đang được triển khai như Đường DT 770B (LG 60m) khởi công xây dựng Quý I-2024,BDS-MASTER-0351,Phú Quang khoảng 350m + Có 2 mặt tiếp xúc,140,same_map_link; same_coord_0m,2023-11-27,2023-11-27,"10.698445, 107.080430","10.698445, 107.080430",https://maps.app.goo.gl/9PHZkvYiuadCm992A,https://maps.app.goo.gl/9PHZkvYiuadCm992A
BDS-MASTER-0047,này,BDS-MASTER-0048,này Ok by Admin 01,140,same_map_link; same_coord_0m,,,"10.8486272, 106.7188746","10.8486272, 106.7188746",https://maps.app.goo.gl/oHEYY6H9GGykdD9C6,https://maps.app.goo.gl/oHEYY6H9GGykdD9C6
BDS-MASTER-0047,này,BDS-MASTER-0050,Lô mặt tiền Quốc Lộ 13 Hiệp Bình Phước,140,same_map_link; same_coord_0m,,,"10.8486272, 106.7188746","10.8486272, 106.7188746",https://maps.app.goo.gl/oHEYY6H9GGykdD9C6,https://maps.app.goo.gl/oHEYY6H9GGykdD9C6
BDS-MASTER-0047,này,BDS-MASTER-0124,AK (2025)~ 4,140,same_map_link; same_coord_0m,,,"10.8486272, 106.7188746","10.8486272, 106.7188746",https://maps.app.goo.gl/oHEYY6H9GGykdD9C6,https://maps.app.goo.gl/oHEYY6H9GGykdD9C6
BDS-MASTER-0047,này,BDS-MASTER-0203,thuộc QH hiện hữu là ô phố I82b (16,140,same_map_link; same_coord_0m,,,"10.8486272, 106.7188746","10.8486272, 106.7188746",https://maps.app.goo.gl/oHEYY6H9GGykdD9C6,https://maps.app.goo.gl/oHEYY6H9GGykdD9C6
BDS-MASTER-0047,này,BDS-MASTER-0284,Cát Lái từ P,140,same_map_link; same_coord_0m,,,"10.8486272, 106.7188746","10.8486272, 106.7188746",https://maps.app.goo.gl/oHEYY6H9GGykdD9C6,https://maps.app.goo.gl/oHEYY6H9GGykdD9C6
BDS-MASTER-0047,này,BDS-MASTER-0418,Cát Lái,140,same_map_link; same_coord_0m,,,"10.8486272, 106.7188746","10.8486272, 106.7188746",https://maps.app.goo.gl/oHEYY6H9GGykdD9C6,https://maps.app.goo.gl/oHEYY6H9GGykdD9C6
BDS-MASTER-0047,này,BDS-MASTER-0469,sẽ hơi nhiều gốc cạnh sau khi ráp 2 miếng vào,140,same_map_link; same_coord_0m,,,"10.8486272, 106.7188746","10.8486272, 106.7188746",https://maps.app.goo.gl/oHEYY6H9GGykdD9C6,https://maps.app.goo.gl/oHEYY6H9GGykdD9C6
BDS-MASTER-0047,này,BDS-MASTER-0501,thì cách tiếp cận sẽ khác so với các PA ban đầu,140,same_map_link; same_coord_0m,,,"10.8486272, 106.7188746","10.8486272, 106.7188746",https://maps.app.goo.gl/oHEYY6H9GGykdD9C6,https://maps.app.goo.gl/oHEYY6H9GGykdD9C6
BDS-MASTER-0048,này Ok by Admin 01,BDS-MASTER-0050,Lô mặt tiền Quốc Lộ 13 Hiệp Bình Phước,140,same_map_link; same_coord_0m,,,"10.8486272, 106.7188746","10.8486272, 106.7188746",https://maps.app.goo.gl/oHEYY6H9GGykdD9C6,https://maps.app.goo.gl/oHEYY6H9GGykdD9C6
BDS-MASTER-0048,này Ok by Admin 01,BDS-MASTER-0124,AK (2025)~ 4,140,same_map_link; same_coord_0m,,,"10.8486272, 106.7188746","10.8486272, 106.7188746",https://maps.app.goo.gl/oHEYY6H9GGykdD9C6,https://maps.app.goo.gl/oHEYY6H9GGykdD9C6
BDS-MASTER-0048,này Ok by Admin 01,BDS-MASTER-0203,thuộc QH hiện hữu là ô phố I82b (16,140,same_map_link; same_coord_0m,,,"10.8486272, 106.7188746","10.8486272, 106.7188746",https://maps.app.goo.gl/oHEYY6H9GGykdD9C6,https://maps.app.goo.gl/oHEYY6H9GGykdD9C6
BDS-MASTER-0048,này Ok by Admin 01,BDS-MASTER-0284,Cát Lái từ P,140,same_map_link; same_coord_0m,,,"10.8486272, 106.7188746","10.8486272, 106.7188746",https://maps.app.goo.gl/oHEYY6H9GGykdD9C6,https://maps.app.goo.gl/oHEYY6H9GGykdD9C6
BDS-MASTER-0048,này Ok by Admin 01,BDS-MASTER-0418,Cát Lái,140,same_map_link; same_coord_0m,,,"10.8486272, 106.7188746","10.8486272, 106.7188746",https://maps.app.goo.gl/oHEYY6H9GGykdD9C6,https://maps.app.goo.gl/oHEYY6H9GGykdD9C6
BDS-MASTER-0048,này Ok by Admin 01,BDS-MASTER-0469,sẽ hơi nhiều gốc cạnh sau khi ráp 2 miếng vào,140,same_map_link; same_coord_0m,,,"10.8486272, 106.7188746","10.8486272, 106.7188746",https://maps.app.goo.gl/oHEYY6H9GGykdD9C6,https://maps.app.goo.gl/oHEYY6H9GGykdD9C6
BDS-MASTER-0048,này Ok by Admin 01,BDS-MASTER-0501,thì cách tiếp cận sẽ khác so với các PA ban đầu,140,same_map_link; same_coord_0m,,,"10.8486272, 106.7188746","10.8486272, 106.7188746",https://maps.app.goo.gl/oHEYY6H9GGykdD9C6,https://maps.app.goo.gl/oHEYY6H9GGykdD9C6
BDS-MASTER-0050,Lô mặt tiền Quốc Lộ 13 Hiệp Bình Phước,BDS-MASTER-0124,AK (2025)~ 4,140,same_map_link; same_coord_0m,,,"10.8486272, 106.7188746","10.8486272, 106.7188746",https://maps.app.goo.gl/oHEYY6H9GGykdD9C6,https://maps.app.goo.gl/oHEYY6H9GGykdD9C6
BDS-MASTER-0050,Lô mặt tiền Quốc Lộ 13 Hiệp Bình Phước,BDS-MASTER-0203,thuộc QH hiện hữu là ô phố I82b (16,140,same_map_link; same_coord_0m,,,"10.8486272, 106.7188746","10.8486272, 106.7188746",https://maps.app.goo.gl/oHEYY6H9GGykdD9C6,https://maps.app.goo.gl/oHEYY6H9GGykdD9C6
BDS-MASTER-0050,Lô mặt tiền Quốc Lộ 13 Hiệp Bình Phước,BDS-MASTER-0284,Cát Lái từ P,140,same_map_link; same_coord_0m,,,"10.8486272, 106.7188746","10.8486272, 106.7188746",https://maps.app.goo.gl/oHEYY6H9GGykdD9C6,https://maps.app.goo.gl/oHEYY6H9GGykdD9C6
BDS-MASTER-0050,Lô mặt tiền Quốc Lộ 13 Hiệp Bình Phước,BDS-MASTER-0418,Cát Lái,140,same_map_link; same_coord_0m,,,"10.8486272, 106.7188746","10.8486272, 106.7188746",https://maps.app.goo.gl/oHEYY6H9GGykdD9C6,https://maps.app.goo.gl/oHEYY6H9GGykdD9C6
BDS-MASTER-0050,Lô mặt tiền Quốc Lộ 13 Hiệp Bình Phước,BDS-MASTER-0469,sẽ hơi nhiều gốc cạnh sau khi ráp 2 miếng vào,140,same_map_link; same_coord_0m,,,"10.8486272, 106.7188746","10.8486272, 106.7188746",https://maps.app.goo.gl/oHEYY6H9GGykdD9C6,https://maps.app.goo.gl/oHEYY6H9GGykdD9C6
BDS-MASTER-0050,Lô mặt tiền Quốc Lộ 13 Hiệp Bình Phước,BDS-MASTER-0501,thì cách tiếp cận sẽ khác so với các PA ban đầu,140,same_map_link; same_coord_0m,,,"10.8486272, 106.7188746","10.8486272, 106.7188746",https://maps.app.goo.gl/oHEYY6H9GGykdD9C6,https://maps.app.goo.gl/oHEYY6H9GGykdD9C6
BDS-MASTER-0051,theo Sổ cấp 2017 là 10,BDS-MASTER-0322,rà soát và làm rõ các điểm pháp lý sau,140,same_map_link; same_coord_0m,,2025-10-01,"10.860864, 106.699926","10.860864, 106.699926",https://maps.app.goo.gl/bKZVkKUcnYGRLJWw5,https://maps.app.goo.gl/bKZVkKUcnYGRLJWw5
BDS-MASTER-0051,theo Sổ cấp 2017 là 10,BDS-MASTER-0392,tham gia để đánh giá thêm về chuyên mô á Sếp,140,same_map_link; same_coord_0m,,2026-05-27,"10.860864, 106.699926","10.860864, 106.699926",https://maps.app.goo.gl/bKZVkKUcnYGRLJWw5,https://maps.app.goo.gl/bKZVkKUcnYGRLJWw5
BDS-MASTER-0052,Asia Phú Mỹ – Bình Chánh (dự án do anh Hiếu-GĐPL giới thiệu) 1,BDS-MASTER-0077,sẽ mất 1 năm để xử lý các vấn đề liên quan khoản nợ đang trong DATC,140,same_map_link; same_coord_0m,,,"10.710113, 106.6489317","10.710113, 106.6489317",https://maps.app.goo.gl/H57L1w8ReXXNhtb99,https://maps.app.goo.gl/H57L1w8ReXXNhtb99
BDS-MASTER-0052,Asia Phú Mỹ – Bình Chánh (dự án do anh Hiếu-GĐPL giới thiệu) 1,BDS-MASTER-0110,Nơ Trang Long,140,same_map_link; same_coord_0m,,,"10.710113, 106.6489317","10.710113, 106.6489317",https://maps.app.goo.gl/H57L1w8ReXXNhtb99,https://maps.app.goo.gl/H57L1w8ReXXNhtb99
BDS-MASTER-0052,Asia Phú Mỹ – Bình Chánh (dự án do anh Hiếu-GĐPL giới thiệu) 1,BDS-MASTER-0324,sẽ được cải thiện hơn,140,same_map_link; same_coord_0m,,,"10.710113, 106.6489317","10.710113, 106.6489317",https://maps.app.goo.gl/H57L1w8ReXXNhtb99,https://maps.app.goo.gl/H57L1w8ReXXNhtb99
BDS-MASTER-0052,Asia Phú Mỹ – Bình Chánh (dự án do anh Hiếu-GĐPL giới thiệu) 1,BDS-MASTER-0383,này với các điều kiện sau,140,same_map_link; same_coord_0m,,,"10.710113, 106.6489317","10.710113, 106.6489317",https://maps.app.goo.gl/H57L1w8ReXXNhtb99,https://maps.app.goo.gl/H57L1w8ReXXNhtb99
BDS-MASTER-0055,Chưa đặt tên,BDS-MASTER-0121,(FS),140,same_map_link; same_coord_0m,2026-06-29,,"10.970034, 106.715651","10.970034, 106.715651",https://www.google.com/maps?q=10.8403809; https://maps.app.goo.gl/LU2Nvzo1LBLur6; https://maps.app.goo.gl/7uS84wL1B4oMwKEw9?g_st=ipc; https://www.google.com/maps/d/edit?mid; https://www.google.com/maps/d/edit?mid=1HzxvPX,https://maps.app.goo.gl/t178LDzcrFtjxgEz9
BDS-MASTER-0055,Chưa đặt tên,BDS-MASTER-0129,Hải Nhân 4,140,same_map_link; same_coord_0m,2026-06-29,,"10.970034, 106.715651","10.970034, 106.715651",https://www.google.com/maps?q=10.8403809; https://maps.app.goo.gl/LU2Nvzo1LBLur6; https://maps.app.goo.gl/7uS84wL1B4oMwKEw9?g_st=ipc; https://www.google.com/maps/d/edit?mid; https://www.google.com/maps/d/edit?mid=1HzxvPX,https://maps.app.goo.gl/t178LDzcrFtjxgEz9
BDS-MASTER-0055,Chưa đặt tên,BDS-MASTER-0140,cao tầng tại Trung tâm Quận 9 (TPHCM) với quy mô 3,140,same_map_link; same_coord_0m,2026-06-29,2026-07-02,"10.970034, 106.715651","10.970034, 106.715651",https://www.google.com/maps?q=10.8403809; https://maps.app.goo.gl/LU2Nvzo1LBLur6; https://maps.app.goo.gl/7uS84wL1B4oMwKEw9?g_st=ipc; https://www.google.com/maps/d/edit?mid; https://www.google.com/maps/d/edit?mid=1HzxvPX,https://maps.app.goo.gl/t178LDzcrFtjxgEz9
BDS-MASTER-0055,Chưa đặt tên,BDS-MASTER-0146,không đạt được hiệu quả với NPV,140,same_map_link; same_coord_0m,2026-06-29,,"10.970034, 106.715651","10.970034, 106.715651",https://www.google.com/maps?q=10.8403809; https://maps.app.goo.gl/LU2Nvzo1LBLur6; https://maps.app.goo.gl/7uS84wL1B4oMwKEw9?g_st=ipc; https://www.google.com/maps/d/edit?mid; https://www.google.com/maps/d/edit?mid=1HzxvPX,https://maps.app.goo.gl/t178LDzcrFtjxgEz9
BDS-MASTER-0055,Chưa đặt tên,BDS-MASTER-0160,KDC An Tôn theo 02 phương án quy hoạch,140,same_map_link; same_coord_0m,2026-06-29,,"10.970034, 106.715651","10.970034, 106.715651",https://www.google.com/maps?q=10.8403809; https://maps.app.goo.gl/LU2Nvzo1LBLur6; https://maps.app.goo.gl/7uS84wL1B4oMwKEw9?g_st=ipc; https://www.google.com/maps/d/edit?mid; https://www.google.com/maps/d/edit?mid=1HzxvPX,https://maps.app.goo.gl/t178LDzcrFtjxgEz9
BDS-MASTER-0055,Chưa đặt tên,BDS-MASTER-0188,Parklane,140,same_map_link; same_coord_0m,2026-06-29,,"10.970034, 106.715651","10.970034, 106.715651",https://www.google.com/maps?q=10.8403809; https://maps.app.goo.gl/LU2Nvzo1LBLur6; https://maps.app.goo.gl/7uS84wL1B4oMwKEw9?g_st=ipc; https://www.google.com/maps/d/edit?mid; https://www.google.com/maps/d/edit?mid=1HzxvPX,https://maps.app.goo.gl/t178LDzcrFtjxgEz9
BDS-MASTER-0055,Chưa đặt tên,BDS-MASTER-0220,Richland Quận 9,140,same_map_link; same_coord_0m,2026-06-29,2026-07-02,"10.970034, 106.715651","10.970034, 106.715651",https://www.google.com/maps?q=10.8403809; https://maps.app.goo.gl/LU2Nvzo1LBLur6; https://maps.app.goo.gl/7uS84wL1B4oMwKEw9?g_st=ipc; https://www.google.com/maps/d/edit?mid; https://www.google.com/maps/d/edit?mid=1HzxvPX,https://maps.app.goo.gl/t178LDzcrFtjxgEz9
BDS-MASTER-0055,Chưa đặt tên,BDS-MASTER-0232,trên có diện tích hơn 77ha,140,same_map_link; same_coord_0m,2026-06-29,2025-08-13,"10.970034, 106.715651","10.970034, 106.715651",https://www.google.com/maps?q=10.8403809; https://maps.app.goo.gl/LU2Nvzo1LBLur6; https://maps.app.goo.gl/7uS84wL1B4oMwKEw9?g_st=ipc; https://www.google.com/maps/d/edit?mid; https://www.google.com/maps/d/edit?mid=1HzxvPX,https://maps.app.goo.gl/t178LDzcrFtjxgEz9
BDS-MASTER-0055,Chưa đặt tên,BDS-MASTER-0245,Hải Nhân,140,same_map_link; same_coord_0m,2026-06-29,,"10.970034, 106.715651","10.970034, 106.715651",https://www.google.com/maps?q=10.8403809; https://maps.app.goo.gl/LU2Nvzo1LBLur6; https://maps.app.goo.gl/7uS84wL1B4oMwKEw9?g_st=ipc; https://www.google.com/maps/d/edit?mid; https://www.google.com/maps/d/edit?mid=1HzxvPX,https://maps.app.goo.gl/t178LDzcrFtjxgEz9
BDS-MASTER-0055,Chưa đặt tên,BDS-MASTER-0252,Sông Đà - Quốc Cường Gia Lai (Nguồn từ Mr Tiến R&D) có giá chào 6,140,same_map_link; same_coord_0m,2026-06-29,,"10.970034, 106.715651","10.970034, 106.715651",https://www.google.com/maps?q=10.8403809; https://maps.app.goo.gl/LU2Nvzo1LBLur6; https://maps.app.goo.gl/7uS84wL1B4oMwKEw9?g_st=ipc; https://www.google.com/maps/d/edit?mid; https://www.google.com/maps/d/edit?mid=1HzxvPX,https://maps.app.goo.gl/t178LDzcrFtjxgEz9
BDS-MASTER-0055,Chưa đặt tên,BDS-MASTER-0257,do mình có điều chỉnh qh 1/500,140,same_map_link; same_coord_0m,2026-06-29,2023-09-25,"10.970034, 106.715651","10.970034, 106.715651",https://www.google.com/maps?q=10.8403809; https://maps.app.goo.gl/LU2Nvzo1LBLur6; https://maps.app.goo.gl/7uS84wL1B4oMwKEw9?g_st=ipc; https://www.google.com/maps/d/edit?mid; https://www.google.com/maps/d/edit?mid=1HzxvPX,https://maps.app.goo.gl/t178LDzcrFtjxgEz9
BDS-MASTER-0055,Chưa đặt tên,BDS-MASTER-0288,KS 25 Trần Phú sẽ đi theo PA 5 tầng nổi + 1 tầng hầm,140,same_map_link; same_coord_0m,2026-06-29,2025-04-28,"10.970034, 106.715651","10.970034, 106.715651",https://www.google.com/maps?q=10.8403809; https://maps.app.goo.gl/LU2Nvzo1LBLur6; https://maps.app.goo.gl/7uS84wL1B4oMwKEw9?g_st=ipc; https://www.google.com/maps/d/edit?mid; https://www.google.com/maps/d/edit?mid=1HzxvPX,https://maps.app.goo.gl/t178LDzcrFtjxgEz9
BDS-MASTER-0055,Chưa đặt tên,BDS-MASTER-0297,Với phương án của mình trước là làm phân kh,140,same_map_link; same_coord_0m,2026-06-29,2023-09-25,"10.970034, 106.715651","10.970034, 106.715651",https://www.google.com/maps?q=10.8403809; https://maps.app.goo.gl/LU2Nvzo1LBLur6; https://maps.app.goo.gl/7uS84wL1B4oMwKEw9?g_st=ipc; https://www.google.com/maps/d/edit?mid; https://www.google.com/maps/d/edit?mid=1HzxvPX,https://maps.app.goo.gl/t178LDzcrFtjxgEz9
BDS-MASTER-0055,Chưa đặt tên,BDS-MASTER-0327,triển khai chưa mng Team đã trao đổi với A Sơn Trợ lý để lên list các dự án này à,140,same_map_link; same_coord_0m,2026-06-29,2023-10-15,"10.970034, 106.715651","10.970034, 106.715651",https://www.google.com/maps?q=10.8403809; https://maps.app.goo.gl/LU2Nvzo1LBLur6; https://maps.app.goo.gl/7uS84wL1B4oMwKEw9?g_st=ipc; https://www.google.com/maps/d/edit?mid; https://www.google.com/maps/d/edit?mid=1HzxvPX,https://maps.app.goo.gl/t178LDzcrFtjxgEz9
BDS-MASTER-0055,Chưa đặt tên,BDS-MASTER-0360,chưa bàn giao nên chưa dc vào ở à,140,same_map_link; same_coord_0m,2026-06-29,2025-04-11,"10.970034, 106.715651","10.970034, 106.715651",https://www.google.com/maps?q=10.8403809; https://maps.app.goo.gl/LU2Nvzo1LBLur6; https://maps.app.goo.gl/7uS84wL1B4oMwKEw9?g_st=ipc; https://www.google.com/maps/d/edit?mid; https://www.google.com/maps/d/edit?mid=1HzxvPX,https://maps.app.goo.gl/t178LDzcrFtjxgEz9
BDS-MASTER-0055,Chưa đặt tên,BDS-MASTER-0363,có giá vốn đất thấp trong khi hệ số cao (trên 11 chấm),140,same_map_link; same_coord_0m,2026-06-29,,"10.970034, 106.715651","10.970034, 106.715651",https://www.google.com/maps?q=10.8403809; https://maps.app.goo.gl/LU2Nvzo1LBLur6; https://maps.app.goo.gl/7uS84wL1B4oMwKEw9?g_st=ipc; https://www.google.com/maps/d/edit?mid; https://www.google.com/maps/d/edit?mid=1HzxvPX,https://maps.app.goo.gl/t178LDzcrFtjxgEz9
BDS-MASTER-0055,Chưa đặt tên,BDS-MASTER-0396,trên có diện tích,140,same_map_link; same_coord_0m,2026-06-29,2025-08-13,"10.970034, 106.715651","10.970034, 106.715651",https://www.google.com/maps?q=10.8403809; https://maps.app.goo.gl/LU2Nvzo1LBLur6; https://maps.app.goo.gl/7uS84wL1B4oMwKEw9?g_st=ipc; https://www.google.com/maps/d/edit?mid; https://www.google.com/maps/d/edit?mid=1HzxvPX,https://maps.app.goo.gl/t178LDzcrFtjxgEz9
BDS-MASTER-0055,Chưa đặt tên,BDS-MASTER-0423,HAI NHAN,140,same_map_link; same_coord_0m,2026-06-29,,"10.970034, 106.715651","10.970034, 106.715651",https://www.google.com/maps?q=10.8403809; https://maps.app.goo.gl/LU2Nvzo1LBLur6; https://maps.app.goo.gl/7uS84wL1B4oMwKEw9?g_st=ipc; https://www.google.com/maps/d/edit?mid; https://www.google.com/maps/d/edit?mid=1HzxvPX,https://maps.app.goo.gl/t178LDzcrFtjxgEz9
BDS-MASTER-0055,Chưa đặt tên,BDS-MASTER-0493,Parklane P,140,same_map_link; same_coord_0m,2026-06-29,,"10.970034, 106.715651","10.970034, 106.715651",https://www.google.com/maps?q=10.8403809; https://maps.app.goo.gl/LU2Nvzo1LBLur6; https://maps.app.goo.gl/7uS84wL1B4oMwKEw9?g_st=ipc; https://www.google.com/maps/d/edit?mid; https://www.google.com/maps/d/edit?mid=1HzxvPX,https://maps.app.goo.gl/t178LDzcrFtjxgEz9
BDS-MASTER-0055,Chưa đặt tên,BDS-MASTER-0502,thì họ sẽ làm như thế nào Huy M - IM Rồi anh tính phương án thử by Admin 01,140,same_map_link; same_coord_0m,2026-06-29,,"10.970034, 106.715651","10.970034, 106.715651",https://www.google.com/maps?q=10.8403809; https://maps.app.goo.gl/LU2Nvzo1LBLur6; https://maps.app.goo.gl/7uS84wL1B4oMwKEw9?g_st=ipc; https://www.google.com/maps/d/edit?mid; https://www.google.com/maps/d/edit?mid=1HzxvPX,https://maps.app.goo.gl/t178LDzcrFtjxgEz9
BDS-MASTER-0055,Chưa đặt tên,BDS-MASTER-0503,đã được đưa vào danh sách thí điểm 171 Số thự tự 41,140,same_map_link; same_coord_0m,2026-06-29,,"10.970034, 106.715651","10.970034, 106.715651",https://www.google.com/maps?q=10.8403809; https://maps.app.goo.gl/LU2Nvzo1LBLur6; https://maps.app.goo.gl/7uS84wL1B4oMwKEw9?g_st=ipc; https://www.google.com/maps/d/edit?mid; https://www.google.com/maps/d/edit?mid=1HzxvPX,https://maps.app.goo.gl/t178LDzcrFtjxgEz9
BDS-MASTER-0056,chung cư Thuận Nghiệp - DT743C,BDS-MASTER-0190,Phú Quang – Phương án bổ sung tiền sử dụng đất (LURF) và chi phí liên quan đến phần đất công trong dự án,140,same_map_link; same_coord_0m,2025-04-09,2025-03-12,"10.6963753, 106.6108851","10.6963753, 106.6108851",https://maps.app.goo.gl/UEv62Ht1RcfDLLML8,https://maps.app.goo.gl/UEv62Ht1RcfDLLML8
BDS-MASTER-0056,chung cư Thuận Nghiệp - DT743C,BDS-MASTER-0282,CCN Giao Yến cũng đang ở bước đầu xin dự án,140,same_map_link; same_coord_0m,2025-04-09,2023-04-26,"10.6963753, 106.6108851","10.6963753, 106.6108851",https://maps.app.goo.gl/UEv62Ht1RcfDLLML8,https://maps.app.goo.gl/UEv62Ht1RcfDLLML8
BDS-MASTER-0056,chung cư Thuận Nghiệp - DT743C,BDS-MASTER-0328,trước năm 2024 đúng thật là thấy giá chung cư của HN thấy thấp hơn SG nếu nhìn vị trí có tính tương đương,140,same_map_link; same_coord_0m,2025-04-09,2024-12-07,"10.6963753, 106.6108851","10.6963753, 106.6108851",https://maps.app.goo.gl/UEv62Ht1RcfDLLML8,https://maps.app.goo.gl/UEv62Ht1RcfDLLML8
BDS-MASTER-0056,chung cư Thuận Nghiệp - DT743C,BDS-MASTER-0361,chợ lớn có khi phải điều chỉnh ranh Dự án Chợ Lớn đang làm quy hoạch anh Tài đã có cập nhật ranh Metro vào rồi,140,same_map_link; same_coord_0m,2025-04-09,2024-11-25,"10.6963753, 106.6108851","10.6963753, 106.6108851",https://maps.app.goo.gl/UEv62Ht1RcfDLLML8,https://maps.app.goo.gl/UEv62Ht1RcfDLLML8
BDS-MASTER-0056,chung cư Thuận Nghiệp - DT743C,BDS-MASTER-0405,được tính bằng cách lấy tổng doanh thu trừ các chi phí vận hành trực tiếp (như chi phí phòng,140,same_map_link; same_coord_0m,2025-04-09,2025-06-29,"10.6963753, 106.6108851","10.6963753, 106.6108851",https://maps.app.goo.gl/UEv62Ht1RcfDLLML8,https://maps.app.goo.gl/UEv62Ht1RcfDLLML8
BDS-MASTER-0059,12ha KDC Vĩnh Phú gần Phú Quang,BDS-MASTER-0161,Khu đất Ngô Chí Quốc Bình Chiểu Thủ Đức,140,same_map_link; same_coord_0m,2026-05-08,2023-08-03,"10.8868153, 106.7156351","10.8868153, 106.7156351",https://goo.gl/maps/Empzn8zwhyULFrqV8,https://goo.gl/maps/Empzn8zwhyULFrqV8
BDS-MASTER-0059,12ha KDC Vĩnh Phú gần Phú Quang,BDS-MASTER-0189,Phú Quang khoảng 350m + Có 2 mặt tiếp xúc kênh rạch II/ Kết nối giao thông đến dự án,140,same_map_link; same_coord_0m,2026-05-08,2023-11-27,"10.8868153, 106.7156351","10.8868153, 106.7156351",https://goo.gl/maps/Empzn8zwhyULFrqV8,https://goo.gl/maps/Empzn8zwhyULFrqV8
BDS-MASTER-0059,12ha KDC Vĩnh Phú gần Phú Quang,BDS-MASTER-0393,theo link bên dưới,140,same_map_link; same_coord_0m,2026-05-08,2023-05-18,"10.8868153, 106.7156351","10.8868153, 106.7156351",https://goo.gl/maps/Empzn8zwhyULFrqV8,https://goo.gl/maps/Empzn8zwhyULFrqV8
BDS-MASTER-0063,chung cư tại Tân Bình,BDS-MASTER-0131,KDC Minh Hưng tại xã Minh Hưng,140,same_map_link; same_coord_0m,2022-11-16,2022-12-14,"10.93497, 106.7618721","10.93497, 106.7618721",https://goo.gl/maps/sMLMvWwegyerE3jJ9,https://goo.gl/maps/sMLMvWwegyerE3jJ9
BDS-MASTER-0063,chung cư tại Tân Bình,BDS-MASTER-0338,ANANTARA THAM CHIẾU THEO DỰ ÁN PHÚ HẢI Bảng so sánh,140,same_map_link; same_coord_0m,2022-11-16,2022-11-18,"10.93497, 106.7618721","10.93497, 106.7618721",https://goo.gl/maps/sMLMvWwegyerE3jJ9,https://goo.gl/maps/sMLMvWwegyerE3jJ9
BDS-MASTER-0064,có 2 mặt tiền đường Thuận An Hóa rộng khoảng 60m,BDS-MASTER-0076,có 1 mặt tiền đường Song Hành rộng khoảng 110m của đường Xa lộ Hà Nội,140,same_map_link; same_coord_0m,2022-09-06,2022-09-06,"10.8569731, 106.7820395","10.8569731, 106.7820395",https://goo.gl/maps/g4UerEukDLx9YjWt5,https://goo.gl/maps/g4UerEukDLx9YjWt5
BDS-MASTER-0064,có 2 mặt tiền đường Thuận An Hóa rộng khoảng 60m,BDS-MASTER-0114,chung cư trên quy đất này có thể theo 2 hướng,140,same_map_link; same_coord_0m,2022-09-06,2022-08-26,"10.8569731, 106.7820395","10.8569731, 106.7820395",https://goo.gl/maps/g4UerEukDLx9YjWt5,https://goo.gl/maps/g4UerEukDLx9YjWt5
BDS-MASTER-0065,gồm Chung cư cao tầng gồm 02 Hầm + 02 tầng Khối đế + 26 tầng căn hộ (trong đó căn hộ NOXH chiếm 20% tổng số că,BDS-MASTER-0102,728 Cách Mạng Tháng 8 Tổng mức đầu tư (Chưa VAT),140,same_map_link; same_coord_0m,2023-08-03,,"10.686804, 106.936193","10.686804, 106.936193",https://maps.app.goo.gl/QVMCmJp83pMBNKrL8,https://maps.app.goo.gl/QVMCmJp83pMBNKrL8
BDS-MASTER-0065,gồm Chung cư cao tầng gồm 02 Hầm + 02 tầng Khối đế + 26 tầng căn hộ (trong đó căn hộ NOXH chiếm 20% tổng số că,BDS-MASTER-0403,đang ở giai đoạn đ,140,same_map_link; same_coord_0m,2023-08-03,2024-07-24,"10.686804, 106.936193","10.686804, 106.936193",https://maps.app.goo.gl/QVMCmJp83pMBNKrL8,https://maps.app.goo.gl/QVMCmJp83pMBNKrL8
BDS-MASTER-0065,gồm Chung cư cao tầng gồm 02 Hầm + 02 tầng Khối đế + 26 tầng căn hộ (trong đó căn hộ NOXH chiếm 20% tổng số că,BDS-MASTER-0442,của Nova đang khởi công t,140,same_map_link; same_coord_0m,2023-08-03,2023-06-06,"10.686804, 106.936193","10.686804, 106.936193",https://maps.app.goo.gl/QVMCmJp83pMBNKrL8,https://maps.app.goo.gl/QVMCmJp83pMBNKrL8
BDS-MASTER-0067,the Bale tại Phan Thiết,BDS-MASTER-0489,Bale,140,same_map_link; same_coord_0m,2022-10-11,,"10.95053, 108.1977213","10.95053, 108.1977213",https://goo.gl/maps/VFB9RLFqHkCjVD4Y6,https://goo.gl/maps/VFB9RLFqHkCjVD4Y6
BDS-MASTER-0068,tại 353 Nơ Trang Long,BDS-MASTER-0221,THEO PHƯƠNG ÁN KINH DOANH ANH CƯỜNG – TMĐT Ko bao gồm ĐẤT Kết quả kinh doanh – PA vận hành 15 năm + GOP bình q,140,same_map_link; same_coord_0m,2025-10-07,2025-10-07,"10.8195551, 106.702349","10.8195551, 106.702349",https://www.google.com/maps/d/edit?mid=1Fl7DvT-DOnJvyHZ0Oq5v-nUadBLGHFo&usp=sharing,https://www.google.com/maps/d/edit?mid=1Fl7DvT-DOnJvyHZ0Oq5v-nUadBLGHFo&usp=sharing
BDS-MASTER-0069,ở khu vực gần đó đã được duyệt giá đất (như Emerald 2,BDS-MASTER-0150,đấu giá 77ha,140,same_map_link; same_coord_0m,2025-08-08,,"10.888428, 106.6985811","10.888428, 106.6985811",https://maps.app.goo.gl/pTzfCxqkMYLuLe9z9,https://maps.app.goo.gl/pTzfCxqkMYLuLe9z9
BDS-MASTER-0069,ở khu vực gần đó đã được duyệt giá đất (như Emerald 2,BDS-MASTER-0331,đấu thầu,140,same_map_link; same_coord_0m,2025-08-08,,"10.888428, 106.6985811","10.888428, 106.6985811",https://maps.app.goo.gl/pTzfCxqkMYLuLe9z9,https://maps.app.goo.gl/pTzfCxqkMYLuLe9z9
BDS-MASTER-0074,cao tầng Việt An,BDS-MASTER-0296,Thông tin quyết định chủ trương đầu tư/pháp lý dự án/thông tin quy hoạch dự án - Thông tin đơn vị khác tham,140,same_map_link; same_coord_0m,2024-12-06,,"10.9574728, 106.7074293","10.9574728, 106.7074293",https://goo.gl/maps/xNEqZWHrXNzKYLHe6,https://goo.gl/maps/xNEqZWHrXNzKYLHe6
BDS-MASTER-0074,cao tầng Việt An,BDS-MASTER-0432,by Huy M - IM,140,same_map_link; same_coord_0m,2024-12-06,2024-12-06,"10.9574728, 106.7074293","10.9574728, 106.7074293",https://goo.gl/maps/xNEqZWHrXNzKYLHe6,https://goo.gl/maps/xNEqZWHrXNzKYLHe6
BDS-MASTER-0074,cao tầng Việt An,BDS-MASTER-0472,thương hiệu Trump đầu tiên tại Việt Nam - Tuổi Trẻ Online Chiều 21-5,140,same_map_link; same_coord_0m,2024-12-06,2025-05-25,"10.9574728, 106.7074293","10.9574728, 106.7074293",https://goo.gl/maps/xNEqZWHrXNzKYLHe6,https://goo.gl/maps/xNEqZWHrXNzKYLHe6
BDS-MASTER-0074,cao tầng Việt An,BDS-MASTER-0476,trên đã có các nhà đàu tư đăng ký tham gia đấu thầu,140,same_map_link; same_coord_0m,2024-12-06,,"10.9574728, 106.7074293","10.9574728, 106.7074293",https://goo.gl/maps/xNEqZWHrXNzKYLHe6,https://goo.gl/maps/xNEqZWHrXNzKYLHe6
BDS-MASTER-0074,cao tầng Việt An,BDS-MASTER-0477,tuy đạt hiệu quả đầu tư về mặt tính t,140,same_map_link; same_coord_0m,2024-12-06,2024-12-06,"10.9574728, 106.7074293","10.9574728, 106.7074293",https://goo.gl/maps/xNEqZWHrXNzKYLHe6,https://goo.gl/maps/xNEqZWHrXNzKYLHe6
BDS-MASTER-0076,có 1 mặt tiền đường Song Hành rộng khoảng 110m của đường Xa lộ Hà Nội,BDS-MASTER-0114,chung cư trên quy đất này có thể theo 2 hướng,140,same_map_link; same_coord_0m,2022-09-06,2022-08-26,"10.8569731, 106.7820395","10.8569731, 106.7820395",https://goo.gl/maps/g4UerEukDLx9YjWt5,https://goo.gl/maps/g4UerEukDLx9YjWt5
BDS-MASTER-0077,sẽ mất 1 năm để xử lý các vấn đề liên quan khoản nợ đang trong DATC,BDS-MASTER-0110,Nơ Trang Long,140,same_map_link; same_coord_0m,,,"10.710113, 106.6489317","10.710113, 106.6489317",https://maps.app.goo.gl/H57L1w8ReXXNhtb99,https://maps.app.goo.gl/H57L1w8ReXXNhtb99
BDS-MASTER-0077,sẽ mất 1 năm để xử lý các vấn đề liên quan khoản nợ đang trong DATC,BDS-MASTER-0324,sẽ được cải thiện hơn,140,same_map_link; same_coord_0m,,,"10.710113, 106.6489317","10.710113, 106.6489317",https://maps.app.goo.gl/H57L1w8ReXXNhtb99,https://maps.app.goo.gl/H57L1w8ReXXNhtb99
BDS-MASTER-0077,sẽ mất 1 năm để xử lý các vấn đề liên quan khoản nợ đang trong DATC,BDS-MASTER-0383,này với các điều kiện sau,140,same_map_link; same_coord_0m,,,"10.710113, 106.6489317","10.710113, 106.6489317",https://maps.app.goo.gl/H57L1w8ReXXNhtb99,https://maps.app.goo.gl/H57L1w8ReXXNhtb99
BDS-MASTER-0079,theo Quyết định 425 của Bộ Xây dựng áp dụng cho năm 2026,BDS-MASTER-0265,này hồi xưa mình có thông tin nhưng sau đó đề xuất là không quan tâm sâu do có 2 nhược điểm lớn là,140,same_map_link; same_coord_0m,2025-09-11,2023-09-07,"10.784153, 106.725690","10.784153, 106.725690",https://maps.app.goo.gl/qDbb6mJHvwhXw4Az6,https://maps.app.goo.gl/qDbb6mJHvwhXw4Az6
BDS-MASTER-0083,Bãi Container & Dịch vụ Cảng (Diện tích 31 ha) với giá chào 2 trđ/m2 tại Phước Hòa,BDS-MASTER-0098,2769m2 tại Đà Nẵng,140,same_map_link; same_coord_0m,2022-08-09,2022-08-03,"10.6312837, 107.0212037","10.6312837, 107.0212037",https://goo.gl/maps/JtDt3jc8pMZ3n7xH9; https://goo.gl/maps/GPLvd34uRNT1EL5bA; https://goo.gl/maps/oJP5R9Jfe8yAcrWY6,https://goo.gl/maps/JtDt3jc8pMZ3n7xH9; https://goo.gl/maps/GPLvd34uRNT1EL5bA; https://goo.gl/maps/oJP5R9Jfe8yAcrWY6
BDS-MASTER-0083,Bãi Container & Dịch vụ Cảng (Diện tích 31 ha) với giá chào 2 trđ/m2 tại Phước Hòa,BDS-MASTER-0126,Cảng Sài Gòn – Thép Việt,140,same_map_link; same_coord_0m,2022-08-09,2022-08-09,"10.6312837, 107.0212037","10.6312837, 107.0212037",https://goo.gl/maps/JtDt3jc8pMZ3n7xH9; https://goo.gl/maps/GPLvd34uRNT1EL5bA; https://goo.gl/maps/oJP5R9Jfe8yAcrWY6,https://goo.gl/maps/JtDt3jc8pMZ3n7xH9; https://goo.gl/maps/GPLvd34uRNT1EL5bA; https://goo.gl/maps/oJP5R9Jfe8yAcrWY6
BDS-MASTER-0083,Bãi Container & Dịch vụ Cảng (Diện tích 31 ha) với giá chào 2 trđ/m2 tại Phước Hòa,BDS-MASTER-0434,bị Phốt nhiều à Vậy bỏ qua cái Đức Long nha by Unknown User,140,same_map_link; same_coord_0m,2022-08-09,2025-04-03,"10.6312837, 107.0212037","10.6312837, 107.0212037",https://goo.gl/maps/JtDt3jc8pMZ3n7xH9; https://goo.gl/maps/GPLvd34uRNT1EL5bA; https://goo.gl/maps/oJP5R9Jfe8yAcrWY6,https://goo.gl/maps/JtDt3jc8pMZ3n7xH9; https://goo.gl/maps/GPLvd34uRNT1EL5bA; https://goo.gl/maps/oJP5R9Jfe8yAcrWY6
BDS-MASTER-0083,Bãi Container & Dịch vụ Cảng (Diện tích 31 ha) với giá chào 2 trđ/m2 tại Phước Hòa,BDS-MASTER-0479,tại Đà Lạt vào ngày 09-11,140,same_map_link; same_coord_0m,2022-08-09,,"10.6312837, 107.0212037","10.6312837, 107.0212037",https://goo.gl/maps/JtDt3jc8pMZ3n7xH9; https://goo.gl/maps/GPLvd34uRNT1EL5bA; https://goo.gl/maps/oJP5R9Jfe8yAcrWY6,https://goo.gl/maps/JtDt3jc8pMZ3n7xH9; https://goo.gl/maps/GPLvd34uRNT1EL5bA; https://goo.gl/maps/oJP5R9Jfe8yAcrWY6
BDS-MASTER-0084,Chung cư Minh Ngọc tại đường CMT8,BDS-MASTER-0491,Minh Ngọc,140,same_map_link; same_coord_0m,2022-09-19,2022-09-19,"10.7867189, 106.6664747","10.7867189, 106.6664747",https://goo.gl/maps/cUNDNuwk9M5KBSbJA; https://goo.gl/maps/cUNDNuwk9M5KBSbJA**,https://goo.gl/maps/cUNDNuwk9M5KBSbJA; https://goo.gl/maps/cUNDNuwk9M5KBSbJA**
BDS-MASTER-0085,Felicia Đà Nẵng,BDS-MASTER-0193,Võ Văn Kiệt (Gộp 2 Lô) theo chỉ tiêu QH dự kiến điều chỉnh,140,same_map_link; same_coord_0m,2025-02-19,,"16.053394, 108.247722","16.053394, 108.247722",https://maps.app.goo.gl/cuqyDKdtbfwW1DAa8,https://maps.app.goo.gl/cuqyDKdtbfwW1DAa8
BDS-MASTER-0085,Felicia Đà Nẵng,BDS-MASTER-0195,gộp 2 lô Võ Văn Kiệt theo thay đổi giá bán căn hộ và giá mua dự án,140,same_map_link; same_coord_0m,2025-02-19,,"16.053394, 108.247722","16.053394, 108.247722",https://maps.app.goo.gl/cuqyDKdtbfwW1DAa8,https://maps.app.goo.gl/cuqyDKdtbfwW1DAa8
BDS-MASTER-0085,Felicia Đà Nẵng,BDS-MASTER-0212,Holiday Beach tại Đà Nẵng đánh giá nhanh phương án vận hành khách sạn tạm thời trong thời gian ngắn,140,same_map_link; same_coord_0m,2025-02-19,2024-09-14,"16.053394, 108.247722","16.053394, 108.247722",https://maps.app.goo.gl/cuqyDKdtbfwW1DAa8,https://maps.app.goo.gl/cuqyDKdtbfwW1DAa8
BDS-MASTER-0085,Felicia Đà Nẵng,BDS-MASTER-0359,chung cư nhiều nhưng số lượng dự án và thị trường thì thấy Đà Nẵng có vẻ sôi động hơn à Nhưng condotel ở Đà Nẵ,140,same_map_link; same_coord_0m,2025-02-19,2024-10-25,"16.053394, 108.247722","16.053394, 108.247722",https://maps.app.goo.gl/cuqyDKdtbfwW1DAa8,https://maps.app.goo.gl/cuqyDKdtbfwW1DAa8
BDS-MASTER-0085,Felicia Đà Nẵng,BDS-MASTER-0426,Khu nhà ở công nhân và chuyên gia tại xã Nhơn Trạch của Công ty TNHH Vạn Phúc,140,same_map_link; same_coord_0m,2025-02-19,,"16.053394, 108.247722","16.053394, 108.247722",https://maps.app.goo.gl/cuqyDKdtbfwW1DAa8,https://maps.app.goo.gl/cuqyDKdtbfwW1DAa8
BDS-MASTER-0088,Võ Văn Kiệt) cố định ~ 190 tr/m2,BDS-MASTER-0431,Vo Van Kiet Gop 2 Lo (IN),140,same_map_link; same_coord_0m,,,"10.8403809, 106.7198151","10.8403809, 106.7198151","https://www.google.com/maps?q=10.8403809; https://www.google.com/maps?q=10.8403809,106.7198151&entry=gps&shh=CAE&lucs=,94297699,94231188,9428","https://www.google.com/maps?q=10.8403809; https://www.google.com/maps?q=10.8403809,106.7198151&entry=gps&shh=CAE&lucs=,94297699,94231188,9428"
BDS-MASTER-0089,chung cư Thành Lộc với tổng diện tích đất phù hợp quy hoạch để thực hiện dự án là 8,BDS-MASTER-0309,khác đang mở bán trên thị trường,140,same_map_link; same_coord_0m,2022-08-09,2022-08-10,"10.95584, 106.68369","10.95584, 106.68369",https://goo.gl/maps/SeJtvcKkqmN6a7oy6,https://goo.gl/maps/SeJtvcKkqmN6a7oy6
BDS-MASTER-0090,có mặt tiền rộng khoảng 100m ngay đường Nguyễn Hữu Thọ,BDS-MASTER-0303,cần kiểm tra lại QH 1,140,same_map_link; same_coord_0m,2022-08-26,,"10.6873566, 106.7186056","10.6873566, 106.7186056",https://goo.gl/maps/k4R8TwNVtrg4BrJc9,https://goo.gl/maps/k4R8TwNVtrg4BrJc9
BDS-MASTER-0090,có mặt tiền rộng khoảng 100m ngay đường Nguyễn Hữu Thọ,BDS-MASTER-0337,=> Nên chưa đánh giá hiệu quả dự án theo yếu tố dòng tiền ** Link Drive,140,same_map_link; same_coord_0m,2022-08-26,2022-11-02,"10.6873566, 106.7186056","10.6873566, 106.7186056",https://goo.gl/maps/k4R8TwNVtrg4BrJc9,https://goo.gl/maps/k4R8TwNVtrg4BrJc9
BDS-MASTER-0090,có mặt tiền rộng khoảng 100m ngay đường Nguyễn Hữu Thọ,BDS-MASTER-0343,Hội An Riverside có nhiều khả năng thay đổi concept,140,same_map_link; same_coord_0m,2022-08-26,2025-01-02,"10.6873566, 106.7186056","10.6873566, 106.7186056",https://goo.gl/maps/k4R8TwNVtrg4BrJc9,https://goo.gl/maps/k4R8TwNVtrg4BrJc9
BDS-MASTER-0090,có mặt tiền rộng khoảng 100m ngay đường Nguyễn Hữu Thọ,BDS-MASTER-0374,lớn và có quy mô tương tự dự án Nghiên cứu (Dự án – Hùng Thắng 1,140,same_map_link; same_coord_0m,2022-08-26,2022-10-01,"10.6873566, 106.7186056","10.6873566, 106.7186056",https://goo.gl/maps/k4R8TwNVtrg4BrJc9,https://goo.gl/maps/k4R8TwNVtrg4BrJc9
BDS-MASTER-0090,có mặt tiền rộng khoảng 100m ngay đường Nguyễn Hữu Thọ,BDS-MASTER-0433,bên mình đã đang follow nha a Huy Mai-PTDT Anh đã share hồ sơ cho em rồi nha,140,same_map_link; same_coord_0m,2022-08-26,2023-04-24,"10.6873566, 106.7186056","10.6873566, 106.7186056",https://goo.gl/maps/k4R8TwNVtrg4BrJc9,https://goo.gl/maps/k4R8TwNVtrg4BrJc9
BDS-MASTER-0093,khu mặt tiền đường Ngô Chí Quốc (gom đất gần Phú Quang)- Cập nhật Quy hoạch Phân khu,BDS-MASTER-0154,Cù lao Tân Vạn theo đơn giá bán (đất + nhà) trung bình dựa vào các loại hình do Mr,140,same_map_link; same_coord_0m,,2025-05-06,"10.840677, 106.719716","10.840677, 106.719716",https://maps.app.goo.gl/ioqJ9N2mKRyMdiAe6,https://maps.app.goo.gl/ioqJ9N2mKRyMdiAe6
BDS-MASTER-0093,khu mặt tiền đường Ngô Chí Quốc (gom đất gần Phú Quang)- Cập nhật Quy hoạch Phân khu,BDS-MASTER-0249,NOXH sẽ giúp tạo thương hiệu tích cực cho công ty trên thị trường,140,same_map_link; same_coord_0m,,,"10.840677, 106.719716","10.840677, 106.719716",https://maps.app.goo.gl/ioqJ9N2mKRyMdiAe6,https://maps.app.goo.gl/ioqJ9N2mKRyMdiAe6
BDS-MASTER-0093,khu mặt tiền đường Ngô Chí Quốc (gom đất gần Phú Quang)- Cập nhật Quy hoạch Phân khu,BDS-MASTER-0269,tuy nhiên,140,same_map_link; same_coord_0m,,2023-12-18,"10.840677, 106.719716","10.840677, 106.719716",https://maps.app.goo.gl/ioqJ9N2mKRyMdiAe6,https://maps.app.goo.gl/ioqJ9N2mKRyMdiAe6
BDS-MASTER-0093,khu mặt tiền đường Ngô Chí Quốc (gom đất gần Phú Quang)- Cập nhật Quy hoạch Phân khu,BDS-MASTER-0378,nào mà đóng tssđ hàng năm nó cứ tăng hàng năm nữa,140,same_map_link; same_coord_0m,,2023-08-11,"10.840677, 106.719716","10.840677, 106.719716",https://maps.app.goo.gl/ioqJ9N2mKRyMdiAe6,https://maps.app.goo.gl/ioqJ9N2mKRyMdiAe6
BDS-MASTER-0093,khu mặt tiền đường Ngô Chí Quốc (gom đất gần Phú Quang)- Cập nhật Quy hoạch Phân khu,BDS-MASTER-0394,thì khả năng cao dự án không phải nộp thêm ạ,140,same_map_link; same_coord_0m,,,"10.840677, 106.719716","10.840677, 106.719716",https://maps.app.goo.gl/ioqJ9N2mKRyMdiAe6,https://maps.app.goo.gl/ioqJ9N2mKRyMdiAe6
BDS-MASTER-0093,khu mặt tiền đường Ngô Chí Quốc (gom đất gần Phú Quang)- Cập nhật Quy hoạch Phân khu,BDS-MASTER-0420,Gladia heights dự kiến triển khai trong 2026 này,140,same_map_link; same_coord_0m,,,"10.840677, 106.719716","10.840677, 106.719716",https://maps.app.goo.gl/ioqJ9N2mKRyMdiAe6,https://maps.app.goo.gl/ioqJ9N2mKRyMdiAe6
BDS-MASTER-0093,khu mặt tiền đường Ngô Chí Quốc (gom đất gần Phú Quang)- Cập nhật Quy hoạch Phân khu,BDS-MASTER-0471,thông qua đấu thầu nên khả năng cao chỉ thực hiện được chuyển nhượng thông qua hình thức mua cổ phần nên,140,same_map_link; same_coord_0m,,2025-06-26,"10.840677, 106.719716","10.840677, 106.719716",https://maps.app.goo.gl/ioqJ9N2mKRyMdiAe6,https://maps.app.goo.gl/ioqJ9N2mKRyMdiAe6
BDS-MASTER-0094,thấp tầng SADACO – Phú Mỹ,BDS-MASTER-0186,Khách sạn,140,same_map_link; same_coord_0m,2025-04-08,2025-04-17,"10.652525, 107.083154","10.652525, 107.083154",https://maps.app.goo.gl/efNjqXtJS5uqAid67,https://maps.app.goo.gl/efNjqXtJS5uqAid67
BDS-MASTER-0094,thấp tầng SADACO – Phú Mỹ,BDS-MASTER-0196,không đạt hiệu quả ạ Begin quote,140,same_map_link; same_coord_0m,2025-04-08,2026-06-11,"10.652525, 107.083154","10.652525, 107.083154",https://maps.app.goo.gl/efNjqXtJS5uqAid67,https://maps.app.goo.gl/efNjqXtJS5uqAid67
BDS-MASTER-0094,thấp tầng SADACO – Phú Mỹ,BDS-MASTER-0312,không khả thi với bất kỳ giá mua nào Begin quote,140,same_map_link; same_coord_0m,2025-04-08,,"10.652525, 107.083154","10.652525, 107.083154",https://maps.app.goo.gl/efNjqXtJS5uqAid67,https://maps.app.goo.gl/efNjqXtJS5uqAid67
BDS-MASTER-0094,thấp tầng SADACO – Phú Mỹ,BDS-MASTER-0365,của Novaland được tháo gỡ liên quan đến Waterbay và Lakeview theo NQ 170 của Quốc Hội Liên quan đến vấn đề giả,140,same_map_link; same_coord_0m,2025-04-08,2025-02-28,"10.652525, 107.083154","10.652525, 107.083154",https://maps.app.goo.gl/efNjqXtJS5uqAid67,https://maps.app.goo.gl/efNjqXtJS5uqAid67
BDS-MASTER-0094,thấp tầng SADACO – Phú Mỹ,BDS-MASTER-0367,hiện tại mình đang vận hành để xem thử mình có chi phí nào khác cần bổ sung không à,140,same_map_link; same_coord_0m,2025-04-08,2025-04-08,"10.652525, 107.083154","10.652525, 107.083154",https://maps.app.goo.gl/efNjqXtJS5uqAid67,https://maps.app.goo.gl/efNjqXtJS5uqAid67
BDS-MASTER-0094,thấp tầng SADACO – Phú Mỹ,BDS-MASTER-0430,The Bale của Được gửi giá đã giảm mà lại ko lãi hã Begin quote,140,same_map_link; same_coord_0m,2025-04-08,2023-06-01,"10.652525, 107.083154","10.652525, 107.083154",https://maps.app.goo.gl/efNjqXtJS5uqAid67,https://maps.app.goo.gl/efNjqXtJS5uqAid67
BDS-MASTER-0094,thấp tầng SADACO – Phú Mỹ,BDS-MASTER-0435,chợ lớn có khi phải điều chỉnh ranh Begin quote,140,same_map_link; same_coord_0m,2025-04-08,2024-11-25,"10.652525, 107.083154","10.652525, 107.083154",https://maps.app.goo.gl/efNjqXtJS5uqAid67,https://maps.app.goo.gl/efNjqXtJS5uqAid67
BDS-MASTER-0097,2769m2 Hoàng Sa Đà Nẵng (chưa bao gồm TSDĐ bổ sung),BDS-MASTER-0208,đạt tỷ lệ LNTT/TMĐT 15% ~ 290 tỷ đồng ~ đơn giá 137,140,same_map_link; same_coord_0m,2025-06-05,,"16.051348, 108.233637","16.051348, 108.233637",https://maps.app.goo.gl/acrdQ54V3NVNNkKh9,https://maps.app.goo.gl/acrdQ54V3NVNNkKh9
BDS-MASTER-0098,2769m2 tại Đà Nẵng,BDS-MASTER-0126,Cảng Sài Gòn – Thép Việt,140,same_map_link; same_coord_0m,2022-08-03,2022-08-09,"10.6312837, 107.0212037","10.6312837, 107.0212037",https://goo.gl/maps/JtDt3jc8pMZ3n7xH9; https://goo.gl/maps/GPLvd34uRNT1EL5bA; https://goo.gl/maps/oJP5R9Jfe8yAcrWY6,https://goo.gl/maps/JtDt3jc8pMZ3n7xH9; https://goo.gl/maps/GPLvd34uRNT1EL5bA; https://goo.gl/maps/oJP5R9Jfe8yAcrWY6
BDS-MASTER-0098,2769m2 tại Đà Nẵng,BDS-MASTER-0434,bị Phốt nhiều à Vậy bỏ qua cái Đức Long nha by Unknown User,140,same_map_link; same_coord_0m,2022-08-03,2025-04-03,"10.6312837, 107.0212037","10.6312837, 107.0212037",https://goo.gl/maps/JtDt3jc8pMZ3n7xH9; https://goo.gl/maps/GPLvd34uRNT1EL5bA; https://goo.gl/maps/oJP5R9Jfe8yAcrWY6,https://goo.gl/maps/JtDt3jc8pMZ3n7xH9; https://goo.gl/maps/GPLvd34uRNT1EL5bA; https://goo.gl/maps/oJP5R9Jfe8yAcrWY6
BDS-MASTER-0098,2769m2 tại Đà Nẵng,BDS-MASTER-0479,tại Đà Lạt vào ngày 09-11,140,same_map_link; same_coord_0m,2022-08-03,,"10.6312837, 107.0212037","10.6312837, 107.0212037",https://goo.gl/maps/JtDt3jc8pMZ3n7xH9; https://goo.gl/maps/GPLvd34uRNT1EL5bA; https://goo.gl/maps/oJP5R9Jfe8yAcrWY6,https://goo.gl/maps/JtDt3jc8pMZ3n7xH9; https://goo.gl/maps/GPLvd34uRNT1EL5bA; https://goo.gl/maps/oJP5R9Jfe8yAcrWY6
BDS-MASTER-0101,54ha liền kề sân bay Phan Thiết có giá chào 860-900 tỷ,BDS-MASTER-0258,dự kiến hợp tác vs,140,same_map_link; same_coord_0m,2022-08-11,2022-08-10,"11.0196953, 108.2482713","11.0196953, 108.2482713",https://goo.gl/maps/9VManjp1YiqeSC1A8,https://goo.gl/maps/9VManjp1YiqeSC1A8
BDS-MASTER-0101,54ha liền kề sân bay Phan Thiết có giá chào 860-900 tỷ,BDS-MASTER-0276,(pháp lý,140,same_map_link; same_coord_0m,2022-08-11,2022-08-22,"11.0196953, 108.2482713","11.0196953, 108.2482713",https://goo.gl/maps/9VManjp1YiqeSC1A8,https://goo.gl/maps/9VManjp1YiqeSC1A8
BDS-MASTER-0101,54ha liền kề sân bay Phan Thiết có giá chào 860-900 tỷ,BDS-MASTER-0306,dự kiến hợp tác vs park hyatt,140,same_map_link; same_coord_0m,2022-08-11,2022-08-10,"11.0196953, 108.2482713","11.0196953, 108.2482713",https://goo.gl/maps/9VManjp1YiqeSC1A8,https://goo.gl/maps/9VManjp1YiqeSC1A8
BDS-MASTER-0101,54ha liền kề sân bay Phan Thiết có giá chào 860-900 tỷ,BDS-MASTER-0318,này hiện đã thực hiện pháp lý đến gia,140,same_map_link; same_coord_0m,2022-08-11,2022-08-10,"11.0196953, 108.2482713","11.0196953, 108.2482713",https://goo.gl/maps/9VManjp1YiqeSC1A8,https://goo.gl/maps/9VManjp1YiqeSC1A8
BDS-MASTER-0101,54ha liền kề sân bay Phan Thiết có giá chào 860-900 tỷ,BDS-MASTER-0457,này nha anh Cái này phải đi khảo sát địa hình,140,same_map_link; same_coord_0m,2022-08-11,2022-08-10,"11.0196953, 108.2482713","11.0196953, 108.2482713",https://goo.gl/maps/9VManjp1YiqeSC1A8,https://goo.gl/maps/9VManjp1YiqeSC1A8
BDS-MASTER-0102,728 Cách Mạng Tháng 8 Tổng mức đầu tư (Chưa VAT),BDS-MASTER-0403,đang ở giai đoạn đ,140,same_map_link; same_coord_0m,,2024-07-24,"10.686804, 106.936193","10.686804, 106.936193",https://maps.app.goo.gl/QVMCmJp83pMBNKrL8,https://maps.app.goo.gl/QVMCmJp83pMBNKrL8
BDS-MASTER-0102,728 Cách Mạng Tháng 8 Tổng mức đầu tư (Chưa VAT),BDS-MASTER-0442,của Nova đang khởi công t,140,same_map_link; same_coord_0m,,2023-06-06,"10.686804, 106.936193","10.686804, 106.936193",https://maps.app.goo.gl/QVMCmJp83pMBNKrL8,https://maps.app.goo.gl/QVMCmJp83pMBNKrL8
BDS-MASTER-0103,8029 m2 tại Mỹ Phước - Tân Vạn,BDS-MASTER-0148,được chào về tại Bình Dương,140,same_map_link; same_coord_0m,2022-07-28,2022-07-28,"10.9729953, 106.7174413","10.9729953, 106.7174413",https://goo.gl/maps/aSmRwi2p279NGLcb9; https://goo.gl/maps/s4v5mQf8LyZUv8B7A,https://goo.gl/maps/aSmRwi2p279NGLcb9; https://goo.gl/maps/s4v5mQf8LyZUv8B7A
BDS-MASTER-0104,Bãi Kèo Phú Quốc,BDS-MASTER-0201,này có các vấn đề pháp lý chưa rõ và cần Phòng pháp lý dự án đánh giá chi tiết,140,same_map_link; same_coord_0m,,2025-06-05,"10.7964935, 106.7288642","10.7964935, 106.7288642",https://maps.app.goo.gl/AoJAreLLvUUHzVVw5,https://maps.app.goo.gl/AoJAreLLvUUHzVVw5
BDS-MASTER-0104,Bãi Kèo Phú Quốc,BDS-MASTER-0317,này hiện chỉ đóng tiền sử dụng đát trên diện tích đất xây dựng thay vì diện tích đất toàn khu đối với toàn khu,140,same_map_link; same_coord_0m,,2025-03-16,"10.7964935, 106.7288642","10.7964935, 106.7288642",https://maps.app.goo.gl/AoJAreLLvUUHzVVw5,https://maps.app.goo.gl/AoJAreLLvUUHzVVw5
BDS-MASTER-0105,DKC ARITA TWIN TOWER 1,BDS-MASTER-0176,nhà ở khi chuyển mục đích sang đất ở theo Luật Đất đai sẽ phải thực hiện đấu giá đối với hiện trạng các khu đấ,140,same_map_link; same_coord_0m,2023-04-13,2023-03-15,"18.687645, 105.674201","18.687645, 105.674201",https://goo.gl/maps/h4LQbK4dijinbrmF8,https://goo.gl/maps/h4LQbK4dijinbrmF8
BDS-MASTER-0105,DKC ARITA TWIN TOWER 1,BDS-MASTER-0382,này thì phải Các dự án quy mô trên 1000 ha trước khi Nov,140,same_map_link; same_coord_0m,2023-04-13,2024-12-16,"18.687645, 105.674201","18.687645, 105.674201",https://goo.gl/maps/h4LQbK4dijinbrmF8,https://goo.gl/maps/h4LQbK4dijinbrmF8
BDS-MASTER-0107,Khu nhà ở Đại Quang Minh,BDS-MASTER-0192,Swan Park và Swan Bay,140,same_map_link; same_coord_0m,2023-06-12,2023-06-13,"10.9579893, 106.7049181","10.9579893, 106.7049181",https://goo.gl/maps/GPVNSt7Q6a73xSKHA,https://goo.gl/maps/GPVNSt7Q6a73xSKHA
BDS-MASTER-0108,Khu trung tâm tòa nhà hỗn hợp thương mại,BDS-MASTER-0465,nên Nova buộc dừng thi công toàn bộ & bị khủng hoảng,140,same_map_link; same_coord_0m,2022-07-20,2023-06-06,"21.00482, 105.62521","21.00482, 105.62521",https://goo.gl/maps/trCxv7WmZ7Lim467A,https://goo.gl/maps/trCxv7WmZ7Lim467A
BDS-MASTER-0110,Nơ Trang Long,BDS-MASTER-0324,sẽ được cải thiện hơn,140,same_map_link; same_coord_0m,,,"10.710113, 106.6489317","10.710113, 106.6489317",https://maps.app.goo.gl/H57L1w8ReXXNhtb99,https://maps.app.goo.gl/H57L1w8ReXXNhtb99
BDS-MASTER-0110,Nơ Trang Long,BDS-MASTER-0383,này với các điều kiện sau,140,same_map_link; same_coord_0m,,,"10.710113, 106.6489317","10.710113, 106.6489317",https://maps.app.goo.gl/H57L1w8ReXXNhtb99,https://maps.app.goo.gl/H57L1w8ReXXNhtb99
BDS-MASTER-0111,Phú Quang,BDS-MASTER-0384,nêu trên (QĐ 789 cho khu đất 2,140,same_map_link; same_coord_0m,2025-07-15,2025-06-26,"10.674157, 106.929268","10.674157, 106.929268",https://maps.app.goo.gl/Fsyo4xmwK3kmzbC9A; https://maps.app.goo.gl/hMM3KEF5KhFhsZJi7,https://maps.app.goo.gl/Fsyo4xmwK3kmzbC9A; https://maps.app.goo.gl/hMM3KEF5KhFhsZJi7
BDS-MASTER-0115,khu dân cư cao tầng Ngọc Hồi với tổng diện tích đất thực hiện dự án là 24,BDS-MASTER-0163,Suối Nhum với giá 1180 tỷ theo hình thức chuyển nhượng 100% cổ phần cty với hiện trạng có Quy hoạch mới dự kiế,140,same_map_link; same_coord_0m,2022-08-26,2022-08-30,"20.94081, 105.84306","20.94081, 105.84306",https://goo.gl/maps/YaZ9tS4Xqtm5REAe6,https://goo.gl/maps/YaZ9tS4Xqtm5REAe6
BDS-MASTER-0115,khu dân cư cao tầng Ngọc Hồi với tổng diện tích đất thực hiện dự án là 24,BDS-MASTER-0165,Vì 2 vấn đề trên,140,same_map_link; same_coord_0m,2022-08-26,2022-08-26,"20.94081, 105.84306","20.94081, 105.84306",https://goo.gl/maps/YaZ9tS4Xqtm5REAe6,https://goo.gl/maps/YaZ9tS4Xqtm5REAe6
BDS-MASTER-0115,khu dân cư cao tầng Ngọc Hồi với tổng diện tích đất thực hiện dự án là 24,BDS-MASTER-0168,Westgate của AnGia – 38 tr/m2 (vị trí trung tâm Huyện Bình Chánh) + Thấp hơn mức giá trung bình của Akari – Na,140,same_map_link; same_coord_0m,2022-08-26,2024-10-07,"20.94081, 105.84306","20.94081, 105.84306",https://goo.gl/maps/YaZ9tS4Xqtm5REAe6,https://goo.gl/maps/YaZ9tS4Xqtm5REAe6
BDS-MASTER-0115,khu dân cư cao tầng Ngọc Hồi với tổng diện tích đất thực hiện dự án là 24,BDS-MASTER-0178,trong thời gian khai thác kinh doanh,140,same_map_link; same_coord_0m,2022-08-26,2022-12-27,"20.94081, 105.84306","20.94081, 105.84306",https://goo.gl/maps/YaZ9tS4Xqtm5REAe6,https://goo.gl/maps/YaZ9tS4Xqtm5REAe6
BDS-MASTER-0115,khu dân cư cao tầng Ngọc Hồi với tổng diện tích đất thực hiện dự án là 24,BDS-MASTER-0181,(giá bán quỹ đất bao gồm cam kết của đối tác sẽ hỗ trợ phần đất đi vào dự án) với chi phí làm đường là 1tr/m2,140,same_map_link; same_coord_0m,2022-08-26,2022-09-26,"20.94081, 105.84306","20.94081, 105.84306",https://goo.gl/maps/YaZ9tS4Xqtm5REAe6,https://goo.gl/maps/YaZ9tS4Xqtm5REAe6
BDS-MASTER-0115,khu dân cư cao tầng Ngọc Hồi với tổng diện tích đất thực hiện dự án là 24,BDS-MASTER-0293,Regalia Gold 4 sao tại Nha Trang,140,same_map_link; same_coord_0m,2022-08-26,2022-12-27,"20.94081, 105.84306","20.94081, 105.84306",https://goo.gl/maps/YaZ9tS4Xqtm5REAe6,https://goo.gl/maps/YaZ9tS4Xqtm5REAe6
BDS-MASTER-0115,khu dân cư cao tầng Ngọc Hồi với tổng diện tích đất thực hiện dự án là 24,BDS-MASTER-0492,Ngọc Hồi Thanh Trì,140,same_map_link; same_coord_0m,2022-08-26,2022-08-26,"20.94081, 105.84306","20.94081, 105.84306",https://goo.gl/maps/YaZ9tS4Xqtm5REAe6,https://goo.gl/maps/YaZ9tS4Xqtm5REAe6
BDS-MASTER-0116,khu nhà ở Lộc Phú Gia với tổng diện tích đất thực hiện dự án là 690,BDS-MASTER-0159,KCN do Tập đoàn Xuận Thiện làm CĐT với 02 Nhà máy Gang thép - Cán thép đã dược tỉnh phê duyệt chủ trương đầu t,140,same_map_link; same_coord_0m,2022-08-26,2022-12-03,"11.3075137, 106.7658455","11.3075137, 106.7658455",https://goo.gl/maps/88psz7y8xzQTcyVn9,https://goo.gl/maps/88psz7y8xzQTcyVn9
BDS-MASTER-0117,khu tổ hợp văn phòng cho thuê,BDS-MASTER-0295,The Sang Residence đang gần hoàn thành xây dựng với giá bán (58-68trđ/m2) với vị trí nằm sâu trong đường Phạm,140,same_map_link; same_coord_0m,2022-08-10,2022-08-10,"16.06931, 108.24044","16.06931, 108.24044",https://goo.gl/maps/hgxR4SsThT7KqvbUA,https://goo.gl/maps/hgxR4SsThT7KqvbUA
BDS-MASTER-0117,khu tổ hợp văn phòng cho thuê,BDS-MASTER-0304,của mình nằm sát Khu CBD mới của Đà Nẵng và lợi thế nằm ngay đường Phạm Văn Đồng (có 4 mặt tiền,140,same_map_link; same_coord_0m,2022-08-10,2022-08-10,"16.06931, 108.24044","16.06931, 108.24044",https://goo.gl/maps/hgxR4SsThT7KqvbUA,https://goo.gl/maps/hgxR4SsThT7KqvbUA
BDS-MASTER-0117,khu tổ hợp văn phòng cho thuê,BDS-MASTER-0329,xung quanh,140,same_map_link; same_coord_0m,2022-08-10,2022-08-10,"16.06931, 108.24044","16.06931, 108.24044",https://goo.gl/maps/hgxR4SsThT7KqvbUA,https://goo.gl/maps/hgxR4SsThT7KqvbUA
BDS-MASTER-0119,Đông Trung,BDS-MASTER-0149,được đề xuất nghiên cứu đầu tư tại huyện Giao Thuỷ,140,same_map_link; same_coord_0m,2022-11-02,2022-11-08,"20.185875, 106.3661313","20.185875, 106.3661313",https://goo.gl/maps/Y5rcVkPSFzuYQtaJ7; https://goo.gl/maps/tu8NToyeSY9qMEt19,https://goo.gl/maps/Y5rcVkPSFzuYQtaJ7; https://goo.gl/maps/tu8NToyeSY9qMEt19
BDS-MASTER-0119,Đông Trung,BDS-MASTER-0262,làm KCN tại huyện Nghĩa Hưng Khảo sát vị trí hiện trạng,140,same_map_link; same_coord_0m,2022-11-02,2022-11-19,"20.185875, 106.3661313","20.185875, 106.3661313",https://goo.gl/maps/Y5rcVkPSFzuYQtaJ7; https://goo.gl/maps/tu8NToyeSY9qMEt19,https://goo.gl/maps/Y5rcVkPSFzuYQtaJ7; https://goo.gl/maps/tu8NToyeSY9qMEt19
BDS-MASTER-0121,(FS),BDS-MASTER-0129,Hải Nhân 4,140,same_map_link; same_coord_0m,,,"10.970034, 106.715651","10.970034, 106.715651",https://maps.app.goo.gl/t178LDzcrFtjxgEz9,https://maps.app.goo.gl/t178LDzcrFtjxgEz9
BDS-MASTER-0121,(FS),BDS-MASTER-0140,cao tầng tại Trung tâm Quận 9 (TPHCM) với quy mô 3,140,same_map_link; same_coord_0m,,2026-07-02,"10.970034, 106.715651","10.970034, 106.715651",https://maps.app.goo.gl/t178LDzcrFtjxgEz9,https://maps.app.goo.gl/t178LDzcrFtjxgEz9
BDS-MASTER-0121,(FS),BDS-MASTER-0146,không đạt được hiệu quả với NPV,140,same_map_link; same_coord_0m,,,"10.970034, 106.715651","10.970034, 106.715651",https://maps.app.goo.gl/t178LDzcrFtjxgEz9,https://maps.app.goo.gl/t178LDzcrFtjxgEz9
BDS-MASTER-0121,(FS),BDS-MASTER-0160,KDC An Tôn theo 02 phương án quy hoạch,140,same_map_link; same_coord_0m,,,"10.970034, 106.715651","10.970034, 106.715651",https://maps.app.goo.gl/t178LDzcrFtjxgEz9,https://maps.app.goo.gl/t178LDzcrFtjxgEz9
BDS-MASTER-0121,(FS),BDS-MASTER-0188,Parklane,140,same_map_link; same_coord_0m,,,"10.970034, 106.715651","10.970034, 106.715651",https://maps.app.goo.gl/t178LDzcrFtjxgEz9,https://maps.app.goo.gl/t178LDzcrFtjxgEz9
BDS-MASTER-0121,(FS),BDS-MASTER-0220,Richland Quận 9,140,same_map_link; same_coord_0m,,2026-07-02,"10.970034, 106.715651","10.970034, 106.715651",https://maps.app.goo.gl/t178LDzcrFtjxgEz9,https://maps.app.goo.gl/t178LDzcrFtjxgEz9
BDS-MASTER-0121,(FS),BDS-MASTER-0232,trên có diện tích hơn 77ha,140,same_map_link; same_coord_0m,,2025-08-13,"10.970034, 106.715651","10.970034, 106.715651",https://maps.app.goo.gl/t178LDzcrFtjxgEz9,https://maps.app.goo.gl/t178LDzcrFtjxgEz9
BDS-MASTER-0121,(FS),BDS-MASTER-0245,Hải Nhân,140,same_map_link; same_coord_0m,,,"10.970034, 106.715651","10.970034, 106.715651",https://maps.app.goo.gl/t178LDzcrFtjxgEz9,https://maps.app.goo.gl/t178LDzcrFtjxgEz9
BDS-MASTER-0121,(FS),BDS-MASTER-0252,Sông Đà - Quốc Cường Gia Lai (Nguồn từ Mr Tiến R&D) có giá chào 6,140,same_map_link; same_coord_0m,,,"10.970034, 106.715651","10.970034, 106.715651",https://maps.app.goo.gl/t178LDzcrFtjxgEz9,https://maps.app.goo.gl/t178LDzcrFtjxgEz9
BDS-MASTER-0121,(FS),BDS-MASTER-0257,do mình có điều chỉnh qh 1/500,140,same_map_link; same_coord_0m,,2023-09-25,"10.970034, 106.715651","10.970034, 106.715651",https://maps.app.goo.gl/t178LDzcrFtjxgEz9,https://maps.app.goo.gl/t178LDzcrFtjxgEz9
BDS-MASTER-0121,(FS),BDS-MASTER-0288,KS 25 Trần Phú sẽ đi theo PA 5 tầng nổi + 1 tầng hầm,140,same_map_link; same_coord_0m,,2025-04-28,"10.970034, 106.715651","10.970034, 106.715651",https://maps.app.goo.gl/t178LDzcrFtjxgEz9,https://maps.app.goo.gl/t178LDzcrFtjxgEz9
BDS-MASTER-0121,(FS),BDS-MASTER-0297,Với phương án của mình trước là làm phân kh,140,same_map_link; same_coord_0m,,2023-09-25,"10.970034, 106.715651","10.970034, 106.715651",https://maps.app.goo.gl/t178LDzcrFtjxgEz9,https://maps.app.goo.gl/t178LDzcrFtjxgEz9
BDS-MASTER-0121,(FS),BDS-MASTER-0327,triển khai chưa mng Team đã trao đổi với A Sơn Trợ lý để lên list các dự án này à,140,same_map_link; same_coord_0m,,2023-10-15,"10.970034, 106.715651","10.970034, 106.715651",https://maps.app.goo.gl/t178LDzcrFtjxgEz9,https://maps.app.goo.gl/t178LDzcrFtjxgEz9
BDS-MASTER-0121,(FS),BDS-MASTER-0360,chưa bàn giao nên chưa dc vào ở à,140,same_map_link; same_coord_0m,,2025-04-11,"10.970034, 106.715651","10.970034, 106.715651",https://maps.app.goo.gl/t178LDzcrFtjxgEz9,https://maps.app.goo.gl/t178LDzcrFtjxgEz9
BDS-MASTER-0121,(FS),BDS-MASTER-0363,có giá vốn đất thấp trong khi hệ số cao (trên 11 chấm),140,same_map_link; same_coord_0m,,,"10.970034, 106.715651","10.970034, 106.715651",https://maps.app.goo.gl/t178LDzcrFtjxgEz9,https://maps.app.goo.gl/t178LDzcrFtjxgEz9
BDS-MASTER-0121,(FS),BDS-MASTER-0396,trên có diện tích,140,same_map_link; same_coord_0m,,2025-08-13,"10.970034, 106.715651","10.970034, 106.715651",https://maps.app.goo.gl/t178LDzcrFtjxgEz9,https://maps.app.goo.gl/t178LDzcrFtjxgEz9
BDS-MASTER-0121,(FS),BDS-MASTER-0423,HAI NHAN,140,same_map_link; same_coord_0m,,,"10.970034, 106.715651","10.970034, 106.715651",https://maps.app.goo.gl/t178LDzcrFtjxgEz9,https://maps.app.goo.gl/t178LDzcrFtjxgEz9
BDS-MASTER-0121,(FS),BDS-MASTER-0493,Parklane P,140,same_map_link; same_coord_0m,,,"10.970034, 106.715651","10.970034, 106.715651",https://maps.app.goo.gl/t178LDzcrFtjxgEz9,https://maps.app.goo.gl/t178LDzcrFtjxgEz9
BDS-MASTER-0121,(FS),BDS-MASTER-0502,thì họ sẽ làm như thế nào Huy M - IM Rồi anh tính phương án thử by Admin 01,140,same_map_link; same_coord_0m,,,"10.970034, 106.715651","10.970034, 106.715651",https://maps.app.goo.gl/t178LDzcrFtjxgEz9,https://maps.app.goo.gl/t178LDzcrFtjxgEz9
BDS-MASTER-0121,(FS),BDS-MASTER-0503,đã được đưa vào danh sách thí điểm 171 Số thự tự 41,140,same_map_link; same_coord_0m,,,"10.970034, 106.715651","10.970034, 106.715651",https://maps.app.goo.gl/t178LDzcrFtjxgEz9,https://maps.app.goo.gl/t178LDzcrFtjxgEz9
BDS-MASTER-0124,AK (2025)~ 4,BDS-MASTER-0203,thuộc QH hiện hữu là ô phố I82b (16,140,same_map_link; same_coord_0m,,,"10.8486272, 106.7188746","10.8486272, 106.7188746",https://maps.app.goo.gl/oHEYY6H9GGykdD9C6,https://maps.app.goo.gl/oHEYY6H9GGykdD9C6
BDS-MASTER-0124,AK (2025)~ 4,BDS-MASTER-0284,Cát Lái từ P,140,same_map_link; same_coord_0m,,,"10.8486272, 106.7188746","10.8486272, 106.7188746",https://maps.app.goo.gl/oHEYY6H9GGykdD9C6,https://maps.app.goo.gl/oHEYY6H9GGykdD9C6
BDS-MASTER-0124,AK (2025)~ 4,BDS-MASTER-0418,Cát Lái,140,same_map_link; same_coord_0m,,,"10.8486272, 106.7188746","10.8486272, 106.7188746",https://maps.app.goo.gl/oHEYY6H9GGykdD9C6,https://maps.app.goo.gl/oHEYY6H9GGykdD9C6
BDS-MASTER-0124,AK (2025)~ 4,BDS-MASTER-0469,sẽ hơi nhiều gốc cạnh sau khi ráp 2 miếng vào,140,same_map_link; same_coord_0m,,,"10.8486272, 106.7188746","10.8486272, 106.7188746",https://maps.app.goo.gl/oHEYY6H9GGykdD9C6,https://maps.app.goo.gl/oHEYY6H9GGykdD9C6
BDS-MASTER-0124,AK (2025)~ 4,BDS-MASTER-0501,thì cách tiếp cận sẽ khác so với các PA ban đầu,140,same_map_link; same_coord_0m,,,"10.8486272, 106.7188746","10.8486272, 106.7188746",https://maps.app.goo.gl/oHEYY6H9GGykdD9C6,https://maps.app.goo.gl/oHEYY6H9GGykdD9C6
BDS-MASTER-0125,Cát Lái - Sky Habitat,BDS-MASTER-0381,này sao tiền sử dụng đất cao vậy Dự án được tính tiền sử dụng đất theo phươn,140,same_map_link; same_coord_0m,,2024-10-07,"10.8456644, 106.7620502","10.8456644, 106.7620502",https://maps.app.goo.gl/dRnRPbNFPmCfsTHAA,https://maps.app.goo.gl/dRnRPbNFPmCfsTHAA
BDS-MASTER-0126,Cảng Sài Gòn – Thép Việt,BDS-MASTER-0434,bị Phốt nhiều à Vậy bỏ qua cái Đức Long nha by Unknown User,140,same_map_link; same_coord_0m,2022-08-09,2025-04-03,"10.6312837, 107.0212037","10.6312837, 107.0212037",https://goo.gl/maps/JtDt3jc8pMZ3n7xH9; https://goo.gl/maps/GPLvd34uRNT1EL5bA; https://goo.gl/maps/oJP5R9Jfe8yAcrWY6,https://goo.gl/maps/JtDt3jc8pMZ3n7xH9; https://goo.gl/maps/GPLvd34uRNT1EL5bA; https://goo.gl/maps/oJP5R9Jfe8yAcrWY6
BDS-MASTER-0126,Cảng Sài Gòn – Thép Việt,BDS-MASTER-0479,tại Đà Lạt vào ngày 09-11,140,same_map_link; same_coord_0m,2022-08-09,,"10.6312837, 107.0212037","10.6312837, 107.0212037",https://goo.gl/maps/JtDt3jc8pMZ3n7xH9; https://goo.gl/maps/GPLvd34uRNT1EL5bA; https://goo.gl/maps/oJP5R9Jfe8yAcrWY6,https://goo.gl/maps/JtDt3jc8pMZ3n7xH9; https://goo.gl/maps/GPLvd34uRNT1EL5bA; https://goo.gl/maps/oJP5R9Jfe8yAcrWY6
BDS-MASTER-0127,Giá bán đề xuất,BDS-MASTER-0151,50ha thuộc huyện Vĩnh Tường – Yên Lạc,140,same_map_link; same_coord_0m,2022-09-06,2024-12-16,"21.250395, 105.5350413","21.250395, 105.5350413",https://goo.gl/maps/eqfdgJBc7XT7VhAW8,https://goo.gl/maps/eqfdgJBc7XT7VhAW8
BDS-MASTER-0127,Giá bán đề xuất,BDS-MASTER-0155,Hải Âu tại Bãi Trường,140,same_map_link; same_coord_0m,2022-09-06,2022-11-04,"21.250395, 105.5350413","21.250395, 105.5350413",https://goo.gl/maps/eqfdgJBc7XT7VhAW8,https://goo.gl/maps/eqfdgJBc7XT7VhAW8
BDS-MASTER-0127,Giá bán đề xuất,BDS-MASTER-0170,có tỷ lệ LNTT/TMDT đạt hiệu quả nhưng không đạt hiệu quả về chỉ tiêu IRR,140,same_map_link; same_coord_0m,2022-09-06,2024-12-16,"21.250395, 105.5350413","21.250395, 105.5350413",https://goo.gl/maps/eqfdgJBc7XT7VhAW8,https://goo.gl/maps/eqfdgJBc7XT7VhAW8
BDS-MASTER-0127,Giá bán đề xuất,BDS-MASTER-0174,không đạt hiệu quả tài,140,same_map_link; same_coord_0m,2022-09-06,2022-12-14,"21.250395, 105.5350413","21.250395, 105.5350413",https://goo.gl/maps/eqfdgJBc7XT7VhAW8,https://goo.gl/maps/eqfdgJBc7XT7VhAW8
BDS-MASTER-0127,Giá bán đề xuất,BDS-MASTER-0175,kết nối vào quỹ đất,140,same_map_link; same_coord_0m,2022-09-06,2022-09-26,"21.250395, 105.5350413","21.250395, 105.5350413",https://goo.gl/maps/eqfdgJBc7XT7VhAW8,https://goo.gl/maps/eqfdgJBc7XT7VhAW8
BDS-MASTER-0127,Giá bán đề xuất,BDS-MASTER-0246,KDC,140,same_map_link; same_coord_0m,2022-09-06,2022-08-22,"21.250395, 105.5350413","21.250395, 105.5350413",https://goo.gl/maps/eqfdgJBc7XT7VhAW8,https://goo.gl/maps/eqfdgJBc7XT7VhAW8
BDS-MASTER-0127,Giá bán đề xuất,BDS-MASTER-0278,50ha ở Vĩnh Yên,140,same_map_link; same_coord_0m,2022-09-06,2024-12-16,"21.250395, 105.5350413","21.250395, 105.5350413",https://goo.gl/maps/eqfdgJBc7XT7VhAW8,https://goo.gl/maps/eqfdgJBc7XT7VhAW8
BDS-MASTER-0127,Giá bán đề xuất,BDS-MASTER-0341,HLW - Merryaland 1,140,same_map_link; same_coord_0m,2022-09-06,2022-08-23,"21.250395, 105.5350413","21.250395, 105.5350413",https://goo.gl/maps/eqfdgJBc7XT7VhAW8,https://goo.gl/maps/eqfdgJBc7XT7VhAW8
BDS-MASTER-0127,Giá bán đề xuất,BDS-MASTER-0399,Đà Nẵng,140,same_map_link; same_coord_0m,2022-09-06,2022-09-12,"21.250395, 105.5350413","21.250395, 105.5350413",https://goo.gl/maps/eqfdgJBc7XT7VhAW8,https://goo.gl/maps/eqfdgJBc7XT7VhAW8
BDS-MASTER-0128,Hoa viên Vĩnh Thanh sau khi có Thông số từ P,BDS-MASTER-0182,53ha đấu thầu tại đường Thăng Long,140,same_map_link; same_coord_0m,2026-01-23,,"10.6629773, 106.8625131","10.6629773, 106.8625131",https://maps.app.goo.gl/yVp7cfpfnfdzb7mV7,https://maps.app.goo.gl/yVp7cfpfnfdzb7mV7
BDS-MASTER-0128,Hoa viên Vĩnh Thanh sau khi có Thông số từ P,BDS-MASTER-0273,đấu thầu tại Nhơn Trạch,140,same_map_link; same_coord_0m,2026-01-23,2025-07-15,"10.6629773, 106.8625131","10.6629773, 106.8625131",https://maps.app.goo.gl/yVp7cfpfnfdzb7mV7,https://maps.app.goo.gl/yVp7cfpfnfdzb7mV7
BDS-MASTER-0128,Hoa viên Vĩnh Thanh sau khi có Thông số từ P,BDS-MASTER-0362,càng tốt ạ Vì luật hiện nay vẫn quy định đơn giá ko dc,140,same_map_link; same_coord_0m,2026-01-23,2025-02-13,"10.6629773, 106.8625131","10.6629773, 106.8625131",https://maps.app.goo.gl/yVp7cfpfnfdzb7mV7,https://maps.app.goo.gl/yVp7cfpfnfdzb7mV7
BDS-MASTER-0128,Hoa viên Vĩnh Thanh sau khi có Thông số từ P,BDS-MASTER-0375,lớn xảy ra sai phạm nghiêm trọng trong quản lý đất đai của tỉnh Đồng Nai,140,same_map_link; same_coord_0m,2026-01-23,2023-07-07,"10.6629773, 106.8625131","10.6629773, 106.8625131",https://maps.app.goo.gl/yVp7cfpfnfdzb7mV7,https://maps.app.goo.gl/yVp7cfpfnfdzb7mV7
BDS-MASTER-0128,Hoa viên Vĩnh Thanh sau khi có Thông số từ P,BDS-MASTER-0407,đấu thầu 386ha - Nhơn Trạch,140,same_map_link; same_coord_0m,2026-01-23,2025-07-15,"10.6629773, 106.8625131","10.6629773, 106.8625131",https://maps.app.goo.gl/yVp7cfpfnfdzb7mV7,https://maps.app.goo.gl/yVp7cfpfnfdzb7mV7
BDS-MASTER-0128,Hoa viên Vĩnh Thanh sau khi có Thông số từ P,BDS-MASTER-0417,Aqua thì hiện nay Nova đang dừng triển khai ở dự án này,140,same_map_link; same_coord_0m,2026-01-23,2023-06-03,"10.6629773, 106.8625131","10.6629773, 106.8625131",https://maps.app.goo.gl/yVp7cfpfnfdzb7mV7,https://maps.app.goo.gl/yVp7cfpfnfdzb7mV7
BDS-MASTER-0129,Hải Nhân 4,BDS-MASTER-0140,cao tầng tại Trung tâm Quận 9 (TPHCM) với quy mô 3,140,same_map_link; same_coord_0m,,2026-07-02,"10.970034, 106.715651","10.970034, 106.715651",https://maps.app.goo.gl/t178LDzcrFtjxgEz9,https://maps.app.goo.gl/t178LDzcrFtjxgEz9
BDS-MASTER-0129,Hải Nhân 4,BDS-MASTER-0146,không đạt được hiệu quả với NPV,140,same_map_link; same_coord_0m,,,"10.970034, 106.715651","10.970034, 106.715651",https://maps.app.goo.gl/t178LDzcrFtjxgEz9,https://maps.app.goo.gl/t178LDzcrFtjxgEz9
BDS-MASTER-0129,Hải Nhân 4,BDS-MASTER-0160,KDC An Tôn theo 02 phương án quy hoạch,140,same_map_link; same_coord_0m,,,"10.970034, 106.715651","10.970034, 106.715651",https://maps.app.goo.gl/t178LDzcrFtjxgEz9,https://maps.app.goo.gl/t178LDzcrFtjxgEz9
BDS-MASTER-0129,Hải Nhân 4,BDS-MASTER-0188,Parklane,140,same_map_link; same_coord_0m,,,"10.970034, 106.715651","10.970034, 106.715651",https://maps.app.goo.gl/t178LDzcrFtjxgEz9,https://maps.app.goo.gl/t178LDzcrFtjxgEz9
BDS-MASTER-0129,Hải Nhân 4,BDS-MASTER-0220,Richland Quận 9,140,same_map_link; same_coord_0m,,2026-07-02,"10.970034, 106.715651","10.970034, 106.715651",https://maps.app.goo.gl/t178LDzcrFtjxgEz9,https://maps.app.goo.gl/t178LDzcrFtjxgEz9
BDS-MASTER-0129,Hải Nhân 4,BDS-MASTER-0232,trên có diện tích hơn 77ha,140,same_map_link; same_coord_0m,,2025-08-13,"10.970034, 106.715651","10.970034, 106.715651",https://maps.app.goo.gl/t178LDzcrFtjxgEz9,https://maps.app.goo.gl/t178LDzcrFtjxgEz9
BDS-MASTER-0129,Hải Nhân 4,BDS-MASTER-0252,Sông Đà - Quốc Cường Gia Lai (Nguồn từ Mr Tiến R&D) có giá chào 6,140,same_map_link; same_coord_0m,,,"10.970034, 106.715651","10.970034, 106.715651",https://maps.app.goo.gl/t178LDzcrFtjxgEz9,https://maps.app.goo.gl/t178LDzcrFtjxgEz9
BDS-MASTER-0129,Hải Nhân 4,BDS-MASTER-0257,do mình có điều chỉnh qh 1/500,140,same_map_link; same_coord_0m,,2023-09-25,"10.970034, 106.715651","10.970034, 106.715651",https://maps.app.goo.gl/t178LDzcrFtjxgEz9,https://maps.app.goo.gl/t178LDzcrFtjxgEz9
BDS-MASTER-0129,Hải Nhân 4,BDS-MASTER-0288,KS 25 Trần Phú sẽ đi theo PA 5 tầng nổi + 1 tầng hầm,140,same_map_link; same_coord_0m,,2025-04-28,"10.970034, 106.715651","10.970034, 106.715651",https://maps.app.goo.gl/t178LDzcrFtjxgEz9,https://maps.app.goo.gl/t178LDzcrFtjxgEz9
BDS-MASTER-0129,Hải Nhân 4,BDS-MASTER-0297,Với phương án của mình trước là làm phân kh,140,same_map_link; same_coord_0m,,2023-09-25,"10.970034, 106.715651","10.970034, 106.715651",https://maps.app.goo.gl/t178LDzcrFtjxgEz9,https://maps.app.goo.gl/t178LDzcrFtjxgEz9
BDS-MASTER-0129,Hải Nhân 4,BDS-MASTER-0327,triển khai chưa mng Team đã trao đổi với A Sơn Trợ lý để lên list các dự án này à,140,same_map_link; same_coord_0m,,2023-10-15,"10.970034, 106.715651","10.970034, 106.715651",https://maps.app.goo.gl/t178LDzcrFtjxgEz9,https://maps.app.goo.gl/t178LDzcrFtjxgEz9
BDS-MASTER-0129,Hải Nhân 4,BDS-MASTER-0360,chưa bàn giao nên chưa dc vào ở à,140,same_map_link; same_coord_0m,,2025-04-11,"10.970034, 106.715651","10.970034, 106.715651",https://maps.app.goo.gl/t178LDzcrFtjxgEz9,https://maps.app.goo.gl/t178LDzcrFtjxgEz9
BDS-MASTER-0129,Hải Nhân 4,BDS-MASTER-0363,có giá vốn đất thấp trong khi hệ số cao (trên 11 chấm),140,same_map_link; same_coord_0m,,,"10.970034, 106.715651","10.970034, 106.715651",https://maps.app.goo.gl/t178LDzcrFtjxgEz9,https://maps.app.goo.gl/t178LDzcrFtjxgEz9
BDS-MASTER-0129,Hải Nhân 4,BDS-MASTER-0396,trên có diện tích,140,same_map_link; same_coord_0m,,2025-08-13,"10.970034, 106.715651","10.970034, 106.715651",https://maps.app.goo.gl/t178LDzcrFtjxgEz9,https://maps.app.goo.gl/t178LDzcrFtjxgEz9
BDS-MASTER-0129,Hải Nhân 4,BDS-MASTER-0493,Parklane P,140,same_map_link; same_coord_0m,,,"10.970034, 106.715651","10.970034, 106.715651",https://maps.app.goo.gl/t178LDzcrFtjxgEz9,https://maps.app.goo.gl/t178LDzcrFtjxgEz9
BDS-MASTER-0129,Hải Nhân 4,BDS-MASTER-0502,thì họ sẽ làm như thế nào Huy M - IM Rồi anh tính phương án thử by Admin 01,140,same_map_link; same_coord_0m,,,"10.970034, 106.715651","10.970034, 106.715651",https://maps.app.goo.gl/t178LDzcrFtjxgEz9,https://maps.app.goo.gl/t178LDzcrFtjxgEz9
BDS-MASTER-0129,Hải Nhân 4,BDS-MASTER-0503,đã được đưa vào danh sách thí điểm 171 Số thự tự 41,140,same_map_link; same_coord_0m,,,"10.970034, 106.715651","10.970034, 106.715651",https://maps.app.goo.gl/t178LDzcrFtjxgEz9,https://maps.app.goo.gl/t178LDzcrFtjxgEz9
BDS-MASTER-0130,KCN Thái Hòa – Liễn Sơn – Liên Hòa - Khu vực 1 (284 ha) thuộc địa phận các xã,BDS-MASTER-0314,mình khảo sát ở kcn Vĩnh Phúc khi bay flycam thì thấy hiện trạng là đất lúa xen kẽ nhiều nhà dân và có các đồi,140,same_map_link; same_coord_0m,2023-06-16,2023-06-16,"21.473042, 105.512568","21.473042, 105.512568",https://goo.gl/maps/aChZ8vYJMZ8j6SjR7,https://goo.gl/maps/aChZ8vYJMZ8j6SjR7
BDS-MASTER-0130,KCN Thái Hòa – Liễn Sơn – Liên Hòa - Khu vực 1 (284 ha) thuộc địa phận các xã,BDS-MASTER-0386,nếu vùng đất thấp phải san lấp thêm nữa thì đơn giá 250,140,same_map_link; same_coord_0m,2023-06-16,2023-06-16,"21.473042, 105.512568","21.473042, 105.512568",https://goo.gl/maps/aChZ8vYJMZ8j6SjR7,https://goo.gl/maps/aChZ8vYJMZ8j6SjR7
BDS-MASTER-0131,KDC Minh Hưng tại xã Minh Hưng,BDS-MASTER-0338,ANANTARA THAM CHIẾU THEO DỰ ÁN PHÚ HẢI Bảng so sánh,140,same_map_link; same_coord_0m,2022-12-14,2022-11-18,"10.93497, 106.7618721","10.93497, 106.7618721",https://goo.gl/maps/sMLMvWwegyerE3jJ9,https://goo.gl/maps/sMLMvWwegyerE3jJ9
BDS-MASTER-0132,KHU DU LỊCH SINH THÁI BIỂN CAO CẤP LẠC VIỆT,BDS-MASTER-0256,có vị trí tại phường An Bình,140,same_map_link; same_coord_0m,2023-09-06,2023-09-07,"10.5753906, 107.5708884","10.5753906, 107.5708884",https://goo.gl/maps/JhPoRTM15vQA7Kk6A,https://goo.gl/maps/JhPoRTM15vQA7Kk6A
BDS-MASTER-0132,KHU DU LỊCH SINH THÁI BIỂN CAO CẤP LẠC VIỆT,BDS-MASTER-0305,du lịch sinh thái nghỉ dưỡng giải trí núi Chứa Chan với giá khoảng 1,140,same_map_link; same_coord_0m,2023-09-06,2025-07-31,"10.5753906, 107.5708884","10.5753906, 107.5708884",https://goo.gl/maps/JhPoRTM15vQA7Kk6A,https://goo.gl/maps/JhPoRTM15vQA7Kk6A
BDS-MASTER-0132,KHU DU LỊCH SINH THÁI BIỂN CAO CẤP LẠC VIỆT,BDS-MASTER-0377,nghỉ dưỡng nghìn tỷ bà Trương Mỹ Lan từng thâu tóm Ngân hàng TMCP Công Thương Việt Nam - Chi nhánh Thủ Thiêm (,140,same_map_link; same_coord_0m,2023-09-06,2024-06-02,"10.5753906, 107.5708884","10.5753906, 107.5708884",https://goo.gl/maps/JhPoRTM15vQA7Kk6A,https://goo.gl/maps/JhPoRTM15vQA7Kk6A
BDS-MASTER-0132,KHU DU LỊCH SINH THÁI BIỂN CAO CẤP LẠC VIỆT,BDS-MASTER-0409,ở Thái à Bên Thái tuần này đang trong thời gian nghỉ,140,same_map_link; same_coord_0m,2023-09-06,2023-04-15,"10.5753906, 107.5708884","10.5753906, 107.5708884",https://goo.gl/maps/JhPoRTM15vQA7Kk6A,https://goo.gl/maps/JhPoRTM15vQA7Kk6A
BDS-MASTER-0132,KHU DU LỊCH SINH THÁI BIỂN CAO CẤP LẠC VIỆT,BDS-MASTER-0455,này hồi xưa mình có thông tin nhưng s,140,same_map_link; same_coord_0m,2023-09-06,2023-09-07,"10.5753906, 107.5708884","10.5753906, 107.5708884",https://goo.gl/maps/JhPoRTM15vQA7Kk6A,https://goo.gl/maps/JhPoRTM15vQA7Kk6A
BDS-MASTER-0133,Khu Đô Thị Mới Bắc Quán Hành - Quán Hành - Nghi Lộc - Nghệ An,BDS-MASTER-0134,Khu đô thị mới Bắc Quán Hành tại thị trấn Quán Hành,140,same_map_link; same_coord_0m,2023-06-22,2023-07-03,"18.790696, 105.6402651","18.790696, 105.6402651",https://goo.gl/maps/FmDxfXdHa9mdoGK99,https://goo.gl/maps/FmDxfXdHa9mdoGK99
BDS-MASTER-0133,Khu Đô Thị Mới Bắc Quán Hành - Quán Hành - Nghi Lộc - Nghệ An,BDS-MASTER-0275,(1) chưa có chủ trương đầu tư (Điểm cộng để xin thí điểm) + (2) dự án chưa đăng ký ngay đợt đầu như PGK nên sợ,140,same_map_link; same_coord_0m,2023-06-22,2025-04-09,"18.790696, 105.6402651","18.790696, 105.6402651",https://goo.gl/maps/FmDxfXdHa9mdoGK99,https://goo.gl/maps/FmDxfXdHa9mdoGK99
BDS-MASTER-0133,Khu Đô Thị Mới Bắc Quán Hành - Quán Hành - Nghi Lộc - Nghệ An,BDS-MASTER-0347,Khu đô thị Bắc Quán Hành tại thị trấn Quán Hành,140,same_map_link; same_coord_0m,2023-06-22,2023-06-21,"18.790696, 105.6402651","18.790696, 105.6402651",https://goo.gl/maps/FmDxfXdHa9mdoGK99,https://goo.gl/maps/FmDxfXdHa9mdoGK99
BDS-MASTER-0134,Khu đô thị mới Bắc Quán Hành tại thị trấn Quán Hành,BDS-MASTER-0275,(1) chưa có chủ trương đầu tư (Điểm cộng để xin thí điểm) + (2) dự án chưa đăng ký ngay đợt đầu như PGK nên sợ,140,same_map_link; same_coord_0m,2023-07-03,2025-04-09,"18.790696, 105.6402651","18.790696, 105.6402651",https://goo.gl/maps/FmDxfXdHa9mdoGK99,https://goo.gl/maps/FmDxfXdHa9mdoGK99
BDS-MASTER-0137,Toàn Thịnh Phát tại Bãi Trường,BDS-MASTER-0171,cơ bản đạt hiệu quả tài chính,140,same_map_link; same_coord_0m,2022-09-06,2022-09-06,"10.0834553, 103.9870113","10.0834553, 103.9870113",https://goo.gl/maps/QUDziRBdFv7URi8QA,https://goo.gl/maps/QUDziRBdFv7URi8QA; https://goo.gl/maps/eqfdgJBc7XT7VhAW8
BDS-MASTER-0138,Văn phòng tại khu đất 197 Lê Văn Sỹ,BDS-MASTER-0144,không đạt hiệu quả tài chính,140,same_map_link; same_coord_0m,2023-04-11,2023-04-11,"10.7859743, 106.6805759","10.7859743, 106.6805759",https://goo.gl/maps/AivqKgNA3GRARDNZ7,https://goo.gl/maps/AivqKgNA3GRARDNZ7; https://goo.gl/maps/eqfdgJBc7XT7VhAW8
BDS-MASTER-0138,Văn phòng tại khu đất 197 Lê Văn Sỹ,BDS-MASTER-0398,với A Sơn Trợ lý sau đó sẽ báo cáo BLĐ tính khả thi của dự án,140,same_map_link; same_coord_0m,2023-04-11,2023-04-10,"10.7859743, 106.6805759","10.7859743, 106.6805759",https://goo.gl/maps/AivqKgNA3GRARDNZ7,https://goo.gl/maps/AivqKgNA3GRARDNZ7
BDS-MASTER-0140,cao tầng tại Trung tâm Quận 9 (TPHCM) với quy mô 3,BDS-MASTER-0146,không đạt được hiệu quả với NPV,140,same_map_link; same_coord_0m,2026-07-02,,"10.970034, 106.715651","10.970034, 106.715651",https://maps.app.goo.gl/t178LDzcrFtjxgEz9,https://maps.app.goo.gl/t178LDzcrFtjxgEz9
BDS-MASTER-0140,cao tầng tại Trung tâm Quận 9 (TPHCM) với quy mô 3,BDS-MASTER-0160,KDC An Tôn theo 02 phương án quy hoạch,140,same_map_link; same_coord_0m,2026-07-02,,"10.970034, 106.715651","10.970034, 106.715651",https://maps.app.goo.gl/t178LDzcrFtjxgEz9,https://maps.app.goo.gl/t178LDzcrFtjxgEz9
BDS-MASTER-0140,cao tầng tại Trung tâm Quận 9 (TPHCM) với quy mô 3,BDS-MASTER-0188,Parklane,140,same_map_link; same_coord_0m,2026-07-02,,"10.970034, 106.715651","10.970034, 106.715651",https://maps.app.goo.gl/t178LDzcrFtjxgEz9,https://maps.app.goo.gl/t178LDzcrFtjxgEz9
BDS-MASTER-0140,cao tầng tại Trung tâm Quận 9 (TPHCM) với quy mô 3,BDS-MASTER-0220,Richland Quận 9,140,same_map_link; same_coord_0m,2026-07-02,2026-07-02,"10.970034, 106.715651","10.970034, 106.715651",https://maps.app.goo.gl/t178LDzcrFtjxgEz9,https://maps.app.goo.gl/t178LDzcrFtjxgEz9
BDS-MASTER-0140,cao tầng tại Trung tâm Quận 9 (TPHCM) với quy mô 3,BDS-MASTER-0232,trên có diện tích hơn 77ha,140,same_map_link; same_coord_0m,2026-07-02,2025-08-13,"10.970034, 106.715651","10.970034, 106.715651",https://maps.app.goo.gl/t178LDzcrFtjxgEz9,https://maps.app.goo.gl/t178LDzcrFtjxgEz9
BDS-MASTER-0140,cao tầng tại Trung tâm Quận 9 (TPHCM) với quy mô 3,BDS-MASTER-0245,Hải Nhân,140,same_map_link; same_coord_0m,2026-07-02,,"10.970034, 106.715651","10.970034, 106.715651",https://maps.app.goo.gl/t178LDzcrFtjxgEz9,https://maps.app.goo.gl/t178LDzcrFtjxgEz9
BDS-MASTER-0140,cao tầng tại Trung tâm Quận 9 (TPHCM) với quy mô 3,BDS-MASTER-0252,Sông Đà - Quốc Cường Gia Lai (Nguồn từ Mr Tiến R&D) có giá chào 6,140,same_map_link; same_coord_0m,2026-07-02,,"10.970034, 106.715651","10.970034, 106.715651",https://maps.app.goo.gl/t178LDzcrFtjxgEz9,https://maps.app.goo.gl/t178LDzcrFtjxgEz9
BDS-MASTER-0140,cao tầng tại Trung tâm Quận 9 (TPHCM) với quy mô 3,BDS-MASTER-0257,do mình có điều chỉnh qh 1/500,140,same_map_link; same_coord_0m,2026-07-02,2023-09-25,"10.970034, 106.715651","10.970034, 106.715651",https://maps.app.goo.gl/t178LDzcrFtjxgEz9,https://maps.app.goo.gl/t178LDzcrFtjxgEz9
BDS-MASTER-0140,cao tầng tại Trung tâm Quận 9 (TPHCM) với quy mô 3,BDS-MASTER-0288,KS 25 Trần Phú sẽ đi theo PA 5 tầng nổi + 1 tầng hầm,140,same_map_link; same_coord_0m,2026-07-02,2025-04-28,"10.970034, 106.715651","10.970034, 106.715651",https://maps.app.goo.gl/t178LDzcrFtjxgEz9,https://maps.app.goo.gl/t178LDzcrFtjxgEz9
BDS-MASTER-0140,cao tầng tại Trung tâm Quận 9 (TPHCM) với quy mô 3,BDS-MASTER-0297,Với phương án của mình trước là làm phân kh,140,same_map_link; same_coord_0m,2026-07-02,2023-09-25,"10.970034, 106.715651","10.970034, 106.715651",https://maps.app.goo.gl/t178LDzcrFtjxgEz9,https://maps.app.goo.gl/t178LDzcrFtjxgEz9
BDS-MASTER-0140,cao tầng tại Trung tâm Quận 9 (TPHCM) với quy mô 3,BDS-MASTER-0327,triển khai chưa mng Team đã trao đổi với A Sơn Trợ lý để lên list các dự án này à,140,same_map_link; same_coord_0m,2026-07-02,2023-10-15,"10.970034, 106.715651","10.970034, 106.715651",https://maps.app.goo.gl/t178LDzcrFtjxgEz9,https://maps.app.goo.gl/t178LDzcrFtjxgEz9
BDS-MASTER-0140,cao tầng tại Trung tâm Quận 9 (TPHCM) với quy mô 3,BDS-MASTER-0360,chưa bàn giao nên chưa dc vào ở à,140,same_map_link; same_coord_0m,2026-07-02,2025-04-11,"10.970034, 106.715651","10.970034, 106.715651",https://maps.app.goo.gl/t178LDzcrFtjxgEz9,https://maps.app.goo.gl/t178LDzcrFtjxgEz9
BDS-MASTER-0140,cao tầng tại Trung tâm Quận 9 (TPHCM) với quy mô 3,BDS-MASTER-0363,có giá vốn đất thấp trong khi hệ số cao (trên 11 chấm),140,same_map_link; same_coord_0m,2026-07-02,,"10.970034, 106.715651","10.970034, 106.715651",https://maps.app.goo.gl/t178LDzcrFtjxgEz9,https://maps.app.goo.gl/t178LDzcrFtjxgEz9
BDS-MASTER-0140,cao tầng tại Trung tâm Quận 9 (TPHCM) với quy mô 3,BDS-MASTER-0396,trên có diện tích,140,same_map_link; same_coord_0m,2026-07-02,2025-08-13,"10.970034, 106.715651","10.970034, 106.715651",https://maps.app.goo.gl/t178LDzcrFtjxgEz9,https://maps.app.goo.gl/t178LDzcrFtjxgEz9
BDS-MASTER-0140,cao tầng tại Trung tâm Quận 9 (TPHCM) với quy mô 3,BDS-MASTER-0423,HAI NHAN,140,same_map_link; same_coord_0m,2026-07-02,,"10.970034, 106.715651","10.970034, 106.715651",https://maps.app.goo.gl/t178LDzcrFtjxgEz9,https://maps.app.goo.gl/t178LDzcrFtjxgEz9
BDS-MASTER-0140,cao tầng tại Trung tâm Quận 9 (TPHCM) với quy mô 3,BDS-MASTER-0493,Parklane P,140,same_map_link; same_coord_0m,2026-07-02,,"10.970034, 106.715651","10.970034, 106.715651",https://maps.app.goo.gl/t178LDzcrFtjxgEz9,https://maps.app.goo.gl/t178LDzcrFtjxgEz9
BDS-MASTER-0140,cao tầng tại Trung tâm Quận 9 (TPHCM) với quy mô 3,BDS-MASTER-0502,thì họ sẽ làm như thế nào Huy M - IM Rồi anh tính phương án thử by Admin 01,140,same_map_link; same_coord_0m,2026-07-02,,"10.970034, 106.715651","10.970034, 106.715651",https://maps.app.goo.gl/t178LDzcrFtjxgEz9,https://maps.app.goo.gl/t178LDzcrFtjxgEz9
BDS-MASTER-0140,cao tầng tại Trung tâm Quận 9 (TPHCM) với quy mô 3,BDS-MASTER-0503,đã được đưa vào danh sách thí điểm 171 Số thự tự 41,140,same_map_link; same_coord_0m,2026-07-02,,"10.970034, 106.715651","10.970034, 106.715651",https://maps.app.goo.gl/t178LDzcrFtjxgEz9,https://maps.app.goo.gl/t178LDzcrFtjxgEz9
BDS-MASTER-0141,khu nhà ở Tân Mai (thuộc danh sách dự kiến đấu giá tại Đồng Nai 2026) A) Thông tin chung,BDS-MASTER-0200,này --- [] Monday,140,same_map_link; same_coord_0m,2026-01-23,2023-11-27,"10.698445, 107.080430","10.698445, 107.080430",https://maps.app.goo.gl/9PHZkvYiuadCm992A,https://maps.app.goo.gl/9PHZkvYiuadCm992A
BDS-MASTER-0141,khu nhà ở Tân Mai (thuộc danh sách dự kiến đấu giá tại Đồng Nai 2026) A) Thông tin chung,BDS-MASTER-0294,Swanbay 456ha hiện Dic đã chuyển nhượng lại các dự án thành phần cho các chủ đầu tư khác nên có nhiều dự án co,140,same_map_link; same_coord_0m,2026-01-23,2023-06-05,"10.698445, 107.080430","10.698445, 107.080430",https://maps.app.goo.gl/9PHZkvYiuadCm992A,https://maps.app.goo.gl/9PHZkvYiuadCm992A
BDS-MASTER-0141,khu nhà ở Tân Mai (thuộc danh sách dự kiến đấu giá tại Đồng Nai 2026) A) Thông tin chung,BDS-MASTER-0351,Phú Quang khoảng 350m + Có 2 mặt tiếp xúc,140,same_map_link; same_coord_0m,2026-01-23,2023-11-27,"10.698445, 107.080430","10.698445, 107.080430",https://maps.app.goo.gl/9PHZkvYiuadCm992A,https://maps.app.goo.gl/9PHZkvYiuadCm992A
BDS-MASTER-0142,khách sạn cạnh TMS với giá chào là 650tr/m2 tại 290 Võ Nguyên Giáp,BDS-MASTER-0264,này hiện đã thực hiện pháp lý đến giai đoạn cấp sổ đỏ riêng cho từng lô biệt thự Nhưng hiện tại,140,same_map_link; same_coord_0m,,2022-08-10,"16.077574, 108.246196","16.077574, 108.246196",https://maps.app.goo.gl/o5yA5cAF8qJoTZqW8,https://maps.app.goo.gl/o5yA5cAF8qJoTZqW8
BDS-MASTER-0142,khách sạn cạnh TMS với giá chào là 650tr/m2 tại 290 Võ Nguyên Giáp,BDS-MASTER-0308,khi thực hiện kcn phải san lấp thêm ở mức bao nhiêu nên cũng chưa ước tính chi phí san lấp cho dự án này,140,same_map_link; same_coord_0m,,2023-06-16,"16.077574, 108.246196","16.077574, 108.246196",https://maps.app.goo.gl/o5yA5cAF8qJoTZqW8,https://maps.app.goo.gl/o5yA5cAF8qJoTZqW8
BDS-MASTER-0142,khách sạn cạnh TMS với giá chào là 650tr/m2 tại 290 Võ Nguyên Giáp,BDS-MASTER-0400,Đà Nẵng thì liên hệ A Tịnh,140,same_map_link; same_coord_0m,,2025-03-03,"16.077574, 108.246196","16.077574, 108.246196",https://maps.app.goo.gl/o5yA5cAF8qJoTZqW8,https://maps.app.goo.gl/o5yA5cAF8qJoTZqW8
BDS-MASTER-0144,không đạt hiệu quả tài chính,BDS-MASTER-0398,với A Sơn Trợ lý sau đó sẽ báo cáo BLĐ tính khả thi của dự án,140,same_map_link; same_coord_0m,2023-04-11,2023-04-10,"10.7859743, 106.6805759","10.7859743, 106.6805759",https://goo.gl/maps/AivqKgNA3GRARDNZ7; https://goo.gl/maps/eqfdgJBc7XT7VhAW8,https://goo.gl/maps/AivqKgNA3GRARDNZ7
BDS-MASTER-0145,không đạt hiệu quả tài chính với giá chào chuyển nhượng là 280 tỷ đồng (chưa bao gồm tiền CMĐSDĐ) - Để dự án đ,BDS-MASTER-0319,này image by Huy M - IM,140,same_map_link; same_coord_0m,2022-12-14,2022-09-15,"11.5063152, 106.6074213","11.5063152, 106.6074213",https://goo.gl/maps/u7HMUhYJqdPGD9dz6,https://goo.gl/maps/u7HMUhYJqdPGD9dz6
BDS-MASTER-0146,không đạt được hiệu quả với NPV,BDS-MASTER-0160,KDC An Tôn theo 02 phương án quy hoạch,140,same_map_link; same_coord_0m,,,"10.970034, 106.715651","10.970034, 106.715651",https://maps.app.goo.gl/t178LDzcrFtjxgEz9,https://maps.app.goo.gl/t178LDzcrFtjxgEz9
BDS-MASTER-0146,không đạt được hiệu quả với NPV,BDS-MASTER-0188,Parklane,140,same_map_link; same_coord_0m,,,"10.970034, 106.715651","10.970034, 106.715651",https://maps.app.goo.gl/t178LDzcrFtjxgEz9,https://maps.app.goo.gl/t178LDzcrFtjxgEz9
BDS-MASTER-0146,không đạt được hiệu quả với NPV,BDS-MASTER-0220,Richland Quận 9,140,same_map_link; same_coord_0m,,2026-07-02,"10.970034, 106.715651","10.970034, 106.715651",https://maps.app.goo.gl/t178LDzcrFtjxgEz9,https://maps.app.goo.gl/t178LDzcrFtjxgEz9
BDS-MASTER-0146,không đạt được hiệu quả với NPV,BDS-MASTER-0232,trên có diện tích hơn 77ha,140,same_map_link; same_coord_0m,,2025-08-13,"10.970034, 106.715651","10.970034, 106.715651",https://maps.app.goo.gl/t178LDzcrFtjxgEz9,https://maps.app.goo.gl/t178LDzcrFtjxgEz9
BDS-MASTER-0146,không đạt được hiệu quả với NPV,BDS-MASTER-0245,Hải Nhân,140,same_map_link; same_coord_0m,,,"10.970034, 106.715651","10.970034, 106.715651",https://maps.app.goo.gl/t178LDzcrFtjxgEz9,https://maps.app.goo.gl/t178LDzcrFtjxgEz9
BDS-MASTER-0146,không đạt được hiệu quả với NPV,BDS-MASTER-0252,Sông Đà - Quốc Cường Gia Lai (Nguồn từ Mr Tiến R&D) có giá chào 6,140,same_map_link; same_coord_0m,,,"10.970034, 106.715651","10.970034, 106.715651",https://maps.app.goo.gl/t178LDzcrFtjxgEz9,https://maps.app.goo.gl/t178LDzcrFtjxgEz9
BDS-MASTER-0146,không đạt được hiệu quả với NPV,BDS-MASTER-0257,do mình có điều chỉnh qh 1/500,140,same_map_link; same_coord_0m,,2023-09-25,"10.970034, 106.715651","10.970034, 106.715651",https://maps.app.goo.gl/t178LDzcrFtjxgEz9,https://maps.app.goo.gl/t178LDzcrFtjxgEz9
BDS-MASTER-0146,không đạt được hiệu quả với NPV,BDS-MASTER-0288,KS 25 Trần Phú sẽ đi theo PA 5 tầng nổi + 1 tầng hầm,140,same_map_link; same_coord_0m,,2025-04-28,"10.970034, 106.715651","10.970034, 106.715651",https://maps.app.goo.gl/t178LDzcrFtjxgEz9,https://maps.app.goo.gl/t178LDzcrFtjxgEz9
BDS-MASTER-0146,không đạt được hiệu quả với NPV,BDS-MASTER-0297,Với phương án của mình trước là làm phân kh,140,same_map_link; same_coord_0m,,2023-09-25,"10.970034, 106.715651","10.970034, 106.715651",https://maps.app.goo.gl/t178LDzcrFtjxgEz9,https://maps.app.goo.gl/t178LDzcrFtjxgEz9
BDS-MASTER-0146,không đạt được hiệu quả với NPV,BDS-MASTER-0327,triển khai chưa mng Team đã trao đổi với A Sơn Trợ lý để lên list các dự án này à,140,same_map_link; same_coord_0m,,2023-10-15,"10.970034, 106.715651","10.970034, 106.715651",https://maps.app.goo.gl/t178LDzcrFtjxgEz9,https://maps.app.goo.gl/t178LDzcrFtjxgEz9
BDS-MASTER-0146,không đạt được hiệu quả với NPV,BDS-MASTER-0360,chưa bàn giao nên chưa dc vào ở à,140,same_map_link; same_coord_0m,,2025-04-11,"10.970034, 106.715651","10.970034, 106.715651",https://maps.app.goo.gl/t178LDzcrFtjxgEz9,https://maps.app.goo.gl/t178LDzcrFtjxgEz9
BDS-MASTER-0146,không đạt được hiệu quả với NPV,BDS-MASTER-0363,có giá vốn đất thấp trong khi hệ số cao (trên 11 chấm),140,same_map_link; same_coord_0m,,,"10.970034, 106.715651","10.970034, 106.715651",https://maps.app.goo.gl/t178LDzcrFtjxgEz9,https://maps.app.goo.gl/t178LDzcrFtjxgEz9
BDS-MASTER-0146,không đạt được hiệu quả với NPV,BDS-MASTER-0396,trên có diện tích,140,same_map_link; same_coord_0m,,2025-08-13,"10.970034, 106.715651","10.970034, 106.715651",https://maps.app.goo.gl/t178LDzcrFtjxgEz9,https://maps.app.goo.gl/t178LDzcrFtjxgEz9
BDS-MASTER-0146,không đạt được hiệu quả với NPV,BDS-MASTER-0423,HAI NHAN,140,same_map_link; same_coord_0m,,,"10.970034, 106.715651","10.970034, 106.715651",https://maps.app.goo.gl/t178LDzcrFtjxgEz9,https://maps.app.goo.gl/t178LDzcrFtjxgEz9
BDS-MASTER-0146,không đạt được hiệu quả với NPV,BDS-MASTER-0493,Parklane P,140,same_map_link; same_coord_0m,,,"10.970034, 106.715651","10.970034, 106.715651",https://maps.app.goo.gl/t178LDzcrFtjxgEz9,https://maps.app.goo.gl/t178LDzcrFtjxgEz9
BDS-MASTER-0146,không đạt được hiệu quả với NPV,BDS-MASTER-0502,thì họ sẽ làm như thế nào Huy M - IM Rồi anh tính phương án thử by Admin 01,140,same_map_link; same_coord_0m,,,"10.970034, 106.715651","10.970034, 106.715651",https://maps.app.goo.gl/t178LDzcrFtjxgEz9,https://maps.app.goo.gl/t178LDzcrFtjxgEz9
BDS-MASTER-0146,không đạt được hiệu quả với NPV,BDS-MASTER-0503,đã được đưa vào danh sách thí điểm 171 Số thự tự 41,140,same_map_link; same_coord_0m,,,"10.970034, 106.715651","10.970034, 106.715651",https://maps.app.goo.gl/t178LDzcrFtjxgEz9,https://maps.app.goo.gl/t178LDzcrFtjxgEz9
BDS-MASTER-0147,thuộc trường hợp giao đất không thông qua đấu giá quyền sử dụng đất - Hồ sơ pháp lý,BDS-MASTER-0218,Masteri An Phú - Masteri Thảo Điền - The Vista tăng 40-50% giá trị chỉ trong 3 tháng ) 🎉 Nếu lấy sàn thứ 2 (70,140,same_map_link; same_coord_0m,2023-08-07,2025-10-11,"10.696269, 106.613762","10.696269, 106.613762",https://goo.gl/maps/XXMLm2Ebm5FEFwig7,https://goo.gl/maps/XXMLm2Ebm5FEFwig7
BDS-MASTER-0147,thuộc trường hợp giao đất không thông qua đấu giá quyền sử dụng đất - Hồ sơ pháp lý,BDS-MASTER-0225,căn hộ Đức Long Western Park Dự án Đức Long Western Park tại quận Bình Tân,140,same_map_link; same_coord_0m,2023-08-07,2025-04-03,"10.696269, 106.613762","10.696269, 106.613762",https://goo.gl/maps/XXMLm2Ebm5FEFwig7,https://goo.gl/maps/XXMLm2Ebm5FEFwig7
BDS-MASTER-0147,thuộc trường hợp giao đất không thông qua đấu giá quyền sử dụng đất - Hồ sơ pháp lý,BDS-MASTER-0255,chỉ mới trong giai đoạn pháp lý đền bù GPMB thì được xem là quỹ đất và được định giá lại theo phương thức giá,140,same_map_link; same_coord_0m,2023-08-07,2025-05-06,"10.696269, 106.613762","10.696269, 106.613762",https://goo.gl/maps/XXMLm2Ebm5FEFwig7,https://goo.gl/maps/XXMLm2Ebm5FEFwig7
BDS-MASTER-0149,được đề xuất nghiên cứu đầu tư tại huyện Giao Thuỷ,BDS-MASTER-0262,làm KCN tại huyện Nghĩa Hưng Khảo sát vị trí hiện trạng,140,same_map_link; same_coord_0m,2022-11-08,2022-11-19,"20.185875, 106.3661313","20.185875, 106.3661313",https://goo.gl/maps/Y5rcVkPSFzuYQtaJ7; https://goo.gl/maps/tu8NToyeSY9qMEt19,https://goo.gl/maps/Y5rcVkPSFzuYQtaJ7; https://goo.gl/maps/tu8NToyeSY9qMEt19
BDS-MASTER-0149,được đề xuất nghiên cứu đầu tư tại huyện Giao Thuỷ,BDS-MASTER-0483,Đông Trung tại Thuận An,140,same_map_link; same_coord_0m,2022-11-08,2022-09-07,"20.185875, 106.3661313","20.185875, 106.3661313",https://goo.gl/maps/Y5rcVkPSFzuYQtaJ7; https://goo.gl/maps/tu8NToyeSY9qMEt19,https://goo.gl/maps/Y5rcVkPSFzuYQtaJ7; https://goo.gl/maps/tu8NToyeSY9qMEt19
BDS-MASTER-0150,đấu giá 77ha,BDS-MASTER-0331,đấu thầu,140,same_map_link; same_coord_0m,,,"10.888428, 106.6985811","10.888428, 106.6985811",https://maps.app.goo.gl/pTzfCxqkMYLuLe9z9,https://maps.app.goo.gl/pTzfCxqkMYLuLe9z9
BDS-MASTER-0151,50ha thuộc huyện Vĩnh Tường – Yên Lạc,BDS-MASTER-0155,Hải Âu tại Bãi Trường,140,same_map_link; same_coord_0m,2024-12-16,2022-11-04,"21.250395, 105.5350413","21.250395, 105.5350413",https://goo.gl/maps/eqfdgJBc7XT7VhAW8,https://goo.gl/maps/eqfdgJBc7XT7VhAW8
BDS-MASTER-0151,50ha thuộc huyện Vĩnh Tường – Yên Lạc,BDS-MASTER-0170,có tỷ lệ LNTT/TMDT đạt hiệu quả nhưng không đạt hiệu quả về chỉ tiêu IRR,140,same_map_link; same_coord_0m,2024-12-16,2024-12-16,"21.250395, 105.5350413","21.250395, 105.5350413",https://goo.gl/maps/eqfdgJBc7XT7VhAW8,https://goo.gl/maps/eqfdgJBc7XT7VhAW8
BDS-MASTER-0151,50ha thuộc huyện Vĩnh Tường – Yên Lạc,BDS-MASTER-0174,không đạt hiệu quả tài,140,same_map_link; same_coord_0m,2024-12-16,2022-12-14,"21.250395, 105.5350413","21.250395, 105.5350413",https://goo.gl/maps/eqfdgJBc7XT7VhAW8,https://goo.gl/maps/eqfdgJBc7XT7VhAW8
BDS-MASTER-0151,50ha thuộc huyện Vĩnh Tường – Yên Lạc,BDS-MASTER-0175,kết nối vào quỹ đất,140,same_map_link; same_coord_0m,2024-12-16,2022-09-26,"21.250395, 105.5350413","21.250395, 105.5350413",https://goo.gl/maps/eqfdgJBc7XT7VhAW8,https://goo.gl/maps/eqfdgJBc7XT7VhAW8
BDS-MASTER-0151,50ha thuộc huyện Vĩnh Tường – Yên Lạc,BDS-MASTER-0246,KDC,140,same_map_link; same_coord_0m,2024-12-16,2022-08-22,"21.250395, 105.5350413","21.250395, 105.5350413",https://goo.gl/maps/eqfdgJBc7XT7VhAW8,https://goo.gl/maps/eqfdgJBc7XT7VhAW8
BDS-MASTER-0151,50ha thuộc huyện Vĩnh Tường – Yên Lạc,BDS-MASTER-0278,50ha ở Vĩnh Yên,140,same_map_link; same_coord_0m,2024-12-16,2024-12-16,"21.250395, 105.5350413","21.250395, 105.5350413",https://goo.gl/maps/eqfdgJBc7XT7VhAW8,https://goo.gl/maps/eqfdgJBc7XT7VhAW8
BDS-MASTER-0151,50ha thuộc huyện Vĩnh Tường – Yên Lạc,BDS-MASTER-0341,HLW - Merryaland 1,140,same_map_link; same_coord_0m,2024-12-16,2022-08-23,"21.250395, 105.5350413","21.250395, 105.5350413",https://goo.gl/maps/eqfdgJBc7XT7VhAW8,https://goo.gl/maps/eqfdgJBc7XT7VhAW8
BDS-MASTER-0151,50ha thuộc huyện Vĩnh Tường – Yên Lạc,BDS-MASTER-0399,Đà Nẵng,140,same_map_link; same_coord_0m,2024-12-16,2022-09-12,"21.250395, 105.5350413","21.250395, 105.5350413",https://goo.gl/maps/eqfdgJBc7XT7VhAW8,https://goo.gl/maps/eqfdgJBc7XT7VhAW8
BDS-MASTER-0154,Cù lao Tân Vạn theo đơn giá bán (đất + nhà) trung bình dựa vào các loại hình do Mr,BDS-MASTER-0249,NOXH sẽ giúp tạo thương hiệu tích cực cho công ty trên thị trường,140,same_map_link; same_coord_0m,2025-05-06,,"10.840677, 106.719716","10.840677, 106.719716",https://maps.app.goo.gl/ioqJ9N2mKRyMdiAe6,https://maps.app.goo.gl/ioqJ9N2mKRyMdiAe6
BDS-MASTER-0154,Cù lao Tân Vạn theo đơn giá bán (đất + nhà) trung bình dựa vào các loại hình do Mr,BDS-MASTER-0269,tuy nhiên,140,same_map_link; same_coord_0m,2025-05-06,2023-12-18,"10.840677, 106.719716","10.840677, 106.719716",https://maps.app.goo.gl/ioqJ9N2mKRyMdiAe6,https://maps.app.goo.gl/ioqJ9N2mKRyMdiAe6
BDS-MASTER-0154,Cù lao Tân Vạn theo đơn giá bán (đất + nhà) trung bình dựa vào các loại hình do Mr,BDS-MASTER-0378,nào mà đóng tssđ hàng năm nó cứ tăng hàng năm nữa,140,same_map_link; same_coord_0m,2025-05-06,2023-08-11,"10.840677, 106.719716","10.840677, 106.719716",https://maps.app.goo.gl/ioqJ9N2mKRyMdiAe6,https://maps.app.goo.gl/ioqJ9N2mKRyMdiAe6
BDS-MASTER-0154,Cù lao Tân Vạn theo đơn giá bán (đất + nhà) trung bình dựa vào các loại hình do Mr,BDS-MASTER-0394,thì khả năng cao dự án không phải nộp thêm ạ,140,same_map_link; same_coord_0m,2025-05-06,,"10.840677, 106.719716","10.840677, 106.719716",https://maps.app.goo.gl/ioqJ9N2mKRyMdiAe6,https://maps.app.goo.gl/ioqJ9N2mKRyMdiAe6
BDS-MASTER-0154,Cù lao Tân Vạn theo đơn giá bán (đất + nhà) trung bình dựa vào các loại hình do Mr,BDS-MASTER-0420,Gladia heights dự kiến triển khai trong 2026 này,140,same_map_link; same_coord_0m,2025-05-06,,"10.840677, 106.719716","10.840677, 106.719716",https://maps.app.goo.gl/ioqJ9N2mKRyMdiAe6,https://maps.app.goo.gl/ioqJ9N2mKRyMdiAe6
BDS-MASTER-0154,Cù lao Tân Vạn theo đơn giá bán (đất + nhà) trung bình dựa vào các loại hình do Mr,BDS-MASTER-0471,thông qua đấu thầu nên khả năng cao chỉ thực hiện được chuyển nhượng thông qua hình thức mua cổ phần nên,140,same_map_link; same_coord_0m,2025-05-06,2025-06-26,"10.840677, 106.719716","10.840677, 106.719716",https://maps.app.goo.gl/ioqJ9N2mKRyMdiAe6,https://maps.app.goo.gl/ioqJ9N2mKRyMdiAe6
BDS-MASTER-0155,Hải Âu tại Bãi Trường,BDS-MASTER-0170,có tỷ lệ LNTT/TMDT đạt hiệu quả nhưng không đạt hiệu quả về chỉ tiêu IRR,140,same_map_link; same_coord_0m,2022-11-04,2024-12-16,"21.250395, 105.5350413","21.250395, 105.5350413",https://goo.gl/maps/eqfdgJBc7XT7VhAW8,https://goo.gl/maps/eqfdgJBc7XT7VhAW8
BDS-MASTER-0155,Hải Âu tại Bãi Trường,BDS-MASTER-0174,không đạt hiệu quả tài,140,same_map_link; same_coord_0m,2022-11-04,2022-12-14,"21.250395, 105.5350413","21.250395, 105.5350413",https://goo.gl/maps/eqfdgJBc7XT7VhAW8,https://goo.gl/maps/eqfdgJBc7XT7VhAW8
BDS-MASTER-0155,Hải Âu tại Bãi Trường,BDS-MASTER-0175,kết nối vào quỹ đất,140,same_map_link; same_coord_0m,2022-11-04,2022-09-26,"21.250395, 105.5350413","21.250395, 105.5350413",https://goo.gl/maps/eqfdgJBc7XT7VhAW8,https://goo.gl/maps/eqfdgJBc7XT7VhAW8
BDS-MASTER-0155,Hải Âu tại Bãi Trường,BDS-MASTER-0246,KDC,140,same_map_link; same_coord_0m,2022-11-04,2022-08-22,"21.250395, 105.5350413","21.250395, 105.5350413",https://goo.gl/maps/eqfdgJBc7XT7VhAW8,https://goo.gl/maps/eqfdgJBc7XT7VhAW8
BDS-MASTER-0155,Hải Âu tại Bãi Trường,BDS-MASTER-0278,50ha ở Vĩnh Yên,140,same_map_link; same_coord_0m,2022-11-04,2024-12-16,"21.250395, 105.5350413","21.250395, 105.5350413",https://goo.gl/maps/eqfdgJBc7XT7VhAW8,https://goo.gl/maps/eqfdgJBc7XT7VhAW8
BDS-MASTER-0155,Hải Âu tại Bãi Trường,BDS-MASTER-0341,HLW - Merryaland 1,140,same_map_link; same_coord_0m,2022-11-04,2022-08-23,"21.250395, 105.5350413","21.250395, 105.5350413",https://goo.gl/maps/eqfdgJBc7XT7VhAW8,https://goo.gl/maps/eqfdgJBc7XT7VhAW8
BDS-MASTER-0155,Hải Âu tại Bãi Trường,BDS-MASTER-0399,Đà Nẵng,140,same_map_link; same_coord_0m,2022-11-04,2022-09-12,"21.250395, 105.5350413","21.250395, 105.5350413",https://goo.gl/maps/eqfdgJBc7XT7VhAW8,https://goo.gl/maps/eqfdgJBc7XT7VhAW8
BDS-MASTER-0156,Hội An Riverside Resort & Spa theo Concept Lamanon và giá kinh doanh của anh David Cường cung cấp,BDS-MASTER-0213,Hội An Riverside Resort & Spa,140,same_map_link; same_coord_0m,,2024-11-15,"15.8884285, 108.3559502","15.8884285, 108.3559502",https://maps.app.goo.gl/zNrudtbb4kMk2xxv5,https://maps.app.goo.gl/zNrudtbb4kMk2xxv5
BDS-MASTER-0156,Hội An Riverside Resort & Spa theo Concept Lamanon và giá kinh doanh của anh David Cường cung cấp,BDS-MASTER-0240,Aqua city của Novaland đã được tháo gỡ vướng mắc về pháp lý,140,same_map_link; same_coord_0m,,2024-11-19,"15.8884285, 108.3559502","15.8884285, 108.3559502",https://maps.app.goo.gl/zNrudtbb4kMk2xxv5,https://maps.app.goo.gl/zNrudtbb4kMk2xxv5
BDS-MASTER-0156,Hội An Riverside Resort & Spa theo Concept Lamanon và giá kinh doanh của anh David Cường cung cấp,BDS-MASTER-0248,Khu Đô Thị Văn Giang (Red River Villa) tại Hưng Yên,140,same_map_link; same_coord_0m,,,"15.8884285, 108.3559502","15.8884285, 108.3559502",https://maps.app.goo.gl/zNrudtbb4kMk2xxv5,https://maps.app.goo.gl/zNrudtbb4kMk2xxv5
BDS-MASTER-0156,Hội An Riverside Resort & Spa theo Concept Lamanon và giá kinh doanh của anh David Cường cung cấp,BDS-MASTER-0272,đạt hiệu quả với giá mua dự án ở khoảng 17 triệu đồng/m2 ~ ngưỡng giá mua dự án 520 tỷ đồng,140,same_map_link; same_coord_0m,,,"15.8884285, 108.3559502","15.8884285, 108.3559502",https://maps.app.goo.gl/zNrudtbb4kMk2xxv5,https://maps.app.goo.gl/zNrudtbb4kMk2xxv5
BDS-MASTER-0156,Hội An Riverside Resort & Spa theo Concept Lamanon và giá kinh doanh của anh David Cường cung cấp,BDS-MASTER-0411,ở vị trí khác nên phương án kinh doanh đưa lên không còn chính xác,140,same_map_link; same_coord_0m,,2025-09-23,"15.8884285, 108.3559502","15.8884285, 108.3559502",https://maps.app.goo.gl/zNrudtbb4kMk2xxv5,https://maps.app.goo.gl/zNrudtbb4kMk2xxv5
BDS-MASTER-0156,Hội An Riverside Resort & Spa theo Concept Lamanon và giá kinh doanh của anh David Cường cung cấp,BDS-MASTER-0412,12ha đủ lớn để có thể địn hướng triển khai tiện ích cảnh quan,140,same_map_link; same_coord_0m,,,"15.8884285, 108.3559502","15.8884285, 108.3559502",https://maps.app.goo.gl/zNrudtbb4kMk2xxv5,https://maps.app.goo.gl/zNrudtbb4kMk2xxv5
BDS-MASTER-0157,IDEO CHANRAN 70 RIVERVIEW nằm trên đường Charan Sanit Wong,BDS-MASTER-0166,Văn phòng tại khu đất 72-74 Võ Thị Sáu,140,same_map_link; same_coord_0m,2023-08-17,2024-01-03,"13.7891782, 100.5015205","13.7891782, 100.5015205",https://goo.gl/maps/rzwM8zz1vmEphauk6,https://goo.gl/maps/rzwM8zz1vmEphauk6
BDS-MASTER-0157,IDEO CHANRAN 70 RIVERVIEW nằm trên đường Charan Sanit Wong,BDS-MASTER-0287,IDEO cách trung tâm Bangkok khoảng 6-7Km và gần sông Chao Phraya,140,same_map_link; same_coord_0m,2023-08-17,2023-08-17,"13.7891782, 100.5015205","13.7891782, 100.5015205",https://goo.gl/maps/rzwM8zz1vmEphauk6,https://goo.gl/maps/rzwM8zz1vmEphauk6
BDS-MASTER-0157,IDEO CHANRAN 70 RIVERVIEW nằm trên đường Charan Sanit Wong,BDS-MASTER-0344,IDEO cách trung tâm Bangk,140,same_map_link; same_coord_0m,2023-08-17,2023-08-17,"13.7891782, 100.5015205","13.7891782, 100.5015205",https://goo.gl/maps/rzwM8zz1vmEphauk6,https://goo.gl/maps/rzwM8zz1vmEphauk6
BDS-MASTER-0160,KDC An Tôn theo 02 phương án quy hoạch,BDS-MASTER-0188,Parklane,140,same_map_link; same_coord_0m,,,"10.970034, 106.715651","10.970034, 106.715651",https://maps.app.goo.gl/t178LDzcrFtjxgEz9,https://maps.app.goo.gl/t178LDzcrFtjxgEz9
BDS-MASTER-0160,KDC An Tôn theo 02 phương án quy hoạch,BDS-MASTER-0220,Richland Quận 9,140,same_map_link; same_coord_0m,,2026-07-02,"10.970034, 106.715651","10.970034, 106.715651",https://maps.app.goo.gl/t178LDzcrFtjxgEz9,https://maps.app.goo.gl/t178LDzcrFtjxgEz9
BDS-MASTER-0160,KDC An Tôn theo 02 phương án quy hoạch,BDS-MASTER-0232,trên có diện tích hơn 77ha,140,same_map_link; same_coord_0m,,2025-08-13,"10.970034, 106.715651","10.970034, 106.715651",https://maps.app.goo.gl/t178LDzcrFtjxgEz9,https://maps.app.goo.gl/t178LDzcrFtjxgEz9
BDS-MASTER-0160,KDC An Tôn theo 02 phương án quy hoạch,BDS-MASTER-0245,Hải Nhân,140,same_map_link; same_coord_0m,,,"10.970034, 106.715651","10.970034, 106.715651",https://maps.app.goo.gl/t178LDzcrFtjxgEz9,https://maps.app.goo.gl/t178LDzcrFtjxgEz9
BDS-MASTER-0160,KDC An Tôn theo 02 phương án quy hoạch,BDS-MASTER-0252,Sông Đà - Quốc Cường Gia Lai (Nguồn từ Mr Tiến R&D) có giá chào 6,140,same_map_link; same_coord_0m,,,"10.970034, 106.715651","10.970034, 106.715651",https://maps.app.goo.gl/t178LDzcrFtjxgEz9,https://maps.app.goo.gl/t178LDzcrFtjxgEz9
BDS-MASTER-0160,KDC An Tôn theo 02 phương án quy hoạch,BDS-MASTER-0257,do mình có điều chỉnh qh 1/500,140,same_map_link; same_coord_0m,,2023-09-25,"10.970034, 106.715651","10.970034, 106.715651",https://maps.app.goo.gl/t178LDzcrFtjxgEz9,https://maps.app.goo.gl/t178LDzcrFtjxgEz9
BDS-MASTER-0160,KDC An Tôn theo 02 phương án quy hoạch,BDS-MASTER-0288,KS 25 Trần Phú sẽ đi theo PA 5 tầng nổi + 1 tầng hầm,140,same_map_link; same_coord_0m,,2025-04-28,"10.970034, 106.715651","10.970034, 106.715651",https://maps.app.goo.gl/t178LDzcrFtjxgEz9,https://maps.app.goo.gl/t178LDzcrFtjxgEz9
BDS-MASTER-0160,KDC An Tôn theo 02 phương án quy hoạch,BDS-MASTER-0297,Với phương án của mình trước là làm phân kh,140,same_map_link; same_coord_0m,,2023-09-25,"10.970034, 106.715651","10.970034, 106.715651",https://maps.app.goo.gl/t178LDzcrFtjxgEz9,https://maps.app.goo.gl/t178LDzcrFtjxgEz9
BDS-MASTER-0160,KDC An Tôn theo 02 phương án quy hoạch,BDS-MASTER-0327,triển khai chưa mng Team đã trao đổi với A Sơn Trợ lý để lên list các dự án này à,140,same_map_link; same_coord_0m,,2023-10-15,"10.970034, 106.715651","10.970034, 106.715651",https://maps.app.goo.gl/t178LDzcrFtjxgEz9,https://maps.app.goo.gl/t178LDzcrFtjxgEz9
BDS-MASTER-0160,KDC An Tôn theo 02 phương án quy hoạch,BDS-MASTER-0360,chưa bàn giao nên chưa dc vào ở à,140,same_map_link; same_coord_0m,,2025-04-11,"10.970034, 106.715651","10.970034, 106.715651",https://maps.app.goo.gl/t178LDzcrFtjxgEz9,https://maps.app.goo.gl/t178LDzcrFtjxgEz9
BDS-MASTER-0160,KDC An Tôn theo 02 phương án quy hoạch,BDS-MASTER-0363,có giá vốn đất thấp trong khi hệ số cao (trên 11 chấm),140,same_map_link; same_coord_0m,,,"10.970034, 106.715651","10.970034, 106.715651",https://maps.app.goo.gl/t178LDzcrFtjxgEz9,https://maps.app.goo.gl/t178LDzcrFtjxgEz9
BDS-MASTER-0160,KDC An Tôn theo 02 phương án quy hoạch,BDS-MASTER-0396,trên có diện tích,140,same_map_link; same_coord_0m,,2025-08-13,"10.970034, 106.715651","10.970034, 106.715651",https://maps.app.goo.gl/t178LDzcrFtjxgEz9,https://maps.app.goo.gl/t178LDzcrFtjxgEz9
BDS-MASTER-0160,KDC An Tôn theo 02 phương án quy hoạch,BDS-MASTER-0423,HAI NHAN,140,same_map_link; same_coord_0m,,,"10.970034, 106.715651","10.970034, 106.715651",https://maps.app.goo.gl/t178LDzcrFtjxgEz9,https://maps.app.goo.gl/t178LDzcrFtjxgEz9
BDS-MASTER-0160,KDC An Tôn theo 02 phương án quy hoạch,BDS-MASTER-0493,Parklane P,140,same_map_link; same_coord_0m,,,"10.970034, 106.715651","10.970034, 106.715651",https://maps.app.goo.gl/t178LDzcrFtjxgEz9,https://maps.app.goo.gl/t178LDzcrFtjxgEz9
BDS-MASTER-0160,KDC An Tôn theo 02 phương án quy hoạch,BDS-MASTER-0502,thì họ sẽ làm như thế nào Huy M - IM Rồi anh tính phương án thử by Admin 01,140,same_map_link; same_coord_0m,,,"10.970034, 106.715651","10.970034, 106.715651",https://maps.app.goo.gl/t178LDzcrFtjxgEz9,https://maps.app.goo.gl/t178LDzcrFtjxgEz9
BDS-MASTER-0160,KDC An Tôn theo 02 phương án quy hoạch,BDS-MASTER-0503,đã được đưa vào danh sách thí điểm 171 Số thự tự 41,140,same_map_link; same_coord_0m,,,"10.970034, 106.715651","10.970034, 106.715651",https://maps.app.goo.gl/t178LDzcrFtjxgEz9,https://maps.app.goo.gl/t178LDzcrFtjxgEz9
BDS-MASTER-0161,Khu đất Ngô Chí Quốc Bình Chiểu Thủ Đức,BDS-MASTER-0189,Phú Quang khoảng 350m + Có 2 mặt tiếp xúc kênh rạch II/ Kết nối giao thông đến dự án,140,same_map_link; same_coord_0m,2023-08-03,2023-11-27,"10.8868153, 106.7156351","10.8868153, 106.7156351",https://goo.gl/maps/Empzn8zwhyULFrqV8,https://goo.gl/maps/Empzn8zwhyULFrqV8
BDS-MASTER-0161,Khu đất Ngô Chí Quốc Bình Chiểu Thủ Đức,BDS-MASTER-0393,theo link bên dưới,140,same_map_link; same_coord_0m,2023-08-03,2023-05-18,"10.8868153, 106.7156351","10.8868153, 106.7156351",https://goo.gl/maps/Empzn8zwhyULFrqV8,https://goo.gl/maps/Empzn8zwhyULFrqV8
BDS-MASTER-0163,Suối Nhum với giá 1180 tỷ theo hình thức chuyển nhượng 100% cổ phần cty với hiện trạng có Quy hoạch mới dự kiế,BDS-MASTER-0165,Vì 2 vấn đề trên,140,same_map_link; same_coord_0m,2022-08-30,2022-08-26,"20.94081, 105.84306","20.94081, 105.84306",https://goo.gl/maps/YaZ9tS4Xqtm5REAe6,https://goo.gl/maps/YaZ9tS4Xqtm5REAe6
BDS-MASTER-0163,Suối Nhum với giá 1180 tỷ theo hình thức chuyển nhượng 100% cổ phần cty với hiện trạng có Quy hoạch mới dự kiế,BDS-MASTER-0168,Westgate của AnGia – 38 tr/m2 (vị trí trung tâm Huyện Bình Chánh) + Thấp hơn mức giá trung bình của Akari – Na,140,same_map_link; same_coord_0m,2022-08-30,2024-10-07,"20.94081, 105.84306","20.94081, 105.84306",https://goo.gl/maps/YaZ9tS4Xqtm5REAe6,https://goo.gl/maps/YaZ9tS4Xqtm5REAe6
BDS-MASTER-0163,Suối Nhum với giá 1180 tỷ theo hình thức chuyển nhượng 100% cổ phần cty với hiện trạng có Quy hoạch mới dự kiế,BDS-MASTER-0178,trong thời gian khai thác kinh doanh,140,same_map_link; same_coord_0m,2022-08-30,2022-12-27,"20.94081, 105.84306","20.94081, 105.84306",https://goo.gl/maps/YaZ9tS4Xqtm5REAe6,https://goo.gl/maps/YaZ9tS4Xqtm5REAe6
BDS-MASTER-0163,Suối Nhum với giá 1180 tỷ theo hình thức chuyển nhượng 100% cổ phần cty với hiện trạng có Quy hoạch mới dự kiế,BDS-MASTER-0181,(giá bán quỹ đất bao gồm cam kết của đối tác sẽ hỗ trợ phần đất đi vào dự án) với chi phí làm đường là 1tr/m2,140,same_map_link; same_coord_0m,2022-08-30,2022-09-26,"20.94081, 105.84306","20.94081, 105.84306",https://goo.gl/maps/YaZ9tS4Xqtm5REAe6,https://goo.gl/maps/YaZ9tS4Xqtm5REAe6
BDS-MASTER-0163,Suối Nhum với giá 1180 tỷ theo hình thức chuyển nhượng 100% cổ phần cty với hiện trạng có Quy hoạch mới dự kiế,BDS-MASTER-0293,Regalia Gold 4 sao tại Nha Trang,140,same_map_link; same_coord_0m,2022-08-30,2022-12-27,"20.94081, 105.84306","20.94081, 105.84306",https://goo.gl/maps/YaZ9tS4Xqtm5REAe6,https://goo.gl/maps/YaZ9tS4Xqtm5REAe6
BDS-MASTER-0163,Suối Nhum với giá 1180 tỷ theo hình thức chuyển nhượng 100% cổ phần cty với hiện trạng có Quy hoạch mới dự kiế,BDS-MASTER-0492,Ngọc Hồi Thanh Trì,140,same_map_link; same_coord_0m,2022-08-30,2022-08-26,"20.94081, 105.84306","20.94081, 105.84306",https://goo.gl/maps/YaZ9tS4Xqtm5REAe6,https://goo.gl/maps/YaZ9tS4Xqtm5REAe6
BDS-MASTER-0165,Vì 2 vấn đề trên,BDS-MASTER-0168,Westgate của AnGia – 38 tr/m2 (vị trí trung tâm Huyện Bình Chánh) + Thấp hơn mức giá trung bình của Akari – Na,140,same_map_link; same_coord_0m,2022-08-26,2024-10-07,"20.94081, 105.84306","20.94081, 105.84306",https://goo.gl/maps/YaZ9tS4Xqtm5REAe6,https://goo.gl/maps/YaZ9tS4Xqtm5REAe6
BDS-MASTER-0165,Vì 2 vấn đề trên,BDS-MASTER-0178,trong thời gian khai thác kinh doanh,140,same_map_link; same_coord_0m,2022-08-26,2022-12-27,"20.94081, 105.84306","20.94081, 105.84306",https://goo.gl/maps/YaZ9tS4Xqtm5REAe6,https://goo.gl/maps/YaZ9tS4Xqtm5REAe6
BDS-MASTER-0165,Vì 2 vấn đề trên,BDS-MASTER-0181,(giá bán quỹ đất bao gồm cam kết của đối tác sẽ hỗ trợ phần đất đi vào dự án) với chi phí làm đường là 1tr/m2,140,same_map_link; same_coord_0m,2022-08-26,2022-09-26,"20.94081, 105.84306","20.94081, 105.84306",https://goo.gl/maps/YaZ9tS4Xqtm5REAe6,https://goo.gl/maps/YaZ9tS4Xqtm5REAe6
BDS-MASTER-0165,Vì 2 vấn đề trên,BDS-MASTER-0293,Regalia Gold 4 sao tại Nha Trang,140,same_map_link; same_coord_0m,2022-08-26,2022-12-27,"20.94081, 105.84306","20.94081, 105.84306",https://goo.gl/maps/YaZ9tS4Xqtm5REAe6,https://goo.gl/maps/YaZ9tS4Xqtm5REAe6
BDS-MASTER-0165,Vì 2 vấn đề trên,BDS-MASTER-0492,Ngọc Hồi Thanh Trì,140,same_map_link; same_coord_0m,2022-08-26,2022-08-26,"20.94081, 105.84306","20.94081, 105.84306",https://goo.gl/maps/YaZ9tS4Xqtm5REAe6,https://goo.gl/maps/YaZ9tS4Xqtm5REAe6
BDS-MASTER-0166,Văn phòng tại khu đất 72-74 Võ Thị Sáu,BDS-MASTER-0287,IDEO cách trung tâm Bangkok khoảng 6-7Km và gần sông Chao Phraya,140,same_map_link; same_coord_0m,2024-01-03,2023-08-17,"13.7891782, 100.5015205","13.7891782, 100.5015205",https://goo.gl/maps/rzwM8zz1vmEphauk6,https://goo.gl/maps/rzwM8zz1vmEphauk6
BDS-MASTER-0166,Văn phòng tại khu đất 72-74 Võ Thị Sáu,BDS-MASTER-0344,IDEO cách trung tâm Bangk,140,same_map_link; same_coord_0m,2024-01-03,2023-08-17,"13.7891782, 100.5015205","13.7891782, 100.5015205",https://goo.gl/maps/rzwM8zz1vmEphauk6,https://goo.gl/maps/rzwM8zz1vmEphauk6
BDS-MASTER-0167,Vương Bảo Long (kèm đánh giá pháp lý) *Hiện trạng,BDS-MASTER-0494,Vương Bảo Long,140,same_map_link; same_coord_0m,2022-09-23,2022-09-23,"10.878756, 106.753296","10.878756, 106.753296",https://goo.gl/maps/tMLVh6Gm8DCwNDzN6,https://goo.gl/maps/tMLVh6Gm8DCwNDzN6
BDS-MASTER-0168,Westgate của AnGia – 38 tr/m2 (vị trí trung tâm Huyện Bình Chánh) + Thấp hơn mức giá trung bình của Akari – Na,BDS-MASTER-0178,trong thời gian khai thác kinh doanh,140,same_map_link; same_coord_0m,2024-10-07,2022-12-27,"20.94081, 105.84306","20.94081, 105.84306",https://goo.gl/maps/YaZ9tS4Xqtm5REAe6,https://goo.gl/maps/YaZ9tS4Xqtm5REAe6
BDS-MASTER-0168,Westgate của AnGia – 38 tr/m2 (vị trí trung tâm Huyện Bình Chánh) + Thấp hơn mức giá trung bình của Akari – Na,BDS-MASTER-0181,(giá bán quỹ đất bao gồm cam kết của đối tác sẽ hỗ trợ phần đất đi vào dự án) với chi phí làm đường là 1tr/m2,140,same_map_link; same_coord_0m,2024-10-07,2022-09-26,"20.94081, 105.84306","20.94081, 105.84306",https://goo.gl/maps/YaZ9tS4Xqtm5REAe6,https://goo.gl/maps/YaZ9tS4Xqtm5REAe6
BDS-MASTER-0168,Westgate của AnGia – 38 tr/m2 (vị trí trung tâm Huyện Bình Chánh) + Thấp hơn mức giá trung bình của Akari – Na,BDS-MASTER-0293,Regalia Gold 4 sao tại Nha Trang,140,same_map_link; same_coord_0m,2024-10-07,2022-12-27,"20.94081, 105.84306","20.94081, 105.84306",https://goo.gl/maps/YaZ9tS4Xqtm5REAe6,https://goo.gl/maps/YaZ9tS4Xqtm5REAe6
BDS-MASTER-0168,Westgate của AnGia – 38 tr/m2 (vị trí trung tâm Huyện Bình Chánh) + Thấp hơn mức giá trung bình của Akari – Na,BDS-MASTER-0492,Ngọc Hồi Thanh Trì,140,same_map_link; same_coord_0m,2024-10-07,2022-08-26,"20.94081, 105.84306","20.94081, 105.84306",https://goo.gl/maps/YaZ9tS4Xqtm5REAe6,https://goo.gl/maps/YaZ9tS4Xqtm5REAe6
BDS-MASTER-0170,có tỷ lệ LNTT/TMDT đạt hiệu quả nhưng không đạt hiệu quả về chỉ tiêu IRR,BDS-MASTER-0174,không đạt hiệu quả tài,140,same_map_link; same_coord_0m,2024-12-16,2022-12-14,"21.250395, 105.5350413","21.250395, 105.5350413",https://goo.gl/maps/eqfdgJBc7XT7VhAW8,https://goo.gl/maps/eqfdgJBc7XT7VhAW8
BDS-MASTER-0170,có tỷ lệ LNTT/TMDT đạt hiệu quả nhưng không đạt hiệu quả về chỉ tiêu IRR,BDS-MASTER-0175,kết nối vào quỹ đất,140,same_map_link; same_coord_0m,2024-12-16,2022-09-26,"21.250395, 105.5350413","21.250395, 105.5350413",https://goo.gl/maps/eqfdgJBc7XT7VhAW8,https://goo.gl/maps/eqfdgJBc7XT7VhAW8
BDS-MASTER-0170,có tỷ lệ LNTT/TMDT đạt hiệu quả nhưng không đạt hiệu quả về chỉ tiêu IRR,BDS-MASTER-0246,KDC,140,same_map_link; same_coord_0m,2024-12-16,2022-08-22,"21.250395, 105.5350413","21.250395, 105.5350413",https://goo.gl/maps/eqfdgJBc7XT7VhAW8,https://goo.gl/maps/eqfdgJBc7XT7VhAW8
BDS-MASTER-0170,có tỷ lệ LNTT/TMDT đạt hiệu quả nhưng không đạt hiệu quả về chỉ tiêu IRR,BDS-MASTER-0278,50ha ở Vĩnh Yên,140,same_map_link; same_coord_0m,2024-12-16,2024-12-16,"21.250395, 105.5350413","21.250395, 105.5350413",https://goo.gl/maps/eqfdgJBc7XT7VhAW8,https://goo.gl/maps/eqfdgJBc7XT7VhAW8
BDS-MASTER-0170,có tỷ lệ LNTT/TMDT đạt hiệu quả nhưng không đạt hiệu quả về chỉ tiêu IRR,BDS-MASTER-0341,HLW - Merryaland 1,140,same_map_link; same_coord_0m,2024-12-16,2022-08-23,"21.250395, 105.5350413","21.250395, 105.5350413",https://goo.gl/maps/eqfdgJBc7XT7VhAW8,https://goo.gl/maps/eqfdgJBc7XT7VhAW8
BDS-MASTER-0170,có tỷ lệ LNTT/TMDT đạt hiệu quả nhưng không đạt hiệu quả về chỉ tiêu IRR,BDS-MASTER-0399,Đà Nẵng,140,same_map_link; same_coord_0m,2024-12-16,2022-09-12,"21.250395, 105.5350413","21.250395, 105.5350413",https://goo.gl/maps/eqfdgJBc7XT7VhAW8,https://goo.gl/maps/eqfdgJBc7XT7VhAW8
BDS-MASTER-0174,không đạt hiệu quả tài,BDS-MASTER-0175,kết nối vào quỹ đất,140,same_map_link; same_coord_0m,2022-12-14,2022-09-26,"21.250395, 105.5350413","21.250395, 105.5350413",https://goo.gl/maps/eqfdgJBc7XT7VhAW8,https://goo.gl/maps/eqfdgJBc7XT7VhAW8
BDS-MASTER-0174,không đạt hiệu quả tài,BDS-MASTER-0246,KDC,140,same_map_link; same_coord_0m,2022-12-14,2022-08-22,"21.250395, 105.5350413","21.250395, 105.5350413",https://goo.gl/maps/eqfdgJBc7XT7VhAW8,https://goo.gl/maps/eqfdgJBc7XT7VhAW8
BDS-MASTER-0174,không đạt hiệu quả tài,BDS-MASTER-0278,50ha ở Vĩnh Yên,140,same_map_link; same_coord_0m,2022-12-14,2024-12-16,"21.250395, 105.5350413","21.250395, 105.5350413",https://goo.gl/maps/eqfdgJBc7XT7VhAW8,https://goo.gl/maps/eqfdgJBc7XT7VhAW8
BDS-MASTER-0174,không đạt hiệu quả tài,BDS-MASTER-0341,HLW - Merryaland 1,140,same_map_link; same_coord_0m,2022-12-14,2022-08-23,"21.250395, 105.5350413","21.250395, 105.5350413",https://goo.gl/maps/eqfdgJBc7XT7VhAW8,https://goo.gl/maps/eqfdgJBc7XT7VhAW8
BDS-MASTER-0174,không đạt hiệu quả tài,BDS-MASTER-0399,Đà Nẵng,140,same_map_link; same_coord_0m,2022-12-14,2022-09-12,"21.250395, 105.5350413","21.250395, 105.5350413",https://goo.gl/maps/eqfdgJBc7XT7VhAW8,https://goo.gl/maps/eqfdgJBc7XT7VhAW8
BDS-MASTER-0175,kết nối vào quỹ đất,BDS-MASTER-0246,KDC,140,same_map_link; same_coord_0m,2022-09-26,2022-08-22,"21.250395, 105.5350413","21.250395, 105.5350413",https://goo.gl/maps/eqfdgJBc7XT7VhAW8,https://goo.gl/maps/eqfdgJBc7XT7VhAW8
BDS-MASTER-0175,kết nối vào quỹ đất,BDS-MASTER-0278,50ha ở Vĩnh Yên,140,same_map_link; same_coord_0m,2022-09-26,2024-12-16,"21.250395, 105.5350413","21.250395, 105.5350413",https://goo.gl/maps/eqfdgJBc7XT7VhAW8,https://goo.gl/maps/eqfdgJBc7XT7VhAW8
BDS-MASTER-0175,kết nối vào quỹ đất,BDS-MASTER-0341,HLW - Merryaland 1,140,same_map_link; same_coord_0m,2022-09-26,2022-08-23,"21.250395, 105.5350413","21.250395, 105.5350413",https://goo.gl/maps/eqfdgJBc7XT7VhAW8,https://goo.gl/maps/eqfdgJBc7XT7VhAW8
BDS-MASTER-0175,kết nối vào quỹ đất,BDS-MASTER-0399,Đà Nẵng,140,same_map_link; same_coord_0m,2022-09-26,2022-09-12,"21.250395, 105.5350413","21.250395, 105.5350413",https://goo.gl/maps/eqfdgJBc7XT7VhAW8,https://goo.gl/maps/eqfdgJBc7XT7VhAW8
BDS-MASTER-0176,nhà ở khi chuyển mục đích sang đất ở theo Luật Đất đai sẽ phải thực hiện đấu giá đối với hiện trạng các khu đấ,BDS-MASTER-0382,này thì phải Các dự án quy mô trên 1000 ha trước khi Nov,140,same_map_link; same_coord_0m,2023-03-15,2024-12-16,"18.687645, 105.674201","18.687645, 105.674201",https://goo.gl/maps/h4LQbK4dijinbrmF8,https://goo.gl/maps/h4LQbK4dijinbrmF8
BDS-MASTER-0178,trong thời gian khai thác kinh doanh,BDS-MASTER-0181,(giá bán quỹ đất bao gồm cam kết của đối tác sẽ hỗ trợ phần đất đi vào dự án) với chi phí làm đường là 1tr/m2,140,same_map_link; same_coord_0m,2022-12-27,2022-09-26,"20.94081, 105.84306","20.94081, 105.84306",https://goo.gl/maps/YaZ9tS4Xqtm5REAe6,https://goo.gl/maps/YaZ9tS4Xqtm5REAe6
BDS-MASTER-0178,trong thời gian khai thác kinh doanh,BDS-MASTER-0293,Regalia Gold 4 sao tại Nha Trang,140,same_map_link; same_coord_0m,2022-12-27,2022-12-27,"20.94081, 105.84306","20.94081, 105.84306",https://goo.gl/maps/YaZ9tS4Xqtm5REAe6,https://goo.gl/maps/YaZ9tS4Xqtm5REAe6
BDS-MASTER-0178,trong thời gian khai thác kinh doanh,BDS-MASTER-0492,Ngọc Hồi Thanh Trì,140,same_map_link; same_coord_0m,2022-12-27,2022-08-26,"20.94081, 105.84306","20.94081, 105.84306",https://goo.gl/maps/YaZ9tS4Xqtm5REAe6,https://goo.gl/maps/YaZ9tS4Xqtm5REAe6
BDS-MASTER-0180,được chuyển tiếp từ kế hoạch 2025 và có bổ sung thêm những khu đất tiềm năng khác,BDS-MASTER-0475,trong kế hoạch đấu giá năm 2026 trên địa bàn tỉnh Đồng Nai,140,same_map_link; same_coord_0m,2025-09-29,,"11.4223625, 106.5550679","11.4223625, 106.5550679",https://www.google.com/maps/d/edit?mid=1GZCfnV4401jtKcup5hFe0KPBOBMYrp4&usp=sharing,https://www.google.com/maps/d/edit?mid=1GZCfnV4401jtKcup5hFe0KPBOBMYrp4&usp=sharing
BDS-MASTER-0181,(giá bán quỹ đất bao gồm cam kết của đối tác sẽ hỗ trợ phần đất đi vào dự án) với chi phí làm đường là 1tr/m2,BDS-MASTER-0293,Regalia Gold 4 sao tại Nha Trang,140,same_map_link; same_coord_0m,2022-09-26,2022-12-27,"20.94081, 105.84306","20.94081, 105.84306",https://goo.gl/maps/YaZ9tS4Xqtm5REAe6,https://goo.gl/maps/YaZ9tS4Xqtm5REAe6
BDS-MASTER-0181,(giá bán quỹ đất bao gồm cam kết của đối tác sẽ hỗ trợ phần đất đi vào dự án) với chi phí làm đường là 1tr/m2,BDS-MASTER-0492,Ngọc Hồi Thanh Trì,140,same_map_link; same_coord_0m,2022-09-26,2022-08-26,"20.94081, 105.84306","20.94081, 105.84306",https://goo.gl/maps/YaZ9tS4Xqtm5REAe6,https://goo.gl/maps/YaZ9tS4Xqtm5REAe6
BDS-MASTER-0182,53ha đấu thầu tại đường Thăng Long,BDS-MASTER-0273,đấu thầu tại Nhơn Trạch,140,same_map_link; same_coord_0m,,2025-07-15,"10.6629773, 106.8625131","10.6629773, 106.8625131",https://maps.app.goo.gl/yVp7cfpfnfdzb7mV7,https://maps.app.goo.gl/yVp7cfpfnfdzb7mV7
BDS-MASTER-0182,53ha đấu thầu tại đường Thăng Long,BDS-MASTER-0362,càng tốt ạ Vì luật hiện nay vẫn quy định đơn giá ko dc,140,same_map_link; same_coord_0m,,2025-02-13,"10.6629773, 106.8625131","10.6629773, 106.8625131",https://maps.app.goo.gl/yVp7cfpfnfdzb7mV7,https://maps.app.goo.gl/yVp7cfpfnfdzb7mV7
BDS-MASTER-0182,53ha đấu thầu tại đường Thăng Long,BDS-MASTER-0375,lớn xảy ra sai phạm nghiêm trọng trong quản lý đất đai của tỉnh Đồng Nai,140,same_map_link; same_coord_0m,,2023-07-07,"10.6629773, 106.8625131","10.6629773, 106.8625131",https://maps.app.goo.gl/yVp7cfpfnfdzb7mV7,https://maps.app.goo.gl/yVp7cfpfnfdzb7mV7
BDS-MASTER-0182,53ha đấu thầu tại đường Thăng Long,BDS-MASTER-0407,đấu thầu 386ha - Nhơn Trạch,140,same_map_link; same_coord_0m,,2025-07-15,"10.6629773, 106.8625131","10.6629773, 106.8625131",https://maps.app.goo.gl/yVp7cfpfnfdzb7mV7,https://maps.app.goo.gl/yVp7cfpfnfdzb7mV7
BDS-MASTER-0182,53ha đấu thầu tại đường Thăng Long,BDS-MASTER-0417,Aqua thì hiện nay Nova đang dừng triển khai ở dự án này,140,same_map_link; same_coord_0m,,2023-06-03,"10.6629773, 106.8625131","10.6629773, 106.8625131",https://maps.app.goo.gl/yVp7cfpfnfdzb7mV7,https://maps.app.goo.gl/yVp7cfpfnfdzb7mV7
BDS-MASTER-0183,Anantara Mũi Né Resort,BDS-MASTER-0281,Anantara tham chiếu theo Phú Hải,140,same_map_link; same_coord_0m,2022-11-18,2022-11-18,"10.9409853, 108.1895913","10.9409853, 108.1895913",https://goo.gl/maps/oJBLCYE9ShbB6ZA6A,https://goo.gl/maps/oJBLCYE9ShbB6ZA6A
BDS-MASTER-0184,Cao tầng 31 Trần Não,BDS-MASTER-0222,chưa phê duyệt quyết định/ chấp thuận chủ trương đầu tư,140,same_map_link; same_coord_0m,2024-12-11,2024-12-06,"10.9466553, 106.7451751","10.9466553, 106.7451751",https://maps.app.goo.gl/uKe9j2z7xKHjdR8A7,https://maps.app.goo.gl/uKe9j2z7xKHjdR8A7
BDS-MASTER-0184,Cao tầng 31 Trần Não,BDS-MASTER-0254,chung cư Việt An,140,same_map_link; same_coord_0m,2024-12-11,2024-12-06,"10.9466553, 106.7451751","10.9466553, 106.7451751",https://maps.app.goo.gl/uKe9j2z7xKHjdR8A7,https://maps.app.goo.gl/uKe9j2z7xKHjdR8A7
BDS-MASTER-0184,Cao tầng 31 Trần Não,BDS-MASTER-0290,Nguyễn Thiện Thuật và Đoàn Trần Nghiệp - Nha Trang,140,same_map_link; same_coord_0m,2024-12-11,2025-05-13,"10.9466553, 106.7451751","10.9466553, 106.7451751",https://maps.app.goo.gl/uKe9j2z7xKHjdR8A7,https://maps.app.goo.gl/uKe9j2z7xKHjdR8A7
BDS-MASTER-0184,Cao tầng 31 Trần Não,BDS-MASTER-0300,cao tầng với,140,same_map_link; same_coord_0m,2024-12-11,2024-12-11,"10.9466553, 106.7451751","10.9466553, 106.7451751",https://maps.app.goo.gl/uKe9j2z7xKHjdR8A7,https://maps.app.goo.gl/uKe9j2z7xKHjdR8A7
BDS-MASTER-0184,Cao tầng 31 Trần Não,BDS-MASTER-0320,phân lô ( ko xây nhà) nào đang rẻ nhất 1 Like reaction,140,same_map_link; same_coord_0m,2024-12-11,2023-06-22,"10.9466553, 106.7451751","10.9466553, 106.7451751",https://maps.app.goo.gl/uKe9j2z7xKHjdR8A7,https://maps.app.goo.gl/uKe9j2z7xKHjdR8A7
BDS-MASTER-0184,Cao tầng 31 Trần Não,BDS-MASTER-0429,Phượng Hoàng theo Chính sá… Vậy chốt PkD phương án này đi Ok Sếp,140,same_map_link; same_coord_0m,2024-12-11,2025-09-10,"10.9466553, 106.7451751","10.9466553, 106.7451751",https://maps.app.goo.gl/uKe9j2z7xKHjdR8A7,https://maps.app.goo.gl/uKe9j2z7xKHjdR8A7
BDS-MASTER-0186,Khách sạn,BDS-MASTER-0196,không đạt hiệu quả ạ Begin quote,140,same_map_link; same_coord_0m,2025-04-17,2026-06-11,"10.652525, 107.083154","10.652525, 107.083154",https://maps.app.goo.gl/efNjqXtJS5uqAid67,https://maps.app.goo.gl/efNjqXtJS5uqAid67
BDS-MASTER-0186,Khách sạn,BDS-MASTER-0312,không khả thi với bất kỳ giá mua nào Begin quote,140,same_map_link; same_coord_0m,2025-04-17,,"10.652525, 107.083154","10.652525, 107.083154",https://maps.app.goo.gl/efNjqXtJS5uqAid67,https://maps.app.goo.gl/efNjqXtJS5uqAid67
BDS-MASTER-0186,Khách sạn,BDS-MASTER-0365,của Novaland được tháo gỡ liên quan đến Waterbay và Lakeview theo NQ 170 của Quốc Hội Liên quan đến vấn đề giả,140,same_map_link; same_coord_0m,2025-04-17,2025-02-28,"10.652525, 107.083154","10.652525, 107.083154",https://maps.app.goo.gl/efNjqXtJS5uqAid67,https://maps.app.goo.gl/efNjqXtJS5uqAid67
BDS-MASTER-0186,Khách sạn,BDS-MASTER-0367,hiện tại mình đang vận hành để xem thử mình có chi phí nào khác cần bổ sung không à,140,same_map_link; same_coord_0m,2025-04-17,2025-04-08,"10.652525, 107.083154","10.652525, 107.083154",https://maps.app.goo.gl/efNjqXtJS5uqAid67,https://maps.app.goo.gl/efNjqXtJS5uqAid67
BDS-MASTER-0186,Khách sạn,BDS-MASTER-0430,The Bale của Được gửi giá đã giảm mà lại ko lãi hã Begin quote,140,same_map_link; same_coord_0m,2025-04-17,2023-06-01,"10.652525, 107.083154","10.652525, 107.083154",https://maps.app.goo.gl/efNjqXtJS5uqAid67,https://maps.app.goo.gl/efNjqXtJS5uqAid67
BDS-MASTER-0186,Khách sạn,BDS-MASTER-0435,chợ lớn có khi phải điều chỉnh ranh Begin quote,140,same_map_link; same_coord_0m,2025-04-17,2024-11-25,"10.652525, 107.083154","10.652525, 107.083154",https://maps.app.goo.gl/efNjqXtJS5uqAid67,https://maps.app.goo.gl/efNjqXtJS5uqAid67
BDS-MASTER-0188,Parklane,BDS-MASTER-0220,Richland Quận 9,140,same_map_link; same_coord_0m,,2026-07-02,"10.970034, 106.715651","10.970034, 106.715651",https://maps.app.goo.gl/t178LDzcrFtjxgEz9,https://maps.app.goo.gl/t178LDzcrFtjxgEz9
BDS-MASTER-0188,Parklane,BDS-MASTER-0232,trên có diện tích hơn 77ha,140,same_map_link; same_coord_0m,,2025-08-13,"10.970034, 106.715651","10.970034, 106.715651",https://maps.app.goo.gl/t178LDzcrFtjxgEz9,https://maps.app.goo.gl/t178LDzcrFtjxgEz9
BDS-MASTER-0188,Parklane,BDS-MASTER-0245,Hải Nhân,140,same_map_link; same_coord_0m,,,"10.970034, 106.715651","10.970034, 106.715651",https://maps.app.goo.gl/t178LDzcrFtjxgEz9,https://maps.app.goo.gl/t178LDzcrFtjxgEz9
BDS-MASTER-0188,Parklane,BDS-MASTER-0252,Sông Đà - Quốc Cường Gia Lai (Nguồn từ Mr Tiến R&D) có giá chào 6,140,same_map_link; same_coord_0m,,,"10.970034, 106.715651","10.970034, 106.715651",https://maps.app.goo.gl/t178LDzcrFtjxgEz9,https://maps.app.goo.gl/t178LDzcrFtjxgEz9
BDS-MASTER-0188,Parklane,BDS-MASTER-0257,do mình có điều chỉnh qh 1/500,140,same_map_link; same_coord_0m,,2023-09-25,"10.970034, 106.715651","10.970034, 106.715651",https://maps.app.goo.gl/t178LDzcrFtjxgEz9,https://maps.app.goo.gl/t178LDzcrFtjxgEz9
BDS-MASTER-0188,Parklane,BDS-MASTER-0288,KS 25 Trần Phú sẽ đi theo PA 5 tầng nổi + 1 tầng hầm,140,same_map_link; same_coord_0m,,2025-04-28,"10.970034, 106.715651","10.970034, 106.715651",https://maps.app.goo.gl/t178LDzcrFtjxgEz9,https://maps.app.goo.gl/t178LDzcrFtjxgEz9
BDS-MASTER-0188,Parklane,BDS-MASTER-0297,Với phương án của mình trước là làm phân kh,140,same_map_link; same_coord_0m,,2023-09-25,"10.970034, 106.715651","10.970034, 106.715651",https://maps.app.goo.gl/t178LDzcrFtjxgEz9,https://maps.app.goo.gl/t178LDzcrFtjxgEz9
BDS-MASTER-0188,Parklane,BDS-MASTER-0327,triển khai chưa mng Team đã trao đổi với A Sơn Trợ lý để lên list các dự án này à,140,same_map_link; same_coord_0m,,2023-10-15,"10.970034, 106.715651","10.970034, 106.715651",https://maps.app.goo.gl/t178LDzcrFtjxgEz9,https://maps.app.goo.gl/t178LDzcrFtjxgEz9
BDS-MASTER-0188,Parklane,BDS-MASTER-0360,chưa bàn giao nên chưa dc vào ở à,140,same_map_link; same_coord_0m,,2025-04-11,"10.970034, 106.715651","10.970034, 106.715651",https://maps.app.goo.gl/t178LDzcrFtjxgEz9,https://maps.app.goo.gl/t178LDzcrFtjxgEz9
BDS-MASTER-0188,Parklane,BDS-MASTER-0363,có giá vốn đất thấp trong khi hệ số cao (trên 11 chấm),140,same_map_link; same_coord_0m,,,"10.970034, 106.715651","10.970034, 106.715651",https://maps.app.goo.gl/t178LDzcrFtjxgEz9,https://maps.app.goo.gl/t178LDzcrFtjxgEz9
BDS-MASTER-0188,Parklane,BDS-MASTER-0396,trên có diện tích,140,same_map_link; same_coord_0m,,2025-08-13,"10.970034, 106.715651","10.970034, 106.715651",https://maps.app.goo.gl/t178LDzcrFtjxgEz9,https://maps.app.goo.gl/t178LDzcrFtjxgEz9
BDS-MASTER-0188,Parklane,BDS-MASTER-0423,HAI NHAN,140,same_map_link; same_coord_0m,,,"10.970034, 106.715651","10.970034, 106.715651",https://maps.app.goo.gl/t178LDzcrFtjxgEz9,https://maps.app.goo.gl/t178LDzcrFtjxgEz9
BDS-MASTER-0188,Parklane,BDS-MASTER-0502,thì họ sẽ làm như thế nào Huy M - IM Rồi anh tính phương án thử by Admin 01,140,same_map_link; same_coord_0m,,,"10.970034, 106.715651","10.970034, 106.715651",https://maps.app.goo.gl/t178LDzcrFtjxgEz9,https://maps.app.goo.gl/t178LDzcrFtjxgEz9
BDS-MASTER-0188,Parklane,BDS-MASTER-0503,đã được đưa vào danh sách thí điểm 171 Số thự tự 41,140,same_map_link; same_coord_0m,,,"10.970034, 106.715651","10.970034, 106.715651",https://maps.app.goo.gl/t178LDzcrFtjxgEz9,https://maps.app.goo.gl/t178LDzcrFtjxgEz9
BDS-MASTER-0189,Phú Quang khoảng 350m + Có 2 mặt tiếp xúc kênh rạch II/ Kết nối giao thông đến dự án,BDS-MASTER-0393,theo link bên dưới,140,same_map_link; same_coord_0m,2023-11-27,2023-05-18,"10.8868153, 106.7156351","10.8868153, 106.7156351",https://goo.gl/maps/Empzn8zwhyULFrqV8,https://goo.gl/maps/Empzn8zwhyULFrqV8
BDS-MASTER-0190,Phú Quang – Phương án bổ sung tiền sử dụng đất (LURF) và chi phí liên quan đến phần đất công trong dự án,BDS-MASTER-0282,CCN Giao Yến cũng đang ở bước đầu xin dự án,140,same_map_link; same_coord_0m,2025-03-12,2023-04-26,"10.6963753, 106.6108851","10.6963753, 106.6108851",https://maps.app.goo.gl/UEv62Ht1RcfDLLML8,https://maps.app.goo.gl/UEv62Ht1RcfDLLML8
BDS-MASTER-0190,Phú Quang – Phương án bổ sung tiền sử dụng đất (LURF) và chi phí liên quan đến phần đất công trong dự án,BDS-MASTER-0328,trước năm 2024 đúng thật là thấy giá chung cư của HN thấy thấp hơn SG nếu nhìn vị trí có tính tương đương,140,same_map_link; same_coord_0m,2025-03-12,2024-12-07,"10.6963753, 106.6108851","10.6963753, 106.6108851",https://maps.app.goo.gl/UEv62Ht1RcfDLLML8,https://maps.app.goo.gl/UEv62Ht1RcfDLLML8
BDS-MASTER-0190,Phú Quang – Phương án bổ sung tiền sử dụng đất (LURF) và chi phí liên quan đến phần đất công trong dự án,BDS-MASTER-0361,chợ lớn có khi phải điều chỉnh ranh Dự án Chợ Lớn đang làm quy hoạch anh Tài đã có cập nhật ranh Metro vào rồi,140,same_map_link; same_coord_0m,2025-03-12,2024-11-25,"10.6963753, 106.6108851","10.6963753, 106.6108851",https://maps.app.goo.gl/UEv62Ht1RcfDLLML8,https://maps.app.goo.gl/UEv62Ht1RcfDLLML8
BDS-MASTER-0190,Phú Quang – Phương án bổ sung tiền sử dụng đất (LURF) và chi phí liên quan đến phần đất công trong dự án,BDS-MASTER-0405,được tính bằng cách lấy tổng doanh thu trừ các chi phí vận hành trực tiếp (như chi phí phòng,140,same_map_link; same_coord_0m,2025-03-12,2025-06-29,"10.6963753, 106.6108851","10.6963753, 106.6108851",https://maps.app.goo.gl/UEv62Ht1RcfDLLML8,https://maps.app.goo.gl/UEv62Ht1RcfDLLML8
BDS-MASTER-0193,Võ Văn Kiệt (Gộp 2 Lô) theo chỉ tiêu QH dự kiến điều chỉnh,BDS-MASTER-0195,gộp 2 lô Võ Văn Kiệt theo thay đổi giá bán căn hộ và giá mua dự án,140,same_map_link; same_coord_0m,,,"16.053394, 108.247722","16.053394, 108.247722",https://maps.app.goo.gl/cuqyDKdtbfwW1DAa8,https://maps.app.goo.gl/cuqyDKdtbfwW1DAa8
BDS-MASTER-0193,Võ Văn Kiệt (Gộp 2 Lô) theo chỉ tiêu QH dự kiến điều chỉnh,BDS-MASTER-0212,Holiday Beach tại Đà Nẵng đánh giá nhanh phương án vận hành khách sạn tạm thời trong thời gian ngắn,140,same_map_link; same_coord_0m,,2024-09-14,"16.053394, 108.247722","16.053394, 108.247722",https://maps.app.goo.gl/cuqyDKdtbfwW1DAa8,https://maps.app.goo.gl/cuqyDKdtbfwW1DAa8
BDS-MASTER-0193,Võ Văn Kiệt (Gộp 2 Lô) theo chỉ tiêu QH dự kiến điều chỉnh,BDS-MASTER-0359,chung cư nhiều nhưng số lượng dự án và thị trường thì thấy Đà Nẵng có vẻ sôi động hơn à Nhưng condotel ở Đà Nẵ,140,same_map_link; same_coord_0m,,2024-10-25,"16.053394, 108.247722","16.053394, 108.247722",https://maps.app.goo.gl/cuqyDKdtbfwW1DAa8,https://maps.app.goo.gl/cuqyDKdtbfwW1DAa8
BDS-MASTER-0193,Võ Văn Kiệt (Gộp 2 Lô) theo chỉ tiêu QH dự kiến điều chỉnh,BDS-MASTER-0426,Khu nhà ở công nhân và chuyên gia tại xã Nhơn Trạch của Công ty TNHH Vạn Phúc,140,same_map_link; same_coord_0m,,,"16.053394, 108.247722","16.053394, 108.247722",https://maps.app.goo.gl/cuqyDKdtbfwW1DAa8,https://maps.app.goo.gl/cuqyDKdtbfwW1DAa8
BDS-MASTER-0194,cao tầng với tổng diện tích đất dự án là 10,BDS-MASTER-0395,tiền M&A nên đang bị phẩn bổ khá nhiều thời gian cho phần phân tích các dự án tiền M&A này Begin quote,140,same_map_link; same_coord_0m,2024-09-25,2022-08-22,"10.2276353, 103.9586651","10.2276353, 103.9586651",https://maps.app.goo.gl/K3ASKRs9Sc5yfa9z9,https://maps.app.goo.gl/K3ASKRs9Sc5yfa9z9
BDS-MASTER-0195,gộp 2 lô Võ Văn Kiệt theo thay đổi giá bán căn hộ và giá mua dự án,BDS-MASTER-0212,Holiday Beach tại Đà Nẵng đánh giá nhanh phương án vận hành khách sạn tạm thời trong thời gian ngắn,140,same_map_link; same_coord_0m,,2024-09-14,"16.053394, 108.247722","16.053394, 108.247722",https://maps.app.goo.gl/cuqyDKdtbfwW1DAa8,https://maps.app.goo.gl/cuqyDKdtbfwW1DAa8
BDS-MASTER-0195,gộp 2 lô Võ Văn Kiệt theo thay đổi giá bán căn hộ và giá mua dự án,BDS-MASTER-0359,chung cư nhiều nhưng số lượng dự án và thị trường thì thấy Đà Nẵng có vẻ sôi động hơn à Nhưng condotel ở Đà Nẵ,140,same_map_link; same_coord_0m,,2024-10-25,"16.053394, 108.247722","16.053394, 108.247722",https://maps.app.goo.gl/cuqyDKdtbfwW1DAa8,https://maps.app.goo.gl/cuqyDKdtbfwW1DAa8
BDS-MASTER-0195,gộp 2 lô Võ Văn Kiệt theo thay đổi giá bán căn hộ và giá mua dự án,BDS-MASTER-0426,Khu nhà ở công nhân và chuyên gia tại xã Nhơn Trạch của Công ty TNHH Vạn Phúc,140,same_map_link; same_coord_0m,,,"16.053394, 108.247722","16.053394, 108.247722",https://maps.app.goo.gl/cuqyDKdtbfwW1DAa8,https://maps.app.goo.gl/cuqyDKdtbfwW1DAa8
BDS-MASTER-0196,không đạt hiệu quả ạ Begin quote,BDS-MASTER-0312,không khả thi với bất kỳ giá mua nào Begin quote,140,same_map_link; same_coord_0m,2026-06-11,,"10.652525, 107.083154","10.652525, 107.083154",https://maps.app.goo.gl/efNjqXtJS5uqAid67,https://maps.app.goo.gl/efNjqXtJS5uqAid67
BDS-MASTER-0196,không đạt hiệu quả ạ Begin quote,BDS-MASTER-0365,của Novaland được tháo gỡ liên quan đến Waterbay và Lakeview theo NQ 170 của Quốc Hội Liên quan đến vấn đề giả,140,same_map_link; same_coord_0m,2026-06-11,2025-02-28,"10.652525, 107.083154","10.652525, 107.083154",https://maps.app.goo.gl/efNjqXtJS5uqAid67,https://maps.app.goo.gl/efNjqXtJS5uqAid67
BDS-MASTER-0196,không đạt hiệu quả ạ Begin quote,BDS-MASTER-0367,hiện tại mình đang vận hành để xem thử mình có chi phí nào khác cần bổ sung không à,140,same_map_link; same_coord_0m,2026-06-11,2025-04-08,"10.652525, 107.083154","10.652525, 107.083154",https://maps.app.goo.gl/efNjqXtJS5uqAid67,https://maps.app.goo.gl/efNjqXtJS5uqAid67
BDS-MASTER-0196,không đạt hiệu quả ạ Begin quote,BDS-MASTER-0430,The Bale của Được gửi giá đã giảm mà lại ko lãi hã Begin quote,140,same_map_link; same_coord_0m,2026-06-11,2023-06-01,"10.652525, 107.083154","10.652525, 107.083154",https://maps.app.goo.gl/efNjqXtJS5uqAid67,https://maps.app.goo.gl/efNjqXtJS5uqAid67
BDS-MASTER-0196,không đạt hiệu quả ạ Begin quote,BDS-MASTER-0435,chợ lớn có khi phải điều chỉnh ranh Begin quote,140,same_map_link; same_coord_0m,2026-06-11,2024-11-25,"10.652525, 107.083154","10.652525, 107.083154",https://maps.app.goo.gl/efNjqXtJS5uqAid67,https://maps.app.goo.gl/efNjqXtJS5uqAid67
BDS-MASTER-0199,nhà ở xã hội UBND Đồng Nai mời quan tâm đấu thầu,BDS-MASTER-0207,đạt hiệu quả LNTT/TMĐT ~ >=20% ở khung từ giá bán bình quân chưa VAT đạt từ 75 triệu/m2 trở lên chi phí đầu tư,140,same_map_link; same_coord_0m,2025-03-25,,"10.954820, 106.843332","10.954820, 106.843332",https://maps.app.goo.gl/7yPFeG3okyKbrLCM9,https://maps.app.goo.gl/7yPFeG3okyKbrLCM9
BDS-MASTER-0199,nhà ở xã hội UBND Đồng Nai mời quan tâm đấu thầu,BDS-MASTER-0326,triển khai chi tiết,140,same_map_link; same_coord_0m,2025-03-25,,"10.954820, 106.843332","10.954820, 106.843332",https://maps.app.goo.gl/7yPFeG3okyKbrLCM9,https://maps.app.goo.gl/7yPFeG3okyKbrLCM9
BDS-MASTER-0200,này --- [] Monday,BDS-MASTER-0294,Swanbay 456ha hiện Dic đã chuyển nhượng lại các dự án thành phần cho các chủ đầu tư khác nên có nhiều dự án co,140,same_map_link; same_coord_0m,2023-11-27,2023-06-05,"10.698445, 107.080430","10.698445, 107.080430",https://maps.app.goo.gl/9PHZkvYiuadCm992A,https://maps.app.goo.gl/9PHZkvYiuadCm992A
BDS-MASTER-0200,này --- [] Monday,BDS-MASTER-0351,Phú Quang khoảng 350m + Có 2 mặt tiếp xúc,140,same_map_link; same_coord_0m,2023-11-27,2023-11-27,"10.698445, 107.080430","10.698445, 107.080430",https://maps.app.goo.gl/9PHZkvYiuadCm992A,https://maps.app.goo.gl/9PHZkvYiuadCm992A
BDS-MASTER-0201,này có các vấn đề pháp lý chưa rõ và cần Phòng pháp lý dự án đánh giá chi tiết,BDS-MASTER-0317,này hiện chỉ đóng tiền sử dụng đát trên diện tích đất xây dựng thay vì diện tích đất toàn khu đối với toàn khu,140,same_map_link; same_coord_0m,2025-06-05,2025-03-16,"10.7964935, 106.7288642","10.7964935, 106.7288642",https://maps.app.goo.gl/AoJAreLLvUUHzVVw5,https://maps.app.goo.gl/AoJAreLLvUUHzVVw5
BDS-MASTER-0203,thuộc QH hiện hữu là ô phố I82b (16,BDS-MASTER-0284,Cát Lái từ P,140,same_map_link; same_coord_0m,,,"10.8486272, 106.7188746","10.8486272, 106.7188746",https://maps.app.goo.gl/oHEYY6H9GGykdD9C6,https://maps.app.goo.gl/oHEYY6H9GGykdD9C6
BDS-MASTER-0203,thuộc QH hiện hữu là ô phố I82b (16,BDS-MASTER-0418,Cát Lái,140,same_map_link; same_coord_0m,,,"10.8486272, 106.7188746","10.8486272, 106.7188746",https://maps.app.goo.gl/oHEYY6H9GGykdD9C6,https://maps.app.goo.gl/oHEYY6H9GGykdD9C6
BDS-MASTER-0203,thuộc QH hiện hữu là ô phố I82b (16,BDS-MASTER-0469,sẽ hơi nhiều gốc cạnh sau khi ráp 2 miếng vào,140,same_map_link; same_coord_0m,,,"10.8486272, 106.7188746","10.8486272, 106.7188746",https://maps.app.goo.gl/oHEYY6H9GGykdD9C6,https://maps.app.goo.gl/oHEYY6H9GGykdD9C6
BDS-MASTER-0203,thuộc QH hiện hữu là ô phố I82b (16,BDS-MASTER-0501,thì cách tiếp cận sẽ khác so với các PA ban đầu,140,same_map_link; same_coord_0m,,,"10.8486272, 106.7188746","10.8486272, 106.7188746",https://maps.app.goo.gl/oHEYY6H9GGykdD9C6,https://maps.app.goo.gl/oHEYY6H9GGykdD9C6
BDS-MASTER-0206,được tính tiền sử dụng đất theo phương pháp thặng dự,BDS-MASTER-0315,nhà ở thương mại thông qua thỏa thuận về nhận quyền sử dụng đất hoặc đang có quyền sử dụng đất để thể chế hóa,140,same_map_link; same_coord_0m,2024-10-07,2024-11-22,"11.2642452, 106.6299351","11.2642452, 106.6299351",https://maps.app.goo.gl/s62kTxdTsTQvQHDJ9,https://maps.app.goo.gl/s62kTxdTsTQvQHDJ9
BDS-MASTER-0206,được tính tiền sử dụng đất theo phương pháp thặng dự,BDS-MASTER-0342,Hoàng Cát Center có quy mô 7,140,same_map_link; same_coord_0m,2024-10-07,2024-10-14,"11.2642452, 106.6299351","11.2642452, 106.6299351",https://maps.app.goo.gl/s62kTxdTsTQvQHDJ9,https://maps.app.goo.gl/s62kTxdTsTQvQHDJ9
BDS-MASTER-0207,đạt hiệu quả LNTT/TMĐT ~ >=20% ở khung từ giá bán bình quân chưa VAT đạt từ 75 triệu/m2 trở lên chi phí đầu tư,BDS-MASTER-0326,triển khai chi tiết,140,same_map_link; same_coord_0m,,,"10.954820, 106.843332","10.954820, 106.843332",https://maps.app.goo.gl/7yPFeG3okyKbrLCM9,https://maps.app.goo.gl/7yPFeG3okyKbrLCM9
BDS-MASTER-0211,High và West của LDG (nguồn từ anh Dũng),BDS-MASTER-0241,Bà Kèo theo Quy hoạch 1/500 cũ (100% thấp tầng),140,same_map_link; same_coord_0m,,2026-06-25,"10.8679394, 106.763008","10.8679394, 106.763008",https://maps.app.goo.gl/D8GuCY5LefTH8JVq9,https://maps.app.goo.gl/D8GuCY5LefTH8JVq9
BDS-MASTER-0212,Holiday Beach tại Đà Nẵng đánh giá nhanh phương án vận hành khách sạn tạm thời trong thời gian ngắn,BDS-MASTER-0359,chung cư nhiều nhưng số lượng dự án và thị trường thì thấy Đà Nẵng có vẻ sôi động hơn à Nhưng condotel ở Đà Nẵ,140,same_map_link; same_coord_0m,2024-09-14,2024-10-25,"16.053394, 108.247722","16.053394, 108.247722",https://maps.app.goo.gl/cuqyDKdtbfwW1DAa8,https://maps.app.goo.gl/cuqyDKdtbfwW1DAa8
BDS-MASTER-0212,Holiday Beach tại Đà Nẵng đánh giá nhanh phương án vận hành khách sạn tạm thời trong thời gian ngắn,BDS-MASTER-0426,Khu nhà ở công nhân và chuyên gia tại xã Nhơn Trạch của Công ty TNHH Vạn Phúc,140,same_map_link; same_coord_0m,2024-09-14,,"16.053394, 108.247722","16.053394, 108.247722",https://maps.app.goo.gl/cuqyDKdtbfwW1DAa8,https://maps.app.goo.gl/cuqyDKdtbfwW1DAa8
BDS-MASTER-0213,Hội An Riverside Resort & Spa,BDS-MASTER-0240,Aqua city của Novaland đã được tháo gỡ vướng mắc về pháp lý,140,same_map_link; same_coord_0m,2024-11-15,2024-11-19,"15.8884285, 108.3559502","15.8884285, 108.3559502",https://maps.app.goo.gl/zNrudtbb4kMk2xxv5,https://maps.app.goo.gl/zNrudtbb4kMk2xxv5
BDS-MASTER-0213,Hội An Riverside Resort & Spa,BDS-MASTER-0248,Khu Đô Thị Văn Giang (Red River Villa) tại Hưng Yên,140,same_map_link; same_coord_0m,2024-11-15,,"15.8884285, 108.3559502","15.8884285, 108.3559502",https://maps.app.goo.gl/zNrudtbb4kMk2xxv5,https://maps.app.goo.gl/zNrudtbb4kMk2xxv5
BDS-MASTER-0213,Hội An Riverside Resort & Spa,BDS-MASTER-0272,đạt hiệu quả với giá mua dự án ở khoảng 17 triệu đồng/m2 ~ ngưỡng giá mua dự án 520 tỷ đồng,140,same_map_link; same_coord_0m,2024-11-15,,"15.8884285, 108.3559502","15.8884285, 108.3559502",https://maps.app.goo.gl/zNrudtbb4kMk2xxv5,https://maps.app.goo.gl/zNrudtbb4kMk2xxv5
BDS-MASTER-0213,Hội An Riverside Resort & Spa,BDS-MASTER-0411,ở vị trí khác nên phương án kinh doanh đưa lên không còn chính xác,140,same_map_link; same_coord_0m,2024-11-15,2025-09-23,"15.8884285, 108.3559502","15.8884285, 108.3559502",https://maps.app.goo.gl/zNrudtbb4kMk2xxv5,https://maps.app.goo.gl/zNrudtbb4kMk2xxv5
BDS-MASTER-0213,Hội An Riverside Resort & Spa,BDS-MASTER-0412,12ha đủ lớn để có thể địn hướng triển khai tiện ích cảnh quan,140,same_map_link; same_coord_0m,2024-11-15,,"15.8884285, 108.3559502","15.8884285, 108.3559502",https://maps.app.goo.gl/zNrudtbb4kMk2xxv5,https://maps.app.goo.gl/zNrudtbb4kMk2xxv5
BDS-MASTER-0215,Khu chung Cư và văn phòng An PHú Quy hoạch chỉ tiết 1/500 đã được phê duyệt có 3 khu chức năng chính,BDS-MASTER-0253,The Bale của Được gửi giá đã giảm mà lại ko lãi hã Dự án Bale này giá có giảm nhưng pháp lý trước đây họ cam k,140,same_map_link; same_coord_0m,2026-03-24,2023-06-01,"10.787164, 106.730618","10.787164, 106.730618",https://maps.app.goo.gl/NT8XaQJv76yrgG946,https://maps.app.goo.gl/NT8XaQJv76yrgG946
BDS-MASTER-0215,Khu chung Cư và văn phòng An PHú Quy hoạch chỉ tiết 1/500 đã được phê duyệt có 3 khu chức năng chính,BDS-MASTER-0390,quy mô trên 1000 ha trước khi Nova bị mất thanh khoản định xúc tiến ở Bà Rịa,140,same_map_link; same_coord_0m,2026-03-24,2024-12-16,"10.787164, 106.730618","10.787164, 106.730618",https://maps.app.goo.gl/NT8XaQJv76yrgG946,https://maps.app.goo.gl/NT8XaQJv76yrgG946
BDS-MASTER-0217,Khu gia đình quân nhân quân chủng PK-KQ (8,BDS-MASTER-0333,ạ! Về phần diện tích đất cũng same same với nh,140,same_map_link; same_coord_0m,,2023-06-07,"10.958864, 106.824125","10.958864, 106.824125",https://maps.app.goo.gl/ET75kfpwVX837fEE6; https://maps.app.goo.gl/47PLkeuNfzKvw38w8; https://maps.app.goo.gl/RXcEPNYx6EwAbDxF9,https://maps.app.goo.gl/ET75kfpwVX837fEE6; https://maps.app.goo.gl/47PLkeuNfzKvw38w8; https://maps.app.goo.gl/RXcEPNYx6EwAbDxF9
BDS-MASTER-0218,Masteri An Phú - Masteri Thảo Điền - The Vista tăng 40-50% giá trị chỉ trong 3 tháng ) 🎉 Nếu lấy sàn thứ 2 (70,BDS-MASTER-0225,căn hộ Đức Long Western Park Dự án Đức Long Western Park tại quận Bình Tân,140,same_map_link; same_coord_0m,2025-10-11,2025-04-03,"10.696269, 106.613762","10.696269, 106.613762",https://goo.gl/maps/XXMLm2Ebm5FEFwig7,https://goo.gl/maps/XXMLm2Ebm5FEFwig7
BDS-MASTER-0218,Masteri An Phú - Masteri Thảo Điền - The Vista tăng 40-50% giá trị chỉ trong 3 tháng ) 🎉 Nếu lấy sàn thứ 2 (70,BDS-MASTER-0255,chỉ mới trong giai đoạn pháp lý đền bù GPMB thì được xem là quỹ đất và được định giá lại theo phương thức giá,140,same_map_link; same_coord_0m,2025-10-11,2025-05-06,"10.696269, 106.613762","10.696269, 106.613762",https://goo.gl/maps/XXMLm2Ebm5FEFwig7,https://goo.gl/maps/XXMLm2Ebm5FEFwig7
BDS-MASTER-0220,Richland Quận 9,BDS-MASTER-0232,trên có diện tích hơn 77ha,140,same_map_link; same_coord_0m,2026-07-02,2025-08-13,"10.970034, 106.715651","10.970034, 106.715651",https://maps.app.goo.gl/t178LDzcrFtjxgEz9,https://maps.app.goo.gl/t178LDzcrFtjxgEz9
BDS-MASTER-0220,Richland Quận 9,BDS-MASTER-0245,Hải Nhân,140,same_map_link; same_coord_0m,2026-07-02,,"10.970034, 106.715651","10.970034, 106.715651",https://maps.app.goo.gl/t178LDzcrFtjxgEz9,https://maps.app.goo.gl/t178LDzcrFtjxgEz9
BDS-MASTER-0220,Richland Quận 9,BDS-MASTER-0252,Sông Đà - Quốc Cường Gia Lai (Nguồn từ Mr Tiến R&D) có giá chào 6,140,same_map_link; same_coord_0m,2026-07-02,,"10.970034, 106.715651","10.970034, 106.715651",https://maps.app.goo.gl/t178LDzcrFtjxgEz9,https://maps.app.goo.gl/t178LDzcrFtjxgEz9
BDS-MASTER-0220,Richland Quận 9,BDS-MASTER-0257,do mình có điều chỉnh qh 1/500,140,same_map_link; same_coord_0m,2026-07-02,2023-09-25,"10.970034, 106.715651","10.970034, 106.715651",https://maps.app.goo.gl/t178LDzcrFtjxgEz9,https://maps.app.goo.gl/t178LDzcrFtjxgEz9
BDS-MASTER-0220,Richland Quận 9,BDS-MASTER-0288,KS 25 Trần Phú sẽ đi theo PA 5 tầng nổi + 1 tầng hầm,140,same_map_link; same_coord_0m,2026-07-02,2025-04-28,"10.970034, 106.715651","10.970034, 106.715651",https://maps.app.goo.gl/t178LDzcrFtjxgEz9,https://maps.app.goo.gl/t178LDzcrFtjxgEz9
BDS-MASTER-0220,Richland Quận 9,BDS-MASTER-0297,Với phương án của mình trước là làm phân kh,140,same_map_link; same_coord_0m,2026-07-02,2023-09-25,"10.970034, 106.715651","10.970034, 106.715651",https://maps.app.goo.gl/t178LDzcrFtjxgEz9,https://maps.app.goo.gl/t178LDzcrFtjxgEz9
BDS-MASTER-0220,Richland Quận 9,BDS-MASTER-0327,triển khai chưa mng Team đã trao đổi với A Sơn Trợ lý để lên list các dự án này à,140,same_map_link; same_coord_0m,2026-07-02,2023-10-15,"10.970034, 106.715651","10.970034, 106.715651",https://maps.app.goo.gl/t178LDzcrFtjxgEz9,https://maps.app.goo.gl/t178LDzcrFtjxgEz9
BDS-MASTER-0220,Richland Quận 9,BDS-MASTER-0360,chưa bàn giao nên chưa dc vào ở à,140,same_map_link; same_coord_0m,2026-07-02,2025-04-11,"10.970034, 106.715651","10.970034, 106.715651",https://maps.app.goo.gl/t178LDzcrFtjxgEz9,https://maps.app.goo.gl/t178LDzcrFtjxgEz9
BDS-MASTER-0220,Richland Quận 9,BDS-MASTER-0363,có giá vốn đất thấp trong khi hệ số cao (trên 11 chấm),140,same_map_link; same_coord_0m,2026-07-02,,"10.970034, 106.715651","10.970034, 106.715651",https://maps.app.goo.gl/t178LDzcrFtjxgEz9,https://maps.app.goo.gl/t178LDzcrFtjxgEz9
BDS-MASTER-0220,Richland Quận 9,BDS-MASTER-0396,trên có diện tích,140,same_map_link; same_coord_0m,2026-07-02,2025-08-13,"10.970034, 106.715651","10.970034, 106.715651",https://maps.app.goo.gl/t178LDzcrFtjxgEz9,https://maps.app.goo.gl/t178LDzcrFtjxgEz9
BDS-MASTER-0220,Richland Quận 9,BDS-MASTER-0423,HAI NHAN,140,same_map_link; same_coord_0m,2026-07-02,,"10.970034, 106.715651","10.970034, 106.715651",https://maps.app.goo.gl/t178LDzcrFtjxgEz9,https://maps.app.goo.gl/t178LDzcrFtjxgEz9
BDS-MASTER-0220,Richland Quận 9,BDS-MASTER-0493,Parklane P,140,same_map_link; same_coord_0m,2026-07-02,,"10.970034, 106.715651","10.970034, 106.715651",https://maps.app.goo.gl/t178LDzcrFtjxgEz9,https://maps.app.goo.gl/t178LDzcrFtjxgEz9
BDS-MASTER-0220,Richland Quận 9,BDS-MASTER-0502,thì họ sẽ làm như thế nào Huy M - IM Rồi anh tính phương án thử by Admin 01,140,same_map_link; same_coord_0m,2026-07-02,,"10.970034, 106.715651","10.970034, 106.715651",https://maps.app.goo.gl/t178LDzcrFtjxgEz9,https://maps.app.goo.gl/t178LDzcrFtjxgEz9
BDS-MASTER-0220,Richland Quận 9,BDS-MASTER-0503,đã được đưa vào danh sách thí điểm 171 Số thự tự 41,140,same_map_link; same_coord_0m,2026-07-02,,"10.970034, 106.715651","10.970034, 106.715651",https://maps.app.goo.gl/t178LDzcrFtjxgEz9,https://maps.app.goo.gl/t178LDzcrFtjxgEz9
BDS-MASTER-0222,chưa phê duyệt quyết định/ chấp thuận chủ trương đầu tư,BDS-MASTER-0254,chung cư Việt An,140,same_map_link; same_coord_0m,2024-12-06,2024-12-06,"10.9466553, 106.7451751","10.9466553, 106.7451751",https://maps.app.goo.gl/uKe9j2z7xKHjdR8A7,https://maps.app.goo.gl/uKe9j2z7xKHjdR8A7
BDS-MASTER-0222,chưa phê duyệt quyết định/ chấp thuận chủ trương đầu tư,BDS-MASTER-0290,Nguyễn Thiện Thuật và Đoàn Trần Nghiệp - Nha Trang,140,same_map_link; same_coord_0m,2024-12-06,2025-05-13,"10.9466553, 106.7451751","10.9466553, 106.7451751",https://maps.app.goo.gl/uKe9j2z7xKHjdR8A7,https://maps.app.goo.gl/uKe9j2z7xKHjdR8A7
BDS-MASTER-0222,chưa phê duyệt quyết định/ chấp thuận chủ trương đầu tư,BDS-MASTER-0300,cao tầng với,140,same_map_link; same_coord_0m,2024-12-06,2024-12-11,"10.9466553, 106.7451751","10.9466553, 106.7451751",https://maps.app.goo.gl/uKe9j2z7xKHjdR8A7,https://maps.app.goo.gl/uKe9j2z7xKHjdR8A7
BDS-MASTER-0222,chưa phê duyệt quyết định/ chấp thuận chủ trương đầu tư,BDS-MASTER-0320,phân lô ( ko xây nhà) nào đang rẻ nhất 1 Like reaction,140,same_map_link; same_coord_0m,2024-12-06,2023-06-22,"10.9466553, 106.7451751","10.9466553, 106.7451751",https://maps.app.goo.gl/uKe9j2z7xKHjdR8A7,https://maps.app.goo.gl/uKe9j2z7xKHjdR8A7
BDS-MASTER-0222,chưa phê duyệt quyết định/ chấp thuận chủ trương đầu tư,BDS-MASTER-0429,Phượng Hoàng theo Chính sá… Vậy chốt PkD phương án này đi Ok Sếp,140,same_map_link; same_coord_0m,2024-12-06,2025-09-10,"10.9466553, 106.7451751","10.9466553, 106.7451751",https://maps.app.goo.gl/uKe9j2z7xKHjdR8A7,https://maps.app.goo.gl/uKe9j2z7xKHjdR8A7
BDS-MASTER-0225,căn hộ Đức Long Western Park Dự án Đức Long Western Park tại quận Bình Tân,BDS-MASTER-0255,chỉ mới trong giai đoạn pháp lý đền bù GPMB thì được xem là quỹ đất và được định giá lại theo phương thức giá,140,same_map_link; same_coord_0m,2025-04-03,2025-05-06,"10.696269, 106.613762","10.696269, 106.613762",https://goo.gl/maps/XXMLm2Ebm5FEFwig7,https://goo.gl/maps/XXMLm2Ebm5FEFwig7
BDS-MASTER-0229,là tính khả thi của công tác giải phóng mặt bằng khi diện tích nhà dân nằm xen cài nhiều trong ranh đất dự án,BDS-MASTER-0247,Khu Công Nghiệp Và Khu Phi Thuế Quan Xuân Cầu tại Khu Cảng Cửa Ngõ Quốc Tế Lạch Huyện,140,same_map_link; same_coord_0m,2023-06-23,2024-01-09,"20.8226239, 106.8725158","20.8226239, 106.8725158",https://maps.app.goo.gl/uLPtqwAnwnevw4zz7,https://maps.app.goo.gl/uLPtqwAnwnevw4zz7
BDS-MASTER-0229,là tính khả thi của công tác giải phóng mặt bằng khi diện tích nhà dân nằm xen cài nhiều trong ranh đất dự án,BDS-MASTER-0302,cảng tổng hợp và container Cái Mép Hạ được đề xuất đầu tư với tổng vốn 50,140,same_map_link; same_coord_0m,2023-06-23,2024-06-03,"20.8226239, 106.8725158","20.8226239, 106.8725158",https://maps.app.goo.gl/uLPtqwAnwnevw4zz7,https://maps.app.goo.gl/uLPtqwAnwnevw4zz7
BDS-MASTER-0229,là tính khả thi của công tác giải phóng mặt bằng khi diện tích nhà dân nằm xen cài nhiều trong ranh đất dự án,BDS-MASTER-0380,này là mình vào xây dựng được liền Nó đã bán hơn 200 nền,140,same_map_link; same_coord_0m,2023-06-23,2025-04-11,"20.8226239, 106.8725158","20.8226239, 106.8725158",https://maps.app.goo.gl/uLPtqwAnwnevw4zz7,https://maps.app.goo.gl/uLPtqwAnwnevw4zz7
BDS-MASTER-0232,trên có diện tích hơn 77ha,BDS-MASTER-0245,Hải Nhân,140,same_map_link; same_coord_0m,2025-08-13,,"10.970034, 106.715651","10.970034, 106.715651",https://maps.app.goo.gl/t178LDzcrFtjxgEz9,https://maps.app.goo.gl/t178LDzcrFtjxgEz9
BDS-MASTER-0232,trên có diện tích hơn 77ha,BDS-MASTER-0252,Sông Đà - Quốc Cường Gia Lai (Nguồn từ Mr Tiến R&D) có giá chào 6,140,same_map_link; same_coord_0m,2025-08-13,,"10.970034, 106.715651","10.970034, 106.715651",https://maps.app.goo.gl/t178LDzcrFtjxgEz9,https://maps.app.goo.gl/t178LDzcrFtjxgEz9
BDS-MASTER-0232,trên có diện tích hơn 77ha,BDS-MASTER-0257,do mình có điều chỉnh qh 1/500,140,same_map_link; same_coord_0m,2025-08-13,2023-09-25,"10.970034, 106.715651","10.970034, 106.715651",https://maps.app.goo.gl/t178LDzcrFtjxgEz9,https://maps.app.goo.gl/t178LDzcrFtjxgEz9
BDS-MASTER-0232,trên có diện tích hơn 77ha,BDS-MASTER-0288,KS 25 Trần Phú sẽ đi theo PA 5 tầng nổi + 1 tầng hầm,140,same_map_link; same_coord_0m,2025-08-13,2025-04-28,"10.970034, 106.715651","10.970034, 106.715651",https://maps.app.goo.gl/t178LDzcrFtjxgEz9,https://maps.app.goo.gl/t178LDzcrFtjxgEz9
BDS-MASTER-0232,trên có diện tích hơn 77ha,BDS-MASTER-0297,Với phương án của mình trước là làm phân kh,140,same_map_link; same_coord_0m,2025-08-13,2023-09-25,"10.970034, 106.715651","10.970034, 106.715651",https://maps.app.goo.gl/t178LDzcrFtjxgEz9,https://maps.app.goo.gl/t178LDzcrFtjxgEz9
BDS-MASTER-0232,trên có diện tích hơn 77ha,BDS-MASTER-0327,triển khai chưa mng Team đã trao đổi với A Sơn Trợ lý để lên list các dự án này à,140,same_map_link; same_coord_0m,2025-08-13,2023-10-15,"10.970034, 106.715651","10.970034, 106.715651",https://maps.app.goo.gl/t178LDzcrFtjxgEz9,https://maps.app.goo.gl/t178LDzcrFtjxgEz9
BDS-MASTER-0232,trên có diện tích hơn 77ha,BDS-MASTER-0360,chưa bàn giao nên chưa dc vào ở à,140,same_map_link; same_coord_0m,2025-08-13,2025-04-11,"10.970034, 106.715651","10.970034, 106.715651",https://maps.app.goo.gl/t178LDzcrFtjxgEz9,https://maps.app.goo.gl/t178LDzcrFtjxgEz9
BDS-MASTER-0232,trên có diện tích hơn 77ha,BDS-MASTER-0363,có giá vốn đất thấp trong khi hệ số cao (trên 11 chấm),140,same_map_link; same_coord_0m,2025-08-13,,"10.970034, 106.715651","10.970034, 106.715651",https://maps.app.goo.gl/t178LDzcrFtjxgEz9,https://maps.app.goo.gl/t178LDzcrFtjxgEz9
BDS-MASTER-0232,trên có diện tích hơn 77ha,BDS-MASTER-0396,trên có diện tích,140,same_map_link; same_coord_0m,2025-08-13,2025-08-13,"10.970034, 106.715651","10.970034, 106.715651",https://maps.app.goo.gl/t178LDzcrFtjxgEz9,https://maps.app.goo.gl/t178LDzcrFtjxgEz9
BDS-MASTER-0232,trên có diện tích hơn 77ha,BDS-MASTER-0423,HAI NHAN,140,same_map_link; same_coord_0m,2025-08-13,,"10.970034, 106.715651","10.970034, 106.715651",https://maps.app.goo.gl/t178LDzcrFtjxgEz9,https://maps.app.goo.gl/t178LDzcrFtjxgEz9
BDS-MASTER-0232,trên có diện tích hơn 77ha,BDS-MASTER-0493,Parklane P,140,same_map_link; same_coord_0m,2025-08-13,,"10.970034, 106.715651","10.970034, 106.715651",https://maps.app.goo.gl/t178LDzcrFtjxgEz9,https://maps.app.goo.gl/t178LDzcrFtjxgEz9
BDS-MASTER-0232,trên có diện tích hơn 77ha,BDS-MASTER-0502,thì họ sẽ làm như thế nào Huy M - IM Rồi anh tính phương án thử by Admin 01,140,same_map_link; same_coord_0m,2025-08-13,,"10.970034, 106.715651","10.970034, 106.715651",https://maps.app.goo.gl/t178LDzcrFtjxgEz9,https://maps.app.goo.gl/t178LDzcrFtjxgEz9
BDS-MASTER-0232,trên có diện tích hơn 77ha,BDS-MASTER-0503,đã được đưa vào danh sách thí điểm 171 Số thự tự 41,140,same_map_link; same_coord_0m,2025-08-13,,"10.970034, 106.715651","10.970034, 106.715651",https://maps.app.goo.gl/t178LDzcrFtjxgEz9,https://maps.app.goo.gl/t178LDzcrFtjxgEz9
BDS-MASTER-0237,1 - Lợi nhuận trước thuế/TMĐT 22,BDS-MASTER-0313,là 300 tỷ - Độ nhạy Lợi nhuận trước thuế / Tổng mức đầu tư của dự án với 2 biến số,140,same_map_link; same_coord_0m,2024-09-18,,"10.727928, 106.742496","10.727928, 106.742496",https://maps.app.goo.gl/GdiSL1z7fBFtk3tr8,https://maps.app.goo.gl/GdiSL1z7fBFtk3tr8
BDS-MASTER-0240,Aqua city của Novaland đã được tháo gỡ vướng mắc về pháp lý,BDS-MASTER-0248,Khu Đô Thị Văn Giang (Red River Villa) tại Hưng Yên,140,same_map_link; same_coord_0m,2024-11-19,,"15.8884285, 108.3559502","15.8884285, 108.3559502",https://maps.app.goo.gl/zNrudtbb4kMk2xxv5,https://maps.app.goo.gl/zNrudtbb4kMk2xxv5
BDS-MASTER-0240,Aqua city của Novaland đã được tháo gỡ vướng mắc về pháp lý,BDS-MASTER-0272,đạt hiệu quả với giá mua dự án ở khoảng 17 triệu đồng/m2 ~ ngưỡng giá mua dự án 520 tỷ đồng,140,same_map_link; same_coord_0m,2024-11-19,,"15.8884285, 108.3559502","15.8884285, 108.3559502",https://maps.app.goo.gl/zNrudtbb4kMk2xxv5,https://maps.app.goo.gl/zNrudtbb4kMk2xxv5
BDS-MASTER-0240,Aqua city của Novaland đã được tháo gỡ vướng mắc về pháp lý,BDS-MASTER-0411,ở vị trí khác nên phương án kinh doanh đưa lên không còn chính xác,140,same_map_link; same_coord_0m,2024-11-19,2025-09-23,"15.8884285, 108.3559502","15.8884285, 108.3559502",https://maps.app.goo.gl/zNrudtbb4kMk2xxv5,https://maps.app.goo.gl/zNrudtbb4kMk2xxv5
BDS-MASTER-0240,Aqua city của Novaland đã được tháo gỡ vướng mắc về pháp lý,BDS-MASTER-0412,12ha đủ lớn để có thể địn hướng triển khai tiện ích cảnh quan,140,same_map_link; same_coord_0m,2024-11-19,,"15.8884285, 108.3559502","15.8884285, 108.3559502",https://maps.app.goo.gl/zNrudtbb4kMk2xxv5,https://maps.app.goo.gl/zNrudtbb4kMk2xxv5
BDS-MASTER-0245,Hải Nhân,BDS-MASTER-0252,Sông Đà - Quốc Cường Gia Lai (Nguồn từ Mr Tiến R&D) có giá chào 6,140,same_map_link; same_coord_0m,,,"10.970034, 106.715651","10.970034, 106.715651",https://maps.app.goo.gl/t178LDzcrFtjxgEz9,https://maps.app.goo.gl/t178LDzcrFtjxgEz9
BDS-MASTER-0245,Hải Nhân,BDS-MASTER-0257,do mình có điều chỉnh qh 1/500,140,same_map_link; same_coord_0m,,2023-09-25,"10.970034, 106.715651","10.970034, 106.715651",https://maps.app.goo.gl/t178LDzcrFtjxgEz9,https://maps.app.goo.gl/t178LDzcrFtjxgEz9
BDS-MASTER-0245,Hải Nhân,BDS-MASTER-0288,KS 25 Trần Phú sẽ đi theo PA 5 tầng nổi + 1 tầng hầm,140,same_map_link; same_coord_0m,,2025-04-28,"10.970034, 106.715651","10.970034, 106.715651",https://maps.app.goo.gl/t178LDzcrFtjxgEz9,https://maps.app.goo.gl/t178LDzcrFtjxgEz9
BDS-MASTER-0245,Hải Nhân,BDS-MASTER-0297,Với phương án của mình trước là làm phân kh,140,same_map_link; same_coord_0m,,2023-09-25,"10.970034, 106.715651","10.970034, 106.715651",https://maps.app.goo.gl/t178LDzcrFtjxgEz9,https://maps.app.goo.gl/t178LDzcrFtjxgEz9
BDS-MASTER-0245,Hải Nhân,BDS-MASTER-0327,triển khai chưa mng Team đã trao đổi với A Sơn Trợ lý để lên list các dự án này à,140,same_map_link; same_coord_0m,,2023-10-15,"10.970034, 106.715651","10.970034, 106.715651",https://maps.app.goo.gl/t178LDzcrFtjxgEz9,https://maps.app.goo.gl/t178LDzcrFtjxgEz9
BDS-MASTER-0245,Hải Nhân,BDS-MASTER-0360,chưa bàn giao nên chưa dc vào ở à,140,same_map_link; same_coord_0m,,2025-04-11,"10.970034, 106.715651","10.970034, 106.715651",https://maps.app.goo.gl/t178LDzcrFtjxgEz9,https://maps.app.goo.gl/t178LDzcrFtjxgEz9
BDS-MASTER-0245,Hải Nhân,BDS-MASTER-0363,có giá vốn đất thấp trong khi hệ số cao (trên 11 chấm),140,same_map_link; same_coord_0m,,,"10.970034, 106.715651","10.970034, 106.715651",https://maps.app.goo.gl/t178LDzcrFtjxgEz9,https://maps.app.goo.gl/t178LDzcrFtjxgEz9
BDS-MASTER-0245,Hải Nhân,BDS-MASTER-0396,trên có diện tích,140,same_map_link; same_coord_0m,,2025-08-13,"10.970034, 106.715651","10.970034, 106.715651",https://maps.app.goo.gl/t178LDzcrFtjxgEz9,https://maps.app.goo.gl/t178LDzcrFtjxgEz9
BDS-MASTER-0245,Hải Nhân,BDS-MASTER-0493,Parklane P,140,same_map_link; same_coord_0m,,,"10.970034, 106.715651","10.970034, 106.715651",https://maps.app.goo.gl/t178LDzcrFtjxgEz9,https://maps.app.goo.gl/t178LDzcrFtjxgEz9
BDS-MASTER-0245,Hải Nhân,BDS-MASTER-0502,thì họ sẽ làm như thế nào Huy M - IM Rồi anh tính phương án thử by Admin 01,140,same_map_link; same_coord_0m,,,"10.970034, 106.715651","10.970034, 106.715651",https://maps.app.goo.gl/t178LDzcrFtjxgEz9,https://maps.app.goo.gl/t178LDzcrFtjxgEz9
BDS-MASTER-0245,Hải Nhân,BDS-MASTER-0503,đã được đưa vào danh sách thí điểm 171 Số thự tự 41,140,same_map_link; same_coord_0m,,,"10.970034, 106.715651","10.970034, 106.715651",https://maps.app.goo.gl/t178LDzcrFtjxgEz9,https://maps.app.goo.gl/t178LDzcrFtjxgEz9
BDS-MASTER-0246,KDC,BDS-MASTER-0278,50ha ở Vĩnh Yên,140,same_map_link; same_coord_0m,2022-08-22,2024-12-16,"21.250395, 105.5350413","21.250395, 105.5350413",https://goo.gl/maps/eqfdgJBc7XT7VhAW8,https://goo.gl/maps/eqfdgJBc7XT7VhAW8
BDS-MASTER-0246,KDC,BDS-MASTER-0341,HLW - Merryaland 1,140,same_map_link; same_coord_0m,2022-08-22,2022-08-23,"21.250395, 105.5350413","21.250395, 105.5350413",https://goo.gl/maps/eqfdgJBc7XT7VhAW8,https://goo.gl/maps/eqfdgJBc7XT7VhAW8
BDS-MASTER-0246,KDC,BDS-MASTER-0399,Đà Nẵng,140,same_map_link; same_coord_0m,2022-08-22,2022-09-12,"21.250395, 105.5350413","21.250395, 105.5350413",https://goo.gl/maps/eqfdgJBc7XT7VhAW8,https://goo.gl/maps/eqfdgJBc7XT7VhAW8
BDS-MASTER-0247,Khu Công Nghiệp Và Khu Phi Thuế Quan Xuân Cầu tại Khu Cảng Cửa Ngõ Quốc Tế Lạch Huyện,BDS-MASTER-0302,cảng tổng hợp và container Cái Mép Hạ được đề xuất đầu tư với tổng vốn 50,140,same_map_link; same_coord_0m,2024-01-09,2024-06-03,"20.8226239, 106.8725158","20.8226239, 106.8725158",https://maps.app.goo.gl/uLPtqwAnwnevw4zz7,https://maps.app.goo.gl/uLPtqwAnwnevw4zz7
BDS-MASTER-0247,Khu Công Nghiệp Và Khu Phi Thuế Quan Xuân Cầu tại Khu Cảng Cửa Ngõ Quốc Tế Lạch Huyện,BDS-MASTER-0380,này là mình vào xây dựng được liền Nó đã bán hơn 200 nền,140,same_map_link; same_coord_0m,2024-01-09,2025-04-11,"20.8226239, 106.8725158","20.8226239, 106.8725158",https://maps.app.goo.gl/uLPtqwAnwnevw4zz7,https://maps.app.goo.gl/uLPtqwAnwnevw4zz7
BDS-MASTER-0248,Khu Đô Thị Văn Giang (Red River Villa) tại Hưng Yên,BDS-MASTER-0272,đạt hiệu quả với giá mua dự án ở khoảng 17 triệu đồng/m2 ~ ngưỡng giá mua dự án 520 tỷ đồng,140,same_map_link; same_coord_0m,,,"15.8884285, 108.3559502","15.8884285, 108.3559502",https://maps.app.goo.gl/zNrudtbb4kMk2xxv5,https://maps.app.goo.gl/zNrudtbb4kMk2xxv5
BDS-MASTER-0248,Khu Đô Thị Văn Giang (Red River Villa) tại Hưng Yên,BDS-MASTER-0411,ở vị trí khác nên phương án kinh doanh đưa lên không còn chính xác,140,same_map_link; same_coord_0m,,2025-09-23,"15.8884285, 108.3559502","15.8884285, 108.3559502",https://maps.app.goo.gl/zNrudtbb4kMk2xxv5,https://maps.app.goo.gl/zNrudtbb4kMk2xxv5
BDS-MASTER-0248,Khu Đô Thị Văn Giang (Red River Villa) tại Hưng Yên,BDS-MASTER-0412,12ha đủ lớn để có thể địn hướng triển khai tiện ích cảnh quan,140,same_map_link; same_coord_0m,,,"15.8884285, 108.3559502","15.8884285, 108.3559502",https://maps.app.goo.gl/zNrudtbb4kMk2xxv5,https://maps.app.goo.gl/zNrudtbb4kMk2xxv5
BDS-MASTER-0249,NOXH sẽ giúp tạo thương hiệu tích cực cho công ty trên thị trường,BDS-MASTER-0269,tuy nhiên,140,same_map_link; same_coord_0m,,2023-12-18,"10.840677, 106.719716","10.840677, 106.719716",https://maps.app.goo.gl/ioqJ9N2mKRyMdiAe6,https://maps.app.goo.gl/ioqJ9N2mKRyMdiAe6
BDS-MASTER-0249,NOXH sẽ giúp tạo thương hiệu tích cực cho công ty trên thị trường,BDS-MASTER-0378,nào mà đóng tssđ hàng năm nó cứ tăng hàng năm nữa,140,same_map_link; same_coord_0m,,2023-08-11,"10.840677, 106.719716","10.840677, 106.719716",https://maps.app.goo.gl/ioqJ9N2mKRyMdiAe6,https://maps.app.goo.gl/ioqJ9N2mKRyMdiAe6
BDS-MASTER-0249,NOXH sẽ giúp tạo thương hiệu tích cực cho công ty trên thị trường,BDS-MASTER-0394,thì khả năng cao dự án không phải nộp thêm ạ,140,same_map_link; same_coord_0m,,,"10.840677, 106.719716","10.840677, 106.719716",https://maps.app.goo.gl/ioqJ9N2mKRyMdiAe6,https://maps.app.goo.gl/ioqJ9N2mKRyMdiAe6
BDS-MASTER-0249,NOXH sẽ giúp tạo thương hiệu tích cực cho công ty trên thị trường,BDS-MASTER-0420,Gladia heights dự kiến triển khai trong 2026 này,140,same_map_link; same_coord_0m,,,"10.840677, 106.719716","10.840677, 106.719716",https://maps.app.goo.gl/ioqJ9N2mKRyMdiAe6,https://maps.app.goo.gl/ioqJ9N2mKRyMdiAe6
BDS-MASTER-0249,NOXH sẽ giúp tạo thương hiệu tích cực cho công ty trên thị trường,BDS-MASTER-0471,thông qua đấu thầu nên khả năng cao chỉ thực hiện được chuyển nhượng thông qua hình thức mua cổ phần nên,140,same_map_link; same_coord_0m,,2025-06-26,"10.840677, 106.719716","10.840677, 106.719716",https://maps.app.goo.gl/ioqJ9N2mKRyMdiAe6,https://maps.app.goo.gl/ioqJ9N2mKRyMdiAe6
BDS-MASTER-0252,Sông Đà - Quốc Cường Gia Lai (Nguồn từ Mr Tiến R&D) có giá chào 6,BDS-MASTER-0257,do mình có điều chỉnh qh 1/500,140,same_map_link; same_coord_0m,,2023-09-25,"10.970034, 106.715651","10.970034, 106.715651",https://maps.app.goo.gl/t178LDzcrFtjxgEz9,https://maps.app.goo.gl/t178LDzcrFtjxgEz9
BDS-MASTER-0252,Sông Đà - Quốc Cường Gia Lai (Nguồn từ Mr Tiến R&D) có giá chào 6,BDS-MASTER-0288,KS 25 Trần Phú sẽ đi theo PA 5 tầng nổi + 1 tầng hầm,140,same_map_link; same_coord_0m,,2025-04-28,"10.970034, 106.715651","10.970034, 106.715651",https://maps.app.goo.gl/t178LDzcrFtjxgEz9,https://maps.app.goo.gl/t178LDzcrFtjxgEz9
BDS-MASTER-0252,Sông Đà - Quốc Cường Gia Lai (Nguồn từ Mr Tiến R&D) có giá chào 6,BDS-MASTER-0297,Với phương án của mình trước là làm phân kh,140,same_map_link; same_coord_0m,,2023-09-25,"10.970034, 106.715651","10.970034, 106.715651",https://maps.app.goo.gl/t178LDzcrFtjxgEz9,https://maps.app.goo.gl/t178LDzcrFtjxgEz9
BDS-MASTER-0252,Sông Đà - Quốc Cường Gia Lai (Nguồn từ Mr Tiến R&D) có giá chào 6,BDS-MASTER-0327,triển khai chưa mng Team đã trao đổi với A Sơn Trợ lý để lên list các dự án này à,140,same_map_link; same_coord_0m,,2023-10-15,"10.970034, 106.715651","10.970034, 106.715651",https://maps.app.goo.gl/t178LDzcrFtjxgEz9,https://maps.app.goo.gl/t178LDzcrFtjxgEz9
BDS-MASTER-0252,Sông Đà - Quốc Cường Gia Lai (Nguồn từ Mr Tiến R&D) có giá chào 6,BDS-MASTER-0360,chưa bàn giao nên chưa dc vào ở à,140,same_map_link; same_coord_0m,,2025-04-11,"10.970034, 106.715651","10.970034, 106.715651",https://maps.app.goo.gl/t178LDzcrFtjxgEz9,https://maps.app.goo.gl/t178LDzcrFtjxgEz9
BDS-MASTER-0252,Sông Đà - Quốc Cường Gia Lai (Nguồn từ Mr Tiến R&D) có giá chào 6,BDS-MASTER-0363,có giá vốn đất thấp trong khi hệ số cao (trên 11 chấm),140,same_map_link; same_coord_0m,,,"10.970034, 106.715651","10.970034, 106.715651",https://maps.app.goo.gl/t178LDzcrFtjxgEz9,https://maps.app.goo.gl/t178LDzcrFtjxgEz9
BDS-MASTER-0252,Sông Đà - Quốc Cường Gia Lai (Nguồn từ Mr Tiến R&D) có giá chào 6,BDS-MASTER-0396,trên có diện tích,140,same_map_link; same_coord_0m,,2025-08-13,"10.970034, 106.715651","10.970034, 106.715651",https://maps.app.goo.gl/t178LDzcrFtjxgEz9,https://maps.app.goo.gl/t178LDzcrFtjxgEz9
BDS-MASTER-0252,Sông Đà - Quốc Cường Gia Lai (Nguồn từ Mr Tiến R&D) có giá chào 6,BDS-MASTER-0423,HAI NHAN,140,same_map_link; same_coord_0m,,,"10.970034, 106.715651","10.970034, 106.715651",https://maps.app.goo.gl/t178LDzcrFtjxgEz9,https://maps.app.goo.gl/t178LDzcrFtjxgEz9
BDS-MASTER-0252,Sông Đà - Quốc Cường Gia Lai (Nguồn từ Mr Tiến R&D) có giá chào 6,BDS-MASTER-0493,Parklane P,140,same_map_link; same_coord_0m,,,"10.970034, 106.715651","10.970034, 106.715651",https://maps.app.goo.gl/t178LDzcrFtjxgEz9,https://maps.app.goo.gl/t178LDzcrFtjxgEz9
BDS-MASTER-0252,Sông Đà - Quốc Cường Gia Lai (Nguồn từ Mr Tiến R&D) có giá chào 6,BDS-MASTER-0502,thì họ sẽ làm như thế nào Huy M - IM Rồi anh tính phương án thử by Admin 01,140,same_map_link; same_coord_0m,,,"10.970034, 106.715651","10.970034, 106.715651",https://maps.app.goo.gl/t178LDzcrFtjxgEz9,https://maps.app.goo.gl/t178LDzcrFtjxgEz9
BDS-MASTER-0252,Sông Đà - Quốc Cường Gia Lai (Nguồn từ Mr Tiến R&D) có giá chào 6,BDS-MASTER-0503,đã được đưa vào danh sách thí điểm 171 Số thự tự 41,140,same_map_link; same_coord_0m,,,"10.970034, 106.715651","10.970034, 106.715651",https://maps.app.goo.gl/t178LDzcrFtjxgEz9,https://maps.app.goo.gl/t178LDzcrFtjxgEz9
BDS-MASTER-0253,The Bale của Được gửi giá đã giảm mà lại ko lãi hã Dự án Bale này giá có giảm nhưng pháp lý trước đây họ cam k,BDS-MASTER-0390,quy mô trên 1000 ha trước khi Nova bị mất thanh khoản định xúc tiến ở Bà Rịa,140,same_map_link; same_coord_0m,2023-06-01,2024-12-16,"10.787164, 106.730618","10.787164, 106.730618",https://maps.app.goo.gl/NT8XaQJv76yrgG946,https://maps.app.goo.gl/NT8XaQJv76yrgG946
BDS-MASTER-0254,chung cư Việt An,BDS-MASTER-0290,Nguyễn Thiện Thuật và Đoàn Trần Nghiệp - Nha Trang,140,same_map_link; same_coord_0m,2024-12-06,2025-05-13,"10.9466553, 106.7451751","10.9466553, 106.7451751",https://maps.app.goo.gl/uKe9j2z7xKHjdR8A7,https://maps.app.goo.gl/uKe9j2z7xKHjdR8A7
BDS-MASTER-0254,chung cư Việt An,BDS-MASTER-0300,cao tầng với,140,same_map_link; same_coord_0m,2024-12-06,2024-12-11,"10.9466553, 106.7451751","10.9466553, 106.7451751",https://maps.app.goo.gl/uKe9j2z7xKHjdR8A7,https://maps.app.goo.gl/uKe9j2z7xKHjdR8A7
BDS-MASTER-0254,chung cư Việt An,BDS-MASTER-0320,phân lô ( ko xây nhà) nào đang rẻ nhất 1 Like reaction,140,same_map_link; same_coord_0m,2024-12-06,2023-06-22,"10.9466553, 106.7451751","10.9466553, 106.7451751",https://maps.app.goo.gl/uKe9j2z7xKHjdR8A7,https://maps.app.goo.gl/uKe9j2z7xKHjdR8A7
BDS-MASTER-0254,chung cư Việt An,BDS-MASTER-0429,Phượng Hoàng theo Chính sá… Vậy chốt PkD phương án này đi Ok Sếp,140,same_map_link; same_coord_0m,2024-12-06,2025-09-10,"10.9466553, 106.7451751","10.9466553, 106.7451751",https://maps.app.goo.gl/uKe9j2z7xKHjdR8A7,https://maps.app.goo.gl/uKe9j2z7xKHjdR8A7
BDS-MASTER-0256,có vị trí tại phường An Bình,BDS-MASTER-0305,du lịch sinh thái nghỉ dưỡng giải trí núi Chứa Chan với giá khoảng 1,140,same_map_link; same_coord_0m,2023-09-07,2025-07-31,"10.5753906, 107.5708884","10.5753906, 107.5708884",https://goo.gl/maps/JhPoRTM15vQA7Kk6A,https://goo.gl/maps/JhPoRTM15vQA7Kk6A
BDS-MASTER-0256,có vị trí tại phường An Bình,BDS-MASTER-0377,nghỉ dưỡng nghìn tỷ bà Trương Mỹ Lan từng thâu tóm Ngân hàng TMCP Công Thương Việt Nam - Chi nhánh Thủ Thiêm (,140,same_map_link; same_coord_0m,2023-09-07,2024-06-02,"10.5753906, 107.5708884","10.5753906, 107.5708884",https://goo.gl/maps/JhPoRTM15vQA7Kk6A,https://goo.gl/maps/JhPoRTM15vQA7Kk6A
BDS-MASTER-0256,có vị trí tại phường An Bình,BDS-MASTER-0409,ở Thái à Bên Thái tuần này đang trong thời gian nghỉ,140,same_map_link; same_coord_0m,2023-09-07,2023-04-15,"10.5753906, 107.5708884","10.5753906, 107.5708884",https://goo.gl/maps/JhPoRTM15vQA7Kk6A,https://goo.gl/maps/JhPoRTM15vQA7Kk6A
BDS-MASTER-0256,có vị trí tại phường An Bình,BDS-MASTER-0455,này hồi xưa mình có thông tin nhưng s,140,same_map_link; same_coord_0m,2023-09-07,2023-09-07,"10.5753906, 107.5708884","10.5753906, 107.5708884",https://goo.gl/maps/JhPoRTM15vQA7Kk6A,https://goo.gl/maps/JhPoRTM15vQA7Kk6A
BDS-MASTER-0257,do mình có điều chỉnh qh 1/500,BDS-MASTER-0288,KS 25 Trần Phú sẽ đi theo PA 5 tầng nổi + 1 tầng hầm,140,same_map_link; same_coord_0m,2023-09-25,2025-04-28,"10.970034, 106.715651","10.970034, 106.715651",https://maps.app.goo.gl/t178LDzcrFtjxgEz9,https://maps.app.goo.gl/t178LDzcrFtjxgEz9
BDS-MASTER-0257,do mình có điều chỉnh qh 1/500,BDS-MASTER-0297,Với phương án của mình trước là làm phân kh,140,same_map_link; same_coord_0m,2023-09-25,2023-09-25,"10.970034, 106.715651","10.970034, 106.715651",https://maps.app.goo.gl/t178LDzcrFtjxgEz9,https://maps.app.goo.gl/t178LDzcrFtjxgEz9
BDS-MASTER-0257,do mình có điều chỉnh qh 1/500,BDS-MASTER-0327,triển khai chưa mng Team đã trao đổi với A Sơn Trợ lý để lên list các dự án này à,140,same_map_link; same_coord_0m,2023-09-25,2023-10-15,"10.970034, 106.715651","10.970034, 106.715651",https://maps.app.goo.gl/t178LDzcrFtjxgEz9,https://maps.app.goo.gl/t178LDzcrFtjxgEz9
BDS-MASTER-0257,do mình có điều chỉnh qh 1/500,BDS-MASTER-0360,chưa bàn giao nên chưa dc vào ở à,140,same_map_link; same_coord_0m,2023-09-25,2025-04-11,"10.970034, 106.715651","10.970034, 106.715651",https://maps.app.goo.gl/t178LDzcrFtjxgEz9,https://maps.app.goo.gl/t178LDzcrFtjxgEz9
BDS-MASTER-0257,do mình có điều chỉnh qh 1/500,BDS-MASTER-0363,có giá vốn đất thấp trong khi hệ số cao (trên 11 chấm),140,same_map_link; same_coord_0m,2023-09-25,,"10.970034, 106.715651","10.970034, 106.715651",https://maps.app.goo.gl/t178LDzcrFtjxgEz9,https://maps.app.goo.gl/t178LDzcrFtjxgEz9
BDS-MASTER-0257,do mình có điều chỉnh qh 1/500,BDS-MASTER-0396,trên có diện tích,140,same_map_link; same_coord_0m,2023-09-25,2025-08-13,"10.970034, 106.715651","10.970034, 106.715651",https://maps.app.goo.gl/t178LDzcrFtjxgEz9,https://maps.app.goo.gl/t178LDzcrFtjxgEz9
BDS-MASTER-0257,do mình có điều chỉnh qh 1/500,BDS-MASTER-0423,HAI NHAN,140,same_map_link; same_coord_0m,2023-09-25,,"10.970034, 106.715651","10.970034, 106.715651",https://maps.app.goo.gl/t178LDzcrFtjxgEz9,https://maps.app.goo.gl/t178LDzcrFtjxgEz9
BDS-MASTER-0257,do mình có điều chỉnh qh 1/500,BDS-MASTER-0493,Parklane P,140,same_map_link; same_coord_0m,2023-09-25,,"10.970034, 106.715651","10.970034, 106.715651",https://maps.app.goo.gl/t178LDzcrFtjxgEz9,https://maps.app.goo.gl/t178LDzcrFtjxgEz9
BDS-MASTER-0257,do mình có điều chỉnh qh 1/500,BDS-MASTER-0502,thì họ sẽ làm như thế nào Huy M - IM Rồi anh tính phương án thử by Admin 01,140,same_map_link; same_coord_0m,2023-09-25,,"10.970034, 106.715651","10.970034, 106.715651",https://maps.app.goo.gl/t178LDzcrFtjxgEz9,https://maps.app.goo.gl/t178LDzcrFtjxgEz9
BDS-MASTER-0257,do mình có điều chỉnh qh 1/500,BDS-MASTER-0503,đã được đưa vào danh sách thí điểm 171 Số thự tự 41,140,same_map_link; same_coord_0m,2023-09-25,,"10.970034, 106.715651","10.970034, 106.715651",https://maps.app.goo.gl/t178LDzcrFtjxgEz9,https://maps.app.goo.gl/t178LDzcrFtjxgEz9
BDS-MASTER-0258,dự kiến hợp tác vs,BDS-MASTER-0276,(pháp lý,140,same_map_link; same_coord_0m,2022-08-10,2022-08-22,"11.0196953, 108.2482713","11.0196953, 108.2482713",https://goo.gl/maps/9VManjp1YiqeSC1A8,https://goo.gl/maps/9VManjp1YiqeSC1A8
BDS-MASTER-0258,dự kiến hợp tác vs,BDS-MASTER-0318,này hiện đã thực hiện pháp lý đến gia,140,same_map_link; same_coord_0m,2022-08-10,2022-08-10,"11.0196953, 108.2482713","11.0196953, 108.2482713",https://goo.gl/maps/9VManjp1YiqeSC1A8,https://goo.gl/maps/9VManjp1YiqeSC1A8
BDS-MASTER-0258,dự kiến hợp tác vs,BDS-MASTER-0457,này nha anh Cái này phải đi khảo sát địa hình,140,same_map_link; same_coord_0m,2022-08-10,2022-08-10,"11.0196953, 108.2482713","11.0196953, 108.2482713",https://goo.gl/maps/9VManjp1YiqeSC1A8,https://goo.gl/maps/9VManjp1YiqeSC1A8
BDS-MASTER-0262,làm KCN tại huyện Nghĩa Hưng Khảo sát vị trí hiện trạng,BDS-MASTER-0483,Đông Trung tại Thuận An,140,same_map_link; same_coord_0m,2022-11-19,2022-09-07,"20.185875, 106.3661313","20.185875, 106.3661313",https://goo.gl/maps/Y5rcVkPSFzuYQtaJ7; https://goo.gl/maps/tu8NToyeSY9qMEt19,https://goo.gl/maps/Y5rcVkPSFzuYQtaJ7; https://goo.gl/maps/tu8NToyeSY9qMEt19
BDS-MASTER-0263,mình lên gia tăng hiệu quả đầu tư vì không tốn thêm bộ máy vận hành,BDS-MASTER-0366,của mình sẽ thực h,140,same_map_link; same_coord_0m,2023-04-26,2023-04-26,"20.2891035, 106.5480499","20.2891035, 106.5480499",https://goo.gl/maps/nSTM1wgMZyyzcAhg9,https://goo.gl/maps/nSTM1wgMZyyzcAhg9
BDS-MASTER-0264,này hiện đã thực hiện pháp lý đến giai đoạn cấp sổ đỏ riêng cho từng lô biệt thự Nhưng hiện tại,BDS-MASTER-0308,khi thực hiện kcn phải san lấp thêm ở mức bao nhiêu nên cũng chưa ước tính chi phí san lấp cho dự án này,140,same_map_link; same_coord_0m,2022-08-10,2023-06-16,"16.077574, 108.246196","16.077574, 108.246196",https://maps.app.goo.gl/o5yA5cAF8qJoTZqW8,https://maps.app.goo.gl/o5yA5cAF8qJoTZqW8
BDS-MASTER-0264,này hiện đã thực hiện pháp lý đến giai đoạn cấp sổ đỏ riêng cho từng lô biệt thự Nhưng hiện tại,BDS-MASTER-0400,Đà Nẵng thì liên hệ A Tịnh,140,same_map_link; same_coord_0m,2022-08-10,2025-03-03,"16.077574, 108.246196","16.077574, 108.246196",https://maps.app.goo.gl/o5yA5cAF8qJoTZqW8,https://maps.app.goo.gl/o5yA5cAF8qJoTZqW8
BDS-MASTER-0269,tuy nhiên,BDS-MASTER-0378,nào mà đóng tssđ hàng năm nó cứ tăng hàng năm nữa,140,same_map_link; same_coord_0m,2023-12-18,2023-08-11,"10.840677, 106.719716","10.840677, 106.719716",https://maps.app.goo.gl/ioqJ9N2mKRyMdiAe6,https://maps.app.goo.gl/ioqJ9N2mKRyMdiAe6
BDS-MASTER-0269,tuy nhiên,BDS-MASTER-0394,thì khả năng cao dự án không phải nộp thêm ạ,140,same_map_link; same_coord_0m,2023-12-18,,"10.840677, 106.719716","10.840677, 106.719716",https://maps.app.goo.gl/ioqJ9N2mKRyMdiAe6,https://maps.app.goo.gl/ioqJ9N2mKRyMdiAe6
BDS-MASTER-0269,tuy nhiên,BDS-MASTER-0420,Gladia heights dự kiến triển khai trong 2026 này,140,same_map_link; same_coord_0m,2023-12-18,,"10.840677, 106.719716","10.840677, 106.719716",https://maps.app.goo.gl/ioqJ9N2mKRyMdiAe6,https://maps.app.goo.gl/ioqJ9N2mKRyMdiAe6
BDS-MASTER-0269,tuy nhiên,BDS-MASTER-0471,thông qua đấu thầu nên khả năng cao chỉ thực hiện được chuyển nhượng thông qua hình thức mua cổ phần nên,140,same_map_link; same_coord_0m,2023-12-18,2025-06-26,"10.840677, 106.719716","10.840677, 106.719716",https://maps.app.goo.gl/ioqJ9N2mKRyMdiAe6,https://maps.app.goo.gl/ioqJ9N2mKRyMdiAe6
BDS-MASTER-0270,tuy đạt hiệu quả đầu tư về mặt tính toán nhưng sẽ bị vướng mắc về Pháp lý đất (đất SKC bị hết hạn,BDS-MASTER-0286,Hoà Xuân 15h by Unknown User,140,same_map_link; same_coord_0m,2024-12-06,2025-08-04,"16.053387, 108.247727","16.053387, 108.247727",https://maps.app.goo.gl/xQZeRwkJHuyDhx496,https://maps.app.goo.gl/xQZeRwkJHuyDhx496
BDS-MASTER-0270,tuy đạt hiệu quả đầu tư về mặt tính toán nhưng sẽ bị vướng mắc về Pháp lý đất (đất SKC bị hết hạn,BDS-MASTER-0310,khách sạn Felicia Đà Nẵng,140,same_map_link; same_coord_0m,2024-12-06,2024-10-15,"16.053387, 108.247727","16.053387, 108.247727",https://maps.app.goo.gl/xQZeRwkJHuyDhx496,https://maps.app.goo.gl/xQZeRwkJHuyDhx496
BDS-MASTER-0272,đạt hiệu quả với giá mua dự án ở khoảng 17 triệu đồng/m2 ~ ngưỡng giá mua dự án 520 tỷ đồng,BDS-MASTER-0411,ở vị trí khác nên phương án kinh doanh đưa lên không còn chính xác,140,same_map_link; same_coord_0m,,2025-09-23,"15.8884285, 108.3559502","15.8884285, 108.3559502",https://maps.app.goo.gl/zNrudtbb4kMk2xxv5,https://maps.app.goo.gl/zNrudtbb4kMk2xxv5
BDS-MASTER-0272,đạt hiệu quả với giá mua dự án ở khoảng 17 triệu đồng/m2 ~ ngưỡng giá mua dự án 520 tỷ đồng,BDS-MASTER-0412,12ha đủ lớn để có thể địn hướng triển khai tiện ích cảnh quan,140,same_map_link; same_coord_0m,,,"15.8884285, 108.3559502","15.8884285, 108.3559502",https://maps.app.goo.gl/zNrudtbb4kMk2xxv5,https://maps.app.goo.gl/zNrudtbb4kMk2xxv5
BDS-MASTER-0273,đấu thầu tại Nhơn Trạch,BDS-MASTER-0362,càng tốt ạ Vì luật hiện nay vẫn quy định đơn giá ko dc,140,same_map_link; same_coord_0m,2025-07-15,2025-02-13,"10.6629773, 106.8625131","10.6629773, 106.8625131",https://maps.app.goo.gl/yVp7cfpfnfdzb7mV7,https://maps.app.goo.gl/yVp7cfpfnfdzb7mV7
BDS-MASTER-0273,đấu thầu tại Nhơn Trạch,BDS-MASTER-0375,lớn xảy ra sai phạm nghiêm trọng trong quản lý đất đai của tỉnh Đồng Nai,140,same_map_link; same_coord_0m,2025-07-15,2023-07-07,"10.6629773, 106.8625131","10.6629773, 106.8625131",https://maps.app.goo.gl/yVp7cfpfnfdzb7mV7,https://maps.app.goo.gl/yVp7cfpfnfdzb7mV7
BDS-MASTER-0273,đấu thầu tại Nhơn Trạch,BDS-MASTER-0407,đấu thầu 386ha - Nhơn Trạch,140,same_map_link; same_coord_0m,2025-07-15,2025-07-15,"10.6629773, 106.8625131","10.6629773, 106.8625131",https://maps.app.goo.gl/yVp7cfpfnfdzb7mV7,https://maps.app.goo.gl/yVp7cfpfnfdzb7mV7
BDS-MASTER-0273,đấu thầu tại Nhơn Trạch,BDS-MASTER-0417,Aqua thì hiện nay Nova đang dừng triển khai ở dự án này,140,same_map_link; same_coord_0m,2025-07-15,2023-06-03,"10.6629773, 106.8625131","10.6629773, 106.8625131",https://maps.app.goo.gl/yVp7cfpfnfdzb7mV7,https://maps.app.goo.gl/yVp7cfpfnfdzb7mV7
BDS-MASTER-0275,(1) chưa có chủ trương đầu tư (Điểm cộng để xin thí điểm) + (2) dự án chưa đăng ký ngay đợt đầu như PGK nên sợ,BDS-MASTER-0347,Khu đô thị Bắc Quán Hành tại thị trấn Quán Hành,140,same_map_link; same_coord_0m,2025-04-09,2023-06-21,"18.790696, 105.6402651","18.790696, 105.6402651",https://goo.gl/maps/FmDxfXdHa9mdoGK99,https://goo.gl/maps/FmDxfXdHa9mdoGK99
BDS-MASTER-0276,(pháp lý,BDS-MASTER-0306,dự kiến hợp tác vs park hyatt,140,same_map_link; same_coord_0m,2022-08-22,2022-08-10,"11.0196953, 108.2482713","11.0196953, 108.2482713",https://goo.gl/maps/9VManjp1YiqeSC1A8,https://goo.gl/maps/9VManjp1YiqeSC1A8
BDS-MASTER-0276,(pháp lý,BDS-MASTER-0318,này hiện đã thực hiện pháp lý đến gia,140,same_map_link; same_coord_0m,2022-08-22,2022-08-10,"11.0196953, 108.2482713","11.0196953, 108.2482713",https://goo.gl/maps/9VManjp1YiqeSC1A8,https://goo.gl/maps/9VManjp1YiqeSC1A8
BDS-MASTER-0276,(pháp lý,BDS-MASTER-0457,này nha anh Cái này phải đi khảo sát địa hình,140,same_map_link; same_coord_0m,2022-08-22,2022-08-10,"11.0196953, 108.2482713","11.0196953, 108.2482713",https://goo.gl/maps/9VManjp1YiqeSC1A8,https://goo.gl/maps/9VManjp1YiqeSC1A8
BDS-MASTER-0278,50ha ở Vĩnh Yên,BDS-MASTER-0341,HLW - Merryaland 1,140,same_map_link; same_coord_0m,2024-12-16,2022-08-23,"21.250395, 105.5350413","21.250395, 105.5350413",https://goo.gl/maps/eqfdgJBc7XT7VhAW8,https://goo.gl/maps/eqfdgJBc7XT7VhAW8
BDS-MASTER-0278,50ha ở Vĩnh Yên,BDS-MASTER-0399,Đà Nẵng,140,same_map_link; same_coord_0m,2024-12-16,2022-09-12,"21.250395, 105.5350413","21.250395, 105.5350413",https://goo.gl/maps/eqfdgJBc7XT7VhAW8,https://goo.gl/maps/eqfdgJBc7XT7VhAW8
BDS-MASTER-0282,CCN Giao Yến cũng đang ở bước đầu xin dự án,BDS-MASTER-0328,trước năm 2024 đúng thật là thấy giá chung cư của HN thấy thấp hơn SG nếu nhìn vị trí có tính tương đương,140,same_map_link; same_coord_0m,2023-04-26,2024-12-07,"10.6963753, 106.6108851","10.6963753, 106.6108851",https://maps.app.goo.gl/UEv62Ht1RcfDLLML8,https://maps.app.goo.gl/UEv62Ht1RcfDLLML8
BDS-MASTER-0282,CCN Giao Yến cũng đang ở bước đầu xin dự án,BDS-MASTER-0361,chợ lớn có khi phải điều chỉnh ranh Dự án Chợ Lớn đang làm quy hoạch anh Tài đã có cập nhật ranh Metro vào rồi,140,same_map_link; same_coord_0m,2023-04-26,2024-11-25,"10.6963753, 106.6108851","10.6963753, 106.6108851",https://maps.app.goo.gl/UEv62Ht1RcfDLLML8,https://maps.app.goo.gl/UEv62Ht1RcfDLLML8
BDS-MASTER-0282,CCN Giao Yến cũng đang ở bước đầu xin dự án,BDS-MASTER-0405,được tính bằng cách lấy tổng doanh thu trừ các chi phí vận hành trực tiếp (như chi phí phòng,140,same_map_link; same_coord_0m,2023-04-26,2025-06-29,"10.6963753, 106.6108851","10.6963753, 106.6108851",https://maps.app.goo.gl/UEv62Ht1RcfDLLML8,https://maps.app.goo.gl/UEv62Ht1RcfDLLML8
BDS-MASTER-0284,Cát Lái từ P,BDS-MASTER-0469,sẽ hơi nhiều gốc cạnh sau khi ráp 2 miếng vào,140,same_map_link; same_coord_0m,,,"10.8486272, 106.7188746","10.8486272, 106.7188746",https://maps.app.goo.gl/oHEYY6H9GGykdD9C6,https://maps.app.goo.gl/oHEYY6H9GGykdD9C6
BDS-MASTER-0284,Cát Lái từ P,BDS-MASTER-0501,thì cách tiếp cận sẽ khác so với các PA ban đầu,140,same_map_link; same_coord_0m,,,"10.8486272, 106.7188746","10.8486272, 106.7188746",https://maps.app.goo.gl/oHEYY6H9GGykdD9C6,https://maps.app.goo.gl/oHEYY6H9GGykdD9C6
BDS-MASTER-0286,Hoà Xuân 15h by Unknown User,BDS-MASTER-0310,khách sạn Felicia Đà Nẵng,140,same_map_link; same_coord_0m,2025-08-04,2024-10-15,"16.053387, 108.247727","16.053387, 108.247727",https://maps.app.goo.gl/xQZeRwkJHuyDhx496,https://maps.app.goo.gl/xQZeRwkJHuyDhx496
BDS-MASTER-0287,IDEO cách trung tâm Bangkok khoảng 6-7Km và gần sông Chao Phraya,BDS-MASTER-0344,IDEO cách trung tâm Bangk,140,same_map_link; same_coord_0m,2023-08-17,2023-08-17,"13.7891782, 100.5015205","13.7891782, 100.5015205",https://goo.gl/maps/rzwM8zz1vmEphauk6,https://goo.gl/maps/rzwM8zz1vmEphauk6
BDS-MASTER-0288,KS 25 Trần Phú sẽ đi theo PA 5 tầng nổi + 1 tầng hầm,BDS-MASTER-0297,Với phương án của mình trước là làm phân kh,140,same_map_link; same_coord_0m,2025-04-28,2023-09-25,"10.970034, 106.715651","10.970034, 106.715651",https://maps.app.goo.gl/t178LDzcrFtjxgEz9,https://maps.app.goo.gl/t178LDzcrFtjxgEz9
BDS-MASTER-0288,KS 25 Trần Phú sẽ đi theo PA 5 tầng nổi + 1 tầng hầm,BDS-MASTER-0327,triển khai chưa mng Team đã trao đổi với A Sơn Trợ lý để lên list các dự án này à,140,same_map_link; same_coord_0m,2025-04-28,2023-10-15,"10.970034, 106.715651","10.970034, 106.715651",https://maps.app.goo.gl/t178LDzcrFtjxgEz9,https://maps.app.goo.gl/t178LDzcrFtjxgEz9
BDS-MASTER-0288,KS 25 Trần Phú sẽ đi theo PA 5 tầng nổi + 1 tầng hầm,BDS-MASTER-0360,chưa bàn giao nên chưa dc vào ở à,140,same_map_link; same_coord_0m,2025-04-28,2025-04-11,"10.970034, 106.715651","10.970034, 106.715651",https://maps.app.goo.gl/t178LDzcrFtjxgEz9,https://maps.app.goo.gl/t178LDzcrFtjxgEz9
BDS-MASTER-0288,KS 25 Trần Phú sẽ đi theo PA 5 tầng nổi + 1 tầng hầm,BDS-MASTER-0363,có giá vốn đất thấp trong khi hệ số cao (trên 11 chấm),140,same_map_link; same_coord_0m,2025-04-28,,"10.970034, 106.715651","10.970034, 106.715651",https://maps.app.goo.gl/t178LDzcrFtjxgEz9,https://maps.app.goo.gl/t178LDzcrFtjxgEz9
BDS-MASTER-0288,KS 25 Trần Phú sẽ đi theo PA 5 tầng nổi + 1 tầng hầm,BDS-MASTER-0396,trên có diện tích,140,same_map_link; same_coord_0m,2025-04-28,2025-08-13,"10.970034, 106.715651","10.970034, 106.715651",https://maps.app.goo.gl/t178LDzcrFtjxgEz9,https://maps.app.goo.gl/t178LDzcrFtjxgEz9
BDS-MASTER-0288,KS 25 Trần Phú sẽ đi theo PA 5 tầng nổi + 1 tầng hầm,BDS-MASTER-0423,HAI NHAN,140,same_map_link; same_coord_0m,2025-04-28,,"10.970034, 106.715651","10.970034, 106.715651",https://maps.app.goo.gl/t178LDzcrFtjxgEz9,https://maps.app.goo.gl/t178LDzcrFtjxgEz9
BDS-MASTER-0288,KS 25 Trần Phú sẽ đi theo PA 5 tầng nổi + 1 tầng hầm,BDS-MASTER-0493,Parklane P,140,same_map_link; same_coord_0m,2025-04-28,,"10.970034, 106.715651","10.970034, 106.715651",https://maps.app.goo.gl/t178LDzcrFtjxgEz9,https://maps.app.goo.gl/t178LDzcrFtjxgEz9
BDS-MASTER-0288,KS 25 Trần Phú sẽ đi theo PA 5 tầng nổi + 1 tầng hầm,BDS-MASTER-0502,thì họ sẽ làm như thế nào Huy M - IM Rồi anh tính phương án thử by Admin 01,140,same_map_link; same_coord_0m,2025-04-28,,"10.970034, 106.715651","10.970034, 106.715651",https://maps.app.goo.gl/t178LDzcrFtjxgEz9,https://maps.app.goo.gl/t178LDzcrFtjxgEz9
BDS-MASTER-0288,KS 25 Trần Phú sẽ đi theo PA 5 tầng nổi + 1 tầng hầm,BDS-MASTER-0503,đã được đưa vào danh sách thí điểm 171 Số thự tự 41,140,same_map_link; same_coord_0m,2025-04-28,,"10.970034, 106.715651","10.970034, 106.715651",https://maps.app.goo.gl/t178LDzcrFtjxgEz9,https://maps.app.goo.gl/t178LDzcrFtjxgEz9
BDS-MASTER-0290,Nguyễn Thiện Thuật và Đoàn Trần Nghiệp - Nha Trang,BDS-MASTER-0300,cao tầng với,140,same_map_link; same_coord_0m,2025-05-13,2024-12-11,"10.9466553, 106.7451751","10.9466553, 106.7451751",https://maps.app.goo.gl/uKe9j2z7xKHjdR8A7,https://maps.app.goo.gl/uKe9j2z7xKHjdR8A7
BDS-MASTER-0290,Nguyễn Thiện Thuật và Đoàn Trần Nghiệp - Nha Trang,BDS-MASTER-0320,phân lô ( ko xây nhà) nào đang rẻ nhất 1 Like reaction,140,same_map_link; same_coord_0m,2025-05-13,2023-06-22,"10.9466553, 106.7451751","10.9466553, 106.7451751",https://maps.app.goo.gl/uKe9j2z7xKHjdR8A7,https://maps.app.goo.gl/uKe9j2z7xKHjdR8A7
BDS-MASTER-0290,Nguyễn Thiện Thuật và Đoàn Trần Nghiệp - Nha Trang,BDS-MASTER-0429,Phượng Hoàng theo Chính sá… Vậy chốt PkD phương án này đi Ok Sếp,140,same_map_link; same_coord_0m,2025-05-13,2025-09-10,"10.9466553, 106.7451751","10.9466553, 106.7451751",https://maps.app.goo.gl/uKe9j2z7xKHjdR8A7,https://maps.app.goo.gl/uKe9j2z7xKHjdR8A7
BDS-MASTER-0293,Regalia Gold 4 sao tại Nha Trang,BDS-MASTER-0492,Ngọc Hồi Thanh Trì,140,same_map_link; same_coord_0m,2022-12-27,2022-08-26,"20.94081, 105.84306","20.94081, 105.84306",https://goo.gl/maps/YaZ9tS4Xqtm5REAe6,https://goo.gl/maps/YaZ9tS4Xqtm5REAe6
BDS-MASTER-0294,Swanbay 456ha hiện Dic đã chuyển nhượng lại các dự án thành phần cho các chủ đầu tư khác nên có nhiều dự án co,BDS-MASTER-0351,Phú Quang khoảng 350m + Có 2 mặt tiếp xúc,140,same_map_link; same_coord_0m,2023-06-05,2023-11-27,"10.698445, 107.080430","10.698445, 107.080430",https://maps.app.goo.gl/9PHZkvYiuadCm992A,https://maps.app.goo.gl/9PHZkvYiuadCm992A
BDS-MASTER-0295,The Sang Residence đang gần hoàn thành xây dựng với giá bán (58-68trđ/m2) với vị trí nằm sâu trong đường Phạm,BDS-MASTER-0304,của mình nằm sát Khu CBD mới của Đà Nẵng và lợi thế nằm ngay đường Phạm Văn Đồng (có 4 mặt tiền,140,same_map_link; same_coord_0m,2022-08-10,2022-08-10,"16.06931, 108.24044","16.06931, 108.24044",https://goo.gl/maps/hgxR4SsThT7KqvbUA,https://goo.gl/maps/hgxR4SsThT7KqvbUA
BDS-MASTER-0295,The Sang Residence đang gần hoàn thành xây dựng với giá bán (58-68trđ/m2) với vị trí nằm sâu trong đường Phạm,BDS-MASTER-0329,xung quanh,140,same_map_link; same_coord_0m,2022-08-10,2022-08-10,"16.06931, 108.24044","16.06931, 108.24044",https://goo.gl/maps/hgxR4SsThT7KqvbUA,https://goo.gl/maps/hgxR4SsThT7KqvbUA
BDS-MASTER-0296,Thông tin quyết định chủ trương đầu tư/pháp lý dự án/thông tin quy hoạch dự án - Thông tin đơn vị khác tham,BDS-MASTER-0432,by Huy M - IM,140,same_map_link; same_coord_0m,,2024-12-06,"10.9574728, 106.7074293","10.9574728, 106.7074293",https://goo.gl/maps/xNEqZWHrXNzKYLHe6,https://goo.gl/maps/xNEqZWHrXNzKYLHe6
BDS-MASTER-0296,Thông tin quyết định chủ trương đầu tư/pháp lý dự án/thông tin quy hoạch dự án - Thông tin đơn vị khác tham,BDS-MASTER-0472,thương hiệu Trump đầu tiên tại Việt Nam - Tuổi Trẻ Online Chiều 21-5,140,same_map_link; same_coord_0m,,2025-05-25,"10.9574728, 106.7074293","10.9574728, 106.7074293",https://goo.gl/maps/xNEqZWHrXNzKYLHe6,https://goo.gl/maps/xNEqZWHrXNzKYLHe6
BDS-MASTER-0296,Thông tin quyết định chủ trương đầu tư/pháp lý dự án/thông tin quy hoạch dự án - Thông tin đơn vị khác tham,BDS-MASTER-0476,trên đã có các nhà đàu tư đăng ký tham gia đấu thầu,140,same_map_link; same_coord_0m,,,"10.9574728, 106.7074293","10.9574728, 106.7074293",https://goo.gl/maps/xNEqZWHrXNzKYLHe6,https://goo.gl/maps/xNEqZWHrXNzKYLHe6
BDS-MASTER-0296,Thông tin quyết định chủ trương đầu tư/pháp lý dự án/thông tin quy hoạch dự án - Thông tin đơn vị khác tham,BDS-MASTER-0477,tuy đạt hiệu quả đầu tư về mặt tính t,140,same_map_link; same_coord_0m,,2024-12-06,"10.9574728, 106.7074293","10.9574728, 106.7074293",https://goo.gl/maps/xNEqZWHrXNzKYLHe6,https://goo.gl/maps/xNEqZWHrXNzKYLHe6
BDS-MASTER-0297,Với phương án của mình trước là làm phân kh,BDS-MASTER-0327,triển khai chưa mng Team đã trao đổi với A Sơn Trợ lý để lên list các dự án này à,140,same_map_link; same_coord_0m,2023-09-25,2023-10-15,"10.970034, 106.715651","10.970034, 106.715651",https://maps.app.goo.gl/t178LDzcrFtjxgEz9,https://maps.app.goo.gl/t178LDzcrFtjxgEz9
BDS-MASTER-0297,Với phương án của mình trước là làm phân kh,BDS-MASTER-0360,chưa bàn giao nên chưa dc vào ở à,140,same_map_link; same_coord_0m,2023-09-25,2025-04-11,"10.970034, 106.715651","10.970034, 106.715651",https://maps.app.goo.gl/t178LDzcrFtjxgEz9,https://maps.app.goo.gl/t178LDzcrFtjxgEz9
BDS-MASTER-0297,Với phương án của mình trước là làm phân kh,BDS-MASTER-0363,có giá vốn đất thấp trong khi hệ số cao (trên 11 chấm),140,same_map_link; same_coord_0m,2023-09-25,,"10.970034, 106.715651","10.970034, 106.715651",https://maps.app.goo.gl/t178LDzcrFtjxgEz9,https://maps.app.goo.gl/t178LDzcrFtjxgEz9
BDS-MASTER-0297,Với phương án của mình trước là làm phân kh,BDS-MASTER-0396,trên có diện tích,140,same_map_link; same_coord_0m,2023-09-25,2025-08-13,"10.970034, 106.715651","10.970034, 106.715651",https://maps.app.goo.gl/t178LDzcrFtjxgEz9,https://maps.app.goo.gl/t178LDzcrFtjxgEz9
BDS-MASTER-0297,Với phương án của mình trước là làm phân kh,BDS-MASTER-0423,HAI NHAN,140,same_map_link; same_coord_0m,2023-09-25,,"10.970034, 106.715651","10.970034, 106.715651",https://maps.app.goo.gl/t178LDzcrFtjxgEz9,https://maps.app.goo.gl/t178LDzcrFtjxgEz9
BDS-MASTER-0297,Với phương án của mình trước là làm phân kh,BDS-MASTER-0493,Parklane P,140,same_map_link; same_coord_0m,2023-09-25,,"10.970034, 106.715651","10.970034, 106.715651",https://maps.app.goo.gl/t178LDzcrFtjxgEz9,https://maps.app.goo.gl/t178LDzcrFtjxgEz9
BDS-MASTER-0297,Với phương án của mình trước là làm phân kh,BDS-MASTER-0502,thì họ sẽ làm như thế nào Huy M - IM Rồi anh tính phương án thử by Admin 01,140,same_map_link; same_coord_0m,2023-09-25,,"10.970034, 106.715651","10.970034, 106.715651",https://maps.app.goo.gl/t178LDzcrFtjxgEz9,https://maps.app.goo.gl/t178LDzcrFtjxgEz9
BDS-MASTER-0297,Với phương án của mình trước là làm phân kh,BDS-MASTER-0503,đã được đưa vào danh sách thí điểm 171 Số thự tự 41,140,same_map_link; same_coord_0m,2023-09-25,,"10.970034, 106.715651","10.970034, 106.715651",https://maps.app.goo.gl/t178LDzcrFtjxgEz9,https://maps.app.goo.gl/t178LDzcrFtjxgEz9
BDS-MASTER-0299,cao tầng phải đầu tư 2–3 tầng hầm Trường hợp cần rà soát chi tiết và cập nhật chính xác hơn,BDS-MASTER-0332,đối diện hiện tại là giá chào của khách lẻ,140,same_map_link; same_coord_0m,2026-05-27,,"10.9572431, 106.7389459","10.9572431, 106.7389459",https://maps.app.goo.gl/xomcfbw3UHPYcLxG8,https://maps.app.goo.gl/xomcfbw3UHPYcLxG8
BDS-MASTER-0299,cao tầng phải đầu tư 2–3 tầng hầm Trường hợp cần rà soát chi tiết và cập nhật chính xác hơn,BDS-MASTER-0428,Phượng Hoàng theo Chính sách bán hàng mới từ Mr Cường (SM),140,same_map_link; same_coord_0m,2026-05-27,2025-09-10,"10.9572431, 106.7389459","10.9572431, 106.7389459",https://maps.app.goo.gl/xomcfbw3UHPYcLxG8,https://maps.app.goo.gl/xomcfbw3UHPYcLxG8
BDS-MASTER-0299,cao tầng phải đầu tư 2–3 tầng hầm Trường hợp cần rà soát chi tiết và cập nhật chính xác hơn,BDS-MASTER-0459,này sau phải tăng chi phí này lên by Unknown User,140,same_map_link; same_coord_0m,2026-05-27,2025-03-14,"10.9572431, 106.7389459","10.9572431, 106.7389459",https://maps.app.goo.gl/xomcfbw3UHPYcLxG8,https://maps.app.goo.gl/xomcfbw3UHPYcLxG8
BDS-MASTER-0300,cao tầng với,BDS-MASTER-0320,phân lô ( ko xây nhà) nào đang rẻ nhất 1 Like reaction,140,same_map_link; same_coord_0m,2024-12-11,2023-06-22,"10.9466553, 106.7451751","10.9466553, 106.7451751",https://maps.app.goo.gl/uKe9j2z7xKHjdR8A7,https://maps.app.goo.gl/uKe9j2z7xKHjdR8A7
BDS-MASTER-0300,cao tầng với,BDS-MASTER-0429,Phượng Hoàng theo Chính sá… Vậy chốt PkD phương án này đi Ok Sếp,140,same_map_link; same_coord_0m,2024-12-11,2025-09-10,"10.9466553, 106.7451751","10.9466553, 106.7451751",https://maps.app.goo.gl/uKe9j2z7xKHjdR8A7,https://maps.app.goo.gl/uKe9j2z7xKHjdR8A7
BDS-MASTER-0302,cảng tổng hợp và container Cái Mép Hạ được đề xuất đầu tư với tổng vốn 50,BDS-MASTER-0380,này là mình vào xây dựng được liền Nó đã bán hơn 200 nền,140,same_map_link; same_coord_0m,2024-06-03,2025-04-11,"20.8226239, 106.8725158","20.8226239, 106.8725158",https://maps.app.goo.gl/uLPtqwAnwnevw4zz7,https://maps.app.goo.gl/uLPtqwAnwnevw4zz7
BDS-MASTER-0303,cần kiểm tra lại QH 1,BDS-MASTER-0337,=> Nên chưa đánh giá hiệu quả dự án theo yếu tố dòng tiền ** Link Drive,140,same_map_link; same_coord_0m,,2022-11-02,"10.6873566, 106.7186056","10.6873566, 106.7186056",https://goo.gl/maps/k4R8TwNVtrg4BrJc9,https://goo.gl/maps/k4R8TwNVtrg4BrJc9
BDS-MASTER-0303,cần kiểm tra lại QH 1,BDS-MASTER-0343,Hội An Riverside có nhiều khả năng thay đổi concept,140,same_map_link; same_coord_0m,,2025-01-02,"10.6873566, 106.7186056","10.6873566, 106.7186056",https://goo.gl/maps/k4R8TwNVtrg4BrJc9,https://goo.gl/maps/k4R8TwNVtrg4BrJc9
BDS-MASTER-0303,cần kiểm tra lại QH 1,BDS-MASTER-0374,lớn và có quy mô tương tự dự án Nghiên cứu (Dự án – Hùng Thắng 1,140,same_map_link; same_coord_0m,,2022-10-01,"10.6873566, 106.7186056","10.6873566, 106.7186056",https://goo.gl/maps/k4R8TwNVtrg4BrJc9,https://goo.gl/maps/k4R8TwNVtrg4BrJc9
BDS-MASTER-0303,cần kiểm tra lại QH 1,BDS-MASTER-0433,bên mình đã đang follow nha a Huy Mai-PTDT Anh đã share hồ sơ cho em rồi nha,140,same_map_link; same_coord_0m,,2023-04-24,"10.6873566, 106.7186056","10.6873566, 106.7186056",https://goo.gl/maps/k4R8TwNVtrg4BrJc9,https://goo.gl/maps/k4R8TwNVtrg4BrJc9
BDS-MASTER-0304,của mình nằm sát Khu CBD mới của Đà Nẵng và lợi thế nằm ngay đường Phạm Văn Đồng (có 4 mặt tiền,BDS-MASTER-0329,xung quanh,140,same_map_link; same_coord_0m,2022-08-10,2022-08-10,"16.06931, 108.24044","16.06931, 108.24044",https://goo.gl/maps/hgxR4SsThT7KqvbUA,https://goo.gl/maps/hgxR4SsThT7KqvbUA
BDS-MASTER-0305,du lịch sinh thái nghỉ dưỡng giải trí núi Chứa Chan với giá khoảng 1,BDS-MASTER-0377,nghỉ dưỡng nghìn tỷ bà Trương Mỹ Lan từng thâu tóm Ngân hàng TMCP Công Thương Việt Nam - Chi nhánh Thủ Thiêm (,140,same_map_link; same_coord_0m,2025-07-31,2024-06-02,"10.5753906, 107.5708884","10.5753906, 107.5708884",https://goo.gl/maps/JhPoRTM15vQA7Kk6A,https://goo.gl/maps/JhPoRTM15vQA7Kk6A
BDS-MASTER-0305,du lịch sinh thái nghỉ dưỡng giải trí núi Chứa Chan với giá khoảng 1,BDS-MASTER-0409,ở Thái à Bên Thái tuần này đang trong thời gian nghỉ,140,same_map_link; same_coord_0m,2025-07-31,2023-04-15,"10.5753906, 107.5708884","10.5753906, 107.5708884",https://goo.gl/maps/JhPoRTM15vQA7Kk6A,https://goo.gl/maps/JhPoRTM15vQA7Kk6A
BDS-MASTER-0305,du lịch sinh thái nghỉ dưỡng giải trí núi Chứa Chan với giá khoảng 1,BDS-MASTER-0455,này hồi xưa mình có thông tin nhưng s,140,same_map_link; same_coord_0m,2025-07-31,2023-09-07,"10.5753906, 107.5708884","10.5753906, 107.5708884",https://goo.gl/maps/JhPoRTM15vQA7Kk6A,https://goo.gl/maps/JhPoRTM15vQA7Kk6A
BDS-MASTER-0306,dự kiến hợp tác vs park hyatt,BDS-MASTER-0318,này hiện đã thực hiện pháp lý đến gia,140,same_map_link; same_coord_0m,2022-08-10,2022-08-10,"11.0196953, 108.2482713","11.0196953, 108.2482713",https://goo.gl/maps/9VManjp1YiqeSC1A8,https://goo.gl/maps/9VManjp1YiqeSC1A8
BDS-MASTER-0306,dự kiến hợp tác vs park hyatt,BDS-MASTER-0457,này nha anh Cái này phải đi khảo sát địa hình,140,same_map_link; same_coord_0m,2022-08-10,2022-08-10,"11.0196953, 108.2482713","11.0196953, 108.2482713",https://goo.gl/maps/9VManjp1YiqeSC1A8,https://goo.gl/maps/9VManjp1YiqeSC1A8
BDS-MASTER-0308,khi thực hiện kcn phải san lấp thêm ở mức bao nhiêu nên cũng chưa ước tính chi phí san lấp cho dự án này,BDS-MASTER-0400,Đà Nẵng thì liên hệ A Tịnh,140,same_map_link; same_coord_0m,2023-06-16,2025-03-03,"16.077574, 108.246196","16.077574, 108.246196",https://maps.app.goo.gl/o5yA5cAF8qJoTZqW8,https://maps.app.goo.gl/o5yA5cAF8qJoTZqW8
BDS-MASTER-0311,khách sạn Đông Á Premier tại số 186/14 Hùng Vương,BDS-MASTER-0446,hiệu quả IRR đạt 10%,140,same_map_link; same_coord_0m,,,"11.941268, 108.463187","11.941268, 108.463187",https://maps.app.goo.gl/6iyNdteYfVyyT9Xy9,https://maps.app.goo.gl/6iyNdteYfVyyT9Xy9
BDS-MASTER-0311,khách sạn Đông Á Premier tại số 186/14 Hùng Vương,BDS-MASTER-0485,được xác định bằng giá vốn ban đầu,140,same_map_link; same_coord_0m,,2026-04-13,"11.941268, 108.463187","11.941268, 108.463187",https://maps.app.goo.gl/6iyNdteYfVyyT9Xy9,https://maps.app.goo.gl/6iyNdteYfVyyT9Xy9
BDS-MASTER-0312,không khả thi với bất kỳ giá mua nào Begin quote,BDS-MASTER-0365,của Novaland được tháo gỡ liên quan đến Waterbay và Lakeview theo NQ 170 của Quốc Hội Liên quan đến vấn đề giả,140,same_map_link; same_coord_0m,,2025-02-28,"10.652525, 107.083154","10.652525, 107.083154",https://maps.app.goo.gl/efNjqXtJS5uqAid67,https://maps.app.goo.gl/efNjqXtJS5uqAid67
BDS-MASTER-0312,không khả thi với bất kỳ giá mua nào Begin quote,BDS-MASTER-0367,hiện tại mình đang vận hành để xem thử mình có chi phí nào khác cần bổ sung không à,140,same_map_link; same_coord_0m,,2025-04-08,"10.652525, 107.083154","10.652525, 107.083154",https://maps.app.goo.gl/efNjqXtJS5uqAid67,https://maps.app.goo.gl/efNjqXtJS5uqAid67
BDS-MASTER-0312,không khả thi với bất kỳ giá mua nào Begin quote,BDS-MASTER-0430,The Bale của Được gửi giá đã giảm mà lại ko lãi hã Begin quote,140,same_map_link; same_coord_0m,,2023-06-01,"10.652525, 107.083154","10.652525, 107.083154",https://maps.app.goo.gl/efNjqXtJS5uqAid67,https://maps.app.goo.gl/efNjqXtJS5uqAid67
BDS-MASTER-0312,không khả thi với bất kỳ giá mua nào Begin quote,BDS-MASTER-0435,chợ lớn có khi phải điều chỉnh ranh Begin quote,140,same_map_link; same_coord_0m,,2024-11-25,"10.652525, 107.083154","10.652525, 107.083154",https://maps.app.goo.gl/efNjqXtJS5uqAid67,https://maps.app.goo.gl/efNjqXtJS5uqAid67
BDS-MASTER-0314,mình khảo sát ở kcn Vĩnh Phúc khi bay flycam thì thấy hiện trạng là đất lúa xen kẽ nhiều nhà dân và có các đồi,BDS-MASTER-0386,nếu vùng đất thấp phải san lấp thêm nữa thì đơn giá 250,140,same_map_link; same_coord_0m,2023-06-16,2023-06-16,"21.473042, 105.512568","21.473042, 105.512568",https://goo.gl/maps/aChZ8vYJMZ8j6SjR7,https://goo.gl/maps/aChZ8vYJMZ8j6SjR7
BDS-MASTER-0315,nhà ở thương mại thông qua thỏa thuận về nhận quyền sử dụng đất hoặc đang có quyền sử dụng đất để thể chế hóa,BDS-MASTER-0342,Hoàng Cát Center có quy mô 7,140,same_map_link; same_coord_0m,2024-11-22,2024-10-14,"11.2642452, 106.6299351","11.2642452, 106.6299351",https://maps.app.goo.gl/s62kTxdTsTQvQHDJ9,https://maps.app.goo.gl/s62kTxdTsTQvQHDJ9
BDS-MASTER-0318,này hiện đã thực hiện pháp lý đến gia,BDS-MASTER-0457,này nha anh Cái này phải đi khảo sát địa hình,140,same_map_link; same_coord_0m,2022-08-10,2022-08-10,"11.0196953, 108.2482713","11.0196953, 108.2482713",https://goo.gl/maps/9VManjp1YiqeSC1A8,https://goo.gl/maps/9VManjp1YiqeSC1A8
BDS-MASTER-0320,phân lô ( ko xây nhà) nào đang rẻ nhất 1 Like reaction,BDS-MASTER-0429,Phượng Hoàng theo Chính sá… Vậy chốt PkD phương án này đi Ok Sếp,140,same_map_link; same_coord_0m,2023-06-22,2025-09-10,"10.9466553, 106.7451751","10.9466553, 106.7451751",https://maps.app.goo.gl/uKe9j2z7xKHjdR8A7,https://maps.app.goo.gl/uKe9j2z7xKHjdR8A7
BDS-MASTER-0322,rà soát và làm rõ các điểm pháp lý sau,BDS-MASTER-0392,tham gia để đánh giá thêm về chuyên mô á Sếp,140,same_map_link; same_coord_0m,2025-10-01,2026-05-27,"10.860864, 106.699926","10.860864, 106.699926",https://maps.app.goo.gl/bKZVkKUcnYGRLJWw5,https://maps.app.goo.gl/bKZVkKUcnYGRLJWw5
BDS-MASTER-0324,sẽ được cải thiện hơn,BDS-MASTER-0383,này với các điều kiện sau,140,same_map_link; same_coord_0m,,,"10.710113, 106.6489317","10.710113, 106.6489317",https://maps.app.goo.gl/H57L1w8ReXXNhtb99,https://maps.app.goo.gl/H57L1w8ReXXNhtb99
BDS-MASTER-0325,thấp tầng Phú An Hội giáp mặt tiền Tôn Đức Thắng (25B),BDS-MASTER-0369,khu đô thị dọc theo Me,140,same_map_link; same_coord_0m,2024-11-09,2024-11-02,"10.7267333, 106.8916171","10.7267333, 106.8916171",https://maps.app.goo.gl/B98HY6ThSbAhg1a98,https://maps.app.goo.gl/B98HY6ThSbAhg1a98
BDS-MASTER-0327,triển khai chưa mng Team đã trao đổi với A Sơn Trợ lý để lên list các dự án này à,BDS-MASTER-0360,chưa bàn giao nên chưa dc vào ở à,140,same_map_link; same_coord_0m,2023-10-15,2025-04-11,"10.970034, 106.715651","10.970034, 106.715651",https://maps.app.goo.gl/t178LDzcrFtjxgEz9,https://maps.app.goo.gl/t178LDzcrFtjxgEz9
BDS-MASTER-0327,triển khai chưa mng Team đã trao đổi với A Sơn Trợ lý để lên list các dự án này à,BDS-MASTER-0363,có giá vốn đất thấp trong khi hệ số cao (trên 11 chấm),140,same_map_link; same_coord_0m,2023-10-15,,"10.970034, 106.715651","10.970034, 106.715651",https://maps.app.goo.gl/t178LDzcrFtjxgEz9,https://maps.app.goo.gl/t178LDzcrFtjxgEz9
BDS-MASTER-0327,triển khai chưa mng Team đã trao đổi với A Sơn Trợ lý để lên list các dự án này à,BDS-MASTER-0396,trên có diện tích,140,same_map_link; same_coord_0m,2023-10-15,2025-08-13,"10.970034, 106.715651","10.970034, 106.715651",https://maps.app.goo.gl/t178LDzcrFtjxgEz9,https://maps.app.goo.gl/t178LDzcrFtjxgEz9
BDS-MASTER-0327,triển khai chưa mng Team đã trao đổi với A Sơn Trợ lý để lên list các dự án này à,BDS-MASTER-0423,HAI NHAN,140,same_map_link; same_coord_0m,2023-10-15,,"10.970034, 106.715651","10.970034, 106.715651",https://maps.app.goo.gl/t178LDzcrFtjxgEz9,https://maps.app.goo.gl/t178LDzcrFtjxgEz9
BDS-MASTER-0327,triển khai chưa mng Team đã trao đổi với A Sơn Trợ lý để lên list các dự án này à,BDS-MASTER-0493,Parklane P,140,same_map_link; same_coord_0m,2023-10-15,,"10.970034, 106.715651","10.970034, 106.715651",https://maps.app.goo.gl/t178LDzcrFtjxgEz9,https://maps.app.goo.gl/t178LDzcrFtjxgEz9
BDS-MASTER-0327,triển khai chưa mng Team đã trao đổi với A Sơn Trợ lý để lên list các dự án này à,BDS-MASTER-0502,thì họ sẽ làm như thế nào Huy M - IM Rồi anh tính phương án thử by Admin 01,140,same_map_link; same_coord_0m,2023-10-15,,"10.970034, 106.715651","10.970034, 106.715651",https://maps.app.goo.gl/t178LDzcrFtjxgEz9,https://maps.app.goo.gl/t178LDzcrFtjxgEz9
BDS-MASTER-0327,triển khai chưa mng Team đã trao đổi với A Sơn Trợ lý để lên list các dự án này à,BDS-MASTER-0503,đã được đưa vào danh sách thí điểm 171 Số thự tự 41,140,same_map_link; same_coord_0m,2023-10-15,,"10.970034, 106.715651","10.970034, 106.715651",https://maps.app.goo.gl/t178LDzcrFtjxgEz9,https://maps.app.goo.gl/t178LDzcrFtjxgEz9
BDS-MASTER-0328,trước năm 2024 đúng thật là thấy giá chung cư của HN thấy thấp hơn SG nếu nhìn vị trí có tính tương đương,BDS-MASTER-0361,chợ lớn có khi phải điều chỉnh ranh Dự án Chợ Lớn đang làm quy hoạch anh Tài đã có cập nhật ranh Metro vào rồi,140,same_map_link; same_coord_0m,2024-12-07,2024-11-25,"10.6963753, 106.6108851","10.6963753, 106.6108851",https://maps.app.goo.gl/UEv62Ht1RcfDLLML8,https://maps.app.goo.gl/UEv62Ht1RcfDLLML8
BDS-MASTER-0328,trước năm 2024 đúng thật là thấy giá chung cư của HN thấy thấp hơn SG nếu nhìn vị trí có tính tương đương,BDS-MASTER-0405,được tính bằng cách lấy tổng doanh thu trừ các chi phí vận hành trực tiếp (như chi phí phòng,140,same_map_link; same_coord_0m,2024-12-07,2025-06-29,"10.6963753, 106.6108851","10.6963753, 106.6108851",https://maps.app.goo.gl/UEv62Ht1RcfDLLML8,https://maps.app.goo.gl/UEv62Ht1RcfDLLML8
BDS-MASTER-0330,đang vận hành của Tập đoàn là 5% -8%,BDS-MASTER-0354,Sơn xdung đưa ở DT743 đó,140,same_map_link; same_coord_0m,2025-06-29,2025-03-13,"16.0838086, 108.2209004","16.0838086, 108.2209004",https://maps.app.goo.gl/wbNjvBPsJioGNogn8; https://maps.app.goo.gl/DAATNJRd8MxG4uyaA,https://maps.app.goo.gl/wbNjvBPsJioGNogn8; https://maps.app.goo.gl/DAATNJRd8MxG4uyaA
BDS-MASTER-0330,đang vận hành của Tập đoàn là 5% -8%,BDS-MASTER-0355,THTT,140,same_map_link; same_coord_0m,2025-06-29,2025-03-05,"16.0838086, 108.2209004","16.0838086, 108.2209004",https://maps.app.goo.gl/wbNjvBPsJioGNogn8; https://maps.app.goo.gl/DAATNJRd8MxG4uyaA,https://maps.app.goo.gl/wbNjvBPsJioGNogn8; https://maps.app.goo.gl/DAATNJRd8MxG4uyaA
BDS-MASTER-0330,đang vận hành của Tập đoàn là 5% -8%,BDS-MASTER-0451,mình là đường ven biển rồi lên Cao Tốc ra Cảng Hải Phòng Anh vẽ cho em đường bộ và đường sông đi ra,140,same_map_link; same_coord_0m,2025-06-29,2023-04-26,"16.0838086, 108.2209004","16.0838086, 108.2209004",https://maps.app.goo.gl/wbNjvBPsJioGNogn8; https://maps.app.goo.gl/DAATNJRd8MxG4uyaA,https://maps.app.goo.gl/wbNjvBPsJioGNogn8; https://maps.app.goo.gl/DAATNJRd8MxG4uyaA
BDS-MASTER-0332,đối diện hiện tại là giá chào của khách lẻ,BDS-MASTER-0428,Phượng Hoàng theo Chính sách bán hàng mới từ Mr Cường (SM),140,same_map_link; same_coord_0m,,2025-09-10,"10.9572431, 106.7389459","10.9572431, 106.7389459",https://maps.app.goo.gl/xomcfbw3UHPYcLxG8,https://maps.app.goo.gl/xomcfbw3UHPYcLxG8
BDS-MASTER-0332,đối diện hiện tại là giá chào của khách lẻ,BDS-MASTER-0459,này sau phải tăng chi phí này lên by Unknown User,140,same_map_link; same_coord_0m,,2025-03-14,"10.9572431, 106.7389459","10.9572431, 106.7389459",https://maps.app.goo.gl/xomcfbw3UHPYcLxG8,https://maps.app.goo.gl/xomcfbw3UHPYcLxG8
BDS-MASTER-0337,=> Nên chưa đánh giá hiệu quả dự án theo yếu tố dòng tiền ** Link Drive,BDS-MASTER-0343,Hội An Riverside có nhiều khả năng thay đổi concept,140,same_map_link; same_coord_0m,2022-11-02,2025-01-02,"10.6873566, 106.7186056","10.6873566, 106.7186056",https://goo.gl/maps/k4R8TwNVtrg4BrJc9,https://goo.gl/maps/k4R8TwNVtrg4BrJc9
BDS-MASTER-0337,=> Nên chưa đánh giá hiệu quả dự án theo yếu tố dòng tiền ** Link Drive,BDS-MASTER-0374,lớn và có quy mô tương tự dự án Nghiên cứu (Dự án – Hùng Thắng 1,140,same_map_link; same_coord_0m,2022-11-02,2022-10-01,"10.6873566, 106.7186056","10.6873566, 106.7186056",https://goo.gl/maps/k4R8TwNVtrg4BrJc9,https://goo.gl/maps/k4R8TwNVtrg4BrJc9
BDS-MASTER-0337,=> Nên chưa đánh giá hiệu quả dự án theo yếu tố dòng tiền ** Link Drive,BDS-MASTER-0433,bên mình đã đang follow nha a Huy Mai-PTDT Anh đã share hồ sơ cho em rồi nha,140,same_map_link; same_coord_0m,2022-11-02,2023-04-24,"10.6873566, 106.7186056","10.6873566, 106.7186056",https://goo.gl/maps/k4R8TwNVtrg4BrJc9,https://goo.gl/maps/k4R8TwNVtrg4BrJc9
BDS-MASTER-0341,HLW - Merryaland 1,BDS-MASTER-0399,Đà Nẵng,140,same_map_link; same_coord_0m,2022-08-23,2022-09-12,"21.250395, 105.5350413","21.250395, 105.5350413",https://goo.gl/maps/eqfdgJBc7XT7VhAW8,https://goo.gl/maps/eqfdgJBc7XT7VhAW8
BDS-MASTER-0343,Hội An Riverside có nhiều khả năng thay đổi concept,BDS-MASTER-0374,lớn và có quy mô tương tự dự án Nghiên cứu (Dự án – Hùng Thắng 1,140,same_map_link; same_coord_0m,2025-01-02,2022-10-01,"10.6873566, 106.7186056","10.6873566, 106.7186056",https://goo.gl/maps/k4R8TwNVtrg4BrJc9,https://goo.gl/maps/k4R8TwNVtrg4BrJc9
BDS-MASTER-0343,Hội An Riverside có nhiều khả năng thay đổi concept,BDS-MASTER-0433,bên mình đã đang follow nha a Huy Mai-PTDT Anh đã share hồ sơ cho em rồi nha,140,same_map_link; same_coord_0m,2025-01-02,2023-04-24,"10.6873566, 106.7186056","10.6873566, 106.7186056",https://goo.gl/maps/k4R8TwNVtrg4BrJc9,https://goo.gl/maps/k4R8TwNVtrg4BrJc9
BDS-MASTER-0354,Sơn xdung đưa ở DT743 đó,BDS-MASTER-0355,THTT,140,same_map_link; same_coord_0m,2025-03-13,2025-03-05,"16.0838086, 108.2209004","16.0838086, 108.2209004",https://maps.app.goo.gl/wbNjvBPsJioGNogn8; https://maps.app.goo.gl/DAATNJRd8MxG4uyaA,https://maps.app.goo.gl/wbNjvBPsJioGNogn8; https://maps.app.goo.gl/DAATNJRd8MxG4uyaA
BDS-MASTER-0354,Sơn xdung đưa ở DT743 đó,BDS-MASTER-0451,mình là đường ven biển rồi lên Cao Tốc ra Cảng Hải Phòng Anh vẽ cho em đường bộ và đường sông đi ra,140,same_map_link; same_coord_0m,2025-03-13,2023-04-26,"16.0838086, 108.2209004","16.0838086, 108.2209004",https://maps.app.goo.gl/wbNjvBPsJioGNogn8; https://maps.app.goo.gl/DAATNJRd8MxG4uyaA,https://maps.app.goo.gl/wbNjvBPsJioGNogn8; https://maps.app.goo.gl/DAATNJRd8MxG4uyaA
BDS-MASTER-0355,THTT,BDS-MASTER-0451,mình là đường ven biển rồi lên Cao Tốc ra Cảng Hải Phòng Anh vẽ cho em đường bộ và đường sông đi ra,140,same_map_link; same_coord_0m,2025-03-05,2023-04-26,"16.0838086, 108.2209004","16.0838086, 108.2209004",https://maps.app.goo.gl/wbNjvBPsJioGNogn8; https://maps.app.goo.gl/DAATNJRd8MxG4uyaA,https://maps.app.goo.gl/wbNjvBPsJioGNogn8; https://maps.app.goo.gl/DAATNJRd8MxG4uyaA
BDS-MASTER-0358,chung cư Hòa Xuân,BDS-MASTER-0500,thành phần lô A2-3 Hòa Xuân,140,same_map_link; same_coord_0m,2024-09-27,,"16.0086551, 108.2168251","16.0086551, 108.2168251",https://maps.app.goo.gl/XwfK6AzNVqs5eFX17; https://maps.app.goo.gl/QAU1JqmdETLn951C,https://maps.app.goo.gl/XwfK6AzNVqs5eFX17; https://maps.app.goo.gl/QAU1JqmdETLn951C
BDS-MASTER-0359,chung cư nhiều nhưng số lượng dự án và thị trường thì thấy Đà Nẵng có vẻ sôi động hơn à Nhưng condotel ở Đà Nẵ,BDS-MASTER-0426,Khu nhà ở công nhân và chuyên gia tại xã Nhơn Trạch của Công ty TNHH Vạn Phúc,140,same_map_link; same_coord_0m,2024-10-25,,"16.053394, 108.247722","16.053394, 108.247722",https://maps.app.goo.gl/cuqyDKdtbfwW1DAa8,https://maps.app.goo.gl/cuqyDKdtbfwW1DAa8
BDS-MASTER-0360,chưa bàn giao nên chưa dc vào ở à,BDS-MASTER-0363,có giá vốn đất thấp trong khi hệ số cao (trên 11 chấm),140,same_map_link; same_coord_0m,2025-04-11,,"10.970034, 106.715651","10.970034, 106.715651",https://maps.app.goo.gl/t178LDzcrFtjxgEz9,https://maps.app.goo.gl/t178LDzcrFtjxgEz9
BDS-MASTER-0360,chưa bàn giao nên chưa dc vào ở à,BDS-MASTER-0396,trên có diện tích,140,same_map_link; same_coord_0m,2025-04-11,2025-08-13,"10.970034, 106.715651","10.970034, 106.715651",https://maps.app.goo.gl/t178LDzcrFtjxgEz9,https://maps.app.goo.gl/t178LDzcrFtjxgEz9
BDS-MASTER-0360,chưa bàn giao nên chưa dc vào ở à,BDS-MASTER-0423,HAI NHAN,140,same_map_link; same_coord_0m,2025-04-11,,"10.970034, 106.715651","10.970034, 106.715651",https://maps.app.goo.gl/t178LDzcrFtjxgEz9,https://maps.app.goo.gl/t178LDzcrFtjxgEz9
BDS-MASTER-0360,chưa bàn giao nên chưa dc vào ở à,BDS-MASTER-0493,Parklane P,140,same_map_link; same_coord_0m,2025-04-11,,"10.970034, 106.715651","10.970034, 106.715651",https://maps.app.goo.gl/t178LDzcrFtjxgEz9,https://maps.app.goo.gl/t178LDzcrFtjxgEz9
BDS-MASTER-0360,chưa bàn giao nên chưa dc vào ở à,BDS-MASTER-0502,thì họ sẽ làm như thế nào Huy M - IM Rồi anh tính phương án thử by Admin 01,140,same_map_link; same_coord_0m,2025-04-11,,"10.970034, 106.715651","10.970034, 106.715651",https://maps.app.goo.gl/t178LDzcrFtjxgEz9,https://maps.app.goo.gl/t178LDzcrFtjxgEz9
BDS-MASTER-0360,chưa bàn giao nên chưa dc vào ở à,BDS-MASTER-0503,đã được đưa vào danh sách thí điểm 171 Số thự tự 41,140,same_map_link; same_coord_0m,2025-04-11,,"10.970034, 106.715651","10.970034, 106.715651",https://maps.app.goo.gl/t178LDzcrFtjxgEz9,https://maps.app.goo.gl/t178LDzcrFtjxgEz9
BDS-MASTER-0361,chợ lớn có khi phải điều chỉnh ranh Dự án Chợ Lớn đang làm quy hoạch anh Tài đã có cập nhật ranh Metro vào rồi,BDS-MASTER-0405,được tính bằng cách lấy tổng doanh thu trừ các chi phí vận hành trực tiếp (như chi phí phòng,140,same_map_link; same_coord_0m,2024-11-25,2025-06-29,"10.6963753, 106.6108851","10.6963753, 106.6108851",https://maps.app.goo.gl/UEv62Ht1RcfDLLML8,https://maps.app.goo.gl/UEv62Ht1RcfDLLML8
BDS-MASTER-0362,càng tốt ạ Vì luật hiện nay vẫn quy định đơn giá ko dc,BDS-MASTER-0375,lớn xảy ra sai phạm nghiêm trọng trong quản lý đất đai của tỉnh Đồng Nai,140,same_map_link; same_coord_0m,2025-02-13,2023-07-07,"10.6629773, 106.8625131","10.6629773, 106.8625131",https://maps.app.goo.gl/yVp7cfpfnfdzb7mV7,https://maps.app.goo.gl/yVp7cfpfnfdzb7mV7
BDS-MASTER-0362,càng tốt ạ Vì luật hiện nay vẫn quy định đơn giá ko dc,BDS-MASTER-0407,đấu thầu 386ha - Nhơn Trạch,140,same_map_link; same_coord_0m,2025-02-13,2025-07-15,"10.6629773, 106.8625131","10.6629773, 106.8625131",https://maps.app.goo.gl/yVp7cfpfnfdzb7mV7,https://maps.app.goo.gl/yVp7cfpfnfdzb7mV7
BDS-MASTER-0362,càng tốt ạ Vì luật hiện nay vẫn quy định đơn giá ko dc,BDS-MASTER-0417,Aqua thì hiện nay Nova đang dừng triển khai ở dự án này,140,same_map_link; same_coord_0m,2025-02-13,2023-06-03,"10.6629773, 106.8625131","10.6629773, 106.8625131",https://maps.app.goo.gl/yVp7cfpfnfdzb7mV7,https://maps.app.goo.gl/yVp7cfpfnfdzb7mV7
BDS-MASTER-0363,có giá vốn đất thấp trong khi hệ số cao (trên 11 chấm),BDS-MASTER-0396,trên có diện tích,140,same_map_link; same_coord_0m,,2025-08-13,"10.970034, 106.715651","10.970034, 106.715651",https://maps.app.goo.gl/t178LDzcrFtjxgEz9,https://maps.app.goo.gl/t178LDzcrFtjxgEz9
BDS-MASTER-0363,có giá vốn đất thấp trong khi hệ số cao (trên 11 chấm),BDS-MASTER-0423,HAI NHAN,140,same_map_link; same_coord_0m,,,"10.970034, 106.715651","10.970034, 106.715651",https://maps.app.goo.gl/t178LDzcrFtjxgEz9,https://maps.app.goo.gl/t178LDzcrFtjxgEz9
BDS-MASTER-0363,có giá vốn đất thấp trong khi hệ số cao (trên 11 chấm),BDS-MASTER-0493,Parklane P,140,same_map_link; same_coord_0m,,,"10.970034, 106.715651","10.970034, 106.715651",https://maps.app.goo.gl/t178LDzcrFtjxgEz9,https://maps.app.goo.gl/t178LDzcrFtjxgEz9
BDS-MASTER-0363,có giá vốn đất thấp trong khi hệ số cao (trên 11 chấm),BDS-MASTER-0502,thì họ sẽ làm như thế nào Huy M - IM Rồi anh tính phương án thử by Admin 01,140,same_map_link; same_coord_0m,,,"10.970034, 106.715651","10.970034, 106.715651",https://maps.app.goo.gl/t178LDzcrFtjxgEz9,https://maps.app.goo.gl/t178LDzcrFtjxgEz9
BDS-MASTER-0363,có giá vốn đất thấp trong khi hệ số cao (trên 11 chấm),BDS-MASTER-0503,đã được đưa vào danh sách thí điểm 171 Số thự tự 41,140,same_map_link; same_coord_0m,,,"10.970034, 106.715651","10.970034, 106.715651",https://maps.app.goo.gl/t178LDzcrFtjxgEz9,https://maps.app.goo.gl/t178LDzcrFtjxgEz9
BDS-MASTER-0365,của Novaland được tháo gỡ liên quan đến Waterbay và Lakeview theo NQ 170 của Quốc Hội Liên quan đến vấn đề giả,BDS-MASTER-0367,hiện tại mình đang vận hành để xem thử mình có chi phí nào khác cần bổ sung không à,140,same_map_link; same_coord_0m,2025-02-28,2025-04-08,"10.652525, 107.083154","10.652525, 107.083154",https://maps.app.goo.gl/efNjqXtJS5uqAid67,https://maps.app.goo.gl/efNjqXtJS5uqAid67
BDS-MASTER-0365,của Novaland được tháo gỡ liên quan đến Waterbay và Lakeview theo NQ 170 của Quốc Hội Liên quan đến vấn đề giả,BDS-MASTER-0430,The Bale của Được gửi giá đã giảm mà lại ko lãi hã Begin quote,140,same_map_link; same_coord_0m,2025-02-28,2023-06-01,"10.652525, 107.083154","10.652525, 107.083154",https://maps.app.goo.gl/efNjqXtJS5uqAid67,https://maps.app.goo.gl/efNjqXtJS5uqAid67
BDS-MASTER-0365,của Novaland được tháo gỡ liên quan đến Waterbay và Lakeview theo NQ 170 của Quốc Hội Liên quan đến vấn đề giả,BDS-MASTER-0435,chợ lớn có khi phải điều chỉnh ranh Begin quote,140,same_map_link; same_coord_0m,2025-02-28,2024-11-25,"10.652525, 107.083154","10.652525, 107.083154",https://maps.app.goo.gl/efNjqXtJS5uqAid67,https://maps.app.goo.gl/efNjqXtJS5uqAid67
BDS-MASTER-0367,hiện tại mình đang vận hành để xem thử mình có chi phí nào khác cần bổ sung không à,BDS-MASTER-0430,The Bale của Được gửi giá đã giảm mà lại ko lãi hã Begin quote,140,same_map_link; same_coord_0m,2025-04-08,2023-06-01,"10.652525, 107.083154","10.652525, 107.083154",https://maps.app.goo.gl/efNjqXtJS5uqAid67,https://maps.app.goo.gl/efNjqXtJS5uqAid67
BDS-MASTER-0367,hiện tại mình đang vận hành để xem thử mình có chi phí nào khác cần bổ sung không à,BDS-MASTER-0435,chợ lớn có khi phải điều chỉnh ranh Begin quote,140,same_map_link; same_coord_0m,2025-04-08,2024-11-25,"10.652525, 107.083154","10.652525, 107.083154",https://maps.app.goo.gl/efNjqXtJS5uqAid67,https://maps.app.goo.gl/efNjqXtJS5uqAid67
BDS-MASTER-0374,lớn và có quy mô tương tự dự án Nghiên cứu (Dự án – Hùng Thắng 1,BDS-MASTER-0433,bên mình đã đang follow nha a Huy Mai-PTDT Anh đã share hồ sơ cho em rồi nha,140,same_map_link; same_coord_0m,2022-10-01,2023-04-24,"10.6873566, 106.7186056","10.6873566, 106.7186056",https://goo.gl/maps/k4R8TwNVtrg4BrJc9,https://goo.gl/maps/k4R8TwNVtrg4BrJc9
BDS-MASTER-0375,lớn xảy ra sai phạm nghiêm trọng trong quản lý đất đai của tỉnh Đồng Nai,BDS-MASTER-0407,đấu thầu 386ha - Nhơn Trạch,140,same_map_link; same_coord_0m,2023-07-07,2025-07-15,"10.6629773, 106.8625131","10.6629773, 106.8625131",https://maps.app.goo.gl/yVp7cfpfnfdzb7mV7,https://maps.app.goo.gl/yVp7cfpfnfdzb7mV7
BDS-MASTER-0375,lớn xảy ra sai phạm nghiêm trọng trong quản lý đất đai của tỉnh Đồng Nai,BDS-MASTER-0417,Aqua thì hiện nay Nova đang dừng triển khai ở dự án này,140,same_map_link; same_coord_0m,2023-07-07,2023-06-03,"10.6629773, 106.8625131","10.6629773, 106.8625131",https://maps.app.goo.gl/yVp7cfpfnfdzb7mV7,https://maps.app.goo.gl/yVp7cfpfnfdzb7mV7
BDS-MASTER-0377,nghỉ dưỡng nghìn tỷ bà Trương Mỹ Lan từng thâu tóm Ngân hàng TMCP Công Thương Việt Nam - Chi nhánh Thủ Thiêm (,BDS-MASTER-0409,ở Thái à Bên Thái tuần này đang trong thời gian nghỉ,140,same_map_link; same_coord_0m,2024-06-02,2023-04-15,"10.5753906, 107.5708884","10.5753906, 107.5708884",https://goo.gl/maps/JhPoRTM15vQA7Kk6A,https://goo.gl/maps/JhPoRTM15vQA7Kk6A
BDS-MASTER-0377,nghỉ dưỡng nghìn tỷ bà Trương Mỹ Lan từng thâu tóm Ngân hàng TMCP Công Thương Việt Nam - Chi nhánh Thủ Thiêm (,BDS-MASTER-0455,này hồi xưa mình có thông tin nhưng s,140,same_map_link; same_coord_0m,2024-06-02,2023-09-07,"10.5753906, 107.5708884","10.5753906, 107.5708884",https://goo.gl/maps/JhPoRTM15vQA7Kk6A,https://goo.gl/maps/JhPoRTM15vQA7Kk6A
BDS-MASTER-0378,nào mà đóng tssđ hàng năm nó cứ tăng hàng năm nữa,BDS-MASTER-0394,thì khả năng cao dự án không phải nộp thêm ạ,140,same_map_link; same_coord_0m,2023-08-11,,"10.840677, 106.719716","10.840677, 106.719716",https://maps.app.goo.gl/ioqJ9N2mKRyMdiAe6,https://maps.app.goo.gl/ioqJ9N2mKRyMdiAe6
BDS-MASTER-0378,nào mà đóng tssđ hàng năm nó cứ tăng hàng năm nữa,BDS-MASTER-0420,Gladia heights dự kiến triển khai trong 2026 này,140,same_map_link; same_coord_0m,2023-08-11,,"10.840677, 106.719716","10.840677, 106.719716",https://maps.app.goo.gl/ioqJ9N2mKRyMdiAe6,https://maps.app.goo.gl/ioqJ9N2mKRyMdiAe6
BDS-MASTER-0378,nào mà đóng tssđ hàng năm nó cứ tăng hàng năm nữa,BDS-MASTER-0471,thông qua đấu thầu nên khả năng cao chỉ thực hiện được chuyển nhượng thông qua hình thức mua cổ phần nên,140,same_map_link; same_coord_0m,2023-08-11,2025-06-26,"10.840677, 106.719716","10.840677, 106.719716",https://maps.app.goo.gl/ioqJ9N2mKRyMdiAe6,https://maps.app.goo.gl/ioqJ9N2mKRyMdiAe6
BDS-MASTER-0394,thì khả năng cao dự án không phải nộp thêm ạ,BDS-MASTER-0420,Gladia heights dự kiến triển khai trong 2026 này,140,same_map_link; same_coord_0m,,,"10.840677, 106.719716","10.840677, 106.719716",https://maps.app.goo.gl/ioqJ9N2mKRyMdiAe6,https://maps.app.goo.gl/ioqJ9N2mKRyMdiAe6
BDS-MASTER-0394,thì khả năng cao dự án không phải nộp thêm ạ,BDS-MASTER-0471,thông qua đấu thầu nên khả năng cao chỉ thực hiện được chuyển nhượng thông qua hình thức mua cổ phần nên,140,same_map_link; same_coord_0m,,2025-06-26,"10.840677, 106.719716","10.840677, 106.719716",https://maps.app.goo.gl/ioqJ9N2mKRyMdiAe6,https://maps.app.goo.gl/ioqJ9N2mKRyMdiAe6
BDS-MASTER-0396,trên có diện tích,BDS-MASTER-0423,HAI NHAN,140,same_map_link; same_coord_0m,2025-08-13,,"10.970034, 106.715651","10.970034, 106.715651",https://maps.app.goo.gl/t178LDzcrFtjxgEz9,https://maps.app.goo.gl/t178LDzcrFtjxgEz9
BDS-MASTER-0396,trên có diện tích,BDS-MASTER-0493,Parklane P,140,same_map_link; same_coord_0m,2025-08-13,,"10.970034, 106.715651","10.970034, 106.715651",https://maps.app.goo.gl/t178LDzcrFtjxgEz9,https://maps.app.goo.gl/t178LDzcrFtjxgEz9
BDS-MASTER-0396,trên có diện tích,BDS-MASTER-0502,thì họ sẽ làm như thế nào Huy M - IM Rồi anh tính phương án thử by Admin 01,140,same_map_link; same_coord_0m,2025-08-13,,"10.970034, 106.715651","10.970034, 106.715651",https://maps.app.goo.gl/t178LDzcrFtjxgEz9,https://maps.app.goo.gl/t178LDzcrFtjxgEz9
BDS-MASTER-0396,trên có diện tích,BDS-MASTER-0503,đã được đưa vào danh sách thí điểm 171 Số thự tự 41,140,same_map_link; same_coord_0m,2025-08-13,,"10.970034, 106.715651","10.970034, 106.715651",https://maps.app.goo.gl/t178LDzcrFtjxgEz9,https://maps.app.goo.gl/t178LDzcrFtjxgEz9
BDS-MASTER-0403,đang ở giai đoạn đ,BDS-MASTER-0442,của Nova đang khởi công t,140,same_map_link; same_coord_0m,2024-07-24,2023-06-06,"10.686804, 106.936193","10.686804, 106.936193",https://maps.app.goo.gl/QVMCmJp83pMBNKrL8,https://maps.app.goo.gl/QVMCmJp83pMBNKrL8
BDS-MASTER-0407,đấu thầu 386ha - Nhơn Trạch,BDS-MASTER-0417,Aqua thì hiện nay Nova đang dừng triển khai ở dự án này,140,same_map_link; same_coord_0m,2025-07-15,2023-06-03,"10.6629773, 106.8625131","10.6629773, 106.8625131",https://maps.app.goo.gl/yVp7cfpfnfdzb7mV7,https://maps.app.goo.gl/yVp7cfpfnfdzb7mV7
BDS-MASTER-0409,ở Thái à Bên Thái tuần này đang trong thời gian nghỉ,BDS-MASTER-0455,này hồi xưa mình có thông tin nhưng s,140,same_map_link; same_coord_0m,2023-04-15,2023-09-07,"10.5753906, 107.5708884","10.5753906, 107.5708884",https://goo.gl/maps/JhPoRTM15vQA7Kk6A,https://goo.gl/maps/JhPoRTM15vQA7Kk6A
BDS-MASTER-0410,ở khu Long Phước,BDS-MASTER-0437,cùng phân khúc rẻ nhất Q9 Kiếm các dự án ở khu Long Phước,140,same_map_link; same_coord_0m,2023-06-10,2023-06-10,"10.8155176, 106.839008","10.8155176, 106.839008",https://goo.gl/maps/CJMhzfJXxVkLkHgVA,https://goo.gl/maps/CJMhzfJXxVkLkHgVA
BDS-MASTER-0411,ở vị trí khác nên phương án kinh doanh đưa lên không còn chính xác,BDS-MASTER-0412,12ha đủ lớn để có thể địn hướng triển khai tiện ích cảnh quan,140,same_map_link; same_coord_0m,2025-09-23,,"15.8884285, 108.3559502","15.8884285, 108.3559502",https://maps.app.goo.gl/zNrudtbb4kMk2xxv5,https://maps.app.goo.gl/zNrudtbb4kMk2xxv5
BDS-MASTER-0418,Cát Lái,BDS-MASTER-0469,sẽ hơi nhiều gốc cạnh sau khi ráp 2 miếng vào,140,same_map_link; same_coord_0m,,,"10.8486272, 106.7188746","10.8486272, 106.7188746",https://maps.app.goo.gl/oHEYY6H9GGykdD9C6,https://maps.app.goo.gl/oHEYY6H9GGykdD9C6
BDS-MASTER-0418,Cát Lái,BDS-MASTER-0501,thì cách tiếp cận sẽ khác so với các PA ban đầu,140,same_map_link; same_coord_0m,,,"10.8486272, 106.7188746","10.8486272, 106.7188746",https://maps.app.goo.gl/oHEYY6H9GGykdD9C6,https://maps.app.goo.gl/oHEYY6H9GGykdD9C6
BDS-MASTER-0420,Gladia heights dự kiến triển khai trong 2026 này,BDS-MASTER-0471,thông qua đấu thầu nên khả năng cao chỉ thực hiện được chuyển nhượng thông qua hình thức mua cổ phần nên,140,same_map_link; same_coord_0m,,2025-06-26,"10.840677, 106.719716","10.840677, 106.719716",https://maps.app.goo.gl/ioqJ9N2mKRyMdiAe6,https://maps.app.goo.gl/ioqJ9N2mKRyMdiAe6
BDS-MASTER-0423,HAI NHAN,BDS-MASTER-0493,Parklane P,140,same_map_link; same_coord_0m,,,"10.970034, 106.715651","10.970034, 106.715651",https://maps.app.goo.gl/t178LDzcrFtjxgEz9,https://maps.app.goo.gl/t178LDzcrFtjxgEz9
BDS-MASTER-0423,HAI NHAN,BDS-MASTER-0502,thì họ sẽ làm như thế nào Huy M - IM Rồi anh tính phương án thử by Admin 01,140,same_map_link; same_coord_0m,,,"10.970034, 106.715651","10.970034, 106.715651",https://maps.app.goo.gl/t178LDzcrFtjxgEz9,https://maps.app.goo.gl/t178LDzcrFtjxgEz9
BDS-MASTER-0423,HAI NHAN,BDS-MASTER-0503,đã được đưa vào danh sách thí điểm 171 Số thự tự 41,140,same_map_link; same_coord_0m,,,"10.970034, 106.715651","10.970034, 106.715651",https://maps.app.goo.gl/t178LDzcrFtjxgEz9,https://maps.app.goo.gl/t178LDzcrFtjxgEz9
BDS-MASTER-0428,Phượng Hoàng theo Chính sách bán hàng mới từ Mr Cường (SM),BDS-MASTER-0459,này sau phải tăng chi phí này lên by Unknown User,140,same_map_link; same_coord_0m,2025-09-10,2025-03-14,"10.9572431, 106.7389459","10.9572431, 106.7389459",https://maps.app.goo.gl/xomcfbw3UHPYcLxG8,https://maps.app.goo.gl/xomcfbw3UHPYcLxG8
BDS-MASTER-0430,The Bale của Được gửi giá đã giảm mà lại ko lãi hã Begin quote,BDS-MASTER-0435,chợ lớn có khi phải điều chỉnh ranh Begin quote,140,same_map_link; same_coord_0m,2023-06-01,2024-11-25,"10.652525, 107.083154","10.652525, 107.083154",https://maps.app.goo.gl/efNjqXtJS5uqAid67,https://maps.app.goo.gl/efNjqXtJS5uqAid67
BDS-MASTER-0432,by Huy M - IM,BDS-MASTER-0472,thương hiệu Trump đầu tiên tại Việt Nam - Tuổi Trẻ Online Chiều 21-5,140,same_map_link; same_coord_0m,2024-12-06,2025-05-25,"10.9574728, 106.7074293","10.9574728, 106.7074293",https://goo.gl/maps/xNEqZWHrXNzKYLHe6,https://goo.gl/maps/xNEqZWHrXNzKYLHe6
BDS-MASTER-0432,by Huy M - IM,BDS-MASTER-0476,trên đã có các nhà đàu tư đăng ký tham gia đấu thầu,140,same_map_link; same_coord_0m,2024-12-06,,"10.9574728, 106.7074293","10.9574728, 106.7074293",https://goo.gl/maps/xNEqZWHrXNzKYLHe6,https://goo.gl/maps/xNEqZWHrXNzKYLHe6
BDS-MASTER-0432,by Huy M - IM,BDS-MASTER-0477,tuy đạt hiệu quả đầu tư về mặt tính t,140,same_map_link; same_coord_0m,2024-12-06,2024-12-06,"10.9574728, 106.7074293","10.9574728, 106.7074293",https://goo.gl/maps/xNEqZWHrXNzKYLHe6,https://goo.gl/maps/xNEqZWHrXNzKYLHe6
BDS-MASTER-0434,bị Phốt nhiều à Vậy bỏ qua cái Đức Long nha by Unknown User,BDS-MASTER-0479,tại Đà Lạt vào ngày 09-11,140,same_map_link; same_coord_0m,2025-04-03,,"10.6312837, 107.0212037","10.6312837, 107.0212037",https://goo.gl/maps/JtDt3jc8pMZ3n7xH9; https://goo.gl/maps/GPLvd34uRNT1EL5bA; https://goo.gl/maps/oJP5R9Jfe8yAcrWY6,https://goo.gl/maps/JtDt3jc8pMZ3n7xH9; https://goo.gl/maps/GPLvd34uRNT1EL5bA; https://goo.gl/maps/oJP5R9Jfe8yAcrWY6
BDS-MASTER-0446,hiệu quả IRR đạt 10%,BDS-MASTER-0485,được xác định bằng giá vốn ban đầu,140,same_map_link; same_coord_0m,,2026-04-13,"11.941268, 108.463187","11.941268, 108.463187",https://maps.app.goo.gl/6iyNdteYfVyyT9Xy9,https://maps.app.goo.gl/6iyNdteYfVyyT9Xy9
BDS-MASTER-0469,sẽ hơi nhiều gốc cạnh sau khi ráp 2 miếng vào,BDS-MASTER-0501,thì cách tiếp cận sẽ khác so với các PA ban đầu,140,same_map_link; same_coord_0m,,,"10.8486272, 106.7188746","10.8486272, 106.7188746",https://maps.app.goo.gl/oHEYY6H9GGykdD9C6,https://maps.app.goo.gl/oHEYY6H9GGykdD9C6
BDS-MASTER-0472,thương hiệu Trump đầu tiên tại Việt Nam - Tuổi Trẻ Online Chiều 21-5,BDS-MASTER-0476,trên đã có các nhà đàu tư đăng ký tham gia đấu thầu,140,same_map_link; same_coord_0m,2025-05-25,,"10.9574728, 106.7074293","10.9574728, 106.7074293",https://goo.gl/maps/xNEqZWHrXNzKYLHe6,https://goo.gl/maps/xNEqZWHrXNzKYLHe6
BDS-MASTER-0472,thương hiệu Trump đầu tiên tại Việt Nam - Tuổi Trẻ Online Chiều 21-5,BDS-MASTER-0477,tuy đạt hiệu quả đầu tư về mặt tính t,140,same_map_link; same_coord_0m,2025-05-25,2024-12-06,"10.9574728, 106.7074293","10.9574728, 106.7074293",https://goo.gl/maps/xNEqZWHrXNzKYLHe6,https://goo.gl/maps/xNEqZWHrXNzKYLHe6
BDS-MASTER-0476,trên đã có các nhà đàu tư đăng ký tham gia đấu thầu,BDS-MASTER-0477,tuy đạt hiệu quả đầu tư về mặt tính t,140,same_map_link; same_coord_0m,,2024-12-06,"10.9574728, 106.7074293","10.9574728, 106.7074293",https://goo.gl/maps/xNEqZWHrXNzKYLHe6,https://goo.gl/maps/xNEqZWHrXNzKYLHe6
BDS-MASTER-0493,Parklane P,BDS-MASTER-0502,thì họ sẽ làm như thế nào Huy M - IM Rồi anh tính phương án thử by Admin 01,140,same_map_link; same_coord_0m,,,"10.970034, 106.715651","10.970034, 106.715651",https://maps.app.goo.gl/t178LDzcrFtjxgEz9,https://maps.app.goo.gl/t178LDzcrFtjxgEz9
BDS-MASTER-0493,Parklane P,BDS-MASTER-0503,đã được đưa vào danh sách thí điểm 171 Số thự tự 41,140,same_map_link; same_coord_0m,,,"10.970034, 106.715651","10.970034, 106.715651",https://maps.app.goo.gl/t178LDzcrFtjxgEz9,https://maps.app.goo.gl/t178LDzcrFtjxgEz9
BDS-MASTER-0502,thì họ sẽ làm như thế nào Huy M - IM Rồi anh tính phương án thử by Admin 01,BDS-MASTER-0503,đã được đưa vào danh sách thí điểm 171 Số thự tự 41,140,same_map_link; same_coord_0m,,,"10.970034, 106.715651","10.970034, 106.715651",https://maps.app.goo.gl/t178LDzcrFtjxgEz9,https://maps.app.goo.gl/t178LDzcrFtjxgEz9
BDS-MASTER-0020,khách sạn Felicia Đà Nẵng,BDS-MASTER-0085,Felicia Đà Nẵng,105,name_sim=1.00; same_coord_1m,2024-10-15,2025-02-19,"16.053387, 108.247727","16.053394, 108.247722",https://maps.app.goo.gl/xQZeRwkJHuyDhx496,https://maps.app.goo.gl/cuqyDKdtbfwW1DAa8
BDS-MASTER-0085,Felicia Đà Nẵng,BDS-MASTER-0310,khách sạn Felicia Đà Nẵng,105,name_sim=1.00; same_coord_1m,2025-02-19,2024-10-15,"16.053394, 108.247722","16.053387, 108.247727",https://maps.app.goo.gl/cuqyDKdtbfwW1DAa8,https://maps.app.goo.gl/xQZeRwkJHuyDhx496
BDS-MASTER-0096,168ha gần Khu Đa,BDS-MASTER-0277,168ha gần Khu Đa Phước - OneDrive (sharepoint,105,same_map_link; same_source_similar_name,2022-07-19,2022-07-19,,,https://goo.gl/maps/35GfKER,https://goo.gl/maps/35GfKER
BDS-MASTER-0144,không đạt hiệu quả tài chính,BDS-MASTER-0171,cơ bản đạt hiệu quả tài chính,105,same_map_link; same_source_similar_name,2023-04-11,2022-09-06,"10.7859743, 106.6805759","10.0834553, 103.9870113",https://goo.gl/maps/AivqKgNA3GRARDNZ7; https://goo.gl/maps/eqfdgJBc7XT7VhAW8,https://goo.gl/maps/QUDziRBdFv7URi8QA; https://goo.gl/maps/eqfdgJBc7XT7VhAW8
BDS-MASTER-0171,cơ bản đạt hiệu quả tài chính,BDS-MASTER-0174,không đạt hiệu quả tài,105,same_map_link; same_source_similar_name,2022-09-06,2022-12-14,"10.0834553, 103.9870113","21.250395, 105.5350413",https://goo.gl/maps/QUDziRBdFv7URi8QA; https://goo.gl/maps/eqfdgJBc7XT7VhAW8,https://goo.gl/maps/eqfdgJBc7XT7VhAW8
BDS-MASTER-0055,Chưa đặt tên,BDS-MASTER-0088,Võ Văn Kiệt) cố định ~ 190 tr/m2,80,same_map_link,2026-06-29,,"10.970034, 106.715651","10.8403809, 106.7198151",https://www.google.com/maps?q=10.8403809; https://maps.app.goo.gl/LU2Nvzo1LBLur6; https://maps.app.goo.gl/7uS84wL1B4oMwKEw9?g_st=ipc; https://www.google.com/maps/d/edit?mid; https://www.google.com/maps/d/edit?mid=1HzxvPX,"https://www.google.com/maps?q=10.8403809; https://www.google.com/maps?q=10.8403809,106.7198151&entry=gps&shh=CAE&lucs=,94297699,94231188,9428"
BDS-MASTER-0055,Chưa đặt tên,BDS-MASTER-0379,này dự kiến 2026 sẽ bắt đầu ra tin à image by Huy M - IM,80,same_map_link,2026-06-29,2025-04-21,"10.970034, 106.715651",,https://www.google.com/maps?q=10.8403809; https://maps.app.goo.gl/LU2Nvzo1LBLur6; https://maps.app.goo.gl/7uS84wL1B4oMwKEw9?g_st=ipc; https://www.google.com/maps/d/edit?mid; https://www.google.com/maps/d/edit?mid=1HzxvPX,https://www.google.com/maps/d/edit?mid
BDS-MASTER-0055,Chưa đặt tên,BDS-MASTER-0410,ở khu Long Phước,80,same_map_link,2026-06-29,2023-06-10,"10.970034, 106.715651","10.8155176, 106.839008",https://www.google.com/maps?q=10.8403809; https://maps.app.goo.gl/LU2Nvzo1LBLur6; https://maps.app.goo.gl/7uS84wL1B4oMwKEw9?g_st=ipc; https://www.google.com/maps/d/edit?mid; https://www.google.com/maps/d/edit?mid=1HzxvPX,https://goo.gl/maps/CJMhzfJXxVkLkHgVA
BDS-MASTER-0055,Chưa đặt tên,BDS-MASTER-0431,Vo Van Kiet Gop 2 Lo (IN),80,same_map_link,2026-06-29,,"10.970034, 106.715651","10.8403809, 106.7198151",https://www.google.com/maps?q=10.8403809; https://maps.app.goo.gl/LU2Nvzo1LBLur6; https://maps.app.goo.gl/7uS84wL1B4oMwKEw9?g_st=ipc; https://www.google.com/maps/d/edit?mid; https://www.google.com/maps/d/edit?mid=1HzxvPX,"https://www.google.com/maps?q=10.8403809; https://www.google.com/maps?q=10.8403809,106.7198151&entry=gps&shh=CAE&lucs=,94297699,94231188,9428"
BDS-MASTER-0055,Chưa đặt tên,BDS-MASTER-0437,cùng phân khúc rẻ nhất Q9 Kiếm các dự án ở khu Long Phước,80,same_map_link,2026-06-29,2023-06-10,"10.970034, 106.715651","10.8155176, 106.839008",https://www.google.com/maps?q=10.8403809; https://maps.app.goo.gl/LU2Nvzo1LBLur6; https://maps.app.goo.gl/7uS84wL1B4oMwKEw9?g_st=ipc; https://www.google.com/maps/d/edit?mid; https://www.google.com/maps/d/edit?mid=1HzxvPX,https://goo.gl/maps/CJMhzfJXxVkLkHgVA
BDS-MASTER-0055,Chưa đặt tên,BDS-MASTER-0440,của DIG,80,same_map_link,2026-06-29,2025-04-18,"10.970034, 106.715651",,https://www.google.com/maps?q=10.8403809; https://maps.app.goo.gl/LU2Nvzo1LBLur6; https://maps.app.goo.gl/7uS84wL1B4oMwKEw9?g_st=ipc; https://www.google.com/maps/d/edit?mid; https://www.google.com/maps/d/edit?mid=1HzxvPX,https://www.google.com/maps/d/edit?mid
BDS-MASTER-0055,Chưa đặt tên,BDS-MASTER-0441,của DIG rồi ạ Begin quote,80,same_map_link,2026-06-29,2025-04-18,"10.970034, 106.715651",,https://www.google.com/maps?q=10.8403809; https://maps.app.goo.gl/LU2Nvzo1LBLur6; https://maps.app.goo.gl/7uS84wL1B4oMwKEw9?g_st=ipc; https://www.google.com/maps/d/edit?mid; https://www.google.com/maps/d/edit?mid=1HzxvPX,https://maps.app.goo.gl/5iiRqTtYeBvcHiWK6?g_st=com.microsoft.skype.teams.extshare
BDS-MASTER-0064,có 2 mặt tiền đường Thuận An Hóa rộng khoảng 60m,BDS-MASTER-0123,132 $/phòng/đêm 145,80,same_map_link,2022-09-06,2022-11-04,"10.8569731, 106.7820395","10.0933353, 103.9855213",https://goo.gl/maps/g4UerEukDLx9YjWt5,https://goo.gl/maps/TKu4Ej99YDW51J8o6; https://goo.gl/maps/g4UerEukDLx9YjWt5
BDS-MASTER-0068,tại 353 Nơ Trang Long,BDS-MASTER-0481,xung quanh do phòng R&D tổng hợp,80,same_map_link,2025-10-07,,"10.8195551, 106.702349",,https://www.google.com/maps/d/edit?mid=1Fl7DvT-DOnJvyHZ0Oq5v-nUadBLGHFo&usp=sharing,https://www.google.com/maps/d/edit?mid=1Fl7DvT-DOnJvyHZ0Oq5v-nUadBLGHFo&usp=sharing
BDS-MASTER-0076,có 1 mặt tiền đường Song Hành rộng khoảng 110m của đường Xa lộ Hà Nội,BDS-MASTER-0123,132 $/phòng/đêm 145,80,same_map_link,2022-09-06,2022-11-04,"10.8569731, 106.7820395","10.0933353, 103.9855213",https://goo.gl/maps/g4UerEukDLx9YjWt5,https://goo.gl/maps/TKu4Ej99YDW51J8o6; https://goo.gl/maps/g4UerEukDLx9YjWt5
BDS-MASTER-0080,~38ha,BDS-MASTER-0139,Văn phòng – An Phú,80,same_map_link,,,,,https://www.google.com/maps/d/edit?mid=1SAcLUqc-JTEBiY1uNXVoDUdI-a5wJd0&ll=10.002013642197713%2C105; https://www.google.com/maps/d/edit?mid=1SAcLUqc-JTEBiY1uNXVoDUdI-a5wJd0&ll=10.002013642197713%2C105…,https://www.google.com/maps/d/edit?mid=1SAcLUqc-JTEBiY1uNXVoDUdI-a5wJd0&ll=10.002013642197713%2C105; https://www.google.com/maps/d/edit?mid=1SAcLUqc-JTEBiY1uNXVoDUdI-a5wJd0&ll=10.002013642197713%2C105…
BDS-MASTER-0080,~38ha,BDS-MASTER-0173,hiệu quả với tỷ lệ LNTT/TMĐT từ > 12% là từ 90 triệu đồng/m2,80,same_map_link,,,,,https://www.google.com/maps/d/edit?mid=1SAcLUqc-JTEBiY1uNXVoDUdI-a5wJd0&ll=10.002013642197713%2C105; https://www.google.com/maps/d/edit?mid=1SAcLUqc-JTEBiY1uNXVoDUdI-a5wJd0&ll=10.002013642197713%2C105…,https://www.google.com/maps/d/edit?mid=1SAcLUqc-JTEBiY1uNXVoDUdI-a5wJd0&ll=10.002013642197713%2C105; https://www.google.com/maps/d/edit?mid=1SAcLUqc-JTEBiY1uNXVoDUdI-a5wJd0&ll=10.002013642197713%2C105…
BDS-MASTER-0080,~38ha,BDS-MASTER-0349,NOXH Đồng Nai (2 dự án trung tâm Biên Hòa)1,80,same_map_link,,,,,https://www.google.com/maps/d/edit?mid=1SAcLUqc-JTEBiY1uNXVoDUdI-a5wJd0&ll=10.002013642197713%2C105; https://www.google.com/maps/d/edit?mid=1SAcLUqc-JTEBiY1uNXVoDUdI-a5wJd0&ll=10.002013642197713%2C105…,https://www.google.com/maps/d/edit?mid=1SAcLUqc-JTEBiY1uNXVoDUdI-a5wJd0&ll=10.002013642197713%2C105; https://www.google.com/maps/d/edit?mid=1SAcLUqc-JTEBiY1uNXVoDUdI-a5wJd0&ll=10.002013642197713%2C105…
BDS-MASTER-0080,~38ha,BDS-MASTER-0368,hạ tầng kết nối lớn tại các tỉnh thành lân cận,80,same_map_link,,,,,https://www.google.com/maps/d/edit?mid=1SAcLUqc-JTEBiY1uNXVoDUdI-a5wJd0&ll=10.002013642197713%2C105; https://www.google.com/maps/d/edit?mid=1SAcLUqc-JTEBiY1uNXVoDUdI-a5wJd0&ll=10.002013642197713%2C105…,https://www.google.com/maps/d/edit?mid=1SAcLUqc-JTEBiY1uNXVoDUdI-a5wJd0&ll=10.002013642197713%2C105; https://www.google.com/maps/d/edit?mid=1SAcLUqc-JTEBiY1uNXVoDUdI-a5wJd0&ll=10.002013642197713%2C105…
BDS-MASTER-0080,~38ha,BDS-MASTER-0414,35ha 1,80,same_map_link,,,,,https://www.google.com/maps/d/edit?mid=1SAcLUqc-JTEBiY1uNXVoDUdI-a5wJd0&ll=10.002013642197713%2C105; https://www.google.com/maps/d/edit?mid=1SAcLUqc-JTEBiY1uNXVoDUdI-a5wJd0&ll=10.002013642197713%2C105…,https://www.google.com/maps/d/edit?mid=1SAcLUqc-JTEBiY1uNXVoDUdI-a5wJd0&ll=10.002013642197713%2C105; https://www.google.com/maps/d/edit?mid=1SAcLUqc-JTEBiY1uNXVoDUdI-a5wJd0&ll=10.002013642197713%2C105…
BDS-MASTER-0080,~38ha,BDS-MASTER-0443,của mình sẽ thực hiện đồng bộ theo hạ tầng của tỉnh Vậy cầu này làm để kết nói đường bộ ven biể,80,same_map_link,,2023-04-26,,,https://www.google.com/maps/d/edit?mid=1SAcLUqc-JTEBiY1uNXVoDUdI-a5wJd0&ll=10.002013642197713%2C105; https://www.google.com/maps/d/edit?mid=1SAcLUqc-JTEBiY1uNXVoDUdI-a5wJd0&ll=10.002013642197713%2C105…,https://www.google.com/maps/d/edit?mid=1SAcLUqc-JTEBiY1uNXVoDUdI-a5wJd0&ll=10.002013642197713%2C105; https://www.google.com/maps/d/edit?mid=1SAcLUqc-JTEBiY1uNXVoDUdI-a5wJd0&ll=10.002013642197713%2C105…
BDS-MASTER-0113,chung cư Hải Sơn có diện tích đất 8,BDS-MASTER-0235,đã và đang thực hiện trên BCTC,80,same_map_link,,,,,https://www.google.com/maps/d/edit?mid=1pYF3M65dQngj9P_VP8SbXUKy92nYnFo&usp=sharing,https://www.google.com/maps/d/edit?mid=1pYF3M65dQngj9P_VP8SbXUKy92nYnFo&usp=sharing
BDS-MASTER-0113,chung cư Hải Sơn có diện tích đất 8,BDS-MASTER-0490,Hiyori e đang tổng hợp thông tin,80,same_map_link,,2025-09-29,,,https://www.google.com/maps/d/edit?mid=1pYF3M65dQngj9P_VP8SbXUKy92nYnFo&usp=sharing,https://www.google.com/maps/d/edit?mid=1pYF3M65dQngj9P_VP8SbXUKy92nYnFo&usp=sharing
BDS-MASTER-0113,chung cư Hải Sơn có diện tích đất 8,BDS-MASTER-0498,không với những hạn chế ở trên,80,same_map_link,,,,,https://www.google.com/maps/d/edit?mid=1pYF3M65dQngj9P_VP8SbXUKy92nYnFo&usp=sharing,https://www.google.com/maps/d/edit?mid=1pYF3M65dQngj9P_VP8SbXUKy92nYnFo&usp=sharing
BDS-MASTER-0114,chung cư trên quy đất này có thể theo 2 hướng,BDS-MASTER-0123,132 $/phòng/đêm 145,80,same_map_link,2022-08-26,2022-11-04,"10.8569731, 106.7820395","10.0933353, 103.9855213",https://goo.gl/maps/g4UerEukDLx9YjWt5,https://goo.gl/maps/TKu4Ej99YDW51J8o6; https://goo.gl/maps/g4UerEukDLx9YjWt5
BDS-MASTER-0120,(Chi phí đất,BDS-MASTER-0127,Giá bán đề xuất,80,same_map_link,2022-12-15,2022-09-06,"20.235725, 106.4009513","21.250395, 105.5350413",https://goo.gl/maps/1eXNtJWdQZHPkvXp8; https://goo.gl/maps/eqfdgJBc7XT7VhAW8,https://goo.gl/maps/eqfdgJBc7XT7VhAW8
BDS-MASTER-0120,(Chi phí đất,BDS-MASTER-0144,không đạt hiệu quả tài chính,80,same_map_link,2022-12-15,2023-04-11,"20.235725, 106.4009513","10.7859743, 106.6805759",https://goo.gl/maps/1eXNtJWdQZHPkvXp8; https://goo.gl/maps/eqfdgJBc7XT7VhAW8,https://goo.gl/maps/AivqKgNA3GRARDNZ7; https://goo.gl/maps/eqfdgJBc7XT7VhAW8
BDS-MASTER-0120,(Chi phí đất,BDS-MASTER-0151,50ha thuộc huyện Vĩnh Tường – Yên Lạc,80,same_map_link,2022-12-15,2024-12-16,"20.235725, 106.4009513","21.250395, 105.5350413",https://goo.gl/maps/1eXNtJWdQZHPkvXp8; https://goo.gl/maps/eqfdgJBc7XT7VhAW8,https://goo.gl/maps/eqfdgJBc7XT7VhAW8
BDS-MASTER-0120,(Chi phí đất,BDS-MASTER-0155,Hải Âu tại Bãi Trường,80,same_map_link,2022-12-15,2022-11-04,"20.235725, 106.4009513","21.250395, 105.5350413",https://goo.gl/maps/1eXNtJWdQZHPkvXp8; https://goo.gl/maps/eqfdgJBc7XT7VhAW8,https://goo.gl/maps/eqfdgJBc7XT7VhAW8
BDS-MASTER-0120,(Chi phí đất,BDS-MASTER-0170,có tỷ lệ LNTT/TMDT đạt hiệu quả nhưng không đạt hiệu quả về chỉ tiêu IRR,80,same_map_link,2022-12-15,2024-12-16,"20.235725, 106.4009513","21.250395, 105.5350413",https://goo.gl/maps/1eXNtJWdQZHPkvXp8; https://goo.gl/maps/eqfdgJBc7XT7VhAW8,https://goo.gl/maps/eqfdgJBc7XT7VhAW8
BDS-MASTER-0120,(Chi phí đất,BDS-MASTER-0171,cơ bản đạt hiệu quả tài chính,80,same_map_link,2022-12-15,2022-09-06,"20.235725, 106.4009513","10.0834553, 103.9870113",https://goo.gl/maps/1eXNtJWdQZHPkvXp8; https://goo.gl/maps/eqfdgJBc7XT7VhAW8,https://goo.gl/maps/QUDziRBdFv7URi8QA; https://goo.gl/maps/eqfdgJBc7XT7VhAW8
BDS-MASTER-0120,(Chi phí đất,BDS-MASTER-0174,không đạt hiệu quả tài,80,same_map_link,2022-12-15,2022-12-14,"20.235725, 106.4009513","21.250395, 105.5350413",https://goo.gl/maps/1eXNtJWdQZHPkvXp8; https://goo.gl/maps/eqfdgJBc7XT7VhAW8,https://goo.gl/maps/eqfdgJBc7XT7VhAW8
BDS-MASTER-0120,(Chi phí đất,BDS-MASTER-0175,kết nối vào quỹ đất,80,same_map_link,2022-12-15,2022-09-26,"20.235725, 106.4009513","21.250395, 105.5350413",https://goo.gl/maps/1eXNtJWdQZHPkvXp8; https://goo.gl/maps/eqfdgJBc7XT7VhAW8,https://goo.gl/maps/eqfdgJBc7XT7VhAW8
BDS-MASTER-0120,(Chi phí đất,BDS-MASTER-0246,KDC,80,same_map_link,2022-12-15,2022-08-22,"20.235725, 106.4009513","21.250395, 105.5350413",https://goo.gl/maps/1eXNtJWdQZHPkvXp8; https://goo.gl/maps/eqfdgJBc7XT7VhAW8,https://goo.gl/maps/eqfdgJBc7XT7VhAW8
BDS-MASTER-0120,(Chi phí đất,BDS-MASTER-0278,50ha ở Vĩnh Yên,80,same_map_link,2022-12-15,2024-12-16,"20.235725, 106.4009513","21.250395, 105.5350413",https://goo.gl/maps/1eXNtJWdQZHPkvXp8; https://goo.gl/maps/eqfdgJBc7XT7VhAW8,https://goo.gl/maps/eqfdgJBc7XT7VhAW8
BDS-MASTER-0120,(Chi phí đất,BDS-MASTER-0341,HLW - Merryaland 1,80,same_map_link,2022-12-15,2022-08-23,"20.235725, 106.4009513","21.250395, 105.5350413",https://goo.gl/maps/1eXNtJWdQZHPkvXp8; https://goo.gl/maps/eqfdgJBc7XT7VhAW8,https://goo.gl/maps/eqfdgJBc7XT7VhAW8
BDS-MASTER-0120,(Chi phí đất,BDS-MASTER-0399,Đà Nẵng,80,same_map_link,2022-12-15,2022-09-12,"20.235725, 106.4009513","21.250395, 105.5350413",https://goo.gl/maps/1eXNtJWdQZHPkvXp8; https://goo.gl/maps/eqfdgJBc7XT7VhAW8,https://goo.gl/maps/eqfdgJBc7XT7VhAW8
BDS-MASTER-0127,Giá bán đề xuất,BDS-MASTER-0144,không đạt hiệu quả tài chính,80,same_map_link,2022-09-06,2023-04-11,"21.250395, 105.5350413","10.7859743, 106.6805759",https://goo.gl/maps/eqfdgJBc7XT7VhAW8,https://goo.gl/maps/AivqKgNA3GRARDNZ7; https://goo.gl/maps/eqfdgJBc7XT7VhAW8
BDS-MASTER-0127,Giá bán đề xuất,BDS-MASTER-0171,cơ bản đạt hiệu quả tài chính,80,same_map_link,2022-09-06,2022-09-06,"21.250395, 105.5350413","10.0834553, 103.9870113",https://goo.gl/maps/eqfdgJBc7XT7VhAW8,https://goo.gl/maps/QUDziRBdFv7URi8QA; https://goo.gl/maps/eqfdgJBc7XT7VhAW8
BDS-MASTER-0139,Văn phòng – An Phú,BDS-MASTER-0173,hiệu quả với tỷ lệ LNTT/TMĐT từ > 12% là từ 90 triệu đồng/m2,80,same_map_link,,,,,https://www.google.com/maps/d/edit?mid=1SAcLUqc-JTEBiY1uNXVoDUdI-a5wJd0&ll=10.002013642197713%2C105; https://www.google.com/maps/d/edit?mid=1SAcLUqc-JTEBiY1uNXVoDUdI-a5wJd0&ll=10.002013642197713%2C105…,https://www.google.com/maps/d/edit?mid=1SAcLUqc-JTEBiY1uNXVoDUdI-a5wJd0&ll=10.002013642197713%2C105; https://www.google.com/maps/d/edit?mid=1SAcLUqc-JTEBiY1uNXVoDUdI-a5wJd0&ll=10.002013642197713%2C105…
BDS-MASTER-0139,Văn phòng – An Phú,BDS-MASTER-0349,NOXH Đồng Nai (2 dự án trung tâm Biên Hòa)1,80,same_map_link,,,,,https://www.google.com/maps/d/edit?mid=1SAcLUqc-JTEBiY1uNXVoDUdI-a5wJd0&ll=10.002013642197713%2C105; https://www.google.com/maps/d/edit?mid=1SAcLUqc-JTEBiY1uNXVoDUdI-a5wJd0&ll=10.002013642197713%2C105…,https://www.google.com/maps/d/edit?mid=1SAcLUqc-JTEBiY1uNXVoDUdI-a5wJd0&ll=10.002013642197713%2C105; https://www.google.com/maps/d/edit?mid=1SAcLUqc-JTEBiY1uNXVoDUdI-a5wJd0&ll=10.002013642197713%2C105…
BDS-MASTER-0139,Văn phòng – An Phú,BDS-MASTER-0368,hạ tầng kết nối lớn tại các tỉnh thành lân cận,80,same_map_link,,,,,https://www.google.com/maps/d/edit?mid=1SAcLUqc-JTEBiY1uNXVoDUdI-a5wJd0&ll=10.002013642197713%2C105; https://www.google.com/maps/d/edit?mid=1SAcLUqc-JTEBiY1uNXVoDUdI-a5wJd0&ll=10.002013642197713%2C105…,https://www.google.com/maps/d/edit?mid=1SAcLUqc-JTEBiY1uNXVoDUdI-a5wJd0&ll=10.002013642197713%2C105; https://www.google.com/maps/d/edit?mid=1SAcLUqc-JTEBiY1uNXVoDUdI-a5wJd0&ll=10.002013642197713%2C105…
BDS-MASTER-0139,Văn phòng – An Phú,BDS-MASTER-0414,35ha 1,80,same_map_link,,,,,https://www.google.com/maps/d/edit?mid=1SAcLUqc-JTEBiY1uNXVoDUdI-a5wJd0&ll=10.002013642197713%2C105; https://www.google.com/maps/d/edit?mid=1SAcLUqc-JTEBiY1uNXVoDUdI-a5wJd0&ll=10.002013642197713%2C105…,https://www.google.com/maps/d/edit?mid=1SAcLUqc-JTEBiY1uNXVoDUdI-a5wJd0&ll=10.002013642197713%2C105; https://www.google.com/maps/d/edit?mid=1SAcLUqc-JTEBiY1uNXVoDUdI-a5wJd0&ll=10.002013642197713%2C105…
BDS-MASTER-0139,Văn phòng – An Phú,BDS-MASTER-0443,của mình sẽ thực hiện đồng bộ theo hạ tầng của tỉnh Vậy cầu này làm để kết nói đường bộ ven biể,80,same_map_link,,2023-04-26,,,https://www.google.com/maps/d/edit?mid=1SAcLUqc-JTEBiY1uNXVoDUdI-a5wJd0&ll=10.002013642197713%2C105; https://www.google.com/maps/d/edit?mid=1SAcLUqc-JTEBiY1uNXVoDUdI-a5wJd0&ll=10.002013642197713%2C105…,https://www.google.com/maps/d/edit?mid=1SAcLUqc-JTEBiY1uNXVoDUdI-a5wJd0&ll=10.002013642197713%2C105; https://www.google.com/maps/d/edit?mid=1SAcLUqc-JTEBiY1uNXVoDUdI-a5wJd0&ll=10.002013642197713%2C105…
BDS-MASTER-0144,không đạt hiệu quả tài chính,BDS-MASTER-0151,50ha thuộc huyện Vĩnh Tường – Yên Lạc,80,same_map_link,2023-04-11,2024-12-16,"10.7859743, 106.6805759","21.250395, 105.5350413",https://goo.gl/maps/AivqKgNA3GRARDNZ7; https://goo.gl/maps/eqfdgJBc7XT7VhAW8,https://goo.gl/maps/eqfdgJBc7XT7VhAW8
BDS-MASTER-0144,không đạt hiệu quả tài chính,BDS-MASTER-0155,Hải Âu tại Bãi Trường,80,same_map_link,2023-04-11,2022-11-04,"10.7859743, 106.6805759","21.250395, 105.5350413",https://goo.gl/maps/AivqKgNA3GRARDNZ7; https://goo.gl/maps/eqfdgJBc7XT7VhAW8,https://goo.gl/maps/eqfdgJBc7XT7VhAW8
BDS-MASTER-0144,không đạt hiệu quả tài chính,BDS-MASTER-0170,có tỷ lệ LNTT/TMDT đạt hiệu quả nhưng không đạt hiệu quả về chỉ tiêu IRR,80,same_map_link,2023-04-11,2024-12-16,"10.7859743, 106.6805759","21.250395, 105.5350413",https://goo.gl/maps/AivqKgNA3GRARDNZ7; https://goo.gl/maps/eqfdgJBc7XT7VhAW8,https://goo.gl/maps/eqfdgJBc7XT7VhAW8
BDS-MASTER-0144,không đạt hiệu quả tài chính,BDS-MASTER-0175,kết nối vào quỹ đất,80,same_map_link,2023-04-11,2022-09-26,"10.7859743, 106.6805759","21.250395, 105.5350413",https://goo.gl/maps/AivqKgNA3GRARDNZ7; https://goo.gl/maps/eqfdgJBc7XT7VhAW8,https://goo.gl/maps/eqfdgJBc7XT7VhAW8
BDS-MASTER-0144,không đạt hiệu quả tài chính,BDS-MASTER-0246,KDC,80,same_map_link,2023-04-11,2022-08-22,"10.7859743, 106.6805759","21.250395, 105.5350413",https://goo.gl/maps/AivqKgNA3GRARDNZ7; https://goo.gl/maps/eqfdgJBc7XT7VhAW8,https://goo.gl/maps/eqfdgJBc7XT7VhAW8
BDS-MASTER-0144,không đạt hiệu quả tài chính,BDS-MASTER-0278,50ha ở Vĩnh Yên,80,same_map_link,2023-04-11,2024-12-16,"10.7859743, 106.6805759","21.250395, 105.5350413",https://goo.gl/maps/AivqKgNA3GRARDNZ7; https://goo.gl/maps/eqfdgJBc7XT7VhAW8,https://goo.gl/maps/eqfdgJBc7XT7VhAW8
BDS-MASTER-0144,không đạt hiệu quả tài chính,BDS-MASTER-0341,HLW - Merryaland 1,80,same_map_link,2023-04-11,2022-08-23,"10.7859743, 106.6805759","21.250395, 105.5350413",https://goo.gl/maps/AivqKgNA3GRARDNZ7; https://goo.gl/maps/eqfdgJBc7XT7VhAW8,https://goo.gl/maps/eqfdgJBc7XT7VhAW8
BDS-MASTER-0144,không đạt hiệu quả tài chính,BDS-MASTER-0399,Đà Nẵng,80,same_map_link,2023-04-11,2022-09-12,"10.7859743, 106.6805759","21.250395, 105.5350413",https://goo.gl/maps/AivqKgNA3GRARDNZ7; https://goo.gl/maps/eqfdgJBc7XT7VhAW8,https://goo.gl/maps/eqfdgJBc7XT7VhAW8
BDS-MASTER-0151,50ha thuộc huyện Vĩnh Tường – Yên Lạc,BDS-MASTER-0171,cơ bản đạt hiệu quả tài chính,80,same_map_link,2024-12-16,2022-09-06,"21.250395, 105.5350413","10.0834553, 103.9870113",https://goo.gl/maps/eqfdgJBc7XT7VhAW8,https://goo.gl/maps/QUDziRBdFv7URi8QA; https://goo.gl/maps/eqfdgJBc7XT7VhAW8
BDS-MASTER-0155,Hải Âu tại Bãi Trường,BDS-MASTER-0171,cơ bản đạt hiệu quả tài chính,80,same_map_link,2022-11-04,2022-09-06,"21.250395, 105.5350413","10.0834553, 103.9870113",https://goo.gl/maps/eqfdgJBc7XT7VhAW8,https://goo.gl/maps/QUDziRBdFv7URi8QA; https://goo.gl/maps/eqfdgJBc7XT7VhAW8
BDS-MASTER-0164,Thanh Đa,BDS-MASTER-0408,định giá Link vị trí,80,same_map_link,2025-07-16,,"10.8142164, 106.7208662",,https://www.google.com/maps/d/edit?mid=1Yy94Bk_zJc1qdBIr51K9nl1FJ6GMm1g&usp=sharing,https://www.google.com/maps/d/edit?mid=1Yy94Bk_zJc1qdBIr51K9nl1FJ6GMm1g&usp=sharing
BDS-MASTER-0169,có tiềm năng để phát triển Dự án Khu đô thị,BDS-MASTER-0180,được chuyển tiếp từ kế hoạch 2025 và có bổ sung thêm những khu đất tiềm năng khác,80,same_map_link,2025-06-03,2025-09-29,"11.5202027, 106.7510898","11.4223625, 106.5550679",https://www.google.com/maps/d/edit?mid=1GZCfnV4401jtKcup5hFe0KPBOBMYrp4&usp=sharing,https://www.google.com/maps/d/edit?mid=1GZCfnV4401jtKcup5hFe0KPBOBMYrp4&usp=sharing
BDS-MASTER-0169,có tiềm năng để phát triển Dự án Khu đô thị,BDS-MASTER-0228,khác đang triển khai như Stown,80,same_map_link,2025-06-03,,"11.5202027, 106.7510898",,https://www.google.com/maps/d/edit?mid=1GZCfnV4401jtKcup5hFe0KPBOBMYrp4&usp=sharing,https://www.google.com/maps/d/edit?mid=1GZCfnV4401jtKcup5hFe0KPBOBMYrp4&usp=sharing
BDS-MASTER-0169,có tiềm năng để phát triển Dự án Khu đô thị,BDS-MASTER-0291,Phú Gia Khiêm về việc điều chỉnh chỉ tiêu dân số,80,same_map_link,2025-06-03,,"11.5202027, 106.7510898","10.9305351, 107.2424233",https://www.google.com/maps/d/edit?mid=1GZCfnV4401jtKcup5hFe0KPBOBMYrp4&usp=sharing,https://www.google.com/maps/d/edit?mid=1GZCfnV4401jtKcup5hFe0KPBOBMYrp4&usp=sharing
BDS-MASTER-0169,có tiềm năng để phát triển Dự án Khu đô thị,BDS-MASTER-0321,phân lô bán nền (không xây nhà) giá rẻ ở Nhơn Trạch,80,same_map_link,2025-06-03,2023-07-03,"11.5202027, 106.7510898","10.9516901, 106.8376922",https://www.google.com/maps/d/edit?mid=1GZCfnV4401jtKcup5hFe0KPBOBMYrp4&usp=sharing,https://www.google.com/maps/d/edit?mid=1GZCfnV4401jtKcup5hFe0KPBOBMYrp4&usp=sharing
BDS-MASTER-0169,có tiềm năng để phát triển Dự án Khu đô thị,BDS-MASTER-0438,cập nhật chốt xin giữ dân số cho PGK là 3800,80,same_map_link,2025-06-03,,"11.5202027, 106.7510898",,https://www.google.com/maps/d/edit?mid=1GZCfnV4401jtKcup5hFe0KPBOBMYrp4&usp=sharing,https://www.google.com/maps/d/edit?mid=1GZCfnV4401jtKcup5hFe0KPBOBMYrp4&usp=sharing
BDS-MASTER-0169,có tiềm năng để phát triển Dự án Khu đô thị,BDS-MASTER-0475,trong kế hoạch đấu giá năm 2026 trên địa bàn tỉnh Đồng Nai,80,same_map_link,2025-06-03,,"11.5202027, 106.7510898","11.4223625, 106.5550679",https://www.google.com/maps/d/edit?mid=1GZCfnV4401jtKcup5hFe0KPBOBMYrp4&usp=sharing,https://www.google.com/maps/d/edit?mid=1GZCfnV4401jtKcup5hFe0KPBOBMYrp4&usp=sharing
BDS-MASTER-0169,có tiềm năng để phát triển Dự án Khu đô thị,BDS-MASTER-0486,đề xuất quan tâm theo file đính kèm,80,same_map_link,2025-06-03,2025-05-13,"11.5202027, 106.7510898",,https://www.google.com/maps/d/edit?mid=1GZCfnV4401jtKcup5hFe0KPBOBMYrp4&usp=sharing,https://www.google.com/maps/d/edit?mid=1GZCfnV4401jtKcup5hFe0KPBOBMYrp4&usp=sharing
BDS-MASTER-0169,có tiềm năng để phát triển Dự án Khu đô thị,BDS-MASTER-0497,hoàn chỉnh nút giao và nhánh nối xa lộ Hà Nội - vành đai 3,80,same_map_link,2025-06-03,,"11.5202027, 106.7510898",,https://www.google.com/maps/d/edit?mid=1GZCfnV4401jtKcup5hFe0KPBOBMYrp4&usp=sharing,https://www.google.com/maps/d/edit?mid=1GZCfnV4401jtKcup5hFe0KPBOBMYrp4&usp=sharing
BDS-MASTER-0170,có tỷ lệ LNTT/TMDT đạt hiệu quả nhưng không đạt hiệu quả về chỉ tiêu IRR,BDS-MASTER-0171,cơ bản đạt hiệu quả tài chính,80,same_map_link,2024-12-16,2022-09-06,"21.250395, 105.5350413","10.0834553, 103.9870113",https://goo.gl/maps/eqfdgJBc7XT7VhAW8,https://goo.gl/maps/QUDziRBdFv7URi8QA; https://goo.gl/maps/eqfdgJBc7XT7VhAW8
BDS-MASTER-0171,cơ bản đạt hiệu quả tài chính,BDS-MASTER-0175,kết nối vào quỹ đất,80,same_map_link,2022-09-06,2022-09-26,"10.0834553, 103.9870113","21.250395, 105.5350413",https://goo.gl/maps/QUDziRBdFv7URi8QA; https://goo.gl/maps/eqfdgJBc7XT7VhAW8,https://goo.gl/maps/eqfdgJBc7XT7VhAW8
BDS-MASTER-0171,cơ bản đạt hiệu quả tài chính,BDS-MASTER-0246,KDC,80,same_map_link,2022-09-06,2022-08-22,"10.0834553, 103.9870113","21.250395, 105.5350413",https://goo.gl/maps/QUDziRBdFv7URi8QA; https://goo.gl/maps/eqfdgJBc7XT7VhAW8,https://goo.gl/maps/eqfdgJBc7XT7VhAW8
BDS-MASTER-0171,cơ bản đạt hiệu quả tài chính,BDS-MASTER-0278,50ha ở Vĩnh Yên,80,same_map_link,2022-09-06,2024-12-16,"10.0834553, 103.9870113","21.250395, 105.5350413",https://goo.gl/maps/QUDziRBdFv7URi8QA; https://goo.gl/maps/eqfdgJBc7XT7VhAW8,https://goo.gl/maps/eqfdgJBc7XT7VhAW8
BDS-MASTER-0171,cơ bản đạt hiệu quả tài chính,BDS-MASTER-0341,HLW - Merryaland 1,80,same_map_link,2022-09-06,2022-08-23,"10.0834553, 103.9870113","21.250395, 105.5350413",https://goo.gl/maps/QUDziRBdFv7URi8QA; https://goo.gl/maps/eqfdgJBc7XT7VhAW8,https://goo.gl/maps/eqfdgJBc7XT7VhAW8
BDS-MASTER-0171,cơ bản đạt hiệu quả tài chính,BDS-MASTER-0399,Đà Nẵng,80,same_map_link,2022-09-06,2022-09-12,"10.0834553, 103.9870113","21.250395, 105.5350413",https://goo.gl/maps/QUDziRBdFv7URi8QA; https://goo.gl/maps/eqfdgJBc7XT7VhAW8,https://goo.gl/maps/eqfdgJBc7XT7VhAW8
BDS-MASTER-0173,hiệu quả với tỷ lệ LNTT/TMĐT từ > 12% là từ 90 triệu đồng/m2,BDS-MASTER-0349,NOXH Đồng Nai (2 dự án trung tâm Biên Hòa)1,80,same_map_link,,,,,https://www.google.com/maps/d/edit?mid=1SAcLUqc-JTEBiY1uNXVoDUdI-a5wJd0&ll=10.002013642197713%2C105; https://www.google.com/maps/d/edit?mid=1SAcLUqc-JTEBiY1uNXVoDUdI-a5wJd0&ll=10.002013642197713%2C105…,https://www.google.com/maps/d/edit?mid=1SAcLUqc-JTEBiY1uNXVoDUdI-a5wJd0&ll=10.002013642197713%2C105; https://www.google.com/maps/d/edit?mid=1SAcLUqc-JTEBiY1uNXVoDUdI-a5wJd0&ll=10.002013642197713%2C105…
BDS-MASTER-0173,hiệu quả với tỷ lệ LNTT/TMĐT từ > 12% là từ 90 triệu đồng/m2,BDS-MASTER-0368,hạ tầng kết nối lớn tại các tỉnh thành lân cận,80,same_map_link,,,,,https://www.google.com/maps/d/edit?mid=1SAcLUqc-JTEBiY1uNXVoDUdI-a5wJd0&ll=10.002013642197713%2C105; https://www.google.com/maps/d/edit?mid=1SAcLUqc-JTEBiY1uNXVoDUdI-a5wJd0&ll=10.002013642197713%2C105…,https://www.google.com/maps/d/edit?mid=1SAcLUqc-JTEBiY1uNXVoDUdI-a5wJd0&ll=10.002013642197713%2C105; https://www.google.com/maps/d/edit?mid=1SAcLUqc-JTEBiY1uNXVoDUdI-a5wJd0&ll=10.002013642197713%2C105…
BDS-MASTER-0173,hiệu quả với tỷ lệ LNTT/TMĐT từ > 12% là từ 90 triệu đồng/m2,BDS-MASTER-0414,35ha 1,80,same_map_link,,,,,https://www.google.com/maps/d/edit?mid=1SAcLUqc-JTEBiY1uNXVoDUdI-a5wJd0&ll=10.002013642197713%2C105; https://www.google.com/maps/d/edit?mid=1SAcLUqc-JTEBiY1uNXVoDUdI-a5wJd0&ll=10.002013642197713%2C105…,https://www.google.com/maps/d/edit?mid=1SAcLUqc-JTEBiY1uNXVoDUdI-a5wJd0&ll=10.002013642197713%2C105; https://www.google.com/maps/d/edit?mid=1SAcLUqc-JTEBiY1uNXVoDUdI-a5wJd0&ll=10.002013642197713%2C105…
BDS-MASTER-0173,hiệu quả với tỷ lệ LNTT/TMĐT từ > 12% là từ 90 triệu đồng/m2,BDS-MASTER-0443,của mình sẽ thực hiện đồng bộ theo hạ tầng của tỉnh Vậy cầu này làm để kết nói đường bộ ven biể,80,same_map_link,,2023-04-26,,,https://www.google.com/maps/d/edit?mid=1SAcLUqc-JTEBiY1uNXVoDUdI-a5wJd0&ll=10.002013642197713%2C105; https://www.google.com/maps/d/edit?mid=1SAcLUqc-JTEBiY1uNXVoDUdI-a5wJd0&ll=10.002013642197713%2C105…,https://www.google.com/maps/d/edit?mid=1SAcLUqc-JTEBiY1uNXVoDUdI-a5wJd0&ll=10.002013642197713%2C105; https://www.google.com/maps/d/edit?mid=1SAcLUqc-JTEBiY1uNXVoDUdI-a5wJd0&ll=10.002013642197713%2C105…
BDS-MASTER-0179,tọa lạc,BDS-MASTER-0250,NOXH đang đánh giá khoảng 15Km Trên dưới 20 Triệu/m2 Giá đất UBND MT đường DT742 5 Triệu/m2 Theo Tổng mức đầu,80,same_map_link,,,,,https://www.google.com/maps/d/edit?mid=1MawyjqMPRL80P8Y7qm_ZhtUgghnbpFc&usp=sharing,https://www.google.com/maps/d/edit?mid=1MawyjqMPRL80P8Y7qm_ZhtUgghnbpFc&usp=sharing
BDS-MASTER-0179,tọa lạc,BDS-MASTER-0370,khác Team cũng có đánh giá lại theo giá thị trường,80,same_map_link,,2025-04-18,,,https://www.google.com/maps/d/edit?mid=1MawyjqMPRL80P8Y7qm_ZhtUgghnbpFc&usp=sharing,https://www.google.com/maps/d/edit?mid=1MawyjqMPRL80P8Y7qm_ZhtUgghnbpFc&usp=sharing
BDS-MASTER-0179,tọa lạc,BDS-MASTER-0401,Đông Trung - Đề xuất,80,same_map_link,,2025-08-12,,,https://www.google.com/maps/d/edit?mid=1MawyjqMPRL80P8Y7qm_ZhtUgghnbpFc&usp=sharing,https://www.google.com/maps/d/edit?mid=1MawyjqMPRL80P8Y7qm_ZhtUgghnbpFc&usp=sharing
BDS-MASTER-0179,tọa lạc,BDS-MASTER-0473,tiêu biểu và đang book lịch đi khảo sát thực tế thị trường về giá bán,80,same_map_link,,,,,https://www.google.com/maps/d/edit?mid=1MawyjqMPRL80P8Y7qm_ZhtUgghnbpFc&usp=sharing,https://www.google.com/maps/d/edit?mid=1MawyjqMPRL80P8Y7qm_ZhtUgghnbpFc&usp=sharing
BDS-MASTER-0180,được chuyển tiếp từ kế hoạch 2025 và có bổ sung thêm những khu đất tiềm năng khác,BDS-MASTER-0228,khác đang triển khai như Stown,80,same_map_link,2025-09-29,,"11.4223625, 106.5550679",,https://www.google.com/maps/d/edit?mid=1GZCfnV4401jtKcup5hFe0KPBOBMYrp4&usp=sharing,https://www.google.com/maps/d/edit?mid=1GZCfnV4401jtKcup5hFe0KPBOBMYrp4&usp=sharing
BDS-MASTER-0180,được chuyển tiếp từ kế hoạch 2025 và có bổ sung thêm những khu đất tiềm năng khác,BDS-MASTER-0291,Phú Gia Khiêm về việc điều chỉnh chỉ tiêu dân số,80,same_map_link,2025-09-29,,"11.4223625, 106.5550679","10.9305351, 107.2424233",https://www.google.com/maps/d/edit?mid=1GZCfnV4401jtKcup5hFe0KPBOBMYrp4&usp=sharing,https://www.google.com/maps/d/edit?mid=1GZCfnV4401jtKcup5hFe0KPBOBMYrp4&usp=sharing
BDS-MASTER-0180,được chuyển tiếp từ kế hoạch 2025 và có bổ sung thêm những khu đất tiềm năng khác,BDS-MASTER-0321,phân lô bán nền (không xây nhà) giá rẻ ở Nhơn Trạch,80,same_map_link,2025-09-29,2023-07-03,"11.4223625, 106.5550679","10.9516901, 106.8376922",https://www.google.com/maps/d/edit?mid=1GZCfnV4401jtKcup5hFe0KPBOBMYrp4&usp=sharing,https://www.google.com/maps/d/edit?mid=1GZCfnV4401jtKcup5hFe0KPBOBMYrp4&usp=sharing
BDS-MASTER-0180,được chuyển tiếp từ kế hoạch 2025 và có bổ sung thêm những khu đất tiềm năng khác,BDS-MASTER-0438,cập nhật chốt xin giữ dân số cho PGK là 3800,80,same_map_link,2025-09-29,,"11.4223625, 106.5550679",,https://www.google.com/maps/d/edit?mid=1GZCfnV4401jtKcup5hFe0KPBOBMYrp4&usp=sharing,https://www.google.com/maps/d/edit?mid=1GZCfnV4401jtKcup5hFe0KPBOBMYrp4&usp=sharing
BDS-MASTER-0180,được chuyển tiếp từ kế hoạch 2025 và có bổ sung thêm những khu đất tiềm năng khác,BDS-MASTER-0486,đề xuất quan tâm theo file đính kèm,80,same_map_link,2025-09-29,2025-05-13,"11.4223625, 106.5550679",,https://www.google.com/maps/d/edit?mid=1GZCfnV4401jtKcup5hFe0KPBOBMYrp4&usp=sharing,https://www.google.com/maps/d/edit?mid=1GZCfnV4401jtKcup5hFe0KPBOBMYrp4&usp=sharing
BDS-MASTER-0180,được chuyển tiếp từ kế hoạch 2025 và có bổ sung thêm những khu đất tiềm năng khác,BDS-MASTER-0497,hoàn chỉnh nút giao và nhánh nối xa lộ Hà Nội - vành đai 3,80,same_map_link,2025-09-29,,"11.4223625, 106.5550679",,https://www.google.com/maps/d/edit?mid=1GZCfnV4401jtKcup5hFe0KPBOBMYrp4&usp=sharing,https://www.google.com/maps/d/edit?mid=1GZCfnV4401jtKcup5hFe0KPBOBMYrp4&usp=sharing
BDS-MASTER-0202,này nằm trong KCN Thái Hòa-Liễn Sơn-Liên Hòa Khu vực II Vị trí KCN,BDS-MASTER-0231,trong Khu Công Nghiệp tỉnh Vĩnh Phúc,80,same_map_link,2023-06-23,2023-06-23,,,https://goo.gl/maps/ZVuC7,https://goo.gl/maps/ZVuC7
BDS-MASTER-0205,đang vận hành có hệ số nén 0,BDS-MASTER-0236,đầu tư,80,same_map_link,,2025-10-31,,,https://www.google.com/maps/d/edit?mid=11z_Bkaxe4GIV5AYsicAES_ivCxDZbmM&usp=sharing,https://www.google.com/maps/d/edit?mid=11z_Bkaxe4GIV5AYsicAES_ivCxDZbmM&usp=sharing
BDS-MASTER-0221,THEO PHƯƠNG ÁN KINH DOANH ANH CƯỜNG – TMĐT Ko bao gồm ĐẤT Kết quả kinh doanh – PA vận hành 15 năm + GOP bình q,BDS-MASTER-0481,xung quanh do phòng R&D tổng hợp,80,same_map_link,2025-10-07,,"10.8195551, 106.702349",,https://www.google.com/maps/d/edit?mid=1Fl7DvT-DOnJvyHZ0Oq5v-nUadBLGHFo&usp=sharing,https://www.google.com/maps/d/edit?mid=1Fl7DvT-DOnJvyHZ0Oq5v-nUadBLGHFo&usp=sharing
BDS-MASTER-0228,khác đang triển khai như Stown,BDS-MASTER-0291,Phú Gia Khiêm về việc điều chỉnh chỉ tiêu dân số,80,same_map_link,,,,"10.9305351, 107.2424233",https://www.google.com/maps/d/edit?mid=1GZCfnV4401jtKcup5hFe0KPBOBMYrp4&usp=sharing,https://www.google.com/maps/d/edit?mid=1GZCfnV4401jtKcup5hFe0KPBOBMYrp4&usp=sharing
BDS-MASTER-0228,khác đang triển khai như Stown,BDS-MASTER-0321,phân lô bán nền (không xây nhà) giá rẻ ở Nhơn Trạch,80,same_map_link,,2023-07-03,,"10.9516901, 106.8376922",https://www.google.com/maps/d/edit?mid=1GZCfnV4401jtKcup5hFe0KPBOBMYrp4&usp=sharing,https://www.google.com/maps/d/edit?mid=1GZCfnV4401jtKcup5hFe0KPBOBMYrp4&usp=sharing
BDS-MASTER-0228,khác đang triển khai như Stown,BDS-MASTER-0438,cập nhật chốt xin giữ dân số cho PGK là 3800,80,same_map_link,,,,,https://www.google.com/maps/d/edit?mid=1GZCfnV4401jtKcup5hFe0KPBOBMYrp4&usp=sharing,https://www.google.com/maps/d/edit?mid=1GZCfnV4401jtKcup5hFe0KPBOBMYrp4&usp=sharing
BDS-MASTER-0228,khác đang triển khai như Stown,BDS-MASTER-0475,trong kế hoạch đấu giá năm 2026 trên địa bàn tỉnh Đồng Nai,80,same_map_link,,,,"11.4223625, 106.5550679",https://www.google.com/maps/d/edit?mid=1GZCfnV4401jtKcup5hFe0KPBOBMYrp4&usp=sharing,https://www.google.com/maps/d/edit?mid=1GZCfnV4401jtKcup5hFe0KPBOBMYrp4&usp=sharing
BDS-MASTER-0228,khác đang triển khai như Stown,BDS-MASTER-0486,đề xuất quan tâm theo file đính kèm,80,same_map_link,,2025-05-13,,,https://www.google.com/maps/d/edit?mid=1GZCfnV4401jtKcup5hFe0KPBOBMYrp4&usp=sharing,https://www.google.com/maps/d/edit?mid=1GZCfnV4401jtKcup5hFe0KPBOBMYrp4&usp=sharing
BDS-MASTER-0228,khác đang triển khai như Stown,BDS-MASTER-0497,hoàn chỉnh nút giao và nhánh nối xa lộ Hà Nội - vành đai 3,80,same_map_link,,,,,https://www.google.com/maps/d/edit?mid=1GZCfnV4401jtKcup5hFe0KPBOBMYrp4&usp=sharing,https://www.google.com/maps/d/edit?mid=1GZCfnV4401jtKcup5hFe0KPBOBMYrp4&usp=sharing
BDS-MASTER-0235,đã và đang thực hiện trên BCTC,BDS-MASTER-0490,Hiyori e đang tổng hợp thông tin,80,same_map_link,,2025-09-29,,,https://www.google.com/maps/d/edit?mid=1pYF3M65dQngj9P_VP8SbXUKy92nYnFo&usp=sharing,https://www.google.com/maps/d/edit?mid=1pYF3M65dQngj9P_VP8SbXUKy92nYnFo&usp=sharing
BDS-MASTER-0235,đã và đang thực hiện trên BCTC,BDS-MASTER-0498,không với những hạn chế ở trên,80,same_map_link,,,,,https://www.google.com/maps/d/edit?mid=1pYF3M65dQngj9P_VP8SbXUKy92nYnFo&usp=sharing,https://www.google.com/maps/d/edit?mid=1pYF3M65dQngj9P_VP8SbXUKy92nYnFo&usp=sharing
BDS-MASTER-0250,NOXH đang đánh giá khoảng 15Km Trên dưới 20 Triệu/m2 Giá đất UBND MT đường DT742 5 Triệu/m2 Theo Tổng mức đầu,BDS-MASTER-0370,khác Team cũng có đánh giá lại theo giá thị trường,80,same_map_link,,2025-04-18,,,https://www.google.com/maps/d/edit?mid=1MawyjqMPRL80P8Y7qm_ZhtUgghnbpFc&usp=sharing,https://www.google.com/maps/d/edit?mid=1MawyjqMPRL80P8Y7qm_ZhtUgghnbpFc&usp=sharing
BDS-MASTER-0250,NOXH đang đánh giá khoảng 15Km Trên dưới 20 Triệu/m2 Giá đất UBND MT đường DT742 5 Triệu/m2 Theo Tổng mức đầu,BDS-MASTER-0401,Đông Trung - Đề xuất,80,same_map_link,,2025-08-12,,,https://www.google.com/maps/d/edit?mid=1MawyjqMPRL80P8Y7qm_ZhtUgghnbpFc&usp=sharing,https://www.google.com/maps/d/edit?mid=1MawyjqMPRL80P8Y7qm_ZhtUgghnbpFc&usp=sharing
BDS-MASTER-0250,NOXH đang đánh giá khoảng 15Km Trên dưới 20 Triệu/m2 Giá đất UBND MT đường DT742 5 Triệu/m2 Theo Tổng mức đầu,BDS-MASTER-0473,tiêu biểu và đang book lịch đi khảo sát thực tế thị trường về giá bán,80,same_map_link,,,,,https://www.google.com/maps/d/edit?mid=1MawyjqMPRL80P8Y7qm_ZhtUgghnbpFc&usp=sharing,https://www.google.com/maps/d/edit?mid=1MawyjqMPRL80P8Y7qm_ZhtUgghnbpFc&usp=sharing
BDS-MASTER-0291,Phú Gia Khiêm về việc điều chỉnh chỉ tiêu dân số,BDS-MASTER-0321,phân lô bán nền (không xây nhà) giá rẻ ở Nhơn Trạch,80,same_map_link,,2023-07-03,"10.9305351, 107.2424233","10.9516901, 106.8376922",https://www.google.com/maps/d/edit?mid=1GZCfnV4401jtKcup5hFe0KPBOBMYrp4&usp=sharing,https://www.google.com/maps/d/edit?mid=1GZCfnV4401jtKcup5hFe0KPBOBMYrp4&usp=sharing
BDS-MASTER-0291,Phú Gia Khiêm về việc điều chỉnh chỉ tiêu dân số,BDS-MASTER-0438,cập nhật chốt xin giữ dân số cho PGK là 3800,80,same_map_link,,,"10.9305351, 107.2424233",,https://www.google.com/maps/d/edit?mid=1GZCfnV4401jtKcup5hFe0KPBOBMYrp4&usp=sharing,https://www.google.com/maps/d/edit?mid=1GZCfnV4401jtKcup5hFe0KPBOBMYrp4&usp=sharing
BDS-MASTER-0291,Phú Gia Khiêm về việc điều chỉnh chỉ tiêu dân số,BDS-MASTER-0475,trong kế hoạch đấu giá năm 2026 trên địa bàn tỉnh Đồng Nai,80,same_map_link,,,"10.9305351, 107.2424233","11.4223625, 106.5550679",https://www.google.com/maps/d/edit?mid=1GZCfnV4401jtKcup5hFe0KPBOBMYrp4&usp=sharing,https://www.google.com/maps/d/edit?mid=1GZCfnV4401jtKcup5hFe0KPBOBMYrp4&usp=sharing
BDS-MASTER-0291,Phú Gia Khiêm về việc điều chỉnh chỉ tiêu dân số,BDS-MASTER-0486,đề xuất quan tâm theo file đính kèm,80,same_map_link,,2025-05-13,"10.9305351, 107.2424233",,https://www.google.com/maps/d/edit?mid=1GZCfnV4401jtKcup5hFe0KPBOBMYrp4&usp=sharing,https://www.google.com/maps/d/edit?mid=1GZCfnV4401jtKcup5hFe0KPBOBMYrp4&usp=sharing
BDS-MASTER-0291,Phú Gia Khiêm về việc điều chỉnh chỉ tiêu dân số,BDS-MASTER-0497,hoàn chỉnh nút giao và nhánh nối xa lộ Hà Nội - vành đai 3,80,same_map_link,,,"10.9305351, 107.2424233",,https://www.google.com/maps/d/edit?mid=1GZCfnV4401jtKcup5hFe0KPBOBMYrp4&usp=sharing,https://www.google.com/maps/d/edit?mid=1GZCfnV4401jtKcup5hFe0KPBOBMYrp4&usp=sharing
BDS-MASTER-0321,phân lô bán nền (không xây nhà) giá rẻ ở Nhơn Trạch,BDS-MASTER-0438,cập nhật chốt xin giữ dân số cho PGK là 3800,80,same_map_link,2023-07-03,,"10.9516901, 106.8376922",,https://www.google.com/maps/d/edit?mid=1GZCfnV4401jtKcup5hFe0KPBOBMYrp4&usp=sharing,https://www.google.com/maps/d/edit?mid=1GZCfnV4401jtKcup5hFe0KPBOBMYrp4&usp=sharing
BDS-MASTER-0321,phân lô bán nền (không xây nhà) giá rẻ ở Nhơn Trạch,BDS-MASTER-0475,trong kế hoạch đấu giá năm 2026 trên địa bàn tỉnh Đồng Nai,80,same_map_link,2023-07-03,,"10.9516901, 106.8376922","11.4223625, 106.5550679",https://www.google.com/maps/d/edit?mid=1GZCfnV4401jtKcup5hFe0KPBOBMYrp4&usp=sharing,https://www.google.com/maps/d/edit?mid=1GZCfnV4401jtKcup5hFe0KPBOBMYrp4&usp=sharing
BDS-MASTER-0321,phân lô bán nền (không xây nhà) giá rẻ ở Nhơn Trạch,BDS-MASTER-0486,đề xuất quan tâm theo file đính kèm,80,same_map_link,2023-07-03,2025-05-13,"10.9516901, 106.8376922",,https://www.google.com/maps/d/edit?mid=1GZCfnV4401jtKcup5hFe0KPBOBMYrp4&usp=sharing,https://www.google.com/maps/d/edit?mid=1GZCfnV4401jtKcup5hFe0KPBOBMYrp4&usp=sharing
BDS-MASTER-0321,phân lô bán nền (không xây nhà) giá rẻ ở Nhơn Trạch,BDS-MASTER-0497,hoàn chỉnh nút giao và nhánh nối xa lộ Hà Nội - vành đai 3,80,same_map_link,2023-07-03,,"10.9516901, 106.8376922",,https://www.google.com/maps/d/edit?mid=1GZCfnV4401jtKcup5hFe0KPBOBMYrp4&usp=sharing,https://www.google.com/maps/d/edit?mid=1GZCfnV4401jtKcup5hFe0KPBOBMYrp4&usp=sharing
BDS-MASTER-0349,NOXH Đồng Nai (2 dự án trung tâm Biên Hòa)1,BDS-MASTER-0368,hạ tầng kết nối lớn tại các tỉnh thành lân cận,80,same_map_link,,,,,https://www.google.com/maps/d/edit?mid=1SAcLUqc-JTEBiY1uNXVoDUdI-a5wJd0&ll=10.002013642197713%2C105; https://www.google.com/maps/d/edit?mid=1SAcLUqc-JTEBiY1uNXVoDUdI-a5wJd0&ll=10.002013642197713%2C105…,https://www.google.com/maps/d/edit?mid=1SAcLUqc-JTEBiY1uNXVoDUdI-a5wJd0&ll=10.002013642197713%2C105; https://www.google.com/maps/d/edit?mid=1SAcLUqc-JTEBiY1uNXVoDUdI-a5wJd0&ll=10.002013642197713%2C105…
BDS-MASTER-0349,NOXH Đồng Nai (2 dự án trung tâm Biên Hòa)1,BDS-MASTER-0414,35ha 1,80,same_map_link,,,,,https://www.google.com/maps/d/edit?mid=1SAcLUqc-JTEBiY1uNXVoDUdI-a5wJd0&ll=10.002013642197713%2C105; https://www.google.com/maps/d/edit?mid=1SAcLUqc-JTEBiY1uNXVoDUdI-a5wJd0&ll=10.002013642197713%2C105…,https://www.google.com/maps/d/edit?mid=1SAcLUqc-JTEBiY1uNXVoDUdI-a5wJd0&ll=10.002013642197713%2C105; https://www.google.com/maps/d/edit?mid=1SAcLUqc-JTEBiY1uNXVoDUdI-a5wJd0&ll=10.002013642197713%2C105…
BDS-MASTER-0349,NOXH Đồng Nai (2 dự án trung tâm Biên Hòa)1,BDS-MASTER-0443,của mình sẽ thực hiện đồng bộ theo hạ tầng của tỉnh Vậy cầu này làm để kết nói đường bộ ven biể,80,same_map_link,,2023-04-26,,,https://www.google.com/maps/d/edit?mid=1SAcLUqc-JTEBiY1uNXVoDUdI-a5wJd0&ll=10.002013642197713%2C105; https://www.google.com/maps/d/edit?mid=1SAcLUqc-JTEBiY1uNXVoDUdI-a5wJd0&ll=10.002013642197713%2C105…,https://www.google.com/maps/d/edit?mid=1SAcLUqc-JTEBiY1uNXVoDUdI-a5wJd0&ll=10.002013642197713%2C105; https://www.google.com/maps/d/edit?mid=1SAcLUqc-JTEBiY1uNXVoDUdI-a5wJd0&ll=10.002013642197713%2C105…
BDS-MASTER-0368,hạ tầng kết nối lớn tại các tỉnh thành lân cận,BDS-MASTER-0414,35ha 1,80,same_map_link,,,,,https://www.google.com/maps/d/edit?mid=1SAcLUqc-JTEBiY1uNXVoDUdI-a5wJd0&ll=10.002013642197713%2C105; https://www.google.com/maps/d/edit?mid=1SAcLUqc-JTEBiY1uNXVoDUdI-a5wJd0&ll=10.002013642197713%2C105…,https://www.google.com/maps/d/edit?mid=1SAcLUqc-JTEBiY1uNXVoDUdI-a5wJd0&ll=10.002013642197713%2C105; https://www.google.com/maps/d/edit?mid=1SAcLUqc-JTEBiY1uNXVoDUdI-a5wJd0&ll=10.002013642197713%2C105…
BDS-MASTER-0368,hạ tầng kết nối lớn tại các tỉnh thành lân cận,BDS-MASTER-0443,của mình sẽ thực hiện đồng bộ theo hạ tầng của tỉnh Vậy cầu này làm để kết nói đường bộ ven biể,80,same_map_link,,2023-04-26,,,https://www.google.com/maps/d/edit?mid=1SAcLUqc-JTEBiY1uNXVoDUdI-a5wJd0&ll=10.002013642197713%2C105; https://www.google.com/maps/d/edit?mid=1SAcLUqc-JTEBiY1uNXVoDUdI-a5wJd0&ll=10.002013642197713%2C105…,https://www.google.com/maps/d/edit?mid=1SAcLUqc-JTEBiY1uNXVoDUdI-a5wJd0&ll=10.002013642197713%2C105; https://www.google.com/maps/d/edit?mid=1SAcLUqc-JTEBiY1uNXVoDUdI-a5wJd0&ll=10.002013642197713%2C105…
BDS-MASTER-0370,khác Team cũng có đánh giá lại theo giá thị trường,BDS-MASTER-0401,Đông Trung - Đề xuất,80,same_map_link,2025-04-18,2025-08-12,,,https://www.google.com/maps/d/edit?mid=1MawyjqMPRL80P8Y7qm_ZhtUgghnbpFc&usp=sharing,https://www.google.com/maps/d/edit?mid=1MawyjqMPRL80P8Y7qm_ZhtUgghnbpFc&usp=sharing
BDS-MASTER-0370,khác Team cũng có đánh giá lại theo giá thị trường,BDS-MASTER-0473,tiêu biểu và đang book lịch đi khảo sát thực tế thị trường về giá bán,80,same_map_link,2025-04-18,,,,https://www.google.com/maps/d/edit?mid=1MawyjqMPRL80P8Y7qm_ZhtUgghnbpFc&usp=sharing,https://www.google.com/maps/d/edit?mid=1MawyjqMPRL80P8Y7qm_ZhtUgghnbpFc&usp=sharing
BDS-MASTER-0379,này dự kiến 2026 sẽ bắt đầu ra tin à image by Huy M - IM,BDS-MASTER-0440,của DIG,80,same_map_link,2025-04-21,2025-04-18,,,https://www.google.com/maps/d/edit?mid,https://www.google.com/maps/d/edit?mid
BDS-MASTER-0401,Đông Trung - Đề xuất,BDS-MASTER-0473,tiêu biểu và đang book lịch đi khảo sát thực tế thị trường về giá bán,80,same_map_link,2025-08-12,,,,https://www.google.com/maps/d/edit?mid=1MawyjqMPRL80P8Y7qm_ZhtUgghnbpFc&usp=sharing,https://www.google.com/maps/d/edit?mid=1MawyjqMPRL80P8Y7qm_ZhtUgghnbpFc&usp=sharing
BDS-MASTER-0414,35ha 1,BDS-MASTER-0443,của mình sẽ thực hiện đồng bộ theo hạ tầng của tỉnh Vậy cầu này làm để kết nói đường bộ ven biể,80,same_map_link,,2023-04-26,,,https://www.google.com/maps/d/edit?mid=1SAcLUqc-JTEBiY1uNXVoDUdI-a5wJd0&ll=10.002013642197713%2C105; https://www.google.com/maps/d/edit?mid=1SAcLUqc-JTEBiY1uNXVoDUdI-a5wJd0&ll=10.002013642197713%2C105…,https://www.google.com/maps/d/edit?mid=1SAcLUqc-JTEBiY1uNXVoDUdI-a5wJd0&ll=10.002013642197713%2C105; https://www.google.com/maps/d/edit?mid=1SAcLUqc-JTEBiY1uNXVoDUdI-a5wJd0&ll=10.002013642197713%2C105…
BDS-MASTER-0438,cập nhật chốt xin giữ dân số cho PGK là 3800,BDS-MASTER-0475,trong kế hoạch đấu giá năm 2026 trên địa bàn tỉnh Đồng Nai,80,same_map_link,,,,"11.4223625, 106.5550679",https://www.google.com/maps/d/edit?mid=1GZCfnV4401jtKcup5hFe0KPBOBMYrp4&usp=sharing,https://www.google.com/maps/d/edit?mid=1GZCfnV4401jtKcup5hFe0KPBOBMYrp4&usp=sharing
BDS-MASTER-0438,cập nhật chốt xin giữ dân số cho PGK là 3800,BDS-MASTER-0486,đề xuất quan tâm theo file đính kèm,80,same_map_link,,2025-05-13,,,https://www.google.com/maps/d/edit?mid=1GZCfnV4401jtKcup5hFe0KPBOBMYrp4&usp=sharing,https://www.google.com/maps/d/edit?mid=1GZCfnV4401jtKcup5hFe0KPBOBMYrp4&usp=sharing
BDS-MASTER-0438,cập nhật chốt xin giữ dân số cho PGK là 3800,BDS-MASTER-0497,hoàn chỉnh nút giao và nhánh nối xa lộ Hà Nội - vành đai 3,80,same_map_link,,,,,https://www.google.com/maps/d/edit?mid=1GZCfnV4401jtKcup5hFe0KPBOBMYrp4&usp=sharing,https://www.google.com/maps/d/edit?mid=1GZCfnV4401jtKcup5hFe0KPBOBMYrp4&usp=sharing
BDS-MASTER-0475,trong kế hoạch đấu giá năm 2026 trên địa bàn tỉnh Đồng Nai,BDS-MASTER-0486,đề xuất quan tâm theo file đính kèm,80,same_map_link,,2025-05-13,"11.4223625, 106.5550679",,https://www.google.com/maps/d/edit?mid=1GZCfnV4401jtKcup5hFe0KPBOBMYrp4&usp=sharing,https://www.google.com/maps/d/edit?mid=1GZCfnV4401jtKcup5hFe0KPBOBMYrp4&usp=sharing
BDS-MASTER-0475,trong kế hoạch đấu giá năm 2026 trên địa bàn tỉnh Đồng Nai,BDS-MASTER-0497,hoàn chỉnh nút giao và nhánh nối xa lộ Hà Nội - vành đai 3,80,same_map_link,,,"11.4223625, 106.5550679",,https://www.google.com/maps/d/edit?mid=1GZCfnV4401jtKcup5hFe0KPBOBMYrp4&usp=sharing,https://www.google.com/maps/d/edit?mid=1GZCfnV4401jtKcup5hFe0KPBOBMYrp4&usp=sharing
BDS-MASTER-0486,đề xuất quan tâm theo file đính kèm,BDS-MASTER-0497,hoàn chỉnh nút giao và nhánh nối xa lộ Hà Nội - vành đai 3,80,same_map_link,2025-05-13,,,,https://www.google.com/maps/d/edit?mid=1GZCfnV4401jtKcup5hFe0KPBOBMYrp4&usp=sharing,https://www.google.com/maps/d/edit?mid=1GZCfnV4401jtKcup5hFe0KPBOBMYrp4&usp=sharing
BDS-MASTER-0490,Hiyori e đang tổng hợp thông tin,BDS-MASTER-0498,không với những hạn chế ở trên,80,same_map_link,2025-09-29,,,,https://www.google.com/maps/d/edit?mid=1pYF3M65dQngj9P_VP8SbXUKy92nYnFo&usp=sharing,https://www.google.com/maps/d/edit?mid=1pYF3M65dQngj9P_VP8SbXUKy92nYnFo&usp=sharing
BDS-MASTER-0106,Holiday Beach,BDS-MASTER-0424,Holiday Beach - 14,70,name_sim=1.00; same_source_similar_name,2025-04-16,,,,,
BDS-MASTER-0281,Anantara tham chiếu theo Phú Hải,BDS-MASTER-0338,ANANTARA THAM CHIẾU THEO DỰ ÁN PHÚ HẢI Bảng so sánh,70,name_sim=0.75; same_source_similar_name,2022-11-18,2022-11-18,"10.9409853, 108.1895913","10.93497, 106.7618721",https://goo.gl/maps/oJBLCYE9ShbB6ZA6A,https://goo.gl/maps/sMLMvWwegyerE3jJ9
BDS-MASTER-0020,khách sạn Felicia Đà Nẵng,BDS-MASTER-0193,Võ Văn Kiệt (Gộp 2 Lô) theo chỉ tiêu QH dự kiến điều chỉnh,60,same_coord_1m,2024-10-15,,"16.053387, 108.247727","16.053394, 108.247722",https://maps.app.goo.gl/xQZeRwkJHuyDhx496,https://maps.app.goo.gl/cuqyDKdtbfwW1DAa8
BDS-MASTER-0020,khách sạn Felicia Đà Nẵng,BDS-MASTER-0195,gộp 2 lô Võ Văn Kiệt theo thay đổi giá bán căn hộ và giá mua dự án,60,same_coord_1m,2024-10-15,,"16.053387, 108.247727","16.053394, 108.247722",https://maps.app.goo.gl/xQZeRwkJHuyDhx496,https://maps.app.goo.gl/cuqyDKdtbfwW1DAa8
BDS-MASTER-0020,khách sạn Felicia Đà Nẵng,BDS-MASTER-0212,Holiday Beach tại Đà Nẵng đánh giá nhanh phương án vận hành khách sạn tạm thời trong thời gian ngắn,60,same_coord_1m,2024-10-15,2024-09-14,"16.053387, 108.247727","16.053394, 108.247722",https://maps.app.goo.gl/xQZeRwkJHuyDhx496,https://maps.app.goo.gl/cuqyDKdtbfwW1DAa8
BDS-MASTER-0020,khách sạn Felicia Đà Nẵng,BDS-MASTER-0359,chung cư nhiều nhưng số lượng dự án và thị trường thì thấy Đà Nẵng có vẻ sôi động hơn à Nhưng condotel ở Đà Nẵ,60,same_coord_1m,2024-10-15,2024-10-25,"16.053387, 108.247727","16.053394, 108.247722",https://maps.app.goo.gl/xQZeRwkJHuyDhx496,https://maps.app.goo.gl/cuqyDKdtbfwW1DAa8
BDS-MASTER-0020,khách sạn Felicia Đà Nẵng,BDS-MASTER-0426,Khu nhà ở công nhân và chuyên gia tại xã Nhơn Trạch của Công ty TNHH Vạn Phúc,60,same_coord_1m,2024-10-15,,"16.053387, 108.247727","16.053394, 108.247722",https://maps.app.goo.gl/xQZeRwkJHuyDhx496,https://maps.app.goo.gl/cuqyDKdtbfwW1DAa8
BDS-MASTER-0027,bán Q4/2026,BDS-MASTER-0147,thuộc trường hợp giao đất không thông qua đấu giá quyền sử dụng đất - Hồ sơ pháp lý,60,same_coord_27m,2024-11-26,2023-08-07,"10.696407, 106.613556","10.696269, 106.613762",https://maps.app.goo.gl/b6AweqeJiHMGShsq9,https://goo.gl/maps/XXMLm2Ebm5FEFwig7
BDS-MASTER-0027,bán Q4/2026,BDS-MASTER-0218,Masteri An Phú - Masteri Thảo Điền - The Vista tăng 40-50% giá trị chỉ trong 3 tháng ) 🎉 Nếu lấy sàn thứ 2 (70,60,same_coord_27m,2024-11-26,2025-10-11,"10.696407, 106.613556","10.696269, 106.613762",https://maps.app.goo.gl/b6AweqeJiHMGShsq9,https://goo.gl/maps/XXMLm2Ebm5FEFwig7
BDS-MASTER-0027,bán Q4/2026,BDS-MASTER-0225,căn hộ Đức Long Western Park Dự án Đức Long Western Park tại quận Bình Tân,60,same_coord_27m,2024-11-26,2025-04-03,"10.696407, 106.613556","10.696269, 106.613762",https://maps.app.goo.gl/b6AweqeJiHMGShsq9,https://goo.gl/maps/XXMLm2Ebm5FEFwig7
BDS-MASTER-0027,bán Q4/2026,BDS-MASTER-0255,chỉ mới trong giai đoạn pháp lý đền bù GPMB thì được xem là quỹ đất và được định giá lại theo phương thức giá,60,same_coord_27m,2024-11-26,2025-05-06,"10.696407, 106.613556","10.696269, 106.613762",https://maps.app.goo.gl/b6AweqeJiHMGShsq9,https://goo.gl/maps/XXMLm2Ebm5FEFwig7
BDS-MASTER-0042,Urban Green,BDS-MASTER-0088,Võ Văn Kiệt) cố định ~ 190 tr/m2,60,same_coord_35m,2023-12-18,,"10.840677, 106.719716","10.8403809, 106.7198151",https://maps.app.goo.gl/ioqJ9N2mKRyMdiAe6,"https://www.google.com/maps?q=10.8403809; https://www.google.com/maps?q=10.8403809,106.7198151&entry=gps&shh=CAE&lucs=,94297699,94231188,9428"
BDS-MASTER-0042,Urban Green,BDS-MASTER-0431,Vo Van Kiet Gop 2 Lo (IN),60,same_coord_35m,2023-12-18,,"10.840677, 106.719716","10.8403809, 106.7198151",https://maps.app.goo.gl/ioqJ9N2mKRyMdiAe6,"https://www.google.com/maps?q=10.8403809; https://www.google.com/maps?q=10.8403809,106.7198151&entry=gps&shh=CAE&lucs=,94297699,94231188,9428"
BDS-MASTER-0073,Văn phòng tại khu đất 197 Lê Văn Sỹ cập nhật Hệ số sử dụng đất mới 9,BDS-MASTER-0138,Văn phòng tại khu đất 197 Lê Văn Sỹ,60,same_coord_0m,2023-07-03,2023-04-11,"10.7859743, 106.6805759","10.7859743, 106.6805759",https://goo.gl/maps/BgnUiLh44bo3Nyq37,https://goo.gl/maps/AivqKgNA3GRARDNZ7
BDS-MASTER-0073,Văn phòng tại khu đất 197 Lê Văn Sỹ cập nhật Hệ số sử dụng đất mới 9,BDS-MASTER-0144,không đạt hiệu quả tài chính,60,same_coord_0m,2023-07-03,2023-04-11,"10.7859743, 106.6805759","10.7859743, 106.6805759",https://goo.gl/maps/BgnUiLh44bo3Nyq37,https://goo.gl/maps/AivqKgNA3GRARDNZ7; https://goo.gl/maps/eqfdgJBc7XT7VhAW8
BDS-MASTER-0073,Văn phòng tại khu đất 197 Lê Văn Sỹ cập nhật Hệ số sử dụng đất mới 9,BDS-MASTER-0398,với A Sơn Trợ lý sau đó sẽ báo cáo BLĐ tính khả thi của dự án,60,same_coord_0m,2023-07-03,2023-04-10,"10.7859743, 106.6805759","10.7859743, 106.6805759",https://goo.gl/maps/BgnUiLh44bo3Nyq37,https://goo.gl/maps/AivqKgNA3GRARDNZ7
BDS-MASTER-0085,Felicia Đà Nẵng,BDS-MASTER-0270,tuy đạt hiệu quả đầu tư về mặt tính toán nhưng sẽ bị vướng mắc về Pháp lý đất (đất SKC bị hết hạn,60,same_coord_1m,2025-02-19,2024-12-06,"16.053394, 108.247722","16.053387, 108.247727",https://maps.app.goo.gl/cuqyDKdtbfwW1DAa8,https://maps.app.goo.gl/xQZeRwkJHuyDhx496
BDS-MASTER-0085,Felicia Đà Nẵng,BDS-MASTER-0286,Hoà Xuân 15h by Unknown User,60,same_coord_1m,2025-02-19,2025-08-04,"16.053394, 108.247722","16.053387, 108.247727",https://maps.app.goo.gl/cuqyDKdtbfwW1DAa8,https://maps.app.goo.gl/xQZeRwkJHuyDhx496
BDS-MASTER-0088,Võ Văn Kiệt) cố định ~ 190 tr/m2,BDS-MASTER-0093,khu mặt tiền đường Ngô Chí Quốc (gom đất gần Phú Quang)- Cập nhật Quy hoạch Phân khu,60,same_coord_35m,,,"10.8403809, 106.7198151","10.840677, 106.719716","https://www.google.com/maps?q=10.8403809; https://www.google.com/maps?q=10.8403809,106.7198151&entry=gps&shh=CAE&lucs=,94297699,94231188,9428",https://maps.app.goo.gl/ioqJ9N2mKRyMdiAe6
BDS-MASTER-0088,Võ Văn Kiệt) cố định ~ 190 tr/m2,BDS-MASTER-0154,Cù lao Tân Vạn theo đơn giá bán (đất + nhà) trung bình dựa vào các loại hình do Mr,60,same_coord_35m,,2025-05-06,"10.8403809, 106.7198151","10.840677, 106.719716","https://www.google.com/maps?q=10.8403809; https://www.google.com/maps?q=10.8403809,106.7198151&entry=gps&shh=CAE&lucs=,94297699,94231188,9428",https://maps.app.goo.gl/ioqJ9N2mKRyMdiAe6
BDS-MASTER-0088,Võ Văn Kiệt) cố định ~ 190 tr/m2,BDS-MASTER-0249,NOXH sẽ giúp tạo thương hiệu tích cực cho công ty trên thị trường,60,same_coord_35m,,,"10.8403809, 106.7198151","10.840677, 106.719716","https://www.google.com/maps?q=10.8403809; https://www.google.com/maps?q=10.8403809,106.7198151&entry=gps&shh=CAE&lucs=,94297699,94231188,9428",https://maps.app.goo.gl/ioqJ9N2mKRyMdiAe6
BDS-MASTER-0088,Võ Văn Kiệt) cố định ~ 190 tr/m2,BDS-MASTER-0269,tuy nhiên,60,same_coord_35m,,2023-12-18,"10.8403809, 106.7198151","10.840677, 106.719716","https://www.google.com/maps?q=10.8403809; https://www.google.com/maps?q=10.8403809,106.7198151&entry=gps&shh=CAE&lucs=,94297699,94231188,9428",https://maps.app.goo.gl/ioqJ9N2mKRyMdiAe6
BDS-MASTER-0088,Võ Văn Kiệt) cố định ~ 190 tr/m2,BDS-MASTER-0378,nào mà đóng tssđ hàng năm nó cứ tăng hàng năm nữa,60,same_coord_35m,,2023-08-11,"10.8403809, 106.7198151","10.840677, 106.719716","https://www.google.com/maps?q=10.8403809; https://www.google.com/maps?q=10.8403809,106.7198151&entry=gps&shh=CAE&lucs=,94297699,94231188,9428",https://maps.app.goo.gl/ioqJ9N2mKRyMdiAe6
BDS-MASTER-0088,Võ Văn Kiệt) cố định ~ 190 tr/m2,BDS-MASTER-0394,thì khả năng cao dự án không phải nộp thêm ạ,60,same_coord_35m,,,"10.8403809, 106.7198151","10.840677, 106.719716","https://www.google.com/maps?q=10.8403809; https://www.google.com/maps?q=10.8403809,106.7198151&entry=gps&shh=CAE&lucs=,94297699,94231188,9428",https://maps.app.goo.gl/ioqJ9N2mKRyMdiAe6
BDS-MASTER-0088,Võ Văn Kiệt) cố định ~ 190 tr/m2,BDS-MASTER-0420,Gladia heights dự kiến triển khai trong 2026 này,60,same_coord_35m,,,"10.8403809, 106.7198151","10.840677, 106.719716","https://www.google.com/maps?q=10.8403809; https://www.google.com/maps?q=10.8403809,106.7198151&entry=gps&shh=CAE&lucs=,94297699,94231188,9428",https://maps.app.goo.gl/ioqJ9N2mKRyMdiAe6
BDS-MASTER-0088,Võ Văn Kiệt) cố định ~ 190 tr/m2,BDS-MASTER-0471,thông qua đấu thầu nên khả năng cao chỉ thực hiện được chuyển nhượng thông qua hình thức mua cổ phần nên,60,same_coord_35m,,2025-06-26,"10.8403809, 106.7198151","10.840677, 106.719716","https://www.google.com/maps?q=10.8403809; https://www.google.com/maps?q=10.8403809,106.7198151&entry=gps&shh=CAE&lucs=,94297699,94231188,9428",https://maps.app.goo.gl/ioqJ9N2mKRyMdiAe6
BDS-MASTER-0093,khu mặt tiền đường Ngô Chí Quốc (gom đất gần Phú Quang)- Cập nhật Quy hoạch Phân khu,BDS-MASTER-0431,Vo Van Kiet Gop 2 Lo (IN),60,same_coord_35m,,,"10.840677, 106.719716","10.8403809, 106.7198151",https://maps.app.goo.gl/ioqJ9N2mKRyMdiAe6,"https://www.google.com/maps?q=10.8403809; https://www.google.com/maps?q=10.8403809,106.7198151&entry=gps&shh=CAE&lucs=,94297699,94231188,9428"
BDS-MASTER-0154,Cù lao Tân Vạn theo đơn giá bán (đất + nhà) trung bình dựa vào các loại hình do Mr,BDS-MASTER-0431,Vo Van Kiet Gop 2 Lo (IN),60,same_coord_35m,2025-05-06,,"10.840677, 106.719716","10.8403809, 106.7198151",https://maps.app.goo.gl/ioqJ9N2mKRyMdiAe6,"https://www.google.com/maps?q=10.8403809; https://www.google.com/maps?q=10.8403809,106.7198151&entry=gps&shh=CAE&lucs=,94297699,94231188,9428"
BDS-MASTER-0193,Võ Văn Kiệt (Gộp 2 Lô) theo chỉ tiêu QH dự kiến điều chỉnh,BDS-MASTER-0270,tuy đạt hiệu quả đầu tư về mặt tính toán nhưng sẽ bị vướng mắc về Pháp lý đất (đất SKC bị hết hạn,60,same_coord_1m,,2024-12-06,"16.053394, 108.247722","16.053387, 108.247727",https://maps.app.goo.gl/cuqyDKdtbfwW1DAa8,https://maps.app.goo.gl/xQZeRwkJHuyDhx496
BDS-MASTER-0193,Võ Văn Kiệt (Gộp 2 Lô) theo chỉ tiêu QH dự kiến điều chỉnh,BDS-MASTER-0286,Hoà Xuân 15h by Unknown User,60,same_coord_1m,,2025-08-04,"16.053394, 108.247722","16.053387, 108.247727",https://maps.app.goo.gl/cuqyDKdtbfwW1DAa8,https://maps.app.goo.gl/xQZeRwkJHuyDhx496
BDS-MASTER-0193,Võ Văn Kiệt (Gộp 2 Lô) theo chỉ tiêu QH dự kiến điều chỉnh,BDS-MASTER-0310,khách sạn Felicia Đà Nẵng,60,same_coord_1m,,2024-10-15,"16.053394, 108.247722","16.053387, 108.247727",https://maps.app.goo.gl/cuqyDKdtbfwW1DAa8,https://maps.app.goo.gl/xQZeRwkJHuyDhx496
BDS-MASTER-0195,gộp 2 lô Võ Văn Kiệt theo thay đổi giá bán căn hộ và giá mua dự án,BDS-MASTER-0270,tuy đạt hiệu quả đầu tư về mặt tính toán nhưng sẽ bị vướng mắc về Pháp lý đất (đất SKC bị hết hạn,60,same_coord_1m,,2024-12-06,"16.053394, 108.247722","16.053387, 108.247727",https://maps.app.goo.gl/cuqyDKdtbfwW1DAa8,https://maps.app.goo.gl/xQZeRwkJHuyDhx496
BDS-MASTER-0195,gộp 2 lô Võ Văn Kiệt theo thay đổi giá bán căn hộ và giá mua dự án,BDS-MASTER-0286,Hoà Xuân 15h by Unknown User,60,same_coord_1m,,2025-08-04,"16.053394, 108.247722","16.053387, 108.247727",https://maps.app.goo.gl/cuqyDKdtbfwW1DAa8,https://maps.app.goo.gl/xQZeRwkJHuyDhx496
BDS-MASTER-0195,gộp 2 lô Võ Văn Kiệt theo thay đổi giá bán căn hộ và giá mua dự án,BDS-MASTER-0310,khách sạn Felicia Đà Nẵng,60,same_coord_1m,,2024-10-15,"16.053394, 108.247722","16.053387, 108.247727",https://maps.app.goo.gl/cuqyDKdtbfwW1DAa8,https://maps.app.goo.gl/xQZeRwkJHuyDhx496
BDS-MASTER-0212,Holiday Beach tại Đà Nẵng đánh giá nhanh phương án vận hành khách sạn tạm thời trong thời gian ngắn,BDS-MASTER-0270,tuy đạt hiệu quả đầu tư về mặt tính toán nhưng sẽ bị vướng mắc về Pháp lý đất (đất SKC bị hết hạn,60,same_coord_1m,2024-09-14,2024-12-06,"16.053394, 108.247722","16.053387, 108.247727",https://maps.app.goo.gl/cuqyDKdtbfwW1DAa8,https://maps.app.goo.gl/xQZeRwkJHuyDhx496
BDS-MASTER-0212,Holiday Beach tại Đà Nẵng đánh giá nhanh phương án vận hành khách sạn tạm thời trong thời gian ngắn,BDS-MASTER-0286,Hoà Xuân 15h by Unknown User,60,same_coord_1m,2024-09-14,2025-08-04,"16.053394, 108.247722","16.053387, 108.247727",https://maps.app.goo.gl/cuqyDKdtbfwW1DAa8,https://maps.app.goo.gl/xQZeRwkJHuyDhx496
BDS-MASTER-0212,Holiday Beach tại Đà Nẵng đánh giá nhanh phương án vận hành khách sạn tạm thời trong thời gian ngắn,BDS-MASTER-0310,khách sạn Felicia Đà Nẵng,60,same_coord_1m,2024-09-14,2024-10-15,"16.053394, 108.247722","16.053387, 108.247727",https://maps.app.goo.gl/cuqyDKdtbfwW1DAa8,https://maps.app.goo.gl/xQZeRwkJHuyDhx496
BDS-MASTER-0249,NOXH sẽ giúp tạo thương hiệu tích cực cho công ty trên thị trường,BDS-MASTER-0431,Vo Van Kiet Gop 2 Lo (IN),60,same_coord_35m,,,"10.840677, 106.719716","10.8403809, 106.7198151",https://maps.app.goo.gl/ioqJ9N2mKRyMdiAe6,"https://www.google.com/maps?q=10.8403809; https://www.google.com/maps?q=10.8403809,106.7198151&entry=gps&shh=CAE&lucs=,94297699,94231188,9428"
BDS-MASTER-0269,tuy nhiên,BDS-MASTER-0431,Vo Van Kiet Gop 2 Lo (IN),60,same_coord_35m,2023-12-18,,"10.840677, 106.719716","10.8403809, 106.7198151",https://maps.app.goo.gl/ioqJ9N2mKRyMdiAe6,"https://www.google.com/maps?q=10.8403809; https://www.google.com/maps?q=10.8403809,106.7198151&entry=gps&shh=CAE&lucs=,94297699,94231188,9428"
BDS-MASTER-0270,tuy đạt hiệu quả đầu tư về mặt tính toán nhưng sẽ bị vướng mắc về Pháp lý đất (đất SKC bị hết hạn,BDS-MASTER-0359,chung cư nhiều nhưng số lượng dự án và thị trường thì thấy Đà Nẵng có vẻ sôi động hơn à Nhưng condotel ở Đà Nẵ,60,same_coord_1m,2024-12-06,2024-10-25,"16.053387, 108.247727","16.053394, 108.247722",https://maps.app.goo.gl/xQZeRwkJHuyDhx496,https://maps.app.goo.gl/cuqyDKdtbfwW1DAa8
BDS-MASTER-0270,tuy đạt hiệu quả đầu tư về mặt tính toán nhưng sẽ bị vướng mắc về Pháp lý đất (đất SKC bị hết hạn,BDS-MASTER-0426,Khu nhà ở công nhân và chuyên gia tại xã Nhơn Trạch của Công ty TNHH Vạn Phúc,60,same_coord_1m,2024-12-06,,"16.053387, 108.247727","16.053394, 108.247722",https://maps.app.goo.gl/xQZeRwkJHuyDhx496,https://maps.app.goo.gl/cuqyDKdtbfwW1DAa8
BDS-MASTER-0286,Hoà Xuân 15h by Unknown User,BDS-MASTER-0359,chung cư nhiều nhưng số lượng dự án và thị trường thì thấy Đà Nẵng có vẻ sôi động hơn à Nhưng condotel ở Đà Nẵ,60,same_coord_1m,2025-08-04,2024-10-25,"16.053387, 108.247727","16.053394, 108.247722",https://maps.app.goo.gl/xQZeRwkJHuyDhx496,https://maps.app.goo.gl/cuqyDKdtbfwW1DAa8
BDS-MASTER-0286,Hoà Xuân 15h by Unknown User,BDS-MASTER-0426,Khu nhà ở công nhân và chuyên gia tại xã Nhơn Trạch của Công ty TNHH Vạn Phúc,60,same_coord_1m,2025-08-04,,"16.053387, 108.247727","16.053394, 108.247722",https://maps.app.goo.gl/xQZeRwkJHuyDhx496,https://maps.app.goo.gl/cuqyDKdtbfwW1DAa8
BDS-MASTER-0310,khách sạn Felicia Đà Nẵng,BDS-MASTER-0359,chung cư nhiều nhưng số lượng dự án và thị trường thì thấy Đà Nẵng có vẻ sôi động hơn à Nhưng condotel ở Đà Nẵ,60,same_coord_1m,2024-10-15,2024-10-25,"16.053387, 108.247727","16.053394, 108.247722",https://maps.app.goo.gl/xQZeRwkJHuyDhx496,https://maps.app.goo.gl/cuqyDKdtbfwW1DAa8
BDS-MASTER-0310,khách sạn Felicia Đà Nẵng,BDS-MASTER-0426,Khu nhà ở công nhân và chuyên gia tại xã Nhơn Trạch của Công ty TNHH Vạn Phúc,60,same_coord_1m,2024-10-15,,"16.053387, 108.247727","16.053394, 108.247722",https://maps.app.goo.gl/xQZeRwkJHuyDhx496,https://maps.app.goo.gl/cuqyDKdtbfwW1DAa8
BDS-MASTER-0378,nào mà đóng tssđ hàng năm nó cứ tăng hàng năm nữa,BDS-MASTER-0431,Vo Van Kiet Gop 2 Lo (IN),60,same_coord_35m,2023-08-11,,"10.840677, 106.719716","10.8403809, 106.7198151",https://maps.app.goo.gl/ioqJ9N2mKRyMdiAe6,"https://www.google.com/maps?q=10.8403809; https://www.google.com/maps?q=10.8403809,106.7198151&entry=gps&shh=CAE&lucs=,94297699,94231188,9428"
BDS-MASTER-0394,thì khả năng cao dự án không phải nộp thêm ạ,BDS-MASTER-0431,Vo Van Kiet Gop 2 Lo (IN),60,same_coord_35m,,,"10.840677, 106.719716","10.8403809, 106.7198151",https://maps.app.goo.gl/ioqJ9N2mKRyMdiAe6,"https://www.google.com/maps?q=10.8403809; https://www.google.com/maps?q=10.8403809,106.7198151&entry=gps&shh=CAE&lucs=,94297699,94231188,9428"
BDS-MASTER-0420,Gladia heights dự kiến triển khai trong 2026 này,BDS-MASTER-0431,Vo Van Kiet Gop 2 Lo (IN),60,same_coord_35m,,,"10.840677, 106.719716","10.8403809, 106.7198151",https://maps.app.goo.gl/ioqJ9N2mKRyMdiAe6,"https://www.google.com/maps?q=10.8403809; https://www.google.com/maps?q=10.8403809,106.7198151&entry=gps&shh=CAE&lucs=,94297699,94231188,9428"
BDS-MASTER-0431,Vo Van Kiet Gop 2 Lo (IN),BDS-MASTER-0471,thông qua đấu thầu nên khả năng cao chỉ thực hiện được chuyển nhượng thông qua hình thức mua cổ phần nên,60,same_coord_35m,,2025-06-26,"10.8403809, 106.7198151","10.840677, 106.719716","https://www.google.com/maps?q=10.8403809; https://www.google.com/maps?q=10.8403809,106.7198151&entry=gps&shh=CAE&lucs=,94297699,94231188,9428",https://maps.app.goo.gl/ioqJ9N2mKRyMdiAe6
