severity,kind,curated_id,project_name,detail
critical,bad_project_name,BDS-CURATED-0182,(1) chưa có chủ trương đầu tư (Điểm cộng để xin thí điểm) + (2) dự án chưa đăng ký ngay đợt đầu như PGK nên sợ,"Tên dài >90 ký tự, có thể là tiêu đề tin nhắn/câu mô tả"
critical,bad_project_name,BDS-CURATED-0124,(giá bán quỹ đất bao gồm cam kết của đối tác sẽ hỗ trợ phần đất đi vào dự án) với chi phí làm đường là 1tr/m2,"Tên dài >90 ký tự, có thể là tiêu đề tin nhắn/câu mô tả"
critical,bad_project_name,BDS-CURATED-0146,Holiday Beach tại Đà Nẵng đánh giá nhanh phương án vận hành khách sạn tạm thời trong thời gian ngắn,"Tên dài >90 ký tự, có thể là tiêu đề tin nhắn/câu mô tả"
critical,bad_project_name,BDS-CURATED-0103,Hội An Riverside Resort & Spa theo Concept Lamanon và giá kinh doanh của anh David Cường cung cấp,"Tên dài >90 ký tự, có thể là tiêu đề tin nhắn/câu mô tả"
critical,coordinate_outside_vietnam,BDS-CURATED-0104,IDEO CHANRAN 70 RIVERVIEW nằm trên đường Charan Sanit Wong,Tọa độ ngoài biên độ Việt Nam
critical,coordinate_outside_vietnam,BDS-CURATED-0232,IDEO cách trung tâm Bangk,Tọa độ ngoài biên độ Việt Nam
critical,coordinate_outside_vietnam,BDS-CURATED-0189,IDEO cách trung tâm Bangkok khoảng 6-7Km và gần sông Chao Phraya,Tọa độ ngoài biên độ Việt Nam
critical,bad_project_name,BDS-CURATED-0105,KCN do Tập đoàn Xuận Thiện làm CĐT với 02 Nhà máy Gang thép - Cán thép đã dược tỉnh phê duyệt chủ trương đầu t,"Tên dài >90 ký tự, có thể là tiêu đề tin nhắn/câu mô tả"
critical,bad_project_name,BDS-CURATED-0147,Khu chung Cư và văn phòng An PHú Quy hoạch chỉ tiết 1/500 đã được phê duyệt có 3 khu chức năng chính,"Tên dài >90 ký tự, có thể là tiêu đề tin nhắn/câu mô tả"
critical,bad_project_name,BDS-CURATED-0149,Masteri An Phú - Masteri Thảo Điền - The Vista tăng 40-50% giá trị chỉ trong 3 tháng ) 🎉 Nếu lấy sàn thứ 2 (70,"Tên dài >90 ký tự, có thể là tiêu đề tin nhắn/câu mô tả"
critical,bad_project_name,BDS-CURATED-0381,NOXH đang đánh giá khoảng 15Km Trên dưới 20 Triệu/m2 Giá đất UBND MT đường DT742 5 Triệu/m2 Theo Tổng mức đầu,"Tên dài >90 ký tự, có thể là tiêu đề tin nhắn/câu mô tả"
critical,location_reference_as_name,BDS-CURATED-0381,NOXH đang đánh giá khoảng 15Km Trên dưới 20 Triệu/m2 Giá đất UBND MT đường DT742 5 Triệu/m2 Theo Tổng mức đầu,"Tên là câu tham chiếu khoảng cách, không phải dự án"
critical,location_reference_as_name,BDS-CURATED-0234,Phú Quang khoảng 350m + Có 2 mặt tiếp xúc,"Tên là câu tham chiếu khoảng cách, không phải dự án"
critical,location_reference_as_name,BDS-CURATED-0129,Phú Quang khoảng 350m + Có 2 mặt tiếp xúc kênh rạch II/ Kết nối giao thông đến dự án,"Tên là câu tham chiếu khoảng cách, không phải dự án"
critical,bad_project_name,BDS-CURATED-0108,Suối Nhum với giá 1180 tỷ theo hình thức chuyển nhượng 100% cổ phần cty với hiện trạng có Quy hoạch mới dự kiế,"Tên dài >90 ký tự, có thể là tiêu đề tin nhắn/câu mô tả"
critical,bad_project_name,BDS-CURATED-0194,Swanbay 456ha hiện Dic đã chuyển nhượng lại các dự án thành phần cho các chủ đầu tư khác nên có nhiều dự án co,"Tên dài >90 ký tự, có thể là tiêu đề tin nhắn/câu mô tả"
critical,bad_project_name,BDS-CURATED-0151,THEO PHƯƠNG ÁN KINH DOANH ANH CƯỜNG – TMĐT Ko bao gồm ĐẤT Kết quả kinh doanh – PA vận hành 15 năm + GOP bình q,"Tên dài >90 ký tự, có thể là tiêu đề tin nhắn/câu mô tả"
critical,bad_project_name,BDS-CURATED-0167,The Bale của Được gửi giá đã giảm mà lại ko lãi hã Dự án Bale này giá có giảm nhưng pháp lý trước đây họ cam k,"Tên dài >90 ký tự, có thể là tiêu đề tin nhắn/câu mô tả"
critical,bad_project_name,BDS-CURATED-0195,The Sang Residence đang gần hoàn thành xây dựng với giá bán (58-68trđ/m2) với vị trí nằm sâu trong đường Phạm,"Tên dài >90 ký tự, có thể là tiêu đề tin nhắn/câu mô tả"
critical,bad_project_name,BDS-CURATED-0196,Thông tin quyết định chủ trương đầu tư/pháp lý dự án/thông tin quy hoạch dự án - Thông tin đơn vị khác tham,"Tên dài >90 ký tự, có thể là tiêu đề tin nhắn/câu mô tả"
critical,bad_project_name,BDS-CURATED-0113,Westgate của AnGia – 38 tr/m2 (vị trí trung tâm Huyện Bình Chánh) + Thấp hơn mức giá trung bình của Akari – Na,"Tên dài >90 ký tự, có thể là tiêu đề tin nhắn/câu mô tả"
critical,bad_project_name,BDS-CURATED-0198,cao tầng phải đầu tư 2–3 tầng hầm Trường hợp cần rà soát chi tiết và cập nhật chính xác hơn,"Tên dài >90 ký tự, có thể là tiêu đề tin nhắn/câu mô tả"
critical,bad_project_name,BDS-CURATED-0237,chung cư nhiều nhưng số lượng dự án và thị trường thì thấy Đà Nẵng có vẻ sôi động hơn à Nhưng condotel ở Đà Nẵ,"Tên dài >90 ký tự, có thể là tiêu đề tin nhắn/câu mô tả"
critical,bad_project_name,BDS-CURATED-0168,chỉ mới trong giai đoạn pháp lý đền bù GPMB thì được xem là quỹ đất và được định giá lại theo phương thức giá,"Tên dài >90 ký tự, có thể là tiêu đề tin nhắn/câu mô tả"
critical,bad_project_name,BDS-CURATED-0239,chợ lớn có khi phải điều chỉnh ranh Dự án Chợ Lớn đang làm quy hoạch anh Tài đã có cập nhật ranh Metro vào rồi,"Tên dài >90 ký tự, có thể là tiêu đề tin nhắn/câu mô tả"
critical,location_reference_as_name,BDS-CURATED-0030,có 1 mặt tiền đường Song Hành rộng khoảng 110m của đường Xa lộ Hà Nội,"Tên là câu tham chiếu khoảng cách, không phải dự án"
critical,location_reference_as_name,BDS-CURATED-0019,có 2 mặt tiền đường Thuận An Hóa rộng khoảng 60m,"Tên là câu tham chiếu khoảng cách, không phải dự án"
critical,location_reference_as_name,BDS-CURATED-0042,có mặt tiền rộng khoảng 100m ngay đường Nguyễn Hữu Thọ,"Tên là câu tham chiếu khoảng cách, không phải dự án"
critical,bad_project_name,BDS-CURATED-0243,của Novaland được tháo gỡ liên quan đến Waterbay và Lakeview theo NQ 170 của Quốc Hội Liên quan đến vấn đề giả,"Tên dài >90 ký tự, có thể là tiêu đề tin nhắn/câu mô tả"
critical,bad_project_name,BDS-CURATED-0202,của mình nằm sát Khu CBD mới của Đà Nẵng và lợi thế nằm ngay đường Phạm Văn Đồng (có 4 mặt tiền,"Tên dài >90 ký tự, có thể là tiêu đề tin nhắn/câu mô tả"
critical,bad_project_name,BDS-CURATED-0445,của mình sẽ thực hiện đồng bộ theo hạ tầng của tỉnh Vậy cầu này làm để kết nói đường bộ ven biể,"Tên dài >90 ký tự, có thể là tiêu đề tin nhắn/câu mô tả"
critical,bad_project_name,BDS-CURATED-0020,gồm Chung cư cao tầng gồm 02 Hầm + 02 tầng Khối đế + 26 tầng căn hộ (trong đó căn hộ NOXH chiếm 20% tổng số că,"Tên dài >90 ký tự, có thể là tiêu đề tin nhắn/câu mô tả"
critical,bad_project_name,BDS-CURATED-0117,hạ tầng trọng điểm quốc gia đang được triển khai như Đường DT 770B (LG 60m) khởi công xây dựng Quý I-2024,"Tên dài >90 ký tự, có thể là tiêu đề tin nhắn/câu mô tả"
critical,bad_project_name,BDS-CURATED-0205,khi thực hiện kcn phải san lấp thêm ở mức bao nhiêu nên cũng chưa ước tính chi phí san lấp cho dự án này,"Tên dài >90 ký tự, có thể là tiêu đề tin nhắn/câu mô tả"
critical,bad_project_name,BDS-CURATED-0093,không đạt hiệu quả tài chính với giá chào chuyển nhượng là 280 tỷ đồng (chưa bao gồm tiền CMĐSDĐ) - Để dự án đ,"Tên dài >90 ký tự, có thể là tiêu đề tin nhắn/câu mô tả"
critical,bad_project_name,BDS-CURATED-0155,là tính khả thi của công tác giải phóng mặt bằng khi diện tích nhà dân nằm xen cài nhiều trong ranh đất dự án,"Tên dài >90 ký tự, có thể là tiêu đề tin nhắn/câu mô tả"
critical,bad_project_name,BDS-CURATED-0210,mình khảo sát ở kcn Vĩnh Phúc khi bay flycam thì thấy hiện trạng là đất lúa xen kẽ nhiều nhà dân và có các đồi,"Tên dài >90 ký tự, có thể là tiêu đề tin nhắn/câu mô tả"
critical,bad_project_name,BDS-CURATED-0290,mình là đường ven biển rồi lên Cao Tốc ra Cảng Hải Phòng Anh vẽ cho em đường bộ và đường sông đi ra,"Tên dài >90 ký tự, có thể là tiêu đề tin nhắn/câu mô tả"
critical,bad_project_name,BDS-CURATED-0249,nghỉ dưỡng nghìn tỷ bà Trương Mỹ Lan từng thâu tóm Ngân hàng TMCP Công Thương Việt Nam - Chi nhánh Thủ Thiêm (,"Tên dài >90 ký tự, có thể là tiêu đề tin nhắn/câu mô tả"
critical,bad_project_name,BDS-CURATED-0120,nhà ở khi chuyển mục đích sang đất ở theo Luật Đất đai sẽ phải thực hiện đấu giá đối với hiện trạng các khu đấ,"Tên dài >90 ký tự, có thể là tiêu đề tin nhắn/câu mô tả"
critical,bad_project_name,BDS-CURATED-0211,nhà ở thương mại thông qua thỏa thuận về nhận quyền sử dụng đất hoặc đang có quyền sử dụng đất để thể chế hóa,"Tên dài >90 ký tự, có thể là tiêu đề tin nhắn/câu mô tả"
critical,bad_project_name,BDS-CURATED-0212,này hiện chỉ đóng tiền sử dụng đát trên diện tích đất xây dựng thay vì diện tích đất toàn khu đối với toàn khu,"Tên dài >90 ký tự, có thể là tiêu đề tin nhắn/câu mô tả"
critical,bad_project_name,BDS-CURATED-0174,này hiện đã thực hiện pháp lý đến giai đoạn cấp sổ đỏ riêng cho từng lô biệt thự Nhưng hiện tại,"Tên dài >90 ký tự, có thể là tiêu đề tin nhắn/câu mô tả"
critical,bad_project_name,BDS-CURATED-0175,này hồi xưa mình có thông tin nhưng sau đó đề xuất là không quan tâm sâu do có 2 nhược điểm lớn là,"Tên dài >90 ký tự, có thể là tiêu đề tin nhắn/câu mô tả"
critical,bad_project_name,BDS-CURATED-0296,thông qua đấu thầu nên khả năng cao chỉ thực hiện được chuyển nhượng thông qua hình thức mua cổ phần nên,"Tên dài >90 ký tự, có thể là tiêu đề tin nhắn/câu mô tả"
critical,bad_project_name,BDS-CURATED-0262,tiền M&A nên đang bị phẩn bổ khá nhiều thời gian cho phần phân tích các dự án tiền M&A này Begin quote,"Tên dài >90 ký tự, có thể là tiêu đề tin nhắn/câu mô tả"
critical,bad_project_name,BDS-CURATED-0222,trước năm 2024 đúng thật là thấy giá chung cư của HN thấy thấp hơn SG nếu nhìn vị trí có tính tương đương,"Tên dài >90 ký tự, có thể là tiêu đề tin nhắn/câu mô tả"
critical,bad_project_name,BDS-CURATED-0179,tuy đạt hiệu quả đầu tư về mặt tính toán nhưng sẽ bị vướng mắc về Pháp lý đất (đất SKC bị hết hạn,"Tên dài >90 ký tự, có thể là tiêu đề tin nhắn/câu mô tả"
critical,bad_project_name,BDS-CURATED-0069,đã được chấp thuận đầu tư dự án và đã được gia hạn tiến độ 02 năm kể từ ngày được cấp phép xây dựng - Hiện chủ,"Tên dài >90 ký tự, có thể là tiêu đề tin nhắn/câu mô tả"
critical,bad_project_name,BDS-CURATED-0269,được tính bằng cách lấy tổng doanh thu trừ các chi phí vận hành trực tiếp (như chi phí phòng,"Tên dài >90 ký tự, có thể là tiêu đề tin nhắn/câu mô tả"
critical,bad_project_name,BDS-CURATED-0143,đạt hiệu quả LNTT/TMĐT ~ >=20% ở khung từ giá bán bình quân chưa VAT đạt từ 75 triệu/m2 trở lên chi phí đầu tư,"Tên dài >90 ký tự, có thể là tiêu đề tin nhắn/câu mô tả"
critical,bad_project_name,BDS-CURATED-0180,đạt hiệu quả với giá mua dự án ở khoảng 17 triệu đồng/m2 ~ ngưỡng giá mua dự án 520 tỷ đồng,"Tên dài >90 ký tự, có thể là tiêu đề tin nhắn/câu mô tả"
high,message_subject_variant,BDS-CURATED-0071,(FS),"Tên chứa từ khóa tiêu đề báo cáo/phương án, cần gom dự án cha"
high,suspicious_shared_coordinate,BDS-CURATED-0071,(FS),Same coordinate is shared by many unrelated project names; verify before relying on map marker.
high,suspicious_shared_coordinate,BDS-CURATED-0124,(giá bán quỹ đất bao gồm cam kết của đối tác sẽ hỗ trợ phần đất đi vào dự án) với chi phí làm đường là 1tr/m2,Same coordinate is shared by many unrelated project names; verify before relying on map marker.
high,suspicious_shared_coordinate,BDS-CURATED-0183,(pháp lý,Same coordinate is shared by many unrelated project names; verify before relying on map marker.
high,suspicious_shared_coordinate,BDS-CURATED-0274,12ha đủ lớn để có thể địn hướng triển khai tiện ích cảnh quan,Same coordinate is shared by many unrelated project names; verify before relying on map marker.
high,multi_scenario_unstructured,BDS-CURATED-0072,132 $/phòng/đêm 145,Có 6 quy mô/diện tích khác nhau nhưng chưa có scenario_data
high,multi_scenario_unstructured,BDS-CURATED-0001,31 Trần Não,Có 8 quy mô/diện tích khác nhau nhưng chưa có scenario_data
high,multi_scenario_unstructured,BDS-CURATED-0362,386 ha là 84,Có 6 quy mô/diện tích khác nhau nhưng chưa có scenario_data
high,multi_scenario_unstructured,BDS-CURATED-0315,48 Nguyễn Thiện Thuật,Có 5 quy mô/diện tích khác nhau nhưng chưa có scenario_data
high,suspicious_shared_coordinate,BDS-CURATED-0099,50ha thuộc huyện Vĩnh Tường – Yên Lạc,Same coordinate is shared by many unrelated project names; verify before relying on map marker.
high,multi_scenario_unstructured,BDS-CURATED-0099,50ha thuộc huyện Vĩnh Tường – Yên Lạc,Có 10 quy mô/diện tích khác nhau nhưng chưa có scenario_data
high,suspicious_shared_coordinate,BDS-CURATED-0184,50ha ở Vĩnh Yên,Same coordinate is shared by many unrelated project names; verify before relying on map marker.
high,suspicious_shared_coordinate,BDS-CURATED-0125,53ha đấu thầu tại đường Thăng Long,Same coordinate is shared by many unrelated project names; verify before relying on map marker.
high,suspicious_shared_coordinate,BDS-CURATED-0049,54ha liền kề sân bay Phan Thiết có giá chào 860-900 tỷ,Same coordinate is shared by many unrelated project names; verify before relying on map marker.
high,message_subject_variant,BDS-CURATED-0228,=> Nên chưa đánh giá hiệu quả dự án theo yếu tố dòng tiền ** Link Drive,"Tên chứa từ khóa tiêu đề báo cáo/phương án, cần gom dự án cha"
high,suspicious_shared_coordinate,BDS-CURATED-0228,=> Nên chưa đánh giá hiệu quả dự án theo yếu tố dòng tiền ** Link Drive,Same coordinate is shared by many unrelated project names; verify before relying on map marker.
high,suspicious_shared_coordinate,BDS-CURATED-0073,AK (2025)~ 4,Same coordinate is shared by many unrelated project names; verify before relying on map marker.
high,suspicious_shared_coordinate,BDS-CURATED-0159,Aqua city của Novaland đã được tháo gỡ vướng mắc về pháp lý,Same coordinate is shared by many unrelated project names; verify before relying on map marker.
high,suspicious_shared_coordinate,BDS-CURATED-0275,Aqua thì hiện nay Nova đang dừng triển khai ở dự án này,Same coordinate is shared by many unrelated project names; verify before relying on map marker.
high,multi_scenario_unstructured,BDS-CURATED-0342,Bất động sản khảo sát,Có 10 quy mô/diện tích khác nhau nhưng chưa có scenario_data
high,suspicious_shared_coordinate,BDS-CURATED-0186,CCN Giao Yến cũng đang ở bước đầu xin dự án,Same coordinate is shared by many unrelated project names; verify before relying on map marker.
high,multi_scenario_unstructured,BDS-CURATED-0053,Chen Sea 3,Có 6 quy mô/diện tích khác nhau nhưng chưa có scenario_data
high,multi_scenario_unstructured,BDS-CURATED-0035,Chung cư Minh Ngọc tại đường CMT8,Có 10 quy mô/diện tích khác nhau nhưng chưa có scenario_data
high,multi_scenario_unstructured,BDS-CURATED-0025,Chung cư Võ Thị Sáu,Có 6 quy mô/diện tích khác nhau nhưng chưa có scenario_data
high,multi_scenario_unstructured,BDS-CURATED-0002,Chung cư Đỗ Xuân Hợp,Có 4 quy mô/diện tích khác nhau nhưng chưa có scenario_data
high,suspicious_shared_coordinate,BDS-CURATED-0003,Chưa đặt tên,Same coordinate is shared by many unrelated project names; verify before relying on map marker.
high,suspicious_shared_coordinate,BDS-CURATED-0276,Cát Lái,Same coordinate is shared by many unrelated project names; verify before relying on map marker.
high,suspicious_shared_coordinate,BDS-CURATED-0187,Cát Lái từ P,Same coordinate is shared by many unrelated project names; verify before relying on map marker.
high,suspicious_shared_coordinate,BDS-CURATED-0101,Cù lao Tân Vạn theo đơn giá bán (đất + nhà) trung bình dựa vào các loại hình do Mr,Same coordinate is shared by many unrelated project names; verify before relying on map marker.
high,multi_scenario_unstructured,BDS-CURATED-0055,DKC ARITA TWIN TOWER 1,Có 10 quy mô/diện tích khác nhau nhưng chưa có scenario_data
high,multi_scenario_unstructured,BDS-CURATED-0012,Diamond Garden Đào Trí Phú Thuận,Có 5 quy mô/diện tích khác nhau nhưng chưa có scenario_data
high,message_subject_variant,BDS-CURATED-0076,Giá bán đề xuất,"Tên chứa từ khóa tiêu đề báo cáo/phương án, cần gom dự án cha"
high,suspicious_shared_coordinate,BDS-CURATED-0076,Giá bán đề xuất,Same coordinate is shared by many unrelated project names; verify before relying on map marker.
high,multi_scenario_unstructured,BDS-CURATED-0076,Giá bán đề xuất,Có 8 quy mô/diện tích khác nhau nhưng chưa có scenario_data
high,suspicious_shared_coordinate,BDS-CURATED-0277,Gladia heights dự kiến triển khai trong 2026 này,Same coordinate is shared by many unrelated project names; verify before relying on map marker.
high,multi_scenario_unstructured,BDS-CURATED-0037,Green Hill tại Quy Nhơn,Có 6 quy mô/diện tích khác nhau nhưng chưa có scenario_data
high,multi_scenario_unstructured,BDS-CURATED-0313,H2-02,Có 4 quy mô/diện tích khác nhau nhưng chưa có scenario_data
high,suspicious_shared_coordinate,BDS-CURATED-0230,HLW - Merryaland 1,Same coordinate is shared by many unrelated project names; verify before relying on map marker.
high,suspicious_shared_coordinate,BDS-CURATED-0077,Hoa viên Vĩnh Thanh sau khi có Thông số từ P,Same coordinate is shared by many unrelated project names; verify before relying on map marker.
high,suspicious_shared_coordinate,BDS-CURATED-0038,Hoa viên Vĩnh Thanh tại đường nhánh của đường DT19,Same coordinate is shared by many unrelated project names; verify before relying on map marker.
high,multi_scenario_unstructured,BDS-CURATED-0007,Holiday Beach,Có 4 quy mô/diện tích khác nhau nhưng chưa có scenario_data
high,message_subject_variant,BDS-CURATED-0146,Holiday Beach tại Đà Nẵng đánh giá nhanh phương án vận hành khách sạn tạm thời trong thời gian ngắn,"Tên chứa từ khóa tiêu đề báo cáo/phương án, cần gom dự án cha"
high,suspicious_shared_coordinate,BDS-CURATED-0146,Holiday Beach tại Đà Nẵng đánh giá nhanh phương án vận hành khách sạn tạm thời trong thời gian ngắn,Same coordinate is shared by many unrelated project names; verify before relying on map marker.
high,suspicious_shared_coordinate,BDS-CURATED-0322,Hải Nhân,no_reliable_coordinate; merged duplicate group needs coordinate review
high,multi_scenario_unstructured,BDS-CURATED-0322,Hải Nhân,Có 4 quy mô/diện tích khác nhau nhưng chưa có scenario_data
high,suspicious_shared_coordinate,BDS-CURATED-0102,Hải Âu tại Bãi Trường,Same coordinate is shared by many unrelated project names; verify before relying on map marker.
high,suspicious_shared_coordinate,BDS-CURATED-0323,Hội An Riverside Resort & Spa,no_reliable_coordinate; merged duplicate group needs coordinate review
high,suspicious_shared_coordinate,BDS-CURATED-0103,Hội An Riverside Resort & Spa theo Concept Lamanon và giá kinh doanh của anh David Cường cung cấp,Same coordinate is shared by many unrelated project names; verify before relying on map marker.
high,suspicious_shared_coordinate,BDS-CURATED-0231,Hội An Riverside có nhiều khả năng thay đổi concept,Same coordinate is shared by many unrelated project names; verify before relying on map marker.
high,multi_scenario_unstructured,BDS-CURATED-0344,KCN Phước An tại xã Phước An,Có 4 quy mô/diện tích khác nhau nhưng chưa có scenario_data
high,suspicious_shared_coordinate,BDS-CURATED-0163,KDC,Same coordinate is shared by many unrelated project names; verify before relying on map marker.
high,message_subject_variant,BDS-CURATED-0106,KDC An Tôn theo 02 phương án quy hoạch,"Tên chứa từ khóa tiêu đề báo cáo/phương án, cần gom dự án cha"
high,suspicious_shared_coordinate,BDS-CURATED-0106,KDC An Tôn theo 02 phương án quy hoạch,Same coordinate is shared by many unrelated project names; verify before relying on map marker.
high,suspicious_shared_coordinate,BDS-CURATED-0080,KHU DU LỊCH SINH THÁI BIỂN CAO CẤP LẠC VIỆT,Same coordinate is shared by many unrelated project names; verify before relying on map marker.
high,suspicious_shared_coordinate,BDS-CURATED-0190,KS 25 Trần Phú sẽ đi theo PA 5 tầng nổi + 1 tầng hầm,Same coordinate is shared by many unrelated project names; verify before relying on map marker.
high,multi_scenario_unstructured,BDS-CURATED-0317,Khu gia đình quân nhân quân chủng PK-KQ (8,Có 4 quy mô/diện tích khác nhau nhưng chưa có scenario_data
high,suspicious_shared_coordinate,BDS-CURATED-0278,Khu nhà ở công nhân và chuyên gia tại xã Nhơn Trạch của Công ty TNHH Vạn Phúc,Same coordinate is shared by many unrelated project names; verify before relying on map marker.
high,multi_scenario_unstructured,BDS-CURATED-0057,Khu trung tâm tòa nhà hỗn hợp thương mại,Có 5 quy mô/diện tích khác nhau nhưng chưa có scenario_data
high,multi_scenario_unstructured,BDS-CURATED-0082,Khu Đô Thị Mới Bắc Quán Hành - Quán Hành - Nghi Lộc - Nghệ An,Có 5 quy mô/diện tích khác nhau nhưng chưa có scenario_data
high,suspicious_shared_coordinate,BDS-CURATED-0164,Khu Đô Thị Văn Giang (Red River Villa) tại Hưng Yên,Same coordinate is shared by many unrelated project names; verify before relying on map marker.
high,suspicious_shared_coordinate,BDS-CURATED-0127,Khách sạn,Same coordinate is shared by many unrelated project names; verify before relying on map marker.
high,suspicious_shared_coordinate,BDS-CURATED-0148,Lô mặt tiền Quốc Lộ 13 Hiệp Bình Phước,Same coordinate is shared by many unrelated project names; verify before relying on map marker.
high,multi_scenario_unstructured,BDS-CURATED-0314,Lô đất Phú Thọ Hòa Tân Phú,Có 13 quy mô/diện tích khác nhau nhưng chưa có scenario_data
high,suspicious_shared_coordinate,BDS-CURATED-0165,NOXH sẽ giúp tạo thương hiệu tích cực cho công ty trên thị trường,Same coordinate is shared by many unrelated project names; verify before relying on map marker.
high,message_subject_variant,BDS-CURATED-0381,NOXH đang đánh giá khoảng 15Km Trên dưới 20 Triệu/m2 Giá đất UBND MT đường DT742 5 Triệu/m2 Theo Tổng mức đầu,"Tên chứa từ khóa tiêu đề báo cáo/phương án, cần gom dự án cha"
high,suspicious_shared_coordinate,BDS-CURATED-0191,Nguyễn Thiện Thuật và Đoàn Trần Nghiệp - Nha Trang,Same coordinate is shared by many unrelated project names; verify before relying on map marker.
high,suspicious_shared_coordinate,BDS-CURATED-0306,Ngọc Hồi Thanh Trì,Same coordinate is shared by many unrelated project names; verify before relying on map marker.
high,multi_scenario_unstructured,BDS-CURATED-0059,Nơ Trang Long,Có 6 quy mô/diện tích khác nhau nhưng chưa có scenario_data
high,message_subject_variant,BDS-CURATED-0338,PGK phương án 900 tỷ,"Tên chứa từ khóa tiêu đề báo cáo/phương án, cần gom dự án cha"
high,suspicious_shared_coordinate,BDS-CURATED-0128,Parklane,Same coordinate is shared by many unrelated project names; verify before relying on map marker.
high,suspicious_shared_coordinate,BDS-CURATED-0307,Parklane P,Same coordinate is shared by many unrelated project names; verify before relying on map marker.
high,message_subject_variant,BDS-CURATED-0345,Phú Gia Khiêm với 02 phương án,"Tên chứa từ khóa tiêu đề báo cáo/phương án, cần gom dự án cha"
high,multi_scenario_unstructured,BDS-CURATED-0060,Phú Quang,Có 4 quy mô/diện tích khác nhau nhưng chưa có scenario_data
high,message_subject_variant,BDS-CURATED-0280,Phượng Hoàng theo Chính sá… Vậy chốt PkD phương án này đi Ok Sếp,"Tên chứa từ khóa tiêu đề báo cáo/phương án, cần gom dự án cha"
high,suspicious_shared_coordinate,BDS-CURATED-0280,Phượng Hoàng theo Chính sá… Vậy chốt PkD phương án này đi Ok Sếp,Same coordinate is shared by many unrelated project names; verify before relying on map marker.
high,suspicious_shared_coordinate,BDS-CURATED-0193,Regalia Gold 4 sao tại Nha Trang,Same coordinate is shared by many unrelated project names; verify before relying on map marker.
high,multi_scenario_unstructured,BDS-CURATED-0339,Richland,Có 7 quy mô/diện tích khác nhau nhưng chưa có scenario_data
high,suspicious_shared_coordinate,BDS-CURATED-0150,Richland Quận 9,Same coordinate is shared by many unrelated project names; verify before relying on map marker.
high,multi_scenario_unstructured,BDS-CURATED-0150,Richland Quận 9,Có 4 quy mô/diện tích khác nhau nhưng chưa có scenario_data
high,multi_scenario_unstructured,BDS-CURATED-0009,Stown Gateway có quy mô 8816m2 tại hẻm Quốc lộ 13,Có 7 quy mô/diện tích khác nhau nhưng chưa có scenario_data
high,suspicious_shared_coordinate,BDS-CURATED-0108,Suối Nhum với giá 1180 tỷ theo hình thức chuyển nhượng 100% cổ phần cty với hiện trạng có Quy hoạch mới dự kiế,Same coordinate is shared by many unrelated project names; verify before relying on map marker.
high,suspicious_shared_coordinate,BDS-CURATED-0166,Sông Đà - Quốc Cường Gia Lai (Nguồn từ Mr Tiến R&D) có giá chào 6,Same coordinate is shared by many unrelated project names; verify before relying on map marker.
high,message_subject_variant,BDS-CURATED-0151,THEO PHƯƠNG ÁN KINH DOANH ANH CƯỜNG – TMĐT Ko bao gồm ĐẤT Kết quả kinh doanh – PA vận hành 15 năm + GOP bình q,"Tên chứa từ khóa tiêu đề báo cáo/phương án, cần gom dự án cha"
high,multi_scenario_unstructured,BDS-CURATED-0109,Thanh Đa,Có 8 quy mô/diện tích khác nhau nhưng chưa có scenario_data
high,suspicious_shared_coordinate,BDS-CURATED-0281,The Bale của Được gửi giá đã giảm mà lại ko lãi hã Begin quote,Same coordinate is shared by many unrelated project names; verify before relying on map marker.
high,suspicious_shared_coordinate,BDS-CURATED-0196,Thông tin quyết định chủ trương đầu tư/pháp lý dự án/thông tin quy hoạch dự án - Thông tin đơn vị khác tham,Same coordinate is shared by many unrelated project names; verify before relying on map marker.
high,multi_scenario_unstructured,BDS-CURATED-0028,Thủ Đức Living,Có 4 quy mô/diện tích khác nhau nhưng chưa có scenario_data
high,multi_scenario_unstructured,BDS-CURATED-0085,Toàn Thịnh Phát tại Bãi Trường,Có 5 quy mô/diện tích khác nhau nhưng chưa có scenario_data
high,suspicious_shared_coordinate,BDS-CURATED-0004,Trần Đức 1 2.8ha Thuận Giao,Same coordinate is shared by many unrelated project names; verify before relying on map marker.
high,multi_scenario_unstructured,BDS-CURATED-0004,Trần Đức 1 2.8ha Thuận Giao,Có 6 quy mô/diện tích khác nhau nhưng chưa có scenario_data
high,suspicious_shared_coordinate,BDS-CURATED-0086,Urban Green,Same coordinate is shared by many unrelated project names; verify before relying on map marker.
high,multi_scenario_unstructured,BDS-CURATED-0086,Urban Green,Có 4 quy mô/diện tích khác nhau nhưng chưa có scenario_data
high,suspicious_shared_coordinate,BDS-CURATED-0111,Vì 2 vấn đề trên,Same coordinate is shared by many unrelated project names; verify before relying on map marker.
high,multi_scenario_unstructured,BDS-CURATED-0111,Vì 2 vấn đề trên,Có 9 quy mô/diện tích khác nhau nhưng chưa có scenario_data
high,suspicious_shared_coordinate,BDS-CURATED-0132,Võ Văn Kiệt (Gộp 2 Lô) theo chỉ tiêu QH dự kiến điều chỉnh,Same coordinate is shared by many unrelated project names; verify before relying on map marker.
high,multi_scenario_unstructured,BDS-CURATED-0087,Văn phòng tại khu đất 197 Lê Văn Sỹ,Có 4 quy mô/diện tích khác nhau nhưng chưa có scenario_data
high,message_subject_variant,BDS-CURATED-0029,Văn phòng tại khu đất 197 Lê Văn Sỹ cập nhật Hệ số sử dụng đất mới 9,"Tên chứa từ khóa tiêu đề báo cáo/phương án, cần gom dự án cha"
high,message_subject_variant,BDS-CURATED-0112,Vương Bảo Long (kèm đánh giá pháp lý) *Hiện trạng,"Tên chứa từ khóa tiêu đề báo cáo/phương án, cần gom dự án cha"
high,multi_scenario_unstructured,BDS-CURATED-0112,Vương Bảo Long (kèm đánh giá pháp lý) *Hiện trạng,Có 5 quy mô/diện tích khác nhau nhưng chưa có scenario_data
high,message_subject_variant,BDS-CURATED-0197,Với phương án của mình trước là làm phân kh,"Tên chứa từ khóa tiêu đề báo cáo/phương án, cần gom dự án cha"
high,suspicious_shared_coordinate,BDS-CURATED-0197,Với phương án của mình trước là làm phân kh,Same coordinate is shared by many unrelated project names; verify before relying on map marker.
high,suspicious_shared_coordinate,BDS-CURATED-0113,Westgate của AnGia – 38 tr/m2 (vị trí trung tâm Huyện Bình Chánh) + Thấp hơn mức giá trung bình của Akari – Na,Same coordinate is shared by many unrelated project names; verify before relying on map marker.
high,suspicious_shared_coordinate,BDS-CURATED-0283,by Huy M - IM,Same coordinate is shared by many unrelated project names; verify before relying on map marker.
high,suspicious_shared_coordinate,BDS-CURATED-0284,bên mình đã đang follow nha a Huy Mai-PTDT Anh đã share hồ sơ cho em rồi nha,Same coordinate is shared by many unrelated project names; verify before relying on map marker.
high,message_subject_variant,BDS-CURATED-0198,cao tầng phải đầu tư 2–3 tầng hầm Trường hợp cần rà soát chi tiết và cập nhật chính xác hơn,"Tên chứa từ khóa tiêu đề báo cáo/phương án, cần gom dự án cha"
high,suspicious_shared_coordinate,BDS-CURATED-0088,cao tầng tại Trung tâm Quận 9 (TPHCM) với quy mô 3,Same coordinate is shared by many unrelated project names; verify before relying on map marker.
high,suspicious_shared_coordinate,BDS-CURATED-0199,cao tầng với,Same coordinate is shared by many unrelated project names; verify before relying on map marker.
high,multi_scenario_unstructured,BDS-CURATED-0334,chung cư Hải Sơn có diện tích đất 8,Có 4 quy mô/diện tích khác nhau nhưng chưa có scenario_data
high,suspicious_shared_coordinate,BDS-CURATED-0006,chung cư Thuận Nghiệp - DT743C,Same coordinate is shared by many unrelated project names; verify before relying on map marker.
high,multi_scenario_unstructured,BDS-CURATED-0041,chung cư Thành Lộc với tổng diện tích đất phù hợp quy hoạch để thực hiện dự án là 8,Có 7 quy mô/diện tích khác nhau nhưng chưa có scenario_data
high,suspicious_shared_coordinate,BDS-CURATED-0325,chung cư Việt An,no_reliable_coordinate; merged duplicate group needs coordinate review
high,multi_scenario_unstructured,BDS-CURATED-0325,chung cư Việt An,Có 4 quy mô/diện tích khác nhau nhưng chưa có scenario_data
high,suspicious_shared_coordinate,BDS-CURATED-0237,chung cư nhiều nhưng số lượng dự án và thị trường thì thấy Đà Nẵng có vẻ sôi động hơn à Nhưng condotel ở Đà Nẵ,Same coordinate is shared by many unrelated project names; verify before relying on map marker.
high,multi_scenario_unstructured,BDS-CURATED-0063,chung cư trên quy đất này có thể theo 2 hướng,Có 7 quy mô/diện tích khác nhau nhưng chưa có scenario_data
high,suspicious_shared_coordinate,BDS-CURATED-0238,chưa bàn giao nên chưa dc vào ở à,Same coordinate is shared by many unrelated project names; verify before relying on map marker.
high,suspicious_shared_coordinate,BDS-CURATED-0152,chưa phê duyệt quyết định/ chấp thuận chủ trương đầu tư,Same coordinate is shared by many unrelated project names; verify before relying on map marker.
high,multi_scenario_unstructured,BDS-CURATED-0089,chỉnh trang),Có 4 quy mô/diện tích khác nhau nhưng chưa có scenario_data
high,suspicious_shared_coordinate,BDS-CURATED-0286,chợ lớn có khi phải điều chỉnh ranh Begin quote,Same coordinate is shared by many unrelated project names; verify before relying on map marker.
high,message_subject_variant,BDS-CURATED-0239,chợ lớn có khi phải điều chỉnh ranh Dự án Chợ Lớn đang làm quy hoạch anh Tài đã có cập nhật ranh Metro vào rồi,"Tên chứa từ khóa tiêu đề báo cáo/phương án, cần gom dự án cha"
high,suspicious_shared_coordinate,BDS-CURATED-0239,chợ lớn có khi phải điều chỉnh ranh Dự án Chợ Lớn đang làm quy hoạch anh Tài đã có cập nhật ranh Metro vào rồi,Same coordinate is shared by many unrelated project names; verify before relying on map marker.
high,suspicious_shared_coordinate,BDS-CURATED-0240,càng tốt ạ Vì luật hiện nay vẫn quy định đơn giá ko dc,Same coordinate is shared by many unrelated project names; verify before relying on map marker.
high,multi_scenario_unstructured,BDS-CURATED-0030,có 1 mặt tiền đường Song Hành rộng khoảng 110m của đường Xa lộ Hà Nội,Có 5 quy mô/diện tích khác nhau nhưng chưa có scenario_data
high,multi_scenario_unstructured,BDS-CURATED-0019,có 2 mặt tiền đường Thuận An Hóa rộng khoảng 60m,Có 10 quy mô/diện tích khác nhau nhưng chưa có scenario_data
high,suspicious_shared_coordinate,BDS-CURATED-0241,có giá vốn đất thấp trong khi hệ số cao (trên 11 chấm),Same coordinate is shared by many unrelated project names; verify before relying on map marker.
high,suspicious_shared_coordinate,BDS-CURATED-0042,có mặt tiền rộng khoảng 100m ngay đường Nguyễn Hữu Thọ,Same coordinate is shared by many unrelated project names; verify before relying on map marker.
high,multi_scenario_unstructured,BDS-CURATED-0042,có mặt tiền rộng khoảng 100m ngay đường Nguyễn Hữu Thọ,Có 9 quy mô/diện tích khác nhau nhưng chưa có scenario_data
high,suspicious_shared_coordinate,BDS-CURATED-0115,có tỷ lệ LNTT/TMDT đạt hiệu quả nhưng không đạt hiệu quả về chỉ tiêu IRR,Same coordinate is shared by many unrelated project names; verify before relying on map marker.
high,suspicious_shared_coordinate,BDS-CURATED-0169,có vị trí tại phường An Bình,Same coordinate is shared by many unrelated project names; verify before relying on map marker.
high,message_subject_variant,BDS-CURATED-0200,cảng tổng hợp và container Cái Mép Hạ được đề xuất đầu tư với tổng vốn 50,"Tên chứa từ khóa tiêu đề báo cáo/phương án, cần gom dự án cha"
high,suspicious_shared_coordinate,BDS-CURATED-0201,cần kiểm tra lại QH 1,Same coordinate is shared by many unrelated project names; verify before relying on map marker.
high,message_subject_variant,BDS-CURATED-0441,cập nhật chốt xin giữ dân số cho PGK là 3800,"Tên chứa từ khóa tiêu đề báo cáo/phương án, cần gom dự án cha"
high,suspicious_shared_coordinate,BDS-CURATED-0243,của Novaland được tháo gỡ liên quan đến Waterbay và Lakeview theo NQ 170 của Quốc Hội Liên quan đến vấn đề giả,Same coordinate is shared by many unrelated project names; verify before relying on map marker.
high,suspicious_shared_coordinate,BDS-CURATED-0170,do mình có điều chỉnh qh 1/500,Same coordinate is shared by many unrelated project names; verify before relying on map marker.
high,suspicious_shared_coordinate,BDS-CURATED-0203,du lịch sinh thái nghỉ dưỡng giải trí núi Chứa Chan với giá khoảng 1,Same coordinate is shared by many unrelated project names; verify before relying on map marker.
high,suspicious_shared_coordinate,BDS-CURATED-0171,dự kiến hợp tác vs,Same coordinate is shared by many unrelated project names; verify before relying on map marker.
high,suspicious_shared_coordinate,BDS-CURATED-0204,dự kiến hợp tác vs park hyatt,Same coordinate is shared by many unrelated project names; verify before relying on map marker.
high,multi_scenario_unstructured,BDS-CURATED-0020,gồm Chung cư cao tầng gồm 02 Hầm + 02 tầng Khối đế + 26 tầng căn hộ (trong đó căn hộ NOXH chiếm 20% tổng số că,Có 7 quy mô/diện tích khác nhau nhưng chưa có scenario_data
high,suspicious_shared_coordinate,BDS-CURATED-0133,gộp 2 lô Võ Văn Kiệt theo thay đổi giá bán căn hộ và giá mua dự án,Same coordinate is shared by many unrelated project names; verify before relying on map marker.
high,suspicious_shared_coordinate,BDS-CURATED-0245,hiện tại mình đang vận hành để xem thử mình có chi phí nào khác cần bổ sung không à,Same coordinate is shared by many unrelated project names; verify before relying on map marker.
high,suspicious_shared_coordinate,BDS-CURATED-0064,khu dân cư cao tầng Ngọc Hồi với tổng diện tích đất thực hiện dự án là 24,Same coordinate is shared by many unrelated project names; verify before relying on map marker.
high,message_subject_variant,BDS-CURATED-0043,khu mặt tiền đường Ngô Chí Quốc (gom đất gần Phú Quang)- Cập nhật Quy hoạch Phân khu,"Tên chứa từ khóa tiêu đề báo cáo/phương án, cần gom dự án cha"
high,suspicious_shared_coordinate,BDS-CURATED-0043,khu mặt tiền đường Ngô Chí Quốc (gom đất gần Phú Quang)- Cập nhật Quy hoạch Phân khu,Same coordinate is shared by many unrelated project names; verify before relying on map marker.
high,multi_scenario_unstructured,BDS-CURATED-0335,khá cao cấp),Có 7 quy mô/diện tích khác nhau nhưng chưa có scenario_data
high,message_subject_variant,BDS-CURATED-0416,khác Team cũng có đánh giá lại theo giá thị trường,"Tên chứa từ khóa tiêu đề báo cáo/phương án, cần gom dự án cha"
high,suspicious_shared_coordinate,BDS-CURATED-0208,không khả thi với bất kỳ giá mua nào Begin quote,Same coordinate is shared by many unrelated project names; verify before relying on map marker.
high,suspicious_shared_coordinate,BDS-CURATED-0118,không đạt hiệu quả tài,Same coordinate is shared by many unrelated project names; verify before relying on map marker.
high,suspicious_shared_coordinate,BDS-CURATED-0134,không đạt hiệu quả ạ Begin quote,Same coordinate is shared by many unrelated project names; verify before relying on map marker.
high,suspicious_shared_coordinate,BDS-CURATED-0094,không đạt được hiệu quả với NPV,Same coordinate is shared by many unrelated project names; verify before relying on map marker.
high,suspicious_shared_coordinate,BDS-CURATED-0119,kết nối vào quỹ đất,Same coordinate is shared by many unrelated project names; verify before relying on map marker.
high,multi_scenario_unstructured,BDS-CURATED-0119,kết nối vào quỹ đất,Có 7 quy mô/diện tích khác nhau nhưng chưa có scenario_data
high,multi_scenario_unstructured,BDS-CURATED-0067,là 30,Có 5 quy mô/diện tích khác nhau nhưng chưa có scenario_data
high,suspicious_shared_coordinate,BDS-CURATED-0247,lớn và có quy mô tương tự dự án Nghiên cứu (Dự án – Hùng Thắng 1,Same coordinate is shared by many unrelated project names; verify before relying on map marker.
high,suspicious_shared_coordinate,BDS-CURATED-0248,lớn xảy ra sai phạm nghiêm trọng trong quản lý đất đai của tỉnh Đồng Nai,Same coordinate is shared by many unrelated project names; verify before relying on map marker.
high,suspicious_shared_coordinate,BDS-CURATED-0249,nghỉ dưỡng nghìn tỷ bà Trương Mỹ Lan từng thâu tóm Ngân hàng TMCP Công Thương Việt Nam - Chi nhánh Thủ Thiêm (,Same coordinate is shared by many unrelated project names; verify before relying on map marker.
high,multi_scenario_unstructured,BDS-CURATED-0135,nhà ở xã hội UBND Đồng Nai mời quan tâm đấu thầu,Có 6 quy mô/diện tích khác nhau nhưng chưa có scenario_data
high,suspicious_shared_coordinate,BDS-CURATED-0250,nào mà đóng tssđ hàng năm nó cứ tăng hàng năm nữa,Same coordinate is shared by many unrelated project names; verify before relying on map marker.
high,suspicious_shared_coordinate,BDS-CURATED-0136,này,Same coordinate is shared by many unrelated project names; verify before relying on map marker.
high,suspicious_shared_coordinate,BDS-CURATED-0138,này Ok by Admin 01,Same coordinate is shared by many unrelated project names; verify before relying on map marker.
high,message_subject_variant,BDS-CURATED-0139,này có các vấn đề pháp lý chưa rõ và cần Phòng pháp lý dự án đánh giá chi tiết,"Tên chứa từ khóa tiêu đề báo cáo/phương án, cần gom dự án cha"
high,multi_scenario_unstructured,BDS-CURATED-0139,này có các vấn đề pháp lý chưa rõ và cần Phòng pháp lý dự án đánh giá chi tiết,Có 7 quy mô/diện tích khác nhau nhưng chưa có scenario_data
high,suspicious_shared_coordinate,BDS-CURATED-0213,này hiện đã thực hiện pháp lý đến gia,Same coordinate is shared by many unrelated project names; verify before relying on map marker.
high,suspicious_shared_coordinate,BDS-CURATED-0291,này hồi xưa mình có thông tin nhưng s,Same coordinate is shared by many unrelated project names; verify before relying on map marker.
high,message_subject_variant,BDS-CURATED-0175,này hồi xưa mình có thông tin nhưng sau đó đề xuất là không quan tâm sâu do có 2 nhược điểm lớn là,"Tên chứa từ khóa tiêu đề báo cáo/phương án, cần gom dự án cha"
high,suspicious_shared_coordinate,BDS-CURATED-0292,này nha anh Cái này phải đi khảo sát địa hình,Same coordinate is shared by many unrelated project names; verify before relying on map marker.
high,message_subject_variant,BDS-CURATED-0461,này đã có đánh giá báo cáo Sếp trước đây rồi à,"Tên chứa từ khóa tiêu đề báo cáo/phương án, cần gom dự án cha"
high,suspicious_shared_coordinate,BDS-CURATED-0215,phân lô ( ko xây nhà) nào đang rẻ nhất 1 Like reaction,Same coordinate is shared by many unrelated project names; verify before relying on map marker.
high,suspicious_shared_coordinate,BDS-CURATED-0295,sẽ hơi nhiều gốc cạnh sau khi ráp 2 miếng vào,Same coordinate is shared by many unrelated project names; verify before relying on map marker.
high,message_subject_variant,BDS-CURATED-0259,tham gia để đánh giá thêm về chuyên mô á Sếp,"Tên chứa từ khóa tiêu đề báo cáo/phương án, cần gom dự án cha"
high,suspicious_shared_coordinate,BDS-CURATED-0140,thuộc QH hiện hữu là ô phố I82b (16,Same coordinate is shared by many unrelated project names; verify before relying on map marker.
high,multi_scenario_unstructured,BDS-CURATED-0140,thuộc QH hiện hữu là ô phố I82b (16,Có 4 quy mô/diện tích khác nhau nhưng chưa có scenario_data
high,suspicious_shared_coordinate,BDS-CURATED-0310,thì cách tiếp cận sẽ khác so với các PA ban đầu,Same coordinate is shared by many unrelated project names; verify before relying on map marker.
high,message_subject_variant,BDS-CURATED-0311,thì họ sẽ làm như thế nào Huy M - IM Rồi anh tính phương án thử by Admin 01,"Tên chứa từ khóa tiêu đề báo cáo/phương án, cần gom dự án cha"
high,suspicious_shared_coordinate,BDS-CURATED-0311,thì họ sẽ làm như thế nào Huy M - IM Rồi anh tính phương án thử by Admin 01,Same coordinate is shared by many unrelated project names; verify before relying on map marker.
high,suspicious_shared_coordinate,BDS-CURATED-0261,thì khả năng cao dự án không phải nộp thêm ạ,Same coordinate is shared by many unrelated project names; verify before relying on map marker.
high,suspicious_shared_coordinate,BDS-CURATED-0296,thông qua đấu thầu nên khả năng cao chỉ thực hiện được chuyển nhượng thông qua hình thức mua cổ phần nên,Same coordinate is shared by many unrelated project names; verify before relying on map marker.
high,suspicious_shared_coordinate,BDS-CURATED-0297,thương hiệu Trump đầu tiên tại Việt Nam - Tuổi Trẻ Online Chiều 21-5,Same coordinate is shared by many unrelated project names; verify before relying on map marker.
high,multi_scenario_unstructured,BDS-CURATED-0351,thấp tầng Phú An Hội giáp mặt tiền Tôn Đức Thắng (25B),Có 8 quy mô/diện tích khác nhau nhưng chưa có scenario_data
high,suspicious_shared_coordinate,BDS-CURATED-0044,thấp tầng SADACO – Phú Mỹ,Same coordinate is shared by many unrelated project names; verify before relying on map marker.
high,suspicious_shared_coordinate,BDS-CURATED-0221,triển khai chưa mng Team đã trao đổi với A Sơn Trợ lý để lên list các dự án này à,Same coordinate is shared by many unrelated project names; verify before relying on map marker.
high,suspicious_shared_coordinate,BDS-CURATED-0121,trong thời gian khai thác kinh doanh,Same coordinate is shared by many unrelated project names; verify before relying on map marker.
high,suspicious_shared_coordinate,BDS-CURATED-0263,trên có diện tích,Same coordinate is shared by many unrelated project names; verify before relying on map marker.
high,suspicious_shared_coordinate,BDS-CURATED-0157,trên có diện tích hơn 77ha,Same coordinate is shared by many unrelated project names; verify before relying on map marker.
high,suspicious_shared_coordinate,BDS-CURATED-0299,trên đã có các nhà đàu tư đăng ký tham gia đấu thầu,Same coordinate is shared by many unrelated project names; verify before relying on map marker.
high,suspicious_shared_coordinate,BDS-CURATED-0222,trước năm 2024 đúng thật là thấy giá chung cư của HN thấy thấp hơn SG nếu nhìn vị trí có tính tương đương,Same coordinate is shared by many unrelated project names; verify before relying on map marker.
high,suspicious_shared_coordinate,BDS-CURATED-0178,tuy nhiên,Same coordinate is shared by many unrelated project names; verify before relying on map marker.
high,suspicious_shared_coordinate,BDS-CURATED-0300,tuy đạt hiệu quả đầu tư về mặt tính t,Same coordinate is shared by many unrelated project names; verify before relying on map marker.
high,multi_scenario_unstructured,BDS-CURATED-0022,tại 353 Nơ Trang Long,Có 6 quy mô/diện tích khác nhau nhưng chưa có scenario_data
high,message_subject_variant,BDS-CURATED-0264,với A Sơn Trợ lý sau đó sẽ báo cáo BLĐ tính khả thi của dự án,"Tên chứa từ khóa tiêu đề báo cáo/phương án, cần gom dự án cha"
high,multi_scenario_unstructured,BDS-CURATED-0321,~38ha,Có 9 quy mô/diện tích khác nhau nhưng chưa có scenario_data
high,suspicious_shared_coordinate,BDS-CURATED-0265,Đà Nẵng,Same coordinate is shared by many unrelated project names; verify before relying on map marker.
high,multi_scenario_unstructured,BDS-CURATED-0359,Đặng Văn Bi + Vị trí,Có 8 quy mô/diện tích khác nhau nhưng chưa có scenario_data
high,multi_scenario_unstructured,BDS-CURATED-0360,đang vận hành có hệ số nén 0,Có 5 quy mô/diện tích khác nhau nhưng chưa có scenario_data
high,suspicious_shared_coordinate,BDS-CURATED-0069,đã được chấp thuận đầu tư dự án và đã được gia hạn tiến độ 02 năm kể từ ngày được cấp phép xây dựng - Hiện chủ,Same coordinate is shared by many unrelated project names; verify before relying on map marker.
high,suspicious_shared_coordinate,BDS-CURATED-0312,đã được đưa vào danh sách thí điểm 171 Số thự tự 41,Same coordinate is shared by many unrelated project names; verify before relying on map marker.
high,multi_scenario_unstructured,BDS-CURATED-0123,được chuyển tiếp từ kế hoạch 2025 và có bổ sung thêm những khu đất tiềm năng khác,Có 4 quy mô/diện tích khác nhau nhưng chưa có scenario_data
high,suspicious_shared_coordinate,BDS-CURATED-0269,được tính bằng cách lấy tổng doanh thu trừ các chi phí vận hành trực tiếp (như chi phí phòng,Same coordinate is shared by many unrelated project names; verify before relying on map marker.
high,message_subject_variant,BDS-CURATED-0097,được đề xuất nghiên cứu đầu tư tại huyện Giao Thuỷ,"Tên chứa từ khóa tiêu đề báo cáo/phương án, cần gom dự án cha"
high,suspicious_shared_coordinate,BDS-CURATED-0180,đạt hiệu quả với giá mua dự án ở khoảng 17 triệu đồng/m2 ~ ngưỡng giá mua dự án 520 tỷ đồng,Same coordinate is shared by many unrelated project names; verify before relying on map marker.
high,multi_scenario_unstructured,BDS-CURATED-0098,đấu giá 77ha,Có 7 quy mô/diện tích khác nhau nhưng chưa có scenario_data
high,suspicious_shared_coordinate,BDS-CURATED-0270,đấu thầu 386ha - Nhơn Trạch,Same coordinate is shared by many unrelated project names; verify before relying on map marker.
high,suspicious_shared_coordinate,BDS-CURATED-0181,đấu thầu tại Nhơn Trạch,Same coordinate is shared by many unrelated project names; verify before relying on map marker.
high,multi_scenario_unstructured,BDS-CURATED-0181,đấu thầu tại Nhơn Trạch,Có 4 quy mô/diện tích khác nhau nhưng chưa có scenario_data
high,message_subject_variant,BDS-CURATED-0473,đề xuất quan tâm theo file đính kèm,"Tên chứa từ khóa tiêu đề báo cáo/phương án, cần gom dự án cha"
high,suspicious_shared_coordinate,BDS-CURATED-0271,ở Thái à Bên Thái tuần này đang trong thời gian nghỉ,Same coordinate is shared by many unrelated project names; verify before relying on map marker.
high,message_subject_variant,BDS-CURATED-0273,ở vị trí khác nên phương án kinh doanh đưa lên không còn chính xác,"Tên chứa từ khóa tiêu đề báo cáo/phương án, cần gom dự án cha"
high,suspicious_shared_coordinate,BDS-CURATED-0273,ở vị trí khác nên phương án kinh doanh đưa lên không còn chính xác,Same coordinate is shared by many unrelated project names; verify before relying on map marker.
medium,missing_main_area,BDS-CURATED-0182,(1) chưa có chủ trương đầu tư (Điểm cộng để xin thí điểm) + (2) dự án chưa đăng ký ngay đợt đầu như PGK nên sợ,Thiếu diện tích chính
medium,missing_planning,BDS-CURATED-0182,(1) chưa có chủ trương đầu tư (Điểm cộng để xin thí điểm) + (2) dự án chưa đăng ký ngay đợt đầu như PGK nên sợ,Thiếu quy hoạch
medium,missing_financial,BDS-CURATED-0182,(1) chưa có chủ trương đầu tư (Điểm cộng để xin thí điểm) + (2) dự án chưa đăng ký ngay đợt đầu như PGK nên sợ,Thiếu dữ liệu tài chính
medium,missing_planning,BDS-CURATED-0070,(Chi phí đất,Thiếu quy hoạch
medium,missing_main_area,BDS-CURATED-0326,(GỒM VAT) – 4,Thiếu diện tích chính
medium,missing_planning,BDS-CURATED-0326,(GỒM VAT) – 4,Thiếu quy hoạch
medium,missing_main_area,BDS-CURATED-0336,(VAT),Thiếu diện tích chính
medium,missing_planning,BDS-CURATED-0336,(VAT),Thiếu quy hoạch
medium,missing_main_area,BDS-CURATED-0183,(pháp lý,Thiếu diện tích chính
medium,missing_planning,BDS-CURATED-0183,(pháp lý,Thiếu quy hoạch
medium,missing_financial,BDS-CURATED-0183,(pháp lý,Thiếu dữ liệu tài chính
medium,missing_main_area,BDS-CURATED-0158,1 - Lợi nhuận trước thuế/TMĐT 22,Thiếu diện tích chính
medium,missing_planning,BDS-CURATED-0158,1 - Lợi nhuận trước thuế/TMĐT 22,Thiếu quy hoạch
medium,missing_legal,BDS-CURATED-0158,1 - Lợi nhuận trước thuế/TMĐT 22,Thiếu pháp lý
medium,missing_planning,BDS-CURATED-0274,12ha đủ lớn để có thể địn hướng triển khai tiện ích cảnh quan,Thiếu quy hoạch
medium,missing_legal,BDS-CURATED-0274,12ha đủ lớn để có thể địn hướng triển khai tiện ích cảnh quan,Thiếu pháp lý
medium,missing_financial,BDS-CURATED-0274,12ha đủ lớn để có thể địn hướng triển khai tiện ích cảnh quan,Thiếu dữ liệu tài chính
medium,missing_planning,BDS-CURATED-0072,132 $/phòng/đêm 145,Thiếu quy hoạch
medium,missing_planning,BDS-CURATED-0390,168ha gần Khu Đa Phước - OneDrive (sharepoint,Thiếu quy hoạch
medium,missing_legal,BDS-CURATED-0390,168ha gần Khu Đa Phước - OneDrive (sharepoint,Thiếu pháp lý
medium,missing_financial,BDS-CURATED-0390,168ha gần Khu Đa Phước - OneDrive (sharepoint,Thiếu dữ liệu tài chính
medium,missing_main_area,BDS-CURATED-0431,3047583976353865173,Thiếu diện tích chính
medium,missing_planning,BDS-CURATED-0431,3047583976353865173,Thiếu quy hoạch
medium,missing_legal,BDS-CURATED-0431,3047583976353865173,Thiếu pháp lý
medium,missing_financial,BDS-CURATED-0431,3047583976353865173,Thiếu dữ liệu tài chính
medium,missing_planning,BDS-CURATED-0402,31 Trần Não – PA4,Thiếu quy hoạch
medium,missing_legal,BDS-CURATED-0402,31 Trần Não – PA4,Thiếu pháp lý
medium,missing_planning,BDS-CURATED-0403,31 ha,Thiếu quy hoạch
medium,missing_legal,BDS-CURATED-0403,31 ha,Thiếu pháp lý
medium,missing_financial,BDS-CURATED-0403,31 ha,Thiếu dữ liệu tài chính
medium,missing_planning,BDS-CURATED-0432,35ha 1,Thiếu quy hoạch
medium,missing_legal,BDS-CURATED-0432,35ha 1,Thiếu pháp lý
medium,missing_financial,BDS-CURATED-0432,35ha 1,Thiếu dữ liệu tài chính
medium,missing_legal,BDS-CURATED-0362,386 ha là 84,Thiếu pháp lý
medium,missing_financial,BDS-CURATED-0099,50ha thuộc huyện Vĩnh Tường – Yên Lạc,Thiếu dữ liệu tài chính
medium,missing_planning,BDS-CURATED-0184,50ha ở Vĩnh Yên,Thiếu quy hoạch
medium,missing_legal,BDS-CURATED-0184,50ha ở Vĩnh Yên,Thiếu pháp lý
medium,missing_financial,BDS-CURATED-0184,50ha ở Vĩnh Yên,Thiếu dữ liệu tài chính
medium,missing_planning,BDS-CURATED-0391,53ha Đà Nẵng),Thiếu quy hoạch
medium,missing_legal,BDS-CURATED-0391,53ha Đà Nẵng),Thiếu pháp lý
medium,missing_legal,BDS-CURATED-0125,53ha đấu thầu tại đường Thăng Long,Thiếu pháp lý
medium,missing_main_area,BDS-CURATED-0392,600 tỷ,Thiếu diện tích chính
medium,missing_financial,BDS-CURATED-0392,600 tỷ,Thiếu dữ liệu tài chính
medium,missing_main_area,BDS-CURATED-0228,=> Nên chưa đánh giá hiệu quả dự án theo yếu tố dòng tiền ** Link Drive,Thiếu diện tích chính
medium,missing_planning,BDS-CURATED-0228,=> Nên chưa đánh giá hiệu quả dự án theo yếu tố dòng tiền ** Link Drive,Thiếu quy hoạch
medium,missing_legal,BDS-CURATED-0228,=> Nên chưa đánh giá hiệu quả dự án theo yếu tố dòng tiền ** Link Drive,Thiếu pháp lý
medium,missing_financial,BDS-CURATED-0228,=> Nên chưa đánh giá hiệu quả dự án theo yếu tố dòng tiền ** Link Drive,Thiếu dữ liệu tài chính
medium,missing_main_area,BDS-CURATED-0433,AN TON,Thiếu diện tích chính
medium,missing_planning,BDS-CURATED-0433,AN TON,Thiếu quy hoạch
medium,missing_legal,BDS-CURATED-0433,AN TON,Thiếu pháp lý
medium,missing_financial,BDS-CURATED-0433,AN TON,Thiếu dữ liệu tài chính
medium,missing_main_area,BDS-CURATED-0229,ANANTARA THAM CHIẾU THEO DỰ ÁN PHÚ HẢI Bảng so sánh,Thiếu diện tích chính
medium,missing_planning,BDS-CURATED-0229,ANANTARA THAM CHIẾU THEO DỰ ÁN PHÚ HẢI Bảng so sánh,Thiếu quy hoạch
medium,missing_legal,BDS-CURATED-0229,ANANTARA THAM CHIẾU THEO DỰ ÁN PHÚ HẢI Bảng so sánh,Thiếu pháp lý
medium,missing_financial,BDS-CURATED-0229,ANANTARA THAM CHIẾU THEO DỰ ÁN PHÚ HẢI Bảng so sánh,Thiếu dữ liệu tài chính
medium,missing_main_area,BDS-CURATED-0434,Aeon Mall hơn 6,Thiếu diện tích chính
medium,missing_planning,BDS-CURATED-0434,Aeon Mall hơn 6,Thiếu quy hoạch
medium,missing_legal,BDS-CURATED-0434,Aeon Mall hơn 6,Thiếu pháp lý
medium,missing_financial,BDS-CURATED-0434,Aeon Mall hơn 6,Thiếu dữ liệu tài chính
medium,missing_planning,BDS-CURATED-0377,Ana Mandara Villas Dalat Resort & Spa,Thiếu quy hoạch
medium,missing_financial,BDS-CURATED-0377,Ana Mandara Villas Dalat Resort & Spa,Thiếu dữ liệu tài chính
medium,missing_planning,BDS-CURATED-0126,Anantara Mũi Né Resort,Thiếu quy hoạch
medium,missing_main_area,BDS-CURATED-0185,Anantara tham chiếu theo Phú Hải,Thiếu diện tích chính
medium,missing_planning,BDS-CURATED-0185,Anantara tham chiếu theo Phú Hải,Thiếu quy hoạch
medium,missing_legal,BDS-CURATED-0185,Anantara tham chiếu theo Phú Hải,Thiếu pháp lý
medium,missing_financial,BDS-CURATED-0185,Anantara tham chiếu theo Phú Hải,Thiếu dữ liệu tài chính
medium,missing_main_area,BDS-CURATED-0378,Aqua City và Swan Bay,Thiếu diện tích chính
medium,missing_planning,BDS-CURATED-0378,Aqua City và Swan Bay,Thiếu quy hoạch
medium,missing_legal,BDS-CURATED-0378,Aqua City và Swan Bay,Thiếu pháp lý
medium,missing_financial,BDS-CURATED-0378,Aqua City và Swan Bay,Thiếu dữ liệu tài chính
medium,missing_main_area,BDS-CURATED-0159,Aqua city của Novaland đã được tháo gỡ vướng mắc về pháp lý,Thiếu diện tích chính
medium,missing_financial,BDS-CURATED-0159,Aqua city của Novaland đã được tháo gỡ vướng mắc về pháp lý,Thiếu dữ liệu tài chính
medium,missing_main_area,BDS-CURATED-0275,Aqua thì hiện nay Nova đang dừng triển khai ở dự án này,Thiếu diện tích chính
medium,missing_planning,BDS-CURATED-0275,Aqua thì hiện nay Nova đang dừng triển khai ở dự án này,Thiếu quy hoạch
medium,missing_legal,BDS-CURATED-0275,Aqua thì hiện nay Nova đang dừng triển khai ở dự án này,Thiếu pháp lý
medium,missing_financial,BDS-CURATED-0275,Aqua thì hiện nay Nova đang dừng triển khai ở dự án này,Thiếu dữ liệu tài chính
medium,missing_planning,BDS-CURATED-0160,Asia Phú Mỹ – Bình Chánh (dự án do anh Hiếu-GĐPL giới thiệu) 1,Thiếu quy hoạch
medium,missing_legal,BDS-CURATED-0160,Asia Phú Mỹ – Bình Chánh (dự án do anh Hiếu-GĐPL giới thiệu) 1,Thiếu pháp lý
medium,missing_financial,BDS-CURATED-0160,Asia Phú Mỹ – Bình Chánh (dự án do anh Hiếu-GĐPL giới thiệu) 1,Thiếu dữ liệu tài chính
medium,missing_main_area,BDS-CURATED-0304,Bale,Thiếu diện tích chính
medium,missing_planning,BDS-CURATED-0304,Bale,Thiếu quy hoạch
medium,missing_legal,BDS-CURATED-0304,Bale,Thiếu pháp lý
medium,missing_financial,BDS-CURATED-0304,Bale,Thiếu dữ liệu tài chính
medium,missing_main_area,BDS-CURATED-0404,Begin quote,Thiếu diện tích chính
medium,missing_legal,BDS-CURATED-0404,Begin quote,Thiếu pháp lý
medium,missing_financial,BDS-CURATED-0404,Begin quote,Thiếu dữ liệu tài chính
medium,missing_financial,BDS-CURATED-0161,Bà Kèo theo Quy hoạch 1/500 cũ (100% thấp tầng),Thiếu dữ liệu tài chính
medium,missing_financial,BDS-CURATED-0034,Bãi Container & Dịch vụ Cảng (Diện tích 31 ha) với giá chào 2 trđ/m2 tại Phước Hòa,Thiếu dữ liệu tài chính
medium,missing_financial,BDS-CURATED-0342,Bất động sản khảo sát,Thiếu dữ liệu tài chính
medium,missing_main_area,BDS-CURATED-0186,CCN Giao Yến cũng đang ở bước đầu xin dự án,Thiếu diện tích chính
medium,missing_planning,BDS-CURATED-0186,CCN Giao Yến cũng đang ở bước đầu xin dự án,Thiếu quy hoạch
medium,missing_financial,BDS-CURATED-0186,CCN Giao Yến cũng đang ở bước đầu xin dự án,Thiếu dữ liệu tài chính
medium,missing_financial,BDS-CURATED-0053,Chen Sea 3,Thiếu dữ liệu tài chính
medium,missing_financial,BDS-CURATED-0036,Chung cư Trường Thịnh,Thiếu dữ liệu tài chính
medium,missing_financial,BDS-CURATED-0025,Chung cư Võ Thị Sáu,Thiếu dữ liệu tài chính
medium,missing_main_area,BDS-CURATED-0393,Cty Định Giá Việt,Thiếu diện tích chính
medium,missing_planning,BDS-CURATED-0393,Cty Định Giá Việt,Thiếu quy hoạch
medium,missing_legal,BDS-CURATED-0393,Cty Định Giá Việt,Thiếu pháp lý
medium,missing_main_area,BDS-CURATED-0276,Cát Lái,Thiếu diện tích chính
medium,missing_planning,BDS-CURATED-0276,Cát Lái,Thiếu quy hoạch
medium,missing_financial,BDS-CURATED-0276,Cát Lái,Thiếu dữ liệu tài chính
medium,missing_main_area,BDS-CURATED-0074,Cát Lái - Sky Habitat,Thiếu diện tích chính
medium,missing_main_area,BDS-CURATED-0187,Cát Lái từ P,Thiếu diện tích chính
medium,missing_financial,BDS-CURATED-0187,Cát Lái từ P,Thiếu dữ liệu tài chính
medium,missing_financial,BDS-CURATED-0100,Cù Lao Tân Vạn – Centria Island (nguồn,Thiếu dữ liệu tài chính
medium,missing_main_area,BDS-CURATED-0101,Cù lao Tân Vạn theo đơn giá bán (đất + nhà) trung bình dựa vào các loại hình do Mr,Thiếu diện tích chính
medium,missing_planning,BDS-CURATED-0101,Cù lao Tân Vạn theo đơn giá bán (đất + nhà) trung bình dựa vào các loại hình do Mr,Thiếu quy hoạch
medium,missing_planning,BDS-CURATED-0162,Cù lao Tân Vạn với 02 nội dung,Thiếu quy hoạch
medium,missing_legal,BDS-CURATED-0162,Cù lao Tân Vạn với 02 nội dung,Thiếu pháp lý
medium,missing_financial,BDS-CURATED-0162,Cù lao Tân Vạn với 02 nội dung,Thiếu dữ liệu tài chính
medium,missing_financial,BDS-CURATED-0054,Căn hộ Dịch vụ Quận 2 (1,Thiếu dữ liệu tài chính
medium,missing_financial,BDS-CURATED-0075,Cảng Sài Gòn – Thép Việt,Thiếu dữ liệu tài chính
medium,missing_financial,BDS-CURATED-0055,DKC ARITA TWIN TOWER 1,Thiếu dữ liệu tài chính
medium,missing_main_area,BDS-CURATED-0405,Diamond Island Q,Thiếu diện tích chính
medium,missing_planning,BDS-CURATED-0405,Diamond Island Q,Thiếu quy hoạch
medium,missing_legal,BDS-CURATED-0405,Diamond Island Q,Thiếu pháp lý
medium,missing_financial,BDS-CURATED-0405,Diamond Island Q,Thiếu dữ liệu tài chính
medium,missing_main_area,BDS-CURATED-0353,Fenica,Thiếu diện tích chính
medium,missing_planning,BDS-CURATED-0353,Fenica,Thiếu quy hoạch
medium,missing_legal,BDS-CURATED-0353,Fenica,Thiếu pháp lý
medium,missing_main_area,BDS-CURATED-0379,Fenica (16%),Thiếu diện tích chính
medium,missing_planning,BDS-CURATED-0379,Fenica (16%),Thiếu quy hoạch
medium,missing_legal,BDS-CURATED-0379,Fenica (16%),Thiếu pháp lý
medium,missing_planning,BDS-CURATED-0076,Giá bán đề xuất,Thiếu quy hoạch
medium,missing_main_area,BDS-CURATED-0277,Gladia heights dự kiến triển khai trong 2026 này,Thiếu diện tích chính
medium,missing_planning,BDS-CURATED-0277,Gladia heights dự kiến triển khai trong 2026 này,Thiếu quy hoạch
medium,missing_legal,BDS-CURATED-0277,Gladia heights dự kiến triển khai trong 2026 này,Thiếu pháp lý
medium,missing_financial,BDS-CURATED-0277,Gladia heights dự kiến triển khai trong 2026 này,Thiếu dữ liệu tài chính
medium,missing_main_area,BDS-CURATED-0435,Green Hill 2054482750212548727,Thiếu diện tích chính
medium,missing_planning,BDS-CURATED-0435,Green Hill 2054482750212548727,Thiếu quy hoạch
medium,missing_legal,BDS-CURATED-0435,Green Hill 2054482750212548727,Thiếu pháp lý
medium,missing_financial,BDS-CURATED-0435,Green Hill 2054482750212548727,Thiếu dữ liệu tài chính
medium,missing_main_area,BDS-CURATED-0436,Greenhill Village … 03,Thiếu diện tích chính
medium,missing_planning,BDS-CURATED-0436,Greenhill Village … 03,Thiếu quy hoạch
medium,missing_legal,BDS-CURATED-0436,Greenhill Village … 03,Thiếu pháp lý
medium,missing_financial,BDS-CURATED-0436,Greenhill Village … 03,Thiếu dữ liệu tài chính
medium,missing_main_area,BDS-CURATED-0230,HLW - Merryaland 1,Thiếu diện tích chính
medium,missing_legal,BDS-CURATED-0230,HLW - Merryaland 1,Thiếu pháp lý
medium,missing_financial,BDS-CURATED-0230,HLW - Merryaland 1,Thiếu dữ liệu tài chính
medium,missing_main_area,BDS-CURATED-0013,Hermes Power 1,Thiếu diện tích chính
medium,missing_planning,BDS-CURATED-0145,High và West của LDG (nguồn từ anh Dũng),Thiếu quy hoạch
medium,missing_financial,BDS-CURATED-0145,High và West của LDG (nguồn từ anh Dũng),Thiếu dữ liệu tài chính
medium,missing_main_area,BDS-CURATED-0476,Hiyori e đang tổng hợp thông tin,Thiếu diện tích chính
medium,missing_planning,BDS-CURATED-0476,Hiyori e đang tổng hợp thông tin,Thiếu quy hoạch
medium,missing_legal,BDS-CURATED-0476,Hiyori e đang tổng hợp thông tin,Thiếu pháp lý
medium,missing_financial,BDS-CURATED-0476,Hiyori e đang tổng hợp thông tin,Thiếu dữ liệu tài chính
medium,missing_legal,BDS-CURATED-0077,Hoa viên Vĩnh Thanh sau khi có Thông số từ P,Thiếu pháp lý
medium,missing_main_area,BDS-CURATED-0437,Holiday Beach - 14,Thiếu diện tích chính
medium,missing_planning,BDS-CURATED-0437,Holiday Beach - 14,Thiếu quy hoạch
medium,missing_legal,BDS-CURATED-0437,Holiday Beach - 14,Thiếu pháp lý
medium,missing_financial,BDS-CURATED-0437,Holiday Beach - 14,Thiếu dữ liệu tài chính
medium,missing_main_area,BDS-CURATED-0146,Holiday Beach tại Đà Nẵng đánh giá nhanh phương án vận hành khách sạn tạm thời trong thời gian ngắn,Thiếu diện tích chính
medium,missing_planning,BDS-CURATED-0146,Holiday Beach tại Đà Nẵng đánh giá nhanh phương án vận hành khách sạn tạm thời trong thời gian ngắn,Thiếu quy hoạch
medium,missing_legal,BDS-CURATED-0146,Holiday Beach tại Đà Nẵng đánh giá nhanh phương án vận hành khách sạn tạm thời trong thời gian ngắn,Thiếu pháp lý
medium,missing_planning,BDS-CURATED-0188,Hoà Xuân 15h by Unknown User,Thiếu quy hoạch
medium,missing_financial,BDS-CURATED-0188,Hoà Xuân 15h by Unknown User,Thiếu dữ liệu tài chính
medium,missing_main_area,BDS-CURATED-0380,Hoàng Cát Center,Thiếu diện tích chính
medium,missing_planning,BDS-CURATED-0380,Hoàng Cát Center,Thiếu quy hoạch
medium,missing_financial,BDS-CURATED-0343,Hoàng Cát Center có quy mô 7,Thiếu dữ liệu tài chính
medium,missing_main_area,BDS-CURATED-0103,Hội An Riverside Resort & Spa theo Concept Lamanon và giá kinh doanh của anh David Cường cung cấp,Thiếu diện tích chính
medium,missing_planning,BDS-CURATED-0103,Hội An Riverside Resort & Spa theo Concept Lamanon và giá kinh doanh của anh David Cường cung cấp,Thiếu quy hoạch
medium,missing_legal,BDS-CURATED-0103,Hội An Riverside Resort & Spa theo Concept Lamanon và giá kinh doanh của anh David Cường cung cấp,Thiếu pháp lý
medium,missing_main_area,BDS-CURATED-0231,Hội An Riverside có nhiều khả năng thay đổi concept,Thiếu diện tích chính
medium,missing_planning,BDS-CURATED-0231,Hội An Riverside có nhiều khả năng thay đổi concept,Thiếu quy hoạch
medium,missing_legal,BDS-CURATED-0231,Hội An Riverside có nhiều khả năng thay đổi concept,Thiếu pháp lý
medium,missing_financial,BDS-CURATED-0231,Hội An Riverside có nhiều khả năng thay đổi concept,Thiếu dữ liệu tài chính
medium,missing_planning,BDS-CURATED-0104,IDEO CHANRAN 70 RIVERVIEW nằm trên đường Charan Sanit Wong,Thiếu quy hoạch
medium,missing_main_area,BDS-CURATED-0232,IDEO cách trung tâm Bangk,Thiếu diện tích chính
medium,missing_planning,BDS-CURATED-0232,IDEO cách trung tâm Bangk,Thiếu quy hoạch
medium,missing_legal,BDS-CURATED-0232,IDEO cách trung tâm Bangk,Thiếu pháp lý
medium,missing_financial,BDS-CURATED-0232,IDEO cách trung tâm Bangk,Thiếu dữ liệu tài chính
medium,missing_main_area,BDS-CURATED-0189,IDEO cách trung tâm Bangkok khoảng 6-7Km và gần sông Chao Phraya,Thiếu diện tích chính
medium,missing_planning,BDS-CURATED-0189,IDEO cách trung tâm Bangkok khoảng 6-7Km và gần sông Chao Phraya,Thiếu quy hoạch
medium,missing_legal,BDS-CURATED-0189,IDEO cách trung tâm Bangkok khoảng 6-7Km và gần sông Chao Phraya,Thiếu pháp lý
medium,missing_financial,BDS-CURATED-0189,IDEO cách trung tâm Bangkok khoảng 6-7Km và gần sông Chao Phraya,Thiếu dữ liệu tài chính
medium,missing_main_area,BDS-CURATED-0438,IRR thấp hơn ạ,Thiếu diện tích chính
medium,missing_planning,BDS-CURATED-0438,IRR thấp hơn ạ,Thiếu quy hoạch
medium,missing_legal,BDS-CURATED-0438,IRR thấp hơn ạ,Thiếu pháp lý
medium,missing_financial,BDS-CURATED-0438,IRR thấp hơn ạ,Thiếu dữ liệu tài chính
medium,missing_financial,BDS-CURATED-0344,KCN Phước An tại xã Phước An,Thiếu dữ liệu tài chính
medium,missing_financial,BDS-CURATED-0078,KCN Thái Hòa – Liễn Sơn – Liên Hòa - Khu vực 1 (284 ha) thuộc địa phận các xã,Thiếu dữ liệu tài chính
medium,missing_planning,BDS-CURATED-0105,KCN do Tập đoàn Xuận Thiện làm CĐT với 02 Nhà máy Gang thép - Cán thép đã dược tỉnh phê duyệt chủ trương đầu t,Thiếu quy hoạch
medium,missing_planning,BDS-CURATED-0163,KDC,Thiếu quy hoạch
medium,missing_legal,BDS-CURATED-0163,KDC,Thiếu pháp lý
medium,missing_financial,BDS-CURATED-0163,KDC,Thiếu dữ liệu tài chính
medium,missing_planning,BDS-CURATED-0364,KDC Đại Nam,Thiếu quy hoạch
medium,missing_financial,BDS-CURATED-0364,KDC Đại Nam,Thiếu dữ liệu tài chính
medium,missing_main_area,BDS-CURATED-0406,KDC Đại Nam T01,Thiếu diện tích chính
medium,missing_planning,BDS-CURATED-0406,KDC Đại Nam T01,Thiếu quy hoạch
medium,missing_legal,BDS-CURATED-0406,KDC Đại Nam T01,Thiếu pháp lý
medium,missing_financial,BDS-CURATED-0406,KDC Đại Nam T01,Thiếu dữ liệu tài chính
medium,missing_financial,BDS-CURATED-0080,KHU DU LỊCH SINH THÁI BIỂN CAO CẤP LẠC VIỆT,Thiếu dữ liệu tài chính
medium,missing_legal,BDS-CURATED-0081,KHU ĐÔ THỊ MỚI G1,Thiếu pháp lý
medium,missing_financial,BDS-CURATED-0081,KHU ĐÔ THỊ MỚI G1,Thiếu dữ liệu tài chính
medium,missing_main_area,BDS-CURATED-0190,KS 25 Trần Phú sẽ đi theo PA 5 tầng nổi + 1 tầng hầm,Thiếu diện tích chính
medium,missing_legal,BDS-CURATED-0190,KS 25 Trần Phú sẽ đi theo PA 5 tầng nổi + 1 tầng hầm,Thiếu pháp lý
medium,missing_financial,BDS-CURATED-0190,KS 25 Trần Phú sẽ đi theo PA 5 tầng nổi + 1 tầng hầm,Thiếu dữ liệu tài chính
medium,missing_main_area,BDS-CURATED-0407,Khu Chung Cư & Văn Phòng An Phú 2,Thiếu diện tích chính
medium,missing_legal,BDS-CURATED-0407,Khu Chung Cư & Văn Phòng An Phú 2,Thiếu pháp lý
medium,missing_financial,BDS-CURATED-0407,Khu Chung Cư & Văn Phòng An Phú 2,Thiếu dữ liệu tài chính
medium,missing_financial,BDS-CURATED-0361,Khu Công Nghiệp Và Khu Phi Thuế Quan Xuân Cầu tại Khu Cảng Cửa Ngõ Quốc Tế Lạch Huyện,Thiếu dữ liệu tài chính
medium,missing_main_area,BDS-CURATED-0147,Khu chung Cư và văn phòng An PHú Quy hoạch chỉ tiết 1/500 đã được phê duyệt có 3 khu chức năng chính,Thiếu diện tích chính
medium,missing_financial,BDS-CURATED-0147,Khu chung Cư và văn phòng An PHú Quy hoạch chỉ tiết 1/500 đã được phê duyệt có 3 khu chức năng chính,Thiếu dữ liệu tài chính
medium,missing_planning,BDS-CURATED-0365,Khu du lịch,Thiếu quy hoạch
medium,missing_financial,BDS-CURATED-0365,Khu du lịch,Thiếu dữ liệu tài chính
medium,missing_main_area,BDS-CURATED-0278,Khu nhà ở công nhân và chuyên gia tại xã Nhơn Trạch của Công ty TNHH Vạn Phúc,Thiếu diện tích chính
medium,missing_planning,BDS-CURATED-0278,Khu nhà ở công nhân và chuyên gia tại xã Nhơn Trạch của Công ty TNHH Vạn Phúc,Thiếu quy hoạch
medium,missing_legal,BDS-CURATED-0278,Khu nhà ở công nhân và chuyên gia tại xã Nhơn Trạch của Công ty TNHH Vạn Phúc,Thiếu pháp lý
medium,missing_financial,BDS-CURATED-0278,Khu nhà ở công nhân và chuyên gia tại xã Nhơn Trạch của Công ty TNHH Vạn Phúc,Thiếu dữ liệu tài chính
medium,missing_financial,BDS-CURATED-0058,Khu Đô Thị Mới Hậu Nghĩa - Đức Hòa,Thiếu dữ liệu tài chính
medium,missing_financial,BDS-CURATED-0164,Khu Đô Thị Văn Giang (Red River Villa) tại Hưng Yên,Thiếu dữ liệu tài chính
medium,missing_main_area,BDS-CURATED-0233,Khu đô thị Bắc Quán Hành tại thị trấn Quán Hành,Thiếu diện tích chính
medium,missing_planning,BDS-CURATED-0233,Khu đô thị Bắc Quán Hành tại thị trấn Quán Hành,Thiếu quy hoạch
medium,missing_legal,BDS-CURATED-0233,Khu đô thị Bắc Quán Hành tại thị trấn Quán Hành,Thiếu pháp lý
medium,missing_financial,BDS-CURATED-0233,Khu đô thị Bắc Quán Hành tại thị trấn Quán Hành,Thiếu dữ liệu tài chính
medium,missing_legal,BDS-CURATED-0107,Khu đất Ngô Chí Quốc Bình Chiểu Thủ Đức,Thiếu pháp lý
medium,missing_financial,BDS-CURATED-0107,Khu đất Ngô Chí Quốc Bình Chiểu Thủ Đức,Thiếu dữ liệu tài chính
medium,missing_financial,BDS-CURATED-0127,Khách sạn,Thiếu dữ liệu tài chính
medium,missing_main_area,BDS-CURATED-0084,Khách sạn 5 sao 12 Hùng Vương Đà Lạt,Thiếu diện tích chính
medium,missing_financial,BDS-CURATED-0084,Khách sạn 5 sao 12 Hùng Vương Đà Lạt,Thiếu dữ liệu tài chính
medium,missing_planning,BDS-CURATED-0394,Long Tân đến nay là khoảng 871 tỷ,Thiếu quy hoạch
medium,missing_legal,BDS-CURATED-0394,Long Tân đến nay là khoảng 871 tỷ,Thiếu pháp lý
medium,missing_legal,BDS-CURATED-0148,Lô mặt tiền Quốc Lộ 13 Hiệp Bình Phước,Thiếu pháp lý
medium,missing_financial,BDS-CURATED-0148,Lô mặt tiền Quốc Lộ 13 Hiệp Bình Phước,Thiếu dữ liệu tài chính
medium,missing_planning,BDS-CURATED-0149,Masteri An Phú - Masteri Thảo Điền - The Vista tăng 40-50% giá trị chỉ trong 3 tháng ) 🎉 Nếu lấy sàn thứ 2 (70,Thiếu quy hoạch
medium,missing_legal,BDS-CURATED-0149,Masteri An Phú - Masteri Thảo Điền - The Vista tăng 40-50% giá trị chỉ trong 3 tháng ) 🎉 Nếu lấy sàn thứ 2 (70,Thiếu pháp lý
medium,missing_main_area,BDS-CURATED-0305,Minh Ngọc,Thiếu diện tích chính
medium,missing_planning,BDS-CURATED-0305,Minh Ngọc,Thiếu quy hoạch
medium,missing_legal,BDS-CURATED-0305,Minh Ngọc,Thiếu pháp lý
medium,missing_financial,BDS-CURATED-0305,Minh Ngọc,Thiếu dữ liệu tài chính
medium,missing_main_area,BDS-CURATED-0408,NOXH của Công ty Ba Huân,Thiếu diện tích chính
medium,missing_planning,BDS-CURATED-0408,NOXH của Công ty Ba Huân,Thiếu quy hoạch
medium,missing_legal,BDS-CURATED-0408,NOXH của Công ty Ba Huân,Thiếu pháp lý
medium,missing_financial,BDS-CURATED-0408,NOXH của Công ty Ba Huân,Thiếu dữ liệu tài chính
medium,missing_legal,BDS-CURATED-0015,NOXH khu vực Phước An,Thiếu pháp lý
medium,missing_planning,BDS-CURATED-0165,NOXH sẽ giúp tạo thương hiệu tích cực cho công ty trên thị trường,Thiếu quy hoạch
medium,missing_legal,BDS-CURATED-0165,NOXH sẽ giúp tạo thương hiệu tích cực cho công ty trên thị trường,Thiếu pháp lý
medium,missing_main_area,BDS-CURATED-0409,NOXH Đồng Nai (2 dự án trung tâm Biên Hòa)1,Thiếu diện tích chính
medium,missing_financial,BDS-CURATED-0409,NOXH Đồng Nai (2 dự án trung tâm Biên Hòa)1,Thiếu dữ liệu tài chính
medium,missing_main_area,BDS-CURATED-0381,NOXH đang đánh giá khoảng 15Km Trên dưới 20 Triệu/m2 Giá đất UBND MT đường DT742 5 Triệu/m2 Theo Tổng mức đầu,Thiếu diện tích chính
medium,missing_planning,BDS-CURATED-0381,NOXH đang đánh giá khoảng 15Km Trên dưới 20 Triệu/m2 Giá đất UBND MT đường DT742 5 Triệu/m2 Theo Tổng mức đầu,Thiếu quy hoạch
medium,missing_legal,BDS-CURATED-0381,NOXH đang đánh giá khoảng 15Km Trên dưới 20 Triệu/m2 Giá đất UBND MT đường DT742 5 Triệu/m2 Theo Tổng mức đầu,Thiếu pháp lý
medium,missing_main_area,BDS-CURATED-0191,Nguyễn Thiện Thuật và Đoàn Trần Nghiệp - Nha Trang,Thiếu diện tích chính
medium,missing_planning,BDS-CURATED-0191,Nguyễn Thiện Thuật và Đoàn Trần Nghiệp - Nha Trang,Thiếu quy hoạch
medium,missing_legal,BDS-CURATED-0191,Nguyễn Thiện Thuật và Đoàn Trần Nghiệp - Nha Trang,Thiếu pháp lý
medium,missing_financial,BDS-CURATED-0191,Nguyễn Thiện Thuật và Đoàn Trần Nghiệp - Nha Trang,Thiếu dữ liệu tài chính
medium,missing_main_area,BDS-CURATED-0306,Ngọc Hồi Thanh Trì,Thiếu diện tích chính
medium,missing_planning,BDS-CURATED-0306,Ngọc Hồi Thanh Trì,Thiếu quy hoạch
medium,missing_legal,BDS-CURATED-0306,Ngọc Hồi Thanh Trì,Thiếu pháp lý
medium,missing_financial,BDS-CURATED-0306,Ngọc Hồi Thanh Trì,Thiếu dữ liệu tài chính
medium,missing_main_area,BDS-CURATED-0410,PGK,Thiếu diện tích chính
medium,missing_planning,BDS-CURATED-0410,PGK,Thiếu quy hoạch
medium,missing_legal,BDS-CURATED-0410,PGK,Thiếu pháp lý
medium,missing_main_area,BDS-CURATED-0338,PGK phương án 900 tỷ,Thiếu diện tích chính
medium,missing_planning,BDS-CURATED-0338,PGK phương án 900 tỷ,Thiếu quy hoạch
medium,missing_legal,BDS-CURATED-0338,PGK phương án 900 tỷ,Thiếu pháp lý
medium,missing_main_area,BDS-CURATED-0128,Parklane,Thiếu diện tích chính
medium,missing_main_area,BDS-CURATED-0307,Parklane P,Thiếu diện tích chính
medium,missing_planning,BDS-CURATED-0307,Parklane P,Thiếu quy hoạch
medium,missing_legal,BDS-CURATED-0307,Parklane P,Thiếu pháp lý
medium,missing_financial,BDS-CURATED-0307,Parklane P,Thiếu dữ liệu tài chính
medium,missing_main_area,BDS-CURATED-0366,Phú Gia Khiêm,Thiếu diện tích chính
medium,missing_planning,BDS-CURATED-0366,Phú Gia Khiêm,Thiếu quy hoạch
medium,missing_financial,BDS-CURATED-0366,Phú Gia Khiêm,Thiếu dữ liệu tài chính
medium,missing_main_area,BDS-CURATED-0439,Phú Gia Khiêm và Phú Quang,Thiếu diện tích chính
medium,missing_planning,BDS-CURATED-0439,Phú Gia Khiêm và Phú Quang,Thiếu quy hoạch
medium,missing_legal,BDS-CURATED-0439,Phú Gia Khiêm và Phú Quang,Thiếu pháp lý
medium,missing_financial,BDS-CURATED-0439,Phú Gia Khiêm và Phú Quang,Thiếu dữ liệu tài chính
medium,missing_legal,BDS-CURATED-0192,Phú Gia Khiêm về việc điều chỉnh chỉ tiêu dân số,Thiếu pháp lý
medium,missing_financial,BDS-CURATED-0192,Phú Gia Khiêm về việc điều chỉnh chỉ tiêu dân số,Thiếu dữ liệu tài chính
medium,missing_main_area,BDS-CURATED-0345,Phú Gia Khiêm với 02 phương án,Thiếu diện tích chính
medium,missing_planning,BDS-CURATED-0345,Phú Gia Khiêm với 02 phương án,Thiếu quy hoạch
medium,missing_main_area,BDS-CURATED-0234,Phú Quang khoảng 350m + Có 2 mặt tiếp xúc,Thiếu diện tích chính
medium,missing_planning,BDS-CURATED-0234,Phú Quang khoảng 350m + Có 2 mặt tiếp xúc,Thiếu quy hoạch
medium,missing_legal,BDS-CURATED-0234,Phú Quang khoảng 350m + Có 2 mặt tiếp xúc,Thiếu pháp lý
medium,missing_financial,BDS-CURATED-0234,Phú Quang khoảng 350m + Có 2 mặt tiếp xúc,Thiếu dữ liệu tài chính
medium,missing_legal,BDS-CURATED-0129,Phú Quang khoảng 350m + Có 2 mặt tiếp xúc kênh rạch II/ Kết nối giao thông đến dự án,Thiếu pháp lý
medium,missing_financial,BDS-CURATED-0129,Phú Quang khoảng 350m + Có 2 mặt tiếp xúc kênh rạch II/ Kết nối giao thông đến dự án,Thiếu dữ liệu tài chính
medium,missing_main_area,BDS-CURATED-0395,Phú Đông premier gần PH đang bán giá 37 39,Thiếu diện tích chính
medium,missing_planning,BDS-CURATED-0395,Phú Đông premier gần PH đang bán giá 37 39,Thiếu quy hoạch
medium,missing_financial,BDS-CURATED-0395,Phú Đông premier gần PH đang bán giá 37 39,Thiếu dữ liệu tài chính
medium,missing_main_area,BDS-CURATED-0333,Phượng Hoàng,Thiếu diện tích chính
medium,missing_main_area,BDS-CURATED-0279,Phượng Hoàng theo Chính sách bán hàng mới từ Mr Cường (SM),Thiếu diện tích chính
medium,missing_planning,BDS-CURATED-0279,Phượng Hoàng theo Chính sách bán hàng mới từ Mr Cường (SM),Thiếu quy hoạch
medium,missing_legal,BDS-CURATED-0279,Phượng Hoàng theo Chính sách bán hàng mới từ Mr Cường (SM),Thiếu pháp lý
medium,missing_financial,BDS-CURATED-0279,Phượng Hoàng theo Chính sách bán hàng mới từ Mr Cường (SM),Thiếu dữ liệu tài chính
medium,missing_main_area,BDS-CURATED-0280,Phượng Hoàng theo Chính sá… Vậy chốt PkD phương án này đi Ok Sếp,Thiếu diện tích chính
medium,missing_planning,BDS-CURATED-0280,Phượng Hoàng theo Chính sá… Vậy chốt PkD phương án này đi Ok Sếp,Thiếu quy hoạch
medium,missing_legal,BDS-CURATED-0280,Phượng Hoàng theo Chính sá… Vậy chốt PkD phương án này đi Ok Sếp,Thiếu pháp lý
medium,missing_financial,BDS-CURATED-0280,Phượng Hoàng theo Chính sá… Vậy chốt PkD phương án này đi Ok Sếp,Thiếu dữ liệu tài chính
medium,missing_main_area,BDS-CURATED-0355,Phụ trách Lâm Đồng và P,Thiếu diện tích chính
medium,missing_financial,BDS-CURATED-0355,Phụ trách Lâm Đồng và P,Thiếu dữ liệu tài chính
medium,missing_main_area,BDS-CURATED-0193,Regalia Gold 4 sao tại Nha Trang,Thiếu diện tích chính
medium,missing_planning,BDS-CURATED-0193,Regalia Gold 4 sao tại Nha Trang,Thiếu quy hoạch
medium,missing_legal,BDS-CURATED-0193,Regalia Gold 4 sao tại Nha Trang,Thiếu pháp lý
medium,missing_financial,BDS-CURATED-0193,Regalia Gold 4 sao tại Nha Trang,Thiếu dữ liệu tài chính
medium,missing_financial,BDS-CURATED-0150,Richland Quận 9,Thiếu dữ liệu tài chính
medium,missing_main_area,BDS-CURATED-0382,"SADACO - Phú Mỹ""",Thiếu diện tích chính
medium,missing_planning,BDS-CURATED-0382,"SADACO - Phú Mỹ""",Thiếu quy hoạch
medium,missing_legal,BDS-CURATED-0382,"SADACO - Phú Mỹ""",Thiếu pháp lý
medium,missing_financial,BDS-CURATED-0382,"SADACO - Phú Mỹ""",Thiếu dữ liệu tài chính
medium,missing_main_area,BDS-CURATED-0411,Serene Đà Nẵng với những nội dung sau,Thiếu diện tích chính
medium,missing_planning,BDS-CURATED-0411,Serene Đà Nẵng với những nội dung sau,Thiếu quy hoạch
medium,missing_legal,BDS-CURATED-0411,Serene Đà Nẵng với những nội dung sau,Thiếu pháp lý
medium,missing_financial,BDS-CURATED-0411,Serene Đà Nẵng với những nội dung sau,Thiếu dữ liệu tài chính
medium,missing_main_area,BDS-CURATED-0108,Suối Nhum với giá 1180 tỷ theo hình thức chuyển nhượng 100% cổ phần cty với hiện trạng có Quy hoạch mới dự kiế,Thiếu diện tích chính
medium,missing_planning,BDS-CURATED-0131,Swan Park và Swan Bay,Thiếu quy hoạch
medium,missing_financial,BDS-CURATED-0131,Swan Park và Swan Bay,Thiếu dữ liệu tài chính
medium,missing_planning,BDS-CURATED-0412,Swanbay 456ha hiện Dic đã chuyển,Thiếu quy hoạch
medium,missing_legal,BDS-CURATED-0412,Swanbay 456ha hiện Dic đã chuyển,Thiếu pháp lý
medium,missing_financial,BDS-CURATED-0412,Swanbay 456ha hiện Dic đã chuyển,Thiếu dữ liệu tài chính
medium,missing_planning,BDS-CURATED-0194,Swanbay 456ha hiện Dic đã chuyển nhượng lại các dự án thành phần cho các chủ đầu tư khác nên có nhiều dự án co,Thiếu quy hoạch
medium,missing_legal,BDS-CURATED-0194,Swanbay 456ha hiện Dic đã chuyển nhượng lại các dự án thành phần cho các chủ đầu tư khác nên có nhiều dự án co,Thiếu pháp lý
medium,missing_financial,BDS-CURATED-0194,Swanbay 456ha hiện Dic đã chuyển nhượng lại các dự án thành phần cho các chủ đầu tư khác nên có nhiều dự án co,Thiếu dữ liệu tài chính
medium,missing_legal,BDS-CURATED-0166,Sông Đà - Quốc Cường Gia Lai (Nguồn từ Mr Tiến R&D) có giá chào 6,Thiếu pháp lý
medium,missing_main_area,BDS-CURATED-0235,Sơn xdung đưa ở DT743 đó,Thiếu diện tích chính
medium,missing_legal,BDS-CURATED-0235,Sơn xdung đưa ở DT743 đó,Thiếu pháp lý
medium,missing_financial,BDS-CURATED-0235,Sơn xdung đưa ở DT743 đó,Thiếu dữ liệu tài chính
medium,missing_planning,BDS-CURATED-0151,THEO PHƯƠNG ÁN KINH DOANH ANH CƯỜNG – TMĐT Ko bao gồm ĐẤT Kết quả kinh doanh – PA vận hành 15 năm + GOP bình q,Thiếu quy hoạch
medium,missing_legal,BDS-CURATED-0151,THEO PHƯƠNG ÁN KINH DOANH ANH CƯỜNG – TMĐT Ko bao gồm ĐẤT Kết quả kinh doanh – PA vận hành 15 năm + GOP bình q,Thiếu pháp lý
medium,missing_main_area,BDS-CURATED-0236,THTT,Thiếu diện tích chính
medium,missing_planning,BDS-CURATED-0236,THTT,Thiếu quy hoạch
medium,missing_financial,BDS-CURATED-0236,THTT,Thiếu dữ liệu tài chính
medium,missing_financial,BDS-CURATED-0109,Thanh Đa,Thiếu dữ liệu tài chính
medium,missing_main_area,BDS-CURATED-0281,The Bale của Được gửi giá đã giảm mà lại ko lãi hã Begin quote,Thiếu diện tích chính
medium,missing_planning,BDS-CURATED-0281,The Bale của Được gửi giá đã giảm mà lại ko lãi hã Begin quote,Thiếu quy hoạch
medium,missing_legal,BDS-CURATED-0281,The Bale của Được gửi giá đã giảm mà lại ko lãi hã Begin quote,Thiếu pháp lý
medium,missing_financial,BDS-CURATED-0281,The Bale của Được gửi giá đã giảm mà lại ko lãi hã Begin quote,Thiếu dữ liệu tài chính
medium,missing_main_area,BDS-CURATED-0167,The Bale của Được gửi giá đã giảm mà lại ko lãi hã Dự án Bale này giá có giảm nhưng pháp lý trước đây họ cam k,Thiếu diện tích chính
medium,missing_planning,BDS-CURATED-0167,The Bale của Được gửi giá đã giảm mà lại ko lãi hã Dự án Bale này giá có giảm nhưng pháp lý trước đây họ cam k,Thiếu quy hoạch
medium,missing_financial,BDS-CURATED-0167,The Bale của Được gửi giá đã giảm mà lại ko lãi hã Dự án Bale này giá có giảm nhưng pháp lý trước đây họ cam k,Thiếu dữ liệu tài chính
medium,missing_main_area,BDS-CURATED-0195,The Sang Residence đang gần hoàn thành xây dựng với giá bán (58-68trđ/m2) với vị trí nằm sâu trong đường Phạm,Thiếu diện tích chính
medium,missing_planning,BDS-CURATED-0195,The Sang Residence đang gần hoàn thành xây dựng với giá bán (58-68trđ/m2) với vị trí nằm sâu trong đường Phạm,Thiếu quy hoạch
medium,missing_legal,BDS-CURATED-0195,The Sang Residence đang gần hoàn thành xây dựng với giá bán (58-68trđ/m2) với vị trí nằm sâu trong đường Phạm,Thiếu pháp lý
medium,missing_financial,BDS-CURATED-0195,The Sang Residence đang gần hoàn thành xây dựng với giá bán (58-68trđ/m2) với vị trí nằm sâu trong đường Phạm,Thiếu dữ liệu tài chính
medium,missing_financial,BDS-CURATED-0110,Thuận Nghiệp ở Dĩ An,Thiếu dữ liệu tài chính
medium,missing_main_area,BDS-CURATED-0196,Thông tin quyết định chủ trương đầu tư/pháp lý dự án/thông tin quy hoạch dự án - Thông tin đơn vị khác tham,Thiếu diện tích chính
medium,missing_financial,BDS-CURATED-0196,Thông tin quyết định chủ trương đầu tư/pháp lý dự án/thông tin quy hoạch dự án - Thông tin đơn vị khác tham,Thiếu dữ liệu tài chính
medium,missing_financial,BDS-CURATED-0086,Urban Green,Thiếu dữ liệu tài chính
medium,missing_financial,BDS-CURATED-0061,VEN SÔNG HÀN,Thiếu dữ liệu tài chính
medium,missing_main_area,BDS-CURATED-0413,Vignette Collection đến Hội An Khách sạn Moire Hội An,Thiếu diện tích chính
medium,missing_planning,BDS-CURATED-0413,Vignette Collection đến Hội An Khách sạn Moire Hội An,Thiếu quy hoạch
medium,missing_legal,BDS-CURATED-0413,Vignette Collection đến Hội An Khách sạn Moire Hội An,Thiếu pháp lý
medium,missing_financial,BDS-CURATED-0413,Vignette Collection đến Hội An Khách sạn Moire Hội An,Thiếu dữ liệu tài chính
medium,missing_main_area,BDS-CURATED-0282,Vo Van Kiet Gop 2 Lo (IN),Thiếu diện tích chính
medium,missing_planning,BDS-CURATED-0282,Vo Van Kiet Gop 2 Lo (IN),Thiếu quy hoạch
medium,missing_legal,BDS-CURATED-0282,Vo Van Kiet Gop 2 Lo (IN),Thiếu pháp lý
medium,missing_financial,BDS-CURATED-0282,Vo Van Kiet Gop 2 Lo (IN),Thiếu dữ liệu tài chính
medium,missing_legal,BDS-CURATED-0414,Võ Văn Kiệt,Thiếu pháp lý
medium,missing_financial,BDS-CURATED-0414,Võ Văn Kiệt,Thiếu dữ liệu tài chính
medium,missing_legal,BDS-CURATED-0132,Võ Văn Kiệt (Gộp 2 Lô) theo chỉ tiêu QH dự kiến điều chỉnh,Thiếu pháp lý
medium,missing_main_area,BDS-CURATED-0308,Vương Bảo Long,Thiếu diện tích chính
medium,missing_planning,BDS-CURATED-0308,Vương Bảo Long,Thiếu quy hoạch
medium,missing_legal,BDS-CURATED-0308,Vương Bảo Long,Thiếu pháp lý
medium,missing_financial,BDS-CURATED-0308,Vương Bảo Long,Thiếu dữ liệu tài chính
medium,missing_financial,BDS-CURATED-0112,Vương Bảo Long (kèm đánh giá pháp lý) *Hiện trạng,Thiếu dữ liệu tài chính
medium,missing_main_area,BDS-CURATED-0197,Với phương án của mình trước là làm phân kh,Thiếu diện tích chính
medium,missing_planning,BDS-CURATED-0197,Với phương án của mình trước là làm phân kh,Thiếu quy hoạch
medium,missing_financial,BDS-CURATED-0197,Với phương án của mình trước là làm phân kh,Thiếu dữ liệu tài chính
medium,missing_legal,BDS-CURATED-0113,Westgate của AnGia – 38 tr/m2 (vị trí trung tâm Huyện Bình Chánh) + Thấp hơn mức giá trung bình của Akari – Na,Thiếu pháp lý
medium,missing_main_area,BDS-CURATED-0396,a có trao đổi về việc,Thiếu diện tích chính
medium,missing_planning,BDS-CURATED-0396,a có trao đổi về việc,Thiếu quy hoạch
medium,missing_financial,BDS-CURATED-0396,a có trao đổi về việc,Thiếu dữ liệu tài chính
medium,missing_main_area,BDS-CURATED-0283,by Huy M - IM,Thiếu diện tích chính
medium,missing_planning,BDS-CURATED-0283,by Huy M - IM,Thiếu quy hoạch
medium,missing_legal,BDS-CURATED-0283,by Huy M - IM,Thiếu pháp lý
medium,missing_financial,BDS-CURATED-0283,by Huy M - IM,Thiếu dữ liệu tài chính
medium,missing_main_area,BDS-CURATED-0284,bên mình đã đang follow nha a Huy Mai-PTDT Anh đã share hồ sơ cho em rồi nha,Thiếu diện tích chính
medium,missing_planning,BDS-CURATED-0284,bên mình đã đang follow nha a Huy Mai-PTDT Anh đã share hồ sơ cho em rồi nha,Thiếu quy hoạch
medium,missing_legal,BDS-CURATED-0284,bên mình đã đang follow nha a Huy Mai-PTDT Anh đã share hồ sơ cho em rồi nha,Thiếu pháp lý
medium,missing_financial,BDS-CURATED-0284,bên mình đã đang follow nha a Huy Mai-PTDT Anh đã share hồ sơ cho em rồi nha,Thiếu dữ liệu tài chính
medium,missing_main_area,BDS-CURATED-0285,bị Phốt nhiều à Vậy bỏ qua cái Đức Long nha by Unknown User,Thiếu diện tích chính
medium,missing_planning,BDS-CURATED-0285,bị Phốt nhiều à Vậy bỏ qua cái Đức Long nha by Unknown User,Thiếu quy hoạch
medium,missing_legal,BDS-CURATED-0285,bị Phốt nhiều à Vậy bỏ qua cái Đức Long nha by Unknown User,Thiếu pháp lý
medium,missing_financial,BDS-CURATED-0285,bị Phốt nhiều à Vậy bỏ qua cái Đức Long nha by Unknown User,Thiếu dữ liệu tài chính
medium,missing_main_area,BDS-CURATED-0198,cao tầng phải đầu tư 2–3 tầng hầm Trường hợp cần rà soát chi tiết và cập nhật chính xác hơn,Thiếu diện tích chính
medium,missing_legal,BDS-CURATED-0198,cao tầng phải đầu tư 2–3 tầng hầm Trường hợp cần rà soát chi tiết và cập nhật chính xác hơn,Thiếu pháp lý
medium,missing_financial,BDS-CURATED-0198,cao tầng phải đầu tư 2–3 tầng hầm Trường hợp cần rà soát chi tiết và cập nhật chính xác hơn,Thiếu dữ liệu tài chính
medium,missing_main_area,BDS-CURATED-0199,cao tầng với,Thiếu diện tích chính
medium,missing_planning,BDS-CURATED-0199,cao tầng với,Thiếu quy hoạch
medium,missing_legal,BDS-CURATED-0199,cao tầng với,Thiếu pháp lý
medium,missing_financial,BDS-CURATED-0199,cao tầng với,Thiếu dữ liệu tài chính
medium,missing_financial,BDS-CURATED-0346,cao tầng với tổng diện tích đất dự án là 10,Thiếu dữ liệu tài chính
medium,missing_financial,BDS-CURATED-0347,chung cư Hòa Xuân,Thiếu dữ liệu tài chính
medium,missing_planning,BDS-CURATED-0062,chung cư cao cấp THAT 1,Thiếu quy hoạch
medium,missing_financial,BDS-CURATED-0062,chung cư cao cấp THAT 1,Thiếu dữ liệu tài chính
medium,missing_main_area,BDS-CURATED-0237,chung cư nhiều nhưng số lượng dự án và thị trường thì thấy Đà Nẵng có vẻ sôi động hơn à Nhưng condotel ở Đà Nẵ,Thiếu diện tích chính
medium,missing_planning,BDS-CURATED-0237,chung cư nhiều nhưng số lượng dự án và thị trường thì thấy Đà Nẵng có vẻ sôi động hơn à Nhưng condotel ở Đà Nẵ,Thiếu quy hoạch
medium,missing_legal,BDS-CURATED-0237,chung cư nhiều nhưng số lượng dự án và thị trường thì thấy Đà Nẵng có vẻ sôi động hơn à Nhưng condotel ở Đà Nẵ,Thiếu pháp lý
medium,missing_financial,BDS-CURATED-0237,chung cư nhiều nhưng số lượng dự án và thị trường thì thấy Đà Nẵng có vẻ sôi động hơn à Nhưng condotel ở Đà Nẵ,Thiếu dữ liệu tài chính
medium,missing_main_area,BDS-CURATED-0477,chư by Admin 01,Thiếu diện tích chính
medium,missing_planning,BDS-CURATED-0477,chư by Admin 01,Thiếu quy hoạch
medium,missing_legal,BDS-CURATED-0477,chư by Admin 01,Thiếu pháp lý
medium,missing_financial,BDS-CURATED-0477,chư by Admin 01,Thiếu dữ liệu tài chính
medium,missing_main_area,BDS-CURATED-0238,chưa bàn giao nên chưa dc vào ở à,Thiếu diện tích chính
medium,missing_planning,BDS-CURATED-0238,chưa bàn giao nên chưa dc vào ở à,Thiếu quy hoạch
medium,missing_legal,BDS-CURATED-0238,chưa bàn giao nên chưa dc vào ở à,Thiếu pháp lý
medium,missing_financial,BDS-CURATED-0238,chưa bàn giao nên chưa dc vào ở à,Thiếu dữ liệu tài chính
medium,missing_financial,BDS-CURATED-0152,chưa phê duyệt quyết định/ chấp thuận chủ trương đầu tư,Thiếu dữ liệu tài chính
medium,missing_planning,BDS-CURATED-0168,chỉ mới trong giai đoạn pháp lý đền bù GPMB thì được xem là quỹ đất và được định giá lại theo phương thức giá,Thiếu quy hoạch
medium,missing_financial,BDS-CURATED-0168,chỉ mới trong giai đoạn pháp lý đền bù GPMB thì được xem là quỹ đất và được định giá lại theo phương thức giá,Thiếu dữ liệu tài chính
medium,missing_main_area,BDS-CURATED-0286,chợ lớn có khi phải điều chỉnh ranh Begin quote,Thiếu diện tích chính
medium,missing_planning,BDS-CURATED-0286,chợ lớn có khi phải điều chỉnh ranh Begin quote,Thiếu quy hoạch
medium,missing_legal,BDS-CURATED-0286,chợ lớn có khi phải điều chỉnh ranh Begin quote,Thiếu pháp lý
medium,missing_financial,BDS-CURATED-0286,chợ lớn có khi phải điều chỉnh ranh Begin quote,Thiếu dữ liệu tài chính
medium,missing_main_area,BDS-CURATED-0239,chợ lớn có khi phải điều chỉnh ranh Dự án Chợ Lớn đang làm quy hoạch anh Tài đã có cập nhật ranh Metro vào rồi,Thiếu diện tích chính
medium,missing_legal,BDS-CURATED-0239,chợ lớn có khi phải điều chỉnh ranh Dự án Chợ Lớn đang làm quy hoạch anh Tài đã có cập nhật ranh Metro vào rồi,Thiếu pháp lý
medium,missing_financial,BDS-CURATED-0239,chợ lớn có khi phải điều chỉnh ranh Dự án Chợ Lớn đang làm quy hoạch anh Tài đã có cập nhật ranh Metro vào rồi,Thiếu dữ liệu tài chính
medium,missing_main_area,BDS-CURATED-0240,càng tốt ạ Vì luật hiện nay vẫn quy định đơn giá ko dc,Thiếu diện tích chính
medium,missing_financial,BDS-CURATED-0240,càng tốt ạ Vì luật hiện nay vẫn quy định đơn giá ko dc,Thiếu dữ liệu tài chính
medium,missing_main_area,BDS-CURATED-0241,có giá vốn đất thấp trong khi hệ số cao (trên 11 chấm),Thiếu diện tích chính
medium,missing_legal,BDS-CURATED-0241,có giá vốn đất thấp trong khi hệ số cao (trên 11 chấm),Thiếu pháp lý
medium,missing_financial,BDS-CURATED-0241,có giá vốn đất thấp trong khi hệ số cao (trên 11 chấm),Thiếu dữ liệu tài chính
medium,missing_main_area,BDS-CURATED-0367,có một số hạn chế như,Thiếu diện tích chính
medium,missing_planning,BDS-CURATED-0367,có một số hạn chế như,Thiếu quy hoạch
medium,missing_legal,BDS-CURATED-0367,có một số hạn chế như,Thiếu pháp lý
medium,missing_planning,BDS-CURATED-0115,có tỷ lệ LNTT/TMDT đạt hiệu quả nhưng không đạt hiệu quả về chỉ tiêu IRR,Thiếu quy hoạch
medium,missing_legal,BDS-CURATED-0115,có tỷ lệ LNTT/TMDT đạt hiệu quả nhưng không đạt hiệu quả về chỉ tiêu IRR,Thiếu pháp lý
medium,missing_main_area,BDS-CURATED-0368,có vị trí gần với Fenica và Phú Gia Khiêm,Thiếu diện tích chính
medium,missing_financial,BDS-CURATED-0368,có vị trí gần với Fenica và Phú Gia Khiêm,Thiếu dữ liệu tài chính
medium,missing_planning,BDS-CURATED-0169,có vị trí tại phường An Bình,Thiếu quy hoạch
medium,missing_legal,BDS-CURATED-0169,có vị trí tại phường An Bình,Thiếu pháp lý
medium,missing_financial,BDS-CURATED-0169,có vị trí tại phường An Bình,Thiếu dữ liệu tài chính
medium,missing_main_area,BDS-CURATED-0440,cùn,Thiếu diện tích chính
medium,missing_planning,BDS-CURATED-0440,cùn,Thiếu quy hoạch
medium,missing_legal,BDS-CURATED-0440,cùn,Thiếu pháp lý
medium,missing_financial,BDS-CURATED-0440,cùn,Thiếu dữ liệu tài chính
medium,missing_main_area,BDS-CURATED-0287,cùng phân khúc rẻ nhất Q9 Kiếm các dự án ở khu Long Phước,Thiếu diện tích chính
medium,missing_planning,BDS-CURATED-0287,cùng phân khúc rẻ nhất Q9 Kiếm các dự án ở khu Long Phước,Thiếu quy hoạch
medium,missing_legal,BDS-CURATED-0287,cùng phân khúc rẻ nhất Q9 Kiếm các dự án ở khu Long Phước,Thiếu pháp lý
medium,missing_financial,BDS-CURATED-0287,cùng phân khúc rẻ nhất Q9 Kiếm các dự án ở khu Long Phước,Thiếu dữ liệu tài chính
medium,missing_main_area,BDS-CURATED-0397,căn hộ Đức Long Wes,Thiếu diện tích chính
medium,missing_planning,BDS-CURATED-0397,căn hộ Đức Long Wes,Thiếu quy hoạch
medium,missing_legal,BDS-CURATED-0397,căn hộ Đức Long Wes,Thiếu pháp lý
medium,missing_financial,BDS-CURATED-0397,căn hộ Đức Long Wes,Thiếu dữ liệu tài chính
medium,missing_main_area,BDS-CURATED-0153,căn hộ Đức Long Western Park Dự án Đức Long Western Park tại quận Bình Tân,Thiếu diện tích chính
medium,missing_financial,BDS-CURATED-0153,căn hộ Đức Long Western Park Dự án Đức Long Western Park tại quận Bình Tân,Thiếu dữ liệu tài chính
medium,missing_legal,BDS-CURATED-0369,cũng 42 tr/m2,Thiếu pháp lý
medium,missing_main_area,BDS-CURATED-0116,cơ bản đạt hiệu quả tài chính,Thiếu diện tích chính
medium,missing_planning,BDS-CURATED-0200,cảng tổng hợp và container Cái Mép Hạ được đề xuất đầu tư với tổng vốn 50,Thiếu quy hoạch
medium,missing_legal,BDS-CURATED-0200,cảng tổng hợp và container Cái Mép Hạ được đề xuất đầu tư với tổng vốn 50,Thiếu pháp lý
medium,missing_financial,BDS-CURATED-0200,cảng tổng hợp và container Cái Mép Hạ được đề xuất đầu tư với tổng vốn 50,Thiếu dữ liệu tài chính
medium,missing_main_area,BDS-CURATED-0478,cần bố trí khoảng xanh,Thiếu diện tích chính
medium,missing_planning,BDS-CURATED-0478,cần bố trí khoảng xanh,Thiếu quy hoạch
medium,missing_legal,BDS-CURATED-0478,cần bố trí khoảng xanh,Thiếu pháp lý
medium,missing_financial,BDS-CURATED-0478,cần bố trí khoảng xanh,Thiếu dữ liệu tài chính
medium,missing_main_area,BDS-CURATED-0201,cần kiểm tra lại QH 1,Thiếu diện tích chính
medium,missing_financial,BDS-CURATED-0201,cần kiểm tra lại QH 1,Thiếu dữ liệu tài chính
medium,missing_planning,BDS-CURATED-0154,cần kiểm tra xem có chuyển lên thổ cư để thực hiện dự án chung cư được hay không,Thiếu quy hoạch
medium,missing_financial,BDS-CURATED-0154,cần kiểm tra xem có chuyển lên thổ cư để thực hiện dự án chung cư được hay không,Thiếu dữ liệu tài chính
medium,missing_main_area,BDS-CURATED-0441,cập nhật chốt xin giữ dân số cho PGK là 3800,Thiếu diện tích chính
medium,missing_legal,BDS-CURATED-0441,cập nhật chốt xin giữ dân số cho PGK là 3800,Thiếu pháp lý
medium,missing_financial,BDS-CURATED-0441,cập nhật chốt xin giữ dân số cho PGK là 3800,Thiếu dữ liệu tài chính
medium,missing_main_area,BDS-CURATED-0442,của BeeGroup Begin quote,Thiếu diện tích chính
medium,missing_planning,BDS-CURATED-0442,của BeeGroup Begin quote,Thiếu quy hoạch
medium,missing_legal,BDS-CURATED-0442,của BeeGroup Begin quote,Thiếu pháp lý
medium,missing_financial,BDS-CURATED-0442,của BeeGroup Begin quote,Thiếu dữ liệu tài chính
medium,missing_main_area,BDS-CURATED-0443,của DIG,Thiếu diện tích chính
medium,missing_planning,BDS-CURATED-0443,của DIG,Thiếu quy hoạch
medium,missing_legal,BDS-CURATED-0443,của DIG,Thiếu pháp lý
medium,missing_financial,BDS-CURATED-0443,của DIG,Thiếu dữ liệu tài chính
medium,missing_main_area,BDS-CURATED-0444,của DIG rồi ạ Begin quote,Thiếu diện tích chính
medium,missing_planning,BDS-CURATED-0444,của DIG rồi ạ Begin quote,Thiếu quy hoạch
medium,missing_legal,BDS-CURATED-0444,của DIG rồi ạ Begin quote,Thiếu pháp lý
medium,missing_financial,BDS-CURATED-0444,của DIG rồi ạ Begin quote,Thiếu dữ liệu tài chính
medium,missing_main_area,BDS-CURATED-0288,của Nova đang khởi công t,Thiếu diện tích chính
medium,missing_planning,BDS-CURATED-0288,của Nova đang khởi công t,Thiếu quy hoạch
medium,missing_legal,BDS-CURATED-0288,của Nova đang khởi công t,Thiếu pháp lý
medium,missing_financial,BDS-CURATED-0288,của Nova đang khởi công t,Thiếu dữ liệu tài chính
medium,missing_main_area,BDS-CURATED-0242,của Nova đang khởi công trở lại nhưng vẫn chưa bán hàng ah,Thiếu diện tích chính
medium,missing_planning,BDS-CURATED-0242,của Nova đang khởi công trở lại nhưng vẫn chưa bán hàng ah,Thiếu quy hoạch
medium,missing_legal,BDS-CURATED-0242,của Nova đang khởi công trở lại nhưng vẫn chưa bán hàng ah,Thiếu pháp lý
medium,missing_financial,BDS-CURATED-0242,của Nova đang khởi công trở lại nhưng vẫn chưa bán hàng ah,Thiếu dữ liệu tài chính
medium,missing_main_area,BDS-CURATED-0243,của Novaland được tháo gỡ liên quan đến Waterbay và Lakeview theo NQ 170 của Quốc Hội Liên quan đến vấn đề giả,Thiếu diện tích chính
medium,missing_planning,BDS-CURATED-0243,của Novaland được tháo gỡ liên quan đến Waterbay và Lakeview theo NQ 170 của Quốc Hội Liên quan đến vấn đề giả,Thiếu quy hoạch
medium,missing_legal,BDS-CURATED-0243,của Novaland được tháo gỡ liên quan đến Waterbay và Lakeview theo NQ 170 của Quốc Hội Liên quan đến vấn đề giả,Thiếu pháp lý
medium,missing_financial,BDS-CURATED-0243,của Novaland được tháo gỡ liên quan đến Waterbay và Lakeview theo NQ 170 của Quốc Hội Liên quan đến vấn đề giả,Thiếu dữ liệu tài chính
medium,missing_main_area,BDS-CURATED-0202,của mình nằm sát Khu CBD mới của Đà Nẵng và lợi thế nằm ngay đường Phạm Văn Đồng (có 4 mặt tiền,Thiếu diện tích chính
medium,missing_planning,BDS-CURATED-0202,của mình nằm sát Khu CBD mới của Đà Nẵng và lợi thế nằm ngay đường Phạm Văn Đồng (có 4 mặt tiền,Thiếu quy hoạch
medium,missing_legal,BDS-CURATED-0202,của mình nằm sát Khu CBD mới của Đà Nẵng và lợi thế nằm ngay đường Phạm Văn Đồng (có 4 mặt tiền,Thiếu pháp lý
medium,missing_financial,BDS-CURATED-0202,của mình nằm sát Khu CBD mới của Đà Nẵng và lợi thế nằm ngay đường Phạm Văn Đồng (có 4 mặt tiền,Thiếu dữ liệu tài chính
medium,missing_main_area,BDS-CURATED-0244,của mình sẽ thực h,Thiếu diện tích chính
medium,missing_planning,BDS-CURATED-0244,của mình sẽ thực h,Thiếu quy hoạch
medium,missing_legal,BDS-CURATED-0244,của mình sẽ thực h,Thiếu pháp lý
medium,missing_financial,BDS-CURATED-0244,của mình sẽ thực h,Thiếu dữ liệu tài chính
medium,missing_main_area,BDS-CURATED-0445,của mình sẽ thực hiện đồng bộ theo hạ tầng của tỉnh Vậy cầu này làm để kết nói đường bộ ven biể,Thiếu diện tích chính
medium,missing_planning,BDS-CURATED-0445,của mình sẽ thực hiện đồng bộ theo hạ tầng của tỉnh Vậy cầu này làm để kết nói đường bộ ven biể,Thiếu quy hoạch
medium,missing_legal,BDS-CURATED-0445,của mình sẽ thực hiện đồng bộ theo hạ tầng của tỉnh Vậy cầu này làm để kết nói đường bộ ven biể,Thiếu pháp lý
medium,missing_financial,BDS-CURATED-0445,của mình sẽ thực hiện đồng bộ theo hạ tầng của tỉnh Vậy cầu này làm để kết nói đường bộ ven biể,Thiếu dữ liệu tài chính
medium,missing_main_area,BDS-CURATED-0170,do mình có điều chỉnh qh 1/500,Thiếu diện tích chính
medium,missing_financial,BDS-CURATED-0170,do mình có điều chỉnh qh 1/500,Thiếu dữ liệu tài chính
medium,missing_main_area,BDS-CURATED-0203,du lịch sinh thái nghỉ dưỡng giải trí núi Chứa Chan với giá khoảng 1,Thiếu diện tích chính
medium,missing_financial,BDS-CURATED-0203,du lịch sinh thái nghỉ dưỡng giải trí núi Chứa Chan với giá khoảng 1,Thiếu dữ liệu tài chính
medium,missing_main_area,BDS-CURATED-0171,dự kiến hợp tác vs,Thiếu diện tích chính
medium,missing_planning,BDS-CURATED-0171,dự kiến hợp tác vs,Thiếu quy hoạch
medium,missing_legal,BDS-CURATED-0171,dự kiến hợp tác vs,Thiếu pháp lý
medium,missing_financial,BDS-CURATED-0171,dự kiến hợp tác vs,Thiếu dữ liệu tài chính
medium,missing_main_area,BDS-CURATED-0204,dự kiến hợp tác vs park hyatt,Thiếu diện tích chính
medium,missing_planning,BDS-CURATED-0204,dự kiến hợp tác vs park hyatt,Thiếu quy hoạch
medium,missing_legal,BDS-CURATED-0204,dự kiến hợp tác vs park hyatt,Thiếu pháp lý
medium,missing_financial,BDS-CURATED-0204,dự kiến hợp tác vs park hyatt,Thiếu dữ liệu tài chính
medium,missing_main_area,BDS-CURATED-0446,gần 11,Thiếu diện tích chính
medium,missing_planning,BDS-CURATED-0446,gần 11,Thiếu quy hoạch
medium,missing_legal,BDS-CURATED-0446,gần 11,Thiếu pháp lý
medium,missing_financial,BDS-CURATED-0446,gần 11,Thiếu dữ liệu tài chính
medium,missing_legal,BDS-CURATED-0133,gộp 2 lô Võ Văn Kiệt theo thay đổi giá bán căn hộ và giá mua dự án,Thiếu pháp lý
medium,missing_legal,BDS-CURATED-0383,gộp là 1,Thiếu pháp lý
medium,missing_financial,BDS-CURATED-0383,gộp là 1,Thiếu dữ liệu tài chính
medium,missing_main_area,BDS-CURATED-0447,hay VP,Thiếu diện tích chính
medium,missing_planning,BDS-CURATED-0447,hay VP,Thiếu quy hoạch
medium,missing_legal,BDS-CURATED-0447,hay VP,Thiếu pháp lý
medium,missing_financial,BDS-CURATED-0447,hay VP,Thiếu dữ liệu tài chính
medium,missing_main_area,BDS-CURATED-0398,hiện tại,Thiếu diện tích chính
medium,missing_planning,BDS-CURATED-0398,hiện tại,Thiếu quy hoạch
medium,missing_legal,BDS-CURATED-0398,hiện tại,Thiếu pháp lý
medium,missing_financial,BDS-CURATED-0398,hiện tại,Thiếu dữ liệu tài chính
medium,missing_main_area,BDS-CURATED-0384,hiện tại là 28,Thiếu diện tích chính
medium,missing_planning,BDS-CURATED-0384,hiện tại là 28,Thiếu quy hoạch
medium,missing_legal,BDS-CURATED-0384,hiện tại là 28,Thiếu pháp lý
medium,missing_main_area,BDS-CURATED-0245,hiện tại mình đang vận hành để xem thử mình có chi phí nào khác cần bổ sung không à,Thiếu diện tích chính
medium,missing_planning,BDS-CURATED-0245,hiện tại mình đang vận hành để xem thử mình có chi phí nào khác cần bổ sung không à,Thiếu quy hoạch
medium,missing_legal,BDS-CURATED-0245,hiện tại mình đang vận hành để xem thử mình có chi phí nào khác cần bổ sung không à,Thiếu pháp lý
medium,missing_financial,BDS-CURATED-0245,hiện tại mình đang vận hành để xem thử mình có chi phí nào khác cần bổ sung không à,Thiếu dữ liệu tài chính
medium,missing_main_area,BDS-CURATED-0289,hiệu quả IRR đạt 10%,Thiếu diện tích chính
medium,missing_planning,BDS-CURATED-0289,hiệu quả IRR đạt 10%,Thiếu quy hoạch
medium,missing_legal,BDS-CURATED-0289,hiệu quả IRR đạt 10%,Thiếu pháp lý
medium,missing_main_area,BDS-CURATED-0349,hiệu quả với tỷ lệ LNTT/TMĐT từ > 12% là từ 90 triệu đồng/m2,Thiếu diện tích chính
medium,missing_planning,BDS-CURATED-0349,hiệu quả với tỷ lệ LNTT/TMĐT từ > 12% là từ 90 triệu đồng/m2,Thiếu quy hoạch
medium,missing_main_area,BDS-CURATED-0479,hoàn chỉnh nút giao và nhánh nối xa lộ Hà Nội - vành đai 3,Thiếu diện tích chính
medium,missing_planning,BDS-CURATED-0479,hoàn chỉnh nút giao và nhánh nối xa lộ Hà Nội - vành đai 3,Thiếu quy hoạch
medium,missing_legal,BDS-CURATED-0479,hoàn chỉnh nút giao và nhánh nối xa lộ Hà Nội - vành đai 3,Thiếu pháp lý
medium,missing_financial,BDS-CURATED-0479,hoàn chỉnh nút giao và nhánh nối xa lộ Hà Nội - vành đai 3,Thiếu dữ liệu tài chính
medium,missing_main_area,BDS-CURATED-0448,hơn 72,Thiếu diện tích chính
medium,missing_planning,BDS-CURATED-0448,hơn 72,Thiếu quy hoạch
medium,missing_legal,BDS-CURATED-0448,hơn 72,Thiếu pháp lý
medium,missing_financial,BDS-CURATED-0448,hơn 72,Thiếu dữ liệu tài chính
medium,missing_main_area,BDS-CURATED-0415,hạ tầng kết nối lớn tại các tỉnh thành lân cận,Thiếu diện tích chính
medium,missing_planning,BDS-CURATED-0415,hạ tầng kết nối lớn tại các tỉnh thành lân cận,Thiếu quy hoạch
medium,missing_legal,BDS-CURATED-0415,hạ tầng kết nối lớn tại các tỉnh thành lân cận,Thiếu pháp lý
medium,missing_financial,BDS-CURATED-0415,hạ tầng kết nối lớn tại các tỉnh thành lân cận,Thiếu dữ liệu tài chính
medium,missing_legal,BDS-CURATED-0117,hạ tầng trọng điểm quốc gia đang được triển khai như Đường DT 770B (LG 60m) khởi công xây dựng Quý I-2024,Thiếu pháp lý
medium,missing_financial,BDS-CURATED-0117,hạ tầng trọng điểm quốc gia đang được triển khai như Đường DT 770B (LG 60m) khởi công xây dựng Quý I-2024,Thiếu dữ liệu tài chính
medium,missing_main_area,BDS-CURATED-0205,khi thực hiện kcn phải san lấp thêm ở mức bao nhiêu nên cũng chưa ước tính chi phí san lấp cho dự án này,Thiếu diện tích chính
medium,missing_planning,BDS-CURATED-0205,khi thực hiện kcn phải san lấp thêm ở mức bao nhiêu nên cũng chưa ước tính chi phí san lấp cho dự án này,Thiếu quy hoạch
medium,missing_legal,BDS-CURATED-0205,khi thực hiện kcn phải san lấp thêm ở mức bao nhiêu nên cũng chưa ước tính chi phí san lấp cho dự án này,Thiếu pháp lý
medium,missing_financial,BDS-CURATED-0205,khi thực hiện kcn phải san lấp thêm ở mức bao nhiêu nên cũng chưa ước tính chi phí san lấp cho dự án này,Thiếu dữ liệu tài chính
medium,missing_main_area,BDS-CURATED-0449,khu vực phía Bắc theo chỉ đạo của Anh Tâm,Thiếu diện tích chính
medium,missing_planning,BDS-CURATED-0449,khu vực phía Bắc theo chỉ đạo của Anh Tâm,Thiếu quy hoạch
medium,missing_legal,BDS-CURATED-0449,khu vực phía Bắc theo chỉ đạo của Anh Tâm,Thiếu pháp lý
medium,missing_financial,BDS-CURATED-0449,khu vực phía Bắc theo chỉ đạo của Anh Tâm,Thiếu dữ liệu tài chính
medium,missing_main_area,BDS-CURATED-0246,khu đô thị dọc theo Me,Thiếu diện tích chính
medium,missing_planning,BDS-CURATED-0246,khu đô thị dọc theo Me,Thiếu quy hoạch
medium,missing_legal,BDS-CURATED-0246,khu đô thị dọc theo Me,Thiếu pháp lý
medium,missing_financial,BDS-CURATED-0246,khu đô thị dọc theo Me,Thiếu dữ liệu tài chính
medium,missing_main_area,BDS-CURATED-0416,khác Team cũng có đánh giá lại theo giá thị trường,Thiếu diện tích chính
medium,missing_planning,BDS-CURATED-0416,khác Team cũng có đánh giá lại theo giá thị trường,Thiếu quy hoạch
medium,missing_legal,BDS-CURATED-0416,khác Team cũng có đánh giá lại theo giá thị trường,Thiếu pháp lý
medium,missing_financial,BDS-CURATED-0416,khác Team cũng có đánh giá lại theo giá thị trường,Thiếu dữ liệu tài chính
medium,missing_main_area,BDS-CURATED-0450,khác với tỷ lệ,Thiếu diện tích chính
medium,missing_planning,BDS-CURATED-0450,khác với tỷ lệ,Thiếu quy hoạch
medium,missing_legal,BDS-CURATED-0450,khác với tỷ lệ,Thiếu pháp lý
medium,missing_financial,BDS-CURATED-0450,khác với tỷ lệ,Thiếu dữ liệu tài chính
medium,missing_main_area,BDS-CURATED-0206,khác đang mở bán trên thị trường,Thiếu diện tích chính
medium,missing_planning,BDS-CURATED-0206,khác đang mở bán trên thị trường,Thiếu quy hoạch
medium,missing_legal,BDS-CURATED-0206,khác đang mở bán trên thị trường,Thiếu pháp lý
medium,missing_financial,BDS-CURATED-0206,khác đang mở bán trên thị trường,Thiếu dữ liệu tài chính
medium,missing_main_area,BDS-CURATED-0370,khác đang triển khai như Stown,Thiếu diện tích chính
medium,missing_main_area,BDS-CURATED-0417,khách sạn Dự án Holiday,Thiếu diện tích chính
medium,missing_planning,BDS-CURATED-0417,khách sạn Dự án Holiday,Thiếu quy hoạch
medium,missing_financial,BDS-CURATED-0417,khách sạn Dự án Holiday,Thiếu dữ liệu tài chính
medium,missing_main_area,BDS-CURATED-0091,khách sạn cạnh TMS với giá chào là 650tr/m2 tại 290 Võ Nguyên Giáp,Thiếu diện tích chính
medium,missing_main_area,BDS-CURATED-0341,khách sạn Đông Á Premier tại Phường Lộc Thọ,Thiếu diện tích chính
medium,missing_planning,BDS-CURATED-0207,khách sạn Đông Á Premier tại số 186/14 Hùng Vương,Thiếu quy hoạch
medium,missing_legal,BDS-CURATED-0207,khách sạn Đông Á Premier tại số 186/14 Hùng Vương,Thiếu pháp lý
medium,missing_financial,BDS-CURATED-0207,khách sạn Đông Á Premier tại số 186/14 Hùng Vương,Thiếu dữ liệu tài chính
medium,missing_main_area,BDS-CURATED-0208,không khả thi với bất kỳ giá mua nào Begin quote,Thiếu diện tích chính
medium,missing_main_area,BDS-CURATED-0480,không với những hạn chế ở trên,Thiếu diện tích chính
medium,missing_planning,BDS-CURATED-0480,không với những hạn chế ở trên,Thiếu quy hoạch
medium,missing_legal,BDS-CURATED-0480,không với những hạn chế ở trên,Thiếu pháp lý
medium,missing_financial,BDS-CURATED-0480,không với những hạn chế ở trên,Thiếu dữ liệu tài chính
medium,missing_main_area,BDS-CURATED-0118,không đạt hiệu quả tài,Thiếu diện tích chính
medium,missing_planning,BDS-CURATED-0118,không đạt hiệu quả tài,Thiếu quy hoạch
medium,missing_legal,BDS-CURATED-0118,không đạt hiệu quả tài,Thiếu pháp lý
medium,missing_planning,BDS-CURATED-0092,không đạt hiệu quả tài chính,Thiếu quy hoạch
medium,missing_legal,BDS-CURATED-0092,không đạt hiệu quả tài chính,Thiếu pháp lý
medium,missing_main_area,BDS-CURATED-0093,không đạt hiệu quả tài chính với giá chào chuyển nhượng là 280 tỷ đồng (chưa bao gồm tiền CMĐSDĐ) - Để dự án đ,Thiếu diện tích chính
medium,missing_planning,BDS-CURATED-0093,không đạt hiệu quả tài chính với giá chào chuyển nhượng là 280 tỷ đồng (chưa bao gồm tiền CMĐSDĐ) - Để dự án đ,Thiếu quy hoạch
medium,missing_main_area,BDS-CURATED-0134,không đạt hiệu quả ạ Begin quote,Thiếu diện tích chính
medium,missing_planning,BDS-CURATED-0134,không đạt hiệu quả ạ Begin quote,Thiếu quy hoạch
medium,missing_main_area,BDS-CURATED-0094,không đạt được hiệu quả với NPV,Thiếu diện tích chính
medium,missing_planning,BDS-CURATED-0094,không đạt được hiệu quả với NPV,Thiếu quy hoạch
medium,missing_main_area,BDS-CURATED-0418,k… Gửi lại độ nhạy,Thiếu diện tích chính
medium,missing_planning,BDS-CURATED-0418,k… Gửi lại độ nhạy,Thiếu quy hoạch
medium,missing_financial,BDS-CURATED-0418,k… Gửi lại độ nhạy,Thiếu dữ liệu tài chính
medium,missing_financial,BDS-CURATED-0067,là 30,Thiếu dữ liệu tài chính
medium,missing_financial,BDS-CURATED-0209,là 300 tỷ - Độ nhạy Lợi nhuận trước thuế / Tổng mức đầu tư của dự án với 2 biến số,Thiếu dữ liệu tài chính
medium,missing_main_area,BDS-CURATED-0385,là KCN,Thiếu diện tích chính
medium,missing_financial,BDS-CURATED-0385,là KCN,Thiếu dữ liệu tài chính
medium,missing_main_area,BDS-CURATED-0155,là tính khả thi của công tác giải phóng mặt bằng khi diện tích nhà dân nằm xen cài nhiều trong ranh đất dự án,Thiếu diện tích chính
medium,missing_financial,BDS-CURATED-0155,là tính khả thi của công tác giải phóng mặt bằng khi diện tích nhà dân nằm xen cài nhiều trong ranh đất dự án,Thiếu dữ liệu tài chính
medium,missing_main_area,BDS-CURATED-0172,làm KCN tại huyện Nghĩa Hưng Khảo sát vị trí hiện trạng,Thiếu diện tích chính
medium,missing_planning,BDS-CURATED-0172,làm KCN tại huyện Nghĩa Hưng Khảo sát vị trí hiện trạng,Thiếu quy hoạch
medium,missing_legal,BDS-CURATED-0172,làm KCN tại huyện Nghĩa Hưng Khảo sát vị trí hiện trạng,Thiếu pháp lý
medium,missing_financial,BDS-CURATED-0172,làm KCN tại huyện Nghĩa Hưng Khảo sát vị trí hiện trạng,Thiếu dữ liệu tài chính
medium,missing_main_area,BDS-CURATED-0451,lớn thì gần như sẽ phải đấu t,Thiếu diện tích chính
medium,missing_planning,BDS-CURATED-0451,lớn thì gần như sẽ phải đấu t,Thiếu quy hoạch
medium,missing_legal,BDS-CURATED-0451,lớn thì gần như sẽ phải đấu t,Thiếu pháp lý
medium,missing_financial,BDS-CURATED-0451,lớn thì gần như sẽ phải đấu t,Thiếu dữ liệu tài chính
medium,missing_main_area,BDS-CURATED-0419,lớn thì gần như sẽ phải đấu thầu,Thiếu diện tích chính
medium,missing_planning,BDS-CURATED-0419,lớn thì gần như sẽ phải đấu thầu,Thiếu quy hoạch
medium,missing_legal,BDS-CURATED-0419,lớn thì gần như sẽ phải đấu thầu,Thiếu pháp lý
medium,missing_financial,BDS-CURATED-0419,lớn thì gần như sẽ phải đấu thầu,Thiếu dữ liệu tài chính
medium,missing_planning,BDS-CURATED-0247,lớn và có quy mô tương tự dự án Nghiên cứu (Dự án – Hùng Thắng 1,Thiếu quy hoạch
medium,missing_legal,BDS-CURATED-0247,lớn và có quy mô tương tự dự án Nghiên cứu (Dự án – Hùng Thắng 1,Thiếu pháp lý
medium,missing_financial,BDS-CURATED-0247,lớn và có quy mô tương tự dự án Nghiên cứu (Dự án – Hùng Thắng 1,Thiếu dữ liệu tài chính
medium,missing_main_area,BDS-CURATED-0248,lớn xảy ra sai phạm nghiêm trọng trong quản lý đất đai của tỉnh Đồng Nai,Thiếu diện tích chính
medium,missing_planning,BDS-CURATED-0248,lớn xảy ra sai phạm nghiêm trọng trong quản lý đất đai của tỉnh Đồng Nai,Thiếu quy hoạch
medium,missing_legal,BDS-CURATED-0248,lớn xảy ra sai phạm nghiêm trọng trong quản lý đất đai của tỉnh Đồng Nai,Thiếu pháp lý
medium,missing_financial,BDS-CURATED-0248,lớn xảy ra sai phạm nghiêm trọng trong quản lý đất đai của tỉnh Đồng Nai,Thiếu dữ liệu tài chính
medium,missing_main_area,BDS-CURATED-0210,mình khảo sát ở kcn Vĩnh Phúc khi bay flycam thì thấy hiện trạng là đất lúa xen kẽ nhiều nhà dân và có các đồi,Thiếu diện tích chính
medium,missing_planning,BDS-CURATED-0210,mình khảo sát ở kcn Vĩnh Phúc khi bay flycam thì thấy hiện trạng là đất lúa xen kẽ nhiều nhà dân và có các đồi,Thiếu quy hoạch
medium,missing_legal,BDS-CURATED-0210,mình khảo sát ở kcn Vĩnh Phúc khi bay flycam thì thấy hiện trạng là đất lúa xen kẽ nhiều nhà dân và có các đồi,Thiếu pháp lý
medium,missing_financial,BDS-CURATED-0210,mình khảo sát ở kcn Vĩnh Phúc khi bay flycam thì thấy hiện trạng là đất lúa xen kẽ nhiều nhà dân và có các đồi,Thiếu dữ liệu tài chính
medium,missing_main_area,BDS-CURATED-0290,mình là đường ven biển rồi lên Cao Tốc ra Cảng Hải Phòng Anh vẽ cho em đường bộ và đường sông đi ra,Thiếu diện tích chính
medium,missing_planning,BDS-CURATED-0290,mình là đường ven biển rồi lên Cao Tốc ra Cảng Hải Phòng Anh vẽ cho em đường bộ và đường sông đi ra,Thiếu quy hoạch
medium,missing_legal,BDS-CURATED-0290,mình là đường ven biển rồi lên Cao Tốc ra Cảng Hải Phòng Anh vẽ cho em đường bộ và đường sông đi ra,Thiếu pháp lý
medium,missing_financial,BDS-CURATED-0290,mình là đường ven biển rồi lên Cao Tốc ra Cảng Hải Phòng Anh vẽ cho em đường bộ và đường sông đi ra,Thiếu dữ liệu tài chính
medium,missing_planning,BDS-CURATED-0173,mình lên gia tăng hiệu quả đầu tư vì không tốn thêm bộ máy vận hành,Thiếu quy hoạch
medium,missing_legal,BDS-CURATED-0173,mình lên gia tăng hiệu quả đầu tư vì không tốn thêm bộ máy vận hành,Thiếu pháp lý
medium,missing_financial,BDS-CURATED-0173,mình lên gia tăng hiệu quả đầu tư vì không tốn thêm bộ máy vận hành,Thiếu dữ liệu tài chính
medium,missing_main_area,BDS-CURATED-0452,một lần,Thiếu diện tích chính
medium,missing_planning,BDS-CURATED-0452,một lần,Thiếu quy hoạch
medium,missing_legal,BDS-CURATED-0452,một lần,Thiếu pháp lý
medium,missing_financial,BDS-CURATED-0452,một lần,Thiếu dữ liệu tài chính
medium,missing_main_area,BDS-CURATED-0420,mở bán mới/dự kiến ở thị trường HCM,Thiếu diện tích chính
medium,missing_planning,BDS-CURATED-0420,mở bán mới/dự kiến ở thị trường HCM,Thiếu quy hoạch
medium,missing_legal,BDS-CURATED-0420,mở bán mới/dự kiến ở thị trường HCM,Thiếu pháp lý
medium,missing_financial,BDS-CURATED-0420,mở bán mới/dự kiến ở thị trường HCM,Thiếu dữ liệu tài chính
medium,missing_main_area,BDS-CURATED-0249,nghỉ dưỡng nghìn tỷ bà Trương Mỹ Lan từng thâu tóm Ngân hàng TMCP Công Thương Việt Nam - Chi nhánh Thủ Thiêm (,Thiếu diện tích chính
medium,missing_planning,BDS-CURATED-0249,nghỉ dưỡng nghìn tỷ bà Trương Mỹ Lan từng thâu tóm Ngân hàng TMCP Công Thương Việt Nam - Chi nhánh Thủ Thiêm (,Thiếu quy hoạch
medium,missing_financial,BDS-CURATED-0249,nghỉ dưỡng nghìn tỷ bà Trương Mỹ Lan từng thâu tóm Ngân hàng TMCP Công Thương Việt Nam - Chi nhánh Thủ Thiêm (,Thiếu dữ liệu tài chính
medium,missing_main_area,BDS-CURATED-0481,nha em,Thiếu diện tích chính
medium,missing_planning,BDS-CURATED-0481,nha em,Thiếu quy hoạch
medium,missing_legal,BDS-CURATED-0481,nha em,Thiếu pháp lý
medium,missing_financial,BDS-CURATED-0481,nha em,Thiếu dữ liệu tài chính
medium,missing_main_area,BDS-CURATED-0453,nhiều và phân mảng,Thiếu diện tích chính
medium,missing_planning,BDS-CURATED-0453,nhiều và phân mảng,Thiếu quy hoạch
medium,missing_legal,BDS-CURATED-0453,nhiều và phân mảng,Thiếu pháp lý
medium,missing_financial,BDS-CURATED-0453,nhiều và phân mảng,Thiếu dữ liệu tài chính
medium,missing_financial,BDS-CURATED-0120,nhà ở khi chuyển mục đích sang đất ở theo Luật Đất đai sẽ phải thực hiện đấu giá đối với hiện trạng các khu đấ,Thiếu dữ liệu tài chính
medium,missing_planning,BDS-CURATED-0031,nhà ở lực lượng vũ trang nhân dân Quận 12,Thiếu quy hoạch
medium,missing_legal,BDS-CURATED-0031,nhà ở lực lượng vũ trang nhân dân Quận 12,Thiếu pháp lý
medium,missing_main_area,BDS-CURATED-0211,nhà ở thương mại thông qua thỏa thuận về nhận quyền sử dụng đất hoặc đang có quyền sử dụng đất để thể chế hóa,Thiếu diện tích chính
medium,missing_financial,BDS-CURATED-0211,nhà ở thương mại thông qua thỏa thuận về nhận quyền sử dụng đất hoặc đang có quyền sử dụng đất để thể chế hóa,Thiếu dữ liệu tài chính
medium,missing_legal,BDS-CURATED-0135,nhà ở xã hội UBND Đồng Nai mời quan tâm đấu thầu,Thiếu pháp lý
medium,missing_main_area,BDS-CURATED-0454,nào mà đóng tssđ hàng năm nó cứ t,Thiếu diện tích chính
medium,missing_planning,BDS-CURATED-0454,nào mà đóng tssđ hàng năm nó cứ t,Thiếu quy hoạch
medium,missing_legal,BDS-CURATED-0454,nào mà đóng tssđ hàng năm nó cứ t,Thiếu pháp lý
medium,missing_financial,BDS-CURATED-0454,nào mà đóng tssđ hàng năm nó cứ t,Thiếu dữ liệu tài chính
medium,missing_main_area,BDS-CURATED-0250,nào mà đóng tssđ hàng năm nó cứ tăng hàng năm nữa,Thiếu diện tích chính
medium,missing_planning,BDS-CURATED-0250,nào mà đóng tssđ hàng năm nó cứ tăng hàng năm nữa,Thiếu quy hoạch
medium,missing_legal,BDS-CURATED-0250,nào mà đóng tssđ hàng năm nó cứ tăng hàng năm nữa,Thiếu pháp lý
medium,missing_financial,BDS-CURATED-0250,nào mà đóng tssđ hàng năm nó cứ tăng hàng năm nữa,Thiếu dữ liệu tài chính
medium,missing_legal,BDS-CURATED-0136,này,Thiếu pháp lý
medium,missing_financial,BDS-CURATED-0136,này,Thiếu dữ liệu tài chính
medium,missing_legal,BDS-CURATED-0137,này --- [] Monday,Thiếu pháp lý
medium,missing_financial,BDS-CURATED-0137,này --- [] Monday,Thiếu dữ liệu tài chính
medium,missing_legal,BDS-CURATED-0138,này Ok by Admin 01,Thiếu pháp lý
medium,missing_financial,BDS-CURATED-0138,này Ok by Admin 01,Thiếu dữ liệu tài chính
medium,missing_planning,BDS-CURATED-0399,này by Huy M - IM,Thiếu quy hoạch
medium,missing_financial,BDS-CURATED-0399,này by Huy M - IM,Thiếu dữ liệu tài chính
medium,missing_main_area,BDS-CURATED-0421,này dự kiến 2026 sẽ bắt đầu ra tin à image by Huy M - IM,Thiếu diện tích chính
medium,missing_legal,BDS-CURATED-0421,này dự kiến 2026 sẽ bắt đầu ra tin à image by Huy M - IM,Thiếu pháp lý
medium,missing_financial,BDS-CURATED-0421,này dự kiến 2026 sẽ bắt đầu ra tin à image by Huy M - IM,Thiếu dữ liệu tài chính
medium,missing_main_area,BDS-CURATED-0212,này hiện chỉ đóng tiền sử dụng đát trên diện tích đất xây dựng thay vì diện tích đất toàn khu đối với toàn khu,Thiếu diện tích chính
medium,missing_planning,BDS-CURATED-0212,này hiện chỉ đóng tiền sử dụng đát trên diện tích đất xây dựng thay vì diện tích đất toàn khu đối với toàn khu,Thiếu quy hoạch
medium,missing_financial,BDS-CURATED-0212,này hiện chỉ đóng tiền sử dụng đát trên diện tích đất xây dựng thay vì diện tích đất toàn khu đối với toàn khu,Thiếu dữ liệu tài chính
medium,missing_main_area,BDS-CURATED-0213,này hiện đã thực hiện pháp lý đến gia,Thiếu diện tích chính
medium,missing_planning,BDS-CURATED-0213,này hiện đã thực hiện pháp lý đến gia,Thiếu quy hoạch
medium,missing_financial,BDS-CURATED-0213,này hiện đã thực hiện pháp lý đến gia,Thiếu dữ liệu tài chính
medium,missing_main_area,BDS-CURATED-0174,này hiện đã thực hiện pháp lý đến giai đoạn cấp sổ đỏ riêng cho từng lô biệt thự Nhưng hiện tại,Thiếu diện tích chính
medium,missing_financial,BDS-CURATED-0174,này hiện đã thực hiện pháp lý đến giai đoạn cấp sổ đỏ riêng cho từng lô biệt thự Nhưng hiện tại,Thiếu dữ liệu tài chính
medium,missing_main_area,BDS-CURATED-0291,này hồi xưa mình có thông tin nhưng s,Thiếu diện tích chính
medium,missing_planning,BDS-CURATED-0291,này hồi xưa mình có thông tin nhưng s,Thiếu quy hoạch
medium,missing_legal,BDS-CURATED-0291,này hồi xưa mình có thông tin nhưng s,Thiếu pháp lý
medium,missing_financial,BDS-CURATED-0291,này hồi xưa mình có thông tin nhưng s,Thiếu dữ liệu tài chính
medium,missing_main_area,BDS-CURATED-0175,này hồi xưa mình có thông tin nhưng sau đó đề xuất là không quan tâm sâu do có 2 nhược điểm lớn là,Thiếu diện tích chính
medium,missing_legal,BDS-CURATED-0175,này hồi xưa mình có thông tin nhưng sau đó đề xuất là không quan tâm sâu do có 2 nhược điểm lớn là,Thiếu pháp lý
medium,missing_financial,BDS-CURATED-0175,này hồi xưa mình có thông tin nhưng sau đó đề xuất là không quan tâm sâu do có 2 nhược điểm lớn là,Thiếu dữ liệu tài chính
medium,missing_main_area,BDS-CURATED-0214,này image by Huy M - IM,Thiếu diện tích chính
medium,missing_planning,BDS-CURATED-0214,này image by Huy M - IM,Thiếu quy hoạch
medium,missing_legal,BDS-CURATED-0214,này image by Huy M - IM,Thiếu pháp lý
medium,missing_financial,BDS-CURATED-0214,này image by Huy M - IM,Thiếu dữ liệu tài chính
medium,missing_financial,BDS-CURATED-0386,này không,Thiếu dữ liệu tài chính
medium,missing_main_area,BDS-CURATED-0455,này luôn nhé,Thiếu diện tích chính
medium,missing_planning,BDS-CURATED-0455,này luôn nhé,Thiếu quy hoạch
medium,missing_legal,BDS-CURATED-0455,này luôn nhé,Thiếu pháp lý
medium,missing_financial,BDS-CURATED-0455,này luôn nhé,Thiếu dữ liệu tài chính
medium,missing_main_area,BDS-CURATED-0251,này là mình vào xây dựng được liền Nó đã bán hơn 200 nền,Thiếu diện tích chính
medium,missing_planning,BDS-CURATED-0251,này là mình vào xây dựng được liền Nó đã bán hơn 200 nền,Thiếu quy hoạch
medium,missing_legal,BDS-CURATED-0251,này là mình vào xây dựng được liền Nó đã bán hơn 200 nền,Thiếu pháp lý
medium,missing_financial,BDS-CURATED-0251,này là mình vào xây dựng được liền Nó đã bán hơn 200 nền,Thiếu dữ liệu tài chính
medium,missing_main_area,BDS-CURATED-0292,này nha anh Cái này phải đi khảo sát địa hình,Thiếu diện tích chính
medium,missing_planning,BDS-CURATED-0292,này nha anh Cái này phải đi khảo sát địa hình,Thiếu quy hoạch
medium,missing_legal,BDS-CURATED-0292,này nha anh Cái này phải đi khảo sát địa hình,Thiếu pháp lý
medium,missing_financial,BDS-CURATED-0292,này nha anh Cái này phải đi khảo sát địa hình,Thiếu dữ liệu tài chính
medium,missing_main_area,BDS-CURATED-0456,này nha by Unknown User,Thiếu diện tích chính
medium,missing_planning,BDS-CURATED-0456,này nha by Unknown User,Thiếu quy hoạch
medium,missing_legal,BDS-CURATED-0456,này nha by Unknown User,Thiếu pháp lý
medium,missing_financial,BDS-CURATED-0456,này nha by Unknown User,Thiếu dữ liệu tài chính
medium,missing_main_area,BDS-CURATED-0176,này nhé,Thiếu diện tích chính
medium,missing_planning,BDS-CURATED-0176,này nhé,Thiếu quy hoạch
medium,missing_financial,BDS-CURATED-0176,này nhé,Thiếu dữ liệu tài chính
medium,missing_planning,BDS-CURATED-0358,này nằm trong KCN Thái Hòa-Liễn Sơn-Liên Hòa Khu vực II Vị trí KCN,Thiếu quy hoạch
medium,missing_financial,BDS-CURATED-0358,này nằm trong KCN Thái Hòa-Liễn Sơn-Liên Hòa Khu vực II Vị trí KCN,Thiếu dữ liệu tài chính
medium,missing_main_area,BDS-CURATED-0252,này sao tiền sử dụng đất cao vậy Dự án được tính tiền sử dụng đất theo phươn,Thiếu diện tích chính
medium,missing_planning,BDS-CURATED-0252,này sao tiền sử dụng đất cao vậy Dự án được tính tiền sử dụng đất theo phươn,Thiếu quy hoạch
medium,missing_financial,BDS-CURATED-0252,này sao tiền sử dụng đất cao vậy Dự án được tính tiền sử dụng đất theo phươn,Thiếu dữ liệu tài chính
medium,missing_main_area,BDS-CURATED-0293,này sau phải tăng chi phí này lên by Unknown User,Thiếu diện tích chính
medium,missing_planning,BDS-CURATED-0293,này sau phải tăng chi phí này lên by Unknown User,Thiếu quy hoạch
medium,missing_legal,BDS-CURATED-0293,này sau phải tăng chi phí này lên by Unknown User,Thiếu pháp lý
medium,missing_financial,BDS-CURATED-0293,này sau phải tăng chi phí này lên by Unknown User,Thiếu dữ liệu tài chính
medium,missing_main_area,BDS-CURATED-0457,này thì chuyển cho anh Tâm nên K,Thiếu diện tích chính
medium,missing_planning,BDS-CURATED-0457,này thì chuyển cho anh Tâm nên K,Thiếu quy hoạch
medium,missing_legal,BDS-CURATED-0457,này thì chuyển cho anh Tâm nên K,Thiếu pháp lý
medium,missing_financial,BDS-CURATED-0457,này thì chuyển cho anh Tâm nên K,Thiếu dữ liệu tài chính
medium,missing_planning,BDS-CURATED-0253,này thì phải Các dự án quy mô trên 1000 ha trước khi Nov,Thiếu quy hoạch
medium,missing_legal,BDS-CURATED-0253,này thì phải Các dự án quy mô trên 1000 ha trước khi Nov,Thiếu pháp lý
medium,missing_financial,BDS-CURATED-0253,này thì phải Các dự án quy mô trên 1000 ha trước khi Nov,Thiếu dữ liệu tài chính
medium,missing_main_area,BDS-CURATED-0458,này trước họ rao 900ty đúng ko mng,Thiếu diện tích chính
medium,missing_planning,BDS-CURATED-0458,này trước họ rao 900ty đúng ko mng,Thiếu quy hoạch
medium,missing_legal,BDS-CURATED-0458,này trước họ rao 900ty đúng ko mng,Thiếu pháp lý
medium,missing_financial,BDS-CURATED-0458,này trước họ rao 900ty đúng ko mng,Thiếu dữ liệu tài chính
medium,missing_main_area,BDS-CURATED-0254,này với các điều kiện sau,Thiếu diện tích chính
medium,missing_planning,BDS-CURATED-0254,này với các điều kiện sau,Thiếu quy hoạch
medium,missing_financial,BDS-CURATED-0254,này với các điều kiện sau,Thiếu dữ liệu tài chính
medium,missing_main_area,BDS-CURATED-0459,này đâu có cái nào mình nghiên,Thiếu diện tích chính
medium,missing_planning,BDS-CURATED-0459,này đâu có cái nào mình nghiên,Thiếu quy hoạch
medium,missing_legal,BDS-CURATED-0459,này đâu có cái nào mình nghiên,Thiếu pháp lý
medium,missing_financial,BDS-CURATED-0459,này đâu có cái nào mình nghiên,Thiếu dữ liệu tài chính
medium,missing_main_area,BDS-CURATED-0460,này đâu có cái nào mình nghiên cứu ta Bên Mr,Thiếu diện tích chính
medium,missing_planning,BDS-CURATED-0460,này đâu có cái nào mình nghiên cứu ta Bên Mr,Thiếu quy hoạch
medium,missing_legal,BDS-CURATED-0460,này đâu có cái nào mình nghiên cứu ta Bên Mr,Thiếu pháp lý
medium,missing_financial,BDS-CURATED-0460,này đâu có cái nào mình nghiên cứu ta Bên Mr,Thiếu dữ liệu tài chính
medium,missing_main_area,BDS-CURATED-0461,này đã có đánh giá báo cáo Sếp trước đây rồi à,Thiếu diện tích chính
medium,missing_planning,BDS-CURATED-0461,này đã có đánh giá báo cáo Sếp trước đây rồi à,Thiếu quy hoạch
medium,missing_legal,BDS-CURATED-0461,này đã có đánh giá báo cáo Sếp trước đây rồi à,Thiếu pháp lý
medium,missing_financial,BDS-CURATED-0461,này đã có đánh giá báo cáo Sếp trước đây rồi à,Thiếu dữ liệu tài chính
medium,missing_main_area,BDS-CURATED-0294,nên Nova buộc dừng thi công toàn bộ & bị khủng hoảng,Thiếu diện tích chính
medium,missing_planning,BDS-CURATED-0294,nên Nova buộc dừng thi công toàn bộ & bị khủng hoảng,Thiếu quy hoạch
medium,missing_legal,BDS-CURATED-0294,nên Nova buộc dừng thi công toàn bộ & bị khủng hoảng,Thiếu pháp lý
medium,missing_financial,BDS-CURATED-0294,nên Nova buộc dừng thi công toàn bộ & bị khủng hoảng,Thiếu dữ liệu tài chính
medium,missing_planning,BDS-CURATED-0255,nêu trên (QĐ 789 cho khu đất 2,Thiếu quy hoạch
medium,missing_legal,BDS-CURATED-0255,nêu trên (QĐ 789 cho khu đất 2,Thiếu pháp lý
medium,missing_financial,BDS-CURATED-0255,nêu trên (QĐ 789 cho khu đất 2,Thiếu dữ liệu tài chính
medium,missing_main_area,BDS-CURATED-0422,nằm ở vị trí quỹ đất còn nhiều,Thiếu diện tích chính
medium,missing_planning,BDS-CURATED-0422,nằm ở vị trí quỹ đất còn nhiều,Thiếu quy hoạch
medium,missing_legal,BDS-CURATED-0422,nằm ở vị trí quỹ đất còn nhiều,Thiếu pháp lý
medium,missing_financial,BDS-CURATED-0422,nằm ở vị trí quỹ đất còn nhiều,Thiếu dữ liệu tài chính
medium,missing_main_area,BDS-CURATED-0256,nếu vùng đất thấp phải san lấp thêm nữa thì đơn giá 250,Thiếu diện tích chính
medium,missing_planning,BDS-CURATED-0256,nếu vùng đất thấp phải san lấp thêm nữa thì đơn giá 250,Thiếu quy hoạch
medium,missing_legal,BDS-CURATED-0256,nếu vùng đất thấp phải san lấp thêm nữa thì đơn giá 250,Thiếu pháp lý
medium,missing_financial,BDS-CURATED-0256,nếu vùng đất thấp phải san lấp thêm nữa thì đơn giá 250,Thiếu dữ liệu tài chính
medium,missing_legal,BDS-CURATED-0371,nữa Tính ra thì đúng là như vậy,Thiếu pháp lý
medium,missing_financial,BDS-CURATED-0371,nữa Tính ra thì đúng là như vậy,Thiếu dữ liệu tài chính
medium,missing_main_area,BDS-CURATED-0462,phát triển nhà ở kết họp TOD,Thiếu diện tích chính
medium,missing_planning,BDS-CURATED-0462,phát triển nhà ở kết họp TOD,Thiếu quy hoạch
medium,missing_legal,BDS-CURATED-0462,phát triển nhà ở kết họp TOD,Thiếu pháp lý
medium,missing_financial,BDS-CURATED-0462,phát triển nhà ở kết họp TOD,Thiếu dữ liệu tài chính
medium,missing_main_area,BDS-CURATED-0423,phân lô (,Thiếu diện tích chính
medium,missing_planning,BDS-CURATED-0423,phân lô (,Thiếu quy hoạch
medium,missing_legal,BDS-CURATED-0423,phân lô (,Thiếu pháp lý
medium,missing_financial,BDS-CURATED-0423,phân lô (,Thiếu dữ liệu tài chính
medium,missing_main_area,BDS-CURATED-0215,phân lô ( ko xây nhà) nào đang rẻ nhất 1 Like reaction,Thiếu diện tích chính
medium,missing_planning,BDS-CURATED-0215,phân lô ( ko xây nhà) nào đang rẻ nhất 1 Like reaction,Thiếu quy hoạch
medium,missing_financial,BDS-CURATED-0215,phân lô ( ko xây nhà) nào đang rẻ nhất 1 Like reaction,Thiếu dữ liệu tài chính
medium,missing_planning,BDS-CURATED-0216,phân lô bán nền (không xây nhà) giá rẻ ở Nhơn Trạch,Thiếu quy hoạch
medium,missing_legal,BDS-CURATED-0216,phân lô bán nền (không xây nhà) giá rẻ ở Nhơn Trạch,Thiếu pháp lý
medium,missing_financial,BDS-CURATED-0216,phân lô bán nền (không xây nhà) giá rẻ ở Nhơn Trạch,Thiếu dữ liệu tài chính
medium,missing_legal,BDS-CURATED-0177,phân lô bán nền 4,Thiếu pháp lý
medium,missing_financial,BDS-CURATED-0177,phân lô bán nền 4,Thiếu dữ liệu tài chính
medium,missing_main_area,BDS-CURATED-0217,phân lô bán nền ở phường Long Phước ạ Vị trí dự án,Thiếu diện tích chính
medium,missing_planning,BDS-CURATED-0217,phân lô bán nền ở phường Long Phước ạ Vị trí dự án,Thiếu quy hoạch
medium,missing_legal,BDS-CURATED-0217,phân lô bán nền ở phường Long Phước ạ Vị trí dự án,Thiếu pháp lý
medium,missing_financial,BDS-CURATED-0217,phân lô bán nền ở phường Long Phước ạ Vị trí dự án,Thiếu dữ liệu tài chính
medium,missing_main_area,BDS-CURATED-0424,phía Bắc,Thiếu diện tích chính
medium,missing_planning,BDS-CURATED-0424,phía Bắc,Thiếu quy hoạch
medium,missing_legal,BDS-CURATED-0424,phía Bắc,Thiếu pháp lý
medium,missing_financial,BDS-CURATED-0424,phía Bắc,Thiếu dữ liệu tài chính
medium,missing_planning,BDS-CURATED-0257,phường Phú Thọ Hòa,Thiếu quy hoạch
medium,missing_financial,BDS-CURATED-0257,phường Phú Thọ Hòa,Thiếu dữ liệu tài chính
medium,missing_planning,BDS-CURATED-0258,quy mô trên 1000 ha trước khi Nova bị mất thanh khoản định xúc tiến ở Bà Rịa,Thiếu quy hoạch
medium,missing_legal,BDS-CURATED-0258,quy mô trên 1000 ha trước khi Nova bị mất thanh khoản định xúc tiến ở Bà Rịa,Thiếu pháp lý
medium,missing_financial,BDS-CURATED-0258,quy mô trên 1000 ha trước khi Nova bị mất thanh khoản định xúc tiến ở Bà Rịa,Thiếu dữ liệu tài chính
medium,missing_main_area,BDS-CURATED-0463,quy nhơn nha 1 Heart reaction,Thiếu diện tích chính
medium,missing_planning,BDS-CURATED-0463,quy nhơn nha 1 Heart reaction,Thiếu quy hoạch
medium,missing_legal,BDS-CURATED-0463,quy nhơn nha 1 Heart reaction,Thiếu pháp lý
medium,missing_financial,BDS-CURATED-0463,quy nhơn nha 1 Heart reaction,Thiếu dữ liệu tài chính
medium,missing_main_area,BDS-CURATED-0218,rà soát và làm rõ các điểm pháp lý sau,Thiếu diện tích chính
medium,missing_planning,BDS-CURATED-0218,rà soát và làm rõ các điểm pháp lý sau,Thiếu quy hoạch
medium,missing_financial,BDS-CURATED-0218,rà soát và làm rõ các điểm pháp lý sau,Thiếu dữ liệu tài chính
medium,missing_main_area,BDS-CURATED-0464,rồi,Thiếu diện tích chính
medium,missing_planning,BDS-CURATED-0464,rồi,Thiếu quy hoạch
medium,missing_legal,BDS-CURATED-0464,rồi,Thiếu pháp lý
medium,missing_financial,BDS-CURATED-0464,rồi,Thiếu dữ liệu tài chính
medium,missing_main_area,BDS-CURATED-0387,sau này chỉ có đấu thầu,Thiếu diện tích chính
medium,missing_planning,BDS-CURATED-0387,sau này chỉ có đấu thầu,Thiếu quy hoạch
medium,missing_financial,BDS-CURATED-0387,sau này chỉ có đấu thầu,Thiếu dữ liệu tài chính
medium,missing_main_area,BDS-CURATED-0400,sẽ bắt đầu từ quý 4-2026 đến năm 2029,Thiếu diện tích chính
medium,missing_financial,BDS-CURATED-0400,sẽ bắt đầu từ quý 4-2026 đến năm 2029,Thiếu dữ liệu tài chính
medium,missing_main_area,BDS-CURATED-0295,sẽ hơi nhiều gốc cạnh sau khi ráp 2 miếng vào,Thiếu diện tích chính
medium,missing_legal,BDS-CURATED-0295,sẽ hơi nhiều gốc cạnh sau khi ráp 2 miếng vào,Thiếu pháp lý
medium,missing_financial,BDS-CURATED-0295,sẽ hơi nhiều gốc cạnh sau khi ráp 2 miếng vào,Thiếu dữ liệu tài chính
medium,missing_main_area,BDS-CURATED-0219,sẽ được cải thiện hơn,Thiếu diện tích chính
medium,missing_planning,BDS-CURATED-0219,sẽ được cải thiện hơn,Thiếu quy hoạch
medium,missing_financial,BDS-CURATED-0219,sẽ được cải thiện hơn,Thiếu dữ liệu tài chính
medium,missing_planning,BDS-CURATED-0425,team đã đi khảo sát,Thiếu quy hoạch
medium,missing_legal,BDS-CURATED-0425,team đã đi khảo sát,Thiếu pháp lý
medium,missing_financial,BDS-CURATED-0425,team đã đi khảo sát,Thiếu dữ liệu tài chính
medium,missing_main_area,BDS-CURATED-0259,tham gia để đánh giá thêm về chuyên mô á Sếp,Thiếu diện tích chính
medium,missing_planning,BDS-CURATED-0259,tham gia để đánh giá thêm về chuyên mô á Sếp,Thiếu quy hoạch
medium,missing_legal,BDS-CURATED-0259,tham gia để đánh giá thêm về chuyên mô á Sếp,Thiếu pháp lý
medium,missing_financial,BDS-CURATED-0259,tham gia để đánh giá thêm về chuyên mô á Sếp,Thiếu dữ liệu tài chính
medium,missing_planning,BDS-CURATED-0156,theo Sổ cấp 2017 là 10,Thiếu quy hoạch
medium,missing_financial,BDS-CURATED-0156,theo Sổ cấp 2017 là 10,Thiếu dữ liệu tài chính
medium,missing_main_area,BDS-CURATED-0350,theo các phân kỳ,Thiếu diện tích chính
medium,missing_main_area,BDS-CURATED-0260,theo link bên dưới,Thiếu diện tích chính
medium,missing_planning,BDS-CURATED-0260,theo link bên dưới,Thiếu quy hoạch
medium,missing_financial,BDS-CURATED-0260,theo link bên dưới,Thiếu dữ liệu tài chính
medium,missing_planning,BDS-CURATED-0095,thuộc trường hợp giao đất không thông qua đấu giá quyền sử dụng đất - Hồ sơ pháp lý,Thiếu quy hoạch
medium,missing_main_area,BDS-CURATED-0309,thành phần lô A2-3 Hòa Xuân,Thiếu diện tích chính
medium,missing_planning,BDS-CURATED-0309,thành phần lô A2-3 Hòa Xuân,Thiếu quy hoạch
medium,missing_legal,BDS-CURATED-0309,thành phần lô A2-3 Hòa Xuân,Thiếu pháp lý
medium,missing_financial,BDS-CURATED-0309,thành phần lô A2-3 Hòa Xuân,Thiếu dữ liệu tài chính
medium,missing_main_area,BDS-CURATED-0465,thì 120 -130 ạ 31 là kích thước sao nhỉ by Admin 01,Thiếu diện tích chính
medium,missing_planning,BDS-CURATED-0465,thì 120 -130 ạ 31 là kích thước sao nhỉ by Admin 01,Thiếu quy hoạch
medium,missing_legal,BDS-CURATED-0465,thì 120 -130 ạ 31 là kích thước sao nhỉ by Admin 01,Thiếu pháp lý
medium,missing_financial,BDS-CURATED-0465,thì 120 -130 ạ 31 là kích thước sao nhỉ by Admin 01,Thiếu dữ liệu tài chính
medium,missing_main_area,BDS-CURATED-0310,thì cách tiếp cận sẽ khác so với các PA ban đầu,Thiếu diện tích chính
medium,missing_planning,BDS-CURATED-0310,thì cách tiếp cận sẽ khác so với các PA ban đầu,Thiếu quy hoạch
medium,missing_legal,BDS-CURATED-0310,thì cách tiếp cận sẽ khác so với các PA ban đầu,Thiếu pháp lý
medium,missing_financial,BDS-CURATED-0310,thì cách tiếp cận sẽ khác so với các PA ban đầu,Thiếu dữ liệu tài chính
medium,missing_main_area,BDS-CURATED-0311,thì họ sẽ làm như thế nào Huy M - IM Rồi anh tính phương án thử by Admin 01,Thiếu diện tích chính
medium,missing_planning,BDS-CURATED-0311,thì họ sẽ làm như thế nào Huy M - IM Rồi anh tính phương án thử by Admin 01,Thiếu quy hoạch
medium,missing_legal,BDS-CURATED-0311,thì họ sẽ làm như thế nào Huy M - IM Rồi anh tính phương án thử by Admin 01,Thiếu pháp lý
medium,missing_financial,BDS-CURATED-0311,thì họ sẽ làm như thế nào Huy M - IM Rồi anh tính phương án thử by Admin 01,Thiếu dữ liệu tài chính
medium,missing_main_area,BDS-CURATED-0261,thì khả năng cao dự án không phải nộp thêm ạ,Thiếu diện tích chính
medium,missing_planning,BDS-CURATED-0261,thì khả năng cao dự án không phải nộp thêm ạ,Thiếu quy hoạch
medium,missing_financial,BDS-CURATED-0261,thì khả năng cao dự án không phải nộp thêm ạ,Thiếu dữ liệu tài chính
medium,missing_main_area,BDS-CURATED-0296,thông qua đấu thầu nên khả năng cao chỉ thực hiện được chuyển nhượng thông qua hình thức mua cổ phần nên,Thiếu diện tích chính
medium,missing_planning,BDS-CURATED-0296,thông qua đấu thầu nên khả năng cao chỉ thực hiện được chuyển nhượng thông qua hình thức mua cổ phần nên,Thiếu quy hoạch
medium,missing_legal,BDS-CURATED-0296,thông qua đấu thầu nên khả năng cao chỉ thực hiện được chuyển nhượng thông qua hình thức mua cổ phần nên,Thiếu pháp lý
medium,missing_financial,BDS-CURATED-0296,thông qua đấu thầu nên khả năng cao chỉ thực hiện được chuyển nhượng thông qua hình thức mua cổ phần nên,Thiếu dữ liệu tài chính
medium,missing_main_area,BDS-CURATED-0297,thương hiệu Trump đầu tiên tại Việt Nam - Tuổi Trẻ Online Chiều 21-5,Thiếu diện tích chính
medium,missing_planning,BDS-CURATED-0297,thương hiệu Trump đầu tiên tại Việt Nam - Tuổi Trẻ Online Chiều 21-5,Thiếu quy hoạch
medium,missing_legal,BDS-CURATED-0297,thương hiệu Trump đầu tiên tại Việt Nam - Tuổi Trẻ Online Chiều 21-5,Thiếu pháp lý
medium,missing_financial,BDS-CURATED-0297,thương hiệu Trump đầu tiên tại Việt Nam - Tuổi Trẻ Online Chiều 21-5,Thiếu dữ liệu tài chính
medium,missing_main_area,BDS-CURATED-0466,tiêu biểu và đang book lịch đi khảo sát thực tế thị trường về giá bán,Thiếu diện tích chính
medium,missing_legal,BDS-CURATED-0466,tiêu biểu và đang book lịch đi khảo sát thực tế thị trường về giá bán,Thiếu pháp lý
medium,missing_financial,BDS-CURATED-0466,tiêu biểu và đang book lịch đi khảo sát thực tế thị trường về giá bán,Thiếu dữ liệu tài chính
medium,missing_financial,BDS-CURATED-0141,tiếp giáp mặt tiền đường Phan Văn Hớn,Thiếu dữ liệu tài chính
medium,missing_main_area,BDS-CURATED-0262,tiền M&A nên đang bị phẩn bổ khá nhiều thời gian cho phần phân tích các dự án tiền M&A này Begin quote,Thiếu diện tích chính
medium,missing_planning,BDS-CURATED-0262,tiền M&A nên đang bị phẩn bổ khá nhiều thời gian cho phần phân tích các dự án tiền M&A này Begin quote,Thiếu quy hoạch
medium,missing_legal,BDS-CURATED-0262,tiền M&A nên đang bị phẩn bổ khá nhiều thời gian cho phần phân tích các dự án tiền M&A này Begin quote,Thiếu pháp lý
medium,missing_financial,BDS-CURATED-0262,tiền M&A nên đang bị phẩn bổ khá nhiều thời gian cho phần phân tích các dự án tiền M&A này Begin quote,Thiếu dữ liệu tài chính
medium,missing_main_area,BDS-CURATED-0467,triển khai,Thiếu diện tích chính
medium,missing_planning,BDS-CURATED-0467,triển khai,Thiếu quy hoạch
medium,missing_legal,BDS-CURATED-0467,triển khai,Thiếu pháp lý
medium,missing_financial,BDS-CURATED-0467,triển khai,Thiếu dữ liệu tài chính
medium,missing_main_area,BDS-CURATED-0220,triển khai chi tiết,Thiếu diện tích chính
medium,missing_legal,BDS-CURATED-0220,triển khai chi tiết,Thiếu pháp lý
medium,missing_financial,BDS-CURATED-0220,triển khai chi tiết,Thiếu dữ liệu tài chính
medium,missing_main_area,BDS-CURATED-0221,triển khai chưa mng Team đã trao đổi với A Sơn Trợ lý để lên list các dự án này à,Thiếu diện tích chính
medium,missing_planning,BDS-CURATED-0221,triển khai chưa mng Team đã trao đổi với A Sơn Trợ lý để lên list các dự án này à,Thiếu quy hoạch
medium,missing_financial,BDS-CURATED-0221,triển khai chưa mng Team đã trao đổi với A Sơn Trợ lý để lên list các dự án này à,Thiếu dữ liệu tài chính
medium,missing_planning,BDS-CURATED-0372,trong Khu Công Nghiệp tỉnh Vĩnh Phúc,Thiếu quy hoạch
medium,missing_financial,BDS-CURATED-0372,trong Khu Công Nghiệp tỉnh Vĩnh Phúc,Thiếu dữ liệu tài chính
medium,missing_main_area,BDS-CURATED-0298,trong kế hoạch đấu giá năm 2026 trên địa bàn tỉnh Đồng Nai,Thiếu diện tích chính
medium,missing_planning,BDS-CURATED-0298,trong kế hoạch đấu giá năm 2026 trên địa bàn tỉnh Đồng Nai,Thiếu quy hoạch
medium,missing_financial,BDS-CURATED-0298,trong kế hoạch đấu giá năm 2026 trên địa bàn tỉnh Đồng Nai,Thiếu dữ liệu tài chính
medium,missing_financial,BDS-CURATED-0121,trong thời gian khai thác kinh doanh,Thiếu dữ liệu tài chính
medium,missing_main_area,BDS-CURATED-0263,trên có diện tích,Thiếu diện tích chính
medium,missing_planning,BDS-CURATED-0263,trên có diện tích,Thiếu quy hoạch
medium,missing_financial,BDS-CURATED-0263,trên có diện tích,Thiếu dữ liệu tài chính
medium,missing_financial,BDS-CURATED-0157,trên có diện tích hơn 77ha,Thiếu dữ liệu tài chính
medium,missing_main_area,BDS-CURATED-0299,trên đã có các nhà đàu tư đăng ký tham gia đấu thầu,Thiếu diện tích chính
medium,missing_planning,BDS-CURATED-0299,trên đã có các nhà đàu tư đăng ký tham gia đấu thầu,Thiếu quy hoạch
medium,missing_legal,BDS-CURATED-0299,trên đã có các nhà đàu tư đăng ký tham gia đấu thầu,Thiếu pháp lý
medium,missing_financial,BDS-CURATED-0299,trên đã có các nhà đàu tư đăng ký tham gia đấu thầu,Thiếu dữ liệu tài chính
medium,missing_main_area,BDS-CURATED-0222,trước năm 2024 đúng thật là thấy giá chung cư của HN thấy thấp hơn SG nếu nhìn vị trí có tính tương đương,Thiếu diện tích chính
medium,missing_planning,BDS-CURATED-0222,trước năm 2024 đúng thật là thấy giá chung cư của HN thấy thấp hơn SG nếu nhìn vị trí có tính tương đương,Thiếu quy hoạch
medium,missing_legal,BDS-CURATED-0222,trước năm 2024 đúng thật là thấy giá chung cư của HN thấy thấp hơn SG nếu nhìn vị trí có tính tương đương,Thiếu pháp lý
medium,missing_financial,BDS-CURATED-0222,trước năm 2024 đúng thật là thấy giá chung cư của HN thấy thấp hơn SG nếu nhìn vị trí có tính tương đương,Thiếu dữ liệu tài chính
medium,missing_legal,BDS-CURATED-0122,tuy có bãi biển đẹp,Thiếu pháp lý
medium,missing_financial,BDS-CURATED-0122,tuy có bãi biển đẹp,Thiếu dữ liệu tài chính
medium,missing_main_area,BDS-CURATED-0178,tuy nhiên,Thiếu diện tích chính
medium,missing_financial,BDS-CURATED-0178,tuy nhiên,Thiếu dữ liệu tài chính
medium,missing_main_area,BDS-CURATED-0300,tuy đạt hiệu quả đầu tư về mặt tính t,Thiếu diện tích chính
medium,missing_planning,BDS-CURATED-0300,tuy đạt hiệu quả đầu tư về mặt tính t,Thiếu quy hoạch
medium,missing_legal,BDS-CURATED-0300,tuy đạt hiệu quả đầu tư về mặt tính t,Thiếu pháp lý
medium,missing_financial,BDS-CURATED-0300,tuy đạt hiệu quả đầu tư về mặt tính t,Thiếu dữ liệu tài chính
medium,missing_main_area,BDS-CURATED-0179,tuy đạt hiệu quả đầu tư về mặt tính toán nhưng sẽ bị vướng mắc về Pháp lý đất (đất SKC bị hết hạn,Thiếu diện tích chính
medium,missing_financial,BDS-CURATED-0179,tuy đạt hiệu quả đầu tư về mặt tính toán nhưng sẽ bị vướng mắc về Pháp lý đất (đất SKC bị hết hạn,Thiếu dữ liệu tài chính
medium,missing_planning,BDS-CURATED-0388,tại 02 Tây Thạnh,Thiếu quy hoạch
medium,missing_financial,BDS-CURATED-0388,tại 02 Tây Thạnh,Thiếu dữ liệu tài chính
medium,missing_main_area,BDS-CURATED-0468,tại các tỉnh phía Bắc,Thiếu diện tích chính
medium,missing_planning,BDS-CURATED-0468,tại các tỉnh phía Bắc,Thiếu quy hoạch
medium,missing_legal,BDS-CURATED-0468,tại các tỉnh phía Bắc,Thiếu pháp lý
medium,missing_financial,BDS-CURATED-0468,tại các tỉnh phía Bắc,Thiếu dữ liệu tài chính
medium,missing_main_area,BDS-CURATED-0301,tại Đà Lạt vào ngày 09-11,Thiếu diện tích chính
medium,missing_planning,BDS-CURATED-0301,tại Đà Lạt vào ngày 09-11,Thiếu quy hoạch
medium,missing_legal,BDS-CURATED-0301,tại Đà Lạt vào ngày 09-11,Thiếu pháp lý
medium,missing_financial,BDS-CURATED-0301,tại Đà Lạt vào ngày 09-11,Thiếu dữ liệu tài chính
medium,missing_financial,BDS-CURATED-0352,tọa lạc,Thiếu dữ liệu tài chính
medium,missing_legal,BDS-CURATED-0045,từ đường Đặng Văn Trơn và giá chào đã bao gồm phần đất này,Thiếu pháp lý
medium,missing_main_area,BDS-CURATED-0426,và thị trường khu vực,Thiếu diện tích chính
medium,missing_legal,BDS-CURATED-0426,và thị trường khu vực,Thiếu pháp lý
medium,missing_financial,BDS-CURATED-0426,và thị trường khu vực,Thiếu dữ liệu tài chính
medium,missing_main_area,BDS-CURATED-0469,vào list theo dõi,Thiếu diện tích chính
medium,missing_planning,BDS-CURATED-0469,vào list theo dõi,Thiếu quy hoạch
medium,missing_legal,BDS-CURATED-0469,vào list theo dõi,Thiếu pháp lý
medium,missing_financial,BDS-CURATED-0469,vào list theo dõi,Thiếu dữ liệu tài chính
medium,missing_main_area,BDS-CURATED-0264,với A Sơn Trợ lý sau đó sẽ báo cáo BLĐ tính khả thi của dự án,Thiếu diện tích chính
medium,missing_planning,BDS-CURATED-0264,với A Sơn Trợ lý sau đó sẽ báo cáo BLĐ tính khả thi của dự án,Thiếu quy hoạch
medium,missing_legal,BDS-CURATED-0264,với A Sơn Trợ lý sau đó sẽ báo cáo BLĐ tính khả thi của dự án,Thiếu pháp lý
medium,missing_financial,BDS-CURATED-0264,với A Sơn Trợ lý sau đó sẽ báo cáo BLĐ tính khả thi của dự án,Thiếu dữ liệu tài chính
medium,missing_main_area,BDS-CURATED-0223,xung quanh,Thiếu diện tích chính
medium,missing_legal,BDS-CURATED-0223,xung quanh,Thiếu pháp lý
medium,missing_financial,BDS-CURATED-0223,xung quanh,Thiếu dữ liệu tài chính
medium,missing_main_area,BDS-CURATED-0470,xung quanh do phòng R&D tổng hợp,Thiếu diện tích chính
medium,missing_planning,BDS-CURATED-0470,xung quanh do phòng R&D tổng hợp,Thiếu quy hoạch
medium,missing_legal,BDS-CURATED-0470,xung quanh do phòng R&D tổng hợp,Thiếu pháp lý
medium,missing_financial,BDS-CURATED-0470,xung quanh do phòng R&D tổng hợp,Thiếu dữ liệu tài chính
medium,missing_main_area,BDS-CURATED-0471,à Begin quote,Thiếu diện tích chính
medium,missing_planning,BDS-CURATED-0471,à Begin quote,Thiếu quy hoạch
medium,missing_legal,BDS-CURATED-0471,à Begin quote,Thiếu pháp lý
medium,missing_financial,BDS-CURATED-0471,à Begin quote,Thiếu dữ liệu tài chính
medium,missing_main_area,BDS-CURATED-0265,Đà Nẵng,Thiếu diện tích chính
medium,missing_planning,BDS-CURATED-0265,Đà Nẵng,Thiếu quy hoạch
medium,missing_legal,BDS-CURATED-0265,Đà Nẵng,Thiếu pháp lý
medium,missing_financial,BDS-CURATED-0265,Đà Nẵng,Thiếu dữ liệu tài chính
medium,missing_main_area,BDS-CURATED-0266,Đà Nẵng thì liên hệ A Tịnh,Thiếu diện tích chính
medium,missing_planning,BDS-CURATED-0266,Đà Nẵng thì liên hệ A Tịnh,Thiếu quy hoạch
medium,missing_financial,BDS-CURATED-0266,Đà Nẵng thì liên hệ A Tịnh,Thiếu dữ liệu tài chính
medium,missing_main_area,BDS-CURATED-0428,Đầu tư xây dựng đường Cao tốc TP,Thiếu diện tích chính
medium,missing_planning,BDS-CURATED-0428,Đầu tư xây dựng đường Cao tốc TP,Thiếu quy hoạch
medium,missing_legal,BDS-CURATED-0428,Đầu tư xây dựng đường Cao tốc TP,Thiếu pháp lý
medium,missing_financial,BDS-CURATED-0428,Đầu tư xây dựng đường Cao tốc TP,Thiếu dữ liệu tài chính
medium,missing_legal,BDS-CURATED-0360,đang vận hành có hệ số nén 0,Thiếu pháp lý
medium,missing_main_area,BDS-CURATED-0224,đang vận hành của Tập đoàn là 5% -8%,Thiếu diện tích chính
medium,missing_planning,BDS-CURATED-0224,đang vận hành của Tập đoàn là 5% -8%,Thiếu quy hoạch
medium,missing_legal,BDS-CURATED-0224,đang vận hành của Tập đoàn là 5% -8%,Thiếu pháp lý
medium,missing_financial,BDS-CURATED-0224,đang vận hành của Tập đoàn là 5% -8%,Thiếu dữ liệu tài chính
medium,missing_main_area,BDS-CURATED-0267,đang ở giai đoạn đ,Thiếu diện tích chính
medium,missing_planning,BDS-CURATED-0267,đang ở giai đoạn đ,Thiếu quy hoạch
medium,missing_financial,BDS-CURATED-0267,đang ở giai đoạn đ,Thiếu dữ liệu tài chính
medium,missing_main_area,BDS-CURATED-0268,đang ở giai đoạn đóng tiền sử dụng đất,Thiếu diện tích chính
medium,missing_planning,BDS-CURATED-0268,đang ở giai đoạn đóng tiền sử dụng đất,Thiếu quy hoạch
medium,missing_financial,BDS-CURATED-0268,đang ở giai đoạn đóng tiền sử dụng đất,Thiếu dữ liệu tài chính
medium,missing_planning,BDS-CURATED-0373,đầu tư xây dựng Cao ốc căn hộ Hạnh Phúc,Thiếu quy hoạch
medium,missing_financial,BDS-CURATED-0373,đầu tư xây dựng Cao ốc căn hộ Hạnh Phúc,Thiếu dữ liệu tài chính
medium,missing_main_area,BDS-CURATED-0374,đã có sổ riêng từng nền,Thiếu diện tích chính
medium,missing_financial,BDS-CURATED-0374,đã có sổ riêng từng nền,Thiếu dữ liệu tài chính
medium,missing_main_area,BDS-CURATED-0375,đã và đang thực hiện trên BCTC,Thiếu diện tích chính
medium,missing_planning,BDS-CURATED-0375,đã và đang thực hiện trên BCTC,Thiếu quy hoạch
medium,missing_main_area,BDS-CURATED-0472,đã xong phần đất,Thiếu diện tích chính
medium,missing_planning,BDS-CURATED-0472,đã xong phần đất,Thiếu quy hoạch
medium,missing_legal,BDS-CURATED-0472,đã xong phần đất,Thiếu pháp lý
medium,missing_financial,BDS-CURATED-0472,đã xong phần đất,Thiếu dữ liệu tài chính
medium,missing_main_area,BDS-CURATED-0312,đã được đưa vào danh sách thí điểm 171 Số thự tự 41,Thiếu diện tích chính
medium,missing_planning,BDS-CURATED-0312,đã được đưa vào danh sách thí điểm 171 Số thự tự 41,Thiếu quy hoạch
medium,missing_legal,BDS-CURATED-0312,đã được đưa vào danh sách thí điểm 171 Số thự tự 41,Thiếu pháp lý
medium,missing_financial,BDS-CURATED-0312,đã được đưa vào danh sách thí điểm 171 Số thự tự 41,Thiếu dữ liệu tài chính
medium,missing_financial,BDS-CURATED-0123,được chuyển tiếp từ kế hoạch 2025 và có bổ sung thêm những khu đất tiềm năng khác,Thiếu dữ liệu tài chính
medium,missing_main_area,BDS-CURATED-0269,được tính bằng cách lấy tổng doanh thu trừ các chi phí vận hành trực tiếp (như chi phí phòng,Thiếu diện tích chính
medium,missing_planning,BDS-CURATED-0269,được tính bằng cách lấy tổng doanh thu trừ các chi phí vận hành trực tiếp (như chi phí phòng,Thiếu quy hoạch
medium,missing_legal,BDS-CURATED-0269,được tính bằng cách lấy tổng doanh thu trừ các chi phí vận hành trực tiếp (như chi phí phòng,Thiếu pháp lý
medium,missing_financial,BDS-CURATED-0269,được tính bằng cách lấy tổng doanh thu trừ các chi phí vận hành trực tiếp (như chi phí phòng,Thiếu dữ liệu tài chính
medium,missing_main_area,BDS-CURATED-0142,được tính tiền sử dụng đất theo phương pháp thặng dự,Thiếu diện tích chính
medium,missing_planning,BDS-CURATED-0142,được tính tiền sử dụng đất theo phương pháp thặng dự,Thiếu quy hoạch
medium,missing_main_area,BDS-CURATED-0303,được xác định bằng giá vốn ban đầu,Thiếu diện tích chính
medium,missing_planning,BDS-CURATED-0303,được xác định bằng giá vốn ban đầu,Thiếu quy hoạch
medium,missing_legal,BDS-CURATED-0303,được xác định bằng giá vốn ban đầu,Thiếu pháp lý
medium,missing_financial,BDS-CURATED-0303,được xác định bằng giá vốn ban đầu,Thiếu dữ liệu tài chính
medium,missing_financial,BDS-CURATED-0097,được đề xuất nghiên cứu đầu tư tại huyện Giao Thuỷ,Thiếu dữ liệu tài chính
medium,missing_main_area,BDS-CURATED-0143,đạt hiệu quả LNTT/TMĐT ~ >=20% ở khung từ giá bán bình quân chưa VAT đạt từ 75 triệu/m2 trở lên chi phí đầu tư,Thiếu diện tích chính
medium,missing_planning,BDS-CURATED-0143,đạt hiệu quả LNTT/TMĐT ~ >=20% ở khung từ giá bán bình quân chưa VAT đạt từ 75 triệu/m2 trở lên chi phí đầu tư,Thiếu quy hoạch
medium,missing_main_area,BDS-CURATED-0180,đạt hiệu quả với giá mua dự án ở khoảng 17 triệu đồng/m2 ~ ngưỡng giá mua dự án 520 tỷ đồng,Thiếu diện tích chính
medium,missing_planning,BDS-CURATED-0180,đạt hiệu quả với giá mua dự án ở khoảng 17 triệu đồng/m2 ~ ngưỡng giá mua dự án 520 tỷ đồng,Thiếu quy hoạch
medium,missing_legal,BDS-CURATED-0180,đạt hiệu quả với giá mua dự án ở khoảng 17 triệu đồng/m2 ~ ngưỡng giá mua dự án 520 tỷ đồng,Thiếu pháp lý
medium,missing_main_area,BDS-CURATED-0144,đạt tỷ lệ LNTT/TMĐT 15% ~ 290 tỷ đồng ~ đơn giá 137,Thiếu diện tích chính
medium,missing_planning,BDS-CURATED-0144,đạt tỷ lệ LNTT/TMĐT 15% ~ 290 tỷ đồng ~ đơn giá 137,Thiếu quy hoạch
medium,missing_legal,BDS-CURATED-0144,đạt tỷ lệ LNTT/TMĐT 15% ~ 290 tỷ đồng ~ đơn giá 137,Thiếu pháp lý
medium,missing_planning,BDS-CURATED-0098,đấu giá 77ha,Thiếu quy hoạch
medium,missing_financial,BDS-CURATED-0225,đấu thầu,Thiếu dữ liệu tài chính
medium,missing_planning,BDS-CURATED-0429,đấu thầu 386ha - N,Thiếu quy hoạch
medium,missing_legal,BDS-CURATED-0429,đấu thầu 386ha - N,Thiếu pháp lý
medium,missing_financial,BDS-CURATED-0429,đấu thầu 386ha - N,Thiếu dữ liệu tài chính
medium,missing_planning,BDS-CURATED-0270,đấu thầu 386ha - Nhơn Trạch,Thiếu quy hoạch
medium,missing_legal,BDS-CURATED-0270,đấu thầu 386ha - Nhơn Trạch,Thiếu pháp lý
medium,missing_financial,BDS-CURATED-0270,đấu thầu 386ha - Nhơn Trạch,Thiếu dữ liệu tài chính
medium,missing_legal,BDS-CURATED-0181,đấu thầu tại Nhơn Trạch,Thiếu pháp lý
medium,missing_financial,BDS-CURATED-0181,đấu thầu tại Nhơn Trạch,Thiếu dữ liệu tài chính
medium,missing_legal,BDS-CURATED-0389,đấu thầu tại Đà Nẵng,Thiếu pháp lý
medium,missing_financial,BDS-CURATED-0389,đấu thầu tại Đà Nẵng,Thiếu dữ liệu tài chính
medium,missing_main_area,BDS-CURATED-0376,đầu tư,Thiếu diện tích chính
medium,missing_planning,BDS-CURATED-0376,đầu tư,Thiếu quy hoạch
medium,missing_legal,BDS-CURATED-0376,đầu tư,Thiếu pháp lý
medium,missing_financial,BDS-CURATED-0376,đầu tư,Thiếu dữ liệu tài chính
medium,missing_main_area,BDS-CURATED-0473,đề xuất quan tâm theo file đính kèm,Thiếu diện tích chính
medium,missing_planning,BDS-CURATED-0473,đề xuất quan tâm theo file đính kèm,Thiếu quy hoạch
medium,missing_legal,BDS-CURATED-0473,đề xuất quan tâm theo file đính kèm,Thiếu pháp lý
medium,missing_financial,BDS-CURATED-0473,đề xuất quan tâm theo file đính kèm,Thiếu dữ liệu tài chính
medium,missing_main_area,BDS-CURATED-0474,để nuôi sale nên chốt mua luôn ạ,Thiếu diện tích chính
medium,missing_planning,BDS-CURATED-0474,để nuôi sale nên chốt mua luôn ạ,Thiếu quy hoạch
medium,missing_legal,BDS-CURATED-0474,để nuôi sale nên chốt mua luôn ạ,Thiếu pháp lý
medium,missing_financial,BDS-CURATED-0474,để nuôi sale nên chốt mua luôn ạ,Thiếu dữ liệu tài chính
medium,missing_main_area,BDS-CURATED-0430,định giá Link vị trí,Thiếu diện tích chính
medium,missing_planning,BDS-CURATED-0430,định giá Link vị trí,Thiếu quy hoạch
medium,missing_legal,BDS-CURATED-0430,định giá Link vị trí,Thiếu pháp lý
medium,missing_financial,BDS-CURATED-0430,định giá Link vị trí,Thiếu dữ liệu tài chính
medium,missing_planning,BDS-CURATED-0226,đối diện hiện tại là giá chào của khách lẻ,Thiếu quy hoạch
medium,missing_legal,BDS-CURATED-0226,đối diện hiện tại là giá chào của khách lẻ,Thiếu pháp lý
medium,missing_financial,BDS-CURATED-0226,đối diện hiện tại là giá chào của khách lẻ,Thiếu dữ liệu tài chính
medium,missing_main_area,BDS-CURATED-0227,ạ! Về phần diện tích đất cũng same same với nh,Thiếu diện tích chính
medium,missing_planning,BDS-CURATED-0227,ạ! Về phần diện tích đất cũng same same với nh,Thiếu quy hoạch
medium,missing_legal,BDS-CURATED-0227,ạ! Về phần diện tích đất cũng same same với nh,Thiếu pháp lý
medium,missing_financial,BDS-CURATED-0227,ạ! Về phần diện tích đất cũng same same với nh,Thiếu dữ liệu tài chính
medium,missing_main_area,BDS-CURATED-0271,ở Thái à Bên Thái tuần này đang trong thời gian nghỉ,Thiếu diện tích chính
medium,missing_planning,BDS-CURATED-0271,ở Thái à Bên Thái tuần này đang trong thời gian nghỉ,Thiếu quy hoạch
medium,missing_legal,BDS-CURATED-0271,ở Thái à Bên Thái tuần này đang trong thời gian nghỉ,Thiếu pháp lý
medium,missing_financial,BDS-CURATED-0271,ở Thái à Bên Thái tuần này đang trong thời gian nghỉ,Thiếu dữ liệu tài chính
medium,missing_main_area,BDS-CURATED-0272,ở khu Long Phước,Thiếu diện tích chính
medium,missing_planning,BDS-CURATED-0272,ở khu Long Phước,Thiếu quy hoạch
medium,missing_legal,BDS-CURATED-0272,ở khu Long Phước,Thiếu pháp lý
medium,missing_financial,BDS-CURATED-0272,ở khu Long Phước,Thiếu dữ liệu tài chính
medium,missing_main_area,BDS-CURATED-0273,ở vị trí khác nên phương án kinh doanh đưa lên không còn chính xác,Thiếu diện tích chính
medium,missing_planning,BDS-CURATED-0273,ở vị trí khác nên phương án kinh doanh đưa lên không còn chính xác,Thiếu quy hoạch
medium,missing_legal,BDS-CURATED-0273,ở vị trí khác nên phương án kinh doanh đưa lên không còn chính xác,Thiếu pháp lý
medium,missing_financial,BDS-CURATED-0273,ở vị trí khác nên phương án kinh doanh đưa lên không còn chính xác,Thiếu dữ liệu tài chính
medium,missing_main_area,BDS-CURATED-0475,📄 File,Thiếu diện tích chính
medium,missing_planning,BDS-CURATED-0475,📄 File,Thiếu quy hoạch
medium,missing_legal,BDS-CURATED-0475,📄 File,Thiếu pháp lý
medium,missing_financial,BDS-CURATED-0475,📄 File,Thiếu dữ liệu tài chính
medium,missing_legal,BDS-CURATED-0401,📷 2,Thiếu pháp lý
medium,missing_financial,BDS-CURATED-0401,📷 2,Thiếu dữ liệu tài chính
