master_id,project_name,query,priority,latest_report_date,sample_excerpt,google_maps_search_url
BDS-MASTER-0096,168ha gần Khu Đa,"của quỹ đất, cụ thể: Vị trí và hiện trang: Hẻm đường Quốc lộ 50, xã Phong Phú, Huyện Bình Chánh, TPHCM, cách quốc lộ 50 khoảng 1.4km, có 3.7km tiếp giáp với sông rạch, cách trung tâm Q1 TPHCM khoảng 18km Quỹ đất kết nối, 168ha gần Khu Đa, TPHCM",10,2022-07-19,"[2022-07-19] Trieu Nguyen-PTDT 7/19/2022 5:50 PM Em gửi anh Tuan Tran-CEO báo cáo nhanh quỹ đất 168ha tại xã Phong Phú, H. Bình Chánh, TPHCM với giá chào 2.5tr/m2, vì chưa được cung cấp hồ sơ pháp lý nên KĐT đánh gia nhanh về thị trường và vị trí của quỹ đất, cụ thể: Vị trí và hiện trang: Hẻm đường Quốc lộ 50, xã Phong Phú, Huyện Bình Chánh, TPHCM, cách quốc lộ 50 khoảng 1.4km, có 3.7km tiếp giáp với sông rạch, cách trung tâm Q1 TPHCM khoảng 18km Quỹ đất kết nối với đường Quốc lộ 50 thông qua 2 ",https://www.google.com/maps/search/c%E1%BB%A7a+qu%E1%BB%B9+%C4%91%E1%BA%A5t%2C+c%E1%BB%A5+th%E1%BB%83%3A+V%E1%BB%8B+tr%C3%AD+v%C3%A0+hi%E1%BB%87n+trang%3A+H%E1%BA%BBm+%C4%91%C6%B0%E1%BB%9Dng+Qu%E1%BB%91c+l%E1%BB%99+50%2C+x%C3%A3+Phong+Ph%C3%BA%2C+Huy%E1%BB%87n+B%C3%ACnh+Ch%C3%A1nh%2C+TPHCM%2C+c%C3%A1ch+qu%E1%BB%91c+l%E1%BB%99+50+kho%E1%BA%A3ng+1.4km%2C+c%C3%B3+3.7km+ti%E1%BA%BFp+gi%C3%A1p+v%E1%BB%9Bi+s%C3%B4ng+r%E1%BA%A1ch%2C+c%C3%A1ch+trung+t%C3%A2m+Q1+TPHCM+kho%E1%BA%A3ng+18km+Qu%E1%BB%B9+%C4%91%E1%BA%A5t+k%E1%BA%BFt+n%E1%BB%91i%2C+168ha+g%E1%BA%A7n+Khu+%C4%90a%2C+TPHCM
BDS-MASTER-0100,4ha Thị xã Phú Mỹ với tổng diện tích đất thực hiện dự án là 4,"dự án có nhiều tiềm năng: - Dự án tiếp giáp 2 mặt tiền đường hiện hữu: + Mặt tiền tiếp giáp khoảng 110m, giáp đường Quốc lộ 51, đường nhựa rộng khoảng 46m. + Mặt tiền tiếp giáp đường khoảng 78,7m, giáp đường Hùng Vương đ, 4ha Thị xã Phú Mỹ với tổng diện tích đất thực hiện dự án là 4, Long Thành, Bà Rịa – Vũng Tàu: Vị trí dự án có nhiều tiềm năng: - Dự án tiếp giáp 2 mặt tiền đường hiện hữu: + Mặt tiền tiếp giáp khoảng 110m",10,2022-08-26,"[] Báo cáo Dự án 4ha Thị xã Phú Mỹ với tổng diện tích đất thực hiện dự án là 4,4ha (giá chào bán 600 tỷ tương đương 13,4 tr/m2) tại 2 mặt tiền đường Quốc lộ 51 và đường Hùng Vương thuộc Phường Tân Phước, Thị xã Phú Mỹ, tỉnh Bà Rịa – Vũng Tàu: Vị trí dự án có nhiều tiềm năng: - Dự án tiếp giáp 2 mặt tiền đường hiện hữu: + Mặt tiền tiếp giáp khoảng 110m, giáp đường Quốc lộ 51, đường nhựa rộng khoảng 46m. + Mặt tiền tiếp giáp đường khoảng 78,7m, giáp đường Hùng Vương đường nhựa rộng khoảng 25m",https://www.google.com/maps/search/d%E1%BB%B1+%C3%A1n+c%C3%B3+nhi%E1%BB%81u+ti%E1%BB%81m+n%C4%83ng%3A+-+D%E1%BB%B1+%C3%A1n+ti%E1%BA%BFp+gi%C3%A1p+2+m%E1%BA%B7t+ti%E1%BB%81n+%C4%91%C6%B0%E1%BB%9Dng+hi%E1%BB%87n+h%E1%BB%AFu%3A+%2B+M%E1%BA%B7t+ti%E1%BB%81n+ti%E1%BA%BFp+gi%C3%A1p+kho%E1%BA%A3ng+110m%2C+gi%C3%A1p+%C4%91%C6%B0%E1%BB%9Dng+Qu%E1%BB%91c+l%E1%BB%99+51%2C+%C4%91%C6%B0%E1%BB%9Dng+nh%E1%BB%B1a+r%E1%BB%99ng+kho%E1%BA%A3ng+46m.+%2B+M%E1%BA%B7t+ti%E1%BB%81n+ti%E1%BA%BFp+gi%C3%A1p+%C4%91%C6%B0%E1%BB%9Dng+kho%E1%BA%A3ng+78%2C7m%2C+gi%C3%A1p+%C4%91%C6%B0%E1%BB%9Dng+H%C3%B9ng+V%C6%B0%C6%A1ng+%C4%91%2C+4ha+Th%E1%BB%8B+x%C3%A3+Ph%C3%BA+M%E1%BB%B9+v%E1%BB%9Bi+t%E1%BB%95ng+di%E1%BB%87n+t%C3%ADch+%C4%91%E1%BA%A5t+th%E1%BB%B1c+hi%E1%BB%87n+d%E1%BB%B1+%C3%A1n+l%C3%A0+4%2C+Long+Th%C3%A0nh%2C+B%C3%A0+R%E1%BB%8Ba+%E2%80%93+V%C5%A9ng+T%C3%A0u%3A+V%E1%BB%8B+tr%C3%AD+d%E1%BB%B1+%C3%A1n+c%C3%B3+nhi%E1%BB%81u+ti%E1%BB%81m+n%C4%83ng%3A+-+D%E1%BB%B1+%C3%A1n+ti%E1%BA%BFp+gi%C3%A1p+2+m%E1%BA%B7t+ti%E1%BB%81n+%C4%91%C6%B0%E1%BB%9Dng+hi%E1%BB%87n+h%E1%BB%AFu%3A+%2B+M%E1%BA%B7t+ti%E1%BB%81n+ti%E1%BA%BFp+gi%C3%A1p+kho%E1%BA%A3ng+110m
BDS-MASTER-0151,50ha thuộc huyện Vĩnh Tường – Yên Lạc,"và hiện trạng: • Dự án nằm trên trục đường QL2C (trục đường gồm 2 làn oto, 2 làn xe máy), cách TP. Vĩnh Yên khoảng 10km và nằm đoạn giữa đường Vành đai 3 (định đướng hoàn thành vào 2030) và Vành đai 4 (chưa có thông tin, 50ha thuộc huyện Vĩnh Tường – Yên Lạc, Vĩnh Phúc",10,2024-12-16,"[2024-12-16] Huy M - IM 12/16/2024 5:48 PM Translate KĐT gửi anh @Tuan @Tran-CEO báo cáo dự án 50ha thuộc huyện Vĩnh Tường – Yên Lạc, tỉnh Vĩnh Phúc: 1) Vị trí và hiện trạng: • Dự án nằm trên trục đường QL2C (trục đường gồm 2 làn oto, 2 làn xe máy), cách TP. Vĩnh Yên khoảng 10km và nằm đoạn giữa đường Vành đai 3 (định đướng hoàn thành vào 2030) và Vành đai 4 (chưa có thông tin cụ thể) tỉnh Vĩnh Phúc. • Hiện trạng: Đang xin chủ trương tỉnh uỷ về việc đấu thầu thực hiện dự án. Đơn giá bồi thường ư",https://www.google.com/maps/search/v%C3%A0+hi%E1%BB%87n+tr%E1%BA%A1ng%3A+%E2%80%A2+D%E1%BB%B1+%C3%A1n+n%E1%BA%B1m+tr%C3%AAn+tr%E1%BB%A5c+%C4%91%C6%B0%E1%BB%9Dng+QL2C+%28tr%E1%BB%A5c+%C4%91%C6%B0%E1%BB%9Dng+g%E1%BB%93m+2+l%C3%A0n+oto%2C+2+l%C3%A0n+xe+m%C3%A1y%29%2C+c%C3%A1ch+TP.+V%C4%A9nh+Y%C3%AAn+kho%E1%BA%A3ng+10km+v%C3%A0+n%E1%BA%B1m+%C4%91o%E1%BA%A1n+gi%E1%BB%AFa+%C4%91%C6%B0%E1%BB%9Dng+V%C3%A0nh+%C4%91ai+3+%28%C4%91%E1%BB%8Bnh+%C4%91%C6%B0%E1%BB%9Bng+ho%C3%A0n+th%C3%A0nh+v%C3%A0o+2030%29+v%C3%A0+V%C3%A0nh+%C4%91ai+4+%28ch%C6%B0a+c%C3%B3+th%C3%B4ng+tin%2C+50ha+thu%E1%BB%99c+huy%E1%BB%87n+V%C4%A9nh+T%C6%B0%E1%BB%9Dng+%E2%80%93+Y%C3%AAn+L%E1%BA%A1c%2C+V%C4%A9nh+Ph%C3%BAc
BDS-MASTER-0101,54ha liền kề sân bay Phan Thiết có giá chào 860-900 tỷ,"và hạ tầng giao thông kết nối - Dự án nằm sát cảng hàng không nội địa Phan Thiết đang trong giai đoạn hoàn thành Chủ trương đầu tư, đã hoàn thành công tác đền bù và giải phóng mặt bằng, phục vụ dân dụng và quốc phòng - D, 54ha liền kề sân bay Phan Thiết có giá chào 860-900 tỷ, Long Thành, Đồng Nai",10,2022-08-11,"[2022-08-11] Trieu Nguyen-PTDT 8/11/2022 12:10 PM Edited KĐT gửi anh Tuan Tran-CEO báo cáo dự án 54ha liền kề sân bay Phan Thiết có giá chào 860-900 tỷ: Vị trí và hạ tầng giao thông kết nối - Dự án nằm sát cảng hàng không nội địa Phan Thiết đang trong giai đoạn hoàn thành Chủ trương đầu tư, đã hoàn thành công tác đền bù và giải phóng mặt bằng, phục vụ dân dụng và quốc phòng - Dự án nằm tiếp giáp đường 715, là tuyến đường kết nối đến đường Võ Nguyên Giáp - tuyến đường chính chạy về thành phố Phan",https://www.google.com/maps/search/v%C3%A0+h%E1%BA%A1+t%E1%BA%A7ng+giao+th%C3%B4ng+k%E1%BA%BFt+n%E1%BB%91i+-+D%E1%BB%B1+%C3%A1n+n%E1%BA%B1m+s%C3%A1t+c%E1%BA%A3ng+h%C3%A0ng+kh%C3%B4ng+n%E1%BB%99i+%C4%91%E1%BB%8Ba+Phan+Thi%E1%BA%BFt+%C4%91ang+trong+giai+%C4%91o%E1%BA%A1n+ho%C3%A0n+th%C3%A0nh+Ch%E1%BB%A7+tr%C6%B0%C6%A1ng+%C4%91%E1%BA%A7u+t%C6%B0%2C+%C4%91%C3%A3+ho%C3%A0n+th%C3%A0nh+c%C3%B4ng+t%C3%A1c+%C4%91%E1%BB%81n+b%C3%B9+v%C3%A0+gi%E1%BA%A3i+ph%C3%B3ng+m%E1%BA%B7t+b%E1%BA%B1ng%2C+ph%E1%BB%A5c+v%E1%BB%A5+d%C3%A2n+d%E1%BB%A5ng+v%C3%A0+qu%E1%BB%91c+ph%C3%B2ng+-+D%2C+54ha+li%E1%BB%81n+k%E1%BB%81+s%C3%A2n+bay+Phan+Thi%E1%BA%BFt+c%C3%B3+gi%C3%A1+ch%C3%A0o+860-900+t%E1%BB%B7%2C+Long+Th%C3%A0nh%2C+%C4%90%E1%BB%93ng+Nai
BDS-MASTER-0103,8029 m2 tại Mỹ Phước - Tân Vạn,"và hiện trạng: - Hiện trạng dự án là bãi đất trống tọa lạc tại Đường Mỹ Phước - Tân Vạn, Thuận Giao, Thuận An, Tỉnh Bình Dương với bề rộng khoảng 60 mét. 2) Pháp lý đất: - GCN QSDĐ với Số vào sổ CT80867, MĐSD đất cơ sở s, 8029 m2 tại Mỹ Phước - Tân Vạn, Thuận Giao, Bình Dương",10,2022-07-28,"[2022-07-28] Thao L - INVT 7/28/2022 5:04 PM B/ Dự án 8029 m2 tại Mỹ Phước - Tân Vạn, Thuận Giao, Thuận An, Tỉnh Bình Dương với giá chào 200 tỷ ( 24.9 tr/m2) 1) Vị trí và hiện trạng: - Hiện trạng dự án là bãi đất trống tọa lạc tại Đường Mỹ Phước - Tân Vạn, Thuận Giao, Thuận An, Tỉnh Bình Dương với bề rộng khoảng 60 mét. 2) Pháp lý đất: - GCN QSDĐ với Số vào sổ CT80867, MĐSD đất cơ sở sản xuất kinh doanh phi nông nghiệp, Thời hạn sử dụng đến 09/01/2049, Nguồn gốc nhận chuyển nhượng đất được Nhà n",https://www.google.com/maps/search/v%C3%A0+hi%E1%BB%87n+tr%E1%BA%A1ng%3A+-+Hi%E1%BB%87n+tr%E1%BA%A1ng+d%E1%BB%B1+%C3%A1n+l%C3%A0+b%C3%A3i+%C4%91%E1%BA%A5t+tr%E1%BB%91ng+t%E1%BB%8Da+l%E1%BA%A1c+t%E1%BA%A1i+%C4%90%C6%B0%E1%BB%9Dng+M%E1%BB%B9+Ph%C6%B0%E1%BB%9Bc+-+T%C3%A2n+V%E1%BA%A1n%2C+Thu%E1%BA%ADn+Giao%2C+Thu%E1%BA%ADn+An%2C+T%E1%BB%89nh+B%C3%ACnh+D%C6%B0%C6%A1ng+v%E1%BB%9Bi+b%E1%BB%81+r%E1%BB%99ng+kho%E1%BA%A3ng+60+m%C3%A9t.+2%29+Ph%C3%A1p+l%C3%BD+%C4%91%E1%BA%A5t%3A+-+GCN+QSD%C4%90+v%E1%BB%9Bi+S%E1%BB%91+v%C3%A0o+s%E1%BB%95+CT80867%2C+M%C4%90SD+%C4%91%E1%BA%A5t+c%C6%A1+s%E1%BB%9F+s%2C+8029+m2+t%E1%BA%A1i+M%E1%BB%B9+Ph%C6%B0%E1%BB%9Bc+-+T%C3%A2n+V%E1%BA%A1n%2C+Thu%E1%BA%ADn+Giao%2C+B%C3%ACnh+D%C6%B0%C6%A1ng
BDS-MASTER-0083,Bãi Container & Dịch vụ Cảng (Diện tích 31 ha) với giá chào 2 trđ/m2 tại Phước Hòa,"và kết nối, tiềm năng hạ tầng: - Dự án nằm trong khu bến cảng Cái Mép – Thị Vải (thuộc cảng biển Bà Rịa – Vũng Tàu một trong 2 cảng biển loại đặc biệt lớn nhất cả nước, cùng với Cảng biển Hải Phòng), dự án khu bến cảng C, Bãi Container & Dịch vụ Cảng (Diện tích 31 ha) với giá chào 2 trđ/m2 tại Phước Hòa, Long Thành, Bà Rịa Vũng Tàu 2",10,2022-08-09,"[2022-08-09] Quy Vo-PTDT 8/9/2022 2:33 PM 2. Dự án Bãi Container & Dịch vụ Cảng (Diện tích 31 ha) với giá chào 2 trđ/m2 tại Phước Hòa, Phú Mỹ, Bà Rịa Vũng Tàu 2.1 Về Pháp lý Dự án: - Dự án đã có chủ trương đầu tư, GCN quyền sử dụng đất (Đất SXKD, thời hạn đến năm 2061, thuê đất đóng tiền 1 lần), chưa có Giấy phép xây dựng. 2.2 Về vị trí và kết nối, tiềm năng hạ tầng: - Dự án nằm trong khu bến cảng Cái Mép – Thị Vải (thuộc cảng biển Bà Rịa – Vũng Tàu một trong 2 cảng biển loại đặc biệt lớn nhất c",https://www.google.com/maps/search/v%C3%A0+k%E1%BA%BFt+n%E1%BB%91i%2C+ti%E1%BB%81m+n%C4%83ng+h%E1%BA%A1+t%E1%BA%A7ng%3A+-+D%E1%BB%B1+%C3%A1n+n%E1%BA%B1m+trong+khu+b%E1%BA%BFn+c%E1%BA%A3ng+C%C3%A1i+M%C3%A9p+%E2%80%93+Th%E1%BB%8B+V%E1%BA%A3i+%28thu%E1%BB%99c+c%E1%BA%A3ng+bi%E1%BB%83n+B%C3%A0+R%E1%BB%8Ba+%E2%80%93+V%C5%A9ng+T%C3%A0u+m%E1%BB%99t+trong+2+c%E1%BA%A3ng+bi%E1%BB%83n+lo%E1%BA%A1i+%C4%91%E1%BA%B7c+bi%E1%BB%87t+l%E1%BB%9Bn+nh%E1%BA%A5t+c%E1%BA%A3+n%C6%B0%E1%BB%9Bc%2C+c%C3%B9ng+v%E1%BB%9Bi+C%E1%BA%A3ng+bi%E1%BB%83n+H%E1%BA%A3i+Ph%C3%B2ng%29%2C+d%E1%BB%B1+%C3%A1n+khu+b%E1%BA%BFn+c%E1%BA%A3ng+C%2C+B%C3%A3i+Container+%26+D%E1%BB%8Bch+v%E1%BB%A5+C%E1%BA%A3ng+%28Di%E1%BB%87n+t%C3%ADch+31+ha%29+v%E1%BB%9Bi+gi%C3%A1+ch%C3%A0o+2+tr%C4%91%2Fm2+t%E1%BA%A1i+Ph%C6%B0%E1%BB%9Bc+H%C3%B2a%2C+Long+Th%C3%A0nh%2C+B%C3%A0+R%E1%BB%8Ba+V%C5%A9ng+T%C3%A0u+2
BDS-MASTER-0152,Bất động sản khảo sát,"Xã Phú Thạnh, Huyện Nhơn Trạch, Tỉnh Đồng Nai Đường Long Thuận, P. Trường Thạnh, Quận 9, HCM Đường số 8, Phường Long Phước, Quận 9, HCM Đường số 8, Phường Long Phước, Quận 9, HCM Số 86 đường Cầu Đình, Phường Long Phước,, Bất động sản khảo sát, Q.9, Đồng Nai",10,2023-06-19,"[2023-06-19] Sinh Nguyen-Dau Tu 6/19/2023 11:02 AM K.ĐT báo cáo anh Tuan Tran-CEO về so sánh giá Diamond Island Q.9, các dự án ở P.Long Phước và Swan Park như sau: 1/ Kết nối hạ tầng giao thông 2/ Tổng hợp thông tin dự án Bất động sản khảo sát: Tên dự án Swan Park Diamond Island, Quận 9 Việt Nhân Blue Diamond Riverside Việt Nhân Long Phước 123 (Việt Nhân 1234) Saigon Garden Riverside Village Chủ đầu tư Tập đoàn CFLD – Trung Quốc & Tín Nghĩa Group Cá nhân, đơn vị PTDA Vạn Phát Đạt Công ty BĐS Việ",https://www.google.com/maps/search/X%C3%A3+Ph%C3%BA+Th%E1%BA%A1nh%2C+Huy%E1%BB%87n+Nh%C6%A1n+Tr%E1%BA%A1ch%2C+T%E1%BB%89nh+%C4%90%E1%BB%93ng+Nai+%C4%90%C6%B0%E1%BB%9Dng+Long+Thu%E1%BA%ADn%2C+P.+Tr%C6%B0%E1%BB%9Dng+Th%E1%BA%A1nh%2C+Qu%E1%BA%ADn+9%2C+HCM+%C4%90%C6%B0%E1%BB%9Dng+s%E1%BB%91+8%2C+Ph%C6%B0%E1%BB%9Dng+Long+Ph%C6%B0%E1%BB%9Bc%2C+Qu%E1%BA%ADn+9%2C+HCM+%C4%90%C6%B0%E1%BB%9Dng+s%E1%BB%91+8%2C+Ph%C6%B0%E1%BB%9Dng+Long+Ph%C6%B0%E1%BB%9Bc%2C+Qu%E1%BA%ADn+9%2C+HCM+S%E1%BB%91+86+%C4%91%C6%B0%E1%BB%9Dng+C%E1%BA%A7u+%C4%90%C3%ACnh%2C+Ph%C6%B0%E1%BB%9Dng+Long+Ph%C6%B0%E1%BB%9Bc%2C%2C+B%E1%BA%A5t+%C4%91%E1%BB%99ng+s%E1%BA%A3n+kh%E1%BA%A3o+s%C3%A1t%2C+Q.9%2C+%C4%90%E1%BB%93ng+Nai
BDS-MASTER-0184,Cao tầng 31 Trần Não,"và hiện trạng: - Dự án cao tầng với tổng diện tích đất là 5,537m2, diện tích đất phù hợp quy hoạch là 4,926.4m2. - Giá chuyển nhượng: 275 tỷ ~ 55.8tr/m2 cho 4,926.4m2, cam kết thực hiện pháp lý đến giấy phép xây dựng và, Cao tầng 31 Trần Não, Bình Dương",10,2024-12-11,"[2024-12-11] Thao L - INVT 12/11/2024 5:31 PM Edited Translate K.ĐT báo cáo anh Mr Mike1 -CEO về Chung cư Phượng Hoàng, Dĩ An, Bình Dương (Nguồn: Mr. Khôi) như sau: 1. Thông tin, vị trí và hiện trạng: - Dự án cao tầng với tổng diện tích đất là 5,537m2, diện tích đất phù hợp quy hoạch là 4,926.4m2. - Giá chuyển nhượng: 275 tỷ ~ 55.8tr/m2 cho 4,926.4m2, cam kết thực hiện pháp lý đến giấy phép xây dựng và gồm tiền chuyển đổi mục đích sử dụng đất. - Vị trí dự án t",https://www.google.com/maps/search/v%C3%A0+hi%E1%BB%87n+tr%E1%BA%A1ng%3A+-+D%E1%BB%B1+%C3%A1n+cao+t%E1%BA%A7ng+v%E1%BB%9Bi+t%E1%BB%95ng+di%E1%BB%87n+t%C3%ADch+%C4%91%E1%BA%A5t+l%C3%A0+5%2C537m2%2C+di%E1%BB%87n+t%C3%ADch+%C4%91%E1%BA%A5t+ph%C3%B9+h%E1%BB%A3p+quy+ho%E1%BA%A1ch+l%C3%A0+4%2C926.4m2.+-+Gi%C3%A1+chuy%E1%BB%83n+nh%C6%B0%E1%BB%A3ng%3A+275+t%E1%BB%B7+~+55.8tr%2Fm2+cho+4%2C926.4m2%2C+cam+k%E1%BA%BFt+th%E1%BB%B1c+hi%E1%BB%87n+ph%C3%A1p+l%C3%BD+%C4%91%E1%BA%BFn+gi%E1%BA%A5y+ph%C3%A9p+x%C3%A2y+d%E1%BB%B1ng+v%C3%A0%2C+Cao+t%E1%BA%A7ng+31+Tr%E1%BA%A7n+N%C3%A3o%2C+B%C3%ACnh+D%C6%B0%C6%A1ng
BDS-MASTER-0084,Chung cư Minh Ngọc tại đường CMT8,"và hiện trạng: Dự án nằm tại Hẻm E6, đường CMT8, P11, Q3, có mặt tiền tiếp xúc với hẻm rộng khoảng 130m Nằm cách đường CMT8 khoảng 70m, cách vòng xoay Công trường Dân Chủ khoảng 2km, cách đường Nguyễn Huệ, Q1 khoảng 5.4k, Chung cư Minh Ngọc tại đường CMT8, TPHCM",10,2022-09-19,"[2022-09-19] Trieu Nguyen-PTDT 9/19/2022 11:15 AM KĐT gửi anh Tuan Tran-CEO báo cáo dự án Chung cư Minh Ngọc tại đường CMT8, P11, Q3, TPHCM có quy mô 7234m2 và giá chào 1200 tỷ đồng (tương đương 165.86tr/m2 đất) bao gồm tiền sử dụng đất và QH 1.500, cụ thể: Vị trí và hiện trạng: Dự án nằm tại Hẻm E6, đường CMT8, P11, Q3, có mặt tiền tiếp xúc với hẻm rộng khoảng 130m Nằm cách đường CMT8 khoảng 70m, cách vòng xoay Công trường Dân Chủ khoảng 2km, cách đường Nguyễn Huệ, Q1 khoảng 5.4km, thuận tiện đ",https://www.google.com/maps/search/v%C3%A0+hi%E1%BB%87n+tr%E1%BA%A1ng%3A+D%E1%BB%B1+%C3%A1n+n%E1%BA%B1m+t%E1%BA%A1i+H%E1%BA%BBm+E6%2C+%C4%91%C6%B0%E1%BB%9Dng+CMT8%2C+P11%2C+Q3%2C+c%C3%B3+m%E1%BA%B7t+ti%E1%BB%81n+ti%E1%BA%BFp+x%C3%BAc+v%E1%BB%9Bi+h%E1%BA%BBm+r%E1%BB%99ng+kho%E1%BA%A3ng+130m+N%E1%BA%B1m+c%C3%A1ch+%C4%91%C6%B0%E1%BB%9Dng+CMT8+kho%E1%BA%A3ng+70m%2C+c%C3%A1ch+v%C3%B2ng+xoay+C%C3%B4ng+tr%C6%B0%E1%BB%9Dng+D%C3%A2n+Ch%E1%BB%A7+kho%E1%BA%A3ng+2km%2C+c%C3%A1ch+%C4%91%C6%B0%E1%BB%9Dng+Nguy%E1%BB%85n+Hu%E1%BB%87%2C+Q1+kho%E1%BA%A3ng+5.4k%2C+Chung+c%C6%B0+Minh+Ng%E1%BB%8Dc+t%E1%BA%A1i+%C4%91%C6%B0%E1%BB%9Dng+CMT8%2C+TPHCM
BDS-MASTER-0055,Chưa đặt tên,"vẫn đẹp hơn Begin quote, Admin 01, 5/11/2026 2:34 PM, T... by Thao L - INVT, Chưa đặt tên, Nhơn Trạch, Phú Quốc",10,2026-06-29,[2026-06-29] Admin 01 6/29/2026 2:38 PM Ủa mà cái này sau hướng xử lý sao nhỉ. bắt đấu giá lại hay sao ta Nếu đúng theo luật thì đất công là sẽ thu hồi đấu gía. Do bên KO họ đi theo hướng ngừoi thứ 3 ngây tình nên mặc mặc dù VKS đề nghị thu hồi nhưng HĐXX năm 2022 vẫn chưa thu hồi và vẫn tạm giao cho Cty Tân Phú nắm giữ Khu này là đối diện sygamo đúng ko by Admin 01 --- [2026-06-11] Admin 01 6/11/2026 3:09 PM Cái 120 tỷ đó có cách nào check chính xác đc ko Cái này chắc nhờ A Minh rà trên các cơ ,https://www.google.com/maps/search/v%E1%BA%ABn+%C4%91%E1%BA%B9p+h%C6%A1n+Begin+quote%2C+Admin+01%2C+5%2F11%2F2026+2%3A34+PM%2C+T...+by+Thao+L+-+INVT%2C+Ch%C6%B0a+%C4%91%E1%BA%B7t+t%C3%AAn%2C+Nh%C6%A1n+Tr%E1%BA%A1ch%2C+Ph%C3%BA+Qu%E1%BB%91c
BDS-MASTER-0153,Cù Lao Tân Vạn – Centria Island (nguồn,"dự án - Cơ sở giá Vạn Phúc lấy theo các phân khu với vị trí giáp/gần bờ sông tương đồng với Cù lao Tân Vạn - Yếu tố diện tích 2. Bảng so sánh đơn giá theo từng phân khu bao gồm điều chỉnh yếu tốc vị trí dự án và diện tíc, Cù Lao Tân Vạn – Centria Island (nguồn, Quận 1, Đồng Nai",10,2025-04-21,[2025-04-21] Thao L - INVT 4/21/2025 4:35 PM Translate K.ĐT báo cáo anh Mr Mike1 -CEO về cập nhật dự án Cù Lao Tân Vạn – Centria Island (nguồn: Mr. Duy) như sau: I. CƠ SỞ GIÁ* * Đơn giá đất chưa VAT và không bao gồm xây dựng 1. Cơ sở các yếu tố so sánh giá giữa 02 dự án - Yếu tố vị trí dự án - Cơ sở giá Vạn Phúc lấy theo các phân khu với vị trí giáp/gần bờ sông tương đồng với Cù lao Tân Vạn - Yếu tố diện tích 2. Bảng so sánh đơn giá theo từng phân khu bao gồm điều chỉnh yếu tốc vị trí dự án và d,https://www.google.com/maps/search/d%E1%BB%B1+%C3%A1n+-+C%C6%A1+s%E1%BB%9F+gi%C3%A1+V%E1%BA%A1n+Ph%C3%BAc+l%E1%BA%A5y+theo+c%C3%A1c+ph%C3%A2n+khu+v%E1%BB%9Bi+v%E1%BB%8B+tr%C3%AD+gi%C3%A1p%2Fg%E1%BA%A7n+b%E1%BB%9D+s%C3%B4ng+t%C6%B0%C6%A1ng+%C4%91%E1%BB%93ng+v%E1%BB%9Bi+C%C3%B9+lao+T%C3%A2n+V%E1%BA%A1n+-+Y%E1%BA%BFu+t%E1%BB%91+di%E1%BB%87n+t%C3%ADch+2.+B%E1%BA%A3ng+so+s%C3%A1nh+%C4%91%C6%A1n+gi%C3%A1+theo+t%E1%BB%ABng+ph%C3%A2n+khu+bao+g%E1%BB%93m+%C4%91i%E1%BB%81u+ch%E1%BB%89nh+y%E1%BA%BFu+t%E1%BB%91c+v%E1%BB%8B+tr%C3%AD+d%E1%BB%B1+%C3%A1n+v%C3%A0+di%E1%BB%87n+t%C3%ADc%2C+C%C3%B9+Lao+T%C3%A2n+V%E1%BA%A1n+%E2%80%93+Centria+Island+%28ngu%E1%BB%93n%2C+Qu%E1%BA%ADn+1%2C+%C4%90%E1%BB%93ng+Nai
BDS-MASTER-0126,Cảng Sài Gòn – Thép Việt,"và kết nối, tiềm năng hạ tầng: - Cả 2 dự án nằm trong khu bến cảng Cái Mép – Thị Vải (thuộc cảng biển Bà Rịa – Vũng Tàu một trong 2 cảng biển loại đặc biệt lớn nhất cả nước, cùng với Cảng biển Hải Phòng), tiếp giáp với đ, Cảng Sài Gòn – Thép Việt, Long Thành, Bà Rịa Vũng Tàu 1",10,2022-08-09,"[2022-08-09] Quy Vo-PTDT 8/9/2022 2:33 PM K.ĐT gửi Mr.Tuấn Tuan Tran-CEO báo cáo về 3 dự án: Dự án Cảng Sài Gòn – Thép Việt, Dự án Cảng Sao Biển, Dự án Bãi Container & Dịch vụ cảng. 1. Dự án Cảng Sài Gòn – Thép Việt (Diện tích 34.5 ha) với giá chào 100 USD/m2 và dự án Cảng Sao Biển (Diện tích 69.04 ha) với giá chào 1.76 trđ/m2 tại Mỹ Xuân, Phú Mỹ, Bà Rịa Vũng Tàu 1.1 Về Pháp lý Dự án: - Dự án Cảng Sài Gòn – Thép Việt: đã có chủ trương đầu tư, GCN quyền sử dụng đất (Đất SXKD, thời hạn đến năm 205",https://www.google.com/maps/search/v%C3%A0+k%E1%BA%BFt+n%E1%BB%91i%2C+ti%E1%BB%81m+n%C4%83ng+h%E1%BA%A1+t%E1%BA%A7ng%3A+-+C%E1%BA%A3+2+d%E1%BB%B1+%C3%A1n+n%E1%BA%B1m+trong+khu+b%E1%BA%BFn+c%E1%BA%A3ng+C%C3%A1i+M%C3%A9p+%E2%80%93+Th%E1%BB%8B+V%E1%BA%A3i+%28thu%E1%BB%99c+c%E1%BA%A3ng+bi%E1%BB%83n+B%C3%A0+R%E1%BB%8Ba+%E2%80%93+V%C5%A9ng+T%C3%A0u+m%E1%BB%99t+trong+2+c%E1%BA%A3ng+bi%E1%BB%83n+lo%E1%BA%A1i+%C4%91%E1%BA%B7c+bi%E1%BB%87t+l%E1%BB%9Bn+nh%E1%BA%A5t+c%E1%BA%A3+n%C6%B0%E1%BB%9Bc%2C+c%C3%B9ng+v%E1%BB%9Bi+C%E1%BA%A3ng+bi%E1%BB%83n+H%E1%BA%A3i+Ph%C3%B2ng%29%2C+ti%E1%BA%BFp+gi%C3%A1p+v%E1%BB%9Bi+%C4%91%2C+C%E1%BA%A3ng+S%C3%A0i+G%C3%B2n+%E2%80%93+Th%C3%A9p+Vi%E1%BB%87t%2C+Long+Th%C3%A0nh%2C+B%C3%A0+R%E1%BB%8Ba+V%C5%A9ng+T%C3%A0u+1
BDS-MASTER-0085,Felicia Đà Nẵng,"- Mặt tiền tiếp giáp đường Võ Nguyên Giáp, cách giao lộ đường Võ Nguyên Giáp và Võ Văn Kiệt khoảng 1,2km, cách giao lộ đường Võ Nguyên Giáp và Hồ Xuân Hương khoảng 1,4km - Bên trái giáp Serene Beach, cách Holiday Beach k, Felicia Đà Nẵng, Ngũ Hành Sơn, Đà Nẵng",10,2025-02-19,"[2025-02-19] Huy M - IM 2/19/2025 9:31 PM Translate K.ĐT báo cáo anh Mr Mike1 -CEO về dự án Felicia Đà Nẵng theo phương án tổ hợp khách sạn và Condotel, mặt tiền đường Võ Nguyên Giáp, Lô B5, thuộc khu phúc hợp đô thị, TMDV Royal Era 1, P. Mỹ An, Q. Ngũ Hành Sơn, T. Đà Nẵng như sau: 1/ Vị trí: - Mặt tiền tiếp giáp đường Võ Nguyên Giáp, cách giao lộ đường Võ Nguyên Giáp và Võ Văn Kiệt khoảng 1,2km, cách giao lộ đường Võ Nguyên Giáp và Hồ Xuân Hương khoảng 1,4km - Bên trái giáp Serene Beach, cách H",https://www.google.com/maps/search/-+M%E1%BA%B7t+ti%E1%BB%81n+ti%E1%BA%BFp+gi%C3%A1p+%C4%91%C6%B0%E1%BB%9Dng+V%C3%B5+Nguy%C3%AAn+Gi%C3%A1p%2C+c%C3%A1ch+giao+l%E1%BB%99+%C4%91%C6%B0%E1%BB%9Dng+V%C3%B5+Nguy%C3%AAn+Gi%C3%A1p+v%C3%A0+V%C3%B5+V%C4%83n+Ki%E1%BB%87t+kho%E1%BA%A3ng+1%2C2km%2C+c%C3%A1ch+giao+l%E1%BB%99+%C4%91%C6%B0%E1%BB%9Dng+V%C3%B5+Nguy%C3%AAn+Gi%C3%A1p+v%C3%A0+H%E1%BB%93+Xu%C3%A2n+H%C6%B0%C6%A1ng+kho%E1%BA%A3ng+1%2C4km+-+B%C3%AAn+tr%C3%A1i+gi%C3%A1p+Serene+Beach%2C+c%C3%A1ch+Holiday+Beach+k%2C+Felicia+%C4%90%C3%A0+N%E1%BA%B5ng%2C+Ng%C5%A9+H%C3%A0nh+S%C6%A1n%2C+%C4%90%C3%A0+N%E1%BA%B5ng
BDS-MASTER-0128,Hoa viên Vĩnh Thanh sau khi có Thông số từ P,"theo đường phố (hoặc đường giao thông chính) cùng khu vực. - Hiện trạng đường tiếp giáp dự án chưa có tên, rộng >5m và cách đường Hùng Vương hơn 1Km, vì thế lấy theo Vị trí 3 đường Hùng Vương đoạn qua xã Vĩnh Thanh: 1.2t, Hoa viên Vĩnh Thanh sau khi có Thông số từ P, Đồng Nai",10,2026-01-23,"[2026-01-23] Thao L - INVT 1/23/2026 12:02 PM K.ĐT gửi anh Mr Mike1 -CEO cập nhật báo cáo dự án Hoa viên Vĩnh Thanh sau khi có Thông số từ P.QH v… Mà so sánh về hạ tầng, cảnh quan Sala với Phúc An Viên nha. Begin quote, Admin 01 , 1/24/2026 6:54 PM, ... by Thao L - INVT --- [2026-01-23] Thao L - INVT 1/23/2026 12:02 PM K.ĐT gửi anh Mr Mike1 -CEO cập nhật báo cáo dự án Hoa viên Vĩnh Thanh sau khi có Thông số từ P.QH v… Mà so sánh về hạ tầng, cảnh quan Sala vớ --- [2025-02-08] Thao L - INVT 2/8/20",https://www.google.com/maps/search/theo+%C4%91%C6%B0%E1%BB%9Dng+ph%E1%BB%91+%28ho%E1%BA%B7c+%C4%91%C6%B0%E1%BB%9Dng+giao+th%C3%B4ng+ch%C3%ADnh%29+c%C3%B9ng+khu+v%E1%BB%B1c.+-+Hi%E1%BB%87n+tr%E1%BA%A1ng+%C4%91%C6%B0%E1%BB%9Dng+ti%E1%BA%BFp+gi%C3%A1p+d%E1%BB%B1+%C3%A1n+ch%C6%B0a+c%C3%B3+t%C3%AAn%2C+r%E1%BB%99ng+%3E5m+v%C3%A0+c%C3%A1ch+%C4%91%C6%B0%E1%BB%9Dng+H%C3%B9ng+V%C6%B0%C6%A1ng+h%C6%A1n+1Km%2C+v%C3%AC+th%E1%BA%BF+l%E1%BA%A5y+theo+V%E1%BB%8B+tr%C3%AD+3+%C4%91%C6%B0%E1%BB%9Dng+H%C3%B9ng+V%C6%B0%C6%A1ng+%C4%91o%E1%BA%A1n+qua+x%C3%A3+V%C4%A9nh+Thanh%3A+1.2t%2C+Hoa+vi%C3%AAn+V%C4%A9nh+Thanh+sau+khi+c%C3%B3+Th%C3%B4ng+s%E1%BB%91+t%E1%BB%AB+P%2C+%C4%90%E1%BB%93ng+Nai
BDS-MASTER-0155,Hải Âu tại Bãi Trường,"Dự án nằm phía cuối Bãi Trường, có phần biển dài khoảng 250m, tiếp giáp đường Trần Hưng Đạo, cách dự án MeyHomes khoảng 2,3km. Hiện trạng: Dự án hiện có các công trình đang xây dựng, tuy nhiên không xác định rõ được tiến, Hải Âu tại Bãi Trường, Phú Quốc",10,2022-11-04,"[2022-11-04] Thao L - INVT 11/4/2022 3:24 PM K.ĐT báo cáo anh Tuan Tran-CEO dự án Hải Âu tại Bãi Trường, Dương Tơ, Phú Quốc. Thông tin: Dự án có quy mô 11.2ha với giá chào chuyển nhượng là 1.100 tỷ tương ứng 9,7tr.đ/m2 (bao hồm hiện trạng có các công trình trên đất). Vị trí: Dự án nằm phía cuối Bãi Trường, có phần biển dài khoảng 250m, tiếp giáp đường Trần Hưng Đạo, cách dự án MeyHomes khoảng 2,3km. Hiện trạng: Dự án hiện có các công trình đang xây dựng, tuy nhiên không xác định rõ được tiến độ,",https://www.google.com/maps/search/D%E1%BB%B1+%C3%A1n+n%E1%BA%B1m+ph%C3%ADa+cu%E1%BB%91i+B%C3%A3i+Tr%C6%B0%E1%BB%9Dng%2C+c%C3%B3+ph%E1%BA%A7n+bi%E1%BB%83n+d%C3%A0i+kho%E1%BA%A3ng+250m%2C+ti%E1%BA%BFp+gi%C3%A1p+%C4%91%C6%B0%E1%BB%9Dng+Tr%E1%BA%A7n+H%C6%B0ng+%C4%90%E1%BA%A1o%2C+c%C3%A1ch+d%E1%BB%B1+%C3%A1n+MeyHomes+kho%E1%BA%A3ng+2%2C3km.+Hi%E1%BB%87n+tr%E1%BA%A1ng%3A+D%E1%BB%B1+%C3%A1n+hi%E1%BB%87n+c%C3%B3+c%C3%A1c+c%C3%B4ng+tr%C3%ACnh+%C4%91ang+x%C3%A2y+d%E1%BB%B1ng%2C+tuy+nhi%C3%AAn+kh%C3%B4ng+x%C3%A1c+%C4%91%E1%BB%8Bnh+r%C3%B5+%C4%91%C6%B0%E1%BB%A3c+ti%E1%BA%BFn%2C+H%E1%BA%A3i+%C3%82u+t%E1%BA%A1i+B%C3%A3i+Tr%C6%B0%E1%BB%9Dng%2C+Ph%C3%BA+Qu%E1%BB%91c
BDS-MASTER-0213,Hội An Riverside Resort & Spa,"- Tiếp giáp mặt tiền đường Cửa Đại, đường trải nhựa, đường rộng khoảng 10m; Phía Tây dự án tiếp giáp sông Cổ Cò. - Cách giao lộ đường Cửa Đại và Võ Chí Công khoảng 450m. - Cách Bãi Biển khoảng 1,5km. - Cách trung tâm hàn, Hội An Riverside Resort & Spa, Hội An, Quảng Nam",10,2024-11-15,"[2024-11-15] Sinh Nguyen-Dau Tu 11/15/2024 5:23 PM Edited Translate K.ĐT báo cáo anh Mr Mike1 -CEO về dự án Hội An Riverside Resort & Spa, mặt tiền đường Cửa Đại, phường Cẩm Châu, Thành phố Hội An, tỉnh Quảng Nam như sau: 1/ Vị trí - Tiếp giáp mặt tiền đường Cửa Đại, đường trải nhựa, đường rộng khoảng 10m; Phía Tây dự án tiếp giáp sông Cổ Cò. - Cách giao lộ đường Cửa Đại và Võ Chí Công khoảng 450m. - Cách Bãi Biển khoảng 1,5km. - Cách trung tâm hành chính TP. Hội An khoảng 3km. - Cách Bel Marina",https://www.google.com/maps/search/-+Ti%E1%BA%BFp+gi%C3%A1p+m%E1%BA%B7t+ti%E1%BB%81n+%C4%91%C6%B0%E1%BB%9Dng+C%E1%BB%ADa+%C4%90%E1%BA%A1i%2C+%C4%91%C6%B0%E1%BB%9Dng+tr%E1%BA%A3i+nh%E1%BB%B1a%2C+%C4%91%C6%B0%E1%BB%9Dng+r%E1%BB%99ng+kho%E1%BA%A3ng+10m%3B+Ph%C3%ADa+T%C3%A2y+d%E1%BB%B1+%C3%A1n+ti%E1%BA%BFp+gi%C3%A1p+s%C3%B4ng+C%E1%BB%95+C%C3%B2.+-+C%C3%A1ch+giao+l%E1%BB%99+%C4%91%C6%B0%E1%BB%9Dng+C%E1%BB%ADa+%C4%90%E1%BA%A1i+v%C3%A0+V%C3%B5+Ch%C3%AD+C%C3%B4ng+kho%E1%BA%A3ng+450m.+-+C%C3%A1ch+B%C3%A3i+Bi%E1%BB%83n+kho%E1%BA%A3ng+1%2C5km.+-+C%C3%A1ch+trung+t%C3%A2m+h%C3%A0n%2C+H%E1%BB%99i+An+Riverside+Resort+%26+Spa%2C+H%E1%BB%99i+An%2C+Qu%E1%BA%A3ng+Nam
BDS-MASTER-0158,KCN Phước An tại xã Phước An,"xã Phước An, huyện Nhơn Trạch, tỉnh Đồng Nai Định vị: KCN Phước An Giai đoạn 1+2 và Giai đoạn 3 – Cảng Phước An Diện tích: - Giai đoạn 1: 330 ha - Giai đoạn 2: 220 ha - Giai đoạn 3: 183 ha => Tổng 3 giai đoạn: 733 ha Mục, KCN Phước An tại xã Phước An, Nhơn Trạch, Đồng Nai",10,2025-05-15,"[2025-05-15] Khang Do - CVDT 5/15/2025 5:11 PM Translate P. ĐT báo cáo anh Mr Mike1 -CEO về dự án KCN Phước An tại xã Phước An, huyện Nhơn Trạch, tỉnh Đồng Nai như sau: 1. THÔNG TIN TỔNG QUAN Tên dự án: Khu công nghiệp Phước An Vị trí: xã Phước An, huyện Nhơn Trạch, tỉnh Đồng Nai Định vị: KCN Phước An Giai đoạn 1+2 và Giai đoạn 3 – Cảng Phước An Diện tích: - Giai đoạn 1: 330 ha - Giai đoạn 2: 220 ha - Giai đoạn 3: 183 ha => Tổng 3 giai đoạn: 733 ha Mục đích sử dụng đất: SKK – Khu công nghiệp (dị",https://www.google.com/maps/search/x%C3%A3+Ph%C6%B0%E1%BB%9Bc+An%2C+huy%E1%BB%87n+Nh%C6%A1n+Tr%E1%BA%A1ch%2C+t%E1%BB%89nh+%C4%90%E1%BB%93ng+Nai+%C4%90%E1%BB%8Bnh+v%E1%BB%8B%3A+KCN+Ph%C6%B0%E1%BB%9Bc+An+Giai+%C4%91o%E1%BA%A1n+1%2B2+v%C3%A0+Giai+%C4%91o%E1%BA%A1n+3+%E2%80%93+C%E1%BA%A3ng+Ph%C6%B0%E1%BB%9Bc+An+Di%E1%BB%87n+t%C3%ADch%3A+-+Giai+%C4%91o%E1%BA%A1n+1%3A+330+ha+-+Giai+%C4%91o%E1%BA%A1n+2%3A+220+ha+-+Giai+%C4%91o%E1%BA%A1n+3%3A+183+ha+%3D%3E+T%E1%BB%95ng+3+giai+%C4%91o%E1%BA%A1n%3A+733+ha+M%E1%BB%A5c%2C+KCN+Ph%C6%B0%E1%BB%9Bc+An+t%E1%BA%A1i+x%C3%A3+Ph%C6%B0%E1%BB%9Bc+An%2C+Nh%C6%A1n+Tr%E1%BA%A1ch%2C+%C4%90%E1%BB%93ng+Nai
BDS-MASTER-0130,KCN Thái Hòa – Liễn Sơn – Liên Hòa - Khu vực 1 (284 ha) thuộc địa phận các xã,"Cách đường Quốc lộ 2C khoảng 80m. Nằm ở giáp ranh giữa Vĩnh Phúc và Tuyên Quang, là khu công nghiệp có vị trí xa nhất khi hướng về Hà Nội và Hải Phòng Cách trung tâm Thành phố Vĩnh Yên khoảng 22km Cách đường Vành Đai 5 (, KCN Thái Hòa – Liễn Sơn – Liên Hòa - Khu vực 1 (284 ha) thuộc địa phận các xã, Vĩnh Phúc",10,2023-06-16,"[2023-06-16] Sinh Nguyen-Dau Tu 6/16/2023 8:48 PM K.ĐT báo cáo anh Tuan Tran-CEO dự án KCN Thái Hòa – Liễn Sơn – Liên Hòa - Khu vực 1 (284 ha) thuộc địa phận các xã Thái Hòa và xã Bắc Bình, huyện Lập Thạch, tỉnh Vĩnh Phúc như sau: 1/ Vị trí Cách đường Quốc lộ 2C khoảng 80m. Nằm ở giáp ranh giữa Vĩnh Phúc và Tuyên Quang, là khu công nghiệp có vị trí xa nhất khi hướng về Hà Nội và Hải Phòng Cách trung tâm Thành phố Vĩnh Yên khoảng 22km Cách đường Vành Đai 5 (đường Vành Đai – Vùng Thủ Đô) khoảng 16",https://www.google.com/maps/search/C%C3%A1ch+%C4%91%C6%B0%E1%BB%9Dng+Qu%E1%BB%91c+l%E1%BB%99+2C+kho%E1%BA%A3ng+80m.+N%E1%BA%B1m+%E1%BB%9F+gi%C3%A1p+ranh+gi%E1%BB%AFa+V%C4%A9nh+Ph%C3%BAc+v%C3%A0+Tuy%C3%AAn+Quang%2C+l%C3%A0+khu+c%C3%B4ng+nghi%E1%BB%87p+c%C3%B3+v%E1%BB%8B+tr%C3%AD+xa+nh%E1%BA%A5t+khi+h%C6%B0%E1%BB%9Bng+v%E1%BB%81+H%C3%A0+N%E1%BB%99i+v%C3%A0+H%E1%BA%A3i+Ph%C3%B2ng+C%C3%A1ch+trung+t%C3%A2m+Th%C3%A0nh+ph%E1%BB%91+V%C4%A9nh+Y%C3%AAn+kho%E1%BA%A3ng+22km+C%C3%A1ch+%C4%91%C6%B0%E1%BB%9Dng+V%C3%A0nh+%C4%90ai+5+%28%2C+KCN+Th%C3%A1i+H%C3%B2a+%E2%80%93+Li%E1%BB%85n+S%C6%A1n+%E2%80%93+Li%C3%AAn+H%C3%B2a+-+Khu+v%E1%BB%B1c+1+%28284+ha%29+thu%E1%BB%99c+%C4%91%E1%BB%8Ba+ph%E1%BA%ADn+c%C3%A1c+x%C3%A3%2C+V%C4%A9nh+Ph%C3%BAc
BDS-MASTER-0131,KDC Minh Hưng tại xã Minh Hưng,"và quy hoạch tương lai khu vực: - Có đường vào giáp mặt tiền QL13 (rộng 16m), xã Minh Hưng, Huyện Chơn Thành, Tỉnh Bình Phước. Cách KDC Đại Nam khoảng 1Km. - Về hạ tầng giao thông: Trong tương lai, các đường cao tốc TPHC, KDC Minh Hưng tại xã Minh Hưng, TPHCM",10,2022-12-14,"[2022-12-14] Thao L - INVT 12/14/2022 11:04 AM K.ĐT gửi anh Tuan Tran-CEO báo cáo dự án KDC Minh Hưng tại xã Minh Hưng, Chơn Thành, Bình Phước có quy mô 15,2ha, có giá chào 280 tỷ (~1,83 tr.đồng/m2), chưa bao gồm tiền CMĐSDĐ, cụ thể: Vị trí và quy hoạch tương lai khu vực: - Có đường vào giáp mặt tiền QL13 (rộng 16m), xã Minh Hưng, Huyện Chơn Thành, Tỉnh Bình Phước. Cách KDC Đại Nam khoảng 1Km. - Về hạ tầng giao thông: Trong tương lai, các đường cao tốc TPHCM- Chơn Thành, cao tốc Chơn Thành – Đăk",https://www.google.com/maps/search/v%C3%A0+quy+ho%E1%BA%A1ch+t%C6%B0%C6%A1ng+lai+khu+v%E1%BB%B1c%3A+-+C%C3%B3+%C4%91%C6%B0%E1%BB%9Dng+v%C3%A0o+gi%C3%A1p+m%E1%BA%B7t+ti%E1%BB%81n+QL13+%28r%E1%BB%99ng+16m%29%2C+x%C3%A3+Minh+H%C6%B0ng%2C+Huy%E1%BB%87n+Ch%C6%A1n+Th%C3%A0nh%2C+T%E1%BB%89nh+B%C3%ACnh+Ph%C6%B0%E1%BB%9Bc.+C%C3%A1ch+KDC+%C4%90%E1%BA%A1i+Nam+kho%E1%BA%A3ng+1Km.+-+V%E1%BB%81+h%E1%BA%A1+t%E1%BA%A7ng+giao+th%C3%B4ng%3A+Trong+t%C6%B0%C6%A1ng+lai%2C+c%C3%A1c+%C4%91%C6%B0%E1%BB%9Dng+cao+t%E1%BB%91c+TPHC%2C+KDC+Minh+H%C6%B0ng+t%E1%BA%A1i+x%C3%A3+Minh+H%C6%B0ng%2C+TPHCM
BDS-MASTER-0216,Khu du lịch,"giữa 2 khu đất trên, NVL đã thực hiện nộp thêm 53 tỷ (tiền chênh lệch) và được ghi nhận vào năm 2016. Như vậy đối với nghĩa vụ tiền sử dụng đất phải nộp để thực hiện dự án NOTM Lakeview, NVL đã bỏ ra tiền bồi thường giải, Khu du lịch, TP.HCM",10,2025-02-28,"[2025-02-28] Huy M - IM 2/28/2025 11:55 AM Translate Liên quan đến vấn đề giải quyết vướng mắc cho CĐT Novaland tại 2 dự án 30.2 Bình Khánh (Waterbay) và 30.1 ha Nam Rạch Chiếc (Lakeview): Nguồn gốc: Năm 2004, NN giao đất khu Waterbay cho công ty Thế kỷ 21 (công ty con của NVL) để thực hiện dự án Khu du lịch, văn hóa, giải trí. Năm 2008, NVL đã hoàn thành bồi thường giải phóng mặt bằng theo QĐ giao đất năm 2004 Năm 2016, TP.HCM xác định khu dự án Waterbay là 1 phần trong khu tái định cư Thủ Thiê",https://www.google.com/maps/search/gi%E1%BB%AFa+2+khu+%C4%91%E1%BA%A5t+tr%C3%AAn%2C+NVL+%C4%91%C3%A3+th%E1%BB%B1c+hi%E1%BB%87n+n%E1%BB%99p+th%C3%AAm+53+t%E1%BB%B7+%28ti%E1%BB%81n+ch%C3%AAnh+l%E1%BB%87ch%29+v%C3%A0+%C4%91%C6%B0%E1%BB%A3c+ghi+nh%E1%BA%ADn+v%C3%A0o+n%C4%83m+2016.+Nh%C6%B0+v%E1%BA%ADy+%C4%91%E1%BB%91i+v%E1%BB%9Bi+ngh%C4%A9a+v%E1%BB%A5+ti%E1%BB%81n+s%E1%BB%AD+d%E1%BB%A5ng+%C4%91%E1%BA%A5t+ph%E1%BA%A3i+n%E1%BB%99p+%C4%91%E1%BB%83+th%E1%BB%B1c+hi%E1%BB%87n+d%E1%BB%B1+%C3%A1n+NOTM+Lakeview%2C+NVL+%C4%91%C3%A3+b%E1%BB%8F+ra+ti%E1%BB%81n+b%E1%BB%93i+th%C6%B0%E1%BB%9Dng+gi%E1%BA%A3i%2C+Khu+du+l%E1%BB%8Bch%2C+TP.HCM
BDS-MASTER-0107,Khu nhà ở Đại Quang Minh,"Tiếp giáp đường D4 (vào bằng đường Thuận Giao 09), Thuận Giao, Thuận An, Bình Dương. - Link map: https://goo.gl/maps/GPVNSt7Q6a73xSKHA - Hiện trạng: HTKT đã hoàn thành, 08/20 căn đã bán xây dựng xong phần thô, phần 12 că, Khu nhà ở Đại Quang Minh, Thuận Giao, Bình Dương",10,2023-06-12,"[2023-06-12] Thao L - INVT 6/12/2023 1:50 PM K.ĐT báo cáo anh Tuan Tran-CEO về dự án Khu nhà ở Đại Quang Minh, Thuận Giao, Bình Dương - Dự án thấp tầng nằm cùng khu với Dự án cao tầng Việt An; Nguồn Mr. Duy - P.PTQĐ như sau: 1/ THÔNG TIN DỰ ÁN: - Giá chào: 135 tỷ cho phần còn lại của dự án - 55 nền đất chưa xây dựng nhà ở, hạ tầng hoàn thiện. - Diện tích đất dự án: 9.680m2 trong đó có 5.034,8m2 đất ở tương ứng 75 căn, đối tác đã bán 20 căn có tổng diện tích đất là 1.392,4m2 => Phần diện tích đất",https://www.google.com/maps/search/Ti%E1%BA%BFp+gi%C3%A1p+%C4%91%C6%B0%E1%BB%9Dng+D4+%28v%C3%A0o+b%E1%BA%B1ng+%C4%91%C6%B0%E1%BB%9Dng+Thu%E1%BA%ADn+Giao+09%29%2C+Thu%E1%BA%ADn+Giao%2C+Thu%E1%BA%ADn+An%2C+B%C3%ACnh+D%C6%B0%C6%A1ng.+-+Link+map%3A+https%3A%2F%2Fgoo.gl%2Fmaps%2FGPVNSt7Q6a73xSKHA+-+Hi%E1%BB%87n+tr%E1%BA%A1ng%3A+HTKT+%C4%91%C3%A3+ho%C3%A0n+th%C3%A0nh%2C+08%2F20+c%C4%83n+%C4%91%C3%A3+b%C3%A1n+x%C3%A2y+d%E1%BB%B1ng+xong+ph%E1%BA%A7n+th%C3%B4%2C+ph%E1%BA%A7n+12+c%C4%83%2C+Khu+nh%C3%A0+%E1%BB%9F+%C4%90%E1%BA%A1i+Quang+Minh%2C+Thu%E1%BA%ADn+Giao%2C+B%C3%ACnh+D%C6%B0%C6%A1ng
BDS-MASTER-0109,Khu Đô Thị Mới Hậu Nghĩa - Đức Hòa,"https://goo.gl/maps/KCGefw7KgVDUzTPh7 2/ Thông tin: - Năm 2018 VinGroup có văn bản Đề xuất lập quy hoạch đầu tư dự án Khu đô thị mới Hậu Nghĩa – Đức Hòa, vì thế hiện nay trên các trang thông tin (Guland, các báo điện tử,, Khu Đô Thị Mới Hậu Nghĩa - Đức Hòa, Long An",10,2023-06-17,"[2023-06-17] Thao L - INVT 6/17/2023 11:19 AM K.ĐT gửi anh Tuan Tran-CEO thông tin về dự án Khu Đô Thị Mới Hậu Nghĩa - Đức Hòa như sau: THÔNG TIN VỀ DỰ ÁN KHU ĐÔ THỊ MỚI HẬU NGHĨA – ĐỨC HÒA 1/ Vị trí: https://goo.gl/maps/KCGefw7KgVDUzTPh7 2/ Thông tin: - Năm 2018 VinGroup có văn bản Đề xuất lập quy hoạch đầu tư dự án Khu đô thị mới Hậu Nghĩa – Đức Hòa, vì thế hiện nay trên các trang thông tin (Guland, các báo điện tử,…) đều thể hiện VinGroup là CĐT của dự án này. - Tuy nhiên vào ngày 07/06/2023 ",https://www.google.com/maps/search/https%3A%2F%2Fgoo.gl%2Fmaps%2FKCGefw7KgVDUzTPh7+2%2F+Th%C3%B4ng+tin%3A+-+N%C4%83m+2018+VinGroup+c%C3%B3+v%C4%83n+b%E1%BA%A3n+%C4%90%E1%BB%81+xu%E1%BA%A5t+l%E1%BA%ADp+quy+ho%E1%BA%A1ch+%C4%91%E1%BA%A7u+t%C6%B0+d%E1%BB%B1+%C3%A1n+Khu+%C4%91%C3%B4+th%E1%BB%8B+m%E1%BB%9Bi+H%E1%BA%ADu+Ngh%C4%A9a+%E2%80%93+%C4%90%E1%BB%A9c+H%C3%B2a%2C+v%C3%AC+th%E1%BA%BF+hi%E1%BB%87n+nay+tr%C3%AAn+c%C3%A1c+trang+th%C3%B4ng+tin+%28Guland%2C+c%C3%A1c+b%C3%A1o+%C4%91i%E1%BB%87n+t%E1%BB%AD%2C%2C+Khu+%C4%90%C3%B4+Th%E1%BB%8B+M%E1%BB%9Bi+H%E1%BA%ADu+Ngh%C4%A9a+-+%C4%90%E1%BB%A9c+H%C3%B2a%2C+Long+An
BDS-MASTER-0161,Khu đất Ngô Chí Quốc Bình Chiểu Thủ Đức,"và hiện trạng: a. Vị trí: - Vị trí: Khu đất nằm trên mặt tiền đường Ngô Chí Quốc, Bình Chiểu, Thủ Đức, TPHCM. - Link map: https://goo.gl/maps/Empzn8zwhyULFrqV8 - Khu đất có vị trí nằm trong phần địa giới TP.HCM giáp ranh, Khu đất Ngô Chí Quốc Bình Chiểu Thủ Đức, Thủ Đức, TPHCM",10,2023-08-03,"[2023-08-03] Thao L - INVT 8/3/2023 2:18 PM Edited K.ĐT gửi anh Tuan Tran-CEO báo cáo dự án đường Ngô Chí Quốc, Bình Chiểu, Thủ Đức – nguồn Mr. Duy như sau: 1. THÔNG TIN KHU ĐẤT 1.1. Vị trí và hiện trạng: a. Vị trí: - Vị trí: Khu đất nằm trên mặt tiền đường Ngô Chí Quốc, Bình Chiểu, Thủ Đức, TPHCM. - Link map: https://goo.gl/maps/Empzn8zwhyULFrqV8 - Khu đất có vị trí nằm trong phần địa giới TP.HCM giáp ranh tỉnh Bình Dương: + Cách nút giao Gò Dưa và đường quy hoạch Vành Đai 2 khoảng 3Km. + Cách ",https://www.google.com/maps/search/v%C3%A0+hi%E1%BB%87n+tr%E1%BA%A1ng%3A+a.+V%E1%BB%8B+tr%C3%AD%3A+-+V%E1%BB%8B+tr%C3%AD%3A+Khu+%C4%91%E1%BA%A5t+n%E1%BA%B1m+tr%C3%AAn+m%E1%BA%B7t+ti%E1%BB%81n+%C4%91%C6%B0%E1%BB%9Dng+Ng%C3%B4+Ch%C3%AD+Qu%E1%BB%91c%2C+B%C3%ACnh+Chi%E1%BB%83u%2C+Th%E1%BB%A7+%C4%90%E1%BB%A9c%2C+TPHCM.+-+Link+map%3A+https%3A%2F%2Fgoo.gl%2Fmaps%2FEmpzn8zwhyULFrqV8+-+Khu+%C4%91%E1%BA%A5t+c%C3%B3+v%E1%BB%8B+tr%C3%AD+n%E1%BA%B1m+trong+ph%E1%BA%A7n+%C4%91%E1%BB%8Ba+gi%E1%BB%9Bi+TP.HCM+gi%C3%A1p+ranh%2C+Khu+%C4%91%E1%BA%A5t+Ng%C3%B4+Ch%C3%AD+Qu%E1%BB%91c+B%C3%ACnh+Chi%E1%BB%83u+Th%E1%BB%A7+%C4%90%E1%BB%A9c%2C+Th%E1%BB%A7+%C4%90%E1%BB%A9c%2C+TPHCM
BDS-MASTER-0189,Phú Quang khoảng 350m + Có 2 mặt tiếp xúc kênh rạch II/ Kết nối giao thông đến dự án,"+ Khu đất có mặt tiền rộng khoảng 200m, tiếp giáp đường 4A đi ra hướng đường Ngô Chí Quốc và Quốc lộ 13 + Cách Dự án Phú Quang khoảng 350m + Có 2 mặt tiếp xúc kênh rạch II/ Kết nối giao thông đến dự án: Khu đất tiếp giáp, Phú Quang khoảng 350m + Có 2 mặt tiếp xúc kênh rạch II/ Kết nối giao thông đến dự án, Thủ Đức, TPHCM",10,2023-11-27,"[2023-11-27] Trieu Nguyen-PTDT 11/27/2023 3:01 PM Edited KĐT gửi anh Tuan Tran-CEO báo cáo Thu gom quỹ đất thuộc phường Bình Chiểu, Thủ Đức, TPHCM: I/ Vị trí: + Khu đất có mặt tiền rộng khoảng 200m, tiếp giáp đường 4A đi ra hướng đường Ngô Chí Quốc và Quốc lộ 13 + Cách Dự án Phú Quang khoảng 350m + Có 2 mặt tiếp xúc kênh rạch II/ Kết nối giao thông đến dự án: Khu đất tiếp giáp đường 4A (đoạn đã mở rộng lộ giới khoảng 23m). Tuy nhiên, các tuyến đường chính kết nối đến khu đất vẫn chưa hoàn thành ",https://www.google.com/maps/search/%2B+Khu+%C4%91%E1%BA%A5t+c%C3%B3+m%E1%BA%B7t+ti%E1%BB%81n+r%E1%BB%99ng+kho%E1%BA%A3ng+200m%2C+ti%E1%BA%BFp+gi%C3%A1p+%C4%91%C6%B0%E1%BB%9Dng+4A+%C4%91i+ra+h%C6%B0%E1%BB%9Bng+%C4%91%C6%B0%E1%BB%9Dng+Ng%C3%B4+Ch%C3%AD+Qu%E1%BB%91c+v%C3%A0+Qu%E1%BB%91c+l%E1%BB%99+13+%2B+C%C3%A1ch+D%E1%BB%B1+%C3%A1n+Ph%C3%BA+Quang+kho%E1%BA%A3ng+350m+%2B+C%C3%B3+2+m%E1%BA%B7t+ti%E1%BA%BFp+x%C3%BAc+k%C3%AAnh+r%E1%BA%A1ch+II%2F+K%E1%BA%BFt+n%E1%BB%91i+giao+th%C3%B4ng+%C4%91%E1%BA%BFn+d%E1%BB%B1+%C3%A1n%3A+Khu+%C4%91%E1%BA%A5t+ti%E1%BA%BFp+gi%C3%A1p%2C+Ph%C3%BA+Quang+kho%E1%BA%A3ng+350m+%2B+C%C3%B3+2+m%E1%BA%B7t+ti%E1%BA%BFp+x%C3%BAc+k%C3%AAnh+r%E1%BA%A1ch+II%2F+K%E1%BA%BFt+n%E1%BB%91i+giao+th%C3%B4ng+%C4%91%E1%BA%BFn+d%E1%BB%B1+%C3%A1n%2C+Th%E1%BB%A7+%C4%90%E1%BB%A9c%2C+TPHCM
BDS-MASTER-0057,Stown Gateway có quy mô 8816m2 tại hẻm Quốc lộ 13,"và hiện trạng: - Nằm cách Quốc lộ 13 khoảng 50m, cách dự án Phú Quang khoảng 2.5km đường … Này ai gửi nhỉ Image by Unknown User, Stown Gateway có quy mô 8816m2 tại hẻm Quốc lộ 13, Bình Dương",10,2022-08-10,"[2022-08-10] Unknown User 8/10/2022 4:02 PM KĐT gửi anh Tuan Tran-CEO báo cáo dự án Stown Gateway có quy mô 8816m2 tại hẻm Quốc lộ 13, Thuận An, Bình Dương có giá chào 530 tỷ (bao gồm tiền sử dụng đất và GPXD, tương đương 60tr/m2 đất): 1) Vị trí và hiện trạng: - Nằm cách Quốc lộ 13 khoảng 50m, cách dự án Phú Quang khoảng 2.5km đường … Này ai gửi nhỉ Image by Unknown User --- [2022-08-10] Trieu Nguyen-PTDT 8/10/2022 4:02 PM KĐT gửi anh Tuan Tran-CEO báo cáo dự án Stown Gateway có quy mô 8816m2 tạ",https://www.google.com/maps/search/v%C3%A0+hi%E1%BB%87n+tr%E1%BA%A1ng%3A+-+N%E1%BA%B1m+c%C3%A1ch+Qu%E1%BB%91c+l%E1%BB%99+13+kho%E1%BA%A3ng+50m%2C+c%C3%A1ch+d%E1%BB%B1+%C3%A1n+Ph%C3%BA+Quang+kho%E1%BA%A3ng+2.5km+%C4%91%C6%B0%E1%BB%9Dng+%E2%80%A6+N%C3%A0y+ai+g%E1%BB%ADi+nh%E1%BB%89+Image+by+Unknown+User%2C+Stown+Gateway+c%C3%B3+quy+m%C3%B4+8816m2+t%E1%BA%A1i+h%E1%BA%BBm+Qu%E1%BB%91c+l%E1%BB%99+13%2C+B%C3%ACnh+D%C6%B0%C6%A1ng
BDS-MASTER-0137,Toàn Thịnh Phát tại Bãi Trường,"Dự án nằm phía cuối Bãi Trường, có phần biển dài khoảng 350m, tiếp giáp đường Trần Hưng Đạo, cách dự án MeyHomes khoảng 1,5km Pháp lý dự án: Pháp lý đất: Trả tiền thuê đất cho 8,5ha đất TMDV có thời hạn đến năm 2064 tron, Toàn Thịnh Phát tại Bãi Trường, Phú Quốc",10,2022-09-06,"[2022-09-06] Thao L - INVT 9/6/2022 4:51 PM K.ĐT báo cáo anh Tuan Tran-CEO về dự án Toàn Thịnh Phát tại Bãi Trường, Dương Tơ, Phú Quốc. Thông tin: Dự án có quy mô 15.6ha với giá chào chuyển nhượng là 1.300tỷ. Vị trí: Dự án nằm phía cuối Bãi Trường, có phần biển dài khoảng 350m, tiếp giáp đường Trần Hưng Đạo, cách dự án MeyHomes khoảng 1,5km Pháp lý dự án: Pháp lý đất: Trả tiền thuê đất cho 8,5ha đất TMDV có thời hạn đến năm 2064 trong đó: 1,4ha trả tiền thuê đất một lần và 7.4ha trả tiền thuê đấ",https://www.google.com/maps/search/D%E1%BB%B1+%C3%A1n+n%E1%BA%B1m+ph%C3%ADa+cu%E1%BB%91i+B%C3%A3i+Tr%C6%B0%E1%BB%9Dng%2C+c%C3%B3+ph%E1%BA%A7n+bi%E1%BB%83n+d%C3%A0i+kho%E1%BA%A3ng+350m%2C+ti%E1%BA%BFp+gi%C3%A1p+%C4%91%C6%B0%E1%BB%9Dng+Tr%E1%BA%A7n+H%C6%B0ng+%C4%90%E1%BA%A1o%2C+c%C3%A1ch+d%E1%BB%B1+%C3%A1n+MeyHomes+kho%E1%BA%A3ng+1%2C5km+Ph%C3%A1p+l%C3%BD+d%E1%BB%B1+%C3%A1n%3A+Ph%C3%A1p+l%C3%BD+%C4%91%E1%BA%A5t%3A+Tr%E1%BA%A3+ti%E1%BB%81n+thu%C3%AA+%C4%91%E1%BA%A5t+cho+8%2C5ha+%C4%91%E1%BA%A5t+TMDV+c%C3%B3+th%E1%BB%9Di+h%E1%BA%A1n+%C4%91%E1%BA%BFn+n%C4%83m+2064+tron%2C+To%C3%A0n+Th%E1%BB%8Bnh+Ph%C3%A1t+t%E1%BA%A1i+B%C3%A3i+Tr%C6%B0%E1%BB%9Dng%2C+Ph%C3%BA+Qu%E1%BB%91c
BDS-MASTER-0165,Vì 2 vấn đề trên,"và hiện trạng: 📄 … KĐT gửi anh Tuan Tran-CEO báo cáo cập nhật tình hình nghiên cứu quỹ đất 3.4ha tại đường Nguyễn Hữu Thọ, Nhà Bè, nay bổ sung thêm diện tích đất có tổng quy mô 3.97ha, giá chào bán 17tr/m2 đất tương đươn, Vì 2 vấn đề trên, TPHCM",10,2022-08-26,"[2022-08-26] Unknown User 8/26/2022 2:10 PM Dear anh Tuan Tran-CEO, Anh Binh Vo-GD-PTDT và Mi đã gặp bên chào bán là công ty Anh Tuấn để lấy thông tin sơ bộ 2 dự án 3.4ha và 3ha, thông tin cụ thể: A/ Dự án 3.4ha tại đường Nguyễn Hữu Thọ, Nhà Bè, TPHCM có giá chào 589 tỷ (17tr/m2 đất): 1. Vị trí và hiện trạng: 📄 … KĐT gửi anh Tuan Tran-CEO báo cáo cập nhật tình hình nghiên cứu quỹ đất 3.4ha tại đường Nguyễn Hữu Thọ, Nhà Bè, nay bổ sung thêm diện tích đất có tổng quy mô 3.97ha, giá chào bán 17tr/m",https://www.google.com/maps/search/v%C3%A0+hi%E1%BB%87n+tr%E1%BA%A1ng%3A+%F0%9F%93%84+%E2%80%A6+K%C4%90T+g%E1%BB%ADi+anh+Tuan+Tran-CEO+b%C3%A1o+c%C3%A1o+c%E1%BA%ADp+nh%E1%BA%ADt+t%C3%ACnh+h%C3%ACnh+nghi%C3%AAn+c%E1%BB%A9u+qu%E1%BB%B9+%C4%91%E1%BA%A5t+3.4ha+t%E1%BA%A1i+%C4%91%C6%B0%E1%BB%9Dng+Nguy%E1%BB%85n+H%E1%BB%AFu+Th%E1%BB%8D%2C+Nh%C3%A0+B%C3%A8%2C+nay+b%E1%BB%95+sung+th%C3%AAm+di%E1%BB%87n+t%C3%ADch+%C4%91%E1%BA%A5t+c%C3%B3+t%E1%BB%95ng+quy+m%C3%B4+3.97ha%2C+gi%C3%A1+ch%C3%A0o+b%C3%A1n+17tr%2Fm2+%C4%91%E1%BA%A5t+t%C6%B0%C6%A1ng+%C4%91%C6%B0%C6%A1n%2C+V%C3%AC+2+v%E1%BA%A5n+%C4%91%E1%BB%81+tr%C3%AAn%2C+TPHCM
BDS-MASTER-0167,Vương Bảo Long (kèm đánh giá pháp lý) *Hiện trạng,"Đường Bà Giang, An Bình, Dĩ An, Bình Dương. - Khu đất có 02 lối tiếp cận chính: + Đường Bà Giang - lối tiếp cận chính - bề rộng giáp đường rộng khoảng 16m. + Đường vào nghĩa trang - cập phía bên hông khu đất - bề rộng gi, Vương Bảo Long (kèm đánh giá pháp lý) *Hiện trạng, Bình Dương",10,2022-09-23,"[2022-09-23] Thao L - INVT 9/23/2022 5:58 PM Em gửi anh Tuan Tran-CEO báo cáo sơ bộ dự án Vương Bảo Long (kèm đánh giá pháp lý) *Hiện trạng: - Vị trí: Đường Bà Giang, An Bình, Dĩ An, Bình Dương. - Khu đất có 02 lối tiếp cận chính: + Đường Bà Giang - lối tiếp cận chính - bề rộng giáp đường rộng khoảng 16m. + Đường vào nghĩa trang - cập phía bên hông khu đất - bề rộng giáp đường rộng khoảng 245m. - Giáp phía sau khu đất là Nghĩa trang Hải Nam, và có mộ dân ở phía trước của khu đất, phía bên hông l",https://www.google.com/maps/search/%C4%90%C6%B0%E1%BB%9Dng+B%C3%A0+Giang%2C+An+B%C3%ACnh%2C+D%C4%A9+An%2C+B%C3%ACnh+D%C6%B0%C6%A1ng.+-+Khu+%C4%91%E1%BA%A5t+c%C3%B3+02+l%E1%BB%91i+ti%E1%BA%BFp+c%E1%BA%ADn+ch%C3%ADnh%3A+%2B+%C4%90%C6%B0%E1%BB%9Dng+B%C3%A0+Giang+-+l%E1%BB%91i+ti%E1%BA%BFp+c%E1%BA%ADn+ch%C3%ADnh+-+b%E1%BB%81+r%E1%BB%99ng+gi%C3%A1p+%C4%91%C6%B0%E1%BB%9Dng+r%E1%BB%99ng+kho%E1%BA%A3ng+16m.+%2B+%C4%90%C6%B0%E1%BB%9Dng+v%C3%A0o+ngh%C4%A9a+trang+-+c%E1%BA%ADp+ph%C3%ADa+b%C3%AAn+h%C3%B4ng+khu+%C4%91%E1%BA%A5t+-+b%E1%BB%81+r%E1%BB%99ng+gi%2C+V%C6%B0%C6%A1ng+B%E1%BA%A3o+Long+%28k%C3%A8m+%C4%91%C3%A1nh+gi%C3%A1+ph%C3%A1p+l%C3%BD%29+%2AHi%E1%BB%87n+tr%E1%BA%A1ng%2C+B%C3%ACnh+D%C6%B0%C6%A1ng
BDS-MASTER-0074,cao tầng Việt An,"Tiếp giáp đường D4 (vào bằng đường Thuận Giao 09), Thuận Giao, Thuận An, Bình Dương. • Link map: https://goo.gl/maps/xNEqZWHrXNzKYLHe6 • Hiện trạng: Đất trống + Nhà xưởng tạm. • Quy mô: Dự án cao tầng gồm 02 khối tháp, m, cao tầng Việt An, Thuận Giao, Bình Dương",10,2024-12-06,"[2024-12-06] Huy M - IM 12/6/2024 8:01 AM Translate K.ĐT báo cáo anh Tuan Tran-CEO về dự án cao tầng Việt An, Thuận Giao, Bình Dương như sau: 1/ THÔNG TIN DỰ ÁN: • Giá chào: 200 tỷ. • Diện tích đất: 9.652,2m2 ~ 20,7tr/m2. • Vị trí: Tiếp giáp đường D4 (vào bằng đường Thuận Giao 09), Thuận Giao, Thuận An, Bình Dương. • Link map: https://goo.gl/maps/xNEqZWHrXNzKYLHe6 • Hiện trạng: Đất trống + Nhà xưởng tạm. • Quy mô: Dự án cao tầng gồm 02 khối tháp, mỗi khối gồm 24 tầng + 2 hầm; HSSDĐ cả khu: 10,7 ",https://www.google.com/maps/search/Ti%E1%BA%BFp+gi%C3%A1p+%C4%91%C6%B0%E1%BB%9Dng+D4+%28v%C3%A0o+b%E1%BA%B1ng+%C4%91%C6%B0%E1%BB%9Dng+Thu%E1%BA%ADn+Giao+09%29%2C+Thu%E1%BA%ADn+Giao%2C+Thu%E1%BA%ADn+An%2C+B%C3%ACnh+D%C6%B0%C6%A1ng.+%E2%80%A2+Link+map%3A+https%3A%2F%2Fgoo.gl%2Fmaps%2FxNEqZWHrXNzKYLHe6+%E2%80%A2+Hi%E1%BB%87n+tr%E1%BA%A1ng%3A+%C4%90%E1%BA%A5t+tr%E1%BB%91ng+%2B+Nh%C3%A0+x%C6%B0%E1%BB%9Fng+t%E1%BA%A1m.+%E2%80%A2+Quy+m%C3%B4%3A+D%E1%BB%B1+%C3%A1n+cao+t%E1%BA%A7ng+g%E1%BB%93m+02+kh%E1%BB%91i+th%C3%A1p%2C+m%2C+cao+t%E1%BA%A7ng+Vi%E1%BB%87t+An%2C+Thu%E1%BA%ADn+Giao%2C+B%C3%ACnh+D%C6%B0%C6%A1ng
BDS-MASTER-0194,cao tầng với tổng diện tích đất dự án là 10,"và hiện trạng: - Dự án cao tầng với tổng diện tích đất dự án là 10,490m2 - Giá chuyển nhượng: 65tr/m2 cho phần diện tích chuyển mục đích sử dụng đất - 10,490m2 và đảm bảo phải phù hợp Quy hoạch 1/2000 và 1/500 tương đươn, cao tầng với tổng diện tích đất dự án là 10, Phú Quốc",10,2024-09-25,"[2024-09-25] Thao L - INVT 9/25/2024 4:30 PM Edited Translate K.ĐT báo cáo anh Mr Mike1 -CEO về Chung cư Landmark, Dương Đông, Phú Quốc - Nguồn: Mr. Tâm , như sau: 1. Thông tin, vị trí và hiện trạng: - Dự án cao tầng với tổng diện tích đất dự án là 10,490m2 - Giá chuyển nhượng: 65tr/m2 cho phần diện tích chuyển mục đích sử dụng đất - 10,490m2 và đảm bảo phải phù hợp Quy hoạch 1/2000 và 1/500 tương đương 681.86 tỷ. - Hiện trạng đất trống và chờ làm hạ tầng, không có đường/hẻm (được công nhận) tiế",https://www.google.com/maps/search/v%C3%A0+hi%E1%BB%87n+tr%E1%BA%A1ng%3A+-+D%E1%BB%B1+%C3%A1n+cao+t%E1%BA%A7ng+v%E1%BB%9Bi+t%E1%BB%95ng+di%E1%BB%87n+t%C3%ADch+%C4%91%E1%BA%A5t+d%E1%BB%B1+%C3%A1n+l%C3%A0+10%2C490m2+-+Gi%C3%A1+chuy%E1%BB%83n+nh%C6%B0%E1%BB%A3ng%3A+65tr%2Fm2+cho+ph%E1%BA%A7n+di%E1%BB%87n+t%C3%ADch+chuy%E1%BB%83n+m%E1%BB%A5c+%C4%91%C3%ADch+s%E1%BB%AD+d%E1%BB%A5ng+%C4%91%E1%BA%A5t+-+10%2C490m2+v%C3%A0+%C4%91%E1%BA%A3m+b%E1%BA%A3o+ph%E1%BA%A3i+ph%C3%B9+h%E1%BB%A3p+Quy+ho%E1%BA%A1ch+1%2F2000+v%C3%A0+1%2F500+t%C6%B0%C6%A1ng+%C4%91%C6%B0%C6%A1n%2C+cao+t%E1%BA%A7ng+v%E1%BB%9Bi+t%E1%BB%95ng+di%E1%BB%87n+t%C3%ADch+%C4%91%E1%BA%A5t+d%E1%BB%B1+%C3%A1n+l%C3%A0+10%2C+Ph%C3%BA+Qu%E1%BB%91c
BDS-MASTER-0056,chung cư Thuận Nghiệp - DT743C,"DT743C, P.Tân Đông Hiệp, Dĩ An, Bình Dương. Diện tích: 22.394 m2 Hiện trạng: Cho thuê kho bãi 2. Pháp lý dự án: 2.1.Pháp lý đất: Khu đất dự án là 100% đất SKC, đất thuê trả tiền hàng năm có thời hạn sử dụng đất đến 2031., chung cư Thuận Nghiệp - DT743C, Bình Dương",10,2025-04-09,"[2025-04-09] Khoa L - INVT 4/9/2025 5:50 PM Translate P. ĐT xin phép báo cáo anh Mr Mike1 -CEO về dự án chung cư Thuận Nghiệp - DT743C, Tân Đông Hiệp, Dĩ An-Bình Dương như sau: 1.Thông tin dự án: Vị trí: DT743C, P.Tân Đông Hiệp, Dĩ An, Bình Dương. Diện tích: 22.394 m2 Hiện trạng: Cho thuê kho bãi 2. Pháp lý dự án: 2.1.Pháp lý đất: Khu đất dự án là 100% đất SKC, đất thuê trả tiền hàng năm có thời hạn sử dụng đất đến 2031. 2.2 Pháp lý đầu tư: chưa có thông tin đầu tư 2.3 Pháp lý quy hoạch: chưa có",https://www.google.com/maps/search/DT743C%2C+P.T%C3%A2n+%C4%90%C3%B4ng+Hi%E1%BB%87p%2C+D%C4%A9+An%2C+B%C3%ACnh+D%C6%B0%C6%A1ng.+Di%E1%BB%87n+t%C3%ADch%3A+22.394+m2+Hi%E1%BB%87n+tr%E1%BA%A1ng%3A+Cho+thu%C3%AA+kho+b%C3%A3i+2.+Ph%C3%A1p+l%C3%BD+d%E1%BB%B1+%C3%A1n%3A+2.1.Ph%C3%A1p+l%C3%BD+%C4%91%E1%BA%A5t%3A+Khu+%C4%91%E1%BA%A5t+d%E1%BB%B1+%C3%A1n+l%C3%A0+100%25+%C4%91%E1%BA%A5t+SKC%2C+%C4%91%E1%BA%A5t+thu%C3%AA+tr%E1%BA%A3+ti%E1%BB%81n+h%C3%A0ng+n%C4%83m+c%C3%B3+th%E1%BB%9Di+h%E1%BA%A1n+s%E1%BB%AD+d%E1%BB%A5ng+%C4%91%E1%BA%A5t+%C4%91%E1%BA%BFn+2031.%2C+chung+c%C6%B0+Thu%E1%BA%ADn+Nghi%E1%BB%87p+-+DT743C%2C+B%C3%ACnh+D%C6%B0%C6%A1ng
BDS-MASTER-0089,chung cư Thành Lộc với tổng diện tích đất phù hợp quy hoạch để thực hiện dự án là 8,"dự án: Dự án nằm trên đường Hồ Văn Mên (Quy hoạch làm tuyến đường vành đai 3) có bán kính cách thành phố mới Bình Dương 10 km, Khu công nghiệp VSIP 1 4km và sân bay Tân Sơn Nhất 15 km. 2. Pháp lý đất: Diện tích đất 9582., chung cư Thành Lộc với tổng diện tích đất phù hợp quy hoạch để thực hiện dự án là 8, Bình Dương",10,2022-08-09,"[2022-08-09] Quy Vo-PTDT 8/9/2022 4:15 PM KĐT gửi Mr.Tuấn Tuan Tran-CEO Báo cáo Dự án chung cư Thành Lộc với tổng diện tích đất phù hợp quy hoạch để thực hiện dự án là 8,368.3m2 (giá chào bán khoảng 300 tỷ tương đương 31.3 tr/m2 trên diện tích đất chào bán 9,582.6m2) thuộc phường An Thạnh, thành phố Thuận An, tỉnh Bình Dương: 1. Vị trí dự án: Dự án nằm trên đường Hồ Văn Mên (Quy hoạch làm tuyến đường vành đai 3) có bán kính cách thành phố mới Bình Dương 10 km, Khu công nghiệp VSIP 1 4km và sân b",https://www.google.com/maps/search/d%E1%BB%B1+%C3%A1n%3A+D%E1%BB%B1+%C3%A1n+n%E1%BA%B1m+tr%C3%AAn+%C4%91%C6%B0%E1%BB%9Dng+H%E1%BB%93+V%C4%83n+M%C3%AAn+%28Quy+ho%E1%BA%A1ch+l%C3%A0m+tuy%E1%BA%BFn+%C4%91%C6%B0%E1%BB%9Dng+v%C3%A0nh+%C4%91ai+3%29+c%C3%B3+b%C3%A1n+k%C3%ADnh+c%C3%A1ch+th%C3%A0nh+ph%E1%BB%91+m%E1%BB%9Bi+B%C3%ACnh+D%C6%B0%C6%A1ng+10+km%2C+Khu+c%C3%B4ng+nghi%E1%BB%87p+VSIP+1+4km+v%C3%A0+s%C3%A2n+bay+T%C3%A2n+S%C6%A1n+Nh%E1%BA%A5t+15+km.+2.+Ph%C3%A1p+l%C3%BD+%C4%91%E1%BA%A5t%3A+Di%E1%BB%87n+t%C3%ADch+%C4%91%E1%BA%A5t+9582.%2C+chung+c%C6%B0+Th%C3%A0nh+L%E1%BB%99c+v%E1%BB%9Bi+t%E1%BB%95ng+di%E1%BB%87n+t%C3%ADch+%C4%91%E1%BA%A5t+ph%C3%B9+h%E1%BB%A3p+quy+ho%E1%BA%A1ch+%C4%91%E1%BB%83+th%E1%BB%B1c+hi%E1%BB%87n+d%E1%BB%B1+%C3%A1n+l%C3%A0+8%2C+B%C3%ACnh+D%C6%B0%C6%A1ng
BDS-MASTER-0063,chung cư tại Tân Bình,"và hiện trạng: - Dự án có 2 mặt tiền hẻm: 1 hẻm bê tông kế nối đường Thanh Niên và 1 hẻm bê tông kết nối đường Nguyễn Thị Minh Khai, Phường Tân Bình, TP Dĩ An, Bình Dương - Cách Đường Mỹ Phước Tân Vạn 640m - Cách Đường D, chung cư tại Tân Bình, Biên Hòa, Bình Dương",10,2022-11-16,"[2022-11-16] Trieu Nguyen-PTDT 11/16/2022 3:35 PM Edited KĐT gửi anh Tuan Tran-CEO báo cáo dự án chung cư tại Tân Bình, Dĩ An, Bình Dương có quy mô 9379m2, có giá chào 380 tỷ nhưng do chủ cần bán gấp nên vẫn có thể thương lượng ở mức 320 tỷ trong đó 237.55 tỷ (25.3 tr.đồng/m2)là tiền chuyển nhượng đất và tiền sử dụng đất + 82.45 tỷ là tiền đền bù và hoàn thành đường kết nối N5 có lộ giới 17m chiều dài 150m, cụ thể: Vị trí và hiện trạng: - Dự án có 2 mặt tiền hẻm: 1 hẻm bê tông kế nối đường Thanh",https://www.google.com/maps/search/v%C3%A0+hi%E1%BB%87n+tr%E1%BA%A1ng%3A+-+D%E1%BB%B1+%C3%A1n+c%C3%B3+2+m%E1%BA%B7t+ti%E1%BB%81n+h%E1%BA%BBm%3A+1+h%E1%BA%BBm+b%C3%AA+t%C3%B4ng+k%E1%BA%BF+n%E1%BB%91i+%C4%91%C6%B0%E1%BB%9Dng+Thanh+Ni%C3%AAn+v%C3%A0+1+h%E1%BA%BBm+b%C3%AA+t%C3%B4ng+k%E1%BA%BFt+n%E1%BB%91i+%C4%91%C6%B0%E1%BB%9Dng+Nguy%E1%BB%85n+Th%E1%BB%8B+Minh+Khai%2C+Ph%C6%B0%E1%BB%9Dng+T%C3%A2n+B%C3%ACnh%2C+TP+D%C4%A9+An%2C+B%C3%ACnh+D%C6%B0%C6%A1ng+-+C%C3%A1ch+%C4%90%C6%B0%E1%BB%9Dng+M%E1%BB%B9+Ph%C6%B0%E1%BB%9Bc+T%C3%A2n+V%E1%BA%A1n+640m+-+C%C3%A1ch+%C4%90%C6%B0%E1%BB%9Dng+D%2C+chung+c%C6%B0+t%E1%BA%A1i+T%C3%A2n+B%C3%ACnh%2C+Bi%C3%AAn+H%C3%B2a%2C+B%C3%ACnh+D%C6%B0%C6%A1ng
BDS-MASTER-0255,chỉ mới trong giai đoạn pháp lý đền bù GPMB thì được xem là quỹ đất và được định giá lại theo phương thức giá,"trụ sở: 36 Nguyễn Thái Học, P.7, Tp.Vũng Tàu - Thị giá cổ phiếu (07/05/2025): 23.400 đồng/cp - Số lượng cổ phiếu lưu hành: 178.354.966 cổ phần b. Các giả định trong bài tính - Đối với dự án chỉ mới trong giai đoạn pháp l, chỉ mới trong giai đoạn pháp lý đền bù GPMB thì được xem là quỹ đất và được định giá lại theo phương thức giá, Bà Rịa – Vũng Tàu - Vị trí trụ sở: 36 Nguyễn Thái Học",10,2025-05-06,"[] Báo cáo anh Mr Mike1 -CEO, Phòng Đầu tư xin báo cáo tóm tắt định giá sơ bộ công ty HDC Tương tự DIG, đối với HDC cũng sẽ áp dụng phương pháp đánh giá tài sản sòng bằng việc xác định lại giá trị của các dự án/quỹ đất của HDC được ghi nhận trên BCTC a. Thông tin Công ty: - Tên công ty: Công ty Cổ phần Phát triển Nhà Bà Rịa – Vũng Tàu - Vị trí trụ sở: 36 Nguyễn Thái Học, P.7, Tp.Vũng Tàu - Thị giá cổ phiếu (07/05/2025): 23.400 đồng/cp - Số lượng cổ phiếu lưu hành: 178.354.966 cổ phần b. Các giả ",https://www.google.com/maps/search/tr%E1%BB%A5+s%E1%BB%9F%3A+36+Nguy%E1%BB%85n+Th%C3%A1i+H%E1%BB%8Dc%2C+P.7%2C+Tp.V%C5%A9ng+T%C3%A0u+-+Th%E1%BB%8B+gi%C3%A1+c%E1%BB%95+phi%E1%BA%BFu+%2807%2F05%2F2025%29%3A+23.400+%C4%91%E1%BB%93ng%2Fcp+-+S%E1%BB%91+l%C6%B0%E1%BB%A3ng+c%E1%BB%95+phi%E1%BA%BFu+l%C6%B0u+h%C3%A0nh%3A+178.354.966+c%E1%BB%95+ph%E1%BA%A7n+b.+C%C3%A1c+gi%E1%BA%A3+%C4%91%E1%BB%8Bnh+trong+b%C3%A0i+t%C3%ADnh+-+%C4%90%E1%BB%91i+v%E1%BB%9Bi+d%E1%BB%B1+%C3%A1n+ch%E1%BB%89+m%E1%BB%9Bi+trong+giai+%C4%91o%E1%BA%A1n+ph%C3%A1p+l%2C+ch%E1%BB%89+m%E1%BB%9Bi+trong+giai+%C4%91o%E1%BA%A1n+ph%C3%A1p+l%C3%BD+%C4%91%E1%BB%81n+b%C3%B9+GPMB+th%C3%AC+%C4%91%C6%B0%E1%BB%A3c+xem+l%C3%A0+qu%E1%BB%B9+%C4%91%E1%BA%A5t+v%C3%A0+%C4%91%C6%B0%E1%BB%A3c+%C4%91%E1%BB%8Bnh+gi%C3%A1+l%E1%BA%A1i+theo+ph%C6%B0%C6%A1ng+th%E1%BB%A9c+gi%C3%A1%2C+B%C3%A0+R%E1%BB%8Ba+%E2%80%93+V%C5%A9ng+T%C3%A0u+-+V%E1%BB%8B+tr%C3%AD+tr%E1%BB%A5+s%E1%BB%9F%3A+36+Nguy%E1%BB%85n+Th%C3%A1i+H%E1%BB%8Dc
BDS-MASTER-0076,có 1 mặt tiền đường Song Hành rộng khoảng 110m của đường Xa lộ Hà Nội,"và hiện trạng: Dự án có 1 mặt tiền đường Song Hành rộng khoảng 110m của đường Xa lộ Hà Nội, và 1 mặt tiền đường Linh Trung rộng khoảng 200m tại P.Linh Trung, Thủ Đức, TPHCM Dự án nằm cách điểm lên ga Metro khoảng 500m, c, có 1 mặt tiền đường Song Hành rộng khoảng 110m của đường Xa lộ Hà Nội, Thủ Đức, TPHCM",10,2022-09-06,"[2022-09-06] Trieu Nguyen-PTDT 9/6/2022 10:34 AM Edited KĐT gửi anh Tuan Tran-CEO báo cáo dự án 2.6ha tại mặt tiền đường Song Hành XLHN, Thủ Đức có giá chào 1250 tỷ (48tr.đồng/m2 đất), cụ thể: Vị trí và hiện trạng: Dự án có 1 mặt tiền đường Song Hành rộng khoảng 110m của đường Xa lộ Hà Nội, và 1 mặt tiền đường Linh Trung rộng khoảng 200m tại P.Linh Trung, Thủ Đức, TPHCM Dự án nằm cách điểm lên ga Metro khoảng 500m, cách cầu Sài Gòn khoảng 10km, cách đường Nguyễn Huệ, Q1 khoảng 15km Hiện trạng có",https://www.google.com/maps/search/v%C3%A0+hi%E1%BB%87n+tr%E1%BA%A1ng%3A+D%E1%BB%B1+%C3%A1n+c%C3%B3+1+m%E1%BA%B7t+ti%E1%BB%81n+%C4%91%C6%B0%E1%BB%9Dng+Song+H%C3%A0nh+r%E1%BB%99ng+kho%E1%BA%A3ng+110m+c%E1%BB%A7a+%C4%91%C6%B0%E1%BB%9Dng+Xa+l%E1%BB%99+H%C3%A0+N%E1%BB%99i%2C+v%C3%A0+1+m%E1%BA%B7t+ti%E1%BB%81n+%C4%91%C6%B0%E1%BB%9Dng+Linh+Trung+r%E1%BB%99ng+kho%E1%BA%A3ng+200m+t%E1%BA%A1i+P.Linh+Trung%2C+Th%E1%BB%A7+%C4%90%E1%BB%A9c%2C+TPHCM+D%E1%BB%B1+%C3%A1n+n%E1%BA%B1m+c%C3%A1ch+%C4%91i%E1%BB%83m+l%C3%AAn+ga+Metro+kho%E1%BA%A3ng+500m%2C+c%2C+c%C3%B3+1+m%E1%BA%B7t+ti%E1%BB%81n+%C4%91%C6%B0%E1%BB%9Dng+Song+H%C3%A0nh+r%E1%BB%99ng+kho%E1%BA%A3ng+110m+c%E1%BB%A7a+%C4%91%C6%B0%E1%BB%9Dng+Xa+l%E1%BB%99+H%C3%A0+N%E1%BB%99i%2C+Th%E1%BB%A7+%C4%90%E1%BB%A9c%2C+TPHCM
BDS-MASTER-0064,có 2 mặt tiền đường Thuận An Hóa rộng khoảng 60m,"và hiện trạng: Dự án có 2 mặt tiền đường Thuận An Hóa rộng khoảng 60m, và mặt tiền đường An Phú 11 rộng khoảng 175m Nằm cách đường Mỹ Phước – Tân Vạn khoảng 80m, cách Quốc lộ 13 khoảng 3.5km, cách địa phận TPHCM khoảng 1, có 2 mặt tiền đường Thuận An Hóa rộng khoảng 60m, Bình Dương",10,2022-09-06,"[2022-09-06] Trieu Nguyen-PTDT 9/6/2022 12:09 PM KĐT gửi anh Tuan Tran-CEO báo cáo dự án 1.2ha tại đường Thuận An Hóa, Thuận An, Bình Dương có giá chào 240 tỷ (18.575 tr.đồng/m2 đất), cụ thể: Vị trí và hiện trạng: Dự án có 2 mặt tiền đường Thuận An Hóa rộng khoảng 60m, và mặt tiền đường An Phú 11 rộng khoảng 175m Nằm cách đường Mỹ Phước – Tân Vạn khoảng 80m, cách Quốc lộ 13 khoảng 3.5km, cách địa phận TPHCM khoảng 10km, cách trung tâm TPHCM khoảng 25km, cách sân bay Tân Sơn Nhất khoảng 25km Xung",https://www.google.com/maps/search/v%C3%A0+hi%E1%BB%87n+tr%E1%BA%A1ng%3A+D%E1%BB%B1+%C3%A1n+c%C3%B3+2+m%E1%BA%B7t+ti%E1%BB%81n+%C4%91%C6%B0%E1%BB%9Dng+Thu%E1%BA%ADn+An+H%C3%B3a+r%E1%BB%99ng+kho%E1%BA%A3ng+60m%2C+v%C3%A0+m%E1%BA%B7t+ti%E1%BB%81n+%C4%91%C6%B0%E1%BB%9Dng+An+Ph%C3%BA+11+r%E1%BB%99ng+kho%E1%BA%A3ng+175m+N%E1%BA%B1m+c%C3%A1ch+%C4%91%C6%B0%E1%BB%9Dng+M%E1%BB%B9+Ph%C6%B0%E1%BB%9Bc+%E2%80%93+T%C3%A2n+V%E1%BA%A1n+kho%E1%BA%A3ng+80m%2C+c%C3%A1ch+Qu%E1%BB%91c+l%E1%BB%99+13+kho%E1%BA%A3ng+3.5km%2C+c%C3%A1ch+%C4%91%E1%BB%8Ba+ph%E1%BA%ADn+TPHCM+kho%E1%BA%A3ng+1%2C+c%C3%B3+2+m%E1%BA%B7t+ti%E1%BB%81n+%C4%91%C6%B0%E1%BB%9Dng+Thu%E1%BA%ADn+An+H%C3%B3a+r%E1%BB%99ng+kho%E1%BA%A3ng+60m%2C+B%C3%ACnh+D%C6%B0%C6%A1ng
BDS-MASTER-0090,có mặt tiền rộng khoảng 100m ngay đường Nguyễn Hữu Thọ,"và hiện trạng: - Dự án có mặt tiền rộng khoảng 100m ngay đường Nguyễn Hữu Thọ, Nhà Bè, TPHCM, cách đường Nguyễn Văn Linh, Q7 khoảng 5km, cách trung tâm Q1 khoảng 11km, cách sân bay Tân Sơn Nhất khoảng 17km - Nằm đối diện, có mặt tiền rộng khoảng 100m ngay đường Nguyễn Hữu Thọ, TPHCM",10,2022-08-26,"[2022-08-26] Trieu Nguyen-PTDT 8/26/2022 2:10 PM Edited Dear anh Tuan Tran-CEO, Anh Binh Vo-GD-PTDT và Mi đã gặp bên chào bán là công ty Anh Tuấn để lấy thông tin sơ bộ 2 dự án 3.4ha và 3ha, thông tin cụ thể: A/ Dự án 3.4ha tại đường Nguyễn Hữu Thọ, Nhà Bè, TPHCM có giá chào 589 tỷ (17tr/m2 đất): 1. Vị trí và hiện trạng: - Dự án có mặt tiền rộng khoảng 100m ngay đường Nguyễn Hữu Thọ, Nhà Bè, TPHCM, cách đường Nguyễn Văn Linh, Q7 khoảng 5km, cách trung tâm Q1 khoảng 11km, cách sân bay Tân Sơn Nhấ",https://www.google.com/maps/search/v%C3%A0+hi%E1%BB%87n+tr%E1%BA%A1ng%3A+-+D%E1%BB%B1+%C3%A1n+c%C3%B3+m%E1%BA%B7t+ti%E1%BB%81n+r%E1%BB%99ng+kho%E1%BA%A3ng+100m+ngay+%C4%91%C6%B0%E1%BB%9Dng+Nguy%E1%BB%85n+H%E1%BB%AFu+Th%E1%BB%8D%2C+Nh%C3%A0+B%C3%A8%2C+TPHCM%2C+c%C3%A1ch+%C4%91%C6%B0%E1%BB%9Dng+Nguy%E1%BB%85n+V%C4%83n+Linh%2C+Q7+kho%E1%BA%A3ng+5km%2C+c%C3%A1ch+trung+t%C3%A2m+Q1+kho%E1%BA%A3ng+11km%2C+c%C3%A1ch+s%C3%A2n+bay+T%C3%A2n+S%C6%A1n+Nh%E1%BA%A5t+kho%E1%BA%A3ng+17km+-+N%E1%BA%B1m+%C4%91%E1%BB%91i+di%E1%BB%87n%2C+c%C3%B3+m%E1%BA%B7t+ti%E1%BB%81n+r%E1%BB%99ng+kho%E1%BA%A3ng+100m+ngay+%C4%91%C6%B0%E1%BB%9Dng+Nguy%E1%BB%85n+H%E1%BB%AFu+Th%E1%BB%8D%2C+TPHCM
BDS-MASTER-0170,có tỷ lệ LNTT/TMDT đạt hiệu quả nhưng không đạt hiệu quả về chỉ tiêu IRR,"https://goo.gl/maps/eqfdgJBc7XT7VhAW8 Link hồ sơ: 50ha Vĩnh Phúc - OneDrive (sharepoint.com) Google Maps Tìm kiếm các doanh nghiệp địa phương, xem bản đồ và tìm chỉ đường trên Google Maps. goo.gl Image Vị trí dự án 50ha, có tỷ lệ LNTT/TMDT đạt hiệu quả nhưng không đạt hiệu quả về chỉ tiêu IRR, Vĩnh Phúc",10,2024-12-16,"[2024-12-16] Huy M - IM 12/16/2024 5:49 PM Translate 8) Hiệu quả tài chính: • Lợi nhuận trước thuế/TMĐT: 24.1% • NPV chủ đầu tư: (20,637) • IRR chủ đầu tư: 11.68% 9) Kết luận: Dự án có tỷ lệ LNTT/TMDT đạt hiệu quả nhưng không đạt hiệu quả về chỉ tiêu IRR, NPV 10) Đề xuất: • Thị trường huyện Vĩnh Tường và Yên Lạc chưa phù hợp với việc phát triển trung tâm thương mại dịch vụ vì nhu cầu thị trường thấp, tính thanh khoản kém. Để dự án đạt hiệu quả hơn, K.ĐT đề xuất chuyển toàn bộ (hoặc đa phần) đất ",https://www.google.com/maps/search/https%3A%2F%2Fgoo.gl%2Fmaps%2FeqfdgJBc7XT7VhAW8+Link+h%E1%BB%93+s%C6%A1%3A+50ha+V%C4%A9nh+Ph%C3%BAc+-+OneDrive+%28sharepoint.com%29+Google+Maps+T%C3%ACm+ki%E1%BA%BFm+c%C3%A1c+doanh+nghi%E1%BB%87p+%C4%91%E1%BB%8Ba+ph%C6%B0%C6%A1ng%2C+xem+b%E1%BA%A3n+%C4%91%E1%BB%93+v%C3%A0+t%C3%ACm+ch%E1%BB%89+%C4%91%C6%B0%E1%BB%9Dng+tr%C3%AAn+Google+Maps.+goo.gl+Image+V%E1%BB%8B+tr%C3%AD+d%E1%BB%B1+%C3%A1n+50ha%2C+c%C3%B3+t%E1%BB%B7+l%E1%BB%87+LNTT%2FTMDT+%C4%91%E1%BA%A1t+hi%E1%BB%87u+qu%E1%BA%A3+nh%C6%B0ng+kh%C3%B4ng+%C4%91%E1%BA%A1t+hi%E1%BB%87u+qu%E1%BA%A3+v%E1%BB%81+ch%E1%BB%89+ti%C3%AAu+IRR%2C+V%C4%A9nh+Ph%C3%BAc
BDS-MASTER-0116,khu nhà ở Lộc Phú Gia với tổng diện tích đất thực hiện dự án là 690,"dự án: - Dự án tiếp giáp 2 mặt tiền đường hiện hữu: + Mặt tiền tiếp giáp khoảng 643m, giáp đường ĐH 505, đường nhựa rộng khoảng 10m (QH đường dự kiến 32m); + Mặt tiền tiếp giáp đường khoảng 95m, giáp đường ĐH 507 đường n, khu nhà ở Lộc Phú Gia với tổng diện tích đất thực hiện dự án là 690, Bình Dương",10,2022-08-26,"[] Báo cáo Dự án khu nhà ở Lộc Phú Gia với tổng diện tích đất thực hiện dự án là 690.000 m2 (giá chào bán khoảng 1,725 tỷ tương đương 2.5 tr/m2) tại mặt tiền đường ĐH 505 và ĐH 507 thuộc Xã Vĩnh Hòa, Huyện Phú Giáo, Tỉnh Bình Dương: Vị trí dự án: - Dự án tiếp giáp 2 mặt tiền đường hiện hữu: + Mặt tiền tiếp giáp khoảng 643m, giáp đường ĐH 505, đường nhựa rộng khoảng 10m (QH đường dự kiến 32m); + Mặt tiền tiếp giáp đường khoảng 95m, giáp đường ĐH 507 đường nhựa rộng khoảng 10m (QH đườ",https://www.google.com/maps/search/d%E1%BB%B1+%C3%A1n%3A+-+D%E1%BB%B1+%C3%A1n+ti%E1%BA%BFp+gi%C3%A1p+2+m%E1%BA%B7t+ti%E1%BB%81n+%C4%91%C6%B0%E1%BB%9Dng+hi%E1%BB%87n+h%E1%BB%AFu%3A+%2B+M%E1%BA%B7t+ti%E1%BB%81n+ti%E1%BA%BFp+gi%C3%A1p+kho%E1%BA%A3ng+643m%2C+gi%C3%A1p+%C4%91%C6%B0%E1%BB%9Dng+%C4%90H+505%2C+%C4%91%C6%B0%E1%BB%9Dng+nh%E1%BB%B1a+r%E1%BB%99ng+kho%E1%BA%A3ng+10m+%28QH+%C4%91%C6%B0%E1%BB%9Dng+d%E1%BB%B1+ki%E1%BA%BFn+32m%29%3B+%2B+M%E1%BA%B7t+ti%E1%BB%81n+ti%E1%BA%BFp+gi%C3%A1p+%C4%91%C6%B0%E1%BB%9Dng+kho%E1%BA%A3ng+95m%2C+gi%C3%A1p+%C4%91%C6%B0%E1%BB%9Dng+%C4%90H+507+%C4%91%C6%B0%E1%BB%9Dng+n%2C+khu+nh%C3%A0+%E1%BB%9F+L%E1%BB%99c+Ph%C3%BA+Gia+v%E1%BB%9Bi+t%E1%BB%95ng+di%E1%BB%87n+t%C3%ADch+%C4%91%E1%BA%A5t+th%E1%BB%B1c+hi%E1%BB%87n+d%E1%BB%B1+%C3%A1n+l%C3%A0+690%2C+B%C3%ACnh+D%C6%B0%C6%A1ng
BDS-MASTER-0141,khu nhà ở Tân Mai (thuộc danh sách dự kiến đấu giá tại Đồng Nai 2026) A) Thông tin chung,"P.Trấn Biên, Đồng Nai - Diện tích toàn khu: 131.690,94 m2 - Mục đích dự án theo QH sử dụng đất và QH xây dựng: KDC nhà ở kết hợp TMDV, cơ sở giáo dục – văn hóa – y tế. B) Định giá đất theo hiệu quả dự án: - Giả định kinh, khu nhà ở Tân Mai (thuộc danh sách dự kiến đấu giá tại Đồng Nai 2026) A) Thông tin chung, Biên Hòa, Đồng Nai",10,2026-01-23,"[] P.ĐT báo cáo sếp Admin 01 dự án khu nhà ở Tân Mai (thuộc danh sách dự kiến đấu giá tại Đồng Nai 2026) A) Thông tin chung: - Vị trí: P.Trấn Biên, Đồng Nai - Diện tích toàn khu: 131.690,94 m2 - Mục đích dự án theo QH sử dụng đất và QH xây dựng: KDC nhà ở kết hợp TMDV, cơ sở giáo dục – văn hóa – y tế. B) Định giá đất theo hiệu quả dự án: - Giả định kinh doanh: Thời gian bán hàng từ Q2/2027 – Q1/2030 Căn hộ: 55 – 60 tr/m2 Shop TMDV: 75 – 80 tr/m2 Nhà phố liên kế: 95 – 100tr/m2 Shophouse liên kế: ",https://www.google.com/maps/search/P.Tr%E1%BA%A5n+Bi%C3%AAn%2C+%C4%90%E1%BB%93ng+Nai+-+Di%E1%BB%87n+t%C3%ADch+to%C3%A0n+khu%3A+131.690%2C94+m2+-+M%E1%BB%A5c+%C4%91%C3%ADch+d%E1%BB%B1+%C3%A1n+theo+QH+s%E1%BB%AD+d%E1%BB%A5ng+%C4%91%E1%BA%A5t+v%C3%A0+QH+x%C3%A2y+d%E1%BB%B1ng%3A+KDC+nh%C3%A0+%E1%BB%9F+k%E1%BA%BFt+h%E1%BB%A3p+TMDV%2C+c%C6%A1+s%E1%BB%9F+gi%C3%A1o+d%E1%BB%A5c+%E2%80%93+v%C4%83n+h%C3%B3a+%E2%80%93+y+t%E1%BA%BF.+B%29+%C4%90%E1%BB%8Bnh+gi%C3%A1+%C4%91%E1%BA%A5t+theo+hi%E1%BB%87u+qu%E1%BA%A3+d%E1%BB%B1+%C3%A1n%3A+-+Gi%E1%BA%A3+%C4%91%E1%BB%8Bnh+kinh%2C+khu+nh%C3%A0+%E1%BB%9F+T%C3%A2n+Mai+%28thu%E1%BB%99c+danh+s%C3%A1ch+d%E1%BB%B1+ki%E1%BA%BFn+%C4%91%E1%BA%A5u+gi%C3%A1+t%E1%BA%A1i+%C4%90%E1%BB%93ng+Nai+2026%29+A%29+Th%C3%B4ng+tin+chung%2C+Bi%C3%AAn+H%C3%B2a%2C+%C4%90%E1%BB%93ng+Nai
BDS-MASTER-0117,khu tổ hợp văn phòng cho thuê,"dự án: Dự án cách sân bay khoảng 5Km, cách trung tâm quận Hải Châu khoảng 2Km, cách bãi tắm Phạm Văn Đồng khoảng 1Km. Dự án có 4 mặt tiền đường Phạm Văn Đồng, Chính Hữu, Dương Đình Nghệ, Lý Văn Tố tuy nhiên hình dạng lô, khu tổ hợp văn phòng cho thuê, Đà Nẵng",10,2022-08-10,"[2022-08-10] Quy Vo-PTDT 8/10/2022 10:04 AM KĐT gửi Mr.Tuấn Tuan Tran-CEO Báo cáo Dự án khu tổ hợp văn phòng cho thuê, khách sạn và chung cư Redstar với diện tích đất 12,364 m2 (giá chào bán khoảng 2,100 tỷ tương đương 170 tr/m2) thuộc khu số 1,3,4, tờ bản đồ số QH:02, đường Phạm Văn Đồng, phường An Hải Bắc, quận Sơn Trà, thành phố Đà Nẵng: 1. Vị trí dự án: Dự án cách sân bay khoảng 5Km, cách trung tâm quận Hải Châu khoảng 2Km, cách bãi tắm Phạm Văn Đồng khoảng 1Km. Dự án có 4 mặt tiền đường Phạ",https://www.google.com/maps/search/d%E1%BB%B1+%C3%A1n%3A+D%E1%BB%B1+%C3%A1n+c%C3%A1ch+s%C3%A2n+bay+kho%E1%BA%A3ng+5Km%2C+c%C3%A1ch+trung+t%C3%A2m+qu%E1%BA%ADn+H%E1%BA%A3i+Ch%C3%A2u+kho%E1%BA%A3ng+2Km%2C+c%C3%A1ch+b%C3%A3i+t%E1%BA%AFm+Ph%E1%BA%A1m+V%C4%83n+%C4%90%E1%BB%93ng+kho%E1%BA%A3ng+1Km.+D%E1%BB%B1+%C3%A1n+c%C3%B3+4+m%E1%BA%B7t+ti%E1%BB%81n+%C4%91%C6%B0%E1%BB%9Dng+Ph%E1%BA%A1m+V%C4%83n+%C4%90%E1%BB%93ng%2C+Ch%C3%ADnh+H%E1%BB%AFu%2C+D%C6%B0%C6%A1ng+%C4%90%C3%ACnh+Ngh%E1%BB%87%2C+L%C3%BD+V%C4%83n+T%E1%BB%91+tuy+nhi%C3%AAn+h%C3%ACnh+d%E1%BA%A1ng+l%C3%B4%2C+khu+t%E1%BB%95+h%E1%BB%A3p+v%C4%83n+ph%C3%B2ng+cho+thu%C3%AA%2C+%C4%90%C3%A0+N%E1%BA%B5ng
BDS-MASTER-0144,không đạt hiệu quả tài chính,"https://goo.gl/maps/AivqKgNA3GRARDNZ7 Link hồ sơ: https://belgroupvn.sharepoint.com/:f:/s/BeeGroupCEOOffice-03.KhiuT/Etmt7yNBh7FAocEwZEduLDgB98w43UUGiZXejtAUkUneSg?e=ooQRz3 *Thị trường Văn phòng: Image by Thao L - INVT, không đạt hiệu quả tài chính, Vĩnh Phúc",10,2023-04-11,"[2023-04-11] Thao L - INVT 4/11/2023 10:35 AM Edited 7.Hiệu quả đầu tư: a.Trường hợp 1: Có tính chi phí đất, chi phí xây dựng và hoạt động. Dự án không đạt hiệu quả tài chính: NPV = -216 tỷ, IRR = 7,24%. Độ nhạy IRR: b.Phương án 2: Không tính chi phí đất, chỉ có chi phí xây dựng và chi phí hoạt động – thực hiện theo cách thức giữ được đất lâu dài. Dự án đạt hiệu quả tài chính: NPV = 107 tỷ, IRR = 24,45%. Độ nhạy IRR: Link vị trí: https://goo.gl/maps/AivqKgNA3GRARDNZ7 Link hồ sơ: https://belgroup",https://www.google.com/maps/search/https%3A%2F%2Fgoo.gl%2Fmaps%2FAivqKgNA3GRARDNZ7+Link+h%E1%BB%93+s%C6%A1%3A+https%3A%2F%2Fbelgroupvn.sharepoint.com%2F%3Af%3A%2Fs%2FBeeGroupCEOOffice-03.KhiuT%2FEtmt7yNBh7FAocEwZEduLDgB98w43UUGiZXejtAUkUneSg%3Fe%3DooQRz3+%2ATh%E1%BB%8B+tr%C6%B0%E1%BB%9Dng+V%C4%83n+ph%C3%B2ng%3A+Image+by+Thao+L+-+INVT%2C+kh%C3%B4ng+%C4%91%E1%BA%A1t+hi%E1%BB%87u+qu%E1%BA%A3+t%C3%A0i+ch%C3%ADnh%2C+V%C4%A9nh+Ph%C3%BAc
BDS-MASTER-0176,nhà ở khi chuyển mục đích sang đất ở theo Luật Đất đai sẽ phải thực hiện đấu giá đối với hiện trạng các khu đấ,"của dự án và trong trường hợp thực hiện sẽ bị điều chỉnh thời hạn từ “Lâu dài” sang “50 năm kề từ thời điểm giao đất” Theo thông tin đối tác chào là dự án đã hoàn thành nghĩa vụ tài chính và chuyển sang làm đ, nhà ở khi chuyển mục đích sang đất ở theo Luật Đất đai sẽ phải thực hiện đấu giá đối với hiện trạng các khu đấ, Đà Nẵng",10,2023-03-15,[2023-03-15] Huy M - IM 3/15/2023 10:20 AM KĐT báo cáo CEO Tuan Tran-CEO đánh giá nhanh 12 lô đất anh Duy gửi của Sun Group tại Khu Đô thị ven sông Hoà Xuân - Cẩm Lệ - Đà Nẵng với mục đích làm Khu Chung cư cao tầng. Về Pháp lý đất: Theo GCNQSDĐ được cung cấp (2 lô đại diện): + Diện tích: ~ 5.000 m2 + Mục đích sử dụng: Đất cơ sở sản xuất kinh doanh + Thời hạn: Lâu dài + Nguồn gốc đất: Nhà nước giao đất có thu tiền sử dụng đất. + Cấp ngày 15/06/2011 Với mục đích sử dụng đất vẫn còn là đất SKC chưa,https://www.google.com/maps/search/c%E1%BB%A7a+d%E1%BB%B1+%C3%A1n+v%C3%A0+trong+tr%C6%B0%E1%BB%9Dng+h%E1%BB%A3p+th%E1%BB%B1c+hi%E1%BB%87n+s%E1%BA%BD+b%E1%BB%8B+%C4%91i%E1%BB%81u+ch%E1%BB%89nh+th%E1%BB%9Di+h%E1%BA%A1n+t%E1%BB%AB+%E2%80%9CL%C3%A2u+d%C3%A0i%E2%80%9D+sang+%E2%80%9C50+n%C4%83m+k%E1%BB%81+t%E1%BB%AB+th%E1%BB%9Di+%C4%91i%E1%BB%83m+giao+%C4%91%E1%BA%A5t%E2%80%9D+Theo+th%C3%B4ng+tin+%C4%91%E1%BB%91i+t%C3%A1c+ch%C3%A0o+l%C3%A0+d%E1%BB%B1+%C3%A1n+%C4%91%C3%A3+ho%C3%A0n+th%C3%A0nh+ngh%C4%A9a+v%E1%BB%A5+t%C3%A0i+ch%C3%ADnh+v%C3%A0+chuy%E1%BB%83n+sang+l%C3%A0m+%C4%91%2C+nh%C3%A0+%E1%BB%9F+khi+chuy%E1%BB%83n+m%E1%BB%A5c+%C4%91%C3%ADch+sang+%C4%91%E1%BA%A5t+%E1%BB%9F+theo+Lu%E1%BA%ADt+%C4%90%E1%BA%A5t+%C4%91ai+s%E1%BA%BD+ph%E1%BA%A3i+th%E1%BB%B1c+hi%E1%BB%87n+%C4%91%E1%BA%A5u+gi%C3%A1+%C4%91%E1%BB%91i+v%E1%BB%9Bi+hi%E1%BB%87n+tr%E1%BA%A1ng+c%C3%A1c+khu+%C4%91%E1%BA%A5%2C+%C4%90%C3%A0+N%E1%BA%B5ng
BDS-MASTER-0199,nhà ở xã hội UBND Đồng Nai mời quan tâm đấu thầu,"6 dự án:Hạng mụcVị trí 1Vị trí 2Vị trí 3Vị trí 4Vị trí 5Vị trí 6Vị tríĐoàn văn Cừ, P.Tam Hiệp, Biên HòaKhu TĐC Long Bình, P.Long Bình, Biên HòaKhu TĐC đường tránh QL1A, Phước Tân, Biê… Sau khi đánh giá các dự án và cũng, nhà ở xã hội UBND Đồng Nai mời quan tâm đấu thầu, Biên Hòa, Đồng Nai",10,2025-03-25,"[2025-03-25] Khoa L - INVT 3/25/2025 4:21 PM KĐT gửi anhMrMike1-CEO về báo cáo sơ bộ các 6 dự án nhà ở xã hội UBND Đồng Nai mời quan tâm đấu thầu như sau:Vị trí 6 dự án:Hạng mụcVị trí 1Vị trí 2Vị trí 3Vị trí 4Vị trí 5Vị trí 6Vị tríĐoàn văn Cừ, P.Tam Hiệp, Biên HòaKhu TĐC Long Bình, P.Long Bình, Biên HòaKhu TĐC đường tránh QL1A, Phước Tân, Biê… Sau khi đánh giá các dự án và cũng có gửi qua Group Management thì thống nhất là Nghiên cứu các Dự án ở Biên Hòa Begin quote, Khoa L - INVT, 3/27/2025 6:0",https://www.google.com/maps/search/6+d%E1%BB%B1+%C3%A1n%3AH%E1%BA%A1ng+m%E1%BB%A5cV%E1%BB%8B+tr%C3%AD+1V%E1%BB%8B+tr%C3%AD+2V%E1%BB%8B+tr%C3%AD+3V%E1%BB%8B+tr%C3%AD+4V%E1%BB%8B+tr%C3%AD+5V%E1%BB%8B+tr%C3%AD+6V%E1%BB%8B+tr%C3%AD%C4%90o%C3%A0n+v%C4%83n+C%E1%BB%AB%2C+P.Tam+Hi%E1%BB%87p%2C+Bi%C3%AAn+H%C3%B2aKhu+T%C4%90C+Long+B%C3%ACnh%2C+P.Long+B%C3%ACnh%2C+Bi%C3%AAn+H%C3%B2aKhu+T%C4%90C+%C4%91%C6%B0%E1%BB%9Dng+tr%C3%A1nh+QL1A%2C+Ph%C6%B0%E1%BB%9Bc+T%C3%A2n%2C+Bi%C3%AA%E2%80%A6+Sau+khi+%C4%91%C3%A1nh+gi%C3%A1+c%C3%A1c+d%E1%BB%B1+%C3%A1n+v%C3%A0+c%C5%A9ng%2C+nh%C3%A0+%E1%BB%9F+x%C3%A3+h%E1%BB%99i+UBND+%C4%90%E1%BB%93ng+Nai+m%E1%BB%9Di+quan+t%C3%A2m+%C4%91%E1%BA%A5u+th%E1%BA%A7u%2C+Bi%C3%AAn+H%C3%B2a%2C+%C4%90%E1%BB%93ng+Nai
BDS-MASTER-0200,này --- [] Monday,"thuận lợi đã phát triển thành KCN hiện hữu, quỹ đất trống còn lại chủ yếu là diện tích mở rộng của các KCN hiện hữu. Trong phạm vi 30 km: + Đồng Nai: các quỹ đất KCN đã được các CĐT quan tâm và giữ chỗ trước. Vì vậy, BP, này --- [] Monday, Long Thành, Đồng Nai",10,2023-11-27,"[2023-11-27] Huy M - IM 11/27/2023 3:25 PM Đối với 2 khu đất này, nếu cần chi tiết hơn, K.ĐT xin lịch của CEO để báo cáo rõ hơn à. ok a by Unknown User --- [2023-03-22] Unknown User 3/22/2023 5:42 PM Này sao ko hỏi anh Tài hay kêu a Hùng cung cấp À Anh Hùng lúc đó nói cứ tính giúp ảnh theo số liệu ảnh cung cấp. Sau này anh mới biết cụ thể và hồ sơ, các thông số của dự án này --- [] Monday, March 16 Kính gửi Sếp Admin 01 , Phòng đầu tư xin... by Hoa D - CVDT 3/16 11:12 AM Edited Hoa D - CVDT Kính",https://www.google.com/maps/search/thu%E1%BA%ADn+l%E1%BB%A3i+%C4%91%C3%A3+ph%C3%A1t+tri%E1%BB%83n+th%C3%A0nh+KCN+hi%E1%BB%87n+h%E1%BB%AFu%2C+qu%E1%BB%B9+%C4%91%E1%BA%A5t+tr%E1%BB%91ng+c%C3%B2n+l%E1%BA%A1i+ch%E1%BB%A7+y%E1%BA%BFu+l%C3%A0+di%E1%BB%87n+t%C3%ADch+m%E1%BB%9F+r%E1%BB%99ng+c%E1%BB%A7a+c%C3%A1c+KCN+hi%E1%BB%87n+h%E1%BB%AFu.+Trong+ph%E1%BA%A1m+vi+30+km%3A+%2B+%C4%90%E1%BB%93ng+Nai%3A+c%C3%A1c+qu%E1%BB%B9+%C4%91%E1%BA%A5t+KCN+%C4%91%C3%A3+%C4%91%C6%B0%E1%BB%A3c+c%C3%A1c+C%C4%90T+quan+t%C3%A2m+v%C3%A0+gi%E1%BB%AF+ch%E1%BB%97+tr%C6%B0%E1%BB%9Bc.+V%C3%AC+v%E1%BA%ADy%2C+BP%2C+n%C3%A0y+---+%5B%5D+Monday%2C+Long+Th%C3%A0nh%2C+%C4%90%E1%BB%93ng+Nai
BDS-MASTER-0202,này nằm trong KCN Thái Hòa-Liễn Sơn-Liên Hòa Khu vực II Vị trí KCN,"KCN: Link https://goo.gl/maps/ZVuC7... by Unknown User, này nằm trong KCN Thái Hòa-Liễn Sơn-Liên Hòa Khu vực II Vị trí KCN, Vĩnh Phúc",10,2023-06-23,"[2023-06-23] Unknown User 6/23/2023 9:51 AM Chuyển nhượng 3 lô đất trong Khu Công Nghiệp tỉnh Vĩnh Phúc: 5ha, 11,3ha và 14,8ha Pháp lý ngon lành, hạ tầng đang thi công Giá siêu rẻ chỉ 85usd/m2 Lh 0966566546 Các khu đất này nằm trong KCN Thái Hòa-Liễn Sơn-Liên Hòa Khu vực II Vị trí KCN: Link https://goo.gl/maps/ZVuC7... by Unknown User",https://www.google.com/maps/search/KCN%3A+Link+https%3A%2F%2Fgoo.gl%2Fmaps%2FZVuC7...+by+Unknown+User%2C+n%C3%A0y+n%E1%BA%B1m+trong+KCN+Th%C3%A1i+H%C3%B2a-Li%E1%BB%85n+S%C6%A1n-Li%C3%AAn+H%C3%B2a+Khu+v%E1%BB%B1c+II+V%E1%BB%8B+tr%C3%AD+KCN%2C+V%C4%A9nh+Ph%C3%BAc
BDS-MASTER-0147,thuộc trường hợp giao đất không thông qua đấu giá quyền sử dụng đất - Hồ sơ pháp lý,"Cách Chợ Đầu Mối Bình Điền khoảng 400m Cách ranh Quận 8 và huyện Bình Chánh khoảng 150m Cách UBND huyện Bình Chánh khoảng 3,2km Cách nút giao Vành Đai 2 - Nguyễn Văn Linh khoảng 2,2km 2/ Hiện trạng: Toàn bộ khu đất đã có, thuộc trường hợp giao đất không thông qua đấu giá quyền sử dụng đất - Hồ sơ pháp lý, Quận 8, TP.HCM",10,2023-08-07,"[2023-08-07] Sinh Nguyen-Dau Tu 8/7/2023 4:30 PM Edited K.ĐT báo cáo anh Tuan Tran-CEO dự án 2.3ha KDC Thuận Hưng Bình Điền (với giá chào 200 tỷ), mặt tiền đường Nguyễn Văn Linh, xã An Phú Tây, huyện Bình Chánh, TP.HCM như sau: 1/ Vị trí Cách Chợ Đầu Mối Bình Điền khoảng 400m Cách ranh Quận 8 và huyện Bình Chánh khoảng 150m Cách UBND huyện Bình Chánh khoảng 3,2km Cách nút giao Vành Đai 2 - Nguyễn Văn Linh khoảng 2,2km 2/ Hiện trạng: Toàn bộ khu đất đã có hoàn tất bồi thường giải phóng mặt bằng v",https://www.google.com/maps/search/C%C3%A1ch+Ch%E1%BB%A3+%C4%90%E1%BA%A7u+M%E1%BB%91i+B%C3%ACnh+%C4%90i%E1%BB%81n+kho%E1%BA%A3ng+400m+C%C3%A1ch+ranh+Qu%E1%BA%ADn+8+v%C3%A0+huy%E1%BB%87n+B%C3%ACnh+Ch%C3%A1nh+kho%E1%BA%A3ng+150m+C%C3%A1ch+UBND+huy%E1%BB%87n+B%C3%ACnh+Ch%C3%A1nh+kho%E1%BA%A3ng+3%2C2km+C%C3%A1ch+n%C3%BAt+giao+V%C3%A0nh+%C4%90ai+2+-+Nguy%E1%BB%85n+V%C4%83n+Linh+kho%E1%BA%A3ng+2%2C2km+2%2F+Hi%E1%BB%87n+tr%E1%BA%A1ng%3A+To%C3%A0n+b%E1%BB%99+khu+%C4%91%E1%BA%A5t+%C4%91%C3%A3+c%C3%B3%2C+thu%E1%BB%99c+tr%C6%B0%E1%BB%9Dng+h%E1%BB%A3p+giao+%C4%91%E1%BA%A5t+kh%C3%B4ng+th%C3%B4ng+qua+%C4%91%E1%BA%A5u+gi%C3%A1+quy%E1%BB%81n+s%E1%BB%AD+d%E1%BB%A5ng+%C4%91%E1%BA%A5t+-+H%E1%BB%93+s%C6%A1+ph%C3%A1p+l%C3%BD%2C+Qu%E1%BA%ADn+8%2C+TP.HCM
BDS-MASTER-0094,thấp tầng SADACO – Phú Mỹ,"- Tiếp giáp mặt tiền đường Tô Nguyệt Đình, cách đường Quốc lộ 51 khoảng 5km - Dự án giáp ranh tỉnh Bà Rịa Vũng Tàu và tỉnh Đồng Nai - Cách UBND TP. Phú Mỹ khoảng 12km - Cách sân bay Quốc tế Long Thành khoảng 20km - Cách, thấp tầng SADACO – Phú Mỹ, Long Thành, Bà Rịa – Vũng Tàu như sau: 1/ Vị trí: - Tiếp giáp mặt tiền đường Tô Nguyệt Đình",10,2025-04-08,"[2025-04-08] Unknown User 4/8/2025 7:33 PM P. ĐT báo cáo anh Mr Mike1 -CEO về dự án thấp tầng SADACO – Phú Mỹ, Thành phố Phú Mỹ, tỉ… Mấy cái xa xôi này phải lãi cao mới làm nổi, lãi mỏng dưới 20% là thua. Vì phải có sóng mới bán đc hàng Link https://vt.tiktok.com/ZSrfafnH6/ by Unknown User --- [2025-04-08] Sinh Nguyen-Dau Tu 4/8/2025 7:33 PM Translate P. ĐT báo cáo anh Mr Mike1 -CEO về dự án thấp tầng SADACO – Phú Mỹ, Thành phố Phú Mỹ, tỉnh Bà Rịa – Vũng Tàu như sau: 1/ Vị trí: - Tiếp giáp mặt t",https://www.google.com/maps/search/-+Ti%E1%BA%BFp+gi%C3%A1p+m%E1%BA%B7t+ti%E1%BB%81n+%C4%91%C6%B0%E1%BB%9Dng+T%C3%B4+Nguy%E1%BB%87t+%C4%90%C3%ACnh%2C+c%C3%A1ch+%C4%91%C6%B0%E1%BB%9Dng+Qu%E1%BB%91c+l%E1%BB%99+51+kho%E1%BA%A3ng+5km+-+D%E1%BB%B1+%C3%A1n+gi%C3%A1p+ranh+t%E1%BB%89nh+B%C3%A0+R%E1%BB%8Ba+V%C5%A9ng+T%C3%A0u+v%C3%A0+t%E1%BB%89nh+%C4%90%E1%BB%93ng+Nai+-+C%C3%A1ch+UBND+TP.+Ph%C3%BA+M%E1%BB%B9+kho%E1%BA%A3ng+12km+-+C%C3%A1ch+s%C3%A2n+bay+Qu%E1%BB%91c+t%E1%BA%BF+Long+Th%C3%A0nh+kho%E1%BA%A3ng+20km+-+C%C3%A1ch%2C+th%E1%BA%A5p+t%E1%BA%A7ng+SADACO+%E2%80%93+Ph%C3%BA+M%E1%BB%B9%2C+Long+Th%C3%A0nh%2C+B%C3%A0+R%E1%BB%8Ba+%E2%80%93+V%C5%A9ng+T%C3%A0u+nh%C6%B0+sau%3A+1%2F+V%E1%BB%8B+tr%C3%AD%3A+-+Ti%E1%BA%BFp+gi%C3%A1p+m%E1%BA%B7t+ti%E1%BB%81n+%C4%91%C6%B0%E1%BB%9Dng+T%C3%B4+Nguy%E1%BB%87t+%C4%90%C3%ACnh
BDS-MASTER-0231,trong Khu Công Nghiệp tỉnh Vĩnh Phúc,"ở đâu nha mng by Unknown User, trong Khu Công Nghiệp tỉnh Vĩnh Phúc, Vĩnh Phúc",10,2023-06-23,"[2023-06-23] Tuan Tran-CEO 6/23/2023 9:51 AM Chuyển nhượng 3 lô đất trong Khu Công Nghiệp tỉnh Vĩnh Phúc: 5ha, 11,3ha và 14,8ha Pháp lý ngon lành, hạ tầng đang thi công Giá siêu rẻ chỉ 85usd/m2 Lh 0966566546 Check xem vị trí ở đâu nha mng by Unknown User",https://www.google.com/maps/search/%E1%BB%9F+%C4%91%C3%A2u+nha+mng+by+Unknown+User%2C+trong+Khu+C%C3%B4ng+Nghi%E1%BB%87p+t%E1%BB%89nh+V%C4%A9nh+Ph%C3%BAc%2C+V%C4%A9nh+Ph%C3%BAc
BDS-MASTER-0068,tại 353 Nơ Trang Long,"và thông tin Quy hoạch: https://www.google.com/maps/d/edit?mid=1Fl7DvT-DOnJvyHZ0Oq5v-nUadBLGHFo&usp=sharing + Diện tích đất: 3.399 m2, diện tích phù hợp QH (Sau khi trừ lộ giới) 3.195 m2; + Chỉ tiêu QH theo 1/2000 được d, tại 353 Nơ Trang Long, TPHCM",10,2025-10-07,"[2025-10-07] Hanh T - INVT 10/7/2025 5:32 PM Edited Translate Kính gửi Sếp Mr Mike1 -CEO, P.ĐT xin báo cáo hiệu quả đầu tư dự án tại 353 Nơ Trang Long, Bình Thạnh, TPHCM như sau: * Ranh đất, vị trí và thông tin Quy hoạch: https://www.google.com/maps/d/edit?mid=1Fl7DvT-DOnJvyHZ0Oq5v-nUadBLGHFo&usp=sharing + Diện tích đất: 3.399 m2, diện tích phù hợp QH (Sau khi trừ lộ giới) 3.195 m2; + Chỉ tiêu QH theo 1/2000 được duyệt (QĐ 5674/QĐ-UBND 2017): Hệ số 6 lần, dân số 606, tầng cao 18, MĐXD 70%. + Phò",https://www.google.com/maps/search/v%C3%A0+th%C3%B4ng+tin+Quy+ho%E1%BA%A1ch%3A+https%3A%2F%2Fwww.google.com%2Fmaps%2Fd%2Fedit%3Fmid%3D1Fl7DvT-DOnJvyHZ0Oq5v-nUadBLGHFo%26usp%3Dsharing+%2B+Di%E1%BB%87n+t%C3%ADch+%C4%91%E1%BA%A5t%3A+3.399+m2%2C+di%E1%BB%87n+t%C3%ADch+ph%C3%B9+h%E1%BB%A3p+QH+%28Sau+khi+tr%E1%BB%AB+l%E1%BB%99+gi%E1%BB%9Bi%29+3.195+m2%3B+%2B+Ch%E1%BB%89+ti%C3%AAu+QH+theo+1%2F2000+%C4%91%C6%B0%E1%BB%A3c+d%2C+t%E1%BA%A1i+353+N%C6%A1+Trang+Long%2C+TPHCM
BDS-MASTER-0148,được chào về tại Bình Dương,"và hiện trạng: - Hiện trạng dự án là nhà xưởng bề rộng tiếp giáp đường Bình Chuẩn 69 khoảng 100m. - Dự án có 02 lối tiếp cận: + Tiếp giáp Đường Bình Chuẩn 69: bề rộng nhỏ (chỉ vừa 1 oto, rộng khoảng 4-5m); + Đường Bình C, được chào về tại Bình Dương, Bình Dương",10,2022-07-28,"[2022-07-28] Thao L - INVT 7/28/2022 5:04 PM K.ĐT gửi anh báo cáo nhanh 02/06 dự án được chào về tại Bình Dương: A/ Dự án Victory Hoàn Cầu tiếp giáp đường Bình Chuẩn 69, Bình Chuẩn, Thuận An, Bình Dương với giá chào chuyển nhượng là 400 tỷ có tổng diện tích là 1.36ha đất nông nghiệp, diện tích hữu dụng là 1.25ha (tương đương 32tr/m2 diện tích hữu dụng). 1) Vị trí và hiện trạng: - Hiện trạng dự án là nhà xưởng bề rộng tiếp giáp đường Bình Chuẩn 69 khoảng 100m. - Dự án có 02 lối tiếp cận: + Tiếp g",https://www.google.com/maps/search/v%C3%A0+hi%E1%BB%87n+tr%E1%BA%A1ng%3A+-+Hi%E1%BB%87n+tr%E1%BA%A1ng+d%E1%BB%B1+%C3%A1n+l%C3%A0+nh%C3%A0+x%C6%B0%E1%BB%9Fng+b%E1%BB%81+r%E1%BB%99ng+ti%E1%BA%BFp+gi%C3%A1p+%C4%91%C6%B0%E1%BB%9Dng+B%C3%ACnh+Chu%E1%BA%A9n+69+kho%E1%BA%A3ng+100m.+-+D%E1%BB%B1+%C3%A1n+c%C3%B3+02+l%E1%BB%91i+ti%E1%BA%BFp+c%E1%BA%ADn%3A+%2B+Ti%E1%BA%BFp+gi%C3%A1p+%C4%90%C6%B0%E1%BB%9Dng+B%C3%ACnh+Chu%E1%BA%A9n+69%3A+b%E1%BB%81+r%E1%BB%99ng+nh%E1%BB%8F+%28ch%E1%BB%89+v%E1%BB%ABa+1+oto%2C+r%E1%BB%99ng+kho%E1%BA%A3ng+4-5m%29%3B+%2B+%C4%90%C6%B0%E1%BB%9Dng+B%C3%ACnh+C%2C+%C4%91%C6%B0%E1%BB%A3c+ch%C3%A0o+v%E1%BB%81+t%E1%BA%A1i+B%C3%ACnh+D%C6%B0%C6%A1ng%2C+B%C3%ACnh+D%C6%B0%C6%A1ng
BDS-MASTER-0274,đấu thầu tại Đà Nẵng,", khoảng cách đến trung tâm thành phố và kết nối khu dân cư; Ưu thế về view sông và đường hiện trạng; Chỉ tiêu quy hoạch về chức năng ở, diện tích thương phẩm; Hiện trạng dân cư bên trong phạm vi khu đất: tình trạng nhà, đấu thầu tại Đà Nẵng, Đà Nẵng",10,2025-05-13,"[2025-05-13] Hanh T - INVT 5/13/2025 7:09 PM Edited Translate P.Đầu tư báo cáo Anh Mr Mike1 -CEO về các khu đất dự án đấu thầu tại Đà Nẵng như sau: Theo Báo cáo số 106/BC-UBND của UBND Đà Nẵng ngày 20 tháng 3 năm 2025 về Danh mục các khu đất thực hiện đấu thầu thì có tất cả là 13 khu đất, trong đó gồm 10 khu đất khu đô thị (thông qua Hội đồng nhân dân) và 03 dự án giáo dục. Trong báo cáo này, P. ĐT chỉ sẽ tập trung vào xem xét đánh giá sơ bộ 10 khu đất quy hoạch khu đô thị. Theo đó, qua chuyến k",https://www.google.com/maps/search/%2C+kho%E1%BA%A3ng+c%C3%A1ch+%C4%91%E1%BA%BFn+trung+t%C3%A2m+th%C3%A0nh+ph%E1%BB%91+v%C3%A0+k%E1%BA%BFt+n%E1%BB%91i+khu+d%C3%A2n+c%C6%B0%3B+%C6%AFu+th%E1%BA%BF+v%E1%BB%81+view+s%C3%B4ng+v%C3%A0+%C4%91%C6%B0%E1%BB%9Dng+hi%E1%BB%87n+tr%E1%BA%A1ng%3B+Ch%E1%BB%89+ti%C3%AAu+quy+ho%E1%BA%A1ch+v%E1%BB%81+ch%E1%BB%A9c+n%C4%83ng+%E1%BB%9F%2C+di%E1%BB%87n+t%C3%ADch+th%C6%B0%C6%A1ng+ph%E1%BA%A9m%3B+Hi%E1%BB%87n+tr%E1%BA%A1ng+d%C3%A2n+c%C6%B0+b%C3%AAn+trong+ph%E1%BA%A1m+vi+khu+%C4%91%E1%BA%A5t%3A+t%C3%ACnh+tr%E1%BA%A1ng+nh%C3%A0%2C+%C4%91%E1%BA%A5u+th%E1%BA%A7u+t%E1%BA%A1i+%C4%90%C3%A0+N%E1%BA%B5ng%2C+%C4%90%C3%A0+N%E1%BA%B5ng
BDS-MASTER-0276,(pháp lý,"...) để chuẩn bị cho báo cáo do team đang tập trung làm phân tích nhanh ... by Unknown User, (pháp lý, đà nẵng",9,2022-08-22,"[2022-08-22] Binh Vo-GD-PTDT 8/22/2022 2:48 PM còn cái Chiến lược cho khác sạn đà nẵng, thì Team đang lên checklist phân bổ công việc & đang thu thập thông tin về dự án (pháp lý, lộ trình pháp lý, vị trí...) để chuẩn bị cho báo cáo do team đang tập trung làm phân tích nhanh ... by Unknown User",https://www.google.com/maps/search/...%29+%C4%91%E1%BB%83+chu%E1%BA%A9n+b%E1%BB%8B+cho+b%C3%A1o+c%C3%A1o+do+team+%C4%91ang+t%E1%BA%ADp+trung+l%C3%A0m+ph%C3%A2n+t%C3%ADch+nhanh+...+by+Unknown+User%2C+%28ph%C3%A1p+l%C3%BD%2C+%C4%91%C3%A0+n%E1%BA%B5ng
BDS-MASTER-0102,728 Cách Mạng Tháng 8 Tổng mức đầu tư (Chưa VAT),"và ranh: Bản đồ 3 tài sản tại TPHCM - Google My Maps Tổng quan về chỉ tiêu QH và phương án kinh doanh đề xuất: Giả định tính toán: + Nghĩa vụ tài chính về đất (như tiền thuê đất, tiền đất bổ sung) phòng tạm chưa đưa vào, 728 Cách Mạng Tháng 8 Tổng mức đầu tư (Chưa VAT), Quận 2, TPHCM",9,,"[] P.ĐT báo cáo Sếp Mr Mike1 -CEO về phương án khai thác kinh doanh 03 tài sản tại TPHCM gồm 391A Nam Kỳ Khởi Nghĩa, 728 Cách Mạng Tháng Tám, Đường 12 An Phú, Quận 2 như sau: A TỔNG QUAN 03 KHU ĐẤT: Vị trí và ranh: Bản đồ 3 tài sản tại TPHCM - Google My Maps Tổng quan về chỉ tiêu QH và phương án kinh doanh đề xuất: Giả định tính toán: + Nghĩa vụ tài chính về đất (như tiền thuê đất, tiền đất bổ sung) phòng tạm chưa đưa vào do thông tin về hồ sơ pháp lý về đất đang còn hạn chế (anh Thới chỉ cung c",https://www.google.com/maps/search/v%C3%A0+ranh%3A+B%E1%BA%A3n+%C4%91%E1%BB%93+3+t%C3%A0i+s%E1%BA%A3n+t%E1%BA%A1i+TPHCM+-+Google+My+Maps+T%E1%BB%95ng+quan+v%E1%BB%81+ch%E1%BB%89+ti%C3%AAu+QH+v%C3%A0+ph%C6%B0%C6%A1ng+%C3%A1n+kinh+doanh+%C4%91%E1%BB%81+xu%E1%BA%A5t%3A+Gi%E1%BA%A3+%C4%91%E1%BB%8Bnh+t%C3%ADnh+to%C3%A1n%3A+%2B+Ngh%C4%A9a+v%E1%BB%A5+t%C3%A0i+ch%C3%ADnh+v%E1%BB%81+%C4%91%E1%BA%A5t+%28nh%C6%B0+ti%E1%BB%81n+thu%C3%AA+%C4%91%E1%BA%A5t%2C+ti%E1%BB%81n+%C4%91%E1%BA%A5t+b%E1%BB%95+sung%29+ph%C3%B2ng+t%E1%BA%A1m+ch%C6%B0a+%C4%91%C6%B0a+v%C3%A0o%2C+728+C%C3%A1ch+M%E1%BA%A1ng+Th%C3%A1ng+8+T%E1%BB%95ng+m%E1%BB%A9c+%C4%91%E1%BA%A7u+t%C6%B0+%28Ch%C6%B0a+VAT%29%2C+Qu%E1%BA%ADn+2%2C+TPHCM
BDS-MASTER-0061,Cát Lái Sky Habitat H2-02,"KDC Cát Lái, Tp.Hồ Chí Minh Diện tích: 7,988.9 m2 Chủ Đầu tư: Công ty CP Phú Gia Thông số quy hoạch Lô H2-02 như sau: - Tầng cao: 25 - Hệ số: 5 - MĐXD: 40% - Dân số: 988 II. PA quy hoạch Căn cứ hồ sơ TKCS phát hành 05/20, Cát Lái Sky Habitat H2-02, Hồ Chí Minh",9,,"[] Dạ P.ĐT báo cáo sếp Admin 01 dự án H2-02 (Sky Habitat) thuộc KDC Cát Lái I. Thông tin tổng quan: 📷 Lô H2-02 thuộc KDC Cát Lái có CĐT là Công ty Invesco. Năm 2014, Invesco đã chuyển nhượng lại 2 lô… Check kỹ lại xem, kêu bên Phòng Kinh Doanh đánh giá xem giá bán ổn không, số lượng ít vậy thì hạn chế bán hàng như thế nào Ok Sếp. Sáng PĐT cũng khảo sát hiện trạng k... by Huy M - IM --- [] Dạ P.ĐT báo cáo sếp Admin 01 dự án H2-02 (Sky Habitat) thuộc KDC Cát Lái I. Thông tin tổng quan: Lô H2-02 th",https://www.google.com/maps/search/KDC+C%C3%A1t+L%C3%A1i%2C+Tp.H%E1%BB%93+Ch%C3%AD+Minh+Di%E1%BB%87n+t%C3%ADch%3A+7%2C988.9+m2+Ch%E1%BB%A7+%C4%90%E1%BA%A7u+t%C6%B0%3A+C%C3%B4ng+ty+CP+Ph%C3%BA+Gia+Th%C3%B4ng+s%E1%BB%91+quy+ho%E1%BA%A1ch+L%C3%B4+H2-02+nh%C6%B0+sau%3A+-+T%E1%BA%A7ng+cao%3A+25+-+H%E1%BB%87+s%E1%BB%91%3A+5+-+M%C4%90XD%3A+40%25+-+D%C3%A2n+s%E1%BB%91%3A+988+II.+PA+quy+ho%E1%BA%A1ch+C%C4%83n+c%E1%BB%A9+h%E1%BB%93+s%C6%A1+TKCS+ph%C3%A1t+h%C3%A0nh+05%2F20%2C+C%C3%A1t+L%C3%A1i+Sky+Habitat+H2-02%2C+H%E1%BB%93+Ch%C3%AD+Minh
BDS-MASTER-0187,KĐT An Phú – PG (nguồn từ Ý-Pháp Chế) 1,"P.An Phú, Thuận An, Bình Dương (cách Phú Gia Khiêm 1km, cách Fenica 2.5 km) Quy mô: - 3 tháp cao tầng (30 tầng): 1874 căn hộ ở, 504 officetel, 17 shophouse - 55 căn nhà phố thấp tầng - Dân số 3.899. 2. Pháp lý: Đã có quy, KĐT An Phú – PG (nguồn từ Ý-Pháp Chế) 1, Bình Dương",9,,"[] P.ĐT Báo cáo Mr Mike1 -CEO đánh giá sơ bộ dự án KĐT An Phú – PG (nguồn từ Ý-Pháp Chế) 1. Thông tin dự án: Diện tích: 3ha Vị trí: P.An Phú, Thuận An, Bình Dương (cách Phú Gia Khiêm 1km, cách Fenica 2.5 km) Quy mô: - 3 tháp cao tầng (30 tầng): 1874 căn hộ ở, 504 officetel, 17 shophouse - 55 căn nhà phố thấp tầng - Dân số 3.899. 2. Pháp lý: Đã có quyết định chủ trương đầu tư (phê duyệt tháng 06/2025), P.ĐT đang phối hợp để lấy thêm thông tin pháp lý khác. 3. Giá chào: 730 tỷ (cam kết pháp lý đến",https://www.google.com/maps/search/P.An+Ph%C3%BA%2C+Thu%E1%BA%ADn+An%2C+B%C3%ACnh+D%C6%B0%C6%A1ng+%28c%C3%A1ch+Ph%C3%BA+Gia+Khi%C3%AAm+1km%2C+c%C3%A1ch+Fenica+2.5+km%29+Quy+m%C3%B4%3A+-+3+th%C3%A1p+cao+t%E1%BA%A7ng+%2830+t%E1%BA%A7ng%29%3A+1874+c%C4%83n+h%E1%BB%99+%E1%BB%9F%2C+504+officetel%2C+17+shophouse+-+55+c%C4%83n+nh%C3%A0+ph%E1%BB%91+th%E1%BA%A5p+t%E1%BA%A7ng+-+D%C3%A2n+s%E1%BB%91+3.899.+2.+Ph%C3%A1p+l%C3%BD%3A+%C4%90%C3%A3+c%C3%B3+quy%2C+K%C4%90T+An+Ph%C3%BA+%E2%80%93+PG+%28ngu%E1%BB%93n+t%E1%BB%AB+%C3%9D-Ph%C3%A1p+Ch%E1%BA%BF%29+1%2C+B%C3%ACnh+D%C6%B0%C6%A1ng
BDS-MASTER-0072,Long Thuận Long Phước Quận 9 10ha,"dự án, thị trường chưa phổ biến loại hình này. P.ĐT tạm để trống phần diện tích đất DVCC cấp đô thị và không thực hiện tính toán phần đất này trong FS. Hiệu quả dự án như sau: Doanh thu chưa VAT: 5.899 tỷ đồng (Đơn giá b, Long Thuận Long Phước Quận 9 10ha, Quận 9, TP.HCM",9,,"[] P.ĐT xin báo cáo Sếp Admin 01 về sơ bộ dự án 10ha Đường Long Thuận, Long Phước, Quận 9, TP.HCM PHƯƠNG ÁN 1: Dân số 1500 người Phương án 1a P.ĐT thực hiện tính theo phương án bố trí của phòng QH, tuy… Mai trình bày em cái này Nhầm, t2 chứ by Admin 01 --- [] P.ĐT xin báo cáo Sếp Admin 01 về sơ bộ dự án 10ha Đường Long Thuận, Long Phước, Quận 9, TP.HCM PHƯƠNG ÁN 1: Dân số 1500 người Phương án 1a --- [] P.ĐT báo cáo Sếp Mr Mike1 -CEO V/v cập nhật lại dự án 10ha Đường Long Thuận, Long Phước, Quận ",https://www.google.com/maps/search/d%E1%BB%B1+%C3%A1n%2C+th%E1%BB%8B+tr%C6%B0%E1%BB%9Dng+ch%C6%B0a+ph%E1%BB%95+bi%E1%BA%BFn+lo%E1%BA%A1i+h%C3%ACnh+n%C3%A0y.+P.%C4%90T+t%E1%BA%A1m+%C4%91%E1%BB%83+tr%E1%BB%91ng+ph%E1%BA%A7n+di%E1%BB%87n+t%C3%ADch+%C4%91%E1%BA%A5t+DVCC+c%E1%BA%A5p+%C4%91%C3%B4+th%E1%BB%8B+v%C3%A0+kh%C3%B4ng+th%E1%BB%B1c+hi%E1%BB%87n+t%C3%ADnh+to%C3%A1n+ph%E1%BA%A7n+%C4%91%E1%BA%A5t+n%C3%A0y+trong+FS.+Hi%E1%BB%87u+qu%E1%BA%A3+d%E1%BB%B1+%C3%A1n+nh%C6%B0+sau%3A+Doanh+thu+ch%C6%B0a+VAT%3A+5.899+t%E1%BB%B7+%C4%91%E1%BB%93ng+%28%C4%90%C6%A1n+gi%C3%A1+b%2C+Long+Thu%E1%BA%ADn+Long+Ph%C6%B0%E1%BB%9Bc+Qu%E1%BA%ADn+9+10ha%2C+Qu%E1%BA%ADn+9%2C+TP.HCM
BDS-MASTER-0062,Lô đất Phú Thọ Hòa Tân Phú,"và ranh dự án: Bản đồ không có tiêu đề - Google My Maps b. Sơ bộ hiện trạng pháp lý: Tổng diện tích khu đất theo Sổ cấp 2018 là 7.276,8 m2, trong đó có 6.824,3 m2 đất ở lâu dài, 452,5 m2 đất CLN thuộc Lộ giới đường Bưng, Lô đất Phú Thọ Hòa Tân Phú, TPHCM",9,,"[] P.ĐT báo cáo Sếp Mr Mike1 -CEO về khu đất 7.276 m2 tại đường Bưng Ông Thoàn, P. Phú Hữu, TPHCM (nguồn từ Mr Nhật - Phòng PTQĐ) như sau: 1. Tóm tắt sơ bộ hiện trạng pháp lý dự án: a) Vị trí và ranh dự án: Bản đồ không có tiêu đề - Google My Maps b. Sơ bộ hiện trạng pháp lý: Tổng diện tích khu đất theo Sổ cấp 2018 là 7.276,8 m2, trong đó có 6.824,3 m2 đất ở lâu dài, 452,5 m2 đất CLN thuộc Lộ giới đường Bưng Ông Thoàn. LƯU Ý: Trong GCN (năm 2018) chủ nợ tiền sử dụng đất ~16,5 tỷ đồng. Pháp lý đầ",https://www.google.com/maps/search/v%C3%A0+ranh+d%E1%BB%B1+%C3%A1n%3A+B%E1%BA%A3n+%C4%91%E1%BB%93+kh%C3%B4ng+c%C3%B3+ti%C3%AAu+%C4%91%E1%BB%81+-+Google+My+Maps+b.+S%C6%A1+b%E1%BB%99+hi%E1%BB%87n+tr%E1%BA%A1ng+ph%C3%A1p+l%C3%BD%3A+T%E1%BB%95ng+di%E1%BB%87n+t%C3%ADch+khu+%C4%91%E1%BA%A5t+theo+S%E1%BB%95+c%E1%BA%A5p+2018+l%C3%A0+7.276%2C8+m2%2C+trong+%C4%91%C3%B3+c%C3%B3+6.824%2C3+m2+%C4%91%E1%BA%A5t+%E1%BB%9F+l%C3%A2u+d%C3%A0i%2C+452%2C5+m2+%C4%91%E1%BA%A5t+CLN+thu%E1%BB%99c+L%E1%BB%99+gi%E1%BB%9Bi+%C4%91%C6%B0%E1%BB%9Dng+B%C6%B0ng%2C+L%C3%B4+%C4%91%E1%BA%A5t+Ph%C3%BA+Th%E1%BB%8D+H%C3%B2a+T%C3%A2n+Ph%C3%BA%2C+TPHCM
BDS-MASTER-0351,Phú Quang khoảng 350m + Có 2 mặt tiếp xúc,"+ Khu đất có mặt tiền rộng khoảng 200m, tiếp giáp đường 4A đi ra hướng đường Ngô Chí Quốc và Quốc lộ 13 + Cách Dự án Phú Quang khoảng 350m + Có 2 mặt tiếp xúc, Phú Quang khoảng 350m + Có 2 mặt tiếp xúc, Thủ Đức, TPHCM",9,2023-11-27,"[2023-11-27] Trieu Nguyen-PTDT 11/27/2023 3:01 PM Edited KĐT gửi anh Tuan Tran-CEO báo cáo Thu gom quỹ đất thuộc phường Bình Chiểu, Thủ Đức, TPHCM: I/ Vị trí: + Khu đất có mặt tiền rộng khoảng 200m, tiếp giáp đường 4A đi ra hướng đường Ngô Chí Quốc và Quốc lộ 13 + Cách Dự án Phú Quang khoảng 350m + Có 2 mặt tiếp xúc",https://www.google.com/maps/search/%2B+Khu+%C4%91%E1%BA%A5t+c%C3%B3+m%E1%BA%B7t+ti%E1%BB%81n+r%E1%BB%99ng+kho%E1%BA%A3ng+200m%2C+ti%E1%BA%BFp+gi%C3%A1p+%C4%91%C6%B0%E1%BB%9Dng+4A+%C4%91i+ra+h%C6%B0%E1%BB%9Bng+%C4%91%C6%B0%E1%BB%9Dng+Ng%C3%B4+Ch%C3%AD+Qu%E1%BB%91c+v%C3%A0+Qu%E1%BB%91c+l%E1%BB%99+13+%2B+C%C3%A1ch+D%E1%BB%B1+%C3%A1n+Ph%C3%BA+Quang+kho%E1%BA%A3ng+350m+%2B+C%C3%B3+2+m%E1%BA%B7t+ti%E1%BA%BFp+x%C3%BAc%2C+Ph%C3%BA+Quang+kho%E1%BA%A3ng+350m+%2B+C%C3%B3+2+m%E1%BA%B7t+ti%E1%BA%BFp+x%C3%BAc%2C+Th%E1%BB%A7+%C4%90%E1%BB%A9c%2C+TPHCM
BDS-MASTER-0251,"SADACO - Phú Mỹ""","dự án SADACO: Tọa lạc mặt tiền đường Tô Nguyệt Đình, phường Mỹ Xuân, TP. Phú Mỹ, tỉnh Bà Rịa - Vũng Tàu Dự án giáp ranh tỉnh Bà Rịa Vũng Tàu và tỉnh Đồng Nai Cách UBND TP. Phú Mỹ khoảng 12km Cách sân bay Quốc tế Long Thà, SADACO - Phú Mỹ"", Long Thành, Bà Rịa - Vũng Tàu và đánh giá dự án SADACO - Phú Mỹ"" như sau: 1/ Vị trí dự án SADACO: Tọa lạc mặt tiền đường Tô Nguyệt Đình",9,2025-03-27,"[2025-03-27] Sinh Nguyen-Dau Tu 3/27/2025 8:41 AM Translate KĐT gửi anh Mr Mike1 -CEO về ""Nhận định tiềm năng phát triển của TP. Phú Mỹ, tỉnh Bà Rịa - Vũng Tàu và đánh giá dự án SADACO - Phú Mỹ"" như sau: 1/ Vị trí dự án SADACO: Tọa lạc mặt tiền đường Tô Nguyệt Đình, phường Mỹ Xuân, TP. Phú Mỹ, tỉnh Bà Rịa - Vũng Tàu Dự án giáp ranh tỉnh Bà Rịa Vũng Tàu và tỉnh Đồng Nai Cách UBND TP. Phú Mỹ khoảng 12km Cách sân bay Quốc tế Long Thành khoảng 20km Cách cảng Cái Mép - Thị Vải khoảng 15km 2/ Nhận địn",https://www.google.com/maps/search/d%E1%BB%B1+%C3%A1n+SADACO%3A+T%E1%BB%8Da+l%E1%BA%A1c+m%E1%BA%B7t+ti%E1%BB%81n+%C4%91%C6%B0%E1%BB%9Dng+T%C3%B4+Nguy%E1%BB%87t+%C4%90%C3%ACnh%2C+ph%C6%B0%E1%BB%9Dng+M%E1%BB%B9+Xu%C3%A2n%2C+TP.+Ph%C3%BA+M%E1%BB%B9%2C+t%E1%BB%89nh+B%C3%A0+R%E1%BB%8Ba+-+V%C5%A9ng+T%C3%A0u+D%E1%BB%B1+%C3%A1n+gi%C3%A1p+ranh+t%E1%BB%89nh+B%C3%A0+R%E1%BB%8Ba+V%C5%A9ng+T%C3%A0u+v%C3%A0+t%E1%BB%89nh+%C4%90%E1%BB%93ng+Nai+C%C3%A1ch+UBND+TP.+Ph%C3%BA+M%E1%BB%B9+kho%E1%BA%A3ng+12km+C%C3%A1ch+s%C3%A2n+bay+Qu%E1%BB%91c+t%E1%BA%BF+Long+Th%C3%A0%2C+SADACO+-+Ph%C3%BA+M%E1%BB%B9%22%2C+Long+Th%C3%A0nh%2C+B%C3%A0+R%E1%BB%8Ba+-+V%C5%A9ng+T%C3%A0u+v%C3%A0+%C4%91%C3%A1nh+gi%C3%A1+d%E1%BB%B1+%C3%A1n+SADACO+-+Ph%C3%BA+M%E1%BB%B9%22+nh%C6%B0+sau%3A+1%2F+V%E1%BB%8B+tr%C3%AD+d%E1%BB%B1+%C3%A1n+SADACO%3A+T%E1%BB%8Da+l%E1%BA%A1c+m%E1%BA%B7t+ti%E1%BB%81n+%C4%91%C6%B0%E1%BB%9Dng+T%C3%B4+Nguy%E1%BB%87t+%C4%90%C3%ACnh
BDS-MASTER-0300,cao tầng với,"và hiện trạng: - Dự án cao tầng với, cao tầng với, Bình Dương",9,2024-12-11,"[2024-12-11] Thao L - INVT 12/11/2024 5:31 PM Edited Translate K.ĐT báo cáo anh Mr Mike1 -CEO về Chung cư Phượng Hoàng, Dĩ An, Bình Dương (Nguồn: Mr. Khôi) như sau: 1. Thông tin, vị trí và hiện trạng: - Dự án cao tầng với",https://www.google.com/maps/search/v%C3%A0+hi%E1%BB%87n+tr%E1%BA%A1ng%3A+-+D%E1%BB%B1+%C3%A1n+cao+t%E1%BA%A7ng+v%E1%BB%9Bi%2C+cao+t%E1%BA%A7ng+v%E1%BB%9Bi%2C+B%C3%ACnh+D%C6%B0%C6%A1ng
BDS-MASTER-0113,chung cư Hải Sơn có diện tích đất 8,"và ranh đất: https://www.google.com/maps/d/edit?mid=1pYF3M65dQngj9P_VP8SbXUKy92nYnFo&usp=sharing => Đánh giá sơ bộ hiện trạng: Đường kết nối vào khu đất từ đường Huỳnh Văn Nghệ có bề ngang nhỏ, chỉ khoảng 8.8 m, cần đánh, chung cư Hải Sơn có diện tích đất 8, Biên Hòa, Đồng Nai",9,,"[] P.ĐT xin báo cáo sếp Admin 01 về sơ bộ dự án chung cư Hải Sơn có diện tích đất 8.321 m2 (nguồn từ anh Sơn Trợ lý) tại đường Huỳnh Văn Nghệ, P. Biên Hòa, Thành phố Đồng Nai như sau: I. Vị trí và ranh đất: https://www.google.com/maps/d/edit?mid=1pYF3M65dQngj9P_VP8SbXUKy92nYnFo&usp=sharing => Đánh giá sơ bộ hiện trạng: Đường kết nối vào khu đất từ đường Huỳnh Văn Nghệ có bề ngang nhỏ, chỉ khoảng 8.8 m, cần đánh giá có đủ điều kiện kết nối giao thông cho dự án chung cư cao tầng hay không. Chiều s",https://www.google.com/maps/search/v%C3%A0+ranh+%C4%91%E1%BA%A5t%3A+https%3A%2F%2Fwww.google.com%2Fmaps%2Fd%2Fedit%3Fmid%3D1pYF3M65dQngj9P_VP8SbXUKy92nYnFo%26usp%3Dsharing+%3D%3E+%C4%90%C3%A1nh+gi%C3%A1+s%C6%A1+b%E1%BB%99+hi%E1%BB%87n+tr%E1%BA%A1ng%3A+%C4%90%C6%B0%E1%BB%9Dng+k%E1%BA%BFt+n%E1%BB%91i+v%C3%A0o+khu+%C4%91%E1%BA%A5t+t%E1%BB%AB+%C4%91%C6%B0%E1%BB%9Dng+Hu%E1%BB%B3nh+V%C4%83n+Ngh%E1%BB%87+c%C3%B3+b%E1%BB%81+ngang+nh%E1%BB%8F%2C+ch%E1%BB%89+kho%E1%BA%A3ng+8.8+m%2C+c%E1%BA%A7n+%C4%91%C3%A1nh%2C+chung+c%C6%B0+H%E1%BA%A3i+S%C6%A1n+c%C3%B3+di%E1%BB%87n+t%C3%ADch+%C4%91%E1%BA%A5t+8%2C+Bi%C3%AAn+H%C3%B2a%2C+%C4%90%E1%BB%93ng+Nai
BDS-MASTER-0091,căn hộ cao cấp tại vị trí nghiên cứu là khả thi với mức giá đấu max 370 tr,"Theo đề án trung tâm tài chính quốc tế Đà Nẵng và báo cáo SXD Đà Nẵng, lô A12 và A14 được quy hoạch chức năng căn hộ cao cấp. Do đó, P.ĐT đề xuất nghiên cứu 2 lô đất này vì có tiềm năng mang lại lợi nhuận và dòng thu sớm, căn hộ cao cấp tại vị trí nghiên cứu là khả thi với mức giá đấu max 370 tr, Đà Nẵng",9,,"[] Phòng Đầu tư báo cáo CEO Mr Mike1 -CEO 2 khu đất thuộc trung tâm tài chính quốc tế Đà Nẵng đang kêu gọi nhà đầu tư như sau: 1. Vị trí: Theo đề án trung tâm tài chính quốc tế Đà Nẵng và báo cáo SXD Đà Nẵng, lô A12 và A14 được quy hoạch chức năng căn hộ cao cấp. Do đó, P.ĐT đề xuất nghiên cứu 2 lô đất này vì có tiềm năng mang lại lợi nhuận và dòng thu sớm nhất. 2. Thông tin 2 lô đất: - Lô A12: 7.633 m2, MĐXD 40-90%, 38 tầng - Lô A14: 10.327 m2, MĐXD 40 – 90%, 38 tầng. Dựa vào thông tin nghiên c",https://www.google.com/maps/search/Theo+%C4%91%E1%BB%81+%C3%A1n+trung+t%C3%A2m+t%C3%A0i+ch%C3%ADnh+qu%E1%BB%91c+t%E1%BA%BF+%C4%90%C3%A0+N%E1%BA%B5ng+v%C3%A0+b%C3%A1o+c%C3%A1o+SXD+%C4%90%C3%A0+N%E1%BA%B5ng%2C+l%C3%B4+A12+v%C3%A0+A14+%C4%91%C6%B0%E1%BB%A3c+quy+ho%E1%BA%A1ch+ch%E1%BB%A9c+n%C4%83ng+c%C4%83n+h%E1%BB%99+cao+c%E1%BA%A5p.+Do+%C4%91%C3%B3%2C+P.%C4%90T+%C4%91%E1%BB%81+xu%E1%BA%A5t+nghi%C3%AAn+c%E1%BB%A9u+2+l%C3%B4+%C4%91%E1%BA%A5t+n%C3%A0y+v%C3%AC+c%C3%B3+ti%E1%BB%81m+n%C4%83ng+mang+l%E1%BA%A1i+l%E1%BB%A3i+nhu%E1%BA%ADn+v%C3%A0+d%C3%B2ng+thu+s%E1%BB%9Bm%2C+c%C4%83n+h%E1%BB%99+cao+c%E1%BA%A5p+t%E1%BA%A1i+v%E1%BB%8B+tr%C3%AD+nghi%C3%AAn+c%E1%BB%A9u+l%C3%A0+kh%E1%BA%A3+thi+v%E1%BB%9Bi+m%E1%BB%A9c+gi%C3%A1+%C4%91%E1%BA%A5u+max+370+tr%2C+%C4%90%C3%A0+N%E1%BA%B5ng
BDS-MASTER-0171,cơ bản đạt hiệu quả tài chính,"https://goo.gl/maps/QUDziRBdFv7URi8QA Link hồ sơ:Toàn Thịnh Phát - OneDrive (sharepoint.com) BC dự án Toàn Thịnh Phát.pdf Thị trường Phú Quốc.pdf Em gửi thêm bảng so sánh các dự án đang chà... by Thao L - INVT, has an at, cơ bản đạt hiệu quả tài chính, Phú Quốc",9,2022-09-06,"[2022-09-06] Thao L - INVT 9/6/2022 4:52 PM Hiệu quả tài chính: IRR = 14,72% và NPV = 698,475. Độ nhạy dự án: Kết luận: Dự án cơ bản đạt hiệu quả tài chính, K.ĐT đề xuất xúc tiến và đàm phán giá nhận chuyển nhượng để dự án đạt hiệu quả tốt hơn. Ghi chú: - Hiện tại yếu tố pháp lý liên quan đến việc “bán” sản phẩm nghỉ dưỡng vẫn chưa được pháp luật quy định rõ ràng (không đúng với mục tiêu của chủ trương đầu tư là chủ đầu tư phải vận hành). - Về quy hoạch: Ngày 23/06/2022, Thủ tướng Chính phủ có Q",https://www.google.com/maps/search/https%3A%2F%2Fgoo.gl%2Fmaps%2FQUDziRBdFv7URi8QA+Link+h%E1%BB%93+s%C6%A1%3ATo%C3%A0n+Th%E1%BB%8Bnh+Ph%C3%A1t+-+OneDrive+%28sharepoint.com%29+BC+d%E1%BB%B1+%C3%A1n+To%C3%A0n+Th%E1%BB%8Bnh+Ph%C3%A1t.pdf+Th%E1%BB%8B+tr%C6%B0%E1%BB%9Dng+Ph%C3%BA+Qu%E1%BB%91c.pdf+Em+g%E1%BB%ADi+th%C3%AAm+b%E1%BA%A3ng+so+s%C3%A1nh+c%C3%A1c+d%E1%BB%B1+%C3%A1n+%C4%91ang+ch%C3%A0...+by+Thao+L+-+INVT%2C+has+an+at%2C+c%C6%A1+b%E1%BA%A3n+%C4%91%E1%BA%A1t+hi%E1%BB%87u+qu%E1%BA%A3+t%C3%A0i+ch%C3%ADnh%2C+Ph%C3%BA+Qu%E1%BB%91c
BDS-MASTER-0304,của mình nằm sát Khu CBD mới của Đà Nẵng và lợi thế nằm ngay đường Phạm Văn Đồng (có 4 mặt tiền,"dự án của mình nằm sát Khu CBD mới của Đà Nẵng và lợi thế nằm ngay đường Phạm Văn Đồng (có 4 mặt tiền, mặc dù bị khuyết 1 ô), cách bãi tắm biển Phạm Văn Đồng 500 mét (1 trong bãi biển đẹp nhất của Đà Nẵng). Đối với shoph, của mình nằm sát Khu CBD mới của Đà Nẵng và lợi thế nằm ngay đường Phạm Văn Đồng (có 4 mặt tiền, Đà Nẵng",9,2022-08-10,"[2022-08-10] Quy Vo-PTDT 8/10/2022 10:47 AM Vị trí dự án của mình nằm sát Khu CBD mới của Đà Nẵng và lợi thế nằm ngay đường Phạm Văn Đồng (có 4 mặt tiền, mặc dù bị khuyết 1 ô), cách bãi tắm biển Phạm Văn Đồng 500 mét (1 trong bãi biển đẹp nhất của Đà Nẵng). Đối với shophouse thì giá bán đang đề xuất ... by Unknown User",https://www.google.com/maps/search/d%E1%BB%B1+%C3%A1n+c%E1%BB%A7a+m%C3%ACnh+n%E1%BA%B1m+s%C3%A1t+Khu+CBD+m%E1%BB%9Bi+c%E1%BB%A7a+%C4%90%C3%A0+N%E1%BA%B5ng+v%C3%A0+l%E1%BB%A3i+th%E1%BA%BF+n%E1%BA%B1m+ngay+%C4%91%C6%B0%E1%BB%9Dng+Ph%E1%BA%A1m+V%C4%83n+%C4%90%E1%BB%93ng+%28c%C3%B3+4+m%E1%BA%B7t+ti%E1%BB%81n%2C+m%E1%BA%B7c+d%C3%B9+b%E1%BB%8B+khuy%E1%BA%BFt+1+%C3%B4%29%2C+c%C3%A1ch+b%C3%A3i+t%E1%BA%AFm+bi%E1%BB%83n+Ph%E1%BA%A1m+V%C4%83n+%C4%90%E1%BB%93ng+500+m%C3%A9t+%281+trong+b%C3%A3i+bi%E1%BB%83n+%C4%91%E1%BA%B9p+nh%E1%BA%A5t+c%E1%BB%A7a+%C4%90%C3%A0+N%E1%BA%B5ng%29.+%C4%90%E1%BB%91i+v%E1%BB%9Bi+shoph%2C+c%E1%BB%A7a+m%C3%ACnh+n%E1%BA%B1m+s%C3%A1t+Khu+CBD+m%E1%BB%9Bi+c%E1%BB%A7a+%C4%90%C3%A0+N%E1%BA%B5ng+v%C3%A0+l%E1%BB%A3i+th%E1%BA%BF+n%E1%BA%B1m+ngay+%C4%91%C6%B0%E1%BB%9Dng+Ph%E1%BA%A1m+V%C4%83n+%C4%90%E1%BB%93ng+%28c%C3%B3+4+m%E1%BA%B7t+ti%E1%BB%81n%2C+%C4%90%C3%A0+N%E1%BA%B5ng
BDS-MASTER-0369,khu đô thị dọc theo Me,"làm khu đô thị TOD dọc các tuyến metro và vành đai - Tuổi Trẻ Online Việc này giúp khai thác và phát triển tốt các quỹ đất có điều kiện chỉnh trang, tạo thành các khu đô thị nén xung quanh nhà ga tuyến metro số 1, 2, d, khu đô thị dọc theo Me, TP.HCM",9,2024-11-02,"[2024-11-02] Huy M - IM 11/2/2024 9:30 AM https://tuoitre.vn/tp-hcm-xac-dinh-11-vi-tri-lam-khu-do-thi-tod-doc-cac-tuyen-metro-va-vanh-dai-20241101202506365.htm TP.HCM xác định 11 vị trí làm khu đô thị TOD dọc các tuyến metro và vành đai - Tuổi Trẻ Online Việc này giúp khai thác và phát triển tốt các quỹ đất có điều kiện chỉnh trang, tạo thành các khu đô thị nén xung quanh nhà ga tuyến metro số 1, 2, dọc vành đai 3… ở TP.HCM. tuoitre.vn TP.HCM làm các dự án khu đô thị dọc theo Me... by Huy M - ",https://www.google.com/maps/search/l%C3%A0m+khu+%C4%91%C3%B4+th%E1%BB%8B+TOD+d%E1%BB%8Dc+c%C3%A1c+tuy%E1%BA%BFn+metro+v%C3%A0+v%C3%A0nh+%C4%91ai+-+Tu%C3%B4%CC%89i+Tre%CC%89+Online+Vi%E1%BB%87c+n%C3%A0y+gi%C3%BAp+khai+th%C3%A1c+v%C3%A0+ph%C3%A1t+tri%E1%BB%83n+t%E1%BB%91t+c%C3%A1c+qu%E1%BB%B9+%C4%91%E1%BA%A5t+c%C3%B3+%C4%91i%E1%BB%81u+ki%E1%BB%87n+ch%E1%BB%89nh+trang%2C+t%E1%BA%A1o+th%C3%A0nh+c%C3%A1c+khu+%C4%91%C3%B4+th%E1%BB%8B+n%C3%A9n+xung+quanh+nh%C3%A0+ga+tuy%E1%BA%BFn+metro+s%E1%BB%91+1%2C+2%2C+d%2C+khu+%C4%91%C3%B4+th%E1%BB%8B+d%E1%BB%8Dc+theo+Me%2C+TP.HCM
BDS-MASTER-0310,khách sạn Felicia Đà Nẵng,"- Mặt tiền tiếp giáp đường Võ Nguyên Giáp, cách giao lộ đường Võ Nguyên Giáp và Võ Văn Kiệt khoảng 1,2km, cách giao lộ đường Võ Nguyên Giáp và Hồ Xuân Hương khoảng 1,4km - Bên trái giáp Serene Beach, cách, khách sạn Felicia Đà Nẵng, Ngũ Hành Sơn, Đà Nẵng",9,2024-10-15,"[2024-10-15] Unknown User 10/15/2024 11:14 AM K.ĐT báo cáo anh Mr Mike1 -CEO về dự án khách sạn Felicia Đà Nẵng, mặt tiền đường V… Tính theo PA là bán condotel thì sao a Begin quote, Thao Le-PTDT , 10/14/2024 12:0... by Unknown User --- [2024-10-15] Sinh Nguyen-Dau Tu 10/15/2024 11:14 AM Edited Translate K.ĐT báo cáo anh Mr Mike1 -CEO về dự án khách sạn Felicia Đà Nẵng, mặt tiền đường Võ Nguyên Giáp, Lô B5, thuộc khu phúc hợp đô thị, TMDV Royal Era 1, P. Mỹ An, Q. Ngũ Hành Sơn, T. Đà Nẵng như sa",https://www.google.com/maps/search/-+M%E1%BA%B7t+ti%E1%BB%81n+ti%E1%BA%BFp+gi%C3%A1p+%C4%91%C6%B0%E1%BB%9Dng+V%C3%B5+Nguy%C3%AAn+Gi%C3%A1p%2C+c%C3%A1ch+giao+l%E1%BB%99+%C4%91%C6%B0%E1%BB%9Dng+V%C3%B5+Nguy%C3%AAn+Gi%C3%A1p+v%C3%A0+V%C3%B5+V%C4%83n+Ki%E1%BB%87t+kho%E1%BA%A3ng+1%2C2km%2C+c%C3%A1ch+giao+l%E1%BB%99+%C4%91%C6%B0%E1%BB%9Dng+V%C3%B5+Nguy%C3%AAn+Gi%C3%A1p+v%C3%A0+H%E1%BB%93+Xu%C3%A2n+H%C6%B0%C6%A1ng+kho%E1%BA%A3ng+1%2C4km+-+B%C3%AAn+tr%C3%A1i+gi%C3%A1p+Serene+Beach%2C+c%C3%A1ch%2C+kh%C3%A1ch+s%E1%BA%A1n+Felicia+%C4%90%C3%A0+N%E1%BA%B5ng%2C+Ng%C5%A9+H%C3%A0nh+S%C6%A1n%2C+%C4%90%C3%A0+N%E1%BA%B5ng
BDS-MASTER-0066,kế bên DA Võ Văn Kiệt,"VÀ RANH ĐẤT: Dự án thuộc lô A17-01, sát bên dự án Võ Văn Kiệt của Công ty (lô A17-02), đường Võ Văn Kiệt, TP. Đà Nẵng. Vị trí theo đường link: Vị Trí Dự án 2. THÔNG SỐ QUY HOẠCH Trên cơ sở Quyết định chủ trương đầu tư th, kế bên DA Võ Văn Kiệt, Đà Nẵng",9,,"[] P.ĐT báo cáo Sếp Admin 01 về dự án kế bên DA Võ Văn Kiệt, TP Đà Nẵng như sau: 1. VỊ TRÍ VÀ RANH ĐẤT: Dự án thuộc lô A17-01, sát bên dự án Võ Văn Kiệt của Công ty (lô A17-02), đường Võ Văn Kiệt, TP. Đà Nẵng. Vị trí theo đường link: Vị Trí Dự án 2. THÔNG SỐ QUY HOẠCH Trên cơ sở Quyết định chủ trương đầu tư theo QĐ 2915/QĐ-UBND ngày 09/12/2025 (nguồn từ cổng thông tin điện tử Thành phố Đà Nẵng tại trang Cổng thông tin TP Đà Nẵng Diện tích đất: 2.635 m2 Dân số: 740 dân MĐXD: 60% Tầng cao: 27 tầng",https://www.google.com/maps/search/V%C3%80+RANH+%C4%90%E1%BA%A4T%3A+D%E1%BB%B1+%C3%A1n+thu%E1%BB%99c+l%C3%B4+A17-01%2C+s%C3%A1t+b%C3%AAn+d%E1%BB%B1+%C3%A1n+V%C3%B5+V%C4%83n+Ki%E1%BB%87t+c%E1%BB%A7a+C%C3%B4ng+ty+%28l%C3%B4+A17-02%29%2C+%C4%91%C6%B0%E1%BB%9Dng+V%C3%B5+V%C4%83n+Ki%E1%BB%87t%2C+TP.+%C4%90%C3%A0+N%E1%BA%B5ng.+V%E1%BB%8B+tr%C3%AD+theo+%C4%91%C6%B0%E1%BB%9Dng+link%3A+V%E1%BB%8B+Tr%C3%AD+D%E1%BB%B1+%C3%A1n+2.+TH%C3%94NG+S%E1%BB%90+QUY+HO%E1%BA%A0CH+Tr%C3%AAn+c%C6%A1+s%E1%BB%9F+Quy%E1%BA%BFt+%C4%91%E1%BB%8Bnh+ch%E1%BB%A7+tr%C6%B0%C6%A1ng+%C4%91%E1%BA%A7u+t%C6%B0+th%2C+k%E1%BA%BF+b%C3%AAn+DA+V%C3%B5+V%C4%83n+Ki%E1%BB%87t%2C+%C4%90%C3%A0+N%E1%BA%B5ng
BDS-MASTER-0267,phân lô bán nền 4,"Dự án nằm trong hẻm đường Quốc lộ 51, cách đường Quốc lộ 51 khoảng 850m, cách cao tốc Biên Hòa Vũng Tàu khoảng 1,2km, bên phải giáp đường ĐT 771 (quy hoạch), bên dưới giáp đường ĐT 777 (quy hoạch). Trong bán kính 2-3km c, phân lô bán nền 4, Biên Hòa, Đồng Nai",9,,"[] P.ĐT báo cáo nhanh anh Mr Mike1 -CEO về dự án phân lô bán nền 4,9ha Khu dân cư Tam Phước, phường Tam Phước, Thành phố Biên Hòa, tỉnh Đồng Nai (Nguồn: Mr. Duy - P.PTQĐ) như sau: 1/ Vị trí: Dự án nằm trong hẻm đường Quốc lộ 51, cách đường Quốc lộ 51 khoảng 850m, cách cao tốc Biên Hòa Vũng Tàu khoảng 1,2km, bên phải giáp đường ĐT 771 (quy hoạch), bên dưới giáp đường ĐT 777 (quy hoạch). Trong bán kính 2-3km có cách khu công nghiệp như: KCN Long Thành, KCN An Phước, KCN Tam Phước Cách dự",https://www.google.com/maps/search/D%E1%BB%B1+%C3%A1n+n%E1%BA%B1m+trong+h%E1%BA%BBm+%C4%91%C6%B0%E1%BB%9Dng+Qu%E1%BB%91c+l%E1%BB%99+51%2C+c%C3%A1ch+%C4%91%C6%B0%E1%BB%9Dng+Qu%E1%BB%91c+l%E1%BB%99+51+kho%E1%BA%A3ng+850m%2C+c%C3%A1ch+cao+t%E1%BB%91c+Bi%C3%AAn+H%C3%B2a+V%C5%A9ng+T%C3%A0u+kho%E1%BA%A3ng+1%2C2km%2C+b%C3%AAn+ph%E1%BA%A3i+gi%C3%A1p+%C4%91%C6%B0%E1%BB%9Dng+%C4%90T+771+%28quy+ho%E1%BA%A1ch%29%2C+b%C3%AAn+d%C6%B0%E1%BB%9Bi+gi%C3%A1p+%C4%91%C6%B0%E1%BB%9Dng+%C4%90T+777+%28quy+ho%E1%BA%A1ch%29.+Trong+b%C3%A1n+k%C3%ADnh+2-3km+c%2C+ph%C3%A2n+l%C3%B4+b%C3%A1n+n%E1%BB%81n+4%2C+Bi%C3%AAn+H%C3%B2a%2C+%C4%90%E1%BB%93ng+Nai
BDS-MASTER-0325,thấp tầng Phú An Hội giáp mặt tiền Tôn Đức Thắng (25B),"+ Tiếp giáp mặt tiền Tôn Đức Thắng (25B), Phú Hội, Nhơn Trạch, Đồng Nai. + Cách ngã tư Tôn Đức Thắng – Nguyễn Hữu C… Mr. Hùng TPQĐ muốn xem báo cáo này. P.ĐT xin ý kiến của anh Mr Mike1 -CEO ạ Begin quote, Thao Le-PTDT ,, thấp tầng Phú An Hội giáp mặt tiền Tôn Đức Thắng (25B), Nhơn Trạch, Đồng Nai",9,2024-11-09,"[2024-11-09] Thao L - INVT 11/9/2024 11:58 AM K.ĐT báo cáo anh Mr Mike1 -CEO về dự án thấp tầng Phú An Hội giáp mặt tiền Tôn Đức Thắng (25B), Phú Hội, Nhơn Trạch, Đồng Nai như sau (Nguồn: Mr. Ka): I. THÔNG TIN DỰ ÁN - Vị trí: + Tiếp giáp mặt tiền Tôn Đức Thắng (25B), Phú Hội, Nhơn Trạch, Đồng Nai. + Cách ngã tư Tôn Đức Thắng – Nguyễn Hữu C… Mr. Hùng TPQĐ muốn xem báo cáo này. P.ĐT xin ý kiến của anh Mr Mike1 -CEO ạ Begin quote, Thao Le-PTDT , 11/9/2024 12:17... by Unknown User --- [2024-11-09] T",https://www.google.com/maps/search/%2B+Ti%E1%BA%BFp+gi%C3%A1p+m%E1%BA%B7t+ti%E1%BB%81n+T%C3%B4n+%C4%90%E1%BB%A9c+Th%E1%BA%AFng+%2825B%29%2C+Ph%C3%BA+H%E1%BB%99i%2C+Nh%C6%A1n+Tr%E1%BA%A1ch%2C+%C4%90%E1%BB%93ng+Nai.+%2B+C%C3%A1ch+ng%C3%A3+t%C6%B0+T%C3%B4n+%C4%90%E1%BB%A9c+Th%E1%BA%AFng+%E2%80%93+Nguy%E1%BB%85n+H%E1%BB%AFu+C%E2%80%A6+Mr.+H%C3%B9ng+TPQ%C4%90+mu%E1%BB%91n+xem+b%C3%A1o+c%C3%A1o+n%C3%A0y.+P.%C4%90T+xin+%C3%BD+ki%E1%BA%BFn+c%E1%BB%A7a+anh+Mr+Mike1+-CEO+%E1%BA%A1+Begin+quote%2C+Thao+Le-PTDT+%2C%2C+th%E1%BA%A5p+t%E1%BA%A7ng+Ph%C3%BA+An+H%E1%BB%99i+gi%C3%A1p+m%E1%BA%B7t+ti%E1%BB%81n+T%C3%B4n+%C4%90%E1%BB%A9c+Th%E1%BA%AFng+%2825B%29%2C+Nh%C6%A1n+Tr%E1%BA%A1ch%2C+%C4%90%E1%BB%93ng+Nai
BDS-MASTER-0179,tọa lạc,"dự án tọa lạc. Có một số đánh giá như sau: Vị trí xa trung tâm: đất cách trung tâm TPHCM khoảng 20 km nhưng thuộc về phía Tây, là khu vực mà tốc độ tăng trưởng kinh tế khá khiêm tốn trong lịch sử và tiềm năng phát triển, tọa lạc, TPHCM",9,,"[] P.ĐT sau khi nghiên cứu hồ sơ pháp lý, vị trí dự án tọa lạc. Có một số đánh giá như sau: Vị trí xa trung tâm: đất cách trung tâm TPHCM khoảng 20 km nhưng thuộc về phía Tây, là khu vực mà tốc độ tăng trưởng kinh tế khá khiêm tốn trong lịch sử và tiềm năng phát triển trong tương lai cũng không lớn mạnh bằng các khu vực khác ở phía Đông cùng khoảng cách (như khu Đông phía Bình Dương, Đồng Nai). Hiện trạng khu đất còn thưa thớt: dân cư, xung quanh bán kính trong vòng 05km chưa có nhiều tiện ích n",https://www.google.com/maps/search/d%E1%BB%B1+%C3%A1n+t%E1%BB%8Da+l%E1%BA%A1c.+C%C3%B3+m%E1%BB%99t+s%E1%BB%91+%C4%91%C3%A1nh+gi%C3%A1+nh%C6%B0+sau%3A+V%E1%BB%8B+tr%C3%AD+xa+trung+t%C3%A2m%3A+%C4%91%E1%BA%A5t+c%C3%A1ch+trung+t%C3%A2m+TPHCM+kho%E1%BA%A3ng+20+km+nh%C6%B0ng+thu%E1%BB%99c+v%E1%BB%81+ph%C3%ADa+T%C3%A2y%2C+l%C3%A0+khu+v%E1%BB%B1c+m%C3%A0+t%E1%BB%91c+%C4%91%E1%BB%99+t%C4%83ng+tr%C6%B0%E1%BB%9Fng+kinh+t%E1%BA%BF+kh%C3%A1+khi%C3%AAm+t%E1%BB%91n+trong+l%E1%BB%8Bch+s%E1%BB%AD+v%C3%A0+ti%E1%BB%81m+n%C4%83ng+ph%C3%A1t+tri%E1%BB%83n%2C+t%E1%BB%8Da+l%E1%BA%A1c%2C+TPHCM
BDS-MASTER-0204,Đặng Văn Bi + Vị trí,"31 Trần Não, Quận 2, TP.HCM + Diện tích: 5.835m2 + Hiện trạng: Đang tính phương án 4: 35 tầng VP + tiện ích (gym, hồi bơi,...) + Deadline: 20/05/2026 2. Dự án Đặng Văn Bi + Vị trí: đường Đặng Văn Bi, Phường Thủ Đức, TP H, Đặng Văn Bi + Vị trí, Quận 2, TP.HCM",9,,"[] P.ĐT gửi Sếp list các Dự án: 1. 31 Trần Não + Vị trí: 31 Trần Não, Quận 2, TP.HCM + Diện tích: 5.835m2 + Hiện trạng: Đang tính phương án 4: 35 tầng VP + tiện ích (gym, hồi bơi,...) + Deadline: 20/05/2026 2. Dự án Đặng Văn Bi + Vị trí: đường Đặng Văn Bi, Phường Thủ Đức, TP HCM + Diện Tích, quy mô: Khoảng 4.600 m2, 22 tầng cao, HS SDĐ là 7 + Thông tin sơ bộ: Dự án phát triển chung cư và căn hộ dịch vụ + Deadline: 21/05/2026 3. Dự án sát bên dự án Võ Văn Kiệt - Đà Nẵng. + Diện tích khoảng 2000 m",https://www.google.com/maps/search/31+Tr%E1%BA%A7n+N%C3%A3o%2C+Qu%E1%BA%ADn+2%2C+TP.HCM+%2B+Di%E1%BB%87n+t%C3%ADch%3A+5.835m2+%2B+Hi%E1%BB%87n+tr%E1%BA%A1ng%3A+%C4%90ang+t%C3%ADnh+ph%C6%B0%C6%A1ng+%C3%A1n+4%3A+35+t%E1%BA%A7ng+VP+%2B+ti%E1%BB%87n+%C3%ADch+%28gym%2C+h%E1%BB%93i+b%C6%A1i%2C...%29+%2B+Deadline%3A+20%2F05%2F2026+2.+D%E1%BB%B1+%C3%A1n+%C4%90%E1%BA%B7ng+V%C4%83n+Bi+%2B+V%E1%BB%8B+tr%C3%AD%3A+%C4%91%C6%B0%E1%BB%9Dng+%C4%90%E1%BA%B7ng+V%C4%83n+Bi%2C+Ph%C6%B0%E1%BB%9Dng+Th%E1%BB%A7+%C4%90%E1%BB%A9c%2C+TP+H%2C+%C4%90%E1%BA%B7ng+V%C4%83n+Bi+%2B+V%E1%BB%8B+tr%C3%AD%2C+Qu%E1%BA%ADn+2%2C+TP.HCM
BDS-MASTER-0233,đầu tư xây dựng Cao ốc căn hộ Hạnh Phúc,"dự án: Số 10 Trần Đại Nghĩa, H. Bình Chánh, TP HCM, link map. 2. Hiện trạng: + Pháp lý: * Giấy CN QSD đất: 6.952 m2, đất SXKD cấp năm 2005 - thời hạn lâu dài - Chủ là DN tư nhân Thanh Tùng. * QĐ 54/QĐ-SXD-PTN ngày 29/04/, đầu tư xây dựng Cao ốc căn hộ Hạnh Phúc, TPHCM",9,,"[] Phòng ĐT báo cáo Sếp Admin 01 về sơ bộ DA Chung cư Hạnh Phúc (Nguồn Mr.Khôi), diện tích đất gần 7.000 m2, đường Trần Đại Nghĩa, H.Bình Chánh, TPHCM : 1. Vị trí dự án: Số 10 Trần Đại Nghĩa, H. Bình Chánh, TP HCM, link map. 2. Hiện trạng: + Pháp lý: * Giấy CN QSD đất: 6.952 m2, đất SXKD cấp năm 2005 - thời hạn lâu dài - Chủ là DN tư nhân Thanh Tùng. * QĐ 54/QĐ-SXD-PTN ngày 29/04/2008 của Sở Xây dựng TP.HCM – Phê duyệt dự án đầu tư xây dựng Cao ốc căn hộ Hạnh Phúc, về Quy định pháp lý xây dự",https://www.google.com/maps/search/d%E1%BB%B1+%C3%A1n%3A+S%E1%BB%91+10+Tr%E1%BA%A7n+%C4%90%E1%BA%A1i+Ngh%C4%A9a%2C+H.+B%C3%ACnh+Ch%C3%A1nh%2C+TP+HCM%2C+link+map.+2.+Hi%E1%BB%87n+tr%E1%BA%A1ng%3A+%2B+Ph%C3%A1p+l%C3%BD%3A+%2A+Gi%E1%BA%A5y+CN+QSD+%C4%91%E1%BA%A5t%3A+6.952+m2%2C+%C4%91%E1%BA%A5t+SXKD+c%E1%BA%A5p+n%C4%83m+2005+-+th%E1%BB%9Di+h%E1%BA%A1n+l%C3%A2u+d%C3%A0i+-+Ch%E1%BB%A7+l%C3%A0+DN+t%C6%B0+nh%C3%A2n+Thanh+T%C3%B9ng.+%2A+Q%C4%90+54%2FQ%C4%90-SXD-PTN+ng%C3%A0y+29%2F04%2F%2C+%C4%91%C3%A2%CC%80u+t%C6%B0+x%C3%A2y+d%E1%BB%B1ng+Cao+%C3%B4%CC%81c+c%C4%83n+h%E1%BB%8D%CC%82+H%E1%BA%A1nh+Ph%C3%BAc%2C+TPHCM
BDS-MASTER-0426,Khu nhà ở công nhân và chuyên gia tại xã Nhơn Trạch của Công ty TNHH Vạn Phúc,"Đường Ngô Gia Tự, Xã Nhơn Trạch, Tỉnh Đồng Nai Tọa độ google map: 10.721592, 106.892393, Khu nhà ở công nhân và chuyên gia tại xã Nhơn Trạch của Công ty TNHH Vạn Phúc, Nhơn Trạch, Đồng Nai",8,,"[] P.ĐT báo cáo Sếp Mr Mike1 -CEO về Dự án Khu nhà ở công nhân và chuyên gia tại xã Nhơn Trạch của Công ty TNHH Vạn Phúc như sau: I. ĐÁNH GIÁ THÔNG TIN CHUNG DỰ ÁN Vị trí: Đường Ngô Gia Tự, Xã Nhơn Trạch, Tỉnh Đồng Nai Tọa độ google map: 10.721592, 106.892393",https://www.google.com/maps/search/%C4%90%C6%B0%E1%BB%9Dng+Ng%C3%B4+Gia+T%E1%BB%B1%2C+X%C3%A3+Nh%C6%A1n+Tr%E1%BA%A1ch%2C+T%E1%BB%89nh+%C4%90%E1%BB%93ng+Nai+T%E1%BB%8Da+%C4%91%E1%BB%99+google+map%3A+10.721592%2C+106.892393%2C+Khu+nh%C3%A0+%E1%BB%9F+c%C3%B4ng+nh%C3%A2n+v%C3%A0+chuy%C3%AAn+gia+t%E1%BA%A1i+x%C3%A3+Nh%C6%A1n+Tr%E1%BA%A1ch+c%E1%BB%A7a+C%C3%B4ng+ty+TNHH+V%E1%BA%A1n+Ph%C3%BAc%2C+Nh%C6%A1n+Tr%E1%BA%A1ch%2C+%C4%90%E1%BB%93ng+Nai
BDS-MASTER-0173,hiệu quả với tỷ lệ LNTT/TMĐT từ > 12% là từ 90 triệu đồng/m2,"DỰ ÁN và trong bối cảnh nguồn cung quá lớn ở Đà Nẵng., hiệu quả với tỷ lệ LNTT/TMĐT từ > 12% là từ 90 triệu đồng/m2, Đà Nẵng",8,,"[] Phòng có tính thêm trường hợp giữ nguyên giá chào 245 triệu đồng/m2, (và giữ nguyên các yếu tố đầu vào như chi phí xây dựng, tiền sử dụng đất, các chi phí khác) THÌ giá bán bình quân căn hộ ở để dự án hiệu quả với tỷ lệ LNTT/TMĐT từ > 12% là từ 90 triệu đồng/m2, mà giá này thì khó khả thi ở vị trí DỰ ÁN và trong bối cảnh nguồn cung quá lớn ở Đà Nẵng.",https://www.google.com/maps/search/D%E1%BB%B0+%C3%81N+v%C3%A0+trong+b%E1%BB%91i+c%E1%BA%A3nh+ngu%E1%BB%93n+cung+qu%C3%A1+l%E1%BB%9Bn+%E1%BB%9F+%C4%90%C3%A0+N%E1%BA%B5ng.%2C+hi%E1%BB%87u+qu%E1%BA%A3+v%E1%BB%9Bi+t%E1%BB%B7+l%E1%BB%87+LNTT%2FTM%C4%90T+t%E1%BB%AB+%3E+12%25+l%C3%A0+t%E1%BB%AB+90+tri%E1%BB%87u+%C4%91%E1%BB%93ng%2Fm2%2C+%C4%90%C3%A0+N%E1%BA%B5ng
BDS-MASTER-0368,hạ tầng kết nối lớn tại các tỉnh thành lân cận,". 3/ Tỷ lệ lắp đầy đất KCN: + Việt Nam : 78 - 95% => trung bình 90% + Indonesia: 60 - 86.5% + Thái Lan: 87 - 89% => Việt Nam có tỷ lệ lắp đầy cao nhất, phản ánh sự dịch chuyển dòng vốn đầu tư từ nước ngoài vào Việt Nam m, hạ tầng kết nối lớn tại các tỉnh thành lân cận, TPHCM",8,,"[] Phòng Đầu tư và R&D gửi anh Tuan Tran-CEO báo cáo thị trường BĐS KCN tại Indonesia và Thái Lan đã được cập nhật thêm thông tin thị trường KCN tại Việt Nam, cụ thể: A/ So sánh thị trường KCN tại Việt Nam, Indonesia và Thái Lan 1/ Giá đất trung bình KCN ($/m2/kỳ) : + Vietnam : tại TPHCM - $257, tại Hà Nội - $168, các tỉnh thành phía Nam - $158, các tỉnh thành phía Bắc - $115 + Indonesia : tại Jakarta - $392, West Java (liền kề Jakarta) - $150, Easta Java - $397, Central Java - $119 + Thái Lan :",https://www.google.com/maps/search/.+3%2F+T%E1%BB%B7+l%E1%BB%87+l%E1%BA%AFp+%C4%91%E1%BA%A7y+%C4%91%E1%BA%A5t+KCN%3A+%2B+Vi%E1%BB%87t+Nam+%3A+78+-+95%25+%3D%3E+trung+b%C3%ACnh+90%25+%2B+Indonesia%3A+60+-+86.5%25+%2B+Th%C3%A1i+Lan%3A+87+-+89%25+%3D%3E+Vi%E1%BB%87t+Nam+c%C3%B3+t%E1%BB%B7+l%E1%BB%87+l%E1%BA%AFp+%C4%91%E1%BA%A7y+cao+nh%E1%BA%A5t%2C+ph%E1%BA%A3n+%C3%A1nh+s%E1%BB%B1+d%E1%BB%8Bch+chuy%E1%BB%83n+d%C3%B2ng+v%E1%BB%91n+%C4%91%E1%BA%A7u+t%C6%B0+t%E1%BB%AB+n%C6%B0%E1%BB%9Bc+ngo%C3%A0i+v%C3%A0o+Vi%E1%BB%87t+Nam+m%2C+h%E1%BA%A1+t%E1%BA%A7ng+k%E1%BA%BFt+n%E1%BB%91i+l%E1%BB%9Bn+t%E1%BA%A1i+c%C3%A1c+t%E1%BB%89nh+th%C3%A0nh+l%C3%A2n+c%E1%BA%ADn%2C+TPHCM
BDS-MASTER-0142,khách sạn cạnh TMS với giá chào là 650tr/m2 tại 290 Võ Nguyên Giáp,"Sở hữu vị trí mặt tiền hiếm có trên trục biển Võ Nguyên Giáp – trung tâm du lịch cao cấp Đà Nẵng, kết nối thuận tiện sân bay, trung tâm và Hội An. Pháp lý: Đất TMDV có thời hạn sử dụng lâu dài. Sổ bị cấp sai về thời hạn, khách sạn cạnh TMS với giá chào là 650tr/m2 tại 290 Võ Nguyên Giáp, Ngũ Hành Sơn, Đà Nẵng",8,,"[] K.ĐT báo cáo Sếp Admin 01 , về lô đất là... by Hoa D - CVDT, has an attachment. 5/27 9:18 AM Edited Hoa D - CVDT K.ĐT báo cáo Sếp Admin 01, về lô đất làm dự án khách sạn cạnh TMS với giá chào là 650tr/m2 tại 290 Võ Nguyên Giáp, Ngũ Hành Sơn, Đà Nẵng như sau: I SƠ BỘ VỀ DỰ ÁN Vị trí: Sở hữu vị trí mặt tiền hiếm có trên trục biển Võ Nguyên Giáp – trung tâm du lịch cao cấp Đà Nẵng, kết nối thuận tiện sân bay, trung tâm và Hội An. Pháp lý: Đất TMDV có thời hạn sử dụng lâu dài. Sổ bị cấp sai về th",https://www.google.com/maps/search/S%E1%BB%9F+h%E1%BB%AFu+v%E1%BB%8B+tr%C3%AD+m%E1%BA%B7t+ti%E1%BB%81n+hi%E1%BA%BFm+c%C3%B3+tr%C3%AAn+tr%E1%BB%A5c+bi%E1%BB%83n+V%C3%B5+Nguy%C3%AAn+Gi%C3%A1p+%E2%80%93+trung+t%C3%A2m+du+l%E1%BB%8Bch+cao+c%E1%BA%A5p+%C4%90%C3%A0+N%E1%BA%B5ng%2C+k%E1%BA%BFt+n%E1%BB%91i+thu%E1%BA%ADn+ti%E1%BB%87n+s%C3%A2n+bay%2C+trung+t%C3%A2m+v%C3%A0+H%E1%BB%99i+An.+Ph%C3%A1p+l%C3%BD%3A+%C4%90%E1%BA%A5t+TMDV+c%C3%B3+th%E1%BB%9Di+h%E1%BA%A1n+s%E1%BB%AD+d%E1%BB%A5ng+l%C3%A2u+d%C3%A0i.+S%E1%BB%95+b%E1%BB%8B+c%E1%BA%A5p+sai+v%E1%BB%81+th%E1%BB%9Di+h%E1%BA%A1n%2C+kh%C3%A1ch+s%E1%BA%A1n+c%E1%BA%A1nh+TMS+v%E1%BB%9Bi+gi%C3%A1+ch%C3%A0o+l%C3%A0+650tr%2Fm2+t%E1%BA%A1i+290+V%C3%B5+Nguy%C3%AAn+Gi%C3%A1p%2C+Ng%C5%A9+H%C3%A0nh+S%C6%A1n%2C+%C4%90%C3%A0+N%E1%BA%B5ng
BDS-MASTER-0385,nằm ở vị trí quỹ đất còn nhiều,"quỹ đất còn nhiều, dân cư còn thưa thớt, dẫn đến tính thanh khoản cũng thấp hơn so với khu gần Quốc lộ 51 và Cảng Cái Mép nên tầm nhìn phải trung, dài hạn khi sáp nhập vào TP.HCM Begin quote, Mr Mike1 -CEO, 4/8/2025 7:42, nằm ở vị trí quỹ đất còn nhiều, Long Thành, Đồng Nai",8,,"[] Dạ đúng ạ, ở Phú Mỹ vẫn câu chuyện Cảng Cái Mép, cao tốc Biên Hoà - Vũng Tàu và gần sân bay Long Thành bao năm qua nhưng giá đất khu này không bứt phá so với Đồng Nai hay Bình Dương được ạ, do hạ tầng giao thông chưa được chú trọng và dự án nằm ở vị trí quỹ đất còn nhiều, dân cư còn thưa thớt, dẫn đến tính thanh khoản cũng thấp hơn so với khu gần Quốc lộ 51 và Cảng Cái Mép nên tầm nhìn phải trung, dài hạn khi sáp nhập vào TP.HCM Begin quote, Mr Mike1 -CEO, 4/8/2025 7:42 P... by Huy M - IM",https://www.google.com/maps/search/qu%E1%BB%B9+%C4%91%E1%BA%A5t+c%C3%B2n+nhi%E1%BB%81u%2C+d%C3%A2n+c%C6%B0+c%C3%B2n+th%C6%B0a+th%E1%BB%9Bt%2C+d%E1%BA%ABn+%C4%91%E1%BA%BFn+t%C3%ADnh+thanh+kho%E1%BA%A3n+c%C5%A9ng+th%E1%BA%A5p+h%C6%A1n+so+v%E1%BB%9Bi+khu+g%E1%BA%A7n+Qu%E1%BB%91c+l%E1%BB%99+51+v%C3%A0+C%E1%BA%A3ng+C%C3%A1i+M%C3%A9p+n%C3%AAn+t%E1%BA%A7m+nh%C3%ACn+ph%E1%BA%A3i+trung%2C+d%C3%A0i+h%E1%BA%A1n+khi+s%C3%A1p+nh%E1%BA%ADp+v%C3%A0o+TP.HCM+Begin+quote%2C+Mr+Mike1+-CEO%2C+4%2F8%2F2025+7%3A42%2C+n%E1%BA%B1m+%E1%BB%9F+v%E1%BB%8B+tr%C3%AD+qu%E1%BB%B9+%C4%91%E1%BA%A5t+c%C3%B2n+nhi%E1%BB%81u%2C+Long+Th%C3%A0nh%2C+%C4%90%E1%BB%93ng+Nai
BDS-MASTER-0183,Anantara Mũi Né Resort,"Đường Nguyễn Đình Chiểu – Nguyễn Thông, P. Hàm Tiến, TP. Phan Thiết, T. Bình Thuận. Có mặt tiền biển rộng khoảng 120m. Dự án nằm giữa đoạn thủ phủ các khu nghĩ dưỡng TP.Phan Thiết, cách dự án Sea Links khoảng 1km. II. HI, Anantara Mũi Né Resort",7,2022-11-18,"[2022-11-18] Thao L - INVT 11/18/2022 3:00 PM Khối Đầu tư gửi anh Tuan Tran-CEO báo cáo định giá tài sản dự án Anantara Mũi Né Resort, thuộc CĐT Novaland Phan Thiết với các thông tin như sau: I. THÔNG TIN CƠ BẢN Giá chào chuyển nhượng của đối tác: 875 tỷ; trong đó: Khoản vay tại 31/10/2022: 550 tỷ - khoản vay liên quan khác (không phục vụ HĐSXKD). Hiện QSDĐ và tài sản trên đất của Anantara đang được thế chấp để đảm bảo khoản vay này. Giá chuyển nhượng cổ phần: 325 tỷ. Vị trí: Đường Nguyễn Đình C",https://www.google.com/maps/search/%C4%90%C6%B0%E1%BB%9Dng+Nguy%E1%BB%85n+%C4%90%C3%ACnh+Chi%E1%BB%83u+%E2%80%93+Nguy%E1%BB%85n+Th%C3%B4ng%2C+P.+H%C3%A0m+Ti%E1%BA%BFn%2C+TP.+Phan+Thi%E1%BA%BFt%2C+T.+B%C3%ACnh+Thu%E1%BA%ADn.+C%C3%B3+m%E1%BA%B7t+ti%E1%BB%81n+bi%E1%BB%83n+r%E1%BB%99ng+kho%E1%BA%A3ng+120m.+D%E1%BB%B1+%C3%A1n+n%E1%BA%B1m+gi%E1%BB%AFa+%C4%91o%E1%BA%A1n+th%E1%BB%A7+ph%E1%BB%A7+c%C3%A1c+khu+ngh%C4%A9+d%C6%B0%E1%BB%A1ng+TP.Phan+Thi%E1%BA%BFt%2C+c%C3%A1ch+d%E1%BB%B1+%C3%A1n+Sea+Links+kho%E1%BA%A3ng+1km.+II.+HI%2C+Anantara+M%C5%A9i+N%C3%A9+Resort
BDS-MASTER-0082,Bale tại Mũi Né,"+ Dự án nằm tại hẻm của đường Nguyễn Đình Chiểu (đường ven biển), không có mặt tiền biển hay mặt tiền đường ven biển, cách bãi biển khoảng 500m, có khu dân cư chắn ngang ở hướng ra biển 2/ Tham khảo đánh giá của Phòng Ph, Bale tại Mũi Né",7,2023-06-09,"[2023-06-09] Trieu Nguyen-PTDT 6/9/2023 5:47 PM Edited KĐT gửi anh Tuan Tran-CEO đánh giá lại dự án Bale tại Mũi Né, Phan Thiết, có giá chào bán được điều chỉnh giảm còn 2.000.000 đồng/m2 đất kèm theo cam kết chủ đầu tư hoàn thành việc cấp phép đóng tiền thuê đất 1 lần, hoàn thành đường kết nối và công tác đền bù, cụ thể: 1/ Vị trí: + Dự án nằm tại hẻm của đường Nguyễn Đình Chiểu (đường ven biển), không có mặt tiền biển hay mặt tiền đường ven biển, cách bãi biển khoảng 500m, có khu dân cư chắn n",https://www.google.com/maps/search/%2B+D%E1%BB%B1+%C3%A1n+n%E1%BA%B1m+t%E1%BA%A1i+h%E1%BA%BBm+c%E1%BB%A7a+%C4%91%C6%B0%E1%BB%9Dng+Nguy%E1%BB%85n+%C4%90%C3%ACnh+Chi%E1%BB%83u+%28%C4%91%C6%B0%E1%BB%9Dng+ven+bi%E1%BB%83n%29%2C+kh%C3%B4ng+c%C3%B3+m%E1%BA%B7t+ti%E1%BB%81n+bi%E1%BB%83n+hay+m%E1%BA%B7t+ti%E1%BB%81n+%C4%91%C6%B0%E1%BB%9Dng+ven+bi%E1%BB%83n%2C+c%C3%A1ch+b%C3%A3i+bi%E1%BB%83n+kho%E1%BA%A3ng+500m%2C+c%C3%B3+khu+d%C3%A2n+c%C6%B0+ch%E1%BA%AFn+ngang+%E1%BB%9F+h%C6%B0%E1%BB%9Bng+ra+bi%E1%BB%83n+2%2F+Tham+kh%E1%BA%A3o+%C4%91%C3%A1nh+gi%C3%A1+c%E1%BB%A7a+Ph%C3%B2ng+Ph%2C+Bale+t%E1%BA%A1i+M%C5%A9i+N%C3%A9
BDS-MASTER-0242,Cù lao Tân Vạn với 02 nội dung,"thì các lô này (i) đối diện trực tiếp các tiện ích toàn khu của dự án hoặc (ii) nằm ở 2 trục đường lớn nhất của dự án. Đây là các căn đẹp của khu 1 mà TTC giữ lại để bán đợt cuối. P.ĐT đã gửi chi tiết cho bên RD để lên g, Cù lao Tân Vạn với 02 nội dung",7,2025-05-22,[2025-05-22] Huy M - IM 5/22/2025 6:29 PM Translate K.ĐT báo cáo CEO Mr Mike1 -CEO về Cập nhật Dự án Cù lao Tân Vạn với 02 nội dung như sau: 1. Phương án Vay và cấu trúc Deal 2. Cập nhật lại hiệu quả FS Nội dung chi tiết như sau: 1. Phương án Vay và cấu trúc Deal: * Về đề bài Tập đoàn có 40% cash và làm việc với TTC để lên phương án vay tương ứng cùng cấu trúc Deal. Sau khi trao đổi và làm việc thì TTC đề xuất phương án vay và cấu trúc Deal như sau: a. Đối với phương án vay: - Phần mua 72 căn: T,https://www.google.com/maps/search/th%C3%AC+c%C3%A1c+l%C3%B4+n%C3%A0y+%28i%29+%C4%91%E1%BB%91i+di%E1%BB%87n+tr%E1%BB%B1c+ti%E1%BA%BFp+c%C3%A1c+ti%E1%BB%87n+%C3%ADch+to%C3%A0n+khu+c%E1%BB%A7a+d%E1%BB%B1+%C3%A1n+ho%E1%BA%B7c+%28ii%29+n%E1%BA%B1m+%E1%BB%9F+2+tr%E1%BB%A5c+%C4%91%C6%B0%E1%BB%9Dng+l%E1%BB%9Bn+nh%E1%BA%A5t+c%E1%BB%A7a+d%E1%BB%B1+%C3%A1n.+%C4%90%C3%A2y+l%C3%A0+c%C3%A1c+c%C4%83n+%C4%91%E1%BA%B9p+c%E1%BB%A7a+khu+1+m%C3%A0+TTC+gi%E1%BB%AF+l%E1%BA%A1i+%C4%91%E1%BB%83+b%C3%A1n+%C4%91%E1%BB%A3t+cu%E1%BB%91i.+P.%C4%90T+%C4%91%C3%A3+g%E1%BB%ADi+chi+ti%E1%BA%BFt+cho+b%C3%AAn+RD+%C4%91%E1%BB%83+l%C3%AAn+g%2C+C%C3%B9+lao+T%C3%A2n+V%E1%BA%A1n+v%E1%BB%9Bi+02+n%E1%BB%99i+dung
BDS-MASTER-0105,DKC ARITA TWIN TOWER 1,"Tọa lạc 3 mặt tiền đường Mai Hắc Đế (quy hoạch rộng 45m), đường Phan Bội Châu (quy hoạch rộng 40m) và đường nội bộ (quy hoạch rộng 12m) Cách Chợ Vinh khoảng 2,7km, cách nhà Ga Vinh khoảng 1km, cách trung tâm hành chính V, DKC ARITA TWIN TOWER 1",7,2023-04-13,"[2023-04-13] Sinh Nguyen-Dau Tu 4/13/2023 11:20 AM K.ĐT báo cáo anh Tuan Tran-CEO dự án DKC ARITA TWIN TOWER 1,1ha, số 2 Mai Mắc Đế, phường Quán Bàu, Thành phố Vinh, tỉnh Nghệ An như sau: 1/ Vị trí Tọa lạc 3 mặt tiền đường Mai Hắc Đế (quy hoạch rộng 45m), đường Phan Bội Châu (quy hoạch rộng 40m) và đường nội bộ (quy hoạch rộng 12m) Cách Chợ Vinh khoảng 2,7km, cách nhà Ga Vinh khoảng 1km, cách trung tâm hành chính Vinh khoảng 2,5km 2/ Pháp lý đất Tổng diện tích đất bàn giao: 11.233,6m² Đã bàn gia",https://www.google.com/maps/search/T%E1%BB%8Da+l%E1%BA%A1c+3+m%E1%BA%B7t+ti%E1%BB%81n+%C4%91%C6%B0%E1%BB%9Dng+Mai+H%E1%BA%AFc+%C4%90%E1%BA%BF+%28quy+ho%E1%BA%A1ch+r%E1%BB%99ng+45m%29%2C+%C4%91%C6%B0%E1%BB%9Dng+Phan+B%E1%BB%99i+Ch%C3%A2u+%28quy+ho%E1%BA%A1ch+r%E1%BB%99ng+40m%29+v%C3%A0+%C4%91%C6%B0%E1%BB%9Dng+n%E1%BB%99i+b%E1%BB%99+%28quy+ho%E1%BA%A1ch+r%E1%BB%99ng+12m%29+C%C3%A1ch+Ch%E1%BB%A3+Vinh+kho%E1%BA%A3ng+2%2C7km%2C+c%C3%A1ch+nh%C3%A0+Ga+Vinh+kho%E1%BA%A3ng+1km%2C+c%C3%A1ch+trung+t%C3%A2m+h%C3%A0nh+ch%C3%ADnh+V%2C+DKC+ARITA+TWIN+TOWER+1
BDS-MASTER-0086,Green Hill tại Quy Nhơn,"và hiện trạng: - Dự án nằm mặt tiền đường D1, cách trung tâm TP Quy Nhơn khoảng 8.4km, cách dự án Trung tâm nghiên cứu Công Nghệ của FPT có quy mô 15ha khoảng 2km, cách bãi biển Quy Hòa 135m. - Dự án có 2 phân khu: 1 phâ, Green Hill tại Quy Nhơn",7,2022-08-10,"[2022-08-10] Trieu Nguyen-PTDT 8/10/2022 3:23 PM Edited KĐT gửi anh Tuan Tran-CEO báo cáo dự án Green Hill tại Quy Nhơn, có quy mô 16.62ha, giá chào 1300 tỷ đồng (7.8tr/m2 đất), cụ thể: Vị trí và hiện trạng: - Dự án nằm mặt tiền đường D1, cách trung tâm TP Quy Nhơn khoảng 8.4km, cách dự án Trung tâm nghiên cứu Công Nghệ của FPT có quy mô 15ha khoảng 2km, cách bãi biển Quy Hòa 135m. - Dự án có 2 phân khu: 1 phân khu biệt thự tựa đồi view biển (15.08ha) và 1 phân khu mặt tiền biển (1.54ha) Pháp lý",https://www.google.com/maps/search/v%C3%A0+hi%E1%BB%87n+tr%E1%BA%A1ng%3A+-+D%E1%BB%B1+%C3%A1n+n%E1%BA%B1m+m%E1%BA%B7t+ti%E1%BB%81n+%C4%91%C6%B0%E1%BB%9Dng+D1%2C+c%C3%A1ch+trung+t%C3%A2m+TP+Quy+Nh%C6%A1n+kho%E1%BA%A3ng+8.4km%2C+c%C3%A1ch+d%E1%BB%B1+%C3%A1n+Trung+t%C3%A2m+nghi%C3%AAn+c%E1%BB%A9u+C%C3%B4ng+Ngh%E1%BB%87+c%E1%BB%A7a+FPT+c%C3%B3+quy+m%C3%B4+15ha+kho%E1%BA%A3ng+2km%2C+c%C3%A1ch+b%C3%A3i+bi%E1%BB%83n+Quy+H%C3%B2a+135m.+-+D%E1%BB%B1+%C3%A1n+c%C3%B3+2+ph%C3%A2n+khu%3A+1+ph%C3%A2%2C+Green+Hill+t%E1%BA%A1i+Quy+Nh%C6%A1n
BDS-MASTER-0157,IDEO CHANRAN 70 RIVERVIEW nằm trên đường Charan Sanit Wong,": Link map: https://goo.gl/maps/rzwM8zz1vmEphauk6 Dự án có vị trí: - Nằm trên đường Charan Sanit Wong, Khwaeng Bang Phlat, Bang Phlat, Bangkok. - Gần sông Chao Phraya. - Cách Cách trung tâm Bangkok khoảng 6-7Km. 3. Kết n, IDEO CHANRAN 70 RIVERVIEW nằm trên đường Charan Sanit Wong",7,2023-08-17,"[2023-08-17] Thao L - INVT 8/17/2023 2:14 PM K.ĐT báo cáo anh Tuan Tran-CEO về dự án IDEO CHANRAN 70 RIVERVIEW nằm trên đường Charan Sanit Wong, Khwaeng Bang Phlat, Bang Phlat, Bangkok. I/ THÔNG TIN DỰ ÁN 1. Tên dự án: IDEO CHANRAN 70 RIVERVIEW 2. Vị trí : Link map: https://goo.gl/maps/rzwM8zz1vmEphauk6 Dự án có vị trí: - Nằm trên đường Charan Sanit Wong, Khwaeng Bang Phlat, Bang Phlat, Bangkok. - Gần sông Chao Phraya. - Cách Cách trung tâm Bangkok khoảng 6-7Km. 3. Kết nối giao thông: Cách ga Ba",https://www.google.com/maps/search/%3A+Link+map%3A+https%3A%2F%2Fgoo.gl%2Fmaps%2FrzwM8zz1vmEphauk6+D%E1%BB%B1+%C3%A1n+c%C3%B3+v%E1%BB%8B+tr%C3%AD%3A+-+N%E1%BA%B1m+tr%C3%AAn+%C4%91%C6%B0%E1%BB%9Dng+Charan+Sanit+Wong%2C+Khwaeng+Bang+Phlat%2C+Bang+Phlat%2C+Bangkok.+-+G%E1%BA%A7n+s%C3%B4ng+Chao+Phraya.+-+C%C3%A1ch+C%C3%A1ch+trung+t%C3%A2m+Bangkok+kho%E1%BA%A3ng+6-7Km.+3.+K%E1%BA%BFt+n%2C+IDEO+CHANRAN+70+RIVERVIEW+n%E1%BA%B1m+tr%C3%AAn+%C4%91%C6%B0%E1%BB%9Dng+Charan+Sanit+Wong
BDS-MASTER-0159,KCN do Tập đoàn Xuận Thiện làm CĐT với 02 Nhà máy Gang thép - Cán thép đã dược tỉnh phê duyệt chủ trương đầu t,"Nằm giữa 2 đường trục Phát triển Cao Bồ - Nam Điền & DT490C. Quy mô: Dự kiến đang trình duyệt là 120ha (chưa có ranh chính xác). Tiềm năng: . Hiện trạng quỹ đất đang là đất lúa với từng ô lớn, thuận tiện cho công tác đền, KCN do Tập đoàn Xuận Thiện làm CĐT với 02 Nhà máy Gang thép - Cán thép đã dược tỉnh phê duyệt chủ trương đầu t",7,2022-12-03,"[2022-12-03] Thao L - INVT 12/3/2022 12:01 PM K.ĐT gửi anh Tuan Tran-CEO báo cáo về Đề xuất Thực hiện Đầu tư Xây dựng KCN Nghĩa Sơn, tại Huyện Nghĩa Hưng, tỉnh Nam Định như sau: Khảo sát thực địa: Theo như giới thiệu của tỉnh, K.ĐT đã khảo sát thực địa và có các đánh giá khách quan về KCN Nghĩa Sơn như sau: Vị trí: Nằm giữa 2 đường trục Phát triển Cao Bồ - Nam Điền & DT490C. Quy mô: Dự kiến đang trình duyệt là 120ha (chưa có ranh chính xác). Tiềm năng: . Hiện trạng quỹ đất đang là đất lúa với từ",https://www.google.com/maps/search/N%E1%BA%B1m+gi%E1%BB%AFa+2+%C4%91%C6%B0%E1%BB%9Dng+tr%E1%BB%A5c+Ph%C3%A1t+tri%E1%BB%83n+Cao+B%E1%BB%93+-+Nam+%C4%90i%E1%BB%81n+%26+DT490C.+Quy+m%C3%B4%3A+D%E1%BB%B1+ki%E1%BA%BFn+%C4%91ang+tr%C3%ACnh+duy%E1%BB%87t+l%C3%A0+120ha+%28ch%C6%B0a+c%C3%B3+ranh+ch%C3%ADnh+x%C3%A1c%29.+Ti%E1%BB%81m+n%C4%83ng%3A+.+Hi%E1%BB%87n+tr%E1%BA%A1ng+qu%E1%BB%B9+%C4%91%E1%BA%A5t+%C4%91ang+l%C3%A0+%C4%91%E1%BA%A5t+l%C3%BAa+v%E1%BB%9Bi+t%E1%BB%ABng+%C3%B4+l%E1%BB%9Bn%2C+thu%E1%BA%ADn+ti%E1%BB%87n+cho+c%C3%B4ng+t%C3%A1c+%C4%91%E1%BB%81n%2C+KCN+do+T%E1%BA%ADp+%C4%91o%C3%A0n+Xu%E1%BA%ADn+Thi%E1%BB%87n+l%C3%A0m+C%C4%90T+v%E1%BB%9Bi+02+Nh%C3%A0+m%C3%A1y+Gang+th%C3%A9p+-+C%C3%A1n+th%C3%A9p+%C4%91%C3%A3+d%C6%B0%E1%BB%A3c+t%E1%BB%89nh+ph%C3%AA+duy%E1%BB%87t+ch%E1%BB%A7+tr%C6%B0%C6%A1ng+%C4%91%E1%BA%A7u+t
BDS-MASTER-0214,KDC Đại Nam,"dự án : Mặt tiền QL13, Chơn Thành, Bình Phước - Chủ đầu tư : Đại Nam - Quy mô : 96,7ha - 2.459 lô - Loại hình : Phân lô bán nền - Năm mở bán : 2018 – block A - Pháp lý : Đã có GCNQSDĐ từng lô - Hiện trạng : Hạ tầng kỹ th, KDC Đại Nam",7,2024-10-02,"[2024-10-02] Thao L - INVT 10/2/2024 3:47 PM Edited Translate K.ĐT báo cáo anh Mr Mike1 -CEO về thị trường dự án KDC Đại Nam như sau: I. THÔNG TIN DỰ ÁN: - Vị trí dự án : Mặt tiền QL13, Chơn Thành, Bình Phước - Chủ đầu tư : Đại Nam - Quy mô : 96,7ha - 2.459 lô - Loại hình : Phân lô bán nền - Năm mở bán : 2018 – block A - Pháp lý : Đã có GCNQSDĐ từng lô - Hiện trạng : Hạ tầng kỹ thuật đã hoàn thiện 90% Hạ tầng xã hội chưa hoàn thiện II. THÔNG TIN THỊ TRƯỜNG: - Hiện trạng: + Giao dịch trên thị trư",https://www.google.com/maps/search/d%E1%BB%B1+%C3%A1n+%3A+M%E1%BA%B7t+ti%E1%BB%81n+QL13%2C+Ch%C6%A1n+Th%C3%A0nh%2C+B%C3%ACnh+Ph%C6%B0%E1%BB%9Bc+-+Ch%E1%BB%A7+%C4%91%E1%BA%A7u+t%C6%B0+%3A+%C4%90%E1%BA%A1i+Nam+-+Quy+m%C3%B4+%3A+96%2C7ha+-+2.459+l%C3%B4+-+Lo%E1%BA%A1i+h%C3%ACnh+%3A+Ph%C3%A2n+l%C3%B4+b%C3%A1n+n%E1%BB%81n+-+N%C4%83m+m%E1%BB%9F+b%C3%A1n+%3A+2018+%E2%80%93+block+A+-+Ph%C3%A1p+l%C3%BD+%3A+%C4%90%C3%A3+c%C3%B3+GCNQSD%C4%90+t%E1%BB%ABng+l%C3%B4+-+Hi%E1%BB%87n+tr%E1%BA%A1ng+%3A+H%E1%BA%A1+t%E1%BA%A7ng+k%E1%BB%B9+th%2C+KDC+%C4%90%E1%BA%A1i+Nam
BDS-MASTER-0132,KHU DU LỊCH SINH THÁI BIỂN CAO CẤP LẠC VIỆT,"Xã Thắng Hải, huyện Hàm Tân, tỉnh Bình Thuận. 2. Link map: https://goo.gl/maps/JhPoRTM15vQA7Kk6A 3. Diện tích: 72ha. II/ PHÁP LÝ DỰ ÁN 1. Pháp lý đất: Chưa có hồ sơ. 2. Pháp lý đầu tư: - 11/05/2007: GCN đăng ký doanh ngh, KHU DU LỊCH SINH THÁI BIỂN CAO CẤP LẠC VIỆT",7,2023-09-06,"[2023-09-06] Thao L - INVT 9/6/2023 3:05 PM Edited K.ĐT báo cáo anh Tuan Tran-CEO về dự án KHU DU LỊCH SINH THÁI BIỂN CAO CẤP LẠC VIỆT như sau: I/ THÔNG TIN DỰ ÁN 1. Vị trí: Xã Thắng Hải, huyện Hàm Tân, tỉnh Bình Thuận. 2. Link map: https://goo.gl/maps/JhPoRTM15vQA7Kk6A 3. Diện tích: 72ha. II/ PHÁP LÝ DỰ ÁN 1. Pháp lý đất: Chưa có hồ sơ. 2. Pháp lý đầu tư: - 11/05/2007: GCN đăng ký doanh nghiệp số 0304993374: CTCPTM&DV Danh Việt. - 07/09/2018: Quyết định chủ trương đầu tư số 2313/QĐ-UBND: + Mục ",https://www.google.com/maps/search/X%C3%A3+Th%E1%BA%AFng+H%E1%BA%A3i%2C+huy%E1%BB%87n+H%C3%A0m+T%C3%A2n%2C+t%E1%BB%89nh+B%C3%ACnh+Thu%E1%BA%ADn.+2.+Link+map%3A+https%3A%2F%2Fgoo.gl%2Fmaps%2FJhPoRTM15vQA7Kk6A+3.+Di%E1%BB%87n+t%C3%ADch%3A+72ha.+II%2F+PH%C3%81P+L%C3%9D+D%E1%BB%B0+%C3%81N+1.+Ph%C3%A1p+l%C3%BD+%C4%91%E1%BA%A5t%3A+Ch%C6%B0a+c%C3%B3+h%E1%BB%93+s%C6%A1.+2.+Ph%C3%A1p+l%C3%BD+%C4%91%E1%BA%A7u+t%C6%B0%3A+-+11%2F05%2F2007%3A+GCN+%C4%91%C4%83ng+k%C3%BD+doanh+ngh%2C+KHU+DU+L%E1%BB%8ACH+SINH+TH%C3%81I+BI%E1%BB%82N+CAO+C%E1%BA%A4P+L%E1%BA%A0C+VI%E1%BB%86T
BDS-MASTER-0247,Khu Công Nghiệp Và Khu Phi Thuế Quan Xuân Cầu tại Khu Cảng Cửa Ngõ Quốc Tế Lạch Huyện,"Thuộc khu vực cảng cửa ngõ quốc tế Lạch Huyện, Khu kinh tế Đình Vũ - Cát Hải, Thành phố Hải Phòng. Đối diện cảng số 1 đến số 12 thuộc Zone 4 Cảng nước sâu Quốc tế Lạch Huyện. 2. Quy mô và tính chất: Dự án có diện tích 75, Khu Công Nghiệp Và Khu Phi Thuế Quan Xuân Cầu tại Khu Cảng Cửa Ngõ Quốc Tế Lạch Huyện",7,2024-01-09,"[2024-01-09] Thao L - INVT 1/9/2024 5:12 PM K.ĐT báo cáo anh Tuan Tran-CEO về dự án Khu Công Nghiệp Và Khu Phi Thuế Quan Xuân Cầu tại Khu Cảng Cửa Ngõ Quốc Tế Lạch Huyện, Khu Kinh Tế Đình Vũ – Cát Hải, Thành Phố Hải Phòng như sau: I. HIỆN TRẠNG DỰ ÁN 1. Vị trí: Thuộc khu vực cảng cửa ngõ quốc tế Lạch Huyện, Khu kinh tế Đình Vũ - Cát Hải, Thành phố Hải Phòng. Đối diện cảng số 1 đến số 12 thuộc Zone 4 Cảng nước sâu Quốc tế Lạch Huyện. 2. Quy mô và tính chất: Dự án có diện tích 752Ha thuộc Khu Phi ",https://www.google.com/maps/search/Thu%E1%BB%99c+khu+v%E1%BB%B1c+c%E1%BA%A3ng+c%E1%BB%ADa+ng%C3%B5+qu%E1%BB%91c+t%E1%BA%BF+L%E1%BA%A1ch+Huy%E1%BB%87n%2C+Khu+kinh+t%E1%BA%BF+%C4%90%C3%ACnh+V%C5%A9+-+C%C3%A1t+H%E1%BA%A3i%2C+Th%C3%A0nh+ph%E1%BB%91+H%E1%BA%A3i+Ph%C3%B2ng.+%C4%90%E1%BB%91i+di%E1%BB%87n+c%E1%BA%A3ng+s%E1%BB%91+1+%C4%91%E1%BA%BFn+s%E1%BB%91+12+thu%E1%BB%99c+Zone+4+C%E1%BA%A3ng+n%C6%B0%E1%BB%9Bc+s%C3%A2u+Qu%E1%BB%91c+t%E1%BA%BF+L%E1%BA%A1ch+Huy%E1%BB%87n.+2.+Quy+m%C3%B4+v%C3%A0+t%C3%ADnh+ch%E1%BA%A5t%3A+D%E1%BB%B1+%C3%A1n+c%C3%B3+di%E1%BB%87n+t%C3%ADch+75%2C+Khu+C%C3%B4ng+Nghi%E1%BB%87p+V%C3%A0+Khu+Phi+Thu%E1%BA%BF+Quan+Xu%C3%A2n+C%E1%BA%A7u+t%E1%BA%A1i+Khu+C%E1%BA%A3ng+C%E1%BB%ADa+Ng%C3%B5+Qu%E1%BB%91c+T%E1%BA%BF+L%E1%BA%A1ch+Huy%E1%BB%87n
BDS-MASTER-0108,Khu trung tâm tòa nhà hỗn hợp thương mại,"dự án: Dự án nằm bên cạnh đường dẫn lên cao tốc Láng – Hòa Lạc và nằm sát bên Khu công nghiệp Thạch Thất Quốc Oai với tổng quy mô 150 ha. Cách dự án 10Km về hướng Tây là Khu công nghiệp cao Hòa Lạc với diện tích 1,350 ha, Khu trung tâm tòa nhà hỗn hợp thương mại",7,2022-07-20,"[2022-07-20] Quy Vo-PTDT 7/20/2022 4:12 PM KĐT gửi Mr.Tuấn Tuan Tran-CEO Báo cáo Dự án Khu trung tâm tòa nhà hỗn hợp thương mại, văn phòng cho thuê, nhà ở, dịch vụ, bán và bảo hành xe ô tô Trung Thượng với tổng diện tích đất chào bán khoảng 6.3 hecta (giá chào bán khoảng 500 tỷ tương đương 8 tr/m2) thuộc thôn Ngọc Than, xã Ngọc Mỹ, huyện Quốc Oai, TP. Hà Nội: 1. Vị trí dự án: Dự án nằm bên cạnh đường dẫn lên cao tốc Láng – Hòa Lạc và nằm sát bên Khu công nghiệp Thạch Thất Quốc Oai với tổng quy m",https://www.google.com/maps/search/d%E1%BB%B1+%C3%A1n%3A+D%E1%BB%B1+%C3%A1n+n%E1%BA%B1m+b%C3%AAn+c%E1%BA%A1nh+%C4%91%C6%B0%E1%BB%9Dng+d%E1%BA%ABn+l%C3%AAn+cao+t%E1%BB%91c+L%C3%A1ng+%E2%80%93+H%C3%B2a+L%E1%BA%A1c+v%C3%A0+n%E1%BA%B1m+s%C3%A1t+b%C3%AAn+Khu+c%C3%B4ng+nghi%E1%BB%87p+Th%E1%BA%A1ch+Th%E1%BA%A5t+Qu%E1%BB%91c+Oai+v%E1%BB%9Bi+t%E1%BB%95ng+quy+m%C3%B4+150+ha.+C%C3%A1ch+d%E1%BB%B1+%C3%A1n+10Km+v%E1%BB%81+h%C6%B0%E1%BB%9Bng+T%C3%A2y+l%C3%A0+Khu+c%C3%B4ng+nghi%E1%BB%87p+cao+H%C3%B2a+L%E1%BA%A1c+v%E1%BB%9Bi+di%E1%BB%87n+t%C3%ADch+1%2C350+ha%2C+Khu+trung+t%C3%A2m+t%C3%B2a+nh%C3%A0+h%E1%BB%97n+h%E1%BB%A3p+th%C6%B0%C6%A1ng+m%E1%BA%A1i
BDS-MASTER-0133,Khu Đô Thị Mới Bắc Quán Hành - Quán Hành - Nghi Lộc - Nghệ An,"https://goo.gl/maps/FmDxfXdHa9mdoGK99 - Theo thống kê năm 2019, thị trấn Quán Hành có diện tích 3,9 km², dân số là 6.197 người, mật độ dân số đạt 1.589 người/km². - Dự án Khu đô thị Bắc Quán Hành các Trung tâm Thành phố, Khu Đô Thị Mới Bắc Quán Hành - Quán Hành - Nghi Lộc - Nghệ An",7,2023-06-22,"[2023-06-22] Thao L - INVT 6/22/2023 11:59 AM Edited K.ĐT gửi anh Tuan Tran-CEO thông tin về dự án Khu Đô Thị Mới Bắc Quán Hành - Quán Hành - Nghi Lộc - Nghệ An như sau: THÔNG TIN VỀ DỰ ÁN KHU ĐÔ THỊ MỚI BẮC QUÁN HÀNH – QUÁN HÀNH – NGHI LỘC 1/ Vị trí: https://goo.gl/maps/FmDxfXdHa9mdoGK99 - Theo thống kê năm 2019, thị trấn Quán Hành có diện tích 3,9 km², dân số là 6.197 người, mật độ dân số đạt 1.589 người/km². - Dự án Khu đô thị Bắc Quán Hành các Trung tâm Thành phố Vinh khoảng 14Km, cách Cảng ",https://www.google.com/maps/search/https%3A%2F%2Fgoo.gl%2Fmaps%2FFmDxfXdHa9mdoGK99+-+Theo+th%E1%BB%91ng+k%C3%AA+n%C4%83m+2019%2C+th%E1%BB%8B+tr%E1%BA%A5n+Qu%C3%A1n+H%C3%A0nh+c%C3%B3+di%E1%BB%87n+t%C3%ADch+3%2C9+km%C2%B2%2C+d%C3%A2n+s%E1%BB%91+l%C3%A0+6.197+ng%C6%B0%E1%BB%9Di%2C+m%E1%BA%ADt+%C4%91%E1%BB%99+d%C3%A2n+s%E1%BB%91+%C4%91%E1%BA%A1t+1.589+ng%C6%B0%E1%BB%9Di%2Fkm%C2%B2.+-+D%E1%BB%B1+%C3%A1n+Khu+%C4%91%C3%B4+th%E1%BB%8B+B%E1%BA%AFc+Qu%C3%A1n+H%C3%A0nh+c%C3%A1c+Trung+t%C3%A2m+Th%C3%A0nh+ph%E1%BB%91%2C+Khu+%C4%90%C3%B4+Th%E1%BB%8B+M%E1%BB%9Bi+B%E1%BA%AFc+Qu%C3%A1n+H%C3%A0nh+-+Qu%C3%A1n+H%C3%A0nh+-+Nghi+L%E1%BB%99c+-+Ngh%E1%BB%87+An
BDS-MASTER-0134,Khu đô thị mới Bắc Quán Hành tại thị trấn Quán Hành,"VÀ KẾT NỐI: - Địa điểm: Thị trấn Quán Hành, huyện Nghi Lộc, tỉnh Nghệ An. - Link map: https://goo.gl/maps/FmDxfXdHa9mdoGK99 - Kết nối giao thông: Dự án Khu đô thị Bắc Quán Hành cách: . Trung tâm Thành phố Vinh khoảng 14K, Khu đô thị mới Bắc Quán Hành tại thị trấn Quán Hành",7,2023-07-03,"[2023-07-03] Thao L - INVT 7/3/2023 1:37 PM K.ĐT báo cáo anh Tuan Tran-CEO về dự án Khu đô thị mới Bắc Quán Hành tại thị trấn Quán Hành, huyện Nghi Lộc, tỉnh Nghệ An: 1/ VỊ TRÍ VÀ KẾT NỐI: - Địa điểm: Thị trấn Quán Hành, huyện Nghi Lộc, tỉnh Nghệ An. - Link map: https://goo.gl/maps/FmDxfXdHa9mdoGK99 - Kết nối giao thông: Dự án Khu đô thị Bắc Quán Hành cách: . Trung tâm Thành phố Vinh khoảng 14Km . Cảng hàng không Quốc Tế Vinh 11Km. . Biển Cửa Lò khoảng 11Km. . Nút giao cao tốc Diễn Châu - Bãi Vọ",https://www.google.com/maps/search/V%C3%80+K%E1%BA%BET+N%E1%BB%90I%3A+-+%C4%90%E1%BB%8Ba+%C4%91i%E1%BB%83m%3A+Th%E1%BB%8B+tr%E1%BA%A5n+Qu%C3%A1n+H%C3%A0nh%2C+huy%E1%BB%87n+Nghi+L%E1%BB%99c%2C+t%E1%BB%89nh+Ngh%E1%BB%87+An.+-+Link+map%3A+https%3A%2F%2Fgoo.gl%2Fmaps%2FFmDxfXdHa9mdoGK99+-+K%E1%BA%BFt+n%E1%BB%91i+giao+th%C3%B4ng%3A+D%E1%BB%B1+%C3%A1n+Khu+%C4%91%C3%B4+th%E1%BB%8B+B%E1%BA%AFc+Qu%C3%A1n+H%C3%A0nh+c%C3%A1ch%3A+.+Trung+t%C3%A2m+Th%C3%A0nh+ph%E1%BB%91+Vinh+kho%E1%BA%A3ng+14K%2C+Khu+%C4%91%C3%B4+th%E1%BB%8B+m%E1%BB%9Bi+B%E1%BA%AFc+Qu%C3%A1n+H%C3%A0nh+t%E1%BA%A1i+th%E1%BB%8B+tr%E1%BA%A5n+Qu%C3%A1n+H%C3%A0nh
BDS-MASTER-0218,Masteri An Phú - Masteri Thảo Điền - The Vista tăng 40-50% giá trị chỉ trong 3 tháng ) 🎉 Nếu lấy sàn thứ 2 (70,"của Fenica gần Metro thì chỉ cần bắt đầu triển khai Metro thì tăng giá mỗi năm 10-15% là việc bình thường ( thậm chí như tuyến Metro Số 1 Suối Tiên, các dự án Masteri An Phú - Masteri Thảo Điền - The Vista tăng 40-50% gi, Masteri An Phú - Masteri Thảo Điền - The Vista tăng 40-50% giá trị chỉ trong 3 tháng ) 🎉 Nếu lấy sàn thứ 2 (70",7,2025-10-11,"[2025-10-11] Unknown User 10/11/2025 12:27 PM Deal a David Ví dụ : Mua 700 m2 ( 1 sàn ) x 36.5 tr = 25,550 tỷ CK : 9% ( Thâm niên hơn 2,5 năm) CK: 13,8% ( Thanh toán nhanh 95%) CK : 3% ( Early Bird 100 căn đầu tiên) CK : 2% ( mua sỉ từ 5 căn trở lên) Tổng CK : 27,8% 💯=> Giá bán cuối cùng : 18,447 tỷ ( Chưa VAT , Phí BT) => Đơn giá/m2 : 26.4 tr/m2 ( tổng 700m2)x1.12 = 29.5 tr/m2 ( Đã VAT , Phí BT ) Với vị trí của Fenica gần Metro thì chỉ cần bắt đầu triển khai Metro thì tăng giá mỗi năm 10-15% là",https://www.google.com/maps/search/c%E1%BB%A7a+Fenica+g%E1%BA%A7n+Metro+th%C3%AC+ch%E1%BB%89+c%E1%BA%A7n+b%E1%BA%AFt+%C4%91%E1%BA%A7u+tri%E1%BB%83n+khai+Metro+th%C3%AC+t%C4%83ng+gi%C3%A1+m%E1%BB%97i+n%C4%83m+10-15%25+l%C3%A0+vi%E1%BB%87c+b%C3%ACnh+th%C6%B0%E1%BB%9Dng+%28+th%E1%BA%ADm+ch%C3%AD+nh%C6%B0+tuy%E1%BA%BFn+Metro+S%E1%BB%91+1+Su%E1%BB%91i+Ti%C3%AAn%2C+c%C3%A1c+d%E1%BB%B1+%C3%A1n+Masteri+An+Ph%C3%BA+-+Masteri+Th%E1%BA%A3o+%C4%90i%E1%BB%81n+-+The+Vista+t%C4%83ng+40-50%25+gi%2C+Masteri+An+Ph%C3%BA+-+Masteri+Th%E1%BA%A3o+%C4%90i%E1%BB%81n+-+The+Vista+t%C4%83ng+40-50%25+gi%C3%A1+tr%E1%BB%8B+ch%E1%BB%89+trong+3+th%C3%A1ng+%29+%F0%9F%8E%89+N%E1%BA%BFu+l%E1%BA%A5y+s%C3%A0n+th%E1%BB%A9+2+%2870
BDS-MASTER-0192,Swan Park và Swan Bay,"Đặc biệt, biệt lập trên đảo, khép kín Vị trí ngay trung tâm huyện Nhơn Trạch View Có view sông đẹp hơn Không có view sông, view phố bình thường Kết nối hạ tầng - Cao tốc HCM - LT - Dầu Giây - Tuyến đường vành đai 3 - Cao, Swan Park và Swan Bay, Nhơn Trạch",7,2023-06-13,[2023-06-13] Sinh Nguyen-Dau Tu 6/13/2023 1:54 PM K.ĐT báo cáo anh Tuan Tran-CEO về so sánh Giá bán đất (sau khi trừ CTXD) giữa dự án Swan Park và Swan Bay như sau: Giá bán đất Nhà phố hiện tại của SwanBay cao hơn SwanPark khoảng 120% – 150%. Nếu thời điểm 2022 thì cao hơn khoảng 70% – 80% Giá bán đất Biệt thự song lập hiện tại của SwanBay cao hơn SwanPark khoảng từ 30% - 50%. Nếu thời điểm 2022 thì cao hơn khoảng 10% - 20%. Giá bán đất Biệt thự đơn lập hiện tại của SwanBay cao hơn SwanPark khoả,https://www.google.com/maps/search/%C4%90%E1%BA%B7c+bi%E1%BB%87t%2C+bi%E1%BB%87t+l%E1%BA%ADp+tr%C3%AAn+%C4%91%E1%BA%A3o%2C+kh%C3%A9p+k%C3%ADn+V%E1%BB%8B+tr%C3%AD+ngay+trung+t%C3%A2m+huy%E1%BB%87n+Nh%C6%A1n+Tr%E1%BA%A1ch+View+C%C3%B3+view+s%C3%B4ng+%C4%91%E1%BA%B9p+h%C6%A1n+Kh%C3%B4ng+c%C3%B3+view+s%C3%B4ng%2C+view+ph%E1%BB%91+b%C3%ACnh+th%C6%B0%E1%BB%9Dng+K%E1%BA%BFt+n%E1%BB%91i+h%E1%BA%A1+t%E1%BA%A7ng+-+Cao+t%E1%BB%91c+HCM+-+LT+-+D%E1%BA%A7u+Gi%C3%A2y+-+Tuy%E1%BA%BFn+%C4%91%C6%B0%E1%BB%9Dng+v%C3%A0nh+%C4%91ai+3+-+Cao%2C+Swan+Park+v%C3%A0+Swan+Bay%2C+Nh%C6%A1n+Tr%E1%BA%A1ch
BDS-MASTER-0138,Văn phòng tại khu đất 197 Lê Văn Sỹ,"khu đất, trong đó xác định phần lộ giới khoảng 120,07m2, phần đất phù hợp quy hoạch khoảng 865,63m2. 2.Pháp lý đầu tư: chưa có 3.Pháp lý quy hoạch: Theo văn bản 3004/SQHKT-QHKVI của Sở quy hoạch – kiến trúc cấp ngày 27/0, Văn phòng tại khu đất 197 Lê Văn Sỹ, quận 3",7,2023-04-11,"[2023-04-11] Thao L - INVT 4/11/2023 10:34 AM K.ĐT báo cáo anh Tuan Tran-CEO dự án Văn phòng tại khu đất 197 Lê Văn Sỹ, phường 13, quận 3. Khu đất Nằm trên đường Lê Văn Sỹ và hẻm 195 Lê Văn Sỹ, cách cầu Lê Văn Sỹ khoảng 50m có tổng diện tích 985,7m2 với giá chào bán là 340 tỷ như sau: 1.Pháp lý đất: GCNQSDĐ các thửa đất với tổng diện tích là 985,7m2. Mục đích sử dụng: Đất ở lâu dài. Bản đồ hiện trạng vị trí khu đất, trong đó xác định phần lộ giới khoảng 120,07m2, phần đất phù hợp quy hoạch khoản",https://www.google.com/maps/search/khu+%C4%91%E1%BA%A5t%2C+trong+%C4%91%C3%B3+x%C3%A1c+%C4%91%E1%BB%8Bnh+ph%E1%BA%A7n+l%E1%BB%99+gi%E1%BB%9Bi+kho%E1%BA%A3ng+120%2C07m2%2C+ph%E1%BA%A7n+%C4%91%E1%BA%A5t+ph%C3%B9+h%E1%BB%A3p+quy+ho%E1%BA%A1ch+kho%E1%BA%A3ng+865%2C63m2.+2.Ph%C3%A1p+l%C3%BD+%C4%91%E1%BA%A7u+t%C6%B0%3A+ch%C6%B0a+c%C3%B3+3.Ph%C3%A1p+l%C3%BD+quy+ho%E1%BA%A1ch%3A+Theo+v%C4%83n+b%E1%BA%A3n+3004%2FSQHKT-QHKVI+c%E1%BB%A7a+S%E1%BB%9F+quy+ho%E1%BA%A1ch+%E2%80%93+ki%E1%BA%BFn+tr%C3%BAc+c%E1%BA%A5p+ng%C3%A0y+27%2F0%2C+V%C4%83n+ph%C3%B2ng+t%E1%BA%A1i+khu+%C4%91%E1%BA%A5t+197+L%C3%AA+V%C4%83n+S%E1%BB%B9%2C+qu%E1%BA%ADn+3
BDS-MASTER-0073,Văn phòng tại khu đất 197 Lê Văn Sỹ cập nhật Hệ số sử dụng đất mới 9,"https://goo.gl/maps/BgnUiLh44bo3Nyq37 - Đề xuất pháp lý: Mục tiêu: Xây dựng, vận hành Văn phòng mà vẫn giữ được mục đích Đất ở lâu dài. Cách thức để giữ lại mục đích Đất ở lâu dài: - Đại diện một cá nhân đứng tên giấy ch, Văn phòng tại khu đất 197 Lê Văn Sỹ cập nhật Hệ số sử dụng đất mới 9, quận 3",7,2023-07-03,"[2023-07-03] Thao L - INVT 7/3/2023 10:43 AM Edited K.ĐT báo cáo anh Tuan Tran-CEO dự án Văn phòng tại khu đất 197 Lê Văn Sỹ cập nhật Hệ số sử dụng đất mới 9,5 lần như sau: CẬP NHẬT HỆ SỐ SỬ DỤNG ĐẤT MỚI 9,5 LẦN 1/ SƠ BỘ THÔNG TIN DỰ ÁN: - Dự án Văn phòng tại khu đất 197 Lê Văn Sỹ, phường 13, quận 3. Khu đất Nằm trên đường Lê Văn Sỹ và hẻm 195 Lê Văn Sỹ, cách cầu Lê Văn Sỹ khoảng 50m có tổng diện tích 985,7m2 với giá chào bán là 340 tỷ. - Link vị trí: https://goo.gl/maps/BgnUiLh44bo3Nyq37 - Đề x",https://www.google.com/maps/search/https%3A%2F%2Fgoo.gl%2Fmaps%2FBgnUiLh44bo3Nyq37+-+%C4%90%E1%BB%81+xu%E1%BA%A5t+ph%C3%A1p+l%C3%BD%3A+M%E1%BB%A5c+ti%C3%AAu%3A+X%C3%A2y+d%E1%BB%B1ng%2C+v%E1%BA%ADn+h%C3%A0nh+V%C4%83n+ph%C3%B2ng+m%C3%A0+v%E1%BA%ABn+gi%E1%BB%AF+%C4%91%C6%B0%E1%BB%A3c+m%E1%BB%A5c+%C4%91%C3%ADch+%C4%90%E1%BA%A5t+%E1%BB%9F+l%C3%A2u+d%C3%A0i.+C%C3%A1ch+th%E1%BB%A9c+%C4%91%E1%BB%83+gi%E1%BB%AF+l%E1%BA%A1i+m%E1%BB%A5c+%C4%91%C3%ADch+%C4%90%E1%BA%A5t+%E1%BB%9F+l%C3%A2u+d%C3%A0i%3A+-+%C4%90%E1%BA%A1i+di%E1%BB%87n+m%E1%BB%99t+c%C3%A1+nh%C3%A2n+%C4%91%E1%BB%A9ng+t%C3%AAn+gi%E1%BA%A5y+ch%2C+V%C4%83n+ph%C3%B2ng+t%E1%BA%A1i+khu+%C4%91%E1%BA%A5t+197+L%C3%AA+V%C4%83n+S%E1%BB%B9+c%E1%BA%ADp+nh%E1%BA%ADt+H%E1%BB%87+s%E1%BB%91+s%E1%BB%AD+d%E1%BB%A5ng+%C4%91%E1%BA%A5t+m%E1%BB%9Bi+9%2C+qu%E1%BA%ADn+3
BDS-MASTER-0168,Westgate của AnGia – 38 tr/m2 (vị trí trung tâm Huyện Bình Chánh) + Thấp hơn mức giá trung bình của Akari – Na,"trung tâm Huyện Bình Chánh) + Thấp hơn mức giá trung bình của Akari – Nam Long khoảng 10% - 44 – 50 tr/m2 (Vị trí và tiện ích của Akari có nhỉnh hơn mình một chút). Akari đang bán được giá cao một phần cũng do họ làm the, Westgate của AnGia – 38 tr/m2 (vị trí trung tâm Huyện Bình Chánh) + Thấp hơn mức giá trung bình của Akari – Na",7,2024-10-07,"[2024-10-07] Huy M - IM 10/7/2024 8:30 AM Translate Hiện tại mình đang set giá bán chung cư hiện trạng là 42 tr/m2, lúc mở bán 46 tr/m2 (đã tăng 10% so với giá đề xuất năm 2023) và giá này: + Đang cao hơn 10% so với dự án Westgate của AnGia – 38 tr/m2 (vị trí trung tâm Huyện Bình Chánh) + Thấp hơn mức giá trung bình của Akari – Nam Long khoảng 10% - 44 – 50 tr/m2 (Vị trí và tiện ích của Akari có nhỉnh hơn mình một chút). Akari đang bán được giá cao một phần cũng do họ làm theo phong cách Nhật, d",https://www.google.com/maps/search/trung+t%C3%A2m+Huy%E1%BB%87n+B%C3%ACnh+Ch%C3%A1nh%29+%2B+Th%E1%BA%A5p+h%C6%A1n+m%E1%BB%A9c+gi%C3%A1+trung+b%C3%ACnh+c%E1%BB%A7a+Akari+%E2%80%93+Nam+Long+kho%E1%BA%A3ng+10%25+-+44+%E2%80%93+50+tr%2Fm2+%28V%E1%BB%8B+tr%C3%AD+v%C3%A0+ti%E1%BB%87n+%C3%ADch+c%E1%BB%A7a+Akari+c%C3%B3+nh%E1%BB%89nh+h%C6%A1n+m%C3%ACnh+m%E1%BB%99t+ch%C3%BAt%29.+Akari+%C4%91ang+b%C3%A1n+%C4%91%C6%B0%E1%BB%A3c+gi%C3%A1+cao+m%E1%BB%99t+ph%E1%BA%A7n+c%C5%A9ng+do+h%E1%BB%8D+l%C3%A0m+the%2C+Westgate+c%E1%BB%A7a+AnGia+%E2%80%93+38+tr%2Fm2+%28v%E1%BB%8B+tr%C3%AD+trung+t%C3%A2m+Huy%E1%BB%87n+B%C3%ACnh+Ch%C3%A1nh%29+%2B+Th%E1%BA%A5p+h%C6%A1n+m%E1%BB%A9c+gi%C3%A1+trung+b%C3%ACnh+c%E1%BB%A7a+Akari+%E2%80%93+Na
BDS-MASTER-0169,có tiềm năng để phát triển Dự án Khu đô thị,"Khu vực dự án có tiềm năng để phát triển Dự án Khu đô thị. 2. Về Pháp lý: Cần bổ sung thêm các thông tin sau: + Pháp lý đất: Bổ sung cơ cấu đất, hiện trạng sử dụng đất… để ước tính phương án bồi thường + Pháp lý quy hoạc, có tiềm năng để phát triển Dự án Khu đô thị",7,2025-06-03,"[] P.ĐT tổng hợp báo cáo các nội dung như sau để triển khai đánh giá tiếp theo về Dự án: 1. Về Vị trí: Khu vực dự án có tiềm năng để phát triển Dự án Khu đô thị. 2. Về Pháp lý: Cần bổ sung thêm các thông tin sau: + Pháp lý đất: Bổ sung cơ cấu đất, hiện trạng sử dụng đất… để ước tính phương án bồi thường + Pháp lý quy hoạch: Lên phương án Quy hoạch Phân khu 1/2000 của Dự án Để ước tính Tổng mức Đầu tư xây dựng Phương án kinh doanh Ước tính tiền sử dụng đất Các nội dung này cần các phòng ban chuyê",https://www.google.com/maps/search/Khu+v%E1%BB%B1c+d%E1%BB%B1+%C3%A1n+c%C3%B3+ti%E1%BB%81m+n%C4%83ng+%C4%91%E1%BB%83+ph%C3%A1t+tri%E1%BB%83n+D%E1%BB%B1+%C3%A1n+Khu+%C4%91%C3%B4+th%E1%BB%8B.+2.+V%E1%BB%81+Ph%C3%A1p+l%C3%BD%3A+C%E1%BA%A7n+b%E1%BB%95+sung+th%C3%AAm+c%C3%A1c+th%C3%B4ng+tin+sau%3A+%2B+Ph%C3%A1p+l%C3%BD+%C4%91%E1%BA%A5t%3A+B%E1%BB%95+sung+c%C6%A1+c%E1%BA%A5u+%C4%91%E1%BA%A5t%2C+hi%E1%BB%87n+tr%E1%BA%A1ng+s%E1%BB%AD+d%E1%BB%A5ng+%C4%91%E1%BA%A5t%E2%80%A6+%C4%91%E1%BB%83+%C6%B0%E1%BB%9Bc+t%C3%ADnh+ph%C6%B0%C6%A1ng+%C3%A1n+b%E1%BB%93i+th%C6%B0%E1%BB%9Dng+%2B+Ph%C3%A1p+l%C3%BD+quy+ho%E1%BA%A1c%2C+c%C3%B3+ti%E1%BB%81m+n%C4%83ng+%C4%91%E1%BB%83+ph%C3%A1t+tri%E1%BB%83n+D%E1%BB%B1+%C3%A1n+Khu+%C4%91%C3%B4+th%E1%BB%8B
BDS-MASTER-0256,có vị trí tại phường An Bình,"tại phường An Bình, TP Dĩ An, quy mô đầu tư dự kiến là 86.834,2 m2 với tổng diện tích sàn xây dựng 410.000 m2, bao gồm 11 tòa cao tối đa 30 tầng. Tổng sản phẩm mà dự án này cung cấp dự kiến 3.400 căn hộ. Dxg mới mua xong, có vị trí tại phường An Bình",7,2023-09-07,"[2023-09-07] Tuan Tran-CEO 9/7/2023 5:04 PM Dự án có vị trí tại phường An Bình, TP Dĩ An, quy mô đầu tư dự kiến là 86.834,2 m2 với tổng diện tích sàn xây dựng 410.000 m2, bao gồm 11 tòa cao tối đa 30 tầng. Tổng sản phẩm mà dự án này cung cấp dự kiến 3.400 căn hộ. Dxg mới mua xong. Chỗ này hồi đó mình có tí... by Unknown User --- [2023-09-07] Tuan Tran-CEO 9/7/2023 5:04 PM Dự án có vị trí tại phường An Bình, TP Dĩ An, quy mô đầu tư dự kiến là 86.834,2 m2 với tổng diện tích sàn xây dựng 410.000 m2",https://www.google.com/maps/search/t%E1%BA%A1i+ph%C6%B0%E1%BB%9Dng+An+B%C3%ACnh%2C+TP+D%C4%A9+An%2C+quy+m%C3%B4+%C4%91%E1%BA%A7u+t%C6%B0+d%E1%BB%B1+ki%E1%BA%BFn+l%C3%A0+86.834%2C2+m2+v%E1%BB%9Bi+t%E1%BB%95ng+di%E1%BB%87n+t%C3%ADch+s%C3%A0n+x%C3%A2y+d%E1%BB%B1ng+410.000+m2%2C+bao+g%E1%BB%93m+11+t%C3%B2a+cao+t%E1%BB%91i+%C4%91a+30+t%E1%BA%A7ng.+T%E1%BB%95ng+s%E1%BA%A3n+ph%E1%BA%A9m+m%C3%A0+d%E1%BB%B1+%C3%A1n+n%C3%A0y+cung+c%E1%BA%A5p+d%E1%BB%B1+ki%E1%BA%BFn+3.400+c%C4%83n+h%E1%BB%99.+Dxg+m%E1%BB%9Bi+mua+xong%2C+c%C3%B3+v%E1%BB%8B+tr%C3%AD+t%E1%BA%A1i+ph%C6%B0%E1%BB%9Dng+An+B%C3%ACnh
BDS-MASTER-0172,du lịch tại Mũi Né,". Cụm dự án cách khá xa và nằm tách biệt khỏi các trung tâm phát triển du lịch và sân bay TP. Phan Thiết. . Khu vực xung quanh cụm dự án hiện, du lịch tại Mũi Né",7,2022-07-19,"[2022-07-19] Thao L - INVT 7/19/2022 5:45 PM K.ĐT báo cáo anh Tuan Tran-CEO về 02 dự án du lịch tại Mũi Né như sau: - Cụm 02 dự án được kết nối bằng 02 đường chính: Đường ven biển Huỳnh Thúc Kháng – Hồ Xuân Hương hoặc Đường Võ Nguyên Giáp – Nguyễn Hữu Thọ. - Cách các trung tâm tiêu biểu: SB. Phan Thiết: 17km -25p; Trung tâm TP. Phan Thiết: 26km – 35p; Nằm trong cụm dân cư làng chài ven biển hiện hữu. Dự án The Salling Bay với giá chào chuyển nhượng là 520tỷ ~ 11tr/m2 (bao gồm CTXD), tạm uớc tính",https://www.google.com/maps/search/.+C%E1%BB%A5m+d%E1%BB%B1+%C3%A1n+c%C3%A1ch+kh%C3%A1+xa+v%C3%A0+n%E1%BA%B1m+t%C3%A1ch+bi%E1%BB%87t+kh%E1%BB%8Fi+c%C3%A1c+trung+t%C3%A2m+ph%C3%A1t+tri%E1%BB%83n+du+l%E1%BB%8Bch+v%C3%A0+s%C3%A2n+bay+TP.+Phan+Thi%E1%BA%BFt.+.+Khu+v%E1%BB%B1c+xung+quanh+c%E1%BB%A5m+d%E1%BB%B1+%C3%A1n+hi%E1%BB%87n%2C+du+l%E1%BB%8Bch+t%E1%BA%A1i+M%C5%A9i+N%C3%A9
BDS-MASTER-0115,khu dân cư cao tầng Ngọc Hồi với tổng diện tích đất thực hiện dự án là 24,"dự án: - Dự án nằm tại đường Ngọc Hồi nối quốc lộ 1A hướng chính của cửa ngõ phía Nam Thủ Đô gần mạng lưới giao thông thuận tiện như tuyến đường trên cao vành đai 3, tuyến cao tốc Hà Nội - Ninh Bình. Dự án có bán kính cá, khu dân cư cao tầng Ngọc Hồi với tổng diện tích đất thực hiện dự án là 24",7,2022-08-26,"[2022-08-26] Quy Vo-PTDT 8/26/2022 2:20 PM KĐT gửi Mr.Tuấn Tuan Tran-CEO Báo cáo Dự án khu dân cư cao tầng Ngọc Hồi với tổng diện tích đất thực hiện dự án là 24,282 m2 (giá chào bán khoảng 1,500 tỷ tương đương 61.7 tr/m2) tại 486 Ngọc Hồi, Thị Trấn Văn Điển, Huyện Thanh Trì, Tp.Hà Nội: 1. Vị trí dự án: - Dự án nằm tại đường Ngọc Hồi nối quốc lộ 1A hướng chính của cửa ngõ phía Nam Thủ Đô gần mạng lưới giao thông thuận tiện như tuyến đường trên cao vành đai 3, tuyến cao tốc Hà Nội - Ninh Bình. Dự ",https://www.google.com/maps/search/d%E1%BB%B1+%C3%A1n%3A+-+D%E1%BB%B1+%C3%A1n+n%E1%BA%B1m+t%E1%BA%A1i+%C4%91%C6%B0%E1%BB%9Dng+Ng%E1%BB%8Dc+H%E1%BB%93i+n%E1%BB%91i+qu%E1%BB%91c+l%E1%BB%99+1A+h%C6%B0%E1%BB%9Bng+ch%C3%ADnh+c%E1%BB%A7a+c%E1%BB%ADa+ng%C3%B5+ph%C3%ADa+Nam+Th%E1%BB%A7+%C4%90%C3%B4+g%E1%BA%A7n+m%E1%BA%A1ng+l%C6%B0%E1%BB%9Bi+giao+th%C3%B4ng+thu%E1%BA%ADn+ti%E1%BB%87n+nh%C6%B0+tuy%E1%BA%BFn+%C4%91%C6%B0%E1%BB%9Dng+tr%C3%AAn+cao+v%C3%A0nh+%C4%91ai+3%2C+tuy%E1%BA%BFn+cao+t%E1%BB%91c+H%C3%A0+N%E1%BB%99i+-+Ninh+B%C3%ACnh.+D%E1%BB%B1+%C3%A1n+c%C3%B3+b%C3%A1n+k%C3%ADnh+c%C3%A1%2C+khu+d%C3%A2n+c%C6%B0+cao+t%E1%BA%A7ng+Ng%E1%BB%8Dc+H%E1%BB%93i+v%E1%BB%9Bi+t%E1%BB%95ng+di%E1%BB%87n+t%C3%ADch+%C4%91%E1%BA%A5t+th%E1%BB%B1c+hi%E1%BB%87n+d%E1%BB%B1+%C3%A1n+l%C3%A0+24
BDS-MASTER-0067,the Bale tại Phan Thiết,"và hiện trạng: Dự án nằm tại hẻm của đường Nguyễn Đình Chiểu (đường ven biển), cách bãi biển khoảng 500m Pháp lý đất: Dự án có tổng quy mô 13ha hiện có 2 sổ đất TMDV có quy mô 11.3ha, đất TMDV đóng tiền thuê đất hàng năm, the Bale tại Phan Thiết",7,2022-10-11,"[2022-10-11] Trieu Nguyen-PTDT 10/11/2022 6:26 PM KĐT gửi anh Tuan Tran-CEO báo cáo dự án the Bale tại Phan Thiết, Bình Thuận có giá chào 390.48 tỷ đồng (3tr/m2 đất) cam kết hoàn thành đường kết nối, đền bù, và đóng tiền thuê đất 1 lần (BeeG trả tiền thuê đất) cụ thể: Vị trí và hiện trạng: Dự án nằm tại hẻm của đường Nguyễn Đình Chiểu (đường ven biển), cách bãi biển khoảng 500m Pháp lý đất: Dự án có tổng quy mô 13ha hiện có 2 sổ đất TMDV có quy mô 11.3ha, đất TMDV đóng tiền thuê đất hàng năm đến",https://www.google.com/maps/search/v%C3%A0+hi%E1%BB%87n+tr%E1%BA%A1ng%3A+D%E1%BB%B1+%C3%A1n+n%E1%BA%B1m+t%E1%BA%A1i+h%E1%BA%BBm+c%E1%BB%A7a+%C4%91%C6%B0%E1%BB%9Dng+Nguy%E1%BB%85n+%C4%90%C3%ACnh+Chi%E1%BB%83u+%28%C4%91%C6%B0%E1%BB%9Dng+ven+bi%E1%BB%83n%29%2C+c%C3%A1ch+b%C3%A3i+bi%E1%BB%83n+kho%E1%BA%A3ng+500m+Ph%C3%A1p+l%C3%BD+%C4%91%E1%BA%A5t%3A+D%E1%BB%B1+%C3%A1n+c%C3%B3+t%E1%BB%95ng+quy+m%C3%B4+13ha+hi%E1%BB%87n+c%C3%B3+2+s%E1%BB%95+%C4%91%E1%BA%A5t+TMDV+c%C3%B3+quy+m%C3%B4+11.3ha%2C+%C4%91%E1%BA%A5t+TMDV+%C4%91%C3%B3ng+ti%E1%BB%81n+thu%C3%AA+%C4%91%E1%BA%A5t+h%C3%A0ng+n%C4%83m%2C+the+Bale+t%E1%BA%A1i+Phan+Thi%E1%BA%BFt
BDS-MASTER-0079,theo Quyết định 425 của Bộ Xây dựng áp dụng cho năm 2026,"1 theo bảng giá đất là 6,5 tr/m2), phòng tính bài toán ngược với LNTT/TMĐT đạt 20% thì đơn giá đất bao gồm tiền sử dụng đất khoảng 3,3 tr/m2 (tính bình quân cho nhiều vị trí phân khu bên trong khu đất); Suất vốn xây dựng, theo Quyết định 425 của Bộ Xây dựng áp dụng cho năm 2026, Nhơn Trạch",7,2025-09-11,"[] Phòng ĐT báo cáo Sếp Admin 01 về sơ bộ dự kiến hiệu quả đầu tư dự án 2.316 ha Phía Nam Nhơn Trạch, như sau: I/TỔNG QUAN MẶT BẰNG: II/CHỈ TIÊU QUY HOẠCH TẠM TÍNH (ANH TÀI): III/HIỆU QUẢ TẠM TÍNH (P&L SƠ BỘ) Dựa trên các giả định: Giá bán: cơ sở đề xuất giá bình quân cho từng loại sản phẩm của phòng R&D đề xuất: Căn hộ 28 tr/m2, đất nền Nhà liên kế 36 tr/m2, đất nền biệt thự 35 tr/m2; Đơn giá chi phí đất (gồm tiền sử dụng đất)(đơn giá đất đường gần nhất khu đất vị trí 1 theo bảng giá đất là 6,5",https://www.google.com/maps/search/1+theo+b%E1%BA%A3ng+gi%C3%A1+%C4%91%E1%BA%A5t+l%C3%A0+6%2C5+tr%2Fm2%29%2C+ph%C3%B2ng+t%C3%ADnh+b%C3%A0i+to%C3%A1n+ng%C6%B0%E1%BB%A3c+v%E1%BB%9Bi+LNTT%2FTM%C4%90T+%C4%91%E1%BA%A1t+20%25+th%C3%AC+%C4%91%C6%A1n+gi%C3%A1+%C4%91%E1%BA%A5t+bao+g%E1%BB%93m+ti%E1%BB%81n+s%E1%BB%AD+d%E1%BB%A5ng+%C4%91%E1%BA%A5t+kho%E1%BA%A3ng+3%2C3+tr%2Fm2+%28t%C3%ADnh+b%C3%ACnh+qu%C3%A2n+cho+nhi%E1%BB%81u+v%E1%BB%8B+tr%C3%AD+ph%C3%A2n+khu+b%C3%AAn+trong+khu+%C4%91%E1%BA%A5t%29%3B+Su%E1%BA%A5t+v%E1%BB%91n+x%C3%A2y+d%E1%BB%B1ng%2C+theo+Quy%E1%BA%BFt+%C4%91%E1%BB%8Bnh+425+c%E1%BB%A7a+B%E1%BB%99+X%C3%A2y+d%E1%BB%B1ng+%C3%A1p+d%E1%BB%A5ng+cho+n%C4%83m+2026%2C+Nh%C6%A1n+Tr%E1%BA%A1ch
BDS-MASTER-0178,trong thời gian khai thác kinh doanh,"và hiện trạng: Khách sạn nằm tại đường Nguyễn Thị Minh Khai, P. Tân Lập, Nha Trang, cách bãi biển khoảng 400m Công trình khách sạn 4 sao cao 40 tầng, có 850 phòng 2/ Pháp lý đất: Thông tin được cung cấp: công trình xây d, trong thời gian khai thác kinh doanh",7,2022-12-27,"[2022-12-27] Trieu Nguyen-PTDT 12/27/2022 3:31 PM KĐT gửi anh Tuan Tran-CEO báo cáo dự phòng P&L 5 năm từ 2023 - 2027 cho Khách sạn Regalia Gold 4 sao tại Nha Trang, cụ thể: 1/ Vị trí và hiện trạng: Khách sạn nằm tại đường Nguyễn Thị Minh Khai, P. Tân Lập, Nha Trang, cách bãi biển khoảng 400m Công trình khách sạn 4 sao cao 40 tầng, có 850 phòng 2/ Pháp lý đất: Thông tin được cung cấp: công trình xây dựng trên khu đất có quy mô 2584m2, trong đó 1704m2 đất ODT có thời hạn sử dụng lâu dài và 884m2 ",https://www.google.com/maps/search/v%C3%A0+hi%E1%BB%87n+tr%E1%BA%A1ng%3A+Kh%C3%A1ch+s%E1%BA%A1n+n%E1%BA%B1m+t%E1%BA%A1i+%C4%91%C6%B0%E1%BB%9Dng+Nguy%E1%BB%85n+Th%E1%BB%8B+Minh+Khai%2C+P.+T%C3%A2n+L%E1%BA%ADp%2C+Nha+Trang%2C+c%C3%A1ch+b%C3%A3i+bi%E1%BB%83n+kho%E1%BA%A3ng+400m+C%C3%B4ng+tr%C3%ACnh+kh%C3%A1ch+s%E1%BA%A1n+4+sao+cao+40+t%E1%BA%A7ng%2C+c%C3%B3+850+ph%C3%B2ng+2%2F+Ph%C3%A1p+l%C3%BD+%C4%91%E1%BA%A5t%3A+Th%C3%B4ng+tin+%C4%91%C6%B0%E1%BB%A3c+cung+c%E1%BA%A5p%3A+c%C3%B4ng+tr%C3%ACnh+x%C3%A2y+d%2C+trong+th%E1%BB%9Di+gian+khai+th%C3%A1c+kinh+doanh
BDS-MASTER-0095,từ đường Đặng Văn Trơn và giá chào đã bao gồm phần đất này,"https://goo.gl/maps/dSeYp8x6gD6nWQJo7 BC Hiệp Hòa.pdf, từ đường Đặng Văn Trơn và giá chào đã bao gồm phần đất này",7,2022-09-26,"[2022-09-26] Thao L - INVT 9/26/2022 5:32 PM Edited Giá bán sản phẩm: (Dựa vào giá thị trường cơ sở hiện tại là 58tr/m2 đất vào năm 2022). + Đất ở thương mại: 77tr/m2 đất và 8,7tr/m2 sàn (2025-2026). + Đất ở nội khu: 70tr/m2 đất và 8,7tr/m2 sàn (2025-2026). + NOXH: 8.35tr/m2 sàn NOXH (2025-2026). + Tạm định giá đầu ra phần đất nông nghiệp (QH đất ở hiện hữu chỉnh trang): 14tr/m2 đất. Hiệu quả tài chính: Tỷ lệ LNTT/TMĐT: 15,5% với Lợi nhuận trước thuế là 559,5 tỷ đồng. Kết luận: + Để nhận chuyển ",https://www.google.com/maps/search/https%3A%2F%2Fgoo.gl%2Fmaps%2FdSeYp8x6gD6nWQJo7+BC+Hi%E1%BB%87p+H%C3%B2a.pdf%2C+t%E1%BB%AB+%C4%91%C6%B0%E1%BB%9Dng+%C4%90%E1%BA%B7ng+V%C4%83n+Tr%C6%A1n+v%C3%A0+gi%C3%A1+ch%C3%A0o+%C4%91%C3%A3+bao+g%E1%BB%93m+ph%E1%BA%A7n+%C4%91%E1%BA%A5t+n%C3%A0y
BDS-MASTER-0180,được chuyển tiếp từ kế hoạch 2025 và có bổ sung thêm những khu đất tiềm năng khác,", sự phát triển đô thị của một số khu vực, sự ưu tiên của Cơ quan NN trong triển khai đấu giá (phụ lục 2), phòng đầu tư đề xuất nghiên cứu các khu đất trong phạm vi thành phố Biên Hòa, Long Thành và Nhơn Trạch, cụ thể: -, được chuyển tiếp từ kế hoạch 2025 và có bổ sung thêm những khu đất tiềm năng khác, Biên Hòa",7,2025-09-29,"[] P.ĐT đã so sánh đối chiếu danh sách từ 3 phụ lục trên với danh sách đấu giá năm 2025. Qua đó nhận thấy có 1 số khu đất được chuyển tiếp từ kế hoạch 2025 và có bổ sung thêm những khu đất tiềm năng khác. Căn cứ vào vị trí, sự phát triển đô thị của một số khu vực, sự ưu tiên của Cơ quan NN trong triển khai đấu giá (phụ lục 2), phòng đầu tư đề xuất nghiên cứu các khu đất trong phạm vi thành phố Biên Hòa, Long Thành và Nhơn Trạch, cụ thể: - Khu đất khoảng 13,2 ha tại phường Trấn Biên (Khu nhà máy ",https://www.google.com/maps/search/%2C+s%E1%BB%B1+ph%C3%A1t+tri%E1%BB%83n+%C4%91%C3%B4+th%E1%BB%8B+c%E1%BB%A7a+m%E1%BB%99t+s%E1%BB%91+khu+v%E1%BB%B1c%2C+s%E1%BB%B1+%C6%B0u+ti%C3%AAn+c%E1%BB%A7a+C%C6%A1+quan+NN+trong+tri%E1%BB%83n+khai+%C4%91%E1%BA%A5u+gi%C3%A1+%28ph%E1%BB%A5+l%E1%BB%A5c+2%29%2C+ph%C3%B2ng+%C4%91%E1%BA%A7u+t%C6%B0+%C4%91%E1%BB%81+xu%E1%BA%A5t+nghi%C3%AAn+c%E1%BB%A9u+c%C3%A1c+khu+%C4%91%E1%BA%A5t+trong+ph%E1%BA%A1m+vi+th%C3%A0nh+ph%E1%BB%91+Bi%C3%AAn+H%C3%B2a%2C+Long+Th%C3%A0nh+v%C3%A0+Nh%C6%A1n+Tr%E1%BA%A1ch%2C+c%E1%BB%A5+th%E1%BB%83%3A+-%2C+%C4%91%C6%B0%E1%BB%A3c+chuy%E1%BB%83n+ti%E1%BA%BFp+t%E1%BB%AB+k%E1%BA%BF+ho%E1%BA%A1ch+2025+v%C3%A0+c%C3%B3+b%E1%BB%95+sung+th%C3%AAm+nh%E1%BB%AFng+khu+%C4%91%E1%BA%A5t+ti%E1%BB%81m+n%C4%83ng+kh%C3%A1c%2C+Bi%C3%AAn+H%C3%B2a
BDS-MASTER-0149,được đề xuất nghiên cứu đầu tư tại huyện Giao Thuỷ,"Bãi biển thuộc khu Du lịch Quất Lâm (1 trong 4 khu du lịch biển chính ở miền Bắc (Hạ Long – Đồ Sơn – Quất Lâm – Sầm Sơn). Cách TP Nam Định 40km, TP. Hà Nội 120km (di chuyển mất 2 tiếng) Hạ Tầng khu vực còn kém phát triển, được đề xuất nghiên cứu đầu tư tại huyện Giao Thuỷ",7,2022-11-08,"[2022-11-08] Huy M - IM 11/8/2022 2:38 PM Edited KĐT báo cáo CEO Tuan Tran-CEO 2 dự án được đề xuất nghiên cứu đầu tư tại huyện Giao Thuỷ, tỉnh Nam Định Khu Du lịch TMDV 7ha tại Thị Trấn Quất Lâm, huyện Giao Thuỷ, tỉnh Nam Định Cụm Công Nghiệp 50ha tại xã Giao Tiến, huyện Giao Thuỷ, tỉnh Nam Định Khu Du lịch TMDV 7ha tại Thị Trấn Quất Lâm Vị trí: Bãi biển thuộc khu Du lịch Quất Lâm (1 trong 4 khu du lịch biển chính ở miền Bắc (Hạ Long – Đồ Sơn – Quất Lâm – Sầm Sơn). Cách TP Nam Định 40km, TP. Hà",https://www.google.com/maps/search/B%C3%A3i+bi%E1%BB%83n+thu%E1%BB%99c+khu+Du+l%E1%BB%8Bch+Qu%E1%BA%A5t+L%C3%A2m+%281+trong+4+khu+du+l%E1%BB%8Bch+bi%E1%BB%83n+ch%C3%ADnh+%E1%BB%9F+mi%E1%BB%81n+B%E1%BA%AFc+%28H%E1%BA%A1+Long+%E2%80%93+%C4%90%E1%BB%93+S%C6%A1n+%E2%80%93+Qu%E1%BA%A5t+L%C3%A2m+%E2%80%93+S%E1%BA%A7m+S%C6%A1n%29.+C%C3%A1ch+TP+Nam+%C4%90%E1%BB%8Bnh+40km%2C+TP.+H%C3%A0+N%E1%BB%99i+120km+%28di+chuy%E1%BB%83n+m%E1%BA%A5t+2+ti%E1%BA%BFng%29+H%E1%BA%A1+T%E1%BA%A7ng+khu+v%E1%BB%B1c+c%C3%B2n+k%C3%A9m+ph%C3%A1t+tri%E1%BB%83n%2C+%C4%91%C6%B0%E1%BB%A3c+%C4%91%E1%BB%81+xu%E1%BA%A5t+nghi%C3%AAn+c%E1%BB%A9u+%C4%91%E1%BA%A7u+t%C6%B0+t%E1%BA%A1i+huy%E1%BB%87n+Giao+Thu%E1%BB%B7
BDS-MASTER-0407,đấu thầu 386ha - Nhơn Trạch,"vào số liệu chi tiết tổng mức đầu tư của từng phân khu. Trân trọng. Bản đồ không có tiêu đề - Google My Maps (IN) 2025.07.15 Cụm DA đấu thầu 386ha - Nhơn Trạch.pdf Bản đồ không có tiêu đề www.google.com, đấu thầu 386ha - Nhơn Trạch, Nhơn Trạch",7,2025-07-15,[] Phòng xin gửi đính kèm vị trí vào số liệu chi tiết tổng mức đầu tư của từng phân khu. Trân trọng. Bản đồ không có tiêu đề - Google My Maps (IN) 2025.07.15 Cụm DA đấu thầu 386ha - Nhơn Trạch.pdf Bản đồ không có tiêu đề www.google.com,https://www.google.com/maps/search/v%C3%A0o+s%E1%BB%91+li%E1%BB%87u+chi+ti%E1%BA%BFt+t%E1%BB%95ng+m%E1%BB%A9c+%C4%91%E1%BA%A7u+t%C6%B0+c%E1%BB%A7a+t%E1%BB%ABng+ph%C3%A2n+khu.+Tr%C3%A2n+tr%E1%BB%8Dng.+B%E1%BA%A3n+%C4%91%E1%BB%93+kh%C3%B4ng+c%C3%B3+ti%C3%AAu+%C4%91%E1%BB%81+-+Google+My+Maps+%28IN%29+2025.07.15+C%E1%BB%A5m+DA+%C4%91%E1%BA%A5u+th%E1%BA%A7u+386ha+-+Nh%C6%A1n+Tr%E1%BA%A1ch.pdf+B%E1%BA%A3n+%C4%91%E1%BB%93+kh%C3%B4ng+c%C3%B3+ti%C3%AAu+%C4%91%E1%BB%81+www.google.com%2C+%C4%91%E1%BA%A5u+th%E1%BA%A7u+386ha+-+Nh%C6%A1n+Tr%E1%BA%A1ch%2C+Nh%C6%A1n+Tr%E1%BA%A1ch
BDS-MASTER-0338,ANANTARA THAM CHIẾU THEO DỰ ÁN PHÚ HẢI Bảng so sánh,"02 dự án: image 3. ... by Thao L - INVT, ANANTARA THAM CHIẾU THEO DỰ ÁN PHÚ HẢI Bảng so sánh",6,2022-11-18,[2022-11-18] Thao L - INVT 11/18/2022 3:02 PM Edited V. ĐỊNH GIÁ TÀI SẢN DỰ ÁN ANANTARA THAM CHIẾU THEO DỰ ÁN PHÚ HẢI Bảng so sánh: Vị trí 02 dự án: image 3. ... by Thao L - INVT,https://www.google.com/maps/search/02+d%E1%BB%B1+%C3%A1n%3A+image+3.+...+by+Thao+L+-+INVT%2C+ANANTARA+THAM+CHI%E1%BA%BEU+THEO+D%E1%BB%B0+%C3%81N+PH%C3%9A+H%E1%BA%A2I+B%E1%BA%A3ng+so+s%C3%A1nh
BDS-MASTER-0281,Anantara tham chiếu theo Phú Hải,"02 dự án: 3. Giá trị QSDĐ và CTXD trên đất dự án Anantara tham chiếu theo Phú Hải: 759 tỷ. VI. PHÂN TÍCH BÁO CÁO TÀI CHÍNH Anantara: T... by Thao L - INVT, Anantara tham chiếu theo Phú Hải",6,2022-11-18,"[2022-11-18] Thao L - INVT 11/18/2022 3:05 PM Edited Vị trí 02 dự án: 3. Giá trị QSDĐ và CTXD trên đất dự án Anantara tham chiếu theo Phú Hải: 759 tỷ. VI. PHÂN TÍCH BÁO CÁO TÀI CHÍNH Anantara: T... by Thao L - INVT --- [2022-11-18] Thao L - INVT 11/18/2022 3:08 PM Edited VI. PHÂN TÍCH BÁO CÁO TÀI CHÍNH Anantara: Thống kê cơ bản Báo cáo tài chính: Thông tin chuyển nhượng năm 2014 và 2018: Giá trị chuyển nhượng cổ phần công ty tại thời điểm 25/12/2014: 247,7 tỷ. Giá trị chuyển nhượng cổ phần công ",https://www.google.com/maps/search/02+d%E1%BB%B1+%C3%A1n%3A+3.+Gi%C3%A1+tr%E1%BB%8B+QSD%C4%90+v%C3%A0+CTXD+tr%C3%AAn+%C4%91%E1%BA%A5t+d%E1%BB%B1+%C3%A1n+Anantara+tham+chi%E1%BA%BFu+theo+Ph%C3%BA+H%E1%BA%A3i%3A+759+t%E1%BB%B7.+VI.+PH%C3%82N+T%C3%8DCH+B%C3%81O+C%C3%81O+T%C3%80I+CH%C3%8DNH+Anantara%3A+T...+by+Thao+L+-+INVT%2C+Anantara+tham+chi%E1%BA%BFu+theo+Ph%C3%BA+H%E1%BA%A3i
BDS-MASTER-0239,Aqua City và Swan Bay,"AquaCity tốt hơn, gần khu dân cư động đúc hơn, dễ dàng kết nối ra thành phố Biên Hòa, vị trí dự án có thể làm khu đô thị ở, nghỉ dưỡng kết hợp thương mại, trong khi đó tại SwanBay vị trí biệt lập trên đảo, chỉ thích hợp, Aqua City và Swan Bay, Biên Hòa",6,2023-06-06,"[2023-06-06] Unknown User 6/6/2023 6:04 PM K.ĐT báo cáo anh Tuan Tran-CEO về so sánh giá giữa dự án Aqua City và Swan Bay như sau: 📷 Image … Ai làm báo cáo này ok quá nha 1 Heart reaction. Image by Unknown User --- [2023-06-06] Unknown User 6/6/2023 6:04 PM K.ĐT báo cáo anh Tuan Tran-CEO về so sánh giá giữa dự án Aqua City và Swan Bay như sau: 📷 Image … Làm thêm so sánh với Swan park nha 1 Heart reaction. 1 Like reaction. Begin quote, Binh Vo-GD-PTDT , 6/6/2023 10:... by Unknown User --- [2023-0",https://www.google.com/maps/search/AquaCity+t%E1%BB%91t+h%C6%A1n%2C+g%E1%BA%A7n+khu+d%C3%A2n+c%C6%B0+%C4%91%E1%BB%99ng+%C4%91%C3%BAc+h%C6%A1n%2C+d%E1%BB%85+d%C3%A0ng+k%E1%BA%BFt+n%E1%BB%91i+ra+th%C3%A0nh+ph%E1%BB%91+Bi%C3%AAn+H%C3%B2a%2C+v%E1%BB%8B+tr%C3%AD+d%E1%BB%B1+%C3%A1n+c%C3%B3+th%E1%BB%83+l%C3%A0m+khu+%C4%91%C3%B4+th%E1%BB%8B+%E1%BB%9F%2C+ngh%E1%BB%89+d%C6%B0%E1%BB%A1ng+k%E1%BA%BFt+h%E1%BB%A3p+th%C6%B0%C6%A1ng+m%E1%BA%A1i%2C+trong+khi+%C4%91%C3%B3+t%E1%BA%A1i+SwanBay+v%E1%BB%8B+tr%C3%AD+bi%E1%BB%87t+l%E1%BA%ADp+tr%C3%AAn+%C4%91%E1%BA%A3o%2C+ch%E1%BB%89+th%C3%ADch+h%E1%BB%A3p%2C+Aqua+City+v%C3%A0+Swan+Bay%2C+Bi%C3%AAn+H%C3%B2a
BDS-MASTER-0154,Cù lao Tân Vạn theo đơn giá bán (đất + nhà) trung bình dựa vào các loại hình do Mr,"giáp sông/kênh: 100tr/m2 - Đơn giá bán đất + nhà trung bình cho Biệt thự Đơn lập vị trí phía trong: 90tr/m2 - Đơn giá bán đất + nhà trung bình cho Biệt thự Song lập: 85tr/m2 - Đơn giá bán đất + nhà trung bình cho Nhà liê, Cù lao Tân Vạn theo đơn giá bán (đất + nhà) trung bình dựa vào các loại hình do Mr",6,2025-05-06,[2025-05-06] Thao L - INVT 5/6/2025 5:36 PM Translate K.ĐT gửi anh Mr Mike1 -CEO cập nhật báo cáo dự án Cù lao Tân Vạn theo đơn giá bán (đất + nhà) trung bình dựa vào các loại hình do Mr. Lâm đề xuất như sau: 1. DOANH THU (THEO ĐỀ XUẤT MR. LÂM) - Đơn giá bán đất + nhà trung bình cho Biệt thự Đơn lập vị trí giáp sông/kênh: 100tr/m2 - Đơn giá bán đất + nhà trung bình cho Biệt thự Đơn lập vị trí phía trong: 90tr/m2 - Đơn giá bán đất + nhà trung bình cho Biệt thự Song lập: 85tr/m2 - Đơn giá bán đất ,https://www.google.com/maps/search/gi%C3%A1p+s%C3%B4ng%2Fk%C3%AAnh%3A+100tr%2Fm2+-+%C4%90%C6%A1n+gi%C3%A1+b%C3%A1n+%C4%91%E1%BA%A5t+%2B+nh%C3%A0+trung+b%C3%ACnh+cho+Bi%E1%BB%87t+th%E1%BB%B1+%C4%90%C6%A1n+l%E1%BA%ADp+v%E1%BB%8B+tr%C3%AD+ph%C3%ADa+trong%3A+90tr%2Fm2+-+%C4%90%C6%A1n+gi%C3%A1+b%C3%A1n+%C4%91%E1%BA%A5t+%2B+nh%C3%A0+trung+b%C3%ACnh+cho+Bi%E1%BB%87t+th%E1%BB%B1+Song+l%E1%BA%ADp%3A+85tr%2Fm2+-+%C4%90%C6%A1n+gi%C3%A1+b%C3%A1n+%C4%91%E1%BA%A5t+%2B+nh%C3%A0+trung+b%C3%ACnh+cho+Nh%C3%A0+li%C3%AA%2C+C%C3%B9+lao+T%C3%A2n+V%E1%BA%A1n+theo+%C4%91%C6%A1n+gi%C3%A1+b%C3%A1n+%28%C4%91%E1%BA%A5t+%2B+nh%C3%A0%29+trung+b%C3%ACnh+d%E1%BB%B1a+v%C3%A0o+c%C3%A1c+lo%E1%BA%A1i+h%C3%ACnh+do+Mr
BDS-MASTER-0340,Diamond Island Q,", giá bán của dự án Diamond Island Q.9 theo hình ảnh bên dưới: 📷 Giá này là giá thị trường đang rao bán hã, thấy ko hợp lý. Ví dụ: + Lô C 3 và A2 3 ( 64.8m vs 66.8m, 54tr vs 59.9tr): đối diện nhau, cùng 1 đường mà giá ch, Diamond Island Q, Q.9",6,2023-06-22,"[2023-06-22] Unknown User 6/22/2023 2:57 PM K.ĐT gửi anh Tuan Tran-CEO chi tiết vị trí, giá bán của dự án Diamond Island Q.9 theo hình ảnh bên dưới: 📷 Giá này là giá thị trường đang rao bán hã, thấy ko hợp lý. Ví dụ: + Lô C 3 và A2 3 ( 64.8m vs 66.8m, 54tr vs 59.9tr): đối diện nhau, cùng 1 đường mà giá chênh nhau 10% + Lô E 1 và E 2: cùng 1 đường mà giá 54.3 vs 64.8 + Lô E 4: đường bé mà giá 58.3 cao hơn cả E1 đường lớn Begin quote, Tuan Tran-CEO, 6/23/2023 10:09... by Unknown User --- [2023-06-",https://www.google.com/maps/search/%2C+gi%C3%A1+b%C3%A1n+c%E1%BB%A7a+d%E1%BB%B1+%C3%A1n+Diamond+Island+Q.9+theo+h%C3%ACnh+%E1%BA%A3nh+b%C3%AAn+d%C6%B0%E1%BB%9Bi%3A+%F0%9F%93%B7+Gi%C3%A1+n%C3%A0y+l%C3%A0+gi%C3%A1+th%E1%BB%8B+tr%C6%B0%E1%BB%9Dng+%C4%91ang+rao+b%C3%A1n+h%C3%A3%2C+th%E1%BA%A5y+ko+h%E1%BB%A3p+l%C3%BD.+V%C3%AD+d%E1%BB%A5%3A+%2B+L%C3%B4+C+3+v%C3%A0+A2+3+%28+64.8m+vs+66.8m%2C+54tr+vs+59.9tr%29%3A+%C4%91%E1%BB%91i+di%E1%BB%87n+nhau%2C+c%C3%B9ng+1+%C4%91%C6%B0%E1%BB%9Dng+m%C3%A0+gi%C3%A1+ch%2C+Diamond+Island+Q%2C+Q.9
BDS-MASTER-0211,High và West của LDG (nguồn từ anh Dũng),"và ranh đất 2 dự án: Bản đồ 2 khu đất LDG - High + West Intela - Google マイマップ Tóm tắt những rủi ro về pháp lý 2 DA: (i) . Rủi ro pháp lý và nghĩa vụ tài chính: Đối tác ước tính nghĩa vụ tài chính bổ sung khoảng 270 tỷ đồ, High và West của LDG (nguồn từ anh Dũng)",6,,"[] Phòng ĐT xin báo cáo Sếp Admin 01 về 2 dự án High và West của LDG (nguồn từ anh Dũng) như sau: Vị trí và ranh đất 2 dự án: Bản đồ 2 khu đất LDG - High + West Intela - Google マイマップ Tóm tắt những rủi ro về pháp lý 2 DA: (i) . Rủi ro pháp lý và nghĩa vụ tài chính: Đối tác ước tính nghĩa vụ tài chính bổ sung khoảng 270 tỷ đồng cho hai dự án. Tuy nhiên, cơ sở xác định số liệu này chưa rõ ràng. Do dự án chưa hoàn tất nghĩa vụ tài chính từ giai đoạn 2017-2018, cần thực hiện báo cáo thẩm định pháp lý",https://www.google.com/maps/search/v%C3%A0+ranh+%C4%91%E1%BA%A5t+2+d%E1%BB%B1+%C3%A1n%3A+B%E1%BA%A3n+%C4%91%E1%BB%93+2+khu+%C4%91%E1%BA%A5t+LDG+-+High+%2B+West+Intela+-+Google+%E3%83%9E%E3%82%A4%E3%83%9E%E3%83%83%E3%83%97+T%C3%B3m+t%E1%BA%AFt+nh%E1%BB%AFng+r%E1%BB%A7i+ro+v%E1%BB%81+ph%C3%A1p+l%C3%BD+2+DA%3A+%28i%29+.+R%E1%BB%A7i+ro+ph%C3%A1p+l%C3%BD+v%C3%A0+ngh%C4%A9a+v%E1%BB%A5+t%C3%A0i+ch%C3%ADnh%3A+%C4%90%E1%BB%91i+t%C3%A1c+%C6%B0%E1%BB%9Bc+t%C3%ADnh+ngh%C4%A9a+v%E1%BB%A5+t%C3%A0i+ch%C3%ADnh+b%E1%BB%95+sung+kho%E1%BA%A3ng+270+t%E1%BB%B7+%C4%91%E1%BB%93%2C+High+v%C3%A0+West+c%E1%BB%A7a+LDG+%28ngu%E1%BB%93n+t%E1%BB%AB+anh+D%C5%A9ng%29
BDS-MASTER-0129,Hải Nhân 4,"2 (44 tr/m2) ~ 9 tr/m2 và tiền đất được khấu trừ khoảng 395 tỷ đồng, chiếm 15% tiền sử dụng đất dự án. Theo đó, tiền sử dụng đất sau khi khấu trừ đất nông nghiệp là 2.200 tỷ đồng ~ 49 tr/m2. Tiền đất (gồm CP mua đất + ti, Hải Nhân 4",6,,"[] Phòng Đầu tư xin báo cáo Sếp Admin 01 về phân tích đầu tư dự án Hải Nhân 4.5ha (nguồn từ Mr Duy) như sau: I/THÔNG TIN QUY HOẠCH: Theo QH phân khu thì khu đất dự án thuộc ô phố 1.2, số 02, nhóm nhà ở quy hoạch, tầng cao tối đa 50, hệ số sử dụng đất 10 lần, dân số 5.177 dân. Dựa vào hiện trạng khu đất và hình dạng khu đất, phòng QH đã tính toán chỉ tiêu và có bố trí một phần đất làm nhà liên kế, và cơ cấu sản phẩm như sau: Tổng diện tích đất phù hợp quy hoạch : 45.933 m2, trong đó gồm: + Diện t",https://www.google.com/maps/search/2+%2844+tr%2Fm2%29+~+9+tr%2Fm2+v%C3%A0+ti%E1%BB%81n+%C4%91%E1%BA%A5t+%C4%91%C6%B0%E1%BB%A3c+kh%E1%BA%A5u+tr%E1%BB%AB+kho%E1%BA%A3ng+395+t%E1%BB%B7+%C4%91%E1%BB%93ng%2C+chi%E1%BA%BFm+15%25+ti%E1%BB%81n+s%E1%BB%AD+d%E1%BB%A5ng+%C4%91%E1%BA%A5t+d%E1%BB%B1+%C3%A1n.+Theo+%C4%91%C3%B3%2C+ti%E1%BB%81n+s%E1%BB%AD+d%E1%BB%A5ng+%C4%91%E1%BA%A5t+sau+khi+kh%E1%BA%A5u+tr%E1%BB%AB+%C4%91%E1%BA%A5t+n%C3%B4ng+nghi%E1%BB%87p+l%C3%A0+2.200+t%E1%BB%B7+%C4%91%E1%BB%93ng+~+49+tr%2Fm2.+Ti%E1%BB%81n+%C4%91%E1%BA%A5t+%28g%E1%BB%93m+CP+mua+%C4%91%E1%BA%A5t+%2B+ti%2C+H%E1%BA%A3i+Nh%C3%A2n+4
BDS-MASTER-0344,IDEO cách trung tâm Bangk,"thì giá ở tp nào cao hơn 1 Heart reaction. Với vị trị dự án IDEO cách trung tâm Bangk... by Thao L - INVT, IDEO cách trung tâm Bangk",6,2023-08-17,[2023-08-17] Tuan Tran-CEO 8/17/2023 2:44 PM xem cùng vị trí thì giá ở tp nào cao hơn 1 Heart reaction. Với vị trị dự án IDEO cách trung tâm Bangk... by Thao L - INVT,https://www.google.com/maps/search/th%C3%AC+gi%C3%A1+%E1%BB%9F+tp+n%C3%A0o+cao+h%C6%A1n+1+Heart+reaction.+V%E1%BB%9Bi+v%E1%BB%8B+tr%E1%BB%8B+d%E1%BB%B1+%C3%A1n+IDEO+c%C3%A1ch+trung+t%C3%A2m+Bangk...+by+Thao+L+-+INVT%2C+IDEO+c%C3%A1ch+trung+t%C3%A2m+Bangk
BDS-MASTER-0287,IDEO cách trung tâm Bangkok khoảng 6-7Km và gần sông Chao Phraya,"của Phạm Văn Đồng ở HCM. Ý a là mình khảo sát thêm nhiều dự án và nh... by Unknown User, IDEO cách trung tâm Bangkok khoảng 6-7Km và gần sông Chao Phraya, Quận 1",6,2023-08-17,"[2023-08-17] Thao L - INVT 8/17/2023 2:53 PM Với vị trị dự án IDEO cách trung tâm Bangkok khoảng 6-7Km và gần sông Chao Phraya, khu vực này có tính chất khá tương đồng với khu vực gần đoạn đường Phạm Văn Đồng và gần sông Sài Gòn (khúc qua cầu Bình Lợi) cách trung tâm Quận 1 khoảng 6-7Km theo đường chim bay thì đơn giá căn hộ của hai khu vực không chệch lệch nhiều. Tuy nhiên về phương tiện công cộng thì khu vực dự án có kết nối tốt hơn so với vị trí của Phạm Văn Đồng ở HCM. Ý a là mình khảo sát t",https://www.google.com/maps/search/c%E1%BB%A7a+Ph%E1%BA%A1m+V%C4%83n+%C4%90%E1%BB%93ng+%E1%BB%9F+HCM.+%C3%9D+a+l%C3%A0+m%C3%ACnh+kh%E1%BA%A3o+s%C3%A1t+th%C3%AAm+nhi%E1%BB%81u+d%E1%BB%B1+%C3%A1n+v%C3%A0+nh...+by+Unknown+User%2C+IDEO+c%C3%A1ch+trung+t%C3%A2m+Bangkok+kho%E1%BA%A3ng+6-7Km+v%C3%A0+g%E1%BA%A7n+s%C3%B4ng+Chao+Phraya%2C+Qu%E1%BA%ADn+1
BDS-MASTER-0345,KDC Đại Nam T01,"đường 2. Về Giá thị trường: - Đơn giá thị trường của dự án khảo sát vào T10.2024 đến hiện tại T01.2025 không có sự thay đổi, giao dịch chuyển nhượng ít - Đơn giá thị trường T01.2025 dao động từ 7tr - 10tr/m2 tùy vị trí đ, KDC Đại Nam T01",6,2025-01-20,"[2025-01-20] Thao L - INVT 1/20/2025 11:49 AM Edited Translate K.ĐT báo cáo anh Mr Mike1 -CEO về việc Cập nhật lại thị trường dự án KDC Đại Nam T01.2025 như sau: 1. Về Bảng giá đất nhà nước: - Đơn giá nhà nước năm 2025 tăng khoảng 1tr/m2 so với năm 2024 - Đơn giá nhà nước năm 2025 dao động từ 5tr - 8tr/m2 tùy vị trí đường 2. Về Giá thị trường: - Đơn giá thị trường của dự án khảo sát vào T10.2024 đến hiện tại T01.2025 không có sự thay đổi, giao dịch chuyển nhượng ít - Đơn giá thị trường T01.2025 ",https://www.google.com/maps/search/%C4%91%C6%B0%E1%BB%9Dng+2.+V%E1%BB%81+Gi%C3%A1+th%E1%BB%8B+tr%C6%B0%E1%BB%9Dng%3A+-+%C4%90%C6%A1n+gi%C3%A1+th%E1%BB%8B+tr%C6%B0%E1%BB%9Dng+c%E1%BB%A7a+d%E1%BB%B1+%C3%A1n+kh%E1%BA%A3o+s%C3%A1t+v%C3%A0o+T10.2024+%C4%91%E1%BA%BFn+hi%E1%BB%87n+t%E1%BA%A1i+T01.2025+kh%C3%B4ng+c%C3%B3+s%E1%BB%B1+thay+%C4%91%E1%BB%95i%2C+giao+d%E1%BB%8Bch+chuy%E1%BB%83n+nh%C6%B0%E1%BB%A3ng+%C3%ADt+-+%C4%90%C6%A1n+gi%C3%A1+th%E1%BB%8B+tr%C6%B0%E1%BB%9Dng+T01.2025+dao+%C4%91%E1%BB%99ng+t%E1%BB%AB+7tr+-+10tr%2Fm2+t%C3%B9y+v%E1%BB%8B+tr%C3%AD+%C4%91%2C+KDC+%C4%90%E1%BA%A1i+Nam+T01
BDS-MASTER-0215,Khu chung Cư và văn phòng An PHú Quy hoạch chỉ tiết 1/500 đã được phê duyệt có 3 khu chức năng chính,"by Admin 01, Khu chung Cư và văn phòng An PHú Quy hoạch chỉ tiết 1/500 đã được phê duyệt có 3 khu chức năng chính",6,2026-03-24,"[2026-03-24] Tai L - UPDM 3/24/2026 9:59 AM Dự án Khu chung Cư và văn phòng An PHú Quy hoạch chỉ tiết 1/500 đã được phê duyệt có 3 khu chức năng chính: Văn Phòng, Chung cư, Dịch vụ Dân số được duyệt: 1.672 người. Theo Quy hoạch phân khu được duyệt 15/6/2025 (mới nhất) là 1.488 người ( thấp hơn 184 người so với qhct 1/500 đã được phê duyệt) Khu này không thể chuyển chức năng từ văn phòng sang ở ---Lý do : + QH 1/500 trước đây đã phân khu các khu chức năng: Khu văn phong, khu ở, khu dịch vụ + Dân ",https://www.google.com/maps/search/by+Admin+01%2C+Khu+chung+C%C6%B0+v%C3%A0+v%C4%83n+ph%C3%B2ng+An+PH%C3%BA+Quy+ho%E1%BA%A1ch+ch%E1%BB%89+ti%E1%BA%BFt+1%2F500+%C4%91%C3%A3+%C4%91%C6%B0%E1%BB%A3c+ph%C3%AA+duy%E1%BB%87t+c%C3%B3+3+khu+ch%E1%BB%A9c+n%C4%83ng+ch%C3%ADnh
BDS-MASTER-0249,NOXH sẽ giúp tạo thương hiệu tích cực cho công ty trên thị trường,"và hạ tầng giao thông kết nối phải thuận lợi cho cư dân khi tiếp cận các tiện ích cơ bản cũng như di chuyển sang khu vực lân cận. Thị trường: Bên cạnh đó, Thị trường khu vực cũng là yếu tố quan trọng cần cân nhắc. Vì NOX, NOXH sẽ giúp tạo thương hiệu tích cực cho công ty trên thị trường, Biên Hòa",6,,"[] Phòng Đầu tư đánh giá 6 khu đất đầu thấu trên dựa trên các tiêu chí như sau: Quy mô, đặc điểm của từng khu đất: Các khu đất phải đảm bảo phù hợp cho việc triển khai nhà ở, vị trí và hạ tầng giao thông kết nối phải thuận lợi cho cư dân khi tiếp cận các tiện ích cơ bản cũng như di chuyển sang khu vực lân cận. Thị trường: Bên cạnh đó, Thị trường khu vực cũng là yếu tố quan trọng cần cân nhắc. Vì NOXH có sự giới hạn đối tượng khách hàng mua. Ngoài ra, giá bán NOXH cũng được phê duyệt từ Nhà Nước ",https://www.google.com/maps/search/v%C3%A0+h%E1%BA%A1+t%E1%BA%A7ng+giao+th%C3%B4ng+k%E1%BA%BFt+n%E1%BB%91i+ph%E1%BA%A3i+thu%E1%BA%ADn+l%E1%BB%A3i+cho+c%C6%B0+d%C3%A2n+khi+ti%E1%BA%BFp+c%E1%BA%ADn+c%C3%A1c+ti%E1%BB%87n+%C3%ADch+c%C6%A1+b%E1%BA%A3n+c%C5%A9ng+nh%C6%B0+di+chuy%E1%BB%83n+sang+khu+v%E1%BB%B1c+l%C3%A2n+c%E1%BA%ADn.+Th%E1%BB%8B+tr%C6%B0%E1%BB%9Dng%3A+B%C3%AAn+c%E1%BA%A1nh+%C4%91%C3%B3%2C+Th%E1%BB%8B+tr%C6%B0%E1%BB%9Dng+khu+v%E1%BB%B1c+c%C5%A9ng+l%C3%A0+y%E1%BA%BFu+t%E1%BB%91+quan+tr%E1%BB%8Dng+c%E1%BA%A7n+c%C3%A2n+nh%E1%BA%AFc.+V%C3%AC+NOX%2C+NOXH+s%E1%BA%BD+gi%C3%BAp+t%E1%BA%A1o+th%C6%B0%C6%A1ng+hi%E1%BB%87u+t%C3%ADch+c%E1%BB%B1c+cho+c%C3%B4ng+ty+tr%C3%AAn+th%E1%BB%8B+tr%C6%B0%E1%BB%9Dng%2C+Bi%C3%AAn+H%C3%B2a
BDS-MASTER-0191,Phụ trách Lâm Đồng và P,"tiềm năng để thực hiện. Em đề xuất tổ chức họp bao gồm PLDA - Phụ trách Lâm Đồng và P. QH triển khai nghiên cứu và hướng đi pháp lý nhé. OK a sẽ trao đổi với Gđ Minh họp sớm. by Thoi L - ASST., Phụ trách Lâm Đồng và P",6,2025-04-17,"[2025-04-17] Huy M - IM 4/17/2025 11:51 AM Translate Thoi -Tro Ly GD Liên quan đến nội dung nghiên cứu các tài sản của DLR để làm khách sạn, em đã trao đổi với Anh David xác định các vị trí tiềm năng để thực hiện. Em đề xuất tổ chức họp bao gồm PLDA - Phụ trách Lâm Đồng và P. QH triển khai nghiên cứu và hướng đi pháp lý nhé. OK a sẽ trao đổi với Gđ Minh họp sớm. by Thoi L - ASST.",https://www.google.com/maps/search/ti%E1%BB%81m+n%C4%83ng+%C4%91%E1%BB%83+th%E1%BB%B1c+hi%E1%BB%87n.+Em+%C4%91%E1%BB%81+xu%E1%BA%A5t+t%E1%BB%95+ch%E1%BB%A9c+h%E1%BB%8Dp+bao+g%E1%BB%93m+PLDA+-+Ph%E1%BB%A5+tr%C3%A1ch+L%C3%A2m+%C4%90%E1%BB%93ng+v%C3%A0+P.+QH+tri%E1%BB%83n+khai+nghi%C3%AAn+c%E1%BB%A9u+v%C3%A0+h%C6%B0%E1%BB%9Bng+%C4%91i+ph%C3%A1p+l%C3%BD+nh%C3%A9.+OK+a+s%E1%BA%BD+trao+%C4%91%E1%BB%95i+v%E1%BB%9Bi+G%C4%91+Minh+h%E1%BB%8Dp+s%E1%BB%9Bm.+by+Thoi+L+-+ASST.%2C+Ph%E1%BB%A5+tr%C3%A1ch+L%C3%A2m+%C4%90%E1%BB%93ng+v%C3%A0+P
BDS-MASTER-0293,Regalia Gold 4 sao tại Nha Trang,"và hiện trạng: Khách sạn nằm tại đường Nguyễn Thị Minh Khai, P. Tân Lập, Nha Trang, cách bãi biển khoảng 400mCông trình khách sạn 4 sao cao 40 tầng, có 850 ph… 1 Heart reaction. Em gửi chị Ngoc Vo-TL-TGD 2 bản báo cáo..., Regalia Gold 4 sao tại Nha Trang",6,2022-12-27,"[2022-12-27] Unknown User 12/27/2022 3:31 PM KĐT gửi anh Tuan Tran-CEO báo cáo dự phòng P&L 5 năm từ 2023 - 2027 cho Khách sạn Regalia Gold 4 sao tại Nha Trang, cụ thể: 1/ Vị trí và hiện trạng: Khách sạn nằm tại đường Nguyễn Thị Minh Khai, P. Tân Lập, Nha Trang, cách bãi biển khoảng 400mCông trình khách sạn 4 sao cao 40 tầng, có 850 ph… 1 Heart reaction. Em gửi chị Ngoc Vo-TL-TGD 2 bản báo cáo... by Unknown User, has attachments.",https://www.google.com/maps/search/v%C3%A0+hi%E1%BB%87n+tr%E1%BA%A1ng%3A+Kh%C3%A1ch+s%E1%BA%A1n+n%E1%BA%B1m+t%E1%BA%A1i+%C4%91%C6%B0%E1%BB%9Dng+Nguy%E1%BB%85n+Th%E1%BB%8B+Minh+Khai%2C+P.+T%C3%A2n+L%E1%BA%ADp%2C+Nha+Trang%2C+c%C3%A1ch+b%C3%A3i+bi%E1%BB%83n+kho%E1%BA%A3ng+400mC%C3%B4ng+tr%C3%ACnh+kh%C3%A1ch+s%E1%BA%A1n+4+sao+cao+40+t%E1%BA%A7ng%2C+c%C3%B3+850+ph%E2%80%A6+1+Heart+reaction.+Em+g%E1%BB%ADi+ch%E1%BB%8B+Ngoc+Vo-TL-TGD+2+b%E1%BA%A3n+b%C3%A1o+c%C3%A1o...%2C+Regalia+Gold+4+sao+t%E1%BA%A1i+Nha+Trang
BDS-MASTER-0295,The Sang Residence đang gần hoàn thành xây dựng với giá bán (58-68trđ/m2) với vị trí nằm sâu trong đường Phạm,"nằm sâu trong đường Phạm Kiệt và khoảng cách đi ra biển Mỹ Khê khoảng 1.2-1.4 km không lợi thế hơn so với dự án của mình. image by Unknown User, The Sang Residence đang gần hoàn thành xây dựng với giá bán (58-68trđ/m2) với vị trí nằm sâu trong đường Phạm",6,2022-08-10,[2022-08-10] Quy Vo-PTDT 8/10/2022 10:54 AM Dự án The Sang Residence đang gần hoàn thành xây dựng với giá bán (58-68trđ/m2) với vị trí nằm sâu trong đường Phạm Kiệt và khoảng cách đi ra biển Mỹ Khê khoảng 1.2-1.4 km không lợi thế hơn so với dự án của mình. image by Unknown User,https://www.google.com/maps/search/n%E1%BA%B1m+s%C3%A2u+trong+%C4%91%C6%B0%E1%BB%9Dng+Ph%E1%BA%A1m+Ki%E1%BB%87t+v%C3%A0+kho%E1%BA%A3ng+c%C3%A1ch+%C4%91i+ra+bi%E1%BB%83n+M%E1%BB%B9+Kh%C3%AA+kho%E1%BA%A3ng+1.2-1.4+km+kh%C3%B4ng+l%E1%BB%A3i+th%E1%BA%BF+h%C6%A1n+so+v%E1%BB%9Bi+d%E1%BB%B1+%C3%A1n+c%E1%BB%A7a+m%C3%ACnh.+image+by+Unknown+User%2C+The+Sang+Residence+%C4%91ang+g%E1%BA%A7n+ho%C3%A0n+th%C3%A0nh+x%C3%A2y+d%E1%BB%B1ng+v%E1%BB%9Bi+gi%C3%A1+b%C3%A1n+%2858-68tr%C4%91%2Fm2%29+v%E1%BB%9Bi+v%E1%BB%8B+tr%C3%AD+n%E1%BA%B1m+s%C3%A2u+trong+%C4%91%C6%B0%E1%BB%9Dng+Ph%E1%BA%A1m
BDS-MASTER-0088,Võ Văn Kiệt) cố định ~ 190 tr/m2,"VÀ RANH ĐẤT 2 LÔ ĐẤT: Vị trí theo đường link: Vị Trí Dự án 2. THÔNG SỐ QUY HOẠCH Trên cơ sở phòng QH giả định: Giữ nguyên chỉ tiêu dân số của 2 lô, theo đó tổng dân số cho dự án gộp là 1.290 dân (Lô Kế VVK là 740, Lô VVK, Võ Văn Kiệt) cố định ~ 190 tr/m2",6,,"[] P.ĐT báo cáo Sếp Admin 01 về phương án gộp 2 lô Võ Văn Kiệt ~ diện tích 4.600 m2 như sau: 1. VỊ TRÍ VÀ RANH ĐẤT 2 LÔ ĐẤT: Vị trí theo đường link: Vị Trí Dự án 2. THÔNG SỐ QUY HOẠCH Trên cơ sở phòng QH giả định: Giữ nguyên chỉ tiêu dân số của 2 lô, theo đó tổng dân số cho dự án gộp là 1.290 dân (Lô Kế VVK là 740, Lô VVK là 550 dân). Điều chỉnh tăng hệ số sử dụng đất lên 13.7 (tăng 0.9 lần so với QH Lô Kế VVK là 12.8) đồng thời tăng 3 tầng nổi. + Diện tích đất của 2 lô : 4.613 m2 + Quy mô xây d",https://www.google.com/maps/search/V%C3%80+RANH+%C4%90%E1%BA%A4T+2+L%C3%94+%C4%90%E1%BA%A4T%3A+V%E1%BB%8B+tr%C3%AD+theo+%C4%91%C6%B0%E1%BB%9Dng+link%3A+V%E1%BB%8B+Tr%C3%AD+D%E1%BB%B1+%C3%A1n+2.+TH%C3%94NG+S%E1%BB%90+QUY+HO%E1%BA%A0CH+Tr%C3%AAn+c%C6%A1+s%E1%BB%9F+ph%C3%B2ng+QH+gi%E1%BA%A3+%C4%91%E1%BB%8Bnh%3A+Gi%E1%BB%AF+nguy%C3%AAn+ch%E1%BB%89+ti%C3%AAu+d%C3%A2n+s%E1%BB%91+c%E1%BB%A7a+2+l%C3%B4%2C+theo+%C4%91%C3%B3+t%E1%BB%95ng+d%C3%A2n+s%E1%BB%91+cho+d%E1%BB%B1+%C3%A1n+g%E1%BB%99p+l%C3%A0+1.290+d%C3%A2n+%28L%C3%B4+K%E1%BA%BF+VVK+l%C3%A0+740%2C+L%C3%B4+VVK%2C+V%C3%B5+V%C4%83n+Ki%E1%BB%87t%29+c%E1%BB%91+%C4%91%E1%BB%8Bnh+~+190+tr%2Fm2
BDS-MASTER-0441,của DIG rồi ạ Begin quote,"và ranh đất các dự án của DIG rồi ạ Begin quote, Huy Mai-PTDT , 4/18/2025 7:00 ... by Unknown User, của DIG rồi ạ Begin quote",6,2025-04-18,"[] Dạ anh, em sẽ chia sẻ định vị dự án, Phòng cũng đã có cập nhập vị trí và ranh đất các dự án của DIG rồi ạ Begin quote, Huy Mai-PTDT , 4/18/2025 7:00 ... by Unknown User",https://www.google.com/maps/search/v%C3%A0+ranh+%C4%91%E1%BA%A5t+c%C3%A1c+d%E1%BB%B1+%C3%A1n+c%E1%BB%A7a+DIG+r%E1%BB%93i+%E1%BA%A1+Begin+quote%2C+Huy+Mai-PTDT+%2C+4%2F18%2F2025+7%3A00+...+by+Unknown+User%2C+c%E1%BB%A7a+DIG+r%E1%BB%93i+%E1%BA%A1+Begin+quote
BDS-MASTER-0258,dự kiến hợp tác vs,"để có view biển hết 2. Trước khối khách sạn dự kiến hợp tác vs ... by Unknown User, dự kiến hợp tác vs",6,2022-08-10,"[2022-08-10] Binh Vo-GD-PTDT 8/10/2022 4:41 PM 1. Một số căn biệt thự không nhìn view biển, nên đang điều chỉnh lại vị trí để có view biển hết 2. Trước khối khách sạn dự kiến hợp tác vs ... by Unknown User",https://www.google.com/maps/search/%C4%91%E1%BB%83+c%C3%B3+view+bi%E1%BB%83n+h%E1%BA%BFt+2.+Tr%C6%B0%E1%BB%9Bc+kh%E1%BB%91i+kh%C3%A1ch+s%E1%BA%A1n+d%E1%BB%B1+ki%E1%BA%BFn+h%E1%BB%A3p+t%C3%A1c+vs+...+by+Unknown+User%2C+d%E1%BB%B1+ki%E1%BA%BFn+h%E1%BB%A3p+t%C3%A1c+vs
BDS-MASTER-0259,gộp là 1,"VÀ RANH ĐẤT 2 LÔ ĐẤT: Vị trí theo đường link: Vị Trí Dự án 2. THÔNG SỐ QUY HOẠCH Trên cơ sở phòng QH giả định: Giữ nguyên chỉ tiêu dân số của 2 lô, theo đó tổng dân số cho dự án gộp là 1.290 dân (Lô Kế VVK là 740, Lô VVK, gộp là 1",6,,"[] P.ĐT báo cáo Sếp Admin 01 về phương án gộp 2 lô Võ Văn Kiệt ~ diện tích 4.600 m2 như sau: 1. VỊ TRÍ VÀ RANH ĐẤT 2 LÔ ĐẤT: Vị trí theo đường link: Vị Trí Dự án 2. THÔNG SỐ QUY HOẠCH Trên cơ sở phòng QH giả định: Giữ nguyên chỉ tiêu dân số của 2 lô, theo đó tổng dân số cho dự án gộp là 1.290 dân (Lô Kế VVK là 740, Lô VVK là 550 dân). Điều chỉnh tăng hệ số sử dụng đất lên 13.7 (tăng 0.9 lần so với QH Lô Kế VVK là 12.8) đồng thời tăng 3 tầng nổi. + Diện tích đất của 2 lô : 4.613 m2 + Quy mô xây d",https://www.google.com/maps/search/V%C3%80+RANH+%C4%90%E1%BA%A4T+2+L%C3%94+%C4%90%E1%BA%A4T%3A+V%E1%BB%8B+tr%C3%AD+theo+%C4%91%C6%B0%E1%BB%9Dng+link%3A+V%E1%BB%8B+Tr%C3%AD+D%E1%BB%B1+%C3%A1n+2.+TH%C3%94NG+S%E1%BB%90+QUY+HO%E1%BA%A0CH+Tr%C3%AAn+c%C6%A1+s%E1%BB%9F+ph%C3%B2ng+QH+gi%E1%BA%A3+%C4%91%E1%BB%8Bnh%3A+Gi%E1%BB%AF+nguy%C3%AAn+ch%E1%BB%89+ti%C3%AAu+d%C3%A2n+s%E1%BB%91+c%E1%BB%A7a+2+l%C3%B4%2C+theo+%C4%91%C3%B3+t%E1%BB%95ng+d%C3%A2n+s%E1%BB%91+cho+d%E1%BB%B1+%C3%A1n+g%E1%BB%99p+l%C3%A0+1.290+d%C3%A2n+%28L%C3%B4+K%E1%BA%BF+VVK+l%C3%A0+740%2C+L%C3%B4+VVK%2C+g%E1%BB%99p+l%C3%A0+1
BDS-MASTER-0118,khá cao cấp),"mặt tiền). Tổng doanh thu: 1.927 tỷ đồng (gồm VAT) (ii) Chi phí kinh doanh (hoạt động bán hàng): 19%/Doanh thu (P.ĐT tạm tính dựa trên việc tham khảo ý kiến của P.R&D và tính chất sản phẩm dự án khá cao cấp). 2.2 Chi phí, khá cao cấp)",6,,"[] Phòng QH đã tính toán chỉ tiêu trên cơ sở tối ưu hệ số và diện tích thương phẩm căn hộ ở theo chỉ tiêu 32 m2/dân, tăng 3.660 m2 + Tính theo chỉ tiêu 32m2/dân: 16.736 m2 = 523 dân * 32m2/dân; + Tính theo chỉ tiêu 25m2/dân: 13.075 m2 = 523 dân * 25m2/dân; Và phương án chỉ tiêu cơ bản như sau: Tầng cao: 03 tầng hầm, 32 tầng nổi, hệ số sử dụng đất: 12,8 lần Sản phẩm: Tổng 270 căn gồm 8 căn Shop TM 2 tầng và 262 căn hộ ở (Dân số 507, dư 17 dân vì ưu tiên bố trí hệ số cho Shop TM bán giá tốt hơn gi",https://www.google.com/maps/search/m%E1%BA%B7t+ti%E1%BB%81n%29.+T%E1%BB%95ng+doanh+thu%3A+1.927+t%E1%BB%B7+%C4%91%E1%BB%93ng+%28g%E1%BB%93m+VAT%29+%28ii%29+Chi+ph%C3%AD+kinh+doanh+%28ho%E1%BA%A1t+%C4%91%E1%BB%99ng+b%C3%A1n+h%C3%A0ng%29%3A+19%25%2FDoanh+thu+%28P.%C4%90T+t%E1%BA%A1m+t%C3%ADnh+d%E1%BB%B1a+tr%C3%AAn+vi%E1%BB%87c+tham+kh%E1%BA%A3o+%C3%BD+ki%E1%BA%BFn+c%E1%BB%A7a+P.R%26D+v%C3%A0+t%C3%ADnh+ch%E1%BA%A5t+s%E1%BA%A3n+ph%E1%BA%A9m+d%E1%BB%B1+%C3%A1n+kh%C3%A1+cao+c%E1%BA%A5p%29.+2.2+Chi+ph%C3%AD%2C+kh%C3%A1+cao+c%E1%BA%A5p%29
BDS-MASTER-0143,khách sạn Đông Á Premier tại Phường Lộc Thọ,"Tọa lạc ở khu vực trung tâm thành phố. Hẻm nhỏ và cụt, rộng khoảng 5m, cách mặt tiền đường Hùng Vương khoảng 50m Xung quanh dự án có nhiều tòa cao tầng, bị chắn tầm nhìn ra biển Cách bãi biển tương đối xa, khoảng 320m Ph, khách sạn Đông Á Premier tại Phường Lộc Thọ",6,2026-03-25,"[2026-03-25] Admin 01 3/25/2026 2:20 PM Ủa bữa a David có gửi bài toán kinh doanh cho Casa rồi, mình có áp lại ra hiệu quả chưa BP.ĐT báo cáo Sếp Admin 01, về dự án khách sạn Đông Á Premier tại Phường Lộc Thọ, TP Nha Trang, Tỉnh Khánh Hòa như sau: I. SƠ BỘ VỀ DỰ ÁN Vị trí: Tọa lạc ở khu vực trung tâm thành phố. Hẻm nhỏ và cụt, rộng khoảng 5m, cách mặt tiền đường Hùng Vương khoảng 50m Xung quanh dự án có nhiều tòa cao tầng, bị chắn tầm nhìn ra biển Cách bãi biển tương đối xa, khoảng 320m Pháp lý:",https://www.google.com/maps/search/T%E1%BB%8Da+l%E1%BA%A1c+%E1%BB%9F+khu+v%E1%BB%B1c+trung+t%C3%A2m+th%C3%A0nh+ph%E1%BB%91.+H%E1%BA%BBm+nh%E1%BB%8F+v%C3%A0+c%E1%BB%A5t%2C+r%E1%BB%99ng+kho%E1%BA%A3ng+5m%2C+c%C3%A1ch+m%E1%BA%B7t+ti%E1%BB%81n+%C4%91%C6%B0%E1%BB%9Dng+H%C3%B9ng+V%C6%B0%C6%A1ng+kho%E1%BA%A3ng+50m+Xung+quanh+d%E1%BB%B1+%C3%A1n+c%C3%B3+nhi%E1%BB%81u+t%C3%B2a+cao+t%E1%BA%A7ng%2C+b%E1%BB%8B+ch%E1%BA%AFn+t%E1%BA%A7m+nh%C3%ACn+ra+bi%E1%BB%83n+C%C3%A1ch+b%C3%A3i+bi%E1%BB%83n+t%C6%B0%C6%A1ng+%C4%91%E1%BB%91i+xa%2C+kho%E1%BA%A3ng+320m+Ph%2C+kh%C3%A1ch+s%E1%BA%A1n+%C4%90%C3%B4ng+%C3%81+Premier+t%E1%BA%A1i+Ph%C6%B0%E1%BB%9Dng+L%E1%BB%99c+Th%E1%BB%8D
BDS-MASTER-0145,không đạt hiệu quả tài chính với giá chào chuyển nhượng là 280 tỷ đồng (chưa bao gồm tiền CMĐSDĐ) - Để dự án đ,"https://goo.gl/maps/u7HMUhYJqdPGD9dz6 * Link hồ sơ: https://belgroupvn.sharepoint.com/:f:/s/BeeGroupCEOOffice-03.KhiuT/EtYngSxT-mdGhwMPwLcn5ssB6y44zSOy-E3U8Ny6gpGP9A?e=7lADhv Vị trí dự án: image by Thao L - INVT, không đạt hiệu quả tài chính với giá chào chuyển nhượng là 280 tỷ đồng (chưa bao gồm tiền CMĐSDĐ) - Để dự án đ",6,2022-12-14,"[2022-12-14] Thao L - INVT 12/14/2022 11:09 AM Kết luận: - Dự án không đạt hiệu quả tài chính với giá chào chuyển nhượng là 280 tỷ đồng (chưa bao gồm tiền CMĐSDĐ) - Để dự án đạt hiệu quả tài chính thì giá nhận chuyện nhượng dự án từ 204 tỷ đồng (~1,34tr/m2; IRR:20%) – 250 tỷ đồng (~1,65tr/m2; IRR:15%) chưa bao gồm tiền CMĐSDĐ.. Ghi chú: - Chỉ nhận chuyển nhượng dự án khi chủ trương đầu tư dự án được phép phân lô bán nền. - Giả định: + Chủ trương đầu tư cho phép dự án phân lô bán nền => Phải hoàn",https://www.google.com/maps/search/https%3A%2F%2Fgoo.gl%2Fmaps%2Fu7HMUhYJqdPGD9dz6+%2A+Link+h%E1%BB%93+s%C6%A1%3A+https%3A%2F%2Fbelgroupvn.sharepoint.com%2F%3Af%3A%2Fs%2FBeeGroupCEOOffice-03.KhiuT%2FEtYngSxT-mdGhwMPwLcn5ssB6y44zSOy-E3U8Ny6gpGP9A%3Fe%3D7lADhv+V%E1%BB%8B+tr%C3%AD+d%E1%BB%B1+%C3%A1n%3A+image+by+Thao+L+-+INVT%2C+kh%C3%B4ng+%C4%91%E1%BA%A1t+hi%E1%BB%87u+qu%E1%BA%A3+t%C3%A0i+ch%C3%ADnh+v%E1%BB%9Bi+gi%C3%A1+ch%C3%A0o+chuy%E1%BB%83n+nh%C6%B0%E1%BB%A3ng+l%C3%A0+280+t%E1%BB%B7+%C4%91%E1%BB%93ng+%28ch%C6%B0a+bao+g%E1%BB%93m+ti%E1%BB%81n+CM%C4%90SD%C4%90%29+-+%C4%90%E1%BB%83+d%E1%BB%B1+%C3%A1n+%C4%91
BDS-MASTER-0262,làm KCN tại huyện Nghĩa Hưng Khảo sát vị trí hiện trạng,"hiện trạng, đánh giá thực tế hiện trạng kế nối giao thông, hạ tầng... Khảo sát thị trường KCN của tỉnh và các khu vực lân cận Thời gian: 23 -25/11/2022 Nhân sự: Mr Bình – GĐ Khối Đầu tư Mr Sơn - TP. R&D Mr Huy – TP. Đầu, làm KCN tại huyện Nghĩa Hưng Khảo sát vị trí hiện trạng",6,2022-11-19,"[2022-11-19] Huy M - IM 11/19/2022 10:11 AM Sau khi đề xuất Nghiên cứu Khu Công Nghiệp tại Huyện Nghĩa Hưng – Nam Định được duyệt, K.ĐT gửi CEO Tuan Tran-CEO kế hoạch đi công tác Nam Định như sau: Nội dung: Gặp các cơ quan, ban ngành để lấy các thông tin chi tiết khu đất làm KCN tại huyện Nghĩa Hưng Khảo sát vị trí hiện trạng, đánh giá thực tế hiện trạng kế nối giao thông, hạ tầng... Khảo sát thị trường KCN của tỉnh và các khu vực lân cận Thời gian: 23 -25/11/2022 Nhân sự: Mr Bình – GĐ Khối Đầu ",https://www.google.com/maps/search/hi%E1%BB%87n+tr%E1%BA%A1ng%2C+%C4%91%C3%A1nh+gi%C3%A1+th%E1%BB%B1c+t%E1%BA%BF+hi%E1%BB%87n+tr%E1%BA%A1ng+k%E1%BA%BF+n%E1%BB%91i+giao+th%C3%B4ng%2C+h%E1%BA%A1+t%E1%BA%A7ng...+Kh%E1%BA%A3o+s%C3%A1t+th%E1%BB%8B+tr%C6%B0%E1%BB%9Dng+KCN+c%E1%BB%A7a+t%E1%BB%89nh+v%C3%A0+c%C3%A1c+khu+v%E1%BB%B1c+l%C3%A2n+c%E1%BA%ADn+Th%E1%BB%9Di+gian%3A+23+-25%2F11%2F2022+Nh%C3%A2n+s%E1%BB%B1%3A+Mr+B%C3%ACnh+%E2%80%93+G%C4%90+Kh%E1%BB%91i+%C4%90%E1%BA%A7u+t%C6%B0+Mr+S%C6%A1n+-+TP.+R%26D+Mr+Huy+%E2%80%93+TP.+%C4%90%E1%BA%A7u%2C+l%C3%A0m+KCN+t%E1%BA%A1i+huy%E1%BB%87n+Ngh%C4%A9a+H%C6%B0ng+Kh%E1%BA%A3o+s%C3%A1t+v%E1%BB%8B+tr%C3%AD+hi%E1%BB%87n+tr%E1%BA%A1ng
BDS-MASTER-0319,này image by Huy M - IM,"cụ thể của khu đất này image by Huy M - IM, này image by Huy M - IM",6,2022-09-15,[2022-09-15] Huy M - IM 9/15/2022 11:47 AM Hiện tại theo các thông tin mình tìm kiếm trên mạng thì chưa có vị trí cụ thể của khu đất này image by Huy M - IM,https://www.google.com/maps/search/c%E1%BB%A5+th%E1%BB%83+c%E1%BB%A7a+khu+%C4%91%E1%BA%A5t+n%C3%A0y+image+by+Huy+M+-+IM%2C+n%C3%A0y+image+by+Huy+M+-+IM
BDS-MASTER-0387,phân lô (,"nào 47.5tr và vị trí nào 64.8tr 1 Like reaction. Tìm hiểu bên Nhơn Trạch xem dự án phân lô (... by Unknown User, phân lô (, Nhơn Trạch",6,2023-06-22,"[2023-06-22] Tuan Tran-CEO 6/22/2023 10:42 AM Cho cụ thể, ví dụ lô E thì vị trí nào 47.5tr và vị trí nào 64.8tr 1 Like reaction. Tìm hiểu bên Nhơn Trạch xem dự án phân lô (... by Unknown User",https://www.google.com/maps/search/n%C3%A0o+47.5tr+v%C3%A0+v%E1%BB%8B+tr%C3%AD+n%C3%A0o+64.8tr+1+Like+reaction.+T%C3%ACm+hi%E1%BB%83u+b%C3%AAn+Nh%C6%A1n+Tr%E1%BA%A1ch+xem+d%E1%BB%B1+%C3%A1n+ph%C3%A2n+l%C3%B4+%28...+by+Unknown+User%2C+ph%C3%A2n+l%C3%B4+%28%2C+Nh%C6%A1n+Tr%E1%BA%A1ch
BDS-MASTER-0268,sau này chỉ có đấu thầu,"ok mà, quan trọng là giá đấu thầu như thế nào A Hiếu - PL có báo cáo hồ sơ hiện tại xong sẽ đánh giá cần thông tin gì thêm vs mình cũng phải nghiên cứu chi tiết vào phần đấu thầu. Vì bây giờ thí điểm chỉ gỡ 30% cho các h, sau này chỉ có đấu thầu",6,2025-05-25,"[2025-05-25] Unknown User 5/25/2025 4:43 PM Vị trí ok mà, quan trọng là giá đấu thầu như thế nào A Hiếu - PL có báo cáo hồ sơ hiện tại xong sẽ đánh giá cần thông tin gì thêm vs mình cũng phải nghiên cứu chi tiết vào phần đấu thầu. Vì bây giờ thí điểm chỉ gỡ 30% cho các hồ sơ hiện trạng đất chưa full ở. Thì dự án sau này chỉ có đấu thầu, đấu giá. Chứ đất full 100% ở thì ko có Nên bộ phận pháp lý mình cần nghiên cứu chi... by Huy M - IM",https://www.google.com/maps/search/ok+m%C3%A0%2C+quan+tr%E1%BB%8Dng+l%C3%A0+gi%C3%A1+%C4%91%E1%BA%A5u+th%E1%BA%A7u+nh%C6%B0+th%E1%BA%BF+n%C3%A0o+A+Hi%E1%BA%BFu+-+PL+c%C3%B3+b%C3%A1o+c%C3%A1o+h%E1%BB%93+s%C6%A1+hi%E1%BB%87n+t%E1%BA%A1i+xong+s%E1%BA%BD+%C4%91%C3%A1nh+gi%C3%A1+c%E1%BA%A7n+th%C3%B4ng+tin+g%C3%AC+th%C3%AAm+vs+m%C3%ACnh+c%C5%A9ng+ph%E1%BA%A3i+nghi%C3%AAn+c%E1%BB%A9u+chi+ti%E1%BA%BFt+v%C3%A0o+ph%E1%BA%A7n+%C4%91%E1%BA%A5u+th%E1%BA%A7u.+V%C3%AC+b%C3%A2y+gi%E1%BB%9D+th%C3%AD+%C4%91i%E1%BB%83m+ch%E1%BB%89+g%E1%BB%A1+30%25+cho+c%C3%A1c+h%2C+sau+n%C3%A0y+ch%E1%BB%89+c%C3%B3+%C4%91%E1%BA%A5u+th%E1%BA%A7u
BDS-MASTER-0203,thuộc QH hiện hữu là ô phố I82b (16,"và ranh đất 1.1ha Tây Thạnh – Google My Maps Vị trí và ranh đất 1.1ha Tây Thạnh www.google.com Message by Hanh T - INVT, thuộc QH hiện hữu là ô phố I82b (16, Tân Phú",6,,"[] P.ĐT xin báo cáo Sếp Admin 01 về sơ bộ khu đất 11.000 m2, đường Tây Thạnh, Q.Tân Phú (nguồn từ Mr.Khôi gửi - Đấu giá Sacombank, giá chào 592 tỷ đồng ~ 52,7 tr/m2 đất ở), như sau: Ví trí map Ranh đất: Thông tin theo GCN: được cấp năm 2005. + Diện tích đất: 11.221 m2. + Hình thức sử dụng sản xuất kinh doanh, + Mục đích sử dụng là đất ở, thời hạn lâu dài. Quy hoạch: Theo ý kiến của anh Tài thì khu đất thuộc QH hiện hữu là ô phố I82b (16,4ha, gồm đất giáo dục, TMDV, cây xanh, đất ở 0,49 ha). Chi ",https://www.google.com/maps/search/v%C3%A0+ranh+%C4%91%E1%BA%A5t+1.1ha+T%C3%A2y+Th%E1%BA%A1nh+%E2%80%93+Google+My+Maps+V%E1%BB%8B+tr%C3%AD+v%C3%A0+ranh+%C4%91%E1%BA%A5t+1.1ha+T%C3%A2y+Th%E1%BA%A1nh+www.google.com+Message+by+Hanh+T+-+INVT%2C+thu%E1%BB%99c+QH+hi%E1%BB%87n+h%E1%BB%AFu+l%C3%A0+%C3%B4+ph%E1%BB%91+I82b+%2816%2C+T%C3%A2n+Ph%C3%BA
BDS-MASTER-0328,trước năm 2024 đúng thật là thấy giá chung cư của HN thấy thấp hơn SG nếu nhìn vị trí có tính tương đương,"có tính tương đương. Nay giá lại vượt SG. Vẫn còn 1 sản phẩm ở HN thấy giá thấp hơn HCM nữa là giá thuê Văn Phòng. Ko biết sắp tới có bị làn sóng đẩy lên ko., trước năm 2024 đúng thật là thấy giá chung cư của HN thấy thấp hơn SG nếu nhìn vị trí có tính tương đương",6,2024-12-07,[2024-12-07] Huy M - IM 12/7/2024 1:56 PM Translate Mấy đợt đi HN khảo sát dự án trước năm 2024 đúng thật là thấy giá chung cư của HN thấy thấp hơn SG nếu nhìn vị trí có tính tương đương. Nay giá lại vượt SG. Vẫn còn 1 sản phẩm ở HN thấy giá thấp hơn HCM nữa là giá thuê Văn Phòng. Ko biết sắp tới có bị làn sóng đẩy lên ko.,https://www.google.com/maps/search/c%C3%B3+t%C3%ADnh+t%C6%B0%C6%A1ng+%C4%91%C6%B0%C6%A1ng.+Nay+gi%C3%A1+l%E1%BA%A1i+v%C6%B0%E1%BB%A3t+SG.+V%E1%BA%ABn+c%C3%B2n+1+s%E1%BA%A3n+ph%E1%BA%A9m+%E1%BB%9F+HN+th%E1%BA%A5y+gi%C3%A1+th%E1%BA%A5p+h%C6%A1n+HCM+n%E1%BB%AFa+l%C3%A0+gi%C3%A1+thu%C3%AA+V%C4%83n+Ph%C3%B2ng.+Ko+bi%E1%BA%BFt+s%E1%BA%AFp+t%E1%BB%9Bi+c%C3%B3+b%E1%BB%8B+l%C3%A0n+s%C3%B3ng+%C4%91%E1%BA%A9y+l%C3%AAn+ko.%2C+tr%C6%B0%E1%BB%9Bc+n%C4%83m+2024+%C4%91%C3%BAng+th%E1%BA%ADt+l%C3%A0+th%E1%BA%A5y+gi%C3%A1+chung+c%C6%B0+c%E1%BB%A7a+HN+th%E1%BA%A5y+th%E1%BA%A5p+h%C6%A1n+SG+n%E1%BA%BFu+nh%C3%ACn+v%E1%BB%8B+tr%C3%AD+c%C3%B3+t%C3%ADnh+t%C6%B0%C6%A1ng+%C4%91%C6%B0%C6%A1ng
BDS-MASTER-0271,tại 02 Tây Thạnh,"Mặt tiền đường Tây Thạnh (dài khoảng 65m, lòng đường 16m, vỉa hè mỗi bên 8m). Nằm trong bán kính TOD metro số 2 (chưa xác định chính xác có thuộc ranh đền bù của dự án TOD). Cập nhật sang tên cá nhân ông Phạm Công Danh t, tại 02 Tây Thạnh, Tân Phú",6,,"[] P.ĐT xin báo cáo Sếp Admin 01 về cập nhật thêm thông tin khu đất tại 02 Tây Thạnh, Tân Phú như sau: Diện tích đất : 11.221,7 m², đất ở lâu dài, mục đích sử dụng là đất sản xuất kinh doanh. Vị trí: Mặt tiền đường Tây Thạnh (dài khoảng 65m, lòng đường 16m, vỉa hè mỗi bên 8m). Nằm trong bán kính TOD metro số 2 (chưa xác định chính xác có thuộc ranh đền bù của dự án TOD). Cập nhật sang tên cá nhân ông Phạm Công Danh từ ngày 13/06/2006. Hiện Sacombank đang rao đấu giá xử lý nợ. Lịch sử các lần đưa",https://www.google.com/maps/search/M%E1%BA%B7t+ti%E1%BB%81n+%C4%91%C6%B0%E1%BB%9Dng+T%C3%A2y+Th%E1%BA%A1nh+%28d%C3%A0i+kho%E1%BA%A3ng+65m%2C+l%C3%B2ng+%C4%91%C6%B0%E1%BB%9Dng+16m%2C+v%E1%BB%89a+h%C3%A8+m%E1%BB%97i+b%C3%AAn+8m%29.+N%E1%BA%B1m+trong+b%C3%A1n+k%C3%ADnh+TOD+metro+s%E1%BB%91+2+%28ch%C6%B0a+x%C3%A1c+%C4%91%E1%BB%8Bnh+ch%C3%ADnh+x%C3%A1c+c%C3%B3+thu%E1%BB%99c+ranh+%C4%91%E1%BB%81n+b%C3%B9+c%E1%BB%A7a+d%E1%BB%B1+%C3%A1n+TOD%29.+C%E1%BA%ADp+nh%E1%BA%ADt+sang+t%C3%AAn+c%C3%A1+nh%C3%A2n+%C3%B4ng+Ph%E1%BA%A1m+C%C3%B4ng+Danh+t%2C+t%E1%BA%A1i+02+T%C3%A2y+Th%E1%BA%A1nh%2C+T%C3%A2n+Ph%C3%BA
BDS-MASTER-0080,~38ha,"và ranh đất: https://www.google.com/maps/d/edit?mid=1SAcLUqc-JTEBiY1uNXVoDUdI-a5wJd0&ll=10.002013642197713%2C105… Đường Lạc Hồng (xã Thạnh Lộc, H. Châu Thành, tỉnh Kiên Giang, nay là xã Thạnh Lộc. tỉnh An Giang). Pháp lý, ~38ha",6,,"[] Hanh T - INVT 3/6 1:23 PM Edited Translate P. Đầu tư báo cáo Sếp Admin 01 về khu đất 35ha tại Kiên Giang (thuộc Châu Thành giáp ranh TP Rạch Giá), từ công ty CKG như sau: 1. Sơ bộ về khu đất: Vị trí và ranh đất: https://www.google.com/maps/d/edit?mid=1SAcLUqc-JTEBiY1uNXVoDUdI-a5wJd0&ll=10.002013642197713%2C105… Đường Lạc Hồng (xã Thạnh Lộc, H. Châu Thành, tỉnh Kiên Giang, nay là xã Thạnh Lộc. tỉnh An Giang). Pháp lý: Tổng diện tích đất khoảng 35ha/38,8ha lập dự án, chủ yếu là đất lúa. Hiện ch",https://www.google.com/maps/search/v%C3%A0+ranh+%C4%91%E1%BA%A5t%3A+https%3A%2F%2Fwww.google.com%2Fmaps%2Fd%2Fedit%3Fmid%3D1SAcLUqc-JTEBiY1uNXVoDUdI-a5wJd0%26ll%3D10.002013642197713%252C105%E2%80%A6+%C4%90%C6%B0%E1%BB%9Dng+L%E1%BA%A1c+H%E1%BB%93ng+%28x%C3%A3+Th%E1%BA%A1nh+L%E1%BB%99c%2C+H.+Ch%C3%A2u+Th%C3%A0nh%2C+t%E1%BB%89nh+Ki%C3%AAn+Giang%2C+nay+l%C3%A0+x%C3%A3+Th%E1%BA%A1nh+L%E1%BB%99c.+t%E1%BB%89nh+An+Giang%29.+Ph%C3%A1p+l%C3%BD%2C+~38ha
BDS-MASTER-0406,đấu thầu 386ha - N,"vào số liệu chi tiết tổng mức đầu tư của từng phân khu. Trân trọng. Bản đồ không có tiêu đề - Google My Maps (IN) 2025.07.15 Cụm DA đấu thầu 386ha - N, đấu thầu 386ha - N",6,,[] Phòng xin gửi đính kèm vị trí vào số liệu chi tiết tổng mức đầu tư của từng phân khu. Trân trọng. Bản đồ không có tiêu đề - Google My Maps (IN) 2025.07.15 Cụm DA đấu thầu 386ha - N,https://www.google.com/maps/search/v%C3%A0o+s%E1%BB%91+li%E1%BB%87u+chi+ti%E1%BA%BFt+t%E1%BB%95ng+m%E1%BB%A9c+%C4%91%E1%BA%A7u+t%C6%B0+c%E1%BB%A7a+t%E1%BB%ABng+ph%C3%A2n+khu.+Tr%C3%A2n+tr%E1%BB%8Dng.+B%E1%BA%A3n+%C4%91%E1%BB%93+kh%C3%B4ng+c%C3%B3+ti%C3%AAu+%C4%91%E1%BB%81+-+Google+My+Maps+%28IN%29+2025.07.15+C%E1%BB%A5m+DA+%C4%91%E1%BA%A5u+th%E1%BA%A7u+386ha+-+N%2C+%C4%91%E1%BA%A5u+th%E1%BA%A7u+386ha+-+N
BDS-MASTER-0236,đầu tư,"3 tài sản: https://www.google.com/maps/d/edit?mid=11z_Bkaxe4GIV5AYsicAES_ivCxDZbmM&usp=sharing Vì cả 3 tài sản có vị trí gần nhau nên P.RD để xuất chung một mức giá thuê cho 3 tài sản như sau: Đề xuất giá thuê, đầu tư",6,2025-10-31,"[2025-10-31] Thanh L - INVT 10/31/2025 9:41 AM Edited Translate Kính gửi Mr Mike1 -CEO, P.ĐT báo cáo đánh giá 3 tài sản thực hiện căn hộ dịch vụ với hiệu quả dự án đầu tư như sau: Vị trí 3 tài sản: https://www.google.com/maps/d/edit?mid=11z_Bkaxe4GIV5AYsicAES_ivCxDZbmM&usp=sharing Vì cả 3 tài sản có vị trí gần nhau nên P.RD để xuất chung một mức giá thuê cho 3 tài sản như sau: Đề xuất giá thuê",https://www.google.com/maps/search/3+t%C3%A0i+s%E1%BA%A3n%3A+https%3A%2F%2Fwww.google.com%2Fmaps%2Fd%2Fedit%3Fmid%3D11z_Bkaxe4GIV5AYsicAES_ivCxDZbmM%26usp%3Dsharing+V%C3%AC+c%E1%BA%A3+3+t%C3%A0i+s%E1%BA%A3n+c%C3%B3+v%E1%BB%8B+tr%C3%AD+g%E1%BA%A7n+nhau+n%C3%AAn+P.RD+%C4%91%E1%BB%83+xu%E1%BA%A5t+chung+m%E1%BB%99t+m%E1%BB%A9c+gi%C3%A1+thu%C3%AA+cho+3+t%C3%A0i+s%E1%BA%A3n+nh%C6%B0+sau%3A+%C4%90%E1%BB%81+xu%E1%BA%A5t+gi%C3%A1+thu%C3%AA%2C+%C4%91%E1%BA%A7u+t%C6%B0
BDS-MASTER-0333,ạ! Về phần diện tích đất cũng same same với nh,"đẹp nhất của Aqua là Harbor 1 và Đảo Phượng Hoàng cũng chỉ có dòng Biệt thự song lập chứ ko phải Biệt thự đơn lập, vì vậy giá trị dòng Biệt thự song lập mới có giá cao hơn Về Swan Bay những vị trí đẹp nhất, đắt giá nhất, ạ! Về phần diện tích đất cũng same same với nh",6,2023-06-07,"[2023-06-07] Sinh Nguyen-Dau Tu 6/7/2023 10:31 AM Về tổng quan về sản phẩm của Nova, Nova do phân nhiều sản phẩm nên dòng sản phẩm chủ đạo của bên Aqua City là Biệt thự Song Lập chứ ko phải là Biệt thự đơn lập, Vị trí đẹp nhất của Aqua là Harbor 1 và Đảo Phượng Hoàng cũng chỉ có dòng Biệt thự song lập chứ ko phải Biệt thự đơn lập, vì vậy giá trị dòng Biệt thự song lập mới có giá cao hơn Về Swan Bay những vị trí đẹp nhất, đắt giá nhất họ bố trí Dinh thự và Biệt thự đơn lập => Giá Biệt thự song lậ",https://www.google.com/maps/search/%C4%91%E1%BA%B9p+nh%E1%BA%A5t+c%E1%BB%A7a+Aqua+l%C3%A0+Harbor+1+v%C3%A0+%C4%90%E1%BA%A3o+Ph%C6%B0%E1%BB%A3ng+Ho%C3%A0ng+c%C5%A9ng+ch%E1%BB%89+c%C3%B3+d%C3%B2ng+Bi%E1%BB%87t+th%E1%BB%B1+song+l%E1%BA%ADp+ch%E1%BB%A9+ko+ph%E1%BA%A3i+Bi%E1%BB%87t+th%E1%BB%B1+%C4%91%C6%A1n+l%E1%BA%ADp%2C+v%C3%AC+v%E1%BA%ADy+gi%C3%A1+tr%E1%BB%8B+d%C3%B2ng+Bi%E1%BB%87t+th%E1%BB%B1+song+l%E1%BA%ADp+m%E1%BB%9Bi+c%C3%B3+gi%C3%A1+cao+h%C6%A1n+V%E1%BB%81+Swan+Bay+nh%E1%BB%AFng+v%E1%BB%8B+tr%C3%AD+%C4%91%E1%BA%B9p+nh%E1%BA%A5t%2C+%C4%91%E1%BA%AFt+gi%C3%A1+nh%E1%BA%A5t%2C+%E1%BA%A1%21+V%E1%BB%81+ph%E1%BA%A7n+di%E1%BB%87n+t%C3%ADch+%C4%91%E1%BA%A5t+c%C5%A9ng+same+same+v%E1%BB%9Bi+nh
BDS-MASTER-0411,ở vị trí khác nên phương án kinh doanh đưa lên không còn chính xác,"của Lô đất ở vị trí khác nên phương án kinh doanh đưa lên không còn chính xác. Lúc đó báo cáo cáo lại thì Sếp chốt thôi loại Lô B11 ra không nghiên cứu tiếp à. Check lại nha by Unknown User, ở vị trí khác nên phương án kinh doanh đưa lên không còn chính xác",6,2025-09-23,[2025-09-23] Huy M - IM 9/23/2025 11:15 AM Translate Tuy nhiên lúc này tính cho fs lô B11 thì anh Cường có nhằm vị trí của Lô đất ở vị trí khác nên phương án kinh doanh đưa lên không còn chính xác. Lúc đó báo cáo cáo lại thì Sếp chốt thôi loại Lô B11 ra không nghiên cứu tiếp à. Check lại nha by Unknown User,https://www.google.com/maps/search/c%E1%BB%A7a+L%C3%B4+%C4%91%E1%BA%A5t+%E1%BB%9F+v%E1%BB%8B+tr%C3%AD+kh%C3%A1c+n%C3%AAn+ph%C6%B0%C6%A1ng+%C3%A1n+kinh+doanh+%C4%91%C6%B0a+l%C3%AAn+kh%C3%B4ng+c%C3%B2n+ch%C3%ADnh+x%C3%A1c.+L%C3%BAc+%C4%91%C3%B3+b%C3%A1o+c%C3%A1o+c%C3%A1o+l%E1%BA%A1i+th%C3%AC+S%E1%BA%BFp+ch%E1%BB%91t+th%C3%B4i+lo%E1%BA%A1i+L%C3%B4+B11+ra+kh%C3%B4ng+nghi%C3%AAn+c%E1%BB%A9u+ti%E1%BA%BFp+%C3%A0.+Check+l%E1%BA%A1i+nha+by+Unknown+User%2C+%E1%BB%9F+v%E1%BB%8B+tr%C3%AD+kh%C3%A1c+n%C3%AAn+ph%C6%B0%C6%A1ng+%C3%A1n+kinh+doanh+%C4%91%C6%B0a+l%C3%AAn+kh%C3%B4ng+c%C3%B2n+ch%C3%ADnh+x%C3%A1c
BDS-MASTER-0334,📷 2,"VÀ RANH ĐẤT 2 LÔ ĐẤT: Vị trí theo đường link: Vị Trí Dự án 📷 2. THÔNG SỐ QUY HOẠCH Trên cơ sở… PA gộp 2 miến VVK nhé Sếp, 📷 2",6,,[] P.ĐT báo cáo Sếp Admin 01 về phương án gộp 2 lô Võ Văn Kiệt ~ diện tích 4.600 m2 như sau: 1. VỊ TRÍ VÀ RANH ĐẤT 2 LÔ ĐẤT: Vị trí theo đường link: Vị Trí Dự án 📷 2. THÔNG SỐ QUY HOẠCH Trên cơ sở… PA gộp 2 miến VVK nhé Sếp,https://www.google.com/maps/search/V%C3%80+RANH+%C4%90%E1%BA%A4T+2+L%C3%94+%C4%90%E1%BA%A4T%3A+V%E1%BB%8B+tr%C3%AD+theo+%C4%91%C6%B0%E1%BB%9Dng+link%3A+V%E1%BB%8B+Tr%C3%AD+D%E1%BB%B1+%C3%A1n+%F0%9F%93%B7+2.+TH%C3%94NG+S%E1%BB%90+QUY+HO%E1%BA%A0CH+Tr%C3%AAn+c%C6%A1+s%E1%BB%9F%E2%80%A6+PA+g%E1%BB%99p+2+mi%E1%BA%BFn+VVK+nh%C3%A9+S%E1%BA%BFp%2C+%F0%9F%93%B7+2
BDS-MASTER-0070,1ha Sơn Trà,"1ha Sơn Trà, Đà Nẵng",5,2025-09-29,"[2025-09-29] Thanh L - INVT 9/29/2025 12:13 PM Translate Kính gửi Sếp Mr Mike1 -CEO, P.ĐT báo cáo cập nhật hiệu quả đầu tư dự án 1ha Sơn Trà, Đà Nẵng như sau: Thông tin Quy hoạch: + Diện tích đất: 10.063m2 + Hệ số sử dụng đất: 11.94 + Tổng diện tích sàn (bao gồm hầm, tầng kỹ thuật): 162.271m2 + Diện tích thương phẩm căn hộ: 74.619m2 (khoảng 915 căn hộ) + Số lượng phòng khách sạn: 175 phòng Hiệu quả dự án phần Căn hộ Tổng doanh thu căn hộ chưa VAT là: 6.763 tỷ đồng (Đơn giá giá căn hộ bao gồm VAT",https://www.google.com/maps/search/1ha+S%C6%A1n+Tr%C3%A0%2C+%C4%90%C3%A0+N%E1%BA%B5ng
BDS-MASTER-0097,2769m2 Hoàng Sa Đà Nẵng (chưa bao gồm TSDĐ bổ sung),"2769m2 Hoàng Sa Đà Nẵng (chưa bao gồm TSDĐ bổ sung), Đà Nẵng",5,2025-06-05,[2025-06-05] Thao L - INVT 6/5/2025 5:47 PM Edited Translate K.ĐT báo cáo anh Mr Mike1 -CEO về dự án 2769m2 Hoàng Sa Đà Nẵng (chưa bao gồm TSDĐ bổ sung) như sau: 1. THÔNG SỐ QUY HOẠCH 2. TIẾN ĐỘ XÂY DỰNG - BÁN HÀNG - VẬN HÀNH 3. DOANH THU a. Bán hàng – RD đề xuất - Đơn giá bán căn hộ trung bình tại thời điểm cuối 2026 (gồm VAT): 70tr/m2 ~ 770 tỷ b. Vận hành – Mr. David đề xuất - Đơn giá thuê khách sạn/đêm tại thời điểm 2026 (chưa VAT): 2.05tr/phòng/đêm - Đơn giá thuê khách sạn/đêm tại thời điểm ,https://www.google.com/maps/search/2769m2+Ho%C3%A0ng+Sa+%C4%90%C3%A0+N%E1%BA%B5ng+%28ch%C6%B0a+bao+g%E1%BB%93m+TSD%C4%90+b%E1%BB%95+sung%29%2C+%C4%90%C3%A0+N%E1%BA%B5ng
BDS-MASTER-0098,2769m2 tại Đà Nẵng,"2769m2 tại Đà Nẵng, Đà Nẵng",5,2022-08-03,"[2022-08-03] Trieu Nguyen-PTDT 8/3/2022 4:45 PM KĐT gửi anh Tuan Tran-CEO báo cáo dự án 2769m2 tại Đà Nẵng: Pháp lý đất: Giấy CNQSDĐ 2769m2 đất ODT, thời hạn lâu dài, có nguồn gốc đấu giá, nhà nước giao đất có thu tiền sử dụng đất Pháp lý đầu tư: Với mục đích giữ đất và thời hạn sử dụng đất lâu dài => Căn cứ Nghị định 31/2021 hướng dẫn Luật Đầu tư, Phòng Pháp lý đề xuất không lập dự án và không xin chấp thuận chủ trương đầu tư mà thực hiện để cá nhân đứng tên GCNQSDĐ và cho một pháp nhân thuê để",https://www.google.com/maps/search/2769m2+t%E1%BA%A1i+%C4%90%C3%A0+N%E1%BA%B5ng%2C+%C4%90%C3%A0+N%E1%BA%B5ng
BDS-MASTER-0209,386 ha là 84,"386 ha là 84, Nhơn Trạch, Đồng Nai",5,2025-07-15,"[2025-07-15] Hanh T - INVT 7/15/2025 6:20 PM Edited Translate P. ĐT báo cáo Sếp Mr Mike1 -CEO về sơ bộ tổng mức đầu tư cụm DA đấu thầu tại Nhơn Trạch, Đồng Nai như sau: Cụm DA Đấu thầu có tổng diện tích 386 ha gồm có 04 phân khu: PK3 (80 ha), PK4 (92ha), PK5 (129 ha), PK6 (85ha). Mỗi phân khu theo QH gồm có đất ở cao tầng và đất thấp tầng (Nhà liên kế và Biệt thự). Dựa trên thông số chỉ tiêu QH anh Tài gửi, P.ĐT tính sơ bộ tổng mức đầu tư cụm dự án 386 ha là 84.900 tỷ đồng ~ 220 tỷ đồng/ 1ha (gi",https://www.google.com/maps/search/386+ha+l%C3%A0+84%2C+Nh%C6%A1n+Tr%E1%BA%A1ch%2C+%C4%90%E1%BB%93ng+Nai
BDS-MASTER-0278,50ha ở Vĩnh Yên,"50ha ở Vĩnh Yên, Vĩnh Phúc",5,2024-12-16,"[2024-12-16] Thoi L - ASST. 12/16/2024 5:17 PM Translate ""UBND tỉnh Vĩnh Phúc và Tập đoàn Vingroup sẽ ký kết hợp tác toàn diện Xúc tiến, thu hút đầu tư, liên kết hợp tác hỗ trợ doanh nghiệp, thúc đẩy chuyển đổi xanh, phát triển bền vững. Ngày 23/11/2024, UBND tỉnh Vĩnh Phúc sẽ phối hợp với Tập đoàn Vingroup tổ chức Hội nghị “Chuyển đổi xanh - nhận thức và hành động vì một tương lai Vĩnh Phúc phát triển bền vững” --> Để phát triển đại DA về BĐS nhà ở và KCN, các đơn vị lớn thường có 1 bộ phận: Xú",https://www.google.com/maps/search/50ha+%E1%BB%9F+V%C4%A9nh+Y%C3%AAn%2C+V%C4%A9nh+Ph%C3%BAc
BDS-MASTER-0348,NOXH của Công ty Ba Huân,"Đường Thế Lữ, xã Tân Nhựt, Bình Chánh, HCM Map: https://www.google.com/maps/d/edit?mid=1p-2wMqsZAnTQXubtXx7Lse6Sq-8rC64&usp=sharing, NOXH của Công ty Ba Huân",5,,"[] P.ĐT báo cáo Sếp Mr Mike1 -CEO về 2 dự án NOXH của Công ty Ba Huân như sau: Đối với dự án NOXH xã Tân Nhựt, Bình Chánh Vị trí: Đường Thế Lữ, xã Tân Nhựt, Bình Chánh, HCM Map: https://www.google.com/maps/d/edit?mid=1p-2wMqsZAnTQXubtXx7Lse6Sq-8rC64&usp=sharing",https://www.google.com/maps/search/%C4%90%C6%B0%E1%BB%9Dng+Th%E1%BA%BF+L%E1%BB%AF%2C+x%C3%A3+T%C3%A2n+Nh%E1%BB%B1t%2C+B%C3%ACnh+Ch%C3%A1nh%2C+HCM+Map%3A+https%3A%2F%2Fwww.google.com%2Fmaps%2Fd%2Fedit%3Fmid%3D1p-2wMqsZAnTQXubtXx7Lse6Sq-8rC64%26usp%3Dsharing%2C+NOXH+c%E1%BB%A7a+C%C3%B4ng+ty+Ba+Hu%C3%A2n
BDS-MASTER-0221,THEO PHƯƠNG ÁN KINH DOANH ANH CƯỜNG – TMĐT Ko bao gồm ĐẤT Kết quả kinh doanh – PA vận hành 15 năm + GOP bình q,"THEO PHƯƠNG ÁN KINH DOANH ANH CƯỜNG – TMĐT Ko bao gồm ĐẤT Kết quả kinh doanh – PA vận hành 15 năm + GOP bình q, Đà Nẵng",5,2025-10-07,[] Phòng đầu tư trích thêm các chi phí sau: phí quản lý 4%/Rev; Phí nâng cấp cải tạo 2%/Rev mỗi năm trích vào năm 7 và 2%/Rev mỗi năm trích vào năm 15. Diện tích đất: 1.381 m2 thời gian sử dụng 50 năm đến 17/03/2061 Đơn giá đất tạm tính: 350 triệu/m2 Tổng mức đầu tư ko bao gồm đất: 656 tỷ đồng bao gồm VAT và lãi vay Tổng mức đầu tư bao gồm đất: 1.148 tỷ đồng bao gồm VAT 2/ Hiệu quả tài chính dự án THEO PHƯƠNG ÁN KINH DOANH ANH CƯỜNG – TMĐT Ko bao gồm ĐẤT Kết quả kinh doanh – PA vận hành 15 năm +,https://www.google.com/maps/search/THEO+PH%C6%AF%C6%A0NG+%C3%81N+KINH+DOANH+ANH+C%C6%AF%E1%BB%9CNG+%E2%80%93+TM%C4%90T+Ko+bao+g%E1%BB%93m+%C4%90%E1%BA%A4T+K%E1%BA%BFt+qu%E1%BA%A3+kinh+doanh+%E2%80%93+PA+v%E1%BA%ADn+h%C3%A0nh+15+n%C4%83m+%2B+GOP+b%C3%ACnh+q%2C+%C4%90%C3%A0+N%E1%BA%B5ng
BDS-MASTER-0164,Thanh Đa,"Thanh Đa, Quận 1, TP.HCM",5,2025-07-16,"[2025-07-16] Binh D - CVDT 7/16/2025 7:01 PM Edited Translate Kính gửi Sếp Mr Mike1 -CEO, P.ĐT báo cáo định giá 6 tài sản như sau: 1.Tài sản 69 Võ Văn Tần, Phường Võ Thị Sáu, Quận 1, TP.HCM + Diện tích đất: 718.4 m2 (Chưa có GCN) + Diện tích xây dựng: nhà biệt thự, diện tích sàn khoảng 1118.3 m2 + Đơn giá đất ở định giá: 705 triệu/m2 đất + Giá trị định giá không bao gồm công trình hiện hữu: 506.5 tỷ Ghi chú: + Vì chưa xác định được mục đích sử dụng đất nên P.ĐT định giá dựa trên giả định toàn bộ",https://www.google.com/maps/search/Thanh+%C4%90a%2C+Qu%E1%BA%ADn+1%2C+TP.HCM
BDS-MASTER-0166,Văn phòng tại khu đất 72-74 Võ Thị Sáu,"Văn phòng tại khu đất 72-74 Võ Thị Sáu, Quận 1, Hồ Chí Minh",5,2024-01-03,"[2024-01-03] Thao L - INVT 1/3/2024 9:11 AM K.ĐT báo cáo anh Tuan Tran-CEO dự án Văn phòng tại khu đất 72-74 Võ Thị Sáu, phường Tân Định, Quận 1. Khu đất nằm trên đường Võ Thị Sáu, phía tay mặt, đối diện Công viên Lê Văn Tám có tổng diện tích 2157.7m2 với giá chào bán là 1350 tỷ, tương đương 625.6tr/m2 như sau: Pháp lý đất: GCNQSDĐ với tổng diện tích là 2157.7 m2. Mục đích sử dụng: Đất ở tại đô thị. Thời hạn: Lâu dài. Pháp lý đầu tư: chưa có. Pháp lý quy hoạch: - Theo văn bản 4793/QD-UBND của UB",https://www.google.com/maps/search/V%C4%83n+ph%C3%B2ng+t%E1%BA%A1i+khu+%C4%91%E1%BA%A5t+72-74+V%C3%B5+Th%E1%BB%8B+S%C3%A1u%2C+Qu%E1%BA%ADn+1%2C+H%E1%BB%93+Ch%C3%AD+Minh
BDS-MASTER-0140,cao tầng tại Trung tâm Quận 9 (TPHCM) với quy mô 3,"cao tầng tại Trung tâm Quận 9 (TPHCM) với quy mô 3, Quận 9, TPHCM",5,2026-07-02,"[2026-07-02] Dung N - DCEO 7/2/2026 1:59 PM Báo cáo Sếp Admin 01 và các anh: hiện nay Tập đoàn Gamudaland (Malaysia) đang nghiên cứu M&A một dự án cao tầng tại Trung tâm Quận 9 (TPHCM) với quy mô 3,1 ha, Hệ số SDĐ : 8,0; Dân số 3,000 dân, Tổng số căn hộ: 1,240 căn. Dự án đã được GPMB 100%, đã đưa đất vào công ty, đã được duyệt danh sách 171. Tổng giá trị M&A dự kiến khoảng 3,600 tỷ, bên CĐT cũ sẽ nắm giữ 20% cổ phần, GamudaLand đang tìm đối tác để hợp tác phần 80% còn lại (dự kiến Gamudaland nắm",https://www.google.com/maps/search/cao+t%E1%BA%A7ng+t%E1%BA%A1i+Trung+t%C3%A2m+Qu%E1%BA%ADn+9+%28TPHCM%29+v%E1%BB%9Bi+quy+m%C3%B4+3%2C+Qu%E1%BA%ADn+9%2C+TPHCM
BDS-MASTER-0224,có vị trí gần với Fenica và Phú Gia Khiêm,"và nguồn cung khu vực. (đính kèm dưới) Cụ thể, dự án có vị trí gần với Fenica và Phú Gia Khiêm. Đây là khu vực có mật độ dân số và tốc độ đô thi hóa cao. Xung quanh tập trung nhiều nhà xưởng, nhà máy, KCN và các dự án ca, có vị trí gần với Fenica và Phú Gia Khiêm",5,,"[] P.ĐT đã chuẩn bị file file đánh giá sơ bộ vị trí và nguồn cung khu vực. (đính kèm dưới) Cụ thể, dự án có vị trí gần với Fenica và Phú Gia Khiêm. Đây là khu vực có mật độ dân số và tốc độ đô thi hóa cao. Xung quanh tập trung nhiều nhà xưởng, nhà máy, KCN và các dự án cao tầng. Nguồn cung khu vực tính bán kính 4km từ tâm dự án là ~ 10k căn hộ. Do đó mức độ cạnh tranh trong tương lai khoảng 2-3 năm tới là tương đối cao. Bên cạnh đó dự án còn có hơn 500 căn officetel, một sản phẩm mới đang được h",https://www.google.com/maps/search/v%C3%A0+ngu%E1%BB%93n+cung+khu+v%E1%BB%B1c.+%28%C4%91%C3%ADnh+k%C3%A8m+d%C6%B0%E1%BB%9Bi%29+C%E1%BB%A5+th%E1%BB%83%2C+d%E1%BB%B1+%C3%A1n+c%C3%B3+v%E1%BB%8B+tr%C3%AD+g%E1%BA%A7n+v%E1%BB%9Bi+Fenica+v%C3%A0+Ph%C3%BA+Gia+Khi%C3%AAm.+%C4%90%C3%A2y+l%C3%A0+khu+v%E1%BB%B1c+c%C3%B3+m%E1%BA%ADt+%C4%91%E1%BB%99+d%C3%A2n+s%E1%BB%91+v%C3%A0+t%E1%BB%91c+%C4%91%E1%BB%99+%C4%91%C3%B4+thi+h%C3%B3a+cao.+Xung+quanh+t%E1%BA%ADp+trung+nhi%E1%BB%81u+nh%C3%A0+x%C6%B0%E1%BB%9Fng%2C+nh%C3%A0+m%C3%A1y%2C+KCN+v%C3%A0+c%C3%A1c+d%E1%BB%B1+%C3%A1n+ca%2C+c%C3%B3+v%E1%BB%8B+tr%C3%AD+g%E1%BA%A7n+v%E1%BB%9Bi+Fenica+v%C3%A0+Ph%C3%BA+Gia+Khi%C3%AAm
BDS-MASTER-0302,cảng tổng hợp và container Cái Mép Hạ được đề xuất đầu tư với tổng vốn 50,"cảng tổng hợp và container Cái Mép Hạ được đề xuất đầu tư với tổng vốn 50, Bà Rịa - Vũng Tàu- Dự án cảng tổng hợp và container Cái Mép Hạ được đề xuất đầu tư với tổng vốn 50",5,2024-06-03,"[2024-06-03] Huy M - IM 6/3/2024 9:16 AM https://vnexpress.net/de-xuat-dau-tu-sieu-cang-cai-mep-ha-don-tau-bien-lon-nhat-the-gioi-4753385.html Đề xuất đầu tư 'siêu cảng' Cái Mép Hạ đón tàu biển lớn nhất thế giới Bà Rịa - Vũng Tàu- Dự án cảng tổng hợp và container Cái Mép Hạ được đề xuất đầu tư với tổng vốn 50.820 tỷ đồng, quy mô 351 ha, có thể đón các tàu biển lớn nhất thế giới. vnexpress.net --- [2024-06-03] Huy M - IM 6/3/2024 9:16 AM https://vnexpress.net/de-xuat-dau-tu-sieu-cang-cai-mep-ha-d",https://www.google.com/maps/search/c%E1%BA%A3ng+t%E1%BB%95ng+h%E1%BB%A3p+v%C3%A0+container+C%C3%A1i+M%C3%A9p+H%E1%BA%A1+%C4%91%C6%B0%E1%BB%A3c+%C4%91%E1%BB%81+xu%E1%BA%A5t+%C4%91%E1%BA%A7u+t%C6%B0+v%E1%BB%9Bi+t%E1%BB%95ng+v%E1%BB%91n+50%2C+B%C3%A0+R%E1%BB%8Ba+-+V%C5%A9ng+T%C3%A0u-+D%E1%BB%B1+%C3%A1n+c%E1%BA%A3ng+t%E1%BB%95ng+h%E1%BB%A3p+v%C3%A0+container+C%C3%A1i+M%C3%A9p+H%E1%BA%A1+%C4%91%C6%B0%E1%BB%A3c+%C4%91%E1%BB%81+xu%E1%BA%A5t+%C4%91%E1%BA%A7u+t%C6%B0+v%E1%BB%9Bi+t%E1%BB%95ng+v%E1%BB%91n+50
BDS-MASTER-0261,là KCN,"dự án. Có một số đánh giá như sau: 1. Về vị trí: Thuộc trung tâm hành chính mới xã Nhơn Trạch, vị trí cửa ngõ sân bay Long Thành. Xung quanh dự án là KCN, dự án đã triển khai và quy hoạch nhiều dự án nhà ở phát triển tro, là KCN, Nhơn Trạch",5,,"[] P.ĐT sau khi nghiên cứu hồ sơ pháp lý, vị trí dự án. Có một số đánh giá như sau: 1. Về vị trí: Thuộc trung tâm hành chính mới xã Nhơn Trạch, vị trí cửa ngõ sân bay Long Thành. Xung quanh dự án là KCN, dự án đã triển khai và quy hoạch nhiều dự án nhà ở phát triển trong tương lai. 2. Về quy mô: Quy mô và cơ cấu sản phẩm theo 1/500 được duyệt, bao gồm: STT Chức năng Diện tích (m2) Số lượng căn (căn) Tỷ lệ (%) 1 Đất ở 55,825 61% Đất xây dựng chung cư 18,830 1 Block cao 15 tầng, 1 Block cao 22 tần",https://www.google.com/maps/search/d%E1%BB%B1+%C3%A1n.+C%C3%B3+m%E1%BB%99t+s%E1%BB%91+%C4%91%C3%A1nh+gi%C3%A1+nh%C6%B0+sau%3A+1.+V%E1%BB%81+v%E1%BB%8B+tr%C3%AD%3A+Thu%E1%BB%99c+trung+t%C3%A2m+h%C3%A0nh+ch%C3%ADnh+m%E1%BB%9Bi+x%C3%A3+Nh%C6%A1n+Tr%E1%BA%A1ch%2C+v%E1%BB%8B+tr%C3%AD+c%E1%BB%ADa+ng%C3%B5+s%C3%A2n+bay+Long+Th%C3%A0nh.+Xung+quanh+d%E1%BB%B1+%C3%A1n+l%C3%A0+KCN%2C+d%E1%BB%B1+%C3%A1n+%C4%91%C3%A3+tri%E1%BB%83n+khai+v%C3%A0+quy+ho%E1%BA%A1ch+nhi%E1%BB%81u+d%E1%BB%B1+%C3%A1n+nh%C3%A0+%E1%BB%9F+ph%C3%A1t+tri%E1%BB%83n+tro%2C+l%C3%A0+KCN%2C+Nh%C6%A1n+Tr%E1%BA%A1ch
BDS-MASTER-0321,phân lô bán nền (không xây nhà) giá rẻ ở Nhơn Trạch,"phân lô bán nền (không xây nhà) giá rẻ ở Nhơn Trạch, TP. Thủ Đức, Đồng Nai",5,2023-07-03,"[2023-07-03] Sinh Nguyen-Dau Tu 7/3/2023 3:17 PM K.ĐT (kết hợp P.R&D) gửi báo cáo anh Tuan Tran-CEO về khảo sát giá mặt tiền các trục đường chính - phía đông TP. Thủ Đức và các dự án phân lô bán nền (không xây nhà) giá rẻ ở Nhơn Trạch, T.Đồng Nai như sau: A/ Khảo sát giá mặt tiền các trục đường chính - phía đông TP. Thủ Đức (Quận 9): Nhận xét về thị trường: Đơn giá rao bán đất dựa trên cơ sở: Diện tích đất ưu tiên <200m² Giá giảm sâu khoảng 15-20% so với năm ngoái đối với những tài sản bị vướng ",https://www.google.com/maps/search/ph%C3%A2n+l%C3%B4+b%C3%A1n+n%E1%BB%81n+%28kh%C3%B4ng+x%C3%A2y+nh%C3%A0%29+gi%C3%A1+r%E1%BA%BB+%E1%BB%9F+Nh%C6%A1n+Tr%E1%BA%A1ch%2C+TP.+Th%E1%BB%A7+%C4%90%E1%BB%A9c%2C+%C4%90%E1%BB%93ng+Nai
BDS-MASTER-0390,quy mô trên 1000 ha trước khi Nova bị mất thanh khoản định xúc tiến ở Bà Rịa,"quy mô trên 1000 ha trước khi Nova bị mất thanh khoản định xúc tiến ở Bà Rịa, Bà Rịa",5,2024-12-16,"[2024-12-16] Huy M - IM 12/16/2024 8:56 PM Translate Các dự án quy mô trên 1000 ha trước khi Nova bị mất thanh khoản định xúc tiến ở Bà Rịa, Phú Yên, Bình Định đều phải đấu thầu Begin quote, Huy Mai-PTDT , 12/16/2024 8:56... by Unknown User --- [2024-12-16] Huy M - IM 12/16/2024 8:56 PM Các dự án quy mô trên 1000 ha trước khi Nova bị mất thanh khoản định xúc tiến ở Bà Rịa, Phú… Nghiên cứu xem đấu như thế nào anh. Đấu xong rồi giải phóng mb như thế nào Kêu mng nghiên cứu đi by Unknown User",https://www.google.com/maps/search/quy+m%C3%B4+tr%C3%AAn+1000+ha+tr%C6%B0%E1%BB%9Bc+khi+Nova+b%E1%BB%8B+m%E1%BA%A5t+thanh+kho%E1%BA%A3n+%C4%91%E1%BB%8Bnh+x%C3%BAc+ti%E1%BA%BFn+%E1%BB%9F+B%C3%A0+R%E1%BB%8Ba%2C+B%C3%A0+R%E1%BB%8Ba
BDS-MASTER-0119,Đông Trung,"Đông Trung, Bình Dương",5,2022-11-02,"[2022-11-02] Trieu Nguyen-PTDT 11/2/2022 6:28 PM KĐT gửi anh Tuan Tran-CEO báo cáo đánh giá dự án Đông Trung, Bình Dương, cụ thể: Pháp lý đất: Quy mô đất 4.6ha đã đền bù cho dân Pháp lý đầu tư: - Đã có chủ trương đầu tư là nhà phố thấp tầng cho tổng quy mô 12ha - UBND có văn bản trả lời chấp thuận điều chỉnh chủ trương từ toàn bộ đất ở thấp tầng -> đất ở cao tầng và nhà phố thấp tầng, và điều chỉnh giảm quy mô dự án từ 12ha xuống còn 4.6ha Pháp lý quy hoạch: - Đã có QH 1.500 cho tổng quy mô 12ha",https://www.google.com/maps/search/%C4%90%C3%B4ng+Trung%2C+B%C3%ACnh+D%C6%B0%C6%A1ng
BDS-MASTER-0234,đã có sổ riêng từng nền,"đề xuất đầu tư sẽ tiệm cận giá hiện hữu tại khu vực Quận 9 nên mức, đã có sổ riêng từng nền, Quận 9",5,,"[] Phòng Đầu tư và R&D gửi anh Tuan Tran-CEO đề xuất đầu tư khu vực giữa Quận 9 và Nhơn Trạch như sau: 1/ Cơ sở đề xuất: 1.1/ Phát triển cơ sở hạ tầng a/ Quận 9: Tuyến Metro số 1 (dự kiến hoàn thành cuối năm 2023 và đi vào hoạt động năm 2024) Tuyến Vành đai 2 sẽ được tháo gỡ khó khăn để tái khởi động trong thời gian tới Tuyến đường Vành đai 3 (đã bàn giao gần 92% mặt bằng để thực hiện dự án, dự kiến thông xe vào cuối năm 2025) Mở rộng tuyến đường cao tốc Long Thành – Dầu Giây (đoạn từ nút giao A",https://www.google.com/maps/search/%C4%91%E1%BB%81+xu%E1%BA%A5t+%C4%91%E1%BA%A7u+t%C6%B0+s%E1%BA%BD+ti%E1%BB%87m+c%E1%BA%ADn+gi%C3%A1+hi%E1%BB%87n+h%E1%BB%AFu+t%E1%BA%A1i+khu+v%E1%BB%B1c+Qu%E1%BA%ADn+9+n%C3%AAn+m%E1%BB%A9c%2C+%C4%91%C3%A3+c%C3%B3+s%E1%BB%95+ri%C3%AAng+t%E1%BB%ABng+n%E1%BB%81n%2C+Qu%E1%BA%ADn+9
BDS-MASTER-0235,đã và đang thực hiện trên BCTC,"trụ sở: 2W Ung Văn Khiêm, P.25, Bình Thạnh, HCM Thị giá cổ phiếu ngày 12/05/2025: 16.300 đồng/cổ phiếu Số lượng cổ phiếu đang lưu hành: 870.849.983 cổ phiếu B. Các giả định trong bài tính Trong giá trị hàng tồn kho bao g, đã và đang thực hiện trên BCTC",5,,"[] Báo cáo anh Mr Mike1 -CEO, P.ĐT báo cáo tóm tắt định giá lại Công ty DXG: Áp dụng phương pháp định giá tài sản ròng bằng việc xác định lại giá trị của các dự án/quỹ đất của DXG được ghi nhận trên BCTC. P.ĐT thông tin thêm, việc trình bày thông tin các dự án đã và đang thực hiện trên BCTC, báo cáo thường niên, báo cáo bạch… DXG có phần hạn chế hơn so với DIG, HDC nên trong quá trình thực hiện định giá, P.ĐT luôn thận trọng khi định giá lại các dự án để làm cơ sở ước tính giá trị cổ phiếu DXG h",https://www.google.com/maps/search/tr%E1%BB%A5+s%E1%BB%9F%3A+2W+Ung+V%C4%83n+Khi%C3%AAm%2C+P.25%2C+B%C3%ACnh+Th%E1%BA%A1nh%2C+HCM+Th%E1%BB%8B+gi%C3%A1+c%E1%BB%95+phi%E1%BA%BFu+ng%C3%A0y+12%2F05%2F2025%3A+16.300+%C4%91%E1%BB%93ng%2Fc%E1%BB%95+phi%E1%BA%BFu+S%E1%BB%91+l%C6%B0%E1%BB%A3ng+c%E1%BB%95+phi%E1%BA%BFu+%C4%91ang+l%C6%B0u+h%C3%A0nh%3A+870.849.983+c%E1%BB%95+phi%E1%BA%BFu+B.+C%C3%A1c+gi%E1%BA%A3+%C4%91%E1%BB%8Bnh+trong+b%C3%A0i+t%C3%ADnh+Trong+gi%C3%A1+tr%E1%BB%8B+h%C3%A0ng+t%E1%BB%93n+kho+bao+g%2C+%C4%91%C3%A3+v%C3%A0+%C4%91ang+th%E1%BB%B1c+hi%E1%BB%87n+tr%C3%AAn+BCTC
BDS-MASTER-0273,đấu thầu tại Nhơn Trạch,"đấu thầu tại Nhơn Trạch, Nhơn Trạch, Đồng Nai",5,2025-07-15,"[2025-07-15] Hanh T - INVT 7/15/2025 6:20 PM Edited Translate P. ĐT báo cáo Sếp Mr Mike1 -CEO về sơ bộ tổng mức đầu tư cụm DA đấu thầu tại Nhơn Trạch, Đồng Nai như sau: Cụm DA Đấu thầu có tổng diện tích 386 ha gồm có 04 phân khu: PK3 (80 ha), PK4 (92ha), PK5 (129 ha), PK6 (85ha). Mỗi phân khu theo QH gồm có đất ở cao tầng và đất thấp tầng (Nhà --- [2025-07-15] Hanh T - INVT 7/15/2025 6:20 PM Edited Translate P. ĐT báo cáo Sếp Mr Mike1 -CEO về sơ bộ tổng mức đầu tư cụm DA đấu thầu tại Nhơn Trạch,",https://www.google.com/maps/search/%C4%91%E1%BA%A5u+th%E1%BA%A7u+t%E1%BA%A1i+Nh%C6%A1n+Tr%E1%BA%A1ch%2C+Nh%C6%A1n+Tr%E1%BA%A1ch%2C+%C4%90%E1%BB%93ng+Nai
BDS-MASTER-0408,định giá Link vị trí,"6 khu đất định giá Link vị trí:https://www.google.com/maps/d/edit?mid=1Yy94Bk_zJc1qdBIr51K9nl1FJ6GMm1g&usp=sharing Các khu đất định giá 2025.07.15_BAO CAO DINH GIA TAI SAN fn.pdf 2025.07.15_BAO CAO DINH GIA TAI SAN fn 1., định giá Link vị trí",5,,[] Phòng xin gửi đính kèm vị trí 6 khu đất định giá Link vị trí:https://www.google.com/maps/d/edit?mid=1Yy94Bk_zJc1qdBIr51K9nl1FJ6GMm1g&usp=sharing Các khu đất định giá 2025.07.15_BAO CAO DINH GIA TAI SAN fn.pdf 2025.07.15_BAO CAO DINH GIA TAI SAN fn 1.pdf Các khu đất định giá www.google.com,https://www.google.com/maps/search/6+khu+%C4%91%E1%BA%A5t+%C4%91%E1%BB%8Bnh+gi%C3%A1+Link+v%E1%BB%8B+tr%C3%AD%3Ahttps%3A%2F%2Fwww.google.com%2Fmaps%2Fd%2Fedit%3Fmid%3D1Yy94Bk_zJc1qdBIr51K9nl1FJ6GMm1g%26usp%3Dsharing+C%C3%A1c+khu+%C4%91%E1%BA%A5t+%C4%91%E1%BB%8Bnh+gi%C3%A1+2025.07.15_BAO+CAO+DINH+GIA+TAI+SAN+fn.pdf+2025.07.15_BAO+CAO+DINH+GIA+TAI+SAN+fn+1.%2C+%C4%91%E1%BB%8Bnh+gi%C3%A1+Link+v%E1%BB%8B+tr%C3%AD
BDS-MASTER-0121,(FS),"(FS), TPHCM",4,,"[] Phòng Đầu tư tính lại (có tham khảo anh Tài) Diện tích đất: 25.045,10 m2 (phù hợp quy hoạch) Diện tích đất: 25.045,10 m2 (phù hợp quy hoạch) Hệ số sử dụng đất: 10 lần Hệ số sử dụng đất: 7,2 lần Số tầng: 35 tầng (2 hầm, 2 tầng Shop TM, 2 tầng để xe nổi, 31 tầng căn hộ ở) Số tầng: 20 tầng (1 hầm, 2 tầng Shop TM, 2 tầng để xe nổi, 16 tầng căn hộ ở) Dân số: 3.411 dân Dân số: 3.411 dân Theo Quy hoạch PK thì hệ số là 10 lần, dân số 3.411 người. Tuy nhiên, qua tham khảo ý kiến từ phòng QH thì khu vự",https://www.google.com/maps/search/%28FS%29%2C+TPHCM
BDS-MASTER-0412,12ha đủ lớn để có thể địn hướng triển khai tiện ích cảnh quan,"12ha đủ lớn để có thể địn hướng triển khai tiện ích cảnh quan, Hồ Chí Minh",4,,"[] Dạ nếu tính theo ranh địa lý hành chính cũ thì khu vực này vẫn thuộc Hồ Chí Minh ạ Sở dĩ giá bán này là vì team cũng đã cân nhắc về quy mô dự án 12ha đủ lớn để có thể địn hướng triển khai tiện ích cảnh quan, mảng xanh, cải tạo công viên bờ kênh, xây thêm cầu kết nối, yếu tố thời gian và những ý tưởng về các tiện ích mà dự án có thể mang lại cho cư dân.",https://www.google.com/maps/search/12ha+%C4%91%E1%BB%A7+l%E1%BB%9Bn+%C4%91%E1%BB%83+c%C3%B3+th%E1%BB%83+%C4%91%E1%BB%8Bn+h%C6%B0%E1%BB%9Bng+tri%E1%BB%83n+khai+ti%E1%BB%87n+%C3%ADch+c%E1%BA%A3nh+quan%2C+H%E1%BB%93+Ch%C3%AD+Minh
BDS-MASTER-0210,43ha - Dự án Tân phú,"43ha - Dự án Tân phú, Tân phú, Bình Dương",4,,"[] P.ĐT gửi anh Admin 01 tóm tắt PL sơ bộ của dự án 43ha - Dự án Tân phú, Bình Dương (Kim Oanh) như sau: Link: Công ty Kim Oanh liên quan gì đến vụ án 43ha “đất vàng” tại Bình Dương? Đối tác đang chào bán 13tr/m2 cho 43 ha (5,600 tỷ) ~ 30tr/m2 đất ở thương phẩm (theo 1/500 dự kiến đối tác đề xuất) và giá chào này theo hiện trạng dự án, không bao gồm TSDĐ và việc gỡ các vấn đề PL nêu trên => Đề xuất: Không nghiên cứu dự án này Công ty Kim Oanh liên quan gì đến vụ án 43ha “đất vàng” tại Bình Dương",https://www.google.com/maps/search/43ha+-+D%E1%BB%B1+%C3%A1n+T%C3%A2n+ph%C3%BA%2C+T%C3%A2n+ph%C3%BA%2C+B%C3%ACnh+D%C6%B0%C6%A1ng
BDS-MASTER-0279,53ha Đà Nẵng),"53ha Đà Nẵng), Đà Nẵng",4,,"[] P.ĐT báo cáo Sếp Mr Mike1 -CEO về việc tìm hiểu, nghiên cứu NĂNG LỰC nhà đầu tư tham gia đấu thầu (lấy ví dụ dự án 53ha Đà Nẵng) như sau: NGHIÊN CỨU SƠ BỘ NĂNG LỰC NHÀ ĐẦU TƯ KHI THAM GIA ĐẤU THẦU DỰ ÁN : Dựa trên các văn bản quy phạm pháp luật về Đất Đai, về Đấu Thầu, cụ thể là NĐ 115/2024/NĐ-CP hướng dẫn Luật Đấu thầu về lựa chọn nhà đầu tư, P.ĐT tìm hiểu và tóm tắt lại sơ bộ yêu cầu năng lực nhà đầu tư cho dự án 50 ha như sau: Sơ bộ tổng mức đầu tư dự án khoảng: 15.000 tỷ đồng (~300 tỷ đồn",https://www.google.com/maps/search/53ha+%C4%90%C3%A0+N%E1%BA%B5ng%29%2C+%C4%90%C3%A0+N%E1%BA%B5ng
BDS-MASTER-0182,53ha đấu thầu tại đường Thăng Long,"53ha đấu thầu tại đường Thăng Long, Đà Nẵng",4,,"[] P.ĐT báo cáo Sếp Mr Mike1 -CEO về dự án 53ha đấu thầu tại đường Thăng Long, Sông Cẩm Lệ, TP Đà Nẵng như sau: 1/CƠ CẤU ĐẤT HIỆN TRẠNG: Tổng diện tích khu đất 53ha, trong đó: => Đất nhà nước quản lý (không phải bồi thường) chiếm tỷ trọng lớn 64%, đất lúa 29% thuận lợi trong công tác đền bù giải phóng mặt bằng và chi phí Bồi thường thấp. 2/CƠ CẤU ĐẤT THEO QUY HOẠCH 1/2000: Theo QH Phân khu hiện hữu thì DA có tỷ lệ đất ở rất thấp chỉ ~ 30%, sau khi dành ra đất NOXH thì đất NOTM chỉ còn 24%, đất t",https://www.google.com/maps/search/53ha+%C4%91%E1%BA%A5u+th%E1%BA%A7u+t%E1%BA%A1i+%C4%91%C6%B0%E1%BB%9Dng+Th%C4%83ng+Long%2C+%C4%90%C3%A0+N%E1%BA%B5ng
BDS-MASTER-0416,Aeon Mall hơn 6,"Aeon Mall hơn 6, Biên Hòa, Đồng Nai",4,2025-04-11,[2025-04-11] Huy M - IM 4/11/2025 5:03 PM https://vnexpress.net/dong-nai-khoi-cong-du-an-aeon-mall-hon-6-000-ty-dong-4837704.html Đồng Nai khởi công dự án Aeon Mall hơn 6.000 tỷ đồng Trung tâm thương mại Aeon Mall Biên Hòa khởi công sáng nay giữa trung tâm cù lao Hiệp Hòa với vốn đầu tư hơn 6.000 tỷ đồng. vnexpress.net Link https://znews.vn/hien-trang-khu-dat-su... by Huy M - IM,https://www.google.com/maps/search/Aeon+Mall+h%C6%A1n+6%2C+Bi%C3%AAn+H%C3%B2a%2C+%C4%90%E1%BB%93ng+Nai
BDS-MASTER-0240,Aqua city của Novaland đã được tháo gỡ vướng mắc về pháp lý,"Aqua city của Novaland đã được tháo gỡ vướng mắc về pháp lý, Đồng Nai",4,2024-11-19,"[2024-11-19] Huy M - IM 11/19/2024 4:46 PM https://baochinhphu.vn/du-an-aqua-city-cua-novaland-da-duoc-thao-go-vuong-mac-ve-phap-ly-tang-toc-hoan-thien-102241119142532239.htm?fbclid=IwZXh0bgNhZW0CMTEAAR3dpj9CESGsYbb-GGuf9O8_zb6itlLFsKE1gx4hCtVPHhoRwR81MKxeWys_aem_GwwUfoJyHqW-pxmcY32DWg Dự án Aqua city của Novaland đã được tháo gỡ vướng mắc về pháp lý, tăng tốc hoàn thiện (Chinhphu.vn) - Ngày 19/11, Chủ tịch UBND Tỉnh Đồng Nai Võ Tấn Đức đã ký Quyết định số 3479 chính thức phê duyệt điều chỉnh cụ",https://www.google.com/maps/search/Aqua+city+c%E1%BB%A7a+Novaland+%C4%91%C3%A3+%C4%91%C6%B0%E1%BB%A3c+th%C3%A1o+g%E1%BB%A1+v%C6%B0%E1%BB%9Bng+m%E1%BA%AFc+v%E1%BB%81+ph%C3%A1p+l%C3%BD%2C+%C4%90%E1%BB%93ng+Nai
BDS-MASTER-0104,Bãi Kèo Phú Quốc,"Bãi Kèo Phú Quốc, Phú Quốc",4,,"[] P.ĐT gửi anh Admin 01 báo cáo về dự án Bào Kèo, Phú Quốc, PA12A - 5,000 dân số; 2,269 căn hộ với mục đích chào bán toàn dự án như sau: I. THÔNG SỐ VỀ PHƯƠNG ÁN 12A: PA12A: Khai thác tối đa quỹ đất: 2.269 căn hộ, cao 40 tầng, HSSDĐ toàn khu 5.7 lần, tổng dân số 5,000 người. => PA12A tăng thêm 768 căn hộ và 1,469 người so với PA10 (1.501 căn hộ, cao 35 tầng, HSSDĐ toàn khu 4.4 lần, tổng dân số 3,531 người) II. GIẢ ĐỊNH TÍNH: 1. Điều kiện tiên quyết: Phải hoàn thành việc giải phóng mặt bằng. 2. ",https://www.google.com/maps/search/B%C3%A3i+K%C3%A8o+Ph%C3%BA+Qu%E1%BB%91c%2C+Ph%C3%BA+Qu%E1%BB%91c
BDS-MASTER-0419,Felecia,"Felecia, Đà Nẵng",4,2025-06-28,"[2025-06-28] Thao L - INVT 6/28/2025 5:17 PM K.ĐT báo cáo anh Mr Mike1 -CEO về dự án Felecia, Đà Nẵng với phương án 100% là Vốn chủ… Ebitda ở đay là số như thế nào EBITDA được tính bằng cách lấy tổng doanh t... by Thao L - INVT",https://www.google.com/maps/search/Felecia%2C+%C4%90%C3%A0+N%E1%BA%B5ng
BDS-MASTER-0212,Holiday Beach tại Đà Nẵng đánh giá nhanh phương án vận hành khách sạn tạm thời trong thời gian ngắn,"Holiday Beach tại Đà Nẵng đánh giá nhanh phương án vận hành khách sạn tạm thời trong thời gian ngắn, Đà Nẵng",4,2024-09-14,"[2024-09-14] Unknown User 9/14/2024 11:54 AM P.Đầu tư gửi anh Mr Mike1 -CEO Bảng tính toán hiệu quả dự án Holiday Beach tại Đà Nẵng đánh giá nhanh phương án vận hành khách sạn tạm thời trong thời gian ngắn: 1/ Các giả định trong bảng tính: + Doanh thu và chi phí hoạt động được căn cứ theo phương án kinh doanh của Mr. Cường – GM 📷 + … Phương án tạm tính bài toán đầu tư của HB 2 à K.ĐT báo cáo anh Mr Mike1 -CEO về thị... by Thao L - INVT, has an attachment. --- [2024-09-14] Trieu Nguyen-PTDT 9/14/",https://www.google.com/maps/search/Holiday+Beach+t%E1%BA%A1i+%C4%90%C3%A0+N%E1%BA%B5ng+%C4%91%C3%A1nh+gi%C3%A1+nhanh+ph%C6%B0%C6%A1ng+%C3%A1n+v%E1%BA%ADn+h%C3%A0nh+kh%C3%A1ch+s%E1%BA%A1n+t%E1%BA%A1m+th%E1%BB%9Di+trong+th%E1%BB%9Di+gian+ng%E1%BA%AFn%2C+%C4%90%C3%A0+N%E1%BA%B5ng
BDS-MASTER-0244,Hoàng Cát Center,"Hoàng Cát Center, Bình Dương",4,2024-10-16,"[2024-10-16] Thao L - INVT 10/16/2024 2:30 PM Translate KĐT báo cáo anh Mr Mike1 -CEO về dự án Hoàng Cát Center, cập nhật bổ sung như sau: I. TIỀN CHUYỂN MỤC ĐÍCH SỬ DỤNG ĐẤT 1. Thời điểm tính tiền sử dụng đất: 2022 Quyết định 230/QĐ-UBND ngày 19/01/2022 do UBND tỉnh Bình Dương ban hành Về việc cho phép chuyển mục đích sử dụng đất để thự hiện dự án Hoàng Cát Center => Theo như Luật đất đai 2024, thời điểm định giá tính tiền sử dụng đất là thời điểm cho phép chuyển mục đích sử dụng đất => Tiền sử",https://www.google.com/maps/search/Ho%C3%A0ng+C%C3%A1t+Center%2C+B%C3%ACnh+D%C6%B0%C6%A1ng
BDS-MASTER-0160,KDC An Tôn theo 02 phương án quy hoạch,"KDC An Tôn theo 02 phương án quy hoạch, Đà Lạt",4,,"[] P.ĐT báo cáo Sếp Admin 01 về hiệu quả dự án KDC An Tôn theo 02 phương án quy hoạch như sau: I. QUY HOẠCH 02 PHƯƠNG ÁN PA 1: Xây dựng NOXH 6 tầng (391 căn), 122 NLK (nhà liên kế) và 111 NBT (nhà biệt thự). PA 2 : Chuyển đổi quỹ đất NOXH -> NLK và NBT, gồm 134 NLK (tăng thêm 12 căn) và 165 NBT (tăng 54 căn). Lý do có PA 2: Tối ưu hóa quỹ đất, tăng giá trị thương mại cho toàn dự án. Nội dung PA1 NOXH (Chung cư), Nhà LK, BT PA2 Chuyển NOXH -> Nhà LK, BT Ghi Chú NOXH 391 căn NOXH 0 căn NOXH, +54 N",https://www.google.com/maps/search/KDC+An+T%C3%B4n+theo+02+ph%C6%B0%C6%A1ng+%C3%A1n+quy+ho%E1%BA%A1ch%2C+%C4%90%C3%A0+L%E1%BA%A1t
BDS-MASTER-0491,Minh Ngọc,"Minh Ngọc, Quận 3, Hồ Chí Minh",4,2022-09-19,"[] Báo cáo DA Minh Ngọc, CMT8, Q3.pdf 10°47'12.2""N 106°40'02.0""E · 588/c2 Đ. Cách Mạng Tháng 8, Phường 11, Quận 3, Thành phố Hồ Chí Minh 760000, Vietnam 588/c2 Đ. Cách Mạng Tháng 8, Phường 11, Quận 3, Thành phố Hồ Chí Minh 760000, Vietnam goo.gl",https://www.google.com/maps/search/Minh+Ng%E1%BB%8Dc%2C+Qu%E1%BA%ADn+3%2C+H%E1%BB%93+Ch%C3%AD+Minh
BDS-MASTER-0219,Phú Gia Khiêm,"Phú Gia Khiêm, Bình Dương",4,2024-09-18,"[2024-09-18] Trieu Nguyen-PTDT 9/18/2024 11:38 AM Translate Em gửi anh Mr Mike1 -CEO bảng so sánh mức giá vốn dự án Phú Gia Khiêm. Với mức giá chuyển nhượng 700 tỷ thì dự án đạt hiệu quả theo chỉ tiêu Lợi nhuận trước thuế / Tổng mức đầu tư đạt 20% Diễn giải từng cái ra nha. A ko xem hình đc by Unknown User --- [2024-09-17] Trieu Nguyen-PTDT 9/17/2024 3:56 PM Edited Translate KĐT gửi anh Mr Mike1 -CEO báo cáo cập nhật hiệu quả dự án Phú Gia Khiêm, Thuận An, Bình Dương được tính toán theo giá chuy",https://www.google.com/maps/search/Ph%C3%BA+Gia+Khi%C3%AAm%2C+B%C3%ACnh+D%C6%B0%C6%A1ng
BDS-MASTER-0291,Phú Gia Khiêm về việc điều chỉnh chỉ tiêu dân số,"Phú Gia Khiêm về việc điều chỉnh chỉ tiêu dân số, TP.HCM",4,,"[] P.ĐT gửi anh Mr Mike1 -CEO cập nhật sau Cuộc họp dự án Phú Gia Khiêm về việc điều chỉnh chỉ tiêu dân số như sau: - Chỉ tiêu dân số của dự án PGK đang được tính: 3.973 dân, trong đó: + Dân số căn hộ ở: 3.500 dân + Dân số officetel: 473 dân - Chỉ tiêu dân số của dự án PGK dự kiến điều chỉnh: 3.67… Thao L - INVT Hi Thảo; PLDA cập nhật chốt xin giữ dân số cho PGK là 3800. Đầu tư trao đổi với QH và PLDA để nắm tt thêm; Các PA điều chỉnh cơ cấu sản phẩm sau này cũng dễ hơn. Begin quote, Thoi L - AS",https://www.google.com/maps/search/Ph%C3%BA+Gia+Khi%C3%AAm+v%E1%BB%81+vi%E1%BB%87c+%C4%91i%E1%BB%81u+ch%E1%BB%89nh+ch%E1%BB%89+ti%C3%AAu+d%C3%A2n+s%E1%BB%91%2C+TP.HCM
BDS-MASTER-0355,THTT,"THTT, đà nẵng",4,2025-03-05,"[2025-03-05] Thoi L - ASST. 3/5/2025 4:04 PM Translate Quyết định phê duyệt phương án đấu giá QSDĐ Khu công cộng, dịch vụ ĐT tại dự án THTT, giải trí và thương mại tại Phường hòa Xuân , Q Cẩm lệ, TP đà nẵng. Gửi team đầu tư thông tin và tư vấn CEO nhé. QĐ 418 Phe duyet PADDG Khu Cong cong, DVĐT tại dự án THTT, GTTM tại P Hòa Xuân. 1.pdf Begin quote, Thoi -Tro Ly GD , 3/5/2025 4:0... by Huy M - IM",https://www.google.com/maps/search/THTT%2C+%C4%91%C3%A0+n%E1%BA%B5ng
BDS-MASTER-0357,Võ Văn Kiệt,"Võ Văn Kiệt, Đà Nẵng",4,,"[] P.ĐT báo cáo Sếp Mr Mike1 -CEO về dự án Võ Văn Kiệt, Đà Nẵng như sau: 1. THÔNG SỐ QUY HOẠCH Trên cơ sở thông số chỉ tiêu cho khu đất tại Võ Văn Kiệt: Diện tích đất: 2.013,5 m2 Dân số: 523 dân (32m2/dân) (theo anh Hiếu cập nhật ngày 17/6/2025) MĐXD: 60% Tầng cao: 38 tầng Hệ số sử dụng đất: 12,8 lần --- [] P.ĐT báo cáo Sếp Mr Mike1 -CEO về dự án Võ Văn Kiệt, Đà Nẵng như sau: 1. THÔNG SỐ QUY HOẠCH Trên cơ sở thông số chỉ tiêu cho khu đất tại Võ Văn Kiệt: Diện t",https://www.google.com/maps/search/V%C3%B5+V%C4%83n+Ki%E1%BB%87t%2C+%C4%90%C3%A0+N%E1%BA%B5ng
BDS-MASTER-0139,Văn phòng – An Phú,"Văn phòng – An Phú, TP. Thủ Đức, Hồ Chí Minh",4,,"[] P.ĐT xin báo cáo sếp Admin 01 về dự án Văn phòng – An Phú, mặt tiền đường Mai Chí Thọ, phường An Phú, TP. Thủ Đức (Quận 2 cũ), TP.Hồ Chí Minh như sau: 1/ Pháp lý: Do dự án đã hết hạn chấp thuận chủ trương đầu tư từ năm 2010, nên sẽ có khả năng vướng các vấn đề sau: Gia hạn chấp thuận chủ trương đầu tư: Khó gia hạn do phải rà soát lại pháp lý (bị chồng chéo), quy hoạch và năng lực chủ đầu tư. Chưa hoàn thành nghĩa vụ tài chính: Khó xác định đầy đủ nghĩa vụ, có thể bị truy thu và phát sinh chi ",https://www.google.com/maps/search/V%C4%83n+ph%C3%B2ng+%E2%80%93+An+Ph%C3%BA%2C+TP.+Th%E1%BB%A7+%C4%90%E1%BB%A9c%2C+H%E1%BB%93+Ch%C3%AD+Minh
BDS-MASTER-0358,chung cư Hòa Xuân,"chung cư Hòa Xuân, Đà Nẵng",4,2024-09-27,"[2024-09-27] Thao L - INVT 9/27/2024 11:17 AM Translate K.ĐT báo cáo anh Mr Mike1 -CEO về Dự án chung cư Hòa Xuân, Cẩm Lệ, Đà Nẵng: lô A2-3 và A2-4 như sau: 1.",https://www.google.com/maps/search/chung+c%C6%B0+H%C3%B2a+Xu%C3%A2n%2C+%C4%90%C3%A0+N%E1%BA%B5ng
BDS-MASTER-0254,chung cư Việt An,"chung cư Việt An, Thuận Giao, Bình Dương",4,2024-12-06,"[2024-12-06] Unknown User 12/6/2024 8:11 AM Nhờ a Nghiệp check ply a P. ĐT báo cáo CEO Mr Mike1 -CEO về dự án chung cư Việt An, Thuận Giao Bình Dương sau khi phòng PLDA rà soát lại. Theo quy định hiện hành thì dự án vẫn không đáp ứng đủ điều kiện về pháp lý để thực hiện dự án do các vướng mắc đã nêu trong báo cáo đã gửi. Nếu thực hiện tiếp sẽ phải qua thầu đầu hoặc thực hiện thí điểm. Tuy nhiên việc này sẽ tốn nhiều nguồn lực và thời gian kéo dài kèm theo rủi ro pháp lý... Ý kiến kết luận của P.",https://www.google.com/maps/search/chung+c%C6%B0+Vi%E1%BB%87t+An%2C+Thu%E1%BA%ADn+Giao%2C+B%C3%ACnh+D%C6%B0%C6%A1ng
BDS-MASTER-0359,chung cư nhiều nhưng số lượng dự án và thị trường thì thấy Đà Nẵng có vẻ sôi động hơn à Nhưng condotel ở Đà Nẵ,"chung cư nhiều nhưng số lượng dự án và thị trường thì thấy Đà Nẵng có vẻ sôi động hơn à Nhưng condotel ở Đà Nẵ, Đà Nẵng",4,2024-10-25,[2024-10-25] Huy M - IM 10/25/2024 10:42 AM Translate Nha Trang thời gian vừa rồi mình cũng không nghiên cứu dự án chung cư nhiều nhưng số lượng dự án và thị trường thì thấy Đà Nẵng có vẻ sôi động hơn à Nhưng condotel ở Đà Nẵng thì giờ đang khá x... by Huy M - IM,https://www.google.com/maps/search/chung+c%C6%B0+nhi%E1%BB%81u+nh%C6%B0ng+s%E1%BB%91+l%C6%B0%E1%BB%A3ng+d%E1%BB%B1+%C3%A1n+v%C3%A0+th%E1%BB%8B+tr%C6%B0%E1%BB%9Dng+th%C3%AC+th%E1%BA%A5y+%C4%90%C3%A0+N%E1%BA%B5ng+c%C3%B3+v%E1%BA%BB+s%C3%B4i+%C4%91%E1%BB%99ng+h%C6%A1n+%C3%A0+Nh%C6%B0ng+condotel+%E1%BB%9F+%C4%90%C3%A0+N%E1%BA%B5%2C+%C4%90%C3%A0+N%E1%BA%B5ng
BDS-MASTER-0225,căn hộ Đức Long Western Park Dự án Đức Long Western Park tại quận Bình Tân,"căn hộ Đức Long Western Park Dự án Đức Long Western Park tại quận Bình Tân, TP.HCM",4,2025-04-03,"[2025-04-03] Huy M - IM 4/3/2025 2:45 PM Translate Các vướng mắc của dự án căn hộ Đức Long Western Park Dự án Đức Long Western Park tại quận Bình Tân, TP.HCM do Công ty CP Đầu tư Kinh doanh Bất động sản Đức Long Gia Lai (Đức Long Gia Lai Land) làm chủ đầu tư đã gặp phải nhiều vấn đề pháp lý và tranh chấp với khách hàng. Dưới đây là chi tiết các vướng mắc chính: 1. Pháp lý chưa hoàn thiện Dự án chưa được cấp phép xây dựng, chưa phê duyệt tổng mặt bằng chi tiết tỷ lệ 1/500, chưa nghiệm thu cơ sở h",https://www.google.com/maps/search/c%C4%83n+h%E1%BB%99+%C4%90%E1%BB%A9c+Long+Western+Park+D%E1%BB%B1+%C3%A1n+%C4%90%E1%BB%A9c+Long+Western+Park+t%E1%BA%A1i+qu%E1%BA%ADn+B%C3%ACnh+T%C3%A2n%2C+TP.HCM
BDS-MASTER-0305,du lịch sinh thái nghỉ dưỡng giải trí núi Chứa Chan với giá khoảng 1,"du lịch sinh thái nghỉ dưỡng giải trí núi Chứa Chan với giá khoảng 1, Đồng Nai",4,2025-07-31,"[2025-07-31] Mr Mike1 -CEO 7/31/2025 7:58 AM https://m.cafef.vn/dong-nai-tinh-thu-gan-7000-ty-tu-3-khu-dat-dau-gia-188250731071055431.chn Đồng Nai tính thu gần 7.000 tỷ từ 3 khu đất đấu giá Tỉnh Đồng Nai sẽ đưa ra đấu giá khu đất làm dự án du lịch sinh thái nghỉ dưỡng giải trí núi Chứa Chan với giá khoảng 1.165 tỷ đồng, dự án trung tâm thương mại dịch vụ và dân cư theo quy hoạch hơn 7... m.cafef.vn 22/8 này đấu giá rồi kìa by Unknown User",https://www.google.com/maps/search/du+l%E1%BB%8Bch+sinh+th%C3%A1i+ngh%E1%BB%89+d%C6%B0%E1%BB%A1ng+gi%E1%BA%A3i+tr%C3%AD+n%C3%BAi+Ch%E1%BB%A9a+Chan+v%E1%BB%9Bi+gi%C3%A1+kho%E1%BA%A3ng+1%2C+%C4%90%E1%BB%93ng+Nai
BDS-MASTER-0444,gần 11,"gần 11, Long An",4,2025-03-16,"[2025-03-16] Thoi L - ASST. 3/16/2025 9:18 AM https://m.cafef.vn/coteccons-chuan-bi-lam-du-an-gan-11000-ty-tai-long-an-188250313133524045.chn Coteccons chuẩn bị làm dự án gần 11.000 tỷ tại Long An Mới đây, Liên danh BEHS - Covestcons vừa được chấp thuận đầu tư dự án Khu Dân cư kết hợp thương mại dịch vụ Thanh Phú tại xã Thanh Phú, huyện Bến Lức, tỉnh Long An với số vốn là hơn 10.662 tỷ đồng,... m.cafef.vn Begin quote, Thao Le-PTDT , 3/14/2025 6:05 ... by Unknown User",https://www.google.com/maps/search/g%E1%BA%A7n+11%2C+Long+An
BDS-MASTER-0447,hơn 72,"hơn 72, Biên Hòa, Đồng Nai",4,2025-04-11,"[2025-04-11] Huy M - IM 4/11/2025 5:04 PM https://znews.vn/hien-trang-khu-dat-sun-group-lam-du-an-hon-72000-ty-dong-o-cu-lao-pho-post1508093.html Hiện trạng khu đất Sun Group làm dự án hơn 72.000 tỷ đồng ở Cù lao Phố - Kinh doanh - ZNEWS.VN Liên danh 5 nhà đầu tư trong đó có Sun Group được UBND tỉnh Đồng Nai chấp thuận thực hiện ""siêu"" dự án Khu đô thị Hiệp Hòa hơn 72.000 tỷ đồng tại Cù lao Phố (TP Biên Hòa). znews.vn À cái cù lao tân vạn này là của TTC mà by Unknown User",https://www.google.com/maps/search/h%C6%A1n+72%2C+Bi%C3%AAn+H%C3%B2a%2C+%C4%90%E1%BB%93ng+Nai
BDS-MASTER-0197,là 300 tỷ * Giải thích hệ số sử dụng đất càng cao (từ 3,"là 300 tỷ * Giải thích hệ số sử dụng đất càng cao (từ 3, TP.HCM",4,,"[] Phòng ĐT báo cáo anh Mr Mike1 -CEO về độ nhạy lợi nhuận trước thuế / Tổng mức đầu tư giữa đơn giá đóng tiền sử dụng đất và hệ số sử dụng đất toàn khu của dự án 1,6ha Phan Văn Hớn như sau: * Bảng độ nhạy lợi nhuận trước thuế / Tổng mức đầu tư giữa đơn giá đóng tiền sử dụng đất và hệ số sử dụng đất toàn khu, khi chi phí chuyển nhượng dự án là 300 tỷ * Giải thích hệ số sử dụng đất càng cao (từ 3,73 đến 8) nhưng đơn giá đóng tiền sử dụng đất lại giảm, vì trong bài toán thặng dư theo hướng dẫn các",https://www.google.com/maps/search/l%C3%A0+300+t%E1%BB%B7+%2A+Gi%E1%BA%A3i+th%C3%ADch+h%E1%BB%87+s%E1%BB%91+s%E1%BB%AD+d%E1%BB%A5ng+%C4%91%E1%BA%A5t+c%C3%A0ng+cao+%28t%E1%BB%AB+3%2C+TP.HCM
BDS-MASTER-0229,là tính khả thi của công tác giải phóng mặt bằng khi diện tích nhà dân nằm xen cài nhiều trong ranh đất dự án,"là tính khả thi của công tác giải phóng mặt bằng khi diện tích nhà dân nằm xen cài nhiều trong ranh đất dự án, Vĩnh Phúc",4,2023-06-23,"[2023-06-23] Unknown User 6/23/2023 9:51 AM Này giờ xin chủ trương để đó 10-15 năm sau làm có vẻ ổn nhỉ, chứ giờ mà làm thì lỗ chết Đối với KCN Liễu Sơn - Thái Hoà 1 đã được Thủ tướng bổ sung vào quy hoạch KCN tỉnh Vĩnh Phúc từ năm 2009 (đã 14 năm). Có QH 1.2000 từ nằm 2013 (đã 10 năm). Vấn đề khó khăn nhất của dự án là tính khả thi của công tác giải phóng mặt bằng khi diện tích nhà dân nằm xen cài nhiều trong ranh đất dự án nên dù đã có các pháp lý để thực hiện nhưng 10 – 14 năm nay có thể vì v",https://www.google.com/maps/search/l%C3%A0+t%C3%ADnh+kh%E1%BA%A3+thi+c%E1%BB%A7a+c%C3%B4ng+t%C3%A1c+gi%E1%BA%A3i+ph%C3%B3ng+m%E1%BA%B7t+b%E1%BA%B1ng+khi+di%E1%BB%87n+t%C3%ADch+nh%C3%A0+d%C3%A2n+n%E1%BA%B1m+xen+c%C3%A0i+nhi%E1%BB%81u+trong+ranh+%C4%91%E1%BA%A5t+d%E1%BB%B1+%C3%A1n%2C+V%C4%A9nh+Ph%C3%BAc
BDS-MASTER-0375,lớn xảy ra sai phạm nghiêm trọng trong quản lý đất đai của tỉnh Đồng Nai,"lớn xảy ra sai phạm nghiêm trọng trong quản lý đất đai của tỉnh Đồng Nai, Đồng Nai",4,2023-07-07,[2023-07-07] Huy M - IM 7/7/2023 11:17 AM K. ĐT gửi CEO Tuan Tran-CEO tóm tắt các kết luận của Uỷ Ban Kiểm tra Trung ương ngày 14/06/2023 liên quan đến 3 dự án lớn xảy ra sai phạm nghiêm trọng trong quản lý đất đai của tỉnh Đồng Nai: Khu dân cư Phú Thịnh - Long Tân (tên thương mại: Swan Park); Khu đô thị du lịch sinh thái Đại Phước (tên thương mại: Swan Bay) Khu đô thị du lịch Sơn Tiên; Nguồn: https://ubkttw.vn/danh-muc/nghien-cuu-trao-doi/vi-pham-nguyen-tac-tap-trung-dan-chu-dan-den-sai-pham-ng,https://www.google.com/maps/search/l%E1%BB%9Bn+x%E1%BA%A3y+ra+sai+ph%E1%BA%A1m+nghi%C3%AAm+tr%E1%BB%8Dng+trong+qu%E1%BA%A3n+l%C3%BD+%C4%91%E1%BA%A5t+%C4%91ai+c%E1%BB%A7a+t%E1%BB%89nh+%C4%90%E1%BB%93ng+Nai%2C+%C4%90%E1%BB%93ng+Nai
BDS-MASTER-0314,mình khảo sát ở kcn Vĩnh Phúc khi bay flycam thì thấy hiện trạng là đất lúa xen kẽ nhiều nhà dân và có các đồi,"mình khảo sát ở kcn Vĩnh Phúc khi bay flycam thì thấy hiện trạng là đất lúa xen kẽ nhiều nhà dân và có các đồi, Vĩnh Phúc",4,2023-06-16,[2023-06-16] Huy M - IM 6/16/2023 9:22 PM Đối với hiện trạng dự án mình khảo sát ở kcn Vĩnh Phúc khi bay flycam thì thấy hiện trạng là đất lúa xen kẽ nhiều nhà dân và có các đồi cao Lúc đi vẫn chưa có thông tin cao độ về dự á... by Huy M - IM,https://www.google.com/maps/search/m%C3%ACnh+kh%E1%BA%A3o+s%C3%A1t+%E1%BB%9F+kcn+V%C4%A9nh+Ph%C3%BAc+khi+bay+flycam+th%C3%AC+th%E1%BA%A5y+hi%E1%BB%87n+tr%E1%BA%A1ng+l%C3%A0+%C4%91%E1%BA%A5t+l%C3%BAa+xen+k%E1%BA%BD+nhi%E1%BB%81u+nh%C3%A0+d%C3%A2n+v%C3%A0+c%C3%B3+c%C3%A1c+%C4%91%E1%BB%93i%2C+V%C4%A9nh+Ph%C3%BAc
BDS-MASTER-0376,mở bán mới/dự kiến ở thị trường HCM,"mở bán mới/dự kiến ở thị trường HCM, Hồ Chí Minh",4,2024-12-07,"[2024-12-07] Mr Mike1 -CEO 12/7/2024 1:27 PM Translate Hội nghị BĐS Việt Nam “VRES 2024” qua các con số - 58% là giá chung cư Hà nội tăng trong năm 2024, trong khi đó thị trường HCM chỉ ở mức tăng khiêm tốn là 17%. - 31.3 là số năm kiếm tiền mà thế hệ 7X có thể mua được nhà, với 8X là 22.7 năm và 9X là 25.8 năm, thế hệ trẻ nào cũng khó mua nhà không chỉ mỗi GenZ. - 61tr/m2 là giá trung bình thị trường chung cư HN, sau 10 năm thì giá HN đã vượt hơn thị trường HCM 20%. - 111tr/m2 là trung bình cộn",https://www.google.com/maps/search/m%E1%BB%9F+b%C3%A1n+m%E1%BB%9Bi%2Fd%E1%BB%B1+ki%E1%BA%BFn+%E1%BB%9F+th%E1%BB%8B+tr%C6%B0%E1%BB%9Dng+HCM%2C+H%E1%BB%93+Ch%C3%AD+Minh
BDS-MASTER-0315,nhà ở thương mại thông qua thỏa thuận về nhận quyền sử dụng đất hoặc đang có quyền sử dụng đất để thể chế hóa,"nhà ở thương mại thông qua thỏa thuận về nhận quyền sử dụng đất hoặc đang có quyền sử dụng đất để thể chế hóa, Đồng Nai",4,2024-11-22,"[2024-11-22] Thoi L - ASST. 11/22/2024 9:39 AM https://m.cafef.vn/dai-bieu-quoc-hoi-khong-co-chuyen-lay-dat-lua-dat-nong-nghiep-mot-cach-dai-tra-tran-lan-de-lam-nha-o-thuong-mai-188241121144902763.chn Đại biểu Quốc hội: Không có chuyện lấy đất lúa, đất nông nghiệp một cách đại trà, tràn lan để làm nhà ở thương mại Đại biểu Trịnh Xuân An, Đoàn ĐBQH tỉnh Đồng Nai bày tỏ, việc thí điểm thực hiện dự án nhà ở thương mại thông qua thỏa thuận về nhận quyền sử dụng đất hoặc đang có quyền sử dụng đất chỉ",https://www.google.com/maps/search/nh%C3%A0+%E1%BB%9F+th%C6%B0%C6%A1ng+m%E1%BA%A1i+th%C3%B4ng+qua+th%E1%BB%8Fa+thu%E1%BA%ADn+v%E1%BB%81+nh%E1%BA%ADn+quy%E1%BB%81n+s%E1%BB%AD+d%E1%BB%A5ng+%C4%91%E1%BA%A5t+ho%E1%BA%B7c+%C4%91ang+c%C3%B3+quy%E1%BB%81n+s%E1%BB%AD+d%E1%BB%A5ng+%C4%91%E1%BA%A5t+%C4%91%E1%BB%83+th%E1%BB%83+ch%E1%BA%BF+h%C3%B3a%2C+%C4%90%E1%BB%93ng+Nai
BDS-MASTER-0466,phát triển nhà ở kết họp TOD,"phát triển nhà ở kết họp TOD, Biên Hòa, Bà Rịa như trước đây",4,2025-04-08,"[2025-04-08] Unknown User 4/8/2025 7:42 PM Mấy cái xa xôi này phải lãi cao mới làm nổi, lãi mỏng dưới 20% là thua. Vì phải có sóng mới bán đc hàng Đánh giá đầu tư ở Phú Mỹ hiện nay mình đánh giá về định hướng sau sáp nhập sẽ ko bị tình trạng địa phương cục bộ bảo vệ nguồn thu ngân sách mà HCM ko nhả các hoạt động cảng về Bà Rịa như trước đây. NN cho sáp nhập 1 HCM rộng lớn như vậy theo nhận định để phá cỡ sự cục bộ này để cho Cái Mép được phát triển vì nó có đủ địa thế thuận lợi... để làm cảng l",https://www.google.com/maps/search/ph%C3%A1t+tri%E1%BB%83n+nh%C3%A0+%E1%BB%9F+k%E1%BA%BFt+h%E1%BB%8Dp+TOD%2C+Bi%C3%AAn+H%C3%B2a%2C+B%C3%A0+R%E1%BB%8Ba+nh%C6%B0+tr%C6%B0%E1%BB%9Bc+%C4%91%C3%A2y
BDS-MASTER-0388,phía Bắc,"phía Bắc, Vĩnh Phúc",4,2023-04-27,"[2023-04-27] Huy M - IM 4/27/2023 9:13 AM Liên quan đến chuyến công tác các dự án phía Bắc, kế hoạch công việc vẫn theo thời gian đã trình CEO. Riêng A Sơn R&D sẽ thêm 1 ngày mai (28/4) để đi KCN Vĩnh Phúc cùng với A Toán P.TGĐ của Bee Hà Nội để đáng giá thêm. KDT trình CEO Tuan Tran-CEO duyệt à. Ok a by Unknown User",https://www.google.com/maps/search/ph%C3%ADa+B%E1%BA%AFc%2C+V%C4%A9nh+Ph%C3%BAc
BDS-MASTER-0322,rà soát và làm rõ các điểm pháp lý sau,"rà soát và làm rõ các điểm pháp lý sau, Bình Dương",4,2025-10-01,"[2025-10-01] Thao L - INVT 10/1/2025 5:50 PM Translate Lưu ý: 1. Về tiền sử dụng đất: - TSDĐ là yếu tố ảnh hưởng trọng yếu đến hiệu quả tài chính của dự án. Với giá trị lớn, rủi ro tăng TSDĐ khiến dự án không đạt được hiệu quả tài chính mong muốn. - Cách tính hiện tại: P.ĐT đang tạm tính theo mức tối thiểu, với các giả định: + Thời điểm xác định là năm 2025. + Đơn giá TSDĐ được tính bằng 4 lần đơn giá Nhà nước đường Bình Chuẩn 67. Cơ sở: chênh lệch giữa đơn giá đất Nhà nước và đơn giá phê duyệt ",https://www.google.com/maps/search/r%C3%A0+so%C3%A1t+v%C3%A0+l%C3%A0m+r%C3%B5+c%C3%A1c+%C4%91i%E1%BB%83m+ph%C3%A1p+l%C3%BD+sau%2C+B%C3%ACnh+D%C6%B0%C6%A1ng
BDS-MASTER-0078,thay đổi khi thay đổi giá mua dự án và giá bán căn hộ,"thay đổi khi thay đổi giá mua dự án và giá bán căn hộ, Đà Nẵng",4,,"[] P.ĐT báo cáo Sếp Admin 01 về cập nhật DA Võ Văn Kiệt (Gộp 2 Lô) theo chỉ tiêu QH dự kiến điều chỉnh, như sau: 1. Quy hoạch: Những thay đổi chính trong PA QH mới: Hệ số tăng từ 13,7 lên 14,7 Tầng cao từ 30 lên 36 tầng Tăng 3.467 m2 sàn kinh doanh ~ tăng 19 căn, từ 833 lên 852, đồng thời Shop điều chỉnh thành 3 tầng. 2. Hiệu quả tài chính: Đơn giá xây dựng All-in vẫn giữ 21 tr/m2 (gồm VAT). Chi phí kinh doanh bán hàng 19%/Doanh thu. Giá bán căn hộ giảm từ 105 xuống còn 99 tr/m2 (gồm VAT), tương",https://www.google.com/maps/search/thay+%C4%91%E1%BB%95i+khi+thay+%C4%91%E1%BB%95i+gi%C3%A1+mua+d%E1%BB%B1+%C3%A1n+v%C3%A0+gi%C3%A1+b%C3%A1n+c%C4%83n+h%E1%BB%99%2C+%C4%90%C3%A0+N%E1%BA%B5ng
BDS-MASTER-0400,Đà Nẵng thì liên hệ A Tịnh,"Đà Nẵng thì liên hệ A Tịnh, ĐÀ Nẵng",4,2025-03-03,"[2025-03-03] Thoi L - ASST. 3/3/2025 9:45 AM Translate Dear Huy Huy Mai-PTDTCEO có giao triển khai tìm hiểu về thông tin đấu giá các lô đất tại ĐÀ Nẵng và Bình Dương. tiếp nhận tt khu đất Đà Nẵng thì liên hệ A Tịnh, kênh tt khu đất Bình Dương thì liên hệ A Hùng nhé. Ok Anh nhé by Huy M - IM --- [2025-03-03] Thoi L - ASST. 3/3/2025 9:45 AM Translate Dear Huy Huy Mai-PTDTCEO có giao triển khai tìm hiểu về thông tin đấu giá các lô đất tại ĐÀ Nẵng và Bình Dương. tiếp nhận tt khu đất Đà Nẵng thì liên",https://www.google.com/maps/search/%C4%90%C3%A0+N%E1%BA%B5ng+th%C3%AC+li%C3%AAn+h%E1%BB%87+A+T%E1%BB%8Bnh%2C+%C4%90%C3%80+N%E1%BA%B5ng
BDS-MASTER-0483,Đông Trung tại Thuận An,"Đông Trung tại Thuận An, Bình Dương",4,2022-09-07,"[2022-09-07] Trieu Nguyen-PTDT 9/7/2022 2:19 PM Edited KĐT đang phối hợp với team Chi Phí đi khảo sát Dự án Đông Trung tại Thuận An, Bình Dương vào ngày mai (08/09/2022) Anh Tuan Tran-CEO đồng ý duyệt để em sắp xếp 2 team đi khảo sát và tiến hành tính toán phương án phát triển cho dự án này nhé Ok e by Unknown User",https://www.google.com/maps/search/%C4%90%C3%B4ng+Trung+t%E1%BA%A1i+Thu%E1%BA%ADn+An%2C+B%C3%ACnh+D%C6%B0%C6%A1ng
BDS-MASTER-0402,Đầu tư xây dựng đường Cao tốc TP,"Đầu tư xây dựng đường Cao tốc TP, Hồ Chí Minh",4,2024-12-10,"[2024-12-10] Huy M - IM 12/10/2024 12:03 PM Translate Dự án Đầu tư xây dựng đường Cao tốc TP.Hồ Chí Minh – Thủ Dầu Một - Chơn Thành là trục cao tốc Bắc Nam của tỉnh Bình Dương, Bình Phước (trục xuyên tâm cắt qua đường Vành đai 4, Vành đai 3, dẫn đến đường Vành đai 2 TP.Hồ Chí Minh), nối tiếp tuyến cao tốc Gia Nghĩa - Chơn Thành (cao tốc Bắc Nam phía Tây) Dự án có ý nghĩa, vai trò rất quan trọng đối với sự phát triển kinh tế - xã hội gắn với củng cố an ninh - quốc phòng của vùng Tây nguyên và Đôn",https://www.google.com/maps/search/%C4%90%E1%BA%A7u+t%C6%B0+x%C3%A2y+d%E1%BB%B1ng+%C4%91%C6%B0%E1%BB%9Dng+Cao+t%E1%BB%91c+TP%2C+H%E1%BB%93+Ch%C3%AD+Minh
BDS-MASTER-0206,được tính tiền sử dụng đất theo phương pháp thặng dự,"được tính tiền sử dụng đất theo phương pháp thặng dự, TP.HCM",4,2024-10-07,"[2024-10-07] Sinh Nguyen-Dau Tu 10/7/2024 11:25 AM Edited Translate Dự án được tính tiền sử dụng đất theo phương pháp thặng dự: Hiện tại dự án chưa có quyết định giao đất. Khi có quyết định giao đất thì nghĩa vụ tài chính thức hiện theo thời điểm giao đất. Trong báo cáo đang giả định thời điểm giao đất là năm 2024 Cơ sở tính toán tiền sử dụng đất, căn cứ Quyết định số 37/2024/QĐ-UBND ngày 01/07/2024 về quy định cụ thể các yếu tố hình thành doanh thu và chi phí theo phương pháp thặng dư trên địa ",https://www.google.com/maps/search/%C4%91%C6%B0%E1%BB%A3c+t%C3%ADnh+ti%E1%BB%81n+s%E1%BB%AD+d%E1%BB%A5ng+%C4%91%E1%BA%A5t+theo+ph%C6%B0%C6%A1ng+ph%C3%A1p+th%E1%BA%B7ng+d%E1%BB%B1%2C+TP.HCM
BDS-MASTER-0150,đấu giá 77ha,"đấu giá 77ha, Long Thành, Đồng Nai",4,,"[] P.ĐT báo cáo Sếp Mr Mike1 -CEO về hiệu quả cho dự án đấu giá 77ha, Long Thành, Đồng Nai sau khi cập nhật theo giá CHI TIẾT từng phân khu của phòng R&D so với ngày báo cáo 08/08/2025 như sau: Tổng diện tích dự án: 772.835,2m2 Doanh thu chưa bao gồm VAT: 31.158 tỷ đồng (Tăng 2.900 tỷ đồng so với ngày báo cáo 8/8/2025 là 28.282 tỷ đồng 🡪 Lý do: giá nhà liên kế sau khi khảo sát và điều chỉnh tăng khoảng 10%, Biệt thự không đổi, phần công trình công cộng chuyển từ bán đất sang bán sàn xây dựng) 🡪 ",https://www.google.com/maps/search/%C4%91%E1%BA%A5u+gi%C3%A1+77ha%2C+Long+Th%C3%A0nh%2C+%C4%90%E1%BB%93ng+Nai
BDS-MASTER-0332,đối diện hiện tại là giá chào của khách lẻ,"đối diện hiện tại là giá chào của khách lẻ, Đà Nẵng",4,,"[] Dạ giá bán DA đối diện hiện tại là giá chào của khách lẻ, thứ cấp từ 76 đến 93 tr. DA đã bàn giao T6/2025 (Sun mở bán từ 2023) - DA đang tính (DA Trần Hưng Đạo) có diện tích nhỏ 2.000 m2, giá sẽ không cạnh tranh với DA đối diện lớn ~3,5 ha (650 căn hộ, 101 nhà phố, 45 villa). - Với Sun thương hiệu mạnh và làm nhiều DA ở Đà Nẵng, có sẵn tệp khách hàng. => P.Đt đang tính 75 tr là giá thận trọng và an toàn.",https://www.google.com/maps/search/%C4%91%E1%BB%91i+di%E1%BB%87n+hi%E1%BB%87n+t%E1%BA%A1i+l%C3%A0+gi%C3%A1+ch%C3%A0o+c%E1%BB%A7a+kh%C3%A1ch+l%E1%BA%BB%2C+%C4%90%C3%A0+N%E1%BA%B5ng
BDS-MASTER-0349,NOXH Đồng Nai (2 dự án trung tâm Biên Hòa)1,"NOXH Đồng Nai (2 dự án trung tâm Biên Hòa)1, Biên Hòa, Đồng Nai",3,,"[] P.ĐT gửi anhMrMike1-CEO về các bước cần thực hiện để tham gia đấu thầu dự án NOXH Đồng Nai (2 dự án trung tâm Biên Hòa)1. Các công tác cần triển khai:Công tác chuẩn bị đăng ký thực hiện dự án (thời hạn đăng ký trong vòng 33 ngày từ 25.03.2025): Ngày 25/03/2025, Sở Tài Chính đã phát thông báo mời q… Tuy nhiên, sau khi nghiên cứu kỹ thì các dự án này thuộc hình thức là tham gia đấu thầu Dự án và Key lúc đó là yêu cầu hồ sơ năng lực là chủ đầu tư phải đã và đang làm NOXH rồi thì mới tham gia đượ",https://www.google.com/maps/search/NOXH+%C4%90%E1%BB%93ng+Nai+%282+d%E1%BB%B1+%C3%A1n+trung+t%C3%A2m+Bi%C3%AAn+H%C3%B2a%291%2C+Bi%C3%AAn+H%C3%B2a%2C+%C4%90%E1%BB%93ng+Nai
BDS-MASTER-0352,Serene Đà Nẵng với những nội dung sau,"Serene Đà Nẵng với những nội dung sau, Phú Quốc, Đà Nẵng",3,,"[] Kính gửi Admin 01 , P.ĐT báo cáo hiệu q... by Unknown User Thanh L - INVT 1/13 2:31 PM Edited Translate Kính gửi Admin 01 , P.ĐT báo cáo hiệu quả dự án Serene Đà Nẵng với những nội dung sau: I/ TÓM TẮT NHỮNG NỘI DUNG NGHIÊN CỨU SƠ BỘ CỦA P.ĐT VỀ 2 LOẠI HÌNH KHÁCH SẠN Luxury Hotel + Luxury Hotel là loại hình khách sạn có concept tập trung vào tính nhất quan và tiện nghi tiêu chuẩn, được đầu tư thiết bị hiện đại và cao cấp nên không dễ lỗi thời khi xu hướng thị hiếu thay đổi. + Có chu kỳ cải tạ",https://www.google.com/maps/search/Serene+%C4%90%C3%A0+N%E1%BA%B5ng+v%E1%BB%9Bi+nh%E1%BB%AFng+n%E1%BB%99i+dung+sau%2C+Ph%C3%BA+Qu%E1%BB%91c%2C+%C4%90%C3%A0+N%E1%BA%B5ng
BDS-MASTER-0296,Thông tin quyết định chủ trương đầu tư/pháp lý dự án/thông tin quy hoạch dự án - Thông tin đơn vị khác tham,"Thông tin quyết định chủ trương đầu tư/pháp lý dự án/thông tin quy hoạch dự án - Thông tin đơn vị khác tham, Đồng Nai",3,,"[] Phòng chuyên môn phụ trách đối ngoại xúc tiến gặp gỡ Sở Tài Chính/UBND tỉnh Đồng Nai để trao đổi và thu thập thông tin: - Hướng dẫn quy trình đăng ký thực hiện dự án - Thông tin quyết định chủ trương đầu tư/pháp lý dự án/thông tin quy hoạch dự án - Thông tin đơn vị khác tham quan tâm các dự án này - Các vấn đề liên quan đến ưu đãi trong triển khai NOXH, các xác định giá bán - Các thông tin khác phục vụ công tác phân tích đánh giá + Triển khai lập phương án liên danh với công ty/đối tác vì hiệ",https://www.google.com/maps/search/Th%C3%B4ng+tin+quy%E1%BA%BFt+%C4%91%E1%BB%8Bnh+ch%E1%BB%A7+tr%C6%B0%C6%A1ng+%C4%91%E1%BA%A7u+t%C6%B0%2Fph%C3%A1p+l%C3%BD+d%E1%BB%B1+%C3%A1n%2Fth%C3%B4ng+tin+quy+ho%E1%BA%A1ch+d%E1%BB%B1+%C3%A1n+-+Th%C3%B4ng+tin+%C4%91%C6%A1n+v%E1%BB%8B+kh%C3%A1c+tham%2C+%C4%90%E1%BB%93ng+Nai
BDS-MASTER-0431,Vo Van Kiet Gop 2 Lo (IN),"Vo Van Kiet Gop 2 Lo (IN), Phú Quốc",3,,[] Phòng xin gửi đính kèm Báo cáo Đầu tư (dạng trình bày) và Báo cáo đề xuất giá của phòng R&D. 28.5 P.ĐT BC Trinh Bay DA Vo Van Kiet Gop 2 Lo (IN).pdf 27052026_R&D_2VVK - IN.pdf Sao Phú Quốc xây 16tr mà ĐN xây 21tr lận by Admin 01,https://www.google.com/maps/search/Vo+Van+Kiet+Gop+2+Lo+%28IN%29%2C+Ph%C3%BA+Qu%E1%BB%91c
BDS-MASTER-0497,hoàn chỉnh nút giao và nhánh nối xa lộ Hà Nội - vành đai 3,"hoàn chỉnh nút giao và nhánh nối xa lộ Hà Nội - vành đai 3, TP.HCM",3,,"[] Link https://tuoitre.vn/tp-hcm-se-lam-nut-g... by Unknown User Hoang V - IM 1/7 8:33 AM https://tuoitre.vn/tp-hcm-se-lam-nut-giao-go-cong-quy-mo-4-tang-20260106234016844.htm TP.HCM sẽ làm nút giao Gò Công quy mô 4 tầng - Tuổi Trẻ Online UBND TP.HCM vừa phê duyệt nhiệm vụ thiết kế thi công tuyển phương án kiến trúc nút giao Gò Công, thuộc dự án hoàn chỉnh nút giao và nhánh nối xa lộ Hà Nội - vành đai 3. Công trình được xác định là ... tuoitre.vn nút giao Gò Công - Ảnh 1. by Unknown User Hoan",https://www.google.com/maps/search/ho%C3%A0n+ch%E1%BB%89nh+n%C3%BAt+giao+v%C3%A0+nh%C3%A1nh+n%E1%BB%91i+xa+l%E1%BB%99+H%C3%A0+N%E1%BB%99i+-+v%C3%A0nh+%C4%91ai+3%2C+TP.HCM
BDS-MASTER-0323,sẽ bắt đầu từ quý 4-2026 đến năm 2029,"sẽ bắt đầu từ quý 4-2026 đến năm 2029, Long Thành, Đồng Nai",3,,"[] P.ĐT gửi anh Mr Mike1 -CEO thông tin về tuyến đường sắt nhẹ Thủ Thiêm - Long Thành như sau: Theo Quyết định số 586/QĐ-TTg ban hành ngày 03/07/2024 của Thủ tướng Chính phủ về Phê duyệt Quy hoạch tỉnh Đồng Nai thời kì 2021-2030, tầm nhìn đến 2025 (trang 55) có thông tin về Tuyến đường sắt nhẹ Thủ Thiêm - Long Thành được cập nhật vào Quy hoạch mạng lưới đường sắt thời kỳ 2021-2030, tầm nhìn năm 2050 được Thủ tướng Chính phủ phê duyệt. Tuy nhiên chưa có thông tin chính thức về tiền độ dự án này. ",https://www.google.com/maps/search/s%E1%BA%BD+b%E1%BA%AFt+%C4%91%E1%BA%A7u+t%E1%BB%AB+qu%C3%BD+4-2026+%C4%91%E1%BA%BFn+n%C4%83m+2029%2C+Long+Th%C3%A0nh%2C+%C4%90%E1%BB%93ng+Nai
BDS-MASTER-0500,thành phần lô A2-3 Hòa Xuân,"thành phần lô A2-3 Hòa Xuân, Đà Nẵng",3,,"[] Dạ báo cáo sếp Admin 01, liên quan đến công tác chuyển nhượng dự án thành phần lô A2-3 Hòa Xuân, Đà Nẵng, P.TC-KT đang làm việc với ngân hàng để có thư cam kết tín dụng thực hiện dự án, đây là 1 trong hồ sơ cần có để nộp Sở Tài chính duyệt chuyển nhượng. Và hiện tại Ngân hàng đang yêu cầu công ty bổ sung thêm FS lô A2-3, Do đó P.ĐT xin ý kiến phê duyệt từ sếp để gửi fs lô A2-3 cho P.TC-KT và Ngân hàng ạ Ok by Admin 01",https://www.google.com/maps/search/th%C3%A0nh+ph%E1%BA%A7n+l%C3%B4+A2-3+H%C3%B2a+Xu%C3%A2n%2C+%C4%90%C3%A0+N%E1%BA%B5ng
BDS-MASTER-0473,tiêu biểu và đang book lịch đi khảo sát thực tế thị trường về giá bán,"tiêu biểu và đang book lịch đi khảo sát thực tế thị trường về giá bán, Long AN",3,,"[] Dạ hiện P.ĐT và P.RD đã chốt các dự án tiêu biểu và đang book lịch đi khảo sát thực tế thị trường về giá bán, tỷ lệ lắp đầy, dịch vụ, tiện ích và phối kết hợp với phòng QH và QS để rà soát lại tỷ lệ thương phẩm, khối lượng và chi phí xây dựng ạ Check thêm về phía Long AN, bình dương nữa by Admin 01",https://www.google.com/maps/search/ti%C3%AAu+bi%E1%BB%83u+v%C3%A0+%C4%91ang+book+l%E1%BB%8Bch+%C4%91i+kh%E1%BA%A3o+s%C3%A1t+th%E1%BB%B1c+t%E1%BA%BF+th%E1%BB%8B+tr%C6%B0%E1%BB%9Dng+v%E1%BB%81+gi%C3%A1+b%C3%A1n%2C+Long+AN
BDS-MASTER-0475,trong kế hoạch đấu giá năm 2026 trên địa bàn tỉnh Đồng Nai,"trong kế hoạch đấu giá năm 2026 trên địa bàn tỉnh Đồng Nai, Đồng Nai",3,,"[] P.ĐT báo cáo sếp Mr Mike1 -CEO danh sách các khu đất trong kế hoạch đấu giá năm 2026 trên địa bàn tỉnh Đồng Nai như sau: Theo thông tin mà P.ĐT nhận được từ P.Pháp lý, danh sách đấu giá tại Đồng Nai này được chia làm 3 phụ lục với thứ tự ưu tiên từ thấp đến cao. + Phụ lục 1: Nhóm khu đất đã được duyệt giá khởi điểm và chuyển tiếp từ 2025 (là các khu đất đang thực hiện quy trình đấu giá từ cuối 2025) + Phụ lục 2: Nhóm khu đất tập trung nguồn lực, phấn đấu thực hiện đấu giá trong 2026 (ưu tiên ",https://www.google.com/maps/search/trong+k%E1%BA%BF+ho%E1%BA%A1ch+%C4%91%E1%BA%A5u+gi%C3%A1+n%C4%83m+2026+tr%C3%AAn+%C4%91%E1%BB%8Ba+b%C3%A0n+t%E1%BB%89nh+%C4%90%E1%BB%93ng+Nai%2C+%C4%90%E1%BB%93ng+Nai
BDS-MASTER-0476,trên đã có các nhà đàu tư đăng ký tham gia đấu thầu,"trên đã có các nhà đàu tư đăng ký tham gia đấu thầu, Đồng Nai",3,,[] Dạ Theo thông tin mới cập nhật thì 2 dự án trên đã có các nhà đàu tư đăng ký tham gia đấu thầu: - Liên danh Địa ốc Hoàng Quân - CTCP Đầu tư Thành Phố Vàng. - CTCP Đầu tư Xây dựng Và Cơ điện IEC. - Liên danh Hancorp gồm: CTCP Lắp máy Điện nước và Xây dựng - CTCP Xây sựng Số 1 Hà Nội - Tổng Công ty Xây dựng Hà Nội - CTCP. - Liên danh Công ty TNHH Phát triển Căn hộ Nam Long - Công ty TNHH MTV Đầu tư Xây dựng Phát triển Nam Khang - CTCP Đầu Tư Nam Phan. - Liên danh CTCP Yana Dragon Holdings - CTC,https://www.google.com/maps/search/tr%C3%AAn+%C4%91%C3%A3+c%C3%B3+c%C3%A1c+nh%C3%A0+%C4%91%C3%A0u+t%C6%B0+%C4%91%C4%83ng+k%C3%BD+tham+gia+%C4%91%E1%BA%A5u+th%E1%BA%A7u%2C+%C4%90%E1%BB%93ng+Nai
BDS-MASTER-0479,tại Đà Lạt vào ngày 09-11,"tại Đà Lạt vào ngày 09-11, Đà Lạt",3,,"[] P.ĐT gửi anh Tuan Tran-CEO lịch đăng ký xe công ty đi công tác Khảo sát thị trường Khách sạn tại Đà Lạt vào ngày 09-11.08.2022. Anh duyệt giúp em, để em báo bộ phận điều x... by Thao L - INVT",https://www.google.com/maps/search/t%E1%BA%A1i+%C4%90%C3%A0+L%E1%BA%A1t+v%C3%A0o+ng%C3%A0y+09-11%2C+%C4%90%C3%A0+L%E1%BA%A1t
BDS-MASTER-0272,đạt hiệu quả với giá mua dự án ở khoảng 17 triệu đồng/m2 ~ ngưỡng giá mua dự án 520 tỷ đồng,"đạt hiệu quả với giá mua dự án ở khoảng 17 triệu đồng/m2 ~ ngưỡng giá mua dự án 520 tỷ đồng, Bình Dương",3,,"[] Phòng ĐT có tính độ nhạy về thay đổi tăng giá bán căn hộ, theo đó khi giá bán căn hộ tăng lên từ 50 triệu đồng/m2 (chưa VAT) thì dự án đạt hiệu quả với giá mua dự án ở khoảng 17 triệu đồng/m2 ~ ngưỡng giá mua dự án 520 tỷ đồng, tương đương một nửa giá chào bán. Tuy nhiên, về khả năng bán giá 50 triệu đồng (chưa VAT) tính ở thời điểm hiện tại thì khó khả thi do nguồn cung của khu vực Bình Dương đang rất lớn và DA số lượng căn hộ cũng lớn lên đến ~1.900 căn nên giá 50 triệu đồng khó cạnh tranh.",https://www.google.com/maps/search/%C4%91%E1%BA%A1t+hi%E1%BB%87u+qu%E1%BA%A3+v%E1%BB%9Bi+gi%C3%A1+mua+d%E1%BB%B1+%C3%A1n+%E1%BB%9F+kho%E1%BA%A3ng+17+tri%E1%BB%87u+%C4%91%E1%BB%93ng%2Fm2+~+ng%C6%B0%E1%BB%A1ng+gi%C3%A1+mua+d%E1%BB%B1+%C3%A1n+520+t%E1%BB%B7+%C4%91%E1%BB%93ng%2C+B%C3%ACnh+D%C6%B0%C6%A1ng
BDS-MASTER-0120,(Chi phí đất,(Chi phí đất,2,2022-12-15,"[2022-12-15] Thao L - INVT 12/15/2022 12:04 PM Edited K.ĐT gửi anh Tuan Tran-CEO báo cáo về Cụm công nghiệp Giao Yến, quy mô 75ha tại xã Giao Yến, huyện Giao Thủy, tỉnh Nam Định như sau: 1. Hiện trạng và hạ tầng: - Hiện trạng: Đất nông nghiệp, trống và chưa có đường lớn kết nối vào khu đất. - Hạ tầng trương lai: Giáp với Đường bộ Ven biển, sẽ kết nối thẳng với QL37B (hiện hữu) và kết nối thẳng Đường Nam Định - Lạc Quần đang triển khai xây dựng và dự kiến hoàn thành năm 2027 với tổng chiều dài 24",https://www.google.com/maps/search/%28Chi+ph%C3%AD+%C4%91%E1%BA%A5t
BDS-MASTER-0181,(giá bán quỹ đất bao gồm cam kết của đối tác sẽ hỗ trợ phần đất đi vào dự án) với chi phí làm đường là 1tr/m2,(giá bán quỹ đất bao gồm cam kết của đối tác sẽ hỗ trợ phần đất đi vào dự án) với chi phí làm đường là 1tr/m2,2,2022-09-26,"[2022-09-26] Thao L - INVT 9/26/2022 5:31 PM Phương án tính toán: + Tiền chuyển mục đích sử dụng đất tạm tính là: 12tr/m2 cho phần đất thương phẩm (trừ NOXH, tính thoe phương pháp thặng dư, gấp 1.4 lần đơn giá nhà nước). + Khi đền bù giải phóng mặt bằng sẽ phải mua trọn thửa và có phần sẽ nằm ngoài ranh dự án. Tạm định giá đầu ra phần đất nông nghiệp nằm ngoài ranh dự án, được QH là đất ở với diện tích là 0,87ha với đơn giá là 14tr/m2. + Làm đường đi vào dự án (giá bán quỹ đất bao gồm cam kết củ",https://www.google.com/maps/search/%28gi%C3%A1+b%C3%A1n+qu%E1%BB%B9+%C4%91%E1%BA%A5t+bao+g%E1%BB%93m+cam+k%E1%BA%BFt+c%E1%BB%A7a+%C4%91%E1%BB%91i+t%C3%A1c+s%E1%BA%BD+h%E1%BB%97+tr%E1%BB%A3+ph%E1%BA%A7n+%C4%91%E1%BA%A5t+%C4%91i+v%C3%A0o+d%E1%BB%B1+%C3%A1n%29+v%E1%BB%9Bi+chi+ph%C3%AD+l%C3%A0m+%C4%91%C6%B0%E1%BB%9Dng+l%C3%A0+1tr%2Fm2
BDS-MASTER-0059,12ha KDC Vĩnh Phú gần Phú Quang,"12ha KDC Vĩnh Phú gần Phú Quang, Thủ Đức",2,2026-05-08,"[2026-05-08] Khoa L - INVT 5/8/2026 11:57 AM 📷 Dạ P.ĐT báo cáo sếp Admin 01 dự án 12ha KDC Vĩnh Phú gần Phú Quang. I. Thông tin tổng quan: 📷 Dựa vào sự phù hợp quy hoạch và hình dáng thuận lợi để triển khai dự án, P.ĐT đề xuất gom mua diện… Vào phòng a trình bày cái này --- [] Dạ P.ĐT báo cáo sếp Admin 01 dự án 12ha KDC Vĩnh Phú gần Phú Quang. I. Thông tin tổng quan: Dựa vào sự phù hợp quy hoạch và hình dáng thuận lợi để triển khai dự án, P.ĐT đề xuất gom mua diện tích đất nằm trong ranh đỏ như ",https://www.google.com/maps/search/12ha+KDC+V%C4%A9nh+Ph%C3%BA+g%E1%BA%A7n+Ph%C3%BA+Quang%2C+Th%E1%BB%A7+%C4%90%E1%BB%A9c
BDS-MASTER-0123,132 $/phòng/đêm 145,132 $/phòng/đêm 145,2,2022-11-04,"[2022-11-04] Thao L - INVT 11/4/2022 3:24 PM Phương án kinh doanh và sản phẩm triển khai: Tiền sử dụng đất: K.ĐT đang tính toán phương án đóng thêm phần trả tiền thuê đất một lần đã được giảm 50% theo quyết định số 695/QĐ-CT ngày 11/06/2018 cho 6.95ha tương đương 100tỷ ~1.4tr/m2 (theo đơn giá đất năm 2018 và tính thêm 50%) Và phần diện tích giao thông nội bộ, cây xanh cảnh quan nội khu còn lại là 1.4ha sẽ đóng tiền thuê đất hằng năm, tổng 408tỷ (đến 2082, chia từng năm đóng) Các loại hình sản ph",https://www.google.com/maps/search/132+%24%2Fph%C3%B2ng%2F%C4%91%C3%AAm+145
BDS-MASTER-0277,168ha gần Khu Đa Phước - OneDrive (sharepoint,168ha gần Khu Đa Phước - OneDrive (sharepoint,2,2022-07-19,[2022-07-19] Trieu Nguyen-PTDT 7/19/2022 5:50 PM Edited Link Onedrive: Dự án 168ha gần Khu Đa Phước - OneDrive (sharepoint.com) Link Map: Link https://goo.gl/maps/35GfKER... by Unknown User,https://www.google.com/maps/search/168ha+g%E1%BA%A7n+Khu+%C4%90a+Ph%C6%B0%E1%BB%9Bc+-+OneDrive+%28sharepoint
BDS-MASTER-0060,48 Nguyễn Thiện Thuật,48 Nguyễn Thiện Thuật,2,2025-05-07,"[2025-05-07] Hanh T - INVT 5/7/2025 1:38 PM Edited Translate P.Đầu tư Báo cáo Anh Mr Mike1 -CEO về dự án 48 Nguyễn Thiện Thuật, P. Tân Lập, TP Nha Trang, Khánh Hoà (toạ lạc 02 mặt tiền đường Biệt Thự và đường Nguyễn Thiện Thuật, cách biển khoảng 350m) theo 02 phương án quy hoạch 20 tầng (được duyệt) và 32 tầng (dự định xin điều chỉnh) như sau: 1. Thông tin quy hoạch: Diện tích đất theo Giấy chứng nhận: 1.703,3 m2 Diện tích đất phù hợp quy hoạch: 1.655,2 m2 Chỉ tiêu quy hoạch theo phê duyệt 1/200",https://www.google.com/maps/search/48+Nguy%E1%BB%85n+Thi%E1%BB%87n+Thu%E1%BA%ADt
BDS-MASTER-0241,Bà Kèo theo Quy hoạch 1/500 cũ (100% thấp tầng),Bà Kèo theo Quy hoạch 1/500 cũ (100% thấp tầng),2,2026-06-25,"[] P.ĐT gửi anh Admin 01 về việc ước tính TSDĐ dự án Bà Kèo theo Quy hoạch 1/500 cũ (100% thấp tầng) như sau: 1. QUY HOẠCH Theo Quyết định số 29/QĐ-BQLPTPQ ngày 03/04/2014 về phê duyệt Đồ án điều chỉn… Anh gửi lại Sếp tính tiền sử dụng đất theo 1.500 cũ của Bà Kèo à Begin quote, Thao L - INVT, 6/22/2026 12:01... by Admin 01 --- [] P.ĐT gửi anh Admin 01 về việc ước tính TSDĐ dự án Bà Kèo theo Quy hoạch 1/500 cũ (100% thấp tầng) như sau: 1. QUY HOẠCH Theo Quyết định số 29/QĐ-BQLPTPQ ngày 03/04/201",https://www.google.com/maps/search/B%C3%A0+K%C3%A8o+theo+Quy+ho%E1%BA%A1ch+1%2F500+c%C5%A9+%28100%25+th%E1%BA%A5p+t%E1%BA%A7ng%29
BDS-MASTER-0127,Giá bán đề xuất,Giá bán đề xuất,2,2022-09-06,"[2022-09-06] Thao L - INVT 9/6/2022 4:52 PM Phương án kinh doanh và sản phẩm triển khai: Tiền sử dụng đất: K.ĐT đang tính toán phương án trả tiền thuê đất một lần cho toàn bộ diện tích khuôn viên các thương phẩm là 5.6ha (hiện tại đối tác đã đóng tiền thuê đất một lần cho 1.4ha), vì thế K.ĐT tạm tính phần trả tiền thuê đất một lần đóng thêm là 4.2ha tương đương 200tỷ (~4.7tr/m2) Và phần diện tích cây xanh cảnh quan nội khu còn lại là 3.2ha sẽ đóng tiền thuê đất hằng năm, tổng 671tỷ (đến 2064, ch",https://www.google.com/maps/search/Gi%C3%A1+b%C3%A1n+%C4%91%E1%BB%81+xu%E1%BA%A5t
BDS-MASTER-0106,Holiday Beach,Holiday Beach,2,2025-04-16,"[] P.ĐT xin báo cáo Sếp Admin 01 FS dự án Holiday Beach theo phương án kết hợp Khách sạn và Condotel, như sau: I. TỔNG QUAN DỰ ÁN VÀ CƠ CẤU SẢN PHẨM: Quy mô xây dựng: 2 tầng hầm, 30 tầng nổi, tổng diện tích GFA gồm hầm 75.913 m2. Tỷ lệ diện tích thương phẩm 43.702 m2 ~ 58%/GFA gồm hầm, ~ 66%/GFA chưa hầm. II. TỔNG MỨC ĐẦU TƯ DỰ KIẾN Tổng mức đầu tư (bao gồm VAT) được dự kiến xây dựng hoàn thiện tiêu chuẩn 5 sao. III. PHÂN BỔ GIÁ VỐN VÀ TÍNH GIÁ HÒA VỐN: Cơ cấu giá vốn/m2 thương phẩm Giá vốn phân",https://www.google.com/maps/search/Holiday+Beach
BDS-MASTER-0286,Hoà Xuân 15h by Unknown User,Hoà Xuân 15h by Unknown User,2,2025-08-04,[2025-08-04] Huy M - IM 8/4/2025 7:25 AM Translate Hôm nay Team sẽ báo Sếp: Đấu giá 37 ha 2. Đấu giá 77 ha 3. NOXH Đông Trung 4. 2 Khu đất Hoà Xuân 15h by Unknown User,https://www.google.com/maps/search/Ho%C3%A0+Xu%C3%A2n+15h+by+Unknown+User
BDS-MASTER-0342,Hoàng Cát Center có quy mô 7,Hoàng Cát Center có quy mô 7,2,2024-10-14,"[2024-10-14] Thao L - INVT 10/14/2024 12:05 PM K.ĐT báo cáo anh Mr Mike1 -CEO về dự án Hoàng Cát Center có quy mô 7,5ha, nằm trên QL 13, Lai Uyên… Check lại giá xem sao ở đây mà còn rẻ hơn Khu Cát Tường ngay Trung Tâm Chơn Thành nữa.",https://www.google.com/maps/search/Ho%C3%A0ng+C%C3%A1t+Center+c%C3%B3+quy+m%C3%B4+7
BDS-MASTER-0186,Khách sạn,Khách sạn,2,2025-04-17,"[2025-04-17] Thao L - INVT 4/17/2025 6:20 PM K.ĐT báo cáo anh Mr Mike1 -CEO về các chỉ tiêu hoạt động của 06 dự án Khách sạn: A. THÔNG SỐ CƠ BẢN 📷 B. THÔNG SỐ HOẠT ĐỘNG CHI TIẾT 1. B11- Gần Alacarte - Diện tích đất: 597.7m2; Loại đất: Đất ở tại đô thị; Thời hạn: Lâu dài 📷 2. Serence - Diện tích đất: 1,381m2; Loại đất: Cơ sở sản … Em gửi lại bảng tính nhanh ạ Tuy nhiên lúc này tính cho fs lô B11 thì an... by Huy M - IM --- [2025-04-17] Thao L - INVT 4/17/2025 6:20 PM Edited Translate K.ĐT báo cáo",https://www.google.com/maps/search/Kh%C3%A1ch+s%E1%BA%A1n
BDS-MASTER-0111,Phú Quang,Phú Quang,2,2025-07-15,"[2025-07-15] Khoa L - INVT 7/15/2025 5:46 PM Translate P.ĐT báo cáo CEO Mr Mike1 -CEO cập nhật FS dự án Phú Quang, Về nghĩa vụ tiền sử dụng đất dự án, trước đây Công ty đang định hướng sẽ được khấu trừ phần tiền sử dụng đất mà đối tác cam kết nộp cho diện tích giao đất đợt 1 (tương ứng với QH 1/500 cũ) vào số tiền sử dụng đất đợt 2 (theo QH 1/500 mới). Tuy nhiên, hiện nay công tác điều chỉnh QH1/500 đã được hoàn thành trước công tác đóng tiền đợt 1 thực hiện. Do đó, khả năng công ty sẽ phải đóng",https://www.google.com/maps/search/Ph%C3%BA+Quang
BDS-MASTER-0087,Phú Quang cập nhật,Phú Quang cập nhật,2,2025-04-25,"[2025-04-25] Khoa L - INVT 4/25/2025 6:04 PM Edited Translate P.Đầu tư Báo cáo anh Mr Mike1 -CEO về hiệu quả dự án Phú Quang cập nhật theo phương án quy hoạch mới nhất (18.051 dân) 1. Thông tin quy hoạch: Hệ số sử dụng đất: 6,41 - 7,69 Cơ cấu sử dụng đất: Tổng diện tích 32 ha Diện tích cây xanh cảnh quan: 14,4 ha Diện tích đất thương phẩm: 17 ha Đất thấp tầng: 4,5 ha Đất chung cư NOXH: 2,8 ha Đất chung cư NOTM: 5,8 ha Cơ cấu diện tích sàn thương phẩm: Chung cư NOXH: 129.874 m2 Chung cư NOTM: 323",https://www.google.com/maps/search/Ph%C3%BA+Quang+c%E1%BA%ADp+nh%E1%BA%ADt
BDS-MASTER-0190,Phú Quang – Phương án bổ sung tiền sử dụng đất (LURF) và chi phí liên quan đến phần đất công trong dự án,Phú Quang – Phương án bổ sung tiền sử dụng đất (LURF) và chi phí liên quan đến phần đất công trong dự án,2,2025-03-12,"[2025-03-12] Khoa L - INVT 3/12/2025 2:56 PM Translate K.ĐT gửi anh Mr Mike1 -CEO về hiệu quả dự án Phú Quang – Phương án bổ sung tiền sử dụng đất (LURF) và chi phí liên quan đến phần đất công trong dự án: Trước hết, Phòng Đầu tư tổng hợp và báo cáo nghĩa vụ các bên trong cấu trúc deal như sau: Bên Bán Bên mua Diện tích giao đất đợt 1 (12.6ha) đã giao cho Phú Quang theo QĐ 2987 (07/10/2020) - Chi phí và công tác đền bù/ GPMB - Tiền chuyển mục đích sử dụng đất theo QĐ 2987 (07/10/2020) - Chi phí ",https://www.google.com/maps/search/Ph%C3%BA+Quang+%E2%80%93+Ph%C6%B0%C6%A1ng+%C3%A1n+b%E1%BB%95+sung+ti%E1%BB%81n+s%E1%BB%AD+d%E1%BB%A5ng+%C4%91%E1%BA%A5t+%28LURF%29+v%C3%A0+chi+ph%C3%AD+li%C3%AAn+quan+%C4%91%E1%BA%BFn+ph%E1%BA%A7n+%C4%91%E1%BA%A5t+c%C3%B4ng+trong+d%E1%BB%B1+%C3%A1n
BDS-MASTER-0220,Richland Quận 9,"Richland Quận 9, Quận 9",2,2026-07-02,"[] Phòng Đầu Tư báo cáo Sếp Admin 01 về DA Richland Quận 9. Trên cơ sở báo cáo pháp lý từ phòng Pháp lý DA, P. Đầu tư xin tổng hợp những điểm chính cần lưu ý đối với dự án Richland Quận 9 như sau: 1 .Pháp lý đầu tư và đất : Dự án phải hoàn thành vào tháng 3/2011 => Dự án chậm tiến độ triển khai + Chậm đưa đất vào sử dụng. Cần làm rõ DA đã được gia hạn sử đụng đất chưa? 2. Nghĩa vụ tài chính + đền bù: Nghĩa vụ tài chính dự án: Chưa hoàn thành nghĩa vụ tài chính tương ứng với chỉ tiêu quy hoạch đư",https://www.google.com/maps/search/Richland+Qu%E1%BA%ADn+9%2C+Qu%E1%BA%ADn+9
BDS-MASTER-0353,Swanbay 456ha hiện Dic đã chuyển,"Swanbay 456ha hiện Dic đã chuyển, Q.3",2,2023-06-03,"[2023-06-03] Huy M - IM 6/3/2023 11:32 AM Trước đây team cũng có giá thị trường của 2 khu vào Q.3/2022 nên sẽ cập nhật thêm giá hiện tại để có so sánh giá Giờ thấy chủ đầu tư rao cắt lỗ hạ giá tùm lum hết mà, sao lại khó kiếm thông tin vậy hã Bên dự án Swanbay 456ha hiện Dic đã chuyển ... by Huy M - IM",https://www.google.com/maps/search/Swanbay+456ha+hi%E1%BB%87n+Dic+%C4%91%C3%A3+chuy%E1%BB%83n%2C+Q.3
BDS-MASTER-0294,Swanbay 456ha hiện Dic đã chuyển nhượng lại các dự án thành phần cho các chủ đầu tư khác nên có nhiều dự án co,Swanbay 456ha hiện Dic đã chuyển nhượng lại các dự án thành phần cho các chủ đầu tư khác nên có nhiều dự án co,2,2023-06-05,"[2023-06-05] Huy M - IM 6/5/2023 12:25 PM Bên dự án Swanbay 456ha hiện Dic đã chuyển nhượng lại các dự án thành phần cho các chủ đầu tư khác nên có nhiều dự án con. Bên Aqua cũng khá nhiều phân khu. Team thu thập giá các loại hình nhà phố, shophouse, villa. Ngày mai sẽ gửi tổng hợp so sánh báo cáo Tuấn nhé. ok by Unknown User",https://www.google.com/maps/search/Swanbay+456ha+hi%E1%BB%87n+Dic+%C4%91%C3%A3+chuy%E1%BB%83n+nh%C6%B0%E1%BB%A3ng+l%E1%BA%A1i+c%C3%A1c+d%E1%BB%B1+%C3%A1n+th%C3%A0nh+ph%E1%BA%A7n+cho+c%C3%A1c+ch%E1%BB%A7+%C4%91%E1%BA%A7u+t%C6%B0+kh%C3%A1c+n%C3%AAn+c%C3%B3+nhi%E1%BB%81u+d%E1%BB%B1+%C3%A1n+co
BDS-MASTER-0114,chung cư trên quy đất này có thể theo 2 hướng,"chung cư trên quy đất này có thể theo 2 hướng, Long Thành",2,2022-08-26,"[] Phòng pháp lý tư vấn để triển khai phát triển dự án chung cư trên quy đất này có thể theo 2 hướng: + Hướng 1 (muốn triển khai sớm): Vì QH 1/2000 đã quy định rõ quỹ đất này thuộc 1 phần ô đất I.04 có chức năng Khu nhà cao tầng có quy mô 46000m2, dân số 2448 người, 18-23 tầng cao, MĐXD 20%, HSSD 3.85-4.93 => BeeG cần phải mua thêm các thửa đất liền kề để sở hữu đủ phần đất thuộc ô I.04 thì mới có thể làm dự án hoặc tham gia đấu thầu dự án vì BeeG sở hữu lớn phần đất thuộc ô I.04 nên có khả năng",https://www.google.com/maps/search/chung+c%C6%B0+tr%C3%AAn+quy+%C4%91%E1%BA%A5t+n%C3%A0y+c%C3%B3+th%E1%BB%83+theo+2+h%C6%B0%E1%BB%9Bng%2C+Long+Th%C3%A0nh
BDS-MASTER-0058,có 4 mặt tiền nằm tại trục chính đường Hoàng Quốc Việt,có 4 mặt tiền nằm tại trục chính đường Hoàng Quốc Việt,2,2022-10-31,"[2022-10-31] Trieu Nguyen-PTDT 10/31/2022 2:44 PM Edited KĐT gửi anh Tuan Tran-CEO báo cáo dự án 1.7ha tại đường Hoàng Quốc Việt, Hạ Long, Quảng Ninh có giá chào 140tr/m2 đất (2400 tỷ), cụ thể: Vị trị và hiện trạng: Dự án có 4 mặt tiền nằm tại trục chính đường Hoàng Quốc Việt, nằm trong quần thể dự án của BIM GROUP, có hướng nhìn ra biển Phía đối diện dự án có dự án công viên và biển hồ Pháp lý đất: GCNQSDĐ có quy mô 17098m2 đất ở kết hợp cửa hàng, thời hạn sử dụng lâu dài, có nguồn gốc nhà nước",https://www.google.com/maps/search/c%C3%B3+4+m%E1%BA%B7t+ti%E1%BB%81n+n%E1%BA%B1m+t%E1%BA%A1i+tr%E1%BB%A5c+ch%C3%ADnh+%C4%91%C6%B0%E1%BB%9Dng+Ho%C3%A0ng+Qu%E1%BB%91c+Vi%E1%BB%87t
BDS-MASTER-0226,cũng 42 tr/m2,cũng 42 tr/m2,2,2025-08-24,"[2025-08-24] Huy M - IM 8/24/2025 6:57 PM Translate Có tính rồi à Sếp. Theo thông tin giá đầu vào A Sơn Trợ lý báo 30 trđ/m2 trên 10ha. Tuy nhiên QH chỉ có 1.7 ha trên tổng 10 ha là đất ở. Dc áp hệ số 8, Tầng cao 30 tầng chỉ cho 1.7 ha. Giá bán RD đề xuất là 42 47 chưa v, tim. Trong khi giá vốn 10ha chia lại 1.7 đang rất cao và đơn giá bản giá đất NN tiền sử đụng đất đoạn qua dự án cũng 42 tr/m2. Nên Dự án ko đạt hiệu quả với Quy hoạch hiện tại Ngoài ra Team cũng thử binh phương án quy h... by H",https://www.google.com/maps/search/c%C5%A9ng+42+tr%2Fm2
BDS-MASTER-0227,cần kiểm tra xem có chuyển lên thổ cư để thực hiện dự án chung cư được hay không,cần kiểm tra xem có chuyển lên thổ cư để thực hiện dự án chung cư được hay không,2,2022-08-26,"[] Phòng Pháp lý dự án cần kiểm tra xem có chuyển lên thổ cư để thực hiện dự án chung cư được hay không, và nêu rõ quy trình thực hiện dự án Phía đối tác chào bán hiện trạng - Nguồn: Mr. Nhựt - Link Map: https://goo.gl/maps/C86NnDNwQKH22Bek9- Link OneDrive: Dự án 1.2ha đường Thuận An Hòa, P. An Phú - OneDrive (sharepoint.com)",https://www.google.com/maps/search/c%E1%BA%A7n+ki%E1%BB%83m+tra+xem+c%C3%B3+chuy%E1%BB%83n+l%C3%AAn+th%E1%BB%95+c%C6%B0+%C4%91%E1%BB%83+th%E1%BB%B1c+hi%E1%BB%87n+d%E1%BB%B1+%C3%A1n+chung+c%C6%B0+%C4%91%C6%B0%E1%BB%A3c+hay+kh%C3%B4ng
BDS-MASTER-0065,gồm Chung cư cao tầng gồm 02 Hầm + 02 tầng Khối đế + 26 tầng căn hộ (trong đó căn hộ NOXH chiếm 20% tổng số că,gồm Chung cư cao tầng gồm 02 Hầm + 02 tầng Khối đế + 26 tầng căn hộ (trong đó căn hộ NOXH chiếm 20% tổng số că,2,2023-08-03,[2023-08-03] Thao L - INVT 8/3/2023 2:24 PM Edited 2. PHƯƠNG ÁN PHÁT TRIỂN ĐỀ XUẤT: 2.1. Phương án Cao tầng: Sử dụng hiệu quả nhất các chỉ tiêu quy hoạch và xin thêm 2.522 dân. a. Quy mô: Dự án gồm Chung cư cao tầng gồm 02 Hầm + 02 tầng Khối đế + 26 tầng căn hộ (trong đó căn hộ NOXH chiếm 20% tổng số căn hộ); Trường mầm non và Y tế. b. Loại hình kinh doanh: 02 tầng khối đế cho thuê sàn trung tâm thương mại: 5.162m2 sàn thương phẩm (tỷ lệ thương phẩm trung bình 57%). 26 tầng tháp bán căn hộ: 75.5,https://www.google.com/maps/search/g%E1%BB%93m+Chung+c%C6%B0+cao+t%E1%BA%A7ng+g%E1%BB%93m+02+H%E1%BA%A7m+%2B+02+t%E1%BA%A7ng+Kh%E1%BB%91i+%C4%91%E1%BA%BF+%2B+26+t%E1%BA%A7ng+c%C4%83n+h%E1%BB%99+%28trong+%C4%91%C3%B3+c%C4%83n+h%E1%BB%99+NOXH+chi%E1%BA%BFm+20%25+t%E1%BB%95ng+s%E1%BB%91+c%C4%83
BDS-MASTER-0374,lớn và có quy mô tương tự dự án Nghiên cứu (Dự án – Hùng Thắng 1,lớn và có quy mô tương tự dự án Nghiên cứu (Dự án – Hùng Thắng 1,2,2022-10-01,"[2022-10-01] Huy M - IM 10/1/2022 9:26 AM KĐT gửi CEO Tuan Tran-CEO kế hoạch đi khảo sát thị trường Quảng Ninh chi tiết như sau: Mục tiêu: Khảo sát thị trường Quảng Ninh, các dự án lớn và có quy mô tương tự dự án Nghiên cứu (Dự án – Hùng Thắng 1.7 ha) Thời gian: Ngày 3 – 5/11/2022 Nhân sự: Võ Bình – GĐ KĐT Mai Huy – TP ĐT Nguyễn Thanh Sơn - TP R&D Văn Đình Sơn – Trợ lý TGĐ KĐT trình CEO xét duyệt để triển khai các công tác liên quan. Ok by Unknown User",https://www.google.com/maps/search/l%E1%BB%9Bn+v%C3%A0+c%C3%B3+quy+m%C3%B4+t%C6%B0%C6%A1ng+t%E1%BB%B1+d%E1%BB%B1+%C3%A1n+Nghi%C3%AAn+c%E1%BB%A9u+%28D%E1%BB%B1+%C3%A1n+%E2%80%93+H%C3%B9ng+Th%E1%BA%AFng+1
BDS-MASTER-0263,mình lên gia tăng hiệu quả đầu tư vì không tốn thêm bộ máy vận hành,mình lên gia tăng hiệu quả đầu tư vì không tốn thêm bộ máy vận hành,2,2023-04-26,[2023-04-26] Huy M - IM 4/26/2023 10:10 AM Anh có đề xuất nếu được mình xin thêm 75ha bên cạnh để scale dự án mình lên gia tăng hiệu quả đầu tư vì không tốn thêm bộ máy vận hành. Và sẽ ăn theo được khu Vsip khi họ phát triển Link https://goo.gl/maps/nSTM1wgMZyyzcAhg9 by Unknown User,https://www.google.com/maps/search/m%C3%ACnh+l%C3%AAn+gia+t%C4%83ng+hi%E1%BB%87u+qu%E1%BA%A3+%C4%91%E1%BA%A7u+t%C6%B0+v%C3%AC+kh%C3%B4ng+t%E1%BB%91n+th%C3%AAm+b%E1%BB%99+m%C3%A1y+v%E1%BA%ADn+h%C3%A0nh
BDS-MASTER-0384,nêu trên (QĐ 789 cho khu đất 2,nêu trên (QĐ 789 cho khu đất 2,2,2025-06-26,"[2025-06-26] Khoa L - INVT 6/26/2025 5:30 PM Translate P.Đầu tư gởi thêm hồ sơ mời quan tâm của 2 dự án nêu trên (QĐ 789 cho khu đất 2,1ha và QĐ 787 cho khu đất 3,7ha) 2025-QD-789 - Phe duyet ho so moi quan tam du an.pdf 2025-QD-787.pdf",https://www.google.com/maps/search/n%C3%AAu+tr%C3%AAn+%28Q%C4%90+789+cho+khu+%C4%91%E1%BA%A5t+2
BDS-MASTER-0230,nữa Tính ra thì đúng là như vậy,nữa Tính ra thì đúng là như vậy,2,2025-01-20,"[2025-01-20] Unknown User 1/20/2025 11:58 AM Tính ra đi mua ở đây là còn rẻ hơn tự đi làm dự án nữa Tính ra thì đúng là như vậy. Tuy nhiên khu vực Chơn Thành Bình Phước thị trường còn yếu, nhiều dự án bán chủ yếu đầu cơ, không có dân về ở. Khu KCN Becamex hơn 2000ha cũng chỉ mới lắp đầy hơn 10%. Chưa kể kcn cũng sẽ có quy hoạch khu nhà ở cho người lao động… nên các khu này nếu mua thì phải đợi rất lâu. Team cũng đang đánh giá khu đất Đường Nguyên Văn Linh, đang chờ anh Tài gửi Quy Hoạch mới nhất",https://www.google.com/maps/search/n%E1%BB%AFa+T%C3%ADnh+ra+th%C3%AC+%C4%91%C3%BAng+l%C3%A0+nh%C6%B0+v%E1%BA%ADy
BDS-MASTER-0391,team đã đi khảo sát,team đã đi khảo sát,2,2023-04-15,"[2023-04-15] Huy M - IM 4/15/2023 11:39 AM Edited Bên Thái tuần này đang trong thời gian nghỉ lễ Tết truyền thống của họ, qua đầu tuần sau sẽ gửi bổ sung thêm các thông tin còn thiếu cho các dự án team đã đi khảo sát. Team sẽ gửi Tuấn báo cáo cho dự án 1ha -Bangkok vào ngày 21/4 nhé.",https://www.google.com/maps/search/team+%C4%91%C3%A3+%C4%91i+kh%E1%BA%A3o+s%C3%A1t
BDS-MASTER-0232,trên có diện tích hơn 77ha,trên có diện tích hơn 77ha,2,2025-08-13,"[2025-08-13] Mr Mike1 -CEO 8/13/2025 2:01 PM Translate Theo quyết định, khu đất trên có diện tích hơn 77ha, quy mô dân số 12.000 - 20.000 người, tỷ lệ lập quy hoạch là 1/500. Ủa trong quy hoạch có cụ thể số dân chưa nh... by Unknown User",https://www.google.com/maps/search/tr%C3%AAn+c%C3%B3+di%E1%BB%87n+t%C3%ADch+h%C6%A1n+77ha
BDS-MASTER-0069,ở khu vực gần đó đã được duyệt giá đất (như Emerald 2,ở khu vực gần đó đã được duyệt giá đất (như Emerald 2,2,2025-08-08,"[] P.ĐT giả định giá chào bán bao gồm chỉ tiêu dân số 3.952 dân với các chỉ tiêu tính toán từ phòng QH như sau: Dân ~ 3.952 dân, tầng cao 31 tầng (có 2 tầng nổi để xe), 1 tầng hầm; Hệ số sử dụng đất 7,5 lần. Quy mô xây dựng và sản phẩm: + Xây dựng: 1 tầng hầm, (để xe trên 2 tầng nổi và không bố trí diện tích TMDV), 31 tầng nổi, 1.921 căn hộ (diện tích bình quân 67 m2/căn) mà không bố trí Shop tầng trệt. + Kinh doanh: 1.921 căn hộ ở ~ diện tích sàn tim tường 128.324 m2 (đói tác không đề xuất Shop",https://www.google.com/maps/search/%E1%BB%9F+khu+v%E1%BB%B1c+g%E1%BA%A7n+%C4%91%C3%B3+%C4%91%C3%A3+%C4%91%C6%B0%E1%BB%A3c+duy%E1%BB%87t+gi%C3%A1+%C4%91%E1%BA%A5t+%28nh%C6%B0+Emerald+2
BDS-MASTER-0275,(1) chưa có chủ trương đầu tư (Điểm cộng để xin thí điểm) + (2) dự án chưa đăng ký ngay đợt đầu như PGK nên sợ,(1) chưa có chủ trương đầu tư (Điểm cộng để xin thí điểm) + (2) dự án chưa đăng ký ngay đợt đầu như PGK nên sợ,1,2025-04-09,"[2025-04-09] Huy M - IM 4/9/2025 6:02 PM Translate Đúng rồi à cái này giống như PGK sẽ phải xin vào thí điểm, tuy nhiên dự án (1) chưa có chủ trương đầu tư (Điểm cộng để xin thí điểm) + (2) dự án chưa đăng ký ngay đợt đầu như PGK nên sợ sẽ hết room Nói chuyện với anh Tâm thử xem by Unknown User",https://www.google.com/maps/search/%281%29+ch%C6%B0a+c%C3%B3+ch%E1%BB%A7+tr%C6%B0%C6%A1ng+%C4%91%E1%BA%A7u+t%C6%B0+%28%C4%90i%E1%BB%83m+c%E1%BB%99ng+%C4%91%E1%BB%83+xin+th%C3%AD+%C4%91i%E1%BB%83m%29+%2B+%282%29+d%E1%BB%B1+%C3%A1n+ch%C6%B0a+%C4%91%C4%83ng+k%C3%BD+ngay+%C4%91%E1%BB%A3t+%C4%91%E1%BA%A7u+nh%C6%B0+PGK+n%C3%AAn+s%E1%BB%A3
BDS-MASTER-0081,(GỒM VAT) – 4,(GỒM VAT) – 4,1,2025-09-11,"[2025-09-11] Thao L - INVT 9/11/2025 5:28 PM Edited Translate K.ĐT báo cáo anh Mr Mike1 -CEO về Phương án Thấp tầng Phú Gia Khiêm như sau: 1. CHI PHÍ DỰ ÁN (GỒM VAT) – 4,847TỶ - Chi phí M&A: 700 tỷ - Chi phí pháp lý: 55 tỷ - Chi phí Chuyển mục đích tiền sử dụng đất: 550 tỷ ~ 17.5tr/m2 (Gấp 3.1 lần Đơn giá Nhà nước Mặt tiền đường Bình Chuẩn 67) - Tổng chi phí xây dựng all in: 2,197 tỷ + Chi phí xây dựng Hạ tầng, cảnh quan allin trên tổng diện tích dự án: 48 tỷ ~ 1.42tr/m2 đất + Chi phí xây dựng C",https://www.google.com/maps/search/%28G%E1%BB%92M+VAT%29+%E2%80%93+4
BDS-MASTER-0237,1 - Lợi nhuận trước thuế/TMĐT 22,1 - Lợi nhuận trước thuế/TMĐT 22,1,2024-09-18,"[2024-09-18] Trieu Nguyen-PTDT 9/18/2024 11:50 AM Translate Stt Nội dung 600 tỷ 650 tỷ 700 tỷ 750 tỷ 800 tỷ 850 tỷ 900 tỷ 950 tỷ 1000 tỷ 1050 tỷ 1100 tỷ Hiệu quả dự án 1 - Lợi nhuận trước thuế/TMĐT 22,9% 21,3% 19,8% 18,4% 16,9% 15,5% 14,1% 12,8% 11,5% 10,2% 9,0% 2 - NPV (tỷ suất chiết khấu 11%) (tỷ đồng) 241 199 157 115 73 32 (10) (51) (94) (136) (178) 3 - IRR chủ đầu tư 20,1% 18,2% 16,5% 14,9% 13,4% 12,0% 10,7% 9,5% 8,4% 7,3% 6,3% 4 - Thời gian hoàn vốn chủ đầu tư (không chiết khấu) 3,75 năm 4,",https://www.google.com/maps/search/1+-+L%E1%BB%A3i+nhu%E1%BA%ADn+tr%C6%B0%E1%BB%9Bc+thu%E1%BA%BF%2FTM%C4%90T+22
BDS-MASTER-0413,3047583976353865173,3047583976353865173,1,2022-08-22,[2022-08-22] Trieu Nguyen-PTDT 8/22/2022 5:34 PM Video bãi biển Quy Hòa gần khu vực hầm chui của dự án 3047583976353865173.mp4 Loading... KĐT gửi anh Tuan Tran-CEO báo cáo dự án... by Thao L - INVT --- [2022-08-22] Trieu Nguyen-PTDT 8/22/2022 5:34 PM Video bãi biển Quy Hòa gần khu vực hầm chui của dự án 3047583976353865173.mp4 KĐT gửi anh Tuan Tran-CEO báo cáo dự án... by Thao L - INVT,https://www.google.com/maps/search/3047583976353865173
BDS-MASTER-0099,31 Trần Não,31 Trần Não,1,,"[] Thao L - INVT 5/11 1:38 PM Edited Translate K.ĐT gửi anh Admin 01 báo cáo dự án 31 Trần Não như sau: I. TỔNG QUAN 02 PHƯƠNG ÁN: II. PHƯƠNG ÁN CĂN HỘ DỊCH VỤ KẾT HỢP VĂN PHÒNG VÀ TRUNG TÂM THƯƠNG MẠI 1. Chi phí xây dựng (VAT): 1,800 tỷ - Đơn giá XD Allin: 21.5tr/m2 (trong đó SĐT VP + hầm: 18.6tr/m2 - Dựa vào S.ĐT P.QS tính theo chuẩn VP Opal) - SĐT/CHDV: 3.1 tỷ/key 2. Doanh thu và Chi phí vận hành (VAT): - Tỷ lệ diện tích thương phẩm Văn phòng đạt khoảng 79%, CHDV chỉ khoảng 60% (nhiều tiện íc",https://www.google.com/maps/search/31+Tr%E1%BA%A7n+N%C3%A3o
BDS-MASTER-0335,31 Trần Não – PA4,31 Trần Não – PA4,1,,"[] Thao L - INVT 5/20 3:20 PM Translate K.ĐT báo cáo anh Admin 01 về dự án 31 Trần Não – PA4: Full VP + tiện ích (gym, hồ bơi,…) như sau: I. Tóm tắt PA4: Tách một phần tầng 03 làm Hồ bơi 240m2 và 378 m2 làm các tiện ích như: + Giải khát 25 chỗ + Gym + Yoga/Fitness + Khu ăn uống 50 chỗ + WC, thay đồ => Phần tiện ích này sẽ đầu tư hoàn thiện full nội thất có thể đưa vào hoạt động ngay khi hoàn thành 1. Chi phí xây dựng (VAT): - Phương án 4 có tiện ích: 1.578 tỷ đồng (SĐT all-in ~19 tr.đ/m² sàn) - ",https://www.google.com/maps/search/31+Tr%E1%BA%A7n+N%C3%A3o+%E2%80%93+PA4
BDS-MASTER-0414,35ha 1,"35ha 1, Hội AN",1,,[] Phòng xin gửi đính kèm hình hiện trạng khu đất. DAT RACH GIA.mp4 Vi tri va Ranh dat DA 35ha 1.pdf DAT RACH GIA 1.mp4 Add a vào group Hội AN Riverside cái by Admin 01,https://www.google.com/maps/search/35ha+1%2C+H%E1%BB%99i+AN
BDS-MASTER-0337,=> Nên chưa đánh giá hiệu quả dự án theo yếu tố dòng tiền ** Link Drive,=> Nên chưa đánh giá hiệu quả dự án theo yếu tố dòng tiền ** Link Drive,1,2022-11-02,[] Báo cáo này không đánh giá chi phí đầu vào bao gồm chi phí duy tu sửa chữa vì khách sạn đã không hoạt động trong giai đoạn dịch và chi phí mua dự án => Nên chưa đánh giá hiệu quả dự án theo yếu tố dòng tiền ** Link Drive: Dự án Regalia - OneDrive (sharepoint.com) ** Nguồn thông tin: chị Ngoc Vo-TL-TGD,https://www.google.com/maps/search/%3D%3E+N%C3%AAn+ch%C6%B0a+%C4%91%C3%A1nh+gi%C3%A1+hi%E1%BB%87u+qu%E1%BA%A3+d%E1%BB%B1+%C3%A1n+theo+y%E1%BA%BFu+t%E1%BB%91+d%C3%B2ng+ti%E1%BB%81n+%2A%2A+Link+Drive
BDS-MASTER-0124,AK (2025)~ 4,AK (2025)~ 4,1,,"[] P.ĐT tạm tính tại thời điểm cuối năm 2025 - đầu năm 2026, khi quy hoạch chi tiết tỷ lệ 1/500 chưa được phê duyệt, TSDĐ trong khoảng từ 700 - 1,100 tỷ đồng, cụ thể: Kịch bản thấp (Min): 700 tỷ đồng, cơ sở tham chiếu tỷ lệ ĐG đất thặng dư/ ĐGNN của dự án AK (2025)~ 4.x lần. Kịch bản cao (Max): 1,100 tỷ đồng, cơ sở tham chiếu mức giá bán căn hộ của dự án AK khoảng 37.7 triệu đồng/m². Tuy nhiên, theo tiến độ hiện tại, thời điểm dự kiến được giao đất của dự án PKG vào khoảng giữa đến cuối năm 2026",https://www.google.com/maps/search/AK+%282025%29~+4
BDS-MASTER-0238,Ana Mandara Villas Dalat Resort & Spa,Ana Mandara Villas Dalat Resort & Spa,1,,"[] P.ĐT báo cáo anh Tuan Tran-CEO, đánh giá và đề xuất 2 tài sản cho thuê đặc thù của DLR như sau: 1/ Thông tin về Hợp đồng cho thuê của 2 tài sản Hòa Bình và Khu Lê Lai Khu Lê Lai: Đối tượng hợp đồng: 15 căn biệt thự và toàn bộ diện tích đất cho thuê lại của UBND tỉnh Lâm Đồng, khoảng 3,4ha Thời hạn thuê: thuê nhà và thuê lại đất gắn liền với nhà: 50 năm (từ ngày 03/09/2003 đến ngày 02/09/2053) Giá cho thuê năm 2024: 650tr/năm ~54 tr/tháng (đã bao gồm VAT) bao gồm: + Toàn bộ 15 biệt thự: 433tr/",https://www.google.com/maps/search/Ana+Mandara+Villas+Dalat+Resort+%26+Spa
BDS-MASTER-0417,Aqua thì hiện nay Nova đang dừng triển khai ở dự án này,Aqua thì hiện nay Nova đang dừng triển khai ở dự án này,1,2023-06-03,"[2023-06-03] Huy M - IM 6/3/2023 11:30 AM Hôm qua team đã đi khảo sát thị trường 2 khu vực. Đối với khu Swanbay mình đang chờ môi giới gửi và tổng hợp lại. Đối với dự án Aqua thì hiện nay Nova đang dừng triển khai ở dự án này, cuối tháng rồi cũng có các vụ biểu tình của khách hàng dưới này nên hiện tại dự án Aqua không còn môi giới và cũng đang hạn chế đi lại. Team đang liên hệ thêm các môi giới để lấy thông tin à. Trước đây team cũng có giá thị trường của 2... by Huy M - IM",https://www.google.com/maps/search/Aqua+th%C3%AC+hi%E1%BB%87n+nay+Nova+%C4%91ang+d%E1%BB%ABng+tri%E1%BB%83n+khai+%E1%BB%9F+d%E1%BB%B1+%C3%A1n+n%C3%A0y
BDS-MASTER-0339,Begin quote,Begin quote,1,2023-12-18,"[2023-12-18] Huy M - IM 12/18/2023 6:49 PM Phương án 1 mình cũng có QH nhà noxh rồi ah. Tuy nhiên QH của PA1 nhà nước duyệt dân số chiếm chỉ 14.5% dân số của dự án Begin quote, Tuan Tran-CEO , 12/18/2023 6:4... by Huy M - IM",https://www.google.com/maps/search/Begin+quote
BDS-MASTER-0282,CCN Giao Yến cũng đang ở bước đầu xin dự án,CCN Giao Yến cũng đang ở bước đầu xin dự án,1,2023-04-26,"[2023-04-26] Huy M - IM 4/26/2023 6:11 PM Edited Việc lựa chọn Đầu tư Cụm công nghiệp Giao Yến - Nam Định dựa trên: - Hưởng lợi từ việc đẩy mạnh phát triển hạ tầng giao thông tương lai của Nam Định - Hưởng lợi từ KCN VSIP khi triển khai sẽ tạo thị trường đẩy giá cho KCN khu vực. Dự án CCN Giao Yến cũng đang ở bước đầu xin dự án, sẽ phải thực hiện bồi thường giải phóng mặt bằng, triền khai các công tác pháp lý, xây dựng hạ tầng khu công nghiệp. Tiến độ sẽ thực hiện đồng bộ để đón điểm rơi theo vi",https://www.google.com/maps/search/CCN+Giao+Y%E1%BA%BFn+c%C5%A9ng+%C4%91ang+%E1%BB%9F+b%C6%B0%E1%BB%9Bc+%C4%91%E1%BA%A7u+xin+d%E1%BB%B1+%C3%A1n
BDS-MASTER-0283,Cty Định Giá Việt,Cty Định Giá Việt,1,2025-11-06,"[2025-11-06] Thoi L - ASST. 11/6/2025 5:32 PM Translate Huy M - IM Anh gửi Huy xem qua b/c định giá của Fenica để rà soát điều chỉnh và b/c Sếp, nếu cần nhé. PP so sánh trực tiếp đề xuất giá bán trung bình là 38.4tr/m2. Fenica- Dự thảo định giá DA - Cty Định Giá Việt.pdf Begin quote, Thoi L - ASST. , 11/6/2025 5:3... by Huy M - IM",https://www.google.com/maps/search/Cty+%C4%90%E1%BB%8Bnh+Gi%C3%A1+Vi%E1%BB%87t
BDS-MASTER-0243,Fenica (16%),Fenica (16%),1,2026-05-27,"[2026-05-27] Admin 01 5/27/2026 4:34 PM Chi phí bán hàng ngoài đảo này tốn hơn nha Về chi phí bán hàng: -Tỷ lệ chi phí bán hàng của khối cao tầng đang dự kiến ở mức 17%, cao hơn so với dự án Fenica (16%). Đồng thời, mức chi phí này hiện chưa bao gồm chi phí nhà mẫu. -Ngoài ra, trong cơ cấu chi phí bán hàng có nhiều khoản mang tính chất cố định (fixed cost) nhưng hiện vẫn đang được phân bổ theo tỷ lệ doanh thu, như: chi phí setup sàn bán hàng, chi phí nhân sự quản lý, chi phí tổ chức sự kiện/bán ",https://www.google.com/maps/search/Fenica+%2816%25%29
BDS-MASTER-0421,Green Hill 2054482750212548727,Green Hill 2054482750212548727,1,2022-08-22,"[2022-08-22] Trieu Nguyen-PTDT 8/22/2022 5:33 PM Video quang cảnh trước dự án Green Hill 2054482750212548727.mp4 Loading... Video bãi biển Quy Hòa gần khu vực hầm chui... by Unknown User, has an attachment. --- [2022-08-22] Trieu Nguyen-PTDT 8/22/2022 5:33 PM Video quang cảnh trước dự án Green Hill 2054482750212548727.mp4 Video bãi biển Quy Hòa gần khu vực hầm chui... by Unknown User, has an attachment.",https://www.google.com/maps/search/Green+Hill+2054482750212548727
BDS-MASTER-0422,Greenhill Village … 03,Greenhill Village … 03,1,2023-05-18,[2023-05-18] Huy M - IM 5/18/2023 10:25 AM https://www.youtube.com/watch?v=ft9L6yTGL6A Dự án Greenhill Village … 03:48 | 1.6K views | 2 years ago www.youtube.com Này lâu dài đúng ko a by Unknown User,https://www.google.com/maps/search/Greenhill+Village+%E2%80%A6+03
BDS-MASTER-0341,HLW - Merryaland 1,HLW - Merryaland 1,1,2022-08-23,[2022-08-23] Binh Vo-GD-PTDT 8/23/2022 9:50 AM Hưng Thịnh Thịnh xin cập nhật thông tin dự án HLW - Merryaland 1. FILE TRAINING HOLLYWOOD HILLS https://hungthinhcorpvietnam-my.sharepoint.com/:f:/g/personal/tam_nguyenhoanghai1_hungthinhcorp_com_vn/EgLIleLpqUNMiy8xqeCD6GcBH2Xpci7vPptmJImekG_eEQ?e=p8mXMh 2. PHỐI CẢNH 3D https://hungthinhcorpvietnam-my.sharepoint.com/:f:/g/personal/tam_nguyenhoanghai1_hungthinhcorp_com_vn/Eq01kgIBMQlEoXw-Km3XF9ABGVjCCK0ksjuolQa1yJBTUw?e=RinEIv 3. PRINT AD TRUYỀN THÔN,https://www.google.com/maps/search/HLW+-+Merryaland+1
BDS-MASTER-0490,Hiyori e đang tổng hợp thông tin,Hiyori e đang tổng hợp thông tin,1,2025-09-29,"[] Dạ Sếp, về thông tin dự án Hiyori e đang tổng hợp thông tin, trong chiều e báo cáo nội dung này ạ Giá bán 90tr a thấy hơi rẻ by Unknown User",https://www.google.com/maps/search/Hiyori+e+%C4%91ang+t%E1%BB%95ng+h%E1%BB%A3p+th%C3%B4ng+tin
BDS-MASTER-0343,Hội An Riverside có nhiều khả năng thay đổi concept,"Hội An Riverside có nhiều khả năng thay đổi concept, Hội An",1,2025-01-02,"[2025-01-02] Thoi L - ASST. 1/2/2025 9:46 AM Translate Huy Mai-PTDTChào Huy, DA Hội An Riverside có nhiều khả năng thay đổi concept, do vướn quy định về khoảng lùi hành lang bờ sông 10m (hiện nay đang tk là 5m). Huy trao đổi với A Kiên để cập nhật tt kịp thời nhé. Begin quote, Thoi -Tro Ly GD , 1/2/2025 9:4... by Huy M - IM --- [2025-01-02] Thoi L - ASST. 1/2/2025 9:46 AM Huy Mai-PTDTChào Huy, DA Hội An Riverside có nhiều khả năng thay đổi concept, do vướn quy định về khoảng lùi hà… Bữa a Kiên c",https://www.google.com/maps/search/H%E1%BB%99i+An+Riverside+c%C3%B3+nhi%E1%BB%81u+kh%E1%BA%A3+n%C4%83ng+thay+%C4%91%E1%BB%95i+concept%2C+H%E1%BB%99i+An
BDS-MASTER-0288,KS 25 Trần Phú sẽ đi theo PA 5 tầng nổi + 1 tầng hầm,KS 25 Trần Phú sẽ đi theo PA 5 tầng nổi + 1 tầng hầm,1,2025-04-28,"[2025-04-28] Thoi L - ASST. 4/28/2025 5:50 PM Huy Mai-PTDTDear Huy, như đã họp sáng nay (sau khi A Tùng đã làm việc với XSD Lâm Đồng), DA KS 25 Trần Phú sẽ đi theo PA 5 tầng nổi + 1 tầng hầm; MĐXD:60% - 108 phòng, 5 sao. Anh sẽ thúc triển khai tiếp xúc tiến xin DA theo thông tin này. Ok Anh. Thông tin này tương đương với PA 1 em đã tính toán với mật độ 60% --- [2025-04-28] Thoi L - ASST. 4/28/2025 5:50 PM Huy Mai-PTDTDear Huy, như đã họp sáng nay (sau khi A Tùng đã làm việc với XSD Lâm Đồng), DA",https://www.google.com/maps/search/KS+25+Tr%E1%BA%A7n+Ph%C3%BA+s%E1%BA%BD+%C4%91i+theo+PA+5+t%E1%BA%A7ng+n%E1%BB%95i+%2B+1+t%E1%BA%A7ng+h%E1%BA%A7m
BDS-MASTER-0217,Khu gia đình quân nhân quân chủng PK-KQ (8,"Khu gia đình quân nhân quân chủng PK-KQ (8, Biên Hòa",1,,"[] P.ĐT báo cáo anh Mr Mike1 -CEO về hiệu quả sơ bộ cho dự án Khu gia đình quân nhân quân chủng PK-KQ (8,46Ha) – Biên Hòa – Bộ Quốc Phòng. P.ĐT có tính thêm phương án theo phía đối tác cung cấp thông tin dự án có thể xây dựng được 15 tầng & độ cao tĩnh 55m. Dự án gồm 2 Khu 5,52ha và 2,94ha, PA quy hoạch phải đảm bảo dân số dưới 4000 dân cho mỗi khu để không hình thành đơn vị ở (trường hợp dân số vượt 4000 dân sẽ hình thành đơn vị ở, khi đó dự án phải bố trí cây xanh, các công trình công cộng….).",https://www.google.com/maps/search/Khu+gia+%C4%91%C3%ACnh+qu%C3%A2n+nh%C3%A2n+qu%C3%A2n+ch%E1%BB%A7ng+PK-KQ+%288%2C+Bi%C3%AAn+H%C3%B2a
BDS-MASTER-0248,Khu Đô Thị Văn Giang (Red River Villa) tại Hưng Yên,Khu Đô Thị Văn Giang (Red River Villa) tại Hưng Yên,1,,"[] P.ĐT gửi CEO Mr Mike1 -CEO tóm tắt Báo cáo pháp lý 26/05/2025 của Phòng Pháp lý đánh giá dự án Khu Đô Thị Văn Giang (Red River Villa) tại Hưng Yên, do liên danh Công ty CP VERACITY và Công ty TNHH HSE Việt Nam đề xuất: Thông tin dự án: Khu đô thị 446,9 ha tại Văn Giang, Hưng Yên Hinh thức: Đấu thầu dự án có sử dụng đất Tình trạng: Đang ở giai đoạn đề xuất từ 16/05/2022, chưa có tiến triển pháp lý rõ ràng. Mục tiêu là khu nhà ở, thương mại, du lịch sinh thái và nông nghiệp sạch. Đầu tư: Tổng v",https://www.google.com/maps/search/Khu+%C4%90%C3%B4+Th%E1%BB%8B+V%C4%83n+Giang+%28Red+River+Villa%29+t%E1%BA%A1i+H%C6%B0ng+Y%C3%AAn
BDS-MASTER-0347,Khu đô thị Bắc Quán Hành tại thị trấn Quán Hành,Khu đô thị Bắc Quán Hành tại thị trấn Quán Hành,1,2023-06-21,"[2023-06-21] Tuan Tran-CEO 6/21/2023 5:51 PM https://cafeland.vn/tin-tuc/khu-do-thi-gan-1000-ti-o-nghe-an-long-dong-tim-chu-120579.html?mibextid=Zxz2cZ Khu đô thị gần 1.000 tỉ ở Nghệ An long đong tìm chủ - CafeLand.Vn Thời gian đăng ký thực hiện dự án Khu đô thị Bắc Quán Hành tại thị trấn Quán Hành, huyện Nghi Lộc với tổng mức đầu tư gần 1.000 tỉ được gia hạn thêm 30 ngày. - CafeLand.Vn cafeland.vn Check thông tin nha mng by Unknown User",https://www.google.com/maps/search/Khu+%C4%91%C3%B4+th%E1%BB%8B+B%E1%BA%AFc+Qu%C3%A1n+H%C3%A0nh+t%E1%BA%A1i+th%E1%BB%8B+tr%E1%BA%A5n+Qu%C3%A1n+H%C3%A0nh
BDS-MASTER-0289,Long Tân đến nay là khoảng 871 tỷ,Long Tân đến nay là khoảng 871 tỷ,1,,"[] Dạ thông tin đã đền bù 183 ha được DIG công bố trên bản cáo bạch và báo cáo thường niên công ty ạ Theo đó, DIG đang ghi nhận giá vốn cho dự án Long Tân đến nay là khoảng 871 tỷ, tiền tạm ứng bồi thường khoảng 2.656 tỷ ạ. về quan điểm PĐT, vì chúng ta chưa biết rõ cơ cấu đất của dự án nên đang tạm lấy giá đất lúa (quan sát hiện trạng qua maps) để đảm bảo đánh giá mức giá thấp và thận trọng nhất ạ Tính giá thị trường khu này giờ phải 4tr/m ... by Unknown User --- [] Dạ thông tin đã đền bù 183 h",https://www.google.com/maps/search/Long+T%C3%A2n+%C4%91%E1%BA%BFn+nay+l%C3%A0+kho%E1%BA%A3ng+871+t%E1%BB%B7
BDS-MASTER-0290,Nguyễn Thiện Thuật và Đoàn Trần Nghiệp - Nha Trang,Nguyễn Thiện Thuật và Đoàn Trần Nghiệp - Nha Trang,1,2025-05-13,"[2025-05-13] Huy M - IM 5/13/2025 10:22 AM Translate Dear Sếp, liên quan đến các dự án Nguyễn Thiện Thuật và Đoàn Trần Nghiệp - Nha Trang, qua tính toán sơ bộ thì phương án chung cư đều ko đạt hiệu quả. Nên P.ĐT đề xuất phương án làm khách sạn vẫn giữ đất ở. Để triển khai tính toán thì phương án kinh doanh khách sạn P.ĐT sẽ nhờ A Cường David hỗ trợ nhé Sếp Ok by Unknown User --- [2025-05-13] Huy M - IM 5/13/2025 10:22 AM Translate Dear Sếp, liên quan đến các dự án Nguyễn Thiện Thuật và Đoàn Trần",https://www.google.com/maps/search/Nguy%E1%BB%85n+Thi%E1%BB%87n+Thu%E1%BA%ADt+v%C3%A0+%C4%90o%C3%A0n+Tr%E1%BA%A7n+Nghi%E1%BB%87p+-+Nha+Trang
BDS-MASTER-0492,Ngọc Hồi Thanh Trì,Ngọc Hồi Thanh Trì,1,2022-08-26,"[] Báo cáo dự án Ngọc Hồi Thanh Trì.pdf 20°56'26.9""N 105°50'35.0""E · Văn Điển, Van Dien, タインチ県 ハノイ ベトナム Văn Điển, Van Dien, タインチ県 ハノイ ベトナム goo.gl",https://www.google.com/maps/search/Ng%E1%BB%8Dc+H%E1%BB%93i+Thanh+Tr%C3%AC
BDS-MASTER-0110,Nơ Trang Long,Nơ Trang Long,1,,"[] Phòng ĐT báo cáo Sếp Mr Mike1 -CEO về cập nhật lại dự án Nơ Trang Long, điều chỉnh Shop khối đế 1 trệt 1 lầu như nhà phố ở PA1 và PA 2 (Cao tầng) và thêm Phương án 3 Shophouse thấp tầng như sau: Phương án 1: Phù hợp (dưới <=) chỉ tiêu cho phép theo 1/2000 Phương án 2: Cao hơn (>=) chỉ tiêu cho phép 1/2000, cơ sở tham khảo từ dự án gần đó là Ascent Plaza. Phương án 3: Thấp tầng, thiết kế 26 căn Shophouse 5 tầng. A - Hiệu quả dự án theo phương án 1 (phù hợp chỉ tiêu 1/2000 hiện hữu): Chỉ tiêu Q",https://www.google.com/maps/search/N%C6%A1+Trang+Long
BDS-MASTER-0135,PGK phương án 900 tỷ,PGK phương án 900 tỷ,1,2024-09-17,"[2024-09-17] Trieu Nguyen-PTDT 9/17/2024 5:27 PM Edited Translate Em gửi anh hiệu quả dự án PGK phương án 900 tỷ: + LNTT / TMĐT : 14,15% + NPV = -10 tỷ + IRR = 10,7% + Thời gian hoàn vốn: 4,75 năm => Dự án chưa đạt hiệu quả đầu tư Giá vốn bao nhiêu thì ổn, em cho chạy các m... by Unknown User",https://www.google.com/maps/search/PGK+ph%C6%B0%C6%A1ng+%C3%A1n+900+t%E1%BB%B7
BDS-MASTER-0427,Phú Gia Khiêm và Phú Quang,Phú Gia Khiêm và Phú Quang,1,2024-10-14,"[2024-10-14] Thao L - INVT 10/14/2024 3:02 PM Edited Translate K.ĐT gửi anh Mr Mike1 -CEO thông tin về đơn giá chi phí hạ tầng, cảnh quan 02 dự án Phú Gia Khiêm và Phú Quang như sau: Thử cho QS tính em by Unknown User",https://www.google.com/maps/search/Ph%C3%BA+Gia+Khi%C3%AAm+v%C3%A0+Ph%C3%BA+Quang
BDS-MASTER-0162,Phú Gia Khiêm với 02 phương án,Phú Gia Khiêm với 02 phương án,1,2025-10-01,"[2025-10-01] Thao L - INVT 10/1/2025 5:49 PM Translate K.ĐT gửi anh Mr Mike1 -CEO về cập nhật dự án Phú Gia Khiêm với 02 phương án như sau: A. PHƯƠNG ÁN CĂN HỘ + DÃY SHOPHOUSE LIỀN KỀ (CHUYỂN OFFICETEL THÀNH THẤP TẦNG) 1. TỔNG CHI PHÍ DỰ ÁN (VAT): 5,025 tỷ - Tổng mức đầu tư: 3,883 tỷ, trong đó: + Chi phí tiền sử dụng đất thấp nhất: 712 tỷ (Đơn giá đóng TSDĐ của PGK gấp 4 lần đơn giá Nhà nước đường Bình Chuẩn 67 = tỷ lệ giữa đơn giá theo văn bản Phê duyệt đơn giá đất để tính TSDĐ của dự án A&K và",https://www.google.com/maps/search/Ph%C3%BA+Gia+Khi%C3%AAm+v%E1%BB%9Bi+02+ph%C6%B0%C6%A1ng+%C3%A1n
BDS-MASTER-0292,Phú Đông premier gần PH đang bán giá 37 39,Phú Đông premier gần PH đang bán giá 37 39,1,2024-12-12,"[2024-12-12] Huy M - IM 12/12/2024 8:47 AM Về phần xây dựng thì dự án Phú Đông premier gần PH đang bán giá 37 39, A Sơn trợ lý trướ… Ok Huy nhé, áp giá 12.05 cũng ổn vì đã có dự phòng phí 5%. OK Anh nhé. by Huy M - IM --- [2024-12-12] Thoi L - ASST. 12/12/2024 8:37 AM Huy Mai-PTDTAnh đã xem nhanh các chi phí dự trù; nếu bên người bán lo pháp lý đến khi có gpxd thì… Về phần xây dựng thì dự án Phú Đông premier gần PH đang bán giá 37 39, A Sơn trợ lý trước đây có cho hay là suất xây lắp thiết bị gồ",https://www.google.com/maps/search/Ph%C3%BA+%C4%90%C3%B4ng+premier+g%E1%BA%A7n+PH+%C4%91ang+b%C3%A1n+gi%C3%A1+37+39
BDS-MASTER-0112,Phượng Hoàng,Phượng Hoàng,1,2025-08-20,"[2025-08-20] Thao L - INVT 8/20/2025 9:01 PM Translate K.ĐT báo cáo anh Mr Mike1 -CEO về cập nhật dự án Phượng Hoàng như sau: - Chi phí nhà mẫu: 14.5 tỷ (phương án cũ 12 tỷ) - Chi phí XD chung cư: 618.8 tỷ - Chi phí lãi vay: không thay đổi nhiều (Phương án mới lãi suất giảm còn 6.5%, tuy nhiên chi phí xây dựng cao. Phương án cũ lãi suất 7% - 8%, tuy nhiên chi phí xây dựng thấp) - Chi phí bán hàng theo Mr. Cường đề xuất: 15% đã bao gồm 27 tỷ chi phí hỗ trợ lãi suất cho người mua (phương án cũ: 15",https://www.google.com/maps/search/Ph%C6%B0%E1%BB%A3ng+Ho%C3%A0ng
BDS-MASTER-0428,Phượng Hoàng theo Chính sách bán hàng mới từ Mr Cường (SM),Phượng Hoàng theo Chính sách bán hàng mới từ Mr Cường (SM),1,2025-09-10,"[2025-09-10] Thao L - INVT 9/10/2025 12:08 PM Translate K.ĐT báo cáo anh Mr Mike1 -CEO cập nhật hiệu quả đầu tư dự án Phượng Hoàng theo Chính sách bán hàng mới từ Mr Cường (SM) như sau: Đã thực hiện tính toán phương án độc lập để đối chiếu cùng với kết quả từ Ms.Hạnh – Phòng Đầu tư. Kết quả từ hai bên tương đương nhau, đảm bảo tính chính xác và đồng nhất của số liệu 1 Like reaction.",https://www.google.com/maps/search/Ph%C6%B0%E1%BB%A3ng+Ho%C3%A0ng+theo+Ch%C3%ADnh+s%C3%A1ch+b%C3%A1n+h%C3%A0ng+m%E1%BB%9Bi+t%E1%BB%AB+Mr+C%C6%B0%E1%BB%9Dng+%28SM%29
BDS-MASTER-0429,Phượng Hoàng theo Chính sá… Vậy chốt PkD phương án này đi Ok Sếp,Phượng Hoàng theo Chính sá… Vậy chốt PkD phương án này đi Ok Sếp,1,2025-09-10,[2025-09-10] Thao L - INVT 9/10/2025 12:08 PM K.ĐT báo cáo anh Mr Mike1 -CEO cập nhật hiệu quả đầu tư dự án Phượng Hoàng theo Chính sá… Vậy chốt PkD phương án này đi Ok Sếp. Anh sẽ báo lại A Cường. by Huy M - IM,https://www.google.com/maps/search/Ph%C6%B0%E1%BB%A3ng+Ho%C3%A0ng+theo+Ch%C3%ADnh+s%C3%A1%E2%80%A6+V%E1%BA%ADy+ch%E1%BB%91t+PkD+ph%C6%B0%C6%A1ng+%C3%A1n+n%C3%A0y+%C4%91i+Ok+S%E1%BA%BFp
BDS-MASTER-0136,Richland,"Richland, Quận 9",1,,"[] Phòng Đầu tư xin báo cáo Sếp Admin 01 về cập nhật dự án Richland, diện tích 4,8 ha đường Lê Văn Việt, Quận 9 cũ như sau: I. Tóm tắt tình trạng pháp lý dự án: Diện tích đất thực hiện dự án là 48.380 m2, trong đó diện tích đất có Giấy chứng nhận là 38.528 m2 (gồm 4 sổ là đất ở đô thị, lâu dài), còn thiếu khoảng 9.852 m2 đất chưa có thông tin. Dự án đã được cấp GPXD năm 2008, đã xây dựng móng và hầm đến nay gần 18 năm. => không còn sử dụng được và phải tốn thêm chi phí phá dỡ công trình. Dự án c",https://www.google.com/maps/search/Richland%2C+Qu%E1%BA%ADn+9
BDS-MASTER-0163,Suối Nhum với giá 1180 tỷ theo hình thức chuyển nhượng 100% cổ phần cty với hiện trạng có Quy hoạch mới dự kiế,Suối Nhum với giá 1180 tỷ theo hình thức chuyển nhượng 100% cổ phần cty với hiện trạng có Quy hoạch mới dự kiế,1,2022-08-30,[2022-08-30] Trieu Nguyen-PTDT 8/30/2022 6:29 PM Edited KĐT gửi anh Tuan Tran-CEO: Phía đối tác chào bán lại dự án Suối Nhum với giá 1180 tỷ theo hình thức chuyển nhượng 100% cổ phần cty với hiện trạng có Quy hoạch mới dự kiến được điều chịnh như sau: Kết quả bảng tính theo quy hoạch mới có IRR là 23.4% (đã dự tính đóng thêm tiền sử dụng đất được miển giảm 20% theo Bảng giá đất năm 2013 là 25 tỷ) => KĐT đề xuất xúc tiến làm việc với đối tác để nhận chuyển nhượng công ty sở hữu dự án,https://www.google.com/maps/search/Su%E1%BB%91i+Nhum+v%E1%BB%9Bi+gi%C3%A1+1180+t%E1%BB%B7+theo+h%C3%ACnh+th%E1%BB%A9c+chuy%E1%BB%83n+nh%C6%B0%E1%BB%A3ng+100%25+c%E1%BB%95+ph%E1%BA%A7n+cty+v%E1%BB%9Bi+hi%E1%BB%87n+tr%E1%BA%A1ng+c%C3%B3+Quy+ho%E1%BA%A1ch+m%E1%BB%9Bi+d%E1%BB%B1+ki%E1%BA%BF
BDS-MASTER-0354,Sơn xdung đưa ở DT743 đó,Sơn xdung đưa ở DT743 đó,1,2025-03-13,"[2025-03-13] Mr Mike1 -CEO 3/13/2025 8:52 AM Translate Check cái dự án Sơn xdung đưa ở DT743 đó, thấy hệ số tốt hơn nhiều phượng hoàng Anh có nhận thông tin dự án đó rồi à, Team ... by Huy M - IM",https://www.google.com/maps/search/S%C6%A1n+xdung+%C4%91%C6%B0a+%E1%BB%9F+DT743+%C4%91%C3%B3
BDS-MASTER-0430,The Bale của Được gửi giá đã giảm mà lại ko lãi hã Begin quote,The Bale của Được gửi giá đã giảm mà lại ko lãi hã Begin quote,1,2023-06-01,"[2023-06-01] Tuan Tran-CEO 6/1/2023 2:24 PM Ủa dự án The Bale của Được gửi giá đã giảm mà lại ko lãi hã Begin quote, Tuan Tran-CEO , 6/1/2023 2:24 ... by Huy M - IM",https://www.google.com/maps/search/The+Bale+c%E1%BB%A7a+%C4%90%C6%B0%E1%BB%A3c+g%E1%BB%ADi+gi%C3%A1+%C4%91%C3%A3+gi%E1%BA%A3m+m%C3%A0+l%E1%BA%A1i+ko+l%C3%A3i+h%C3%A3+Begin+quote
BDS-MASTER-0253,The Bale của Được gửi giá đã giảm mà lại ko lãi hã Dự án Bale này giá có giảm nhưng pháp lý trước đây họ cam k,The Bale của Được gửi giá đã giảm mà lại ko lãi hã Dự án Bale này giá có giảm nhưng pháp lý trước đây họ cam k,1,2023-06-01,[2023-06-01] Unknown User 6/1/2023 2:24 PM Ủa dự án The Bale của Được gửi giá đã giảm mà lại ko lãi hã Dự án Bale này giá có giảm nhưng pháp lý trước đây họ cam kết là có thể chuyển sang đất tmdv đóng tiền 1 lần được nhưng giờ cập nhật lại là chỉ được thuê trả tiền hàng năm. Với đất thuê trả tiền hàng năm thì phương án bán sản phẩm thu tiền một lần rất khó và cũng chưa gặp trường này trên thị trường và pháp lý để chuyển giao phần thuê đất cho người mua đối với đất thu tiền hàng năm hiện nay cũng,https://www.google.com/maps/search/The+Bale+c%E1%BB%A7a+%C4%90%C6%B0%E1%BB%A3c+g%E1%BB%ADi+gi%C3%A1+%C4%91%C3%A3+gi%E1%BA%A3m+m%C3%A0+l%E1%BA%A1i+ko+l%C3%A3i+h%C3%A3+D%E1%BB%B1+%C3%A1n+Bale+n%C3%A0y+gi%C3%A1+c%C3%B3+gi%E1%BA%A3m+nh%C6%B0ng+ph%C3%A1p+l%C3%BD+tr%C6%B0%E1%BB%9Bc+%C4%91%C3%A2y+h%E1%BB%8D+cam+k
BDS-MASTER-0356,Vignette Collection đến Hội An Khách sạn Moire Hội An,"Vignette Collection đến Hội An Khách sạn Moire Hội An, Hội An",1,2024-07-08,"[2024-07-08] Huy M - IM 7/8/2024 8:58 AM https://baodautu.vn/ihg-dua-thuong-hieu-khach-san-vignette-collection-den-hoi-an-d219176.html IHG đưa thương hiệu khách sạn Vignette Collection đến Hội An Khách sạn Moire Hội An, Vignette Collection sẽ chính thức được ra mắt tại đô thị cổ Hội An - di sản UNESCO vào năm nay, theo thỏa thuận chuyển đổi hợp tác quản lý giữa IHG với Công ty cổ phần Ngọc ... baodautu.vn",https://www.google.com/maps/search/Vignette+Collection+%C4%91%E1%BA%BFn+H%E1%BB%99i+An+Kh%C3%A1ch+s%E1%BA%A1n+Moire+H%E1%BB%99i+An%2C+H%E1%BB%99i+An
BDS-MASTER-0193,Võ Văn Kiệt (Gộp 2 Lô) theo chỉ tiêu QH dự kiến điều chỉnh,Võ Văn Kiệt (Gộp 2 Lô) theo chỉ tiêu QH dự kiến điều chỉnh,1,,"[] P.ĐT báo cáo Sếp Admin 01 về cập nhật DA Võ Văn Kiệt (Gộp 2 Lô) theo chỉ tiêu QH dự kiến điều chỉnh, như sau: 1. Quy hoạch: Những thay đổi chính trong PA QH mới: Hệ số tăng từ 13,7 lên 14,7 Tầng cao từ 30 lên 36 tầng Tăng 3.467 m2 sàn kinh doanh ~ tăng 19 căn, từ 833 lên 852, đồng thời Shop điều chỉnh thành 3 tầng. 2. Hiệu quả tài chính: Đơn giá xây dựng All-in vẫn giữ 21 tr/m2 (gồm VAT). Chi phí kinh doanh bán hàng 19%/Doanh thu. Giá bán căn hộ giảm từ 105 xuống còn 99 tr/m2 (gồm VAT), tương",https://www.google.com/maps/search/V%C3%B5+V%C4%83n+Ki%E1%BB%87t+%28G%E1%BB%99p+2+L%C3%B4%29+theo+ch%E1%BB%89+ti%C3%AAu+QH+d%E1%BB%B1+ki%E1%BA%BFn+%C4%91i%E1%BB%81u+ch%E1%BB%89nh
BDS-MASTER-0494,Vương Bảo Long,Vương Bảo Long,1,2022-09-23,[] Báo cáo sơ bộ dự án Vương Bảo Long..pdf personal > trieunguyenptdt_beegroup1_com 22.9.22 BC so bo ply du an Vuong Bao Long.docx personal > trieunguyenptdt_beegroup1_com,https://www.google.com/maps/search/V%C6%B0%C6%A1ng+B%E1%BA%A3o+Long
BDS-MASTER-0297,Với phương án của mình trước là làm phân kh,Với phương án của mình trước là làm phân kh,1,2023-09-25,"[2023-09-25] Binh Vo-GD-PTDT 9/25/2023 9:55 AM Vì cùng khu, và noxh ko thể bán giá cao được vì bị giới hạn định mức ln 10%, lưu ý chi phí đất ko được phân bổ vào giá thành của noxh vì noxh được miễn tiền sử dụng đất, và tiền bồi thường đất thì được khấu trừ trong tssđ của toàn dự án Với phương án của mình trước là làm phân kh... by Unknown User",https://www.google.com/maps/search/V%E1%BB%9Bi+ph%C6%B0%C6%A1ng+%C3%A1n+c%E1%BB%A7a+m%C3%ACnh+tr%C6%B0%E1%BB%9Bc+l%C3%A0+l%C3%A0m+ph%C3%A2n+kh
BDS-MASTER-0432,by Huy M - IM,by Huy M - IM,1,2024-12-06,"[2024-12-06] Huy M - IM 12/6/2024 8:01 AM Translate Anh gửi Mr Mike báo cáo KDC Việt An trước đây Và báo cáo đánh giá của PLDA by Huy M - IM, has an attachment.",https://www.google.com/maps/search/by+Huy+M+-+IM
BDS-MASTER-0433,bên mình đã đang follow nha a Huy Mai-PTDT Anh đã share hồ sơ cho em rồi nha,bên mình đã đang follow nha a Huy Mai-PTDT Anh đã share hồ sơ cho em rồi nha,1,2023-04-24,[2023-04-24] Ngoc V - ASST. 4/24/2023 9:58 AM Edited Hi mn! Share giúp e tệp file các supporting document của tất cả các dự án bên mình đã đang follow nha a Huy Mai-PTDT Anh đã share hồ sơ cho em rồi nha. Em check... by Huy M - IM,https://www.google.com/maps/search/b%C3%AAn+m%C3%ACnh+%C4%91%C3%A3+%C4%91ang+follow+nha+a+Huy+Mai-PTDT+Anh+%C4%91%C3%A3+share+h%E1%BB%93+s%C6%A1+cho+em+r%E1%BB%93i+nha
BDS-MASTER-0434,bị Phốt nhiều à Vậy bỏ qua cái Đức Long nha by Unknown User,bị Phốt nhiều à Vậy bỏ qua cái Đức Long nha by Unknown User,1,2025-04-03,[2025-04-03] Unknown User 4/3/2025 2:35 PM 300 tỷ 📄 QĐ 2805 UBNDTP - QUY HOẠCH 1-2000 1.7.2019 (4).pdf 📄 Bản vẽ hiện trạng Gia Long.pdf 📄 SO DO Gia Long.pdf Dự án bị Phốt nhiều à Vậy bỏ qua cái Đức Long nha by Unknown User,https://www.google.com/maps/search/b%E1%BB%8B+Ph%E1%BB%91t+nhi%E1%BB%81u+%C3%A0+V%E1%BA%ADy+b%E1%BB%8F+qua+c%C3%A1i+%C4%90%E1%BB%A9c+Long+nha+by+Unknown+User
BDS-MASTER-0299,cao tầng phải đầu tư 2–3 tầng hầm Trường hợp cần rà soát chi tiết và cập nhật chính xác hơn,cao tầng phải đầu tư 2–3 tầng hầm Trường hợp cần rà soát chi tiết và cập nhật chính xác hơn,1,2026-05-27,"[2026-05-27] Admin 01 5/27/2026 4:35 PM Với chi phí dự phòng cũng cao hơn Về chi phí xây dựng: -Đối với khối cao tầng, hiện phương án thiết kế từ P.QH đang theo hướng tối ưu chi phí xây dựng, gồm: chỉ bố trí 01 tầng hầm và khối tháp cao khoảng 35–40 tầng, đồng thời sử dụng giải pháp để xe nổi. => Vì vậy, chi phí xây dựng dự kiến sẽ không quá nặng như các dự án cao tầng phải đầu tư 2–3 tầng hầm Trường hợp cần rà soát chi tiết và cập nhật chính xác hơn, P.ĐT sẽ phối hợp cung cấp thêm thông tin đầu",https://www.google.com/maps/search/cao+t%E1%BA%A7ng+ph%E1%BA%A3i+%C4%91%E1%BA%A7u+t%C6%B0+2%E2%80%933+t%E1%BA%A7ng+h%E1%BA%A7m+Tr%C6%B0%E1%BB%9Dng+h%E1%BB%A3p+c%E1%BA%A7n+r%C3%A0+so%C3%A1t+chi+ti%E1%BA%BFt+v%C3%A0+c%E1%BA%ADp+nh%E1%BA%ADt+ch%C3%ADnh+x%C3%A1c+h%C6%A1n
BDS-MASTER-0075,chung cư Hòa Xuân (A2-3 & A2-4) 1,chung cư Hòa Xuân (A2-3 & A2-4) 1,1,,"[] P.ĐT báo cáo sếp hiệu quả dự án chung cư Hòa Xuân (A2-3 & A2-4) 1. Thông tin tổng quan a) Diện tích: 6.648 m2; Trong đó: + A2-3: 3.508 m2 + A2-4: 3.140 m2 b) Quy hoạch theo QHPK mới: + A2-3: 18 tầng, 880 dân, mđxd 73%, hệ số 12.4 (Thiết kế đc 12.4) + A2-4: 15 tầng, 804 dân (thiết kế được 682) , mđxd 76%, hệ số 12.2 (thiết kế được 10.6) 2. Hiệu quả: a) Giả định kinh doanh (tham chiếu báo cáo từ RnD): + Giá bán căn hộ: 55 – 60 tr/m2 (chưa VAT tim tường) + Giá bán shop: 80 tr/m2 (chưa VAT tim tư",https://www.google.com/maps/search/chung+c%C6%B0+H%C3%B2a+Xu%C3%A2n+%28A2-3+%26+A2-4%29+1
BDS-MASTER-0435,chợ lớn có khi phải điều chỉnh ranh Begin quote,chợ lớn có khi phải điều chỉnh ranh Begin quote,1,2024-11-25,"[2024-11-25] Mr Mike1 -CEO 11/25/2024 4:30 PM Translate Làm nổi thì chắc dự án chợ lớn có khi phải điều chỉnh ranh Begin quote, Mr Mike1 -CEO, 11/25/2024 4:29... by Huy M - IM",https://www.google.com/maps/search/ch%E1%BB%A3+l%E1%BB%9Bn+c%C3%B3+khi+ph%E1%BA%A3i+%C4%91i%E1%BB%81u+ch%E1%BB%89nh+ranh+Begin+quote
BDS-MASTER-0361,chợ lớn có khi phải điều chỉnh ranh Dự án Chợ Lớn đang làm quy hoạch anh Tài đã có cập nhật ranh Metro vào rồi,chợ lớn có khi phải điều chỉnh ranh Dự án Chợ Lớn đang làm quy hoạch anh Tài đã có cập nhật ranh Metro vào rồi,1,2024-11-25,[2024-11-25] Unknown User 11/25/2024 4:30 PM Làm nổi thì chắc dự án chợ lớn có khi phải điều chỉnh ranh Dự án Chợ Lớn đang làm quy hoạch anh Tài đã có cập nhật ranh Metro vào rồi à image by Huy M - IM,https://www.google.com/maps/search/ch%E1%BB%A3+l%E1%BB%9Bn+c%C3%B3+khi+ph%E1%BA%A3i+%C4%91i%E1%BB%81u+ch%E1%BB%89nh+ranh+D%E1%BB%B1+%C3%A1n+Ch%E1%BB%A3+L%E1%BB%9Bn+%C4%91ang+l%C3%A0m+quy+ho%E1%BA%A1ch+anh+T%C3%A0i+%C4%91%C3%A3+c%C3%B3+c%E1%BA%ADp+nh%E1%BA%ADt+ranh+Metro+v%C3%A0o+r%E1%BB%93i
BDS-MASTER-0362,càng tốt ạ Vì luật hiện nay vẫn quy định đơn giá ko dc,càng tốt ạ Vì luật hiện nay vẫn quy định đơn giá ko dc,1,2025-02-13,"[] Dạ, trong trường hợp phải đóng tiền theo bảng giá đất nhà nước thì hệ số sử dụng Đất tối thiểu 5 là đạt hiệu quả. Tuy nhiên, nếu được đóng tiền sử dụng đất theo phương pháp thặng dư thì hệ số sử dụng Đất tối thiểu 2,5 là đạt hiệu quả Đồng thời, trong cả 2 phương án nêu trên nếu hệ số sử dụng đất càng cao thì hiệu quả dự án càng tốt ạ Vì luật hiện nay vẫn quy định đơn giá ko dc... by Huy M - IM",https://www.google.com/maps/search/c%C3%A0ng+t%E1%BB%91t+%E1%BA%A1+V%C3%AC+lu%E1%BA%ADt+hi%E1%BB%87n+nay+v%E1%BA%ABn+quy+%C4%91%E1%BB%8Bnh+%C4%91%C6%A1n+gi%C3%A1+ko+dc
BDS-MASTER-0437,cùng phân khúc rẻ nhất Q9 Kiếm các dự án ở khu Long Phước,"cùng phân khúc rẻ nhất Q9 Kiếm các dự án ở khu Long Phước, Quận 9",1,2023-06-10,"[2023-06-10] Tuan Tran-CEO 6/10/2023 11:39 AM Với so sánh khu Swan park này với dự án cùng phân khúc rẻ nhất Q9 Kiếm các dự án ở khu Long Phước, Quận 9 by Unknown User",https://www.google.com/maps/search/c%C3%B9ng+ph%C3%A2n+kh%C3%BAc+r%E1%BA%BB+nh%E1%BA%A5t+Q9+Ki%E1%BA%BFm+c%C3%A1c+d%E1%BB%B1+%C3%A1n+%E1%BB%9F+khu+Long+Ph%C6%B0%E1%BB%9Bc%2C+Qu%E1%BA%ADn+9
BDS-MASTER-0301,căn hộ Đức Long Wes,căn hộ Đức Long Wes,1,2025-04-03,[2025-04-03] Unknown User 4/3/2025 2:35 PM 300 tỷ 📄 QĐ 2805 UBNDTP - QUY HOẠCH 1-2000 1.7.2019 (4).pdf 📄 Bản vẽ hiện trạng Gia Long.pdf 📄 SO DO Gia Long.pdf https://vietnamnet.vn/dien-bien-moi-vu-duc-long-gia-lai-land-bi-... Các vướng mắc của dự án căn hộ Đức Long Wes... by Huy M - IM,https://www.google.com/maps/search/c%C4%83n+h%E1%BB%99+%C4%90%E1%BB%A9c+Long+Wes
BDS-MASTER-0439,của BeeGroup Begin quote,của BeeGroup Begin quote,1,2023-10-19,"[2023-10-19] Huy M - IM 10/19/2023 2:30 PM 📄 2023.10.16_Danh sach du an sap trien khai.pdf Và kèm theo danh sách các dự án của BeeGroup Begin quote, Huy Mai-PTDT, 11/3/2023 8:09 A... by Huy M - IM",https://www.google.com/maps/search/c%E1%BB%A7a+BeeGroup+Begin+quote
BDS-MASTER-0442,của Nova đang khởi công t,của Nova đang khởi công t,1,2023-06-06,"[2023-06-06] Binh Vo-GD-PTDT 6/6/2023 10:04 PM Edited Cái này là trước Nova bán một số sản phẩm tồn ở các phân khu đã bán trước đây với chính sách trả tiền mặt đủ 95% thì mới giảm giá 45% - 50% lúc tháng 10-11/2022 lúc Nova bị khủng hoảng, chạy được vài tuần thì Nova Stop thi công & bán hàng hết Đến nay các dự án của Nova đang khởi công t... by Unknown User",https://www.google.com/maps/search/c%E1%BB%A7a+Nova+%C4%91ang+kh%E1%BB%9Fi+c%C3%B4ng+t
BDS-MASTER-0364,của Nova đang khởi công trở lại nhưng vẫn chưa bán hàng ah,của Nova đang khởi công trở lại nhưng vẫn chưa bán hàng ah,1,2023-06-06,"[2023-06-06] Binh Vo-GD-PTDT 6/6/2023 10:05 PM Đến nay các dự án của Nova đang khởi công trở lại nhưng vẫn chưa bán hàng ah. Begin quote, Binh Vo-GD-PTDT , 6/6/2023 10:... by Unknown User",https://www.google.com/maps/search/c%E1%BB%A7a+Nova+%C4%91ang+kh%E1%BB%9Fi+c%C3%B4ng+tr%E1%BB%9F+l%E1%BA%A1i+nh%C6%B0ng+v%E1%BA%ABn+ch%C6%B0a+b%C3%A1n+h%C3%A0ng+ah
BDS-MASTER-0365,của Novaland được tháo gỡ liên quan đến Waterbay và Lakeview theo NQ 170 của Quốc Hội Liên quan đến vấn đề giả,của Novaland được tháo gỡ liên quan đến Waterbay và Lakeview theo NQ 170 của Quốc Hội Liên quan đến vấn đề giả,1,2025-02-28,[2025-02-28] Huy M - IM 2/28/2025 11:55 AM Translate Thực hiện chỉ đạo của CEO trong công tác đào tạo nội bộ. P.ĐT sáng nay có thực hiện trao đổi về case của 2 Dự án của Novaland được tháo gỡ liên quan đến Waterbay và Lakeview theo NQ 170 của Quốc Hội Liên quan đến vấn đề giải quyết vướng mắc c... by Huy M - IM,https://www.google.com/maps/search/c%E1%BB%A7a+Novaland+%C4%91%C6%B0%E1%BB%A3c+th%C3%A1o+g%E1%BB%A1+li%C3%AAn+quan+%C4%91%E1%BA%BFn+Waterbay+v%C3%A0+Lakeview+theo+NQ+170+c%E1%BB%A7a+Qu%E1%BB%91c+H%E1%BB%99i+Li%C3%AAn+quan+%C4%91%E1%BA%BFn+v%E1%BA%A5n+%C4%91%E1%BB%81+gi%E1%BA%A3
BDS-MASTER-0366,của mình sẽ thực h,của mình sẽ thực h,1,2023-04-26,"[2023-04-26] Tuan Tran-CEO 4/26/2023 10:11 AM https://goo.gl/maps/nSTM1wgMZyyzcAhg9 CẦU THÁI ĐỊNH · 7HR3+796, ĐT489, Giao Thiện, Giao Thuỷ, Nam Định, Việt Nam ★★★★★ · Cầu goo.gl Tiến độ triển khai dự án của mình sẽ thực h... by Huy M - IM",https://www.google.com/maps/search/c%E1%BB%A7a+m%C3%ACnh+s%E1%BA%BD+th%E1%BB%B1c+h
BDS-MASTER-0443,của mình sẽ thực hiện đồng bộ theo hạ tầng của tỉnh Vậy cầu này làm để kết nói đường bộ ven biể,của mình sẽ thực hiện đồng bộ theo hạ tầng của tỉnh Vậy cầu này làm để kết nói đường bộ ven biể,1,2023-04-26,[2023-04-26] Huy M - IM 4/26/2023 10:11 AM Tiến độ triển khai dự án của mình sẽ thực hiện đồng bộ theo hạ tầng của tỉnh Vậy cầu này làm để kết nói đường bộ ven biể... by Unknown User,https://www.google.com/maps/search/c%E1%BB%A7a+m%C3%ACnh+s%E1%BA%BD+th%E1%BB%B1c+hi%E1%BB%87n+%C4%91%E1%BB%93ng+b%E1%BB%99+theo+h%E1%BA%A1+t%E1%BA%A7ng+c%E1%BB%A7a+t%E1%BB%89nh+V%E1%BA%ADy+c%E1%BA%A7u+n%C3%A0y+l%C3%A0m+%C4%91%E1%BB%83+k%E1%BA%BFt+n%C3%B3i+%C4%91%C6%B0%E1%BB%9Dng+b%E1%BB%99+ven+bi%E1%BB%83
BDS-MASTER-0257,do mình có điều chỉnh qh 1/500,do mình có điều chỉnh qh 1/500,1,2023-09-25,"[2023-09-25] Binh Vo-GD-PTDT 9/25/2023 9:57 AM Với phương án của mình trước là làm phân khúc trung cao cho notm, giá cũng trên 50 tr/m2 và thời điểm ra hàng cho notm a nghĩ cũng nên vào năm 2025, cũng sẽ phù hợp vs tiến độ thực hiện pháp lý hiện trạng của dự án do mình có điều chỉnh qh 1/500, rồi tính tssđ lại... Ok a by Unknown User",https://www.google.com/maps/search/do+m%C3%ACnh+c%C3%B3+%C4%91i%E1%BB%81u+ch%E1%BB%89nh+qh+1%2F500
BDS-MASTER-0306,dự kiến hợp tác vs park hyatt,dự kiến hợp tác vs park hyatt,1,2022-08-10,"[2022-08-10] Binh Vo-GD-PTDT 8/10/2022 4:41 PM Edited 2. Trước khối khách sạn dự kiến hợp tác vs park hyatt, nên tk theo của park hyatt, mà sau này ko hợp tác được vs nhau nên phải điều chỉnh lại cho phù hợp thị trường Em gửi mọi người vài hình ảnh 3d của Green ... by Unknown User",https://www.google.com/maps/search/d%E1%BB%B1+ki%E1%BA%BFn+h%E1%BB%A3p+t%C3%A1c+vs+park+hyatt
BDS-MASTER-0195,gộp 2 lô Võ Văn Kiệt theo thay đổi giá bán căn hộ và giá mua dự án,gộp 2 lô Võ Văn Kiệt theo thay đổi giá bán căn hộ và giá mua dự án,1,,"[] Báo cáo Sếp Admin 01, bảng độ nhạy DA gộp 2 lô Võ Văn Kiệt theo thay đổi giá bán căn hộ và giá mua dự án: Theo bảng độ nhạy thì Với đơn giá bán căn hộ 90 tr/m2 thì giá mua dự án để hiệu quả IRR~ từ 15% là ở khung 260 tr đến 280 tr/m2 ~ 685 tỷ đến 738 tỷ đồng cho Lô A17-01 diện tích 2.635 m2. Ngoài ra, theo thông tin từ anh Tài thì tầng cao, hệ số, dân số của tổng hai lô theo chỉ tiêu mới đều tăng cao hơn trước đây. Hiện anh Tài đang tính toán lại phương án mới (có bố trí Shop 3-4 tầng theo gợ",https://www.google.com/maps/search/g%E1%BB%99p+2+l%C3%B4+V%C3%B5+V%C4%83n+Ki%E1%BB%87t+theo+thay+%C4%91%E1%BB%95i+gi%C3%A1+b%C3%A1n+c%C4%83n+h%E1%BB%99+v%C3%A0+gi%C3%A1+mua+d%E1%BB%B1+%C3%A1n
BDS-MASTER-0307,hiện tại,hiện tại,1,2025-06-29,"[2025-06-29] Thao L - INVT 6/29/2025 4:35 PM EBITDA được tính bằng cách lấy tổng doanh thu trừ các chi phí vận hành trực tiếp (như chi phí phòng, F&B, điện, nước…) để ra GOP (47% - tỷ lệ Mr. David đề xuất). Từ GOP, tiếp tục trừ chi phí quản lý, chi phí khác… (chiếm khoảng 8% - tỷ lệ này đã trao đổi với Ms. Hana, hiện theo các khách sạn đang v… EBITDA là dòng tiền thuần từ kinh doanh. Nếu dùng vốn chủ 100%, đây là dòng tiền thu về. Nếu có vay, EBITDA dùng để trả lãi và gốc. Tuy nhiên, với hiệu qu",https://www.google.com/maps/search/hi%E1%BB%87n+t%E1%BA%A1i
BDS-MASTER-0260,hiện tại là 28,hiện tại là 28,1,2025-10-13,"[2025-10-13] Thao L - INVT 10/13/2025 1:25 PM Translate Đơn giá vốn của dự án hiện tại là 28,7 triệu đồng/m² (giá sàn), chưa bao gồm chi phí bán hàng (CPBH). Trường hợp phát sinh thêm CPBH, khoản chi này sẽ được cộng trực tiếp vào giá vốn để xác định mức giá hòa vốn. Theo đề xuất hiện nay của Phòng Kinh doanh, tổng CPBH dự kiến là 215 tỷ đồng (chưa bao gồm VAT). Với giả định này, giá bán hòa vốn của dự án được xác định ở mức khoảng 36 triệu đồng/m². Làm việc kỹ với a Cường sales đi, coi chính...",https://www.google.com/maps/search/hi%E1%BB%87n+t%E1%BA%A1i+l%C3%A0+28
BDS-MASTER-0367,hiện tại mình đang vận hành để xem thử mình có chi phí nào khác cần bổ sung không à,hiện tại mình đang vận hành để xem thử mình có chi phí nào khác cần bổ sung không à,1,2025-04-08,[2025-04-08] Unknown User 4/8/2025 7:37 PM Hana Anh xin trao đổi thêm với chỗ chị Hana về giữa chỗ tỷ lệ GOP về tới EBITDA đối với các dự án hiện tại mình đang vận hành để xem thử mình có chi phí nào khác cần bổ sung không à. Đợt trước anh có xem thì thấy có dự án chênh lệch lớn nhưng cũng có cái chênh lệch nhỏ nên cũng chưa rõ bên mình có đặc thù gì khác ko à. Ok by Unknown User,https://www.google.com/maps/search/hi%E1%BB%87n+t%E1%BA%A1i+m%C3%ACnh+%C4%91ang+v%E1%BA%ADn+h%C3%A0nh+%C4%91%E1%BB%83+xem+th%E1%BB%AD+m%C3%ACnh+c%C3%B3+chi+ph%C3%AD+n%C3%A0o+kh%C3%A1c+c%E1%BA%A7n+b%E1%BB%95+sung+kh%C3%B4ng+%C3%A0
BDS-MASTER-0308,khi thực hiện kcn phải san lấp thêm ở mức bao nhiêu nên cũng chưa ước tính chi phí san lấp cho dự án này,khi thực hiện kcn phải san lấp thêm ở mức bao nhiêu nên cũng chưa ước tính chi phí san lấp cho dự án này,1,2023-06-16,"[2023-06-16] Huy M - IM 6/16/2023 9:24 PM Edited Lúc đi vẫn chưa có thông tin cao độ về dự án khi thực hiện kcn phải san lấp thêm ở mức bao nhiêu nên cũng chưa ước tính chi phí san lấp cho dự án này. Nên chưa rõ lắm về chi phí 1.5 trđ Tuấn đang đề cập à image by Unknown User, has an attachment.",https://www.google.com/maps/search/khi+th%E1%BB%B1c+hi%E1%BB%87n+kcn+ph%E1%BA%A3i+san+l%E1%BA%A5p+th%C3%AAm+%E1%BB%9F+m%E1%BB%A9c+bao+nhi%C3%AAu+n%C3%AAn+c%C5%A9ng+ch%C6%B0a+%C6%B0%E1%BB%9Bc+t%C3%ADnh+chi+ph%C3%AD+san+l%E1%BA%A5p+cho+d%E1%BB%B1+%C3%A1n+n%C3%A0y
BDS-MASTER-0093,khu mặt tiền đường Ngô Chí Quốc (gom đất gần Phú Quang)- Cập nhật Quy hoạch Phân khu,khu mặt tiền đường Ngô Chí Quốc (gom đất gần Phú Quang)- Cập nhật Quy hoạch Phân khu,1,,"[] Dạ P.ĐT báo cáo sếp Admin 01 cập nhật dự án khu mặt tiền đường Ngô Chí Quốc (gom đất gần Phú Quang)- Cập nhật Quy hoạch Phân khu. Theo QH PK3 được duyệt 2025, quỹ đất quan tâm thuộc ô đất OD-1, MN-1 và CX-2 (thuộc Đơn vị ở 1), trong đô ô OD-1 (diện tích PHQH 2.15ha) có các thông số sau: + Dân số 1.300 (tăng 800 dân so với QH cũ), + Tầng cao: 30 (không đổi) + Hệ số: 7 (không đổi) * ô MN-1 và CX-2 vẫn có chức năng giáo dục và cây xanh (không đổi) A/Phương án hỗn hợp thấp tầng (tối ưu số dân 1.3",https://www.google.com/maps/search/khu+m%E1%BA%B7t+ti%E1%BB%81n+%C4%91%C6%B0%E1%BB%9Dng+Ng%C3%B4+Ch%C3%AD+Qu%E1%BB%91c+%28gom+%C4%91%E1%BA%A5t+g%E1%BA%A7n+Ph%C3%BA+Quang%29-+C%E1%BA%ADp+nh%E1%BA%ADt+Quy+ho%E1%BA%A1ch+Ph%C3%A2n+khu
BDS-MASTER-0448,khu vực phía Bắc theo chỉ đạo của Anh Tâm,khu vực phía Bắc theo chỉ đạo của Anh Tâm,1,2023-04-15,"[2023-04-15] Huy M - IM 4/15/2023 11:04 AM K.ĐT gửi CEO Tuan Tran-CEO lịch trình công tác các dự án khu vực phía Bắc theo chỉ đạo của Anh Tâm, cụ thể: image by Huy M - IM",https://www.google.com/maps/search/khu+v%E1%BB%B1c+ph%C3%ADa+B%E1%BA%AFc+theo+ch%E1%BB%89+%C4%91%E1%BA%A1o+c%E1%BB%A7a+Anh+T%C3%A2m
BDS-MASTER-0370,khác Team cũng có đánh giá lại theo giá thị trường,khác Team cũng có đánh giá lại theo giá thị trường,1,2025-04-18,"[2025-04-18] Unknown User 4/18/2025 6:56 PM 🎙Audio message Đúng rồi à. Cái Long Tân này bên Team có đánh giá lại theo giá mới, không phải lấy theo giá sổ sách à. Nếu CLN thì giá tầm 6 7 tr còn đất lúa thì 2 3 nếu trung bình 50 50% thì giá trung bình là tầm 4. Cũng do là chưa biết cơ cấu bao nhiêu nên tạm lấy giá đấy lúa 2 3 triệu nên giá định giá đang là 4200 tỷ à. Ngoài ra còn có các dự án khác Team cũng có đánh giá lại theo giá thị trường",https://www.google.com/maps/search/kh%C3%A1c+Team+c%C5%A9ng+c%C3%B3+%C4%91%C3%A1nh+gi%C3%A1+l%E1%BA%A1i+theo+gi%C3%A1+th%E1%BB%8B+tr%C6%B0%E1%BB%9Dng
BDS-MASTER-0449,khác với tỷ lệ,khác với tỷ lệ,1,2023-06-06,[2023-06-06] Binh Vo-GD-PTDT 6/6/2023 10:16 PM Giờ Aqua cũng đã bán gần hết. Nếu giảm giá từ CĐT thì sẽ rất khó để thu tiền tiếp vs khách hàng mà đã bán. Nên cái này chắc họ cũng phải cân nhắc lại phương án. Có thể giảm giá ở các dự án khác với tỷ lệ ... by Unknown User,https://www.google.com/maps/search/kh%C3%A1c+v%E1%BB%9Bi+t%E1%BB%B7+l%E1%BB%87
BDS-MASTER-0309,khác đang mở bán trên thị trường,khác đang mở bán trên thị trường,1,2022-08-10,[2022-08-10] Quy Vo-PTDT 8/10/2022 10:49 AM Đối với shophouse thì giá bán đang đề xuất khoảng 1.5 lần căn hộ ở như các dự án khác đang mở bán trên thị trường. Dự án The Sang Residence đang gần hoàn thàn... by Unknown User,https://www.google.com/maps/search/kh%C3%A1c+%C4%91ang+m%E1%BB%9F+b%C3%A1n+tr%C3%AAn+th%E1%BB%8B+tr%C6%B0%E1%BB%9Dng
BDS-MASTER-0371,khách sạn Dự án Holiday,"khách sạn Dự án Holiday, Hội An",1,2024-09-14,"[] Báo cáo Mr. Mike tiến độ các công việc liên quan đến các dự án khách sạn Dự án Holiday: Đã có PAKD sau khi trao đổi với Mr Cường-GM và TMĐT ước tính củ dự án. Đang tính toán kết quả. Dự án Phú Hải: Đã có báo cáo của R&D. Đang phối hợp QS để lên TMĐT Dự án Hội An: Sau khi báo cáo lần 1, đang chờ RD khảo sát lại thị trường và QS tính toán lại TMĐT cho phù hợp với chuẩn 4*. Hiện Team cũng đang tập trung để hoàn thiện xong các dự án trong tuần này: + Đã trao đổi với Mr. Harry, đang cập nhật lại c",https://www.google.com/maps/search/kh%C3%A1ch+s%E1%BA%A1n+D%E1%BB%B1+%C3%A1n+Holiday%2C+H%E1%BB%99i+An
BDS-MASTER-0311,khách sạn Đông Á Premier tại số 186/14 Hùng Vương,khách sạn Đông Á Premier tại số 186/14 Hùng Vương,1,,"[] P.ĐT có nhận yêu cầu tính toán hiệu quả dự án khách sạn Đông Á Premier tại số 186/14 Hùng Vương, Phường Lộc Thọ, TP Nha Trang, T. Khánh Hòa, với diện tích đất 690,4m² (nguồn: anh Sơn - trợ lý) Về mặt thị trường, phòng R&D đề xuất khảo sát dự án, do dự án được đánh giá phân khúc 3 sao. Dự án được tọa lạc trong hẻm và phân khúc 3 sao có nhiều phòng và giá cả cạnh tranh nên cần khảo sát thực tế để đánh giá lại phân khúc này, cũng như cập nhật lại thị trường chung của Nha Trang -> Để có đề xuất c",https://www.google.com/maps/search/kh%C3%A1ch+s%E1%BA%A1n+%C4%90%C3%B4ng+%C3%81+Premier+t%E1%BA%A1i+s%E1%BB%91+186%2F14+H%C3%B9ng+V%C6%B0%C6%A1ng
BDS-MASTER-0313,là 300 tỷ - Độ nhạy Lợi nhuận trước thuế / Tổng mức đầu tư của dự án với 2 biến số,là 300 tỷ - Độ nhạy Lợi nhuận trước thuế / Tổng mức đầu tư của dự án với 2 biến số,1,,"[] P.ĐT báo cáo anh Mr Mike1 -CEO về cập nhật độ nhạy Lợi nhuận trước thuế / Tổng mức đầu tư giữa đơn giá đóng tiền sử dụng đất và hệ số sử dụng đất toàn khu của dự án 1,6ha Phan Văn Hớn như sau: - Chi phí chuyển nhượng của dự án là 300 tỷ - Độ nhạy Lợi nhuận trước thuế / Tổng mức đầu tư của dự án với 2 biến số: Biến số 1: Đơn giá đóng tiền sử dụng đất trên tổng diện tích đất phù hợp quy hoạch Biến số 2: Hệ số sử dụng đất toàn khu (tầng cao và dân số phải tăng thêm tương ứng với hệ số sử dụng Đấ",https://www.google.com/maps/search/l%C3%A0+300+t%E1%BB%B7+-+%C4%90%E1%BB%99+nh%E1%BA%A1y+L%E1%BB%A3i+nhu%E1%BA%ADn+tr%C6%B0%E1%BB%9Bc+thu%E1%BA%BF+%2F+T%E1%BB%95ng+m%E1%BB%A9c+%C4%91%E1%BA%A7u+t%C6%B0+c%E1%BB%A7a+d%E1%BB%B1+%C3%A1n+v%E1%BB%9Bi+2+bi%E1%BA%BFn+s%E1%BB%91
BDS-MASTER-0198,là 547 tỷ,là 547 tỷ,1,,"[] P.ĐT báo cáo anh Mr Mike1 -CEO về độ nhạy lợi nhuận trước thuế / Tổng mức đầu tư giữa đơn giá đóng tiền sử dụng đất và hệ số sử dụng đất toàn khu của dự án 1,6ha Phan Văn Hớn như sau: Tháng 1/2025 phòng đã báo cáo hiệu quả dự án, với: - Hệ số sử dụng Đất: 3,73, trong đó chung cư cao tầng là 3,16 và nhà ở thấp tầng là 0,57. Trong điều kiện phải xin thêm được 661 dân thì chi phí chuyển nhượng dự án là 547 tỷ, tương ứng với 33tr/m² đất Chạy độ nhạy Lợi nhuận trước thuế / Tổng mức đầu tư với các ",https://www.google.com/maps/search/l%C3%A0+547+t%E1%BB%B7
BDS-MASTER-0450,lớn thì gần như sẽ phải đấu t,lớn thì gần như sẽ phải đấu t,1,2024-12-16,[2024-12-16] Huy M - IM 12/16/2024 8:48 PM Translate Theo quy định vậy thì đc hiểu là NN sẽ thực hiện và theo thời gian đã nêu trong lúc chào thầu. Nếu làm dự án lớn thì gần như sẽ phải đấu t... by Huy M - IM,https://www.google.com/maps/search/l%E1%BB%9Bn+th%C3%AC+g%E1%BA%A7n+nh%C6%B0+s%E1%BA%BD+ph%E1%BA%A3i+%C4%91%E1%BA%A5u+t
BDS-MASTER-0373,lớn thì gần như sẽ phải đấu thầu,lớn thì gần như sẽ phải đấu thầu,1,2024-12-16,[2024-12-16] Huy M - IM 12/16/2024 8:50 PM Translate Nếu làm dự án lớn thì gần như sẽ phải đấu thầu. Nên anh đề xuất P.PLDA có buổi training về các quy định luật hiện hành về đấu thầu à… Link https://tienphong.vn/dau-thau-khu-do-t... by Huy M - IM,https://www.google.com/maps/search/l%E1%BB%9Bn+th%C3%AC+g%E1%BA%A7n+nh%C6%B0+s%E1%BA%BD+ph%E1%BA%A3i+%C4%91%E1%BA%A5u+th%E1%BA%A7u
BDS-MASTER-0451,mình là đường ven biển rồi lên Cao Tốc ra Cảng Hải Phòng Anh vẽ cho em đường bộ và đường sông đi ra,mình là đường ven biển rồi lên Cao Tốc ra Cảng Hải Phòng Anh vẽ cho em đường bộ và đường sông đi ra,1,2023-04-26,[2023-04-26] Huy M - IM 4/26/2023 10:30 AM Đường kết nối chính ra Hải Phòng từ dự án mình là đường ven biển rồi lên Cao Tốc ra Cảng Hải Phòng Anh vẽ cho em đường bộ và đường sông đi ra ... by Unknown User,https://www.google.com/maps/search/m%C3%ACnh+l%C3%A0+%C4%91%C6%B0%E1%BB%9Dng+ven+bi%E1%BB%83n+r%E1%BB%93i+l%C3%AAn+Cao+T%E1%BB%91c+ra+C%E1%BA%A3ng+H%E1%BA%A3i+Ph%C3%B2ng+Anh+v%E1%BA%BD+cho+em+%C4%91%C6%B0%E1%BB%9Dng+b%E1%BB%99+v%C3%A0+%C4%91%C6%B0%E1%BB%9Dng+s%C3%B4ng+%C4%91i+ra
BDS-MASTER-0377,nghỉ dưỡng nghìn tỷ bà Trương Mỹ Lan từng thâu tóm Ngân hàng TMCP Công Thương Việt Nam - Chi nhánh Thủ Thiêm (,nghỉ dưỡng nghìn tỷ bà Trương Mỹ Lan từng thâu tóm Ngân hàng TMCP Công Thương Việt Nam - Chi nhánh Thủ Thiêm (,1,2024-06-02,[2024-06-02] Tuan Tran-CEO 6/2/2024 9:25 AM https://m.cafebiz.vn/ngan-hang-rao-ban-du-an-nghi-duong-nghin-ty-ba-truong-my-lan-tung-thau-tom-176240601115633272.chn?fbclid=IwZXh0bgNhZW0CMTEAAR0gCq068odDwfaVarWXMrVzKJsb5N8mA7iQBstez2vOEGsFuEzu6c2XlSg_aem_AcxQFSkDhP9A9hf7e1nWIyBRpzUs6iL9wF0qP3p0ABLJ4FzSDldhLOZLzi9adCYt-RhJ7elval4J1vy0KIB-0uoU Ngân hàng rao bán dự án nghỉ dưỡng nghìn tỷ bà Trương Mỹ Lan từng thâu tóm Ngân hàng TMCP Công Thương Việt Nam - Chi nhánh Thủ Thiêm (VietinBank Thủ Thiêm) vừa,https://www.google.com/maps/search/ngh%E1%BB%89+d%C6%B0%E1%BB%A1ng+ngh%C3%ACn+t%E1%BB%B7+b%C3%A0+Tr%C6%B0%C6%A1ng+M%E1%BB%B9+Lan+t%E1%BB%ABng+th%C3%A2u+t%C3%B3m+Ng%C3%A2n+h%C3%A0ng+TMCP+C%C3%B4ng+Th%C6%B0%C6%A1ng+Vi%E1%BB%87t+Nam+-+Chi+nh%C3%A1nh+Th%E1%BB%A7+Thi%C3%AAm+%28
BDS-MASTER-0453,nhiều và phân mảng,nhiều và phân mảng,1,2025-04-17,"[2025-04-17] Unknown User 4/17/2025 8:38 AM DIG HDC khi nào báo cáo đc ta Trong tuần này anh sẽ báo cáo trước DIG, Còn HDC dự án nhiều và phân mảng... cần thêm thời gian để tìm hiểu về hiện trạng thì qua tuần sau anh sẽ báo cáo à. Thoi -Tro Ly GD Liên quan đến nội du... by Huy M - IM",https://www.google.com/maps/search/nhi%E1%BB%81u+v%C3%A0+ph%C3%A2n+m%E1%BA%A3ng
BDS-MASTER-0454,nào mà đóng tssđ hàng năm nó cứ t,nào mà đóng tssđ hàng năm nó cứ t,1,2023-08-11,"[2023-08-11] Binh Vo-GD-PTDT 8/11/2023 10:47 AM Giờ tssđ sẽ rất rát, sẽ định giá sát theo giá thị trường hết Nếu dự án nào mà đóng tssđ hàng năm nó cứ t... by Unknown User",https://www.google.com/maps/search/n%C3%A0o+m%C3%A0+%C4%91%C3%B3ng+tss%C4%91+h%C3%A0ng+n%C4%83m+n%C3%B3+c%E1%BB%A9+t
BDS-MASTER-0378,nào mà đóng tssđ hàng năm nó cứ tăng hàng năm nữa,nào mà đóng tssđ hàng năm nó cứ tăng hàng năm nữa,1,2023-08-11,"[2023-08-11] Binh Vo-GD-PTDT 8/11/2023 10:48 AM Edited Nếu dự án nào mà đóng tssđ hàng năm nó cứ tăng hàng năm nữa. Và theo dự thảo luật đất đai mới đất tmdv là không cho đóng 1 lần nữa thì kinh doanh không thể có hiệu quả được, làm được bao nhiêu đóng hết cho nhà nước",https://www.google.com/maps/search/n%C3%A0o+m%C3%A0+%C4%91%C3%B3ng+tss%C4%91+h%C3%A0ng+n%C4%83m+n%C3%B3+c%E1%BB%A9+t%C4%83ng+h%C3%A0ng+n%C4%83m+n%E1%BB%AFa
BDS-MASTER-0465,nên Nova buộc dừng thi công toàn bộ & bị khủng hoảng,nên Nova buộc dừng thi công toàn bộ & bị khủng hoảng,1,2023-06-06,[2023-06-06] Unknown User 6/6/2023 10:04 PM Cái này là trước Nova bán một số sản phẩm tồn ở các phân khu đã bán trước đâ… Tại thời điểm tháng 10-11/2022 tất cả các bank tài trợ cho nova lock toàn bộ tiền thu được từ bán hàng dự án nên Nova buộc dừng thi công toàn bộ & bị khủng hoảng. Nhưng như giờ các khách hàng đa phần mua cũ... by Unknown User,https://www.google.com/maps/search/n%C3%AAn+Nova+bu%E1%BB%99c+d%E1%BB%ABng+thi+c%C3%B4ng+to%C3%A0n+b%E1%BB%99+%26+b%E1%BB%8B+kh%E1%BB%A7ng+ho%E1%BA%A3ng
BDS-MASTER-0386,nếu vùng đất thấp phải san lấp thêm nữa thì đơn giá 250,nếu vùng đất thấp phải san lấp thêm nữa thì đơn giá 250,1,2023-06-16,"[2023-06-16] Unknown User 6/16/2023 9:12 PM Chi phí san lấp mà hết 1.5tr cao dữ v hã Hiện nay chi phí san lấp, hạ tầng kcn trung bình tầm 800 - 1 trđ/m2. Tuỳ theo cao độ của dự án nếu vùng đất thấp phải san lấp thêm nữa thì đơn giá 250.000 đồng/m3. Đối với hiện trạng dự án mình khảo sát ở kc... by Huy M - IM --- [2023-06-16] Unknown User 6/16/2023 9:12 PM Chi phí san lấp mà hết 1.5tr cao dữ v hã Hiện nay chi phí san lấp, hạ tầng kcn trung bình tầm 800 - 1 trđ/m2. Tuỳ theo cao độ của dự án nếu vù",https://www.google.com/maps/search/n%E1%BA%BFu+v%C3%B9ng+%C4%91%E1%BA%A5t+th%E1%BA%A5p+ph%E1%BA%A3i+san+l%E1%BA%A5p+th%C3%AAm+n%E1%BB%AFa+th%C3%AC+%C4%91%C6%A1n+gi%C3%A1+250
BDS-MASTER-0320,phân lô ( ko xây nhà) nào đang rẻ nhất 1 Like reaction,"phân lô ( ko xây nhà) nào đang rẻ nhất 1 Like reaction, Nhơn Trạch",1,2023-06-22,[2023-06-22] Tuan Tran-CEO 6/22/2023 11:08 AM Tìm hiểu bên Nhơn Trạch xem dự án phân lô ( ko xây nhà) nào đang rẻ nhất 1 Like reaction. Ai nghiên cứu luôn gía cho thuê đất KCN ở g... by Unknown User,https://www.google.com/maps/search/ph%C3%A2n+l%C3%B4+%28+ko+x%C3%A2y+nh%C3%A0%29+n%C3%A0o+%C4%91ang+r%E1%BA%BB+nh%E1%BA%A5t+1+Like+reaction%2C+Nh%C6%A1n+Tr%E1%BA%A1ch
BDS-MASTER-0389,phường Phú Thọ Hòa,"phường Phú Thọ Hòa, Tân Phú",1,,"[] P.ĐT xin báo cáo Sếp Admin 01 về khu đất phường Phú Thọ Hòa, Quận Tân Phú, TP HCM (Nguồn Sếp Tâm) như sau: 1. Pháp lý đất: Diện tích: 13,907.5 m2 Mục đích: Đất trồng cây lâu năm Thời hạn: 50 năm ( 07/2011 – 07/2061) Nguồn gốc",https://www.google.com/maps/search/ph%C6%B0%E1%BB%9Dng+Ph%C3%BA+Th%E1%BB%8D+H%C3%B2a%2C+T%C3%A2n+Ph%C3%BA
BDS-MASTER-0467,quy nhơn nha 1 Heart reaction,quy nhơn nha 1 Heart reaction,1,2023-05-18,[2023-05-18] Tuan Tran-CEO 5/18/2023 3:09 AM Gửi lại em thông tin cái dự án quy nhơn nha 1 Heart reaction. K.ĐT gửi CEO thông tin dự án Greenhill_Quy ... by Huy M - IM,https://www.google.com/maps/search/quy+nh%C6%A1n+nha+1+Heart+reaction
BDS-MASTER-0077,sẽ mất 1 năm để xử lý các vấn đề liên quan khoản nợ đang trong DATC,sẽ mất 1 năm để xử lý các vấn đề liên quan khoản nợ đang trong DATC,1,,"[] P.ĐT dự kiến dự án sẽ mất 1 năm để xử lý các vấn đề liên quan khoản nợ đang trong DATC, và sau đó mất khoảng 2 năm để triển khai pháp lý (kế thừa qh1.500 hiện có). Như vậy dự án sẽ bắt đầu triển khai xây dựng từ cuối 2028- đầu 2029 2.1 Giả định kinh doanh a) Nhóm sản phẩm bán: + Giá bán căn hộ: 56-66 tr/m2 (chưa VAT tim tường) + Giá bán căn shop: 69 – 79 tr/m2 (chưa VAT tim tường) + Giá bán căn hộ cho thuê (theo QH1/500 có loại hình này và P.ĐT định hướng thành sản phẩm bán 50 năm): 47-56 tr/",https://www.google.com/maps/search/s%E1%BA%BD+m%E1%BA%A5t+1+n%C4%83m+%C4%91%E1%BB%83+x%E1%BB%AD+l%C3%BD+c%C3%A1c+v%E1%BA%A5n+%C4%91%E1%BB%81+li%C3%AAn+quan+kho%E1%BA%A3n+n%E1%BB%A3+%C4%91ang+trong+DATC
BDS-MASTER-0392,tham gia để đánh giá thêm về chuyên mô á Sếp,tham gia để đánh giá thêm về chuyên mô á Sếp,1,2026-05-27,"[2026-05-27] Admin 01 5/27/2026 7:36 PM 2. 120 tỷ là số chốt chưa hay áng chừng nhỉ Mình đang tạm lấy theo số bên đó báo Sếp. Số liệu chi tiết thẩm định, cơ sở thì chưa có thông tin để check nên anh mới đề xuất có plda tham gia để đánh giá thêm về chuyên mô á Sếp. Với cái này họ chuyển cty nên cũng cần PTC thẩm định về bctc công tin để xem có khoản nợ tiềm tàng nào ko để tránh rủi ro mình mua vào sau này phát sinh thì mình phải chịu Sếp --- [2026-05-27] Admin 01 5/27/2026 7:36 PM 2. 120 tỷ là số",https://www.google.com/maps/search/tham+gia+%C4%91%E1%BB%83+%C4%91%C3%A1nh+gi%C3%A1+th%C3%AAm+v%E1%BB%81+chuy%C3%AAn+m%C3%B4+%C3%A1+S%E1%BA%BFp
BDS-MASTER-0393,theo link bên dưới,theo link bên dưới,1,2023-05-18,"[2023-05-18] Huy M - IM 5/18/2023 8:27 AM 2022.08.22_Báo cáo Khảo sát và Đánh giá Pháp lý Green Hill, Quy Nhơn.pdf Chi tiết hồ sơ dự án theo link bên dưới: Li... by Huy M - IM --- [2023-05-18] Huy M - IM 5/18/2023 8:28 AM Chi tiết hồ sơ dự án theo link bên dưới: https://belgroupvn-my.sharepoint.com/:f:/g/personal/trieunguyenptdt_beegroup1_com/EvIFMnD3Kf1HuCg73fRIPiYBMqa-3XLyRWrfyrlhKlYtSQ?e=7KAxWR Ủa bữa e nhớ có file thiết kế ở đâu nhỉ by Unknown User",https://www.google.com/maps/search/theo+link+b%C3%AAn+d%C6%B0%E1%BB%9Bi
BDS-MASTER-0470,thì 120 -130 ạ 31 là kích thước sao nhỉ by Admin 01,thì 120 -130 ạ 31 là kích thước sao nhỉ by Admin 01,1,2026-03-11,[2026-03-11] Admin 01 3/11/2026 12:00 PM Sao bưa nghe 150-170 mà nhỉ giá này là căn ở block đẹp Trung bình cả dự án thì 120 -130 ạ 31 là kích thước sao nhỉ by Admin 01,https://www.google.com/maps/search/th%C3%AC+120+-130+%E1%BA%A1+31+l%C3%A0+k%C3%ADch+th%C6%B0%E1%BB%9Bc+sao+nh%E1%BB%89+by+Admin+01
BDS-MASTER-0471,thông qua đấu thầu nên khả năng cao chỉ thực hiện được chuyển nhượng thông qua hình thức mua cổ phần nên,thông qua đấu thầu nên khả năng cao chỉ thực hiện được chuyển nhượng thông qua hình thức mua cổ phần nên,1,2025-06-26,"[2025-06-26] Unknown User 6/26/2025 5:11 PM Ủa ổn quá kìa. Ủa mình mua lại vậy đc tính vào chi phí ko Vì NOXH là hình thức cũng đặc thù và dự án thông qua đấu thầu nên khả năng cao chỉ thực hiện được chuyển nhượng thông qua hình thức mua cổ phần nên chi phí sẽ không được tính à P.Đầu tư gởi thêm hồ sơ mời quan tâm của 2 ... by Khoa L - INVT, has attachments. --- [2025-06-26] Unknown User 6/26/2025 5:11 PM Ủa ổn quá kìa. Ủa mình mua lại vậy đc tính vào chi phí ko Vì NOXH là hình thức cũng đặc thù",https://www.google.com/maps/search/th%C3%B4ng+qua+%C4%91%E1%BA%A5u+th%E1%BA%A7u+n%C3%AAn+kh%E1%BA%A3+n%C4%83ng+cao+ch%E1%BB%89+th%E1%BB%B1c+hi%E1%BB%87n+%C4%91%C6%B0%E1%BB%A3c+chuy%E1%BB%83n+nh%C6%B0%E1%BB%A3ng+th%C3%B4ng+qua+h%C3%ACnh+th%E1%BB%A9c+mua+c%E1%BB%95+ph%E1%BA%A7n+n%C3%AAn
BDS-MASTER-0472,thương hiệu Trump đầu tiên tại Việt Nam - Tuổi Trẻ Online Chiều 21-5,thương hiệu Trump đầu tiên tại Việt Nam - Tuổi Trẻ Online Chiều 21-5,1,2025-05-25,"[2025-05-25] Huy M - IM 5/25/2025 4:39 PM https://tuoitre.vn/thu-tuong-cung-ong-eric-khoi-cong-du-an-thuong-hieu-trump-dau-tien-tai-viet-nam-20250521175920379.htm Thủ tướng cùng ông Eric khởi công dự án thương hiệu Trump đầu tiên tại Việt Nam - Tuổi Trẻ Online Chiều 21-5, Thủ tướng Phạm Minh Chính dự lễ khởi công dự án khu phức hợp đô thị, du lịch sinh thái và sân golf Khoái Châu (dự án Trump International Hưng Yên). tuoitre.vn Image by Huy M - IM",https://www.google.com/maps/search/th%C6%B0%C6%A1ng+hi%E1%BB%87u+Trump+%C4%91%E1%BA%A7u+ti%C3%AAn+t%E1%BA%A1i+Vi%E1%BB%87t+Nam+-+Tu%C3%B4%CC%89i+Tre%CC%89+Online+Chi%E1%BB%81u+21-5
BDS-MASTER-0395,tiền M&A nên đang bị phẩn bổ khá nhiều thời gian cho phần phân tích các dự án tiền M&A này Begin quote,tiền M&A nên đang bị phẩn bổ khá nhiều thời gian cho phần phân tích các dự án tiền M&A này Begin quote,1,2022-08-22,"[2022-08-22] Binh Vo-GD-PTDT 8/22/2022 2:49 PM do team đang tập trung làm phân tích nhanh các dự án tiền M&A nên đang bị phẩn bổ khá nhiều thời gian cho phần phân tích các dự án tiền M&A này Begin quote, Binh Vo-GD-PTDT, 8/22/2022 2:4... by Ngoc V - ASST.",https://www.google.com/maps/search/ti%E1%BB%81n+M%26A+n%C3%AAn+%C4%91ang+b%E1%BB%8B+ph%E1%BA%A9n+b%E1%BB%95+kh%C3%A1+nhi%E1%BB%81u+th%E1%BB%9Di+gian+cho+ph%E1%BA%A7n+ph%C3%A2n+t%C3%ADch+c%C3%A1c+d%E1%BB%B1+%C3%A1n+ti%E1%BB%81n+M%26A+n%C3%A0y+Begin+quote
BDS-MASTER-0474,triển khai,triển khai,1,2023-10-19,"[2023-10-19] Huy M - IM 10/19/2023 2:29 PM KĐT gửi CEO Danh sách các dự án triển khai. Chi tiết theo báo cáo đính kèm: Message by Huy M - IM, has an attachment.",https://www.google.com/maps/search/tri%E1%BB%83n+khai
BDS-MASTER-0327,triển khai chưa mng Team đã trao đổi với A Sơn Trợ lý để lên list các dự án này à,triển khai chưa mng Team đã trao đổi với A Sơn Trợ lý để lên list các dự án này à,1,2023-10-15,"[2023-10-15] Unknown User 10/15/2023 8:12 PM Lên danh sách các dự án triển khai chưa mng Team đã trao đổi với A Sơn Trợ lý để lên list các dự án này à, hiện tại anh Sơn đang trao đổi với anh Nghiệp để list lại các dự án pháp lý có thể triển khai được.",https://www.google.com/maps/search/tri%E1%BB%83n+khai+ch%C6%B0a+mng+Team+%C4%91%C3%A3+trao+%C4%91%E1%BB%95i+v%E1%BB%9Bi+A+S%C6%A1n+Tr%E1%BB%A3+l%C3%BD+%C4%91%E1%BB%83+l%C3%AAn+list+c%C3%A1c+d%E1%BB%B1+%C3%A1n+n%C3%A0y+%C3%A0
BDS-MASTER-0396,trên có diện tích,trên có diện tích,1,2025-08-13,"[2025-08-13] Mr Mike1 -CEO 8/13/2025 11:13 AM Translate Thêm 1 bạn bên PDT tính lại theo góc nhìn cá nhân đi Theo quyết định, khu đất trên có diện tích ... by Unknown User",https://www.google.com/maps/search/tr%C3%AAn+c%C3%B3+di%E1%BB%87n+t%C3%ADch
BDS-MASTER-0269,tuy nhiên,tuy nhiên,1,2023-12-18,"[2023-12-18] Unknown User 12/18/2023 6:44 PM Pa2 irr vẫn thấp nhỉ PA2 khi muốn tăng dân số thì mình đang binh dân số NOXH chiếm 20% thì sẽ thuận lợi cho việc xin điều chỉnh ( cũng có cơ sở). Việc tăng dân số, hệ số sử dụng đất sẽ cải thiện hiệu quả dự án tuy nhiên: 1. Phần dân số tăng thêm sẽ phải phân bổ nhiều hơn cho NOXH như trình bày ở trên 2. Phải cắt đất ở để làm các công trình hạ tầng phục vụ cho dân số tăng thêm 3. Đóng tiền sử dụng đất bổ sung thêm 4. Mất 1 tầng thương phẩm làm tầng lán",https://www.google.com/maps/search/tuy+nhi%C3%AAn
BDS-MASTER-0477,tuy đạt hiệu quả đầu tư về mặt tính t,tuy đạt hiệu quả đầu tư về mặt tính t,1,2024-12-06,[2024-12-06] Huy M - IM 12/6/2024 8:02 AM Và báo cáo đánh giá của PLDA 230529 BC PLDA da Viet An_Thuan An.docx Dự án tuy đạt hiệu quả đầu tư về mặt tính t... by Huy M - IM,https://www.google.com/maps/search/tuy+%C4%91%E1%BA%A1t+hi%E1%BB%87u+qu%E1%BA%A3+%C4%91%E1%BA%A7u+t%C6%B0+v%E1%BB%81+m%E1%BA%B7t+t%C3%ADnh+t
BDS-MASTER-0270,tuy đạt hiệu quả đầu tư về mặt tính toán nhưng sẽ bị vướng mắc về Pháp lý đất (đất SKC bị hết hạn,tuy đạt hiệu quả đầu tư về mặt tính toán nhưng sẽ bị vướng mắc về Pháp lý đất (đất SKC bị hết hạn,1,2024-12-06,"[2024-12-06] Huy M - IM 12/6/2024 8:05 AM Translate Dự án tuy đạt hiệu quả đầu tư về mặt tính toán nhưng sẽ bị vướng mắc về Pháp lý đất (đất SKC bị hết hạn, không gia hạn được do không phù hợp quy hoạch=> bị thu hồi), dự án chưa được phê duyệt chủ chương đầu tư, Công ty Việt An chưa có QSDĐ hợp pháp nên sẽ có thể phải thực hiện đấu thấu. Chi tiết nội dung này phần đề xuất và báo cáo pháp lý dự án Nhờ a Nghiệp check ply a by Unknown User --- [2024-12-06] Huy M - IM 12/6/2024 8:05 AM Translate Dự ",https://www.google.com/maps/search/tuy+%C4%91%E1%BA%A1t+hi%E1%BB%87u+qu%E1%BA%A3+%C4%91%E1%BA%A7u+t%C6%B0+v%E1%BB%81+m%E1%BA%B7t+t%C3%ADnh+to%C3%A1n+nh%C6%B0ng+s%E1%BA%BD+b%E1%BB%8B+v%C6%B0%E1%BB%9Bng+m%E1%BA%AFc+v%E1%BB%81+Ph%C3%A1p+l%C3%BD+%C4%91%E1%BA%A5t+%28%C4%91%E1%BA%A5t+SKC+b%E1%BB%8B+h%E1%BA%BFt+h%E1%BA%A1n
BDS-MASTER-0478,tại các tỉnh phía Bắc,tại các tỉnh phía Bắc,1,2023-04-17,[2023-04-17] Huy M - IM 4/17/2023 2:26 PM K.ĐT trình CEO Tuan Tran-CEO kế hoạch mới cho công tác khảo sát các dự án tại các tỉnh phía Bắc: image by Huy M - IM,https://www.google.com/maps/search/t%E1%BA%A1i+c%C3%A1c+t%E1%BB%89nh+ph%C3%ADa+B%E1%BA%AFc
BDS-MASTER-0480,vào list theo dõi,vào list theo dõi,1,2024-06-02,[2024-06-02] Huy M - IM 6/2/2024 9:36 AM Hồi đó mình tính fs là khoảng tháng 8 9/2022 thì thị trường đang nóng sốt à Sau vụ VTP xảy ra thì đối tác có chào lại mình là 850. Team đã có báo cáo lại Tuấn và sau đó đưa dự án vào list theo dõi,https://www.google.com/maps/search/v%C3%A0o+list+theo+d%C3%B5i
BDS-MASTER-0398,với A Sơn Trợ lý sau đó sẽ báo cáo BLĐ tính khả thi của dự án,với A Sơn Trợ lý sau đó sẽ báo cáo BLĐ tính khả thi của dự án,1,2023-04-10,"[2023-04-10] Huy M - IM 4/10/2023 11:05 AM Edited Team đã nhận được hồ sơ và đang triển khai nghiên cứu, dự kiến sẽ đi khảo sát và đánh giá thị trương văn phòng và khách sạn với A Sơn Trợ lý sau đó sẽ báo cáo BLĐ tính khả thi của dự án. ok ok by Unknown User",https://www.google.com/maps/search/v%E1%BB%9Bi+A+S%C6%A1n+Tr%E1%BB%A3+l%C3%BD+sau+%C4%91%C3%B3+s%E1%BA%BD+b%C3%A1o+c%C3%A1o+BL%C4%90+t%C3%ADnh+kh%E1%BA%A3+thi+c%E1%BB%A7a+d%E1%BB%B1+%C3%A1n
BDS-MASTER-0329,xung quanh,xung quanh,1,2022-08-10,"[2022-08-10] Quy Vo-PTDT 8/10/2022 10:45 AM Đối với giá bán chung cư cũng tham khảo các dự án xung quanh, riêng dự án Azura & Hiyori đã đi vào hoạt động lâu, còn dự án so sánh như The 6nature (55-95 trđ/m2 view biển 50 năm và view thành phố lâu dài) và The Sang Residence (58-68 trđ/m2) image by Unknown User --- [] Dạ bên đó đang bán từ 107 tr đến 167 tr/m2 tùy hệ số tầng, góc, view. Xin gửi Sếp giá căn hộ các dự án xung quanh... by Hanh T - INVT, has an attachment. --- [] Huy M - IM 5/26 9:02 PM",https://www.google.com/maps/search/xung+quanh
BDS-MASTER-0482,à Begin quote,à Begin quote,1,2025-04-11,"[2025-04-11] Huy M - IM 4/11/2025 5:29 PM https://momento360.com/e/u/1af179f2a5e34df980e8fca850113bfa?utm_campaign=embed&utm_source=other&heading=0&pitch=0&field-of-view=75&size=medium&display-plan=true Hiện trạng dự án à Begin quote, Huy Mai-PTDT, 4/11/2025 5:28 P... by Unknown User",https://www.google.com/maps/search/%C3%A0+Begin+quote
BDS-MASTER-0401,Đông Trung - Đề xuất,Đông Trung - Đề xuất,1,2025-08-12,[2025-08-12] Mr Mike1 -CEO 8/12/2025 8:24 AM Translate A mới ngồi ăn sáng cafe với anh Ngân GĐ Sở Xd xong. Nói hướng mới cho Dự án Đông Trung - Đề xuất: 1. Phần đất công làm NOXH 2. Phần đất thịt làm NOTM Ok Sếp. Team sẽ trao đổi lại với anh Tài để... by Huy M - IM,https://www.google.com/maps/search/%C4%90%C3%B4ng+Trung+-+%C4%90%E1%BB%81+xu%E1%BA%A5t
BDS-MASTER-0205,đang vận hành có hệ số nén 0,"đang vận hành có hệ số nén 0, Thủ Đức",1,,"[] Phòng trọ cao cấp - S: 20 - 25m2 căn có gác lửng 3,5 - 3,7 VNĐ/tháng. - S: 20 - 25m2 căn có gác lửng, ban công 4,0 - 4,2 - S: 30m2 căn có gác lửng, ban công, đề xuất làm căn góc tận dụng 2 mặt thoáng cửa sổ lấy sáng nhiều hơn 5 (giá cao hơn thì sẽ không cạnh tranh được với các tòa nhà trong khu vực Thạnh Mỹ Lợi) Bàn giao nội thất Bàn giao máy lạnh, kệ bếp, bàn , 2 ghế, tủ quần áo. (khách muốn có tủ lạnh thì thêm 200k/tháng) Chi phí vận hành: 25% Tổng doanh thu (bao gồm hoa hồng kinh doanh, ch",https://www.google.com/maps/search/%C4%91ang+v%E1%BA%ADn+h%C3%A0nh+c%C3%B3+h%E1%BB%87+s%E1%BB%91+n%C3%A9n+0%2C+Th%E1%BB%A7+%C4%90%E1%BB%A9c
BDS-MASTER-0330,đang vận hành của Tập đoàn là 5% -8%,đang vận hành của Tập đoàn là 5% -8%,1,2025-06-29,"[2025-06-29] Thao L - INVT 6/29/2025 4:35 PM Edited Translate EBITDA được tính bằng cách lấy tổng doanh thu trừ các chi phí vận hành trực tiếp (như chi phí phòng, F&B, điện, nước…) để ra GOP (47% - tỷ lệ Mr. David đề xuất). Từ GOP, tiếp tục trừ chi phí quản lý, chi phí khác… (chiếm khoảng 8% - tỷ lệ này đã trao đổi với Ms. Hana, hiện theo các khách sạn đang vận hành của Tập đoàn là 5% -8%, để thận trọng P.DT đang tính 8%) để ra EBITDA, tương đương 39% doanh thu ạ Adr so với serene sao by Unknown",https://www.google.com/maps/search/%C4%91ang+v%E1%BA%ADn+h%C3%A0nh+c%E1%BB%A7a+T%E1%BA%ADp+%C4%91o%C3%A0n+l%C3%A0+5%25+-8%25
BDS-MASTER-0403,đang ở giai đoạn đ,đang ở giai đoạn đ,1,2024-07-24,"[2024-07-24] Huy M - IM 7/24/2024 8:27 AM https://vnexpress.net/do-no-vi-gia-dat-4773470.html Đổ nợ vì giá đất Sau hai năm gặp lại, tôi thấy anh gầy rộc, già đi nhiều so với tuổi 49. Anh cười gượng tiết lộ: anh bị tạm hoãn xuất cảnh. Công ty do anh làm giám đốc đang nợ tiền sử dụng đất hơn 600 tỷ đồng. vnexpress.net CKG hiện nay nhiều dự án đang ở giai đoạn đ... by Huy M - IM",https://www.google.com/maps/search/%C4%91ang+%E1%BB%9F+giai+%C4%91o%E1%BA%A1n+%C4%91
BDS-MASTER-0404,đang ở giai đoạn đóng tiền sử dụng đất,đang ở giai đoạn đóng tiền sử dụng đất,1,2024-07-24,"[2024-07-24] Huy M - IM 7/24/2024 8:33 AM Translate CKG hiện nay nhiều dự án đang ở giai đoạn đóng tiền sử dụng đất. Nên cần thực hiện thủ tục này sớm trước khi mở bán, những dự án gần nhau thì cũng hoàn thành trc để tránh mở bán dự án này sẽ làm tham chiếu giá đất cho nhà nước tính tiền cho dự án kia",https://www.google.com/maps/search/%C4%91ang+%E1%BB%9F+giai+%C4%91o%E1%BA%A1n+%C4%91%C3%B3ng+ti%E1%BB%81n+s%E1%BB%AD+d%E1%BB%A5ng+%C4%91%E1%BA%A5t
BDS-MASTER-0484,đã xong phần đất,đã xong phần đất,1,2025-07-01,"[2025-07-01] Unknown User 7/1/2025 2:21 PM https://vt.tiktok.com/ZSBYP8yJ5/ Việc này sẽ lợi cho người dân có đất để chuyển mục đích, hoặc dự án đã xong phần đất. Dự án Khi chuyển mục đích sử dụng đất sẽ được khấu trừ nhiều hơn. Nhưng quay ngược lại đi gom đất, hoặc đấu thầu bồi thường đơn giá đất nn lại tăng cao",https://www.google.com/maps/search/%C4%91%C3%A3+xong+ph%E1%BA%A7n+%C4%91%E1%BA%A5t
BDS-MASTER-0405,được tính bằng cách lấy tổng doanh thu trừ các chi phí vận hành trực tiếp (như chi phí phòng,được tính bằng cách lấy tổng doanh thu trừ các chi phí vận hành trực tiếp (như chi phí phòng,1,2025-06-29,"[2025-06-29] Thao L - INVT 6/29/2025 4:35 PM EBITDA được tính bằng cách lấy tổng doanh thu trừ các chi phí vận hành trực tiếp (như chi phí phòng, F&B, điện, nước…) để ra GOP (47% - tỷ lệ Mr. David đề xuất). Từ GOP, tiếp tục trừ chi phí quản lý, chi phí khác… (chiếm khoảng 8% - tỷ lệ",https://www.google.com/maps/search/%C4%91%C6%B0%E1%BB%A3c+t%C3%ADnh+b%E1%BA%B1ng+c%C3%A1ch+l%E1%BA%A5y+t%E1%BB%95ng+doanh+thu+tr%E1%BB%AB+c%C3%A1c+chi+ph%C3%AD+v%E1%BA%ADn+h%C3%A0nh+tr%E1%BB%B1c+ti%E1%BA%BFp+%28nh%C6%B0+chi+ph%C3%AD+ph%C3%B2ng
BDS-MASTER-0485,được xác định bằng giá vốn ban đầu,được xác định bằng giá vốn ban đầu,1,2026-04-13,"[] Dạ trong phương án có đất, khi kết thúc vòng đời dự án, Phòng Đầu tư giả định giá trị thanh lý đất tại thời điểm kết thúc vòng đợi dự án được xác định bằng giá vốn ban đầu, tăng trưởng với tốc độ 5%/năm ạ Begin quote, Admin 01, 4/13/2026 5:10 PM, C... by Hoa D - CVDT 4/13 5:14 PM Hoa D - CVDT",https://www.google.com/maps/search/%C4%91%C6%B0%E1%BB%A3c+x%C3%A1c+%C4%91%E1%BB%8Bnh+b%E1%BA%B1ng+gi%C3%A1+v%E1%BB%91n+ban+%C4%91%E1%BA%A7u
BDS-MASTER-0331,đấu thầu,đấu thầu,1,,"[] P.ĐT báo cáo CEO cập nhật FS Đông Trung. Dựa trên phương án đã tính và báo cáo hôm qua, ngày 07/08/2025, P.ĐT thực hiện điều chỉnh nâng nghĩa vụ tiền đất phải nộp bằng việc giảm tiền bồi thường được khấu trừ khi thực hiện dự án đấu thầu, cụ thể: - Tiền bồi thường được khấu trừ khi đấu thầu: ~ 235 tỷ (5tr/m2 tính trên phần diện tích 4.6ha), thấp hơn khoảng 230 tỷ so với phương án trước. - Tổng giá trị tiền sử dụng đất sau khi khấu trừ: ~ 1.010 tỷ, cao hơn khoảng 230 tỷ so với phương án trước. ",https://www.google.com/maps/search/%C4%91%E1%BA%A5u+th%E1%BA%A7u
BDS-MASTER-0486,đề xuất quan tâm theo file đính kèm,đề xuất quan tâm theo file đính kèm,1,2025-05-13,"[] Phòng xin gửi kèm báo cáo có thể hiện ranh đất của 05 dự án đề xuất quan tâm theo file đính kèm. Trân Trọng. Message by Hanh T - INVT, has an attachment.",https://www.google.com/maps/search/%C4%91%E1%BB%81+xu%E1%BA%A5t+quan+t%C3%A2m+theo+file+%C4%91%C3%ADnh+k%C3%A8m
BDS-MASTER-0487,để nuôi sale nên chốt mua luôn ạ,để nuôi sale nên chốt mua luôn ạ,1,2023-09-07,"[2023-09-07] Thao L - INVT 9/7/2023 5:48 PM Theo thông tin bên lề DX biết mấy cái bất lợi, lợi nhuận cũng k được cao nhưng được cái PL okie với nó cần dự án để nuôi sale nên chốt mua luôn ạ",https://www.google.com/maps/search/%C4%91%E1%BB%83+nu%C3%B4i+sale+n%C3%AAn+ch%E1%BB%91t+mua+lu%C3%B4n+%E1%BA%A1
BDS-MASTER-0409,ở Thái à Bên Thái tuần này đang trong thời gian nghỉ,ở Thái à Bên Thái tuần này đang trong thời gian nghỉ,1,2023-04-15,[2023-04-15] Unknown User 4/15/2023 11:20 AM Ủa tính mấy cái e gửi xong chưa Team cũng đang song song triển khai tính toán các dự án ở Thái à Bên Thái tuần này đang trong thời gian nghỉ... by Huy M - IM,https://www.google.com/maps/search/%E1%BB%9F+Th%C3%A1i+%C3%A0+B%C3%AAn+Th%C3%A1i+tu%E1%BA%A7n+n%C3%A0y+%C4%91ang+trong+th%E1%BB%9Di+gian+ngh%E1%BB%89
BDS-MASTER-0410,ở khu Long Phước,"ở khu Long Phước, Quận 9",1,2023-06-10,"[2023-06-10] Tuan Tran-CEO 6/10/2023 11:43 AM Kiếm các dự án ở khu Long Phước, Quận 9 1 Like reaction. Link https://goo.gl/maps/CJMhzfJXxVkLkHgVA by Unknown User --- [2023-06-10] Tuan Tran-CEO 6/10/2023 11:43 AM Kiếm các dự án ở khu Long Phước, Quận 9 1 Like reaction. Link https://goo.gl/maps/CJMhzfJXxVkLkHgVA by Unknown User Tuan Tran-CE",https://www.google.com/maps/search/%E1%BB%9F+khu+Long+Ph%C6%B0%E1%BB%9Bc%2C+Qu%E1%BA%ADn+9
BDS-MASTER-0125,Cát Lái - Sky Habitat,Cát Lái - Sky Habitat,0,,"[] P.ĐT báo cáo sếp Admin 01 cập nhật FS cho dự án Cát Lái - Sky Habitat, theo PA giá chào 690 tỷ bao tiền sử dụng đất (LUR) 1. Thông tin cập nhật: - Giá chào: 690 tỷ (bao gồm LUR) - Giá vốn: Qua trao đổi với đơn vị giới thiệu, Công ty dự án đang ghi nhận giá vốn chỉ 50 tỷ => Điều này dẫn đến thiệt hại về thuế TNDN cho công ty mình khi mình bỏ ra 690 tỷ mua cổ phần nhưng BCTC chỉ ghi nhận 50 tỷ. Tổng thiệt hại thuế TNDN ước tính là 128 tỷ, tức bằng (690-50)x20% Như vậy tổng giá đầu vào bao gồm g",https://www.google.com/maps/search/C%C3%A1t+L%C3%A1i+-+Sky+Habitat
BDS-MASTER-0284,Cát Lái từ P,Cát Lái từ P,0,,"[] P.ĐT cập nhật Sếp Admin 01 đánh giá pháp lý sơ bộ dự án Cát Lái từ P.PLDA Các vấn đề cần lưu ý như sau: - Do quá trình chuyển nhượng lô H2-02 từ Invesco sang Phú Gia khi chưa hoàn thành đầu tư xây dựng hạ tầng, do đó trong quá trình thẩm định chủ trương đầu tư, Sở XD đã có ý kiến đề nghị Sở NNMT giải thích vấn đề này=> P.PLDA đề xuất CĐT Phú Gia cung cấp ý kiến giải trình của Sở NNMT để đảm bảo kiểm soát rủi ro tiềm tàng - Dự án có thời hạn đưa đất vào sử dụng là tháng 12/2024, mặc dù giữa nă",https://www.google.com/maps/search/C%C3%A1t+L%C3%A1i+t%E1%BB%AB+P
BDS-MASTER-0420,Gladia heights dự kiến triển khai trong 2026 này,Gladia heights dự kiến triển khai trong 2026 này,0,,"[] Dạ dự án Gladia heights dự kiến triển khai trong 2026 này, hiện thị trường đang rumor giá 100tr/m2 ạ image Dạ đây là bản đồ các dự án cao tầng g... by Khoa L - INVT",https://www.google.com/maps/search/Gladia+heights+d%E1%BB%B1+ki%E1%BA%BFn+tri%E1%BB%83n+khai+trong+2026+n%C3%A0y
BDS-MASTER-0423,HAI NHAN,HAI NHAN,0,,[] Phòng xin đính kèm báo cáo lời và FS và đề xuất giá của phòng R&D. Trân trọng. 16.7.2026 FS DA HAI NHAN.pdf 16.7.2026 BC DA HAI NHAN.pdf 150726_R&D_Bao cao PA de xuat Hai Nhan_PA so bo.pdf,https://www.google.com/maps/search/HAI+NHAN
BDS-MASTER-0424,Holiday Beach - 14,Holiday Beach - 14,0,,"[] Phòng xin gửi đính kèm báo cáo lời và bảng trình bày + Bảng FS. Trân trọng, BC Trinh bay - DA Holiday Beach - 14.05.2026.pdf BC lời DA Holiday Beach - 14.5.2026.pdf FS Holiday Beach - PA Condotel + Hotel 14.5.2026.pdf Message by Admin 01",https://www.google.com/maps/search/Holiday+Beach+-+14
BDS-MASTER-0245,Hải Nhân,Hải Nhân,0,,"[] Phòng ĐT xin báo cáo Sếp Admin 01 sơ bộ hiện trạng 03 dự án Hải Nhân, Richland, Parklane mà Team đã thực hiện khảo sát thực tế sáng hôm nay: 1/Hải Nhân: 2/ Richland: Link bài viết mở rộng đường Lê Văn Việt lên 6 làn xe, 30 m: Link mở rộng đường LVV 3/ Parklane: by Thao L - INVT, has attachments. --- [] Phòng có so sánh về giá chào bán của 03 dự án Hải Nhân, Richland, Parklane như bảng bên dưới: Nếu so đơn giá đất (giá bán dự án gồm tiền sử dụng đất) trên diện tích thương phẩm thì Hải Nhân (29",https://www.google.com/maps/search/H%E1%BA%A3i+Nh%C3%A2n
BDS-MASTER-0156,Hội An Riverside Resort & Spa theo Concept Lamanon và giá kinh doanh của anh David Cường cung cấp,"Hội An Riverside Resort & Spa theo Concept Lamanon và giá kinh doanh của anh David Cường cung cấp, Hội An",0,,"[] Phòng ĐT báo cáo Sếp Admin 01 về cập nhật FS dự án Hội An Riverside Resort & Spa theo Concept Lamanon và giá kinh doanh của anh David Cường cung cấp, như sau: 1/ Cơ cấu phòng: 125 phòng gồm 105 phòng khách sạn và 20 phòng Villa (không thay đổi) 2/ Suất đầu tư Chi phí đầu tư (gồm VAT) Tháng 4/2026 Tháng 12/2024 Suất vốn đầu tư /key 2,7 tỷ/key 2,3 tỷ/key Đơn giá All - in 17,8 tr/m2 15 tr/m2 Tổng chi phí đầu tư 377 tỷ đồng 303 tỷ đồng 3/Giá bán, tỷ lệ lấp đầy, chi phí vận hành: Giá kinh doanh Th",https://www.google.com/maps/search/H%E1%BB%99i+An+Riverside+Resort+%26+Spa+theo+Concept+Lamanon+v%C3%A0+gi%C3%A1+kinh+doanh+c%E1%BB%A7a+anh+David+C%C6%B0%E1%BB%9Dng+cung+c%E1%BA%A5p%2C+H%E1%BB%99i+An
BDS-MASTER-0425,IRR thấp hơn ạ,IRR thấp hơn ạ,0,,"[] Dạ do đất ở lâu dài, sau khi hết thời hạn vận hành, thì giá trị quyền sử dụng đất vẫn còn nguyên, nên phòng đầu tư mới đề xuất tính them 1 phương không có đất vào. Đối với phương án tính đất, Phòng Đầu tư đang giả định giá đất chỉ tăng có 5%, dẫn đến hiệu quả dự án IRR thấp hơn ạ.",https://www.google.com/maps/search/IRR+th%E1%BA%A5p+h%C6%A1n+%E1%BA%A1
BDS-MASTER-0346,Khu Chung Cư & Văn Phòng An Phú 2,Khu Chung Cư & Văn Phòng An Phú 2,0,,[] Dạ P.ĐT xin gửi sếp Admin 01 file trình bày ạ Dự Án Khu Chung Cư & Văn Phòng An Phú 2.pdf Ủa được duyệt dân số đó là cho toàn khu hã by Admin 01,https://www.google.com/maps/search/Khu+Chung+C%C6%B0+%26+V%C4%83n+Ph%C3%B2ng+An+Ph%C3%BA+2
BDS-MASTER-0250,NOXH đang đánh giá khoảng 15Km Trên dưới 20 Triệu/m2 Giá đất UBND MT đường DT742 5 Triệu/m2 Theo Tổng mức đầu,NOXH đang đánh giá khoảng 15Km Trên dưới 20 Triệu/m2 Giá đất UBND MT đường DT742 5 Triệu/m2 Theo Tổng mức đầu,0,,"[] P.ĐT khảo sát giá thị trường các sản phẩm xung quanh có thông tin như sau: Hạng Mục Đơn giá Giá đất ở ngoài KCN Vsip II 10 Triệu/m2 - 15 Triệu/m2 Giá đất KDC trong KCN Vsip II Trên dưới 15 Tr/m2 Giá căn hộ Tecco Felice (NOTM) Gần trung tâm Tp Tân Uyên, cách dự án NOXH đang đánh giá khoảng 15Km Trên dưới 20 Triệu/m2 Giá đất UBND MT đường DT742 5 Triệu/m2 Theo Tổng mức đầu tư ước tính từ suất vốn đầu tư của Bộ xây dựng để tính toán giá bán căn hộ nhà xã hội hiện nay, P.ĐT đánh giá: Giá căn hộ N",https://www.google.com/maps/search/NOXH+%C4%91ang+%C4%91%C3%A1nh+gi%C3%A1+kho%E1%BA%A3ng+15Km+Tr%C3%AAn+d%C6%B0%E1%BB%9Bi+20+Tri%E1%BB%87u%2Fm2+Gi%C3%A1+%C4%91%E1%BA%A5t+UBND+MT+%C4%91%C6%B0%E1%BB%9Dng+DT742+5+Tri%E1%BB%87u%2Fm2+Theo+T%E1%BB%95ng+m%E1%BB%A9c+%C4%91%E1%BA%A7u
BDS-MASTER-0188,Parklane,"Parklane, Quận 9",0,,"[] Thao L - INVT Friday 6:08 PM Edited Translate K.ĐT gửii anh Admin 01 báo cáo về dự án Parklane, Quận 9 như sau: 1. THÔNG TIN DEAL Lưu ý: Tỷ lệ góp vốn tương ứng với tỷ lệ gánh chịu chi phí phát triển (xây dựng, bán hàng, lãi vay...) của toàn dự án. 2. THÔNG TIN QUY HOẠCH 1/2000 3. TIẾN ĐỘ PHÁP LÝ DỰ KIẾN: 4. SO SÁNH 2 PHƯƠNG ÁN PHÁT TRIỂN => Dự án được tính theo PA1 (Thận trọng – Theo P.QH) vì: - Dựa trên cơ sở quy hoạch 1/2000: + Dự án bị khống chế quy mô dân số khoảng 3.000 người, do đó diệ",https://www.google.com/maps/search/Parklane%2C+Qu%E1%BA%ADn+9
BDS-MASTER-0493,Parklane P,Parklane P,0,,"[] Dạ dự án Parklane P. RD vừa cập nhật lại giá có thương hiệu sau khi khảo sát thực tế Mai phòng sẽ báo lại hiệu quả ạ Friday K.ĐT gửii anh Admin 01 báo cáo về dự án... by Thao L - INVT, has an attachment.",https://www.google.com/maps/search/Parklane+P
BDS-MASTER-0298,a có trao đổi về việc,a có trao đổi về việc,0,,[] Huy M - IM 5/14 6:20 PM Translate Hiện tại holiday mình chỉ còn tới khoảng 2060 or 2058. Nếu làm pháp lý và xây dựng xong mất 4 năm tầm 2030 thì. Condotel chỉ còn lại 28 30 năm thì chưa bàn tới giá bán vs số năm này thì ko ai mua condotel. Nobu còn 32 năm theo a là 1 trong những lý do key họ bán chậm. Nên trong bài này là mình giả định sẽ reset lại được lại 50 năm từ bây giờ và đang tạm tính đóng thêm tiền sử dụng đất khoảng hơn 200 tỷ thì mới làm đc pa condotel. Nếu ko reset được thì chỉ có ,https://www.google.com/maps/search/a+c%C3%B3+trao+%C4%91%E1%BB%95i+v%E1%BB%81+vi%E1%BB%87c
BDS-MASTER-0495,chư by Admin 01,chư by Admin 01,0,,"[] Thao L - INVT 6/2 3:24 PM Translate Ngoài ra, theo thông lệ, tăng lên 1 tầng thì SĐT/m2 sàn sẽ tăng khoảng 0.5% ạ => tăng từ 30 tầng lên 40 tầng thì SĐT/m2 sàn sẽ tăng khoảng 5% Làm phương án max để rao bán toàn dự án chư by Admin 01",https://www.google.com/maps/search/ch%C6%B0+by+Admin+01
BDS-MASTER-0363,có giá vốn đất thấp trong khi hệ số cao (trên 11 chấm),có giá vốn đất thấp trong khi hệ số cao (trên 11 chấm),0,,"[] Dạ sếp. Dự án có giá vốn đất thấp trong khi hệ số cao (trên 11 chấm), đồng thời thị trường tương đối thuận lợi khi giá được build bởi SunGroup. Xúc lẹ by Admin 01",https://www.google.com/maps/search/c%C3%B3+gi%C3%A1+v%E1%BB%91n+%C4%91%E1%BA%A5t+th%E1%BA%A5p+trong+khi+h%E1%BB%87+s%E1%BB%91+cao+%28tr%C3%AAn+11+ch%E1%BA%A5m%29
BDS-MASTER-0223,có một số hạn chế như,có một số hạn chế như,0,,"[] Phòng có chạy độ nhạy để đạt tỷ lệ LNTT/TMĐT mục tiêu 20% thì giá bán căn hộ bình quân tương ứng từ 75 tr/m2 chưa VAT. Mức giá này theo nhận định của phòng Đầu tư và R&D thì khó có thể đạt được trong điều kiện thị trường hiện tại do khu đất có một số hạn chế như: diện tích nhỏ, không có view biển, cách biển khoảng 350 m và bị che tầm nhìn bởi nhiều tòa nhà cao tầng phía biển đường Trần Phú. Giá bán căn hộ bình quân từ 75 triệu chưa VAT có thể đạt khi thị trường căn hộ ở Nha Trang trong thời g",https://www.google.com/maps/search/c%C3%B3+m%E1%BB%99t+s%E1%BB%91+h%E1%BA%A1n+ch%E1%BA%BF+nh%C6%B0
BDS-MASTER-0496,cần bố trí khoảng xanh,cần bố trí khoảng xanh,0,,"[] Phòng xin ý kiến của Sếp để phòng nhờ anh Tài binh thêm phương án này vì theo hướng dự án cần bố trí khoảng xanh, khoảng lùi,…rồi tính thêm 1 FS theo phương án này ạ. Ok by Unknown User",https://www.google.com/maps/search/c%E1%BA%A7n+b%E1%BB%91+tr%C3%AD+kho%E1%BA%A3ng+xanh
BDS-MASTER-0303,cần kiểm tra lại QH 1,cần kiểm tra lại QH 1,0,,[] Phòng Pháp lý dự án cần kiểm tra lại QH 1.2000 mới nhất xem có khả năng phù hợp là dự án chung cư theo các tiêu chí quy hoạch giả định và xin được dân số 2685 người,https://www.google.com/maps/search/c%E1%BA%A7n+ki%E1%BB%83m+tra+l%E1%BA%A1i+QH+1
BDS-MASTER-0438,cập nhật chốt xin giữ dân số cho PGK là 3800,cập nhật chốt xin giữ dân số cho PGK là 3800,0,,[] Thao L - INVT Hi Thảo; PLDA cập nhật chốt xin giữ dân số cho PGK là 3800. Đầu tư trao đổi với QH và PLDA để nắm tt thêm; Các PA điều chỉnh cơ cấu sản phẩm sau này cũng dễ hơn. Em nhận thông tin ạ,https://www.google.com/maps/search/c%E1%BA%ADp+nh%E1%BA%ADt+ch%E1%BB%91t+xin+gi%E1%BB%AF+d%C3%A2n+s%E1%BB%91+cho+PGK+l%C3%A0+3800
BDS-MASTER-0446,hiệu quả IRR đạt 10%,hiệu quả IRR đạt 10%,0,,"[] Dạ đối với phương án không tính đất, để dự án hiệu quả IRR đạt 10%, thì suất vốn có thể nâng lên là 3 tỷ 1/key ạ. Với suất vốn này, thì phương án tính đất sẽ là 6.4% ạ Phải tính đất chứ. by Admin 01",https://www.google.com/maps/search/hi%E1%BB%87u+qu%E1%BA%A3+IRR+%C4%91%E1%BA%A1t+10%25
BDS-MASTER-0228,khác đang triển khai như Stown,khác đang triển khai như Stown,0,,"[] P.ĐT lựa chọn giá đầu vào 50tr/m2 sau khi cân nhắc các dự án khác đang triển khai như Stown, Splus, Marina. Với giá trị khấu trừ tiền đất đợt 1 ước tính 1.592 tỷ, LUR phải đóng sẽ rơi vào khoảng 6.540 tỷ cho dự án này. Nếu áp giá bán hiện tại của Emerald 68 là ~ 63tr/m2 vào bài tính thặng dư thì LUR sẽ tiệm cận 10.000 tỷ. V LUR là 6.540 tỷ, nếu xét trên diện tích đất thương phẩm thì đơn giá tiền sử dụng đất ~ 65,5 tr./m2. Hiện tại đơn giá đất đường Vĩnh Phú 41 (đường lớn thuộc khu dân cư Vĩnh",https://www.google.com/maps/search/kh%C3%A1c+%C4%91ang+tri%E1%BB%83n+khai+nh%C6%B0+Stown
BDS-MASTER-0372,k… Gửi lại độ nhạy,k… Gửi lại độ nhạy,0,,"[] Dạ Sếp. Hiện tại Anh Minh vẫn tiếp tục rà soát từ nhiều nguồn để kiểm tra rủi ro pháp lý dự án. Liên quan đến LUR, theo các hồ sơ mình có được và cũng như nhận định từ P.PLDA thì khả năng cao dự án k… Gửi lại độ nhạy",https://www.google.com/maps/search/k%E2%80%A6+G%E1%BB%ADi+l%E1%BA%A1i+%C4%91%E1%BB%99+nh%E1%BA%A1y
BDS-MASTER-0469,sẽ hơi nhiều gốc cạnh sau khi ráp 2 miếng vào,sẽ hơi nhiều gốc cạnh sau khi ráp 2 miếng vào,0,,"[] Huy M - IM 5/25 12:27 PM Edited Translate Miếng màu tím thì giải quyết thêm cho mình được thêm môt lối tiếp cận từ đường số 2 cho dự án, giảm tải áp lực giao thông. Tuy nhiên, (1) theo qhpk 1.2000 thì lô màu tím chỉ được tầng cao tối đa 20 tầng, 31 TN thì hiện trạng được 35 tầng nên sẽ không đồng bộ về chiều cao và (2) hình dáng khu đất sẽ hơi nhiều gốc cạnh sau khi ráp 2 miếng vào. Nếu có hướng mua thêm được lô warning zone bên cạnh nữa thì quá đẹp Sếp. Mình xin điều chỉnh gộp quy hoạch đc b",https://www.google.com/maps/search/s%E1%BA%BD+h%C6%A1i+nhi%E1%BB%81u+g%E1%BB%91c+c%E1%BA%A1nh+sau+khi+r%C3%A1p+2+mi%E1%BA%BFng+v%C3%A0o
BDS-MASTER-0324,sẽ được cải thiện hơn,sẽ được cải thiện hơn,0,,"[] Phòng đang tính an toàn là xây dựng NOXH cao tầng trong dự án, trường hợp sau này xin đóng tiền sử dụng đất NOXH để không phải xây NOXH và chuyển NOXH này thành đất nền thì hiệu quả dự án sẽ được cải thiện hơn. Dự án đang có một số hạn chế và thông tin cần được làm rõ: Chưa có đường kết nối vào dự án. Chưa hình thành dự án. Có một phần nhỏ trong ranh xen cài chưa mua xong (mài trắng trong ranh đất). Pháp lý và nguồn gốc đất chưa được cung cấp cụ thể. Hiện trạng đang là Đất lúa, cao độ thấp so",https://www.google.com/maps/search/s%E1%BA%BD+%C4%91%C6%B0%E1%BB%A3c+c%E1%BA%A3i+thi%E1%BB%87n+h%C6%A1n
BDS-MASTER-0177,theo các phân kỳ,theo các phân kỳ,0,,"[] P.ĐT báo cáo anh Mr Mike1 -CEO, bảng FS Phú Quang cập nhật theo phương án NOTM thay thế NOXH: 1. Các giả định thay đổi trong bài tính: - Giá bán và chi phí được cập nhật: Giá bán tham chiếu theo báo cáo thị trường của P.RnD, chi phí tính tăng lên khoảng 10% để phù hợp với tốc độ trượt giá và tình hình xây dựng hiện tại - Tiền sử dụng đất: Bài tính tiền sử dụng đất cập nhật lại giá thị trường (lên khoảng 50tr/m2) để làm số liệu đầu vào, đồng thời tính toán lại theo quy hoạch mới của P.TKQH. P.",https://www.google.com/maps/search/theo+c%C3%A1c+ph%C3%A2n+k%E1%BB%B3
BDS-MASTER-0501,thì cách tiếp cận sẽ khác so với các PA ban đầu,thì cách tiếp cận sẽ khác so với các PA ban đầu,0,,"[] Thao L - INVT 6/2 4:17 PM Edited Translate Với mục đích rao bán toàn dự án thì cách tiếp cận sẽ khác so với các PA ban đầu, P.ĐT sẽ kết hợp P.RD đang nghiên cứu thị trường để phù hợp hơn Sau khi có báo cáo của RD, P.ĐT sẽ tính toán và báo lại liền ạ",https://www.google.com/maps/search/th%C3%AC+c%C3%A1ch+ti%E1%BA%BFp+c%E1%BA%ADn+s%E1%BA%BD+kh%C3%A1c+so+v%E1%BB%9Bi+c%C3%A1c+PA+ban+%C4%91%E1%BA%A7u
BDS-MASTER-0502,thì họ sẽ làm như thế nào Huy M - IM Rồi anh tính phương án thử by Admin 01,thì họ sẽ làm như thế nào Huy M - IM Rồi anh tính phương án thử by Admin 01,0,,[] Admin 01 6/17 1:53 PM Translate Thử hỏi anh Dũng xem nếu mình mua rồi hợp tác Gamuda thì họ sẽ làm như thế nào Huy M - IM Rồi anh tính phương án thử by Admin 01,https://www.google.com/maps/search/th%C3%AC+h%E1%BB%8D+s%E1%BA%BD+l%C3%A0m+nh%C6%B0+th%E1%BA%BF+n%C3%A0o+Huy+M+-+IM+R%E1%BB%93i+anh+t%C3%ADnh+ph%C6%B0%C6%A1ng+%C3%A1n+th%E1%BB%AD+by+Admin+01
BDS-MASTER-0394,thì khả năng cao dự án không phải nộp thêm ạ,thì khả năng cao dự án không phải nộp thêm ạ,0,,"[] Dạ Sếp. Hiện tại Anh Minh vẫn tiếp tục rà soát từ nhiều nguồn để kiểm tra rủi ro pháp lý dự án. Liên quan đến LUR, theo các hồ sơ mình có được và cũng như nhận định từ P.PLDA thì khả năng cao dự án không phải nộp thêm ạ. Và P.ĐT cũng đề xuất trong các đợt làm việc tiếp theo, sẽ có nhân sự của P.PLDA gặp đối tác để làm rõ các rủi ro pháp lý nêu trên Kêu hẹn đi by Admin 01",https://www.google.com/maps/search/th%C3%AC+kh%E1%BA%A3+n%C4%83ng+cao+d%E1%BB%B1+%C3%A1n+kh%C3%B4ng+ph%E1%BA%A3i+n%E1%BB%99p+th%C3%AAm+%E1%BA%A1
BDS-MASTER-0326,triển khai chi tiết,triển khai chi tiết,0,,"[] Dạ Sếp, đây là phương án tính nhanh. Hệ số có thể xin được 10, sau khi đã binh 2 tầng shop và hết dân số hệ số đạt 8.3, hệ số 1.7 là phần thương mại dịch vụ từ tầng 3 đến tầng 6 tuy nhiên theo nghiên cứu của P.ĐT thì giá thuê tương đối thấp, việc kinh doanh phần TMDV chưa đạt hiệu quả nên tạm sử dụng 4 tầng TMDV trên để làm xe nổi. Sau khi dự án triển khai chi tiết, P.ĐT sẽ đánh giá lại cho 4 tầng TM trên nên để xe nổi hay kinh doanh thương mại.",https://www.google.com/maps/search/tri%E1%BB%83n+khai+chi+ti%E1%BA%BFt
BDS-MASTER-0397,và thị trường khu vực,và thị trường khu vực,0,,"[] Dạ sau khi trao đổi với anh về hiện trạng dự án và thị trường khu vực, P.ĐT có trao đổi với các phòng ban liên quan, hiện P.RD vừa đề xuất lại phương án kinh doanh mới và P.QH đang binh phương án mới phù hợp với quy mô dân số và phương án P.RD đề xuất. Cả 2 phòng đang triển khai song song, sau khi có báo cáo thị trường và phương án QH mới Em sẽ chạy lại FS và báo cáo liền ạ",https://www.google.com/maps/search/v%C3%A0+th%E1%BB%8B+tr%C6%B0%E1%BB%9Dng+khu+v%E1%BB%B1c
BDS-MASTER-0481,xung quanh do phòng R&D tổng hợp,xung quanh do phòng R&D tổng hợp,0,,[] Hanh T - INVT 6/11 4:33 PM Translate Xin gửi Sếp giá căn hộ các dự án xung quanh do phòng R&D tổng hợp. Tổng hợp thị trường căn hộ cùng phân khúc gần DA VVK.pdf image by Hanh T - INVT,https://www.google.com/maps/search/xung+quanh+do+ph%C3%B2ng+R%26D+t%E1%BB%95ng+h%E1%BB%A3p
BDS-MASTER-0503,đã được đưa vào danh sách thí điểm 171 Số thự tự 41,đã được đưa vào danh sách thí điểm 171 Số thự tự 41,0,,"[] Khoa L - INVT 6/1 2:28 PM Translate So với báo cáo năm 2023 thì hiện tại dự án đã được đưa vào danh sách thí điểm 171 Số thự tự 41, danh sách thí điểm đợt 3 nă... by Khoa L - INVT",https://www.google.com/maps/search/%C4%91%C3%A3+%C4%91%C6%B0%E1%BB%A3c+%C4%91%C6%B0a+v%C3%A0o+danh+s%C3%A1ch+th%C3%AD+%C4%91i%E1%BB%83m+171+S%E1%BB%91+th%E1%BB%B1+t%E1%BB%B1+41
BDS-MASTER-0207,đạt hiệu quả LNTT/TMĐT ~ >=20% ở khung từ giá bán bình quân chưa VAT đạt từ 75 triệu/m2 trở lên chi phí đầu tư,đạt hiệu quả LNTT/TMĐT ~ >=20% ở khung từ giá bán bình quân chưa VAT đạt từ 75 triệu/m2 trở lên chi phí đầu tư,0,,"[] Phòng có chạy thêm độ nhạy theo 2 giả định: Cố định tiền sử dụng đất được khấu trừ ~ đơn giá 168 tr/m2: thay đổi giá bán căn hộ và thay đổi suất vốn đầu tư all-in thì dự án đạt hiệu quả LNTT/TMĐT ~ >=20% ở khung từ giá bán bình quân chưa VAT đạt từ 75 triệu/m2 trở lên chi phí đầu tư xây dựng chưa VAT từ dưới 12,7 tr/m2 all in (Theo bảng độ nhạy, vùng tô vàng) 2. Cố định giá bán căn hộ ~ đơn giá 68,8 tr/m2: thay đổi đơn giá đất được khấu trừ và thay đổi suất vốn đầu tư all-in thì tại mức đơn g",https://www.google.com/maps/search/%C4%91%E1%BA%A1t+hi%E1%BB%87u+qu%E1%BA%A3+LNTT%2FTM%C4%90T+~+%3E%3D20%25+%E1%BB%9F+khung+t%E1%BB%AB+gi%C3%A1+b%C3%A1n+b%C3%ACnh+qu%C3%A2n+ch%C6%B0a+VAT+%C4%91%E1%BA%A1t+t%E1%BB%AB+75+tri%E1%BB%87u%2Fm2+tr%E1%BB%9F+l%C3%AAn+chi+ph%C3%AD+%C4%91%E1%BA%A7u+t%C6%B0
BDS-MASTER-0208,đạt tỷ lệ LNTT/TMĐT 15% ~ 290 tỷ đồng ~ đơn giá 137,đạt tỷ lệ LNTT/TMĐT 15% ~ 290 tỷ đồng ~ đơn giá 137,0,,"[] P.ĐT có chạy bài toán ngược với tỷ lệ LLTT/TMĐT đạt 15 % và các điều kiện khác không đổi (giá bán căn hộ, giá xây dựng) thì giá mua tối đa để DA đạt hiệu quả là 291 tỷ đồng ~ đơn giá 137.8 triệu đồng/m2. 2 Đề xuất: Có thể xem xét cân nhắc tìm hiểu DA nếu Giá chào giảm xuống đến mức mà dự án đạt tỷ lệ LNTT/TMĐT 15% ~ 290 tỷ đồng ~ đơn giá 137.8 triệu đồng/m2. Trân trọng, Find local businesses, view maps and get driving directions in Google Maps. maps.app.goo.gl image by Hanh T - INVT",https://www.google.com/maps/search/%C4%91%E1%BA%A1t+t%E1%BB%B7+l%E1%BB%87+LNTT%2FTM%C4%90T+15%25+~+290+t%E1%BB%B7+%C4%91%E1%BB%93ng+~+%C4%91%C6%A1n+gi%C3%A1+137
