candidate_key,existing_project_id,project_name_candidate,mention_count,first_report_date,latest_report_date,map_urls,land_area_mentions,price_mentions,sample_excerpt
hội an riverside resort spa,BDS-TEAMS-0040,Hội An Riverside Resort & Spa,6,2024-11-15,2024-12-25,https://maps.app.goo.gl/zNrudtbb4kMk2xxv5,"40m²; 39m²; 580,1m²; 16.570m²; 48m²; 85m²; 040,1m²; 540m²; 14.127m²; 50m²; 38m²","2,7 tỷ; 2,3 tỷ; 17,8 tr/m2; 15 tr/m2; 377 tỷ; 303 tỷ; 75 tỷ; 104 tỷ; 2,9 tỷ; 19 tr/m2; 74 tỷ; 295 tỷ; 2,81 tỷ; 299 tỷ; 33,8 tỷ; ; 430 tỷ; 71 tỷ","Phòng ĐT báo cáo Sếp Admin 01 về cập nhật FS dự án Hội An Riverside Resort & Spa theo Concept Lamanon và giá kinh doanh của anh David Cường cung cấp, như sau: 1/ Cơ cấu phòng: 125 phòng gồm 105 phòng khách sạn và 20 phòng Villa (không thay đổi) 2/ Suất đầu tư Chi phí đầu tư (gồm VAT) Tháng 4/2026 Tháng 12/2024 Suất vốn đầu tư /key 2,7 tỷ/key 2,3 tỷ/key Đơn giá All - in 17,8 tr/m2 15 tr/m2 Tổng chi phí đầu tư 377 tỷ đồng 303 tỷ đồng 3/Giá bán, tỷ lệ lấp đầy, chi phí vận hành: Giá kinh doanh Tháng 4/2026 Tháng 12/2024 Giá phòng khách sạn 2,97 triệu/phòng 2,7 triệu/phòng Giá phòng Villa 9,27 triệu/phòng 8 triệu/phòng Công suất 65%,70%,72%,80% 60%,65%,70%, 75%, 80% Doanh thu khác 31% 35% Giá bình quân 150 USD (tỷ giá 27.000 đồng) 4/Hiệu quả đầu tư Chỉ tiêu Tháng 4/2026 Tháng 12/2024 IRR 17.1% 17.1% NPV 75 tỷ đồng 104 tỷ đồng Thời gian hoàn vốn 7 năm 9 năm Do concept mới chưa có suất vốn đầu tư nên phòng đang tạm tính theo suất vốn chuẩn 5 sao mức đầu tư cao cấp ~ 2,7 tỷ/key và có tính độ n"
31 trần não,BDS-TEAMS-0035,31 Trần Não,3,,,,5.243 m²; 3.580 m²; 1.354 m²; 2.226 m²; 1.660 m²,"1,800 tỷ; 21.5tr/m2; 18.6tr/m2; 3.1 tỷ; 2,700 tỷ; 2,500 tỷ; 200 tỷ; 1,525 tỷ; 2.500 tỷ; 4,200 tỷ; 476tr/m2; 160 tỷ; 1,250 tỷ; 18.4tr/m2; 2.24 tỷ; 255 tỷ; 11,500 tỷ; 3,360 tỷ; 220tr/m2; 20.2 tỷ; 1,280 tỷ; 250tr/m2; 30.2 tỷ; 1,360tỷ; 6,500 tỷ; 136 tỷ","Thao L - INVT 5/11 1:38 PM Edited Translate K.ĐT gửi anh Admin 01 báo cáo dự án 31 Trần Não như sau: I. TỔNG QUAN 02 PHƯƠNG ÁN: II. PHƯƠNG ÁN CĂN HỘ DỊCH VỤ KẾT HỢP VĂN PHÒNG VÀ TRUNG TÂM THƯƠNG MẠI 1. Chi phí xây dựng (VAT): 1,800 tỷ - Đơn giá XD Allin: 21.5tr/m2 (trong đó SĐT VP + hầm: 18.6tr/m2 - Dựa vào S.ĐT P.QS tính theo chuẩn VP Opal) - SĐT/CHDV: 3.1 tỷ/key 2. Doanh thu và Chi phí vận hành (VAT): - Tỷ lệ diện tích thương phẩm Văn phòng đạt khoảng 79%, CHDV chỉ khoảng 60% (nhiều tiện ích đi kèm) - Giá thuê và phí dịch vụ của văn phòng năm đầu: 38.5$/m2/tháng gồm VP: 33$/m²/tháng + phí dịch vụ 5.5$/m²/tháng; CPVH: 20% DT; Tỷ lệ tăng giá thuê 3%/năm - Giá thuê CHDV năm đầu: + Dài ngày chiếm 70%: 33tr/căn/tháng ~ 23.2$/m2/tháng + Ngắn ngày chiếm 30%: 1.6tr/căn/đêm ~ 33.9$/m²/tháng => Quy đổi trung bình đơn giá thuê CHDV năm đầu: 26.4$ /m²/tháng, CPVH: 50% DT; Tỷ lệ tăng giá thuê 5%/năm - Giá thuê sỉ TTTM năm đầu: 14.3$/m2/tháng; CPVH: 4% DT; Tỷ lệ tăng giá thuê 2%/năm 3. Hiệu quả đầ"
richland quận 9,BDS-TEAMS-0007,Richland Quận 9,1,,,,"308,7 m2; 49.443 m2; 2.82 ha; 1.09 ha; 0.38 ha",,"Phòng Đầu Tư báo cáo Sếp Admin 01 về DA Richland Quận 9. Trên cơ sở báo cáo pháp lý từ phòng Pháp lý DA, P. Đầu tư xin tổng hợp những điểm chính cần lưu ý đối với dự án Richland Quận 9 như sau: 1 .Pháp lý đầu tư và đất : Dự án phải hoàn thành vào tháng 3/2011 => Dự án chậm tiến độ triển khai + Chậm đưa đất vào sử dụng. Cần làm rõ DA đã được gia hạn sử đụng đất chưa? 2. Nghĩa vụ tài chính + đền bù: Nghĩa vụ tài chính dự án: Chưa hoàn thành nghĩa vụ tài chính tương ứng với chỉ tiêu quy hoạch được phê duyệt (6.972 người, 1.743 căn hộ, hệ số toàn khu 4,99 lần, chức năng chung cư, trường mầm non, văn phòng thương mại dịch vụ). Diện tích đền bù: 11.308,7 m2 của các hộ dân thuộc ranh dự án 49.443 m2, đã có QĐ thu hồi năm 2008 giao cho Cty nhưng thiếu hồ sơ đính kèm => chưa thể khẳng định đã hoàn tất bồi thường hay chưa. 3. Các nghĩa vụ khác: + Đóng góp kinh phí xây trường Tiểu học bên ngoài dự án; + Tuyến điện đi qua dự án, đóng tiền phần diện tích đất dưới hành lang tuyến điện đi qua dự án. "
phượng hoàng,,Phượng Hoàng,11,2024-12-12,2025-09-10,,,215 tỷ; 36.5tr/m2; 2 tỷ; 38 tỷ; 33 tỷ; 71 tỷ; 178 tỷ; 4 tỷ; 182 tỷ; ; 14.5 tỷ; 12 tỷ; 618.8 tỷ; 27 tỷ; 11.6tr/m2; 30tr/m2; 12.3tr/m2; 31tr/m2; 10 tỷ; 40 tỷ; 14 tỷ; 619 tỷ; 624 tỷ; 588 tỷ; 593 tỷ; 36tr/m2,"P.ĐT gửi anh Mr Mike1 -CEO về Chính sách bán hàng dự án Phượng Hoàng như sau: 1. Về giá vốn và giá thành toàn bộ của sản phẩm căn hộ: Mục tiêu: Ngân sách bán hàng 215 tỷ (chưa VAT) để thu về đơn giá bán trung bình 36.5tr/m2. 2. Giả định: - Mr. David mua 1 căn suất nội bộ và thêm 14 căn (tổng sỉ 15 căn) - Nhân viên công ty mua 49 suất nội bộ =>Tổng số căn áp dụng thanh toán sớm 95%: 64 căn Tổng số căn suất nội bộ: 50 căn Và 15 căn áp dụng mua sỉ (Mr. David) Theo giả định hiện tại, phần ngân sách dành cho chiết khấu vượt dự toán khoảng 2 tỷ, dẫn đến thâm hụt so với kế hoạch. Để duy trì tổng chi phí bán hàng trong giới hạn 215 tỷ đồng, Bộ phận SM cần thực hiện điều chỉnh, cắt giảm hoặc tối ưu các nhóm chi phí khác tương ứng. Message by Unknown User"
bà kèo,,Bà Kèo,8,,,,2.8 ha; 430 m²,"1,750 tỷ; 2,300 tỷ; 100tr/m2","P.ĐT gửi anh Admin 01 về việc ước tính TSDĐ dự án Bà Kèo theo Quy hoạch 1/500 cũ (100% thấp tầng) như sau: 1. QUY HOẠCH Theo Quyết định số 29/QĐ-BQLPTPQ ngày 03/04/2014 về phê duyệt Đồ án điều chỉn… Anh gửi lại Sếp tính tiền sử dụng đất theo 1.500 cũ của Bà Kèo à Begin quote, Thao L - INVT, 6/22/2026 12:01... by Admin 01"
cao tầng,,cao tầng,7,2024-09-25,2025-02-11,https://maps.app.goo.gl/AoJAreLLvUUHzVVw5; https://maps.app.goo.gl/uKe9j2z7xKHjdR8A7; ; https://maps.app.goo.gl/K3ASKRs9Sc5yfa9z9,"243.6m2; 140m2; 70m2; 5,537m2; 926.4m2; 326.7m2; 4926.4m2; ; 10,490m2; 883.4m2; 067.7m2","894 tỷ; 170tr/m2; 2,590 tỷ; 367 tỷ; 70tr/m2; 16.9tr/m2; 14tr/m2; 20tr/m2; 38,654 tỷ; 167.3tr/m2; 125tr/m2; 147.85tr/m2; 137 tỷ; 12,768 tỷ; 1,158 tỷ; 1,515 tỷ; 275 tỷ; 55.8tr/m2; 940 tỷ; 12tr/m2; 292.4 tỷ; 50.1tr/m2; 43 tr/m2; 31.5tr/m2; 38.5tr/m2; 176 tỷ; 270 tỷ; ; 65tr/m2; 681.86 tỷ; 15.3tr/m2; 50tr/m2; 40.2 tr/m2","Thao L - INVT 3/11 11:49 AM Translate K.ĐT gửi lại báo cáo về Cao tầng 31 Trần Não như sau - thời điểm tính toán Tháng 2/2025 1. Thông tin, vị trí và hiện trạng: - Dự án cao tầng với tổng diện tích đất là 5,243.6m2. - Chi phí đất ban đầu: 894 tỷ ~ 170tr/m2 – full ở - Vị trí dự án tiếp giáp đường Trần Não. - Hiện trạng: Dự án có nguồn gốc đất là Full ở lâu dài (theo thông tin được cung cấp), vì thế phần đất tương ứng sản phẩm Thương mại (TTTM, Khách sạn, Văn phòng) có khả năng được thời hạn lâu dài (tương tự dự án 197 Lê Văn Sỹ, Quận 3). Tuy nhiên, để P.PLDA có đánh giá chính xác và chi tiết hơn cần cung cấp đầy đủ hồ sơ dự án. 2. Hồ sơ Pháp lý: P.ĐT nhận thông tin Tính hiệu quả sơ bộ dự án từ Mr. Hùng theo Thuyết minh dự án được cung cấp. Không có bất kì hồ sơ pháp lý nào, vì thế chưa thể đánh giá pháp lý dự án. Theo Thuyết minh dự án đề xuất thay đổi như sau: 3. Tính khả thi: a. Loại hình phát triển: Dự án cao tầng hỗn hợp gồm: 04 tầng TTTTM, 06 tầng Khách sạn 4 - 5 sao, 05 tầng Văn p"
phú quang,,Phú Quang,6,2022-08-03,2025-07-15,,"313,853m2; 97,860m2; 416,808m2; 102,955 m2",8.000 tỷ; 23.797 tỷ; 3.676 tỷ; ; 507.7 tỷ; 755.9 tỷ,"Khoa L - INVT 7/15/2025 5:46 PM Translate P.ĐT báo cáo CEO Mr Mike1 -CEO cập nhật FS dự án Phú Quang, Về nghĩa vụ tiền sử dụng đất dự án, trước đây Công ty đang định hướng sẽ được khấu trừ phần tiền sử dụng đất mà đối tác cam kết nộp cho diện tích giao đất đợt 1 (tương ứng với QH 1/500 cũ) vào số tiền sử dụng đất đợt 2 (theo QH 1/500 mới). Tuy nhiên, hiện nay công tác điều chỉnh QH1/500 đã được hoàn thành trước công tác đóng tiền đợt 1 thực hiện. Do đó, khả năng công ty sẽ phải đóng full tiền sử dụng đất mà không được khấu trừ. => P.ĐT cập nhật lại FS dự án theo phương án đóng full tiền sử dụng đất. (ước tính ~8.000 tỷ) như sau: - LNTT: 23.797 tỷ - NPV: 3.676 tỷ - IRR: 19.17% - LNTT/TMĐT: 51.06% 2025.07.15-FS PA full tiền đất.pdf P. ĐT báo cáo Sếp Mr Mike1 -CEO về s... by Hanh T - INVT, has an attachment."
swan park và swan bay,,Swan Park và Swan Bay,6,2023-06-10,2023-06-13,,500 m²; 1000 m²; 282 m²; 457 m²,,"Sinh Nguyen-Dau Tu 6/13/2023 1:54 PM K.ĐT báo cáo anh Tuan Tran-CEO về so sánh Giá bán đất (sau khi trừ CTXD) giữa dự án Swan Park và Swan Bay như sau: Giá bán đất Nhà phố hiện tại của SwanBay cao hơn SwanPark khoảng 120% – 150%. Nếu thời điểm 2022 thì cao hơn khoảng 70% – 80% Giá bán đất Biệt thự song lập hiện tại của SwanBay cao hơn SwanPark khoảng từ 30% - 50%. Nếu thời điểm 2022 thì cao hơn khoảng 10% - 20%. Giá bán đất Biệt thự đơn lập hiện tại của SwanBay cao hơn SwanPark khoảng từ 110% - 160%. Nếu thời điểm 2022 thì cao hơn khoảng 80% - 100%. Giá bán đất Shophouse hiện tại của SwanBay cao hơn SwanPark khoảng 40% - 50%. Nếu thời điểm 2022 thì cao hơn khoảng 5%. Giá bán đất Dinh thự hiện tại của SwanBay cao hơn SwanPark khoảng 210% - 310%. Nếu thời điểm 2022 thì cao hơn khoảng 200% - 300%. Giá bán đất Dinh thự (sau khi tách CTXD) của SwanBay cao hơn SwanPark rất nhiều sau khi chưa tách đất và CTXD là do: Diện tích sàn xây dựng Dinh thự tại SwanBay nhỏ (1 trệt, 1 lầu, 300 – 500 m²)"
phú gia khiêm về việc điều chỉnh chỉ tiêu dân số,,Phú Gia Khiêm về việc điều chỉnh chỉ tiêu dân số,5,,,,25m²; 32m²,,"P.ĐT gửi anh Mr Mike1 -CEO cập nhật sau Cuộc họp dự án Phú Gia Khiêm về việc điều chỉnh chỉ tiêu dân số như sau: - Chỉ tiêu dân số của dự án PGK đang được tính: 3.973 dân, trong đó: + Dân số căn hộ ở: 3.500 dân + Dân số officetel: 473 dân - Chỉ tiêu dân số của dự án PGK dự kiến điều chỉnh: 3.67… Thao L - INVT Hi Thảo; PLDA cập nhật chốt xin giữ dân số cho PGK là 3800. Đầu tư trao đổi với QH và PLDA để nắm tt thêm; Các PA điều chỉnh cơ cấu sản phẩm sau này cũng dễ hơn. Begin quote, Thoi L - ASST., 12/17/2025 8:5... by Thao L - INVT"
hoa viên vĩnh thanh sau khi có thông số từ p,,Hoa viên Vĩnh Thanh sau khi có Thông số từ P,5,2025-02-08,2026-01-23,,"290,217m2; 57ha","1,081 tỷ; 1.2tr/m2; 683 tỷ; 1,327 tỷ; 10,362 tỷ; 1.59tr/m2; 905 tỷ","Thao L - INVT 1/23 12:02 PM Edited Translate K.ĐT gửi anh Mr Mike1 -CEO cập nhật báo cáo dự án Hoa viên Vĩnh Thanh sau khi có Thông số từ P.QH và S.ĐT từ P.QS như sau: 1. Cập nhật Thông số của P.QH và SĐT của P.QS: a. Diện tích thương phẩm: 290,217m2 ~ 51% b. SĐT All in gồm VAT: 1.898 tr.đ/m2 cho tổng 57ha ~ 1,081 tỷ * Phạm vi tính: - Đất mộ: Xử lý nền, trồng cỏ, Xử lý Khí - Thải – Mùi, Kim tĩnh. - Hạ tầng: Hạ tầng Công viên, Cảnh quan, Cây xanh, Kênh; Hạ tầng Giao thông, Bãi xe, Chiếu sáng, Cấp nước - điện - mạng; Hệ thống xử lý nước thải, Xử lý không khí. * Không tính SĐT các công trình tiện ích và phụ trợ, chỉ san lắp và làm hạ tầng chờ để triển khai sau: - Nhà tang lễ, Tịnh xá, Nhà hỏa táng, Nhà hàng và Nhà điều hành. (Tạm xem phần Chi phí xây dựng này sẽ được bù trừ bởi Doanh thu hoạt động khi sử dụng các dịch vụ của tiện ích này). 2. Cập nhật Tiền chuyển mục đích sử dụng đất tạm tính: a. Đơn giá Chuyển mục đích sử dụng đất theo bảng giá đất Nhà nước: 1.2tr/m2 cho tổng 57ha ~ 683 "
holiday beach,,Holiday Beach,5,2025-04-16,2025-04-16,https://maps.app.goo.gl/gr7GZiwJ71dX1nzNA,75.913 m2; 43.702 m2; 3000 m2; 4700 m2; 65.528 m2; 4.700 m2; 3.000 m2; 38m²; 65m²; 47ha,"106 tr/m2; 143,4 tr/m2; 128 tr/m2; 153,6 tr/m2; 176 tr/m2; 161 tr/m2; 183 tr/m2; 115 tr/m2; 125.5 tr/m2; 188 tr/m2; 33 tr/m2; 215 tr/m2; 180 tr/m2; 6.5 tr/m2; 29.7 tr/m2; 40 tr/m2; 5,8 tỷ; 4,7 tỷ; 135 tr/m2; 156 tr/m2; ; 5.127 tỷ; 1.725 tỷ; 3.094 tỷ; 3,5 tỷ; 5,25 tỷ; 4,55 tỷ; 5 tỷ; 2.094 tỷ; 265 tỷ; 2.817 tỷ; 1.116 tỷ","P.ĐT xin báo cáo Sếp Admin 01 FS dự án Holiday Beach theo phương án kết hợp Khách sạn và Condotel, như sau: I. TỔNG QUAN DỰ ÁN VÀ CƠ CẤU SẢN PHẨM: Quy mô xây dựng: 2 tầng hầm, 30 tầng nổi, tổng diện tích GFA gồm hầm 75.913 m2. Tỷ lệ diện tích thương phẩm 43.702 m2 ~ 58%/GFA gồm hầm, ~ 66%/GFA chưa hầm. II. TỔNG MỨC ĐẦU TƯ DỰ KIẾN Tổng mức đầu tư (bao gồm VAT) được dự kiến xây dựng hoàn thiện tiêu chuẩn 5 sao. III. PHÂN BỔ GIÁ VỐN VÀ TÍNH GIÁ HÒA VỐN: Cơ cấu giá vốn/m2 thương phẩm Giá vốn phân bổ cho từng loại sản phẩm: Do tổng diện tích kinh doanh gồm nhiều loại hình (bán, cho thuê, shop, condotel), với giả định các sản phẩm có khả năng tạo ra dòng tiền cao hơn sẽ gánh tỷ trọng giá vốn lớn hơn nên áp dụng phương pháp Phân bổ giá vốn của từng loại sản phẩm theo doanh thu ước tính để có tỷ lệ phù hợp, từ đó làm cơ sở để tính toán giá hòa vốn cho từng loại hình sản phẩm. Giá hòa vốn khách sạn 5.3 tr/đêm (~ 106 tr/m2), giá có lợi nhuận 12% ~ 6 tr/đêm (~143,4 tr/m2). Giá hòa vốn Condotel: 1"
10ha đường long thuận,,10ha Đường Long Thuận,4,,,,"10ha; 16.536m2; 339,4m2","5.899 tỷ; 57 triệu/m2; 56 triệu/m2; 3.692 tỷ; 3tr/m2; 805 tỷ; 13triệu/m2; 1.322 tỷ; 7,4 Triệu/m2; 8.127 tỷ; 133 Triệu/m2; 110 Triệu/m2; 4.620 tỷ; 1.387 tỷ; 11 triệu/m2; 2.288 tỷ; 13,5 Triệu/m2","P.ĐT xin báo cáo Sếp Admin 01 về sơ bộ dự án 10ha Đường Long Thuận, Long Phước, Quận 9, TP.HCM PHƯƠNG ÁN 1: Dân số 1500 người Phương án 1a P.ĐT thực hiện tính theo phương án bố trí của phòng QH, tuy… Mai trình bày em cái này Nhầm, t2 chứ by Admin 01"
h2 02,,H2-02,4,,,,,600 tỷ; 120 tỷ; 17tr/m2; 342 tỷ; 53 tỷ; 63tr/m2; 70tr/m2; 85 tr/m2; 75tr/m2,"P.ĐT báo cáo sếp Admin 01 cập nhật FS dự án H2-02 với các giả định cập nhật sau: 1. Giá chào cập nhật 600 tỷ 2. Tiền sử dụng đất 120 tỷ. Qua làm việc, đối tác thông báo tiền sử dụng đất còn phải nộ… 2. 120 tỷ là số chốt chưa hay áng chừng nhỉ Begin quote, Admin 01, 5/27/2026 7:36 PM, 2... by Huy M - IM"
khu gia đình quân nhân quân chủng pk kq 8,,Khu gia đình quân nhân quân chủng PK-KQ (8,4,,,https://maps.app.goo.gl/ET75kfpwVX837fEE6; https://maps.app.goo.gl/47PLkeuNfzKvw38w8; https://maps.app.goo.gl/RXcEPNYx6EwAbDxF9,"8,46Ha; 5,52ha; 2,94ha; 8,46HA; 8,46ha","487 tỷ; 682 tỷ; 2.441 tỷ; 13,6 tr/m2; 3.209 tỷ; 24,8 tr/m2; 563tỷ; 231 tỷ","P.ĐT báo cáo anh Mr Mike1 -CEO về hiệu quả sơ bộ cho dự án Khu gia đình quân nhân quân chủng PK-KQ (8,46Ha) – Biên Hòa – Bộ Quốc Phòng. P.ĐT có tính thêm phương án theo phía đối tác cung cấp thông tin dự án có thể xây dựng được 15 tầng & độ cao tĩnh 55m. Dự án gồm 2 Khu 5,52ha và 2,94ha, PA quy hoạch phải đảm bảo dân số dưới 4000 dân cho mỗi khu để không hình thành đơn vị ở (trường hợp dân số vượt 4000 dân sẽ hình thành đơn vị ở, khi đó dự án phải bố trí cây xanh, các công trình công cộng….). Để tránh mất diện tích thương phẩm, có thể tăng thêm cao tầng và tiết kiệm chi phí phương án quy hoạch thiết kế không xây dựng hầm, gồm 2 tầng khối đế và 13 tầng tháp. 2 tầng khối đế sẽ bố trí để xe kết hợp căn hộ ở. Dưới đây là bảng so sánh và tổng hợp hiệu quả tài chính của 2 Phương án quy hoạch Nhận định: LNTT/TMĐT của 2 phương án là như nhau, tuy nhiên do phương án tăng thêm tầng và diện tích thương phẩm tăng thêm nên lợi nhuận sau thuế tăng từ 487 tỷ lên 682 tỷ. K.ĐT báo cáo anh Mr Mike1 -CEO"
không đạt hiệu quả tài chính,,không đạt hiệu quả tài chính,4,2022-08-22,2023-04-11,https://goo.gl/maps/AivqKgNA3GRARDNZ7; https://goo.gl/maps/eqfdgJBc7XT7VhAW8; https://goo.gl/maps/TKu4Ej99YDW51J8o6; https://goo.gl/maps/u7HMUhYJqdPGD9dz6,50ha; 6.95ha; 1.4ha; 35m2; 60m2; 321m2; 206m2; 120m2,"216 tỷ; 107 tỷ; ; 100tỷ; 1.4tr/m2; 408tỷ; 764 tỷ; 280 tỷ; 204 tỷ; 1,34tr/m2; 250 tỷ; 1,65tr/m2","Thao L - INVT 4/11/2023 10:35 AM Edited 7.Hiệu quả đầu tư: a.Trường hợp 1: Có tính chi phí đất, chi phí xây dựng và hoạt động. Dự án không đạt hiệu quả tài chính: NPV = -216 tỷ, IRR = 7,24%. Độ nhạy IRR: b.Phương án 2: Không tính chi phí đất, chỉ có chi phí xây dựng và chi phí hoạt động – thực hiện theo cách thức giữ được đất lâu dài. Dự án đạt hiệu quả tài chính: NPV = 107 tỷ, IRR = 24,45%. Độ nhạy IRR: Link vị trí: https://goo.gl/maps/AivqKgNA3GRARDNZ7 Link hồ sơ: https://belgroupvn.sharepoint.com/:f:/s/BeeGroupCEOOffice-03.KhiuT/Etmt7yNBh7FAocEwZEduLDgB98w43UUGiZXejtAUkUneSg?e=ooQRz3 *Thị trường Văn phòng: Image by Thao L - INVT"
đông trung,,Đông Trung,4,2022-11-02,2022-11-02,,4.8ha; 8000 m2; 0.9ha; 9.3ha; 3 ha; ; 4.6ha; 12ha; 5.4ha; 80m2; 88422m2; 1.4ha; 1249m2,"13.9tr/m2; 32,6tr/m2; 1.250 tỷ; 468 tỷ; 780 tỷ; 46.5 tr/m2; 65tr/m2; 45tr/m2; 60tr/m2; 55tr/m2; 78tr/m2; 36.5tr/m2; 35.8tr/m2; 40tr/m2; 48tr/m2; 43.8tr/m2; 3452.9 tỷ; 5959.2 tỷ; 3055.3 tỷ; 261 tỷ","P.ĐT báo cáo sếp Mr Mike1 -CEO về hiệu quả dự án Đông Trung theo Phương án: 4.8ha xây dựng NOTM và 8000 m2 đất công xây dựng Nhà ở Cán bộ. Thông số quy hoạch: 1. Khu 4.8ha: bố trí 2 khu chung cư cao 40 tầng (1.886 căn) và 2 khu thấp tầng (116 nền) 2. Khu nhà ở cán bộ: bố trí 2 block chung cư cao 18 tầng (~ 359 căn) Hiệu quả kinh tế * Note: - Để đảm bảo tỷ suất sinh lợi như trên cần xin được mức dân số như sau: => Dân số 3.950 được bố trí cho riêng khu 4.8ha (NOTM), dân số cho khu nhà ở lực lượng vũ trang nhân dân ~ 550 dân. - Đối với khu Nhà ở cán bộ, suất đầu tư đang lấy theo SĐT Bộ XD công bố, 13.6tr./m2 cho quy mô công trình 18 tầng. Trường hợp thực tế triển khai có thể tiết kiệm được chi phí xây dựng này để nâng hiệu quả kinh tế khu nhà ở cán bộ. Như vậy đối với phương án chia tách 2 dự án độc lập như trên, về mặt tổng thể vẫn đảm bảo hiệu quả kinh tế (điều kiện xin được dân số như trên) Ok tiến hành đi by Unknown User"
kcn thái hòa liễn sơn liên hòa khu vực 1 284 ha thuộc địa phận các xã thái hòa và xã bắc bìn,,KCN Thái Hòa – Liễn Sơn – Liên Hòa - Khu vực 1 (284 ha) thuộc địa phận các xã Thái Hòa và xã Bắc Bìn,4,2023-05-20,2023-06-16,https://goo.gl/maps/aChZ8vYJMZ8j6SjR7,284 ha,,"Sinh Nguyen-Dau Tu 6/16/2023 8:48 PM K.ĐT báo cáo anh Tuan Tran-CEO dự án KCN Thái Hòa – Liễn Sơn – Liên Hòa - Khu vực 1 (284 ha) thuộc địa phận các xã Thái Hòa và xã Bắc Bình, huyện Lập Thạch, tỉnh Vĩnh Phúc như sau: 1/ Vị trí Cách đường Quốc lộ 2C khoảng 80m. Nằm ở giáp ranh giữa Vĩnh Phúc và Tuyên Quang, là khu công nghiệp có vị trí xa nhất khi hướng về Hà Nội và Hải Phòng Cách trung tâm Thành phố Vĩnh Yên khoảng 22km Cách đường Vành Đai 5 (đường Vành Đai – Vùng Thủ Đô) khoảng 16,5km; Cách nút giao cao tốc Hà Nội – Lào Cai khoảng 16km. Cách sân bay quốc tế Nội Bài khoảng 52km Cách Trung Tâm Thủ đô Hà Nội khoảng 78km Cách Hải Phòng khoảng 175km 2/ Hiện trạng: Còn nhiều nhà dân sinh sống trong ranh đất quy hoạch dự án: 1 cụm lớn tập trung ở giữa và khá nhiều hộ nằm rải rác da beo trên đất quy hoạch dự án Có 1 khu mộ trên đất quy hoạch dự án Dự án không tiếp giáp trực tiếp đường Quốc Lộ 2C, chỉ tiếp cận đường nội bộ khu dân cư 3/ Pháp lý đất, pháp lý đầu tư Chưa có 4/ Quy hoạch Quyết đ"
đường ngô chí quốc,,đường Ngô Chí Quốc,4,2023-08-03,2023-08-03,https://goo.gl/maps/Empzn8zwhyULFrqV8,"2,15ha; 0,4ha; 0,82ha; 629,71m2; 21.470m2; 8.986m2; 643,71m2; 159,71m2",,"Thao L - INVT 3/23 11:45 AM Translate K.ĐT gửi lại anh Admin 01 báo cáo dự án đường Ngô Chí Quốc, Bình Chiểu, Thủ Đức – nguồn Mr. Duy như sau: 1. THÔNG TIN KHU ĐẤT 1.1. Vị trí và hiện trạng: a. Vị trí: - Vị trí: Khu đất nằm trên mặt tiền đường Ngô Chí Quốc, Bình Chiểu, Thủ Đức, TPHCM. - Link map: https://goo.gl/maps/Empzn8zwhyULFrqV8 - Khu đất có vị trí nằm trong phần địa giới TP.HCM giáp ranh tỉnh Bình Dương: + Cách nút giao Gò Dưa và đường quy hoạch Vành Đai 2 khoảng 3Km. + Cách Quốc lộ 13 khoảng 2Km. + Cách Dự án Phú Quang một con rạch. + Đối diện Khu chế xuất Linh Trung 2. + Cách khu nghĩa trang Gò Đình khoảng 400m. b. Hiện trạng: Đa phần là đất lúa và đất vườn. 1.2. Quy hoạch và mục tiêu đề xuất: a. Quy hoạch: - Theo QH 1/10.000 (được Mr. Duy cung cấp): Khu đất nghiên cứu được quy hoạch là ĐẤT KHU ĐÔ THỊ HỖN HỢP CẢI TẠO CHỈNH TRANG HOẶC TÁI PHÁT TRIỂN – CÓ THỂ BAO GỒM CÁC KHU VỰC PHÁT TRIỂN MỚI (có thể sử dụng cho một hoặc nhiều trong số các chức năng: nhà ở, dịch vụ, CTCC, sản xu"
felicia đà nẵng,,Felicia Đà Nẵng,4,2024-11-21,2025-02-19,https://maps.app.goo.gl/cuqyDKdtbfwW1DAa8,"1.220m²; 22.204m²; 35,6m²; 23m²; 39m²",230 tỷ; 183 tỷ,"Huy M - IM 2/19/2025 9:31 PM Translate K.ĐT báo cáo anh Mr Mike1 -CEO về dự án Felicia Đà Nẵng theo phương án tổ hợp khách sạn và Condotel, mặt tiền đường Võ Nguyên Giáp, Lô B5, thuộc khu phúc hợp đô thị, TMDV Royal Era 1, P. Mỹ An, Q. Ngũ Hành Sơn, T. Đà Nẵng như sau: 1/ Vị trí: - Mặt tiền tiếp giáp đường Võ Nguyên Giáp, cách giao lộ đường Võ Nguyên Giáp và Võ Văn Kiệt khoảng 1,2km, cách giao lộ đường Võ Nguyên Giáp và Hồ Xuân Hương khoảng 1,4km - Bên trái giáp Serene Beach, cách Holiday Beach khoảng 350m 2/ Hiện trạng: Công trình xây dựng khách sạn dở dang, với 2 hầm + 25 tầng nổi. Công trình đã cất nóc (theo thông tin anh Sơn - Trợ lý) => Vẫn chưa đánh giá được tính phù hợp của hiện trạng xây dựng và các hồ sơ thiết kế, xây dựng được duyệt 3/ Pháp lý Đất: Đã có GCN QSDĐ cấp ngày 17/03/2011 - Diện tích đất: 1.220m² - Mục đích sử dụng: Đất cơ sở sản xuất, kinh doanh - Thời hạn sử dụng: Ban đầu GCN cấp thời hạn sử dụng lâu dài. Nhưng đến ngày 31/10/2017, thay đổi thời hạn sử dụng đất t"
đầu tư xây dựng đường cao tốc tp,,Đầu tư xây dựng đường Cao tốc TP,4,2024-12-10,2024-12-10,https://www.google.com/maps/d/u/1/edit?mid=10gTnNN6aieu1u3Xx49gGnnp177W4zag&usp=sharing,,1474 tỷ; 1000 tỷ,"Huy M - IM 12/10/2024 12:03 PM Translate Dự án Đầu tư xây dựng đường Cao tốc TP.Hồ Chí Minh – Thủ Dầu Một - Chơn Thành là trục cao tốc Bắc Nam của tỉnh Bình Dương, Bình Phước (trục xuyên tâm cắt qua đường Vành đai 4, Vành đai 3, dẫn đến đường Vành đai 2 TP.Hồ Chí Minh), nối tiếp tuyến cao tốc Gia Nghĩa - Chơn Thành (cao tốc Bắc Nam phía Tây) Dự án có ý nghĩa, vai trò rất quan trọng đối với sự phát triển kinh tế - xã hội gắn với củng cố an ninh - quốc phòng của vùng Tây nguyên và Đông Nam bộ; rút ngắn thời gian lưu thông, thúc đẩy các hoạt động thương mại, vận tải, thông thương mua bán trong khu vực; Bình Dương Dự kiến dự án sẽ khởi công quý I/2025 và hoàn thành năm 2027! Khi hoàn thành sẽ là trục kinh tế chính, cùng với QL13 + Mỹ Phước-Tân Vạn là trung tâm phát triển của Bình Dương. * Đoạn qua Bình Phước (thông qua 5/2024) - Dài 7 km - Vốn 1474 tỷ (1000 tỷ ngân sách T.W) - Điểm đầu nằm ở ranh Bình Dương và Bình Phước - Điểm cuối tại thị xã Chơn Thành - 4 làn xe, có làn dừng khẩn cấp - "
khách sạn,,Khách sạn,4,2025-04-08,2025-04-17,,"597.7m2; 1,381m2; 1,120m2; 4.122m2; 1.381m2",707tr/m2; 350tr/m2; 2.1 tỷ; 110tr/m2; 2.4 tỷ,"Thao L - INVT 4/17/2025 6:20 PM K.ĐT báo cáo anh Mr Mike1 -CEO về các chỉ tiêu hoạt động của 06 dự án Khách sạn: A. THÔNG SỐ CƠ BẢN 📷 B. THÔNG SỐ HOẠT ĐỘNG CHI TIẾT 1. B11- Gần Alacarte - Diện tích đất: 597.7m2; Loại đất: Đất ở tại đô thị; Thời hạn: Lâu dài 📷 2. Serence - Diện tích đất: 1,381m2; Loại đất: Cơ sở sản … Em gửi lại bảng tính nhanh ạ Tuy nhiên lúc này tính cho fs lô B11 thì an... by Huy M - IM"
cát lái sky habitat,,Cát Lái - Sky Habitat,3,,,,,690 tỷ; 50 tỷ; 128 tỷ; 818 tỷ; 80.8tr/m2; 424 tỷ; 340 tỷ; 120 tỷ; 938 tỷ; 600 tỷ,"P.ĐT báo cáo sếp Admin 01 cập nhật FS cho dự án Cát Lái - Sky Habitat, theo PA giá chào 690 tỷ bao tiền sử dụng đất (LUR) 1. Thông tin cập nhật: - Giá chào: 690 tỷ (bao gồm LUR) - Giá vốn: Qua trao đổi với đơn vị giới thiệu, Công ty dự án đang ghi nhận giá vốn chỉ 50 tỷ => Điều này dẫn đến thiệt hại về thuế TNDN cho công ty mình khi mình bỏ ra 690 tỷ mua cổ phần nhưng BCTC chỉ ghi nhận 50 tỷ. Tổng thiệt hại thuế TNDN ước tính là 128 tỷ, tức bằng (690-50)x20% Như vậy tổng giá đầu vào bao gồm giá chào và thiệt hại thuế dự kiến sẽ là 818 tỷ, đơn giá ~ 102tr./m2 - Giá bán: cập nhật từ Anh An, giá bán trung bình dự án là 80.8tr/m2 (chưa V, tim tường) 2. Hiệu quả: - LNTT (điều chỉnh thiệt hại về thuế): 424 tỷ - LNST (điều chỉnh thiệt hại về thuế): 340 tỷ - IRR: 15,5% - LNTT/TMĐT: 25,2% => Dự án vẫn đảm bảo hiệu quả kinh tế. 3. Điểm lưu ý: Rủi ro liên quan đến LUR: Do chúng ta đã tiếp cận được thông tin công ty dự án có thể còn phải đóng 120 tỷ theo hệ số K. Nên trường hợp giá chào 690 tỷ, vẫ"
gộp là 1,,gộp là 1,3,,,,4.600 m2; 4.613 m2,"190 tr/m2; 380 tr/m2; 1.780 tỷ; 1.383 tỷ; 332 tỷ; 1.387 tỷ; 1.047 tỷ; 227 tr/m2; 64 tỷ; 1.643 tỷ; 1.379 tỷ; 5,3 tỷ; 258 tỷ; 180 tỷ; 950 tỷ; 1.062 tỷ; 5.560 tỷ; 4.826 tỷ; 108 tr/m2; 767 tỷ; 100 tr/m2; 21 tr/m2; 841 tỷ; 738 tỷ","P.ĐT báo cáo Sếp Admin 01 về phương án gộp 2 lô Võ Văn Kiệt ~ diện tích 4.600 m2 như sau: 1. VỊ TRÍ VÀ RANH ĐẤT 2 LÔ ĐẤT: Vị trí theo đường link: Vị Trí Dự án 2. THÔNG SỐ QUY HOẠCH Trên cơ sở phòng QH giả định: Giữ nguyên chỉ tiêu dân số của 2 lô, theo đó tổng dân số cho dự án gộp là 1.290 dân (Lô Kế VVK là 740, Lô VVK là 550 dân). Điều chỉnh tăng hệ số sử dụng đất lên 13.7 (tăng 0.9 lần so với QH Lô Kế VVK là 12.8) đồng thời tăng 3 tầng nổi. + Diện tích đất của 2 lô : 4.613 m2 + Quy mô xây dựng: 2 Block 30 tầng nổi, 3 tầng hầm. + Tổng sản phẩm: 833 căn gồm 812 căn hộ ở + 21 căn Shop TM khối đế. + Hệ số sử dụng đất: 13,7 lần. 3. HIỆU QUẢ DỰ ÁN Giả định về Giá mua dự án: * Lô A17-02 (gọi là DA Võ Văn Kiệt) cố định ~ 190 tr/m2. * Lô A17-01 (gọi là DA Kế Võ Văn Kiệt) theo đơn giá chào là 380 tr/m2. 3.1 Chi phí (Gồm VAT): a) Chi phí đất: 1.780 tỷ đồng ~ 52% TMĐT, gồm CP mua DA + Tiền SDĐ nộp: + CP nhận chuyển nhượng: 1.383 tỷ đồng ~ 298 tr.đ/m2. + Tiền sử dụng đất bổ sung: 332 tỷ đồng, bằn"
h2 02 sky habitat thuộc kdc cát lái i,,H2-02 (Sky Habitat) thuộc KDC Cát Lái I,3,,,,"988.9 m2; 54.949 m2; 137,1 m2; 31.024 m2","78.8 tr/m2; 660 tỷ; 16.5 tr/m2; 363 tỷ; 290 tỷ; 65 tỷ; 584 tỷ; 74,5tr/m2","Dạ P.ĐT báo cáo sếp Admin 01 dự án H2-02 (Sky Habitat) thuộc KDC Cát Lái I. Thông tin tổng quan: 📷 Lô H2-02 thuộc KDC Cát Lái có CĐT là Công ty Invesco. Năm 2014, Invesco đã chuyển nhượng lại 2 lô… Check kỹ lại xem, kêu bên Phòng Kinh Doanh đánh giá xem giá bán ổn không, số lượng ít vậy thì hạn chế bán hàng như thế nào Ok Sếp. Sáng PĐT cũng khảo sát hiện trạng k... by Huy M - IM"
nhà ở,,nhà ở,3,,,https://maps.app.goo.gl/v8GdHbU3xb5G8JFs9; https://maps.app.goo.gl/bKZVkKUcnYGRLJWw5,"907.5 m2; 052.1 m2; 8,739 m2; 1,313 m2; 48,901 m2; 82,557 m2; 7.276 m2; 276,8 m2; 824,3 m2; 452,5 m2; 6.800 m2; 450 m2; 3,22 ha; 55.730 m2; 31.933 m2; 3.22ha","1,500 tỷ; 53 Triệu/m2; 63 Triệu/m2; 1,094 tỷ; 657 tỷ; 13.4 triệu/m2; 400 tỷ; 24 tỷ; 12.4 tỷ; 225 tỷ; 119 tỷ; 79 tỷ; 2,751 tỷ; 1,917 tỷ; 1,127 tỷ; 13.7 triệu/m2; 337 tỷ; 53 tỷ; 413 tỷ; 316 tỷ; 13 tỷ; 300 tỷ; 360 tỷ; 16,5 tỷ; 1.409 tỷ; 321 tỷ; 756,8 tỷ; 42 tỷ; 288 tỷ; 1.698 tỷ; 98 tỷ; 309 tỷ; 200 tỷ","P.ĐT xin báo cáo Sếp Admin 01 về khu đất phường Phú Thọ Hòa, Quận Tân Phú, TP HCM (Nguồn Sếp Tâm) như sau: 1. Pháp lý đất: Diện tích: 13,907.5 m2 Mục đích: Đất trồng cây lâu năm Thời hạn: 50 năm ( 07/2011 – 07/2061) Nguồn gốc sử dụng: Nhà nước công nhận quyền sử dụng đất Vị trí: https://maps.app.goo.gl/v8GdHbU3xb5G8JFs9 Ranh đất: Hạ tang giao thông nội bộ: có bề rộng mặt đường hẹp (7m) và vị trí khó khả thi phát triển thành khu thương mại dịch vụ. 2. Quy hoạch: 3. Đánh giá: Hiện trạng khu đất là đất trồng cây lâu năm có thời hạn sử dụng đến tháng 07/2061. Căn cứ theo Tra cứu Quy hoạch như trên, Khu đất có quy hoạch công viên cây xanh chiếm tỉ trọng lớn 56% và phần còn lại là đất TMDV, không có quy hoạch đất ở. Dựa trên vị trí khu đất và hạ tầng xung quanh, khu đất khó phát triển TMDV mà chỉ phù hợp phát triển dự án nhà ở. Tuy nhiên, qua trao đổi với phòng Quy hoạch, khu đất khó điều chỉnh quy hoạch sang đất ở và đã hết chỉ tiêu dân số cùng chưa duyệt quy hoạch phân khu. Vì vậy, đề xuất"
đấu giá 102ha,,đấu giá 102ha,3,,,https://maps.app.goo.gl/QVMCmJp83pMBNKrL8,"102ha; 443,5m2",1.696 tỷ; 5.013 tỷ; 15.917 tỷ; 17.218 tỷ; 2.583 tỷ; 1.281 tỷ,"P.ĐT báo cáo Sếp Mr Mike1 -CEO về hiệu quả cho dự án đấu giá 102ha, Phước An, Nhơn Trạch, Đồng Nai như sau: 1/ VỊ TRÍ DỰ ÁN ĐẤU GIÁ https://maps.app.goo.gl/QVMCmJp83pMBNKrL8 2/ THÔNG SỐ QUY HOẠCH DỰ ÁN: Theo Phương án đấu giá ngày 10/11/2025 giá khởi điểm 1.696 tỷ đồng. Tuy nhiên, Thông báo đấu giá ngày 24/11/2025 mức giá khởi điểm tăng lên 5.013 tỷ đồng. 2.1 Hạng mục đất đấu giá, Trong đó Đất ở chiếm 34,6% và Đất CTCC chiếm 8,1% + TỔNG DIỆN TÍCH TOÀN KHU: 1.019.443,5m2 (102ha) 2.2 Hạng mục diện tích xây dựng 3/ ĐỀ XUẤT GIÁ BÁN CHO DỰ ÁN CỦA P.RD 4/ HIỆU QUẢ DỰ ÁN ĐẦU TƯ 5.1 Suất vốn đầu tư + Suất vốn đầu tư All in gồm VAT Nhà Liên Kế: 8 Triệu đồng/m2 + Suất vốn đầu tư All in gồm VAT Nhà Biệt thự: 9,6 Triệu đồng/m2 + Suất vốn đầu tư All in gồm VAT Chung cư 5 tầng + để xe nổi: 10 Triệu đồng/m2 5.2 Cơ cấu vốn dự án 5.3 Hiệu quả dự án + Tổng mức đầu tư gồm lãi chưa VAT: 15.917 tỷ đồng (Trong đó nghĩa vụ NOXH dự kiến 10% giá đấu) + Doanh thu bán hàng chưa VAT: 17.218 tỷ đồng Trong đó giá b"
đấu giá 77ha,,đấu giá 77ha,3,,,,"77ha; 835,2m2; 049,5m2; 855,1 m2; 25.466m2; 414,9m2; 084,6m2; 417,2m2; 379,m2; 884,m2","31.158 tỷ; 2.900 tỷ; 28.282 tỷ; 22.319 tỷ; 4.500 tỷ; 17.749 tỷ; 1.900 tỷ; 1.550 tỷ; 5.391 tỷ; 4.755 tỷ; 6,2 triệu/m2; 7,5 Triệu/m2; 9,96 Triệu/m2; 11,96 Triệu/m2; 7.296 tỷ; 7.000 tỷ","P.ĐT báo cáo Sếp Mr Mike1 -CEO về hiệu quả cho dự án đấu giá 77ha, Long Thành, Đồng Nai sau khi cập nhật theo giá CHI TIẾT từng phân khu của phòng R&D so với ngày báo cáo 08/08/2025 như sau: Tổng diện tích dự án: 772.835,2m2 Doanh thu chưa bao gồm VAT: 31.158 tỷ đồng (Tăng 2.900 tỷ đồng so với ngày báo cáo 8/8/2025 là 28.282 tỷ đồng 🡪 Lý do: giá nhà liên kế sau khi khảo sát và điều chỉnh tăng khoảng 10%, Biệt thự không đổi, phần công trình công cộng chuyển từ bán đất sang bán sàn xây dựng) 🡪 Thời gian bán hàng kéo dài 4 năm Tổng mức đầu tư 22.319 tỷ đồng, tăng 4.500 tỷ đồng so với ngày báo cáo 8/8/2025 là 17.749 tỷ 🡪 Lý do tăng: Do dự trù nghĩa vụ NOXH là 1.900 tỷ và theo thông tin của Trung Tâm phát triển quỹ đất CĐT phải xây dựng hoàn thành các công trình công cộng mới được phép chuyển nhượng nên phát sinh thêm chi phí xây dựng công trình công cộng 1.550 tỷ đồng, lãi vay tăng do tăng khoảng vay đấu giá lên 70%, chi phí dự phòng tăng thêm. Trong đó: Nghĩa vụ NOXH bổ sung dự trù 40% so"
xung quanh,,xung quanh,3,2022-08-10,2022-08-10,,,167 tr/m2,"Dạ bên đó đang bán từ 107 tr đến 167 tr/m2 tùy hệ số tầng, góc, view. Xin gửi Sếp giá căn hộ các dự án xung quanh... by Hanh T - INVT, has an attachment."
50ha thuộc huyện vĩnh tường yên lạc,,50ha thuộc huyện Vĩnh Tường – Yên Lạc,3,2022-08-22,2024-12-16,,"50ha; 12ha; 6,9ha; 2,4ha; 2,7ha; 3,2ha; 7,1ha; 1,3ha; 0.4ha; 0.8ha; 0.1ha",1tr/m2,"Huy M - IM 12/16/2024 5:48 PM Translate KĐT gửi anh @Tuan @Tran-CEO báo cáo dự án 50ha thuộc huyện Vĩnh Tường – Yên Lạc, tỉnh Vĩnh Phúc: 1) Vị trí và hiện trạng: • Dự án nằm trên trục đường QL2C (trục đường gồm 2 làn oto, 2 làn xe máy), cách TP. Vĩnh Yên khoảng 10km và nằm đoạn giữa đường Vành đai 3 (định đướng hoàn thành vào 2030) và Vành đai 4 (chưa có thông tin cụ thể) tỉnh Vĩnh Phúc. • Hiện trạng: Đang xin chủ trương tỉnh uỷ về việc đấu thầu thực hiện dự án. Đơn giá bồi thường ước tính 1tr/m2 cho diện tích toàn khu 2) Pháp lý đất: Đang ở bước chuẩn bị ĐBGPMB, đa phần là đất lúa. 3) Pháp lý đầu tư: Đang xin chủ trương đấu thầu dự án. 4) Pháp lý quy hoạch: Thông số thương phẩm và các thông số dựa vào đề xuất trình xin chủ trương kèm bảng vẽ 1/500 theo đề xuất (chưa được duyệt) 5) Pháp lý xây dựng: Theo đề xuất xin chủ trương được cung cấp. 8) Hiệu quả tài chính: • Lợi nhuận trước ... by Huy M - IM"
anantara tham chiếu,,ANANTARA THAM CHIẾU,3,2022-11-18,2022-11-18,https://goo.gl/maps/oJBLCYE9ShbB6ZA6A,,"759 tỷ; 247,7 tỷ; 241,13 tỷ; 96,357 tỷ; 6,7 tỷ; 231,22 tỷ; 550 tỷ",Thao L - INVT 11/18/2022 3:02 PM Edited V. ĐỊNH GIÁ TÀI SẢN DỰ ÁN ANANTARA THAM CHIẾU THEO DỰ ÁN PHÚ HẢI Bảng so sánh: Vị trí 02 dự án: image 3. ... by Thao L - INVT
holiday beach tại đà nẵng đánh giá nhanh phương án vận hành khách sạn tạm thời trong thời gian ngắn,,Holiday Beach tại Đà Nẵng đánh giá nhanh phương án vận hành khách sạn tạm thời trong thời gian ngắn,3,2024-09-14,2024-09-14,,,"198 tỷ; 524,8 tỷ; 50,78 tỷ; 2,17 tỷ; 56,6 tỷ","Unknown User 9/14/2024 11:54 AM P.Đầu tư gửi anh Mr Mike1 -CEO Bảng tính toán hiệu quả dự án Holiday Beach tại Đà Nẵng đánh giá nhanh phương án vận hành khách sạn tạm thời trong thời gian ngắn: 1/ Các giả định trong bảng tính: + Doanh thu và chi phí hoạt động được căn cứ theo phương án kinh doanh của Mr. Cường – GM 📷 + … Phương án tạm tính bài toán đầu tư của HB 2 à K.ĐT báo cáo anh Mr Mike1 -CEO về thị... by Thao L - INVT, has an attachment."
phú gia khiêm,,Phú Gia Khiêm,3,2024-09-17,2025-10-01,,,"5,025 tỷ; 3,883 tỷ; 712 tỷ; 13tr/m2; 6tr/m2; 787 tỷ; 5,187 TỶ; 42.5tr/m2; 70tr/m2; 110tr/m2; 358 tỷ; 162 tỷ; 700 tỷ; 1100 tỷ; 2.840 tỷ; 3.269 tỷ; 200 tỷ","Thao L - INVT 10/1/2025 5:49 PM Translate K.ĐT gửi anh Mr Mike1 -CEO về cập nhật dự án Phú Gia Khiêm với 02 phương án như sau: A. PHƯƠNG ÁN CĂN HỘ + DÃY SHOPHOUSE LIỀN KỀ (CHUYỂN OFFICETEL THÀNH THẤP TẦNG) 1. TỔNG CHI PHÍ DỰ ÁN (VAT): 5,025 tỷ - Tổng mức đầu tư: 3,883 tỷ, trong đó: + Chi phí tiền sử dụng đất thấp nhất: 712 tỷ (Đơn giá đóng TSDĐ của PGK gấp 4 lần đơn giá Nhà nước đường Bình Chuẩn 67 = tỷ lệ giữa đơn giá theo văn bản Phê duyệt đơn giá đất để tính TSDĐ của dự án A&K vào Q1.2025 và đơn giá nhà nước đoạn đường tọa lạc của dự án A&K = 4 lần) – Tạm tính vào thời điểm 2025 + Suất xây dựng căn hộ allin (VAT): 13tr/m2 sàn + Suất xây dựng Shophouse liên kế (VAT): 6tr/m2 sàn - Chi phí bán hàng (VAT) : 787 tỷ ~ 17% Doanh thu chưa VAT 2. TỔNG DOANH THU DỰ ÁN (VAT): 5,187 TỶ - Đơn giá trung bình căn hộ (chưa VAT, tim tường): 42.5tr/m2 sàn - Đơn giá trung bình Shophouse khối cao tầng (chưa VAT, tim tường): 70tr/m2 sàn - Đơn giá trung bình Shophouse liên kế (chưa VAT, gồm đất + nhà): 1"
được tính tiền sử dụng đất,,được tính tiền sử dụng đất,3,2024-10-07,2024-10-07,,,300 tỷ,"Sinh Nguyen-Dau Tu 10/7/2024 11:25 AM Edited Translate Dự án được tính tiền sử dụng đất theo phương pháp thặng dự: Hiện tại dự án chưa có quyết định giao đất. Khi có quyết định giao đất thì nghĩa vụ tài chính thức hiện theo thời điểm giao đất. Trong báo cáo đang giả định thời điểm giao đất là năm 2024 Cơ sở tính toán tiền sử dụng đất, căn cứ Quyết định số 37/2024/QĐ-UBND ngày 01/07/2024 về quy định cụ thể các yếu tố hình thành doanh thu và chi phí theo phương pháp thặng dư trên địa bàn TP.HCM Tiền sử dụng đất (tính theo phương pháp thặng dự) cao, chủ yếu là do doanh thu phát triển dự án tăng, trong khi đó các yếu tố chi phí phát triển được cố định theo QĐ 37. Doanh thu được hình thành từ viêc bán đất và căn hộ; Giá bán này nhà nước sẽ căn cứ theo giá bán của khu vực + Doanh thu bán đất, dự án tạm tính theo giá bán khu dân cư Bình Điền bên cạnh. Đơn giá bán tạm tính khoảng 60tr/m² (chưa VAT) + Doanh thu bán căn hộ, dự án tạm tính theo giá bán thực tế West Gate đang mở bán theo thị trườn"
khách sạn felicia đà nẵng,,khách sạn Felicia Đà Nẵng,3,2024-10-15,2024-10-15,https://maps.app.goo.gl/xQZeRwkJHuyDhx496,"1.220m²; 22.204m²; 35,6m²",230 tỷ; 311 tỷ,"Sinh Nguyen-Dau Tu 10/15/2024 11:14 AM Edited Translate K.ĐT báo cáo anh Mr Mike1 -CEO về dự án khách sạn Felicia Đà Nẵng, mặt tiền đường Võ Nguyên Giáp, Lô B5, thuộc khu phúc hợp đô thị, TMDV Royal Era 1, P. Mỹ An, Q. Ngũ Hành Sơn, T. Đà Nẵng như sau: 1/ Vị trí: - Mặt tiền tiếp giáp đường Võ Nguyên Giáp, cách giao lộ đường Võ Nguyên Giáp và Võ Văn Kiệt khoảng 1,2km, cách giao lộ đường Võ Nguyên Giáp và Hồ Xuân Hương khoảng 1,4km - Bên trái giáp Serene Beach, cách Holiday Beach khoảng 350m 2/ Hiện trạng: Công trình xây dựng khách sạn dở dang, với 2 hầm + 25 tầng nổi. Công trình đã cất nóc (theo thông tin anh Sơn - Trợ lý) => Vẫn chưa đánh giá được tính phù hợp của hiện trạng xây dựng và các hồ sơ thiết kế, xây dựng được duyệt 3/ Pháp lý Đất: Đã có GCN QSDĐ cấp ngày 17/03/2011 - Diện tích đất: 1.220m² - Mục đích sử dụng: Đất cơ sở sản xuất, kinh doanh - Thời hạn sử dụng: Ban đầu GCN cấp thời hạn sử dụng lâu dài. Nhưng đến ngày 31/10/2017, thay đổi thời hạn sử dụng đất từ: Lâu dài thành "
thấp tầng phú an hội giáp mặt tiền tôn đức thắng 25b,,thấp tầng Phú An Hội giáp mặt tiền Tôn Đức Thắng (25B),3,2024-11-09,2024-11-09,https://maps.app.goo.gl/B98HY6ThSbAhg1a98,"16,1ha; 8.6ha; 7.3ha; 19.4ha; 8,6ha; 19.45ha; 3.3ha; 16,1399ha; 16.1ha; 19.4HA; 16.1 ha; 3.3 ha","473 tỷ; 5.5tr/m2; 3,445 tỷ; 900 tỷ; 4.6tr/m2; 386 tỷ; 6.2tr/m2; 293 tỷ; 1.82tr/m2; 1,583 tỷ; 8.6tr/m2; 203 tỷ; 6.4tr/m2; 456 tỷ; 4,556 tỷ; 900 TỶ; 4.6TR/M2; 493 tỷ; 6tr/m2; 200 tỷ; 693 tỷ","Thao L - INVT 11/9/2024 11:58 AM K.ĐT báo cáo anh Mr Mike1 -CEO về dự án thấp tầng Phú An Hội giáp mặt tiền Tôn Đức Thắng (25B), Phú Hội, Nhơn Trạch, Đồng Nai như sau (Nguồn: Mr. Ka): I. THÔNG TIN DỰ ÁN - Vị trí: + Tiếp giáp mặt tiền Tôn Đức Thắng (25B), Phú Hội, Nhơn Trạch, Đồng Nai. + Cách ngã tư Tôn Đức Thắng – Nguyễn Hữu C… Mr. Hùng TPQĐ muốn xem báo cáo này. P.ĐT xin ý kiến của anh Mr Mike1 -CEO ạ Begin quote, Thao Le-PTDT , 11/9/2024 12:17... by Unknown User"
nhà ở xã hội ubnd đồng nai mời quan tâm đấu thầu,,nhà ở xã hội UBND Đồng Nai mời quan tâm đấu thầu,3,2025-03-25,2025-03-25,,"405,5 m2; 24.279 m2; 11.761 m2; 34.994 m2; 21.162 m2; 37.139 m2","649 tỷ; 135,4 tỷ; 722,5 tỷ; 733 tỷ; 040,6 tỷ; 1.206 tỷ","Khoa L - INVT 3/25/2025 4:21 PM KĐT gửi anhMrMike1-CEO về báo cáo sơ bộ các 6 dự án nhà ở xã hội UBND Đồng Nai mời quan tâm đấu thầu như sau:Vị trí 6 dự án:Hạng mụcVị trí 1Vị trí 2Vị trí 3Vị trí 4Vị trí 5Vị trí 6Vị tríĐoàn văn Cừ, P.Tam Hiệp, Biên HòaKhu TĐC Long Bình, P.Long Bình, Biên HòaKhu TĐC đường tránh QL1A, Phước Tân, Biê… Sau khi đánh giá các dự án và cũng có gửi qua Group Management thì thống nhất là Nghiên cứu các Dự án ở Biên Hòa Begin quote, Khoa L - INVT, 3/27/2025 6:04 ... by Huy M - IM"
48 nguyễn thiện thuật,,48 Nguyễn Thiện Thuật,3,2025-05-07,2025-05-07,,"703,3 m2; 655,2 m2; 28,884 m2; 104 m2; 67 m2","993 tỷ; 562 tỷ; 330 tr/m2; 28,5 tỷ; 315 tỷ; 185 tr/m2; 286 tỷ; 168 tr/m2; 402,6 tỷ; 13,94 tr/m2; 32 tỷ; 245 tỷ; 1.232 tỷ; 209 tỷ; 1.308 tỷ; 183 tỷ; 118,3 tr/m2; 1.1125 tỷ; 68,8 tr/m2; 76,4 tỷ; ; 79 triệu/m2; 71 triệu/m2","Hanh T - INVT 2/25 3:45 PM Edited Translate P. Đầu tư báo cáo Sếp Admin 01 về hiệu quả dự án 48 Nguyễn Thiện Thuật, TP Nha Trang theo phương án quy hoạch 20 tầng và hệ số 13 lần (phù hợp QH 1/2000, không phải điều chỉnh) như sau: 1. Thông tin pháp lý và quy hoạch: Pháp lý: Diện tích đất theo Giấy chứng nhận: 1.703,3 m2 (đất đã được cấp GCN, ở lâu dài) Hiện chưa hình thành dự án, mới chỉ có Giấy chứng nhận QSD đất và chỉ tiêu QH 1/2000. Quy hoạch: Diện tích đất phù hợp quy hoạch: 1.655,2 m2, chỉ tiêu quy hoạch theo phòng QH tính toán: Hệ số sử dụng đất: 13; Tầng cao: 20 tầng; Mật độ xây dựng: 75% Mục đích sử dụng đất: Đất hỗn hợp (nhóm nhà ở và thương mại dịch vụ) Tổng diện tích sàn xây dựng: 28,884 m2, bao gồm 3 tầng hầm, 2 tầng Shop TM khối đế (13 căn ~ 104 m2 1T1L) + 18 tầng tháp là căn hộ ở (234 căn ~ 67 m2/căn). 2. Hiệu quả dự án: Tổng mức đầu tư (chưa VAT): 993 tỷ đồng - CP mua đất: 562 tỷ đồng (~ 330 tr/m2) - CP tiền sử dụng đất bổ sung: 28,5 tỷ đồng, tính chênh lệch giữa TSD đất"
2769m2 hoàng sa đà nẵng chưa bao gồm tsdđ bổ sung,,2769m2 Hoàng Sa Đà Nẵng (chưa bao gồm TSDĐ bổ sung),3,2025-06-05,2025-06-05,,2769m2,"70tr/m2; 770 tỷ; 250tr/m2; 692 tỷ; 77 tỷ; 24tr/m2; 1,160 tỷ; 2.5tỷ; 15tr/m2","Thao L - INVT 6/5/2025 5:47 PM Edited Translate K.ĐT báo cáo anh Mr Mike1 -CEO về dự án 2769m2 Hoàng Sa Đà Nẵng (chưa bao gồm TSDĐ bổ sung) như sau: 1. THÔNG SỐ QUY HOẠCH 2. TIẾN ĐỘ XÂY DỰNG - BÁN HÀNG - VẬN HÀNH 3. DOANH THU a. Bán hàng – RD đề xuất - Đơn giá bán căn hộ trung bình tại thời điểm cuối 2026 (gồm VAT): 70tr/m2 ~ 770 tỷ b. Vận hành – Mr. David đề xuất - Đơn giá thuê khách sạn/đêm tại thời điểm 2026 (chưa VAT): 2.05tr/phòng/đêm - Đơn giá thuê khách sạn/đêm tại thời điểm 2029 (gồm VAT): 2.4tr/phòng/đêm - Tỷ lệ lấp đầy: 70% - %EBITDA: 33% - 37% 4. CHI PHÍ - chưa bao gồm TSDĐ bổ sung - Đơn giá đất: 250tr/m2 ~ 692 tỷ - Chi phí pháp lý + Nhà mẫu (gồm VAT): 77 tỷ - Đơn giá xây dựng trung bình cả dự án (gồm VAT) giai đoạn cuối 2026 - 2028: 24tr/m2 ~ 1,160 tỷ . SĐT phòng khách sạn (gồm VAT): 2.5tỷ/key . SĐT diện tích xây dựng chung cư (gồm VAT): 15tr/m2 - Chi phí bán hàng: 15% Doanh thu bán hàng - Chi phí vận hành: 67% - 63% 5. HIỆU QUẢ TÀI CHÍNH Dự án không đạt hiệu quả tài chính "
đấu thầu tại nhơn trạch,,đấu thầu tại Nhơn Trạch,3,2025-07-15,2025-07-15,,386 ha; 80 ha; 92ha; 129 ha; 85ha,,"Hanh T - INVT 7/15/2025 6:20 PM Edited Translate P. ĐT báo cáo Sếp Mr Mike1 -CEO về sơ bộ tổng mức đầu tư cụm DA đấu thầu tại Nhơn Trạch, Đồng Nai như sau: Cụm DA Đấu thầu có tổng diện tích 386 ha gồm có 04 phân khu: PK3 (80 ha), PK4 (92ha), PK5 (129 ha), PK6 (85ha). Mỗi phân khu theo QH gồm có đất ở cao tầng và đất thấp tầng (Nhà"
gồm vat 4,,(GỒM VAT) – 4,3,2025-09-11,2025-09-11,,,"4,847TỶ; 700 tỷ; 55 tỷ; 550 tỷ; 17.5tr/m2; 2,197 tỷ; 48 tỷ; 1.42tr/m2; 2,088tỷ; 13tr/m2; 12.2tr/m2; 42 tỷ; 6tr/m2; 19 tỷ; 5.9tr/m2; 16.5 tỷ; 158 tỷ; 786 tỷ; 5,187 TỶ; 45 tr/m2; 4,353 tỷ; 72 tr/m2; 625 tỷ; 110tr/m2; 208 tỷ; 581 tỷ; 1,000 tỷ; 1,410 tỷ; 2,437 tỷ; 820 tỷ; 770 tỷ","Thao L - INVT 9/11/2025 5:28 PM Edited Translate K.ĐT báo cáo anh Mr Mike1 -CEO về Phương án Thấp tầng Phú Gia Khiêm như sau: 1. CHI PHÍ DỰ ÁN (GỒM VAT) – 4,847TỶ - Chi phí M&A: 700 tỷ - Chi phí pháp lý: 55 tỷ - Chi phí Chuyển mục đích tiền sử dụng đất: 550 tỷ ~ 17.5tr/m2 (Gấp 3.1 lần Đơn giá Nhà nước Mặt tiền đường Bình Chuẩn 67) - Tổng chi phí xây dựng all in: 2,197 tỷ + Chi phí xây dựng Hạ tầng, cảnh quan allin trên tổng diện tích dự án: 48 tỷ ~ 1.42tr/m2 đất + Chi phí xây dựng Chung cư all in (2 block: 30 tầng + tum + 2 hầm, hoàn thiện cơ bản): 2,088tỷ ~ 13tr/m2 sàn (cao hơn dự án Phượng Hoàng 12.2tr/m2 khoảng 7%) + Chi phí xây dựng Nhà liên kế all in (4 tầng, hoàn thiện bên ngoài, thô bên trong): 42 tỷ ~ 6tr/m2 sàn + Chi phí xây dựng Nhà trẻ all in (hoàn thiện bên ngoài, thô bên trong): 19 tỷ ~ 5.9tr/m2 sàn + Chi phí xây dựng Nhà mẫu: 16.5 tỷ - Chi phí lãi vay: 158 tỷ với lãi suất 9%/năm - Chi phí bán hàng: 786 tỷ~ 17% (Doanh thu chưa VAT) 2. DOANH THU DỰ ÁN (GỒM VAT) – 5,187 TỶ -"
12ha kdc vĩnh phú gần phú quang,,12ha KDC Vĩnh Phú gần Phú Quang,3,2026-05-08,2026-05-08,,12ha; 12.5 ha; 12.5ha,79 tr/m2; 100 tr/m2; 70tr/m2; 43tr/m2; 77 tr/m2; 58 tr/m2; 20 tr/m2; 9tr/m2; 956 tỷ; 1.395 tỷ; 1.124 tỷ,"Khoa L - INVT 5/8/2026 11:57 AM 📷 Dạ P.ĐT báo cáo sếp Admin 01 dự án 12ha KDC Vĩnh Phú gần Phú Quang. I. Thông tin tổng quan: 📷 Dựa vào sự phù hợp quy hoạch và hình dáng thuận lợi để triển khai dự án, P.ĐT đề xuất gom mua diện… Vào phòng a trình bày cái này"
trần đức 1 2,,Trần Đức 1 (2,2,,,https://maps.app.goo.gl/t178LDzcrFtjxgEz9,2.8ha; 2.8 ha; 8.5ha; 1.46 ha; 6.572 m2; 90m2,52 tr/m2; 55 tr/m2; 49.4 tr/m2; 80 tr/m2; 58 tr/m2; 520 tỷ; 132 tỷ; 78 tỷ; 485 tỷ; 14.5 tr/m2; 7.5tr/m2; 347 tỷ; 278 tỷ; 40 tỷ; 440 tỷ; 56tr/m2; 360 tỷ,"P.ĐT báo cáo sếp Admin 01 dự án Trần Đức 1 (2.8ha) I. Thông tin dự án - Diện tích: 2.8 ha - Vị trí: Ngã tư Mỹ Phước Tân Vạn - Thủ Khoa Huân, P.Thuận Giao, Bình Dương (cũ) https://maps.app.goo.gl/t178LDzcrFtjxgEz9 II. PA quy hoạch: - Khu đất dự án thuộc ô khu phố có diện tích 8.5ha, hệ số 9/13 (9 ở, 4 TMDV), dân số 4.000, chức năng ở hỗn hợp. - Do dự án có quy mô 2.8ha nên không thể lấy được hết dân số 4000. P.TKQH đã binh phương án sơ bộ như sau: - Hệ số: 5.08 - Dân số: 2.700 - Quy mô: 2 phân khu + Cao tầng (30 tầng) : 1.46 ha - 1.275 căn hộ ở, 18 căn shop TM và 154 căn officetel. + Thấp tầng (nhà liên kế 1 trệt 2 lầu): 6.572 m2 (đất thương phẩm) - 73 nhà liên kế III. PA triển khai đầu tư: a) Giả định kinh doanh: + Giá bán căn hộ: 52 tr/m2 (chưa V tim tường) + Giá bán Shop TM: 55 tr/m2 (chưa V tim tường) + Officetel: 49.4 tr/m2 (chưa V tim tường) + Nhà phố: 80 tr/m2 (chưa V tính trên diện tích đất – 90m2/lô), tương đương giá bán đất khoảng 58 tr/m2 b) Giả định chi phí: + Giá mua dự án/"
hải nhân,,Hải Nhân,2,,,,,"29 tr/m2; 28,9 tr/m2; 43 tr/m2","Phòng ĐT xin báo cáo Sếp Admin 01 sơ bộ hiện trạng 03 dự án Hải Nhân, Richland, Parklane mà Team đã thực hiện khảo sát thực tế sáng hôm nay: 1/Hải Nhân: 2/ Richland: Link bài viết mở rộng đường Lê Văn Việt lên 6 làn xe, 30 m: Link mở rộng đường LVV 3/ Parklane: by Thao L - INVT, has attachments."
43ha dự án tân phú,,43ha - Dự án Tân phú,2,,,,43ha; 43 ha; 190ha,"13tr/m2; 5,600 tỷ; 30tr/m2","P.ĐT gửi anh Admin 01 tóm tắt PL sơ bộ của dự án 43ha - Dự án Tân phú, Bình Dương (Kim Oanh) như sau: Link: Công ty Kim Oanh liên quan gì đến vụ án 43ha “đất vàng” tại Bình Dương? Đối tác đang chào bán 13tr/m2 cho 43 ha (5,600 tỷ) ~ 30tr/m2 đất ở thương phẩm (theo 1/500 dự kiến đối tác đề xuất) và giá chào này theo hiện trạng dự án, không bao gồm TSDĐ và việc gỡ các vấn đề PL nêu trên => Đề xuất: Không nghiên cứu dự án này Công ty Kim Oanh liên quan gì đến vụ án 43ha “đất vàng” tại Bình Dương? Cơ quan điều tra Bộ công an vừa có Kết luận điều tra, đề nghị truy tố với các cá nhân trong vụ án liên quan đến gần 190ha đất tại Tổng Công ty Sản xuất – Xuất nhập khẩu Bình Dương (Tổng Công ty 3/2... ngaymoionline.com.vn Cứ nghiên cứu đi xem lợi nhuận sao e by Admin 01"
khách sạn cạnh tms,,khách sạn cạnh TMS,2,,,,,650tr/m2; 144 tỷ; 129tr/m2; 2.8 tỷ,"K.ĐT báo cáo Sếp Admin 01 , về lô đất là... by Hoa D - CVDT, has an attachment. 5/27 9:18 AM Edited Hoa D - CVDT K.ĐT báo cáo Sếp Admin 01, về lô đất làm dự án khách sạn cạnh TMS với giá chào là 650tr/m2 tại 290 Võ Nguyên Giáp, Ngũ Hành Sơn, Đà Nẵng như sau: I SƠ BỘ VỀ DỰ ÁN Vị trí: Sở hữu vị trí mặt tiền hiếm có trên trục biển Võ Nguyên Giáp – trung tâm du lịch cao cấp Đà Nẵng, kết nối thuận tiện sân bay, trung tâm và Hội An. Pháp lý: Đất TMDV có thời hạn sử dụng lâu dài. Sổ bị cấp sai về thời hạn sử dụng đất nên khi xin dự án sẽ điều chỉnh lại còn 50 năm tới 2061. Quy hoạch: hiện đang giả định là 25 tầng, HS SDĐ: 14.7 II ĐÁNH GIÁ HIỆU QUẢ DỰ ÁN 1. Phương án Kinh Doanh: Dựa trên dự án KS Serene, Phòng đầu tư giả định như sau: 2. Dòng tiền dự án 3. Độ nhạy dự án Độ nhạy TMĐT/Phòng (VAT)/phòng và Giá thuê (VAT) Độ nhạy TMĐT/Phòng (VAT)/phòng và Giá mua đất Để IRR của dự án đạt 10% thì giá mua đất khoản 144 tỷ (Tương đương 129tr/m2) và TMĐT Phòng là 2.8 tỷ/key 2026.05.27_Bao cao Loi lo d"
nguồn anh hùng,,(nguồn anh Hùng),2,,,https://maps.app.goo.gl/oHEYY6H9GGykdD9C6,4.214m2,350 tỷ,"Phòng đầu tư xin báo cáo lại sếp Admin 01 về lô mặt tiền Quốc Lộ 13, Hiệp Bình Phước, TP Thủ Đức. 1. Vị trí dự án: https://maps.app.goo.gl/oHEYY6H9GGykdD9C6 2. Thông tin lô đất (nguồn anh Hùng): a. Diện tích: 42x100m (4.214m2) b. MĐSDĐ: Đất sản xuất phi nông nghiệp, thời hạn sử dung đất lâu dài c. Giá: 350 tỷ"
có lợi thế vị trí khi cách ga metro bình thái khoảng 700m,,có lợi thế vị trí khi cách ga Metro Bình Thái khoảng 700m,2,,,https://maps.app.goo.gl/dRnRPbNFPmCfsTHAA,"4.600 m2; 4,604 m2",108.5tr/m2; 234 tỷ; 51tr/m2; 276 tỷ; 60tr/m2,"P. ĐT báo cáo Sếp Admin 01 về khu đất 4... by Hoa D - CVDT, has attachments. 5/22 9:23 AM Edited Hoa D - CVDT P. ĐT báo cáo Sếp Admin 01 về khu đất 4.600 m2 tại 120 Đặng Văn Bi, phường Thủ Đức, HCM như sau: 1. Tóm tắt sơ bộ hiện trạng pháp lý dự án: a) Vị trí và ranh dự án: https://maps.app.goo.gl/dRnRPbNFPmCfsTHAA b) Đánh giá vị trí dự án: Dự án có lợi thế vị trí khi cách ga Metro Bình Thái khoảng 700m, nằm gần các trường đại học, KCNC và khu dân cư hiện hữu. Khu vực ghi nhận nhu cầu mua ở thực và thuê ổn định, trong khi nguồn cung căn hộ mới còn hạn chế; đặc biệt, loại hình căn hộ dịch vụ chuẩn còn thiếu, tạo dư địa phát triển tốt cho dự án. Tuy nhiên, cần lưu ý rủi ro từ phần đất mộ cần xử lý/di dời và tác động tâm lý đối với người mua do vị trí tiếp giáp khu mộ. b. Sơ bộ hiện trạng pháp lý: Tổng diện tích khu đất là: 4,604 m2, chưa xác định được loại đất nên Phòng Đầu tư tạm giả định là đất CLN Pháp lý đất: Có nguồn gốc đất cá nhân, phù hợp để phát triển dự án nhà ở (Dựa theo Nghị "
a có trao đổi về việc,,a có trao đổi về việc,2,,,,,200 tỷ,Huy M - IM 5/14 6:20 PM Translate Hiện tại holiday mình chỉ còn tới khoảng 2060 or 2058. Nếu làm pháp lý và xây dựng xong mất 4 năm tầm 2030 thì. Condotel chỉ còn lại 28 30 năm thì chưa bàn tới giá bán vs số năm này thì ko ai mua condotel. Nobu còn 32 năm theo a là 1 trong những lý do key họ bán chậm. Nên trong bài này là mình giả định sẽ reset lại được lại 50 năm từ bây giờ và đang tạm tính đóng thêm tiền sử dụng đất khoảng hơn 200 tỷ thì mới làm đc pa condotel. Nếu ko reset được thì chỉ có pa là xây ks vận hành cho thuê. Chứ condotel thì thua à Mấy lần họp pl dự án a có trao đổi về việc ... by Huy M - IM
kdc an tôn,,KDC An Tôn,2,,,,105m2; 276m2; 276 m2; 2.735 m2; 10ha,"29 tr/m2; 8,5 tr/m2; 20 tr/m2; 86 tr/m2; 76 tr/m2; 86,8 triệu/m2; 9,1 tỷ; 76 triệu/m2; 21 tỷ; 4.552 tỷ; 635 tỷ; 577 tỷ; 77 tỷ; 99 tr/m2; 10,3 tỷ; 86,6 tr/m2","P.ĐT báo cáo Sếp Admin 01 về hiệu quả dự án KDC An Tôn theo 02 phương án quy hoạch như sau: I. QUY HOẠCH 02 PHƯƠNG ÁN PA 1: Xây dựng NOXH 6 tầng (391 căn), 122 NLK (nhà liên kế) và 111 NBT (nhà biệt thự). PA 2 : Chuyển đổi quỹ đất NOXH -> NLK và NBT, gồm 134 NLK (tăng thêm 12 căn) và 165 NBT (tăng 54 căn). Lý do có PA 2: Tối ưu hóa quỹ đất, tăng giá trị thương mại cho toàn dự án. Nội dung PA1 NOXH (Chung cư), Nhà LK, BT PA2 Chuyển NOXH -> Nhà LK, BT Ghi Chú NOXH 391 căn NOXH 0 căn NOXH, +54 NBT, 12 NLK Nhà liên kế 122 căn, 4 tầng, DT đất 105m2/nền 134 căn, 3 tầng, DT đất 105m2/nền Nhà biệt thự 111 căn, 3 tầng, DT đất 276m2/nền 153 căn, 3 tầng, DT đất 276 m2/nền Tổng 391 căn NOXH, 233 căn nhà thấp tầng 287 căn nhà thấp tầng II. SO SÁNH CHỈ TIÊU TÀI CHÍNH 02 PHƯƠNG ÁN (chi tiết chi phí và doanh thu sẽ được đính kèm ở bảng tổng hợp) Trong đó, các giả định và cơ sở tính toán của phòng: Chi phí xây dựng tính toán dựa vào suất vốn đầu tư được công bố năm 2026, có điều chỉnh tỷ lệ về mức độ h"
văn phòng an phú,,Văn phòng – An Phú,2,,,,52.419m²,246 tỷ,"P.ĐT xin báo cáo sếp Admin 01 về dự án Văn phòng – An Phú, mặt tiền đường Mai Chí Thọ, phường An Phú, TP. Thủ Đức (Quận 2 cũ), TP.Hồ Chí Minh như sau: 1/ Pháp lý: Do dự án đã hết hạn chấp thuận chủ trương đầu tư từ năm 2010, nên sẽ có khả năng vướng các vấn đề sau: Gia hạn chấp thuận chủ trương đầu tư: Khó gia hạn do phải rà soát lại pháp lý (bị chồng chéo), quy hoạch và năng lực chủ đầu tư. Chưa hoàn thành nghĩa vụ tài chính: Khó xác định đầy đủ nghĩa vụ, có thể bị truy thu và phát sinh chi phí. Chưa đóng góp kinh phí hạ tầng chính: Khó xác định quy hoạch và nghĩa vụ các bên, ảnh hưởng tiến độ. 2/ Quy hoạch Chỉ tiêu xây dựng của khu đất văn phòng - Mật độ xây dựng: 92,8% - Hệ số sử dụng đất: 21,7 - Tổng diện tích GFA (bao gồm hầm và kỹ thuật): 52.419m² - Số tầng: 2 hầm + 27 tầng (trong đó 6 tầng thương mại và 19 tầng văn phòng + 2 tầng kỹ thuật) - Số chỗ để xe: 586 chỗ xe máy và 152 chỗ xe ô tô 3/ Hiệu quả đầu tư Doanh thu: Giả định dự án vận hành trong 30 năm Chi phí Hiệu quả dự án V"
asia phú mỹ bình chánh dự án do anh hiếu gđpl giới thiệu 1,,Asia Phú Mỹ – Bình Chánh (dự án do anh Hiếu-GĐPL giới thiệu) 1,2,,,https://maps.app.goo.gl/H57L1w8ReXXNhtb99,27.9ha; 24ha,,"P.ĐT báo cáo sếp Admin 01 về dự án Asia Phú Mỹ – Bình Chánh (dự án do anh Hiếu-GĐPL giới thiệu) 1. Thông tin tổng quan: - Vị trí: Đại lộ Nguyễn Văn Linh, Bình Chánh (nay là Bình Hưng), Tp.HCM https://maps.app.goo.gl/H57L1w8ReXXNhtb99 - Quy mô: 27.9ha, đã cấp sổ 24ha và định hướng P.ĐT sẽ tập trung phân tích phần 24ha đã cấp sổ. - Lịch sử: Dự án được triển khai từ năm 2000, có CĐT là Công ty Phú Mỹ (Hứa Thị Phấn làm đại diện) liên doanh cùng 2 cổ đông từ Malaysia (asia ltd và MS Investment). Dự án này có liên quan đến sai phạm của hoạt động vay Ngân hàng Agribank Mạc Thị Bưởi và Công ty Phú Mỹ. Hiện đang nằm trong diện xử lý nợ DATC. 2. Phân tích hiệu quả:"
khu nhà ở tân mai thuộc danh sách dự kiến đấu giá tại đồng nai 2026 a thông tin chung,,khu nhà ở Tân Mai (thuộc danh sách dự kiến đấu giá tại Đồng Nai 2026) A) Thông tin chung,2,,,,"690,94 m2; 70 m2",60 tr/m2; 80 tr/m2; 100tr/m2; 120 tr/m2; 100 tr/m2; 7.5tr/m2; 9.5 tr/m2; 2.010 tỷ; 35 tr/m2,"P.ĐT báo cáo sếp Admin 01 dự án khu nhà ở Tân Mai (thuộc danh sách dự kiến đấu giá tại Đồng Nai 2026) A) Thông tin chung: - Vị trí: P.Trấn Biên, Đồng Nai - Diện tích toàn khu: 131.690,94 m2 - Mục đích dự án theo QH sử dụng đất và QH xây dựng: KDC nhà ở kết hợp TMDV, cơ sở giáo dục – văn hóa – y tế. B) Định giá đất theo hiệu quả dự án: - Giả định kinh doanh: Thời gian bán hàng từ Q2/2027 – Q1/2030 Căn hộ: 55 – 60 tr/m2 Shop TMDV: 75 – 80 tr/m2 Nhà phố liên kế: 95 – 100tr/m2 Shophouse liên kế: 115 - 120 tr/m2 Biệt thự: 85 – 100 tr/m2 - Giá định cp đầu tư xây dựng Chung cư 19 tầng : 12.8 – 13.3 (gồm VAT, all-in) Nhà phố: 7.5tr/m2 (hoàn thiện mặt ngoài – thô bên trong) Biệt thự: 9.5 tr/m2 (hoàn thiện mặt ngoài – thô bên trong) - Giả định cp bán hàng: ~18% doanh thu => Để dự án đạt mức IRR: 20%, giá đấu cho khu đất là 2.010 tỷ (đơn giá đất ở: ~ 35 tr/m2) Bảng độ nhạy hiệu quả dự án theo giá đấu: Lưu ý và đề xuất: - Dự án có vị trí tốt, thị trường Biên Hòa có nhiều tiềm năng phát triển, hạ t"
serene đà nẵng,,Serene Đà Nẵng,2,,,,,"2,5 tỷ","Kính gửi Admin 01 , P.ĐT báo cáo hiệu q... by Unknown User Thanh L - INVT 1/13 2:31 PM Edited Translate Kính gửi Admin 01 , P.ĐT báo cáo hiệu quả dự án Serene Đà Nẵng với những nội dung sau: I/ TÓM TẮT NHỮNG NỘI DUNG NGHIÊN CỨU SƠ BỘ CỦA P.ĐT VỀ 2 LOẠI HÌNH KHÁCH SẠN Luxury Hotel + Luxury Hotel là loại hình khách sạn có concept tập trung vào tính nhất quan và tiện nghi tiêu chuẩn, được đầu tư thiết bị hiện đại và cao cấp nên không dễ lỗi thời khi xu hướng thị hiếu thay đổi. + Có chu kỳ cải tạo dài hơn thường là 7-10 năm cho một đợt nâng cấp lớn. Thiết kế cao cấp, hiện đại giúp tài sản ít bị lỗi mốt, và các yêu cầu cải tạo thường tuân theo lộ trình bắt buộc của thương hiệu. + Phù hợp đầu tư các tỉnh thành lớn và khu du lịch cao cấp như : Tp.HCM, Đà Nẵng, Nha Trang, Phú Quốc, Hà Nội…. LifeStyle Hotel + Life Style Hotel là loại hình khách sạn có concept tập trung vào trải nghiệm, dễ lỗi thời khi xu hướng thay đổi. + Theo nghiên cứu, tìm hiểu của P.ĐT Chi phí đầu tư của loại hình LifeStyle"
được chuyển tiếp từ kế hoạch 2025 và có bổ sung thêm những khu đất tiềm năng khác,,được chuyển tiếp từ kế hoạch 2025 và có bổ sung thêm những khu đất tiềm năng khác,2,,,https://www.google.com/maps/d/edit?mid=1GZCfnV4401jtKcup5hFe0KPBOBMYrp4&usp=sharing,"13,2 ha; 51,65 ha; 610.5 ha; 329 ha; 13,2ha",,"P.ĐT đã so sánh đối chiếu danh sách từ 3 phụ lục trên với danh sách đấu giá năm 2025. Qua đó nhận thấy có 1 số khu đất được chuyển tiếp từ kế hoạch 2025 và có bổ sung thêm những khu đất tiềm năng khác. Căn cứ vào vị trí, sự phát triển đô thị của một số khu vực, sự ưu tiên của Cơ quan NN trong triển khai đấu giá (phụ lục 2), phòng đầu tư đề xuất nghiên cứu các khu đất trong phạm vi thành phố Biên Hòa, Long Thành và Nhơn Trạch, cụ thể: - Khu đất khoảng 13,2 ha tại phường Trấn Biên (Khu nhà máy giấy Tân Mai) - Khu đô thị - thương mại - dịch vụ hỗn hợp (khu vực 1) khoảng 51,65 ha tại phường Trấn Biên (Đấu giá Q1/2026) - Khu đất 610.5 ha (thuộc khu A+B KĐT Long Thành) xã Bình An, Long Thành (Đang lập QH phân khu 1/2000, chưa GPMB) - Khu đất khoảng 329 ha (Khu E khu đô thị Long Thành) tại xã Long Thành (Đang lập QH phân khu 1/2000, chưa GPMB) * 2 khu đất thuộc KĐT Long Thành hiện chưa xác định được vị trí do đang điều chỉnh QH => Dựa vào quy mô và vị trí, P.ĐT đề xuất nghiên cứu sâu khu đất "
nơ trang long,,Nơ Trang Long,2,,,,"25.289 m2; 13.694 m2; 151,3 m2; 1.543 m2; 38.298 m2; 20.654 m2; 75 m2; 325 m2; 123 m2; 442 m2; 118 m2; 391 m2; 72 m2; 318 m2; 3.399 m2; 1.970 m2","984 tỷ; 68 tr/m2; 102 triệu/m2; 851 tỷ; 18 triệu/m2; 220 tỷ; 3,2 tỷ; 147.5 tỷ; 132 tỷ; 1.460 tỷ; 1.254 tỷ; 18,4 triệu/m2; 96 tỷ; 219 tỷ; 206 tỷ; 423 tỷ; 30 tỷ; 201 tr/m2; 28 tỷ; 195 tr/m2; 15,2 tỷ; 154 tr/m2; 350 tỷ; 11,7 triệu/m2; 31 tỷ; 72 tỷ","Phòng ĐT báo cáo Sếp Mr Mike1 -CEO về cập nhật lại dự án Nơ Trang Long, điều chỉnh Shop khối đế 1 trệt 1 lầu như nhà phố ở PA1 và PA 2 (Cao tầng) và thêm Phương án 3 Shophouse thấp tầng như sau: Phương án 1: Phù hợp (dưới <=) chỉ tiêu cho phép theo 1/2000 Phương án 2: Cao hơn (>=) chỉ tiêu cho phép 1/2000, cơ sở tham khảo từ dự án gần đó là Ascent Plaza. Phương án 3: Thấp tầng, thiết kế 26 căn Shophouse 5 tầng. A - Hiệu quả dự án theo phương án 1 (phù hợp chỉ tiêu 1/2000 hiện hữu): Chỉ tiêu QH: Tầng cao 18 tầng, 1 tầng hầm, hệ số 6 lần, dân số 465, dt sàn xây dựng 25.289 m2, diện tích sàn kinh doanh 13.694 m2 (Căn hộ 12.151,3 m2; Shophouse 1.543 m2). Tổng doanh thu chưa VAT là: 984 tỷ đồng (giá căn hộ ~68 tr/m2, giá bán ShopTM 1T1L ~1,5 lần giá căn hộ, ~ 102 triệu/m2) Tổng mức đầu tư chưa bao gồm VAT, bao gồm lãi vay là: 851 tỷ đồng (Đơn giá All in bao gồm VAT là 18 triệu/m2; Chi phí mua đất 220 tỷ đồng; Tiền sử dụng đất đóng thêm 3,2 tỷ đồng) Tổng chi phí hoạt động chưa VAT,15% doanh "
noxh đồng nai 2 dự án trung tâm biên hòa 1,,NOXH Đồng Nai (2 dự án trung tâm Biên Hòa)1,2,,,,,"129,759 tỷ; 324 tỷ; 389 tỷ","P.ĐT gửi anhMrMike1-CEO về các bước cần thực hiện để tham gia đấu thầu dự án NOXH Đồng Nai (2 dự án trung tâm Biên Hòa)1. Các công tác cần triển khai:Công tác chuẩn bị đăng ký thực hiện dự án (thời hạn đăng ký trong vòng 33 ngày từ 25.03.2025): Ngày 25/03/2025, Sở Tài Chính đã phát thông báo mời q… Tuy nhiên, sau khi nghiên cứu kỹ thì các dự án này thuộc hình thức là tham gia đấu thầu Dự án và Key lúc đó là yêu cầu hồ sơ năng lực là chủ đầu tư phải đã và đang làm NOXH rồi thì mới tham gia được thì khó cho mình nên mới chuyển hương qua các NOXH cho BCA, BQP để pass qua được khâu Đ.Thầu à Gửi e lại cái nhơn trạch by Unknown User"
võ văn kiệt,,Võ Văn Kiệt,2,,,,"013,5 m2; 32m2",,"P.ĐT báo cáo Sếp Mr Mike1 -CEO về dự án Võ Văn Kiệt, Đà Nẵng như sau: 1. THÔNG SỐ QUY HOẠCH Trên cơ sở thông số chỉ tiêu cho khu đất tại Võ Văn Kiệt: Diện tích đất: 2.013,5 m2 Dân số: 523 dân (32m2/dân) (theo anh Hiếu cập nhật ngày 17/6/2025) MĐXD: 60% Tầng cao: 38 tầng Hệ số sử dụng đất: 12,8 lần"
chỉ mới trong giai đoạn pháp lý đền bù gpmb thì được xem là quỹ đất và được định giá lại,,chỉ mới trong giai đoạn pháp lý đền bù GPMB thì được xem là quỹ đất và được định giá lại,2,,,,"90,5ha; 13.83ha; 311,6 m2; 4000 m2; 331,89 ha; 183,6 ha; 13,56 ha; 5,63 ha","928,94 tỷ; 885,26 tỷ; 814,2 tỷ; 214,6 tỷ; 242,65 tỷ; 760,65 tỷ; 8tr/m2; 148,57 tỷ; 1.050 tỷ; 871,7 tỷ; 222,8 tỷ; 233,65 tỷ; 372,1 tỷ; 405,6 tỷ; 908,95 tỷ; 539,32 tỷ; 448,28 tỷ; 041,31 tỷ; 950,26 tỷ","Báo cáo anh Mr Mike1 -CEO, Phòng Đầu tư xin báo cáo tóm tắt định giá sơ bộ công ty HDC Tương tự DIG, đối với HDC cũng sẽ áp dụng phương pháp đánh giá tài sản sòng bằng việc xác định lại giá trị của các dự án/quỹ đất của HDC được ghi nhận trên BCTC a. Thông tin Công ty: - Tên công ty: Công ty Cổ phần Phát triển Nhà Bà Rịa – Vũng Tàu - Vị trí trụ sở: 36 Nguyễn Thái Học, P.7, Tp.Vũng Tàu - Thị giá cổ phiếu (07/05/2025): 23.400 đồng/cp - Số lượng cổ phiếu lưu hành: 178.354.966 cổ phần b. Các giả định trong bài tính - Đối với dự án chỉ mới trong giai đoạn pháp lý đền bù GPMB thì được xem là quỹ đất và được định giá lại theo phương thức giá trị thị trường của loại đất lúa/CLN/HNK tùy vào địa hình quỹ đất. - Giá trị ghi nhận khoản mục chi phí đầu tư xây dựng và phát triển dự án trong hàng tồn kho là chi phí đã đầu tư tương ứng với diện tích đã bồi thường GPMB/đã hoàn thành nhận chuyển nhượng được công bố trong bản cáo bạch/BCTC/BCTN. - Đối với các dự án đã triển khai GPMB, xây dựng và bán hàn"
long tân đến nay là khoảng 871 tỷ,,Long Tân đến nay là khoảng 871 tỷ,2,,,,183 ha,871 tỷ; 2.656 tỷ,"Dạ thông tin đã đền bù 183 ha được DIG công bố trên bản cáo bạch và báo cáo thường niên công ty ạ Theo đó, DIG đang ghi nhận giá vốn cho dự án Long Tân đến nay là khoảng 871 tỷ, tiền tạm ứng bồi thường khoảng 2.656 tỷ ạ. về quan điểm PĐT, vì chúng ta chưa biết rõ cơ cấu đất của dự án nên đang tạm lấy giá đất lúa (quan sát hiện trạng qua maps) để đảm bảo đánh giá mức giá thấp và thận trọng nhất ạ Tính giá thị trường khu này giờ phải 4tr/m ... by Unknown User"
là 547 tỷ,,là 547 tỷ,2,,,,"1,6ha",547 tỷ,"P.ĐT báo cáo anh Mr Mike1 -CEO về độ nhạy lợi nhuận trước thuế / Tổng mức đầu tư giữa đơn giá đóng tiền sử dụng đất và hệ số sử dụng đất toàn khu của dự án 1,6ha Phan Văn Hớn như sau: Tháng 1/2025 phòng đã báo cáo hiệu quả dự án, với: - Hệ số sử dụng Đất: 3,73, trong đó chung cư cao tầng là 3,16 và nhà ở thấp tầng là 0,57. Trong điều kiện phải xin thêm được 661 dân thì chi phí chuyển nhượng dự án là 547 tỷ, tương ứng với 33tr/m² đất Chạy độ nhạy Lợi nhuận trước thuế / Tổng mức đầu tư với các giả định: - Chi phí chuyển nhượng của dự án cố định là 547 tỷ - Tình hình kinh doanh không thay đổi Độ nhạy Lợi nhuận trước thuế / Tổng mức đầu tư của dự án với 2 biến số: Biến số 1: Đơn giá đóng tiền sử dụng đất trên tổng diện tích đất phù hợp quy hoạch Biến số 2: Hệ số sử dụng đất toàn khu (tầng cao và dân số phải tăng thêm tương ứng với hệ số sử dụng Đất) Message by Unknown User"
phân lô bán nền 4,,phân lô bán nền 4,2,,,https://maps.app.goo.gl/sY5sb4n5Lvp2K2oz7,"4,9ha; 3,8ha; 1,1ha; 2,7ha; 120m²; 4.9ha","97 tỷ; 125,4 tỷ; 48 tỷ","P.ĐT báo cáo nhanh anh Mr Mike1 -CEO về dự án phân lô bán nền 4,9ha Khu dân cư Tam Phước, phường Tam Phước, Thành phố Biên Hòa, tỉnh Đồng Nai (Nguồn: Mr. Duy - P.PTQĐ) như sau: 1/ Vị trí: Dự án nằm trong hẻm đường Quốc lộ 51, cách đường Quốc lộ 51 khoảng 850m, cách cao tốc Biên Hòa Vũng Tàu khoảng 1,2km, bên phải giáp đường ĐT 771 (quy hoạch), bên dưới giáp đường ĐT 777 (quy hoạch). Trong bán kính 2-3km có cách khu công nghiệp như: KCN Long Thành, KCN An Phước, KCN Tam Phước Cách dự án Aqua City khoảng 5,5km (theo đường chim bay), cách sân golf Long Thành khoảng 3,5km 2/ Hiện trạng: Đất trống, cỏ cây mọc um tùm (hình ảnh vệ tinh) 3/ Thông tin dự án (P.PTQĐ cung cấp) Tổng diện tích dự án khoảng 4,9ha, gồm: + Đất ở khoảng 3,8ha (chiếm 77,5%) trong đó có 111 nền (khoảng 1,1ha, số lô màu xanh) bám mặt tiền đường hiện hữu có thể lên thổ cư và có 227 nền (khoảng 2,7ha, số lô màu đen) không bám đường hiện hữu, bắt buộc phải hiến đất làm đường 6m. Tổng số nền 338, diện tích trung bình mỗi nền "
stown gateway có quy mô 8816m2 tại hẻm quốc lộ 13,,Stown Gateway có quy mô 8816m2 tại hẻm Quốc lộ 13,2,2022-08-10,2022-08-10,https://goo.gl/maps/5AF74tZoTkBqM71d6,8816m2; 8236.6m2; 265.6m2; 3769m2; 4410m2; 8097m2,530 tỷ; 60tr/m2; 55tr/m2; 50tr/m2; 52tr/m2; 57tr/m2; 68.8tr/m2; 2052.5 tỷ; 2874.5 tỷ; 452 tỷ,"Unknown User 8/10/2022 4:02 PM KĐT gửi anh Tuan Tran-CEO báo cáo dự án Stown Gateway có quy mô 8816m2 tại hẻm Quốc lộ 13, Thuận An, Bình Dương có giá chào 530 tỷ (bao gồm tiền sử dụng đất và GPXD, tương đương 60tr/m2 đất): 1) Vị trí và hiện trạng: - Nằm cách Quốc lộ 13 khoảng 50m, cách dự án Phú Quang khoảng 2.5km đường … Này ai gửi nhỉ Image by Unknown User"
green hill tại quy nhơn,,Green Hill tại Quy Nhơn,2,2022-08-10,2022-08-10,https://goo.gl/maps/gHyC9FmNZYpnaoV77,"16.62ha; 15ha; 15.08ha; 1.54ha; 13.64ha; 2.97ha; 136471,8m2; 332m2; 124m2; 520m2","1300 tỷ; 7.8tr/m2; 45.733 tỷ; 85tr/m2; 100tr/m2; 114.7tr/m2; 2.8 tỷ; 310tr/m2; 135tr/m2; 120tr/m2; 4,694 tỷ; 184,278 tỷ; 29,703 tỷ; 7.55tr/m2; 1254 tỷ; 500 tỷ; 800 tỷ; 50 tỷ","Trieu Nguyen-PTDT 8/10/2022 3:23 PM Edited KĐT gửi anh Tuan Tran-CEO báo cáo dự án Green Hill tại Quy Nhơn, có quy mô 16.62ha, giá chào 1300 tỷ đồng (7.8tr/m2 đất), cụ thể: Vị trí và hiện trạng: - Dự án nằm mặt tiền đường D1, cách trung tâm TP Quy Nhơn khoảng 8.4km, cách dự án Trung tâm nghiên cứu Công Nghệ của FPT có quy mô 15ha khoảng 2km, cách bãi biển Quy Hòa 135m. - Dự án có 2 phân khu: 1 phân khu biệt thự tựa đồi view biển (15.08ha) và 1 phân khu mặt tiền biển (1.54ha) Pháp lý đất: - Ngày 25/10/2019, UBND đồng ý cho thuê đất 13.64ha thực hiện dự án KDL và giao phần đất 2.97ha nằm trong hành lang hạ tầng kỹ thật - Thông báo nộp tiền thuê 1 lần ngày 16/1/2020, là 45.733 tỷ đồng (đã được khấu trừ tiền đền bù) - 7 GCNQSDĐ có quy mô tổng là 136471,8m2 đất TMDV đóng tiền thuê đất 1 lần đến năm 25/10/2069 - 7 GCNQSDĐ đã được tách thành nhiều sổ con cho từng lô biệt thự Pháp lý đầu tư: - Điều chỉnh chấp thuận chủ trương đầu tư cấp ngày 7/4/2020: xây dựng khu du lịch sinh thái nghỉ dưỡng "
bale tại mũi né,,Bale tại Mũi Né,2,2023-05-15,2023-06-09,,"17,637 m2; 100m2","35.3tr/m2; 30tr/m2; 10,5 tỷ; 35tr/m2; 39tr/m2; 24,7tr/m2; 17,5tr/m2; 2.682 tỷ; 2.967 tỷ; 255 tỷ; 585 tỷ; 557 tỷ","Trieu Nguyen-PTDT 6/9/2023 5:47 PM Edited KĐT gửi anh Tuan Tran-CEO đánh giá lại dự án Bale tại Mũi Né, Phan Thiết, có giá chào bán được điều chỉnh giảm còn 2.000.000 đồng/m2 đất kèm theo cam kết chủ đầu tư hoàn thành việc cấp phép đóng tiền thuê đất 1 lần, hoàn thành đường kết nối và công tác đền bù, cụ thể: 1/ Vị trí: + Dự án nằm tại hẻm của đường Nguyễn Đình Chiểu (đường ven biển), không có mặt tiền biển hay mặt tiền đường ven biển, cách bãi biển khoảng 500m, có khu dân cư chắn ngang ở hướng ra biển 2/ Tham khảo đánh giá của Phòng Pháp lý a/ Pháp lý đất: Đất thương mại dịch vụ trả tiền thuê đất hàng năm đến năm 2059 b/ Pháp lý đầu tư: Dự án được phép bán – cho thuê công trình xây dựng trên đất, đối chiếu các quy định hiện hành liên quan thì Dự án đủ điều kiện để tách (các) Quyền sử dụng đất riêng rẽ theo QHCT 1/500 đã duyệt sau khi hoàn tất xây dựng công trình, cụ thể: + Mỗi lô đất sẽ cấp Giấy CNQSD đất với hình thức sử dụng là “Thuê đất trả tiền hàng năm”, thời hạn cấp lần đầu theo"
cao tầng việt an,,cao tầng Việt An,2,2023-05-27,2024-12-06,https://goo.gl/maps/xNEqZWHrXNzKYLHe6,"652,2m2; 86,7m2; 153,3m2; 2.000m2; 2000m2; 412,2m2; 5.869m2; 58.563m2; 53m2","200 tỷ; 20,7tr/m2; 917,5tỷ; 80,5 tỷ; 10tr/m2; 14,4tr/m2; 455,3 tỷ; 36,2tr/m2; 38,3tr/m2; 225,2 tỷ; 70,4 tỷ","Huy M - IM 12/6/2024 8:01 AM Translate K.ĐT báo cáo anh Tuan Tran-CEO về dự án cao tầng Việt An, Thuận Giao, Bình Dương như sau: 1/ THÔNG TIN DỰ ÁN: • Giá chào: 200 tỷ. • Diện tích đất: 9.652,2m2 ~ 20,7tr/m2. • Vị trí: Tiếp giáp đường D4 (vào bằng đường Thuận Giao 09), Thuận Giao, Thuận An, Bình Dương. • Link map: https://goo.gl/maps/xNEqZWHrXNzKYLHe6 • Hiện trạng: Đất trống + Nhà xưởng tạm. • Quy mô: Dự án cao tầng gồm 02 khối tháp, mỗi khối gồm 24 tầng + 2 hầm; HSSDĐ cả khu: 10,7 lần. 2/ PHÁP LÝ: a/ Pháp lý đất: • 03 GCNQSDĐ, trong đó: Đất ở tại đô thị: 86,7m2 – Lâu dài. Đất trồng cây hàng năm: 3.153,3m2 – 10/2063. Đất thương mại dịch vụ: 2.000m2 – 12/2020 (hiện đã hết thời hạn sử dụng đất). Đất cơ sở sản xuất phi nông nghiệp: 4.412,2 m23 – 01/2050. • Văn bản 143/CV-BPTN&TKQ ngày 27/04/2021 về việc xin gia hạn TMD: không đủ điều kiện gia hạn. • Văn bản 919/UBND-KT ngày 12/04/2023 về việc trả lời đơn xin gia hạn TMD: không đủ điều kiện gia hạn. • Phần Đất TMDV 2000m2 đã hết hạn sử dụn"
ở khu long phước,,ở khu Long Phước,2,2023-06-10,2023-06-10,https://goo.gl/maps/CJMhzfJXxVkLkHgVA,,,"Tuan Tran-CEO 6/10/2023 11:43 AM Kiếm các dự án ở khu Long Phước, Quận 9 1 Like reaction. Link https://goo.gl/maps/CJMhzfJXxVkLkHgVA by Unknown User"
khu đô thị mới hậu nghĩa đức hòa,,Khu Đô Thị Mới Hậu Nghĩa - Đức Hòa,2,2023-06-16,2023-06-17,https://goo.gl/maps/KCGefw7KgVDUzTPh7,"197,22ha; 11ha; 10ha; 37,6ha; 43,9ha; 15,9ha","162,877 tỷ; 3.095 tỷ; 1 tỷ","Thao L - INVT 6/17/2023 11:19 AM K.ĐT gửi anh Tuan Tran-CEO thông tin về dự án Khu Đô Thị Mới Hậu Nghĩa - Đức Hòa như sau: THÔNG TIN VỀ DỰ ÁN KHU ĐÔ THỊ MỚI HẬU NGHĨA – ĐỨC HÒA 1/ Vị trí: https://goo.gl/maps/KCGefw7KgVDUzTPh7 2/ Thông tin: - Năm 2018 VinGroup có văn bản Đề xuất lập quy hoạch đầu tư dự án Khu đô thị mới Hậu Nghĩa – Đức Hòa, vì thế hiện nay trên các trang thông tin (Guland, các báo điện tử,…) đều thể hiện VinGroup là CĐT của dự án này. - Tuy nhiên vào ngày 07/06/2023 Sở Kế Hoạch và Đầu Tư ban hành thông báo số 773/TB-SKHĐT về việc Thông báo mời quan tâm dự án đầu tư có sử dụng đất: Dự án Khu đô thị mới Hậu Nghĩa – Đức Hòa thông qua hình thức Đầu thầu dự án đầu tư có sử dụng đất và thời hạn nộp hồ sơ là ngày 10/07/2023. - Thông tin dự án: Tên dự án: Khu đô thị mới Hậu Nghĩa – Đức Hòa. Địa điểm: Thị trấn Hậu Nghĩa, xã Đức Lập Thượng, Xã Tân Mỹ, Huyện Đức Hòa, tỉnh Long An. Hình thức lựa chọn nhà đầu tư: Đấu thầu dự án đầu tư có sử dụng đất. Thời hạn nộp hồ sơ đấu thầu: 10/"
phân lô bán nền không xây nhà giá rẻ ở nhơn trạch,,phân lô bán nền (không xây nhà) giá rẻ ở Nhơn Trạch,2,2023-07-03,2023-07-03,,200m²; 194ha,,"Sinh Nguyen-Dau Tu 7/3/2023 3:17 PM K.ĐT (kết hợp P.R&D) gửi báo cáo anh Tuan Tran-CEO về khảo sát giá mặt tiền các trục đường chính - phía đông TP. Thủ Đức và các dự án phân lô bán nền (không xây nhà) giá rẻ ở Nhơn Trạch, T.Đồng Nai như sau: A/ Khảo sát giá mặt tiền các trục đường chính - phía đông TP. Thủ Đức (Quận 9): Nhận xét về thị trường: Đơn giá rao bán đất dựa trên cơ sở: Diện tích đất ưu tiên <200m² Giá giảm sâu khoảng 15-20% so với năm ngoái đối với những tài sản bị vướng trả lãi vay ngân hàng và chứng khoán. Đồng thời, tính thanh khoản thấp, ít tin rao Tỷ lệ chênh lệch ±10% trên giá niêm yết phụ thuộc vào: Chủ đất có bán gấp hay không, gần các tiện ích,… Hiện Cầu Long Đại đã có những bước thi công trở lại, đặc biệt là đã nối 2 đầu cầu giữa địa phận phường Long Phước và Vinhomes Grand Park Dự án đường Vành đai 3 TP.HCM vừa được chính thức khởi công có đoạn đi qua địa bàn quận 9 (cũ) nay là TP. Thủ Đức. Những tuyến đường chính hiện hữu (đường nhỏ, 2 làn xe ngược chiều) được hư"
gồm chung cư cao tầng gồm 02 hầm 02 tầng khối đế 26 tầng căn hộ trong đó căn hộ noxh chiếm 20,,gồm Chung cư cao tầng gồm 02 Hầm + 02 tầng Khối đế + 26 tầng căn hộ (trong đó căn hộ NOXH chiếm 20% ,2,2023-08-03,2023-08-03,,"5.162m2; 75.540m2; 15,110m2; 52m2; 60,430m2; 58m2; 12,856m2; 629,71m2; 11.805m2; 94m2; 9.447m2; 2.362m2","153,7 tỷ; 12tr/m2; 33 tỷ; 14,27tr/m2; 731,9 tỷ; 43tr/m2; 53tr/m2; 34tr/m2; 23,4tr/m2; 466,6 tỷ; 130 tỷ; 16,55tr/m2; 107,5 tỷ; 11,4tr/m2; 22 tỷ; 5,95tr/m2; 7,1tr/m2; 085,8tỷ; 73tr/m2; 85tr/m2; 8,7tr/m2; 168,2 tỷ; 51,6 tỷ; 11,2tr/m2","Thao L - INVT 3/23 11:46 AM Translate 2. PHƯƠNG ÁN PHÁT TRIỂN ĐỀ XUẤT: 2.1. Phương án Cao tầng: Sử dụng hiệu quả nhất các chỉ tiêu quy hoạch và xin thêm 2.522 dân. a. Quy mô: Dự án gồm Chung cư cao tầng gồm 02 Hầm + 02 tầng Khối đế + 26 tầng căn hộ (trong đó căn hộ NOXH chiếm 20% tổng số căn hộ); Trường mầm non và Y tế. b. Loại hình kinh doanh: 02 tầng khối đế cho thuê sàn trung tâm thương mại: 5.162m2 sàn thương phẩm (tỷ lệ thương phẩm trung bình 57%). 26 tầng tháp bán căn hộ: 75.540m2 sàn thương phẩm (tỷ lệ thương phẩm trung bình 73%): .Căn hộ NOXH: 15,110m2 sàn ~ 291 căn, diện tích trung bình 52m2/căn. .Căn hộ thương mại: 60,430m2 sàn 1.040 căn, diện tích trung bình 58m2/căn. Số căn hộ: 1.331 căn. Dân số sử dụng: 3.022 người, dân số theo quy hoạch: 500 người => Dân số cần xin thêm: 2.522 người. c. Thời gian triển khai: Đến cuối 2025: Đền bù giải phóng mặt bằng, Chuyển mục đích SDĐ và hoàn thành pháp lý dự án. 2026 - cuối 2028: Xây dựng và bán hàng theo tiến độ căn hộ thương phẩm. Cu"
có vị trí tại phường an bình,,có vị trí tại phường An Bình,2,2023-09-07,2023-09-07,,"834,2 m2; 410.000 m2",,"Tuan Tran-CEO 9/7/2023 5:04 PM Dự án có vị trí tại phường An Bình, TP Dĩ An, quy mô đầu tư dự kiến là 86.834,2 m2 với tổng diện tích sàn xây dựng 410.000 m2, bao gồm 11 tòa cao tối đa 30 tầng. Tổng sản phẩm mà dự án này cung cấp dự kiến 3.400 căn hộ. Dxg mới mua xong. Chỗ này hồi đó mình có tí... by Unknown User"
phú quang khoảng 350m có 2 mặt tiếp xúc kênh rạch ii kết nối giao thông đến dự án,,Phú Quang khoảng 350m + Có 2 mặt tiếp xúc kênh rạch II/ Kết nối giao thông đến dự án,2,2023-11-27,2023-11-27,,"12,3ha; 7,68ha; 0,67 ha; 3,95ha; 11,63ha",,"Trieu Nguyen-PTDT 11/27/2023 3:01 PM Edited KĐT gửi anh Tuan Tran-CEO báo cáo Thu gom quỹ đất thuộc phường Bình Chiểu, Thủ Đức, TPHCM: I/ Vị trí: + Khu đất có mặt tiền rộng khoảng 200m, tiếp giáp đường 4A đi ra hướng đường Ngô Chí Quốc và Quốc lộ 13 + Cách Dự án Phú Quang khoảng 350m + Có 2 mặt tiếp xúc kênh rạch II/ Kết nối giao thông đến dự án: Khu đất tiếp giáp đường 4A (đoạn đã mở rộng lộ giới khoảng 23m). Tuy nhiên, các tuyến đường chính kết nối đến khu đất vẫn chưa hoàn thành mở rộng hoặc dự phóng theo Quy hoạch, cụ thể: + Tại phía Đông của khu đất: Chưa đấu nối Đoạn đường 4A ra đường Ngô Chí Quốc + Tại phía Tây của khu đất: Các tuyến đường LKV9 và đường Vĩnh Phú 32 vẫn chưa hoàn thành để đấu nối ra Quốc lộ 13 + Và một số tuyến đường nhỏ khác chưa được thực hiện III/ Quy mô, Quy hoạch và Hiện trạng: 1/ Tổng quy mô ước tính : khoảng 12,3ha (theo ranh Phòng PTQĐ cung cấp) 2/ Quy hoạch 1/2000: Quy hoạch chủ yếu là đất ở, bao gồm các ô quy hoạch: + Trọn các ô quy hoạch từ số 13 -> 18"
urban green,,Urban Green,2,2023-12-18,2023-12-18,https://maps.app.goo.gl/ioqJ9N2mKRyMdiAe6,"5,1ha; 4,9ha; 0,2ha; 218,27m²; 783,23m²; 000,8m²; 19.803m²; 5.1ha",,"P.ĐT gửi lại sếp Admin 01 báo cáo dự án 5,1ha Kinh Đô, mặt tiền Đường số 4, phường Hiệp Bình Phước, TP. Thủ Đức, TP. Hồ Chí Minh - Báo cáo vào ngày 18/12/2023 1/ Vị trí Tiếp giáp 2 mặt tiền Đường số 4, đường trải nhựa rộng khoảng 6-7m, quy hoạch lộ giới dự kiến 20m, cách trục đường Quốc lộ 13 khoảng 230m, cách khu đô thị Vạn Phúc khoảng 800m Cách sân bay Quốc tế Tân Sơn Nhất khoảng 8,2km Cách Chợ Bến Thành khoảng 9,6km 2/ Hiện trạng: Đất trống + nhà xưởng (hình ảnh vệ tinh) 3/ Pháp lý đất: - Tổng diện tích đất Công ty Kinh Đô sử dụng: 5,1ha. Chưa có đất ở + Có 4,9ha đã được cấp sổ: * Loại đất: Đất sản xuất; * Hình thức sử dụng đất: Giao đất có thu tiền sử dung đất; * Thời hạn sử dụng đất: Ổn định lâu dài (Căn cứ QĐ 2232/QĐ-UB ngày 16/6/2003 của UBND Thành phố, Sở Tài nguyên và Môi trường cập nhật) Cập nhật biến động trên GCN ngày 10/10/2006. + Chênh lệch phần diện tích 0,2ha, UBND phường Hiệp Bình Phước có ý kiến như sau: * Phần mương thoát nước, có diện tích 218,27m² do UBND Phường qu"
văn phòng tại khu đất 72 74 võ thị sáu,,Văn phòng tại khu đất 72-74 Võ Thị Sáu,2,2024-01-03,2024-01-03,https://maps.app.goo.gl/VRterbzJvDcxUkVJ6,2157.7m2; 2157.7 m2,"1350 tỷ; 625.6tr/m2; 16,78tr/m2; 334tỷ; 938tỷ","Thao L - INVT 1/3/2024 9:11 AM K.ĐT báo cáo anh Tuan Tran-CEO dự án Văn phòng tại khu đất 72-74 Võ Thị Sáu, phường Tân Định, Quận 1. Khu đất nằm trên đường Võ Thị Sáu, phía tay mặt, đối diện Công viên Lê Văn Tám có tổng diện tích 2157.7m2 với giá chào bán là 1350 tỷ, tương đương 625.6tr/m2 như sau: Pháp lý đất: GCNQSDĐ với tổng diện tích là 2157.7 m2. Mục đích sử dụng: Đất ở tại đô thị. Thời hạn: Lâu dài. Pháp lý đầu tư: chưa có. Pháp lý quy hoạch: - Theo văn bản 4793/QD-UBND của UBND Thành phố Hồ Chí Minh cấp ngày 08/09/2017 Về Đồ án quy hoạch phân khu tỷ lệ 1/2000 Khu dân cư Phường Tân Định, Quận 1 (nội dung quy hoạch sử dụng đất, kiến trúc, giao thông). - Quy hoạch: Đất ở hỗn hợp - Nằm trong danh sách Dự án kêu gọi đầu tư, “Cao ốc VP, TM, Căn hộ (72-74 Võ Thị Sáu)” theo Văn bản số 3592/SQHKT-QHKTT cấp ngày 17/12/2010. Pháp lý xây dựng: Giấy phép xây dựng số 54/GPXD được cấp ngày 24/08/2023: Được phép xây dựng công trình văn phòng cao 22 tầng + 3 hầm + mái che thang với MĐXD: 47.6% v"
khu công nghiệp và khu phi thuế quan xuân cầu tại khu cảng cửa ngõ quốc tế lạch huyện,,Khu Công Nghiệp Và Khu Phi Thuế Quan Xuân Cầu tại Khu Cảng Cửa Ngõ Quốc Tế Lạch Huyện,2,2024-01-09,2024-01-09,https://maps.app.goo.gl/uLPtqwAnwnevw4zz7,752Ha; 369Ha; 173Ha,,"Thao L - INVT 1/9/2024 5:12 PM K.ĐT báo cáo anh Tuan Tran-CEO về dự án Khu Công Nghiệp Và Khu Phi Thuế Quan Xuân Cầu tại Khu Cảng Cửa Ngõ Quốc Tế Lạch Huyện, Khu Kinh Tế Đình Vũ – Cát Hải, Thành Phố Hải Phòng như sau: I. HIỆN TRẠNG DỰ ÁN 1. Vị trí: Thuộc khu vực cảng cửa ngõ quốc tế Lạch Huyện, Khu kinh tế Đình Vũ - Cát Hải, Thành phố Hải Phòng. Đối diện cảng số 1 đến số 12 thuộc Zone 4 Cảng nước sâu Quốc tế Lạch Huyện. 2. Quy mô và tính chất: Dự án có diện tích 752Ha thuộc Khu Phi thuế quan, trong đó: 369Ha khu sản xuất công nghiệp và 173Ha khu dịch vụ kho bãi – logistics. 3. Thời gian vận hành: 2021-2071: Còn 47 năm. 4. Hiện trạng: đã được san lấp khoảng 3% trên tổng diện tích dự án, chạy dọc song song với bến cảng số 1,2 (cảng 1, 2 đã đưa vào hoạt động) và cảng 3, 4, 5, 6 đang được xây dựng. 5. Pháp lý (theo như hồ sơ đối tác trình bày): Đã có Quyết định Chủ trương đầu tư; Giấy chứng nhận đăng ký đầu tư; Quy hoạch chi tiết 1/500; Bàn giao mặt biển; Bàn giao đất và Giấy phép xây dựng"
cảng tổng hợp và container cái mép hạ được đề xuất đầu tư,,cảng tổng hợp và container Cái Mép Hạ được đề xuất đầu tư,2,2024-06-03,2024-06-03,,351 ha,50.820 tỷ,"Huy M - IM 6/3/2024 9:16 AM https://vnexpress.net/de-xuat-dau-tu-sieu-cang-cai-mep-ha-don-tau-bien-lon-nhat-the-gioi-4753385.html Đề xuất đầu tư 'siêu cảng' Cái Mép Hạ đón tàu biển lớn nhất thế giới Bà Rịa - Vũng Tàu- Dự án cảng tổng hợp và container Cái Mép Hạ được đề xuất đầu tư với tổng vốn 50.820 tỷ đồng, quy mô 351 ha, có thể đón các tàu biển lớn nhất thế giới. vnexpress.net"
chung cư hòa xuân,,chung cư Hòa Xuân,2,2024-09-27,2024-09-27,https://maps.app.goo.gl/XwfK6AzNVqs5eFX17; https://maps.app.goo.gl/QAU1JqmdETLn951C,3.508m2; 3.140m2,"300 tỷ; 45,1tr/m2; 40 tr/m2; 12,07tr/m2; 40,3tr/m2; 32,2 tr/m2; 22,5tr/m2; 6,7tr/m2; 29,2tr/m2; 32,2tr/m2","Thao L - INVT 9/27/2024 11:17 AM Translate K.ĐT báo cáo anh Mr Mike1 -CEO về Dự án chung cư Hòa Xuân, Cẩm Lệ, Đà Nẵng: lô A2-3 và A2-4 như sau: 1. Thông tin, vị trí và hiện trạng: - Dự án cao tầng: lô A2-3 và A2-4 có diện tích đất lần lượt là: 3.508m2 và 3.140m2 - Giá chuyển nhượng: 300 tỷ tương đương 45,1tr/m2 - Dự án Hòa Xuân tiếp giáp 4 mặt tiền đường, ngay tại giao lộ Võ Chí Công 29 Tháng 3 thuận tiện cho giao thông với 6 làn xe mỗi đường. Khu vực xung quanh chủ yếu là nhà phố, không có công trình cao tầng. - Cách sân bay 3km và cách biển 8km 2. Hạn chế của Dự án: - Khu vực tương đối xa trung tâm thiếu các tiện ích như gần bãi biển hoặc sông Hàn, siêu thị và nhà hàng ăn uống, khiến cho môi trường sống kém hấp dẫn đối với cư dân dẫn đến khó khăn trong việc thu hút cư dân và nhà đầu tư. - Nếu phát triển chung cư tại đây, đơn giá sẽ thấp hơn so với các dự án cạnh tranh do vị trí và môi trường xung quanh không hấp dẫn không gần các khu làm việc như FPT hoặc các quận trung tâm Đà Nẵng. "
bán q4 2026,,bán Q4/2026,2,2024-10-03,2024-11-26,https://maps.app.goo.gl/b6AweqeJiHMGShsq9,"2,3ha; 115ha; 85ha; 2.3 ha",170 tỷ; 300 tỷ,"Sinh Nguyen-Dau Tu 11/26/2024 4:13 PM Edited Translate K.ĐT gửi lại anh Mr Mike1 -CEO về báo cáo cập nhật hiệu quả tài chính dự án 2,3ha Bình Điền, tọa lạc mặt tiền đường Nguyễn Văn Linh, xã An Phú Tây, huyện Bình Chánh, TP.HCM. 1/ Về vị trí: Cách Chợ Đầu Mối Bình Điền khoảng 400m, cách ranh Quận 8 và huyện Bình Chánh khoảng 150m, cách UBND huyện Bình Chánh khoảng 3,2km, cách nút giao Vành Đai 2 - Nguyễn Văn Linh khoảng 2,2km Về quy hoạch dự kiến: Cách bến xe miền Tây mới khoảng 1,5km; Nằm giữa trung tâm lưu thông hàng hóa I (khu E -115ha) và trung tâm lưu thông hàng hóa II (khu D - 85ha) thuộc khu đô thị Phú Mỹ Hưng; Cách các nhà ga thuộc tuyến Metro line 7 trong bán kính 500m 2/ Về chi phí Đất: Giá mua 170 tỷ (cập nhật giá mua mới từ anh Tâm – Phó Chủ Tịch) Đóng tiền sử dụng đất khoảng 300 tỷ (Tính toán lại tiền sử dụng đất theo văn bản hướng dẫn mới) 3/ Về thị trường (giá bán đã bao gồm VAT) Giá bán đất biệt thự đề xuất năm 2024: 80tr/m². Dự án bán Q4/2026, giá bán 88tr/m² đất, thời"
hoàng cát center có quy mô 7,,Hoàng Cát Center có quy mô 7,2,2024-10-14,2024-10-14,https://maps.app.goo.gl/s62kTxdTsTQvQHDJ9,"7,5ha; 7.5ha; 7.5 ha; 300m2; 3.6ha",11.1TR/M2; 408.8 tỷ; 130 tỷ; 120 tỷ; 124 tỷ; 1.5tr/m2; 14 tỷ; 6tr/m2; 41.9 tỷ; 419.2 tỷ; 50.7 tỷ,"Thao L - INVT 10/14/2024 12:05 PM K.ĐT báo cáo anh Mr Mike1 -CEO về dự án Hoàng Cát Center có quy mô 7,5ha, nằm trên QL 13, Lai Uyên… Check lại giá xem sao ở đây mà còn rẻ hơn Khu Cát Tường ngay Trung Tâm Chơn Thành nữa."
phú đông premier gần ph đang bán giá 37 39,,Phú Đông premier gần PH đang bán giá 37 39,2,2024-12-12,2024-12-12,,,9.5 tr/m2; 11 tr/m2,"Huy M - IM 12/12/2024 8:47 AM Về phần xây dựng thì dự án Phú Đông premier gần PH đang bán giá 37 39, A Sơn trợ lý trướ… Ok Huy nhé, áp giá 12.05 cũng ổn vì đã có dự phòng phí 5%. OK Anh nhé. by Huy M - IM"
quy mô trên 1000 ha trước khi nova bị mất thanh khoản định xúc tiến ở bà rịa,,quy mô trên 1000 ha trước khi Nova bị mất thanh khoản định xúc tiến ở Bà Rịa,2,2024-12-16,2024-12-16,,1000 ha,,"Huy M - IM 12/16/2024 8:56 PM Translate Các dự án quy mô trên 1000 ha trước khi Nova bị mất thanh khoản định xúc tiến ở Bà Rịa, Phú Yên, Bình Định đều phải đấu thầu Begin quote, Huy Mai-PTDT , 12/16/2024 8:56... by Unknown User"
50ha ở vĩnh yên,,50ha ở Vĩnh Yên,2,2024-12-16,2024-12-16,,50ha,,"Thoi L - ASST. 12/16/2024 5:17 PM Translate ""UBND tỉnh Vĩnh Phúc và Tập đoàn Vingroup sẽ ký kết hợp tác toàn diện Xúc tiến, thu hút đầu tư, liên kết hợp tác hỗ trợ doanh nghiệp, thúc đẩy chuyển đổi xanh, phát triển bền vững. Ngày 23/11/2024, UBND tỉnh Vĩnh Phúc sẽ phối hợp với Tập đoàn Vingroup tổ chức Hội nghị “Chuyển đổi xanh - nhận thức và hành động vì một tương lai Vĩnh Phúc phát triển bền vững” --> Để phát triển đại DA về BĐS nhà ở và KCN, các đơn vị lớn thường có 1 bộ phận: Xúc tiến hợp tác đầu tư. Anh gửi lại Mr Mike dự án 50ha ở Vĩnh Yên, ... by Huy M - IM"
phú quang phương án bổ sung tiền sử dụng đất lurf và chi phí liên quan đến phần đất công trong d,,Phú Quang – Phương án bổ sung tiền sử dụng đất (LURF) và chi phí liên quan đến phần đất công trong d,2,2025-03-12,2025-03-12,,12.6ha; 19ha; 4.9ha,"2.417 tỷ; 10tr/m2; 489,6 tỷ; 25.783 tỷ; 20.627 tỷ; 7.070 tỷ","Khoa L - INVT 3/12/2025 2:56 PM Translate K.ĐT gửi anh Mr Mike1 -CEO về hiệu quả dự án Phú Quang – Phương án bổ sung tiền sử dụng đất (LURF) và chi phí liên quan đến phần đất công trong dự án: Trước hết, Phòng Đầu tư tổng hợp và báo cáo nghĩa vụ các bên trong cấu trúc deal như sau: Bên Bán Bên mua Diện tích giao đất đợt 1 (12.6ha) đã giao cho Phú Quang theo QĐ 2987 (07/10/2020) - Chi phí và công tác đền bù/ GPMB - Tiền chuyển mục đích sử dụng đất theo QĐ 2987 (07/10/2020) - Chi phí bồi thường phần đất công năm trong 12.6ha Diện tích giao đất còn lại (~ 19ha) - Chi phí và công tác GPMB - Tiền chuyển mục đích sử dụng đất - Chi phí bồi thường phần đất công trong diện tích giao đất còn lại Như vậy phạm vi Bên mua sẽ chịu trách nhiệm: - Đóng LURF cho phần diện tích giao còn lại, - Đóng LURF bổ sung cho phần giao đất đợt 1 (12.6ha) khi điều chỉnh quy hoạch - Các chi phí liên quan đến phần đất công trong diện tích giao đất còn lại 1. Tính toán LURF P. Đầu tư thực hiện tính toán tiền sử dụng đ"
thấp tầng sadaco phú mỹ,,thấp tầng SADACO – Phú Mỹ,2,2025-04-08,2025-04-08,https://maps.app.goo.gl/efNjqXtJS5uqAid67,"16,8ha; 20,5ha; 19,3ha; 600m²; 110m²; 185m²; 900m²; 270m²; 1,2ha",153 tỷ; 704 tỷ; 3.831 tỷ; 4.382 tỷ; 850 tỷ; 416 tỷ; 155 tỷ; 134 tỷ; 587 tỷ,"Unknown User 4/8/2025 7:33 PM P. ĐT báo cáo anh Mr Mike1 -CEO về dự án thấp tầng SADACO – Phú Mỹ, Thành phố Phú Mỹ, tỉ… Mấy cái xa xôi này phải lãi cao mới làm nổi, lãi mỏng dưới 20% là thua. Vì phải có sóng mới bán đc hàng Link https://vt.tiktok.com/ZSrfafnH6/ by Unknown User"
cù lao tân vạn centria island nguồn,,Cù Lao Tân Vạn – Centria Island (nguồn,2,2025-04-11,2025-04-21,,48ha; 10ha,122tr/m2; 275tr/m2; 55tr/m2,Thao L - INVT 4/21/2025 4:35 PM Translate K.ĐT báo cáo anh Mr Mike1 -CEO về cập nhật dự án Cù Lao Tân Vạn – Centria Island (nguồn: Mr. Duy) như sau: I. CƠ SỞ GIÁ* * Đơn giá đất chưa VAT và không bao gồm xây dựng 1. Cơ sở các yếu tố so sánh giá giữa 02 dự án - Yếu tố vị trí dự án - Cơ sở giá Vạn Phúc lấy theo các phân khu với vị trí giáp/gần bờ sông tương đồng với Cù lao Tân Vạn - Yếu tố diện tích 2. Bảng so sánh đơn giá theo từng phân khu bao gồm điều chỉnh yếu tốc vị trí dự án và diện tích - TỶ LỆ ĐƠN GIÁ TRUNG BÌNH GIỮA DỰ ÁN CÙ LAO TÂN VẠN VÀ KHU ĐÔ THỊ VẠN PHÚC: 44% II. GIÁ THỊ TRƯỜNG KĐT VẠN PHÚC LẤY LÀM CƠ SỞ III. BẢNG GIÁ CHI TIẾT CÙ LAO TÂN VẠN DỰA VÀO CƠ SỞ TÁCH PHÂN KHU THEO VỊ TRÍ BỜ SÔNG TƯƠNG ỨNG VỚI KĐT VẠN PHÚC IV. CẬP NHẬT HIỆU QUẢ DỰ ÁN 1. Doanh thu - TỶ LỆ ĐƠN GIÁ TRUNG BÌNH GIỮA DỰ ÁN CÙ LAO TÂN VẠN VÀ KHU ĐÔ THỊ VẠN PHÚC: 44% 2. Hiệu quả tài chính 3. Độ nhạy - Đối với Đơn giá Cù Lao Tân Vạn bằng 44% ~ 122tr/m2 đất so với Đơn giá trung bình (tương ứng vị trí) KĐT Vạn
cù lao tân vạn,,Cù lao Tân Vạn,2,2025-05-06,2025-05-22,,9.8ha; 0.8ha,"1.092 tỷ; 1.441 tỷ; 3.123 tỷ; 2.478 tỷ; 12,809 tỷ; 10,420 tỷ; 2,987 tỷ; 100tr/m2; 90tr/m2; 85tr/m2; 95tr/m2","Huy M - IM 5/22/2025 6:29 PM Translate K.ĐT báo cáo CEO Mr Mike1 -CEO về Cập nhật Dự án Cù lao Tân Vạn với 02 nội dung như sau: 1. Phương án Vay và cấu trúc Deal 2. Cập nhật lại hiệu quả FS Nội dung chi tiết như sau: 1. Phương án Vay và cấu trúc Deal: * Về đề bài Tập đoàn có 40% cash và làm việc với TTC để lên phương án vay tương ứng cùng cấu trúc Deal. Sau khi trao đổi và làm việc thì TTC đề xuất phương án vay và cấu trúc Deal như sau: a. Đối với phương án vay: - Phần mua 72 căn: Thanh toán 95% bằng cash (~1.092 tỷ) - Phần mua 219 nền: Thanh toán 30% cọc bằng cash (~1.441 tỷ) và vay 65% còn lại (3.123 tỷ) – giải ngân theo tiến độ => Như trên tổng số tiền tươi Tập đoàn chi ra là ~ 2.478 tỷ (42%) b. Hình thức vay: - Mục đích vay: Cty bên Mua Ký hợp đồng nguyên tắc nhận chuyển nhượng nhà của 72 căn nhà đất và 219 nền đất . - Chứng minh khả năng trả nợ, lãi: Công ty bên Mua có dòng tiền, chứng minh dòng tiền trả nợ chủ yếu từ phương án kinh doanh tại chính dự án TV (mua sỉ & bán lẻ). - Tà"
felecia,,Felecia,2,2025-06-28,2025-06-28,https://maps.app.goo.gl/u5QRXoNjSCh5uxRx5,"22,204m2","600 tỷ; 500 tỷ; 100 tỷ; 4.5tr/m2; 1,149 tỷ","Thao L - INVT 6/28/2025 5:17 PM Edited Translate K.ĐT báo cáo anh Mr Mike1 -CEO về dự án Felecia, Đà Nẵng với phương án 100% là Vốn chủ sở hữu, không vay như sau: 1. THÔNG TIN SƠ BỘ: a. Giá chuyển nhượng (bao gồm đất + CTXD tòa khách sạn): 600 tỷ, trong đó tạm tính: - Giá chuyển nhượng đất: 500 tỷ - Giá chuyển nhượng CTXD đã hoàn thiện phần thô khoảng 100 tỷ ~ 4.5tr/m2 sàn (tạm tính thận trọng) b. Pháp lý: GCNQSDĐ: Đất cơ sở sản xuất, kinh doanh – Thời hạn 2060 (tạm tính) - Nhà nước giao đất có thu tiền SDĐ. 2. THÔNG SỐ QUY HOẠCH Khách sạn 5 sao với quy mô: 25 tầng + 2 hầm, tổng sàn xây dựng 22,204m2 với 250 phòng. 3. TIẾN ĐỘ XÂY DỰNG - BÁN HÀNG - VẬN HÀNH 4. TỔNG HỢP THÔNG SỐ VẬN HÀNH – Không vay, chưa VAT 5. HIỆU QUẢ TÀI CHÍNH Với Phương án sử dụng 100% Vốn chủ sở hữu không vay: - TMĐT gồm VAT: 1,149 tỷ - 100% Vốn chủ sở hữu Trong 10 năm đầu vận hành: - %EBITDA/TMĐT trong 03 năm đầu vận hành (1, 2, 3): 6% - 7% - %EBITDA/TMĐT trong 03 năm kế (4, 5, 6): 8% - 9% - %EBITDA/TMĐT trong 4 n"
chung cư võ thị sáu,,Chung cư Võ Thị Sáu,2,2025-07-07,2025-07-07,https://maps.app.goo.gl/7yPFeG3okyKbrLCM9,"393,8m2; 144,3m2; 1,249m2; 632,2m2; 14.500m2","56 Triệu/m2; 26 Triệu/m2; 12,4 Triệu/m2; 57 Triệu/m2; 25 Triệu/m2; 14,5 Triệu/m2; 12,6 Triệu/m2","Thanh L - INVT 7/7/2025 7:13 PM Edited Translate Kính gửi anh Mr Mike1 -CEO, P.ĐT báo cáo dự án Chung cư Võ Thị Sáu, Biên Hòa như sau: Dự án: Khu Thương mại và Nhà ở cao tầng theo quy hoạch tại phường Thống Nhất, Tp Biên Hòa, T. Đồng Nai. Vị trí: Mặt tiền Võ Thị Sáu, P. Thống Nhất, Tp. Biên Hòa, T. Đồng Nai Map: https://maps.app.goo.gl/7yPFeG3okyKbrLCM9 Về Pháp lý dự án, P.ĐT note các nội dung trọng yếu sau: Dự án đang trong tình trạng có khả năng bị kiến nghị thu hồi để đấu thầu lựa chọn Nhà đầu tư. Diện tích dự án 21.393,8m2. Theo Quyết định giao đất, mới chỉ giao 20.144,3m2 còn 1,249m2 chưa được giao. Dự án đã được cấp Giấy chứng nhận 1 phần (3 GCN với diện tích 5.632,2m2, tuy nhiên chưa có thông tin về việc thực hiện nghĩa vụ tài chính. Dự án là 1 thành phần trong khu vực đã có quy hoạch chi tiết tỷ lệ 1/500 tổng thể, tuy nhiên trong hồ sơ chưa đính kèm QĐ phê duyệt, cần bổ sung (QĐ số 1708/QĐ-UBND ngày 18/06/2007). Theo văn bản số 7327/UBND-CNN chấp thuận chủ trương và thỏa thuận "
386 ha là 84,,386 ha là 84,2,2025-07-15,2025-07-15,,386 ha; 80 ha; 92ha; 129 ha; 85ha; 1ha; 80ha; 129ha,84.900 tỷ; 220 tỷ; 12.740 tỷ; 15.100 tỷ; 2.265 tỷ; 16.500 tỷ; 2.470 tỷ; 32.700 tỷ; 4.900 tỷ; 20.600 tỷ; 3.090 tỷ,"Hanh T - INVT 7/15/2025 6:20 PM Edited Translate P. ĐT báo cáo Sếp Mr Mike1 -CEO về sơ bộ tổng mức đầu tư cụm DA đấu thầu tại Nhơn Trạch, Đồng Nai như sau: Cụm DA Đấu thầu có tổng diện tích 386 ha gồm có 04 phân khu: PK3 (80 ha), PK4 (92ha), PK5 (129 ha), PK6 (85ha). Mỗi phân khu theo QH gồm có đất ở cao tầng và đất thấp tầng (Nhà liên kế và Biệt thự). Dựa trên thông số chỉ tiêu QH anh Tài gửi, P.ĐT tính sơ bộ tổng mức đầu tư cụm dự án 386 ha là 84.900 tỷ đồng ~ 220 tỷ đồng/ 1ha (giá bồi thường ~3 triệu đồng/m2, giá xây dựng áp theo QĐ của Suất vốn Bộ Xây Dựng 2025). Và Vốn chủ sở hữu tối thiểu cần ~15% Tổng mức đầu tư ~12.740 tỷ đồng. Thông số tổng quan từng phân khu: PK 3 ~ 80ha, TMĐT ~ 15.100 tỷ đồng, Vốn CSH>~2.265 tỷ đồng PK 4 ~ 92ha, TMĐT ~ 16.500 tỷ đồng, Vốn CSH>~2.470 tỷ đồng PK 5 ~ 129ha, TMĐT ~ 32.700 tỷ đồng, Vốn CSH>~4.900 tỷ đồng PK 6 ~ 85ha, TMĐT ~ 20.600 tỷ đồng, Vốn CSH>~3.090 tỷ đồng"
1ha sơn trà,,1ha Sơn Trà,2,2025-09-29,2025-09-29,,1ha; 10.063m2; 162.271m2; 74.619m2,"6.763 tỷ; 90 Triệu/m2; 4.950 tỷ; 20 triệu/m2; 1.347 tỷ; 1.188 tỷ; 1.014 tỷ; 799 tỷ; 5.246 tỷ; 125 tỷ; 718 tỷ; 2,5 tỷ; 1.917 tỷ","Dạ, phòng đầu tư gửi lai Sếp cập nhật hiệu quả đầu tư dự án 1ha Sơn Trà, Đà Nẵng như sau: Thông tin Quy hoạch: + Diện tích đất: 10.063m2 + Hệ số sử dụng đất: 11.94 + Tổng diện tích sàn (bao gồm hầm, tầng kỹ thuật): 162.271m2 + Diện tích thương phẩm căn hộ: 74.619m2 (khoảng 915 căn hộ) + Số lượng phòng khách sạn: 175 phòng Hiệu quả dự án phần Căn hộ Tổng doanh thu căn hộ chưa VAT là: 6.763 tỷ đồng (Đơn giá giá căn hộ bao gồm VAT tại thời điểm mở bán 2027 là 90 Triệu/m2; Giá shophouse bao gồm VAT: 90 Triệu/m2) Tổng mức đầu tư chưa bao gồm VAT, bao gồm lãi vay là: 4.950 tỷ đồng (Đơn giá All in bao gồm VAT là 20 triệu/m2; Chi phí mua đất 1.347 tỷ đồng; Tiền sử dụng đất 1.188 tỷ đồng) Tổng chi phí hoạt động chưa VAT,15% doanh thu: 1.014 tỷ đồng Lợi nhuận trước thuế: 799 tỷ đồng LNTT/TMĐT: 16,13% Hiệu quả dự án phần Khách sạn Tổng doanh thu khách sạn chưa VAT lũy kế 50 năm: 5.246 tỷ đồng (Giá bán phòng bao gồm VAT và dịch vụ khoảng 2 triệu/đêm/phòng; công suất thuê năm ổn định 70% và doanh t"
hiện tại là 28,,hiện tại là 28,2,2025-10-13,2025-10-13,,,215 tỷ,"Thao L - INVT 10/13/2025 1:25 PM Translate Đơn giá vốn của dự án hiện tại là 28,7 triệu đồng/m² (giá sàn), chưa bao gồm chi phí bán hàng (CPBH). Trường hợp phát sinh thêm CPBH, khoản chi này sẽ được cộng trực tiếp vào giá vốn để xác định mức giá hòa vốn. Theo đề xuất hiện nay của Phòng Kinh doanh, tổng CPBH dự kiến là 215 tỷ đồng (chưa bao gồm VAT). Với giả định này, giá bán hòa vốn của dự án được xác định ở mức khoảng 36 triệu đồng/m². Làm việc kỹ với a Cường sales đi, coi chính... by Unknown User"
khách sạn đông á premier tại phường lộc thọ,,khách sạn Đông Á Premier tại Phường Lộc Thọ,2,2026-03-25,2026-03-25,,,120 tỷ; 166tr/m2; 643 tỷ; 482 tỷ; 362 tỷ; 20.4tr/m2; 1.5 tỷ,"Admin 01 3/25/2026 2:20 PM Ủa bữa a David có gửi bài toán kinh doanh cho Casa rồi, mình có áp lại ra hiệu quả chưa BP.ĐT báo cáo Sếp Admin 01, về dự án khách sạn Đông Á Premier tại Phường Lộc Thọ, TP Nha Trang, Tỉnh Khánh Hòa như sau: I. SƠ BỘ VỀ DỰ ÁN Vị trí: Tọa lạc ở khu vực trung tâm thành phố. Hẻm nhỏ và cụt, rộng khoảng 5m, cách mặt tiền đường Hùng Vương khoảng 50m Xung quanh dự án có nhiều tòa cao tầng, bị chắn tầm nhìn ra biển Cách bãi biển tương đối xa, khoảng 320m Pháp lý: đất TMDV có thời hạn sử dụng lâu dài do có nguồn gốc đất ở Quy hoạch: Dựa trên giấy phép quy hoạch 02/GPQH - SXD: Được quy hoạch làm khách sạn, 26 tầng nổi, 1 tum thang + 2 tầng hầm, hiện đang tính theo phương án 242 phòng. II. ĐÁNH GIÁ HIỆU QUẢ DỰ ÁN GIẢ ĐỊNH Giả định chung cho cả 2 phương án (Dựa trên file CASA của anh Cường) a) Giá trị đất: Giá vốn đất: 120 tỷ (Tương đương 166tr/m2 đất) Thoái vốn đất: Thời điểm bán: 2060 Giá khảo sát tại thời điểm hiện tại: 170 Tr.vnđ/m2 Giả định: Tốc độ tăng giá đất là:"
tham gia để đánh giá thêm về chuyên mô á sếp,,tham gia để đánh giá thêm về chuyên mô á Sếp,2,2026-05-27,2026-05-27,,,120 tỷ,"Admin 01 5/27/2026 7:36 PM 2. 120 tỷ là số chốt chưa hay áng chừng nhỉ Mình đang tạm lấy theo số bên đó báo Sếp. Số liệu chi tiết thẩm định, cơ sở thì chưa có thông tin để check nên anh mới đề xuất có plda tham gia để đánh giá thêm về chuyên mô á Sếp. Với cái này họ chuyển cty nên cũng cần PTC thẩm định về bctc công tin để xem có khoản nợ tiềm tàng nào ko để tránh rủi ro mình mua vào sau này phát sinh thì mình phải chịu Sếp"
sông đà quốc cường gia lai nguồn từ mr tiến r d có giá chào 6,,Sông Đà - Quốc Cường Gia Lai (Nguồn từ Mr Tiến R&D) có giá chào 6,1,,,,"2,5ha","6.500 tỷ; 259,5 tr/m2","Báo cáo Sếp Admin 01 Admin 01 về dự án Sông Đà - Quốc Cường Gia Lai (Nguồn từ Mr Tiến R&D) có giá chào 6.500 tỷ đồng cho diện tích phù hợp QH 2,5ha ~ 259,5 tr/m2 đường Quốc Lộ 13, P.Hiệp Bình, Thủ Đức (cũ), như sau: 1/TỔNG QUAN VỊ TRÍ: link map Vị trí và Ranh dự án Sông Đà - Quốc Lộ 13 Mặt tiền Quốc lộ 13 tại TP.HCM cũ, gần Khu đô thị Vạn Phúc, có 1 mặt giáp Sông, kết nối thuận tiện với các khu vực trọng điểm như Sân bay Tân Sơn Nhất và Ngã tư Bình Triệu. 2/ THÔNG TIN QUY HOẠCH Thông số QH theo 1/2000 Và đối tác đang tính Thông số QH theo 1/2000"
hải nhân 4,,Hải Nhân 4,1,,,,4.5ha; 45.933 m2; 28.604 m2; 5.685 m2; 90 m2,"44 tr/m2; 9 tr/m2; 395 tỷ; 2.200 tỷ; 49 tr/m2; 4.200 tỷ; 92 tr/m2; 2,8 tr/m2; 23,3 tr/m2; 21.163 tỷ; 171 tr/m2; 15,6 tỷ; 107 tr/m2; 151 tr/m2; 137 tr/m2; 1.700 tỷ; 1.500 tỷ; 33  tr/m2; 37tr/m2; 33 tr/m2","Phòng Đầu tư xin báo cáo Sếp Admin 01 về phân tích đầu tư dự án Hải Nhân 4.5ha (nguồn từ Mr Duy) như sau: I/THÔNG TIN QUY HOẠCH: Theo QH phân khu thì khu đất dự án thuộc ô phố 1.2, số 02, nhóm nhà ở quy hoạch, tầng cao tối đa 50, hệ số sử dụng đất 10 lần, dân số 5.177 dân. Dựa vào hiện trạng khu đất và hình dạng khu đất, phòng QH đã tính toán chỉ tiêu và có bố trí một phần đất làm nhà liên kế, và cơ cấu sản phẩm như sau: Tổng diện tích đất phù hợp quy hoạch : 45.933 m2, trong đó gồm: + Diện tích đất phát triển chung cư : 28.604 m2 (2 tầng hầm, 5 tầng đế, 45 tầng tháp), gồm 78 căn Shop, 2.472 căn hộ) + Diện tích đất phát triển nhà liên kế : 5.685 m2 (5 tầng, 63 nền, dt đất 1 nền 90 m2) còn lại là đất giao thông, cây xanh, kỹ thuật. II/PHÂN TÍCH HIỆU QUẢ TÀI CHÍNH (FS): 1/CHI PHÍ: VỀ CHI PHÍ ĐẤT VÀ TIỀN SỬ DỤNG ĐẤT: Do hồ sơ đất chưa được cung cấp chi tiết, nên phòng đang tạm tính tiền đất được khấu trừ theo 100% là đất nông nghiệp với đơn giá bằng 15% dơn giá đất ở vị trí 2 (44 tr/m2) ~"
hermes power 1,,Hermes Power 1,1,,,https://maps.app.goo.gl/qDbb6mJHvwhXw4Az6,,250 tr/m2; 300 tr/m2; 3.380 tỷ; 2.073 tỷ; 1.411 tỷ; 1.129 tỷ; 2.660 tỷ; 2.300 tỷ,"P.ĐT Báo cáo sếp Admin 01 tính toán fs sơ bộ dự án Hermes Power 1. Thông tin dự án - Diện tích: - Vị trí: KĐT Thủ Thiêm - https://maps.app.goo.gl/qDbb6mJHvwhXw4Az6 Vị trí căn cứ vào file chào của Công ty hải Hưng, chưa xác định được ranh đất cụ thể. 2. PA Quy hoạch: - Dựa vào định vị trong file giới thiệu của Công ty Hải Hưng, khu đất dự án thuộc ô quy hoạch K4.4HH, thông số quy hoạch như sau: + Hệ số: 7.31 + Dân số: 1.002 + Quy mô: 15 tầng – 438 căn hộ ở, 42 căn shop TM 3. PA triển khai đầu tư: a) Giả định kinh doanh: Thời điểm bán hàng dự kiến 2029 (mất 2 năm xử lý pháp lý do hiện trạng pháp lý chưa có gì, khu đất chưa có đường, đường Lương Định Của đang triển khai thi công) + Giá bán: 250 tr/m2 (chưa V, tim tường) + Giá bán căn shop: 300 tr/m2 (chưa V tim tường) b) Giả định chi phí: + Giá mua: 3.380 tỷ (~ 130tr USD) Do hồ sơ đối tác gửi chưa có thông tin GCN, chưa xác định được mục đích sdđ hiện trạng. P.ĐT giả định khu đất hiện là đất nông nghiệp. + LUR: 2.073 tỷ (tính theo PP Thặn"
richland,,Richland,1,,,,"4,8 ha; 48.380 m2; 38.528 m2; 9.852 m2; 379,59 m2; 98 m2; 2.800 m2","3.600 tỷ; 74 tr/m2; 300 tỷ; 3.300 tỷ; 16,1 tr/m2; 1.860 tỷ; 3.000 tỷ; 15.093 tỷ; 88 tr/m2; 2,700 tỷ; 3,300 tỷ; 3.500 tỷ; 2.700 tỷ","Phòng Đầu tư xin báo cáo Sếp Admin 01 về cập nhật dự án Richland, diện tích 4,8 ha đường Lê Văn Việt, Quận 9 cũ như sau: I. Tóm tắt tình trạng pháp lý dự án: Diện tích đất thực hiện dự án là 48.380 m2, trong đó diện tích đất có Giấy chứng nhận là 38.528 m2 (gồm 4 sổ là đất ở đô thị, lâu dài), còn thiếu khoảng 9.852 m2 đất chưa có thông tin. Dự án đã được cấp GPXD năm 2008, đã xây dựng móng và hầm đến nay gần 18 năm. => không còn sử dụng được và phải tốn thêm chi phí phá dỡ công trình. Dự án chưa hoàn thành nghĩa vụ tài chính dự án theo chỉ tiêu QH được phê duyệt thời điểm 2008. Dự án thời điểm này chưa phải dành ra 20% diện tích làm Nhà ở xã hội, và hiện trạng có đường dây điện cao thế ngang qua khu đất cũng là điểm hạn chế và có thể phải phát sinh thêm chi phí hạ ngầm đường điện cao thế. II. Tóm tắt chỉ tiêu Quy hoạch: Diện tích đất toàn khu: 48.379,59 m2 Hệ số sử dụng đất toàn khu: 4,99 lần Quy mô dân số: 6.972 người Quy mô xây dựng: +01 tháp văn phòng A, 18 tầng, mặt tiền Lê Văn Việ"
felicia,,Felicia,1,,,,,"1,000 Tỷ","Huy M - IM 6/30 11:01 AM Chiều nay a báo lại Sếp à Sau khi Phòng đầu tư nhận được thông tin củ... by Hoa D - CVDT, has an attachment. 6/30 5:20 PM Edited Hoa D - CVDT Sau khi Phòng đầu tư nhận được thông tin của anh David Cường, P. Đầu tư xin báo cáo lại Sếp Admin 01 về dự án Felicia: Giả định 1. Doanh thu ADR: 2.55tr/phòng/đêm OCC: năm đầu 75%, ổn định 88% % Tăng giá: 5% mỗi năm 2. Chi phí Chi phí đầu tư: 1,000 Tỷ VNĐ % Chi phí HĐKD: năm đầu 52%, ổn định 46% Dựa theo các dự án của đang triển khai, P. Đầu tư bổ sung thêm các chi phí sau GOP như sau: FF&E: 3% Doanh thu (Chi phí dự trù cho việc sửa chữa cải tạo dự án) Phí Quản lý: 4% Doanh thu Phí Bảo hiểm: 0.1% TMĐT 3. Bảng so sánh sau khi thêm các chi phí của P Đầu Tư Bao Cao Khach_San_Felicia.pdf"
thủ đức living,,Thủ Đức Living,1,,,https://maps.app.goo.gl/D8GuCY5LefTH8JVq9,"4,661 m2; 1,471 m2; 3,190m2; 3,545 m2; 1,111m2","1,179 tỷ; 1,038 tỷ; 66tr/m2; 141 tỷ; 78tr/m2; 1,415 tỷ; 400 tỷ; 86tr/m2; 289 tỷ; 60 tỷ; 443 tỷ; 16tr/m2; 223 tỷ","P.ĐT xin báo cáo sếp Admin 01 dự án Thủ Đức Living, Đường Phạm Văn Đồng, TP HCM 1. Tóm tắt sơ bộ hiện trạng pháp lý dự án: a) Vị trí và ranh dự án: https://maps.app.goo.gl/D8GuCY5LefTH8JVq9 b) Sơ bộ hiện trạng pháp lý: Tổng diện tích khu đất là: 4,661 m2 (1,471 m2 đất ở, 3,190m2 đất cây hằng năm) Pháp lý đất: được thực hiện dự án thí điểm Nhà Ở Thương Mại (Dựa theo nghị quyết 171). Pháp lý QH: Diện tích phù hợp QH còn 3,545 m2 (Dính lộ giới: 1,111m2). Tầng cao 25 tầng cao, 0 tầng hầm; Hệ số sử dụng đất 6 lần, dân số là 500 người (tương đương hệ số 5.31 ,chưa sử dụng hết được hệ số HS SDĐ) 2. Hiệu quả dự án: a) Doanh thu (Có VAT): 1,179 tỷ VNĐ Giá bán căn hộ chung cư: 1,038 tỷ (66tr/m2 tim tường) Giá bán Shophouse: 141 tỷ (78tr/m2 tim tường) b) Chi phí (có VAT): 1,415 tỷ VNĐ Chi phí đất: 400 tỷ (86tr/m2 đất) Chi phí Nghĩa vụ tài chính: 289 tỷ Chi phí pháp lý: 60 tỷ Chi phí xây dựng ALL in cost: 443 tỷ (16tr/m2 xây dựng) Chi phí bán hàng + thuế VAT + CP Khác = 223 tỷ (CPHB + QLDN = 17% D"
high và west của ldg nguồn từ anh dũng,,High và West của LDG (nguồn từ anh Dũng),1,,,,60 m2; 7.826 m2; 3.400 m2,"270 tỷ; 250 tỷ; 780 tỷ; 635 tỷ; 145 tỷ; 70 tr/m2; 50 tr/m2; 16 tr/m2; 14,6 tr/m2","Phòng ĐT xin báo cáo Sếp Admin 01 về 2 dự án High và West của LDG (nguồn từ anh Dũng) như sau: Vị trí và ranh đất 2 dự án: Bản đồ 2 khu đất LDG - High + West Intela - Google マイマップ Tóm tắt những rủi ro về pháp lý 2 DA: (i) . Rủi ro pháp lý và nghĩa vụ tài chính: Đối tác ước tính nghĩa vụ tài chính bổ sung khoảng 270 tỷ đồng cho hai dự án. Tuy nhiên, cơ sở xác định số liệu này chưa rõ ràng. Do dự án chưa hoàn tất nghĩa vụ tài chính từ giai đoạn 2017-2018, cần thực hiện báo cáo thẩm định pháp lý chuyên sâu để xác định chính xác số tiền phải nộp và các rủi ro phát sinh. (ii) . Sự lỗi thời của phương án thiết kế: Thiết kế dự án từ năm 2017 đến nay đã lạc hậu về công năng và thị hiếu. Cơ cấu sản phẩm không còn tối ưu khi 65% là căn hộ 2 phòng ngủ (diện tích khoảng 60 m2), dẫn đến tổng giá trị mỗi căn hộ cao, gây khó khăn cho tính thanh khoản trong bối cảnh thị trường hiện nay. (iii). Rủi ro chất lượng công trình (xuống cấp): Các dự án đã ngưng thi công trong thời gian dài (phần ngầm dang dở)"
ak 2025 4,,AK (2025)~ 4,1,,,,"1,842 m2; 45m2; 32m2; 45 m²; 32 m²","1,100 tỷ; 700 tỷ; 15.9tr/m2; 960 tỷ; 3,3 tỷ; 26.6tr/m2; 2,6 tỷ; 2.6 tỷ; 3 tỷ","P.ĐT tạm tính tại thời điểm cuối năm 2025 - đầu năm 2026, khi quy hoạch chi tiết tỷ lệ 1/500 chưa được phê duyệt, TSDĐ trong khoảng từ 700 - 1,100 tỷ đồng, cụ thể: Kịch bản thấp (Min): 700 tỷ đồng, cơ sở tham chiếu tỷ lệ ĐG đất thặng dư/ ĐGNN của dự án AK (2025)~ 4.x lần. Kịch bản cao (Max): 1,100 tỷ đồng, cơ sở tham chiếu mức giá bán căn hộ của dự án AK khoảng 37.7 triệu đồng/m². Tuy nhiên, theo tiến độ hiện tại, thời điểm dự kiến được giao đất của dự án PKG vào khoảng giữa đến cuối năm 2026, muộn hơn so với thời điểm giả định nêu trên => TSDĐ có khả năng tăng cao hơn mức dự kiến. 2. Ước tính TSDĐ theo bảng giá đất và hệ số điều chỉnh mới áp dụng theo luật mới: Theo QH 1/500 mới, Diện tích đất 27,888m; HSSSĐ: 6.5 Đơn giá đất NN: 15.9tr/m2, hệ số đ.c thị trường 1.67 HSSDĐ: 6.5 => Hệ số điều chỉnh 1.3 => TSDĐ theo luật mới = 27,888 × 15.9 × 1.67 × 1.3 ≈ 960 tỷ K.ĐT báo cáo Sếp Admin 01 về dự án khác... by Hoa D - CVDT 6/15 6:15 PM Edited Hoa D - CVDT K.ĐT báo cáo Sếp Admin 01 về dự án k"
cát lái,,Cát Lái,1,,,,,120 tỷ,"P.ĐT cập nhật sếp Admin 01thông tin pháp lý dự án Cát Lái. Qua làm việc với Sở Xây dựng, Anh Minh PLDA cũng đã có thu thập được thêm Báo cáo nghiên cứu khả thi và thông báo miễn GPXD cấp ngày 12/12/2025 cho dự án Thời gian tới, anh Minh sẽ tiếp tục làm việc với Sở NNMT để xác minh thông tin số tiền 120 tỷ LUR ạ 251212-CV-19745-SXD miễn GPXD.pdf 2025.11.26 công văn 17448 thẩm định BCNCKT.pdf"
diamond garden ở đường đào trí,,Diamond Garden ở đường Đào Trí,1,,,https://maps.app.goo.gl/GdiSL1z7fBFtk3tr8,"10,471 m2; 5,718 m2; 676 m2; 3,217m2; 860m2","3,579 tỷ; 64 tr/m2; 83 tr/m2; 400 tỷ; 42tr/m2; 666 tỷ; 527 tỷ; 16tr/m2; 180 tỷ","Friday, June 12 P. Đầu tư xin báo cáo sếp Admin 01 dự á... by Hoa D - CVDT, has an attachment. 6/12 4:10 PM Edited Hoa D - CVDT P. Đầu tư xin báo cáo sếp Admin 01 dự án Diamond Garden ở đường Đào Trí, Phường Phú Thuận, TP Hồ Chí Minh 1. Tóm tắt sơ bộ hiện trạng pháp lý dự án: a) Vị trí và ranh dự án: https://maps.app.goo.gl/GdiSL1z7fBFtk3tr8 b) Dự án bị chia cắt bởi một con rạch, phát sinh rủi ro pháp lý xây dựng cầu để kết nối hai khu đất b. Sơ bộ hiện trạng pháp lý: Tổng diện tích khu đất là: 10,471 m2, gồm 5,718 m2 đất lúa, 676 m2 đất ở, đất chuyên dụng 3,217m2 và 860m2 lộ giới Pháp lý đất: đang đề xuất xin vào cơ chế thí điểm của Nghị quyết 171 (cần tốn ít nhất 2 năm để có thể triển khai xây dựng được) Pháp lý QH: theo QHPK 10/2009 thuộc ô D2 có chỉ tiêu như sau: MĐXD 40%, tầng cao không giới hạn, HS SDĐ 7, dân số 278 (nguồn anh Tài). Đối tác đang xin điều chỉnh lại thành: HS SDĐ = 7.5, dân số 2,068 người => Mức đề xuất cao hơn đáng kể và anh Tài đánh giá phương án này có tính khả "
không đạt hiệu quả ạ begin quote,,không đạt hiệu quả ạ Begin quote,1,,,,,137 tỷ; 109 tỷ,"Dạ nếu giá bán 70tr và ko đóng LUR thì hiệu quả như sau: - LNTT: 137 tỷ - LNST: 109 tỷ - IRR: 5,11% - LNTT/TMĐT: 8,1% Dự án không đạt hiệu quả ạ Begin quote, Admin 01, 6/11/2026 3:15 PM, B... by Huy M - IM"
bào kèo,,Bào Kèo,1,,,,4.2ha; 1.2ha; 2.5ha,"500 tỷ; 413 tỷ; 87 tỷ; 12tr/m2; 20tr/m2; 1,000 tỷ; 1,500 tỷ; 2,850 tỷ; 114tr/m2; 67.5tr/m2; 36tr/m2; 24tr/m2; 40tr/m2; 290tr/m2; 270tr/m2; 232tr/m2; 215tr/m2; 107tr/m2; 90.7tr/m2; 67.2tr/m2","P.ĐT gửi anh Admin 01 báo cáo về dự án Bào Kèo, Phú Quốc, PA12A - 5,000 dân số; 2,269 căn hộ với mục đích chào bán toàn dự án như sau: I. THÔNG SỐ VỀ PHƯƠNG ÁN 12A: PA12A: Khai thác tối đa quỹ đất: 2.269 căn hộ, cao 40 tầng, HSSDĐ toàn khu 5.7 lần, tổng dân số 5,000 người. => PA12A tăng thêm 768 căn hộ và 1,469 người so với PA10 (1.501 căn hộ, cao 35 tầng, HSSDĐ toàn khu 4.4 lần, tổng dân số 3,531 người) II. GIẢ ĐỊNH TÍNH: 1. Điều kiện tiên quyết: Phải hoàn thành việc giải phóng mặt bằng. 2. Giá vốn đất ban đầu trước khi thực hiện chuyển nhượng dự án: 500 tỷ, gồm: - Chi phí bồi thường GPMB: 413 tỷ - Chi phí Pháp lý (từ hiện trạng đến đóng tiền SDĐ): 87 tỷ => 500 tỷ tương ứng với: ~ 12tr/m2 đất toàn khu 4.2ha, hiện trạng có 1.2ha đất ở ~ 20tr/m2 đất ở thương phẩm theo QH - 2.5ha 3. Giá chuyển nhượng dự án mục tiêu: Trên cơ sở các hiệu quả tài chính PA10 đã báo cáo trước đây, P.ĐT đề xuất xem xét 02 kịch bản giá chuyển nhượng như sau: a. Kịch bản 1: Theo PA10 báo cáo lần 1 với các giả đị"
600 tỷ,,600 tỷ,1,,,,,600 tỷ; 120 tỷ; 720 tỷ; 690 tỷ,"Dạ trong bài tính gần nhất mình đang tính là: - Tiền mua dự án 600 tỷ, - Tiền sử dụng theo hệ số K mà đối tác báo: 120 tỷ => Tổng tiền liên quan đến đất là 720 tỷ Vậy lần này số liệu 690 tỷ này đã bao gồm luôn tiền sử dụng đất hệ số K luôn chưa ạ Begin quote, Hanh T - INVT, 5/28/2026 4:52 ... by Huy M - IM"
để hiệu quả irr từ 15 là ở khung 260 tr đến 280 tr m2 685 tỷ đến 738 tỷ đồng cho lô a17 01 diện,,để hiệu quả IRR~ từ 15% là ở khung 260 tr đến 280 tr/m2 ~ 685 tỷ đến 738 tỷ đồng cho Lô A17-01 diện ,1,,,,2.635 m2,90 tr/m2; 280 tr/m2; 685 tỷ; 738 tỷ,"Báo cáo Sếp Admin 01, bảng độ nhạy DA gộp 2 lô Võ Văn Kiệt theo thay đổi giá bán căn hộ và giá mua dự án: Theo bảng độ nhạy thì Với đơn giá bán căn hộ 90 tr/m2 thì giá mua dự án để hiệu quả IRR~ từ 15% là ở khung 260 tr đến 280 tr/m2 ~ 685 tỷ đến 738 tỷ đồng cho Lô A17-01 diện tích 2.635 m2. Ngoài ra, theo thông tin từ anh Tài thì tầng cao, hệ số, dân số của tổng hai lô theo chỉ tiêu mới đều tăng cao hơn trước đây. Hiện anh Tài đang tính toán lại phương án mới (có bố trí Shop 3-4 tầng theo gợi ý của Sếp), sau khi có PA từ anh Tài, chị sẽ cập nhật lại FS báo cáo lại à. Giá bán không trả được thấp vậy đâu. by Admin 01"
đầu tư xây dựng cao ốc căn hộ hạnh phúc,,đầu tư xây dựng Cao ốc căn hộ Hạnh Phúc,1,,,,7.000 m2; 6.952 m2; 7000 m2,1.000 tỷ; 143 tr/m2,"Phòng ĐT báo cáo Sếp Admin 01 về sơ bộ DA Chung cư Hạnh Phúc (Nguồn Mr.Khôi), diện tích đất gần 7.000 m2, đường Trần Đại Nghĩa, H.Bình Chánh, TPHCM : 1. Vị trí dự án: Số 10 Trần Đại Nghĩa, H. Bình Chánh, TP HCM, link map. 2. Hiện trạng: + Pháp lý: * Giấy CN QSD đất: 6.952 m2, đất SXKD cấp năm 2005 - thời hạn lâu dài - Chủ là DN tư nhân Thanh Tùng. * QĐ 54/QĐ-SXD-PTN ngày 29/04/2008 của Sở Xây dựng TP.HCM – Phê duyệt dự án đầu tư xây dựng Cao ốc căn hộ Hạnh Phúc, về Quy định pháp lý xây dựng thì QĐ này tương đương với ~ GPXD thời điểm đó. * QĐ số 4448/QĐ-UBND ngày 11/10/2008 của UBND TP.HCM – Giao đất cho Doanh nghiệp tư nhân Thanh Tùng để xây dựng nhà ở chung cư. Tuy nhiên, doanh nghiệp Chưa hoàn thành nghĩa vụ tài chính khi chuyển Mục đích SKC sang đất ở xây dựng chung cư. + Xây dựng: Đã xây lên tầng 5 từ 2018 và bỏ hoang đến nay. + Bán hàng: Đã mở bán từ 2018, và có thông tin (Nguồn tự tìm trên các trang báo điện tử thì đã thu 15% tiền HĐ từ khách hàng. Hiện chưa có thông tin "
kế bên da võ văn kiệt,,kế bên DA Võ Văn Kiệt,1,,,,2.635 m2,"1.182 tỷ; 1.001 tỷ; 190 tr/m2; 164 tỷ; 762 tỷ; 227 tr/m2; 598 tỷ; 15,7 tỷ; 907 tỷ; 761,3 tỷ; 2,6 tỷ; 143,1 tỷ; 903,6 tỷ; 633,1 tỷ; 270,4 tỷ; 94 tỷ; 75 tỷ; 49 tỷ; 380 tr/m2","P.ĐT báo cáo Sếp Admin 01 về dự án kế bên DA Võ Văn Kiệt, TP Đà Nẵng như sau: 1. VỊ TRÍ VÀ RANH ĐẤT: Dự án thuộc lô A17-01, sát bên dự án Võ Văn Kiệt của Công ty (lô A17-02), đường Võ Văn Kiệt, TP. Đà Nẵng. Vị trí theo đường link: Vị Trí Dự án 2. THÔNG SỐ QUY HOẠCH Trên cơ sở Quyết định chủ trương đầu tư theo QĐ 2915/QĐ-UBND ngày 09/12/2025 (nguồn từ cổng thông tin điện tử Thành phố Đà Nẵng tại trang Cổng thông tin TP Đà Nẵng Diện tích đất: 2.635 m2 Dân số: 740 dân MĐXD: 60% Tầng cao: 27 tầng nổi, 3 tầng hầm. Tổng sản phẩm 305 căn gồm 299 căn hộ ở (không bán cho tổ chức, cá nhân người nước ngoài) + 6 căn shop khối đế (1 Trệt 1 Lầu). Hệ số sử dụng đất: 12,8 lần. 3. HIỆU QUẢ DỰ ÁN 3.1 Chi phí (Gồm VAT): Chi phí đất: 1.182 tỷ đồng ~ 52% , gồm CP mua DA và tiền sử dụng đất nộp bổ sung: + CP nhận chuyển nhượng: 1.001 tỷ đồng ~ đơn giá chào là 380 tr.đ/m2, cao gấp đôi giá DA Võ Văn Kiệt là ~190 tr/m2. + Tiền sử dụng đất bổ sung: 164 tỷ đồng, bằng (=) tiền sử dụng đất tính theo PP thặng dư (7"
gladia heights dự kiến triển khai trong 2026 này,,Gladia heights dự kiến triển khai trong 2026 này,1,,,,,100tr/m2,"Dạ dự án Gladia heights dự kiến triển khai trong 2026 này, hiện thị trường đang rumor giá 100tr/m2 ạ image Dạ đây là bản đồ các dự án cao tầng g... by Khoa L - INVT"
võ văn kiệt gộp 2 lô,,Võ Văn Kiệt (Gộp 2 Lô),1,,,,3.467 m2; 56 m2,21 tr/m2; 99 tr/m2; 5 tỷ,"P.ĐT báo cáo Sếp Admin 01 về cập nhật DA Võ Văn Kiệt (Gộp 2 Lô) theo chỉ tiêu QH dự kiến điều chỉnh, như sau: 1. Quy hoạch: Những thay đổi chính trong PA QH mới: Hệ số tăng từ 13,7 lên 14,7 Tầng cao từ 30 lên 36 tầng Tăng 3.467 m2 sàn kinh doanh ~ tăng 19 căn, từ 833 lên 852, đồng thời Shop điều chỉnh thành 3 tầng. 2. Hiệu quả tài chính: Đơn giá xây dựng All-in vẫn giữ 21 tr/m2 (gồm VAT). Chi phí kinh doanh bán hàng 19%/Doanh thu. Giá bán căn hộ giảm từ 105 xuống còn 99 tr/m2 (gồm VAT), tương đương với giá 90 tr chưa VAT ~ 5 tỷ/căn 56 m2. Giá bán Shop giữ đơn giá tầng 1+2"
đặng văn bi vị trí,,Đặng Văn Bi + Vị trí,1,,,,"5.835m2; 4.600 m2; 2000 m2; 4,2ha; 1.120 m2; 11.220 m2; 9000 m2; 48.378 m2; 3,85 ha; 4,8 ha; 1ha; 3.508 m2; 32ha; 9.6ha; 12.5 ha; 700 m2; 2.1 Ha; 38m2",592 tỷ; 53 tr/m2; 3300 tỷ; 68 tr/m2; 3500 tỷ; 72 tr/m2; 3.3 tỷ,"P.ĐT gửi Sếp list các Dự án: 1. 31 Trần Não + Vị trí: 31 Trần Não, Quận 2, TP.HCM + Diện tích: 5.835m2 + Hiện trạng: Đang tính phương án 4: 35 tầng VP + tiện ích (gym, hồi bơi,...) + Deadline: 20/05/2026 2. Dự án Đặng Văn Bi + Vị trí: đường Đặng Văn Bi, Phường Thủ Đức, TP HCM + Diện Tích, quy mô: Khoảng 4.600 m2, 22 tầng cao, HS SDĐ là 7 + Thông tin sơ bộ: Dự án phát triển chung cư và căn hộ dịch vụ + Deadline: 21/05/2026 3. Dự án sát bên dự án Võ Văn Kiệt - Đà Nẵng. + Diện tích khoảng 2000 m2 + Giả định quy hoạch tương đương với miếng Võ Văn Kiệt. + Tính FS để ra giá có thể mua được. + Dealine: 22/5/2026. 4. H2-02 Tên thương mại Sky Habitat + Vị trí: KDC Cát Lái, tp.HCM + Diện tích: 7.988,9 + Hiện trạng: DA đã có pháp lý tương đối đầy đủ và đã triển khai thông tin trên thị trường. P.ĐT đang rà soát pháp lý tổng thể và đánh giá hiệu quả FS + Deadline: 22/05/2026 5. Bà Kèo + Vị trí: Trần Hưng Đạo, Phú Quốc + Diện tích: 4,2ha + Hiện trạng: Đang đợi báo cáo RD về 02 phương án mới (PA10: 1"
31 trần não pa4,,31 Trần Não – PA4,1,,,,240m2; 378 m2,1.578 tỷ; 1.525 tỷ; 54 tỷ,"Thao L - INVT 5/20 3:20 PM Translate K.ĐT báo cáo anh Admin 01 về dự án 31 Trần Não – PA4: Full VP + tiện ích (gym, hồ bơi,…) như sau: I. Tóm tắt PA4: Tách một phần tầng 03 làm Hồ bơi 240m2 và 378 m2 làm các tiện ích như: + Giải khát 25 chỗ + Gym + Yoga/Fitness + Khu ăn uống 50 chỗ + WC, thay đồ => Phần tiện ích này sẽ đầu tư hoàn thiện full nội thất có thể đưa vào hoạt động ngay khi hoàn thành 1. Chi phí xây dựng (VAT): - Phương án 4 có tiện ích: 1.578 tỷ đồng (SĐT all-in ~19 tr.đ/m² sàn) - Phương án 3 không bố trí tiện ích: 1.525 tỷ đồng (SĐT all-in ~18.4 tr.đ/m² sàn) => Chi phí tăng thêm khoảng 54 tỷ đồng do đầu tư các hạng mục tiện ích nêu trên. 2. Doanh thu (VAT): a. Giá thuê VP - Q4.2030: 30.8$; tỷ lệ tăng giá: 2%/năm + Phí dịch vụ VP: 4 năm đầu: 5$, ổn định: 7$ + Chi phí vận hành VP: 20% + Tỷ lệ lắp đầy VP: Năm 1 (40%), Năm 2 (50%), Năm 3 (60%), Năm 4 (75%) và duy trì ổn định sau 4 năm b. Giá thuê sỉ TTTM - Q4.2030: 14.3$, tỷ lệ tăng giá: 2%/năm + Chi phí vận hành sỉ TTTM: 4% + "
thuộc qh hiện hữu là ô phố i82b 16,,thuộc QH hiện hữu là ô phố I82b (16,1,,,,"11.000 m2; 11.221 m2; 16,4ha; 0,49 ha; 1.1ha","592 tỷ; 52,7 tr/m2","P.ĐT xin báo cáo Sếp Admin 01 về sơ bộ khu đất 11.000 m2, đường Tây Thạnh, Q.Tân Phú (nguồn từ Mr.Khôi gửi - Đấu giá Sacombank, giá chào 592 tỷ đồng ~ 52,7 tr/m2 đất ở), như sau: Ví trí map Ranh đất: Thông tin theo GCN: được cấp năm 2005. + Diện tích đất: 11.221 m2. + Hình thức sử dụng sản xuất kinh doanh, + Mục đích sử dụng là đất ở, thời hạn lâu dài. Quy hoạch: Theo ý kiến của anh Tài thì khu đất thuộc QH hiện hữu là ô phố I82b (16,4ha, gồm đất giáo dục, TMDV, cây xanh, đất ở 0,49 ha). Chi tiết theo anh Tài tính toán: Vị trí và ranh đất 1.1ha Tây Thạnh – Google My Maps Vị trí và ranh đất 1.1ha Tây Thạnh www.google.com Message by Hanh T - INVT"
chung cư hải sơn có diện tích đất 8,,chung cư Hải Sơn có diện tích đất 8,1,,,https://www.google.com/maps/d/edit?mid=1pYF3M65dQngj9P_VP8SbXUKy92nYnFo&usp=sharing,"8.321 m2; 8.600 m2; 8.132 m2; 86 m2; 8.046 m2; 321,5 m2",270 tỷ,"P.ĐT xin báo cáo sếp Admin 01 về sơ bộ dự án chung cư Hải Sơn có diện tích đất 8.321 m2 (nguồn từ anh Sơn Trợ lý) tại đường Huỳnh Văn Nghệ, P. Biên Hòa, Thành phố Đồng Nai như sau: I. Vị trí và ranh đất: https://www.google.com/maps/d/edit?mid=1pYF3M65dQngj9P_VP8SbXUKy92nYnFo&usp=sharing => Đánh giá sơ bộ hiện trạng: Đường kết nối vào khu đất từ đường Huỳnh Văn Nghệ có bề ngang nhỏ, chỉ khoảng 8.8 m, cần đánh giá có đủ điều kiện kết nối giao thông cho dự án chung cư cao tầng hay không. Chiều sâu từ đường Huỳnh Văn Nghệ vào khoảng 28 m, lối vào có hình nút thắt cổ chai. Hình dạng khu đất kiểu đa giác không đều, khó bố trí không gian. Đối diện là khu đất nghĩa trang, có mặt tiền ôm đường hơn 100 m, trọn khu khoảng 8.600 m2. II. Hiện trạng pháp lý: - Pháp lý về đất: Sổ đất cá nhân được cấp Giấy CNQSD ngày 30/9/2025. Tổng diện tích 8.132 m2, trong đó: Đất ở 86 m2 và đất Cây hằng năm: 8.046 m2 (đến 01/10/2056). Đã có văn bản chấp thuận độ cao tĩnh không, chiều cao tối đa 99 m. Chưa thực hiện"
12ha đủ lớn để có thể địn hướng triển khai tiện ích cảnh quan,,12ha đủ lớn để có thể địn hướng triển khai tiện ích cảnh quan,1,,,,12ha,,"Dạ nếu tính theo ranh địa lý hành chính cũ thì khu vực này vẫn thuộc Hồ Chí Minh ạ Sở dĩ giá bán này là vì team cũng đã cân nhắc về quy mô dự án 12ha đủ lớn để có thể địn hướng triển khai tiện ích cảnh quan, mảng xanh, cải tạo công viên bờ kênh, xây thêm cầu kết nối, yếu tố thời gian và những ý tưởng về các tiện ích mà dự án có thể mang lại cho cư dân."
không đạt được hiệu quả,,không đạt được hiệu quả,1,,,,,"2,558 tỷ; 90tr/m2; 113 tỷ; 300 tỷ; 2,145 tỷ; 165 tỷ; 88 tỷ; 27 tỷ; 7,951 tỷ; 945 tỷ; 39,000 tỷ; 69,271 tỷ; 13,838 tỷ; 55,433 tỷ; 237 tỷ; 2,613 tỷ; 89tr/m2; 2,200 tỷ; 25.4 tỷ; 8,680 tỷ; 979 tỷ; 38,500 tỷ; 68,350 tỷ; 12,978 tỷ; 55,371 tỷ; 804 tỷ","Thao L - INVT 4/14 7:45 PM Edited Translate Chi tiết 02 PA: A. PHƯƠNG ÁN THẤP TẦNG: 1. Chi phí (gồm VAT): 1.1. Chi phí đất: 2,558 tỷ ~ 90tr/m2 đất thương phẩm - Chi phí đất hiện trạng (lấy theo BCTC): 113 tỷ - Chi phí đền bù dự kiến phần còn lại: 300 tỷ - Tiền CMĐ SDĐ: 2,145 tỷ 1.2. Chi phí Pháp lý: 165 tỷ 1.3. Chi phí Nhà mẫu: 88 tỷ 1.4. Chi phí cảnh quan: 27 tỷ 1.5. Chi phí xây dựng: 7,951 tỷ 1.6. Chi phí lãi vay: 945 tỷ (lãi 11%) 1.7. Chi phí hoạt động: 39,000 tỷ - Chi phí bán hàng Nhà liên kế: 13% - Chi phí bán hàng căn hộ và Shophouse: 15% - Chi phí bán Condotel: 20% - Chi phí vận hành TMDV: 4%/năm - Chi phí vận hành Khách sạn: 80% cho các năm có tỷ lệ lắp đầy dưới 55% và 70% cho các năm có tỷ lệ lắp đầy trên 55% 2. Doanh thu (gồm VAT): 69,271 tỷ - Doanh thu bán hàng: 13,838 tỷ - Doanh thu vận hành: 55,433 tỷ 3. Hiệu quả: Dự án không đạt được hiệu quả với NPV: - 237 tỷ và IRR = 9.8% LNTT/TMĐT sản phẩm bán = 37.9% B. PHƯƠNG ÁN CAO TẦNG: 1. Chi phí (gồm VAT): 1.1. Chi phí đất: 2,613"
khu mặt tiền đường ngô chí quốc gom đất gần phú quang cập nhật quy hoạch phân khu,,khu mặt tiền đường Ngô Chí Quốc (gom đất gần Phú Quang)- Cập nhật Quy hoạch Phân khu,1,,,,2.15ha; 2.76ha,61 tr/m2; 70 tr/m2; 100tr/m2; 75.4tr/m2; 15tr/m2; 7tr/m2; 478 tỷ; 30tr/m2; 358 tỷ; 275 tỷ; 16.2tr/m2; 862 tỷ; 40tr/m2; 845 tỷ; 774 tỷ; 42.9tr/m2; 10tr/m2; 28tr/m2,"Dạ P.ĐT báo cáo sếp Admin 01 cập nhật dự án khu mặt tiền đường Ngô Chí Quốc (gom đất gần Phú Quang)- Cập nhật Quy hoạch Phân khu. Theo QH PK3 được duyệt 2025, quỹ đất quan tâm thuộc ô đất OD-1, MN-1 và CX-2 (thuộc Đơn vị ở 1), trong đô ô OD-1 (diện tích PHQH 2.15ha) có các thông số sau: + Dân số 1.300 (tăng 800 dân so với QH cũ), + Tầng cao: 30 (không đổi) + Hệ số: 7 (không đổi) * ô MN-1 và CX-2 vẫn có chức năng giáo dục và cây xanh (không đổi) A/Phương án hỗn hợp thấp tầng (tối ưu số dân 1.300, hệ số sdđ đạt 3.1): 1. Quy mô: Gồm 1 block chung cư hỗn hợp 24 tầng (căn hộ, officetel, shop TM và sàn TTTM) và 67 căn nhà phố 2. PA đầu tư: a) Giả định kinh doanh: + Giá bán căn hộ: 61 tr/m2 (chưa V, tim tường) + Giá bán shop TM: 70 tr/m2 (chưa V, tim tường) + Giá bán officetel: 55 tr.m2 (chưa V, tim tường) + Sàn TTTM: cho thuê sỉ giá 10$/m2/tháng + Nhà trẻ: Cho thuê giá 4$/m2/tháng. + Giá bán nhà phố: 100tr/m2 (gồm nhà và đất) (trong đó giá đất: 75.4tr/m2) b) Giả định chi phí: + Suất xây dựng"
khách sạn 5 sao tại đường 12 hùng vương,,Khách sạn 5 sao tại đường 12 Hùng Vương,1,,,https://maps.app.goo.gl/6iyNdteYfVyyT9Xy9,,,"P.ĐT xin báo cáo Sếp Admin 01 về dự án Khách sạn 5 sao tại đường 12 Hùng Vương, TP Đà Lạt, Tỉnh Lâm Đồng như sau: I. SƠ BỘ VỀ DỰ ÁN Vị trí: 12 Hùng Vương, TP Đà Lạt, Tỉnh Lâm Đồng (Map: https://maps.app.goo.gl/6iyNdteYfVyyT9Xy9) Pháp lý: Đất ở, thời hạn sử dụng đất: lâu dài Quy hoạch: Được quy hoạch làm khách sạn 5 tầng + 2 hầm, tính theo phương án 159 phòng. II. ĐÁNH GIÁ HIỆU QUẢ DỰ ÁN GIẢ ĐỊNH: 1. Phương án kinh doanh (Theo anh David Cường) 2. Tổng Mức Đầu Tư Dự Án: Hiện chưa có TMĐT nên BP Đầu tư giả định gồm có CPXD và tiền đất Nhận xét: Do quỹ đất là đất TMDV có thời hạn sử dụng lâu dài, giá trị quyền sử dụng đất không bị giảm sau khi dự án khách sạn kết thúc vòng đời vận hành. Do đó Bộ phận đầu tư sẽ tính theo 2 phương án: Phương án có đất Phương án không có đất (đánh giá tỷ suất lợi nhuận dựa trên chi phí đầu tư xây dựng ban đầu) a) Hiệu quả 2 phương án b) Độ nhạy Độ nhạy TMĐT/Phòng (bao gồm VAT)/phòng và Giá thuê (bao gồm VAT) đối với PA bao gồm đất Độ nhạy TMĐT/Phòng (Bao gồm "
hiệu quả irr đạt 10,,hiệu quả IRR đạt 10%,1,,,,,3 tỷ,"Dạ đối với phương án không tính đất, để dự án hiệu quả IRR đạt 10%, thì suất vốn có thể nâng lên là 3 tỷ 1/key ạ. Với suất vốn này, thì phương án tính đất sẽ là 6.4% ạ Phải tính đất chứ. by Admin 01"
tại 02 tây thạnh,,tại 02 Tây Thạnh,1,,,,"221,7 m²",,"P.ĐT xin báo cáo Sếp Admin 01 về cập nhật thêm thông tin khu đất tại 02 Tây Thạnh, Tân Phú như sau: Diện tích đất : 11.221,7 m², đất ở lâu dài, mục đích sử dụng là đất sản xuất kinh doanh. Vị trí: Mặt tiền đường Tây Thạnh (dài khoảng 65m, lòng đường 16m, vỉa hè mỗi bên 8m). Nằm trong bán kính TOD metro số 2 (chưa x"
chung cư hòa xuân a2 3 a2 4 1,,chung cư Hòa Xuân (A2-3 & A2-4) 1,1,,,,6.648 m2; 3.508 m2; 3.140 m2,60 tr/m2; 80 tr/m2; 15tr/m2; 36 tỷ; 956 tỷ; 765 tỷ; 512 tỷ,"P.ĐT báo cáo sếp hiệu quả dự án chung cư Hòa Xuân (A2-3 & A2-4) 1. Thông tin tổng quan a) Diện tích: 6.648 m2; Trong đó: + A2-3: 3.508 m2 + A2-4: 3.140 m2 b) Quy hoạch theo QHPK mới: + A2-3: 18 tầng, 880 dân, mđxd 73%, hệ số 12.4 (Thiết kế đc 12.4) + A2-4: 15 tầng, 804 dân (thiết kế được 682) , mđxd 76%, hệ số 12.2 (thiết kế được 10.6) 2. Hiệu quả: a) Giả định kinh doanh (tham chiếu báo cáo từ RnD): + Giá bán căn hộ: 55 – 60 tr/m2 (chưa VAT tim tường) + Giá bán shop: 80 tr/m2 (chưa VAT tim tường) + Nhà trẻ: cho thuê 3.5$/m2/tháng + Chi phí bán hàng: 19 %/doanh thu b) Giả định xây dựng: + Suất xây dựng: 13tr./m2 (gồm VAT), trang bị nội thất liền tường. + Suất Đầu tư all in: 15tr/m2 + Chi phí pháp lý: 36 tỷ (dành cho gđ xin GPXD, nghiệm thu, ra sổ) + Ls: 12%/năm c) Hiệu quả kinh doanh: LNTT: 956 tỷ LNST: 765 tỷ NPV: 512 tỷ IRR: 141% LNTT/TMĐT: 49,1% 300126_R D_De xuat PA phat trien 2 lo Hoa Xuan_full dat o.pdf Ủa giá mua là bao nhiêu by Admin 01"
fenica,,Fenica,1,,,,,675 tỷ; 646 tỷ; 633 tỷ; 29 tỷ; 11 tỷ; 57.57tr/m2; 52.5tr/m2; 5.8 tỷ; 6.4 tỷ; 1 tỷ; 3.4 tỷ,"Thao L - INVT 3/18 1:12 PM Edited Translate K.ĐT báo cáo anh Admin 01 về cập nhật dự án Fenica như sau: 1. LÃI VAY XÂY DỰNG DỰ ÁN & SUẤT ĐẦU TƯ a. Lãi vay XD: 7% b. SĐT: 675 tỷ Tính từ mức 646 tỷ (đã bao gồm các điều chỉnh trước đó từ 633 tỷ và tăng các chi phí quản lý dự án và nâng cấp hoàn thiện: cửa gỗ An Cường, khóa từ Hafele, tủ bếp An Cường, chậu và vòi rửa Hafele), chi phí tiếp tục tăng do: Điều chỉnh tỷ lệ dự phòng từ 7% lên 12%, tương ứng +29 tỷ. ⇒ Mức tăng chi phí thực khoảng 11 tỷ so với phương án trước , sau khi bù trừ với việc: Không phát sinh thêm chi phí thiết kế mặt ngoài (façade), sảnh Không tăng chi phí TBVS c. So sánh: 2. SHOPHOUSE - PRD đề xuất giá bán tim tường chưa VAT: 57.57tr/m2 - P.ĐT tạm tính giá bán tim tường chưa VAT: 52.5tr/m2 – phương án thận trọng 3. CHI PHÍ BÁN HÀNG a. Cập nhật lại chi phí hỗ trợ lãi vay: 3.45% => CPBH: 15.6%, chi tiết như sau: Lùi tiến độ bàn giao đến Q1.2028 Thời gian hỗ trợ: 21 tháng Giá trị hỗ trợ: 40% giá trị căn hộ Lãi suất: 12% Gh"
phường phú thọ hòa,,phường Phú Thọ Hòa,1,,,,907.5 m2,,"P.ĐT xin báo cáo Sếp Admin 01 về khu đất phường Phú Thọ Hòa, Quận Tân Phú, TP HCM (Nguồn Sếp Tâm) như sau: 1. Pháp lý đất: Diện tích: 13,907.5 m2 Mục đích: Đất trồng cây lâu năm Thời hạn: 50 năm ( 07/2011 – 07/2061) Nguồn gốc"
sẽ mất 1 năm để xử lý các vấn đề liên quan khoản nợ đang trong datc,,sẽ mất 1 năm để xử lý các vấn đề liên quan khoản nợ đang trong DATC,1,,,,27.9 ha; 24ha; 3.9ha,66 tr/m2; 79 tr/m2; 56 tr/m2; 14.5tr/m2; 200 tỷ; 1.811 tỷ; 1.449 tỷ; 490.5 tỷ,"P.ĐT dự kiến dự án sẽ mất 1 năm để xử lý các vấn đề liên quan khoản nợ đang trong DATC, và sau đó mất khoảng 2 năm để triển khai pháp lý (kế thừa qh1.500 hiện có). Như vậy dự án sẽ bắt đầu triển khai xây dựng từ cuối 2028- đầu 2029 2.1 Giả định kinh doanh a) Nhóm sản phẩm bán: + Giá bán căn hộ: 56-66 tr/m2 (chưa VAT tim tường) + Giá bán căn shop: 69 – 79 tr/m2 (chưa VAT tim tường) + Giá bán căn hộ cho thuê (theo QH1/500 có loại hình này và P.ĐT định hướng thành sản phẩm bán 50 năm): 47-56 tr/m2 (chưa VAT tim tường) b) Nhóm sản phẩm khai thác cho thuê: + Giá cho thuê sàn thương mại siêu thị: 8$/m2/tháng + Giá cho thuê sàn thương mại văn phòng: 9.5$/m2/tháng + Giá cho thuê sàn nhà trẻ: 4$/m2/tháng b) Giả định xây dựng + Suất xây dựng all-in: 14.5tr/m2 (gồm VAT) + Chi phí pháp lý: ~ 200 tỷ (tính từ thời điểm đã xử lý xong dự án đưa ra khỏi DATC) 3. Hiệu quả kinh tế: LNTT: 1.811 tỷ LNST: 1.449 tỷ LNTT/TMĐT: 12.2% IRR: 6.71% NPV: - 490.5 tỷ Dự án không đảm bảo hiệu quả với giả định về quy h"
38ha,,~38ha,1,,,https://www.google.com/maps/d/edit?mid=1SAcLUqc-JTEBiY1uNXVoDUdI-a5wJd0&ll=10.002013642197713%2C105…,"35ha; 38,8ha; 38ha; 38,8 ha; 23,3 ha; 18,6 ha; 9,3 ha; 100 m2; 4,6 ha; 160 m2; 35,7 ha; 35 ha","4.460 tỷ; 3.955 tỷ; 357 tỷ; 1 tr/m2; 424 tỷ; 3.133 tỷ; 1,36 tr/m2; 5,7 tr/m2; 298 tỷ; 5.230 tỷ; 10,5 tr/m2; 11,5 tr/m2; 3 tỷ; 8,5 tr/m2; 768 tỷ; 1,9 tr/m2; 4,5 tr/m2","Hanh T - INVT 3/6 1:23 PM Edited Translate P. Đầu tư báo cáo Sếp Admin 01 về khu đất 35ha tại Kiên Giang (thuộc Châu Thành giáp ranh TP Rạch Giá), từ công ty CKG như sau: 1. Sơ bộ về khu đất: Vị trí và ranh đất: https://www.google.com/maps/d/edit?mid=1SAcLUqc-JTEBiY1uNXVoDUdI-a5wJd0&ll=10.002013642197713%2C105… Đường Lạc Hồng (xã Thạnh Lộc, H. Châu Thành, tỉnh Kiên Giang, nay là xã Thạnh Lộc. tỉnh An Giang). Pháp lý: Tổng diện tích đất khoảng 35ha/38,8ha lập dự án, chủ yếu là đất lúa. Hiện chưa lập dự án, định hướng xin Quyết định chủ trương đầu tư theo hướng tự thỏa thuận quyền sử dụng đất và vận dụng thí điểm diện tích mua gom >75% diện tích đất lập dự án ~38ha. Quy hoạch: Phòng Quy Hoạch tạm áp theo QH chung (do chưa có QH phân khu tại khu vực này sau khi sát nhập). Tổng diện tích dự án 38,8 ha,đất ở (bao gồm đất NOXH) là khoảng 60%, ~ 23,3 ha. Diện tích đất NOTM: 18,6 ha, gồm - Nhà ở liên kế 9,3 ha ~ 933 nền 100 m2 =>BÁN NỀN - Nhà ở liên kế shophouse 4,6 ha ~ 466 căn 1T1L +tum =>XÂ"
35ha 1,,35ha 1,1,,,,35ha,,Phòng xin gửi đính kèm hình hiện trạng khu đất. DAT RACH GIA.mp4 Vi tri va Ranh dat DA 35ha 1.pdf DAT RACH GIA 1.mp4 Add a vào group Hội AN Riverside cái by Admin 01
có một số hạn chế như,,có một số hạn chế như,1,,,,,75 tr/m2,"Phòng có chạy độ nhạy để đạt tỷ lệ LNTT/TMĐT mục tiêu 20% thì giá bán căn hộ bình quân tương ứng từ 75 tr/m2 chưa VAT. Mức giá này theo nhận định của phòng Đầu tư và R&D thì khó có thể đạt được trong điều kiện thị trường hiện tại do khu đất có một số hạn chế như: diện tích nhỏ, không có view biển, cách biển khoảng 350 m và bị che tầm nhìn bởi nhiều tòa nhà cao tầng phía biển đường Trần Phú. Giá bán căn hộ bình quân từ 75 triệu chưa VAT có thể đạt khi thị trường căn hộ ở Nha Trang trong thời gian tới có tỷ lệ tăng giá mạnh mẽ từ ít nhất từ >20% trở lên."
đạt hiệu quả lntt tmđt 20 ở khung từ giá bán bình quân chưa vat đạt từ 75 triệu m2 trở lên chi,,đạt hiệu quả LNTT/TMĐT ~ >=20% ở khung từ giá bán bình quân chưa VAT đạt từ 75 triệu/m2 trở lên chi ,1,,,,,"168 tr/m2; 75 triệu/m2; 12,7 tr/m2; 68,8 tr/m2; 75 tr/m2","Phòng có chạy thêm độ nhạy theo 2 giả định: Cố định tiền sử dụng đất được khấu trừ ~ đơn giá 168 tr/m2: thay đổi giá bán căn hộ và thay đổi suất vốn đầu tư all-in thì dự án đạt hiệu quả LNTT/TMĐT ~ >=20% ở khung từ giá bán bình quân chưa VAT đạt từ 75 triệu/m2 trở lên chi phí đầu tư xây dựng chưa VAT từ dưới 12,7 tr/m2 all in (Theo bảng độ nhạy, vùng tô vàng) 2. Cố định giá bán căn hộ ~ đơn giá 68,8 tr/m2: thay đổi đơn giá đất được khấu trừ và thay đổi suất vốn đầu tư all-in thì tại mức đơn giá được khấu trừ tối đa ~ 185 tr/,2 = đơn giá đất thặng dư là không đóng thêm tiền sử dụng đất bổ sung) thì tỷ lệ LNTT/TMĐT chỉ đạt 10,8%. (theo bảng độ nhạy) Theo kết quả tính FS và chạy độ nhạy như trên thì trong trường hợp dự án tiền đất khấu trừ tốt nhất (bằng với đơn giá đất tính thặng dư =>không đóng thêm tiền sử dụng đất, đây là giả định lạc quan, thực tế khó mà đạt được) thì dự án vẫn chưa đạt hiệu quả kỳ vọng (chỉ đạt 10,8%) tại mức giá bán căn hộ đề xuất ~ 68,8 tr (chưa VAT). Như vậy, để "
kđt trấn biên thuộc kcn biên hòa 1 đang tổ chức đấu giá tại đồng nai,,KĐT Trấn Biên (thuộc KCN Biên Hòa 1) đang tổ chức đấu giá tại Đồng Nai,1,,,https://maps.app.goo.gl/Mww4k2RWctPHssMQA,51.65 ha; 16.7ha; 4.8ha,9.363 tỷ; 2.110 tỷ; 1.873 tỷ; 90 tr/m2; 74tr/m2; 154 tr/m2; 225 tr/m2; 16.5tr/m2; 12.1 tr/m2; 7.35 tr/m2; 2tr/m2; 56.637 tỷ; 33.373 tỷ; 10.073 tỷ; 13.190 tỷ; 2.631 tỷ; 11.050 tỷ; 953 tỷ; 12.453 tỷ; 408 tỷ,"P.ĐT báo cáo sếp Mr Mike1 -CEO đánh giá sơ bộ hiệu quả dự án KĐT Trấn Biên (thuộc KCN Biên Hòa 1) đang tổ chức đấu giá tại Đồng Nai. 1.Vị trí dự án: https://maps.app.goo.gl/Mww4k2RWctPHssMQA 2. Thông số quy hoạch: - Diện tích: 51.65 ha (16.7ha đất ở, 4.8ha đất hạ tầng xã hội + TMDV) - Sản phẩm: Nhà phố, biệt thự, 3 khu chung cư cao từ 40-45 tầng, 1 Trung tâm thương mại, Trường học, y tế,…) - Dân số: ~ 19.774 dân 3. Pháp lý: Dự án đã có QH 1/500, đang thực hiện công tác giải phóng mặt bằng để tổ chức đấu giá theo kế hoạch. Theo thông báo đấu giá, thời gian nộp hồ sơ/tiền ứng trước từ 17/11/2025 đến 16/12/2025. Thời gian xét duyệt hồ sơ từ 04/12/2025-10/12/2025 Thời gian tổ chức đấu giá: 18/12/2025 Giá khởi điểm: 9.363 tỷ * Giá theo PA đấu giá do Trung tâm PT quỹ đất đề xuất là 2.110 tỷ. Tuy nhiên 10/11/2025, UBND Đồng Nai chính thức ra giá khởi điểm là 9.363 tỷ Tiền ứng trước: 1.873 tỷ 4. Hiệu quả dự án: a) Giá bán đề xuất từ RnD GIÁ CĂN HỘ - Giá căn hộ: 80-90 tr/m2 (gồm VAT, tim tường)"
728 cách mạng tháng 8 tổng mức đầu tư chưa vat,,728 Cách Mạng Tháng 8 Tổng mức đầu tư (Chưa VAT),1,,,,31 m2,407 tỷ; 297 tỷ; 204 tr/m2; 108 tỷ; 440 tỷ; 255 tỷ; 164 tr/m2; 150 tỷ; 509 tỷ; 254 tỷ; 273 tỷ; 229 tỷ; 200 tr/m2; 43 tỷ,"P.ĐT báo cáo Sếp Mr Mike1 -CEO về phương án khai thác kinh doanh 03 tài sản tại TPHCM gồm 391A Nam Kỳ Khởi Nghĩa, 728 Cách Mạng Tháng Tám, Đường 12 An Phú, Quận 2 như sau: A TỔNG QUAN 03 KHU ĐẤT: Vị trí và ranh: Bản đồ 3 tài sản tại TPHCM - Google My Maps Tổng quan về chỉ tiêu QH và phương án kinh doanh đề xuất: Giả định tính toán: + Nghĩa vụ tài chính về đất (như tiền thuê đất, tiền đất bổ sung) phòng tạm chưa đưa vào do thông tin về hồ sơ pháp lý về đất đang còn hạn chế (anh Thới chỉ cung cấp loại đất và giá vốn mua) . + Tỷ lệ lấp đầy: ổn định 80% từ năm khai thác thứ 3 trở đi ~ 2029 cho cả 3 dự án. B - HIỆU QUẢ ĐẦU TƯ: 1/Khu đất 728 Cách Mạng Tháng 8 Tổng mức đầu tư (Chưa VAT): 407 tỷ đồng (CP mua đất 297 tỷ đồng ~ 204 tr/m2, loại đất TMDV, CPXD 108 tỷ đồng, suất vốn All in ~ 10 triệu đồng/m2 chưa VAT). Kinh doanh: Giá cho thuê do R&D đề xuất là 15 USD/m2/tháng chưa VAT, chưa phí quản lý; Chỉ số tài chính: IRR~ 5,1% 2/Khu đất 391A Nam Kỳ Khởi Nghĩa - Phương án 1: Tổng mức đầu tư (Ch"
đang vận hành có hệ số nén 0,,đang vận hành có hệ số nén 0,1,,,,"25m2; 30m2; 628,3m2; 232,59m2; 20m2; 556,2m2; 2.277m2; 97 m2; 577,64 m2; 22m2; 200m2","91 tỷ; 12 triệu/m2; 80 triệu/m2; 72 tỷ; 11 tỷ; 47,5 triệu/m2; 45 triệu/m2; 50 Triệu/m2","Phòng trọ cao cấp - S: 20 - 25m2 căn có gác lửng 3,5 - 3,7 VNĐ/tháng. - S: 20 - 25m2 căn có gác lửng, ban công 4,0 - 4,2 - S: 30m2 căn có gác lửng, ban công, đề xuất làm căn góc tận dụng 2 mặt thoáng cửa sổ lấy sáng nhiều hơn 5 (giá cao hơn thì sẽ không cạnh tranh được với các tòa nhà trong khu vực Thạnh Mỹ Lợi) Bàn giao nội thất Bàn giao máy lạnh, kệ bếp, bàn , 2 ghế, tủ quần áo. (khách muốn có tủ lạnh thì thêm 200k/tháng) Chi phí vận hành: 25% Tổng doanh thu (bao gồm hoa hồng kinh doanh, chi phí bảo trì và quản lý vận hành). Công suất thuê phòng trong thời gian vận hành ổn định là 90% Giá trị bất động sản chuyển nhượng năm thứ 11, P.ĐT tạm ước tính đ/v giá trị quyền sử dụng đất bằng giá trị mua đất hiện tại nhân trượt giá mỗi năm 5%. Và giá trị công trình xây dựng chuyển nhượng bằng giá trị đầu tư hiện tại nhân 60%. 1/ Hẻm 86/1 Thạnh Mỹ Lợi, Cát Lái, Thủ Đức (Hẻm rộng khoảng 4m-5m) + Diện tích đất: 628,3m2 (kích thước: 27,75m x 24m) – Đất ở đô thị + MĐXD: 47,43% và Tổng sàn xây dựng "
kđt an phú pg nguồn từ ý pháp chế 1,,KĐT An Phú – PG (nguồn từ Ý-Pháp Chế) 1,1,,,,3ha,730 tỷ,"P.ĐT Báo cáo Mr Mike1 -CEO đánh giá sơ bộ dự án KĐT An Phú – PG (nguồn từ Ý-Pháp Chế) 1. Thông tin dự án: Diện tích: 3ha Vị trí: P.An Phú, Thuận An, Bình Dương (cách Phú Gia Khiêm 1km, cách Fenica 2.5 km) Quy mô: - 3 tháp cao tầng (30 tầng): 1874 căn hộ ở, 504 officetel, 17 shophouse - 55 căn nhà phố thấp tầng - Dân số 3.899. 2. Pháp lý: Đã có quyết định chủ trương đầu tư (phê duyệt tháng 06/2025), P.ĐT đang phối hợp để lấy thêm thông tin pháp lý khác. 3. Giá chào: 730 tỷ (cam kết pháp lý đến 1/500 và sẽ thiết kế 1/500 theo ý người mua) 4. Đánh giá thị trường:"
đấu thầu,,đấu thầu,1,,,,4.6ha,235 tỷ; 5tr/m2; 230 tỷ; 1.010 tỷ,"P.ĐT báo cáo CEO cập nhật FS Đông Trung. Dựa trên phương án đã tính và báo cáo hôm qua, ngày 07/08/2025, P.ĐT thực hiện điều chỉnh nâng nghĩa vụ tiền đất phải nộp bằng việc giảm tiền bồi thường được khấu trừ khi thực hiện dự án đấu thầu, cụ thể: - Tiền bồi thường được khấu trừ khi đấu thầu: ~ 235 tỷ (5tr/m2 tính trên phần diện tích 4.6ha), thấp hơn khoảng 230 tỷ so với phương án trước. - Tổng giá trị tiền sử dụng đất sau khi khấu trừ: ~ 1.010 tỷ, cao hơn khoảng 230 tỷ so với phương án trước. Bảng so sánh hiệu quả dự án sau khi nâng tiền sử dụng đất cho 2 TH 3.950 dân và 3.021 dân như sau: => Đối với Trường hợp 3.950 dân, tỷ suất sinh lợi giảm do tăng tiền sử dụng đất tuy nhiên PA này vẫn đảm bảo tính hiệu quả kinh tế. Trong khi PA 3.021 không có hiệu quả. Như vậy một lần nữa, vấn đề dân số là yếu tố quan trọng đảm bảo sinh lời của dự án Đông Trung. P.Đầu tư báo cáo Sếp Mr Mike1 -CEO về... by Hanh T - INVT"
ở khu vực gần đó đã được duyệt giá đất như emerald 2,,ở khu vực gần đó đã được duyệt giá đất (như Emerald 2,1,,,,67 m2; 128.324 m2; 212.400 m2,6.424 tỷ; 1.000 tỷ; 630 tỷ; 1.050 tỷ; 3.294 tỷ; 457 tỷ; 1.044 tỷ; 6.199 tỷ; 227 tỷ; 412  tỷ; 1000 tỷ,"P.ĐT giả định giá chào bán bao gồm chỉ tiêu dân số 3.952 dân với các chỉ tiêu tính toán từ phòng QH như sau: Dân ~ 3.952 dân, tầng cao 31 tầng (có 2 tầng nổi để xe), 1 tầng hầm; Hệ số sử dụng đất 7,5 lần. Quy mô xây dựng và sản phẩm: + Xây dựng: 1 tầng hầm, (để xe trên 2 tầng nổi và không bố trí diện tích TMDV), 31 tầng nổi, 1.921 căn hộ (diện tích bình quân 67 m2/căn) mà không bố trí Shop tầng trệt. + Kinh doanh: 1.921 căn hộ ở ~ diện tích sàn tim tường 128.324 m2 (đói tác không đề xuất Shop TM). Hiệu quả dự án: - Tổng chi phí chưa VAT: 6.424 tỷ, trong đó gồm: + CP mua đất : 1.000 tỷ đồng + CP tiền sử dụng đất: 630 tỷ đồng (giả định được khấu trừ tiền đất theo Sổ ~40%, chỉ đóng 60% tiền sử dụng đất tính theo PP thặng dư 1.050 tỷ đồng) + CP đầu tư xây dựng: 3.294 tỷ đồng (~ đơn giá xây dựng full 15.5 triệu đồng/m2 cho 212.400 m2 sàn xây dựng 31 tầng nổi, 1 hầm) + CP lãi vay: 457 tỷ đồng (lãi suất 10%/năm, vay CP đầu tư xây dựng) + CP bán hàng: 1.044 tỷ đồng (~17% doanh thu) - Tổng doan"
đạt hiệu quả,,đạt hiệu quả,1,,,,,520 tỷ,"Phòng ĐT có tính độ nhạy về thay đổi tăng giá bán căn hộ, theo đó khi giá bán căn hộ tăng lên từ 50 triệu đồng/m2 (chưa VAT) thì dự án đạt hiệu quả với giá mua dự án ở khoảng 17 triệu đồng/m2 ~ ngưỡng giá mua dự án 520 tỷ đồng, tương đương một nửa giá chào bán. Tuy nhiên, về khả năng bán giá 50 triệu đồng (chưa VAT) tính ở thời điểm hiện tại thì khó khả thi do nguồn cung của khu vực Bình Dương đang rất lớn và DA số lượng căn hộ cũng lớn lên đến ~1.900 căn nên giá 50 triệu đồng khó cạnh tranh."
định giá link vị trí,,định giá Link vị trí,1,,,https://www.google.com/maps/d/edit?mid=1Yy94Bk_zJc1qdBIr51K9nl1FJ6GMm1g&usp=sharing,,,Phòng xin gửi đính kèm vị trí 6 khu đất định giá Link vị trí:https://www.google.com/maps/d/edit?mid=1Yy94Bk_zJc1qdBIr51K9nl1FJ6GMm1g&usp=sharing Các khu đất định giá 2025.07.15_BAO CAO DINH GIA TAI SAN fn.pdf 2025.07.15_BAO CAO DINH GIA TAI SAN fn 1.pdf Các khu đất định giá www.google.com
đấu thầu 386ha nhơn trạch,,đấu thầu 386ha - Nhơn Trạch,1,,,,386ha,,Phòng xin gửi đính kèm vị trí vào số liệu chi tiết tổng mức đầu tư của từng phân khu. Trân trọng. Bản đồ không có tiêu đề - Google My Maps (IN) 2025.07.15 Cụm DA đấu thầu 386ha - Nhơn Trạch.pdf Bản đồ không có tiêu đề www.google.com
đối diện hiện tại là giá chào của khách lẻ,,đối diện hiện tại là giá chào của khách lẻ,1,,,,"2.000 m2; 3,5 ha",,"Dạ giá bán DA đối diện hiện tại là giá chào của khách lẻ, thứ cấp từ 76 đến 93 tr. DA đã bàn giao T6/2025 (Sun mở bán từ 2023) - DA đang tính (DA Trần Hưng Đạo) có diện tích nhỏ 2.000 m2, giá sẽ không cạnh tranh với DA đối diện lớn ~3,5 ha (650 căn hộ, 101 nhà phố, 45 villa). - Với Sun thương hiệu mạnh và làm nhiều DA ở Đà Nẵng, có sẵn tệp khách hàng. => P.Đt đang tính 75 tr là giá thận trọng và an toàn."
trần hưng đạo,,Trần Hưng Đạo,1,,,https://maps.app.goo.gl/acrdQ54V3NVNNkKh9,2.117 m2; 17.600 m2; 877 m2; 2.000 m2,518 tỷ; 1.418 tỷ; 1.497 tỷ; 70 tỷ; 79 tỷ; 245 tr/m2,"P.ĐT báo cáo Sếp Mr Mike1 -CEO về dự án Trần Hưng Đạo, cầu Trần Thị Lý, TP Đà Nẵng (Lô Anh Sơn Trợ lý gửi) như sau: A. TỔNG QUAN VỀ DỰ ÁN: Dự án đường Trần Hưng Đạo chào về với giá 518 tỷ đồng cho diện tích 2.117 m2 (đã có sổ đất ở xây dựng chung cư, thời hạn sử dụng cho Chủ đầu tư đến 2062 ~ còn 37 năm ~ đơn giá 245 tr.đồng/m2, cao 2,4 lần so với đơn giá đất Nhà nước (101 tr.đồng/m2). Vị trí maps: https://maps.app.goo.gl/acrdQ54V3NVNNkKh9 Dự án cơ bản đã hoàn tất các thủ tục pháp lý đầu tư như: Đã được chấp thuận chủ trương đầu tư (Tháng 7/2024); Đã được phê duyệt 1/500 (tháng 4/2025), chỉ tiêu quy hoạch phù hợp với đồ án 1/2000 hiện hữu; Riêng Sổ đất đã được cấp năm 2017 với mục đích sử dụng là đất ở xây dựng chung cư, nhưng chưa rõ là xây dựng chung cư với chỉ tiêu quy hoạch tương ứng như thế nào, do đó trong bài toán FS, để thận trọng, P.ĐT tạm tính DA sẽ đóng tiền đất bổ sung với giá trị tính theo PP Thặng dư. 1. Thông số quy hoạch (theo QĐ 1/500 tháng 4/2025) Dân số: 550 dân Tầng"
đạt tỷ lệ lntt tmđt 15 290 tỷ đồng đơn giá 137,,đạt tỷ lệ LNTT/TMĐT 15% ~ 290 tỷ đồng ~ đơn giá 137,1,,,,,291 tỷ; 290 tỷ,"P.ĐT có chạy bài toán ngược với tỷ lệ LLTT/TMĐT đạt 15 % và các điều kiện khác không đổi (giá bán căn hộ, giá xây dựng) thì giá mua tối đa để DA đạt hiệu quả là 291 tỷ đồng ~ đơn giá 137.8 triệu đồng/m2. 2 Đề xuất: Có thể xem xét cân nhắc tìm hiểu DA nếu Giá chào giảm xuống đến mức mà dự án đạt tỷ lệ LNTT/TMĐT 15% ~ 290 tỷ đồng ~ đơn giá 137.8 triệu đồng/m2. Trân trọng, Find local businesses, view maps and get driving directions in Google Maps. maps.app.goo.gl image by Hanh T - INVT"
căn hộ cao cấp tại vị trí nghiên cứu là khả thi,,căn hộ cao cấp tại vị trí nghiên cứu là khả thi,1,,,,7.633 m2; 10.327 m2,"167tr/m2; 22.3tr/m2; 150tr/m2; 290 tr/m2; 2.213 tỷ; 167,4tr/m2; 341tr/m2; 2.603 tỷ; 307tr/m2; 2.343 tỷ; 372tr/m2; 2.836 tỷ; 281 tr/m2; 2.906 tỷ; 337 tr/m2; 3.487 tỷ; 300 tr/m2; 3.100 tỷ; 358 tr/m2; 3.698 tỷ; 160tr/m2","Phòng Đầu tư báo cáo CEO Mr Mike1 -CEO 2 khu đất thuộc trung tâm tài chính quốc tế Đà Nẵng đang kêu gọi nhà đầu tư như sau: 1. Vị trí: Theo đề án trung tâm tài chính quốc tế Đà Nẵng và báo cáo SXD Đà Nẵng, lô A12 và A14 được quy hoạch chức năng căn hộ cao cấp. Do đó, P.ĐT đề xuất nghiên cứu 2 lô đất này vì có tiềm năng mang lại lợi nhuận và dòng thu sớm nhất. 2. Thông tin 2 lô đất: - Lô A12: 7.633 m2, MĐXD 40-90%, 38 tầng - Lô A14: 10.327 m2, MĐXD 40 – 90%, 38 tầng. Dựa vào thông tin nghiên cứu, thông số quy hoạch (p.QLTK), giá bán (RnD) đề xuất 167tr/m2 gồm VAT thông thủy, Chi phí đầu tư xd all-in gồm VAT: 22.3tr/m2, Cp bán hàng 25%/doanh thu, P.ĐT tóm tắt hiệu quả tương ứng với các kịch bản đấu giá như sau: 3. Hiệu quả a) Lô A12: Trường hợp không vay tiền đất (100% vốn CSH đấu giá đất) - Giả định giá bán căn hộ: 150tr/m2: Để đảm bảo IRR 15% => Giá đấu giá max: 290 tr/m2 (tổng giá trị đất: 2.213 tỷ), LNTT/TMĐT: 35.8% - Giả định giá bán căn hộ: 167,4tr/m2 (phương án đề xuất của RnD) Để"
noxh khu vực nhơn trạch,,NOXH khu vực Nhơn Trạch,1,,,https://maps.app.goo.gl/Fsyo4xmwK3kmzbC9A; https://maps.app.goo.gl/hMM3KEF5KhFhsZJi7,"2,1 ha; 3,7 ha; 2,1ha; 3,7ha","20,8tr/m2; 9,93 tr/m2; 1.377 tỷ; 1.180 tỷ; 197,5 tỷ; 127,4 tỷ; 21,1tr/m2; 9,92 tr/m2; 1.768 tỷ; 1.508 tỷ; 259,7 tỷ; 169 tỷ","Phòng Đầu tư Báo cáo sếp Mr Mike1 -CEO 2 dự án NOXH khu vực Nhơn Trạch, Qua tìm hiểu về hồ sơ mời quan tâm công khai 2 khu đất xã Phước An Nhơn Trạch quy mô lần lượt 2,1 ha và 3,7 ha, P.ĐT tóm tắt hiệu quả tính nhanh 2 khu đất như sau: 1. Khu đất 2,1ha: https://maps.app.goo.gl/Fsyo4xmwK3kmzbC9A + Thông tin đầu vào: - Giá bán (chưa VAT): 20,8tr/m2 - Suất XD(chưa VAT): 9,93 tr/m2 - Quy mô xây dựng 12 tầng + Hiệu quả: - Tổng Doanh thu: 1.377 tỷ - Tổng chi phí: 1.180 tỷ - LNTT: 197,5 tỷ - NPV: 127,4 tỷ - LNTT/TMĐT: 17,34% 2. Khu đất 3,7ha: https://maps.app.goo.gl/hMM3KEF5KhFhsZJi7 + Thông tin đầu vào: - Giá bán (chưa VAT): 21,1tr/m2 - Suất XD(chưa VAT): 9,92 tr/m2 - Quy mô xây dựng: 3 khu chung cư (tầng cao từ 5-10 tầng) + Hiệu quả - Tổng Doanh thu: 1.768 tỷ - Tổng chi phí: 1.508 tỷ - LNTT: 259,7 tỷ - NPV: 169 tỷ - LNTT/TMĐT: 17,84% * Các giả định: - Trong hồ sơ mời quan tâm, cả 2 dự án đều nêu rõ là dành 100% diện tích sàn nhà ở để làm NOXH. - Trong hồ sơ mời quan tâm, chỉ có một số thông"
53ha đà nẵng,,53ha Đà Nẵng),1,,,,53ha; 50 ha; 1ha; 50ha,15.000 tỷ; 300 tỷ; 1.000 tỷ; 12.500 tỷ; 1.500 tỷ; 2200 tỷ; 3.000 tỷ; 10.500 tỷ; 4.500 tỷ,"P.ĐT báo cáo Sếp Mr Mike1 -CEO về việc tìm hiểu, nghiên cứu NĂNG LỰC nhà đầu tư tham gia đấu thầu (lấy ví dụ dự án 53ha Đà Nẵng) như sau: NGHIÊN CỨU SƠ BỘ NĂNG LỰC NHÀ ĐẦU TƯ KHI THAM GIA ĐẤU THẦU DỰ ÁN : Dựa trên các văn bản quy phạm pháp luật về Đất Đai, về Đấu Thầu, cụ thể là NĐ 115/2024/NĐ-CP hướng dẫn Luật Đấu thầu về lựa chọn nhà đầu tư, P.ĐT tìm hiểu và tóm tắt lại sơ bộ yêu cầu năng lực nhà đầu tư cho dự án 50 ha như sau: Sơ bộ tổng mức đầu tư dự án khoảng: 15.000 tỷ đồng (~300 tỷ đồng/1ha), trong đó: CP bồi thường, GPMT 1.000 tỷ đồng /DA 50ha (khoảng 2 triệu đồng/m2 tính bình quân không phân biệt loại đất) CP đầu tư xây dựng 12.500 tỷ đồng/ DA 50ha (theo Suất vốn BXD) Chi phí dự phòng 1.500 tỷ đồng/ DA 50ha (khoảng 10% CP bồi thường + CP đầu tư xây dựng). Theo đó, sơ bộ năng lực nhà đầu tư cơ bản gồm năng lực tài chính và năng lực kinh nghiệm thực hiện dự án, cơ bản như sau: * Năng lực tài chính: có vốn chủ sở hữu tối thiểu ~ 2200 tỷ đồng (15%/DA 50ha), được thành lập Liên dan"
53ha đấu thầu tại đường thăng long,,53ha đấu thầu tại đường Thăng Long,1,,,,53ha; 10ha; 53 ha,,"P.ĐT báo cáo Sếp Mr Mike1 -CEO về dự án 53ha đấu thầu tại đường Thăng Long, Sông Cẩm Lệ, TP Đà Nẵng như sau: 1/CƠ CẤU ĐẤT HIỆN TRẠNG: Tổng diện tích khu đất 53ha, trong đó: => Đất nhà nước quản lý (không phải bồi thường) chiếm tỷ trọng lớn 64%, đất lúa 29% thuận lợi trong công tác đền bù giải phóng mặt bằng và chi phí Bồi thường thấp. 2/CƠ CẤU ĐẤT THEO QUY HOẠCH 1/2000: Theo QH Phân khu hiện hữu thì DA có tỷ lệ đất ở rất thấp chỉ ~ 30%, sau khi dành ra đất NOXH thì đất NOTM chỉ còn 24%, đất thương phẩm chỉ còn 19%, khoảng 10ha /53ha. Trong khi đó, đất CXCC chiếm tới 40% tổng diện tích, còn lại là đất trường học, đất dịch vụ cao tầng. 3/HIỆU QUẢ SƠ BỘ: Với giá bán thị trường theo khảo sát của R&D tại khu vực dự án khoảng 35 triệu đồng/m2, TUY NHIÊN do tỷ lệ đất thương phẩm thấp (19% 10ha/53 ha) dẫn tới suất vốn đất + XD hạ tầng tính trên diện tích thương phẩm CAO tới 41 triệu đồng/m2 (chưa kể các chi phí khác như lãi vay, quản lý, bán hàng,...) gồm: Giá vốn tiền đất 32 triệu đồng/m2; Gi"
noxh của công ty ba huân,,NOXH của Công ty Ba Huân,1,,,https://www.google.com/maps/d/edit?mid=1p-2wMqsZAnTQXubtXx7Lse6Sq-8rC64&usp=sharing,,,"P.ĐT báo cáo Sếp Mr Mike1 -CEO về 2 dự án NOXH của Công ty Ba Huân như sau: Đối với dự án NOXH xã Tân Nhựt, Bình Chánh Vị trí: Đường Thế Lữ, xã Tân Nhựt, Bình Chánh, HCM Map: https://www.google.com/maps/d/edit?mid=1p-2wMqsZAnTQXubtXx7Lse6Sq-8rC64&usp=sharing"
tọa lạc,,tọa lạc,1,,,https://www.google.com/maps/d/edit?mid=1MawyjqMPRL80P8Y7qm_ZhtUgghnbpFc&usp=sharing,"364,7m2; 18,07ha; 176.070m2; 978,1m2; 21.390m2",,"P.ĐT sau khi nghiên cứu hồ sơ pháp lý, vị trí dự án tọa lạc. Có một số đánh giá như sau: Vị trí xa trung tâm: đất cách trung tâm TPHCM khoảng 20 km nhưng thuộc về phía Tây, là khu vực mà tốc độ tăng trưởng kinh tế khá khiêm tốn trong lịch sử và tiềm năng phát triển trong tương lai cũng không lớn mạnh bằng các khu vực khác ở phía Đông cùng khoảng cách (như khu Đông phía Bình Dương, Đồng Nai). Hiện trạng khu đất còn thưa thớt: dân cư, xung quanh bán kính trong vòng 05km chưa có nhiều tiện ích như trung tâm thương mại, bệnh viện, trường học quốc tế vẫn đang trong quá trình triển khai, chưa đáp ứng đầy đủ như cầu tiện ích của cư dân. Hiện trạng kết nối giao thông tại đường Thế Lữ dưới 13m (đường hiện hữu khoảng 6m-8m), chưa có đường Quy hoạch nào trọng điểm trong khu vực nên không có ưu thế về mặt giao thông. Dự án có diện tích nhỏ (6.364,7m2) nên khó có thể bố trí 20% quỹ đất OTM thấp tầng. Trường hợp triển khai NOXH, dự án có vị trí khá xa so với khu vực trung tâm. Giao thông kết nối di "
noxh đang đánh giá khoảng 15km trên dưới 20 triệu m2 giá đất ubnd mt đường dt742 5 triệu m2,,NOXH đang đánh giá khoảng 15Km Trên dưới 20 Triệu/m2 Giá đất UBND MT đường DT742 5 Triệu/m2,1,,,,,10 Triệu/m2; 15 Triệu/m2; 15 Tr/m2; 20 Triệu/m2; 5 Triệu/m2; 23 Triệu/m2,"P.ĐT khảo sát giá thị trường các sản phẩm xung quanh có thông tin như sau: Hạng Mục Đơn giá Giá đất ở ngoài KCN Vsip II 10 Triệu/m2 - 15 Triệu/m2 Giá đất KDC trong KCN Vsip II Trên dưới 15 Tr/m2 Giá căn hộ Tecco Felice (NOTM) Gần trung tâm Tp Tân Uyên, cách dự án NOXH đang đánh giá khoảng 15Km Trên dưới 20 Triệu/m2 Giá đất UBND MT đường DT742 5 Triệu/m2 Theo Tổng mức đầu tư ước tính từ suất vốn đầu tư của Bộ xây dựng để tính toán giá bán căn hộ nhà xã hội hiện nay, P.ĐT đánh giá: Giá căn hộ NOXH ước tính khoảng 23 Triệu/m2 - 25 Triệu/ m2 cao hơn 50%-60% giá đất ở KDC xung quanh dự án. Giá bán căn hộ NOXH gần tương đương với mức giá căn hộ Tecco Felice (NOTM) tại Tp.Tân Uyên. => Do đó, sản phẩm NOXH cho dự án đang đánh giá thực hiện là KHÔNG khả thi. KẾT LUẬN: Với các nội dung đánh giá và phân tích, P.ĐT đề xuất KHÔNG tiếp tục nghiên cứu 2 dự án trên. NOXH TÂN NHỰT, BÌNH CHÁNH - Google マイマップ NOXH TÂN NHỰT, BÌNH CHÁNH www.google.com Giá khu 2 này tính ra nhiu 1m by Unknown User"
khá cao cấp,,khá cao cấp),1,,,,32 m2; 3.660 m2; 32m2; 16.736 m2; 25m2; 13.075 m2; 67 m2; 150 m2,"5,86 tỷ; 31,5 tỷ; 13 tỷ; 1.927 tỷ; 186 tỷ; 1.765 tỷ; 168 tỷ; 251 tỷ","Phòng QH đã tính toán chỉ tiêu trên cơ sở tối ưu hệ số và diện tích thương phẩm căn hộ ở theo chỉ tiêu 32 m2/dân, tăng 3.660 m2 + Tính theo chỉ tiêu 32m2/dân: 16.736 m2 = 523 dân * 32m2/dân; + Tính theo chỉ tiêu 25m2/dân: 13.075 m2 = 523 dân * 25m2/dân; Và phương án chỉ tiêu cơ bản như sau: Tầng cao: 03 tầng hầm, 32 tầng nổi, hệ số sử dụng đất: 12,8 lần Sản phẩm: Tổng 270 căn gồm 8 căn Shop TM 2 tầng và 262 căn hộ ở (Dân số 507, dư 17 dân vì ưu tiên bố trí hệ số cho Shop TM bán giá tốt hơn giá căn hộ). 2. HIỆU QUẢ TÀI CHÍNH 2.1 Doanh thu: (i) Giá bán theo P.R&D đề xuất như sau: + Giá bán căn hộ ở thời điểm cuối năm 2026 (diện tích tim tường, chưa VAT): 87 tr.đ/m2 ~ 5,86 tỷ đồng/căn 67 m2. + Giá bán Shop TM tầng 1-2 mặt tiền Võ Văn Kiệt (5 căn) thời điểm cuối năm 2027 (chưa VAT): 210 tr.đồng/m2~ 31,5 tỷ đồng/căn diện tích 150 m2. + Giá bán Shop TM tầng 1-2 không có mặt tiền Võ Văn Kiệt (3 căn) thời điểm cuối năm 2028 (chưa VAT): 87 tr.đồng/m2 ~ 13 tỷ đồng/căn 150 m2. => P.ĐT đề xuất sẽ "
đấu thầu 386ha n,,đấu thầu 386ha - N,1,,,,386ha,,Phòng xin gửi đính kèm vị trí vào số liệu chi tiết tổng mức đầu tư của từng phân khu. Trân trọng. Bản đồ không có tiêu đề - Google My Maps (IN) 2025.07.15 Cụm DA đấu thầu 386ha - N
khác đang triển khai như stown,,khác đang triển khai như Stown,1,,,,,50tr/m2; 1.592 tỷ; 6.540 tỷ; 63tr/m2; 10.000 tỷ,"P.ĐT lựa chọn giá đầu vào 50tr/m2 sau khi cân nhắc các dự án khác đang triển khai như Stown, Splus, Marina. Với giá trị khấu trừ tiền đất đợt 1 ước tính 1.592 tỷ, LUR phải đóng sẽ rơi vào khoảng 6.540 tỷ cho dự án này. Nếu áp giá bán hiện tại của Emerald 68 là ~ 63tr/m2 vào bài tính thặng dư thì LUR sẽ tiệm cận 10.000 tỷ. V LUR là 6.540 tỷ, nếu xét trên diện tích đất thương phẩm thì đơn giá tiền sử dụng đất ~ 65,5 tr./m2. Hiện tại đơn giá đất đường Vĩnh Phú 41 (đường lớn thuộc khu dân cư Vĩnh Phú cạnh dự án) là 6,62 tr./m2 Mặc dù vậy giá trị tiền sử dụng đất của dự án lớn như Phú Quang là một số liệu ước tính phức tạp và P.ĐT cho rằng con số này có tính tùy biến cao theo bối cảnh thị trường và cũng phụ thuộc việc triển khai của dự án được chia làm nhiều phân kỳ; Một vấn đề cần lưu ý nữa đó là giá trị tiền sử dụng đất mà đối tác sẽ đóng cho đợt giao đất lần đầu. Lưu ý thêm, là khoản tiền sử dụng đất mà đối tác cam kết sẽ chịu trong đợt giao đất lần 1 SẼ ĐƯỢC KHẤU TRỪ cho công ty khi côn"
khu đô thị văn giang red river villa tại hưng yên,,Khu Đô Thị Văn Giang (Red River Villa) tại Hưng Yên,1,,,,"446,9 ha",86.369 tỷ,"P.ĐT gửi CEO Mr Mike1 -CEO tóm tắt Báo cáo pháp lý 26/05/2025 của Phòng Pháp lý đánh giá dự án Khu Đô Thị Văn Giang (Red River Villa) tại Hưng Yên, do liên danh Công ty CP VERACITY và Công ty TNHH HSE Việt Nam đề xuất: Thông tin dự án: Khu đô thị 446,9 ha tại Văn Giang, Hưng Yên Hinh thức: Đấu thầu dự án có sử dụng đất Tình trạng: Đang ở giai đoạn đề xuất từ 16/05/2022, chưa có tiến triển pháp lý rõ ràng. Mục tiêu là khu nhà ở, thương mại, du lịch sinh thái và nông nghiệp sạch. Đầu tư: Tổng vốn 86.369 tỷ đồng (20,84% vốn góp NĐT), thời hạn 50 năm, thực hiện trong 72 tháng. Hiện trạng đất: Chủ yếu là đất nông nghiệp, chưa có hạ tầng, không dân cư. Vấn đề quy hoạch: Khu vực dự án thuộc ""Đất đô thị hóa đến năm 2050"" theo Quy hoạch chung đô thị Văn Giang (QĐ 86/QĐ-TTG)1. Chưa có Quy hoạch phân khu (QHPK) 1/2.000 được phê duyệt. Bản vẽ 1/2.000 do nhà đầu tư đề xuất chưa khớp với Quy hoạch chung và thiếu chi tiết. Cơ sở pháp lý cho sự phù hợp quy hoạch tại thời điểm đề xuất là chưa đủ. Đề xu"
có tiềm năng để phát triển dự án khu đô thị,,có tiềm năng để phát triển Dự án Khu đô thị,1,,,,400 ha,80.000 tỷ,"P.ĐT tổng hợp báo cáo các nội dung như sau để triển khai đánh giá tiếp theo về Dự án: 1. Về Vị trí: Khu vực dự án có tiềm năng để phát triển Dự án Khu đô thị. 2. Về Pháp lý: Cần bổ sung thêm các thông tin sau: + Pháp lý đất: Bổ sung cơ cấu đất, hiện trạng sử dụng đất… để ước tính phương án bồi thường + Pháp lý quy hoạch: Lên phương án Quy hoạch Phân khu 1/2000 của Dự án Để ước tính Tổng mức Đầu tư xây dựng Phương án kinh doanh Ước tính tiền sử dụng đất Các nội dung này cần các phòng ban chuyên môn (Pháp lý, Quy hoạch..) làm việc với cơ quan nhà nước/Đối tác để lấy các thông tin và lên phương án đề xuất 3. Về doanh nghiệp: Cần có doanh nghiệp hoặc liên doanh có năng lực để tham gia đấu thầu dự án có quy mô hơn 400 ha, TMĐT hơn 80.000 tỷ 4. Về Đấu thầu: Phòng Pháp lý nghiên cứu quy trình đấu thầu dự án có sử dụng đất theo Luật Đấu thầu 2023, Luật Đất Đai 2024. NĐ 115/2024… các quy định pháp luật hiện hành."
nhà ở lực lượng vũ trang nhân dân quận 12,,nhà ở lực lượng vũ trang nhân dân Quận 12,1,,,https://maps.app.goo.gl/xg6rRMGswq5scyCbA; https://maps.app.goo.gl/whvDoK2djK9ZczAK8,"1,18 ha; 5,5 ha; 5,8 ha","904,9 tỷ; 11,2 tr/m2; 081,2 tỷ; 24,1 tr/m2; 105,38 tỷ; 93,1 tỷ; 16,8 tỷ; 222,8 tỷ; 134,7 tỷ; 24,7 tr/m2; 610,6 tỷ; 566,4 tỷ; 99 tỷ","P.ĐT báo cáo anh Mr Mike1 -CEO về hiệu quả sơ bộ cho dự án nhà ở lực lượng vũ trang nhân dân Quận 12. 1. Dự án Nhà ở lực lượng vũ trang nhân dân khu tái định cư Tân Thới Nhất (Depot Tham Lương), Quận 12 - Vị trí: https://maps.app.goo.gl/xg6rRMGswq5scyCbA - Tổng diện tích: 1,18 ha - Quy mô công trình: 2 block (1 NOTM, 1 NOXH) cao 12 tầng, 1 hầm - Tổng sản phẩm: NOTM: 129 căn NOXH: 539 căn - Tổng mức đầu tư: 904,9 tỷ (suất đầu tư xây dựng công trình : 11,2 tr/m2) - Tổng doanh thu: 1.081,2 tỷ (giá bán NOTM: 57tr./m2, giá bán NOXH: 24,1 tr/m2) Hiệu quả đầu tư: - LNTT: 105,38 tỷ - LNST: 93,1 tỷ - NPV: 16,8 tỷ - IRR: 16,0% - LNTT/TMĐT: 11,65% - LNTT/Vốn CSH: 50,5% 2. Dự án Nhà ở lực lượng vũ trang nhân dân khu Hiệp Thành 5,5 ha, Quận 12 - Vị trí: https://maps.app.goo.gl/whvDoK2djK9ZczAK8 - Tổng diện tích: 5,8 ha - Quy mô công trình: 4 block (1 NOTM, 3 NOXH) cao 14 tầng, 1 hầm - Tổng sản phẩm: NOTM: 659 căn NOXH: 3.012 căn - Tổng mức đầu tư: 4.222,8 tỷ (suất đầu tư xây dựng công trình : 11,2 "
đã và đang thực hiện trên bctc,,đã và đang thực hiện trên BCTC,1,,,,,6.700 tỷ,"Báo cáo anh Mr Mike1 -CEO, P.ĐT báo cáo tóm tắt định giá lại Công ty DXG: Áp dụng phương pháp định giá tài sản ròng bằng việc xác định lại giá trị của các dự án/quỹ đất của DXG được ghi nhận trên BCTC. P.ĐT thông tin thêm, việc trình bày thông tin các dự án đã và đang thực hiện trên BCTC, báo cáo thường niên, báo cáo bạch… DXG có phần hạn chế hơn so với DIG, HDC nên trong quá trình thực hiện định giá, P.ĐT luôn thận trọng khi định giá lại các dự án để làm cơ sở ước tính giá trị cổ phiếu DXG hợp lý nhất. A. Thông tin Công ty Tên công ty: Công ty Cổ phần Tập đoàn Đất Xanh Vị trí trụ sở: 2W Ung Văn Khiêm, P.25, Bình Thạnh, HCM Thị giá cổ phiếu ngày 12/05/2025: 16.300 đồng/cổ phiếu Số lượng cổ phiếu đang lưu hành: 870.849.983 cổ phiếu B. Các giả định trong bài tính Trong giá trị hàng tồn kho bao gồm bất động sản dở dang, bất động sản thành phẩm và hàng hóa. P.Đầu tư ưu tiên định giá lại BĐS dở dang và giá trị BĐS thành phẩm, BDS hàng hóa tạm ghi nhận theo giá trị sổ sách. Dự án Gem Sky Wor"
thuận nghiệp ở dĩ an,,Thuận Nghiệp ở Dĩ An,1,,,https://maps.app.goo.gl/9D1AGeGBDHSvttic8,"2,2ha; 3,3ha; 170m²",,"P.ĐT xin ý kiến chỉ đạo từ anh Mr Mike1 -CEO về dự án Thuận Nghiệp ở Dĩ An, Bình Dương, nguồn Sếp Tâm như sau: 1/ Vị trí dự án: 2/ So sánh dự án Thuận Nghiệp và Phú Gia Khiêm Thuận Nghiệp Phú Gia Khiêm Diện tích 2,2ha 3,3ha Loại đất SKC SKC Thời hạn Thuê đất trả tiền hằng năm, đến 10/09/2031 Đơn giá 7tr/m² 21,2tr/m² Ghi chú: Dự án 100% đất SKC, vì thế CĐT có mua thêm 1 căn nhà dân (170m² đất ở) với mục đích gộp thửa vào 2,2ha để làm dự án => Tuy nhiên sẽ không triển khai được theo quy định pháp luật 3/ Nhận định: Dự án nằm ở vị trí tốt hơn dự án Phú Gia Khiêm, tiếp giáp mặt tiền đường DT 743C rộng khoảng 16m, đường trải nhựa Giá bán bằng 1/3 so với giá Phú Gia Khiêm (cùng loại đất SKC) Tuy nhiên, vì dự án 100% đất SKC và chưa chấp thuận chủ trương đầu tư, dẫn đến không đủ điều kiện làm dự án Nhà ở và cũng không đủ điều kiện để xin thí điểm làm nhà ở thương mại (Như Phú Gia Khiêm) Vị trí dự án: https://maps.app.goo.gl/9D1AGeGBDHSvttic8 Google マップで地図を検索。乗換案内、路線図、ドライブルート、ストリートビューも。見やすい地図で"
noxh sẽ giúp tạo thương hiệu tích cực cho công ty trên thị trường,,NOXH sẽ giúp tạo thương hiệu tích cực cho công ty trên thị trường,1,,,,"405,5 m2; 1,1ha",649 tỷ; 723 tỷ,"Phòng Đầu tư đánh giá 6 khu đất đầu thấu trên dựa trên các tiêu chí như sau: Quy mô, đặc điểm của từng khu đất: Các khu đất phải đảm bảo phù hợp cho việc triển khai nhà ở, vị trí và hạ tầng giao thông kết nối phải thuận lợi cho cư dân khi tiếp cận các tiện ích cơ bản cũng như di chuyển sang khu vực lân cận. Thị trường: Bên cạnh đó, Thị trường khu vực cũng là yếu tố quan trọng cần cân nhắc. Vì NOXH có sự giới hạn đối tượng khách hàng mua. Ngoài ra, giá bán NOXH cũng được phê duyệt từ Nhà Nước và phải được cố định mà không được tùy ý thay đổi. Do đó thị trường xung quanh phải đảm bảo cho việc triển khai bán hàng nhanh chóng, giúp công ty sớm thu hồi vốn giảm thiểu rủi ro và chi phí khi triển khai kéo dài. Sự phù hợp với công ty: Việc bắt tay triển khai dự án NOXH sẽ giúp tạo thương hiệu tích cực cho công ty trên thị trường. Tuy nhiên vì đây là những dự án đầu tay với mục tiêu lớn là tích lũy năng lực triển khai, do đó công ty cũng phải cân nhắc ưu tiên chọn những dự án có quy mô vừa phải"
là 300 tỷ giải thích hệ số sử dụng đất càng cao từ 3,,là 300 tỷ * Giải thích hệ số sử dụng đất càng cao (từ 3,1,,,,"1,6ha",300 tỷ,"Phòng ĐT báo cáo anh Mr Mike1 -CEO về độ nhạy lợi nhuận trước thuế / Tổng mức đầu tư giữa đơn giá đóng tiền sử dụng đất và hệ số sử dụng đất toàn khu của dự án 1,6ha Phan Văn Hớn như sau: * Bảng độ nhạy lợi nhuận trước thuế / Tổng mức đầu tư giữa đơn giá đóng tiền sử dụng đất và hệ số sử dụng đất toàn khu, khi chi phí chuyển nhượng dự án là 300 tỷ * Giải thích hệ số sử dụng đất càng cao (từ 3,73 đến 8) nhưng đơn giá đóng tiền sử dụng đất lại giảm, vì trong bài toán thặng dư theo hướng dẫn cách tính của TP.HCM: Giá trị thặng dư = Doanh thu (1) – Chi phí xây dựng (2) – Lợi nhuận nhà đầu tư (3) Khi hệ số sử dụng đất tăng dần từ 3,73 đến 8: (1) Doanh thu: Doanh thu tăng do diện tích sàn thương phẩm tăng khi hệ số sử dụng đất tăng, trong khi đơn giá bán không đổi (chỉ một biến số diện tích sàn thương phẩm tăng) (2) Chi phí xây dựng: Chi phí xây dựng tăng nhanh hơn doanh thu (1). Khi hệ số sử dụng đất tăng (từ 3,73 đến 8), dẫn đến số tầng chung cư tăng từ 15 đến 33 tầng, điều này làm cho đơn"
chung cư cao cấp that 1,,chung cư cao cấp THAT 1,1,,,https://maps.app.goo.gl/o5yA5cAF8qJoTZqW8,34.916 m2; 25.852 m2; 9.064 m2,118tr/m2; 32tr/m2; 6.463 tỷ; 1.738 tỷ; 3.025 tỷ,"Báo cáo tóm tắt dự án chung cư cao cấp THAT 1.Vị trí: Võ Nguyên Giáp, Sơn Trà Đà Nẵng Quy mô dự án: 34.916 m2 (25.852 m2 được giao đất, 9.064 m2 đất thuê) Định vị maps: https://maps.app.goo.gl/o5yA5cAF8qJoTZqW8 2.Pháp lý: Hiện trạng pháp lý: Dự án ban đầu được định hướng triển khai thành khu biệt thự cao cấp kết hợp Khách sạn + TMDV. Sau đó, chủ đầu tư đã xin điều chỉnh thành tổ hợp căn hộ chung cư cao cấp và Khách sạn TMDV. Cho đến nay, tình hình thực hiện dự án chưa triển khai gì thêm. Dựa vào báo cáo pháp lý từ Phòng Pháp lý và Anh Tịnh-pháp lý địa phương Đà Nẵng, P.Đầu tư tổng hợp và tóm tắt đánh giá pháp lý dự án như sau: Chủ trương đầu tư: Hiện chủ đầu tư chưa cung cấp hồ sơ về việc điều chỉnh chủ trương đầu tư từ dự án thấp tầng lên dự án căn hộ+khách sạn cao tầng. Một số thông tin cho thấy dự án chưa có chủ trương đầu tư điều chỉnh nêu trên. Pháp lý đất: Giai đoạn đầu, dự án được cấp 35 GCN (34 GCN đất ở và 1 GCN công trình Khách sạn+TMDV). Sau đó, vào năm 2011, Chủ đầu tư đã x"
không khả thi,,không khả thi,1,,,,,475 tỷ; 35tr/m2; 769 tỷ; 57tr/m2; 100tr/m2,"Dạ hồi tháng 1/2025 Phòng có tính toán dựa trên cổng thông tin quy hoạch Thành phố Hồ Chí Minh: hệ số sử dụng đất là 4 và dân số là 572 dân, vì thế Phòng tính toán theo 2 phương án như sau: Phương án 1: Tính hết số dân theo quy hoạch 1.2000 (572 dân) Phương án 2: Tính hết hệ số sử dụng đất và tầng cao theo quy hoạch 1/2000, phải xin thêm 661 dân Tiền sử dụng đất tính theo phương pháp thặng dư theo phương án 1 là 475 tỷ, tương đương với 35tr/m2 và phương án 2 là 769 tỷ,tương đương với 57tr/m2. Tuy nhiên, nếu tiền sử dụng đất tính theo bảng giá đất nhà nước 100tr/m2 thì dự án không khả thi với bất kỳ giá mua nào Begin quote, Mr Mike1 -CEO , 2/10/2025 7:54... by Unknown User"
là 300 tỷ độ nhạy lợi nhuận trước thuế tổng mức đầu tư của dự án,,là 300 tỷ - Độ nhạy Lợi nhuận trước thuế / Tổng mức đầu tư của dự án,1,,,,"1,6ha",300 tỷ,"P.ĐT báo cáo anh Mr Mike1 -CEO về cập nhật độ nhạy Lợi nhuận trước thuế / Tổng mức đầu tư giữa đơn giá đóng tiền sử dụng đất và hệ số sử dụng đất toàn khu của dự án 1,6ha Phan Văn Hớn như sau: - Chi phí chuyển nhượng của dự án là 300 tỷ - Độ nhạy Lợi nhuận trước thuế / Tổng mức đầu tư của dự án với 2 biến số: Biến số 1: Đơn giá đóng tiền sử dụng đất trên tổng diện tích đất phù hợp quy hoạch Biến số 2: Hệ số sử dụng đất toàn khu (tầng cao và dân số phải tăng thêm tương ứng với hệ số sử dụng Đất) Xuất pdf dùm a. Hình này load ko đc by Unknown User"
chen sea 3,,Chen Sea 3,1,,,https://maps.app.goo.gl/Wji4ey8prbGM2zHJ6,"3,1ha; 4,7ha; 1,6ha; 7.734m²; 4,78ha; 3,3ha",,"P.ĐT báo cáo anh Mr Mike1 -CEO về tổng quan dự án Chen Sea 3,1ha tại xã Cửa Dương, huyện Phú Quốc, tỉnh Kiên Giang như sau: 1/ Vị trí: - Dự án tiếp giáp đường nội bộ đường Dinh Bà, cách đường Dinh Bà khoảng 350m, cách sân bay Quốc tế Phú Quốc khoảng 19km - Hiện trạng: Dự án đã khai thác 1 phần, với 22 căn villas tương ứng 36 phòng 2/ Pháp lý Đất: Quy mô dự án là 4,7ha, trong đó: - Đã có GCN QSDĐ 3,1ha: Mục đích sử dụng đất là đất sản xuất kinh doanh; Thời hạn sử dụng đất đến 16/12/2052. Nguồn gốc đất: Thuê đất trả tiền 1 lần - Phần diện tích còn lại 1,6ha: Chưa được cấp GCN và chưa giải phóng đền bù 3/ Pháp lý Quy hoạch: Đã có phê duyệt quy hoạch chi tiết 1/500 số 272/QĐ-BQLKKTPQ ngày 02/11/2023, quy mô 4,7ha, trong đó chỉ triển khai 3,1ha – khu 1: - Phần đất 3,1ha – khu 1 đã triển khai đi vào khai thác: Với các loại hình như 22 căn villas, tiện ích: Khối lễ tân và Spa, 1 nhà hàng và 1 nhà văn phòng. Với tổng diện tích sàn: 7.734m² 4/ Pháp lý đầu tư: Đã có giấy chứng nhận đầu tư, quy m"
đã được chấp thuận đầu tư dự án và đã được gia hạn tiến độ 02 năm kể từ ngày được cấp phép xây dựng,,đã được chấp thuận đầu tư dự án và đã được gia hạn tiến độ 02 năm kể từ ngày được cấp phép xây dựng ,1,,,https://maps.app.goo.gl/UEv62Ht1RcfDLLML8,"2,3ha; 115ha; 85ha; 8,4ha; 82m²; 88m²; 227m²; 2.3 ha","403 tỷ; 1.569 tỷ; 507 tỷ; 173 tỷ; 2,1 tỷ; 614 tỷ","P.ĐT báo cáo anh Mr Mike1 -CEO về việc cập nhật hiệu quả tài chính và pháp lý dự án 2,3ha Bình Điền – Bình Chánh, sau khi phòng Pháp lý và phòng Quy hoạch gặp đối tác như sau: 1/ Vị trí: - Cách Chợ Đầu Mối Bình Điền khoảng 400m, cách ranh Quận 8 và huyện Bình Chánh khoảng 150m, cách UBND huyện Bình Chánh khoảng 3,2km, cách nút giao Vành Đai 2 - Nguyễn Văn Linh khoảng 2,2km - Tiềm năng trong tương lai: + Cách bến xe miền Tây mới khoảng 1,5km + Nằm giữa trung tâm lưu thông hàng hóa I (khu E -115ha) và trung tâm lưu thông hàng hóa II (khu D - 85ha) thuộc khu đô thị Phú Mỹ Hưng => Dự kiến 30/04/2025 hoàn tất việc giải phóng đền bù + Cách các nhà ga thuộc tuyến Metro line 7 trong bán kính 500m 2/ Pháp lý 2.1/ Phòng Pháp lý - Dự án đã được chấp thuận đầu tư dự án và đã được gia hạn tiến độ 02 năm kể từ ngày được cấp phép xây dựng - Hiện chủ đầu tư chưa thực hiện ký quỹ, dự án sẽ bị chấm dứt hoạt động nếu nhà đầu tư không ký quỹ hoặc không có bảo lãnh nghĩa vụ ký quỹ (mức ký quỹ là 1%/ Vốn đầ"
tiếp giáp mặt tiền đường phan văn hớn,,tiếp giáp mặt tiền đường Phan Văn Hớn,1,,,https://maps.app.goo.gl/TcCLZG1kwf9F7wCu5,"1,6ha; 1.6ha",350 tỷ; 1.375 tỷ; 252 tỷ; 547 tỷ,"P.ĐT báo cáo nhanh anh Mr Mike1 -CEO về định giá dự án 1,6ha Phan Văn Hớn, phường Tân Thới Nhất, Quận 12, Thành phố Hồ Chí Minh (nguồn anh Tâm – Phó Chủ tịch) như sau: 1/ Vị trí: - Dự án tiếp giáp mặt tiền đường Phan Văn Hớn, cách giao lộ đường Phan Văn Hớn và Trường Chinh khoảng 1km + Cách Sân bay Tân Sơn Nhất khoảng 3,5km + Cách ga Deport Tham Lương khoảng 1km 2/ Hiện trạng: Có nhà xưởng trên đất – Đất sạch 3/ Cơ sở pháp lý: Dự án đã có quyết định chủ trương đầu tư và cũng có thể có quy hoạch 1/500. Nhưng không được cung cấp 3.1/ Pháp lý đất: Đã có GCN quyền sử dụng đất; Chiều dài mặt tiền: 41m, chiều sâu: 227m Cơ cấu sử dụng đất: Tổng diện tích 16.471,8 Đất ở 197 Đất HNK 16.274,8 3.2/ Pháp lý quy hoạch: Theo thông tin quy hoạch Thành phố Hồ Chí Minh Đồ án ""Đồ án điều chỉnh quy hoạch chi tiết xây dựng đô thị tỷ lệ 1/2000 Khu dân cư Phường Tân Thới Nhất (Khu 2), Quận 12"" đã được UBND Quận 12 phê duyệt tại Quyết định số 628/QĐ- UBND-ĐT ngày 23/12/2008 - Mật độ xây dựng: 40% - Hệ số sử "
phân lô bán nền ở phường long phước ạ vị trí dự án,,phân lô bán nền ở phường Long Phước ạ Vị trí dự án,1,,,https://maps.app.goo.gl/JgiGYy1CTvYwjKz58; https://maps.app.goo.gl/XvU1q69F5AkAa2Br9,,,Dạ em gửi định vị 2 dự án phân lô bán nền ở phường Long Phước ạ Vị trí dự án: ViệtNhân1234: https://maps.app.goo.gl/JgiGYy1CTvYwjKz58 Blue Diamond Riverside: https://maps.app.goo.gl/XvU1q69F5AkAa2Br9
ana mandara villas dalat resort spa,,Ana Mandara Villas Dalat Resort & Spa,1,,,,"3,4ha; 7ha; 186,7m²; 186,67m²; 130,38m²",,"P.ĐT báo cáo anh Tuan Tran-CEO, đánh giá và đề xuất 2 tài sản cho thuê đặc thù của DLR như sau: 1/ Thông tin về Hợp đồng cho thuê của 2 tài sản Hòa Bình và Khu Lê Lai Khu Lê Lai: Đối tượng hợp đồng: 15 căn biệt thự và toàn bộ diện tích đất cho thuê lại của UBND tỉnh Lâm Đồng, khoảng 3,4ha Thời hạn thuê: thuê nhà và thuê lại đất gắn liền với nhà: 50 năm (từ ngày 03/09/2003 đến ngày 02/09/2053) Giá cho thuê năm 2024: 650tr/năm ~54 tr/tháng (đã bao gồm VAT) bao gồm: + Toàn bộ 15 biệt thự: 433tr/năm (đã bao gồm VAT, giá này từ năm 2003 và được áp dụng trong suốt thời hạn thuê) + Giá thuê lại đất của Nhà Nước 2024: 217tr/năm Hòa Bình: Đối tượng hợp đồng: thuê nhà theo hiện trạng (toà nhà hiện nay đã được Sacombank cải tạo, xây mới) gắn liền với cho thuê lại QSD đất Thời hạn thuê: thuê nhà và gắn liền với thuê lại QSD Đất: 50 năm (từ ngày 24/6/2004 đến ngày 24/06/2054) Giá cho thuê năm 2024: 452tr/năm ~ 38tr/tháng (đã bao gồm VAT) bao gồm: + Giá thuê nhà từ 25/06/2024 đến 24/06/2029: 332tr/n"
khách sạn đông á premier tại số 186 14 hùng vương,,khách sạn Đông Á Premier tại số 186/14 Hùng Vương,1,,,,"690,4m²",,"P.ĐT có nhận yêu cầu tính toán hiệu quả dự án khách sạn Đông Á Premier tại số 186/14 Hùng Vương, Phường Lộc Thọ, TP Nha Trang, T. Khánh Hòa, với diện tích đất 690,4m² (nguồn: anh Sơn - trợ lý) Về mặt thị trường, phòng R&D đề xuất khảo sát dự án, do dự án được đánh giá phân khúc 3 sao. Dự án được tọa lạc trong hẻm và phân khúc 3 sao có nhiều phòng và giá cả cạnh tranh nên cần khảo sát thực tế để đánh giá lại phân khúc này, cũng như cập nhật lại thị trường chung của Nha Trang -> Để có đề xuất cho phù hợp"
cần kiểm tra xem có chuyển lên thổ cư để thực hiện dự án chung cư được hay không,,cần kiểm tra xem có chuyển lên thổ cư để thực hiện dự án chung cư được hay không,1,,,https://goo.gl/maps/C86NnDNwQKH22Bek9-,1.2ha,,"Phòng Pháp lý dự án cần kiểm tra xem có chuyển lên thổ cư để thực hiện dự án chung cư được hay không, và nêu rõ quy trình thực hiện dự án Phía đối tác chào bán hiện trạng - Nguồn: Mr. Nhựt - Link Map: https://goo.gl/maps/C86NnDNwQKH22Bek9- Link OneDrive: Dự án 1.2ha đường Thuận An Hòa, P. An Phú - OneDrive (sharepoint.com)"
chung cư trên quy đất này có thể,,chung cư trên quy đất này có thể,1,,,,46000m2; 97086m2; 3800m2; 4433m2; 414 m2; 3.4ha; 3.97ha,60tr/m2; 66tr/m2; 57tr/m2; 4476 tỷ; 6250 tỷ; 950 tỷ,"Phòng pháp lý tư vấn để triển khai phát triển dự án chung cư trên quy đất này có thể theo 2 hướng: + Hướng 1 (muốn triển khai sớm): Vì QH 1/2000 đã quy định rõ quỹ đất này thuộc 1 phần ô đất I.04 có chức năng Khu nhà cao tầng có quy mô 46000m2, dân số 2448 người, 18-23 tầng cao, MĐXD 20%, HSSD 3.85-4.93 => BeeG cần phải mua thêm các thửa đất liền kề để sở hữu đủ phần đất thuộc ô I.04 thì mới có thể làm dự án hoặc tham gia đấu thầu dự án vì BeeG sở hữu lớn phần đất thuộc ô I.04 nên có khả năng trúng thầu cao hơn + Hướng 2 (triển khai trên quỹ đất hiện trạng, không cần mua thêm các thửa liền kề): Mua tích trữ quỹ đất chờ đến khi luật sửa đổi khi không cần phải có đất ở nhưng vẫn thực hiện được dự án vì phù hợp quy hoạch ở. 3. Sản phẩm phát triển thay đổi: + 1494 căn chung cư, DTKD 97086m2 có giá bán trung bình 60tr/m2 sàn thông thủy có VAT tại năm 2024 + 1 sàn TMDV, DTKD 3800m2, giá thuê khoán $8/m2/tháng có VAT từ năm 2026 + 37 căn shophouse, DTKD 4433m2, có giá bán trung bình 66tr/m2 s"
khu nhà ở lộc phú gia,,khu nhà ở Lộc Phú Gia,1,,,https://goo.gl/maps/88psz7y8xzQTcyVn9,690.000 m2; 94 m2; 254m2; 256 m2; 615m2; 603 m2; 1.477m2; 69ha,"1,725 tỷ; 2.5 tr/m2; 13 tr/m2; 11tr/m2; 12.4 tr/m2; 6.9 tr/m2; 10.6 tr/m2; 11.1 tr/m2; 15.5 tr/m2; 13.8 tr/m2; 16.3 tr/m2","Báo cáo Dự án khu nhà ở Lộc Phú Gia với tổng diện tích đất thực hiện dự án là 690.000 m2 (giá chào bán khoảng 1,725 tỷ tương đương 2.5 tr/m2) tại mặt tiền đường ĐH 505 và ĐH 507 thuộc Xã Vĩnh Hòa, Huyện Phú Giáo, Tỉnh Bình Dương: Vị trí dự án: - Dự án tiếp giáp 2 mặt tiền đường hiện hữu: + Mặt tiền tiếp giáp khoảng 643m, giáp đường ĐH 505, đường nhựa rộng khoảng 10m (QH đường dự kiến 32m); + Mặt tiền tiếp giáp đường khoảng 95m, giáp đường ĐH 507 đường nhựa rộng khoảng 10m (QH đường dự kiến 32m). - Dự án tiếp giáp đường quy hoạch: + Bên phải QHTT GTVT tỉnh Bình Dương đường ĐT750B lộ giới 52m kết nối với đường DT741, cách đường DT 741 khoảng 3.5km. - Cách khu công nghiệp An Linh khoảng 12km, cách KCN cao su Đồng Phú khoảng 8km, cách KCN Vĩnh Lộc 2 khoảng 15km, cách KCN Vĩnh Lộc 18km, cách KCN Tạm Lập khoảng 6.5km. Các KDC này đều có quy hoach khu dân cư. - Dự án cách trung tâm hành chính huyên Phú Giáo khoảng 3.4km (theo đường chim bay), cách trục đường chính DT (nối tỉnh Bì"
4ha thị xã phú mỹ,,4ha Thị xã Phú Mỹ,1,,,https://goo.gl/maps/mJAEFg5zdD6J4Xbq8,"4ha; 4,4ha; 42.482m2; 1,2ha; 1ha","600 tỷ; 13,4 tr/m2; 37 tr/m2; 30tr/m2; 68tr/m2; 45tr/m2; 36.5 tr/m2; 53.4 tr/m2; 6.6 tr/m2; 304 tỷ","Báo cáo Dự án 4ha Thị xã Phú Mỹ với tổng diện tích đất thực hiện dự án là 4,4ha (giá chào bán 600 tỷ tương đương 13,4 tr/m2) tại 2 mặt tiền đường Quốc lộ 51 và đường Hùng Vương thuộc Phường Tân Phước, Thị xã Phú Mỹ, tỉnh Bà Rịa – Vũng Tàu: Vị trí dự án có nhiều tiềm năng: - Dự án tiếp giáp 2 mặt tiền đường hiện hữu: + Mặt tiền tiếp giáp khoảng 110m, giáp đường Quốc lộ 51, đường nhựa rộng khoảng 46m. + Mặt tiền tiếp giáp đường khoảng 78,7m, giáp đường Hùng Vương đường nhựa rộng khoảng 25m. - Cách Trung tâm Hành chính Thị xã Phú Mỹ khoảng 1km, cách các tiện ích ngoại khu trong vòng bán kính 2,5km gồm siêu thị Co.opmart, KNG Mall, phòng khám đa khoa, 2 trường Trung học Cơ sở, 2 trường Tiểu học, 6 trường Mần non. - Cách khu công nghiệp: + KCN Phú Mỹ I khoảng 1,5km + KCN Phú Mỹ II khoảng 1,2km + KCN Phú Mỹ III khoảng 3,7km. - Cách Cảng Quốc tế Cái Mép - Thị Vãi khoảng 3km; Định hướng theo Nghị quyết 24 của Bộ Chính trị về phát triển kinh tế - xã hội và bảo đảm quốc phòng, an ninh vùng "
168ha gần khu đa phước onedrive sharepoint,,168ha gần Khu Đa Phước - OneDrive (sharepoint,1,2022-07-19,2022-07-19,https://goo.gl/maps/35GfKER...,168ha,,Trieu Nguyen-PTDT 7/19/2022 5:50 PM Edited Link Onedrive: Dự án 168ha gần Khu Đa Phước - OneDrive (sharepoint.com) Link Map: Link https://goo.gl/maps/35GfKER... by Unknown User
du lịch tại mũi né,,du lịch tại Mũi Né,1,2022-07-19,2022-07-19,,4.7ha; 1.7 ha; 38m2; 3ha; 6ha; 4.2ha; 1.8ha,520tỷ; 11tr/m2; 67.5tỷ; 9.6tr/m2; 550 tỷ; 9.3tr/m2,"Thao L - INVT 7/19/2022 5:45 PM K.ĐT báo cáo anh Tuan Tran-CEO về 02 dự án du lịch tại Mũi Né như sau: - Cụm 02 dự án được kết nối bằng 02 đường chính: Đường ven biển Huỳnh Thúc Kháng – Hồ Xuân Hương hoặc Đường Võ Nguyên Giáp – Nguyễn Hữu Thọ. - Cách các trung tâm tiêu biểu: SB. Phan Thiết: 17km -25p; Trung tâm TP. Phan Thiết: 26km – 35p; Nằm trong cụm dân cư làng chài ven biển hiện hữu. Dự án The Salling Bay với giá chào chuyển nhượng là 520tỷ ~ 11tr/m2 (bao gồm CTXD), tạm uớc tính giá trị CTXD trên đất: 67.5tỷ => đơn giá đất 9.6tr/m2 (Đất TMDV, thuê đẩt trả tiền hằng năm), có quy mô: 4.7ha – Mặt biển 245m, gồm 02 giai đoạn: - GĐ1: . 1.7 ha: Đất thương mại dịch vụ, thuê đất trả tiền hằng năm đến 2058 (còn 36 năm). . Hiện có 325 phòng trong đó 295 phòng khách sạn tiêu chuẩn 4 sao đang hoạt động (Đánh giá sơ bộ chỉ tương ứng với khách sạn 3 sao) với giá thuê phòng: 52-60USD/đêm/phòng 38m2. - GĐ2: . 3ha: Đất thương mại dịch vụ, thuê đất trả tiền hằng năm đến 2049 (còn 27 năm). . Đang xin"
khu trung tâm tòa nhà hỗn hợp thương mại,,Khu trung tâm tòa nhà hỗn hợp thương mại,1,2022-07-20,2022-07-20,https://goo.gl/maps/trCxv7WmZ7Lim467A,"150 ha; 1,350 ha; 573.8 m2; 646.9 m2; 926.9 m2; 54,896 m2; 24,888 m2; 238,835 m2; 56,492 m2; 49,454 m2; 132,889 m2; 202 m2; 5,045 m2; 6,054 m2; 3.500ha; 970ha; 1.350ha; 1.137ha; 24,703 m2","500 tỷ; 8 tr/m2; 17 tr/m2; 23 tr/m2; 37 tr/m2; 45 tr/m2; 1,111 tỷ; 609 tỷ; 109 tỷ; 111 tỷ; 390 tỷ","Quy Vo-PTDT 7/20/2022 4:12 PM KĐT gửi Mr.Tuấn Tuan Tran-CEO Báo cáo Dự án Khu trung tâm tòa nhà hỗn hợp thương mại, văn phòng cho thuê, nhà ở, dịch vụ, bán và bảo hành xe ô tô Trung Thượng với tổng diện tích đất chào bán khoảng 6.3 hecta (giá chào bán khoảng 500 tỷ tương đương 8 tr/m2) thuộc thôn Ngọc Than, xã Ngọc Mỹ, huyện Quốc Oai, TP. Hà Nội: 1. Vị trí dự án: Dự án nằm bên cạnh đường dẫn lên cao tốc Láng – Hòa Lạc và nằm sát bên Khu công nghiệp Thạch Thất Quốc Oai với tổng quy mô 150 ha. Cách dự án 10Km về hướng Tây là Khu công nghiệp cao Hòa Lạc với diện tích 1,350 ha. Dự án có bán kính cách trung tâm thành phố Hà Nội khoảng 20 km, cách sân bay quốc tế Nội Bài khoảng 37 km. 2. Pháp lý đất: Tổng diện tích đất đã thực hiện bồi thường là 62,573.8 m2. Chưa nhận được hồ sơ về việc xác nhận đã hoàn thành nghĩa vụ tài chính về tiền sử dụng đất. 3. Pháp lý đầu tư: Quyết định số 314/QĐ-UBND ngày 13/02/2008 giao Công ty cổ phần sửa chữa ô tô Trung Thượng làm chủ đầu tư và thực hiện dự án Kh"
được chào về tại bình dương,,được chào về tại Bình Dương,1,2022-07-28,2022-07-28,,1.36ha; 1.25ha; 8029 m2,400 tỷ; 32tr/m2,"Thao L - INVT 7/28/2022 5:04 PM K.ĐT gửi anh báo cáo nhanh 02/06 dự án được chào về tại Bình Dương: A/ Dự án Victory Hoàn Cầu tiếp giáp đường Bình Chuẩn 69, Bình Chuẩn, Thuận An, Bình Dương với giá chào chuyển nhượng là 400 tỷ có tổng diện tích là 1.36ha đất nông nghiệp, diện tích hữu dụng là 1.25ha (tương đương 32tr/m2 diện tích hữu dụng). 1) Vị trí và hiện trạng: - Hiện trạng dự án là nhà xưởng bề rộng tiếp giáp đường Bình Chuẩn 69 khoảng 100m. - Dự án có 02 lối tiếp cận: + Tiếp giáp Đường Bình Chuẩn 69: bề rộng nhỏ (chỉ vừa 1 oto, rộng khoảng 4-5m); + Đường Bình Chuẩn 62: dự án có một đường dẫn từ Bình Chuẩn 62 vào dự án rộng khoảng 9m, sâu 100m. 2) Pháp lý đất: - Được duyệt đăng ký sử dụng đất - Được chấp thuận nhận chuyển nhượng QSDĐ nông nghiệp để thực hiện dự án đầu tư 3) Pháp lý đầu tư: - Chưa có thông tin - Đang lập hồ sơ xin chủ trương đầu tư. 4) Pháp lý quy hoạch: - Chưa có thông tin từ đối tác cung cấp. - Theo QHSDĐ tỉnh BD: Đất ở. - Theo QHXD: Đất công nghiệp có MĐXD: 50-8"
8029 m2 tại mỹ phước tân vạn,,8029 m2 tại Mỹ Phước - Tân Vạn,1,2022-07-28,2022-07-28,https://goo.gl/maps/aSmRwi2p279NGLcb9; https://goo.gl/maps/s4v5mQf8LyZUv8B7A,"8029 m2; 7785 m2; 6,954 m2",200 tỷ; 24.9 tr/m2,"Thao L - INVT 7/28/2022 5:04 PM B/ Dự án 8029 m2 tại Mỹ Phước - Tân Vạn, Thuận Giao, Thuận An, Tỉnh Bình Dương với giá chào 200 tỷ ( 24.9 tr/m2) 1) Vị trí và hiện trạng: - Hiện trạng dự án là bãi đất trống tọa lạc tại Đường Mỹ Phước - Tân Vạn, Thuận Giao, Thuận An, Tỉnh Bình Dương với bề rộng khoảng 60 mét. 2) Pháp lý đất: - GCN QSDĐ với Số vào sổ CT80867, MĐSD đất cơ sở sản xuất kinh doanh phi nông nghiệp, Thời hạn sử dụng đến 09/01/2049, Nguồn gốc nhận chuyển nhượng đất được Nhà nước cho thuê đất trả tiền thuê đất 1 lần (7785 m2). 3) Pháp lý đầu tư: - Chưa có thông tin. 4) Pháp lý quy hoạch: - Chưa có thông tin từ đối tác cung cấp. - Theo thông tin tra cứu QH xây dựng tỉnh BD: Vị trí dự án làm đất ở hỗn hợp kết hợp công trình dịch vụ đô thị (Diện tích đất phù hợp quy hoạch 6,954 m2, MĐXD tối đa 60%, HSSDĐ tối đa 8 lần, Tầng cao tối đa 20 tầng). 5) Pháp lý xây dựng: - Chưa có thông tin. 6) Sản phẩm phát triển - Chưa có thông tin sản phẩm cụ thể (Căn hộ và thương mại dịch vụ). 7) Đề xu"
2769m2 tại đà nẵng,,2769m2 tại Đà Nẵng,1,2022-08-03,2022-08-03,,2769m2; 30m2; 32m2; 45m2; 60m2; 2769.5 m2,"488.9 tỷ; 2.805 tỷ; 100,464 tỷ; 405,608 tỷ; 8,151 tỷ; 118,254 tỷ","Trieu Nguyen-PTDT 8/3/2022 4:45 PM KĐT gửi anh Tuan Tran-CEO báo cáo dự án 2769m2 tại Đà Nẵng: Pháp lý đất: Giấy CNQSDĐ 2769m2 đất ODT, thời hạn lâu dài, có nguồn gốc đấu giá, nhà nước giao đất có thu tiền sử dụng đất Pháp lý đầu tư: Với mục đích giữ đất và thời hạn sử dụng đất lâu dài => Căn cứ Nghị định 31/2021 hướng dẫn Luật Đầu tư, Phòng Pháp lý đề xuất không lập dự án và không xin chấp thuận chủ trương đầu tư mà thực hiện để cá nhân đứng tên GCNQSDĐ và cho một pháp nhân thuê để xây dựng và kinh doanh khách sạn Pháp lý quy hoạch: + Đất ODT: theo kế hoạch sử dụng đất năm 2022 của Quận Sơn Trà theo quyết định số 664/QĐ-UBND được ban hành + Bảng tính dựa trên thông số quy hoạch HSSD 14.92 lần, MĐXD 59.24%, 36 tầng cao Pháp lý xây dựng: tham khảo từ phòng Pháp lý, mảnh đất 2769m2 thuộc loại công trình không theo tuyến, các bước thực hiện pháp lý xây dựng (thời gian khoảng 6 - 12 tháng): + B1: Khảo sát địa hình, địa chất, rà phá bom mìn (khoảng 25 ngày) + B2: Lập Tờ trình/Nộp Hồ sơ thôn"
chung cư thành lộc,,chung cư Thành Lộc,1,2022-08-09,2022-08-09,https://goo.gl/maps/SeJtvcKkqmN6a7oy6,368.3m2; 582.6m2; 9582.6 m2; 320m2; 9262.6m2; 282.6 m2; 65 m2; 120 m2; 1ha,300 tỷ; 31.3 tr/m2; 40 triệu/m2; 46 triệu/m2; 60 triệu/m2; 69 triệu/m2; 42 tr/m2; 250 tỷ,"Quy Vo-PTDT 8/9/2022 4:15 PM KĐT gửi Mr.Tuấn Tuan Tran-CEO Báo cáo Dự án chung cư Thành Lộc với tổng diện tích đất phù hợp quy hoạch để thực hiện dự án là 8,368.3m2 (giá chào bán khoảng 300 tỷ tương đương 31.3 tr/m2 trên diện tích đất chào bán 9,582.6m2) thuộc phường An Thạnh, thành phố Thuận An, tỉnh Bình Dương: 1. Vị trí dự án: Dự án nằm trên đường Hồ Văn Mên (Quy hoạch làm tuyến đường vành đai 3) có bán kính cách thành phố mới Bình Dương 10 km, Khu công nghiệp VSIP 1 4km và sân bay Tân Sơn Nhất 15 km. 2. Pháp lý đất: Diện tích đất 9582.6 m2 đã được cấp GCN cho cá nhân: + 320m2 đất ODT: Nhà nước giao đất có thu tiền sử dụng đất. + 9262.6m2 đất CLN: Nhà nước giao đất không thu tiền sử dụng đất, thời hạn đến năm 2024. 3. Pháp lý đầu tư: - Văn bản số 4237/UBND-KT của UBND tỉnh Bình Dương về việc chấp thuận cho công ty TNHH Đầu tư bất động sản Thành Lộc nhận chuyển nhượng QSDĐ nông nghiệp (đất trồng cây lâu năm) với diện tích 9,282.6 m2 tại thửa đất số 226, 99, 224, 89, 98, 212, 5720, 57"
cảng sài gòn thép việt,,Cảng Sài Gòn – Thép Việt,1,2022-08-09,2022-08-09,,34.5 ha; 69.04 ha; 35.8 ha; 34 ha,,"Quy Vo-PTDT 8/9/2022 2:33 PM K.ĐT gửi Mr.Tuấn Tuan Tran-CEO báo cáo về 3 dự án: Dự án Cảng Sài Gòn – Thép Việt, Dự án Cảng Sao Biển, Dự án Bãi Container & Dịch vụ cảng. 1. Dự án Cảng Sài Gòn – Thép Việt (Diện tích 34.5 ha) với giá chào 100 USD/m2 và dự án Cảng Sao Biển (Diện tích 69.04 ha) với giá chào 1.76 trđ/m2 tại Mỹ Xuân, Phú Mỹ, Bà Rịa Vũng Tàu 1.1 Về Pháp lý Dự án: - Dự án Cảng Sài Gòn – Thép Việt: đã có chủ trương đầu tư, GCN quyền sử dụng đất (Đất SXKD, thời hạn đến năm 2059, thuê đất đóng tiền 1 lần), chưa có Giấy phép xây dựng. - Dự án Cảng Sài Gòn – Thép Việt: đã có chủ trương đầu tư, GCN quyền sử dụng đất (Đất SXKD, thời hạn đến năm 2060, thuê đất hàng năm), chưa có Giấy phép xây dựng. 1.2 Về vị trí và kết nối, tiềm năng hạ tầng: - Cả 2 dự án nằm trong khu bến cảng Cái Mép – Thị Vải (thuộc cảng biển Bà Rịa – Vũng Tàu một trong 2 cảng biển loại đặc biệt lớn nhất cả nước, cùng với Cảng biển Hải Phòng), tiếp giáp với đường sau cảng Mỹ Xuân Thị Vải (đường quy hoạch) kết nối đế"
bãi container dịch vụ cảng diện tích 31 ha,,Bãi Container & Dịch vụ Cảng (Diện tích 31 ha),1,2022-08-09,2022-08-09,https://goo.gl/maps/JtDt3jc8pMZ3n7xH9; https://goo.gl/maps/GPLvd34uRNT1EL5bA; https://goo.gl/maps/oJP5R9Jfe8yAcrWY6,"31 ha; 35.8 ha; 1,736 ha",,"Quy Vo-PTDT 8/9/2022 2:33 PM 2. Dự án Bãi Container & Dịch vụ Cảng (Diện tích 31 ha) với giá chào 2 trđ/m2 tại Phước Hòa, Phú Mỹ, Bà Rịa Vũng Tàu 2.1 Về Pháp lý Dự án: - Dự án đã có chủ trương đầu tư, GCN quyền sử dụng đất (Đất SXKD, thời hạn đến năm 2061, thuê đất đóng tiền 1 lần), chưa có Giấy phép xây dựng. 2.2 Về vị trí và kết nối, tiềm năng hạ tầng: - Dự án nằm trong khu bến cảng Cái Mép – Thị Vải (thuộc cảng biển Bà Rịa – Vũng Tàu một trong 2 cảng biển loại đặc biệt lớn nhất cả nước, cùng với Cảng biển Hải Phòng), dự án khu bến cảng Cái Mép khoảng 1.5km, tiếp giáp với đường 991B(đường quy hoạch) kết nối đến đường Liên Cảng Cái Mép, dự án kết nối với Cao tốc Bến Lức Long Thành thông qua cầu Phước An (dự kiến cao tốc sẽ được hoàn thành vào 2025); từ dự án kết nối thuận lợi với Quốc Lộ 51, Cao tốc Biên Hòa – Vũng Tàu thông qua đường 991B. - Tiềm năng hạ tầng: Hạ tầng giao thông (cao tốc, sân bay, đường kết nối) sẽ hoàn thành trong giai đoạn 2025 – 2026; các KCN mới ở Bà Rịa – Vũng T"
khu tổ hợp văn phòng cho thuê,,khu tổ hợp văn phòng cho thuê,1,2022-08-10,2022-08-10,https://goo.gl/maps/hgxR4SsThT7KqvbUA,"12,364 m2; 363,9m2; 70 m2; 103 m2; 2,720 m2","2,100 tỷ; 170 tr/m2","Quy Vo-PTDT 8/10/2022 10:04 AM KĐT gửi Mr.Tuấn Tuan Tran-CEO Báo cáo Dự án khu tổ hợp văn phòng cho thuê, khách sạn và chung cư Redstar với diện tích đất 12,364 m2 (giá chào bán khoảng 2,100 tỷ tương đương 170 tr/m2) thuộc khu số 1,3,4, tờ bản đồ số QH:02, đường Phạm Văn Đồng, phường An Hải Bắc, quận Sơn Trà, thành phố Đà Nẵng: 1. Vị trí dự án: Dự án cách sân bay khoảng 5Km, cách trung tâm quận Hải Châu khoảng 2Km, cách bãi tắm Phạm Văn Đồng khoảng 1Km. Dự án có 4 mặt tiền đường Phạm Văn Đồng, Chính Hữu, Dương Đình Nghệ, Lý Văn Tố tuy nhiên hình dạng lô đất không vuông vức (bị khuyết). 2. Pháp lý đất: Hiện trạng là đất cơ sở sản xuất, kinh doanh (XD văn Phòng, XD Biệt thự, XD khách sạn) được cấp GCN năm 2005 với tổng diện tích 12.363,9m2. 3. Pháp lý đầu tư: + Chưa có thông tin khác ngoài GNCNĐKKD cấp cho Công ty Cổ phần Sao Đỏ Đà Nẵng số 0400452434 do Sở Kế hoạch và Đầu tư Thành phố Đà Nẵng cấp lần đầu ngày 26/03/2008, đăng ký thay đổi lần thứ 11 ngày 17/06/2020. 4. Pháp lý quy hoạch: "
54ha liền kề sân bay phan thiết có giá chào 860 900 tỷ,,54ha liền kề sân bay Phan Thiết có giá chào 860-900 tỷ,1,2022-08-11,2022-08-11,https://goo.gl/maps/9VManjp1YiqeSC1A8,54ha; 5300ha,900 tỷ,"Trieu Nguyen-PTDT 8/11/2022 12:10 PM Edited KĐT gửi anh Tuan Tran-CEO báo cáo dự án 54ha liền kề sân bay Phan Thiết có giá chào 860-900 tỷ: Vị trí và hạ tầng giao thông kết nối - Dự án nằm sát cảng hàng không nội địa Phan Thiết đang trong giai đoạn hoàn thành Chủ trương đầu tư, đã hoàn thành công tác đền bù và giải phóng mặt bằng, phục vụ dân dụng và quốc phòng - Dự án nằm tiếp giáp đường 715, là tuyến đường kết nối đến đường Võ Nguyên Giáp - tuyến đường chính chạy về thành phố Phan Thiết, nằm cách đường Võ Nguyên Giáp khoảng 6.8km - Dự án cách biển 7.4km, cách thành phố Phan Thiết 24km 2. Đánh giá về sự ảnh hưởng sân bay Phan Thiết và các sân bay khác đến định hướng phát triển dự án bất động sản - Sân bay Long Thành là sân bay Quốc tế có quy mô 5300ha, phục vụ cho các chuyến bay quốc tế để các chuyên gia quốc tế và cư dân ở tỉnh thành khác đến Đồng Nai và các tỉnh thành lân cận để làm việc, vì định hướng phát triển quy hoạch sẽ hình thành nhiều Khu Công Nghiệp trong tương lai dẫn đến "
có mặt tiền rộng khoảng 100m ngay đường nguyễn hữu thọ,,có mặt tiền rộng khoảng 100m ngay đường Nguyễn Hữu Thọ,1,2022-08-26,2022-08-26,https://goo.gl/maps/k4R8TwNVtrg4BrJc9,3.4ha; 3ha; 34729m2; 793.62m2; 22266.33m2; 74.07m2; 11595m2; 3.47ha,589 tỷ; 17tr/m2; 70tr/m2; 64tr/m2; 57tr/m2; 130tr/m2; 77tr/m2; 65tr/m2; 203 tr/m2; 158 tr/m2; 157tr/m2; 140tr/m2; 85tr/m2; 82tr/m2; 3390 tỷ; 4710 tỷ; 690 tỷ,"Trieu Nguyen-PTDT 8/26/2022 2:10 PM Edited Dear anh Tuan Tran-CEO, Anh Binh Vo-GD-PTDT và Mi đã gặp bên chào bán là công ty Anh Tuấn để lấy thông tin sơ bộ 2 dự án 3.4ha và 3ha, thông tin cụ thể: A/ Dự án 3.4ha tại đường Nguyễn Hữu Thọ, Nhà Bè, TPHCM có giá chào 589 tỷ (17tr/m2 đất): 1. Vị trí và hiện trạng: - Dự án có mặt tiền rộng khoảng 100m ngay đường Nguyễn Hữu Thọ, Nhà Bè, TPHCM, cách đường Nguyễn Văn Linh, Q7 khoảng 5km, cách trung tâm Q1 khoảng 11km, cách sân bay Tân Sơn Nhất khoảng 17km - Nằm đối diện dự án GS Metro City, cách dự án Zeitgeist khoảng 600m - Hiện trạng đất trống (theo quan sát vệ tinh), có chiều sâu so với đường Nguyễn Hữu Thọ khoảng 380m 2. Pháp lý đất: - Chưa có hồ sơ cụ thể - Bản vẽ hiện trạng: 34729m2 đất nông 3. Pháp lý đầu tư: chưa có 4. Pháp lý quy hoạch: - QH 1.2000: + Đất thương mại 793.62m2 (2.29%) + Đất chung cư: 22266.33m2 (64.11%), HSSD 3.85 - 4.93 lần, MĐXD 20%, 18 - 23 tầng cao, dân số 2448 + Hành lang điện: 74.07m2 (0.21%) + Đất giao thông: 11595"
khu dân cư cao tầng ngọc hồi,,khu dân cư cao tầng Ngọc Hồi,1,2022-08-26,2022-08-26,https://goo.gl/maps/YaZ9tS4Xqtm5REAe6,"24,282 m2; 171 ha; 35,896 m2; 105 m2; 54.7 m2; 100 m2; 1,122 m2","1,500 tỷ; 61.7 tr/m2; 40 tr/m2; 45 tr/m2; 56 tr/m2; 65 tr/m2; 43 tr/m2; 40tr/m2","Quy Vo-PTDT 8/26/2022 2:20 PM KĐT gửi Mr.Tuấn Tuan Tran-CEO Báo cáo Dự án khu dân cư cao tầng Ngọc Hồi với tổng diện tích đất thực hiện dự án là 24,282 m2 (giá chào bán khoảng 1,500 tỷ tương đương 61.7 tr/m2) tại 486 Ngọc Hồi, Thị Trấn Văn Điển, Huyện Thanh Trì, Tp.Hà Nội: 1. Vị trí dự án: - Dự án nằm tại đường Ngọc Hồi nối quốc lộ 1A hướng chính của cửa ngõ phía Nam Thủ Đô gần mạng lưới giao thông thuận tiện như tuyến đường trên cao vành đai 3, tuyến cao tốc Hà Nội - Ninh Bình. Dự án có bán kính cách CBD Hà Nội khoảng 9.5 Km. Cách dự án về phía Nam 2.5 Km là tổ hợp ga Depot Ngọc Hồi với tổng diện tích 171 ha. - Mặt tiền dự án hiện tại tiếp giáp tuyến đường sắt Bắc Nam (quy hoạch trong tương lai là tuyến đường sắt đô thị, tuyến Yên Viên – Ngọc Hồi). 2. Pháp lý đất: - Giấy chứng nhận quyền sử dụng đất (chưa có hồ sơ). - Quyết định về việc cho phép công ty CP Tổng Bách Hóa chuyển mục đích sử dụng đất 35,896 m2 để thực hiện dự án đầu tư xây dựng Khu nhà ở. (chưa có hồ sơ). - Quyết định về"
vì 2 vấn đề trên,,Vì 2 vấn đề trên,1,2022-08-26,2022-08-26,,3.4ha; 3ha; 3.97ha; 4994.6m2; 39724 m2; 31665m2; 414m2; 7645m2,589 tỷ; 17tr/m2; 675.3 tỷ,"Unknown User 8/26/2022 2:10 PM Dear anh Tuan Tran-CEO, Anh Binh Vo-GD-PTDT và Mi đã gặp bên chào bán là công ty Anh Tuấn để lấy thông tin sơ bộ 2 dự án 3.4ha và 3ha, thông tin cụ thể: A/ Dự án 3.4ha tại đường Nguyễn Hữu Thọ, Nhà Bè, TPHCM có giá chào 589 tỷ (17tr/m2 đất): 1. Vị trí và hiện trạng: 📄 … KĐT gửi anh Tuan Tran-CEO báo cáo cập nhật tình hình nghiên cứu quỹ đất 3.4ha tại đường Nguyễn Hữu Thọ, Nhà Bè, nay bổ sung thêm diện tích đất có tổng quy mô 3.97ha, giá chào bán 17tr/m2 đất tương đương 675.3 tỷ đồng, cụ thể: 1. Vị trí và hiện trạng: Sau khi nghiên cứu sâu bản vẽ hiện trạng và ranh đất theo sổ được chào bán ban đầu (3.4ha) thì quỹ đất không có mặt tiền tiếp giáp đường Nguyễn Hữu Thọ, chỉ có mặt tiền rộng khoảng 80m tiếp giáp với đường nằm trong quy hoạch có lộ giới 40m cắt ngang đường Nguyễn Hữu Thọ Khi đi kiểm tra hiện trạng, phần đất có mặt tiếp giáp với đường Nguyễn Hữu Thọ là quy hoạch hành lang đường điện và cây xanh tuyến điện, có khả năng cao là đất của nhà nước => "
suối nhum,,Suối Nhum,1,2022-08-30,2022-08-30,,,1180 tỷ; 25 tỷ,Trieu Nguyen-PTDT 8/30/2022 6:29 PM Edited KĐT gửi anh Tuan Tran-CEO: Phía đối tác chào bán lại dự án Suối Nhum với giá 1180 tỷ theo hình thức chuyển nhượng 100% cổ phần cty với hiện trạng có Quy hoạch mới dự kiến được điều chịnh như sau: Kết quả bảng tính theo quy hoạch mới có IRR là 23.4% (đã dự tính đóng thêm tiền sử dụng đất được miển giảm 20% theo Bảng giá đất năm 2013 là 25 tỷ) => KĐT đề xuất xúc tiến làm việc với đối tác để nhận chuyển nhượng công ty sở hữu dự án
có 1 mặt tiền đường song hành rộng khoảng 110m của đường xa lộ hà nội,,có 1 mặt tiền đường Song Hành rộng khoảng 110m của đường Xa lộ Hà Nội,1,2022-09-06,2022-09-06,https://goo.gl/maps/g4UerEukDLx9YjWt5,2.6ha; 9227m2; 5047m2; 11767m2; 15400m2; 19900m2; 26000m2,1250 tỷ; 71.5tr/m2; 65tr/m2; 124tr/m2; 3835.6 tỷ; 5398.6 tỷ; 797 tỷ,"Trieu Nguyen-PTDT 9/6/2022 10:34 AM Edited KĐT gửi anh Tuan Tran-CEO báo cáo dự án 2.6ha tại mặt tiền đường Song Hành XLHN, Thủ Đức có giá chào 1250 tỷ (48tr.đồng/m2 đất), cụ thể: Vị trí và hiện trạng: Dự án có 1 mặt tiền đường Song Hành rộng khoảng 110m của đường Xa lộ Hà Nội, và 1 mặt tiền đường Linh Trung rộng khoảng 200m tại P.Linh Trung, Thủ Đức, TPHCM Dự án nằm cách điểm lên ga Metro khoảng 500m, cách cầu Sài Gòn khoảng 10km, cách đường Nguyễn Huệ, Q1 khoảng 15km Hiện trạng có 1 căn biệt thự nằm trong khuôn viên dự án, nằm gần các trụ điện cao thế Pháp lý đất: Chưa được cấp GCNQSDĐ nhưng đã có quyết định giao đất, có cho phép chuyển mục đích sử dụng đất sang dự án chung cư và đã hoàn tất nghĩa vụ tài chính. Trong đó: + Đất ở: 9227m2 giao đất có thu tiền sử dụng đất, thời hạn lâu dài + Đất văn phòng, tmdv: 5047m2, giao đất có thu tiền sử dụng đất, thời hạn 50 năm + Đất công cộng: 11767m2, bàn giao lại cho nhà nước Pháp lý đầu tư: Đã có QĐ6159/QĐ-UB tháng 12/2004 về việc cho phép c"
có 2 mặt tiền đường thuận an hóa rộng khoảng 60m,,có 2 mặt tiền đường Thuận An Hóa rộng khoảng 60m,1,2022-09-06,2022-09-06,,1.2ha; 12705m2; 13145.7m2; 711.8m2; 12433.9m2; 13188.078m2; 2300.397m2; 10837.681m2; 1610m2,240 tỷ; 42tr/m2; 40tr/m2; 2267.5 tỷ; 3031.99 tỷ; 400.4 tỷ; 216 tỷ,"Trieu Nguyen-PTDT 9/6/2022 12:09 PM KĐT gửi anh Tuan Tran-CEO báo cáo dự án 1.2ha tại đường Thuận An Hóa, Thuận An, Bình Dương có giá chào 240 tỷ (18.575 tr.đồng/m2 đất), cụ thể: Vị trí và hiện trạng: Dự án có 2 mặt tiền đường Thuận An Hóa rộng khoảng 60m, và mặt tiền đường An Phú 11 rộng khoảng 175m Nằm cách đường Mỹ Phước – Tân Vạn khoảng 80m, cách Quốc lộ 13 khoảng 3.5km, cách địa phận TPHCM khoảng 10km, cách trung tâm TPHCM khoảng 25km, cách sân bay Tân Sơn Nhất khoảng 25km Xung quanh có nhiều nhà máy, KCN VSIP 1 và gần khu dân cư hiện hữu Pháp lý đất: Đã có GCNQSDĐ cá nhân đứng tên: 12705m2 đất hàng năm khác, thời hạn đến 2018 và 2020 Pháp lý đầu tư: Chưa có Pháp lý quy hoạch: QHSDĐ: Số tờ 80, thửa 35 có diện tích 13145.7m2 bao gồm 711.8m2 đất giao thông và 12433.9m2 đất ODT (Nguồn: http://qhkhsdd.binhduong.gov.vn/auth) QHXD: Số tờ 80, thửa 35 có diện tích 13188.078m2 bao gồm 2300.397m2 đất giao thông và 10837.681m2 đất trung tâm đô thị, có tầng cao < 12, MĐXD 50-80% (Nguồn: http:"
toàn thịnh phát tại bãi trường,,Toàn Thịnh Phát tại Bãi Trường,1,2022-09-06,2022-09-06,,"15.6ha; 8,5ha; 1,4ha; 7.4ha; 7,1ha; 8.5ha",1.300tỷ,"Thao L - INVT 9/6/2022 4:51 PM K.ĐT báo cáo anh Tuan Tran-CEO về dự án Toàn Thịnh Phát tại Bãi Trường, Dương Tơ, Phú Quốc. Thông tin: Dự án có quy mô 15.6ha với giá chào chuyển nhượng là 1.300tỷ. Vị trí: Dự án nằm phía cuối Bãi Trường, có phần biển dài khoảng 350m, tiếp giáp đường Trần Hưng Đạo, cách dự án MeyHomes khoảng 1,5km Pháp lý dự án: Pháp lý đất: Trả tiền thuê đất cho 8,5ha đất TMDV có thời hạn đến năm 2064 trong đó: 1,4ha trả tiền thuê đất một lần và 7.4ha trả tiền thuê đất hằng năm. 7,1ha phần còn lại được quy hoạch giao thông, cây xanh ngoại khu và được miễn tiền thuê đất, phần này sẽ bàn giao lại cho Nhà nước. Kèm quyết định cho thuê đất và hợp đồng thuê đất tương ứng với 8.5ha, bảng trích đo các thửa đất. Pháp lý đầu tư: Giấy chứng nhận đăng kí đầu tư KDL Toàn Thịnh Phát. Mục tiêu dự án: Xây dựng khu dịch vụ, du lịch sinh thái với các chức năng chính như: Biệt thự sinh thái nghỉ dưỡng, dịch vụ du lịch hỗn hợp, công viên cây xanh, quảng trường biển,… phục vụ cho khách du l"
cơ bản đạt hiệu quả tài chính,,cơ bản đạt hiệu quả tài chính,1,2022-09-06,2022-09-06,https://goo.gl/maps/QUDziRBdFv7URi8QA,,,"Thao L - INVT 9/6/2022 4:52 PM Hiệu quả tài chính: IRR = 14,72% và NPV = 698,475. Độ nhạy dự án: Kết luận: Dự án cơ bản đạt hiệu quả tài chính, K.ĐT đề xuất xúc tiến và đàm phán giá nhận chuyển nhượng để dự án đạt hiệu quả tốt hơn. Ghi chú: - Hiện tại yếu tố pháp lý liên quan đến việc “bán” sản phẩm nghỉ dưỡng vẫn chưa được pháp luật quy định rõ ràng (không đúng với mục tiêu của chủ trương đầu tư là chủ đầu tư phải vận hành). - Về quy hoạch: Ngày 23/06/2022, Thủ tướng Chính phủ có Quyết định số 767/QĐ-TTg phê duyệt Nhiệm vụ Quy hoạch chung thành phố Phú Quốc, tỉnh Kiên Giang đến năm 2040. Trên cơ sở đó, tỉnh đang tiến hành lập đồ án QH chung trình Thủ tướng xem xét, phê phê duyệt, dự kiến công tác này hoàn thành trong năm 2023, các chỉ tiêu QH phê duyệt dự kiến sẽ tăng cao hơn so với hiện tại => Dự án sẽ đạt hiệu quả tài chính tốt hơn => tạo tiền đề làm gia tăng giá trị dự án đang nghiên cứu. Link vị trí: https://goo.gl/maps/QUDziRBdFv7URi8QA Link hồ sơ:Toàn Thịnh Phát - OneDrive (shar"
chung cư minh ngọc tại đường cmt8,,Chung cư Minh Ngọc tại đường CMT8,1,2022-09-19,2022-09-19,https://goo.gl/maps/cUNDNuwk9M5KBSbJA**,7234m2; 7234.9m2; 3267.2m2; 3967.7m2; 7301.2m2; 2527.93m2; 4766.65 m2; 4766.65m2; 1501 m2; 28185 m2; 1501m2,1200 tỷ; 165.86tr/m2; 123.5tr/m2; 95tr/m2; 80tr/m2; 100tr/m2; 90tr/m2; 2076.78 tỷ; 2905.97 tỷ; 398.38 tỷ; 1190 tỷ,"Trieu Nguyen-PTDT 9/19/2022 11:15 AM KĐT gửi anh Tuan Tran-CEO báo cáo dự án Chung cư Minh Ngọc tại đường CMT8, P11, Q3, TPHCM có quy mô 7234m2 và giá chào 1200 tỷ đồng (tương đương 165.86tr/m2 đất) bao gồm tiền sử dụng đất và QH 1.500, cụ thể: Vị trí và hiện trạng: Dự án nằm tại Hẻm E6, đường CMT8, P11, Q3, có mặt tiền tiếp xúc với hẻm rộng khoảng 130m Nằm cách đường CMT8 khoảng 70m, cách vòng xoay Công trường Dân Chủ khoảng 2km, cách đường Nguyễn Huệ, Q1 khoảng 5.4km, thuận tiện đi về trung tâm Q1. Cách công viên Lê Thị Riêng và vị trí quy hoạch trạm metro số 2 khoảng 125m Phía sau dự án giáp ranh với nhà ga xe lửa Sài Gòn, dễ bị ảnh hưởng tiếng ồn Hiện trạng: Chưa xây dựng, trên đất có nhà xưởng betong, gạch cũ Pháp lý đất: Chưa được cung cấp Pháp lý đầu tư: Đã được phê duyệt dự án đầu tư xây dựng QĐ số 144/QĐ-SXD-PTN cấp bởi Sở Xây dựng TPHCM ngày 27/08/2009, thực hiện công trình cao ốc Minh Ngọc sử dụng hỗn hợp chung cư, văn phòng và TMDV có diện tích đất 7234.9m2 bao gồm 3267.2m2"
vương bảo long kèm đánh giá pháp lý hiện trạng,,Vương Bảo Long (kèm đánh giá pháp lý) *Hiện trạng,1,2022-09-23,2022-09-23,https://goo.gl/maps/tMLVh6Gm8DCwNDzN6,"834,2m2; 420,2m2; 336,4m2; 77.6m2; 9,4ha",,"Thao L - INVT 9/23/2022 5:58 PM Em gửi anh Tuan Tran-CEO báo cáo sơ bộ dự án Vương Bảo Long (kèm đánh giá pháp lý) *Hiện trạng: - Vị trí: Đường Bà Giang, An Bình, Dĩ An, Bình Dương. - Khu đất có 02 lối tiếp cận chính: + Đường Bà Giang - lối tiếp cận chính - bề rộng giáp đường rộng khoảng 16m. + Đường vào nghĩa trang - cập phía bên hông khu đất - bề rộng giáp đường rộng khoảng 245m. - Giáp phía sau khu đất là Nghĩa trang Hải Nam, và có mộ dân ở phía trước của khu đất, phía bên hông là kho bãi container. - Hiện khu đất đang là kho bãi container. - Pháp lý dự án: +Pháp lý đất: GCN quyền sử dụng đất cho 86.834,2m2, trong đó: . 3.420,2m2 là đất cở sở sản xuất phi nông nghiệp - trả tiền hằng năm đến 2057 (phần QH đường sắt), . 83.336,4m2 là đất cở sở sản xuất phi nông nghiệp - trả tiền một lần đến 2057 (phần QH đất ở), . 77.6m2 là đất ở lâu dài (QH là đất ở). + Pháp lý đầu tư: Chấp thuận chủ trương đầu tư và chấp thuận nhà đầu tư tháng 7/2022. + Pháp lý quy hoạch: Đang trong quá trình hoàn t"
kết nối vào quỹ đất,,kết nối vào quỹ đất,1,2022-09-26,2022-09-26,,"10,9ha; 9,4ha; 12,9ha; 4,2ha; 17,1ha; 1,3ha; 6,4ha; 15,8ha","7,8tr/m2; 10tr/m2; 8.6tr/m2","Thao L - INVT 9/26/2022 5:30 PM Em gửi anh Tuan Tran-CEO báo cáo quỹ đất 10,9ha Hiệp Hòa, Biên Hòa, Đồng Nai. Vị trí: Chưa có đường đủ điều kiện để làm dự án kết nối vào quỹ đất. Hiện trạng: Quỹ đất được chào có tổng diện tích 10,9ha trong đó: + 9,4ha là đất nông nghiệp được QH đa phần là đất ở có giá chào là 7,8tr/m2 (giá chào này bao gồm phần đất mở đường QH khi làm dự án). + Phần còn lại là rạch thuộc quản lý của Nhà nước. Pháp lý đất: + Hiện chỉ có bảng vẽ vị trí, ranh quỹ đất được chào. + Quỹ đất hiện là đất nông nghiệp, chưa có đất ở và có phần rạch thuộc quản lý của nhà nước xen kẽ => phải thông qua hình thức đấu thầu có sử dụng đất để làm dự án. + Để đấu thầu dự án, ranh dự án phải trọn ô chức năng. Theo QH SDĐ, ranh trọn ô chức năng (QH đất ở đô thị, ranh chấm đỏ chấm theo hình) có tổng diện tích là 12,9ha. Tuy nhiên, khi thực hiện đền bù, sẽ phải mua trọn tờ, trọn thửa. Do đó, sẽ có những diện tích vừa nằm trong ranh dự án (12,9ha) vừa nằm ngoài ranh dự án (4,2ha) => Tổng diệ"
giá bán quỹ đất bao gồm cam kết của đối tác sẽ hỗ trợ phần đất đi vào dự án,,(giá bán quỹ đất bao gồm cam kết của đối tác sẽ hỗ trợ phần đất đi vào dự án),1,2022-09-26,2022-09-26,,"0,87ha; 1,8ha; 305,4m2; 100m2; 916,2m2; 710,63m2",12tr/m2; 14tr/m2; 1tr/m2,"Thao L - INVT 9/26/2022 5:31 PM Phương án tính toán: + Tiền chuyển mục đích sử dụng đất tạm tính là: 12tr/m2 cho phần đất thương phẩm (trừ NOXH, tính thoe phương pháp thặng dư, gấp 1.4 lần đơn giá nhà nước). + Khi đền bù giải phóng mặt bằng sẽ phải mua trọn thửa và có phần sẽ nằm ngoài ranh dự án. Tạm định giá đầu ra phần đất nông nghiệp nằm ngoài ranh dự án, được QH là đất ở với diện tích là 0,87ha với đơn giá là 14tr/m2. + Làm đường đi vào dự án (giá bán quỹ đất bao gồm cam kết của đối tác sẽ hỗ trợ phần đất đi vào dự án) với chi phí làm đường là 1tr/m2 cho 1,8ha diện tích làm đường. + Bảng cơ cấu đất: Hạng mục đất Diện tích đất (m2) Tỷ lệ đất (%) Đất ngoài ranh nghiên cứu 42,474.47 24.7% Đất cây xanh tập trung 5,512.00 3.2% Đất NN (QH đất ở hiện hữu chỉnh trang) 8,710.63 5.1% Đất giao thông ngoại khu 28,251.84 16.5% Đất trong ranh nghiên cứu 129,180.37 75.3% Nhóm đất ở thấp tầng 123,054.00 71.69% Đất ở Thương mại 12,305.40 7.17% Đất ở nội khu 36,916.20 21.51% NOXH 12,305.40 7.17% Câ"
từ đường đặng văn trơn và giá chào đã bao gồm phần đất này,,từ đường Đặng Văn Trơn và giá chào đã bao gồm phần đất này,1,2022-09-26,2022-09-26,https://goo.gl/maps/dSeYp8x6gD6nWQJo7,"15,8ha","58tr/m2; 77tr/m2; 8,7tr/m2; 70tr/m2; 8.35tr/m2; 14tr/m2; 559,5 tỷ; 1.249 tỷ; 7,8tr/m2","Thao L - INVT 9/26/2022 5:32 PM Edited Giá bán sản phẩm: (Dựa vào giá thị trường cơ sở hiện tại là 58tr/m2 đất vào năm 2022). + Đất ở thương mại: 77tr/m2 đất và 8,7tr/m2 sàn (2025-2026). + Đất ở nội khu: 70tr/m2 đất và 8,7tr/m2 sàn (2025-2026). + NOXH: 8.35tr/m2 sàn NOXH (2025-2026). + Tạm định giá đầu ra phần đất nông nghiệp (QH đất ở hiện hữu chỉnh trang): 14tr/m2 đất. Hiệu quả tài chính: Tỷ lệ LNTT/TMĐT: 15,5% với Lợi nhuận trước thuế là 559,5 tỷ đồng. Kết luận: + Để nhận chuyển nhượng quỹ đất với điều kiện tiên quyết là đối tác đã có sẵn phần đất QH đường kết nối vào dự án từ đường Đặng Văn Trơn và giá chào đã bao gồm phần đất này. + Để dự án đạt tỷ lệ LNTT/TMĐT là 20% khi tổng giá trị đền bù và chuyển nhượng đất là 1.249 tỷ cho tổng diện tích là 15,8ha (tương đường 7,8tr/m2) Link hồ sơ: https://belgroupvn-my.sharepoint.com/:f:/g/personal/trieunguyenptdt_beegroup1_com/Eh5s-UJUAA5Dj7zBlCHOr6sBjBcXKcYtt1vQQZsXESWpTA?e=T5Rb7Y Link vị trí: https://goo.gl/maps/dSeYp8x6gD6nWQJo7 BC Hiệp "
lớn và có quy mô tương tự dự án nghiên cứu dự án hùng thắng 1,,lớn và có quy mô tương tự dự án Nghiên cứu (Dự án – Hùng Thắng 1,1,2022-10-01,2022-10-01,,1.7 ha,,"Huy M - IM 10/1/2022 9:26 AM KĐT gửi CEO Tuan Tran-CEO kế hoạch đi khảo sát thị trường Quảng Ninh chi tiết như sau: Mục tiêu: Khảo sát thị trường Quảng Ninh, các dự án lớn và có quy mô tương tự dự án Nghiên cứu (Dự án – Hùng Thắng 1.7 ha) Thời gian: Ngày 3 – 5/11/2022 Nhân sự: Võ Bình – GĐ KĐT Mai Huy – TP ĐT Nguyễn Thanh Sơn - TP R&D Văn Đình Sơn – Trợ lý TGĐ KĐT trình CEO xét duyệt để triển khai các công tác liên quan. Ok by Unknown User"
the bale tại phan thiết,,the Bale tại Phan Thiết,1,2022-10-11,2022-10-11,https://goo.gl/maps/VFB9RLFqHkCjVD4Y6,13ha; 11.3ha; 1.9ha,390.48 tỷ; 3tr/m2; 39tr/m2; 40tr/m2; 21tr/m2; 24tr/m2; 2548 tỷ; 3143 tỷ; 189 tỷ,"Trieu Nguyen-PTDT 10/11/2022 6:26 PM KĐT gửi anh Tuan Tran-CEO báo cáo dự án the Bale tại Phan Thiết, Bình Thuận có giá chào 390.48 tỷ đồng (3tr/m2 đất) cam kết hoàn thành đường kết nối, đền bù, và đóng tiền thuê đất 1 lần (BeeG trả tiền thuê đất) cụ thể: Vị trí và hiện trạng: Dự án nằm tại hẻm của đường Nguyễn Đình Chiểu (đường ven biển), cách bãi biển khoảng 500m Pháp lý đất: Dự án có tổng quy mô 13ha hiện có 2 sổ đất TMDV có quy mô 11.3ha, đất TMDV đóng tiền thuê đất hàng năm đến 2059 (còn 37 năm) Còn 1.9ha đang đền bù (chủ đầu tư cam kết đền bù sạch) Pháp lý đầu tư: Đã có CTĐT duyệt bán/cho thuê theo vòng đời dự án Pháp lý quy hoạch: QHSDĐ là TMDV Đã có QH 1/500: đất khu biệt thự chiếm 37%, đất khu căn hộ chiếm 5%, đất bungalow chiếm 12.8%, đất nhà hàng chiếm 1.2%, còn lại là đất hạ tầng cảnh quan. Sản phẩm kinh doanh: 127 căn biệt thự: giá bán đất 39tr/m2 đất tại 2024 206 căn hộ: giá bán 40tr/m2 sàn thông thủy có VAT tại năm 2024 1 khu nhà hàng: giả định giá thuê khoán 21tr/m2 sàn"
có 4 mặt tiền nằm tại trục chính đường hoàng quốc việt,,có 4 mặt tiền nằm tại trục chính đường Hoàng Quốc Việt,1,2022-10-31,2022-10-31,https://goo.gl/maps/xLiJbzx1TGiATefw5,"1.7ha; 17098m2; 133,555m2",140tr/m2; 2400 tỷ; 53tr/m2; 55tr/m2; 38tr/m2; 63.6tr/m2; 6297 tỷ; 7573 tỷ; 1432 tỷ; 1419 tỷ,"Trieu Nguyen-PTDT 10/31/2022 2:44 PM Edited KĐT gửi anh Tuan Tran-CEO báo cáo dự án 1.7ha tại đường Hoàng Quốc Việt, Hạ Long, Quảng Ninh có giá chào 140tr/m2 đất (2400 tỷ), cụ thể: Vị trị và hiện trạng: Dự án có 4 mặt tiền nằm tại trục chính đường Hoàng Quốc Việt, nằm trong quần thể dự án của BIM GROUP, có hướng nhìn ra biển Phía đối diện dự án có dự án công viên và biển hồ Pháp lý đất: GCNQSDĐ có quy mô 17098m2 đất ở kết hợp cửa hàng, thời hạn sử dụng lâu dài, có nguồn gốc nhà nước giao đất có thu tiền sử dụng đất Pháp lý đầu tư: Chưa có Pháp lý quy hoạch: QH Phân khu: Đất hỗn hợp, MĐXD 65%, HSSD 12 lần, 30 tầng cao Pháp lý xây dựng: Chưa có Sản phẩm đề xuất: Công trình chung cư cao cấp 133,555m2 sàn chung cư: giá bán 53tr/m2 sàn thông thủy có VAT tại năm 2025 (tham khảo dự án ICON 40 có giá dự kiến 45-55tr/m2 tim tường có VAT mở bán T11/2022, và dự án Green Bay Premium mở bán Q4/2016 có giá sang tay 36-38tr/m2 hiện tại) 52 căn shophouse khối đế: 63.6tr/m2 sàn thông thủy có VAT tại nă"
hải âu tại bãi trường,,Hải Âu tại Bãi Trường,1,2022-11-04,2022-11-04,,11.2ha; 8.37ha; 6.95ha,1.100 tỷ,"Thao L - INVT 11/4/2022 3:24 PM K.ĐT báo cáo anh Tuan Tran-CEO dự án Hải Âu tại Bãi Trường, Dương Tơ, Phú Quốc. Thông tin: Dự án có quy mô 11.2ha với giá chào chuyển nhượng là 1.100 tỷ tương ứng 9,7tr.đ/m2 (bao hồm hiện trạng có các công trình trên đất). Vị trí: Dự án nằm phía cuối Bãi Trường, có phần biển dài khoảng 250m, tiếp giáp đường Trần Hưng Đạo, cách dự án MeyHomes khoảng 2,3km. Hiện trạng: Dự án hiện có các công trình đang xây dựng, tuy nhiên không xác định rõ được tiến độ, quy mô, diện tích xây dựng và giá trị công trình hiện hữu. Pháp lý dự án: Pháp lý đất: GCN quyền sử dụng đất 8.37ha- đất TMDV đến 2082, nguồn gốc: Nhà nước giao đất có thu tiền sử dụng đất (đóng tiền thuê đất một lần, trong đó: Được giảm 50% tiền sử dụng đất theo quy định số 695/QĐ-CT ngày 11/06/2018 với diện tích 6.95ha.) Thời hạn còn lại: 60 năm. Phần còn lại là đất hành lang biển, đất giao thông sân bãi. Pháp lý đầu tư: Giấy chứng nhận đăng kí đầu tư. Mục tiêu dự án: Đầu tư Khu du lịch nghỉ dưỡng hỗ hợp "
được đề xuất nghiên cứu đầu tư tại huyện giao thuỷ,,được đề xuất nghiên cứu đầu tư tại huyện Giao Thuỷ,1,2022-11-08,2022-11-08,https://goo.gl/maps/Y5rcVkPSFzuYQtaJ7; https://goo.gl/maps/tu8NToyeSY9qMEt19,7ha; 50ha; 75ha; 33ha; 10ha; 200 ha,,"Huy M - IM 11/8/2022 2:38 PM Edited KĐT báo cáo CEO Tuan Tran-CEO 2 dự án được đề xuất nghiên cứu đầu tư tại huyện Giao Thuỷ, tỉnh Nam Định Khu Du lịch TMDV 7ha tại Thị Trấn Quất Lâm, huyện Giao Thuỷ, tỉnh Nam Định Cụm Công Nghiệp 50ha tại xã Giao Tiến, huyện Giao Thuỷ, tỉnh Nam Định Khu Du lịch TMDV 7ha tại Thị Trấn Quất Lâm Vị trí: Bãi biển thuộc khu Du lịch Quất Lâm (1 trong 4 khu du lịch biển chính ở miền Bắc (Hạ Long – Đồ Sơn – Quất Lâm – Sầm Sơn). Cách TP Nam Định 40km, TP. Hà Nội 120km (di chuyển mất 2 tiếng) Hạ Tầng khu vực còn kém phát triển so với Hạ Long, Sầm Sơn, đón 100.000 lượt khách/năm thời điểm trước dịch Covid. Hiện trạng: Trước khi tháo dỡ các Kios được xây dựng dọc bờ biển thì đây là khu vực sầm uất trong thời điểm mùa du lịch. Tuy nhiên sau đợt dịch Covid và đợt thực hiện tháo dỡ các Kios theo quyết định của Tỉnh thì hiện trạng rất vắng vẻ, các hoạt động dịch vụ ăn uống, khách sạn đều đã dừng hoạt động Dự án 7ha được quy hoạch là đất TMDV, tuy nhiên không tiếp xúc "
chung cư tại tân bình,,chung cư tại Tân Bình,1,2022-11-16,2022-11-16,https://goo.gl/maps/sMLMvWwegyerE3jJ9,9379m2; 2000m2; 9739m2; 9352.6m2; 66530 m2; 2111m2,380 tỷ; 320 tỷ; 237.55 tỷ; 82.45 tỷ; 38tr/m2; 33tr/m2; 31tr/m2; 36tr/m2; 36.5tr/m2; 45tr/m2; 1981.6 tỷ; 3015.2 tỷ; 700.7 tỷ,"Trieu Nguyen-PTDT 11/16/2022 3:35 PM Edited KĐT gửi anh Tuan Tran-CEO báo cáo dự án chung cư tại Tân Bình, Dĩ An, Bình Dương có quy mô 9379m2, có giá chào 380 tỷ nhưng do chủ cần bán gấp nên vẫn có thể thương lượng ở mức 320 tỷ trong đó 237.55 tỷ (25.3 tr.đồng/m2)là tiền chuyển nhượng đất và tiền sử dụng đất + 82.45 tỷ là tiền đền bù và hoàn thành đường kết nối N5 có lộ giới 17m chiều dài 150m, cụ thể: Vị trí và hiện trạng: - Dự án có 2 mặt tiền hẻm: 1 hẻm bê tông kế nối đường Thanh Niên và 1 hẻm bê tông kết nối đường Nguyễn Thị Minh Khai, Phường Tân Bình, TP Dĩ An, Bình Dương - Cách Đường Mỹ Phước Tân Vạn 640m - Cách Đường DT 743B khoảng 3km (theo tuyến đường Mỹ Phước Tân Vạn) thuận tiện di chuyển đến các huyện thành phố lân cận thuộc Bình Dương, Bình Phước và về TPHCM - Cách QL 1K khoảng 4.8km thuận tiện di chuyển đến TP Biên Hòa và TP Hồ Chí Minh Pháp lý đất: Chưa được cung cấp GCNQSDĐ, phía chào bán cho biết có khoảng 2000m2 đất ODT trong tổng quy mô 9739m2 đất sạch Pháp lý đầu tư:"
anantara mũi né resort,,Anantara Mũi Né Resort,1,2022-11-18,2022-11-18,,"2,45ha; 14.812m2; 20.815m2",875 tỷ; 550 tỷ; 325 tỷ; 243 tỷ,"Thao L - INVT 11/18/2022 3:00 PM Khối Đầu tư gửi anh Tuan Tran-CEO báo cáo định giá tài sản dự án Anantara Mũi Né Resort, thuộc CĐT Novaland Phan Thiết với các thông tin như sau: I. THÔNG TIN CƠ BẢN Giá chào chuyển nhượng của đối tác: 875 tỷ; trong đó: Khoản vay tại 31/10/2022: 550 tỷ - khoản vay liên quan khác (không phục vụ HĐSXKD). Hiện QSDĐ và tài sản trên đất của Anantara đang được thế chấp để đảm bảo khoản vay này. Giá chuyển nhượng cổ phần: 325 tỷ. Vị trí: Đường Nguyễn Đình Chiểu – Nguyễn Thông, P. Hàm Tiến, TP. Phan Thiết, T. Bình Thuận. Có mặt tiền biển rộng khoảng 120m. Dự án nằm giữa đoạn thủ phủ các khu nghĩ dưỡng TP.Phan Thiết, cách dự án Sea Links khoảng 1km. II. HIỆN TRẠNG: Dự án đang được vận hành và khai thác với các thông số chi tiết sau: Đơn vị vận hành: Minor Hotel Group – brand Anantara - 5 sao Quốc tế. HMA ký ngày 17/12/2010, Hết hạn lần 1 năm 2020, tự động gia hạn thêm 10 năm sau mỗi lần hết hạn. Số lượng phòng và tiện ích kèm theo: 70 phòng khách sạn + 20 Biệt t"
kcn do tập đoàn xuận thiện làm cđt,,KCN do Tập đoàn Xuận Thiện làm CĐT,1,2022-12-03,2022-12-03,,120ha; 56.000 ha,98.000 tỷ; 900 tỷ; 35.000 tỷ,"Thao L - INVT 12/3/2022 12:01 PM K.ĐT gửi anh Tuan Tran-CEO báo cáo về Đề xuất Thực hiện Đầu tư Xây dựng KCN Nghĩa Sơn, tại Huyện Nghĩa Hưng, tỉnh Nam Định như sau: Khảo sát thực địa: Theo như giới thiệu của tỉnh, K.ĐT đã khảo sát thực địa và có các đánh giá khách quan về KCN Nghĩa Sơn như sau: Vị trí: Nằm giữa 2 đường trục Phát triển Cao Bồ - Nam Điền & DT490C. Quy mô: Dự kiến đang trình duyệt là 120ha (chưa có ranh chính xác). Tiềm năng: . Hiện trạng quỹ đất đang là đất lúa với từng ô lớn, thuận tiện cho công tác đền bù giải phòng mặt bằng. . Đơn giá đền bù khu vực còn thấp (~200.000VNĐ/m2), vẫn còn dư địa để phát triển so với các tỉnh đã đi khảo sát Bắc Ninh, Hải Phòng… . Nằm trên đường trục Phát triển kết nối lên Cao tốc Ninh Bình – Hải Phòng – Quảng Ninh hướng về phía Bắc: 4 km và kết nối CT01 (Cao tốc Bắc –Nam). . Hướng về Phía Nam của Huyện là Khu Kinh tế Ninh Cơ Quy mô 56.000 ha. Và Dự án KCN do Tập đoàn Xuận Thiện làm CĐT với 02 Nhà máy Gang thép - Cán thép đã dược tỉnh phê du"
kdc minh hưng tại xã minh hưng,,KDC Minh Hưng tại xã Minh Hưng,1,2022-12-14,2022-12-14,,"15,2ha; 600m2",280 tỷ,"Thao L - INVT 12/14/2022 11:04 AM K.ĐT gửi anh Tuan Tran-CEO báo cáo dự án KDC Minh Hưng tại xã Minh Hưng, Chơn Thành, Bình Phước có quy mô 15,2ha, có giá chào 280 tỷ (~1,83 tr.đồng/m2), chưa bao gồm tiền CMĐSDĐ, cụ thể: Vị trí và quy hoạch tương lai khu vực: - Có đường vào giáp mặt tiền QL13 (rộng 16m), xã Minh Hưng, Huyện Chơn Thành, Tỉnh Bình Phước. Cách KDC Đại Nam khoảng 1Km. - Về hạ tầng giao thông: Trong tương lai, các đường cao tốc TPHCM- Chơn Thành, cao tốc Chơn Thành – Đăk Nông được triển khai và đưa vào hoạt động. => Kết nối giao thông đến các tỉnh, thành phố lân cận nhanh chóng, thuận tiện và dễ dàng. - Về tiềm năng phát triển khu vực: + Khu vực tập trung nhiều KCN hiện hữu. + Có các KCN đang được triển khai và sẽ đưa vào hoạt động trong tương lai gần. + Nhiều quỹ đất được QH chức năng KCN và KDC. => Khi hạ tầng kết nối dần hoàn thiện, các KCN hiện hữu và đang triển khai sẽ được lấp đầy và hình thành các KCN, KDC mới. Pháp lý đất: GCNQSDĐ: 15,2ha, trong đó: Đất ở: 600m2; cò"
không đạt hiệu quả tài,,không đạt hiệu quả tài,1,2022-12-14,2022-12-14,,,"11,5tr/m2; 750 tỷ; 100 tỷ; 1.037 tỷ; 194 tỷ","Thao L - INVT 12/14/2022 11:08 AM Giá bán đề xuất: - Giá bán đất hiện tại (2022) dựa vào thị trường xung quanh dự án: trung bình 11,5tr/m2, tỷ lệ tăng giá mỗi năm 10%. - Giá bán năm 2025-2026: Loại hình Diện tích đất (m2) Diên tích sàn (m2) Đơn giá bán đất (tr/m2) có VAT Đơn gián bán sàn (tr/m2) có VAT Đất nhà phố liền kề 47.412,3 - 14,6 - Đất ở shophouse 6.912,0 - 17,5 - Đất ở shophouse (bán nhà) 2.160,0 5.184,0 17,5 7,8 Đất ở biệt thự song lập 5.008,0 - 12,4 - Đất TMDV 7.628,0 12.204,8 8,0 7,1 Đất công trình công cộng 2.508,9 3.261,6 6,6 7,1 Thông số: - Tổng mức đầu tư là 750 tỷ đồng (chưa VAT) bao gồm tiền CMĐSDĐ tạm tính 100 tỷ đồng. - Tổng doanh thu là 1.037 tỷ đồng (chưa VAT). - Tổng lợi nhuận trước thuế là 194 tỷ đồng. Kết luận: - Dự án không đạt hiệu quả tài ... by Thao L - INVT"
chi phí đất,,(Chi phí đất,1,2022-12-15,2022-12-15,https://goo.gl/maps/1eXNtJWdQZHPkvXp8,"75ha; 1.100ha; 53,6ha; 150ha","6000 tỷ; 127,2 tỷ; 180 tỷ; 247 tỷ","Thao L - INVT 12/15/2022 12:04 PM Edited K.ĐT gửi anh Tuan Tran-CEO báo cáo về Cụm công nghiệp Giao Yến, quy mô 75ha tại xã Giao Yến, huyện Giao Thủy, tỉnh Nam Định như sau: 1. Hiện trạng và hạ tầng: - Hiện trạng: Đất nông nghiệp, trống và chưa có đường lớn kết nối vào khu đất. - Hạ tầng trương lai: Giáp với Đường bộ Ven biển, sẽ kết nối thẳng với QL37B (hiện hữu) và kết nối thẳng Đường Nam Định - Lạc Quần đang triển khai xây dựng và dự kiến hoàn thành năm 2027 với tổng chiều dài 24,7km, TMĐT: 6000 tỷ và mặt cắt tại đoạn lớn nhất 100m. Đường Nam Định - Lạc Quần sẽ trực tiếp kết nối Cao Tốc Ninh Bình – Hải Phòng – Quảng Ninh. => Tạo hệ thống hạ tầng kết nối thuận tiện đến các tỉnh lân cận và các cảng biển lớn. - Tiềm năng: Gần KCN VSIP có quy mô lớn nhất tỉnh Nam Định (1.100ha), khi KCN VSIP được triển khai sẽ tạo sực bật lớn với thị trường CCN - KCN xung quanh nói riêng và tỉnh Nam Định nói chung. 2. Phương án đầu tư: - Loại hình phát triển: Cho thuê thu tiền một lần đất, hạ tầng CCN: "
trong thời gian khai thác kinh doanh,,trong thời gian khai thác kinh doanh,1,2022-12-27,2022-12-27,,2584m2; 1704m2; 884m2,,"Trieu Nguyen-PTDT 12/27/2022 3:31 PM KĐT gửi anh Tuan Tran-CEO báo cáo dự phòng P&L 5 năm từ 2023 - 2027 cho Khách sạn Regalia Gold 4 sao tại Nha Trang, cụ thể: 1/ Vị trí và hiện trạng: Khách sạn nằm tại đường Nguyễn Thị Minh Khai, P. Tân Lập, Nha Trang, cách bãi biển khoảng 400m Công trình khách sạn 4 sao cao 40 tầng, có 850 phòng 2/ Pháp lý đất: Thông tin được cung cấp: công trình xây dựng trên khu đất có quy mô 2584m2, trong đó 1704m2 đất ODT có thời hạn sử dụng lâu dài và 884m2 đất thuê trả tiền hàng năm nằm trong khu vực quy hoạch giao thông. 3/ Thông tin thị trường: Các khách sạn 4 sao nằm cùng vị trí (không ven biển) có giá thuê dao động từ $40 - 54/đêm/phòng, có quy mô từ 100 - 300 phòng Theo thống kê, tỷ lệ khách du lịch nội địa năm 2022 tăng 18% so với năm 2019 là 1 phần kết quả sau 2 năm 2020 và 2021 người dân không được di du lịch. Tuy nhiên, lượng khách du lịch quốc tế không đạt như kỳ vòng, chỉ được 3.5 triệu du khách so với mục tiêu đề ra là 5 triệu du khách, thấp hơn nh"
nhà ở khi chuyển mục đích sang đất ở,,nhà ở khi chuyển mục đích sang đất ở,1,2023-03-15,2023-03-15,,5.000 m2,,"Huy M - IM 3/15/2023 10:20 AM KĐT báo cáo CEO Tuan Tran-CEO đánh giá nhanh 12 lô đất anh Duy gửi của Sun Group tại Khu Đô thị ven sông Hoà Xuân - Cẩm Lệ - Đà Nẵng với mục đích làm Khu Chung cư cao tầng. Về Pháp lý đất: Theo GCNQSDĐ được cung cấp (2 lô đại diện): + Diện tích: ~ 5.000 m2 + Mục đích sử dụng: Đất cơ sở sản xuất kinh doanh + Thời hạn: Lâu dài + Nguồn gốc đất: Nhà nước giao đất có thu tiền sử dụng đất. + Cấp ngày 15/06/2011 Với mục đích sử dụng đất vẫn còn là đất SKC chưa chuyển mục đích sang đất ở, trong trường hợp thực hiện dự án nhà ở khi chuyển mục đích sang đất ở theo Luật Đất đai sẽ phải thực hiện đấu giá đối với hiện trạng các khu đất này Về pháp lý quy hoạch: + Theo thông tin QH đối tác cung cấp tại văn bản số 3175 ngày 03/05/2019 của SXD Đà Nẵng, các khu đất trên phần lớn có hệ số sử dụng đất từ 14 đến 18 lần, Theo QC 01/2021 hiện nay thì hệ số sử dụng đất tối đa là 13 lần. Các khu đất này không thuộc trường là các công trình điểm nhấn tại Đà Nẵng để được áp dụng đi"
văn phòng tại khu đất 197 lê văn sỹ,,Văn phòng tại khu đất 197 Lê Văn Sỹ,1,2023-04-11,2023-04-11,,"985,7m2; 120,07m2; 865,63m2; 695,8m2",340 tỷ,"Thao L - INVT 4/11/2023 10:34 AM K.ĐT báo cáo anh Tuan Tran-CEO dự án Văn phòng tại khu đất 197 Lê Văn Sỹ, phường 13, quận 3. Khu đất Nằm trên đường Lê Văn Sỹ và hẻm 195 Lê Văn Sỹ, cách cầu Lê Văn Sỹ khoảng 50m có tổng diện tích 985,7m2 với giá chào bán là 340 tỷ như sau: 1.Pháp lý đất: GCNQSDĐ các thửa đất với tổng diện tích là 985,7m2. Mục đích sử dụng: Đất ở lâu dài. Bản đồ hiện trạng vị trí khu đất, trong đó xác định phần lộ giới khoảng 120,07m2, phần đất phù hợp quy hoạch khoảng 865,63m2. 2.Pháp lý đầu tư: chưa có 3.Pháp lý quy hoạch: Theo văn bản 3004/SQHKT-QHKVI của Sở quy hoạch – kiến trúc cấp ngày 27/08/2020 Về việc cung cấp thông tin quy hoạch đô thị tại địa điểm số 197 Lê Văn Sỹ, phường 13, quận 3 (một phần khu đất – thửa 25, tờ 14 – 695,8m2). Mục đích xây dựng: Văn phòng; MĐXD: 55%, HSSDĐ: 8 lần. 4.Pháp lý xây dựng: chưa có. 5. Đề xuất pháp lý: Mục tiêu: Xây dựng, vận hành Văn phòng mà vẫn giữ được mục đích Đất ở lâu dài. Cách thức để giữ lại mục đích Đất ở lâu dài: - Đại d"
dkc arita twin tower 1,,DKC ARITA TWIN TOWER 1,1,2023-04-13,2023-04-13,https://goo.gl/maps/h4LQbK4dijinbrmF8,"1,1ha; 233,6m²; 722,9m²; 478,3m²; 1.978m²; 266,6m²; 510,7m²; 758,3m²; 752,4m²; 236,6m²; 112.7m²","150 tỷ; 11,5 tỷ; 312,8 tỷ","Sinh Nguyen-Dau Tu 4/13/2023 11:20 AM K.ĐT báo cáo anh Tuan Tran-CEO dự án DKC ARITA TWIN TOWER 1,1ha, số 2 Mai Mắc Đế, phường Quán Bàu, Thành phố Vinh, tỉnh Nghệ An như sau: 1/ Vị trí Tọa lạc 3 mặt tiền đường Mai Hắc Đế (quy hoạch rộng 45m), đường Phan Bội Châu (quy hoạch rộng 40m) và đường nội bộ (quy hoạch rộng 12m) Cách Chợ Vinh khoảng 2,7km, cách nhà Ga Vinh khoảng 1km, cách trung tâm hành chính Vinh khoảng 2,5km 2/ Pháp lý đất Tổng diện tích đất bàn giao: 11.233,6m² Đã bàn giao đợt 1 là 9.722,9m². Mục đích sử dụng đất SKC: 3.478,3m², ODT: 1.978m², DGT: 4.266,6m² Nguồn gốc: Thuê đất trả tiền 1 lần Chưa bàn giao đất đợt 2: 1.510,7m². Mục đích sử dụng đất SKC: 758,3m², ODT: 752,4m² => Với mục đích sử dụng đất là đất SKC (tổng diện tích 4.236,6m²) vẫn là của nhà nước chưa chuyển mục đích sang đất ở, trong trường hợp thực hiện dự án nhà ở khi chuyển mục đích sang đất ở theo Luật hiện hành sẽ phải thực hiện đấu giá đối với hiện trạng các khu đất này 3/ Giải phóng mặt bằng: Theo văn bản"
team đã đi khảo sát,,team đã đi khảo sát,1,2023-04-15,2023-04-15,,1ha,,"Huy M - IM 4/15/2023 11:39 AM Edited Bên Thái tuần này đang trong thời gian nghỉ lễ Tết truyền thống của họ, qua đầu tuần sau sẽ gửi bổ sung thêm các thông tin còn thiếu cho các dự án team đã đi khảo sát. Team sẽ gửi Tuấn báo cáo cho dự án 1ha -Bangkok vào ngày 21/4 nhé."
mình lên gia tăng hiệu quả đầu tư vì không tốn thêm bộ máy vận hành,,mình lên gia tăng hiệu quả đầu tư vì không tốn thêm bộ máy vận hành,1,2023-04-26,2023-04-26,https://goo.gl/maps/nSTM1wgMZyyzcAhg9,75ha,,Huy M - IM 4/26/2023 10:10 AM Anh có đề xuất nếu được mình xin thêm 75ha bên cạnh để scale dự án mình lên gia tăng hiệu quả đầu tư vì không tốn thêm bộ máy vận hành. Và sẽ ăn theo được khu Vsip khi họ phát triển Link https://goo.gl/maps/nSTM1wgMZyyzcAhg9 by Unknown User
của mình sẽ thực h,,của mình sẽ thực h,1,2023-04-26,2023-04-26,https://goo.gl/maps/nSTM1wgMZyyzcAhg9,,,"Tuan Tran-CEO 4/26/2023 10:11 AM https://goo.gl/maps/nSTM1wgMZyyzcAhg9 CẦU THÁI ĐỊNH · 7HR3+796, ĐT489, Giao Thiện, Giao Thuỷ, Nam Định, Việt Nam ★★★★★ · Cầu goo.gl Tiến độ triển khai dự án của mình sẽ thực h... by Huy M - IM"
swanbay 456ha hiện dic đã chuyển,,Swanbay 456ha hiện Dic đã chuyển,1,2023-06-03,2023-06-03,,456ha,,"Huy M - IM 6/3/2023 11:32 AM Trước đây team cũng có giá thị trường của 2 khu vào Q.3/2022 nên sẽ cập nhật thêm giá hiện tại để có so sánh giá Giờ thấy chủ đầu tư rao cắt lỗ hạ giá tùm lum hết mà, sao lại khó kiếm thông tin vậy hã Bên dự án Swanbay 456ha hiện Dic đã chuyển ... by Huy M - IM"
swanbay 456ha hiện dic đã chuyển nhượng lại các dự án thành phần cho các chủ đầu tư khác nên có nhiề,,Swanbay 456ha hiện Dic đã chuyển nhượng lại các dự án thành phần cho các chủ đầu tư khác nên có nhiề,1,2023-06-05,2023-06-05,,456ha,,"Huy M - IM 6/5/2023 12:25 PM Bên dự án Swanbay 456ha hiện Dic đã chuyển nhượng lại các dự án thành phần cho các chủ đầu tư khác nên có nhiều dự án con. Bên Aqua cũng khá nhiều phân khu. Team thu thập giá các loại hình nhà phố, shophouse, villa. Ngày mai sẽ gửi tổng hợp so sánh báo cáo Tuấn nhé. ok by Unknown User"
khu nhà ở đại quang minh,,Khu nhà ở Đại Quang Minh,1,2023-06-12,2023-06-12,https://goo.gl/maps/GPVNSt7Q6a73xSKHA,"9.680m2; 034,8m2; 392,4m2; 642,4m2; 9.902m2; 66,2m2; 180m2; 62m2","135 tỷ; 37,1tr/m2; 185,75tỷ; 4,7tr/m2; 184,76 tỷ; 34tr/m2; 30tr/m2; 31,5tr/m2; 37,5tỷ; 37,1 tỷ; 72,850tỷ; 20tr/m2","Thao L - INVT 6/12/2023 1:50 PM K.ĐT báo cáo anh Tuan Tran-CEO về dự án Khu nhà ở Đại Quang Minh, Thuận Giao, Bình Dương - Dự án thấp tầng nằm cùng khu với Dự án cao tầng Việt An; Nguồn Mr. Duy - P.PTQĐ như sau: 1/ THÔNG TIN DỰ ÁN: - Giá chào: 135 tỷ cho phần còn lại của dự án - 55 nền đất chưa xây dựng nhà ở, hạ tầng hoàn thiện. - Diện tích đất dự án: 9.680m2 trong đó có 5.034,8m2 đất ở tương ứng 75 căn, đối tác đã bán 20 căn có tổng diện tích đất là 1.392,4m2 => Phần diện tích đất ở thương phẩm còn lại là 3.642,4m2 với giá chào 135 tỷ ~ 37,1tr/m2 đất ở. - Vị trí: Tiếp giáp đường D4 (vào bằng đường Thuận Giao 09), Thuận Giao, Thuận An, Bình Dương. - Link map: https://goo.gl/maps/GPVNSt7Q6a73xSKHA - Hiện trạng: HTKT đã hoàn thành, 08/20 căn đã bán xây dựng xong phần thô, phần 12 căn còn lại chưa xây dựng. - Quy mô: Dự án thấp tầng xây dựng nhà ở 03 tầng. 2/ PHÁP LÝ: a/ Pháp lý đất: - Các lô đất đã có sổ hồng riêng đất ở có thời hạn đến 2069 đứng tên CĐT, sau khi hoàn thành xây dựng nhà"
kcn thái hòa liễn sơn liên hòa khu vực 1 284 ha thuộc địa phận các xã,,KCN Thái Hòa – Liễn Sơn – Liên Hòa - Khu vực 1 (284 ha) thuộc địa phận các xã,1,2023-06-16,2023-06-16,,284 ha,,Sinh Nguyen-Dau Tu 6/16/2023 8:48 PM K.ĐT báo cáo anh Tuan Tran-CEO dự án KCN Thái Hòa – Liễn Sơn – Liên Hòa - Khu vực 1 (284 ha) thuộc địa phận các xã
khu đô thị mới bắc quán hành quán hành nghi lộc nghệ an,,Khu Đô Thị Mới Bắc Quán Hành - Quán Hành - Nghi Lộc - Nghệ An,1,2023-06-22,2023-06-22,https://goo.gl/maps/FmDxfXdHa9mdoGK99,"18,43ha; 2,9ha; 2,2ha; 1,5ha; 1,1ha; 0,6ha","994,9 tỷ; 952,7 tỷ; 42,19 tỷ","Thao L - INVT 6/22/2023 11:59 AM Edited K.ĐT gửi anh Tuan Tran-CEO thông tin về dự án Khu Đô Thị Mới Bắc Quán Hành - Quán Hành - Nghi Lộc - Nghệ An như sau: THÔNG TIN VỀ DỰ ÁN KHU ĐÔ THỊ MỚI BẮC QUÁN HÀNH – QUÁN HÀNH – NGHI LỘC 1/ Vị trí: https://goo.gl/maps/FmDxfXdHa9mdoGK99 - Theo thống kê năm 2019, thị trấn Quán Hành có diện tích 3,9 km², dân số là 6.197 người, mật độ dân số đạt 1.589 người/km². - Dự án Khu đô thị Bắc Quán Hành các Trung tâm Thành phố Vinh khoảng 14Km, cách Cảng hàng không Quốc Tế Vinh 11Km, cách biển Cử Lò khoảng 11Km. 2/ Thông tin dự án: Tên dự án: Khu đô thị mới Bắc Quán Hành. Địa điểm: Thị trấn Quán Hành, huyện Nghi Lộc, tỉnh Nghệ An. Hình thức lựa chọn nhà đầu tư: Đấu thầu dự án đầu tư có sử dụng đất. Dân số: 1.900 người. Diện tích: 18,43ha, trong đó: .180 căn nhà ở liền kề cao 3 tầng và 1 tum ~ 2,9ha chiếm 15,7%. . 144 căn nhà ở liền kề thương mại cao 3 tầng và 1 tum ~ 2,2ha chiếm 11,9%, . 55 căn nhà ở biệt thự cao 3 tầng và 1 tum ~ 1,5ha chiếm 8,1%. . Nhà ở x"
trong khu công nghiệp tỉnh vĩnh phúc,,trong Khu Công Nghiệp tỉnh Vĩnh Phúc,1,2023-06-23,2023-06-23,,"5ha; 11,3ha; 14,8ha",,"Tuan Tran-CEO 6/23/2023 9:51 AM Chuyển nhượng 3 lô đất trong Khu Công Nghiệp tỉnh Vĩnh Phúc: 5ha, 11,3ha và 14,8ha Pháp lý ngon lành, hạ tầng đang thi công Giá siêu rẻ chỉ 85usd/m2 Lh 0966566546 Check xem vị trí ở đâu nha mng by Unknown User"
văn phòng tại khu đất 197 lê văn sỹ cập nhật hệ số sử dụng đất mới 9,,Văn phòng tại khu đất 197 Lê Văn Sỹ cập nhật Hệ số sử dụng đất mới 9,1,2023-07-03,2023-07-03,https://goo.gl/maps/BgnUiLh44bo3Nyq37,"985,7m2",340 tỷ; 189 tỷ; 133tỷ,"Thao L - INVT 7/3/2023 10:43 AM Edited K.ĐT báo cáo anh Tuan Tran-CEO dự án Văn phòng tại khu đất 197 Lê Văn Sỹ cập nhật Hệ số sử dụng đất mới 9,5 lần như sau: CẬP NHẬT HỆ SỐ SỬ DỤNG ĐẤT MỚI 9,5 LẦN 1/ SƠ BỘ THÔNG TIN DỰ ÁN: - Dự án Văn phòng tại khu đất 197 Lê Văn Sỹ, phường 13, quận 3. Khu đất Nằm trên đường Lê Văn Sỹ và hẻm 195 Lê Văn Sỹ, cách cầu Lê Văn Sỹ khoảng 50m có tổng diện tích 985,7m2 với giá chào bán là 340 tỷ. - Link vị trí: https://goo.gl/maps/BgnUiLh44bo3Nyq37 - Đề xuất pháp lý: Mục tiêu: Xây dựng, vận hành Văn phòng mà vẫn giữ được mục đích Đất ở lâu dài. Cách thức để giữ lại mục đích Đất ở lâu dài: - Đại diện một cá nhân đứng tên giấy chứng nhận QSDĐ khu đất. Công ty ký hợp đồng thuê đất với Cá nhân (Hợp đồng thuê thời hạn là 20 năm, sau đó gia hạn dần trong 52 năm – 2 năm xây dựng và 50 năm vận hành) để xây dựng tòa nhà văn phòng. - Trong đó, về mặt pháp lý tiến hành xây dựng một căn hộ ở cho chủ đất sử dụng và không kinh doanh/bán căn hộ này. - Tuy nhiên, về mặt vận"
khu đô thị mới bắc quán hành tại thị trấn quán hành,,Khu đô thị mới Bắc Quán Hành tại thị trấn Quán Hành,1,2023-07-03,2023-07-03,https://goo.gl/maps/FmDxfXdHa9mdoGK99,"18,43ha; 2,9ha; 2,2ha; 1,5ha; 1,1ha; 0,6ha; 163m2; 153m2; 275m2","994,9 tỷ; 952,7 tỷ; 42,19 tỷ; 1,5tr/m2; 3tr/m2; 292.855tỷ; 435,8tỷ; 350,2tỷ","Thao L - INVT 7/3/2023 1:37 PM K.ĐT báo cáo anh Tuan Tran-CEO về dự án Khu đô thị mới Bắc Quán Hành tại thị trấn Quán Hành, huyện Nghi Lộc, tỉnh Nghệ An: 1/ VỊ TRÍ VÀ KẾT NỐI: - Địa điểm: Thị trấn Quán Hành, huyện Nghi Lộc, tỉnh Nghệ An. - Link map: https://goo.gl/maps/FmDxfXdHa9mdoGK99 - Kết nối giao thông: Dự án Khu đô thị Bắc Quán Hành cách: . Trung tâm Thành phố Vinh khoảng 14Km . Cảng hàng không Quốc Tế Vinh 11Km. . Biển Cửa Lò khoảng 11Km. . Nút giao cao tốc Diễn Châu - Bãi Vọt khoảng 11Km với thời gian dự kiến hoàn thành vào tháng 05/2024, đồng thời tuyến Cao tốc Quốc lộ 45 – Diễn Châu sẽ hoàn thành trong năm 2023 => Tạo tuyến Cao tốc thông thẳng từ Hà Nội đến Nghệ An. - Thông tin về khu vực: . Theo thống kê năm 2019, thị trấn Quán Hành có diện tích 3,9 km², dân số là 6.197 người, mật độ dân số đạt 1.589 người/km². . Theo thông tin quy hoạch hiện có, trong vòng bán kính 10-15km tính từ dự án, không có dự án Khu công nghiệp mới trong tương lai để triển khai và phát triển để thu h"
31 ha,,31 ha,1,2023-07-07,2023-07-07,,31 ha; 465 ha,,"Huy M - IM 7/7/2023 11:21 AM Bên Mr. Ka có gửi KĐT nghiên cứu đánh giá về việc nhận chuyển nhượng Dự án 31 ha, là dự án thành phần trong tổng dự án 465 ha thuộc khu Du lịch Đô thị Đại Phước (Swan Bay) à à by Unknown User"
thuộc trường hợp giao đất không thông qua đấu giá quyền sử dụng đất hồ sơ pháp lý,,thuộc trường hợp giao đất không thông qua đấu giá quyền sử dụng đất - Hồ sơ pháp lý,1,2023-08-07,2023-08-07,https://goo.gl/maps/XXMLm2Ebm5FEFwig7,2.3ha; 22.335m²; 22.385m²; 12.331m²; 2.3 ha,200 tỷ; 240 tỷ; 170 tỷ,"Sinh Nguyen-Dau Tu 8/7/2023 4:30 PM Edited K.ĐT báo cáo anh Tuan Tran-CEO dự án 2.3ha KDC Thuận Hưng Bình Điền (với giá chào 200 tỷ), mặt tiền đường Nguyễn Văn Linh, xã An Phú Tây, huyện Bình Chánh, TP.HCM như sau: 1/ Vị trí Cách Chợ Đầu Mối Bình Điền khoảng 400m Cách ranh Quận 8 và huyện Bình Chánh khoảng 150m Cách UBND huyện Bình Chánh khoảng 3,2km Cách nút giao Vành Đai 2 - Nguyễn Văn Linh khoảng 2,2km 2/ Hiện trạng: Toàn bộ khu đất đã có hoàn tất bồi thường giải phóng mặt bằng và bàn giao đất cho Cty Thuận Hưng. 3/ Pháp lý đất: Tổng diện tích 22.335m² - Nguồn gốc đất: do BQL Khu Nam GPMB bằng vốn ngân sách và giao lại cho Công ty Thuận Hưng (là một trong hai khu đất hoán đổi Khu đất của Công ty Thuận Hưng đã bị thu hồi làm Chợ Bình Điền) - Dự án thuộc trường hợp giao đất không thông qua đấu giá quyền sử dụng đất - Hồ sơ pháp lý: hiện Khu đất được Công ty Thuận Hưng quản lý – sử dụng thông qua Biên bản tạm giao ngày 19/10/2012 giữa Ban Bồi thường Huyện Bình Chánh – Ban Quản lý Khu N"
ideo chanran 70 riverview nằm trên đường charan sanit wong,,IDEO CHANRAN 70 RIVERVIEW nằm trên đường Charan Sanit Wong,1,2023-08-17,2023-08-17,https://goo.gl/maps/rzwM8zz1vmEphauk6,"27m2; 35m2; 52m2; 26,5m2; 51,4m2","62tr/m2; 57,5tr/m2; 63tr/m2; 68,5tr/m2; 68tr/m2; 64tr/m2; 71tr/m2; 70tr/m2; 1,6 tỷ; 3,6 tỷ","Thao L - INVT 8/17/2023 2:14 PM K.ĐT báo cáo anh Tuan Tran-CEO về dự án IDEO CHANRAN 70 RIVERVIEW nằm trên đường Charan Sanit Wong, Khwaeng Bang Phlat, Bang Phlat, Bangkok. I/ THÔNG TIN DỰ ÁN 1. Tên dự án: IDEO CHANRAN 70 RIVERVIEW 2. Vị trí : Link map: https://goo.gl/maps/rzwM8zz1vmEphauk6 Dự án có vị trí: - Nằm trên đường Charan Sanit Wong, Khwaeng Bang Phlat, Bang Phlat, Bangkok. - Gần sông Chao Phraya. - Cách Cách trung tâm Bangkok khoảng 6-7Km. 3. Kết nối giao thông: Cách ga Bang Phlat MRT 300m. Cách ga Bang Sue Grand 4 trạm. Cách Chatuchak – nơi kết nối các phương tiện công cộng khác 6 trạm. Cách bến tàu Wat Awut Wikasitaram 390m. 4.Tiện ích: Cách Tesco Lotus Bang Phlat 140m. Kề Khu phức hợp Supreme - Major Pinklao - Central Pinklao. Cách IconSiam 7Km. 5. Tổng quan dự án: Dự án cao 38 tầng gồm nhiều tiện ích cao cấp và 1.421 căn hộ ở. Thời hạn: Lâu dài. Hiện trạng: Đã xây dựng hoàn thành vào cuối Q4/2022. Chính sách: - Chỉ được bán 45% căn hộ cho người nước ngoài. - Căn hộ bán ch"
khu du lịch sinh thái biển cao cấp lạc việt,,KHU DU LỊCH SINH THÁI BIỂN CAO CẤP LẠC VIỆT,1,2023-09-06,2023-09-06,https://goo.gl/maps/JhPoRTM15vQA7Kk6A,"72ha; 73,9ha; 39ha; 11,3ha; 1,6ha; 0,4ha; 2,5ha; 18,3ha; 1ha",1.500 tỷ,"Thao L - INVT 9/6/2023 3:05 PM Edited K.ĐT báo cáo anh Tuan Tran-CEO về dự án KHU DU LỊCH SINH THÁI BIỂN CAO CẤP LẠC VIỆT như sau: I/ THÔNG TIN DỰ ÁN 1. Vị trí: Xã Thắng Hải, huyện Hàm Tân, tỉnh Bình Thuận. 2. Link map: https://goo.gl/maps/JhPoRTM15vQA7Kk6A 3. Diện tích: 72ha. II/ PHÁP LÝ DỰ ÁN 1. Pháp lý đất: Chưa có hồ sơ. 2. Pháp lý đầu tư: - 11/05/2007: GCN đăng ký doanh nghiệp số 0304993374: CTCPTM&DV Danh Việt. - 07/09/2018: Quyết định chủ trương đầu tư số 2313/QĐ-UBND: + Mục tiêu: Kinh doanh dịch vụ du lịch nghỉ dưỡng; kinh doanh biệt thự nghỉ dưỡng và căn hộ du lịch biển gắn với QSDĐ lâu dài + Quy mô: Khu nghỉ dưỡng, biệt thự, căn hộ, nhà vườn, khu khách sạn 4-5 sao ven sông, khu giải trí, ttms, nhà hàng,… + Thời gian hoạt động: . Đầu tư kinh doanh khu du lịch nghỉ dưỡng, khách sạn giải trí => Thời hạn còn lại: 35 năm. . Đầu tư xây dựng biệt thự, căn hộ du lịch biển gắn với QSDĐ lâu dài=> Những sản phẩm này chỉ được sở hữu 50 năm theo quy định hiện nay (từ 2008). + Tiến độ thực"
do mình có điều chỉnh qh 1 500,,do mình có điều chỉnh qh 1/500,1,2023-09-25,2023-09-25,,,50 tr/m2,"Binh Vo-GD-PTDT 9/25/2023 9:57 AM Với phương án của mình trước là làm phân khúc trung cao cho notm, giá cũng trên 50 tr/m2 và thời điểm ra hàng cho notm a nghĩ cũng nên vào năm 2025, cũng sẽ phù hợp vs tiến độ thực hiện pháp lý hiện trạng của dự án do mình có điều chỉnh qh 1/500, rồi tính tssđ lại... Ok a by Unknown User"
hạ tầng trọng điểm quốc gia đang được triển khai như đường dt 770b lg 60m khởi công xây dựng quý i,,hạ tầng trọng điểm quốc gia đang được triển khai như Đường DT 770B (LG 60m) khởi công xây dựng Quý I,1,2023-11-27,2023-11-27,https://maps.app.goo.gl/9PHZkvYiuadCm992A,2.627ha; 1.333ha; 1.000ha,,"Sinh Nguyen-Dau Tu 11/27/2023 3:24 PM KĐT gửi anh Tuan Tran-CEO về báo cáo Nghiên cứu Quỹ đất thuộc xã Tân Hiệp, huyện Long Thành, tỉnh Đồng Nai: 1/ Hạ tầng giao thông 1.1/ Hạ tầng trọng điểm Đồng Nai: ● Giao thông: Cao tốc Bến Lức – Long Thành, cao tốc Biên Hòa – Vũng Tàu, cao tốc Long Thành – Dầu Giây; Đường Vành Đai 3, đường Vành Đai 4; Đường Quốc lộ 51, đường DT770B, đường Nguyễn Ái Quốc (Đường 25C),… ● Sân bay quốc tế Long Thành ● Cảng quốc tế Cái Mép – Thị Vãi ● Đường sắt Biên Hòa – Vũng Tàu, Thủ Thiêm – Long Thành,… 1.2/ Hạ tầng khu vực nghiên cứu ● Cách nút giao cao tốc Bến Lức – Long Thành, cao tốc Biên Hòa - Vũng Tàu và Quốc lộ 51C khoảng 9km (đi theo tuyến đường Quốc lộ 51C vào nút giao) ● Cách nút giao cao tốc Biên Hòa – Vũng Tàu và đường Nguyễn Ái Quốc (Đường 25C) khoảng 16km ● Tiếp giáp tuyến đường DT770B (QH dự kiến 60m), dự kiến khởi công Quý I/2024, kết nối 4 huyện (Định Quán, Thống Nhất, Cẩm Mỹ và Long Thành) và 1 Thành phố (Long Khánh) 2/ Phân tích Swot a/ Điểm mạnh:"
kdc long phước có quy mô 18ha tại phường long phước,,KDC Long Phước có quy mô 18ha tại Phường Long Phước,1,2023-12-27,2023-12-27,https://maps.app.goo.gl/zAmPVdt254bS1UUU7,18ha; 180.123m2; 311 m2; 1.5ha; 4309 m2,2200 tỷ; 101 tr/m2; 80tr/m2; 49 tr/m2; 45 tr/m2; 24.3tr/m2; 4.939 tỷ; 2.249 tỷ; 2.200 tỷ; 2.690 tỷ; 9073 tỷ; 8.116 tỷ; 2.653 tỷ; 2100 tỷ,"Trieu Nguyen-PTDT 12/27/2023 3:56 PM KĐT gửi anh Tuan Tran-CEO báo cáo cập nhật dự án KDC Long Phước có quy mô 18ha tại Phường Long Phước, Q9, TPHCM của chủ đầu tư Song Đạt, có giá chào bán 2200 tỷ: A/ Vị trí và hiện trang: + Dự án tiếp giáp với đường Long Phước, phường Long Phước, Q9, TPHCM, và có các mặt tiếp xúc kênh rạch cách cầu Long Đại khoảng 5km và cầu Trường Phước khoảng 4km, cách KCN cao khoảng 14,3kn, cách trung tâm Q1 khoảng 23,6km + Dự án đã được san lắp và làm hạ tầng giao thông khoảng 80% + Dự án nằm gần các dự án đầu mối hạ tầng giao thông quan trọng: B/ Pháp lý dự án: 1/ Pháp lý đất: + Đã hoàn thành tiền sử dụng đất và có GCNQSDĐ cho 180.123m2, mục đích sử dụng là đất ở đô thị, thời hạn lâu dài đối với phần thương phẩm đất ở và có thời hạn đến 07/08/2056 đối với phần đất công cộng kinh doanh 2/ Pháp lý quy hoạch: + QH 1/2000 năm 2013: + Đã Phê duyệt Q/H chi tiết 1/500 số 507/QĐ-UB ngày 30/12/2009, phù hợp QH 1/2000 theo quyết định số 5258/QĐ-UBND duyệt ngày 25/09/2013 "
căn hộ dịch vụ quận 2 1,,Căn hộ Dịch vụ Quận 2 (1,1,2024-03-13,2024-03-13,https://maps.app.goo.gl/4E1Yi9DPgpF2CdaE7,"1.143m²; 143,4m²; 4.922m²; 7.672m²; 1.510m²; 143m²",123 tỷ; 230 tỷ; 353 tỷ,"Sinh Nguyen-Dau Tu 3/13/2024 10:22 AM Translate K.ĐT báo cáo anh Tuan Tran-CEO, dự án Căn hộ Dịch vụ Quận 2 (1.143m²) MT Đường số 12, phường An Khánh, Thành phố Thủ Đức, Thành phố Hồ Chí Minh (Nguồn Mr. Sơn – Trợ lý TGĐ) như sau: 1/ Vị trí + Tiếp giáp mặt tiền Đường số 12 rộng 12m, đường trải nhựa, bên hông quy hoạch đường rộng 12m, phía sau quy hoạch đường rộng 30m + Cách đường Trần Não khoảng 210m, cách đường Lương Định Của khoảng 550m + Bên hông tài sản giáp Ký túc xá trường Đại học Giao thông Vận tải, cách KĐT Thủ Thiêm khoảng 1,5km 2/ Hiện trạng: 2 căn nhà 2 tầng, hiện đang cho thuê 3/ Pháp lý đất: - Giấy chứng nhận Quyền SDĐ, QSHNO và tài sản gắn liền với đất, ngày 07/07/2022 do Sở Tài nguyên và Môi trường, TP.HCM cấp: + Thửa 526, tờ bản đồ số 20 + Diện tích đất: 1.143,4m² + Mục đích sử dụng: Đất ở tại đô thị + Thời hạn sử dụng: Lâu dài 4/ Pháp lý đầu tư: Chưa có/Chưa được cung cấp 5/ Quy hoạch - Vị trí khu đất thuộc quy hoạch đất ở xây dựng mới - Căn cứ Thông tin Quy hoạch Thành"
tuy có bãi biển đẹp,,tuy có bãi biển đẹp,1,2024-04-01,2024-04-01,https://maps.app.goo.gl/E7ucSVc9hHKpPNDQ6,72ha; 233 ha; 9ha,,"Thao L - INVT 4/1/2024 12:13 PM Edited Translate K.ĐT báo cáo anh Tuan Tran-CEO về Khu đất nghiên cứu tại Tam Hải và Tam Hòa, huyện Núi Thành, tỉnh Quảng Nam (Nguồn Mr. Tâm) như sau: 1. Vị trí: Tam Hải và Tam Hòa, huyện Núi Thành, tỉnh Quảng Nam, gần giáp biển, cách: - Sân bay Chu Lai: 25Km- 35p - TP. Tam Kỳ: 20Km – 30p - TP. Hội An: 55Km – 1g10p - TP. Đà Nẵng: 100Km – 1g40p 2. Link maps: https://maps.app.goo.gl/E7ucSVc9hHKpPNDQ6 3. Tổng quan Quảng Nam: - Du lịch Quảng Nam tập trung chủ yếu tại các địa điểm như: Hội An, Mỹ Sơn và Cù lao Chàm. Thị trường du lịch năm 2023 hồi phục tích cực xấp xỉ gần bằng thời kỳ trước dịch 2019. - Khí hậu phân cực rõ 02 mùa: Mùa mưa và mùa khô: Mùa mưa không thuận lợi cho khai thác du lịch vì thường xuyên có lũ lụt, bão và ấp thấp. Chỉ có thể khai thác du lịch khoảng nửa năm vào mùa khô. 4. Định hướng phát triển khu vực khu đất đang nghiên cứu: Theo định hướng trên: - Khu vực hướng càng gần về cụm du lịch Hội An – Đà Nẵng (Thăng Bình, Tam Kỳ) được quy h"
khu đô thị mới g1,,KHU ĐÔ THỊ MỚI G1,1,2024-05-27,2024-05-27,https://maps.app.goo.gl/dAy23L3wP3mTsMM88; https://maps.app.goo.gl/QydbrwwdHVvcm7keA,"45,27ha; 344ha; 300ha; 37,104ha",,"Thao L - INVT 5/27/2024 10:52 AM Translate Khối Đầu tư báo cáo anh Tuan Tran-CEO đánh giá sơ bộ về 02 DỰ ÁN KHU ĐÔ THỊ MỚI G1, G2 HUYỆN ĐÔNG ANH, THÀNH PHỐ HÀ NỘI (Dự án của Anh Tâm) I. Thông tin về dự án G1 1. Vị trí *Hiện trạng: - Tiếp giáp phía tây là đường Song hành song song Vành Đai 3 – Võ Văn Kiệt - Link: https://maps.app.goo.gl/dAy23L3wP3mTsMM88 - Tổng diện tích: 45,27ha - Cách trung tâm Hà Nội: 25Km -30p - Cách Sân bay Nội Bài: 10Km - 15p - Đối diện (xéo) Khu công nghiệp Quang Minh 344ha (H. Mê Linh) - Cách Khu công nghiệp Đông Anh 300ha (tương lai) khoảng 10Km *Quy hoạch: - Tiếp giáp phía bắc là đường Song hành song song Vành Đai 3 và Tuyến đường sắt Hà Nội 2. Chức năng sử dụng đất - Đất thương phẩm chiếm tỷ lệ 46,23%: Xây dựng cao tầng (9-25 tầng), dân số 4.300 dân. II. Thông tin về dự án G2 1. Vị trí *Hiện trạng: - Tiếp giáp phía đông là đường Tỉnh lộ 23 - Link: https://maps.app.goo.gl/QydbrwwdHVvcm7keA - Tổng diện tích: 37,104ha - Cách trung tâm Hà Nội: 19Km - 40p - Cách S"
đang ở giai đoạn đ,,đang ở giai đoạn đ,1,2024-07-24,2024-07-24,,,600 tỷ,"Huy M - IM 7/24/2024 8:27 AM https://vnexpress.net/do-no-vi-gia-dat-4773470.html Đổ nợ vì giá đất Sau hai năm gặp lại, tôi thấy anh gầy rộc, già đi nhiều so với tuổi 49. Anh cười gượng tiết lộ: anh bị tạm hoãn xuất cảnh. Công ty do anh làm giám đốc đang nợ tiền sử dụng đất hơn 600 tỷ đồng. vnexpress.net CKG hiện nay nhiều dự án đang ở giai đoạn đ... by Huy M - IM"
pgk phương án 900 tỷ,,PGK phương án 900 tỷ,1,2024-09-17,2024-09-17,,,900 tỷ; 10 tỷ,"Trieu Nguyen-PTDT 9/17/2024 5:27 PM Edited Translate Em gửi anh hiệu quả dự án PGK phương án 900 tỷ: + LNTT / TMĐT : 14,15% + NPV = -10 tỷ + IRR = 10,7% + Thời gian hoàn vốn: 4,75 năm => Dự án chưa đạt hiệu quả đầu tư Giá vốn bao nhiêu thì ổn, em cho chạy các m... by Unknown User"
1 lợi nhuận trước thuế tmđt 22,,1 - Lợi nhuận trước thuế/TMĐT 22,1,2024-09-18,2024-09-18,,,600 tỷ; 650 tỷ; 700 tỷ; 750 tỷ; 800 tỷ; 850 tỷ; 900 tỷ; 950 tỷ; 1000 tỷ; 1050 tỷ; 1100 tỷ,"Trieu Nguyen-PTDT 9/18/2024 11:50 AM Translate Stt Nội dung 600 tỷ 650 tỷ 700 tỷ 750 tỷ 800 tỷ 850 tỷ 900 tỷ 950 tỷ 1000 tỷ 1050 tỷ 1100 tỷ Hiệu quả dự án 1 - Lợi nhuận trước thuế/TMĐT 22,9% 21,3% 19,8% 18,4% 16,9% 15,5% 14,1% 12,8% 11,5% 10,2% 9,0% 2 - NPV (tỷ suất chiết khấu 11%) (tỷ đồng) 241 199 157 115 73 32 (10) (51) (94) (136) (178) 3 - IRR chủ đầu tư 20,1% 18,2% 16,5% 14,9% 13,4% 12,0% 10,7% 9,5% 8,4% 7,3% 6,3% 4 - Thời gian hoàn vốn chủ đầu tư (không chiết khấu) 3,75 năm 4, năm 4, năm 4,5 năm 4,5 năm 4,75 năm 4,75 năm 4,75 năm 5, năm 5, năm 5, năm em mới gửi định dạng excel. Anh có xem được... by Unknown User"
kdc đại nam,,KDC Đại Nam,1,2024-10-02,2024-10-02,,"96,7ha",9tr/m2; 11tr/m2,"Thao L - INVT 10/2/2024 3:47 PM Edited Translate K.ĐT báo cáo anh Mr Mike1 -CEO về thị trường dự án KDC Đại Nam như sau: I. THÔNG TIN DỰ ÁN: - Vị trí dự án : Mặt tiền QL13, Chơn Thành, Bình Phước - Chủ đầu tư : Đại Nam - Quy mô : 96,7ha - 2.459 lô - Loại hình : Phân lô bán nền - Năm mở bán : 2018 – block A - Pháp lý : Đã có GCNQSDĐ từng lô - Hiện trạng : Hạ tầng kỹ thuật đã hoàn thiện 90% Hạ tầng xã hội chưa hoàn thiện II. THÔNG TIN THỊ TRƯỜNG: - Hiện trạng: + Giao dịch trên thị trường rất chậm và ít, chủ yếu là do nhà đầu tư cá nhân phải bán tháo, cắt lỗ với mức giá thấp để thu hồi vốn. + Hiện rất ít dân cư. + Đơn giá đất tại dự án giảm khoảng 20% - 30% so với năm 2022. - Đơn giá đất tại dự án: + Q3.2024 : 7 - 9tr/m2 (tùy thuộc vào vị trí) + Q2.2022 : 10 - 11tr/m2 (tùy thuộc vào vị trí) => Giảm 20% - 30% 2024.10.02 KDC Đại Nam.pdf Vào phòng họp em mở màn hình lớn nhé. giờ l... by Unknown User"
westgate của angia 38 tr m2 vị trí trung tâm huyện bình chánh thấp hơn mức giá trung bình của,,Westgate của AnGia – 38 tr/m2 (vị trí trung tâm Huyện Bình Chánh) + Thấp hơn mức giá trung bình của ,1,2024-10-07,2024-10-07,,82 m2; 60 m2,42 tr/m2; 46 tr/m2; 38 tr/m2; 50 tr/m2; 80 tr/m2; 60 tr/m2,"Huy M - IM 10/7/2024 8:30 AM Translate Hiện tại mình đang set giá bán chung cư hiện trạng là 42 tr/m2, lúc mở bán 46 tr/m2 (đã tăng 10% so với giá đề xuất năm 2023) và giá này: + Đang cao hơn 10% so với dự án Westgate của AnGia – 38 tr/m2 (vị trí trung tâm Huyện Bình Chánh) + Thấp hơn mức giá trung bình của Akari – Nam Long khoảng 10% - 44 – 50 tr/m2 (Vị trí và tiện ích của Akari có nhỉnh hơn mình một chút). Akari đang bán được giá cao một phần cũng do họ làm theo phong cách Nhật, diện tích trung bình 1 căn nhỏ. Điểm trừ lớn của dự án mình khiến không set giá Bán cao được là do theo QH 1.500 được duyệt từ năm 2008 diện tích trung bình 1 căn quá lớn lên tới 82 m2/căn (trung bình thị trường tầm 60 m2/căn) Về giá bán biệt thự mình đang bán 80 tr/m2, giá bán của khu bên trong dự án đang khoảng 60 tr/m2 Nên giá bán theo hiện trạng của dự án đang đề xuất cũng là ở mức phù hợp à. Ok a by Unknown User"
hoàng cát center,,Hoàng Cát Center,1,2024-10-16,2024-10-16,,,9tr/m2; 120 tỷ; 3.3tr/m2; 4.4tr/m2; 84 tỷ,"Thao L - INVT 10/16/2024 2:30 PM Translate KĐT báo cáo anh Mr Mike1 -CEO về dự án Hoàng Cát Center, cập nhật bổ sung như sau: I. TIỀN CHUYỂN MỤC ĐÍCH SỬ DỤNG ĐẤT 1. Thời điểm tính tiền sử dụng đất: 2022 Quyết định 230/QĐ-UBND ngày 19/01/2022 do UBND tỉnh Bình Dương ban hành Về việc cho phép chuyển mục đích sử dụng đất để thự hiện dự án Hoàng Cát Center => Theo như Luật đất đai 2024, thời điểm định giá tính tiền sử dụng đất là thời điểm cho phép chuyển mục đích sử dụng đất => Tiền sử dụng đất được tính vào thời điểm năm 2022 - năm thị trường ổn định và đơn giá bán áp dụng vào phương pháp thăng dư khá cao. Tuy nhiên, hiện P.ĐT đang để đơn giá bán là 9tr/m2 gồm VAT đã khá thấp so với giá thị trường năm 2022. 2. Tiền sử dụng đất ở hoàng Cát Center: 120 tỷ ~ 3.3tr/m2 thương phẩm năm 2022 Một ví dụ so sánh khác: Dự án Khu nhà ở Bình Mỹ 2 tại Bình Mỹ, Bắc Tân Uyên, Bình Dương + Văn bản Duyệt đơn giá đất tính nghĩa vụ tài chính ban hành 11/03/2024. (đính kèm) + Thời điểm định giá: 09/2019 - th"
chung cư trường thịnh,,Chung cư Trường Thịnh,1,2024-11-27,2024-11-27,https://maps.app.goo.gl/NT8XaQJv76yrgG946,71.498m²; 132m²,3.248 tỷ; 2.674 tỷ; 1.464 tỷ; 960 tỷ; 506 tỷ; 234 tỷ,"Sinh Nguyen-Dau Tu 11/27/2024 2:17 PM Translate K.ĐT báo cáo anh Mr Mike1 -CEO về dự án Chung cư Trường Thịnh, mặt tiền đường Trần Não, phường Bình An, Quận 2 (nay là TP. Thủ Đức) Thành phố Hồ Chí Minh như sau: 1/ Vị trí: - Tọa lạc trong dự án Khu nhà ở tại phường Bình An, Quận 2, mặt tiền đường Trần Não, cách Bùng Binh Lương Định Của - Trần Não khoảng 250m, cách vòng xoay An Phú khoảng 2,3km - Dự án liền kề khu đô thị mới Thủ Thiêm, cách nhà ga Thủ Thiêm khoảng 1,2km 2/ Hiện trạng: Đất trống và có vài hộ dân sinh sống (theo hình ảnh vệ tinh) 3/ Pháp lý Đất: - Đã có quyết định giao đất. - Dự án đã hoàn thành nghĩa vụ tài chính - Chưa được cung cấp Giấy chứng nhận QSD Đất 4/ Pháp lý Xây dựng: - Đã có quyết định số 18/QĐ-SXD-PTN ngày 04/02/2009 về viêc phê duyệt dự án đầu tư xây dựng do Sở Xây dựng cấp (đã hết thời hạn). Tuy nhiên, phương án tiêu thụ sản phẩm là bán cho cán bộ công nhân viên chức - Mật độ xây dựng 51% - Hệ số sử dụng Đất: 9,7 - Tổng diện tích sàn nổi xây dựng: 71.498m², "
chưa phê duyệt quyết định chấp thuận chủ trương đầu tư,,chưa phê duyệt quyết định/ chấp thuận chủ trương đầu tư,1,2024-12-06,2024-12-06,,"2000m2; 058,1m2",,"Huy M - IM 12/6/2024 8:41 AM Translate 4. Ý kiến của Phòng: - Ưu điểm: khu đất có hiện trạng địa hình thuận lợi, do 02 cá nhân (đại diện pháp nhân công ty Việt An) đang sử dụng đất đã được cấp GCNQSDĐ vì vậy sẽ rút ngắn được thủ tục thỏa thuận, bồi thường GPMB. - Nhược điểm: 3/4 + Phần đất TMD diện tích 2000m2 đã hết hạn sử dụng từ tháng 12/2020 và không được cơ quan nhà nước đồng ý gia hạn. + Phần ranh đất quy hoạch đang có sự sai khác với GCNQSDĐ nên cần phải kiểm tra, rà soát kỹ lại nội dung này để tránh tranh chấp, phát sinh thêm các thửa đất mới nằm trong ranh quy hoạch, cũng như hoàn tất việc thực hiện chuyển đổi, chuyển nhượng, góp vốn… QSDĐ từ cá nhân sang công ty Việt An; + Dự án chưa phê duyệt quyết định/ chấp thuận chủ trương đầu tư, ngoài ra công ty Việt An chưa đủ QDSĐ hợp pháp để thực hiện dự án nhà ở thương mại trong thời điểm này sẽ gặp nhiều khó khăn, vì theo quy định trường hợp này sẽ thực hiện lựa chọn nhà đầu tư theo hình thức đấu giá/ đấu thầu sau khi có quyết định"
mở bán mới dự kiến ở thị trường hcm,,mở bán mới/dự kiến ở thị trường HCM,1,2024-12-07,2024-12-07,,,61tr/m2; 111tr/m2; 55tr/m2; 290tr/m2; 50tr/m2,"Mr Mike1 -CEO 12/7/2024 1:27 PM Translate Hội nghị BĐS Việt Nam “VRES 2024” qua các con số - 58% là giá chung cư Hà nội tăng trong năm 2024, trong khi đó thị trường HCM chỉ ở mức tăng khiêm tốn là 17%. - 31.3 là số năm kiếm tiền mà thế hệ 7X có thể mua được nhà, với 8X là 22.7 năm và 9X là 25.8 năm, thế hệ trẻ nào cũng khó mua nhà không chỉ mỗi GenZ. - 61tr/m2 là giá trung bình thị trường chung cư HN, sau 10 năm thì giá HN đã vượt hơn thị trường HCM 20%. - 111tr/m2 là trung bình cộng các dự án mở bán mới/dự kiến ở thị trường HCM, trong đó thấp nhất là Mizuki với giá 55tr/m2 và cao nhất đang là Opusk Thủ Thiêm với giá 290tr/m2. - 7.5 lần là số lượng quan tâm tăng trưởng của người HCM gia tăng tìm kiếm khi thấy thị trường HN sốt nóng trong cả năm 2024. - 67% nguồn cung sơ cấp và thứ cấp chung cư ở thị trường HN đang được cao cấp hóa với mức giá >55tr/m2, dự báo trong năm 2025 Hà Nội sẽ biến mất phân khúc sơ cấp với mức giá 50tr/m2. - 66% trong số khảo sát các nhà đầu tư HN có quan tâm đế"
có tỷ lệ lntt tmdt đạt hiệu quả nhưng không đạt hiệu quả về chỉ tiêu irr,,có tỷ lệ LNTT/TMDT đạt hiệu quả nhưng không đạt hiệu quả về chỉ tiêu IRR,1,2024-12-16,2024-12-16,https://goo.gl/maps/eqfdgJBc7XT7VhAW8,50ha,,"Huy M - IM 12/16/2024 5:49 PM Translate 8) Hiệu quả tài chính: • Lợi nhuận trước thuế/TMĐT: 24.1% • NPV chủ đầu tư: (20,637) • IRR chủ đầu tư: 11.68% 9) Kết luận: Dự án có tỷ lệ LNTT/TMDT đạt hiệu quả nhưng không đạt hiệu quả về chỉ tiêu IRR, NPV 10) Đề xuất: • Thị trường huyện Vĩnh Tường và Yên Lạc chưa phù hợp với việc phát triển trung tâm thương mại dịch vụ vì nhu cầu thị trường thấp, tính thanh khoản kém. Để dự án đạt hiệu quả hơn, K.ĐT đề xuất chuyển toàn bộ (hoặc đa phần) đất TMDV sang đất ở để tạo tính thanh khoản cao và phù hợp nhu cầu thị trường thực tế. Link vị trí: https://goo.gl/maps/eqfdgJBc7XT7VhAW8 Link hồ sơ: 50ha Vĩnh Phúc - OneDrive (sharepoint.com) Google Maps Tìm kiếm các doanh nghiệp địa phương, xem bản đồ và tìm chỉ đường trên Google Maps. goo.gl Image Vị trí dự án 50ha và vị trí dự án ... by Huy M - IM"
hoa viên vĩnh thanh tại đường nhánh của đường dt19,,Hoa viên Vĩnh Thanh tại đường nhánh của đường DT19,1,2024-12-27,2024-12-27,https://maps.app.goo.gl/yVp7cfpfnfdzb7mV7,57ha,"1tr/m2; 570 tỷ; 15,934 tỷ; 8,485 tỷ; 6.150tr/m2","Thao L - INVT 12/27/2024 5:02 PM Translate K.ĐT báo cáo nhanh anh Mr Mike1 -CEO sơ bộ về quỹ đất dự án Hoa viên Vĩnh Thanh tại đường nhánh của đường DT19, Vĩnh Thanh, Nhơn Trạch, Đồng Nai (Nguồn: Mr. Ka) như sau: 1. Thông tin, vị trí và hiện trạng: a. Thông tin: - Dự án Hoa viên với tổng diện tích đất là 57ha. - Giá đền bù ước tính: 1tr/m2 ~ 570 tỷ. b. Hiện trạng và hạ tầng: - Dự án tiếp giáp đường nhánh của đường DT19 (rộng khoảng 6 - 8m), Vĩnh Thanh, Nhơn Trạch, Đồng Nai. - Cách Cao tốc Bến Lức – Long Thành (2025) khoảng 700m. - Cách sông Đồng Nai khoảng 1Km. - Khu vực dự án là vùng đất trũng, thấp, chủ yếu là bùn lầy và hồ nuôi thủy sản. 2. So sánh Dự án Hoa viên Vĩnh Thanh và Hoa viên Sala Garden: 3. Pháp lý: Hiện tại Pháp lý của dự án Hoa viên Vĩnh Thanh đang dừng tại bước góp ý hồ sơ quyết định CTĐT. PLDA hiện chưa có bất kì hồ sơ trọng điểm về Đầu tư, Đất, Quy hoạch, Xây dựng. Dự án thuộc Trường hợp đấu thầu lựa chọn nhà đầu tư thực hiện dự án có sử dụng đất. Thông tin về Pháp l"
nữa tính ra thì đúng là như vậy,,nữa Tính ra thì đúng là như vậy,1,2025-01-20,2025-01-20,,2000ha,,"Unknown User 1/20/2025 11:58 AM Tính ra đi mua ở đây là còn rẻ hơn tự đi làm dự án nữa Tính ra thì đúng là như vậy. Tuy nhiên khu vực Chơn Thành Bình Phước thị trường còn yếu, nhiều dự án bán chủ yếu đầu cơ, không có dân về ở. Khu KCN Becamex hơn 2000ha cũng chỉ mới lắp đầy hơn 10%. Chưa kể kcn cũng sẽ có quy hoạch khu nhà ở cho người lao động… nên các khu này nếu mua thì phải đợi rất lâu. Team cũng đang đánh giá khu đất Đường Nguyên Văn Linh, đang chờ anh Tài gửi Quy Hoạch mới nhất để rà soát và báo CEO à Thì vậy mới là đầu cơ anh. Đợi thị trường r... by Unknown User"
kdc đại nam t01,,KDC Đại Nam T01,1,2025-01-20,2025-01-20,,,1tr/m2; 8tr/m2; 10tr/m2,"Thao L - INVT 1/20/2025 11:49 AM Edited Translate K.ĐT báo cáo anh Mr Mike1 -CEO về việc Cập nhật lại thị trường dự án KDC Đại Nam T01.2025 như sau: 1. Về Bảng giá đất nhà nước: - Đơn giá nhà nước năm 2025 tăng khoảng 1tr/m2 so với năm 2024 - Đơn giá nhà nước năm 2025 dao động từ 5tr - 8tr/m2 tùy vị trí đường 2. Về Giá thị trường: - Đơn giá thị trường của dự án khảo sát vào T10.2024 đến hiện tại T01.2025 không có sự thay đổi, giao dịch chuyển nhượng ít - Đơn giá thị trường T01.2025 dao động từ 7tr - 10tr/m2 tùy vị trí đường - Đơn giá nhà nước và thị trường hiện tại khá tiệm cận nhau và khoảng chênh lệch thấp Tính ra đi mua ở đây là còn rẻ hơn tự đi là... by Unknown User"
khu du lịch,,Khu du lịch,1,2025-02-28,2025-02-28,,30.1 ha; 30.1ha,53 tỷ; 5.176 tỷ; 5.000 tỷ,"Huy M - IM 2/28/2025 11:55 AM Translate Liên quan đến vấn đề giải quyết vướng mắc cho CĐT Novaland tại 2 dự án 30.2 Bình Khánh (Waterbay) và 30.1 ha Nam Rạch Chiếc (Lakeview): Nguồn gốc: Năm 2004, NN giao đất khu Waterbay cho công ty Thế kỷ 21 (công ty con của NVL) để thực hiện dự án Khu du lịch, văn hóa, giải trí. Năm 2008, NVL đã hoàn thành bồi thường giải phóng mặt bằng theo QĐ giao đất năm 2004 Năm 2016, TP.HCM xác định khu dự án Waterbay là 1 phần trong khu tái định cư Thủ Thiêm do đó không thể thực hiện dự án NOTM. Để giải quyết cho NVL, TP.HCM đã hoán đổi cho NVL khu đất 30.1ha Nam Rạch Chiếc mà sau này NVL triển khai dự án NOTM tên là Lakeview City. Song song với việc hoán đổi nêu trên, UBND TP.HCM có qđ xác định thời điểm định giá đất cho cả 2 khu Waterbay và Lakeview là vào năm 2008. Căn cứ vào đó, sau khi xác định giá trị quyền sử dụng đất và giá trị chênh lệch vị trí giữa 2 khu đất trên, NVL đã thực hiện nộp thêm 53 tỷ (tiền chênh lệch) và được ghi nhận vào năm 2016. Như vậ"
ven sông hàn,,VEN SÔNG HÀN,1,2025-03-12,2025-03-12,https://maps.app.goo.gl/wbNjvBPsJioGNogn8; https://maps.app.goo.gl/DAATNJRd8MxG4uyaA,"647,8m2; 128.917m2","7,9tr/m2; 1.022 tỷ","Thao L - INVT 3/12/2025 10:17 AM Edited Translate K.ĐT gửi anh Mr Mike1 -CEO báo cáo về 02 lô đất đấu giá tại Đà Nẵng như sau: A. KHU ĐẤT A1 – 6 DỰ ÁN VEN SÔNG HÀN, PHƯỜNG THUẬN PHƯỚC, QUẬN HẢI CHÂU I. THÔNG TIN KHU ĐẤT: - Vị trí : Tiếp giáp Đường Như Nguyệt và Đường Đức Lợi 3, phường Thuận Phước, Quận Hải Châu. - Link: https://maps.app.goo.gl/wbNjvBPsJioGNogn8 - Diện tích: 2.647,8m2. - Quy hoạch 1/500: Tổ hợp thương mại dịch vụ, văn phòng, căn hộ lưu trú, thuê đất trả tiền một lần – 50 năm: + MĐXD: 48%; Tầng cao: 28 tầng; Hầm: 02 hầm; HSSDĐ: 12,8 lần. - Hiện đang ở bước lựa chọn nhà thầu tư vấn xác định nghĩa vụ tài chính. II. THỊ TRƯỜNG KHU VỰC Khu đất nghiên cứu nằm ở hạ nguồn sông Hàn, gần cửa biển, nơi chủ yếu tập trung khai thác và đánh bắt thủy hải sản, với nhiều cảng cá lâu đời, nên không phù hợp để phát triển thương mại du lịch. Phường Thuận Phước nằm ở cuối quận Hải Châu, cách xa trung tâm tài chính và hành chính của quận, nên việc phát triển loại hình văn phòng tại khu đất n"
cao tầng icon plaza,,cao tầng Icon Plaza,1,2025-03-14,2025-03-14,https://maps.app.goo.gl/xomcfbw3UHPYcLxG8,"744.5m2; 5,400m2; 537m2; 51m2; 837.2m2; 562.8m2","390 tỷ; 72tr/m2; 1,558 tỷ; 12.5tr/m2; 2.186 tỷ; 54tr/m2; 45tr/m2; 288 tỷ","Thao L - INVT 3/14/2025 5:21 PM Edited Translate KĐT gửi anh Mr Mike1 -CEO về dự án cao tầng Icon Plaza, Thuận An, Bình Dương (Nguồn: Mr. Sơn - XD) như sau: I. THÔNG TIN 1. Vị trí: https://maps.app.goo.gl/xomcfbw3UHPYcLxG8 - Dự án nằm trên mặt tiền đường DT743, Thuận An, Bình Dương. - Cách ngã tư DT743 – Mỹ Phước Tân Vạn khoảng 1.2Km. - Cách ngã tư DT743 – DT747B khoảng 2.2Km. 2. Diện tích: 6,744.5m2; trong đó: PHQH:5,400m2 3. Giá chào chuyển nhượng: 390 tỷ ~ 72tr/m2 (cho diện tích PHQH) II. PHÁP LÝ DỰ ÁN III. TÍNH KHẢ THI DỰ ÁN 1. Tổng mức đầu tư gồm VAT: 1,558 tỷ (Giả định: Dự án đã hoàn thành nghĩa vụ tài chính) - Suất đầu tư all in gồm VAT: 12.5tr/m2 sàn ~ tương đương SĐT của Phú Gia Khiêm. 2. Doanh thu gồm VAT: 2.186 tỷ (Chi phí bán hàng: 12% Doanh thu) - Thương phẩm: + 04 căn hộ thương mại có lưu trú (Shophouse) thông tầng 1 và 2 có diện tích trung bình: 537m2: Giá bán gồm VAT, thông thủy trung bình :54tr/m2 + 897 căn hộ ở có diện tích trung bình 51m2: Giá bán gồm VAT, thông thủy"
gần 11,,gần 11,1,2025-03-16,2025-03-16,,,11.000 tỷ; 10.662 tỷ,"Thoi L - ASST. 3/16/2025 9:18 AM https://m.cafef.vn/coteccons-chuan-bi-lam-du-an-gan-11000-ty-tai-long-an-188250313133524045.chn Coteccons chuẩn bị làm dự án gần 11.000 tỷ tại Long An Mới đây, Liên danh BEHS - Covestcons vừa được chấp thuận đầu tư dự án Khu Dân cư kết hợp thương mại dịch vụ Thanh Phú tại xã Thanh Phú, huyện Bến Lức, tỉnh Long An với số vốn là hơn 10.662 tỷ đồng,... m.cafef.vn Begin quote, Thao Le-PTDT , 3/14/2025 6:05 ... by Unknown User"
căn hộ đức long wes,,căn hộ Đức Long Wes,1,2025-04-03,2025-04-03,,,300 tỷ,Unknown User 4/3/2025 2:35 PM 300 tỷ 📄 QĐ 2805 UBNDTP - QUY HOẠCH 1-2000 1.7.2019 (4).pdf 📄 Bản vẽ hiện trạng Gia Long.pdf 📄 SO DO Gia Long.pdf https://vietnamnet.vn/dien-bien-moi-vu-duc-long-gia-lai-land-bi-... Các vướng mắc của dự án căn hộ Đức Long Wes... by Huy M - IM
bị phốt nhiều à vậy bỏ qua cái đức long nha by unknown user,,bị Phốt nhiều à Vậy bỏ qua cái Đức Long nha by Unknown User,1,2025-04-03,2025-04-03,,,300 tỷ,Unknown User 4/3/2025 2:35 PM 300 tỷ 📄 QĐ 2805 UBNDTP - QUY HOẠCH 1-2000 1.7.2019 (4).pdf 📄 Bản vẽ hiện trạng Gia Long.pdf 📄 SO DO Gia Long.pdf Dự án bị Phốt nhiều à Vậy bỏ qua cái Đức Long nha by Unknown User
chung cư thuận nghiệp dt743c,,chung cư Thuận Nghiệp - DT743C,1,2025-04-09,2025-04-09,,22.394 m2,"2.960 tỷ; 154 tỷ; 353,5 tỷ; 66 tỷ; 2386,9 tỷ; 43tr/m2; 502 tỷ; 117,6 tỷ; 115,7 tỷ","Khoa L - INVT 4/9/2025 5:50 PM Translate P. ĐT xin phép báo cáo anh Mr Mike1 -CEO về dự án chung cư Thuận Nghiệp - DT743C, Tân Đông Hiệp, Dĩ An-Bình Dương như sau: 1.Thông tin dự án: Vị trí: DT743C, P.Tân Đông Hiệp, Dĩ An, Bình Dương. Diện tích: 22.394 m2 Hiện trạng: Cho thuê kho bãi 2. Pháp lý dự án: 2.1.Pháp lý đất: Khu đất dự án là 100% đất SKC, đất thuê trả tiền hàng năm có thời hạn sử dụng đất đến 2031. 2.2 Pháp lý đầu tư: chưa có thông tin đầu tư 2.3 Pháp lý quy hoạch: chưa có thông tin quy hoạch Qua phối hợp P.TKQH, đã kiểm tra khu đất nằm trong ô đất hỗn hợp với thông số: Hệ số: 12 Dân số: 3.456 MĐXD: 60% Tầng cao: 40 3. Đánh giá phương án đầu tư: Dựa trên các thông tin hiện có, P.ĐT đã tính toán sơ bộ với các giả định sau: 3.1.Tổng mức đầu tư: 2.960 tỷ đồng Tiền mua đất 154 tỷ (~ 7tr.đ/m2) Tiền sử dụng đất 353,5 tỷ (đơn giá: 15.8tr./m2) Chi phí pháp lý 66 tỷ Tổng chi phí xây dựng 2386,9 tỷ (sxd all in: 12.2tr./m2) Công trình có quy mô: Tầng cao: 19 tầng (1 tầng khối đế triển k"
aeon mall hơn 6,,Aeon Mall hơn 6,1,2025-04-11,2025-04-11,,,6.000 tỷ,Huy M - IM 4/11/2025 5:03 PM https://vnexpress.net/dong-nai-khoi-cong-du-an-aeon-mall-hon-6-000-ty-dong-4837704.html Đồng Nai khởi công dự án Aeon Mall hơn 6.000 tỷ đồng Trung tâm thương mại Aeon Mall Biên Hòa khởi công sáng nay giữa trung tâm cù lao Hiệp Hòa với vốn đầu tư hơn 6.000 tỷ đồng. vnexpress.net Link https://znews.vn/hien-trang-khu-dat-su... by Huy M - IM
hơn 72,,hơn 72,1,2025-04-11,2025-04-11,,,72.000 tỷ,"Huy M - IM 4/11/2025 5:04 PM https://znews.vn/hien-trang-khu-dat-sun-group-lam-du-an-hon-72000-ty-dong-o-cu-lao-pho-post1508093.html Hiện trạng khu đất Sun Group làm dự án hơn 72.000 tỷ đồng ở Cù lao Phố - Kinh doanh - ZNEWS.VN Liên danh 5 nhà đầu tư trong đó có Sun Group được UBND tỉnh Đồng Nai chấp thuận thực hiện ""siêu"" dự án Khu đô thị Hiệp Hòa hơn 72.000 tỷ đồng tại Cù lao Phố (TP Biên Hòa). znews.vn À cái cù lao tân vạn này là của TTC mà by Unknown User"
khác team cũng có đánh giá lại,,khác Team cũng có đánh giá lại,1,2025-04-18,2025-04-18,,,4200 tỷ,"Unknown User 4/18/2025 6:56 PM 🎙Audio message Đúng rồi à. Cái Long Tân này bên Team có đánh giá lại theo giá mới, không phải lấy theo giá sổ sách à. Nếu CLN thì giá tầm 6 7 tr còn đất lúa thì 2 3 nếu trung bình 50 50% thì giá trung bình là tầm 4. Cũng do là chưa biết cơ cấu bao nhiêu nên tạm lấy giá đấy lúa 2 3 triệu nên giá định giá đang là 4200 tỷ à. Ngoài ra còn có các dự án khác Team cũng có đánh giá lại theo giá thị trường"
phú quang cập nhật,,Phú Quang cập nhật,1,2025-04-25,2025-04-25,,"32 ha; 14,4 ha; 17 ha; 4,5 ha; 2,8 ha; 5,8 ha; 129.874 m2; 323.986 m2; 33.124 m2; 19.083 m2; 14.852 m2","522,6 tỷ; 4.286 tỷ; 9.375 tỷ; 7.260 tỷ; 240 tr/m2; 10.420 tỷ; 928 tỷ","Khoa L - INVT 4/25/2025 6:04 PM Edited Translate P.Đầu tư Báo cáo anh Mr Mike1 -CEO về hiệu quả dự án Phú Quang cập nhật theo phương án quy hoạch mới nhất (18.051 dân) 1. Thông tin quy hoạch: Hệ số sử dụng đất: 6,41 - 7,69 Cơ cấu sử dụng đất: Tổng diện tích 32 ha Diện tích cây xanh cảnh quan: 14,4 ha Diện tích đất thương phẩm: 17 ha Đất thấp tầng: 4,5 ha Đất chung cư NOXH: 2,8 ha Đất chung cư NOTM: 5,8 ha Cơ cấu diện tích sàn thương phẩm: Chung cư NOXH: 129.874 m2 Chung cư NOTM: 323.986 m2 2. Hiệu quả dự án: Dựa trên thông tin giá bán, suất thay đổi không thay đổi so với các đợt báo cáo trước. Hiệu quả dự án như sau: Lợi nhuận trước thuế: 18.522,6 tỷ LNTT/TMĐT: 56,37% NPV: 4.286 tỷ IRR: 25,72% 3. So sánh phương án quy hoạch mới (18.051 dân) với phương án 19.646 dân: Bảng so sánh với diện tích đất và thương phẩm của 2 phương án: Bảng so sánh P&L của 2 phương án: Với phương án 18.051 dân, hiệu quả dự án sụt giảm so với phương án 19.646 dân. Tổng doanh thu giảm khoảng 9.375 tỷ; lợi nhuận "
đấu thầu tại đà nẵng,,đấu thầu tại Đà Nẵng,1,2025-05-13,2025-05-13,,53 ha; 22 ha; 53ha; 60 ha; 135ha; 258 ha,,"Hanh T - INVT 5/13/2025 7:09 PM Edited Translate P.Đầu tư báo cáo Anh Mr Mike1 -CEO về các khu đất dự án đấu thầu tại Đà Nẵng như sau: Theo Báo cáo số 106/BC-UBND của UBND Đà Nẵng ngày 20 tháng 3 năm 2025 về Danh mục các khu đất thực hiện đấu thầu thì có tất cả là 13 khu đất, trong đó gồm 10 khu đất khu đô thị (thông qua Hội đồng nhân dân) và 03 dự án giáo dục. Trong báo cáo này, P. ĐT chỉ sẽ tập trung vào xem xét đánh giá sơ bộ 10 khu đất quy hoạch khu đô thị. Theo đó, qua chuyến khảo sát thực tế các khu đất dự án và dựa trên các tiêu chí về: Kết nối giao thông hiện trạng/quy hoạch, hình dáng khu đất, độ rộng của mặt tiền kết nối đường giao thông; Vị trí, khoảng cách đến trung tâm thành phố và kết nối khu dân cư; Ưu thế về view sông và đường hiện trạng; Chỉ tiêu quy hoạch về chức năng ở, diện tích thương phẩm; Hiện trạng dân cư bên trong phạm vi khu đất: tình trạng nhà ở, công trình để đánh giá khả năng bồi thường giải phóng mặt bằng; thì phòng Đầu tư có chọn lọc sơ bộ được 05 dự án t"
kcn phước an tại xã phước an,,KCN Phước An tại xã Phước An,1,2025-05-15,2025-05-15,,330 ha; 220 ha; 183 ha; 733 ha; 485 ha,,"Khang Do - CVDT 5/15/2025 5:11 PM Translate P. ĐT báo cáo anh Mr Mike1 -CEO về dự án KCN Phước An tại xã Phước An, huyện Nhơn Trạch, tỉnh Đồng Nai như sau: 1. THÔNG TIN TỔNG QUAN Tên dự án: Khu công nghiệp Phước An Vị trí: xã Phước An, huyện Nhơn Trạch, tỉnh Đồng Nai Định vị: KCN Phước An Giai đoạn 1+2 và Giai đoạn 3 – Cảng Phước An Diện tích: - Giai đoạn 1: 330 ha - Giai đoạn 2: 220 ha - Giai đoạn 3: 183 ha => Tổng 3 giai đoạn: 733 ha Mục đích sử dụng đất: SKK – Khu công nghiệp (dịch vụ hậu cần cảng) đối với Giai đoạn 1+2 và DGT – Cảng Phước An đối với Giai đoạn 3. Khu Công nghiệp - Dịch vụ hậu cần cảng gồm: dịch vụ nâng hạ, vệ sinh container, kiểm tra sửa chữa container, và cho thuê kho bãi. Không phải cho thuê đất làm KCN. Thời gian sử dụng: 21/08/2059 (còn 34 năm) Thị trường xung quanh 2. PHÁP LÝ DỰ ÁN (i) Pháp lý đất: chưa có GCN QSDĐ, chỉ có Hợp đồng thuê đất với diện tích thuê là 485 ha (ii) Pháp lý quy hoạch: có 2 GCN đầu tư cho giai đoạn 1+2 và 3; có QĐ quy hoạch 1/2000 cho gi"
nêu trên qđ 789 cho khu đất 2,,nêu trên (QĐ 789 cho khu đất 2,1,2025-06-26,2025-06-26,,"2,1ha; 3,7ha",,"Khoa L - INVT 6/26/2025 5:30 PM Translate P.Đầu tư gởi thêm hồ sơ mời quan tâm của 2 dự án nêu trên (QĐ 789 cho khu đất 2,1ha và QĐ 787 cho khu đất 3,7ha) 2025-QD-789 - Phe duyet ho so moi quan tam du an.pdf 2025-QD-787.pdf"
noxh khu vực phước an,,NOXH khu vực Phước An,1,2025-07-14,2025-07-14,https://maps.app.goo.gl/Fsyo4xmwK3kmzbC9A; https://maps.app.goo.gl/hMM3KEF5KhFhsZJi7,"2,1ha; 3,7ha","1.711 tỷ; 194,84 tỷ; 135,17 tỷ; 839,8 tỷ; 211,17 tỷ; 138,18 tỷ","Khoa L - INVT 7/14/2025 6:26 PM Edited Translate P.Đầu tư báo cáo CEO Mr Mike1 -CEO hiệu quả 2 dự án NOXH khu vực Phước An, Nhơn Trạch Sau khi tổng hợp thông tin thêm từ a Hiếu PLDA, P.Đầu tư đã làm việc với team TKQH để có bài bố trí quy hoạch cụ thể cho 2 dự án và tính toán FS chi tiết như sau: 1. Vị trí 2 dự án: 2. Hiệu quả dự án: a) Dự án NOXH 2,1ha Phước An Nhơn Trạch: https://maps.app.goo.gl/Fsyo4xmwK3kmzbC9A - Tổng doanh thu: 1.711 tỷ - LNTT: 194,84 tỷ - NPV: 135,17 tỷ - LNTT/TMĐT: 13,8% b) Dự án NOXH 3,7ha Phước An Nhơn Trạch: https://maps.app.goo.gl/hMM3KEF5KhFhsZJi7 - Tổng doanh thu: 1.839,8 tỷ - LNTT: 211,17 tỷ - NPV: 138,18 tỷ - LNTT/TMĐT: 14% * Lưu ý cho bài tính: - Về phương án quy hoạch P.TKQH hiện đang binh tỷ lệ hiệu dụng ~ 73%, con số này gần tương đương các dự án NOTM. Theo quan điểm P.ĐT , đối với dự án NOXH chúng ta có thể bố trí tiết giảm diện tích hành lang căn hộ, lược bỏ sảnh căn hộ (chỉ cần đảm bảo có khu nhận thư, bảo vệ) và các khu vực tiện ích cho cư dân (c"
thanh đa,,Thanh Đa,1,2025-07-16,2025-07-16,,"718.4 m2; 1118.3 m2; 158.7 m2; 271.9m2; 081.7 m2; 374.7 m2; 707 m2; 508.4m2; 633.7 m2; 4,619 m2; 1,167 m2",705 triệu/m2; 506.5 tỷ; 899 triệu/m2; 041.7 tỷ; 360 triệu/m2; 389.4 tỷ; 458 triệu/m2; 273 tỷ; 621.3 tỷ; 91.3 tỷ,"Binh D - CVDT 7/16/2025 7:01 PM Edited Translate Kính gửi Sếp Mr Mike1 -CEO, P.ĐT báo cáo định giá 6 tài sản như sau: 1.Tài sản 69 Võ Văn Tần, Phường Võ Thị Sáu, Quận 1, TP.HCM + Diện tích đất: 718.4 m2 (Chưa có GCN) + Diện tích xây dựng: nhà biệt thự, diện tích sàn khoảng 1118.3 m2 + Đơn giá đất ở định giá: 705 triệu/m2 đất + Giá trị định giá không bao gồm công trình hiện hữu: 506.5 tỷ Ghi chú: + Vì chưa xác định được mục đích sử dụng đất nên P.ĐT định giá dựa trên giả định toàn bộ diện tích đất là đất ở + Nằm trong danh mục biệt thự cũ bảo tồn nhóm 2 của TPHCM + Quy hoạch: Đất phức hợp – hệ số 4 – MĐXD 70% 2. Tài sản 76 Hai Bà Trưng, Phường Bến Nghé, Quận 1, TP.HCM + Diện tích đất: 1,158.7 m2 (theo GCNQSDĐ cấp năm 2025) – Đất ở + Diện tích xây dựng: Nhà biệt thự (nát), diện tích sàn khoảng 1,271.9m2 + Đơn giá đất ở định giá: 899 triệu/m2 đất + Giá trị định giá không bao gồm công trình hiện hữu: 1,041.7 tỷ Ghi chú: + Quy hoạch: Đất phức hợp – hệ số 4.5 - MĐXD 80% 3. Tài sản 672 – 672A"
du lịch sinh thái nghỉ dưỡng giải trí núi chứa chan,,du lịch sinh thái nghỉ dưỡng giải trí núi Chứa Chan,1,2025-07-31,2025-07-31,,,7.000 tỷ; 1.165 tỷ,"Mr Mike1 -CEO 7/31/2025 7:58 AM https://m.cafef.vn/dong-nai-tinh-thu-gan-7000-ty-tu-3-khu-dat-dau-gia-188250731071055431.chn Đồng Nai tính thu gần 7.000 tỷ từ 3 khu đất đấu giá Tỉnh Đồng Nai sẽ đưa ra đấu giá khu đất làm dự án du lịch sinh thái nghỉ dưỡng giải trí núi Chứa Chan với giá khoảng 1.165 tỷ đồng, dự án trung tâm thương mại dịch vụ và dân cư theo quy hoạch hơn 7... m.cafef.vn 22/8 này đấu giá rồi kìa by Unknown User"
hoà xuân 15h by unknown user,,Hoà Xuân 15h by Unknown User,1,2025-08-04,2025-08-04,,37 ha; 77 ha,,Huy M - IM 8/4/2025 7:25 AM Translate Hôm nay Team sẽ báo Sếp: Đấu giá 37 ha 2. Đấu giá 77 ha 3. NOXH Đông Trung 4. 2 Khu đất Hoà Xuân 15h by Unknown User
là 30,,là 30,1,2025-08-08,2025-08-08,https://maps.app.goo.gl/pTzfCxqkMYLuLe9z9,"3,09 ha; 970,5 m2; 21,439 m2; 9.531 m2; 27.000 m2",,"Hanh T - INVT 8/8/2025 5:07 PM Edited Translate P.Đầu tư báo cáo Sếp Mr Mike1 -CEO về DA chung cư Long Vân 3,09 ha, đường Quốc Lộ 13 (Đại Lộ Bình Dương), P.Lái Thiêu (Bình Dương cũ), TPHCM (nguồn từ Mr Sơn Trợ lý gửi) như sau: 1. Tóm tắt sơ bộ hiện trạng pháp lý dự án: a) Vị trí và ranh dự án: https://maps.app.goo.gl/pTzfCxqkMYLuLe9z9 b. Sơ bộ hiện trạng pháp lý: Tổng diện tích khu đất lập dự án là 30.970,5 m2 đất, số 76 đường Đại Lộ Bình Dương, đối diện với đường Lái Thiêu 110 và Cầu Phú Long nối qua Quận 12. Pháp lý đầu tư: Chưa thực hiện QĐ chủ trương đầu tư, chỉ mới được duyệt vào danh sách thí điểm thực hiện dự án nhà ở tháng 6/2025. Pháp lý đất: tổng diện tích đất thực hiện dự án là 30.970,5 m2 bao gồm 07 Giấy chứng nhận, trong đó : - Đất SKC: 21,439 m2 ~69% , thời hạn sử dụng đến 2055 (03 GCN, Cty Long Vân đứng tên); - Đất ở, đất CHN: 9.531 m2 ~31% (04 GCN, đứng tên cá nhân). => Về thủ tục đất thực hiện dự án thì chưa hoàn thiện do chưa đưa phần đất còn lại vào công ty. Pháp lý "
trên có diện tích hơn 77ha,,trên có diện tích hơn 77ha,1,2025-08-13,2025-08-13,,77ha,,"Mr Mike1 -CEO 8/13/2025 2:01 PM Translate Theo quyết định, khu đất trên có diện tích hơn 77ha, quy mô dân số 12.000 - 20.000 người, tỷ lệ lập quy hoạch là 1/500. Ủa trong quy hoạch có cụ thể số dân chưa nh... by Unknown User"
cũng 42 tr m2,,cũng 42 tr/m2,1,2025-08-24,2025-08-24,,10ha; 1.7 ha; 10 ha,42 tr/m2,"Huy M - IM 8/24/2025 6:57 PM Translate Có tính rồi à Sếp. Theo thông tin giá đầu vào A Sơn Trợ lý báo 30 trđ/m2 trên 10ha. Tuy nhiên QH chỉ có 1.7 ha trên tổng 10 ha là đất ở. Dc áp hệ số 8, Tầng cao 30 tầng chỉ cho 1.7 ha. Giá bán RD đề xuất là 42 47 chưa v, tim. Trong khi giá vốn 10ha chia lại 1.7 đang rất cao và đơn giá bản giá đất NN tiền sử đụng đất đoạn qua dự án cũng 42 tr/m2. Nên Dự án ko đạt hiệu quả với Quy hoạch hiện tại Ngoài ra Team cũng thử binh phương án quy h... by Huy M - IM"
tại 353 nơ trang long,,tại 353 Nơ Trang Long,1,2025-10-07,2025-10-07,https://www.google.com/maps/d/edit?mid=1Fl7DvT-DOnJvyHZ0Oq5v-nUadBLGHFo&usp=sharing,3.399 m2; 3.195 m2; 25.289 m2; 13.633 m2; 38.298 m2; 20.654 m2,"018,6 tỷ; 68 Triệu/m2; 88 Triệu/m2; 896 tỷ; 18 triệu/m2; 220 tỷ; 13,5 tỷ; 152 tỷ; 121 tỷ; 1.547 tỷ; 1.340 tỷ; 18,4 triệu/m2; 131 tỷ; 232 tỷ; 207 tỷ","Hanh T - INVT 10/7/2025 5:32 PM Edited Translate Kính gửi Sếp Mr Mike1 -CEO, P.ĐT xin báo cáo hiệu quả đầu tư dự án tại 353 Nơ Trang Long, Bình Thạnh, TPHCM như sau: * Ranh đất, vị trí và thông tin Quy hoạch: https://www.google.com/maps/d/edit?mid=1Fl7DvT-DOnJvyHZ0Oq5v-nUadBLGHFo&usp=sharing + Diện tích đất: 3.399 m2, diện tích phù hợp QH (Sau khi trừ lộ giới) 3.195 m2; + Chỉ tiêu QH theo 1/2000 được duyệt (QĐ 5674/QĐ-UBND 2017): Hệ số 6 lần, dân số 606, tầng cao 18, MĐXD 70%. + Phòng ĐT tính FS theo 02 phương án từ phòng QH: Phương án 1: Phù hợp (dưới <=) chỉ tiêu cho phép theo 1/2000 Phương án 2: Cao hơn (>=) chỉ tiêu cho phép 1/2000, cơ sở tham khảo từ dự án gần đó là Ascent Plaza. A - Hiệu quả dự án theo phương án 1: Chỉ tiêu QH: Tầng cao 18 tầng, 1 tầng hầm, hệ số 6 lần, dân số 465, dt sàn xây dựng 25.289 m2, diện tích sàn kinh doanh 13.633 m2. Tổng doanh thu căn hộ chưa VAT là: 1.018,6 tỷ đồng (Đơn giá căn hộ tại thời điểm mở bán QIV/2026 là 68 Triệu/m2 (chưa VAT); Giá shophouse "
masteri an phú masteri thảo điền the vista tăng 40 50 giá trị chỉ trong 3 tháng nếu lấy sàn,,Masteri An Phú - Masteri Thảo Điền - The Vista tăng 40-50% giá trị chỉ trong 3 tháng ) 🎉 Nếu lấy sàn,1,2025-10-11,2025-10-11,,700 m2; 700m2,"25,550 tỷ; 18,447 tỷ; 26.4 tr/m2; 29.5 tr/m2; 19,67 tỷ; 28,1 tr/m2; 31,47 tr/m2","Unknown User 10/11/2025 12:27 PM Deal a David Ví dụ : Mua 700 m2 ( 1 sàn ) x 36.5 tr = 25,550 tỷ CK : 9% ( Thâm niên hơn 2,5 năm) CK: 13,8% ( Thanh toán nhanh 95%) CK : 3% ( Early Bird 100 căn đầu tiên) CK : 2% ( mua sỉ từ 5 căn trở lên) Tổng CK : 27,8% 💯=> Giá bán cuối cùng : 18,447 tỷ ( Chưa VAT , Phí BT) => Đơn giá/m2 : 26.4 tr/m2 ( tổng 700m2)x1.12 = 29.5 tr/m2 ( Đã VAT , Phí BT ) Với vị trí của Fenica gần Metro thì chỉ cần bắt đầu triển khai Metro thì tăng giá mỗi năm 10-15% là việc bình thường ( thậm chí như tuyến Metro Số 1 Suối Tiên, các dự án Masteri An Phú - Masteri Thảo Điền - The Vista tăng 40-50% giá trị chỉ trong 3 tháng ) 🎉 Nếu lấy sàn thứ 2 (700 m2 ) => CK TỔNG 23% => Tổng Ngân sách đầu tư 19,67 tỷ => Đơn giá/m2 :28,1 tr/m2 => 31,47 tr/m2 Tính gấp lại nha by Unknown User"
đầu tư,,đầu tư,1,2025-10-31,2025-10-31,https://www.google.com/maps/d/edit?mid=11z_Bkaxe4GIV5AYsicAES_ivCxDZbmM&usp=sharing,,,"Thanh L - INVT 10/31/2025 9:41 AM Edited Translate Kính gửi Mr Mike1 -CEO, P.ĐT báo cáo đánh giá 3 tài sản thực hiện căn hộ dịch vụ với hiệu quả dự án đầu tư như sau: Vị trí 3 tài sản: https://www.google.com/maps/d/edit?mid=11z_Bkaxe4GIV5AYsicAES_ivCxDZbmM&usp=sharing Vì cả 3 tài sản có vị trí gần nhau nên P.RD để xuất chung một mức giá thuê cho 3 tài sản như sau: Đề xuất giá thuê"
cty định giá việt,,Cty Định Giá Việt,1,2025-11-06,2025-11-06,,,38.4tr/m2,"Thoi L - ASST. 11/6/2025 5:32 PM Translate Huy M - IM Anh gửi Huy xem qua b/c định giá của Fenica để rà soát điều chỉnh và b/c Sếp, nếu cần nhé. PP so sánh trực tiếp đề xuất giá bán trung bình là 38.4tr/m2. Fenica- Dự thảo định giá DA - Cty Định Giá Việt.pdf Begin quote, Thoi L - ASST. , 11/6/2025 5:3... by Huy M - IM"
chung cư đỗ xuân hợp,,Chung cư Đỗ Xuân Hợp,1,2025-11-13,2025-11-13,https://maps.app.goo.gl/Hn6baY7yBKNTcRXs8,"2.067m2; 492,5 m2; 529,8m2; 55m2",560 tỷ; 170 tỷ; 135 tỷ; 280 tỷ; 144 tỷ; 850 tỷ; 148 tỷ; 15 tỷ,"Thanh L - INVT 11/13/2025 8:40 AM Translate Kính gửi Sếp Mr Mike1 -CEO, P.ĐT báo cáo hiệu quả đầu tư dự án Chung cư Đỗ Xuân Hợp, P.Phước Long B, Thủ Đức như sau: Vị trí: https://maps.app.goo.gl/Hn6baY7yBKNTcRXs8 THÔNG TIN QUY HOẠCH + Diện tích đất: 2.067m2 + MĐXD: 40% + Hệ số sử dụng đất: 8,01 + Số tầng cao: 33 tầng + 1 hầm (có bố trí thêm tầng để xe nổi) + Tổng sàn xây dựng: 19.492,5 m2 + Diện tích kinh doanh: 11.529,8m2 ; gồm 203 căn hộ + 1 căn shop -> Diện bình quân mỗi căn 55m2 PHƯƠNG ÁN 1: BÁN CĂN HỘ Ở 1/ Tổng mức đầu tư chưa bao gồm VAT: 560 tỷ đồng (Trong đó: Suất vốn All in bao gồm VAT là 14,2 Tr.đồng/m2; Chi phí mua đất là 170 tỷ và Tiền sử dụng đất 135 tỷ đồng) NOTE: Phương pháp thặng dư ước tính giá trị lô đất 280 tỷ đồng tương đương 135 Tr.đồng/m2, sau khi khấu trừ đất ở và đất nông nghiệp hiện trạng theo thị trường mặt tiền Đỗ Xuân Hợp là 144 tỷ đồng 🡪 Tiền sử dụng đất phải nộp thêm khoảng 135 tỷ đồng. 2/ Tổng doanh thu bán hàng chưa VAT là: 850 tỷ đồng (Trong đó: giá bán "
fenica 16,,Fenica (16%),1,2026-05-27,2026-05-27,,,"1,362 tỷ; 1,513 tỷ; 1,590 tỷ","Admin 01 5/27/2026 4:34 PM Chi phí bán hàng ngoài đảo này tốn hơn nha Về chi phí bán hàng: -Tỷ lệ chi phí bán hàng của khối cao tầng đang dự kiến ở mức 17%, cao hơn so với dự án Fenica (16%). Đồng thời, mức chi phí này hiện chưa bao gồm chi phí nhà mẫu. -Ngoài ra, trong cơ cấu chi phí bán hàng có nhiều khoản mang tính chất cố định (fixed cost) nhưng hiện vẫn đang được phân bổ theo tỷ lệ doanh thu, như: chi phí setup sàn bán hàng, chi phí nhân sự quản lý, chi phí tổ chức sự kiện/bán hàng, sa bàn,… Các khoản chi phí này thực tế không chênh lệch quá lớn giữa dự án quy mô 1,500–2,000 căn của Bà Kèo và dự án Fenica chỉ khoảng 579 căn -Chi tiết tổng chi phí bán hàng (chưa VAT) của từng phương án hiện cũng rất cao như sau: +PA10: 1,362 tỷ + PA11: 1,513 tỷ + PA12: 1,590 tỷ => Do đó, nhìn chung chi phí bán hàng đã được dự trù ở mức tương đối và theo hướng thận trọng ạ Begin quote, Admin 01, 5/27/2026 4:35 PM, V... by Thao L - INVT"
cao tầng tại trung tâm quận 9 tphcm,,cao tầng tại Trung tâm Quận 9 (TPHCM),1,2026-07-02,2026-07-02,,"3,1 ha","3,600 tỷ; 110 tr/m2","Dung N - DCEO 7/2/2026 1:59 PM Báo cáo Sếp Admin 01 và các anh: hiện nay Tập đoàn Gamudaland (Malaysia) đang nghiên cứu M&A một dự án cao tầng tại Trung tâm Quận 9 (TPHCM) với quy mô 3,1 ha, Hệ số SDĐ : 8,0; Dân số 3,000 dân, Tổng số căn hộ: 1,240 căn. Dự án đã được GPMB 100%, đã đưa đất vào công ty, đã được duyệt danh sách 171. Tổng giá trị M&A dự kiến khoảng 3,600 tỷ, bên CĐT cũ sẽ nắm giữ 20% cổ phần, GamudaLand đang tìm đối tác để hợp tác phần 80% còn lại (dự kiến Gamudaland nắm khoảng 50%, đối tác nắm 30%); giá bán dự kiến 90-110 tr/m2 (chưa VAT). Dũng gửi thông tin để Sếp và các anh xem xét. Đường bé mà giá này thì Richland phải bán 1... by Admin 01"
