curated_id,project_name,status,has_map,issues,mention_count,first_report_date,latest_report_date,source_excerpt
BDS-CURATED-0011,12ha KDC Vĩnh Phú gần Phú Quang,recover_project,yes,,3,2026-05-08,2026-05-08,"[2026-05-08] Khoa L - INVT 5/8/2026 11:57 AM 📷 Dạ P.ĐT báo cáo sếp Admin 01 dự án 12ha KDC Vĩnh Phú gần Phú Quang. I. Thông tin tổng quan: 📷 Dựa vào sự phù hợp quy hoạch và hình dáng thuận lợi để triển khai dự án, P.ĐT đề xuất gom mua diện… Vào phòng a trình bày cái này --- [] Dạ P.ĐT báo cáo sếp Admin 01 dự án 12ha KDC Vĩnh Phú gần Phú Quang. I. Thông tin tổng quan: Dựa vào sự phù hợp quy hoạch và hình dáng thuận lợi để triển khai dự án, P.ĐT đề xuất gom mua diện tích đất nằm trong ranh đỏ như trong hình với diện tích ~ 12.5 ha Quỹ đất gom mua sẽ thuộc phân khu 3 thành phố Thủ Đức, Đất đơn vị ở 1, quy hoạch nhóm nhà ở, nằm trọn các ô đất OD 3, OD5, OD8, OD9, OD4, OD10 và 1 phần OD4, OD11. Thông số quy hoạch như sau: - Tầng cao: 15-30 - Hệ số: 6-8 - Dân số: 6,151 II. Phương án quy hoạch vừa cao tầng và thấp tầng: Phương án quy hoạch định hướng theo cách bố trí hỗn cao tầng và thấp tầng trong từng ô nhằm sử dụng tối ưu dân số và tầng cao. - 4 khu cao tầng (3 khu cao 30 tầng và 1 khu cao 15 tầng): 2.464 căn hộ, 46 căn shophouse - 164 căn nhà phố liên kế, - 51 căn biệt thự III. PA triển khai đầu tư: a) Giả định kinh doanh: + Giá bán căn hộ: 50 - 79 tr/m2 (gồm V, tim tường) + Giá bán shop TM: 60 -100 tr/m2 (gồm V, tim tường) + Nhà trẻ: Cho thuê giá 4$/m2/tháng. + Giá bán nhà phố: 70tr/m2 (gồm nhà và đất) (trong đó giá đất: 43tr/m2) + Giá bán biệt thự: 66 – 77 tr/m2 (gồm nhà và đất)"
BDS-CURATED-0001,31 Trần Não,recover_project,yes,,7,2024-12-11,2025-02-11,"[2025-02-11 | BDS-MASTER-0004] [2025-02-11] Thao L - INVT 2/11/2025 1:56 PM Edited Translate K.ĐT báo cáo anh Mr Mike1 -CEO về Cao tầng 31 Trần Não như sau: 1. Thông tin, vị trí và hiện trạng: - Dự án cao tầng với tổng diện tích đất là 5,243.6m2. - Chi phí đất ban đầu: 894 tỷ ~ 170tr/m2 – full ở - Vị trí dự án tiếp giáp đường Trần Não. - Hiện trạng: Dự án có nguồn gốc đất là Full ở lâu dài (theo thông tin được cung cấp), vì thế phần đất tương ứng sản phẩm Thương mại (TTTM, Khách sạn, Văn phòng) có khả năng được thời hạn lâu dài (tương tự dự án 197 Lê Văn Sỹ, Quận 3). Tuy nhiên, để P.PLDA có đánh giá chính xác và chi tiết hơn cần cung cấp đầy đủ hồ sơ dự án. 2. Hồ sơ Pháp lý: P.ĐT nhận thông tin Tính hiệu quả sơ bộ dự án từ Mr. Hùng theo Thuyết minh dự án được cung cấp. Không có bất kì hồ sơ pháp lý nào, vì thế chưa thể đánh giá pháp lý dự án. Theo Thuyết minh dự án đề xuất thay đổi như sau: 3. Tính khả thi: a. Loại hình phát triển: Dự án cao tầng hỗn hợp gồm: 04 tầng TTTTM, 06 tầng Khách sạn 4 - 5 sao, 05 tầng Văn phòng hạng B và 15 tầng Căn hộ ở cao cấp. b. Quy mô: 3 hầm + 30 tầng. c. Thời gian triển khai: - Pháp lý dự án: bắt đầu 2025 - Xây dựng: cuối 2025 – giữa 2027 - Bán hàng: đầu 2026 – giữa 2026 - Tiến độ --- [2024-12-11 | BDS-MASTER-0022] [2024-12-11] Thao L - INVT 12/11/2024 5:31 PM Edited Translate K.ĐT báo cáo anh Mr Mike1 -CEO về Chung cư Phượng Hoàng, Dĩ An, Bình D"
BDS-CURATED-0068,Đông Trung,recover_project,no,,6,2022-09-07,2025-08-12,"[2022-11-02] Trieu Nguyen-PTDT 11/2/2022 6:28 PM KĐT gửi anh Tuan Tran-CEO báo cáo đánh giá dự án Đông Trung, Bình Dương, cụ thể: Pháp lý đất: Quy mô đất 4.6ha đã đền bù cho dân Pháp lý đầu tư: - Đã có chủ trương đầu tư là nhà phố thấp tầng cho tổng quy mô 12ha - UBND có văn bản trả lời chấp thuận điều chỉnh chủ trương từ toàn bộ đất ở thấp tầng -> đất ở cao tầng và nhà phố thấp tầng, và điều chỉnh giảm quy mô dự án từ 12ha xuống còn 4.6ha Pháp lý quy hoạch: - Đã có QH 1.500 cho tổng quy mô 12ha (dân số 2970 người) phát triển dự án thấp tầng. Tuy nhiên, sau khi rà soát phát hiện 5.4ha có nguồn gốc đất công nên chủ đầu tư cũ đã trình bản quy hoạch QH 1/500 điều chỉnh thành dự án có quy mô 4.6ha bao gồm sản phẩm đất ở thấp tầng và đất ở hỗn hợp cao tầng Pháp lý xây dựng: Chưa có Sản phẩm đề xuất phát triển: nhắm đến đối tượng khách hàng trung bình thấp có nhu cầu ở thực, phân khúc dự án thấp hơn Phú Quang. - 111 căn nhà phố liền kề: 80m2 đất/căn, có giá bán 65tr/m2 đất tại thời điểm cuối năm 2025 (tham khảo giá bán hiện tại các dự án Lavela 45tr/m2, KDC Việt Sing 40-60tr/m2, Eco Xuân 50-55tr/m2, An Phát 78tr/m2) - 5 tòa Khối tháp chung cư trung cấp có 1622 căn, DTKD là 88422m2 sàn, giá bán trung --- [] P.ĐT báo cáo CEO Mr Mike1 -CEO về hiệu quả dự án Đông Trung theo phương án phát triển NOTM Trong bài tính NOTM, Phòng Đầu tư tính cho 2 trường hợp: 3.950 dân và 3.021 dân (tương tự"
BDS-CURATED-0009,Stown Gateway có quy mô 8816m2 tại hẻm Quốc lộ 13,recover_project,yes,,2,2022-08-10,2022-08-10,"[2022-08-10] Unknown User 8/10/2022 4:02 PM KĐT gửi anh Tuan Tran-CEO báo cáo dự án Stown Gateway có quy mô 8816m2 tại hẻm Quốc lộ 13, Thuận An, Bình Dương có giá chào 530 tỷ (bao gồm tiền sử dụng đất và GPXD, tương đương 60tr/m2 đất): 1) Vị trí và hiện trạng: - Nằm cách Quốc lộ 13 khoảng 50m, cách dự án Phú Quang khoảng 2.5km đường … Này ai gửi nhỉ Image by Unknown User --- [2022-08-10] Trieu Nguyen-PTDT 8/10/2022 4:02 PM KĐT gửi anh Tuan Tran-CEO báo cáo dự án Stown Gateway có quy mô 8816m2 tại hẻm Quốc lộ 13, Thuận An, Bình Dương có giá chào 530 tỷ (bao gồm tiền sử dụng đất và GPXD, tương đương 60tr/m2 đất): 1) Vị trí và hiện trạng: - Nằm cách Quốc lộ 13 khoảng 50m, cách dự án Phú Quang khoảng 2.5km đường bộ, cách địa phận TPHCM khoảng 1.6km, thuận tiện đi về trung tâm TPHCM và Sân bay Tân Sơn Nhất - Hiện trạng đã ép cọc, văn phòng bán hàng 2) Pháp lý đất: 2 GCNQSDĐ bao gồm 8236.6m2 đất ODT và 265.6m2 đất CLN 3) Pháp lý đầu tư: Chưa được cung cấp 4) Pháp lý quy hoạch: - Quy hoạch 1/500 dự án căn hộ Stown Gateway: HSSD 8.94 lần, MĐXD 38.55%, 2 tầng hầm và 26 tầng nổi - QHXD: 1) 3769m2 đất TMDV và du lịch, HSSD 0.75 lần, 3 tầng cao, MĐXD 25%; 2) 4410m2 đất công trình công cộng, HSSD 4.5 lần, 15 tầng cao, MĐXD 30% - QHSDĐ: 8097m2 đất ở đô thị => Cần kiểm tra lại QH 1.2000 mới nhất 5) Pháp lý xây dựng: chưa có 6) Sản phẩm phát triển: Chung cư cao cấp - 780 căn hộ chung cư, giá b"
BDS-CURATED-0007,Holiday Beach,recover_project,yes,,5,2025-04-16,2025-04-16,"[2025-04-16 | BDS-MASTER-0106] [] P.ĐT xin báo cáo Sếp Admin 01 FS dự án Holiday Beach theo phương án kết hợp Khách sạn và Condotel, như sau: I. TỔNG QUAN DỰ ÁN VÀ CƠ CẤU SẢN PHẨM: Quy mô xây dựng: 2 tầng hầm, 30 tầng nổi, tổng diện tích GFA gồm hầm 75.913 m2. Tỷ lệ diện tích thương phẩm 43.702 m2 ~ 58%/GFA gồm hầm, ~ 66%/GFA chưa hầm. II. TỔNG MỨC ĐẦU TƯ DỰ KIẾN Tổng mức đầu tư (bao gồm VAT) được dự kiến xây dựng hoàn thiện tiêu chuẩn 5 sao. III. PHÂN BỔ GIÁ VỐN VÀ TÍNH GIÁ HÒA VỐN: Cơ cấu giá vốn/m2 thương phẩm Giá vốn phân bổ cho từng loại sản phẩm: Do tổng diện tích kinh doanh gồm nhiều loại hình (bán, cho thuê, shop, condotel), với giả định các sản phẩm có khả năng tạo ra dòng tiền cao hơn sẽ gánh tỷ trọng giá vốn lớn hơn nên áp dụng phương pháp Phân bổ giá vốn của từng loại sản phẩm theo doanh thu ước tính để có tỷ lệ phù hợp, từ đó làm cơ sở để tính toán giá hòa vốn cho từng loại hình sản phẩm. Giá hòa vốn khách sạn 5.3 tr/đêm (~ 106 tr/m2), giá có lợi nhuận 12% ~ 6 tr/đêm (~143,4 tr/m2). Giá hòa vốn Condotel: 128 tr/m2 (chưa gồm chi phí bán hàng), 153,6 tr/m2 (gồm CP bán hàng 20%), giá bán có lợi nhuận 176 tr/m2 (lợi nhuận mục tiêu 15%, gồm VAT), 161 tr/m2 chưa VAT, 50 năm, giá bán thời điểm 2028. Giá hò --- [ | BDS-MASTER-0025] [] P.ĐT báo cáo anh Mr Mike1 -CEO về dự án Holiday Beach theo phương án Hotel & Condotel, Mặt tiền đường Võ Nguyên Giáp, P. Mỹ An, Q. Ngũ Hành "
BDS-CURATED-0020,gồm Chung cư cao tầng gồm 02 Hầm + 02 tầng Khối đế + 26 tầng căn hộ (trong đó căn hộ NOXH chiếm 20% tổng số că,needs_name_or_parent_review,yes,bad_name_length; chat_sentence_name,2,2023-08-03,2023-08-03,"[2023-08-03] Thao L - INVT 8/3/2023 2:24 PM Edited 2. PHƯƠNG ÁN PHÁT TRIỂN ĐỀ XUẤT: 2.1. Phương án Cao tầng: Sử dụng hiệu quả nhất các chỉ tiêu quy hoạch và xin thêm 2.522 dân. a. Quy mô: Dự án gồm Chung cư cao tầng gồm 02 Hầm + 02 tầng Khối đế + 26 tầng căn hộ (trong đó căn hộ NOXH chiếm 20% tổng số căn hộ); Trường mầm non và Y tế. b. Loại hình kinh doanh: 02 tầng khối đế cho thuê sàn trung tâm thương mại: 5.162m2 sàn thương phẩm (tỷ lệ thương phẩm trung bình 57%). 26 tầng tháp bán căn hộ: 75.540m2 sàn thương phẩm (tỷ lệ thương phẩm trung bình 73%): .Căn hộ NOXH: 15,110m2 sàn ~ 291 căn, diện tích trung bình 52m2/căn. .Căn hộ thương mại: 60,430m2 sàn 1.040 căn, diện tích trung bình 58m2/căn. Số căn hộ: 1.331 căn. Dân số sử dụng: 3.022 người, dân số theo quy hoạch: 500 người => Dân số cần xin thêm: 2.522 người. c. Thời gian triển khai: Đến cuối 2025: Đền bù giải phóng mặt bằng, Chuyển mục đích SDĐ và hoàn thành pháp lý dự án. 2026 - cuối 2028: Xây dựng và bán hàng theo tiến độ căn hộ thương phẩm. Cuối 2028: Bán sàn TTTM. 2029: Bán căn hộ NOXH. d. Tổng mức đầu tư : Tiền sử dụng đất: Tạm tính theo phương pháp hệ số điều chỉnh (K=3,3): 153,7 tỷ ~ 12tr/m2 cho 12,856m2 đất ở tương ứng phần căn hộ thư --- [] Thao L - INVT 3/23 11:46 AM Translate 2. PHƯƠNG ÁN PHÁT TRIỂN ĐỀ XUẤT: 2.1. Phương án Cao tầng: Sử dụng hiệu quả nhất các chỉ tiêu quy hoạch và xin thêm 2.522 dân. a. Quy mô: Dự á"
BDS-CURATED-0022,tại 353 Nơ Trang Long,needs_name_or_parent_review,yes,chat_sentence_name; needs_parent_name_extraction,1,2025-10-07,2025-10-07,"[2025-10-07] Hanh T - INVT 10/7/2025 5:32 PM Edited Translate Kính gửi Sếp Mr Mike1 -CEO, P.ĐT xin báo cáo hiệu quả đầu tư dự án tại 353 Nơ Trang Long, Bình Thạnh, TPHCM như sau: * Ranh đất, vị trí và thông tin Quy hoạch: https://www.google.com/maps/d/edit?mid=1Fl7DvT-DOnJvyHZ0Oq5v-nUadBLGHFo&usp=sharing + Diện tích đất: 3.399 m2, diện tích phù hợp QH (Sau khi trừ lộ giới) 3.195 m2; + Chỉ tiêu QH theo 1/2000 được duyệt (QĐ 5674/QĐ-UBND 2017): Hệ số 6 lần, dân số 606, tầng cao 18, MĐXD 70%. + Phòng ĐT tính FS theo 02 phương án từ phòng QH: Phương án 1: Phù hợp (dưới <=) chỉ tiêu cho phép theo 1/2000 Phương án 2: Cao hơn (>=) chỉ tiêu cho phép 1/2000, cơ sở tham khảo từ dự án gần đó là Ascent Plaza. A - Hiệu quả dự án theo phương án 1: Chỉ tiêu QH: Tầng cao 18 tầng, 1 tầng hầm, hệ số 6 lần, dân số 465, dt sàn xây dựng 25.289 m2, diện tích sàn kinh doanh 13.633 m2. Tổng doanh thu căn hộ chưa VAT là: 1.018,6 tỷ đồng (Đơn giá căn hộ tại thời điểm mở bán QIV/2026 là 68 Triệu/m2 (chưa VAT); Giá shophouse ~1,3 lần giá căn hộ : 88 Triệu/m2) Tổng mức đầu tư chưa bao gồm VAT, bao gồm lãi vay là: 896 tỷ đồng (Đơn giá All in bao gồm VAT là 18 triệu/m2; Chi phí mua đất 220 tỷ đồng; Tiền sử dụng đất đóng thêm"
BDS-CURATED-0014,KDC Long Phước có quy mô 18ha tại Phường Long Phước,recover_project,yes,,1,2023-12-27,2023-12-27,"[2023-12-27] Trieu Nguyen-PTDT 12/27/2023 3:56 PM KĐT gửi anh Tuan Tran-CEO báo cáo cập nhật dự án KDC Long Phước có quy mô 18ha tại Phường Long Phước, Q9, TPHCM của chủ đầu tư Song Đạt, có giá chào bán 2200 tỷ: A/ Vị trí và hiện trang: + Dự án tiếp giáp với đường Long Phước, phường Long Phước, Q9, TPHCM, và có các mặt tiếp xúc kênh rạch cách cầu Long Đại khoảng 5km và cầu Trường Phước khoảng 4km, cách KCN cao khoảng 14,3kn, cách trung tâm Q1 khoảng 23,6km + Dự án đã được san lắp và làm hạ tầng giao thông khoảng 80% + Dự án nằm gần các dự án đầu mối hạ tầng giao thông quan trọng: B/ Pháp lý dự án: 1/ Pháp lý đất: + Đã hoàn thành tiền sử dụng đất và có GCNQSDĐ cho 180.123m2, mục đích sử dụng là đất ở đô thị, thời hạn lâu dài đối với phần thương phẩm đất ở và có thời hạn đến 07/08/2056 đối với phần đất công cộng kinh doanh 2/ Pháp lý quy hoạch: + QH 1/2000 năm 2013: + Đã Phê duyệt Q/H chi tiết 1/500 số 507/QĐ-UB ngày 30/12/2009, phù hợp QH 1/2000 theo quyết định số 5258/QĐ-UBND duyệt ngày 25/09/2013 + Thông số chỉ tiêu quy hoạch: Quy mô dân số: 1.752 người (trong đó 672 người cho nhóm nhà ở chung cư) Hệ số sử dụng đất: 0,85 lần Tầng cao xây dựng: từ 1 - 8 tầng (Chưa bao gồm tầng hầm, tầng lửng và"
BDS-CURATED-0016,Trần Hưng Đạo,needs_name_or_parent_review,yes,needs_parent_name_extraction,1,,,"[] P.ĐT báo cáo Sếp Mr Mike1 -CEO về dự án Trần Hưng Đạo, cầu Trần Thị Lý, TP Đà Nẵng (Lô Anh Sơn Trợ lý gửi) như sau: A. TỔNG QUAN VỀ DỰ ÁN: Dự án đường Trần Hưng Đạo chào về với giá 518 tỷ đồng cho diện tích 2.117 m2 (đã có sổ đất ở xây dựng chung cư, thời hạn sử dụng cho Chủ đầu tư đến 2062 ~ còn 37 năm ~ đơn giá 245 tr.đồng/m2, cao 2,4 lần so với đơn giá đất Nhà nước (101 tr.đồng/m2). Vị trí maps: https://maps.app.goo.gl/acrdQ54V3NVNNkKh9 Dự án cơ bản đã hoàn tất các thủ tục pháp lý đầu tư như: Đã được chấp thuận chủ trương đầu tư (Tháng 7/2024); Đã được phê duyệt 1/500 (tháng 4/2025), chỉ tiêu quy hoạch phù hợp với đồ án 1/2000 hiện hữu; Riêng Sổ đất đã được cấp năm 2017 với mục đích sử dụng là đất ở xây dựng chung cư, nhưng chưa rõ là xây dựng chung cư với chỉ tiêu quy hoạch tương ứng như thế nào, do đó trong bài toán FS, để thận trọng, P.ĐT tạm tính DA sẽ đóng tiền đất bổ sung với giá trị tính theo PP Thặng dư. 1. Thông số quy hoạch (theo QĐ 1/500 tháng 4/2025) Dân số: 550 dân Tầng cao: 28 tầng nổi + 1 tum, 03 tầng hầm Hệ số sử dụng đất: 12,8 lần Sản phẩm: Gồm 277căn hộ ở ~ diện tích sàn ở là 17.600 m2 và 15 căn hộ du lịch, diện tích 877 m2. 2. Hiệu quả dự án: - Tổng doanh thu"
BDS-CURATED-0018,chung cư tại Tân Bình,recover_project,yes,,1,2022-11-16,2022-11-16,"[2022-11-16] Trieu Nguyen-PTDT 11/16/2022 3:35 PM Edited KĐT gửi anh Tuan Tran-CEO báo cáo dự án chung cư tại Tân Bình, Dĩ An, Bình Dương có quy mô 9379m2, có giá chào 380 tỷ nhưng do chủ cần bán gấp nên vẫn có thể thương lượng ở mức 320 tỷ trong đó 237.55 tỷ (25.3 tr.đồng/m2)là tiền chuyển nhượng đất và tiền sử dụng đất + 82.45 tỷ là tiền đền bù và hoàn thành đường kết nối N5 có lộ giới 17m chiều dài 150m, cụ thể: Vị trí và hiện trạng: - Dự án có 2 mặt tiền hẻm: 1 hẻm bê tông kế nối đường Thanh Niên và 1 hẻm bê tông kết nối đường Nguyễn Thị Minh Khai, Phường Tân Bình, TP Dĩ An, Bình Dương - Cách Đường Mỹ Phước Tân Vạn 640m - Cách Đường DT 743B khoảng 3km (theo tuyến đường Mỹ Phước Tân Vạn) thuận tiện di chuyển đến các huyện thành phố lân cận thuộc Bình Dương, Bình Phước và về TPHCM - Cách QL 1K khoảng 4.8km thuận tiện di chuyển đến TP Biên Hòa và TP Hồ Chí Minh Pháp lý đất: Chưa được cung cấp GCNQSDĐ, phía chào bán cho biết có khoảng 2000m2 đất ODT trong tổng quy mô 9739m2 đất sạch Pháp lý đầu tư: Đã có chấp thuận chủ trương đầu tư ngày 29/09/2022 thời hạn đến Q2/2026, cho quy mô 9352.6m2, dân số 2797 người, chung cư cao 40 tầng và 2 tầng hầm, 1463 căn hộ Pháp lý quy hoạch: - QH 1/2000: khu đấ"
BDS-CURATED-0052,Bãi Kèo Phú Quốc,needs_name_or_parent_review,yes,needs_parent_name_extraction,6,,,"[] P.ĐT gửi anh Admin 01 báo cáo về dự án Bào Kèo, Phú Quốc, PA12A - 5,000 dân số; 2,269 căn hộ với mục đích chào bán toàn dự án như sau: I. THÔNG SỐ VỀ PHƯƠNG ÁN 12A: PA12A: Khai thác tối đa quỹ đất: 2.269 căn hộ, cao 40 tầng, HSSDĐ toàn khu 5.7 lần, tổng dân số 5,000 người. => PA12A tăng thêm 768 căn hộ và 1,469 người so với PA10 (1.501 căn hộ, cao 35 tầng, HSSDĐ toàn khu 4.4 lần, tổng dân số 3,531 người) II. GIẢ ĐỊNH TÍNH: 1. Điều kiện tiên quyết: Phải hoàn thành việc giải phóng mặt bằng. 2. Giá vốn đất ban đầu trước khi thực hiện chuyển nhượng dự án: 500 tỷ, gồm: - Chi phí bồi thường GPMB: 413 tỷ - Chi phí Pháp lý (từ hiện trạng đến đóng tiền SDĐ): 87 tỷ => 500 tỷ tương ứng với: ~ 12tr/m2 đất toàn khu 4.2ha, hiện trạng có 1.2ha đất ở ~ 20tr/m2 đất ở thương phẩm theo QH - 2.5ha 3. Giá chuyển nhượng dự án mục tiêu: Trên cơ sở các hiệu quả tài chính PA10 đã báo cáo trước đây, P.ĐT đề xuất xem xét 02 kịch bản giá chuyển nhượng như sau: a. Kịch bản 1: Theo PA10 báo cáo lần 1 với các giả định: - Chi phí xây dựng cao tầng: 16 triệu/m², Tỷ lệ chi phí bán hàng căn hộ: 17%, Tỷ lệ chi phí bán hàng thấp tầng: 13%, Giá bán căn hộ trung bình (chưa VAT, tim tường): 67,2 triệu đồng/m². Khi đó: - --- [] P.ĐT gửi anh Admin 01 về tóm tắt các phương án đang được binh của dự án Bà Kèo, Phú Quốc như sau: -PA10: Cân bằng cao tầng và thấp tầng: 1.501 căn hộ, cao 35 tầng, HSSDĐ toàn khu 4.4 lần, tổ"
BDS-CURATED-0019,có 2 mặt tiền đường Thuận An Hóa rộng khoảng 60m,needs_name_or_parent_review,yes,chat_sentence_name; needs_parent_name_extraction,1,2022-09-06,2022-09-06,"[2022-09-06] Trieu Nguyen-PTDT 9/6/2022 12:09 PM KĐT gửi anh Tuan Tran-CEO báo cáo dự án 1.2ha tại đường Thuận An Hóa, Thuận An, Bình Dương có giá chào 240 tỷ (18.575 tr.đồng/m2 đất), cụ thể: Vị trí và hiện trạng: Dự án có 2 mặt tiền đường Thuận An Hóa rộng khoảng 60m, và mặt tiền đường An Phú 11 rộng khoảng 175m Nằm cách đường Mỹ Phước – Tân Vạn khoảng 80m, cách Quốc lộ 13 khoảng 3.5km, cách địa phận TPHCM khoảng 10km, cách trung tâm TPHCM khoảng 25km, cách sân bay Tân Sơn Nhất khoảng 25km Xung quanh có nhiều nhà máy, KCN VSIP 1 và gần khu dân cư hiện hữu Pháp lý đất: Đã có GCNQSDĐ cá nhân đứng tên: 12705m2 đất hàng năm khác, thời hạn đến 2018 và 2020 Pháp lý đầu tư: Chưa có Pháp lý quy hoạch: QHSDĐ: Số tờ 80, thửa 35 có diện tích 13145.7m2 bao gồm 711.8m2 đất giao thông và 12433.9m2 đất ODT (Nguồn: http://qhkhsdd.binhduong.gov.vn/auth) QHXD: Số tờ 80, thửa 35 có diện tích 13188.078m2 bao gồm 2300.397m2 đất giao thông và 10837.681m2 đất trung tâm đô thị, có tầng cao < 12, MĐXD 50-80% (Nguồn: http://quyhoachxaydung.binhduong.gov.vn/) QHSDĐ: Đất ODT (nguồn Remaps) Phía chào bán cung cấp thông tin HSSD 9.94 lần, 30 tầng cao, 2 tầng hầm, MĐXD 38.8%, dân số 3276 người, bao gồm 1369 căn hộ chung cư"
BDS-CURATED-0010,có 4 mặt tiền nằm tại trục chính đường Hoàng Quốc Việt,needs_name_or_parent_review,yes,chat_sentence_name; needs_parent_name_extraction,1,2022-10-31,2022-10-31,"[2022-10-31] Trieu Nguyen-PTDT 10/31/2022 2:44 PM Edited KĐT gửi anh Tuan Tran-CEO báo cáo dự án 1.7ha tại đường Hoàng Quốc Việt, Hạ Long, Quảng Ninh có giá chào 140tr/m2 đất (2400 tỷ), cụ thể: Vị trị và hiện trạng: Dự án có 4 mặt tiền nằm tại trục chính đường Hoàng Quốc Việt, nằm trong quần thể dự án của BIM GROUP, có hướng nhìn ra biển Phía đối diện dự án có dự án công viên và biển hồ Pháp lý đất: GCNQSDĐ có quy mô 17098m2 đất ở kết hợp cửa hàng, thời hạn sử dụng lâu dài, có nguồn gốc nhà nước giao đất có thu tiền sử dụng đất Pháp lý đầu tư: Chưa có Pháp lý quy hoạch: QH Phân khu: Đất hỗn hợp, MĐXD 65%, HSSD 12 lần, 30 tầng cao Pháp lý xây dựng: Chưa có Sản phẩm đề xuất: Công trình chung cư cao cấp 133,555m2 sàn chung cư: giá bán 53tr/m2 sàn thông thủy có VAT tại năm 2025 (tham khảo dự án ICON 40 có giá dự kiến 45-55tr/m2 tim tường có VAT mở bán T11/2022, và dự án Green Bay Premium mở bán Q4/2016 có giá sang tay 36-38tr/m2 hiện tại) 52 căn shophouse khối đế: 63.6tr/m2 sàn thông thủy có VAT tại năm 2025 Tầng tiện tích: tạm tính giá thuê $6/m2/tháng có VAT Tổng mức đầu tư là 6297 tỷ đồng, tổng doanh thu bán hàng là 7573 tỷ đồng, tổng doanh thu cho thuê sàn 50 năm là 1432 tỷ đồng => Lợi nhuận tr"
BDS-CURATED-0033,theo Quyết định 425 của Bộ Xây dựng áp dụng cho năm 2026,needs_name_or_parent_review,yes,chat_sentence_name; needs_parent_name_extraction,6,2025-09-11,2025-09-11,"[] Phòng ĐT báo cáo Sếp Admin 01 về sơ bộ dự kiến hiệu quả đầu tư dự án 2.316 ha Phía Nam Nhơn Trạch, như sau: I/TỔNG QUAN MẶT BẰNG: II/CHỈ TIÊU QUY HOẠCH TẠM TÍNH (ANH TÀI): III/HIỆU QUẢ TẠM TÍNH (P&L SƠ BỘ) Dựa trên các giả định: Giá bán: cơ sở đề xuất giá bình quân cho từng loại sản phẩm của phòng R&D đề xuất: Căn hộ 28 tr/m2, đất nền Nhà liên kế 36 tr/m2, đất nền biệt thự 35 tr/m2; Đơn giá chi phí đất (gồm tiền sử dụng đất)(đơn giá đất đường gần nhất khu đất vị trí 1 theo bảng giá đất là 6,5 tr/m2), phòng tính bài toán ngược với LNTT/TMĐT đạt 20% thì đơn giá đất bao gồm tiền sử dụng đất khoảng 3,3 tr/m2 (tính bình quân cho nhiều vị trí phân khu bên trong khu đất); Suất vốn xây dựng cao tầng theo Quyết định 425 của Bộ Xây dựng áp dụng cho năm 2026. Để đơn giản hóa bài tính Lãi/Lỗ, phòng tạm tính bán đất nên không tính chi phí xây dựng nhà liên kế và biệt thự (thực tế theo quy định phải xây dựng). HIỆU QUẢ DỰ ÁN NHƯ SAU: Giả định tiền đất (bao gồm tiền sử dụng đất) có tăng lên theo các mức chạy độ nhạy và thay đổi giá bán thì hiệu quả tương ứng như sau: Trân trọng báo cáo, --- [] P.ĐT thực hiện tính theo phương án bố trí của phòng QH, tuy nhiên theo nghiên cứu và đề xuất của Phòng RD không triển khai làm căn hộ dịch vụ vì tại vị trí dự án, thị trường chưa phổ biến loại hình này. P.ĐT tạm để trống phần diện tích đất DVCC cấp đô thị và không thực hiện tính toán phần đất này tro"
BDS-CURATED-0041,chung cư Thành Lộc với tổng diện tích đất phù hợp quy hoạch để thực hiện dự án là 8,recover_project,yes,,1,2022-08-09,2022-08-09,"[2022-08-09] Quy Vo-PTDT 8/9/2022 4:15 PM KĐT gửi Mr.Tuấn Tuan Tran-CEO Báo cáo Dự án chung cư Thành Lộc với tổng diện tích đất phù hợp quy hoạch để thực hiện dự án là 8,368.3m2 (giá chào bán khoảng 300 tỷ tương đương 31.3 tr/m2 trên diện tích đất chào bán 9,582.6m2) thuộc phường An Thạnh, thành phố Thuận An, tỉnh Bình Dương: 1. Vị trí dự án: Dự án nằm trên đường Hồ Văn Mên (Quy hoạch làm tuyến đường vành đai 3) có bán kính cách thành phố mới Bình Dương 10 km, Khu công nghiệp VSIP 1 4km và sân bay Tân Sơn Nhất 15 km. 2. Pháp lý đất: Diện tích đất 9582.6 m2 đã được cấp GCN cho cá nhân: + 320m2 đất ODT: Nhà nước giao đất có thu tiền sử dụng đất. + 9262.6m2 đất CLN: Nhà nước giao đất không thu tiền sử dụng đất, thời hạn đến năm 2024. 3. Pháp lý đầu tư: - Văn bản số 4237/UBND-KT của UBND tỉnh Bình Dương về việc chấp thuận cho công ty TNHH Đầu tư bất động sản Thành Lộc nhận chuyển nhượng QSDĐ nông nghiệp (đất trồng cây lâu năm) với diện tích 9,282.6 m2 tại thửa đất số 226, 99, 224, 89, 98, 212, 5720, 5721 tờ bản đố số 60 (B3) thuộc phường An Thạnh, thành phố Thuận An, tỉnh Bình Dương để thực hiện dự án chung cư Thành Lộc. - Hiện tại công ty đang làm thủ tục đề nghị chấp thuận chủ trương đầu tư. 4. P"
BDS-CURATED-0024,ở khu vực gần đó đã được duyệt giá đất (như Emerald 2,needs_name_or_parent_review,yes,needs_parent_name_extraction,1,2025-08-08,2025-08-08,"[] P.ĐT giả định giá chào bán bao gồm chỉ tiêu dân số 3.952 dân với các chỉ tiêu tính toán từ phòng QH như sau: Dân ~ 3.952 dân, tầng cao 31 tầng (có 2 tầng nổi để xe), 1 tầng hầm; Hệ số sử dụng đất 7,5 lần. Quy mô xây dựng và sản phẩm: + Xây dựng: 1 tầng hầm, (để xe trên 2 tầng nổi và không bố trí diện tích TMDV), 31 tầng nổi, 1.921 căn hộ (diện tích bình quân 67 m2/căn) mà không bố trí Shop tầng trệt. + Kinh doanh: 1.921 căn hộ ở ~ diện tích sàn tim tường 128.324 m2 (đói tác không đề xuất Shop TM). Hiệu quả dự án: - Tổng chi phí chưa VAT: 6.424 tỷ, trong đó gồm: + CP mua đất : 1.000 tỷ đồng + CP tiền sử dụng đất: 630 tỷ đồng (giả định được khấu trừ tiền đất theo Sổ ~40%, chỉ đóng 60% tiền sử dụng đất tính theo PP thặng dư 1.050 tỷ đồng) + CP đầu tư xây dựng: 3.294 tỷ đồng (~ đơn giá xây dựng full 15.5 triệu đồng/m2 cho 212.400 m2 sàn xây dựng 31 tầng nổi, 1 hầm) + CP lãi vay: 457 tỷ đồng (lãi suất 10%/năm, vay CP đầu tư xây dựng) + CP bán hàng: 1.044 tỷ đồng (~17% doanh thu) - Tổng doanh thu chưa VAT: 6.199 tỷ (giá bán khởi điểm tính ở thời điểm hiện tại~45 triệu đồng/m2, giá bình quân các đợt bán 47 triệu đồng/m2 tim tường, chưa VAT, tỷ lệ tăng giá 5%/năm, thời điểm dự kiến mở bán"
BDS-CURATED-0057,Khu trung tâm tòa nhà hỗn hợp thương mại,recover_project,yes,,1,2022-07-20,2022-07-20,"[2022-07-20] Quy Vo-PTDT 7/20/2022 4:12 PM KĐT gửi Mr.Tuấn Tuan Tran-CEO Báo cáo Dự án Khu trung tâm tòa nhà hỗn hợp thương mại, văn phòng cho thuê, nhà ở, dịch vụ, bán và bảo hành xe ô tô Trung Thượng với tổng diện tích đất chào bán khoảng 6.3 hecta (giá chào bán khoảng 500 tỷ tương đương 8 tr/m2) thuộc thôn Ngọc Than, xã Ngọc Mỹ, huyện Quốc Oai, TP. Hà Nội: 1. Vị trí dự án: Dự án nằm bên cạnh đường dẫn lên cao tốc Láng – Hòa Lạc và nằm sát bên Khu công nghiệp Thạch Thất Quốc Oai với tổng quy mô 150 ha. Cách dự án 10Km về hướng Tây là Khu công nghiệp cao Hòa Lạc với diện tích 1,350 ha. Dự án có bán kính cách trung tâm thành phố Hà Nội khoảng 20 km, cách sân bay quốc tế Nội Bài khoảng 37 km. 2. Pháp lý đất: Tổng diện tích đất đã thực hiện bồi thường là 62,573.8 m2. Chưa nhận được hồ sơ về việc xác nhận đã hoàn thành nghĩa vụ tài chính về tiền sử dụng đất. 3. Pháp lý đầu tư: Quyết định số 314/QĐ-UBND ngày 13/02/2008 giao Công ty cổ phần sửa chữa ô tô Trung Thượng làm chủ đầu tư và thực hiện dự án Khu trung tâm Tòa nhà hỗn hợp thương mại văn phòng cho thuê, nhà ở, dịch vụ bán và bảo hành xe ô tô tại xã Ngọc Mỹ, huyện Quốc Oai (Hồ sơ 1 trang giấy). Quyết định số 1499/QĐ-UBND ngày 03/06/2008 giao c"
BDS-CURATED-0063,chung cư trên quy đất này có thể theo 2 hướng,recover_project,yes,,1,2022-08-26,2022-08-26,"[] Phòng pháp lý tư vấn để triển khai phát triển dự án chung cư trên quy đất này có thể theo 2 hướng: + Hướng 1 (muốn triển khai sớm): Vì QH 1/2000 đã quy định rõ quỹ đất này thuộc 1 phần ô đất I.04 có chức năng Khu nhà cao tầng có quy mô 46000m2, dân số 2448 người, 18-23 tầng cao, MĐXD 20%, HSSD 3.85-4.93 => BeeG cần phải mua thêm các thửa đất liền kề để sở hữu đủ phần đất thuộc ô I.04 thì mới có thể làm dự án hoặc tham gia đấu thầu dự án vì BeeG sở hữu lớn phần đất thuộc ô I.04 nên có khả năng trúng thầu cao hơn + Hướng 2 (triển khai trên quỹ đất hiện trạng, không cần mua thêm các thửa liền kề): Mua tích trữ quỹ đất chờ đến khi luật sửa đổi khi không cần phải có đất ở nhưng vẫn thực hiện được dự án vì phù hợp quy hoạch ở. 3. Sản phẩm phát triển thay đổi: + 1494 căn chung cư, DTKD 97086m2 có giá bán trung bình 60tr/m2 sàn thông thủy có VAT tại năm 2024 + 1 sàn TMDV, DTKD 3800m2, giá thuê khoán $8/m2/tháng có VAT từ năm 2026 + 37 căn shophouse, DTKD 4433m2, có giá bán trung bình 66tr/m2 sàn thông thủy có VAT tại năm 2024 + 1 mảnh đất TMDV 414 m2, giá bán đất 57tr/m2 đất tại năm 2024 4. Tổng mức đầu tư là 4476 tỷ đồng, tổng doanh thu là 6250 tỷ đồng => Lợi nhuận trước thuế là 950 tỷ đồ"
BDS-CURATED-0002,Chung cư Đỗ Xuân Hợp,recover_project,yes,,1,2025-11-13,2025-11-13,"[2025-11-13] Thanh L - INVT 11/13/2025 8:40 AM Translate Kính gửi Sếp Mr Mike1 -CEO, P.ĐT báo cáo hiệu quả đầu tư dự án Chung cư Đỗ Xuân Hợp, P.Phước Long B, Thủ Đức như sau: Vị trí: https://maps.app.goo.gl/Hn6baY7yBKNTcRXs8 THÔNG TIN QUY HOẠCH + Diện tích đất: 2.067m2 + MĐXD: 40% + Hệ số sử dụng đất: 8,01 + Số tầng cao: 33 tầng + 1 hầm (có bố trí thêm tầng để xe nổi) + Tổng sàn xây dựng: 19.492,5 m2 + Diện tích kinh doanh: 11.529,8m2 ; gồm 203 căn hộ + 1 căn shop -> Diện bình quân mỗi căn 55m2 PHƯƠNG ÁN 1: BÁN CĂN HỘ Ở 1/ Tổng mức đầu tư chưa bao gồm VAT: 560 tỷ đồng (Trong đó: Suất vốn All in bao gồm VAT là 14,2 Tr.đồng/m2; Chi phí mua đất là 170 tỷ và Tiền sử dụng đất 135 tỷ đồng) NOTE: Phương pháp thặng dư ước tính giá trị lô đất 280 tỷ đồng tương đương 135 Tr.đồng/m2, sau khi khấu trừ đất ở và đất nông nghiệp hiện trạng theo thị trường mặt tiền Đỗ Xuân Hợp là 144 tỷ đồng 🡪 Tiền sử dụng đất phải nộp thêm khoảng 135 tỷ đồng. 2/ Tổng doanh thu bán hàng chưa VAT là: 850 tỷ đồng (Trong đó: giá bán căn hộ bình quân bao gồm VAT 80 Tr.đồng/m2) 🡪 Giá bán căn hộ theo P.RD đề xuất 70 Tr.đồng/m2 – 75 Tr.đồng/m2 chưa bao gồm VAT. 3/ Lợi nhuận trước thuế: 148 tỷ đồng 4/ Lợi nhuận trước thuế/TMĐT = 25,8%"
BDS-CURATED-0314,Lô đất Phú Thọ Hòa Tân Phú,needs_name_or_parent_review,no,needs_parent_name_extraction,3,,,"[ | BDS-MASTER-0011] [] P.ĐT báo cáo Sếp Mr Mike1 -CEO về khu đất 10,052.1 m2 tại 1691/3N (Quốc lộ 1A), P.An Phú Đông, Quận 12, TP HCM như sau: 1. Tóm tắt sơ bộ hiện trạng pháp lý dự án: a) Vị trí và ranh dự án: https://maps.app.goo.gl/bKZVkKUcnYGRLJWw5 b. Sơ bộ hiện trạng pháp lý: Tổng diện tích khu đất theo Sổ cấp 2017 là 10,052.1 m2, đất SKC, thời hạn sử dụng đất lâu dài (theo tham khảo từ P. Pháp lý: Đất nông nghiệp cá nhân chuyển sang thổ cư, chuyển nhượng cho DN, chuyển mục đích SKC), cần đối tác cung cấp thêm hồ sơ để xác minh thông tin trên. Trong công văn 6445/UBND-ĐT về xử lý khoảng hở giữa 2 thửa đất nhưng chưa có nêu rõ phần này được xử lý xong chưa. Pháp lý đầu tư: Chưa thực hiện QĐ chủ trương đầu tư và các thủ tục pháp lý đầu tư khác. Pháp lý đất: Có nguồn gốc đất cá nhân, phù hợp để phát triển dự án nhà ở. Cần rà soát lại thông tin pháp lý đất của dự án Pháp lý QH: Diện tích phù hợp QH còn 8,739 m2 (có khoảng 1,313 m2 đất lộ giới), tầng cao 16 tầng; hệ số cơ bản 6 lần (có thể tăng thêm 2 lần do: đường trên 30m và nằm trong bán kính TOD (600m) 2. Hiệu quả dự án: P. Đầu tư tính FS theo 2 phương án dựa theo thông tin quy hoạch như sau: Phương án 1: Chung cư tầng cao 15 tầng có 1 tầng hầm; h --- [ | BDS-MASTER-0041] [] P.ĐT xin báo cáo Sếp Admin 01 về khu đất phường Phú Thọ Hòa, Quận Tân Phú, TP HCM (Nguồn Sếp Tâm) như sau: 1. Pháp lý đất: Diện tích: 13,907.5 m2 Mục "
BDS-CURATED-0040,bán Q4/2026,needs_name_or_parent_review,yes,chat_sentence_name; needs_parent_name_extraction,2,2024-10-03,2024-11-26,"[2024-11-26] Sinh Nguyen-Dau Tu 11/26/2024 4:13 PM Edited Translate K.ĐT gửi lại anh Mr Mike1 -CEO về báo cáo cập nhật hiệu quả tài chính dự án 2,3ha Bình Điền, tọa lạc mặt tiền đường Nguyễn Văn Linh, xã An Phú Tây, huyện Bình Chánh, TP.HCM. 1/ Về vị trí: Cách Chợ Đầu Mối Bình Điền khoảng 400m, cách ranh Quận 8 và huyện Bình Chánh khoảng 150m, cách UBND huyện Bình Chánh khoảng 3,2km, cách nút giao Vành Đai 2 - Nguyễn Văn Linh khoảng 2,2km Về quy hoạch dự kiến: Cách bến xe miền Tây mới khoảng 1,5km; Nằm giữa trung tâm lưu thông hàng hóa I (khu E -115ha) và trung tâm lưu thông hàng hóa II (khu D - 85ha) thuộc khu đô thị Phú Mỹ Hưng; Cách các nhà ga thuộc tuyến Metro line 7 trong bán kính 500m 2/ Về chi phí Đất: Giá mua 170 tỷ (cập nhật giá mua mới từ anh Tâm – Phó Chủ Tịch) Đóng tiền sử dụng đất khoảng 300 tỷ (Tính toán lại tiền sử dụng đất theo văn bản hướng dẫn mới) 3/ Về thị trường (giá bán đã bao gồm VAT) Giá bán đất biệt thự đề xuất năm 2024: 80tr/m². Dự án bán Q4/2026, giá bán 88tr/m² đất, thời gian bán trong vòng 3 quý Giá bán chung cư đề xuất năm 2024: 42tr/m². Dự án bán Q1/2026, giá bán 46tr/m² sàn, thời gian bán trong vòng 6 quý 4/ Về hiệu quả tài chính: 5/ Về điều kiện tiên quyết nhận --- [2024-10-03] Sinh Nguyen-Dau Tu 10/3/2024 10:55 AM Translate K.ĐT báo cáo anh Mr Mike1 -CEO về cập nhật hiệu quả tài chính dự án 2,3ha Bình Điền, tọa lạc mặt tiền đường Nguyễn Văn Lin"
BDS-CURATED-0030,có 1 mặt tiền đường Song Hành rộng khoảng 110m của đường Xa lộ Hà Nội,needs_name_or_parent_review,yes,chat_sentence_name; needs_parent_name_extraction,1,2022-09-06,2022-09-06,"[2022-09-06] Trieu Nguyen-PTDT 9/6/2022 10:34 AM Edited KĐT gửi anh Tuan Tran-CEO báo cáo dự án 2.6ha tại mặt tiền đường Song Hành XLHN, Thủ Đức có giá chào 1250 tỷ (48tr.đồng/m2 đất), cụ thể: Vị trí và hiện trạng: Dự án có 1 mặt tiền đường Song Hành rộng khoảng 110m của đường Xa lộ Hà Nội, và 1 mặt tiền đường Linh Trung rộng khoảng 200m tại P.Linh Trung, Thủ Đức, TPHCM Dự án nằm cách điểm lên ga Metro khoảng 500m, cách cầu Sài Gòn khoảng 10km, cách đường Nguyễn Huệ, Q1 khoảng 15km Hiện trạng có 1 căn biệt thự nằm trong khuôn viên dự án, nằm gần các trụ điện cao thế Pháp lý đất: Chưa được cấp GCNQSDĐ nhưng đã có quyết định giao đất, có cho phép chuyển mục đích sử dụng đất sang dự án chung cư và đã hoàn tất nghĩa vụ tài chính. Trong đó: + Đất ở: 9227m2 giao đất có thu tiền sử dụng đất, thời hạn lâu dài + Đất văn phòng, tmdv: 5047m2, giao đất có thu tiền sử dụng đất, thời hạn 50 năm + Đất công cộng: 11767m2, bàn giao lại cho nhà nước Pháp lý đầu tư: Đã có QĐ6159/QĐ-UB tháng 12/2004 về việc cho phép công ty Phú Đức chuyển hình thức, mục đích sử dụng đất để đầu tư xây dựng khu nhà ở thương mại Pháp lý quy hoạch: Đã có chủ trương của Thành phố chấp thuận điều chinh điều chỉnh QH chi tiết 1.500 năm 2"
BDS-CURATED-0026,KĐT Trấn Biên (thuộc KCN Biên Hòa 1) đang tổ chức đấu giá tại Đồng Nai,recover_project,yes,,1,,,"[] P.ĐT báo cáo sếp Mr Mike1 -CEO đánh giá sơ bộ hiệu quả dự án KĐT Trấn Biên (thuộc KCN Biên Hòa 1) đang tổ chức đấu giá tại Đồng Nai. 1.Vị trí dự án: https://maps.app.goo.gl/Mww4k2RWctPHssMQA 2. Thông số quy hoạch: - Diện tích: 51.65 ha (16.7ha đất ở, 4.8ha đất hạ tầng xã hội + TMDV) - Sản phẩm: Nhà phố, biệt thự, 3 khu chung cư cao từ 40-45 tầng, 1 Trung tâm thương mại, Trường học, y tế,…) - Dân số: ~ 19.774 dân 3. Pháp lý: Dự án đã có QH 1/500, đang thực hiện công tác giải phóng mặt bằng để tổ chức đấu giá theo kế hoạch. Theo thông báo đấu giá, thời gian nộp hồ sơ/tiền ứng trước từ 17/11/2025 đến 16/12/2025. Thời gian xét duyệt hồ sơ từ 04/12/2025-10/12/2025 Thời gian tổ chức đấu giá: 18/12/2025 Giá khởi điểm: 9.363 tỷ * Giá theo PA đấu giá do Trung tâm PT quỹ đất đề xuất là 2.110 tỷ. Tuy nhiên 10/11/2025, UBND Đồng Nai chính thức ra giá khởi điểm là 9.363 tỷ Tiền ứng trước: 1.873 tỷ 4. Hiệu quả dự án: a) Giá bán đề xuất từ RnD GIÁ CĂN HỘ - Giá căn hộ: 80-90 tr/m2 (gồm VAT, tim tường) - Giá officetel: 62-74tr/m2 (gồm VAT, tim tường) - Giá Shophouse: 136-172 tr./m2 (gồm VAT, tim tường) GIÁ THẤP TẦNG - Giá nhà phố liên kế: 133-154 tr/m2 (giá gồm nhà) – giá đất 94-115tr.m2 - Giá nhà"
BDS-CURATED-0059,Nơ Trang Long,needs_name_or_parent_review,yes,needs_parent_name_extraction,2,,,"[] Phòng ĐT báo cáo Sếp Mr Mike1 -CEO về cập nhật lại dự án Nơ Trang Long, điều chỉnh Shop khối đế 1 trệt 1 lầu như nhà phố ở PA1 và PA 2 (Cao tầng) và thêm Phương án 3 Shophouse thấp tầng như sau: Phương án 1: Phù hợp (dưới <=) chỉ tiêu cho phép theo 1/2000 Phương án 2: Cao hơn (>=) chỉ tiêu cho phép 1/2000, cơ sở tham khảo từ dự án gần đó là Ascent Plaza. Phương án 3: Thấp tầng, thiết kế 26 căn Shophouse 5 tầng. A - Hiệu quả dự án theo phương án 1 (phù hợp chỉ tiêu 1/2000 hiện hữu): Chỉ tiêu QH: Tầng cao 18 tầng, 1 tầng hầm, hệ số 6 lần, dân số 465, dt sàn xây dựng 25.289 m2, diện tích sàn kinh doanh 13.694 m2 (Căn hộ 12.151,3 m2; Shophouse 1.543 m2). Tổng doanh thu chưa VAT là: 984 tỷ đồng (giá căn hộ ~68 tr/m2, giá bán ShopTM 1T1L ~1,5 lần giá căn hộ, ~ 102 triệu/m2) Tổng mức đầu tư chưa bao gồm VAT, bao gồm lãi vay là: 851 tỷ đồng (Đơn giá All in bao gồm VAT là 18 triệu/m2; Chi phí mua đất 220 tỷ đồng; Tiền sử dụng đất đóng thêm 3,2 tỷ đồng) Tổng chi phí hoạt động chưa VAT,15% doanh thu: 147.5 tỷ đồng Lợi nhuận trước thuế: 132 tỷ đồng LNTT/TMĐT: 19,6% B - Hiệu quả dự án theo phương án 2 (xin thêm dân và điều chỉnh hệ số): Chỉ tiêu QH: Tầng cao 24 tầng, 2 tầng hầm, hệ số 9 lần, dâ --- [] Phòng ĐT báo cáo Sếp Mr Mike1 -CEO về cập nhật lại dự án Nơ Trang Long, điều chỉnh Shop khối đế 1 trệt 1 lầu như nhà phố ở PA1 và PA 2 (Cao tầng) và thêm Phương án 3 Shophouse thấp tầng như"
BDS-CURATED-0060,Phú Quang,recover_project,yes,,9,2022-08-03,2025-07-15,"[2025-07-15] Khoa L - INVT 7/15/2025 5:46 PM Translate P.ĐT báo cáo CEO Mr Mike1 -CEO cập nhật FS dự án Phú Quang, Về nghĩa vụ tiền sử dụng đất dự án, trước đây Công ty đang định hướng sẽ được khấu trừ phần tiền sử dụng đất mà đối tác cam kết nộp cho diện tích giao đất đợt 1 (tương ứng với QH 1/500 cũ) vào số tiền sử dụng đất đợt 2 (theo QH 1/500 mới). Tuy nhiên, hiện nay công tác điều chỉnh QH1/500 đã được hoàn thành trước công tác đóng tiền đợt 1 thực hiện. Do đó, khả năng công ty sẽ phải đóng full tiền sử dụng đất mà không được khấu trừ. => P.ĐT cập nhật lại FS dự án theo phương án đóng full tiền sử dụng đất. (ước tính ~8.000 tỷ) như sau: - LNTT: 23.797 tỷ - NPV: 3.676 tỷ - IRR: 19.17% - LNTT/TMĐT: 51.06% 2025.07.15-FS PA full tiền đất.pdf P. ĐT báo cáo Sếp Mr Mike1 -CEO về s... by Hanh T - INVT, has an attachment. --- [2025-07-15] Khoa L - INVT 7/15/2025 5:46 PM Translate P.ĐT báo cáo CEO Mr Mike1 -CEO cập nhật FS dự án Phú Quang, Về nghĩa vụ tiền sử dụng đất dự án, trước đây Công ty đang định hướng sẽ được khấu trừ phần tiền sử dụng đất mà đối tác cam kết nộp cho diện tích g --- [2023-11-03] Huy M - IM 11/3/2023 8:09 AM KĐT đã gửi CEO phương án đề xuất triển khai cho dự án Phú Quang. Do có đính kèm cả dự hiệu quả đầu tư nên gửi bên group này trước à KĐT cũng xin lịch của CEO để có buổi báo cáo chi tiết này cùng các phòng ban liên quan. Begin quote, Huy Mai-PTDT , 11/3/2023"
BDS-CURATED-0039,Võ Văn Kiệt) cố định ~ 190 tr/m2,needs_name_or_parent_review,yes,needs_parent_name_extraction,1,,,"[] P.ĐT báo cáo Sếp Admin 01 về phương án gộp 2 lô Võ Văn Kiệt ~ diện tích 4.600 m2 như sau: 1. VỊ TRÍ VÀ RANH ĐẤT 2 LÔ ĐẤT: Vị trí theo đường link: Vị Trí Dự án 2. THÔNG SỐ QUY HOẠCH Trên cơ sở phòng QH giả định: Giữ nguyên chỉ tiêu dân số của 2 lô, theo đó tổng dân số cho dự án gộp là 1.290 dân (Lô Kế VVK là 740, Lô VVK là 550 dân). Điều chỉnh tăng hệ số sử dụng đất lên 13.7 (tăng 0.9 lần so với QH Lô Kế VVK là 12.8) đồng thời tăng 3 tầng nổi. + Diện tích đất của 2 lô : 4.613 m2 + Quy mô xây dựng: 2 Block 30 tầng nổi, 3 tầng hầm. + Tổng sản phẩm: 833 căn gồm 812 căn hộ ở + 21 căn Shop TM khối đế. + Hệ số sử dụng đất: 13,7 lần. 3. HIỆU QUẢ DỰ ÁN Giả định về Giá mua dự án: * Lô A17-02 (gọi là DA Võ Văn Kiệt) cố định ~ 190 tr/m2. * Lô A17-01 (gọi là DA Kế Võ Văn Kiệt) theo đơn giá chào là 380 tr/m2. 3.1 Chi phí (Gồm VAT): a) Chi phí đất: 1.780 tỷ đồng ~ 52% TMĐT, gồm CP mua DA + Tiền SDĐ nộp: + CP nhận chuyển nhượng: 1.383 tỷ đồng ~ 298 tr.đ/m2. + Tiền sử dụng đất bổ sung: 332 tỷ đồng, bằng (=) tiền sử dụng đất tính theo PP thặng dư (1.387 tỷ đồng) (-) trừ đi tiền đất theo hiện trạng được khấu trừ 1.047 tỷ đồng (đơn giá đất ở nhà nước ban hành theo QĐ mới nhất số 45/2025/QĐ-UBND ngày 2"
BDS-CURATED-0066,khu tổ hợp văn phòng cho thuê,recover_project,yes,,1,2022-08-10,2022-08-10,"[2022-08-10] Quy Vo-PTDT 8/10/2022 10:04 AM KĐT gửi Mr.Tuấn Tuan Tran-CEO Báo cáo Dự án khu tổ hợp văn phòng cho thuê, khách sạn và chung cư Redstar với diện tích đất 12,364 m2 (giá chào bán khoảng 2,100 tỷ tương đương 170 tr/m2) thuộc khu số 1,3,4, tờ bản đồ số QH:02, đường Phạm Văn Đồng, phường An Hải Bắc, quận Sơn Trà, thành phố Đà Nẵng: 1. Vị trí dự án: Dự án cách sân bay khoảng 5Km, cách trung tâm quận Hải Châu khoảng 2Km, cách bãi tắm Phạm Văn Đồng khoảng 1Km. Dự án có 4 mặt tiền đường Phạm Văn Đồng, Chính Hữu, Dương Đình Nghệ, Lý Văn Tố tuy nhiên hình dạng lô đất không vuông vức (bị khuyết). 2. Pháp lý đất: Hiện trạng là đất cơ sở sản xuất, kinh doanh (XD văn Phòng, XD Biệt thự, XD khách sạn) được cấp GCN năm 2005 với tổng diện tích 12.363,9m2. 3. Pháp lý đầu tư: + Chưa có thông tin khác ngoài GNCNĐKKD cấp cho Công ty Cổ phần Sao Đỏ Đà Nẵng số 0400452434 do Sở Kế hoạch và Đầu tư Thành phố Đà Nẵng cấp lần đầu ngày 26/03/2008, đăng ký thay đổi lần thứ 11 ngày 17/06/2020. 4. Pháp lý quy hoạch: Theo Quyết định phê duyệt quy hoạch chi tiết tỷ lệ 1/500 số 421/QĐ-UBND ngày 06/02/2020 dự án được phát triển thành khu tổ hợp văn phòng cho thuê, khách sạn và chung cư: + MĐXD Khối đế 57.74%; + MĐXD"
BDS-CURATED-0027,Long Thuận Long Phước Quận 9 10ha,needs_name_or_parent_review,yes,needs_parent_name_extraction,4,,,"[] P.ĐT xin báo cáo Sếp Admin 01 về sơ bộ dự án 10ha Đường Long Thuận, Long Phước, Quận 9, TP.HCM PHƯƠNG ÁN 1: Dân số 1500 người Phương án 1a P.ĐT thực hiện tính theo phương án bố trí của phòng QH, tuy… Mai trình bày em cái này Nhầm, t2 chứ by Admin 01 --- [] P.ĐT xin báo cáo Sếp Admin 01 về sơ bộ dự án 10ha Đường Long Thuận, Long Phước, Quận 9, TP.HCM PHƯƠNG ÁN 1: Dân số 1500 người Phương án 1a --- [] P.ĐT báo cáo Sếp Mr Mike1 -CEO V/v cập nhật lại dự án 10ha Đường Long Thuận, Long Phước, Quận 9, HCM với PA 3.900 dân như sau: Phương án quy hoạch:"
BDS-CURATED-0056,Khu nhà ở Đại Quang Minh,needs_name_or_parent_review,yes,needs_parent_name_extraction,1,2023-06-12,2023-06-12,"[2023-06-12] Thao L - INVT 6/12/2023 1:50 PM K.ĐT báo cáo anh Tuan Tran-CEO về dự án Khu nhà ở Đại Quang Minh, Thuận Giao, Bình Dương - Dự án thấp tầng nằm cùng khu với Dự án cao tầng Việt An; Nguồn Mr. Duy - P.PTQĐ như sau: 1/ THÔNG TIN DỰ ÁN: - Giá chào: 135 tỷ cho phần còn lại của dự án - 55 nền đất chưa xây dựng nhà ở, hạ tầng hoàn thiện. - Diện tích đất dự án: 9.680m2 trong đó có 5.034,8m2 đất ở tương ứng 75 căn, đối tác đã bán 20 căn có tổng diện tích đất là 1.392,4m2 => Phần diện tích đất ở thương phẩm còn lại là 3.642,4m2 với giá chào 135 tỷ ~ 37,1tr/m2 đất ở. - Vị trí: Tiếp giáp đường D4 (vào bằng đường Thuận Giao 09), Thuận Giao, Thuận An, Bình Dương. - Link map: https://goo.gl/maps/GPVNSt7Q6a73xSKHA - Hiện trạng: HTKT đã hoàn thành, 08/20 căn đã bán xây dựng xong phần thô, phần 12 căn còn lại chưa xây dựng. - Quy mô: Dự án thấp tầng xây dựng nhà ở 03 tầng. 2/ PHÁP LÝ: a/ Pháp lý đất: - Các lô đất đã có sổ hồng riêng đất ở có thời hạn đến 2069 đứng tên CĐT, sau khi hoàn thành xây dựng nhà ở có thể chuyển sang cho cá nhân thời hạn lâu dài. - Đã đóng các nghĩa vụ tài chính CMĐSDĐ và NOXH. b/ Pháp lý đầu tư: - Văn bản 134/UBND-KT Chấp thuận chủ trương đầu tư dự án Khu nhà ở Đại Quang Min"
BDS-CURATED-0013,Hermes Power 1,recover_project,yes,,1,,,"[] P.ĐT Báo cáo sếp Admin 01 tính toán fs sơ bộ dự án Hermes Power 1. Thông tin dự án - Diện tích: - Vị trí: KĐT Thủ Thiêm - https://maps.app.goo.gl/qDbb6mJHvwhXw4Az6 Vị trí căn cứ vào file chào của Công ty hải Hưng, chưa xác định được ranh đất cụ thể. 2. PA Quy hoạch: - Dựa vào định vị trong file giới thiệu của Công ty Hải Hưng, khu đất dự án thuộc ô quy hoạch K4.4HH, thông số quy hoạch như sau: + Hệ số: 7.31 + Dân số: 1.002 + Quy mô: 15 tầng – 438 căn hộ ở, 42 căn shop TM 3. PA triển khai đầu tư: a) Giả định kinh doanh: Thời điểm bán hàng dự kiến 2029 (mất 2 năm xử lý pháp lý do hiện trạng pháp lý chưa có gì, khu đất chưa có đường, đường Lương Định Của đang triển khai thi công) + Giá bán: 250 tr/m2 (chưa V, tim tường) + Giá bán căn shop: 300 tr/m2 (chưa V tim tường) b) Giả định chi phí: + Giá mua: 3.380 tỷ (~ 130tr USD) Do hồ sơ đối tác gửi chưa có thông tin GCN, chưa xác định được mục đích sdđ hiện trạng. P.ĐT giả định khu đất hiện là đất nông nghiệp. + LUR: 2.073 tỷ (tính theo PP Thặng dư, do đơn giá xây dựng 15 tầng theo suất vốn NN thấp, trong khi thị trường khu vực giao dịch mức giá rất cao dẫn đến tiền sử dụng đất lớn) + CP xây dựng: 21 tr./m2 (chưa V, all in) tương đương 23 t"
BDS-CURATED-0047,2769m2 tại Đà Nẵng,recover_project,yes,,1,2022-08-03,2022-08-03,"[2022-08-03] Trieu Nguyen-PTDT 8/3/2022 4:45 PM KĐT gửi anh Tuan Tran-CEO báo cáo dự án 2769m2 tại Đà Nẵng: Pháp lý đất: Giấy CNQSDĐ 2769m2 đất ODT, thời hạn lâu dài, có nguồn gốc đấu giá, nhà nước giao đất có thu tiền sử dụng đất Pháp lý đầu tư: Với mục đích giữ đất và thời hạn sử dụng đất lâu dài => Căn cứ Nghị định 31/2021 hướng dẫn Luật Đầu tư, Phòng Pháp lý đề xuất không lập dự án và không xin chấp thuận chủ trương đầu tư mà thực hiện để cá nhân đứng tên GCNQSDĐ và cho một pháp nhân thuê để xây dựng và kinh doanh khách sạn Pháp lý quy hoạch: + Đất ODT: theo kế hoạch sử dụng đất năm 2022 của Quận Sơn Trà theo quyết định số 664/QĐ-UBND được ban hành + Bảng tính dựa trên thông số quy hoạch HSSD 14.92 lần, MĐXD 59.24%, 36 tầng cao Pháp lý xây dựng: tham khảo từ phòng Pháp lý, mảnh đất 2769m2 thuộc loại công trình không theo tuyến, các bước thực hiện pháp lý xây dựng (thời gian khoảng 6 - 12 tháng): + B1: Khảo sát địa hình, địa chất, rà phá bom mìn (khoảng 25 ngày) + B2: Lập Tờ trình/Nộp Hồ sơ thông qua thi tuyển lựa chọn phương án thiết kế kiến trúc theo quy định (Nếu có) (khoảng 90-120 ngày) + B3: Phê duyệt nhiệm vụ quy hoạch tổng mặt bằng. Cụ thể: 1) Lựa chọn đơn vị tư vấn thiết kế, lên ý tư"
BDS-CURATED-0035,Chung cư Minh Ngọc tại đường CMT8,recover_project,yes,,1,2022-09-19,2022-09-19,"[2022-09-19] Trieu Nguyen-PTDT 9/19/2022 11:15 AM KĐT gửi anh Tuan Tran-CEO báo cáo dự án Chung cư Minh Ngọc tại đường CMT8, P11, Q3, TPHCM có quy mô 7234m2 và giá chào 1200 tỷ đồng (tương đương 165.86tr/m2 đất) bao gồm tiền sử dụng đất và QH 1.500, cụ thể: Vị trí và hiện trạng: Dự án nằm tại Hẻm E6, đường CMT8, P11, Q3, có mặt tiền tiếp xúc với hẻm rộng khoảng 130m Nằm cách đường CMT8 khoảng 70m, cách vòng xoay Công trường Dân Chủ khoảng 2km, cách đường Nguyễn Huệ, Q1 khoảng 5.4km, thuận tiện đi về trung tâm Q1. Cách công viên Lê Thị Riêng và vị trí quy hoạch trạm metro số 2 khoảng 125m Phía sau dự án giáp ranh với nhà ga xe lửa Sài Gòn, dễ bị ảnh hưởng tiếng ồn Hiện trạng: Chưa xây dựng, trên đất có nhà xưởng betong, gạch cũ Pháp lý đất: Chưa được cung cấp Pháp lý đầu tư: Đã được phê duyệt dự án đầu tư xây dựng QĐ số 144/QĐ-SXD-PTN cấp bởi Sở Xây dựng TPHCM ngày 27/08/2009, thực hiện công trình cao ốc Minh Ngọc sử dụng hỗn hợp chung cư, văn phòng và TMDV có diện tích đất 7234.9m2 bao gồm 3267.2m2 đất ở, 3967.7m2 đất cây xanh, giao thông, sân bãi theo HSSD 9 lần, MĐXD 45%, 22 tầng cao, dân số 480 người, 120 căn hộ. Pháp lý quy hoạch: QH 1.2000 năm 2013: thửa đất 434, tờ 13 có diện tích 7301.2m"
BDS-CURATED-0313,H2-02,recover_project,no,,7,2026-05-27,2026-05-27,"[2026-05-27 | BDS-MASTER-0071] [] P.ĐT báo cáo sếp Admin 01 cập nhật FS dự án H2-02 với các giả định cập nhật sau: 1. Giá chào cập nhật 600 tỷ 2. Tiền sử dụng đất 120 tỷ. Qua làm việc, đối tác thông báo tiền sử dụng đất còn phải nộ… 2. 120 tỷ là số chốt chưa hay áng chừng nhỉ Begin quote, Admin 01, 5/27/2026 7:36 PM, 2... by Huy M - IM --- [] P.ĐT báo cáo sếp Admin 01 cập nhật FS dự án H2-02 với các giả định cập nhật sau: 1. Giá chào cập nhật 600 tỷ 2. Tiền sử dụng đất 120 tỷ. Qua làm việc, đối tác thông báo tiền sử dụng đất còn phải nộp theo hệ số K (bên mua chịu) 120 tỷ - điểm này cần P.PLDA đánh giá làm rõ vì theo thông tin đối tác cung cấp ban đầu, dự án đã có GPXD và GCN (100% đất ở xây dựng chung cư) 3. Suất xây dựng gồm V: 17tr/m2 (all in). 4. Giá bán 75tr.m2 (chưa V, tim tường) (CPBH 15% doanh thu) Hiệu quả cập nhật như sau: + LNTT: 342 tỷ + NPV: 53 tỷ + IRR: 14.4% + LNTT/TMĐT: 19.8% * Một số lưu ý: 1. Qua khảo sát nhanh các dự án “hàng xóm” của lô H2-02 thì chuẩn bàn giao các căn hộ của các dự án này khá thấp, ví dụ như không bàn giao bếp chỉ có ống chờ. Các căn hộ đều không có ban công. Tiện ích rất hạn chế (đánh giá không bằng Fenica). Hàng lang căn hộ rất hẹp (1.2m-1.4m). 2. P.ĐT cũng tự thu thập đượ --- [ | BDS-MASTER-0061] [] Dạ P.ĐT báo cáo sếp Admin 01 dự án H2-02 (Sky Habitat) thuộc KDC Cát Lái I. Thông tin tổng quan: 📷 Lô H2-02 thuộc KDC Cát Lái có CĐT là Công"
BDS-CURATED-0082,Khu Đô Thị Mới Bắc Quán Hành - Quán Hành - Nghi Lộc - Nghệ An,recover_project,yes,,1,2023-06-22,2023-06-22,"[2023-06-22] Thao L - INVT 6/22/2023 11:59 AM Edited K.ĐT gửi anh Tuan Tran-CEO thông tin về dự án Khu Đô Thị Mới Bắc Quán Hành - Quán Hành - Nghi Lộc - Nghệ An như sau: THÔNG TIN VỀ DỰ ÁN KHU ĐÔ THỊ MỚI BẮC QUÁN HÀNH – QUÁN HÀNH – NGHI LỘC 1/ Vị trí: https://goo.gl/maps/FmDxfXdHa9mdoGK99 - Theo thống kê năm 2019, thị trấn Quán Hành có diện tích 3,9 km², dân số là 6.197 người, mật độ dân số đạt 1.589 người/km². - Dự án Khu đô thị Bắc Quán Hành các Trung tâm Thành phố Vinh khoảng 14Km, cách Cảng hàng không Quốc Tế Vinh 11Km, cách biển Cử Lò khoảng 11Km. 2/ Thông tin dự án: Tên dự án: Khu đô thị mới Bắc Quán Hành. Địa điểm: Thị trấn Quán Hành, huyện Nghi Lộc, tỉnh Nghệ An. Hình thức lựa chọn nhà đầu tư: Đấu thầu dự án đầu tư có sử dụng đất. Dân số: 1.900 người. Diện tích: 18,43ha, trong đó: .180 căn nhà ở liền kề cao 3 tầng và 1 tum ~ 2,9ha chiếm 15,7%. . 144 căn nhà ở liền kề thương mại cao 3 tầng và 1 tum ~ 2,2ha chiếm 11,9%, . 55 căn nhà ở biệt thự cao 3 tầng và 1 tum ~ 1,5ha chiếm 8,1%. . Nhà ở xã hội, cao 2-5 tầng ~ 1,1ha chiếm 6%. . Khu thương mại dịch vụ, cao 2-5 tầng ~ 0,6ha chiếm 3,3%. . Còn lại là các công tình phụ trợ khác chiếm 55%. Thời gian hoạt động dự án: 50 năm ( kể từ ngày giao"
BDS-CURATED-0058,Khu Đô Thị Mới Hậu Nghĩa - Đức Hòa,recover_project,yes,,2,2023-06-16,2023-06-17,"[2023-06-17] Thao L - INVT 6/17/2023 11:19 AM K.ĐT gửi anh Tuan Tran-CEO thông tin về dự án Khu Đô Thị Mới Hậu Nghĩa - Đức Hòa như sau: THÔNG TIN VỀ DỰ ÁN KHU ĐÔ THỊ MỚI HẬU NGHĨA – ĐỨC HÒA 1/ Vị trí: https://goo.gl/maps/KCGefw7KgVDUzTPh7 2/ Thông tin: - Năm 2018 VinGroup có văn bản Đề xuất lập quy hoạch đầu tư dự án Khu đô thị mới Hậu Nghĩa – Đức Hòa, vì thế hiện nay trên các trang thông tin (Guland, các báo điện tử,…) đều thể hiện VinGroup là CĐT của dự án này. - Tuy nhiên vào ngày 07/06/2023 Sở Kế Hoạch và Đầu Tư ban hành thông báo số 773/TB-SKHĐT về việc Thông báo mời quan tâm dự án đầu tư có sử dụng đất: Dự án Khu đô thị mới Hậu Nghĩa – Đức Hòa thông qua hình thức Đầu thầu dự án đầu tư có sử dụng đất và thời hạn nộp hồ sơ là ngày 10/07/2023. - Thông tin dự án: Tên dự án: Khu đô thị mới Hậu Nghĩa – Đức Hòa. Địa điểm: Thị trấn Hậu Nghĩa, xã Đức Lập Thượng, Xã Tân Mỹ, Huyện Đức Hòa, tỉnh Long An. Hình thức lựa chọn nhà đầu tư: Đấu thầu dự án đầu tư có sử dụng đất. Thời hạn nộp hồ sơ đấu thầu: 10/07/2023. Dân số: đến 2030 khoảng 40.000 người. Diện tích: 197,22ha; trong đó: . Đất xây dựng chung cư cao 25 tầng chiếm 5,59% ~ 11ha. . Đất biệt thự chiếm 5% ~ 10ha. . Đất nhà liền kề chiếm 19,1% ~ 37 --- [2023-06-16] Tuan Tran-CEO 6/16/2023 7:16 PM https://m.cafef.vn/dien-bien-moi-nhat-khu-do-thi-quy-mo-hon-1-ty-usd-tai-long-an-188230616170401978.chn Diễn biến mới nhất khu đô thị quy"
BDS-CURATED-0008,NOXH khu vực Nhơn Trạch,needs_name_or_parent_review,yes,needs_parent_name_extraction,1,,,"[] Phòng Đầu tư Báo cáo sếp Mr Mike1 -CEO 2 dự án NOXH khu vực Nhơn Trạch, Qua tìm hiểu về hồ sơ mời quan tâm công khai 2 khu đất xã Phước An Nhơn Trạch quy mô lần lượt 2,1 ha và 3,7 ha, P.ĐT tóm tắt hiệu quả tính nhanh 2 khu đất như sau: 1. Khu đất 2,1ha: https://maps.app.goo.gl/Fsyo4xmwK3kmzbC9A + Thông tin đầu vào: - Giá bán (chưa VAT): 20,8tr/m2 - Suất XD(chưa VAT): 9,93 tr/m2 - Quy mô xây dựng 12 tầng + Hiệu quả: - Tổng Doanh thu: 1.377 tỷ - Tổng chi phí: 1.180 tỷ - LNTT: 197,5 tỷ - NPV: 127,4 tỷ - LNTT/TMĐT: 17,34% 2. Khu đất 3,7ha: https://maps.app.goo.gl/hMM3KEF5KhFhsZJi7 + Thông tin đầu vào: - Giá bán (chưa VAT): 21,1tr/m2 - Suất XD(chưa VAT): 9,92 tr/m2 - Quy mô xây dựng: 3 khu chung cư (tầng cao từ 5-10 tầng) + Hiệu quả - Tổng Doanh thu: 1.768 tỷ - Tổng chi phí: 1.508 tỷ - LNTT: 259,7 tỷ - NPV: 169 tỷ - LNTT/TMĐT: 17,84% * Các giả định: - Trong hồ sơ mời quan tâm, cả 2 dự án đều nêu rõ là dành 100% diện tích sàn nhà ở để làm NOXH. - Trong hồ sơ mời quan tâm, chỉ có một số thông tin cơ bản về quy hoạch của 2 khu đất như hệ số, mật độ xây dựng, tầng cao, mà chưa có thông tin quy hoạch chi tiết 1/500….do đó P.ĐT đang tạm tính nhanh bài toán quy hoạch. Trong trường hợp công ty"
BDS-CURATED-0112,Vương Bảo Long (kèm đánh giá pháp lý) *Hiện trạng,needs_name_or_parent_review,yes,needs_parent_name_extraction,1,2022-09-23,2022-09-23,"[2022-09-23] Thao L - INVT 9/23/2022 5:58 PM Em gửi anh Tuan Tran-CEO báo cáo sơ bộ dự án Vương Bảo Long (kèm đánh giá pháp lý) *Hiện trạng: - Vị trí: Đường Bà Giang, An Bình, Dĩ An, Bình Dương. - Khu đất có 02 lối tiếp cận chính: + Đường Bà Giang - lối tiếp cận chính - bề rộng giáp đường rộng khoảng 16m. + Đường vào nghĩa trang - cập phía bên hông khu đất - bề rộng giáp đường rộng khoảng 245m. - Giáp phía sau khu đất là Nghĩa trang Hải Nam, và có mộ dân ở phía trước của khu đất, phía bên hông là kho bãi container. - Hiện khu đất đang là kho bãi container. - Pháp lý dự án: +Pháp lý đất: GCN quyền sử dụng đất cho 86.834,2m2, trong đó: . 3.420,2m2 là đất cở sở sản xuất phi nông nghiệp - trả tiền hằng năm đến 2057 (phần QH đường sắt), . 83.336,4m2 là đất cở sở sản xuất phi nông nghiệp - trả tiền một lần đến 2057 (phần QH đất ở), . 77.6m2 là đất ở lâu dài (QH là đất ở). + Pháp lý đầu tư: Chấp thuận chủ trương đầu tư và chấp thuận nhà đầu tư tháng 7/2022. + Pháp lý quy hoạch: Đang trong quá trình hoàn thành 1/500. + Pháp lý xây dựng: Chưa có. * Quy hoạch: - Khu đất đa phần QH là đất ở với các thông số như sau: + Tầng cao: max 30 tầng . + MĐXD: max 60%. + HSSDĐ: max 8 lần. - QH có tuyến đường sắt cắt"
BDS-CURATED-0065,khu nhà ở Lộc Phú Gia với tổng diện tích đất thực hiện dự án là 690,recover_project,yes,,1,2022-08-26,2022-08-26,"[] Báo cáo Dự án khu nhà ở Lộc Phú Gia với tổng diện tích đất thực hiện dự án là 690.000 m2 (giá chào bán khoảng 1,725 tỷ tương đương 2.5 tr/m2) tại mặt tiền đường ĐH 505 và ĐH 507 thuộc Xã Vĩnh Hòa, Huyện Phú Giáo, Tỉnh Bình Dương: Vị trí dự án: - Dự án tiếp giáp 2 mặt tiền đường hiện hữu: + Mặt tiền tiếp giáp khoảng 643m, giáp đường ĐH 505, đường nhựa rộng khoảng 10m (QH đường dự kiến 32m); + Mặt tiền tiếp giáp đường khoảng 95m, giáp đường ĐH 507 đường nhựa rộng khoảng 10m (QH đường dự kiến 32m). - Dự án tiếp giáp đường quy hoạch: + Bên phải QHTT GTVT tỉnh Bình Dương đường ĐT750B lộ giới 52m kết nối với đường DT741, cách đường DT 741 khoảng 3.5km. - Cách khu công nghiệp An Linh khoảng 12km, cách KCN cao su Đồng Phú khoảng 8km, cách KCN Vĩnh Lộc 2 khoảng 15km, cách KCN Vĩnh Lộc 18km, cách KCN Tạm Lập khoảng 6.5km. Các KDC này đều có quy hoach khu dân cư. - Dự án cách trung tâm hành chính huyên Phú Giáo khoảng 3.4km (theo đường chim bay), cách trục đường chính DT (nối tỉnh Bình Dương và Bình Phước) khoảng 4.5km. Pháp lý đất: - Đất sạch, đã có QĐ giao đất, đã có thông báo đóng tiền SD đất (CĐT chưa cung cấp). Pháp lý đầu tư: - QĐ về việc chấp thuận chủ trương"
BDS-CURATED-0090,khu nhà ở Tân Mai (thuộc danh sách dự kiến đấu giá tại Đồng Nai 2026) A) Thông tin chung,needs_name_or_parent_review,yes,needs_parent_name_extraction,2,2026-01-23,2026-01-23,"[] P.ĐT báo cáo sếp Admin 01 dự án khu nhà ở Tân Mai (thuộc danh sách dự kiến đấu giá tại Đồng Nai 2026) A) Thông tin chung: - Vị trí: P.Trấn Biên, Đồng Nai - Diện tích toàn khu: 131.690,94 m2 - Mục đích dự án theo QH sử dụng đất và QH xây dựng: KDC nhà ở kết hợp TMDV, cơ sở giáo dục – văn hóa – y tế. B) Định giá đất theo hiệu quả dự án: - Giả định kinh doanh: Thời gian bán hàng từ Q2/2027 – Q1/2030 Căn hộ: 55 – 60 tr/m2 Shop TMDV: 75 – 80 tr/m2 Nhà phố liên kế: 95 – 100tr/m2 Shophouse liên kế: 115 - 120 tr/m2 Biệt thự: 85 – 100 tr/m2 - Giá định cp đầu tư xây dựng Chung cư 19 tầng : 12.8 – 13.3 (gồm VAT, all-in) Nhà phố: 7.5tr/m2 (hoàn thiện mặt ngoài – thô bên trong) Biệt thự: 9.5 tr/m2 (hoàn thiện mặt ngoài – thô bên trong) - Giả định cp bán hàng: ~18% doanh thu => Để dự án đạt mức IRR: 20%, giá đấu cho khu đất là 2.010 tỷ (đơn giá đất ở: ~ 35 tr/m2) Bảng độ nhạy hiệu quả dự án theo giá đấu: Lưu ý và đề xuất: - Dự án có vị trí tốt, thị trường Biên Hòa có nhiều tiềm năng phát triển, hạ tầng đồng bộ phát triển - Hiệu quả theo mức đấu giá dự kiến là 2.010 tỷ để đạt mức IRR 20% Tuy nhiên có 1 số điểm lưu ý như sau: - Trong QH 1/500 được duyệt, diện tích 1 lô tương đối nhỏ (số lô có diện --- [] P.ĐT báo cáo sếp Admin 01 dự án khu nhà ở Tân Mai (thuộc danh sách dự kiến đấu giá tại Đồng Nai 2026) A) Thông tin chung: - Vị trí: P.Trấn Biên, Đồng Nai - Diện tích toàn khu: 131.690,94 m2"
BDS-CURATED-0021,the Bale tại Phan Thiết,recover_project,yes,,1,2022-10-11,2022-10-11,"[2022-10-11] Trieu Nguyen-PTDT 10/11/2022 6:26 PM KĐT gửi anh Tuan Tran-CEO báo cáo dự án the Bale tại Phan Thiết, Bình Thuận có giá chào 390.48 tỷ đồng (3tr/m2 đất) cam kết hoàn thành đường kết nối, đền bù, và đóng tiền thuê đất 1 lần (BeeG trả tiền thuê đất) cụ thể: Vị trí và hiện trạng: Dự án nằm tại hẻm của đường Nguyễn Đình Chiểu (đường ven biển), cách bãi biển khoảng 500m Pháp lý đất: Dự án có tổng quy mô 13ha hiện có 2 sổ đất TMDV có quy mô 11.3ha, đất TMDV đóng tiền thuê đất hàng năm đến 2059 (còn 37 năm) Còn 1.9ha đang đền bù (chủ đầu tư cam kết đền bù sạch) Pháp lý đầu tư: Đã có CTĐT duyệt bán/cho thuê theo vòng đời dự án Pháp lý quy hoạch: QHSDĐ là TMDV Đã có QH 1/500: đất khu biệt thự chiếm 37%, đất khu căn hộ chiếm 5%, đất bungalow chiếm 12.8%, đất nhà hàng chiếm 1.2%, còn lại là đất hạ tầng cảnh quan. Sản phẩm kinh doanh: 127 căn biệt thự: giá bán đất 39tr/m2 đất tại 2024 206 căn hộ: giá bán 40tr/m2 sàn thông thủy có VAT tại năm 2024 1 khu nhà hàng: giả định giá thuê khoán 21tr/m2 sàn cho tổng thời gian thuê 37 năm 59 căn bungalow: giả định giá bán đất 24tr/m2 đất cho tổng thời gian dự án 37 năm Tổng mức đầu tư là 2548 tỷ đồng (chưa bao gồm chi phí hoạt động và bán hàng), tổng doa"
BDS-CURATED-0161,Bà Kèo theo Quy hoạch 1/500 cũ (100% thấp tầng),needs_name_or_parent_review,yes,needs_parent_name_extraction,3,2026-06-25,2026-06-25,"[] P.ĐT gửi anh Admin 01 về việc ước tính TSDĐ dự án Bà Kèo theo Quy hoạch 1/500 cũ (100% thấp tầng) như sau: 1. QUY HOẠCH Theo Quyết định số 29/QĐ-BQLPTPQ ngày 03/04/2014 về phê duyệt Đồ án điều chỉn… Anh gửi lại Sếp tính tiền sử dụng đất theo 1.500 cũ của Bà Kèo à Begin quote, Thao L - INVT, 6/22/2026 12:01... by Admin 01 --- [] P.ĐT gửi anh Admin 01 về việc ước tính TSDĐ dự án Bà Kèo theo Quy hoạch 1/500 cũ (100% thấp tầng) như sau: 1. QUY HOẠCH Theo Quyết định số 29/QĐ-BQLPTPQ ngày 03/04/2014 về phê duyệt Đồ án điều chỉn… Khi nào có người mua thì mới đóng tiền sdd xong tách cty ra bán đc ko nhỉ. Begin quote, Admin 01, 6/25/2026 11:13 AM, ... by Huy M - IM --- [] P.ĐT gửi anh Admin 01 về việc ước tính TSDĐ dự án Bà Kèo theo Quy hoạch 1/500 cũ (100% thấp tầng) như sau: 1. QUY HOẠCH Theo Quyết định số 29/QĐ-BQLPTPQ ngày 03/04/2014 về phê duyệt Đồ án điều chỉnh QHCT 1/500 dự án Bà Kèo: Dân số: 325 người Đất ở: 2.8 ha (65% diện tích dự án) Quy mô: 65 căn biệt thự Chỉ tiêu từng căn: Diện tích đất: 430 m² đất/căn; MĐXD: 33%; Tầng cao: 03 tầng; Diện tích SXD: 430 m² sàn/căn 2. TSDĐ a.Kịch bản Min: khoảng 1,750 tỷ Cơ sở: Tính theo đơn giá đất Nhà nước mặt tiền đường Trần Hưng Đạo, khoảng 67.5tr/m². b.Kịch bản Max: khoảng 2,300 tỷ Cơ sở: Tính theo phương pháp thặng dư dựa trên Quy hoạch 1/500 trên; đơn giá đất thặng dư ước khoảng 1,3 lần đơn giá đất Nhà nước."
BDS-CURATED-0036,Chung cư Trường Thịnh,recover_project,yes,,1,2024-11-27,2024-11-27,"[2024-11-27] Sinh Nguyen-Dau Tu 11/27/2024 2:17 PM Translate K.ĐT báo cáo anh Mr Mike1 -CEO về dự án Chung cư Trường Thịnh, mặt tiền đường Trần Não, phường Bình An, Quận 2 (nay là TP. Thủ Đức) Thành phố Hồ Chí Minh như sau: 1/ Vị trí: - Tọa lạc trong dự án Khu nhà ở tại phường Bình An, Quận 2, mặt tiền đường Trần Não, cách Bùng Binh Lương Định Của - Trần Não khoảng 250m, cách vòng xoay An Phú khoảng 2,3km - Dự án liền kề khu đô thị mới Thủ Thiêm, cách nhà ga Thủ Thiêm khoảng 1,2km 2/ Hiện trạng: Đất trống và có vài hộ dân sinh sống (theo hình ảnh vệ tinh) 3/ Pháp lý Đất: - Đã có quyết định giao đất. - Dự án đã hoàn thành nghĩa vụ tài chính - Chưa được cung cấp Giấy chứng nhận QSD Đất 4/ Pháp lý Xây dựng: - Đã có quyết định số 18/QĐ-SXD-PTN ngày 04/02/2009 về viêc phê duyệt dự án đầu tư xây dựng do Sở Xây dựng cấp (đã hết thời hạn). Tuy nhiên, phương án tiêu thụ sản phẩm là bán cho cán bộ công nhân viên chức - Mật độ xây dựng 51% - Hệ số sử dụng Đất: 9,7 - Tổng diện tích sàn nổi xây dựng: 71.498m², gồm 3 Block chung cư (không kể diện tích tầng hầm và mái) - Tổng số căn: 342 căn (diện tích trung bình 132m²/căn) - Dân số: 1.368 người 5/ Pháp lý đầu tư: - Đã có quyết định, chủ trương đầu tư: Phương"
BDS-CURATED-0005,cao tầng Icon Plaza,recover_project,yes,,1,2025-03-14,2025-03-14,"[2025-03-14] Thao L - INVT 3/14/2025 5:21 PM Edited Translate KĐT gửi anh Mr Mike1 -CEO về dự án cao tầng Icon Plaza, Thuận An, Bình Dương (Nguồn: Mr. Sơn - XD) như sau: I. THÔNG TIN 1. Vị trí: https://maps.app.goo.gl/xomcfbw3UHPYcLxG8 - Dự án nằm trên mặt tiền đường DT743, Thuận An, Bình Dương. - Cách ngã tư DT743 – Mỹ Phước Tân Vạn khoảng 1.2Km. - Cách ngã tư DT743 – DT747B khoảng 2.2Km. 2. Diện tích: 6,744.5m2; trong đó: PHQH:5,400m2 3. Giá chào chuyển nhượng: 390 tỷ ~ 72tr/m2 (cho diện tích PHQH) II. PHÁP LÝ DỰ ÁN III. TÍNH KHẢ THI DỰ ÁN 1. Tổng mức đầu tư gồm VAT: 1,558 tỷ (Giả định: Dự án đã hoàn thành nghĩa vụ tài chính) - Suất đầu tư all in gồm VAT: 12.5tr/m2 sàn ~ tương đương SĐT của Phú Gia Khiêm. 2. Doanh thu gồm VAT: 2.186 tỷ (Chi phí bán hàng: 12% Doanh thu) - Thương phẩm: + 04 căn hộ thương mại có lưu trú (Shophouse) thông tầng 1 và 2 có diện tích trung bình: 537m2: Giá bán gồm VAT, thông thủy trung bình :54tr/m2 + 897 căn hộ ở có diện tích trung bình 51m2: Giá bán gồm VAT, thông thủy trung bình: 45tr/m2 3. Hiệu quả tài chính: - LNTT: 288 tỷ - Tỷ lệ LNTT/TMĐT: 19.7% 4. Độ nhạy giữa giá mua đất và giá bán căn hộ: IV. RÀ SOÁT SƠ BỘ PHÁP LÝ DỰ ÁN: 1. Dự án này đã từng mở bán đợt 1 và"
BDS-CURATED-0067,là 30,needs_name_or_parent_review,yes,needs_parent_name_extraction,1,2025-08-08,2025-08-08,"[2025-08-08] Hanh T - INVT 8/8/2025 5:07 PM Edited Translate P.Đầu tư báo cáo Sếp Mr Mike1 -CEO về DA chung cư Long Vân 3,09 ha, đường Quốc Lộ 13 (Đại Lộ Bình Dương), P.Lái Thiêu (Bình Dương cũ), TPHCM (nguồn từ Mr Sơn Trợ lý gửi) như sau: 1. Tóm tắt sơ bộ hiện trạng pháp lý dự án: a) Vị trí và ranh dự án: https://maps.app.goo.gl/pTzfCxqkMYLuLe9z9 b. Sơ bộ hiện trạng pháp lý: Tổng diện tích khu đất lập dự án là 30.970,5 m2 đất, số 76 đường Đại Lộ Bình Dương, đối diện với đường Lái Thiêu 110 và Cầu Phú Long nối qua Quận 12. Pháp lý đầu tư: Chưa thực hiện QĐ chủ trương đầu tư, chỉ mới được duyệt vào danh sách thí điểm thực hiện dự án nhà ở tháng 6/2025. Pháp lý đất: tổng diện tích đất thực hiện dự án là 30.970,5 m2 bao gồm 07 Giấy chứng nhận, trong đó : - Đất SKC: 21,439 m2 ~69% , thời hạn sử dụng đến 2055 (03 GCN, Cty Long Vân đứng tên); - Đất ở, đất CHN: 9.531 m2 ~31% (04 GCN, đứng tên cá nhân). => Về thủ tục đất thực hiện dự án thì chưa hoàn thiện do chưa đưa phần đất còn lại vào công ty. Pháp lý QH: Diện tích phù hợp QH còn ~27.000 m2 (do Khu đất có 4.000 đất lộ giới, đường dây điện cao thế). - Theo QH 1/2000 năm 2023: đất OHH thấp tầng (4 tầng) - QHC chung điều chỉnh của TP Thuận An đến 2040"
BDS-CURATED-0025,Chung cư Võ Thị Sáu,recover_project,yes,,2,2025-07-07,2025-07-07,"[2025-07-07] Thanh L - INVT 7/7/2025 7:13 PM Edited Translate Kính gửi anh Mr Mike1 -CEO, P.ĐT báo cáo dự án Chung cư Võ Thị Sáu, Biên Hòa như sau: Dự án: Khu Thương mại và Nhà ở cao tầng theo quy hoạch tại phường Thống Nhất, Tp Biên Hòa, T. Đồng Nai. Vị trí: Mặt tiền Võ Thị Sáu, P. Thống Nhất, Tp. Biên Hòa, T. Đồng Nai Map: https://maps.app.goo.gl/7yPFeG3okyKbrLCM9 Về Pháp lý dự án, P.ĐT note các nội dung trọng yếu sau: Dự án đang trong tình trạng có khả năng bị kiến nghị thu hồi để đấu thầu lựa chọn Nhà đầu tư. Diện tích dự án 21.393,8m2. Theo Quyết định giao đất, mới chỉ giao 20.144,3m2 còn 1,249m2 chưa được giao. Dự án đã được cấp Giấy chứng nhận 1 phần (3 GCN với diện tích 5.632,2m2, tuy nhiên chưa có thông tin về việc thực hiện nghĩa vụ tài chính. Dự án là 1 thành phần trong khu vực đã có quy hoạch chi tiết tỷ lệ 1/500 tổng thể, tuy nhiên trong hồ sơ chưa đính kèm QĐ phê duyệt, cần bổ sung (QĐ số 1708/QĐ-UBND ngày 18/06/2007). Theo văn bản số 7327/UBND-CNN chấp thuận chủ trương và thỏa thuận địa điểm cho Công ty Thế Giới Nhà lập thủ tục đầu tư dự án có đề cập nội dung “Bàn giao cho UBND Tp.Biên Hòa 10% tổng số căn hộ trong dự án để sử dụng làm quỹ nhà phục vụ tái định cư và NOXH theo quy --- [2025-07-07] Thanh L - INVT 7/7/2025 7:13 PM Edited Translate Kính gửi anh Mr Mike1 -CEO, P.ĐT báo cáo dự án Chung cư Võ Thị Sáu, Biên Hòa như sau: Dự án: Khu Thương mại và Nhà ở cao "
BDS-CURATED-0003,Chưa đặt tên,needs_name_or_parent_review,no,needs_parent_name_extraction,313,2022-07-19,2026-06-29,"[2026-06-29] Admin 01 6/29/2026 2:38 PM Ủa mà cái này sau hướng xử lý sao nhỉ. bắt đấu giá lại hay sao ta Nếu đúng theo luật thì đất công là sẽ thu hồi đấu gía. Do bên KO họ đi theo hướng ngừoi thứ 3 ngây tình nên mặc mặc dù VKS đề nghị thu hồi nhưng HĐXX năm 2022 vẫn chưa thu hồi và vẫn tạm giao cho Cty Tân Phú nắm giữ Khu này là đối diện sygamo đúng ko by Admin 01 --- [2026-06-11] Admin 01 6/11/2026 3:09 PM Cái 120 tỷ đó có cách nào check chính xác đc ko Cái này chắc nhờ A Minh rà trên các cơ quan à Sếp Báo đi anh by Admin 01 --- [2026-05-28] Admin 01 5/28/2026 5:16 PM Sao Phú Quốc xây 16tr mà ĐN xây 21tr lận Cái Đà Nẵng mình xây 3 hầm lận Sếp, Còn cái Bà Kèo mình 1 hầm. Với là cái ĐN mình bán tới gía ~100 tr/m2 nên chuẩn đầu tư, thiết bị cũng phải cao hơn cái Bà Kèo đang bán 65-70/m2 à Sếp."
BDS-CURATED-0037,Green Hill tại Quy Nhơn,recover_project,yes,,4,2022-08-10,2023-05-18,"[2022-08-10] Trieu Nguyen-PTDT 8/10/2022 3:23 PM Edited KĐT gửi anh Tuan Tran-CEO báo cáo dự án Green Hill tại Quy Nhơn, có quy mô 16.62ha, giá chào 1300 tỷ đồng (7.8tr/m2 đất), cụ thể: Vị trí và hiện trạng: - Dự án nằm mặt tiền đường D1, cách trung tâm TP Quy Nhơn khoảng 8.4km, cách dự án Trung tâm nghiên cứu Công Nghệ của FPT có quy mô 15ha khoảng 2km, cách bãi biển Quy Hòa 135m. - Dự án có 2 phân khu: 1 phân khu biệt thự tựa đồi view biển (15.08ha) và 1 phân khu mặt tiền biển (1.54ha) Pháp lý đất: - Ngày 25/10/2019, UBND đồng ý cho thuê đất 13.64ha thực hiện dự án KDL và giao phần đất 2.97ha nằm trong hành lang hạ tầng kỹ thật - Thông báo nộp tiền thuê 1 lần ngày 16/1/2020, là 45.733 tỷ đồng (đã được khấu trừ tiền đền bù) - 7 GCNQSDĐ có quy mô tổng là 136471,8m2 đất TMDV đóng tiền thuê đất 1 lần đến năm 25/10/2069 - 7 GCNQSDĐ đã được tách thành nhiều sổ con cho từng lô biệt thự Pháp lý đầu tư: - Điều chỉnh chấp thuận chủ trương đầu tư cấp ngày 7/4/2020: xây dựng khu du lịch sinh thái nghỉ dưỡng Greenhill Village Quy Nhơn, quy mô 16.62ha, thời gian hoạt động của dự án là 50 năm, gia hạn thêm thời gian từ Quý 3/2020 – Quý 2/2022: Khởi công xây dựng và hoàn thành đi vào hoạt động. Pháp lý xây d --- [2022-08-10] Unknown User 8/10/2022 3:23 PM KĐT gửi anh Tuan Tran-CEO báo cáo dự án Green Hill tại Quy Nhơn, có quy mô 16.62ha, giá chào 1300 tỷ đồng (7.8tr/m2 đất), cụ thể: Vị trí v"
BDS-CURATED-0078,KCN Thái Hòa – Liễn Sơn – Liên Hòa - Khu vực 1 (284 ha) thuộc địa phận các xã,recover_project,yes,,5,2023-05-20,2023-06-16,"[2023-06-16] Sinh Nguyen-Dau Tu 6/16/2023 8:48 PM K.ĐT báo cáo anh Tuan Tran-CEO dự án KCN Thái Hòa – Liễn Sơn – Liên Hòa - Khu vực 1 (284 ha) thuộc địa phận các xã Thái Hòa và xã Bắc Bình, huyện Lập Thạch, tỉnh Vĩnh Phúc như sau: 1/ Vị trí Cách đường Quốc lộ 2C khoảng 80m. Nằm ở giáp ranh giữa Vĩnh Phúc và Tuyên Quang, là khu công nghiệp có vị trí xa nhất khi hướng về Hà Nội và Hải Phòng Cách trung tâm Thành phố Vĩnh Yên khoảng 22km Cách đường Vành Đai 5 (đường Vành Đai – Vùng Thủ Đô) khoảng 16,5km; Cách nút giao cao tốc Hà Nội – Lào Cai khoảng 16km. Cách sân bay quốc tế Nội Bài khoảng 52km Cách Trung Tâm Thủ đô Hà Nội khoảng 78km Cách Hải Phòng khoảng 175km 2/ Hiện trạng: Còn nhiều nhà dân sinh sống trong ranh đất quy hoạch dự án: 1 cụm lớn tập trung ở giữa và khá nhiều hộ nằm rải rác da beo trên đất quy hoạch dự án Có 1 khu mộ trên đất quy hoạch dự án Dự án không tiếp giáp trực tiếp đường Quốc Lộ 2C, chỉ tiếp cận đường nội bộ khu dân cư 3/ Pháp lý đất, pháp lý đầu tư Chưa có 4/ Quy hoạch Quyết định về việc Phê duyệt đồ án QHCT tỷ lệ 1/2000 Khu công nghiệp Thái Hòa, Bắc Bình tại huyện Lập Thạch, tỉnh Vĩnh Phúc số 3424/QĐ-UBND ngày 26/11/2013 Căn cứ phê duyệt quy hoạch sử dụng đất thời kỳ 2021 --- [2023-06-16] Sinh Nguyen-Dau Tu 6/16/2023 8:48 PM K.ĐT báo cáo anh Tuan Tran-CEO dự án KCN Thái Hòa – Liễn Sơn – Liên Hòa - Khu vực 1 (284 ha) thuộc địa phận các xã --- [2023-05-20] "
BDS-CURATED-0029,Văn phòng tại khu đất 197 Lê Văn Sỹ cập nhật Hệ số sử dụng đất mới 9,needs_name_or_parent_review,yes,needs_parent_name_extraction,1,2023-07-03,2023-07-03,"[2023-07-03] Thao L - INVT 7/3/2023 10:43 AM Edited K.ĐT báo cáo anh Tuan Tran-CEO dự án Văn phòng tại khu đất 197 Lê Văn Sỹ cập nhật Hệ số sử dụng đất mới 9,5 lần như sau: CẬP NHẬT HỆ SỐ SỬ DỤNG ĐẤT MỚI 9,5 LẦN 1/ SƠ BỘ THÔNG TIN DỰ ÁN: - Dự án Văn phòng tại khu đất 197 Lê Văn Sỹ, phường 13, quận 3. Khu đất Nằm trên đường Lê Văn Sỹ và hẻm 195 Lê Văn Sỹ, cách cầu Lê Văn Sỹ khoảng 50m có tổng diện tích 985,7m2 với giá chào bán là 340 tỷ. - Link vị trí: https://goo.gl/maps/BgnUiLh44bo3Nyq37 - Đề xuất pháp lý: Mục tiêu: Xây dựng, vận hành Văn phòng mà vẫn giữ được mục đích Đất ở lâu dài. Cách thức để giữ lại mục đích Đất ở lâu dài: - Đại diện một cá nhân đứng tên giấy chứng nhận QSDĐ khu đất. Công ty ký hợp đồng thuê đất với Cá nhân (Hợp đồng thuê thời hạn là 20 năm, sau đó gia hạn dần trong 52 năm – 2 năm xây dựng và 50 năm vận hành) để xây dựng tòa nhà văn phòng. - Trong đó, về mặt pháp lý tiến hành xây dựng một căn hộ ở cho chủ đất sử dụng và không kinh doanh/bán căn hộ này. - Tuy nhiên, về mặt vận hành sẽ bố trí căn hộ này trong khu vực ban quản lý tòa nhà (không ảnh hưởng đến tỷ lệ thương phẩm văn phòng). -Thời gian triển khai: 2023: Pháp lý đất và các pháp lý liên quan. 2023-2024: Xây dựng c"
BDS-CURATED-0324,Văn phòng tại khu đất 72-74 Võ Thị Sáu,needs_name_or_parent_review,no,needs_parent_name_extraction,2,2024-01-03,2024-01-03,"[2024-01-03 | BDS-MASTER-0019] [2024-01-03] Thao L - INVT 1/3/2024 9:11 AM K.ĐT báo cáo anh Tuan Tran-CEO dự án Văn phòng tại khu đất 72-74 Võ Thị Sáu, phường Tân Định, Quận 1. Khu đất nằm trên đường Võ Thị Sáu, phía tay mặt, đối diện Công viên Lê Văn Tám có tổng diện tích 2157.7m2 với giá chào bán là 1350 tỷ, tương đương 625.6tr/m2 như sau: Pháp lý đất: GCNQSDĐ với tổng diện tích là 2157.7 m2. Mục đích sử dụng: Đất ở tại đô thị. Thời hạn: Lâu dài. Pháp lý đầu tư: chưa có. Pháp lý quy hoạch: - Theo văn bản 4793/QD-UBND của UBND Thành phố Hồ Chí Minh cấp ngày 08/09/2017 Về Đồ án quy hoạch phân khu tỷ lệ 1/2000 Khu dân cư Phường Tân Định, Quận 1 (nội dung quy hoạch sử dụng đất, kiến trúc, giao thông). - Quy hoạch: Đất ở hỗn hợp - Nằm trong danh sách Dự án kêu gọi đầu tư, “Cao ốc VP, TM, Căn hộ (72-74 Võ Thị Sáu)” theo Văn bản số 3592/SQHKT-QHKTT cấp ngày 17/12/2010. Pháp lý xây dựng: Giấy phép xây dựng số 54/GPXD được cấp ngày 24/08/2023: Được phép xây dựng công trình văn phòng cao 22 tầng + 3 hầm + mái che thang với MĐXD: 47.6% và Hệ số sử dụng đất: 10 lần. Đề xuất pháp lý: - Mục tiêu: Xây dựng, vận hành Văn phòng mà vẫn giữ được mục đích Đất ở lâu dài. - Cách thức để giữ lại mục đích Đất ở lâu dài: + Đại diện mộ --- [2024-01-03 | BDS-MASTER-0166] [2024-01-03] Thao L - INVT 1/3/2024 9:11 AM K.ĐT báo cáo anh Tuan Tran-CEO dự án Văn phòng tại khu đất 72-74 Võ Thị Sáu, phường Tân Đ"
BDS-CURATED-0141,tiếp giáp mặt tiền đường Phan Văn Hớn,needs_name_or_parent_review,yes,chat_sentence_name; needs_parent_name_extraction,1,,,"[] P.ĐT báo cáo nhanh anh Mr Mike1 -CEO về định giá dự án 1,6ha Phan Văn Hớn, phường Tân Thới Nhất, Quận 12, Thành phố Hồ Chí Minh (nguồn anh Tâm – Phó Chủ tịch) như sau: 1/ Vị trí: - Dự án tiếp giáp mặt tiền đường Phan Văn Hớn, cách giao lộ đường Phan Văn Hớn và Trường Chinh khoảng 1km + Cách Sân bay Tân Sơn Nhất khoảng 3,5km + Cách ga Deport Tham Lương khoảng 1km 2/ Hiện trạng: Có nhà xưởng trên đất – Đất sạch 3/ Cơ sở pháp lý: Dự án đã có quyết định chủ trương đầu tư và cũng có thể có quy hoạch 1/500. Nhưng không được cung cấp 3.1/ Pháp lý đất: Đã có GCN quyền sử dụng đất; Chiều dài mặt tiền: 41m, chiều sâu: 227m Cơ cấu sử dụng đất: Tổng diện tích 16.471,8 Đất ở 197 Đất HNK 16.274,8 3.2/ Pháp lý quy hoạch: Theo thông tin quy hoạch Thành phố Hồ Chí Minh Đồ án ""Đồ án điều chỉnh quy hoạch chi tiết xây dựng đô thị tỷ lệ 1/2000 Khu dân cư Phường Tân Thới Nhất (Khu 2), Quận 12"" đã được UBND Quận 12 phê duyệt tại Quyết định số 628/QĐ- UBND-ĐT ngày 23/12/2008 - Mật độ xây dựng: 40% - Hệ số sử dụng đất: 4.0 - Tầng cao: 2 – 15 tầng - Dân số: 572 dân 4/ Phương pháp định giá 4.1/ Phương pháp Thị trường: Giá trị định giá: 350 tỷ (21tr/m²) 4.2/ Phương pháp dòng tiền chiết khấu (DCF) Do hồ sơ phá"
BDS-CURATED-0051,8029 m2 tại Mỹ Phước - Tân Vạn,needs_name_or_parent_review,yes,needs_parent_name_extraction,1,2022-07-28,2022-07-28,"[2022-07-28] Thao L - INVT 7/28/2022 5:04 PM B/ Dự án 8029 m2 tại Mỹ Phước - Tân Vạn, Thuận Giao, Thuận An, Tỉnh Bình Dương với giá chào 200 tỷ ( 24.9 tr/m2) 1) Vị trí và hiện trạng: - Hiện trạng dự án là bãi đất trống tọa lạc tại Đường Mỹ Phước - Tân Vạn, Thuận Giao, Thuận An, Tỉnh Bình Dương với bề rộng khoảng 60 mét. 2) Pháp lý đất: - GCN QSDĐ với Số vào sổ CT80867, MĐSD đất cơ sở sản xuất kinh doanh phi nông nghiệp, Thời hạn sử dụng đến 09/01/2049, Nguồn gốc nhận chuyển nhượng đất được Nhà nước cho thuê đất trả tiền thuê đất 1 lần (7785 m2). 3) Pháp lý đầu tư: - Chưa có thông tin. 4) Pháp lý quy hoạch: - Chưa có thông tin từ đối tác cung cấp. - Theo thông tin tra cứu QH xây dựng tỉnh BD: Vị trí dự án làm đất ở hỗn hợp kết hợp công trình dịch vụ đô thị (Diện tích đất phù hợp quy hoạch 6,954 m2, MĐXD tối đa 60%, HSSDĐ tối đa 8 lần, Tầng cao tối đa 20 tầng). 5) Pháp lý xây dựng: - Chưa có thông tin. 6) Sản phẩm phát triển - Chưa có thông tin sản phẩm cụ thể (Căn hộ và thương mại dịch vụ). 7) Đề xuất: KĐT đề không tham gia chuyển nhượng dự án do các yếu tố trọng yếu: - Dự án nằm sát khu mồ mả (theo hình ảnh vệ tinh). - Dự án nằm trên đường Mỹ Phước – Tân Vạn với lưu lượng xe Container cao. - Dự"
BDS-CURATED-0083,Khu đô thị mới Bắc Quán Hành tại thị trấn Quán Hành,recover_project,yes,,1,2023-07-03,2023-07-03,"[2023-07-03] Thao L - INVT 7/3/2023 1:37 PM K.ĐT báo cáo anh Tuan Tran-CEO về dự án Khu đô thị mới Bắc Quán Hành tại thị trấn Quán Hành, huyện Nghi Lộc, tỉnh Nghệ An: 1/ VỊ TRÍ VÀ KẾT NỐI: - Địa điểm: Thị trấn Quán Hành, huyện Nghi Lộc, tỉnh Nghệ An. - Link map: https://goo.gl/maps/FmDxfXdHa9mdoGK99 - Kết nối giao thông: Dự án Khu đô thị Bắc Quán Hành cách: . Trung tâm Thành phố Vinh khoảng 14Km . Cảng hàng không Quốc Tế Vinh 11Km. . Biển Cửa Lò khoảng 11Km. . Nút giao cao tốc Diễn Châu - Bãi Vọt khoảng 11Km với thời gian dự kiến hoàn thành vào tháng 05/2024, đồng thời tuyến Cao tốc Quốc lộ 45 – Diễn Châu sẽ hoàn thành trong năm 2023 => Tạo tuyến Cao tốc thông thẳng từ Hà Nội đến Nghệ An. - Thông tin về khu vực: . Theo thống kê năm 2019, thị trấn Quán Hành có diện tích 3,9 km², dân số là 6.197 người, mật độ dân số đạt 1.589 người/km². . Theo thông tin quy hoạch hiện có, trong vòng bán kính 10-15km tính từ dự án, không có dự án Khu công nghiệp mới trong tương lai để triển khai và phát triển để thu hút lao động và nhu cầu nhà ở. => Dự án khó thu hút được thêm 1.900 dân theo chủ trương đầu tư đề ra (tăng thêm 31% dân so với dân số thị trấn Quán Hành). 2/ THÔNG TIN DỰ ÁN: - Tên dự án: Khu đô thị mớ"
BDS-CURATED-0006,chung cư Thuận Nghiệp - DT743C,recover_project,no,,1,2025-04-09,2025-04-09,"[2025-04-09] Khoa L - INVT 4/9/2025 5:50 PM Translate P. ĐT xin phép báo cáo anh Mr Mike1 -CEO về dự án chung cư Thuận Nghiệp - DT743C, Tân Đông Hiệp, Dĩ An-Bình Dương như sau: 1.Thông tin dự án: Vị trí: DT743C, P.Tân Đông Hiệp, Dĩ An, Bình Dương. Diện tích: 22.394 m2 Hiện trạng: Cho thuê kho bãi 2. Pháp lý dự án: 2.1.Pháp lý đất: Khu đất dự án là 100% đất SKC, đất thuê trả tiền hàng năm có thời hạn sử dụng đất đến 2031. 2.2 Pháp lý đầu tư: chưa có thông tin đầu tư 2.3 Pháp lý quy hoạch: chưa có thông tin quy hoạch Qua phối hợp P.TKQH, đã kiểm tra khu đất nằm trong ô đất hỗn hợp với thông số: Hệ số: 12 Dân số: 3.456 MĐXD: 60% Tầng cao: 40 3. Đánh giá phương án đầu tư: Dựa trên các thông tin hiện có, P.ĐT đã tính toán sơ bộ với các giả định sau: 3.1.Tổng mức đầu tư: 2.960 tỷ đồng Tiền mua đất 154 tỷ (~ 7tr.đ/m2) Tiền sử dụng đất 353,5 tỷ (đơn giá: 15.8tr./m2) Chi phí pháp lý 66 tỷ Tổng chi phí xây dựng 2386,9 tỷ (sxd all in: 12.2tr./m2) Công trình có quy mô: Tầng cao: 19 tầng (1 tầng khối đế triển khai TMDV+nhà trẻ) Hệ số: 6 (5.3 ở, 0.7 TMDV) MĐXD: 60% (* phương án quy hoạch sơ bộ do P.ĐT binh dựa trên chỉ tiêu quy hoạch phân khu và đã sử dụng tối đa dân số cho phép) 3.2. Phương án kinh doanh: S"
BDS-CURATED-0114,có tiềm năng để phát triển Dự án Khu đô thị,needs_name_or_parent_review,yes,chat_sentence_name,1,2025-06-03,2025-06-03,"[] P.ĐT tổng hợp báo cáo các nội dung như sau để triển khai đánh giá tiếp theo về Dự án: 1. Về Vị trí: Khu vực dự án có tiềm năng để phát triển Dự án Khu đô thị. 2. Về Pháp lý: Cần bổ sung thêm các thông tin sau: + Pháp lý đất: Bổ sung cơ cấu đất, hiện trạng sử dụng đất… để ước tính phương án bồi thường + Pháp lý quy hoạch: Lên phương án Quy hoạch Phân khu 1/2000 của Dự án Để ước tính Tổng mức Đầu tư xây dựng Phương án kinh doanh Ước tính tiền sử dụng đất Các nội dung này cần các phòng ban chuyên môn (Pháp lý, Quy hoạch..) làm việc với cơ quan nhà nước/Đối tác để lấy các thông tin và lên phương án đề xuất 3. Về doanh nghiệp: Cần có doanh nghiệp hoặc liên doanh có năng lực để tham gia đấu thầu dự án có quy mô hơn 400 ha, TMĐT hơn 80.000 tỷ 4. Về Đấu thầu: Phòng Pháp lý nghiên cứu quy trình đấu thầu dự án có sử dụng đất theo Luật Đấu thầu 2023, Luật Đất Đai 2024. NĐ 115/2024… các quy định pháp luật hiện hành."
BDS-CURATED-0315,48 Nguyễn Thiện Thuật,recover_project,no,,3,2025-05-07,2025-05-07,"[2025-05-07] Hanh T - INVT 5/7/2025 1:38 PM Edited Translate P.Đầu tư Báo cáo Anh Mr Mike1 -CEO về dự án 48 Nguyễn Thiện Thuật, P. Tân Lập, TP Nha Trang, Khánh Hoà (toạ lạc 02 mặt tiền đường Biệt Thự và đường Nguyễn Thiện Thuật, cách biển khoảng 350m) theo 02 phương án quy hoạch 20 tầng (được duyệt) và 32 tầng (dự định xin điều chỉnh) như sau: 1. Thông tin quy hoạch: Diện tích đất theo Giấy chứng nhận: 1.703,3 m2 Diện tích đất phù hợp quy hoạch: 1.655,2 m2 Chỉ tiêu quy hoạch theo phê duyệt 1/2000 (QÐ 816/QÐ-UBND ngày 27/03/2025) Hệ số sử dụng đất: 13 lần; Tầng cao: 20 tầng; Mât độ xây dựng: 60% Mục đích sử dụng đất: Đất hỗn hợp (nhóm nhà ở và dịch vụ) 2. Phương án thiết kế: 3. Thị trường : 4. Hiệu quả dự án: Dựa trên thông tin chi phí mua đất, suất vốn đầu tư xây dựng, chi phí bán hàng, chi phí tài chính và giá bán căn hộ tại thị trường khu vực thì cả 02 phương án đều không hiệu quả về mặt tài chính. Lý do chính là chi phí mua đất (chưa tính đến tiền sử đụng đất bổ sung) tính trên m2 sàn thương phẩm cao, khoảng 46,53 triệu đồng/m2 (đối với phương án 20 tầng) và 36,36 triệu đồng/m2 (đối với phương án 32 tầng) trong khi giá bán căn hộ ở bình quân tại khu vực dự án chỉ giao động khoảng từ 50 đến 6 --- [] Hanh T - INVT 2/25 3:45 PM Edited Translate P. Đầu tư báo cáo Sếp Admin 01 về hiệu quả dự án 48 Nguyễn Thiện Thuật, TP Nha Trang theo phương án quy hoạch 20 tầng và hệ số 13 lần ("
BDS-CURATED-0050,728 Cách Mạng Tháng 8 Tổng mức đầu tư (Chưa VAT),needs_name_or_parent_review,yes,needs_parent_name_extraction,1,,,"[] P.ĐT báo cáo Sếp Mr Mike1 -CEO về phương án khai thác kinh doanh 03 tài sản tại TPHCM gồm 391A Nam Kỳ Khởi Nghĩa, 728 Cách Mạng Tháng Tám, Đường 12 An Phú, Quận 2 như sau: A TỔNG QUAN 03 KHU ĐẤT: Vị trí và ranh: Bản đồ 3 tài sản tại TPHCM - Google My Maps Tổng quan về chỉ tiêu QH và phương án kinh doanh đề xuất: Giả định tính toán: + Nghĩa vụ tài chính về đất (như tiền thuê đất, tiền đất bổ sung) phòng tạm chưa đưa vào do thông tin về hồ sơ pháp lý về đất đang còn hạn chế (anh Thới chỉ cung cấp loại đất và giá vốn mua) . + Tỷ lệ lấp đầy: ổn định 80% từ năm khai thác thứ 3 trở đi ~ 2029 cho cả 3 dự án. B - HIỆU QUẢ ĐẦU TƯ: 1/Khu đất 728 Cách Mạng Tháng 8 Tổng mức đầu tư (Chưa VAT): 407 tỷ đồng (CP mua đất 297 tỷ đồng ~ 204 tr/m2, loại đất TMDV, CPXD 108 tỷ đồng, suất vốn All in ~ 10 triệu đồng/m2 chưa VAT). Kinh doanh: Giá cho thuê do R&D đề xuất là 15 USD/m2/tháng chưa VAT, chưa phí quản lý; Chỉ số tài chính: IRR~ 5,1% 2/Khu đất 391A Nam Kỳ Khởi Nghĩa - Phương án 1: Tổng mức đầu tư (Chưa VAT): 440 tỷ đồng (CP mua đất 255 tỷ đồng ~ 164 tr/m2, loại đất TMDV, CPXD 150 tỷ đồng, suất vốn All in ~ 10,1 triệu đồng/m2 chưa VAT). Kinh doanh: Giá cho thuê do R&D đề xuất là 18 USD/m2/tháng ch"
BDS-CURATED-0100,Cù Lao Tân Vạn – Centria Island (nguồn,needs_name_or_parent_review,yes,needs_parent_name_extraction,2,2025-04-11,2025-04-21,"[2025-04-21] Thao L - INVT 4/21/2025 4:35 PM Translate K.ĐT báo cáo anh Mr Mike1 -CEO về cập nhật dự án Cù Lao Tân Vạn – Centria Island (nguồn: Mr. Duy) như sau: I. CƠ SỞ GIÁ* * Đơn giá đất chưa VAT và không bao gồm xây dựng 1. Cơ sở các yếu tố so sánh giá giữa 02 dự án - Yếu tố vị trí dự án - Cơ sở giá Vạn Phúc lấy theo các phân khu với vị trí giáp/gần bờ sông tương đồng với Cù lao Tân Vạn - Yếu tố diện tích 2. Bảng so sánh đơn giá theo từng phân khu bao gồm điều chỉnh yếu tốc vị trí dự án và diện tích - TỶ LỆ ĐƠN GIÁ TRUNG BÌNH GIỮA DỰ ÁN CÙ LAO TÂN VẠN VÀ KHU ĐÔ THỊ VẠN PHÚC: 44% II. GIÁ THỊ TRƯỜNG KĐT VẠN PHÚC LẤY LÀM CƠ SỞ III. BẢNG GIÁ CHI TIẾT CÙ LAO TÂN VẠN DỰA VÀO CƠ SỞ TÁCH PHÂN KHU THEO VỊ TRÍ BỜ SÔNG TƯƠNG ỨNG VỚI KĐT VẠN PHÚC IV. CẬP NHẬT HIỆU QUẢ DỰ ÁN 1. Doanh thu - TỶ LỆ ĐƠN GIÁ TRUNG BÌNH GIỮA DỰ ÁN CÙ LAO TÂN VẠN VÀ KHU ĐÔ THỊ VẠN PHÚC: 44% 2. Hiệu quả tài chính 3. Độ nhạy - Đối với Đơn giá Cù Lao Tân Vạn bằng 44% ~ 122tr/m2 đất so với Đơn giá trung bình (tương ứng vị trí) KĐT Vạn Phúc ~ 275tr/m2 đất. Dự án đạt hiệu quả tốt với LNTT/TMĐT = 66%. 2025.04.21_Thi truong Van Phuc - Tan Van.pdf 2025.04.21_BC_CuLaoTanVan.pdf --- [2025-04-11] Thao L - INVT 4/11/2025 4:49 PM Translate K.ĐT báo cáo anh Mr Mike1 -CEO về dự án Cù Lao Tân Vạn – Centria Island (nguồn: Mr. Duy) như sau: I. THÔNG TIN 1. Hạ tầng: - Dự án biệt lập 4 mặt sông nằm trên Cù lao Tân Vạn, phường Tân "
BDS-CURATED-0017,Urban Green / Bình Thái,recover_project,yes,,2,,,"[] P. ĐT báo cáo Sếp Admin 01 về khu đất 4... by Hoa D - CVDT, has attachments. 5/22 9:23 AM Edited Hoa D - CVDT P. ĐT báo cáo Sếp Admin 01 về khu đất 4.600 m2 tại 120 Đặng Văn Bi, phường Thủ Đức, HCM như sau: 1. Tóm tắt sơ bộ hiện trạng pháp lý dự án: a) Vị trí và ranh dự án: https://maps.app.goo.gl/dRnRPbNFPmCfsTHAA b) Đánh giá vị trí dự án: Dự án có lợi thế vị trí khi cách ga Metro Bình Thái khoảng 700m, nằm gần các trường đại học, KCNC và khu dân cư hiện hữu. Khu vực ghi nhận nhu cầu mua ở thực và thuê ổn định, trong khi nguồn cung căn hộ mới còn hạn chế; đặc biệt, loại hình căn hộ dịch vụ chuẩn còn thiếu, tạo dư địa phát triển tốt cho dự án. Tuy nhiên, cần lưu ý rủi ro từ phần đất mộ cần xử lý/di dời và tác động tâm lý đối với người mua do vị trí tiếp giáp khu mộ. b. Sơ bộ hiện trạng pháp lý: Tổng diện tích khu đất là: 4,604 m2, chưa xác định được loại đất nên Phòng Đầu tư tạm giả định là đất CLN Pháp lý đất: Có nguồn gốc đất cá nhân, phù hợp để phát triển dự án nhà ở (Dựa theo Nghị quyết 171). Pháp lý QH: Diện tích phù hợp QH còn 4,604 m2 (Không bị dính lộ giới). Tầng cao 22 tầng cao và 1 hầm; Hệ số sử dụng đất 7 lần, dân số là 361 người (tương đương hệ số 3.6 ,chưa sử dụng hết --- [] Friday, May 22 P. ĐT báo cáo Sếp Admin 01 về khu đất 4... by Hoa D - CVDT, has attachments. 5/22 9:23 AM Edited Hoa D - CVDT P. ĐT báo cáo Sếp Admin 01 về khu đất 4.600 m2 tại 120 Đặng Văn B"
BDS-CURATED-0061,VEN SÔNG HÀN,needs_name_or_parent_review,yes,needs_parent_name_extraction,1,2025-03-12,2025-03-12,"[2025-03-12] Thao L - INVT 3/12/2025 10:17 AM Edited Translate K.ĐT gửi anh Mr Mike1 -CEO báo cáo về 02 lô đất đấu giá tại Đà Nẵng như sau: A. KHU ĐẤT A1 – 6 DỰ ÁN VEN SÔNG HÀN, PHƯỜNG THUẬN PHƯỚC, QUẬN HẢI CHÂU I. THÔNG TIN KHU ĐẤT: - Vị trí : Tiếp giáp Đường Như Nguyệt và Đường Đức Lợi 3, phường Thuận Phước, Quận Hải Châu. - Link: https://maps.app.goo.gl/wbNjvBPsJioGNogn8 - Diện tích: 2.647,8m2. - Quy hoạch 1/500: Tổ hợp thương mại dịch vụ, văn phòng, căn hộ lưu trú, thuê đất trả tiền một lần – 50 năm: + MĐXD: 48%; Tầng cao: 28 tầng; Hầm: 02 hầm; HSSDĐ: 12,8 lần. - Hiện đang ở bước lựa chọn nhà thầu tư vấn xác định nghĩa vụ tài chính. II. THỊ TRƯỜNG KHU VỰC Khu đất nghiên cứu nằm ở hạ nguồn sông Hàn, gần cửa biển, nơi chủ yếu tập trung khai thác và đánh bắt thủy hải sản, với nhiều cảng cá lâu đời, nên không phù hợp để phát triển thương mại du lịch. Phường Thuận Phước nằm ở cuối quận Hải Châu, cách xa trung tâm tài chính và hành chính của quận, nên việc phát triển loại hình văn phòng tại khu đất nghiên cứu sẽ không mang lại hiệu quả cao. III. NHẬN ĐỊNH - Về chi phí và doanh thu: + Chi phí đầu vào (Đất + Xây dựng) cao: Sau khi đấu giá thành công khu đất cần phải triển khai dự án ngay lập tức. +"
BDS-CURATED-0089,chỉnh trang),needs_name_or_parent_review,yes,chat_sentence_name; needs_parent_name_extraction,1,2024-11-02,2024-11-02,"[] P.ĐT báo cáo nhanh anh Mr Mike1 -CEO về dự án phân lô bán nền 4,9ha Khu dân cư Tam Phước, phường Tam Phước, Thành phố Biên Hòa, tỉnh Đồng Nai (Nguồn: Mr. Duy - P.PTQĐ) như sau: 1/ Vị trí: Dự án nằm trong hẻm đường Quốc lộ 51, cách đường Quốc lộ 51 khoảng 850m, cách cao tốc Biên Hòa Vũng Tàu khoảng 1,2km, bên phải giáp đường ĐT 771 (quy hoạch), bên dưới giáp đường ĐT 777 (quy hoạch). Trong bán kính 2-3km có cách khu công nghiệp như: KCN Long Thành, KCN An Phước, KCN Tam Phước Cách dự án Aqua City khoảng 5,5km (theo đường chim bay), cách sân golf Long Thành khoảng 3,5km 2/ Hiện trạng: Đất trống, cỏ cây mọc um tùm (hình ảnh vệ tinh) 3/ Thông tin dự án (P.PTQĐ cung cấp) Tổng diện tích dự án khoảng 4,9ha, gồm: + Đất ở khoảng 3,8ha (chiếm 77,5%) trong đó có 111 nền (khoảng 1,1ha, số lô màu xanh) bám mặt tiền đường hiện hữu có thể lên thổ cư và có 227 nền (khoảng 2,7ha, số lô màu đen) không bám đường hiện hữu, bắt buộc phải hiến đất làm đường 6m. Tổng số nền 338, diện tích trung bình mỗi nền khoảng 90 – 120m² + Đất giao thông khoảng 1,1ha (chiếm 22,5%) Giá mua vào: 2tr/m² Quy hoạch sử dụng đất là đất ở đô thị (thuộc khu đất chỉnh trang), có thể lên thổ cư và tách theo mặt đường mà không c"
BDS-CURATED-0031,nhà ở lực lượng vũ trang nhân dân Quận 12,needs_name_or_parent_review,yes,needs_parent_name_extraction,1,,,"[] P.ĐT báo cáo anh Mr Mike1 -CEO về hiệu quả sơ bộ cho dự án nhà ở lực lượng vũ trang nhân dân Quận 12. 1. Dự án Nhà ở lực lượng vũ trang nhân dân khu tái định cư Tân Thới Nhất (Depot Tham Lương), Quận 12 - Vị trí: https://maps.app.goo.gl/xg6rRMGswq5scyCbA - Tổng diện tích: 1,18 ha - Quy mô công trình: 2 block (1 NOTM, 1 NOXH) cao 12 tầng, 1 hầm - Tổng sản phẩm: NOTM: 129 căn NOXH: 539 căn - Tổng mức đầu tư: 904,9 tỷ (suất đầu tư xây dựng công trình : 11,2 tr/m2) - Tổng doanh thu: 1.081,2 tỷ (giá bán NOTM: 57tr./m2, giá bán NOXH: 24,1 tr/m2) Hiệu quả đầu tư: - LNTT: 105,38 tỷ - LNST: 93,1 tỷ - NPV: 16,8 tỷ - IRR: 16,0% - LNTT/TMĐT: 11,65% - LNTT/Vốn CSH: 50,5% 2. Dự án Nhà ở lực lượng vũ trang nhân dân khu Hiệp Thành 5,5 ha, Quận 12 - Vị trí: https://maps.app.goo.gl/whvDoK2djK9ZczAK8 - Tổng diện tích: 5,8 ha - Quy mô công trình: 4 block (1 NOTM, 3 NOXH) cao 14 tầng, 1 hầm - Tổng sản phẩm: NOTM: 659 căn NOXH: 3.012 căn - Tổng mức đầu tư: 4.222,8 tỷ (suất đầu tư xây dựng công trình : 11,2 tr/m2) - Tổng doanh thu: 5.134,7 tỷ (giá bán NOTM: 38tr./m2, giá bán NOXH: 24,7 tr/m2) Hiệu quả đầu tư: - LNTT: 610,6 tỷ - LNST: 566,4 tỷ - NPV: 99 tỷ - IRR: 16,4% - LNTT/TMĐT: 14,5% - LNTT/Vốn CSH: 8"
BDS-CURATED-0098,đấu giá 77ha,needs_name_or_parent_review,yes,needs_parent_name_extraction,3,,,"[] P.ĐT báo cáo Sếp Mr Mike1 -CEO về hiệu quả cho dự án đấu giá 77ha, Long Thành, Đồng Nai sau khi cập nhật theo giá CHI TIẾT từng phân khu của phòng R&D so với ngày báo cáo 08/08/2025 như sau: Tổng diện tích dự án: 772.835,2m2 Doanh thu chưa bao gồm VAT: 31.158 tỷ đồng (Tăng 2.900 tỷ đồng so với ngày báo cáo 8/8/2025 là 28.282 tỷ đồng 🡪 Lý do: giá nhà liên kế sau khi khảo sát và điều chỉnh tăng khoảng 10%, Biệt thự không đổi, phần công trình công cộng chuyển từ bán đất sang bán sàn xây dựng) 🡪 Thời gian bán hàng kéo dài 4 năm Tổng mức đầu tư 22.319 tỷ đồng, tăng 4.500 tỷ đồng so với ngày báo cáo 8/8/2025 là 17.749 tỷ 🡪 Lý do tăng: Do dự trù nghĩa vụ NOXH là 1.900 tỷ và theo thông tin của Trung Tâm phát triển quỹ đất CĐT phải xây dựng hoàn thành các công trình công cộng mới được phép chuyển nhượng nên phát sinh thêm chi phí xây dựng công trình công cộng 1.550 tỷ đồng, lãi vay tăng do tăng khoảng vay đấu giá lên 70%, chi phí dự phòng tăng thêm. Trong đó: Nghĩa vụ NOXH bổ sung dự trù 40% so với giá đấu tương đương 1.900 tỷ đồng (bao gồm 20% NOXH + 20% do trượt giá 3 năm làm hạ tầng và trong 3 năm này đã bán hàng tạo giá trong dự án) Lợi nhuận trước thuế: 5.391 tỷ đồng Lợi nhuận TT/TMĐT: --- [] P.ĐT báo cáo Sếp Mr Mike1 -CEO về hiệu quả cho dự án đấu giá 77ha, Long Thành, Đồng Nai sau khi cập nhật theo giá PHÂN CHI TIẾT từng khu của phòng R&D như sau: Tổng diện tích dự án: 772.835"
BDS-CURATED-0048,4ha Thị xã Phú Mỹ với tổng diện tích đất thực hiện dự án là 4,recover_project,yes,,1,2022-08-26,2022-08-26,"[] Báo cáo Dự án 4ha Thị xã Phú Mỹ với tổng diện tích đất thực hiện dự án là 4,4ha (giá chào bán 600 tỷ tương đương 13,4 tr/m2) tại 2 mặt tiền đường Quốc lộ 51 và đường Hùng Vương thuộc Phường Tân Phước, Thị xã Phú Mỹ, tỉnh Bà Rịa – Vũng Tàu: Vị trí dự án có nhiều tiềm năng: - Dự án tiếp giáp 2 mặt tiền đường hiện hữu: + Mặt tiền tiếp giáp khoảng 110m, giáp đường Quốc lộ 51, đường nhựa rộng khoảng 46m. + Mặt tiền tiếp giáp đường khoảng 78,7m, giáp đường Hùng Vương đường nhựa rộng khoảng 25m. - Cách Trung tâm Hành chính Thị xã Phú Mỹ khoảng 1km, cách các tiện ích ngoại khu trong vòng bán kính 2,5km gồm siêu thị Co.opmart, KNG Mall, phòng khám đa khoa, 2 trường Trung học Cơ sở, 2 trường Tiểu học, 6 trường Mần non. - Cách khu công nghiệp: + KCN Phú Mỹ I khoảng 1,5km + KCN Phú Mỹ II khoảng 1,2km + KCN Phú Mỹ III khoảng 3,7km. - Cách Cảng Quốc tế Cái Mép - Thị Vãi khoảng 3km; Định hướng theo Nghị quyết 24 của Bộ Chính trị về phát triển kinh tế - xã hội và bảo đảm quốc phòng, an ninh vùng Đông Nam Bộ đến năm 2030, tầm nhìn 2045 đã mở ra triển vọng mới cho cụm cảng Cái Mép - Thị Vải (CM-TV) trở thành cảng trung chuyển quốc tế lớn. - Cách sân bay Quốc tế Long Thành khoảng 20km. - Cách nú"
BDS-CURATED-0317,Khu gia đình quân nhân quân chủng PK-KQ (8,needs_name_or_parent_review,no,needs_parent_name_extraction,4,,,"[ | BDS-MASTER-0005] [] P.ĐT báo cáo anh Mr Mike1 -CEO về hiệu quả sơ bộ cho dự án Khu gia đình quân nhân quân chủng PK-KQ (8,46Ha) – Biên Hòa – Bộ Quốc Phòng. DỰ ÁN KHU GIA ĐÌNH QUÂN NHÂN QUÂN CHỦNG PK-QK (8,46HA) - Vị trí Khu đất 5,52ha: https://maps.app.goo.gl/ET75kfpwVX837fEE6 - 2 Vị trị Khu đất 2,94ha: https://maps.app.goo.gl/47PLkeuNfzKvw38w8 ; https://maps.app.goo.gl/RXcEPNYx6EwAbDxF9 - Tổng diện tích: 8,46ha - Quy mô công trình theo phương án thiết kế của P.QH: Khu đất 5,52ha: 1 hầm + 7 tầng (3 block) + Nhà ở thương mại thấp tầng Khu đất 2,94ha: 1 hầm + 7 tầng (3 block) + Nhà ở thương mại thấp tầng - Tổng sản phẩm: NOTM: 153 căn nhà liên kế NOXH: 1.737 căn hộ ở - Tổng mức đầu tư: 2.441 tỷ (suất đầu tư xây dựng công trình : 13,6 tr/m2) - Tổng doanh thu: 3.209 tỷ (giá đất nhà liên kế -NOTM: 65tr./m2, giá bán NOXH: 24,8 tr/m2) Hiệu quả đầu tư: - LNTT: 563tỷ - LNST: 487 tỷ - NPV: 231 tỷ - IRR: 23,8% - LNTT/TMĐT: 23% - LNTT/Vốn CSH: 88,62% Nhận định: Dự án có LNTT/TMĐT đạt 23% là tỷ suất sinh lợi cao hơn so với các dự án NOXH của Bộ Công An ở Quận 12, lý do là dự án đang đánh giá sử dụng quỹ đất 20% làm nhà nhà thấp tầng thay vì làm chung cư cao tầng và tiền sử dụng đất đóng cho phần đất NOTM này ở --- [ | BDS-MASTER-0217] [] P.ĐT báo cáo anh Mr Mike1 -CEO về hiệu quả sơ bộ cho dự án Khu gia đình quân nhân quân chủng PK-KQ (8,46Ha) – Biên Hòa – Bộ Quốc Phòng. P.ĐT có tính th"
BDS-CURATED-0129,Phú Quang khoảng 350m + Có 2 mặt tiếp xúc kênh rạch II/ Kết nối giao thông đến dự án,recover_project,yes,,2,2023-11-27,2023-11-27,"[2023-11-27] Trieu Nguyen-PTDT 11/27/2023 3:01 PM Edited KĐT gửi anh Tuan Tran-CEO báo cáo Thu gom quỹ đất thuộc phường Bình Chiểu, Thủ Đức, TPHCM: I/ Vị trí: + Khu đất có mặt tiền rộng khoảng 200m, tiếp giáp đường 4A đi ra hướng đường Ngô Chí Quốc và Quốc lộ 13 + Cách Dự án Phú Quang khoảng 350m + Có 2 mặt tiếp xúc kênh rạch II/ Kết nối giao thông đến dự án: Khu đất tiếp giáp đường 4A (đoạn đã mở rộng lộ giới khoảng 23m). Tuy nhiên, các tuyến đường chính kết nối đến khu đất vẫn chưa hoàn thành mở rộng hoặc dự phóng theo Quy hoạch, cụ thể: + Tại phía Đông của khu đất: Chưa đấu nối Đoạn đường 4A ra đường Ngô Chí Quốc + Tại phía Tây của khu đất: Các tuyến đường LKV9 và đường Vĩnh Phú 32 vẫn chưa hoàn thành để đấu nối ra Quốc lộ 13 + Và một số tuyến đường nhỏ khác chưa được thực hiện III/ Quy mô, Quy hoạch và Hiện trạng: 1/ Tổng quy mô ước tính : khoảng 12,3ha (theo ranh Phòng PTQĐ cung cấp) 2/ Quy hoạch 1/2000: Quy hoạch chủ yếu là đất ở, bao gồm các ô quy hoạch: + Trọn các ô quy hoạch từ số 13 -> 18 : có quy mô 7,68ha, HSSD 7 lần, MĐXD 50%, 30 tầng cao tối đa, 8320 dân số + Một phần đất thuộc ô quy hoạch số 7 và 10 : có quy mô 0,67 ha, HSSD 5 lần , MĐXD 60%, 15 tầng cao, 134 dân số + Có đất hạ t --- [2023-11-27] Trieu Nguyen-PTDT 11/27/2023 3:01 PM Edited KĐT gửi anh Tuan Tran-CEO báo cáo Thu gom quỹ đất thuộc phường Bình Chiểu, Thủ Đức, TPHCM: I/ Vị trí: + Khu đất có mặt tiền r"
BDS-CURATED-0087,Văn phòng tại khu đất 197 Lê Văn Sỹ,needs_name_or_parent_review,yes,needs_parent_name_extraction,1,2023-04-11,2023-04-11,"[2023-04-11] Thao L - INVT 4/11/2023 10:34 AM K.ĐT báo cáo anh Tuan Tran-CEO dự án Văn phòng tại khu đất 197 Lê Văn Sỹ, phường 13, quận 3. Khu đất Nằm trên đường Lê Văn Sỹ và hẻm 195 Lê Văn Sỹ, cách cầu Lê Văn Sỹ khoảng 50m có tổng diện tích 985,7m2 với giá chào bán là 340 tỷ như sau: 1.Pháp lý đất: GCNQSDĐ các thửa đất với tổng diện tích là 985,7m2. Mục đích sử dụng: Đất ở lâu dài. Bản đồ hiện trạng vị trí khu đất, trong đó xác định phần lộ giới khoảng 120,07m2, phần đất phù hợp quy hoạch khoảng 865,63m2. 2.Pháp lý đầu tư: chưa có 3.Pháp lý quy hoạch: Theo văn bản 3004/SQHKT-QHKVI của Sở quy hoạch – kiến trúc cấp ngày 27/08/2020 Về việc cung cấp thông tin quy hoạch đô thị tại địa điểm số 197 Lê Văn Sỹ, phường 13, quận 3 (một phần khu đất – thửa 25, tờ 14 – 695,8m2). Mục đích xây dựng: Văn phòng; MĐXD: 55%, HSSDĐ: 8 lần. 4.Pháp lý xây dựng: chưa có. 5. Đề xuất pháp lý: Mục tiêu: Xây dựng, vận hành Văn phòng mà vẫn giữ được mục đích Đất ở lâu dài. Cách thức để giữ lại mục đích Đất ở lâu dài: - Đại diện một cá nhân đứng tên giấy chứng nhận QSDĐ khu đất. Công ty ký hợp đồng thuê đất với Cá nhân (Hợp đồng thuê thời hạn là 20 năm, sau đó gia hạn dần trong 52 năm – 2 năm xây dựng và 50 năm vận hành)"
BDS-CURATED-0139,này có các vấn đề pháp lý chưa rõ và cần Phòng pháp lý dự án đánh giá chi tiết,needs_name_or_parent_review,yes,chat_sentence_name,2,2025-06-05,2025-06-05,"[] P.ĐT nhận thấy dự án này có các vấn đề pháp lý chưa rõ và cần Phòng pháp lý dự án đánh giá chi tiết, bao gồm: + Nguồn gốc đất ban đầu gồm đất bồi thường (89,166,3 m2) và UBND xã quản lý: 1.443,8 m2. Chưa xác định được hiện trạng mục đích sử dụng đất đã bồi thường. + Chồng ranh quy hoạch với trường Nguyễn Bỉnh Khiêm (khoảng hơn 1460 m2): Chênh lệch về diện tích đất được giao 2005 (90.610,1 m2), diện tích lập quy hoạch 1/500 năm 2009 (92,075 m2), diện tích giao đất điều chỉnh năm 2010 (90.812 m2). Cần điều chỉnh lại 1/500. + Đến nay tháng 07/2025 có thể đã hết thời hạn thực hiện dự án. Khi hết hạn thực hiện dự án sẽ bị nhà nước thu hồi và không bồi hoàn. + Tính chất dự án: quy hoạch đầu tư xây dựng khu nhà ở công nhân và chuyên gia làm việc tại các KCN Nhơn Trạch - Đối với mục đích đầu tư xây dựng nhà ở cho công nhân và chuyên gia, sẽ bị hạn chế đối tượng khách hàng (Chỉ được bán nhà ở cho công nhân và chuyên gia). + Nhiều lần chủ đầu tư kiến nghị tính nghĩa vụ tài chính nhưng chưa được thống nhất. Đến nay vẫn chờ hướng dẫn của các Bộ/ ngành. II. ĐÁNH GIÁ ĐIỀU KIỆN CHUYỂN NHƯỢNG VÀ GIÁ CHÀO DỰ ÁN: Giá chào bán dự án bao gồm TSDĐ là 980 tỷ (~ khoảng 10.8tr/m2 đất toàn khu 90.812 m2). --- [] P.ĐT nhận thấy dự án này có các vấn đề pháp lý chưa rõ và cần Phòng pháp lý dự án đánh giá chi tiết, bao gồm: + Nguồn gốc đất ban đầu gồm đất bồi thường (89,166,3 m2) và UBND xã quản lý: 1.4"
BDS-CURATED-0012,Diamond Garden Đào Trí Phú Thuận,recover_project,yes,,1,,,"[] Friday, June 12 P. Đầu tư xin báo cáo sếp Admin 01 dự á... by Hoa D - CVDT, has an attachment. 6/12 4:10 PM Edited Hoa D - CVDT P. Đầu tư xin báo cáo sếp Admin 01 dự án Diamond Garden ở đường Đào Trí, Phường Phú Thuận, TP Hồ Chí Minh 1. Tóm tắt sơ bộ hiện trạng pháp lý dự án: a) Vị trí và ranh dự án: https://maps.app.goo.gl/GdiSL1z7fBFtk3tr8 b) Dự án bị chia cắt bởi một con rạch, phát sinh rủi ro pháp lý xây dựng cầu để kết nối hai khu đất b. Sơ bộ hiện trạng pháp lý: Tổng diện tích khu đất là: 10,471 m2, gồm 5,718 m2 đất lúa, 676 m2 đất ở, đất chuyên dụng 3,217m2 và 860m2 lộ giới Pháp lý đất: đang đề xuất xin vào cơ chế thí điểm của Nghị quyết 171 (cần tốn ít nhất 2 năm để có thể triển khai xây dựng được) Pháp lý QH: theo QHPK 10/2009 thuộc ô D2 có chỉ tiêu như sau: MĐXD 40%, tầng cao không giới hạn, HS SDĐ 7, dân số 278 (nguồn anh Tài). Đối tác đang xin điều chỉnh lại thành: HS SDĐ = 7.5, dân số 2,068 người => Mức đề xuất cao hơn đáng kể và anh Tài đánh giá phương án này có tính khả thi thấp. 2. Hiệu quả dự án: a) Doanh thu: 3,579 tỷ (Chưa VAT) Giá bán vào 2028: căn hộ 64 tr/m2 tim tường (chưa VAT), Shophouse: 83 tr/m2 (chưa VAT) b) Chi phí Giá đất: 400 tỷ (tương đương 42tr/m2) N"
BDS-CURATED-0104,IDEO CHANRAN 70 RIVERVIEW nằm trên đường Charan Sanit Wong,needs_name_or_parent_review,yes,needs_parent_name_extraction,1,2023-08-17,2023-08-17,"[2023-08-17] Thao L - INVT 8/17/2023 2:14 PM K.ĐT báo cáo anh Tuan Tran-CEO về dự án IDEO CHANRAN 70 RIVERVIEW nằm trên đường Charan Sanit Wong, Khwaeng Bang Phlat, Bang Phlat, Bangkok. I/ THÔNG TIN DỰ ÁN 1. Tên dự án: IDEO CHANRAN 70 RIVERVIEW 2. Vị trí : Link map: https://goo.gl/maps/rzwM8zz1vmEphauk6 Dự án có vị trí: - Nằm trên đường Charan Sanit Wong, Khwaeng Bang Phlat, Bang Phlat, Bangkok. - Gần sông Chao Phraya. - Cách Cách trung tâm Bangkok khoảng 6-7Km. 3. Kết nối giao thông: Cách ga Bang Phlat MRT 300m. Cách ga Bang Sue Grand 4 trạm. Cách Chatuchak – nơi kết nối các phương tiện công cộng khác 6 trạm. Cách bến tàu Wat Awut Wikasitaram 390m. 4.Tiện ích: Cách Tesco Lotus Bang Phlat 140m. Kề Khu phức hợp Supreme - Major Pinklao - Central Pinklao. Cách IconSiam 7Km. 5. Tổng quan dự án: Dự án cao 38 tầng gồm nhiều tiện ích cao cấp và 1.421 căn hộ ở. Thời hạn: Lâu dài. Hiện trạng: Đã xây dựng hoàn thành vào cuối Q4/2022. Chính sách: - Chỉ được bán 45% căn hộ cho người nước ngoài. - Căn hộ bán cho người nước ngoài bao gồm nội thất đầy đủ. - Căn hộ bán cho người bản địa chỉ có nội thất cơ bản dính tường. - Sau khi “Nhận bàn giao nhà” đến khoảng 30-45 ngày sau sẽ nhận “Giấy chứng nhận sở hữu”."
BDS-CURATED-0079,KDC Minh Hưng tại xã Minh Hưng,recover_project,yes,,1,2022-12-14,2022-12-14,"[2022-12-14] Thao L - INVT 12/14/2022 11:04 AM K.ĐT gửi anh Tuan Tran-CEO báo cáo dự án KDC Minh Hưng tại xã Minh Hưng, Chơn Thành, Bình Phước có quy mô 15,2ha, có giá chào 280 tỷ (~1,83 tr.đồng/m2), chưa bao gồm tiền CMĐSDĐ, cụ thể: Vị trí và quy hoạch tương lai khu vực: - Có đường vào giáp mặt tiền QL13 (rộng 16m), xã Minh Hưng, Huyện Chơn Thành, Tỉnh Bình Phước. Cách KDC Đại Nam khoảng 1Km. - Về hạ tầng giao thông: Trong tương lai, các đường cao tốc TPHCM- Chơn Thành, cao tốc Chơn Thành – Đăk Nông được triển khai và đưa vào hoạt động. => Kết nối giao thông đến các tỉnh, thành phố lân cận nhanh chóng, thuận tiện và dễ dàng. - Về tiềm năng phát triển khu vực: + Khu vực tập trung nhiều KCN hiện hữu. + Có các KCN đang được triển khai và sẽ đưa vào hoạt động trong tương lai gần. + Nhiều quỹ đất được QH chức năng KCN và KDC. => Khi hạ tầng kết nối dần hoàn thiện, các KCN hiện hữu và đang triển khai sẽ được lấp đầy và hình thành các KCN, KDC mới. Pháp lý đất: GCNQSDĐ: 15,2ha, trong đó: Đất ở: 600m2; còn lại: Đất NN. Pháp lý đầu tư: - Phê duyệt Chủ trương đầu tư (chưa cung cấp). - Phê duyệt nhiệm vụ 1/500 (chưa cung cấp). - Phê duyệt điều chỉnh chủ trương (có cung cấp). - Phê duyệt kế hoạch CMĐSDĐ D"
BDS-CURATED-0085,Toàn Thịnh Phát tại Bãi Trường,needs_name_or_parent_review,yes,needs_parent_name_extraction,1,2022-09-06,2022-09-06,"[2022-09-06] Thao L - INVT 9/6/2022 4:51 PM K.ĐT báo cáo anh Tuan Tran-CEO về dự án Toàn Thịnh Phát tại Bãi Trường, Dương Tơ, Phú Quốc. Thông tin: Dự án có quy mô 15.6ha với giá chào chuyển nhượng là 1.300tỷ. Vị trí: Dự án nằm phía cuối Bãi Trường, có phần biển dài khoảng 350m, tiếp giáp đường Trần Hưng Đạo, cách dự án MeyHomes khoảng 1,5km Pháp lý dự án: Pháp lý đất: Trả tiền thuê đất cho 8,5ha đất TMDV có thời hạn đến năm 2064 trong đó: 1,4ha trả tiền thuê đất một lần và 7.4ha trả tiền thuê đất hằng năm. 7,1ha phần còn lại được quy hoạch giao thông, cây xanh ngoại khu và được miễn tiền thuê đất, phần này sẽ bàn giao lại cho Nhà nước. Kèm quyết định cho thuê đất và hợp đồng thuê đất tương ứng với 8.5ha, bảng trích đo các thửa đất. Pháp lý đầu tư: Giấy chứng nhận đăng kí đầu tư KDL Toàn Thịnh Phát. Mục tiêu dự án: Xây dựng khu dịch vụ, du lịch sinh thái với các chức năng chính như: Biệt thự sinh thái nghỉ dưỡng, dịch vụ du lịch hỗn hợp, công viên cây xanh, quảng trường biển,… phục vụ cho khách du lịch trong và ngoài nước. Thời gian hoạt động: 50 năm, từ 2014 - 2064. Tiến độ: Đến cuối 2021: hoàn thành thủ tục chuẩn bị đầu tư. Đầu tư xây dựng HTKT, cây xanh, .. Và một phần khu biệt thự nghĩ dưỡng"
BDS-CURATED-0123,được chuyển tiếp từ kế hoạch 2025 và có bổ sung thêm những khu đất tiềm năng khác,needs_name_or_parent_review,yes,chat_sentence_name; needs_parent_name_extraction,2,2025-09-29,2025-09-29,"[] P.ĐT đã so sánh đối chiếu danh sách từ 3 phụ lục trên với danh sách đấu giá năm 2025. Qua đó nhận thấy có 1 số khu đất được chuyển tiếp từ kế hoạch 2025 và có bổ sung thêm những khu đất tiềm năng khác. Căn cứ vào vị trí, sự phát triển đô thị của một số khu vực, sự ưu tiên của Cơ quan NN trong triển khai đấu giá (phụ lục 2), phòng đầu tư đề xuất nghiên cứu các khu đất trong phạm vi thành phố Biên Hòa, Long Thành và Nhơn Trạch, cụ thể: - Khu đất khoảng 13,2 ha tại phường Trấn Biên (Khu nhà máy giấy Tân Mai) - Khu đô thị - thương mại - dịch vụ hỗn hợp (khu vực 1) khoảng 51,65 ha tại phường Trấn Biên (Đấu giá Q1/2026) - Khu đất 610.5 ha (thuộc khu A+B KĐT Long Thành) xã Bình An, Long Thành (Đang lập QH phân khu 1/2000, chưa GPMB) - Khu đất khoảng 329 ha (Khu E khu đô thị Long Thành) tại xã Long Thành (Đang lập QH phân khu 1/2000, chưa GPMB) * 2 khu đất thuộc KĐT Long Thành hiện chưa xác định được vị trí do đang điều chỉnh QH => Dựa vào quy mô và vị trí, P.ĐT đề xuất nghiên cứu sâu khu đất nhà máy giấy Tân Mai (13,2ha) P.Đầu tư đính kèm bản đồ định vị các khu đất đấu giá năm 2026 theo 3 phụ lục (chỉ lọc những khu đất có chức năng ODT, TMDV) và file ppt trình bày khu đất ưu tiên tiềm năn --- [] P.ĐT đã so sánh đối chiếu danh sách từ 3 phụ lục trên với danh sách đấu giá năm 2025. Qua đó nhận thấy có 1 số khu đất được chuyển tiếp từ kế hoạch 2025 và có bổ sung thêm những khu đất tiề"
BDS-CURATED-0096,được chào về tại Bình Dương,needs_name_or_parent_review,yes,chat_sentence_name; needs_parent_name_extraction,1,2022-07-28,2022-07-28,"[2022-07-28] Thao L - INVT 7/28/2022 5:04 PM K.ĐT gửi anh báo cáo nhanh 02/06 dự án được chào về tại Bình Dương: A/ Dự án Victory Hoàn Cầu tiếp giáp đường Bình Chuẩn 69, Bình Chuẩn, Thuận An, Bình Dương với giá chào chuyển nhượng là 400 tỷ có tổng diện tích là 1.36ha đất nông nghiệp, diện tích hữu dụng là 1.25ha (tương đương 32tr/m2 diện tích hữu dụng). 1) Vị trí và hiện trạng: - Hiện trạng dự án là nhà xưởng bề rộng tiếp giáp đường Bình Chuẩn 69 khoảng 100m. - Dự án có 02 lối tiếp cận: + Tiếp giáp Đường Bình Chuẩn 69: bề rộng nhỏ (chỉ vừa 1 oto, rộng khoảng 4-5m); + Đường Bình Chuẩn 62: dự án có một đường dẫn từ Bình Chuẩn 62 vào dự án rộng khoảng 9m, sâu 100m. 2) Pháp lý đất: - Được duyệt đăng ký sử dụng đất - Được chấp thuận nhận chuyển nhượng QSDĐ nông nghiệp để thực hiện dự án đầu tư 3) Pháp lý đầu tư: - Chưa có thông tin - Đang lập hồ sơ xin chủ trương đầu tư. 4) Pháp lý quy hoạch: - Chưa có thông tin từ đối tác cung cấp. - Theo QHSDĐ tỉnh BD: Đất ở. - Theo QHXD: Đất công nghiệp có MĐXD: 50-80%, tầng cao XD: 5 tầng. 5) Pháp lý xây dựng: - Chưa có thông tin. 6) Sản phẩm phát triển - Chưa có thông tin sản phẩm cụ thể (Căn hộ và thương mại dịch vụ). 7) Đề xuất: KĐT đề không tham gia chuyển n"
BDS-CURATED-0054,Căn hộ Dịch vụ Quận 2 (1,needs_name_or_parent_review,yes,needs_parent_name_extraction,1,2024-03-13,2024-03-13,"[2024-03-13] Sinh Nguyen-Dau Tu 3/13/2024 10:22 AM Translate K.ĐT báo cáo anh Tuan Tran-CEO, dự án Căn hộ Dịch vụ Quận 2 (1.143m²) MT Đường số 12, phường An Khánh, Thành phố Thủ Đức, Thành phố Hồ Chí Minh (Nguồn Mr. Sơn – Trợ lý TGĐ) như sau: 1/ Vị trí + Tiếp giáp mặt tiền Đường số 12 rộng 12m, đường trải nhựa, bên hông quy hoạch đường rộng 12m, phía sau quy hoạch đường rộng 30m + Cách đường Trần Não khoảng 210m, cách đường Lương Định Của khoảng 550m + Bên hông tài sản giáp Ký túc xá trường Đại học Giao thông Vận tải, cách KĐT Thủ Thiêm khoảng 1,5km 2/ Hiện trạng: 2 căn nhà 2 tầng, hiện đang cho thuê 3/ Pháp lý đất: - Giấy chứng nhận Quyền SDĐ, QSHNO và tài sản gắn liền với đất, ngày 07/07/2022 do Sở Tài nguyên và Môi trường, TP.HCM cấp: + Thửa 526, tờ bản đồ số 20 + Diện tích đất: 1.143,4m² + Mục đích sử dụng: Đất ở tại đô thị + Thời hạn sử dụng: Lâu dài 4/ Pháp lý đầu tư: Chưa có/Chưa được cung cấp 5/ Quy hoạch - Vị trí khu đất thuộc quy hoạch đất ở xây dựng mới - Căn cứ Thông tin Quy hoạch Thành phố Hồ Chí Minh: + Chức năng: I-08 (diện tích: 4.922m², trong đó dự án nằm trong Ô chức năng này) + Tầng cao: 1-15 tầng + Mật độ xây dựng: 50% + Hệ số sử dụng: 5,5 - Căn cứ Bảng vẽ xây dựng được cung"
BDS-CURATED-0091,khách sạn cạnh TMS với giá chào là 650tr/m2 tại 290 Võ Nguyên Giáp,needs_name_or_parent_review,yes,needs_parent_name_extraction,2,,,"[] K.ĐT báo cáo Sếp Admin 01 , về lô đất là... by Hoa D - CVDT, has an attachment. 5/27 9:18 AM Edited Hoa D - CVDT K.ĐT báo cáo Sếp Admin 01, về lô đất làm dự án khách sạn cạnh TMS với giá chào là 650tr/m2 tại 290 Võ Nguyên Giáp, Ngũ Hành Sơn, Đà Nẵng như sau: I SƠ BỘ VỀ DỰ ÁN Vị trí: Sở hữu vị trí mặt tiền hiếm có trên trục biển Võ Nguyên Giáp – trung tâm du lịch cao cấp Đà Nẵng, kết nối thuận tiện sân bay, trung tâm và Hội An. Pháp lý: Đất TMDV có thời hạn sử dụng lâu dài. Sổ bị cấp sai về thời hạn sử dụng đất nên khi xin dự án sẽ điều chỉnh lại còn 50 năm tới 2061. Quy hoạch: hiện đang giả định là 25 tầng, HS SDĐ: 14.7 II ĐÁNH GIÁ HIỆU QUẢ DỰ ÁN 1. Phương án Kinh Doanh: Dựa trên dự án KS Serene, Phòng đầu tư giả định như sau: 2. Dòng tiền dự án 3. Độ nhạy dự án Độ nhạy TMĐT/Phòng (VAT)/phòng và Giá thuê (VAT) Độ nhạy TMĐT/Phòng (VAT)/phòng và Giá mua đất Để IRR của dự án đạt 10% thì giá mua đất khoản 144 tỷ (Tương đương 129tr/m2) và TMĐT Phòng là 2.8 tỷ/key 2026.05.27_Bao cao Loi lo dat canh TMS.pdf --- [] Wednesday, May 27 K.ĐT báo cáo Sếp Admin 01 , về lô đất là... by Hoa D - CVDT, has an attachment. 5/27 9:18 AM Edited Hoa D - CVDT K.ĐT báo cáo Sếp Admin 01, về lô đất làm dự án khách sạn cạnh TMS với giá chào là 650tr/m2 tại 290 Võ Nguyên Giáp, Ngũ Hành Sơn, Đà Nẵng như sau: I SƠ BỘ VỀ DỰ ÁN Vị trí: Sở hữu vị trí mặt tiền hiếm có trên trục biển Võ Nguyên Giáp – trung tâm"
BDS-CURATED-0095,thuộc trường hợp giao đất không thông qua đấu giá quyền sử dụng đất - Hồ sơ pháp lý,needs_name_or_parent_review,yes,needs_parent_name_extraction,1,2023-08-07,2023-08-07,"[2023-08-07] Sinh Nguyen-Dau Tu 8/7/2023 4:30 PM Edited K.ĐT báo cáo anh Tuan Tran-CEO dự án 2.3ha KDC Thuận Hưng Bình Điền (với giá chào 200 tỷ), mặt tiền đường Nguyễn Văn Linh, xã An Phú Tây, huyện Bình Chánh, TP.HCM như sau: 1/ Vị trí Cách Chợ Đầu Mối Bình Điền khoảng 400m Cách ranh Quận 8 và huyện Bình Chánh khoảng 150m Cách UBND huyện Bình Chánh khoảng 3,2km Cách nút giao Vành Đai 2 - Nguyễn Văn Linh khoảng 2,2km 2/ Hiện trạng: Toàn bộ khu đất đã có hoàn tất bồi thường giải phóng mặt bằng và bàn giao đất cho Cty Thuận Hưng. 3/ Pháp lý đất: Tổng diện tích 22.335m² - Nguồn gốc đất: do BQL Khu Nam GPMB bằng vốn ngân sách và giao lại cho Công ty Thuận Hưng (là một trong hai khu đất hoán đổi Khu đất của Công ty Thuận Hưng đã bị thu hồi làm Chợ Bình Điền) - Dự án thuộc trường hợp giao đất không thông qua đấu giá quyền sử dụng đất - Hồ sơ pháp lý: hiện Khu đất được Công ty Thuận Hưng quản lý – sử dụng thông qua Biên bản tạm giao ngày 19/10/2012 giữa Ban Bồi thường Huyện Bình Chánh – Ban Quản lý Khu Nam – Công ty Nam Sài Gòn – Công ty Thuận Hưng. - Chưa thực hiện được thủ tục “Quyết định giao đất” để có cơ sở triển khai các thủ tục tiếp theo - Về việc bố trí ""nhà ở xã hội"": Do dự án đã triển khai"
BDS-CURATED-0072,132 $/phòng/đêm 145,needs_name_or_parent_review,yes,needs_parent_name_extraction,1,2022-11-04,2022-11-04,"[2022-11-04] Thao L - INVT 11/4/2022 3:24 PM Phương án kinh doanh và sản phẩm triển khai: Tiền sử dụng đất: K.ĐT đang tính toán phương án đóng thêm phần trả tiền thuê đất một lần đã được giảm 50% theo quyết định số 695/QĐ-CT ngày 11/06/2018 cho 6.95ha tương đương 100tỷ ~1.4tr/m2 (theo đơn giá đất năm 2018 và tính thêm 50%) Và phần diện tích giao thông nội bộ, cây xanh cảnh quan nội khu còn lại là 1.4ha sẽ đóng tiền thuê đất hằng năm, tổng 408tỷ (đến 2082, chia từng năm đóng) Các loại hình sản phẩm phát triển: Khách sạn: 370 phòng, diện tích phòng trung bình: 35m2/phòng. Condotel: 203 căn hộ, diện tích căn hộ trung bình: 60m2/căn. Biệt thự phía trong: 60căn, diện tích đất trung bình: 313m2đất/căn, xây dựng 3 tầng, DTSXD trung bình: 321m2 sàn/căn. Biệt thự gần biển: 15căn, diện tích đất trung bình: 119m2đất/căn, xây dựng 2 tầng, DTSXD trung bình: 206m2 sàn/căn. Biệt thự trực diện biển: 12căn, diện tích đất trung bình: 140m2đất/căn, xây dựng 2 tầng, DTSXD trung bình: 120m2 sàn/căn. Thời gian kiển khai dự kiến: Quý IV/2022 - IV/2023: Triển khai dự án, hoàn thành các thủ tục pháp lý. Quý I/2024 - II/2026: Xây dựng. Quý II/2024 - II/2026: Có doanh thu từ bán hàng. Quý II/2026: Bắt đầu hoạt động khách"
BDS-CURATED-0126,Anantara Mũi Né Resort,recover_project,yes,,1,2022-11-18,2022-11-18,"[2022-11-18] Thao L - INVT 11/18/2022 3:00 PM Khối Đầu tư gửi anh Tuan Tran-CEO báo cáo định giá tài sản dự án Anantara Mũi Né Resort, thuộc CĐT Novaland Phan Thiết với các thông tin như sau: I. THÔNG TIN CƠ BẢN Giá chào chuyển nhượng của đối tác: 875 tỷ; trong đó: Khoản vay tại 31/10/2022: 550 tỷ - khoản vay liên quan khác (không phục vụ HĐSXKD). Hiện QSDĐ và tài sản trên đất của Anantara đang được thế chấp để đảm bảo khoản vay này. Giá chuyển nhượng cổ phần: 325 tỷ. Vị trí: Đường Nguyễn Đình Chiểu – Nguyễn Thông, P. Hàm Tiến, TP. Phan Thiết, T. Bình Thuận. Có mặt tiền biển rộng khoảng 120m. Dự án nằm giữa đoạn thủ phủ các khu nghĩ dưỡng TP.Phan Thiết, cách dự án Sea Links khoảng 1km. II. HIỆN TRẠNG: Dự án đang được vận hành và khai thác với các thông số chi tiết sau: Đơn vị vận hành: Minor Hotel Group – brand Anantara - 5 sao Quốc tế. HMA ký ngày 17/12/2010, Hết hạn lần 1 năm 2020, tự động gia hạn thêm 10 năm sau mỗi lần hết hạn. Số lượng phòng và tiện ích kèm theo: 70 phòng khách sạn + 20 Biệt thự. 02 nhà hàng. Hồ bơi, Flow bar, Gym, khu vui chơi trẻ em. Thời điểm khai thác: năm 2009. Thời gian đã khai thác: 13 năm (thời gian còn lại: 33 năm). III. PHÁP LÝ Pháp lý đất: Quyết định thu hồi và"
BDS-CURATED-0055,DKC ARITA TWIN TOWER 1,recover_project,yes,,1,2023-04-13,2023-04-13,"[2023-04-13] Sinh Nguyen-Dau Tu 4/13/2023 11:20 AM K.ĐT báo cáo anh Tuan Tran-CEO dự án DKC ARITA TWIN TOWER 1,1ha, số 2 Mai Mắc Đế, phường Quán Bàu, Thành phố Vinh, tỉnh Nghệ An như sau: 1/ Vị trí Tọa lạc 3 mặt tiền đường Mai Hắc Đế (quy hoạch rộng 45m), đường Phan Bội Châu (quy hoạch rộng 40m) và đường nội bộ (quy hoạch rộng 12m) Cách Chợ Vinh khoảng 2,7km, cách nhà Ga Vinh khoảng 1km, cách trung tâm hành chính Vinh khoảng 2,5km 2/ Pháp lý đất Tổng diện tích đất bàn giao: 11.233,6m² Đã bàn giao đợt 1 là 9.722,9m². Mục đích sử dụng đất SKC: 3.478,3m², ODT: 1.978m², DGT: 4.266,6m² Nguồn gốc: Thuê đất trả tiền 1 lần Chưa bàn giao đất đợt 2: 1.510,7m². Mục đích sử dụng đất SKC: 758,3m², ODT: 752,4m² => Với mục đích sử dụng đất là đất SKC (tổng diện tích 4.236,6m²) vẫn là của nhà nước chưa chuyển mục đích sang đất ở, trong trường hợp thực hiện dự án nhà ở khi chuyển mục đích sang đất ở theo Luật hiện hành sẽ phải thực hiện đấu giá đối với hiện trạng các khu đất này 3/ Giải phóng mặt bằng: Theo văn bản số 03 ngày 11/05/2021 ARITA DKC gửi cho UBND phường Quán Bàu, hiện đã hoàn thành GPMB 4/5 hộ dân thuộc diện di dời. Vướng mắc còn lại nằm ở hộ gia đình ông Trịnh Minh Quang, thửa đất số 4, tờ bản đồ"
BDS-CURATED-0316,kế bên DA Võ Văn Kiệt,needs_name_or_parent_review,no,needs_parent_name_extraction,1,,,"[] P.ĐT báo cáo Sếp Admin 01 về dự án kế bên DA Võ Văn Kiệt, TP Đà Nẵng như sau: 1. VỊ TRÍ VÀ RANH ĐẤT: Dự án thuộc lô A17-01, sát bên dự án Võ Văn Kiệt của Công ty (lô A17-02), đường Võ Văn Kiệt, TP. Đà Nẵng. Vị trí theo đường link: Vị Trí Dự án 2. THÔNG SỐ QUY HOẠCH Trên cơ sở Quyết định chủ trương đầu tư theo QĐ 2915/QĐ-UBND ngày 09/12/2025 (nguồn từ cổng thông tin điện tử Thành phố Đà Nẵng tại trang Cổng thông tin TP Đà Nẵng Diện tích đất: 2.635 m2 Dân số: 740 dân MĐXD: 60% Tầng cao: 27 tầng nổi, 3 tầng hầm. Tổng sản phẩm 305 căn gồm 299 căn hộ ở (không bán cho tổ chức, cá nhân người nước ngoài) + 6 căn shop khối đế (1 Trệt 1 Lầu). Hệ số sử dụng đất: 12,8 lần. 3. HIỆU QUẢ DỰ ÁN 3.1 Chi phí (Gồm VAT): Chi phí đất: 1.182 tỷ đồng ~ 52% , gồm CP mua DA và tiền sử dụng đất nộp bổ sung: + CP nhận chuyển nhượng: 1.001 tỷ đồng ~ đơn giá chào là 380 tr.đ/m2, cao gấp đôi giá DA Võ Văn Kiệt là ~190 tr/m2. + Tiền sử dụng đất bổ sung: 164 tỷ đồng, bằng (=) tiền sử dụng đất tính theo PP thặng dư (762 tỷ đồng) (-) trừ đi tiền đất theo hiện trạng được khấu trừ (hiện đơn giá đất ở nhà nước ban hành theo QĐ mới nhất là 227 tr/m2.) => Tiền đất được khấu trừ: 598 tỷ đồng (Theo QĐ số 45/2025/QĐ-UBND n"
BDS-CURATED-0142,được tính tiền sử dụng đất theo phương pháp thặng dự,needs_name_or_parent_review,yes,chat_sentence_name; needs_parent_name_extraction,3,2024-10-07,2024-10-07,"[2024-10-07] Sinh Nguyen-Dau Tu 10/7/2024 11:25 AM Edited Translate Dự án được tính tiền sử dụng đất theo phương pháp thặng dự: Hiện tại dự án chưa có quyết định giao đất. Khi có quyết định giao đất thì nghĩa vụ tài chính thức hiện theo thời điểm giao đất. Trong báo cáo đang giả định thời điểm giao đất là năm 2024 Cơ sở tính toán tiền sử dụng đất, căn cứ Quyết định số 37/2024/QĐ-UBND ngày 01/07/2024 về quy định cụ thể các yếu tố hình thành doanh thu và chi phí theo phương pháp thặng dư trên địa bàn TP.HCM Tiền sử dụng đất (tính theo phương pháp thặng dự) cao, chủ yếu là do doanh thu phát triển dự án tăng, trong khi đó các yếu tố chi phí phát triển được cố định theo QĐ 37. Doanh thu được hình thành từ viêc bán đất và căn hộ; Giá bán này nhà nước sẽ căn cứ theo giá bán của khu vực + Doanh thu bán đất, dự án tạm tính theo giá bán khu dân cư Bình Điền bên cạnh. Đơn giá bán tạm tính khoảng 60tr/m² (chưa VAT) + Doanh thu bán căn hộ, dự án tạm tính theo giá bán thực tế West Gate đang mở bán theo thị trường. Đơn giá bán tạm tính khoảng 34,4tr/m² (chưa VAT) -> Vì vậy, Tiền sử dụng đất tạm tính khoảng 300 tỷ ạ. --- [2024-10-07] Sinh Nguyen-Dau Tu 10/7/2024 11:25 AM Edited Translate Dự án được tính tiền sử dụng đất theo phương pháp thặng dự: Hiện tại dự án chưa có quyết định giao đất. Khi có quyết định giao đất thì nghĩa vụ tài chính thức hiện theo thời điểm giao đất. Trong báo cáo đang g"
BDS-CURATED-0147,Khu chung Cư và văn phòng An PHú Quy hoạch chỉ tiết 1/500 đã được phê duyệt có 3 khu chức năng chính,needs_name_or_parent_review,yes,bad_name_length,1,2026-03-24,2026-03-24,"[2026-03-24] Tai L - UPDM 3/24/2026 9:59 AM Dự án Khu chung Cư và văn phòng An PHú Quy hoạch chỉ tiết 1/500 đã được phê duyệt có 3 khu chức năng chính: Văn Phòng, Chung cư, Dịch vụ Dân số được duyệt: 1.672 người. Theo Quy hoạch phân khu được duyệt 15/6/2025 (mới nhất) là 1.488 người ( thấp hơn 184 người so với qhct 1/500 đã được phê duyệt) Khu này không thể chuyển chức năng từ văn phòng sang ở ---Lý do : + QH 1/500 trước đây đã phân khu các khu chức năng: Khu văn phong, khu ở, khu dịch vụ + Dân số không còn Làm cái file báo cáo, đưa bản vẽ và vị trí by Admin 01"
BDS-CURATED-0107,Khu đất Ngô Chí Quốc Bình Chiểu Thủ Đức,needs_name_or_parent_review,yes,needs_parent_name_extraction,4,2023-08-03,2023-08-03,"[2023-08-03] Thao L - INVT 8/3/2023 2:18 PM Edited K.ĐT gửi anh Tuan Tran-CEO báo cáo dự án đường Ngô Chí Quốc, Bình Chiểu, Thủ Đức – nguồn Mr. Duy như sau: 1. THÔNG TIN KHU ĐẤT 1.1. Vị trí và hiện trạng: a. Vị trí: - Vị trí: Khu đất nằm trên mặt tiền đường Ngô Chí Quốc, Bình Chiểu, Thủ Đức, TPHCM. - Link map: https://goo.gl/maps/Empzn8zwhyULFrqV8 - Khu đất có vị trí nằm trong phần địa giới TP.HCM giáp ranh tỉnh Bình Dương: + Cách nút giao Gò Dưa và đường quy hoạch Vành Đai 2 khoảng 3Km. + Cách Quốc lộ 13 khoảng 2Km. + Cách Dự án Phú Quang một con rạch. + Đối diện Khu chế xuất Linh Trung 2. + Cách khu nghĩa trang Gò Đình khoảng 400m. b. Hiện trạng: Đa phần là đất lúa và đất vườn. 1.2. Quy hoạch và mục tiêu đề xuất: a. Quy hoạch: - Theo QH 1/10.000 (được Mr. Duy cung cấp): Khu đất nghiên cứu được quy hoạch là ĐẤT KHU ĐÔ THỊ HỖN HỢP CẢI TẠO CHỈNH TRANG HOẶC TÁI PHÁT TRIỂN – CÓ THỂ BAO GỒM CÁC KHU VỰC PHÁT TRIỂN MỚI (có thể sử dụng cho một hoặc nhiều trong số các chức năng: nhà ở, dịch vụ, CTCC, sản xuất gạch, giáo dục chuyên nghiệp, cơ quan hành chính, văn phòng, tôn giáo, cây xanh đô thị, hạ tầng đô thị,… không gây ô nghiễm môi trường): - Theo QH 1/2.000 khu đất phía trên được quy hoạch chi tiết --- [] Thao L - INVT 3/23 11:45 AM Translate K.ĐT gửi lại anh Admin 01 báo cáo dự án đường Ngô Chí Quốc, Bình Chiểu, Thủ Đức – nguồn Mr. Duy như sau: 1. THÔNG TIN KHU ĐẤT 1.1. Vị trí và "
BDS-CURATED-0109,Thanh Đa,needs_name_or_parent_review,yes,needs_parent_name_extraction,1,2025-07-16,2025-07-16,"[2025-07-16] Binh D - CVDT 7/16/2025 7:01 PM Edited Translate Kính gửi Sếp Mr Mike1 -CEO, P.ĐT báo cáo định giá 6 tài sản như sau: 1.Tài sản 69 Võ Văn Tần, Phường Võ Thị Sáu, Quận 1, TP.HCM + Diện tích đất: 718.4 m2 (Chưa có GCN) + Diện tích xây dựng: nhà biệt thự, diện tích sàn khoảng 1118.3 m2 + Đơn giá đất ở định giá: 705 triệu/m2 đất + Giá trị định giá không bao gồm công trình hiện hữu: 506.5 tỷ Ghi chú: + Vì chưa xác định được mục đích sử dụng đất nên P.ĐT định giá dựa trên giả định toàn bộ diện tích đất là đất ở + Nằm trong danh mục biệt thự cũ bảo tồn nhóm 2 của TPHCM + Quy hoạch: Đất phức hợp – hệ số 4 – MĐXD 70% 2. Tài sản 76 Hai Bà Trưng, Phường Bến Nghé, Quận 1, TP.HCM + Diện tích đất: 1,158.7 m2 (theo GCNQSDĐ cấp năm 2025) – Đất ở + Diện tích xây dựng: Nhà biệt thự (nát), diện tích sàn khoảng 1,271.9m2 + Đơn giá đất ở định giá: 899 triệu/m2 đất + Giá trị định giá không bao gồm công trình hiện hữu: 1,041.7 tỷ Ghi chú: + Quy hoạch: Đất phức hợp – hệ số 4.5 - MĐXD 80% 3. Tài sản 672 – 672A Trần Hưng Đạo, Phường 2, Quận 6, TP.HCM + Diện tích đất: 1,081.7 m2, trong đó: 672 Trần Hưng Đạo: 374.7 m2 (chưa có GCN) 672A Trần Hưng Đạo: 707 m2 (chưa có GCN) + Diện tích xây dựng: 672 Trần Hưng Đ"
BDS-CURATED-0028,Thủ Đức Living,recover_project,yes,,1,,,"[] P.ĐT xin báo cáo sếp Admin 01 dự án Thủ Đức Living, Đường Phạm Văn Đồng, TP HCM 1. Tóm tắt sơ bộ hiện trạng pháp lý dự án: a) Vị trí và ranh dự án: https://maps.app.goo.gl/D8GuCY5LefTH8JVq9 b) Sơ bộ hiện trạng pháp lý: Tổng diện tích khu đất là: 4,661 m2 (1,471 m2 đất ở, 3,190m2 đất cây hằng năm) Pháp lý đất: được thực hiện dự án thí điểm Nhà Ở Thương Mại (Dựa theo nghị quyết 171). Pháp lý QH: Diện tích phù hợp QH còn 3,545 m2 (Dính lộ giới: 1,111m2). Tầng cao 25 tầng cao, 0 tầng hầm; Hệ số sử dụng đất 6 lần, dân số là 500 người (tương đương hệ số 5.31 ,chưa sử dụng hết được hệ số HS SDĐ) 2. Hiệu quả dự án: a) Doanh thu (Có VAT): 1,179 tỷ VNĐ Giá bán căn hộ chung cư: 1,038 tỷ (66tr/m2 tim tường) Giá bán Shophouse: 141 tỷ (78tr/m2 tim tường) b) Chi phí (có VAT): 1,415 tỷ VNĐ Chi phí đất: 400 tỷ (86tr/m2 đất) Chi phí Nghĩa vụ tài chính: 289 tỷ Chi phí pháp lý: 60 tỷ Chi phí xây dựng ALL in cost: 443 tỷ (16tr/m2 xây dựng) Chi phí bán hàng + thuế VAT + CP Khác = 223 tỷ (CPHB + QLDN = 17% Doanh thu) c) Hiệu quả dự án d) Bảng độ nhạy => Dự án không đạt hiệu quả do dân số thấp không sử dụng hết được HS SDĐ, giá mua đất, chi phí nghĩa vụ tài chính và pháp lý cao. Do đó P. ĐT đề xuất không"
BDS-CURATED-0135,nhà ở xã hội UBND Đồng Nai mời quan tâm đấu thầu,needs_name_or_parent_review,yes,needs_parent_name_extraction,3,2025-03-25,2025-03-25,"[2025-03-25] Khoa L - INVT 3/25/2025 4:21 PM KĐT gửi anhMrMike1-CEO về báo cáo sơ bộ các 6 dự án nhà ở xã hội UBND Đồng Nai mời quan tâm đấu thầu như sau:Vị trí 6 dự án:Hạng mụcVị trí 1Vị trí 2Vị trí 3Vị trí 4Vị trí 5Vị trí 6Vị tríĐoàn văn Cừ, P.Tam Hiệp, Biên HòaKhu TĐC Long Bình, P.Long Bình, Biên HòaKhu TĐC đường tránh QL1A, Phước Tân, Biê… Sau khi đánh giá các dự án và cũng có gửi qua Group Management thì thống nhất là Nghiên cứu các Dự án ở Biên Hòa Begin quote, Khoa L - INVT, 3/27/2025 6:04 ... by Huy M - IM --- [2025-03-25] Khoa L - INVT 3/25/2025 4:21 PM KĐT gửi anhMrMike1-CEO về báo cáo sơ bộ các 6 dự án nhà ở xã hội UBND Đồng Nai mời quan tâm đấu thầu như sau:Vị trí 6 dự án:Hạng mụcVị trí 1Vị trí 2Vị trí 3Vị trí 4Vị trí 5Vị trí 6V --- [2025-03-25] Khoa L - INVT 3/25/2025 4:21 PM Edited Translate KĐT gửi anh Mr Mike1 -CEO về báo cáo sơ bộ các 6 dự án nhà ở xã hội UBND Đồng Nai mời quan tâm đấu thầu như sau: Vị trí 6 dự án: Hạng mục Vị trí 1 Vị trí 2 Vị trí 3 Vị trí 4 Vị trí 5 Vị trí 6 Vị trí Đoàn văn Cừ, P.Tam Hiệp, Biên Hòa Khu TĐC Long Bình, P.Long Bình, Biên Hòa Khu TĐC đường tránh QL1A, Phước Tân, Biên Hòa Khu TTDV KCN Bàu Xéo, Trảng Bom Nguyễn Văn Cừ, Xã Phước An, Nhơn Trạch Xã Phước An, Nhơn Trạch Diện tích 6.405,5 m2 24.279 m2 11.761 m2 34.994 m2 21.162 m2 37.139 m2 Quy mô 520 căn 1.248 căn, 12 tầng, hệ số 4,55 478 căn 12 tầng, hệ số 3,6-4,8 956-963 căn 6 tầng, "
BDS-CURATED-0105,KCN do Tập đoàn Xuận Thiện làm CĐT với 02 Nhà máy Gang thép - Cán thép đã dược tỉnh phê duyệt chủ trương đầu t,needs_name_or_parent_review,yes,bad_name_length,1,2022-12-03,2022-12-03,"[2022-12-03] Thao L - INVT 12/3/2022 12:01 PM K.ĐT gửi anh Tuan Tran-CEO báo cáo về Đề xuất Thực hiện Đầu tư Xây dựng KCN Nghĩa Sơn, tại Huyện Nghĩa Hưng, tỉnh Nam Định như sau: Khảo sát thực địa: Theo như giới thiệu của tỉnh, K.ĐT đã khảo sát thực địa và có các đánh giá khách quan về KCN Nghĩa Sơn như sau: Vị trí: Nằm giữa 2 đường trục Phát triển Cao Bồ - Nam Điền & DT490C. Quy mô: Dự kiến đang trình duyệt là 120ha (chưa có ranh chính xác). Tiềm năng: . Hiện trạng quỹ đất đang là đất lúa với từng ô lớn, thuận tiện cho công tác đền bù giải phòng mặt bằng. . Đơn giá đền bù khu vực còn thấp (~200.000VNĐ/m2), vẫn còn dư địa để phát triển so với các tỉnh đã đi khảo sát Bắc Ninh, Hải Phòng… . Nằm trên đường trục Phát triển kết nối lên Cao tốc Ninh Bình – Hải Phòng – Quảng Ninh hướng về phía Bắc: 4 km và kết nối CT01 (Cao tốc Bắc –Nam). . Hướng về Phía Nam của Huyện là Khu Kinh tế Ninh Cơ Quy mô 56.000 ha. Và Dự án KCN do Tập đoàn Xuận Thiện làm CĐT với 02 Nhà máy Gang thép - Cán thép đã dược tỉnh phê duyệt chủ trương đầu tư với TMĐT là 98.000 tỷ, Nhà máy Sản xuất cấu kiện bê tông đúc sẵn đang triển khai với TMĐT là 900 tỷ và Cảng Chuyên dùng Xuân Thiện có TMĐT 35.000 tỷ. => Với trục cao tốc Cao tốc"
BDS-CURATED-0044,thấp tầng SADACO – Phú Mỹ,needs_name_or_parent_review,no,needs_parent_name_extraction,2,2025-04-08,2025-04-08,"[2025-04-08] Unknown User 4/8/2025 7:33 PM P. ĐT báo cáo anh Mr Mike1 -CEO về dự án thấp tầng SADACO – Phú Mỹ, Thành phố Phú Mỹ, tỉ… Mấy cái xa xôi này phải lãi cao mới làm nổi, lãi mỏng dưới 20% là thua. Vì phải có sóng mới bán đc hàng Link https://vt.tiktok.com/ZSrfafnH6/ by Unknown User --- [2025-04-08] Sinh Nguyen-Dau Tu 4/8/2025 7:33 PM Translate P. ĐT báo cáo anh Mr Mike1 -CEO về dự án thấp tầng SADACO – Phú Mỹ, Thành phố Phú Mỹ, tỉnh Bà Rịa – Vũng Tàu như sau: 1/ Vị trí: - Tiếp giáp mặt tiền đường Tô Nguyệt Đình, cách đường Quốc lộ 51 khoảng 5km - Dự án giáp ranh tỉnh Bà Rịa Vũng Tàu và tỉnh Đồng Nai - Cách UBND TP. Phú Mỹ khoảng 12km - Cách sân bay Quốc tế Long Thành khoảng 20km - Cách cảng Cái Mép - Thị Vải khoảng 15km 2/ Hiện trạng: Đã xây dựng 1 phần nhỏ hạ tầng giao thông 3/ Pháp lý dự án 3.1/ Pháp lý Đầu tư: Đã có quyết định chủ trương đầu tư cho giai đoạn 1 (quy mô 16,8ha), tuy nhiên tiến độ thực hiện dự án đã hết hạn. Chủ đầu tư đã xin gia hạn tiến độ, dự kiến cuối tháng 04/2025 sẽ có quyết định. 3.2/ Pháp lý Đất: Quy mô dự án: 20,5ha: - Đã có GCN QSDĐ 19,3ha/20,5ha (trong đó có 600m² đất ở, còn lại đất nông nghiệp) - Chủ đang mua thêm phần diện tích còn lại cho đủ quy mô dự án 3.3/ Pháp lý Quy hoạch: * Đã có quy hoạch chi tiết 1/500 được cấp ngày 02/11/2023, được điều chỉnh quy hoạch chi tiết 1/500 năm 2017. Điều chỉnh chuyển Đất chung cư thành NOXH - Dân số: 4."
BDS-CURATED-0023,đấu giá 102ha,needs_name_or_parent_review,yes,needs_parent_name_extraction,3,,,"[] P.ĐT báo cáo Sếp Mr Mike1 -CEO về hiệu quả cho dự án đấu giá 102ha, Phước An, Nhơn Trạch, Đồng Nai như sau: 1/ VỊ TRÍ DỰ ÁN ĐẤU GIÁ https://maps.app.goo.gl/QVMCmJp83pMBNKrL8 2/ THÔNG SỐ QUY HOẠCH DỰ ÁN: Theo Phương án đấu giá ngày 10/11/2025 giá khởi điểm 1.696 tỷ đồng. Tuy nhiên, Thông báo đấu giá ngày 24/11/2025 mức giá khởi điểm tăng lên 5.013 tỷ đồng. 2.1 Hạng mục đất đấu giá, Trong đó Đất ở chiếm 34,6% và Đất CTCC chiếm 8,1% + TỔNG DIỆN TÍCH TOÀN KHU: 1.019.443,5m2 (102ha) 2.2 Hạng mục diện tích xây dựng 3/ ĐỀ XUẤT GIÁ BÁN CHO DỰ ÁN CỦA P.RD 4/ HIỆU QUẢ DỰ ÁN ĐẦU TƯ 5.1 Suất vốn đầu tư + Suất vốn đầu tư All in gồm VAT Nhà Liên Kế: 8 Triệu đồng/m2 + Suất vốn đầu tư All in gồm VAT Nhà Biệt thự: 9,6 Triệu đồng/m2 + Suất vốn đầu tư All in gồm VAT Chung cư 5 tầng + để xe nổi: 10 Triệu đồng/m2 5.2 Cơ cấu vốn dự án 5.3 Hiệu quả dự án + Tổng mức đầu tư gồm lãi chưa VAT: 15.917 tỷ đồng (Trong đó nghĩa vụ NOXH dự kiến 10% giá đấu) + Doanh thu bán hàng chưa VAT: 17.218 tỷ đồng Trong đó giá bao gồm đất & CTXD: + Đơn giá nhà Liên kế bình quân chưa VAT 47 triệu đồng/m2 cho giai đoạn bán hàng kéo dài 4 năm + Nhà Biệt thự bình quân chưa VAT 42 Triệu đồng/m2 + Căn hộ giá bình quân chưa VAT 24 --- [] P.ĐT báo cáo Sếp Mr Mike1 -CEO về hiệu quả cho dự án đấu giá 102ha, Phước An, Nhơn Trạch, Đồng Nai như sau: 1/ VỊ TRÍ DỰ ÁN ĐẤU GIÁ https://maps.app.goo.gl/QVMCmJp83pMBNKrL8 2/ THÔNG SỐ QUY "
BDS-CURATED-0046,2769m2 Hoàng Sa Đà Nẵng (chưa bao gồm TSDĐ bổ sung),needs_name_or_parent_review,yes,needs_parent_name_extraction,3,2025-06-05,2025-06-05,"[2025-06-05] Thao L - INVT 6/5/2025 5:47 PM Edited Translate K.ĐT báo cáo anh Mr Mike1 -CEO về dự án 2769m2 Hoàng Sa Đà Nẵng (chưa bao gồm TSDĐ bổ sung) như sau: 1. THÔNG SỐ QUY HOẠCH 2. TIẾN ĐỘ XÂY DỰNG - BÁN HÀNG - VẬN HÀNH 3. DOANH THU a. Bán hàng – RD đề xuất - Đơn giá bán căn hộ trung bình tại thời điểm cuối 2026 (gồm VAT): 70tr/m2 ~ 770 tỷ b. Vận hành – Mr. David đề xuất - Đơn giá thuê khách sạn/đêm tại thời điểm 2026 (chưa VAT): 2.05tr/phòng/đêm - Đơn giá thuê khách sạn/đêm tại thời điểm 2029 (gồm VAT): 2.4tr/phòng/đêm - Tỷ lệ lấp đầy: 70% - %EBITDA: 33% - 37% 4. CHI PHÍ - chưa bao gồm TSDĐ bổ sung - Đơn giá đất: 250tr/m2 ~ 692 tỷ - Chi phí pháp lý + Nhà mẫu (gồm VAT): 77 tỷ - Đơn giá xây dựng trung bình cả dự án (gồm VAT) giai đoạn cuối 2026 - 2028: 24tr/m2 ~ 1,160 tỷ . SĐT phòng khách sạn (gồm VAT): 2.5tỷ/key . SĐT diện tích xây dựng chung cư (gồm VAT): 15tr/m2 - Chi phí bán hàng: 15% Doanh thu bán hàng - Chi phí vận hành: 67% - 63% 5. HIỆU QUẢ TÀI CHÍNH Dự án không đạt hiệu quả tài chính với IRR = 4.8% Vì thế, với phương án Quy hoạch đề xuất hiện tại (chưa bao gồm TSDĐ bổ sung) Dự án chưa đạt hiệu quả. Đính kèm Báo cáo thị trường P.RD 0605_MAN THAI_DA NANG (1).pdf 2025.06.05_FS_2769Ho --- [2025-06-05] Thao L - INVT 6/5/2025 5:47 PM Edited Translate K.ĐT báo cáo anh Mr Mike1 -CEO về dự án 2769m2 Hoàng Sa Đà Nẵng (chưa bao gồm TSDĐ bổ sung) như sau: 1. THÔNG SỐ QUY HOẠC"
BDS-CURATED-0120,nhà ở khi chuyển mục đích sang đất ở theo Luật Đất đai sẽ phải thực hiện đấu giá đối với hiện trạng các khu đấ,needs_name_or_parent_review,yes,bad_name_length; needs_parent_name_extraction,1,2023-03-15,2023-03-15,"[2023-03-15] Huy M - IM 3/15/2023 10:20 AM KĐT báo cáo CEO Tuan Tran-CEO đánh giá nhanh 12 lô đất anh Duy gửi của Sun Group tại Khu Đô thị ven sông Hoà Xuân - Cẩm Lệ - Đà Nẵng với mục đích làm Khu Chung cư cao tầng. Về Pháp lý đất: Theo GCNQSDĐ được cung cấp (2 lô đại diện): + Diện tích: ~ 5.000 m2 + Mục đích sử dụng: Đất cơ sở sản xuất kinh doanh + Thời hạn: Lâu dài + Nguồn gốc đất: Nhà nước giao đất có thu tiền sử dụng đất. + Cấp ngày 15/06/2011 Với mục đích sử dụng đất vẫn còn là đất SKC chưa chuyển mục đích sang đất ở, trong trường hợp thực hiện dự án nhà ở khi chuyển mục đích sang đất ở theo Luật Đất đai sẽ phải thực hiện đấu giá đối với hiện trạng các khu đất này Về pháp lý quy hoạch: + Theo thông tin QH đối tác cung cấp tại văn bản số 3175 ngày 03/05/2019 của SXD Đà Nẵng, các khu đất trên phần lớn có hệ số sử dụng đất từ 14 đến 18 lần, Theo QC 01/2021 hiện nay thì hệ số sử dụng đất tối đa là 13 lần. Các khu đất này không thuộc trường là các công trình điểm nhấn tại Đà Nẵng để được áp dụng điều kiện ngoại lệ nên khi triển khai sẽ phải bị điều chỉnh về lại tối đa không quá 13 lần. + Sau khi Phòng PLDA dự án rà soát nhanh với SXD Đà Nẵng thì các khu đất trên trong QH phân khu (QH 1.2000) kh"
BDS-CURATED-0032,sẽ mất 1 năm để xử lý các vấn đề liên quan khoản nợ đang trong DATC,needs_name_or_parent_review,yes,needs_parent_name_extraction,1,,,"[] P.ĐT dự kiến dự án sẽ mất 1 năm để xử lý các vấn đề liên quan khoản nợ đang trong DATC, và sau đó mất khoảng 2 năm để triển khai pháp lý (kế thừa qh1.500 hiện có). Như vậy dự án sẽ bắt đầu triển khai xây dựng từ cuối 2028- đầu 2029 2.1 Giả định kinh doanh a) Nhóm sản phẩm bán: + Giá bán căn hộ: 56-66 tr/m2 (chưa VAT tim tường) + Giá bán căn shop: 69 – 79 tr/m2 (chưa VAT tim tường) + Giá bán căn hộ cho thuê (theo QH1/500 có loại hình này và P.ĐT định hướng thành sản phẩm bán 50 năm): 47-56 tr/m2 (chưa VAT tim tường) b) Nhóm sản phẩm khai thác cho thuê: + Giá cho thuê sàn thương mại siêu thị: 8$/m2/tháng + Giá cho thuê sàn thương mại văn phòng: 9.5$/m2/tháng + Giá cho thuê sàn nhà trẻ: 4$/m2/tháng b) Giả định xây dựng + Suất xây dựng all-in: 14.5tr/m2 (gồm VAT) + Chi phí pháp lý: ~ 200 tỷ (tính từ thời điểm đã xử lý xong dự án đưa ra khỏi DATC) 3. Hiệu quả kinh tế: LNTT: 1.811 tỷ LNST: 1.449 tỷ LNTT/TMĐT: 12.2% IRR: 6.71% NPV: - 490.5 tỷ Dự án không đảm bảo hiệu quả với giả định về quy hoạch 1/500 hiện có và thị trường do Phòng RnD đề xuất. Bảng độ nhạy giá mua dự án và hiệu quả: 4. Các vấn đề lưu ý: - Dự án có tổng quy mô là 27.9 ha, Công ty đã thực hiện nghĩa vụ tài chính và được c"
BDS-CURATED-0074,Cát Lái - Sky Habitat,needs_name_or_parent_review,yes,needs_parent_name_extraction,3,,,"[] P.ĐT báo cáo sếp Admin 01 cập nhật FS cho dự án Cát Lái - Sky Habitat, theo PA giá chào 690 tỷ bao tiền sử dụng đất (LUR) 1. Thông tin cập nhật: - Giá chào: 690 tỷ (bao gồm LUR) - Giá vốn: Qua trao đổi với đơn vị giới thiệu, Công ty dự án đang ghi nhận giá vốn chỉ 50 tỷ => Điều này dẫn đến thiệt hại về thuế TNDN cho công ty mình khi mình bỏ ra 690 tỷ mua cổ phần nhưng BCTC chỉ ghi nhận 50 tỷ. Tổng thiệt hại thuế TNDN ước tính là 128 tỷ, tức bằng (690-50)x20% Như vậy tổng giá đầu vào bao gồm giá chào và thiệt hại thuế dự kiến sẽ là 818 tỷ, đơn giá ~ 102tr./m2 - Giá bán: cập nhật từ Anh An, giá bán trung bình dự án là 80.8tr/m2 (chưa V, tim tường) 2. Hiệu quả: - LNTT (điều chỉnh thiệt hại về thuế): 424 tỷ - LNST (điều chỉnh thiệt hại về thuế): 340 tỷ - IRR: 15,5% - LNTT/TMĐT: 25,2% => Dự án vẫn đảm bảo hiệu quả kinh tế. 3. Điểm lưu ý: Rủi ro liên quan đến LUR: Do chúng ta đã tiếp cận được thông tin công ty dự án có thể còn phải đóng 120 tỷ theo hệ số K. Nên trường hợp giá chào 690 tỷ, vẫn cần giấy xác nhận đã hoàn thành mọi nghĩa vụ tài chính, hoặc giấy tờ khác xác minh công ty dự án không còn phải thực hiện nghĩa vụ tài chính nào nữa, để đảm bảo 690 tỷ đã gồm tiền sử dụng đất. - Trư --- [] P.ĐT báo cáo sếp Admin 01 cập nhật FS cho dự án Cát Lái - Sky Habitat, theo PA giá chào 690 tỷ bao tiền sử dụng đất (LUR) 1. Thông tin cập nhật: - Giá chào: 690 tỷ (bao gồm LUR) - Giá vốn: "
BDS-CURATED-0151,THEO PHƯƠNG ÁN KINH DOANH ANH CƯỜNG – TMĐT Ko bao gồm ĐẤT Kết quả kinh doanh – PA vận hành 15 năm + GOP bình q,needs_name_or_parent_review,yes,bad_name_length; chat_sentence_name; needs_parent_name_extraction,2,2025-10-07,2025-10-07,"[] Phòng đầu tư trích thêm các chi phí sau: phí quản lý 4%/Rev; Phí nâng cấp cải tạo 2%/Rev mỗi năm trích vào năm 7 và 2%/Rev mỗi năm trích vào năm 15. Diện tích đất: 1.381 m2 thời gian sử dụng 50 năm đến 17/03/2061 Đơn giá đất tạm tính: 350 triệu/m2 Tổng mức đầu tư ko bao gồm đất: 656 tỷ đồng bao gồm VAT và lãi vay Tổng mức đầu tư bao gồm đất: 1.148 tỷ đồng bao gồm VAT 2/ Hiệu quả tài chính dự án THEO PHƯƠNG ÁN KINH DOANH ANH CƯỜNG – TMĐT Ko bao gồm ĐẤT Kết quả kinh doanh – PA vận hành 15 năm + GOP bình quân mỗi năm: 51,4% + EBITDA/Rev bình quân mỗi năm: 45,3% Dòng tiền dự án – PA vận hành 15 năm + IRR dòng tiền vận hành 15 năm: 19,97% Kịch bản độ nhạy THEO PHƯƠNG ÁN KINH DOANH ANH CƯỜNG – TMĐT bao gồm ĐẤT Kết quả kinh doanh – PA vận hành 15 năm + GOP bình quân mỗi năm: 51,4% + EBITDA/Rev bình quân mỗi năm: 45,3% Dòng tiền dự án - Vận hành 15 năm + IRR dòng tiền vận hành 15 năm: 9,22% Kịch bản độ nhạy 2 chiều Sau khi tính toán hiệu quả theo PA Kinh doanh A.Cường. P.ĐT có xem số liệu hệ thống Khách sạn Đà Nẵng tại Tập đoàn. Trong đó, Khách sạn Yarra kinh doanh hiệu quả nhất với GOP đạt 40% và EBITDA/Rev đạt 36% nên P.ĐT có tính toán thêm một PA thận trọng với GOP mỗi năm đạt 40%. THEO --- [] Phòng đầu tư trích thêm các chi phí sau: phí quản lý 4%/Rev; Phí nâng cấp cải tạo 2%/Rev mỗi năm trích vào năm 7 và 2%/Rev mỗi năm trích vào năm 15. Diện tích đất: 1.381 m2 thời gian sử dụn"
BDS-CURATED-0045,từ đường Đặng Văn Trơn và giá chào đã bao gồm phần đất này,needs_name_or_parent_review,yes,needs_parent_name_extraction,1,2022-09-26,2022-09-26,"[2022-09-26] Thao L - INVT 9/26/2022 5:32 PM Edited Giá bán sản phẩm: (Dựa vào giá thị trường cơ sở hiện tại là 58tr/m2 đất vào năm 2022). + Đất ở thương mại: 77tr/m2 đất và 8,7tr/m2 sàn (2025-2026). + Đất ở nội khu: 70tr/m2 đất và 8,7tr/m2 sàn (2025-2026). + NOXH: 8.35tr/m2 sàn NOXH (2025-2026). + Tạm định giá đầu ra phần đất nông nghiệp (QH đất ở hiện hữu chỉnh trang): 14tr/m2 đất. Hiệu quả tài chính: Tỷ lệ LNTT/TMĐT: 15,5% với Lợi nhuận trước thuế là 559,5 tỷ đồng. Kết luận: + Để nhận chuyển nhượng quỹ đất với điều kiện tiên quyết là đối tác đã có sẵn phần đất QH đường kết nối vào dự án từ đường Đặng Văn Trơn và giá chào đã bao gồm phần đất này. + Để dự án đạt tỷ lệ LNTT/TMĐT là 20% khi tổng giá trị đền bù và chuyển nhượng đất là 1.249 tỷ cho tổng diện tích là 15,8ha (tương đường 7,8tr/m2) Link hồ sơ: https://belgroupvn-my.sharepoint.com/:f:/g/personal/trieunguyenptdt_beegroup1_com/Eh5s-UJUAA5Dj7zBlCHOr6sBjBcXKcYtt1vQQZsXESWpTA?e=T5Rb7Y Link vị trí: https://goo.gl/maps/dSeYp8x6gD6nWQJo7 BC Hiệp Hòa.pdf"
BDS-CURATED-0331,Felicia Đà Nẵng,recover_project,no,,7,2024-10-15,2025-02-19,"[2025-02-19 | BDS-MASTER-0085] [2025-02-19] Huy M - IM 2/19/2025 9:31 PM Translate K.ĐT báo cáo anh Mr Mike1 -CEO về dự án Felicia Đà Nẵng theo phương án tổ hợp khách sạn và Condotel, mặt tiền đường Võ Nguyên Giáp, Lô B5, thuộc khu phúc hợp đô thị, TMDV Royal Era 1, P. Mỹ An, Q. Ngũ Hành Sơn, T. Đà Nẵng như sau: 1/ Vị trí: - Mặt tiền tiếp giáp đường Võ Nguyên Giáp, cách giao lộ đường Võ Nguyên Giáp và Võ Văn Kiệt khoảng 1,2km, cách giao lộ đường Võ Nguyên Giáp và Hồ Xuân Hương khoảng 1,4km - Bên trái giáp Serene Beach, cách Holiday Beach khoảng 350m 2/ Hiện trạng: Công trình xây dựng khách sạn dở dang, với 2 hầm + 25 tầng nổi. Công trình đã cất nóc (theo thông tin anh Sơn - Trợ lý) => Vẫn chưa đánh giá được tính phù hợp của hiện trạng xây dựng và các hồ sơ thiết kế, xây dựng được duyệt 3/ Pháp lý Đất: Đã có GCN QSDĐ cấp ngày 17/03/2011 - Diện tích đất: 1.220m² - Mục đích sử dụng: Đất cơ sở sản xuất, kinh doanh - Thời hạn sử dụng: Ban đầu GCN cấp thời hạn sử dụng lâu dài. Nhưng đến ngày 31/10/2017, thay đổi thời hạn sử dụng đất từ: Lâu dài thành thời hạn sử dụng đất 50 năm. Đồng thời, theo báo cáo tư vấn của phòng PLDA, không giữ được thời hạn sử dụng đất lâu dài mà phải điều chỉnh thành 50 năm theo quy định. 4/ --- [2024-10-15 | BDS-MASTER-0020] [2024-10-15] Sinh Nguyen-Dau Tu 10/15/2024 11:14 AM Edited Translate K.ĐT báo cáo anh Mr Mike1 -CEO về dự án khách sạn Felicia Đà Nẵng"
BDS-CURATED-0168,chỉ mới trong giai đoạn pháp lý đền bù GPMB thì được xem là quỹ đất và được định giá lại theo phương thức giá,needs_name_or_parent_review,yes,bad_name_length; needs_parent_name_extraction,2,2025-05-06,2025-05-06,"[] Báo cáo anh Mr Mike1 -CEO, Phòng Đầu tư xin báo cáo tóm tắt định giá sơ bộ công ty HDC Tương tự DIG, đối với HDC cũng sẽ áp dụng phương pháp đánh giá tài sản sòng bằng việc xác định lại giá trị của các dự án/quỹ đất của HDC được ghi nhận trên BCTC a. Thông tin Công ty: - Tên công ty: Công ty Cổ phần Phát triển Nhà Bà Rịa – Vũng Tàu - Vị trí trụ sở: 36 Nguyễn Thái Học, P.7, Tp.Vũng Tàu - Thị giá cổ phiếu (07/05/2025): 23.400 đồng/cp - Số lượng cổ phiếu lưu hành: 178.354.966 cổ phần b. Các giả định trong bài tính - Đối với dự án chỉ mới trong giai đoạn pháp lý đền bù GPMB thì được xem là quỹ đất và được định giá lại theo phương thức giá trị thị trường của loại đất lúa/CLN/HNK tùy vào địa hình quỹ đất. - Giá trị ghi nhận khoản mục chi phí đầu tư xây dựng và phát triển dự án trong hàng tồn kho là chi phí đã đầu tư tương ứng với diện tích đã bồi thường GPMB/đã hoàn thành nhận chuyển nhượng được công bố trong bản cáo bạch/BCTC/BCTN. - Đối với các dự án đã triển khai GPMB, xây dựng và bán hàng 1 phần hoặc toàn bộ => tạm ghi nhận giá trị trong BCTC (hàng tồn kho và phải thu). Để xác định giá trị hiện tại cần tìm hiểu chi tiết hiện trạng dự án (pháp lý đất, xây dựng, bán hàng) - Đối với dự --- [] Báo cáo anh Mr Mike1 -CEO , Phòng Đầu tư xin báo cáo tóm tắt định giá sơ bộ công ty DIG Do đặc thù DIG là công ty BĐS, phương pháp đánh giá tài sản sòng bằng việc xác định lại giá trị của cá"
BDS-CURATED-0351,thấp tầng Phú An Hội giáp mặt tiền Tôn Đức Thắng (25B),needs_name_or_parent_review,no,needs_parent_name_extraction,3,2024-11-09,2024-11-09,"[2024-11-09 | BDS-MASTER-0036] [2024-11-09] Thao L - INVT 11/9/2024 11:58 AM Edited Translate K.ĐT báo cáo anh Mr Mike1 -CEO về dự án thấp tầng Phú An Hội giáp mặt tiền Tôn Đức Thắng (25B), Phú Hội, Nhơn Trạch, Đồng Nai như sau (Nguồn: Mr. Ka): I. THÔNG TIN DỰ ÁN - Vị trí: + Tiếp giáp mặt tiền Tôn Đức Thắng (25B), Phú Hội, Nhơn Trạch, Đồng Nai. + Cách ngã tư Tôn Đức Thắng – Nguyễn Hữu Cảnh khoảng 1Km. + Cách KCN Nhơn Trạch 2 khoảng 1Km. + Cách Cao tốc 01 khoảng 9Km. + Cách Sân bay Long Thành (tương lai) khoảng 12Km. - Quy mô: 16,1ha – Dự án bán nhà. - Hiện trạng : + Đã GPĐB 8.6ha - CLN (7.3ha trong ranh dự án) chiếm 44% trong 19.4ha cần mua. + Giá chào bán 473 tỷ cho 8,6ha ~ 5.5tr/m2. + Cần mua tổng 19.45ha (bao gồm 8.6ha đối tác đang chào) để trọn ô trọn thửa. Chi tiết theo bảng kê: Phần diện tích đất ngoài ranh dự án: 3.3ha được quy hoạch chủ yếu là đất ở và đất giao thông sẽ tiếp giáp với các đường hiện hữu và đường hình thành trong tương lai khi triển khai dự án. II. PHÁP LÝ DỰ ÁN 1. Pháp lý đầu tư: Quyết định số 1559/QĐ-UBND ngày 18/05/2020 Về Chủ trương đầu tư: - Chấp thuận nhà đầu tư. - Mục tiêu : Xây dựng Khu dân cư tổng hợp – kết hợp TMDV phát triển quy hoạch. - Quy mô : 1,800 – 2,500 dân. - Diện tích : --- [2024-11-09 | BDS-MASTER-0325] [2024-11-09] Thao L - INVT 11/9/2024 11:58 AM K.ĐT báo cáo anh Mr Mike1 -CEO về dự án thấp tầng Phú An Hội giáp mặt tiền Tôn Đức Thắn"
BDS-CURATED-0070,(Chi phí đất,needs_name_or_parent_review,yes,needs_parent_name_extraction,1,2022-12-15,2022-12-15,"[2022-12-15] Thao L - INVT 12/15/2022 12:04 PM Edited K.ĐT gửi anh Tuan Tran-CEO báo cáo về Cụm công nghiệp Giao Yến, quy mô 75ha tại xã Giao Yến, huyện Giao Thủy, tỉnh Nam Định như sau: 1. Hiện trạng và hạ tầng: - Hiện trạng: Đất nông nghiệp, trống và chưa có đường lớn kết nối vào khu đất. - Hạ tầng trương lai: Giáp với Đường bộ Ven biển, sẽ kết nối thẳng với QL37B (hiện hữu) và kết nối thẳng Đường Nam Định - Lạc Quần đang triển khai xây dựng và dự kiến hoàn thành năm 2027 với tổng chiều dài 24,7km, TMĐT: 6000 tỷ và mặt cắt tại đoạn lớn nhất 100m. Đường Nam Định - Lạc Quần sẽ trực tiếp kết nối Cao Tốc Ninh Bình – Hải Phòng – Quảng Ninh. => Tạo hệ thống hạ tầng kết nối thuận tiện đến các tỉnh lân cận và các cảng biển lớn. - Tiềm năng: Gần KCN VSIP có quy mô lớn nhất tỉnh Nam Định (1.100ha), khi KCN VSIP được triển khai sẽ tạo sực bật lớn với thị trường CCN - KCN xung quanh nói riêng và tỉnh Nam Định nói chung. 2. Phương án đầu tư: - Loại hình phát triển: Cho thuê thu tiền một lần đất, hạ tầng CCN: 53,6ha (diện tích thương phẩm) - Giả định: Đóng tiền thuê đất cho Nhà nước 1 lần cho cả thời gian thuê. - Tiến độ: + Từ 2022-2023: Triển khai dự án (Chi phí đất, Pháp lý) + Từ 2023-2024: San lấp và Xâ"
BDS-CURATED-0318,1ha Sơn Trà,needs_name_or_parent_review,no,needs_parent_name_extraction,2,2025-09-29,2025-09-29,"[2025-09-29] Thanh L - INVT 9/29/2025 12:13 PM Translate Kính gửi Sếp Mr Mike1 -CEO, P.ĐT báo cáo cập nhật hiệu quả đầu tư dự án 1ha Sơn Trà, Đà Nẵng như sau: Thông tin Quy hoạch: + Diện tích đất: 10.063m2 + Hệ số sử dụng đất: 11.94 + Tổng diện tích sàn (bao gồm hầm, tầng kỹ thuật): 162.271m2 + Diện tích thương phẩm căn hộ: 74.619m2 (khoảng 915 căn hộ) + Số lượng phòng khách sạn: 175 phòng Hiệu quả dự án phần Căn hộ Tổng doanh thu căn hộ chưa VAT là: 6.763 tỷ đồng (Đơn giá giá căn hộ bao gồm VAT tại thời điểm mở bán 2027 là 90 Triệu/m2; Giá shophouse bao gồm VAT: 90 Triệu/m2) Tổng mức đầu tư chưa bao gồm VAT, bao gồm lãi vay là: 4.950 tỷ đồng (Đơn giá All in bao gồm VAT là 20 triệu/m2; Chi phí mua đất 1.347 tỷ đồng; Tiền sử dụng đất 1.188 tỷ đồng) Tổng chi phí hoạt động chưa VAT,15% doanh thu: 1.014 tỷ đồng Lợi nhuận trước thuế: 799 tỷ đồng LNTT/TMĐT: 16,13% Hiệu quả dự án phần Khách sạn Tổng doanh thu khách sạn chưa VAT lũy kế 50 năm: 5.246 tỷ đồng (Giá bán phòng bao gồm VAT và dịch vụ khoảng 2 triệu/đêm/phòng; công suất thuê năm ổn định 70% và doanh thu bình quân năm ổn định khoảng 125 tỷ đồng/năm ) Tổng mức đầu tư chưa VAT: 718 tỷ đồng (Suất all in bao gồm VAT 2,5 tỷ đồng/Key) EBITDA/ Doanh --- [] Dạ, phòng đầu tư gửi lai Sếp cập nhật hiệu quả đầu tư dự án 1ha Sơn Trà, Đà Nẵng như sau: Thông tin Quy hoạch: + Diện tích đất: 10.063m2 + Hệ số sử dụng đất: 11.94 + Tổng diện tích"
BDS-CURATED-0034,Bãi Container & Dịch vụ Cảng (Diện tích 31 ha) với giá chào 2 trđ/m2 tại Phước Hòa,needs_name_or_parent_review,yes,needs_parent_name_extraction,1,2022-08-09,2022-08-09,"[2022-08-09] Quy Vo-PTDT 8/9/2022 2:33 PM 2. Dự án Bãi Container & Dịch vụ Cảng (Diện tích 31 ha) với giá chào 2 trđ/m2 tại Phước Hòa, Phú Mỹ, Bà Rịa Vũng Tàu 2.1 Về Pháp lý Dự án: - Dự án đã có chủ trương đầu tư, GCN quyền sử dụng đất (Đất SXKD, thời hạn đến năm 2061, thuê đất đóng tiền 1 lần), chưa có Giấy phép xây dựng. 2.2 Về vị trí và kết nối, tiềm năng hạ tầng: - Dự án nằm trong khu bến cảng Cái Mép – Thị Vải (thuộc cảng biển Bà Rịa – Vũng Tàu một trong 2 cảng biển loại đặc biệt lớn nhất cả nước, cùng với Cảng biển Hải Phòng), dự án khu bến cảng Cái Mép khoảng 1.5km, tiếp giáp với đường 991B(đường quy hoạch) kết nối đến đường Liên Cảng Cái Mép, dự án kết nối với Cao tốc Bến Lức Long Thành thông qua cầu Phước An (dự kiến cao tốc sẽ được hoàn thành vào 2025); từ dự án kết nối thuận lợi với Quốc Lộ 51, Cao tốc Biên Hòa – Vũng Tàu thông qua đường 991B. - Tiềm năng hạ tầng: Hạ tầng giao thông (cao tốc, sân bay, đường kết nối) sẽ hoàn thành trong giai đoạn 2025 – 2026; các KCN mới ở Bà Rịa – Vũng Tàu, Đồng Nai; ngành logistic hấp dẫn nhiều nhà đầu tư, vận tải đường thủy được Nhà nước chú trọng phát triển sẽ đưa Cụm cảng Cái Mép – Thị Vải sẽ thành cửa ngõ giao thương quốc tế. 2.3 Chức năng của d"
BDS-CURATED-0053,Chen Sea 3,needs_name_or_parent_review,yes,needs_parent_name_extraction,1,,,"[] P.ĐT báo cáo anh Mr Mike1 -CEO về tổng quan dự án Chen Sea 3,1ha tại xã Cửa Dương, huyện Phú Quốc, tỉnh Kiên Giang như sau: 1/ Vị trí: - Dự án tiếp giáp đường nội bộ đường Dinh Bà, cách đường Dinh Bà khoảng 350m, cách sân bay Quốc tế Phú Quốc khoảng 19km - Hiện trạng: Dự án đã khai thác 1 phần, với 22 căn villas tương ứng 36 phòng 2/ Pháp lý Đất: Quy mô dự án là 4,7ha, trong đó: - Đã có GCN QSDĐ 3,1ha: Mục đích sử dụng đất là đất sản xuất kinh doanh; Thời hạn sử dụng đất đến 16/12/2052. Nguồn gốc đất: Thuê đất trả tiền 1 lần - Phần diện tích còn lại 1,6ha: Chưa được cấp GCN và chưa giải phóng đền bù 3/ Pháp lý Quy hoạch: Đã có phê duyệt quy hoạch chi tiết 1/500 số 272/QĐ-BQLKKTPQ ngày 02/11/2023, quy mô 4,7ha, trong đó chỉ triển khai 3,1ha – khu 1: - Phần đất 3,1ha – khu 1 đã triển khai đi vào khai thác: Với các loại hình như 22 căn villas, tiện ích: Khối lễ tân và Spa, 1 nhà hàng và 1 nhà văn phòng. Với tổng diện tích sàn: 7.734m² 4/ Pháp lý đầu tư: Đã có giấy chứng nhận đầu tư, quy mô diện tích đất 4,78ha. - Tiến độ thực hiện dự án giai đoạn 2: tháng 10/2008 đã hết hiệu lực => Xin gia hạn tiến độ thực hiện dự án 5/ So sánh giữa Chen Sea 3,1ha và Phú Hải 3,3ha 6/ Nhận định: Bỏ qua"
BDS-CURATED-0075,Cảng Sài Gòn – Thép Việt,needs_name_or_parent_review,yes,needs_parent_name_extraction,1,2022-08-09,2022-08-09,"[2022-08-09] Quy Vo-PTDT 8/9/2022 2:33 PM K.ĐT gửi Mr.Tuấn Tuan Tran-CEO báo cáo về 3 dự án: Dự án Cảng Sài Gòn – Thép Việt, Dự án Cảng Sao Biển, Dự án Bãi Container & Dịch vụ cảng. 1. Dự án Cảng Sài Gòn – Thép Việt (Diện tích 34.5 ha) với giá chào 100 USD/m2 và dự án Cảng Sao Biển (Diện tích 69.04 ha) với giá chào 1.76 trđ/m2 tại Mỹ Xuân, Phú Mỹ, Bà Rịa Vũng Tàu 1.1 Về Pháp lý Dự án: - Dự án Cảng Sài Gòn – Thép Việt: đã có chủ trương đầu tư, GCN quyền sử dụng đất (Đất SXKD, thời hạn đến năm 2059, thuê đất đóng tiền 1 lần), chưa có Giấy phép xây dựng. - Dự án Cảng Sài Gòn – Thép Việt: đã có chủ trương đầu tư, GCN quyền sử dụng đất (Đất SXKD, thời hạn đến năm 2060, thuê đất hàng năm), chưa có Giấy phép xây dựng. 1.2 Về vị trí và kết nối, tiềm năng hạ tầng: - Cả 2 dự án nằm trong khu bến cảng Cái Mép – Thị Vải (thuộc cảng biển Bà Rịa – Vũng Tàu một trong 2 cảng biển loại đặc biệt lớn nhất cả nước, cùng với Cảng biển Hải Phòng), tiếp giáp với đường sau cảng Mỹ Xuân Thị Vải (đường quy hoạch) kết nối đến đường Liên Cảng Cái Mép, cả 2 dự án kết nối với Cao tốc Bến Lức Long Thành thông qua cầu Phước An (dự kiến cao tốc sẽ được hoàn thành vào 2025); từ dự án kết nối thuận lợi với Quốc Lộ 51, Cao tốc Bi"
BDS-CURATED-0015,NOXH khu vực Phước An,needs_name_or_parent_review,yes,needs_parent_name_extraction,1,2025-07-14,2025-07-14,"[2025-07-14] Khoa L - INVT 7/14/2025 6:26 PM Edited Translate P.Đầu tư báo cáo CEO Mr Mike1 -CEO hiệu quả 2 dự án NOXH khu vực Phước An, Nhơn Trạch Sau khi tổng hợp thông tin thêm từ a Hiếu PLDA, P.Đầu tư đã làm việc với team TKQH để có bài bố trí quy hoạch cụ thể cho 2 dự án và tính toán FS chi tiết như sau: 1. Vị trí 2 dự án: 2. Hiệu quả dự án: a) Dự án NOXH 2,1ha Phước An Nhơn Trạch: https://maps.app.goo.gl/Fsyo4xmwK3kmzbC9A - Tổng doanh thu: 1.711 tỷ - LNTT: 194,84 tỷ - NPV: 135,17 tỷ - LNTT/TMĐT: 13,8% b) Dự án NOXH 3,7ha Phước An Nhơn Trạch: https://maps.app.goo.gl/hMM3KEF5KhFhsZJi7 - Tổng doanh thu: 1.839,8 tỷ - LNTT: 211,17 tỷ - NPV: 138,18 tỷ - LNTT/TMĐT: 14% * Lưu ý cho bài tính: - Về phương án quy hoạch P.TKQH hiện đang binh tỷ lệ hiệu dụng ~ 73%, con số này gần tương đương các dự án NOTM. Theo quan điểm P.ĐT , đối với dự án NOXH chúng ta có thể bố trí tiết giảm diện tích hành lang căn hộ, lược bỏ sảnh căn hộ (chỉ cần đảm bảo có khu nhận thư, bảo vệ) và các khu vực tiện ích cho cư dân (chỉ cần đảm bảo khu SHCĐ theo quy chuẩn). Như vậy tỷ lệ hiệu dụng có thể được cải thiện và tăng tỷ lệ thương phẩm => hiệu quả tăng. - Về việc hoàn thuế VAT chênh lệch: Do dự án NOXH có thuế VAT đầu ra"
BDS-CURATED-0097,được đề xuất nghiên cứu đầu tư tại huyện Giao Thuỷ,needs_name_or_parent_review,yes,chat_sentence_name; needs_parent_name_extraction,1,2022-11-08,2022-11-08,"[2022-11-08] Huy M - IM 11/8/2022 2:38 PM Edited KĐT báo cáo CEO Tuan Tran-CEO 2 dự án được đề xuất nghiên cứu đầu tư tại huyện Giao Thuỷ, tỉnh Nam Định Khu Du lịch TMDV 7ha tại Thị Trấn Quất Lâm, huyện Giao Thuỷ, tỉnh Nam Định Cụm Công Nghiệp 50ha tại xã Giao Tiến, huyện Giao Thuỷ, tỉnh Nam Định Khu Du lịch TMDV 7ha tại Thị Trấn Quất Lâm Vị trí: Bãi biển thuộc khu Du lịch Quất Lâm (1 trong 4 khu du lịch biển chính ở miền Bắc (Hạ Long – Đồ Sơn – Quất Lâm – Sầm Sơn). Cách TP Nam Định 40km, TP. Hà Nội 120km (di chuyển mất 2 tiếng) Hạ Tầng khu vực còn kém phát triển so với Hạ Long, Sầm Sơn, đón 100.000 lượt khách/năm thời điểm trước dịch Covid. Hiện trạng: Trước khi tháo dỡ các Kios được xây dựng dọc bờ biển thì đây là khu vực sầm uất trong thời điểm mùa du lịch. Tuy nhiên sau đợt dịch Covid và đợt thực hiện tháo dỡ các Kios theo quyết định của Tỉnh thì hiện trạng rất vắng vẻ, các hoạt động dịch vụ ăn uống, khách sạn đều đã dừng hoạt động Dự án 7ha được quy hoạch là đất TMDV, tuy nhiên không tiếp xúc trực tiếp với khu Bãi biển (còn cách từ 1 – 2 khu đất khác mới ra tới bờ biển). Là 1 trong 2 khu đất còn sót lại chưa được nhà Nước cho thuê, các lô đất khác trong khu vực đã được Nhà cho các cá nhân"
BDS-CURATED-0149,Masteri An Phú - Masteri Thảo Điền - The Vista tăng 40-50% giá trị chỉ trong 3 tháng ) 🎉 Nếu lấy sàn thứ 2 (70,needs_name_or_parent_review,yes,bad_name_length; needs_parent_name_extraction,1,2025-10-11,2025-10-11,"[2025-10-11] Unknown User 10/11/2025 12:27 PM Deal a David Ví dụ : Mua 700 m2 ( 1 sàn ) x 36.5 tr = 25,550 tỷ CK : 9% ( Thâm niên hơn 2,5 năm) CK: 13,8% ( Thanh toán nhanh 95%) CK : 3% ( Early Bird 100 căn đầu tiên) CK : 2% ( mua sỉ từ 5 căn trở lên) Tổng CK : 27,8% 💯=> Giá bán cuối cùng : 18,447 tỷ ( Chưa VAT , Phí BT) => Đơn giá/m2 : 26.4 tr/m2 ( tổng 700m2)x1.12 = 29.5 tr/m2 ( Đã VAT , Phí BT ) Với vị trí của Fenica gần Metro thì chỉ cần bắt đầu triển khai Metro thì tăng giá mỗi năm 10-15% là việc bình thường ( thậm chí như tuyến Metro Số 1 Suối Tiên, các dự án Masteri An Phú - Masteri Thảo Điền - The Vista tăng 40-50% giá trị chỉ trong 3 tháng ) 🎉 Nếu lấy sàn thứ 2 (700 m2 ) => CK TỔNG 23% => Tổng Ngân sách đầu tư 19,67 tỷ => Đơn giá/m2 :28,1 tr/m2 => 31,47 tr/m2 Tính gấp lại nha by Unknown User"
BDS-CURATED-0116,cơ bản đạt hiệu quả tài chính,needs_name_or_parent_review,yes,needs_parent_name_extraction,1,2022-09-06,2022-09-06,"[2022-09-06] Thao L - INVT 9/6/2022 4:52 PM Hiệu quả tài chính: IRR = 14,72% và NPV = 698,475. Độ nhạy dự án: Kết luận: Dự án cơ bản đạt hiệu quả tài chính, K.ĐT đề xuất xúc tiến và đàm phán giá nhận chuyển nhượng để dự án đạt hiệu quả tốt hơn. Ghi chú: - Hiện tại yếu tố pháp lý liên quan đến việc “bán” sản phẩm nghỉ dưỡng vẫn chưa được pháp luật quy định rõ ràng (không đúng với mục tiêu của chủ trương đầu tư là chủ đầu tư phải vận hành). - Về quy hoạch: Ngày 23/06/2022, Thủ tướng Chính phủ có Quyết định số 767/QĐ-TTg phê duyệt Nhiệm vụ Quy hoạch chung thành phố Phú Quốc, tỉnh Kiên Giang đến năm 2040. Trên cơ sở đó, tỉnh đang tiến hành lập đồ án QH chung trình Thủ tướng xem xét, phê phê duyệt, dự kiến công tác này hoàn thành trong năm 2023, các chỉ tiêu QH phê duyệt dự kiến sẽ tăng cao hơn so với hiện tại => Dự án sẽ đạt hiệu quả tài chính tốt hơn => tạo tiền đề làm gia tăng giá trị dự án đang nghiên cứu. Link vị trí: https://goo.gl/maps/QUDziRBdFv7URi8QA Link hồ sơ:Toàn Thịnh Phát - OneDrive (sharepoint.com) BC dự án Toàn Thịnh Phát.pdf Thị trường Phú Quốc.pdf Em gửi thêm bảng so sánh các dự án đang chà... by Thao L - INVT, has an attachment."
BDS-CURATED-0110,Thuận Nghiệp ở Dĩ An,needs_name_or_parent_review,yes,needs_parent_name_extraction,1,,,"[] P.ĐT xin ý kiến chỉ đạo từ anh Mr Mike1 -CEO về dự án Thuận Nghiệp ở Dĩ An, Bình Dương, nguồn Sếp Tâm như sau: 1/ Vị trí dự án: 2/ So sánh dự án Thuận Nghiệp và Phú Gia Khiêm Thuận Nghiệp Phú Gia Khiêm Diện tích 2,2ha 3,3ha Loại đất SKC SKC Thời hạn Thuê đất trả tiền hằng năm, đến 10/09/2031 Đơn giá 7tr/m² 21,2tr/m² Ghi chú: Dự án 100% đất SKC, vì thế CĐT có mua thêm 1 căn nhà dân (170m² đất ở) với mục đích gộp thửa vào 2,2ha để làm dự án => Tuy nhiên sẽ không triển khai được theo quy định pháp luật 3/ Nhận định: Dự án nằm ở vị trí tốt hơn dự án Phú Gia Khiêm, tiếp giáp mặt tiền đường DT 743C rộng khoảng 16m, đường trải nhựa Giá bán bằng 1/3 so với giá Phú Gia Khiêm (cùng loại đất SKC) Tuy nhiên, vì dự án 100% đất SKC và chưa chấp thuận chủ trương đầu tư, dẫn đến không đủ điều kiện làm dự án Nhà ở và cũng không đủ điều kiện để xin thí điểm làm nhà ở thương mại (Như Phú Gia Khiêm) Vị trí dự án: https://maps.app.goo.gl/9D1AGeGBDHSvttic8 Google マップで地図を検索。乗換案内、路線図、ドライブルート、ストリートビューも。見やすい地図でお店やサービス、地域の情報を検索できます。世界地図も日本語で、旅のプランにも便利。 maps.app.goo.gl Có quy hoạch chưa by Unknown User"
BDS-CURATED-0004,Trần Đức 1 2.8ha Thuận Giao,needs_name_or_parent_review,no,needs_parent_name_extraction,2,,,"[] P.ĐT báo cáo sếp Admin 01 dự án Trần Đức 1 (2.8ha) I. Thông tin dự án - Diện tích: 2.8 ha - Vị trí: Ngã tư Mỹ Phước Tân Vạn - Thủ Khoa Huân, P.Thuận Giao, Bình Dương (cũ) https://maps.app.goo.gl/t178LDzcrFtjxgEz9 II. PA quy hoạch: - Khu đất dự án thuộc ô khu phố có diện tích 8.5ha, hệ số 9/13 (9 ở, 4 TMDV), dân số 4.000, chức năng ở hỗn hợp. - Do dự án có quy mô 2.8ha nên không thể lấy được hết dân số 4000. P.TKQH đã binh phương án sơ bộ như sau: - Hệ số: 5.08 - Dân số: 2.700 - Quy mô: 2 phân khu + Cao tầng (30 tầng) : 1.46 ha - 1.275 căn hộ ở, 18 căn shop TM và 154 căn officetel. + Thấp tầng (nhà liên kế 1 trệt 2 lầu): 6.572 m2 (đất thương phẩm) - 73 nhà liên kế III. PA triển khai đầu tư: a) Giả định kinh doanh: + Giá bán căn hộ: 52 tr/m2 (chưa V tim tường) + Giá bán Shop TM: 55 tr/m2 (chưa V tim tường) + Officetel: 49.4 tr/m2 (chưa V tim tường) + Nhà phố: 80 tr/m2 (chưa V tính trên diện tích đất – 90m2/lô), tương đương giá bán đất khoảng 58 tr/m2 b) Giả định chi phí: + Giá mua dự án/cp: 520 tỷ (giá chào) Do đối tác đã gởi BCTC trong đó ghi nhận Vốn điều lệ: 132 tỷ. Trong khi Bên mình phải mua 100% cổ phần với giá 520 tỷ => Tổng thiệt hại thuế TNDN ước tính 78 tỷ (được tính bằng ( --- [] P.ĐT báo cáo sếp Admin 01 dự án Trần Đức 1 (2.8ha) I. Thông tin dự án - Diện tích: 2.8 ha - Vị trí: Ngã tư Mỹ Phước Tân Vạn - Thủ Khoa Huân, P.Thuận Giao, Bình Dương (cũ) https://maps.app.g"
BDS-CURATED-0062,chung cư cao cấp THAT 1,recover_project,yes,,1,,,"[] Báo cáo tóm tắt dự án chung cư cao cấp THAT 1.Vị trí: Võ Nguyên Giáp, Sơn Trà Đà Nẵng Quy mô dự án: 34.916 m2 (25.852 m2 được giao đất, 9.064 m2 đất thuê) Định vị maps: https://maps.app.goo.gl/o5yA5cAF8qJoTZqW8 2.Pháp lý: Hiện trạng pháp lý: Dự án ban đầu được định hướng triển khai thành khu biệt thự cao cấp kết hợp Khách sạn + TMDV. Sau đó, chủ đầu tư đã xin điều chỉnh thành tổ hợp căn hộ chung cư cao cấp và Khách sạn TMDV. Cho đến nay, tình hình thực hiện dự án chưa triển khai gì thêm. Dựa vào báo cáo pháp lý từ Phòng Pháp lý và Anh Tịnh-pháp lý địa phương Đà Nẵng, P.Đầu tư tổng hợp và tóm tắt đánh giá pháp lý dự án như sau: Chủ trương đầu tư: Hiện chủ đầu tư chưa cung cấp hồ sơ về việc điều chỉnh chủ trương đầu tư từ dự án thấp tầng lên dự án căn hộ+khách sạn cao tầng. Một số thông tin cho thấy dự án chưa có chủ trương đầu tư điều chỉnh nêu trên. Pháp lý đất: Giai đoạn đầu, dự án được cấp 35 GCN (34 GCN đất ở và 1 GCN công trình Khách sạn+TMDV). Sau đó, vào năm 2011, Chủ đầu tư đã xin chuyển đổi thành dự án cao tầng đồng thời chuyển đổi 35 GCN thành 6 GCN trong đó 4GCN đất ở và 2 GCN TMDV, tương ứng 4 tháp chung cư và 2 tháp khách sạn. Liên quan đến việc chuyển đổi nêu trên, mặc"
BDS-CURATED-0092,không đạt hiệu quả tài chính,needs_name_or_parent_review,yes,needs_parent_name_extraction,2,2022-08-22,2023-04-11,"[2023-04-11] Thao L - INVT 4/11/2023 10:35 AM Edited 7.Hiệu quả đầu tư: a.Trường hợp 1: Có tính chi phí đất, chi phí xây dựng và hoạt động. Dự án không đạt hiệu quả tài chính: NPV = -216 tỷ, IRR = 7,24%. Độ nhạy IRR: b.Phương án 2: Không tính chi phí đất, chỉ có chi phí xây dựng và chi phí hoạt động – thực hiện theo cách thức giữ được đất lâu dài. Dự án đạt hiệu quả tài chính: NPV = 107 tỷ, IRR = 24,45%. Độ nhạy IRR: Link vị trí: https://goo.gl/maps/AivqKgNA3GRARDNZ7 Link hồ sơ: https://belgroupvn.sharepoint.com/:f:/s/BeeGroupCEOOffice-03.KhiuT/Etmt7yNBh7FAocEwZEduLDgB98w43UUGiZXejtAUkUneSg?e=ooQRz3 *Thị trường Văn phòng: Image by Thao L - INVT --- [2022-08-22] Thao L - INVT 8/22/2022 6:58 PM 8) Hiệu quả tài chính: Lợi nhuận trước thuế/TMĐT: 24.1% NPV chủ đầu tư: (20,637) IRR chủ đầu tư: 11.68% 9) Kết luận: Dự án không đạt hiệu quả tài chính, NPV <0 và IRR = 11.68% do tỷ lệ phần đất ở thấp (chiếm 23.7%) và phần đất TMDV chiếm tỷ lệ cao (khoảng 14%). 10) Đề xuất: Thị trường huyện Vĩnh Tường và Yên Lạc chưa phù hợp với việc phát triển trung tâm thương mại dịch vụ vì nhu cầu thị trường thấp, tính thanh khoản kém. Để dự án đạt hiệu quả hơn, K.ĐT đề xuất chuyển toàn bộ (hoặc đa phần) đất TMDV sang đất ở để tạo tính thanh khoản cao và phù hợp nhu cầu thị trường thực tế. Link vị trí: https://goo.gl/maps/eqfdgJBc7XT7VhAW8 Link hồ sơ: 50ha Vĩnh Phúc - OneDrive (sharepoint.com) Bc 50ha V"
BDS-CURATED-0266,Đà Nẵng thì liên hệ A Tịnh,needs_name_or_parent_review,yes,needs_parent_name_extraction,2,2025-03-03,2025-03-03,"[2025-03-03] Thoi L - ASST. 3/3/2025 9:45 AM Translate Dear Huy Huy Mai-PTDTCEO có giao triển khai tìm hiểu về thông tin đấu giá các lô đất tại ĐÀ Nẵng và Bình Dương. tiếp nhận tt khu đất Đà Nẵng thì liên hệ A Tịnh, kênh tt khu đất Bình Dương thì liên hệ A Hùng nhé. Ok Anh nhé by Huy M - IM --- [2025-03-03] Thoi L - ASST. 3/3/2025 9:45 AM Translate Dear Huy Huy Mai-PTDTCEO có giao triển khai tìm hiểu về thông tin đấu giá các lô đất tại ĐÀ Nẵng và Bình Dương. tiếp nhận tt khu đất Đà Nẵng thì liên hệ A Tịnh, kênh tt khu đất Bình Dương thì liên hệ A Hùng nhé. Ok Anh nhé by Huy M - IM Huy"
BDS-CURATED-0343,Hoàng Cát Center có quy mô 7,needs_name_or_parent_review,no,needs_parent_name_extraction,2,2024-10-14,2024-10-14,"[2024-10-14 | BDS-MASTER-0026] [2024-10-14] Thao L - INVT 10/14/2024 12:05 PM Edited Translate K.ĐT báo cáo anh Mr Mike1 -CEO về dự án Hoàng Cát Center có quy mô 7,5ha, nằm trên QL 13, Lai Uyên, Bàu Bàng, Bình Dương như sau: I. THÔNG TIN - Vị trí: + Cách cổng Khu công nghiệp Bàu Bàng 2.5km. + Cách Trung tâm hành chính Bàu Bàng 2km. + Cách TPHCM khoảng 60km. - Quy mô: 7.5ha - 426 lô. - Hiện trạng: Đất sạch - đã hoàn tất GPBT. II. PHÁP LÝ - Đính kèm Báo cáo Pháp lý 1. Pháp lý Đầu tư - Chấp thuận Chủ đầu tư - 17/04/2019. Tuy nhiên, thời điểm 2019 chưa có quyền sử dụng => Chưa phù hợp với Luật nhà ở 2014 và Nghị định 99/2015/NĐ-CP. - Chấp thuận Chủ trương đầu tư – 15/01/2021. Trên cơ sở tờ trình của Sở Xây dựng => Chưa phù hợp với quy định của Luật Đầu tư 2020). Nội dung của Chủ trương: + Quy mô : 7.5ha - 426 căn. + Dân số : 1,278 người. + Sản phẩm : Bán nhà => Đề xuất điều chỉnh sản phẩm là phân lô bán nền. + Tiến độ : Hết năm 2024 => Dự án sẽ quá hạn, cần điều chỉnh tiến độ lần 1. 2. Pháp lý Đất đai - Tổng diện tích đất: 7.5 ha, trong đó: 300m2 - đất ở, còn lại đa phần - đất trồng cây lâu năm. - Đã hoàn thành GPBTMB, đã có QĐ cho phép chuyển mục đích sử dụng đất nhưng chưa thực hiện chuyển mục đích và nghĩa vụ tài --- [2024-10-14 | BDS-MASTER-0342] [2024-10-14] Thao L - INVT 10/14/2024 12:05 PM K.ĐT báo cáo anh Mr Mike1 -CEO về dự án Hoàng Cát Center có quy mô 7,5ha, nằm trên QL "
BDS-CURATED-0081,KHU ĐÔ THỊ MỚI G1,recover_project,yes,,1,2024-05-27,2024-05-27,"[2024-05-27] Thao L - INVT 5/27/2024 10:52 AM Translate Khối Đầu tư báo cáo anh Tuan Tran-CEO đánh giá sơ bộ về 02 DỰ ÁN KHU ĐÔ THỊ MỚI G1, G2 HUYỆN ĐÔNG ANH, THÀNH PHỐ HÀ NỘI (Dự án của Anh Tâm) I. Thông tin về dự án G1 1. Vị trí *Hiện trạng: - Tiếp giáp phía tây là đường Song hành song song Vành Đai 3 – Võ Văn Kiệt - Link: https://maps.app.goo.gl/dAy23L3wP3mTsMM88 - Tổng diện tích: 45,27ha - Cách trung tâm Hà Nội: 25Km -30p - Cách Sân bay Nội Bài: 10Km - 15p - Đối diện (xéo) Khu công nghiệp Quang Minh 344ha (H. Mê Linh) - Cách Khu công nghiệp Đông Anh 300ha (tương lai) khoảng 10Km *Quy hoạch: - Tiếp giáp phía bắc là đường Song hành song song Vành Đai 3 và Tuyến đường sắt Hà Nội 2. Chức năng sử dụng đất - Đất thương phẩm chiếm tỷ lệ 46,23%: Xây dựng cao tầng (9-25 tầng), dân số 4.300 dân. II. Thông tin về dự án G2 1. Vị trí *Hiện trạng: - Tiếp giáp phía đông là đường Tỉnh lộ 23 - Link: https://maps.app.goo.gl/QydbrwwdHVvcm7keA - Tổng diện tích: 37,104ha - Cách trung tâm Hà Nội: 19Km - 40p - Cách Sân bay Nội Bài: 15Km - 20p - Cách Khu công nghiệp Thăng Long 300ha: 1Km *Quy hoạch: - Tiếp giáp phía tây là đường nối thẳng ra Vành đai 3,5 kết nối trung tâm Hà Nội, thông qua cầu Thượng Cát hiện đang"
BDS-CURATED-0347,chung cư Hòa Xuân,recover_project,no,,2,2024-09-27,2024-09-27,"[2024-09-27 | BDS-MASTER-0033] [2024-09-27] Thao L - INVT 9/27/2024 11:17 AM Translate K.ĐT báo cáo anh Mr Mike1 -CEO về Dự án chung cư Hòa Xuân, Cẩm Lệ, Đà Nẵng: lô A2-3 và A2-4 như sau: 1. Thông tin, vị trí và hiện trạng: - Dự án cao tầng: lô A2-3 và A2-4 có diện tích đất lần lượt là: 3.508m2 và 3.140m2 - Giá chuyển nhượng: 300 tỷ tương đương 45,1tr/m2 - Dự án Hòa Xuân tiếp giáp 4 mặt tiền đường, ngay tại giao lộ Võ Chí Công 29 Tháng 3 thuận tiện cho giao thông với 6 làn xe mỗi đường. Khu vực xung quanh chủ yếu là nhà phố, không có công trình cao tầng. - Cách sân bay 3km và cách biển 8km 2. Hạn chế của Dự án: - Khu vực tương đối xa trung tâm thiếu các tiện ích như gần bãi biển hoặc sông Hàn, siêu thị và nhà hàng ăn uống, khiến cho môi trường sống kém hấp dẫn đối với cư dân dẫn đến khó khăn trong việc thu hút cư dân và nhà đầu tư. - Nếu phát triển chung cư tại đây, đơn giá sẽ thấp hơn so với các dự án cạnh tranh do vị trí và môi trường xung quanh không hấp dẫn không gần các khu làm việc như FPT hoặc các quận trung tâm Đà Nẵng. - Cạnh tranh với thị trường nhà đất giá trị đất tại Hòa Xuân vẫn còn tương đối rẻ 30 - 40 tr/m2 và được xem là tài sản bền vững hơn so với căn hộ. - Thị trường chung cư chưa được thử nghi --- [2024-09-27 | BDS-MASTER-0358] [2024-09-27] Thao L - INVT 9/27/2024 11:17 AM Translate K.ĐT báo cáo anh Mr Mike1 -CEO về Dự án chung cư Hòa Xuân, Cẩm Lệ, Đà Nẵng: l"
BDS-CURATED-0334,chung cư Hải Sơn có diện tích đất 8,recover_project,no,,1,,,"[] P.ĐT xin báo cáo sếp Admin 01 về sơ bộ dự án chung cư Hải Sơn có diện tích đất 8.321 m2 (nguồn từ anh Sơn Trợ lý) tại đường Huỳnh Văn Nghệ, P. Biên Hòa, Thành phố Đồng Nai như sau: I. Vị trí và ranh đất: https://www.google.com/maps/d/edit?mid=1pYF3M65dQngj9P_VP8SbXUKy92nYnFo&usp=sharing => Đánh giá sơ bộ hiện trạng: Đường kết nối vào khu đất từ đường Huỳnh Văn Nghệ có bề ngang nhỏ, chỉ khoảng 8.8 m, cần đánh giá có đủ điều kiện kết nối giao thông cho dự án chung cư cao tầng hay không. Chiều sâu từ đường Huỳnh Văn Nghệ vào khoảng 28 m, lối vào có hình nút thắt cổ chai. Hình dạng khu đất kiểu đa giác không đều, khó bố trí không gian. Đối diện là khu đất nghĩa trang, có mặt tiền ôm đường hơn 100 m, trọn khu khoảng 8.600 m2. II. Hiện trạng pháp lý: - Pháp lý về đất: Sổ đất cá nhân được cấp Giấy CNQSD ngày 30/9/2025. Tổng diện tích 8.132 m2, trong đó: Đất ở 86 m2 và đất Cây hằng năm: 8.046 m2 (đến 01/10/2056). Đã có văn bản chấp thuận độ cao tĩnh không, chiều cao tối đa 99 m. Chưa thực hiện thủ tục chấp thuận chủ trương đầu tư. (Đối tác chào bao thủ tục này). Chưa có thông tin đưa đất vào thí điểm nên chưa đảm bảo về phê duyệt Chủ trương đầu tư do có phần đất ở thấp dưới 2% (86/8.132 m2"
BDS-CURATED-0043,khu mặt tiền đường Ngô Chí Quốc (gom đất gần Phú Quang)- Cập nhật Quy hoạch Phân khu,recover_project,no,,1,,,"[] Dạ P.ĐT báo cáo sếp Admin 01 cập nhật dự án khu mặt tiền đường Ngô Chí Quốc (gom đất gần Phú Quang)- Cập nhật Quy hoạch Phân khu. Theo QH PK3 được duyệt 2025, quỹ đất quan tâm thuộc ô đất OD-1, MN-1 và CX-2 (thuộc Đơn vị ở 1), trong đô ô OD-1 (diện tích PHQH 2.15ha) có các thông số sau: + Dân số 1.300 (tăng 800 dân so với QH cũ), + Tầng cao: 30 (không đổi) + Hệ số: 7 (không đổi) * ô MN-1 và CX-2 vẫn có chức năng giáo dục và cây xanh (không đổi) A/Phương án hỗn hợp thấp tầng (tối ưu số dân 1.300, hệ số sdđ đạt 3.1): 1. Quy mô: Gồm 1 block chung cư hỗn hợp 24 tầng (căn hộ, officetel, shop TM và sàn TTTM) và 67 căn nhà phố 2. PA đầu tư: a) Giả định kinh doanh: + Giá bán căn hộ: 61 tr/m2 (chưa V, tim tường) + Giá bán shop TM: 70 tr/m2 (chưa V, tim tường) + Giá bán officetel: 55 tr.m2 (chưa V, tim tường) + Sàn TTTM: cho thuê sỉ giá 10$/m2/tháng + Nhà trẻ: Cho thuê giá 4$/m2/tháng. + Giá bán nhà phố: 100tr/m2 (gồm nhà và đất) (trong đó giá đất: 75.4tr/m2) b) Giả định chi phí: + Suất xây dựng cao tầng: 15tr/m2 (gồm V, allin) + Suất xây dựng thấp tầng (1 trệt 2 lầu): 7tr/m2 (gồm V, all-in, xây hoàn thiện mặt ngoài, thô bên trong) +Chi phí bán hàng: 18%/doanh thu + Lãi suất: 12%/năm + Tiền"
BDS-CURATED-0137,này --- [] Monday,needs_name_or_parent_review,yes,chat_sentence_name; needs_parent_name_extraction,6,2023-03-22,2023-11-27,"[2023-11-27] Huy M - IM 11/27/2023 3:25 PM Đối với 2 khu đất này, nếu cần chi tiết hơn, K.ĐT xin lịch của CEO để báo cáo rõ hơn à. ok a by Unknown User --- [2023-03-22] Unknown User 3/22/2023 5:42 PM Này sao ko hỏi anh Tài hay kêu a Hùng cung cấp À Anh Hùng lúc đó nói cứ tính giúp ảnh theo số liệu ảnh cung cấp. Sau này anh mới biết cụ thể và hồ sơ, các thông số của dự án này --- [] Monday, March 16 Kính gửi Sếp Admin 01 , Phòng đầu tư xin... by Hoa D - CVDT 3/16 11:12 AM Edited Hoa D - CVDT Kính gửi Sếp Admin 01, Phòng đầu tư xin gửi Sếp báo cáo đánh giá nghiên cứu các Khu Công Nghiệp gần khu cảng Cái Mép như sau: Trong bán kính 20 km từ cảng Cái Mép: + Đồng Nai: hiện hầu như không còn quỹ đất + KCN Bà Rịa – Vũng Tàu: đa số vị trí thuận lợi đã phát triển thành KCN hiện hữu, quỹ đất trống còn lại chủ yếu là diện tích mở rộng của các KCN hiện hữu. Trong phạm vi 30 km: + Đồng Nai: các quỹ đất KCN đã được các CĐT quan tâm và giữ chỗ trước. Vì vậy, BP Đầu tư mở rộng tìm kiếm sang Bà Rịa – Vũng Tàu và ưu tiên 4 quỹ đất gần cảng, kết nối tốt với các trục giao thông chính và Vành đai 4. 4 Khu công nghiệp tiềm năng 1) KCN Bắc Châu Đức KCN Bắc Châu Đức quy mô khoảng 2.500 ha, gần Vành đai 4 và cách cảng Cái Mép khoảng 30 km. Khu vực này có thể kết nối xuống cảng qua tuyến Vành đai 4 – Mỹ Xuân Ngãi Giao – QL51, đồng thời thuận lợi liên kết với sân bay Long Thành, phù hợp phát triển KCN gắ"
BDS-CURATED-0212,này hiện chỉ đóng tiền sử dụng đát trên diện tích đất xây dựng thay vì diện tích đất toàn khu đối với toàn khu,needs_name_or_parent_review,yes,bad_name_length; chat_sentence_name; needs_parent_name_extraction,2,2025-03-16,2025-03-16,[2025-03-16] Huy M - IM 3/16/2025 5:45 PM Translate Khu đất này hiện chỉ đóng tiền sử dụng đát trên diện tích đất xây dựng thay vì diện tích đất toàn khu đối với toàn khu. Bình Dương đang bị tính sai chỗ này. Nên có thể sẽ phải đóng bổ sung thêm tiền sử dụng đất Này là đã VAt chưa by Unknown User --- [2025-03-16] Huy M - IM 3/16/2025 5:45 PM Translate Khu đất này hiện chỉ đóng tiền sử dụng đát trên diện tích đất xây dựng thay vì diện tích đất toàn khu đối với toàn khu. Bình Dương đang bị tính sai chỗ này. Nên có thể sẽ phải đóng bổ sung thêm tiền sử dụng đất Này là đã VAt chưa by Unknown User Mr M
BDS-CURATED-0225,đấu thầu,needs_name_or_parent_review,yes,needs_parent_name_extraction,1,,,"[] P.ĐT báo cáo CEO cập nhật FS Đông Trung. Dựa trên phương án đã tính và báo cáo hôm qua, ngày 07/08/2025, P.ĐT thực hiện điều chỉnh nâng nghĩa vụ tiền đất phải nộp bằng việc giảm tiền bồi thường được khấu trừ khi thực hiện dự án đấu thầu, cụ thể: - Tiền bồi thường được khấu trừ khi đấu thầu: ~ 235 tỷ (5tr/m2 tính trên phần diện tích 4.6ha), thấp hơn khoảng 230 tỷ so với phương án trước. - Tổng giá trị tiền sử dụng đất sau khi khấu trừ: ~ 1.010 tỷ, cao hơn khoảng 230 tỷ so với phương án trước. Bảng so sánh hiệu quả dự án sau khi nâng tiền sử dụng đất cho 2 TH 3.950 dân và 3.021 dân như sau: => Đối với Trường hợp 3.950 dân, tỷ suất sinh lợi giảm do tăng tiền sử dụng đất tuy nhiên PA này vẫn đảm bảo tính hiệu quả kinh tế. Trong khi PA 3.021 không có hiệu quả. Như vậy một lần nữa, vấn đề dân số là yếu tố quan trọng đảm bảo sinh lời của dự án Đông Trung. P.Đầu tư báo cáo Sếp Mr Mike1 -CEO về... by Hanh T - INVT"
BDS-CURATED-0064,khu dân cư cao tầng Ngọc Hồi với tổng diện tích đất thực hiện dự án là 24,recover_project,no,,1,2022-08-26,2022-08-26,"[2022-08-26] Quy Vo-PTDT 8/26/2022 2:20 PM KĐT gửi Mr.Tuấn Tuan Tran-CEO Báo cáo Dự án khu dân cư cao tầng Ngọc Hồi với tổng diện tích đất thực hiện dự án là 24,282 m2 (giá chào bán khoảng 1,500 tỷ tương đương 61.7 tr/m2) tại 486 Ngọc Hồi, Thị Trấn Văn Điển, Huyện Thanh Trì, Tp.Hà Nội: 1. Vị trí dự án: - Dự án nằm tại đường Ngọc Hồi nối quốc lộ 1A hướng chính của cửa ngõ phía Nam Thủ Đô gần mạng lưới giao thông thuận tiện như tuyến đường trên cao vành đai 3, tuyến cao tốc Hà Nội - Ninh Bình. Dự án có bán kính cách CBD Hà Nội khoảng 9.5 Km. Cách dự án về phía Nam 2.5 Km là tổ hợp ga Depot Ngọc Hồi với tổng diện tích 171 ha. - Mặt tiền dự án hiện tại tiếp giáp tuyến đường sắt Bắc Nam (quy hoạch trong tương lai là tuyến đường sắt đô thị, tuyến Yên Viên – Ngọc Hồi). 2. Pháp lý đất: - Giấy chứng nhận quyền sử dụng đất (chưa có hồ sơ). - Quyết định về việc cho phép công ty CP Tổng Bách Hóa chuyển mục đích sử dụng đất 35,896 m2 để thực hiện dự án đầu tư xây dựng Khu nhà ở. (chưa có hồ sơ). - Quyết định về phê duyệt giá thu tiền sử dụng đất và tiền thuê đất của dự án đầu tư xây dựng khu nhà ở. (chưa có hồ sơ). 3. Pháp lý đầu tư: - Chấp thuận chủ trương đầu tư số 795/QĐ-UBND tuy nhiên thông tin chưa thể"
BDS-CURATED-0093,không đạt hiệu quả tài chính với giá chào chuyển nhượng là 280 tỷ đồng (chưa bao gồm tiền CMĐSDĐ) - Để dự án đ,needs_name_or_parent_review,yes,bad_name_length,1,2022-12-14,2022-12-14,"[2022-12-14] Thao L - INVT 12/14/2022 11:09 AM Kết luận: - Dự án không đạt hiệu quả tài chính với giá chào chuyển nhượng là 280 tỷ đồng (chưa bao gồm tiền CMĐSDĐ) - Để dự án đạt hiệu quả tài chính thì giá nhận chuyện nhượng dự án từ 204 tỷ đồng (~1,34tr/m2; IRR:20%) – 250 tỷ đồng (~1,65tr/m2; IRR:15%) chưa bao gồm tiền CMĐSDĐ.. Ghi chú: - Chỉ nhận chuyển nhượng dự án khi chủ trương đầu tư dự án được phép phân lô bán nền. - Giả định: + Chủ trương đầu tư cho phép dự án phân lô bán nền => Phải hoàn thiện hạ tầng và xây dựng thô các tiện ích mới được sang tên GCNQSDĐ cho khách hàng (hiện nay các dự án ở Bình Phước chưa ra sổ, sang tên cho khách hàng vì chỉ hoàn thiện hạ tầng mà không hoàn thiện các tiện ích (TMDV, trường học, y tế, công cộng,…) kèm theo). + Quỹ đất dành cho NOXH chiếm 20% quỹ đất ở so với đối tác dự tính chỉ 10% quỹ đất ở + XD thô các công trình công công, TMDV => bán dự án thành phần. * Nguồn dự án: Ms. Xuân - Trường phòng Nguồn vốn. * Thông tin thị trường: Hỗ trợ P. R&D. * Link vị trí: https://goo.gl/maps/u7HMUhYJqdPGD9dz6 * Link hồ sơ: https://belgroupvn.sharepoint.com/:f:/s/BeeGroupCEOOffice-03.KhiuT/EtYngSxT-mdGhwMPwLcn5ssB6y44zSOy-E3U8Ny6gpGP9A?e=7lADhv Vị trí dự án: image by"
BDS-CURATED-0176,này nhé,needs_name_or_parent_review,yes,chat_sentence_name; needs_parent_name_extraction,1,2025-09-29,2025-09-29,"[2025-09-29] Mr Mike1 -CEO 9/29/2025 9:30 AM https://maps.app.goo.gl/LU2Nvzo1LBLur6Tj6 Hiyori Aqua Tower · 03 Khu A2-1, Thọ Quang, Sơn Trà, Đà Nẵng 84236, Vietnam ★★★★★ · Apartment building maps.app.goo.gl Lấy cho anh thông tin dự án này nhé. by Unknown User"
BDS-CURATED-0162,Cù lao Tân Vạn với 02 nội dung,needs_name_or_parent_review,yes,needs_parent_name_extraction,1,2025-05-22,2025-05-22,"[2025-05-22] Huy M - IM 5/22/2025 6:29 PM Translate K.ĐT báo cáo CEO Mr Mike1 -CEO về Cập nhật Dự án Cù lao Tân Vạn với 02 nội dung như sau: 1. Phương án Vay và cấu trúc Deal 2. Cập nhật lại hiệu quả FS Nội dung chi tiết như sau: 1. Phương án Vay và cấu trúc Deal: * Về đề bài Tập đoàn có 40% cash và làm việc với TTC để lên phương án vay tương ứng cùng cấu trúc Deal. Sau khi trao đổi và làm việc thì TTC đề xuất phương án vay và cấu trúc Deal như sau: a. Đối với phương án vay: - Phần mua 72 căn: Thanh toán 95% bằng cash (~1.092 tỷ) - Phần mua 219 nền: Thanh toán 30% cọc bằng cash (~1.441 tỷ) và vay 65% còn lại (3.123 tỷ) – giải ngân theo tiến độ => Như trên tổng số tiền tươi Tập đoàn chi ra là ~ 2.478 tỷ (42%) b. Hình thức vay: - Mục đích vay: Cty bên Mua Ký hợp đồng nguyên tắc nhận chuyển nhượng nhà của 72 căn nhà đất và 219 nền đất . - Chứng minh khả năng trả nợ, lãi: Công ty bên Mua có dòng tiền, chứng minh dòng tiền trả nợ chủ yếu từ phương án kinh doanh tại chính dự án TV (mua sỉ & bán lẻ). - Tài sản đảm bảo: là tài sản chính các nền đất tại Tân Vạn & Tài sản bổ sung thêm của bên mua. *Đối với phương án vay này thì TTC chưa officical làm việc nhưng đã có trao đổi nội bộ và đánh giá phương án"
BDS-CURATED-0131,Swan Park và Swan Bay,needs_name_or_parent_review,yes,needs_parent_name_extraction,6,2023-06-10,2023-06-13,"[2023-06-13] Sinh Nguyen-Dau Tu 6/13/2023 1:54 PM K.ĐT báo cáo anh Tuan Tran-CEO về so sánh Giá bán đất (sau khi trừ CTXD) giữa dự án Swan Park và Swan Bay như sau: Giá bán đất Nhà phố hiện tại của SwanBay cao hơn SwanPark khoảng 120% – 150%. Nếu thời điểm 2022 thì cao hơn khoảng 70% – 80% Giá bán đất Biệt thự song lập hiện tại của SwanBay cao hơn SwanPark khoảng từ 30% - 50%. Nếu thời điểm 2022 thì cao hơn khoảng 10% - 20%. Giá bán đất Biệt thự đơn lập hiện tại của SwanBay cao hơn SwanPark khoảng từ 110% - 160%. Nếu thời điểm 2022 thì cao hơn khoảng 80% - 100%. Giá bán đất Shophouse hiện tại của SwanBay cao hơn SwanPark khoảng 40% - 50%. Nếu thời điểm 2022 thì cao hơn khoảng 5%. Giá bán đất Dinh thự hiện tại của SwanBay cao hơn SwanPark khoảng 210% - 310%. Nếu thời điểm 2022 thì cao hơn khoảng 200% - 300%. Giá bán đất Dinh thự (sau khi tách CTXD) của SwanBay cao hơn SwanPark rất nhiều sau khi chưa tách đất và CTXD là do: Diện tích sàn xây dựng Dinh thự tại SwanBay nhỏ (1 trệt, 1 lầu, 300 – 500 m²) nên khi khấu trừ giá trị xây dựng sẽ thấp hơn so với SwanPark có diện tích xây dựng rất lớn (1 trệt, 2 lầu, 866 - 1000 m²) Sản phẩm Dinh thự ở SwanBay là Unique và có thể đơn giá xây dựng SwanBay cao --- [2023-06-10] Sinh Nguyen-Dau Tu 6/10/2023 9:38 AM K.ĐT báo cáo anh Tuan Tran-CEO về so sánh Giá giữa dự án Swan Park và Swan Bay như sau: Giá 2 dự án có sự khác biệt nhau rõ rệt bởi "
BDS-CURATED-0236,THTT,needs_name_or_parent_review,yes,needs_parent_name_extraction,1,2025-03-05,2025-03-05,"[2025-03-05] Thoi L - ASST. 3/5/2025 4:04 PM Translate Quyết định phê duyệt phương án đấu giá QSDĐ Khu công cộng, dịch vụ ĐT tại dự án THTT, giải trí và thương mại tại Phường hòa Xuân , Q Cẩm lệ, TP đà nẵng. Gửi team đầu tư thông tin và tư vấn CEO nhé. QĐ 418 Phe duyet PADDG Khu Cong cong, DVĐT tại dự án THTT, GTTM tại P Hòa Xuân. 1.pdf Begin quote, Thoi -Tro Ly GD , 3/5/2025 4:0... by Huy M - IM"
BDS-CURATED-0340,Văn phòng – An Phú,needs_name_or_parent_review,no,needs_parent_name_extraction,2,,,"[] P.ĐT xin báo cáo sếp Admin 01 về dự án Văn phòng – An Phú, mặt tiền đường Mai Chí Thọ, phường An Phú, TP. Thủ Đức (Quận 2 cũ), TP.Hồ Chí Minh như sau: 1/ Pháp lý: Do dự án đã hết hạn chấp thuận chủ trương đầu tư từ năm 2010, nên sẽ có khả năng vướng các vấn đề sau: Gia hạn chấp thuận chủ trương đầu tư: Khó gia hạn do phải rà soát lại pháp lý (bị chồng chéo), quy hoạch và năng lực chủ đầu tư. Chưa hoàn thành nghĩa vụ tài chính: Khó xác định đầy đủ nghĩa vụ, có thể bị truy thu và phát sinh chi phí. Chưa đóng góp kinh phí hạ tầng chính: Khó xác định quy hoạch và nghĩa vụ các bên, ảnh hưởng tiến độ. 2/ Quy hoạch Chỉ tiêu xây dựng của khu đất văn phòng - Mật độ xây dựng: 92,8% - Hệ số sử dụng đất: 21,7 - Tổng diện tích GFA (bao gồm hầm và kỹ thuật): 52.419m² - Số tầng: 2 hầm + 27 tầng (trong đó 6 tầng thương mại và 19 tầng văn phòng + 2 tầng kỹ thuật) - Số chỗ để xe: 586 chỗ xe máy và 152 chỗ xe ô tô 3/ Hiệu quả đầu tư Doanh thu: Giả định dự án vận hành trong 30 năm Chi phí Hiệu quả dự án Với giá mua đất là 246 tỷ VNĐ (tương đương 94 Tr.VNĐ/m2 đất) và giá cho thuê văn phòng là 34$/m2 thì dự án có IRR đạt 15%. 4/ Độ nhạy dự án =>Dự án đạt hiệu quả với giá mua đất (Đã đủ điều kiện chuyển --- [] P.ĐT xin báo cáo sếp Admin 01 về dự án Văn phòng – An Phú, mặt tiền đường Mai Chí Thọ, phường An Phú, TP. Thủ Đức (Quận 2 cũ), TP.Hồ Chí Minh như sau: 1/ Pháp lý: Do dự án đã hết hạn chấp th"
BDS-CURATED-0153,căn hộ Đức Long Western Park Dự án Đức Long Western Park tại quận Bình Tân,recover_project,yes,,1,2025-04-03,2025-04-03,"[2025-04-03] Huy M - IM 4/3/2025 2:45 PM Translate Các vướng mắc của dự án căn hộ Đức Long Western Park Dự án Đức Long Western Park tại quận Bình Tân, TP.HCM do Công ty CP Đầu tư Kinh doanh Bất động sản Đức Long Gia Lai (Đức Long Gia Lai Land) làm chủ đầu tư đã gặp phải nhiều vấn đề pháp lý và tranh chấp với khách hàng. Dưới đây là chi tiết các vướng mắc chính: 1. Pháp lý chưa hoàn thiện Dự án chưa được cấp phép xây dựng, chưa phê duyệt tổng mặt bằng chi tiết tỷ lệ 1/500, chưa nghiệm thu cơ sở hạ tầng kỹ thuật, và chưa đủ điều kiện để giao dịch kinh doanh bất động sản theo quy định của Luật Kinh doanh Bất động sản năm 2014124. Quyết định chấp thuận chủ trương đầu tư và công nhận chủ đầu tư đã hết hiệu lực, khiến dự án không thể triển khai trong thời gian ngắn14. 2. Huy động vốn trái phép Chủ đầu tư đã ký hợp đồng đặt cọc với khách hàng từ năm 2017 – 2018, dù dự án chỉ là bãi đất trống và chưa đủ điều kiện kinh doanh35. Việc huy động vốn trước khi hoàn thành phần móng của tòa nhà là vi phạm Điều 55 Luật Kinh doanh Bất động sản năm 201423. 3. Quảng cáo sai sự thật Dự án được cấp phép xây dựng với quy mô 15 tầng nhưng bị quảng cáo là có chiều cao 21 tầng, vượt quá số tầng được phê duyệt16. Việc nà"
BDS-CURATED-0209,là 300 tỷ - Độ nhạy Lợi nhuận trước thuế / Tổng mức đầu tư của dự án với 2 biến số,recover_project,yes,,1,,,"[] P.ĐT báo cáo anh Mr Mike1 -CEO về cập nhật độ nhạy Lợi nhuận trước thuế / Tổng mức đầu tư giữa đơn giá đóng tiền sử dụng đất và hệ số sử dụng đất toàn khu của dự án 1,6ha Phan Văn Hớn như sau: - Chi phí chuyển nhượng của dự án là 300 tỷ - Độ nhạy Lợi nhuận trước thuế / Tổng mức đầu tư của dự án với 2 biến số: Biến số 1: Đơn giá đóng tiền sử dụng đất trên tổng diện tích đất phù hợp quy hoạch Biến số 2: Hệ số sử dụng đất toàn khu (tầng cao và dân số phải tăng thêm tương ứng với hệ số sử dụng Đất) Xuất pdf dùm a. Hình này load ko đc by Unknown User"
BDS-CURATED-0211,nhà ở thương mại thông qua thỏa thuận về nhận quyền sử dụng đất hoặc đang có quyền sử dụng đất để thể chế hóa,needs_name_or_parent_review,yes,bad_name_length; needs_parent_name_extraction,2,2024-11-22,2024-11-22,"[2024-11-22] Thoi L - ASST. 11/22/2024 9:39 AM https://m.cafef.vn/dai-bieu-quoc-hoi-khong-co-chuyen-lay-dat-lua-dat-nong-nghiep-mot-cach-dai-tra-tran-lan-de-lam-nha-o-thuong-mai-188241121144902763.chn Đại biểu Quốc hội: Không có chuyện lấy đất lúa, đất nông nghiệp một cách đại trà, tràn lan để làm nhà ở thương mại Đại biểu Trịnh Xuân An, Đoàn ĐBQH tỉnh Đồng Nai bày tỏ, việc thí điểm thực hiện dự án nhà ở thương mại thông qua thỏa thuận về nhận quyền sử dụng đất hoặc đang có quyền sử dụng đất chỉ áp dụng với ... m.cafef.vn ""Kết luận nội dung thảo luận, Phó Chủ tịch ... by Thoi L - ASST. --- [2024-11-22] Thoi L - ASST. 11/22/2024 9:41 AM Translate ""Kết luận nội dung thảo luận, Phó Chủ tịch Quốc hội Nguyễn Đức Hải cho biết, các đại biểu nhất trí cần thiết ban hành Nghị quyết thí điểm thực hiện dự án nhà ở thương mại thông qua thỏa thuận về nhận quyền sử dụng đất hoặc đang có quyền sử dụng đất để thể chế hóa chủ trương của Đảng, tăng thêm điều kiện tiếp cận đất đai cho phát triển nhà ở thương mại, góp phần phát triển kinh tế xã hội, tăng nguồn cung nhà ở, đáp ứng nhu cầu của người dân."" (heart) by Huy M - IM"
BDS-CURATED-0327,Bale tại Mũi Né,needs_name_or_parent_review,no,needs_parent_name_extraction,2,2023-05-15,2023-06-09,"[2023-06-09] Trieu Nguyen-PTDT 6/9/2023 5:47 PM Edited KĐT gửi anh Tuan Tran-CEO đánh giá lại dự án Bale tại Mũi Né, Phan Thiết, có giá chào bán được điều chỉnh giảm còn 2.000.000 đồng/m2 đất kèm theo cam kết chủ đầu tư hoàn thành việc cấp phép đóng tiền thuê đất 1 lần, hoàn thành đường kết nối và công tác đền bù, cụ thể: 1/ Vị trí: + Dự án nằm tại hẻm của đường Nguyễn Đình Chiểu (đường ven biển), không có mặt tiền biển hay mặt tiền đường ven biển, cách bãi biển khoảng 500m, có khu dân cư chắn ngang ở hướng ra biển 2/ Tham khảo đánh giá của Phòng Pháp lý a/ Pháp lý đất: Đất thương mại dịch vụ trả tiền thuê đất hàng năm đến năm 2059 b/ Pháp lý đầu tư: Dự án được phép bán – cho thuê công trình xây dựng trên đất, đối chiếu các quy định hiện hành liên quan thì Dự án đủ điều kiện để tách (các) Quyền sử dụng đất riêng rẽ theo QHCT 1/500 đã duyệt sau khi hoàn tất xây dựng công trình, cụ thể: + Mỗi lô đất sẽ cấp Giấy CNQSD đất với hình thức sử dụng là “Thuê đất trả tiền hàng năm”, thời hạn cấp lần đầu theo thời hạn Dự Án (đến năm 2059). + Mỗi lô đất đã có Công trình xây dựng, sẽ cấp GCNQSH công trình trên đất. + Lưu ý: mỗi lô đất sẽ có 02 “Sổ hồng” – Sổ đất và sổ công trình trên đất như trên. c/ Lưu ý: --- [2023-05-15] Trieu Nguyen-PTDT 5/15/2023 3:33 PM KĐT gửi anh Tuan Tran-CEO đánh giá lại dự án Bale tại Mũi Né, Phan Thiết, cụ thể: 1/ Vị trí: + Dự án nằm tại hẻm của đường Nguyễn Đìn"
BDS-CURATED-0188,Hoà Xuân 15h by Unknown User,needs_name_or_parent_review,yes,needs_parent_name_extraction,1,2025-08-04,2025-08-04,[2025-08-04] Huy M - IM 8/4/2025 7:25 AM Translate Hôm nay Team sẽ báo Sếp: Đấu giá 37 ha 2. Đấu giá 77 ha 3. NOXH Đông Trung 4. 2 Khu đất Hoà Xuân 15h by Unknown User
BDS-CURATED-0339,Richland,needs_name_or_parent_review,no,needs_parent_name_extraction,1,,,"[] Phòng Đầu tư xin báo cáo Sếp Admin 01 về cập nhật dự án Richland, diện tích 4,8 ha đường Lê Văn Việt, Quận 9 cũ như sau: I. Tóm tắt tình trạng pháp lý dự án: Diện tích đất thực hiện dự án là 48.380 m2, trong đó diện tích đất có Giấy chứng nhận là 38.528 m2 (gồm 4 sổ là đất ở đô thị, lâu dài), còn thiếu khoảng 9.852 m2 đất chưa có thông tin. Dự án đã được cấp GPXD năm 2008, đã xây dựng móng và hầm đến nay gần 18 năm. => không còn sử dụng được và phải tốn thêm chi phí phá dỡ công trình. Dự án chưa hoàn thành nghĩa vụ tài chính dự án theo chỉ tiêu QH được phê duyệt thời điểm 2008. Dự án thời điểm này chưa phải dành ra 20% diện tích làm Nhà ở xã hội, và hiện trạng có đường dây điện cao thế ngang qua khu đất cũng là điểm hạn chế và có thể phải phát sinh thêm chi phí hạ ngầm đường điện cao thế. II. Tóm tắt chỉ tiêu Quy hoạch: Diện tích đất toàn khu: 48.379,59 m2 Hệ số sử dụng đất toàn khu: 4,99 lần Quy mô dân số: 6.972 người Quy mô xây dựng: +01 tháp văn phòng A, 18 tầng, mặt tiền Lê Văn Việt +03 tháp căn hộ B,C,D 21 đến 27 tầng, 2 hầm, gồm 1.743 căn hộ với dt bình quân lớn ~ 98 m2/căn. +01 khối nhà trường mẫu giáo 2 tầng, dt đất 2.800 m2. => Hạn chế: Tỷ lệ thương phẩm căn hộ theo thiết"
BDS-CURATED-0200,cảng tổng hợp và container Cái Mép Hạ được đề xuất đầu tư với tổng vốn 50,needs_name_or_parent_review,yes,needs_parent_name_extraction,2,2024-06-03,2024-06-03,"[2024-06-03] Huy M - IM 6/3/2024 9:16 AM https://vnexpress.net/de-xuat-dau-tu-sieu-cang-cai-mep-ha-don-tau-bien-lon-nhat-the-gioi-4753385.html Đề xuất đầu tư 'siêu cảng' Cái Mép Hạ đón tàu biển lớn nhất thế giới Bà Rịa - Vũng Tàu- Dự án cảng tổng hợp và container Cái Mép Hạ được đề xuất đầu tư với tổng vốn 50.820 tỷ đồng, quy mô 351 ha, có thể đón các tàu biển lớn nhất thế giới. vnexpress.net --- [2024-06-03] Huy M - IM 6/3/2024 9:16 AM https://vnexpress.net/de-xuat-dau-tu-sieu-cang-cai-mep-ha-don-tau-bien-lon-nhat-the-gioi-4753385.html Đề xuất đầu tư 'siêu cảng' Cái Mép Hạ đón tàu biển lớn nhất thế giới Bà Rịa - Vũng Tàu- Dự án cảng tổng hợp và container Cái Mép Hạ được đề xuất đầu tư với tổng vốn 50.820 tỷ đồng, quy mô 351 ha, có thể đón các tàu biển lớn nhất th"
BDS-CURATED-0258,quy mô trên 1000 ha trước khi Nova bị mất thanh khoản định xúc tiến ở Bà Rịa,needs_name_or_parent_review,yes,needs_parent_name_extraction,2,2024-12-16,2024-12-16,"[2024-12-16] Huy M - IM 12/16/2024 8:56 PM Translate Các dự án quy mô trên 1000 ha trước khi Nova bị mất thanh khoản định xúc tiến ở Bà Rịa, Phú Yên, Bình Định đều phải đấu thầu Begin quote, Huy Mai-PTDT , 12/16/2024 8:56... by Unknown User --- [2024-12-16] Huy M - IM 12/16/2024 8:56 PM Các dự án quy mô trên 1000 ha trước khi Nova bị mất thanh khoản định xúc tiến ở Bà Rịa, Phú… Nghiên cứu xem đấu như thế nào anh. Đấu xong rồi giải phóng mb như thế nào Kêu mng nghiên cứu đi by Unknown User"
BDS-CURATED-0298,trong kế hoạch đấu giá năm 2026 trên địa bàn tỉnh Đồng Nai,needs_name_or_parent_review,yes,chat_sentence_name; needs_parent_name_extraction,1,,,"[] P.ĐT báo cáo sếp Mr Mike1 -CEO danh sách các khu đất trong kế hoạch đấu giá năm 2026 trên địa bàn tỉnh Đồng Nai như sau: Theo thông tin mà P.ĐT nhận được từ P.Pháp lý, danh sách đấu giá tại Đồng Nai này được chia làm 3 phụ lục với thứ tự ưu tiên từ thấp đến cao. + Phụ lục 1: Nhóm khu đất đã được duyệt giá khởi điểm và chuyển tiếp từ 2025 (là các khu đất đang thực hiện quy trình đấu giá từ cuối 2025) + Phụ lục 2: Nhóm khu đất tập trung nguồn lực, phấn đấu thực hiện đấu giá trong 2026 (ưu tiên nghiên cứu) + Phụ lục 3: Nhóm khu đất phải lập thủ tục GPMB"
BDS-CURATED-0145,High và West của LDG (nguồn từ anh Dũng),needs_name_or_parent_review,yes,needs_parent_name_extraction,1,,,"[] Phòng ĐT xin báo cáo Sếp Admin 01 về 2 dự án High và West của LDG (nguồn từ anh Dũng) như sau: Vị trí và ranh đất 2 dự án: Bản đồ 2 khu đất LDG - High + West Intela - Google マイマップ Tóm tắt những rủi ro về pháp lý 2 DA: (i) . Rủi ro pháp lý và nghĩa vụ tài chính: Đối tác ước tính nghĩa vụ tài chính bổ sung khoảng 270 tỷ đồng cho hai dự án. Tuy nhiên, cơ sở xác định số liệu này chưa rõ ràng. Do dự án chưa hoàn tất nghĩa vụ tài chính từ giai đoạn 2017-2018, cần thực hiện báo cáo thẩm định pháp lý chuyên sâu để xác định chính xác số tiền phải nộp và các rủi ro phát sinh. (ii) . Sự lỗi thời của phương án thiết kế: Thiết kế dự án từ năm 2017 đến nay đã lạc hậu về công năng và thị hiếu. Cơ cấu sản phẩm không còn tối ưu khi 65% là căn hộ 2 phòng ngủ (diện tích khoảng 60 m2), dẫn đến tổng giá trị mỗi căn hộ cao, gây khó khăn cho tính thanh khoản trong bối cảnh thị trường hiện nay. (iii). Rủi ro chất lượng công trình (xuống cấp): Các dự án đã ngưng thi công trong thời gian dài (phần ngầm dang dở), gần 10 năm, đã xuống cấp trầm trọng và giảm khả năng chịu lực hoặc sụt lún công trình. Đặc biệt, hệ thống hiện hữu có thể không đáp ứng các tiêu chuẩn an toàn quy chuẩn mới, dẫn đến rủi ro phải phá"
BDS-CURATED-0155,là tính khả thi của công tác giải phóng mặt bằng khi diện tích nhà dân nằm xen cài nhiều trong ranh đất dự án,needs_name_or_parent_review,yes,bad_name_length,1,2023-06-23,2023-06-23,"[2023-06-23] Unknown User 6/23/2023 9:51 AM Này giờ xin chủ trương để đó 10-15 năm sau làm có vẻ ổn nhỉ, chứ giờ mà làm thì lỗ chết Đối với KCN Liễu Sơn - Thái Hoà 1 đã được Thủ tướng bổ sung vào quy hoạch KCN tỉnh Vĩnh Phúc từ năm 2009 (đã 14 năm). Có QH 1.2000 từ nằm 2013 (đã 10 năm). Vấn đề khó khăn nhất của dự án là tính khả thi của công tác giải phóng mặt bằng khi diện tích nhà dân nằm xen cài nhiều trong ranh đất dự án nên dù đã có các pháp lý để thực hiện nhưng 10 – 14 năm nay có thể vì vấn đề này mà chưa triển khai được. Và vì là dự án thương mại nên chủ đầu tư sẽ tự thực hiện giải phóng mặt (nhà nước không can thiệp được theo hình thức cưỡng chế) sẽ dẫn chi phí GPMB cao và sẽ bị chôn vốn kéo dài cho vấn đề này. Do đó chi phí vốn của mình sẽ cao dẫn đến giá cho thuê đầu ra của mình khó cạnh tranh được trong khu vực. ok a by Unknown User"
BDS-CURATED-0257,phường Phú Thọ Hòa,needs_name_or_parent_review,yes,needs_parent_name_extraction,1,,,"[] P.ĐT xin báo cáo Sếp Admin 01 về khu đất phường Phú Thọ Hòa, Quận Tân Phú, TP HCM (Nguồn Sếp Tâm) như sau: 1. Pháp lý đất: Diện tích: 13,907.5 m2 Mục đích: Đất trồng cây lâu năm Thời hạn: 50 năm ( 07/2011 – 07/2061) Nguồn gốc"
BDS-CURATED-0156,theo Sổ cấp 2017 là 10,needs_name_or_parent_review,yes,chat_sentence_name; needs_parent_name_extraction,1,,,"[] P.ĐT báo cáo Sếp Mr Mike1 -CEO về khu đất 10,052.1 m2 tại 1691/3N (Quốc lộ 1A), P.An Phú Đông, Quận 12, TP HCM như sau: 1. Tóm tắt sơ bộ hiện trạng pháp lý dự án: a) Vị trí và ranh dự án: https://maps.app.goo.gl/bKZVkKUcnYGRLJWw5 b. Sơ bộ hiện trạng pháp lý: Tổng diện tích khu đất theo Sổ cấp 2017 là 10,052.1 m2, đất SKC, thời hạn sử dụng đất lâu dài (theo tham khảo"
BDS-CURATED-0337,Felicia,recover_project,no,,3,2025-06-28,2025-06-28,"[2025-06-28 | BDS-MASTER-0030] [2025-06-28] Thao L - INVT 6/28/2025 5:17 PM Edited Translate K.ĐT báo cáo anh Mr Mike1 -CEO về dự án Felecia, Đà Nẵng với phương án 100% là Vốn chủ sở hữu, không vay như sau: 1. THÔNG TIN SƠ BỘ: a. Giá chuyển nhượng (bao gồm đất + CTXD tòa khách sạn): 600 tỷ, trong đó tạm tính: - Giá chuyển nhượng đất: 500 tỷ - Giá chuyển nhượng CTXD đã hoàn thiện phần thô khoảng 100 tỷ ~ 4.5tr/m2 sàn (tạm tính thận trọng) b. Pháp lý: GCNQSDĐ: Đất cơ sở sản xuất, kinh doanh – Thời hạn 2060 (tạm tính) - Nhà nước giao đất có thu tiền SDĐ. 2. THÔNG SỐ QUY HOẠCH Khách sạn 5 sao với quy mô: 25 tầng + 2 hầm, tổng sàn xây dựng 22,204m2 với 250 phòng. 3. TIẾN ĐỘ XÂY DỰNG - BÁN HÀNG - VẬN HÀNH 4. TỔNG HỢP THÔNG SỐ VẬN HÀNH – Không vay, chưa VAT 5. HIỆU QUẢ TÀI CHÍNH Với Phương án sử dụng 100% Vốn chủ sở hữu không vay: - TMĐT gồm VAT: 1,149 tỷ - 100% Vốn chủ sở hữu Trong 10 năm đầu vận hành: - %EBITDA/TMĐT trong 03 năm đầu vận hành (1, 2, 3): 6% - 7% - %EBITDA/TMĐT trong 03 năm kế (4, 5, 6): 8% - 9% - %EBITDA/TMĐT trong 4 năm kế (7, 8, 9, 10): 10% - 12% => Tỷ suất khá thấp và kém hấp dẫn Link map: https://maps.app.goo.gl/u5QRXoNjSCh5uxRx5 Gửi a David coi by Unknown User --- [2025-06-28 | BDS-MASTER-0419] [2025-06-28] Thao L - INVT 6/28/2025 5:17 PM K.ĐT báo cáo anh Mr Mike1 -CEO về dự án Felecia, Đà Nẵng với phương án 100% là Vốn chủ… Ebitda ở đay là số như thế nào EBITDA "
BDS-CURATED-0361,Khu Công Nghiệp Và Khu Phi Thuế Quan Xuân Cầu tại Khu Cảng Cửa Ngõ Quốc Tế Lạch Huyện,needs_name_or_parent_review,no,needs_parent_name_extraction,2,2024-01-09,2024-01-09,"[2024-01-09 | BDS-MASTER-0039] [2024-01-09] Thao L - INVT 1/9/2024 5:12 PM K.ĐT báo cáo anh Tuan Tran-CEO về dự án Khu Công Nghiệp Và Khu Phi Thuế Quan Xuân Cầu tại Khu Cảng Cửa Ngõ Quốc Tế Lạch Huyện, Khu Kinh Tế Đình Vũ – Cát Hải, Thành Phố Hải Phòng như sau: I. HIỆN TRẠNG DỰ ÁN 1. Vị trí: Thuộc khu vực cảng cửa ngõ quốc tế Lạch Huyện, Khu kinh tế Đình Vũ - Cát Hải, Thành phố Hải Phòng. Đối diện cảng số 1 đến số 12 thuộc Zone 4 Cảng nước sâu Quốc tế Lạch Huyện. 2. Quy mô và tính chất: Dự án có diện tích 752Ha thuộc Khu Phi thuế quan, trong đó: 369Ha khu sản xuất công nghiệp và 173Ha khu dịch vụ kho bãi – logistics. 3. Thời gian vận hành: 2021-2071: Còn 47 năm. 4. Hiện trạng: đã được san lấp khoảng 3% trên tổng diện tích dự án, chạy dọc song song với bến cảng số 1,2 (cảng 1, 2 đã đưa vào hoạt động) và cảng 3, 4, 5, 6 đang được xây dựng. 5. Pháp lý (theo như hồ sơ đối tác trình bày): Đã có Quyết định Chủ trương đầu tư; Giấy chứng nhận đăng ký đầu tư; Quy hoạch chi tiết 1/500; Bàn giao mặt biển; Bàn giao đất và Giấy phép xây dựng GĐ1. 6. Chính sách dành cho Khu phi thuế quan: - Ưu đãi thuế Xuất/nhập khẩu - Ưu đãi thuế Giá trị gia tang - Ưu đãi thuế Tiêu thụ đặc biệt - Ưu đãi thuế Thu nhập doanh nghiệp - Thủ tục h --- [2024-01-09 | BDS-MASTER-0247] [2024-01-09] Thao L - INVT 1/9/2024 5:12 PM K.ĐT báo cáo anh Tuan Tran-CEO về dự án Khu Công Nghiệp Và Khu Phi Thuế Quan Xuân Cầu tại"
BDS-CURATED-0192,Phú Gia Khiêm về việc điều chỉnh chỉ tiêu dân số,needs_name_or_parent_review,yes,needs_parent_name_extraction,5,,,"[] P.ĐT gửi anh Mr Mike1 -CEO cập nhật sau Cuộc họp dự án Phú Gia Khiêm về việc điều chỉnh chỉ tiêu dân số như sau: - Chỉ tiêu dân số của dự án PGK đang được tính: 3.973 dân, trong đó: + Dân số căn hộ ở: 3.500 dân + Dân số officetel: 473 dân - Chỉ tiêu dân số của dự án PGK dự kiến điều chỉnh: 3.67… Thao L - INVT Hi Thảo; PLDA cập nhật chốt xin giữ dân số cho PGK là 3800. Đầu tư trao đổi với QH và PLDA để nắm tt thêm; Các PA điều chỉnh cơ cấu sản phẩm sau này cũng dễ hơn. Begin quote, Thoi L - ASST., 12/17/2025 8:5... by Thao L - INVT --- [] P.ĐT gửi anh Mr Mike1 -CEO cập nhật sau Cuộc họp dự án Phú Gia Khiêm về việc điều chỉnh chỉ tiêu dân số như sau: - Chỉ tiêu dân số của dự án PGK đang được tính: 3.973 dân, trong đó: + Dân số căn hộ ở: 3.500 dân + Dân số officetel: 473 dân - Chỉ tiêu dân số của dự án PGK dự kiến điều chỉnh: 3.673 dân, trong đó: + Dân số căn hộ ở: 3.200 dân (giảm 300 dân so với chỉ tiêu ban đầu) + Dân số officetel: 473 dân (không thay đổi) - Với Quy định hiện tại về Tiêu chuẩn diện tích sàn thông thủy/người = 25m²/người, thì việc giảm chỉ tiêu dân số sẽ làm giảm Hiệu quả kinh doanh. - Tuy nhiên, Theo cách tính dân số căn cứ trên dự thảo xác định dân số TP.HCM cho căn hộ: Tiêu chuẩn diện tích sàn thông thủy/người = 32m²/người thì: Chỉ tiêu dân số dự kiến điều chỉnh (3.673 dân) đáp ứng quy định. Và đồng thời, P.QH và P.PLDA đảm bảo không làm thay đổi các chỉ tiê"
BDS-CURATED-0321,~38ha,needs_name_or_parent_review,no,needs_parent_name_extraction,1,,,"[] Hanh T - INVT 3/6 1:23 PM Edited Translate P. Đầu tư báo cáo Sếp Admin 01 về khu đất 35ha tại Kiên Giang (thuộc Châu Thành giáp ranh TP Rạch Giá), từ công ty CKG như sau: 1. Sơ bộ về khu đất: Vị trí và ranh đất: https://www.google.com/maps/d/edit?mid=1SAcLUqc-JTEBiY1uNXVoDUdI-a5wJd0&ll=10.002013642197713%2C105… Đường Lạc Hồng (xã Thạnh Lộc, H. Châu Thành, tỉnh Kiên Giang, nay là xã Thạnh Lộc. tỉnh An Giang). Pháp lý: Tổng diện tích đất khoảng 35ha/38,8ha lập dự án, chủ yếu là đất lúa. Hiện chưa lập dự án, định hướng xin Quyết định chủ trương đầu tư theo hướng tự thỏa thuận quyền sử dụng đất và vận dụng thí điểm diện tích mua gom >75% diện tích đất lập dự án ~38ha. Quy hoạch: Phòng Quy Hoạch tạm áp theo QH chung (do chưa có QH phân khu tại khu vực này sau khi sát nhập). Tổng diện tích dự án 38,8 ha,đất ở (bao gồm đất NOXH) là khoảng 60%, ~ 23,3 ha. Diện tích đất NOTM: 18,6 ha, gồm - Nhà ở liên kế 9,3 ha ~ 933 nền 100 m2 =>BÁN NỀN - Nhà ở liên kế shophouse 4,6 ha ~ 466 căn 1T1L +tum =>XÂY NHÀ BÁN - Nhà ở biệt thự 4,6 ha ~ 292 nền 160 m2 => BÁN NỀN Chung cư nhà ở xã hội 12 tầng, 1.850 căn. 2. Hiệu quả dự án: Tổng chi phí (chưa VAT) : 4.460 tỷ đồng. Tổng mức đầu tư (chưa VAT) : 3.955 t"
BDS-CURATED-0143,đạt hiệu quả LNTT/TMĐT ~ >=20% ở khung từ giá bán bình quân chưa VAT đạt từ 75 triệu/m2 trở lên chi phí đầu tư,needs_name_or_parent_review,yes,bad_name_length; needs_parent_name_extraction,1,,,"[] Phòng có chạy thêm độ nhạy theo 2 giả định: Cố định tiền sử dụng đất được khấu trừ ~ đơn giá 168 tr/m2: thay đổi giá bán căn hộ và thay đổi suất vốn đầu tư all-in thì dự án đạt hiệu quả LNTT/TMĐT ~ >=20% ở khung từ giá bán bình quân chưa VAT đạt từ 75 triệu/m2 trở lên chi phí đầu tư xây dựng chưa VAT từ dưới 12,7 tr/m2 all in (Theo bảng độ nhạy, vùng tô vàng) 2. Cố định giá bán căn hộ ~ đơn giá 68,8 tr/m2: thay đổi đơn giá đất được khấu trừ và thay đổi suất vốn đầu tư all-in thì tại mức đơn giá được khấu trừ tối đa ~ 185 tr/,2 = đơn giá đất thặng dư là không đóng thêm tiền sử dụng đất bổ sung) thì tỷ lệ LNTT/TMĐT chỉ đạt 10,8%. (theo bảng độ nhạy) Theo kết quả tính FS và chạy độ nhạy như trên thì trong trường hợp dự án tiền đất khấu trừ tốt nhất (bằng với đơn giá đất tính thặng dư =>không đóng thêm tiền sử dụng đất, đây là giả định lạc quan, thực tế khó mà đạt được) thì dự án vẫn chưa đạt hiệu quả kỳ vọng (chỉ đạt 10,8%) tại mức giá bán căn hộ đề xuất ~ 68,8 tr (chưa VAT). Như vậy, để dự án đạt hiệu quả thì giá bán căn hộ mang tính quyết định ưu tiên, từ 75 tr/m2 chưa VAT và tiền sử dụng đất được khấu trừ cao nhất có thể (tối thiểu từ 168 tr/m2)."
BDS-CURATED-0144,đạt tỷ lệ LNTT/TMĐT 15% ~ 290 tỷ đồng ~ đơn giá 137,needs_name_or_parent_review,yes,needs_parent_name_extraction,1,,,"[] P.ĐT có chạy bài toán ngược với tỷ lệ LLTT/TMĐT đạt 15 % và các điều kiện khác không đổi (giá bán căn hộ, giá xây dựng) thì giá mua tối đa để DA đạt hiệu quả là 291 tỷ đồng ~ đơn giá 137.8 triệu đồng/m2. 2 Đề xuất: Có thể xem xét cân nhắc tìm hiểu DA nếu Giá chào giảm xuống đến mức mà dự án đạt tỷ lệ LNTT/TMĐT 15% ~ 290 tỷ đồng ~ đơn giá 137.8 triệu đồng/m2. Trân trọng, Find local businesses, view maps and get driving directions in Google Maps. maps.app.goo.gl image by Hanh T - INVT"
BDS-CURATED-0071,(FS),needs_name_or_parent_review,no,needs_parent_name_extraction,1,,,"[] Phòng Đầu tư tính lại (có tham khảo anh Tài) Diện tích đất: 25.045,10 m2 (phù hợp quy hoạch) Diện tích đất: 25.045,10 m2 (phù hợp quy hoạch) Hệ số sử dụng đất: 10 lần Hệ số sử dụng đất: 7,2 lần Số tầng: 35 tầng (2 hầm, 2 tầng Shop TM, 2 tầng để xe nổi, 31 tầng căn hộ ở) Số tầng: 20 tầng (1 hầm, 2 tầng Shop TM, 2 tầng để xe nổi, 16 tầng căn hộ ở) Dân số: 3.411 dân Dân số: 3.411 dân Theo Quy hoạch PK thì hệ số là 10 lần, dân số 3.411 người. Tuy nhiên, qua tham khảo ý kiến từ phòng QH thì khu vực TPHCM cũ tính 32/m2 người, và để an toàn, P.Đầu tư tạm tính 28 m2/người, trên cơ sở gốc dùng hết dân số 3.411 dân => diện tích NFA căn hộ giảm đi khoảng 50.000 m2 sàn và hệ số tương ứng giảm xuống còn 7.2 lần, dư 2.8 hệ số, tầng cao giảm còn 20 tầng. P.ĐT cũng đã tính đến việc bố trí hệ số dư này cho căn officetel nhưng theo quy định mới thì officetel cũng phải tính dân số, do đó phòng chỉ tính thuần đủ dân số cho căn hộ ở, không hết hệ số. Theo đó, diện tích sàn xây dựng GFA và quy mô tầng cao cũng như diện tích thương phẩm tính lại đều giảm tương ứng so với số của đối tác đã tính, như sau: Nội dung Đối tác P.Đầu tư Chênh lệch Tầng cao 2 hầm, 35 nổi 1 hầm, 20 nổi giảm 1 hầm, -15 tầng GFA gồm"
BDS-CURATED-0326,(GỒM VAT) – 4,needs_name_or_parent_review,no,needs_parent_name_extraction,3,2025-09-11,2025-09-11,"[2025-09-11] Thao L - INVT 9/11/2025 5:28 PM Edited Translate K.ĐT báo cáo anh Mr Mike1 -CEO về Phương án Thấp tầng Phú Gia Khiêm như sau: 1. CHI PHÍ DỰ ÁN (GỒM VAT) – 4,847TỶ - Chi phí M&A: 700 tỷ - Chi phí pháp lý: 55 tỷ - Chi phí Chuyển mục đích tiền sử dụng đất: 550 tỷ ~ 17.5tr/m2 (Gấp 3.1 lần Đơn giá Nhà nước Mặt tiền đường Bình Chuẩn 67) - Tổng chi phí xây dựng all in: 2,197 tỷ + Chi phí xây dựng Hạ tầng, cảnh quan allin trên tổng diện tích dự án: 48 tỷ ~ 1.42tr/m2 đất + Chi phí xây dựng Chung cư all in (2 block: 30 tầng + tum + 2 hầm, hoàn thiện cơ bản): 2,088tỷ ~ 13tr/m2 sàn (cao hơn dự án Phượng Hoàng 12.2tr/m2 khoảng 7%) + Chi phí xây dựng Nhà liên kế all in (4 tầng, hoàn thiện bên ngoài, thô bên trong): 42 tỷ ~ 6tr/m2 sàn + Chi phí xây dựng Nhà trẻ all in (hoàn thiện bên ngoài, thô bên trong): 19 tỷ ~ 5.9tr/m2 sàn + Chi phí xây dựng Nhà mẫu: 16.5 tỷ - Chi phí lãi vay: 158 tỷ với lãi suất 9%/năm - Chi phí bán hàng: 786 tỷ~ 17% (Doanh thu chưa VAT) 2. DOANH THU DỰ ÁN (GỒM VAT) – 5,187 TỶ - Đơn giá bán Căn hộ từ 2026 - 2028: 40 - 42 - 43 - 45 tr/m2 sàn (chưa VAT, tim tường) - Doanh thu Căn hộ gồm VAT: 4,353 tỷ - Đơn giá bán Shophouse khối đế 2027 - 2028: 68 - 72 tr/m2 sàn (chưa VAT, tim --- [2025-09-11] Thao L - INVT 9/11/2025 5:28 PM Edited Translate K.ĐT báo cáo anh Mr Mike1 -CEO về Phương án Thấp tầng Phú Gia Khiêm như sau: 1. CHI PHÍ DỰ ÁN (GỒM VAT) – 4,847TỶ - Chi "
BDS-CURATED-0049,54ha liền kề sân bay Phan Thiết có giá chào 860-900 tỷ,recover_project,no,,1,2022-08-11,2022-08-11,"[2022-08-11] Trieu Nguyen-PTDT 8/11/2022 12:10 PM Edited KĐT gửi anh Tuan Tran-CEO báo cáo dự án 54ha liền kề sân bay Phan Thiết có giá chào 860-900 tỷ: Vị trí và hạ tầng giao thông kết nối - Dự án nằm sát cảng hàng không nội địa Phan Thiết đang trong giai đoạn hoàn thành Chủ trương đầu tư, đã hoàn thành công tác đền bù và giải phóng mặt bằng, phục vụ dân dụng và quốc phòng - Dự án nằm tiếp giáp đường 715, là tuyến đường kết nối đến đường Võ Nguyên Giáp - tuyến đường chính chạy về thành phố Phan Thiết, nằm cách đường Võ Nguyên Giáp khoảng 6.8km - Dự án cách biển 7.4km, cách thành phố Phan Thiết 24km 2. Đánh giá về sự ảnh hưởng sân bay Phan Thiết và các sân bay khác đến định hướng phát triển dự án bất động sản - Sân bay Long Thành là sân bay Quốc tế có quy mô 5300ha, phục vụ cho các chuyến bay quốc tế để các chuyên gia quốc tế và cư dân ở tỉnh thành khác đến Đồng Nai và các tỉnh thành lân cận để làm việc, vì định hướng phát triển quy hoạch sẽ hình thành nhiều Khu Công Nghiệp trong tương lai dẫn đến hình thành nhiều dự án khu đô thị ven sân bay nhằm phục vụ các cư dân từ nơi khác đến Đồng Nai sinh sống, - Sân bay Phù Cát: là sân bay đã hình thành và TP Quy Nhơn là 1 trong những thành phố du lịch"
BDS-CURATED-0102,Hải Âu tại Bãi Trường,needs_name_or_parent_review,no,needs_parent_name_extraction,1,2022-11-04,2022-11-04,"[2022-11-04] Thao L - INVT 11/4/2022 3:24 PM K.ĐT báo cáo anh Tuan Tran-CEO dự án Hải Âu tại Bãi Trường, Dương Tơ, Phú Quốc. Thông tin: Dự án có quy mô 11.2ha với giá chào chuyển nhượng là 1.100 tỷ tương ứng 9,7tr.đ/m2 (bao hồm hiện trạng có các công trình trên đất). Vị trí: Dự án nằm phía cuối Bãi Trường, có phần biển dài khoảng 250m, tiếp giáp đường Trần Hưng Đạo, cách dự án MeyHomes khoảng 2,3km. Hiện trạng: Dự án hiện có các công trình đang xây dựng, tuy nhiên không xác định rõ được tiến độ, quy mô, diện tích xây dựng và giá trị công trình hiện hữu. Pháp lý dự án: Pháp lý đất: GCN quyền sử dụng đất 8.37ha- đất TMDV đến 2082, nguồn gốc: Nhà nước giao đất có thu tiền sử dụng đất (đóng tiền thuê đất một lần, trong đó: Được giảm 50% tiền sử dụng đất theo quy định số 695/QĐ-CT ngày 11/06/2018 với diện tích 6.95ha.) Thời hạn còn lại: 60 năm. Phần còn lại là đất hành lang biển, đất giao thông sân bãi. Pháp lý đầu tư: Giấy chứng nhận đăng kí đầu tư. Mục tiêu dự án: Đầu tư Khu du lịch nghỉ dưỡng hỗ hợp với các chức năng: Nghỉ dưỡng, thương mại và các dịch vụ ven biển phục vụ cho khách du lich trong và ngoài nước. Thời gian hoạt động: 70 năm, từ 2012-2082. Tiến độ: Đến cuối quý III/2019: hoàn thành t"
BDS-CURATED-0319,chung cư Hòa Xuân (A2-3 & A2-4) 1,recover_project,no,,1,,,"[] P.ĐT báo cáo sếp hiệu quả dự án chung cư Hòa Xuân (A2-3 & A2-4) 1. Thông tin tổng quan a) Diện tích: 6.648 m2; Trong đó: + A2-3: 3.508 m2 + A2-4: 3.140 m2 b) Quy hoạch theo QHPK mới: + A2-3: 18 tầng, 880 dân, mđxd 73%, hệ số 12.4 (Thiết kế đc 12.4) + A2-4: 15 tầng, 804 dân (thiết kế được 682) , mđxd 76%, hệ số 12.2 (thiết kế được 10.6) 2. Hiệu quả: a) Giả định kinh doanh (tham chiếu báo cáo từ RnD): + Giá bán căn hộ: 55 – 60 tr/m2 (chưa VAT tim tường) + Giá bán shop: 80 tr/m2 (chưa VAT tim tường) + Nhà trẻ: cho thuê 3.5$/m2/tháng + Chi phí bán hàng: 19 %/doanh thu b) Giả định xây dựng: + Suất xây dựng: 13tr./m2 (gồm VAT), trang bị nội thất liền tường. + Suất Đầu tư all in: 15tr/m2 + Chi phí pháp lý: 36 tỷ (dành cho gđ xin GPXD, nghiệm thu, ra sổ) + Ls: 12%/năm c) Hiệu quả kinh doanh: LNTT: 956 tỷ LNST: 765 tỷ NPV: 512 tỷ IRR: 141% LNTT/TMĐT: 49,1% 300126_R D_De xuat PA phat trien 2 lo Hoa Xuan_full dat o.pdf Ủa giá mua là bao nhiêu by Admin 01"
BDS-CURATED-0154,cần kiểm tra xem có chuyển lên thổ cư để thực hiện dự án chung cư được hay không,needs_name_or_parent_review,yes,chat_sentence_name,1,2022-08-26,2022-08-26,"[] Phòng Pháp lý dự án cần kiểm tra xem có chuyển lên thổ cư để thực hiện dự án chung cư được hay không, và nêu rõ quy trình thực hiện dự án Phía đối tác chào bán hiện trạng - Nguồn: Mr. Nhựt - Link Map: https://goo.gl/maps/C86NnDNwQKH22Bek9- Link OneDrive: Dự án 1.2ha đường Thuận An Hòa, P. An Phú - OneDrive (sharepoint.com)"
BDS-CURATED-0117,hạ tầng trọng điểm quốc gia đang được triển khai như Đường DT 770B (LG 60m) khởi công xây dựng Quý I-2024,needs_name_or_parent_review,yes,bad_name_length; needs_parent_name_extraction,1,2023-11-27,2023-11-27,"[2023-11-27] Sinh Nguyen-Dau Tu 11/27/2023 3:24 PM KĐT gửi anh Tuan Tran-CEO về báo cáo Nghiên cứu Quỹ đất thuộc xã Tân Hiệp, huyện Long Thành, tỉnh Đồng Nai: 1/ Hạ tầng giao thông 1.1/ Hạ tầng trọng điểm Đồng Nai: ● Giao thông: Cao tốc Bến Lức – Long Thành, cao tốc Biên Hòa – Vũng Tàu, cao tốc Long Thành – Dầu Giây; Đường Vành Đai 3, đường Vành Đai 4; Đường Quốc lộ 51, đường DT770B, đường Nguyễn Ái Quốc (Đường 25C),… ● Sân bay quốc tế Long Thành ● Cảng quốc tế Cái Mép – Thị Vãi ● Đường sắt Biên Hòa – Vũng Tàu, Thủ Thiêm – Long Thành,… 1.2/ Hạ tầng khu vực nghiên cứu ● Cách nút giao cao tốc Bến Lức – Long Thành, cao tốc Biên Hòa - Vũng Tàu và Quốc lộ 51C khoảng 9km (đi theo tuyến đường Quốc lộ 51C vào nút giao) ● Cách nút giao cao tốc Biên Hòa – Vũng Tàu và đường Nguyễn Ái Quốc (Đường 25C) khoảng 16km ● Tiếp giáp tuyến đường DT770B (QH dự kiến 60m), dự kiến khởi công Quý I/2024, kết nối 4 huyện (Định Quán, Thống Nhất, Cẩm Mỹ và Long Thành) và 1 Thành phố (Long Khánh) 2/ Phân tích Swot a/ Điểm mạnh: Giáp KCN Tân Hiệp – Bàu Cạn, quy hoạch KCN 2.627ha (KCN thuộc xã Tân Hiệp là 1.333ha) lớn thứ 2 tỉnh Đồng Nai và lớn thứ nhất huyện Long Thành; Giáp KCN Phước Bình, quy hoạch khoảng 1.000ha Nằm gần n"
BDS-CURATED-0216,phân lô bán nền (không xây nhà) giá rẻ ở Nhơn Trạch,needs_name_or_parent_review,yes,chat_sentence_name; needs_parent_name_extraction,2,2023-07-03,2023-07-03,"[2023-07-03] Sinh Nguyen-Dau Tu 7/3/2023 3:17 PM K.ĐT (kết hợp P.R&D) gửi báo cáo anh Tuan Tran-CEO về khảo sát giá mặt tiền các trục đường chính - phía đông TP. Thủ Đức và các dự án phân lô bán nền (không xây nhà) giá rẻ ở Nhơn Trạch, T.Đồng Nai như sau: A/ Khảo sát giá mặt tiền các trục đường chính - phía đông TP. Thủ Đức (Quận 9): Nhận xét về thị trường: Đơn giá rao bán đất dựa trên cơ sở: Diện tích đất ưu tiên <200m² Giá giảm sâu khoảng 15-20% so với năm ngoái đối với những tài sản bị vướng trả lãi vay ngân hàng và chứng khoán. Đồng thời, tính thanh khoản thấp, ít tin rao Tỷ lệ chênh lệch ±10% trên giá niêm yết phụ thuộc vào: Chủ đất có bán gấp hay không, gần các tiện ích,… Hiện Cầu Long Đại đã có những bước thi công trở lại, đặc biệt là đã nối 2 đầu cầu giữa địa phận phường Long Phước và Vinhomes Grand Park Dự án đường Vành đai 3 TP.HCM vừa được chính thức khởi công có đoạn đi qua địa bàn quận 9 (cũ) nay là TP. Thủ Đức. Những tuyến đường chính hiện hữu (đường nhỏ, 2 làn xe ngược chiều) được hưởng lợi trực tiếp từ tuyến đường Vành đai này như được giảm tải, mạng lưới giao thông thuận tiện dễ dàng kết nối với các vùng lận cận. Đường Nguyễn Duy Trinh đoạn từ Cao tốc đến đường Tam Đa có đơn gi --- [2023-07-03] Sinh Nguyen-Dau Tu 7/3/2023 3:17 PM K.ĐT (kết hợp P.R&D) gửi báo cáo anh Tuan Tran-CEO về khảo sát giá mặt tiền các trục đường chính - phía đông TP. Thủ Đức và các dự án"
BDS-CURATED-0122,tuy có bãi biển đẹp,needs_name_or_parent_review,yes,chat_sentence_name; needs_parent_name_extraction,1,2024-04-01,2024-04-01,"[2024-04-01] Thao L - INVT 4/1/2024 12:13 PM Edited Translate K.ĐT báo cáo anh Tuan Tran-CEO về Khu đất nghiên cứu tại Tam Hải và Tam Hòa, huyện Núi Thành, tỉnh Quảng Nam (Nguồn Mr. Tâm) như sau: 1. Vị trí: Tam Hải và Tam Hòa, huyện Núi Thành, tỉnh Quảng Nam, gần giáp biển, cách: - Sân bay Chu Lai: 25Km- 35p - TP. Tam Kỳ: 20Km – 30p - TP. Hội An: 55Km – 1g10p - TP. Đà Nẵng: 100Km – 1g40p 2. Link maps: https://maps.app.goo.gl/E7ucSVc9hHKpPNDQ6 3. Tổng quan Quảng Nam: - Du lịch Quảng Nam tập trung chủ yếu tại các địa điểm như: Hội An, Mỹ Sơn và Cù lao Chàm. Thị trường du lịch năm 2023 hồi phục tích cực xấp xỉ gần bằng thời kỳ trước dịch 2019. - Khí hậu phân cực rõ 02 mùa: Mùa mưa và mùa khô: Mùa mưa không thuận lợi cho khai thác du lịch vì thường xuyên có lũ lụt, bão và ấp thấp. Chỉ có thể khai thác du lịch khoảng nửa năm vào mùa khô. 4. Định hướng phát triển khu vực khu đất đang nghiên cứu: Theo định hướng trên: - Khu vực hướng càng gần về cụm du lịch Hội An – Đà Nẵng (Thăng Bình, Tam Kỳ) được quy hoạch với tỷ lệ Đất Du lịch và Hỗn hợp càng cao => Định hướng phát triển chủ lực về Du lịch của tỉnh. - Khu vực Núi Thành - hướng dần xa cụm du lịch Hội An – Đà Nẵng, đồng thời kết hợp với điều kiện sẵ"
BDS-CURATED-0359,Đặng Văn Bi + Vị trí,needs_name_or_parent_review,no,needs_parent_name_extraction,1,,,"[] P.ĐT gửi Sếp list các Dự án: 1. 31 Trần Não + Vị trí: 31 Trần Não, Quận 2, TP.HCM + Diện tích: 5.835m2 + Hiện trạng: Đang tính phương án 4: 35 tầng VP + tiện ích (gym, hồi bơi,...) + Deadline: 20/05/2026 2. Dự án Đặng Văn Bi + Vị trí: đường Đặng Văn Bi, Phường Thủ Đức, TP HCM + Diện Tích, quy mô: Khoảng 4.600 m2, 22 tầng cao, HS SDĐ là 7 + Thông tin sơ bộ: Dự án phát triển chung cư và căn hộ dịch vụ + Deadline: 21/05/2026 3. Dự án sát bên dự án Võ Văn Kiệt - Đà Nẵng. + Diện tích khoảng 2000 m2 + Giả định quy hoạch tương đương với miếng Võ Văn Kiệt. + Tính FS để ra giá có thể mua được. + Dealine: 22/5/2026. 4. H2-02 Tên thương mại Sky Habitat + Vị trí: KDC Cát Lái, tp.HCM + Diện tích: 7.988,9 + Hiện trạng: DA đã có pháp lý tương đối đầy đủ và đã triển khai thông tin trên thị trường. P.ĐT đang rà soát pháp lý tổng thể và đánh giá hiệu quả FS + Deadline: 22/05/2026 5. Bà Kèo + Vị trí: Trần Hưng Đạo, Phú Quốc + Diện tích: 4,2ha + Hiện trạng: Đang đợi báo cáo RD về 02 phương án mới (PA10: 1.500 căn hộ và PA11: 2.000 căn hộ) + Deadline: 22/05/2026 6. Dự án: Khách sạn Đà Nẵng cạnh TMS + Vị trí: phường Mỹ An, Ngũ Hành Sơn, Đà Nẵng + Diện tích: 1.120 m2 + Deadline: 28/05/2026 7. Dự án 02 Tâ"
BDS-CURATED-0073,AK (2025)~ 4,needs_name_or_parent_review,no,needs_parent_name_extraction,1,,,"[] P.ĐT tạm tính tại thời điểm cuối năm 2025 - đầu năm 2026, khi quy hoạch chi tiết tỷ lệ 1/500 chưa được phê duyệt, TSDĐ trong khoảng từ 700 - 1,100 tỷ đồng, cụ thể: Kịch bản thấp (Min): 700 tỷ đồng, cơ sở tham chiếu tỷ lệ ĐG đất thặng dư/ ĐGNN của dự án AK (2025)~ 4.x lần. Kịch bản cao (Max): 1,100 tỷ đồng, cơ sở tham chiếu mức giá bán căn hộ của dự án AK khoảng 37.7 triệu đồng/m². Tuy nhiên, theo tiến độ hiện tại, thời điểm dự kiến được giao đất của dự án PKG vào khoảng giữa đến cuối năm 2026, muộn hơn so với thời điểm giả định nêu trên => TSDĐ có khả năng tăng cao hơn mức dự kiến. 2. Ước tính TSDĐ theo bảng giá đất và hệ số điều chỉnh mới áp dụng theo luật mới: Theo QH 1/500 mới, Diện tích đất 27,888m; HSSSĐ: 6.5 Đơn giá đất NN: 15.9tr/m2, hệ số đ.c thị trường 1.67 HSSDĐ: 6.5 => Hệ số điều chỉnh 1.3 => TSDĐ theo luật mới = 27,888 × 15.9 × 1.67 × 1.3 ≈ 960 tỷ K.ĐT báo cáo Sếp Admin 01 về dự án khác... by Hoa D - CVDT 6/15 6:15 PM Edited Hoa D - CVDT K.ĐT báo cáo Sếp Admin 01 về dự án khách sạn khu mới Phú Hải Resort:: Sau khi nhận được thông tin thiết kế mới của bên tư vấn Ong&Ong đề xuất, K.ĐT chạy lại hiệu quả dự án như sau: 1. Tóm tắt các thay đổi: Tổng diện tích sàn xây dựng gi"
BDS-CURATED-0160,Asia Phú Mỹ – Bình Chánh (dự án do anh Hiếu-GĐPL giới thiệu) 1,recover_project,yes,,2,,,"[] P.ĐT báo cáo sếp Admin 01 về dự án Asia Phú Mỹ – Bình Chánh (dự án do anh Hiếu-GĐPL giới thiệu) 1. Thông tin tổng quan: - Vị trí: Đại lộ Nguyễn Văn Linh, Bình Chánh (nay là Bình Hưng), Tp.HCM https://maps.app.goo.gl/H57L1w8ReXXNhtb99 - Quy mô: 27.9ha, đã cấp sổ 24ha và định hướng P.ĐT sẽ tập trung phân tích phần 24ha đã cấp sổ. - Lịch sử: Dự án được triển khai từ năm 2000, có CĐT là Công ty Phú Mỹ (Hứa Thị Phấn làm đại diện) liên doanh cùng 2 cổ đông từ Malaysia (asia ltd và MS Investment). Dự án này có liên quan đến sai phạm của hoạt động vay Ngân hàng Agribank Mạc Thị Bưởi và Công ty Phú Mỹ. Hiện đang nằm trong diện xử lý nợ DATC. 2. Phân tích hiệu quả: --- [] P.ĐT báo cáo sếp Admin 01 về dự án Asia Phú Mỹ – Bình Chánh (dự án do anh Hiếu-GĐPL giới thiệu) 1. Thông tin tổng quan: - Vị trí: Đại lộ Nguyễn Văn Linh, Bình Chánh (nay là Bình Hưng), Tp.HCM https://maps.app.goo.gl/H57L1w8ReXXNhtb99 - Quy mô: 27.9ha, đã cấp sổ 24ha và định hướng P.ĐT sẽ tập trung phân tích phần 24ha đã cấp sổ. - Lịch sử: Dự án được triển khai từ năm 2000, có CĐT là Công ty Phú Mỹ (Hứa Thị Phấn làm đại diện) liên doanh cùng 2 cổ đông từ Malaysia (asia ltd và MS"
BDS-CURATED-0086,Urban Green,recover_project,no,,2,2023-12-18,2023-12-18,"[2023-12-18] Sinh Nguyen-Dau Tu 12/18/2023 6:19 PM K.ĐT báo cáo anh Tuan Tran-CEO dự án 5,1ha Kinh Đô, mặt tiền Đường số 4, phường Hiệp Bình Phước, TP. Thủ Đức, TP. Hồ Chí Minh như sau: 1/ Vị trí Tiếp giáp 2 mặt tiền Đường số 4, đường trải nhựa rộng khoảng 6-7m, quy hoạch lộ giới dự kiến 20m, cách trục đường Quốc lộ 13 khoảng 230m, cách khu đô thị Vạn Phúc khoảng 800m Cách sân bay Quốc tế Tân Sơn Nhất khoảng 8,2km Cách Chợ Bến Thành khoảng 9,6km 2/ Hiện trạng: Đất trống + nhà xưởng (hình ảnh vệ tinh) 3/ Pháp lý đất: - Tổng diện tích đất Công ty Kinh Đô sử dụng: 5,1ha. Chưa có đất ở + Có 4,9ha đã được cấp sổ: * Loại đất: Đất sản xuất; * Hình thức sử dụng đất: Giao đất có thu tiền sử dung đất; * Thời hạn sử dụng đất: Ổn định lâu dài (Căn cứ QĐ 2232/QĐ-UB ngày 16/6/2003 của UBND Thành phố, Sở Tài nguyên và Môi trường cập nhật) Cập nhật biến động trên GCN ngày 10/10/2006. + Chênh lệch phần diện tích 0,2ha, UBND phường Hiệp Bình Phước có ý kiến như sau: * Phần mương thoát nước, có diện tích 218,27m² do UBND Phường quản lý. Hệ thống thoát nước chung cho khu dân cư và các đơn vị sản xuất lân cận, dùng thoát nước ra rạch Đỉa; * Một phần thửa đất giao cho công ty Kinh Đô xây dựng xưởng chế biến thực phẩ --- [] P.ĐT gửi lại sếp Admin 01 báo cáo dự án 5,1ha Kinh Đô, mặt tiền Đường số 4, phường Hiệp Bình Phước, TP. Thủ Đức, TP. Hồ Chí Minh - Báo cáo vào ngày 18/12/2023 1/ Vị trí Tiếp giáp "
BDS-CURATED-0210,mình khảo sát ở kcn Vĩnh Phúc khi bay flycam thì thấy hiện trạng là đất lúa xen kẽ nhiều nhà dân và có các đồi,needs_name_or_parent_review,yes,bad_name_length; chat_sentence_name,1,2023-06-16,2023-06-16,[2023-06-16] Huy M - IM 6/16/2023 9:22 PM Đối với hiện trạng dự án mình khảo sát ở kcn Vĩnh Phúc khi bay flycam thì thấy hiện trạng là đất lúa xen kẽ nhiều nhà dân và có các đồi cao Lúc đi vẫn chưa có thông tin cao độ về dự á... by Huy M - IM
BDS-CURATED-0214,này image by Huy M - IM,needs_name_or_parent_review,yes,chat_sentence_name; needs_parent_name_extraction,1,2022-09-15,2022-09-15,[2022-09-15] Huy M - IM 9/15/2022 11:47 AM Hiện tại theo các thông tin mình tìm kiếm trên mạng thì chưa có vị trí cụ thể của khu đất này image by Huy M - IM
BDS-CURATED-0252,này sao tiền sử dụng đất cao vậy Dự án được tính tiền sử dụng đất theo phươn,needs_name_or_parent_review,yes,chat_sentence_name,1,2024-10-07,2024-10-07,[2024-10-07] Mr Mike1 -CEO 10/7/2024 10:38 AM Translate Mà dự án này sao tiền sử dụng đất cao vậy Dự án được tính tiền sử dụng đất theo phươn... by Unknown User
BDS-CURATED-0267,đang ở giai đoạn đ,needs_name_or_parent_review,yes,needs_parent_name_extraction,1,2024-07-24,2024-07-24,"[2024-07-24] Huy M - IM 7/24/2024 8:27 AM https://vnexpress.net/do-no-vi-gia-dat-4773470.html Đổ nợ vì giá đất Sau hai năm gặp lại, tôi thấy anh gầy rộc, già đi nhiều so với tuổi 49. Anh cười gượng tiết lộ: anh bị tạm hoãn xuất cảnh. Công ty do anh làm giám đốc đang nợ tiền sử dụng đất hơn 600 tỷ đồng. vnexpress.net CKG hiện nay nhiều dự án đang ở giai đoạn đ... by Huy M - IM"
BDS-CURATED-0268,đang ở giai đoạn đóng tiền sử dụng đất,needs_name_or_parent_review,yes,needs_parent_name_extraction,1,2024-07-24,2024-07-24,"[2024-07-24] Huy M - IM 7/24/2024 8:33 AM Translate CKG hiện nay nhiều dự án đang ở giai đoạn đóng tiền sử dụng đất. Nên cần thực hiện thủ tục này sớm trước khi mở bán, những dự án gần nhau thì cũng hoàn thành trc để tránh mở bán dự án này sẽ làm tham chiếu giá đất cho nhà nước tính tiền cho dự án kia"
BDS-CURATED-0182,(1) chưa có chủ trương đầu tư (Điểm cộng để xin thí điểm) + (2) dự án chưa đăng ký ngay đợt đầu như PGK nên sợ,needs_name_or_parent_review,yes,bad_name_length,1,2025-04-09,2025-04-09,"[2025-04-09] Huy M - IM 4/9/2025 6:02 PM Translate Đúng rồi à cái này giống như PGK sẽ phải xin vào thí điểm, tuy nhiên dự án (1) chưa có chủ trương đầu tư (Điểm cộng để xin thí điểm) + (2) dự án chưa đăng ký ngay đợt đầu như PGK nên sợ sẽ hết room Nói chuyện với anh Tâm thử xem by Unknown User"
BDS-CURATED-0185,Anantara tham chiếu theo Phú Hải,needs_name_or_parent_review,yes,needs_parent_name_extraction,2,2022-11-18,2022-11-18,"[2022-11-18] Thao L - INVT 11/18/2022 3:05 PM Edited Vị trí 02 dự án: 3. Giá trị QSDĐ và CTXD trên đất dự án Anantara tham chiếu theo Phú Hải: 759 tỷ. VI. PHÂN TÍCH BÁO CÁO TÀI CHÍNH Anantara: T... by Thao L - INVT --- [2022-11-18] Thao L - INVT 11/18/2022 3:08 PM Edited VI. PHÂN TÍCH BÁO CÁO TÀI CHÍNH Anantara: Thống kê cơ bản Báo cáo tài chính: Thông tin chuyển nhượng năm 2014 và 2018: Giá trị chuyển nhượng cổ phần công ty tại thời điểm 25/12/2014: 247,7 tỷ. Giá trị chuyển nhượng cổ phần công ty tại thời điểm 29/01/2018: 241,13 tỷ. Theo BCTC 2017: . Vốn chủ sở hữu: 96,357 tỷ. . Tiền: 6,7 tỷ. . Tài sản cố định hữu hình: 231,22 tỷ. Phú Hải: Thống kê cơ bản Báo cáo tài chính: VII. KẾT LUẬN Giá trị QSDĐ và CTXD trên đất dự án Anantara tham chiếu theo Phú Hải: 759 tỷ “Giá tham chiếu” Giá đàm phán có thể từ “Giá tham chiếu” chiết khấu thêm một tỷ lệ phù hợp – “Giá đàm phán”. Tuy nhiên, theo đánh giá chủ quan mức “Giá đàm phán” thấp nhất tương đương với dư nợ vay 31/10/2022 là 550 tỷ (vì đối tác sẽ không thể bỏ thêm tiền xử lý giải chấp tài sản trước khi chuyển nhượng dự án). Sau khi DD chi tiết, từ “Giá đàm phán” làm cơ sở cộng trừ thêm các khoản phát sinh nội bộ của công ty (nếu có) để xác định giá chuyển nhượng cổ phần phù hợp. Link dự án: https://belgroupvn.sharepoint.com/:f:/s/BeeGroupCEOOffice-03.KhiuT/EqSiig1em_tHrzQoctkQjWIBYuVjWJudY1oM7yP3CBECOA?e=Drzjni Link vị trí: https:"
BDS-CURATED-0323,Hội An Riverside Resort & Spa,recover_project,no,,5,2024-11-15,2024-12-25,"[2024-12-25 | BDS-MASTER-0009] [2024-12-25] Sinh Nguyen-Dau Tu 12/25/2024 5:58 PM Translate K.ĐT cập nhật báo cáo anh Mr Mike1 -CEO, dự án Hội An Riverside Resort & Spa, mặt tiền đường Cửa Đại, phường Cẩm Châu, Thành phố Hội An, tỉnh Quảng Nam như sau: 1/ Cơ cấu phòng: So sánh phương án thiết kế, tháng 12 (125 phòng) và tháng 10 (104 phòng) Hạng mục Tháng 12 Tháng 10 Số phòng 125 104 Khách sạn 105 84 Villas 20 20 Diện tích trung bình/room Khách sạn (m²) 39 48 Villas (m²) 66 66 2/ Tổng mức đầu tư dự án: (theo đề xuất phòng QS) - Tổng mức đầu tư: 295 tỷ (Dự án không sử dụng vốn vay) - Chi phí xây dựng All in năm 2025 (theo P.QS) Chi phí xây dựng All in (*) Tháng 12 Tháng 10 Tính theo/key (triệu đồng/key) 2.315 2.819 (*) Suất đầu tư này căn cứ theo đề xuất từ phòng QS, tuy nhiên sau khi phòng hoàn thành suất đầu tư chung cho các dự án thì sẽ cập nhật lại suất đầu tư Suất đầu tư tính trên key phương án tháng 12 thấp hơn so với phương án tháng 10, do phương án tháng 12 tăng số phòng (125 phòng) so với phương án tháng 10 (104 phòng) nhưng suất đầu tư tính trên m² sàn thì như nhau. 3/ Khai thác kinh doanh: (theo đề xuất từ phòng R&D) - Giá thuê vận hành năm 2027: Sau khi Mr. Cường tư vấn và phòng R&D cập nhật lại thị t --- [2024-11-15 | BDS-MASTER-0213] [2024-11-15] Sinh Nguyen-Dau Tu 11/15/2024 5:23 PM Edited Translate K.ĐT báo cáo anh Mr Mike1 -CEO về dự án Hội An Riverside Resort &"
BDS-CURATED-0354,KĐT An Phú – PG (nguồn từ Ý-Pháp Chế) 1,recover_project,no,,1,,,"[] P.ĐT Báo cáo Mr Mike1 -CEO đánh giá sơ bộ dự án KĐT An Phú – PG (nguồn từ Ý-Pháp Chế) 1. Thông tin dự án: Diện tích: 3ha Vị trí: P.An Phú, Thuận An, Bình Dương (cách Phú Gia Khiêm 1km, cách Fenica 2.5 km) Quy mô: - 3 tháp cao tầng (30 tầng): 1874 căn hộ ở, 504 officetel, 17 shophouse - 55 căn nhà phố thấp tầng - Dân số 3.899. 2. Pháp lý: Đã có quyết định chủ trương đầu tư (phê duyệt tháng 06/2025), P.ĐT đang phối hợp để lấy thêm thông tin pháp lý khác. 3. Giá chào: 730 tỷ (cam kết pháp lý đến 1/500 và sẽ thiết kế 1/500 theo ý người mua) 4. Đánh giá thị trường:"
BDS-CURATED-0167,The Bale của Được gửi giá đã giảm mà lại ko lãi hã Dự án Bale này giá có giảm nhưng pháp lý trước đây họ cam k,needs_name_or_parent_review,yes,bad_name_length,1,2023-06-01,2023-06-01,[2023-06-01] Unknown User 6/1/2023 2:24 PM Ủa dự án The Bale của Được gửi giá đã giảm mà lại ko lãi hã Dự án Bale này giá có giảm nhưng pháp lý trước đây họ cam kết là có thể chuyển sang đất tmdv đóng tiền 1 lần được nhưng giờ cập nhật lại là chỉ được thuê trả tiền hàng năm. Với đất thuê trả tiền hàng năm thì phương án bán sản phẩm thu tiền một lần rất khó và cũng chưa gặp trường này trên thị trường và pháp lý để chuyển giao phần thuê đất cho người mua đối với đất thu tiền hàng năm hiện nay cũng chưa rõ ràng. 2. Dự án với mục đích phát triển du lịch nhưng lại không có mặt biển trực tiếp phải đi 500m mới ra tới. 3. Thời hạn sử dụng đến 2058 (còn 35 năm) triển khai hoàn tất cũng mất từ 3 - 5 năm nên thời hạn sử dụng còn lại chỉ được 30 năm sẽ rất kém khách. Qua những hạn chế trên thì P.DT đề xuất mình không tham gia dự án này à
BDS-CURATED-0088,cao tầng tại Trung tâm Quận 9 (TPHCM) với quy mô 3,needs_name_or_parent_review,no,needs_parent_name_extraction,1,2026-07-02,2026-07-02,"[2026-07-02] Dung N - DCEO 7/2/2026 1:59 PM Báo cáo Sếp Admin 01 và các anh: hiện nay Tập đoàn Gamudaland (Malaysia) đang nghiên cứu M&A một dự án cao tầng tại Trung tâm Quận 9 (TPHCM) với quy mô 3,1 ha, Hệ số SDĐ : 8,0; Dân số 3,000 dân, Tổng số căn hộ: 1,240 căn. Dự án đã được GPMB 100%, đã đưa đất vào công ty, đã được duyệt danh sách 171. Tổng giá trị M&A dự kiến khoảng 3,600 tỷ, bên CĐT cũ sẽ nắm giữ 20% cổ phần, GamudaLand đang tìm đối tác để hợp tác phần 80% còn lại (dự kiến Gamudaland nắm khoảng 50%, đối tác nắm 30%); giá bán dự kiến 90-110 tr/m2 (chưa VAT). Dũng gửi thông tin để Sếp và các anh xem xét. Đường bé mà giá này thì Richland phải bán 1... by Admin 01"
BDS-CURATED-0330,gồm,needs_name_or_parent_review,no,chat_sentence_name,2,,,"[] P.ĐT thực hiện binh một phương án khác, tăng diện tích đất ở bằng cách chuyển đổi phần đất DVCC cấp đô thị sang đất ở khoảng 16.536m2 (tạm tính 40% x 41.339,4m2). Phần đất ở tăng thêm theo đề xuất và nghiên cứu của RD bố trí làm biệt thự vườn. Hiệu quả dự án gồm như sau: Doanh thu chưa VAT: 8.127 tỷ đồng (Trong đó, Đơn giá bình quân chưa VAT bao gồm đất + CTXD là 133 Triệu/m2; Đơn giá bình quân đất biệt thự chưa VAT là 110 Triệu/m2 và Giá căn hộ bình quân chưa VAT tim tường là 57 triệu/m2, Thời điểm bán 2028). Tổng mức đầu tư chưa VAT: 4.620 tỷ đồng (Trong đó đơn giá đất hiện trạng 3tr/m2; tiền sử dụng đất tạm tính 1.387 tỷ; suất all in chưa VAT của biệt thự 11 triệu/m2) Lợi nhuận trước thuế: 2.288 tỷ đồng Bảng độ nhạy dự án --> Để đạt hiệu quả LNTT/TMĐT = 20% thì giá mua đất 13,5 Triệu/m2 Lưu ý: Đối với Phương án Quy hoạch: + PA 1a: Hiện tại Phòng QH kiểm tra không thấy dân số nên PA 1 chỉ tạm binh, dân số 1.503 người chưa chắc có thể xin được. + PA 1b: Do chưa chắc có thể xin được dân số nên P.ĐT tạm binh phần đất ở tăng thêm làm thấp tầng. Giá bán thấp tầng, căn hộ vào năm 2028 với điều kiện là các nút giao thông Vành đai 2, Vành đai 3 phải hoàn thành trước thời điểm bán hàng để --- [] P.ĐT thực hiện binh một phương án khác, tăng diện tích đất ở bằng cách chuyển đổi phần đất DVCC cấp đô thị sang đất ở khoảng 16.536m2 (tạm tính 40% x 41.339,4m2). Phần đất ở tăng thêm theo "
BDS-CURATED-0218,rà soát và làm rõ các điểm pháp lý sau,needs_name_or_parent_review,yes,needs_parent_name_extraction,1,2025-10-01,2025-10-01,"[2025-10-01] Thao L - INVT 10/1/2025 5:50 PM Translate Lưu ý: 1. Về tiền sử dụng đất: - TSDĐ là yếu tố ảnh hưởng trọng yếu đến hiệu quả tài chính của dự án. Với giá trị lớn, rủi ro tăng TSDĐ khiến dự án không đạt được hiệu quả tài chính mong muốn. - Cách tính hiện tại: P.ĐT đang tạm tính theo mức tối thiểu, với các giả định: + Thời điểm xác định là năm 2025. + Đơn giá TSDĐ được tính bằng 4 lần đơn giá Nhà nước đường Bình Chuẩn 67. Cơ sở: chênh lệch giữa đơn giá đất Nhà nước và đơn giá phê duyệt để tính TSDĐ của dự án A&K (Q1/2025) = 4 lần. - Rủi ro phát sinh làm tăng tiền sử dụng đất: + Theo timeline dự kiến tiền sử dụng sẽ được tính vào khoảng Q1.2026. Thời điểm này, có thể sẽ áp giá bán của các dự án mới với giá cao đã bán năm 2025 – 2026 gần PGK. + Hiện tại, giả định đang dùng tỷ lệ 4 lần đơn giá NN năm 2025 của Bình Dương (cũ). Tuy nhiên, thực tế cho thấy: . Bình Dương cũ: tỷ lệ tăng giá đất NN 2024–2025 không thay đổi. . TP.HCM cũ : tỷ lệ tăng giá đất NN 2024–2025 tăng mạnh nhiều lần. . Sau khi sáp nhập Bình Dương và TP.HCM, nhiều khả năng đơn giá NN tại Bình Dương sẽ tăng mạnh theo mặt bằng giá của TP.HCM, khó dự đoán chính xác => TSDĐ có thể tăng đột biến, ảnh hưởng nghiêm trọng đến hiệu"
BDS-CURATED-0272,ở khu Long Phước,needs_name_or_parent_review,yes,needs_parent_name_extraction,2,2023-06-10,2023-06-10,"[2023-06-10] Tuan Tran-CEO 6/10/2023 11:43 AM Kiếm các dự án ở khu Long Phước, Quận 9 1 Like reaction. Link https://goo.gl/maps/CJMhzfJXxVkLkHgVA by Unknown User --- [2023-06-10] Tuan Tran-CEO 6/10/2023 11:43 AM Kiếm các dự án ở khu Long Phước, Quận 9 1 Like reaction. Link https://goo.gl/maps/CJMhzfJXxVkLkHgVA by Unknown User Tuan Tran-CE"
BDS-CURATED-0158,1 - Lợi nhuận trước thuế/TMĐT 22,recover_project,yes,,1,2024-09-18,2024-09-18,"[2024-09-18] Trieu Nguyen-PTDT 9/18/2024 11:50 AM Translate Stt Nội dung 600 tỷ 650 tỷ 700 tỷ 750 tỷ 800 tỷ 850 tỷ 900 tỷ 950 tỷ 1000 tỷ 1050 tỷ 1100 tỷ Hiệu quả dự án 1 - Lợi nhuận trước thuế/TMĐT 22,9% 21,3% 19,8% 18,4% 16,9% 15,5% 14,1% 12,8% 11,5% 10,2% 9,0% 2 - NPV (tỷ suất chiết khấu 11%) (tỷ đồng) 241 199 157 115 73 32 (10) (51) (94) (136) (178) 3 - IRR chủ đầu tư 20,1% 18,2% 16,5% 14,9% 13,4% 12,0% 10,7% 9,5% 8,4% 7,3% 6,3% 4 - Thời gian hoàn vốn chủ đầu tư (không chiết khấu) 3,75 năm 4, năm 4, năm 4,5 năm 4,5 năm 4,75 năm 4,75 năm 4,75 năm 5, năm 5, năm 5, năm em mới gửi định dạng excel. Anh có xem được... by Unknown User"
BDS-CURATED-0332,168ha gần Khu Đa,needs_name_or_parent_review,no,needs_parent_name_extraction,1,2022-07-19,2022-07-19,"[2022-07-19] Trieu Nguyen-PTDT 7/19/2022 5:50 PM Em gửi anh Tuan Tran-CEO báo cáo nhanh quỹ đất 168ha tại xã Phong Phú, H. Bình Chánh, TPHCM với giá chào 2.5tr/m2, vì chưa được cung cấp hồ sơ pháp lý nên KĐT đánh gia nhanh về thị trường và vị trí của quỹ đất, cụ thể: Vị trí và hiện trang: Hẻm đường Quốc lộ 50, xã Phong Phú, Huyện Bình Chánh, TPHCM, cách quốc lộ 50 khoảng 1.4km, có 3.7km tiếp giáp với sông rạch, cách trung tâm Q1 TPHCM khoảng 18km Quỹ đất kết nối với đường Quốc lộ 50 thông qua 2 hẻm nhỏ, được lát bê tông 1 phần (có độ rộng khoảng 2.5m khi càng đến gần dự án) Hiện trạng đất có nhiều ao hồ, rạch, cây cối um tùm dọc 2 bên đường dẫn đến chi phí san lắp mặt bằng sẽ cao Cách khu xử lý chất thải Đa Phước 1 con rạch Khu vực dân cư thưa thớt vì ảnh hưởng ô nhiêm bởi Khu xử lý chất thải Đa Phước Quy hoạch sử dụng đất: 50% quỹ đất quy hoạch đất xử lý chất thải, 50% quỹ đất quy hoạch nuôi trồng thủy sản (quy hoạch 2030 - nguồn Remaps, chưa có quy hoạch trên trang thongtinquyhoachhcm.com) Các vấn đề liên quan tới quỹ đất: Vị trí nằm liền kề khu xử lý chất thải gây ô nhiễm môi trường, ảnh hưởng dến cuộc sống người dân Quỹ đất nằm gần khu vực quy hoạch khu đô thị nên khó xin chuyển đổi quy hoạ"
BDS-CURATED-0077,Hoa viên Vĩnh Thanh sau khi có Thông số từ P,recover_project,no,,5,2025-02-08,2026-01-23,"[2026-01-23] Thao L - INVT 1/23/2026 12:02 PM K.ĐT gửi anh Mr Mike1 -CEO cập nhật báo cáo dự án Hoa viên Vĩnh Thanh sau khi có Thông số từ P.QH v… Mà so sánh về hạ tầng, cảnh quan Sala với Phúc An Viên nha. Begin quote, Admin 01 , 1/24/2026 6:54 PM, ... by Thao L - INVT --- [2026-01-23] Thao L - INVT 1/23/2026 12:02 PM K.ĐT gửi anh Mr Mike1 -CEO cập nhật báo cáo dự án Hoa viên Vĩnh Thanh sau khi có Thông số từ P.QH v… Mà so sánh về hạ tầng, cảnh quan Sala vớ --- [2025-02-08] Thao L - INVT 2/8/2025 12:09 PM Translate K.ĐT gửi anh Mr Mike1 -CEO cập nhật báo cáo dự án Hoa viên Vĩnh Thanh sau khi có Thông số từ P.QH và S.ĐT từ P.QS như sau: 1. Cập nhật Thông số của P.QH và SĐT của P.QS: a. Diện tích thương phẩm: 290,217m2 ~ 51% b. SĐT All in gồm VAT: 1.898 tr.đ/m2 cho tổng 57ha ~ 1,081 tỷ * Phạm vi tính: - Đất mộ: Xử lý nền, trồng cỏ, Xử lý Khí - Thải – Mùi, Kim tĩnh. - Hạ tầng: Hạ tầng Công viên, Cảnh quan, Cây xanh, Kênh; Hạ tầng Giao thông, Bãi xe, Chiếu sáng, Cấp nước - điện - mạng; Hệ thống xử lý nước thải, Xử lý không khí. * Không tính SĐT các công trình tiện ích và phụ trợ, chỉ san lắp và làm hạ tầng chờ để triển khai sau: - Nhà tang lễ, Tịnh xá, Nhà hỏa táng, Nhà hàng và Nhà điều hành. (Tạm xem phần Chi phí xây dựng này sẽ được bù trừ bởi Doanh thu hoạt động khi sử dụng các dịch vụ của tiện ích này). 2. Cập nhật Tiền chuyển mục đích sử dụng đất tạm tính: a. Đơn giá Chuyển m"
BDS-CURATED-0335,khá cao cấp),needs_name_or_parent_review,no,needs_parent_name_extraction,1,,,"[] Phòng QH đã tính toán chỉ tiêu trên cơ sở tối ưu hệ số và diện tích thương phẩm căn hộ ở theo chỉ tiêu 32 m2/dân, tăng 3.660 m2 + Tính theo chỉ tiêu 32m2/dân: 16.736 m2 = 523 dân * 32m2/dân; + Tính theo chỉ tiêu 25m2/dân: 13.075 m2 = 523 dân * 25m2/dân; Và phương án chỉ tiêu cơ bản như sau: Tầng cao: 03 tầng hầm, 32 tầng nổi, hệ số sử dụng đất: 12,8 lần Sản phẩm: Tổng 270 căn gồm 8 căn Shop TM 2 tầng và 262 căn hộ ở (Dân số 507, dư 17 dân vì ưu tiên bố trí hệ số cho Shop TM bán giá tốt hơn giá căn hộ). 2. HIỆU QUẢ TÀI CHÍNH 2.1 Doanh thu: (i) Giá bán theo P.R&D đề xuất như sau: + Giá bán căn hộ ở thời điểm cuối năm 2026 (diện tích tim tường, chưa VAT): 87 tr.đ/m2 ~ 5,86 tỷ đồng/căn 67 m2. + Giá bán Shop TM tầng 1-2 mặt tiền Võ Văn Kiệt (5 căn) thời điểm cuối năm 2027 (chưa VAT): 210 tr.đồng/m2~ 31,5 tỷ đồng/căn diện tích 150 m2. + Giá bán Shop TM tầng 1-2 không có mặt tiền Võ Văn Kiệt (3 căn) thời điểm cuối năm 2028 (chưa VAT): 87 tr.đồng/m2 ~ 13 tỷ đồng/căn 150 m2. => P.ĐT đề xuất sẽ bố trí dân số còn dư (khoảng 17 dân) vào Shop tầng trệt với các căn này (không có vị trí mặt tiền). Tổng doanh thu: 1.927 tỷ đồng (gồm VAT) (ii) Chi phí kinh doanh (hoạt động bán hàng): 19%/Doanh thu"
BDS-CURATED-0254,này với các điều kiện sau,needs_name_or_parent_review,yes,chat_sentence_name; needs_parent_name_extraction,1,,,[] Phòng Đề xuất tiếp cận và nghiên cứu sâu dự án này với các điều kiện sau: Hoàn tất mua thêm tối thiểu phần đất bên trong ranh đất và phần đất làm đường kết nối vào dự án. Đối tác đảm bảo đủ điều kiện để được phê duyệt Chủ trương đầu tư. Trân trọng.
BDS-CURATED-0177,phân lô bán nền 4,needs_name_or_parent_review,yes,chat_sentence_name; needs_parent_name_extraction,1,,,"[] P.ĐT báo cáo nhanh anh Mr Mike1 -CEO về dự án phân lô bán nền 4,9ha Khu dân cư Tam Phước, phường Tam Phước, Thành phố Biên Hòa, tỉnh Đồng Nai (Nguồn: Mr. Duy - P.PTQĐ) như sau: 1/ Vị trí: Dự án nằm trong hẻm đường Quốc lộ 51, cách đường Quốc lộ 51 khoảng 850m, cách cao tốc Biên Hòa Vũng Tàu khoảng 1,2km, bên phải giáp đường ĐT 771 (quy hoạch), bên dưới giáp đường ĐT 777 (quy hoạch). Trong bán kính 2-3km có cách khu công nghiệp như: KCN Long Thành, KCN An Phước, KCN Tam Phước Cách dự"
BDS-CURATED-0309,thành phần lô A2-3 Hòa Xuân,needs_name_or_parent_review,yes,needs_parent_name_extraction,1,,,"[] Dạ báo cáo sếp Admin 01, liên quan đến công tác chuyển nhượng dự án thành phần lô A2-3 Hòa Xuân, Đà Nẵng, P.TC-KT đang làm việc với ngân hàng để có thư cam kết tín dụng thực hiện dự án, đây là 1 trong hồ sơ cần có để nộp Sở Tài chính duyệt chuyển nhượng. Và hiện tại Ngân hàng đang yêu cầu công ty bổ sung thêm FS lô A2-3, Do đó P.ĐT xin ý kiến phê duyệt từ sếp để gửi fs lô A2-3 cho P.TC-KT và Ngân hàng ạ Ok by Admin 01"
BDS-CURATED-0220,triển khai chi tiết,needs_name_or_parent_review,yes,needs_parent_name_extraction,1,,,"[] Dạ Sếp, đây là phương án tính nhanh. Hệ số có thể xin được 10, sau khi đã binh 2 tầng shop và hết dân số hệ số đạt 8.3, hệ số 1.7 là phần thương mại dịch vụ từ tầng 3 đến tầng 6 tuy nhiên theo nghiên cứu của P.ĐT thì giá thuê tương đối thấp, việc kinh doanh phần TMDV chưa đạt hiệu quả nên tạm sử dụng 4 tầng TMDV trên để làm xe nổi. Sau khi dự án triển khai chi tiết, P.ĐT sẽ đánh giá lại cho 4 tầng TM trên nên để xe nổi hay kinh doanh thương mại."
BDS-CURATED-0226,đối diện hiện tại là giá chào của khách lẻ,needs_name_or_parent_review,yes,needs_parent_name_extraction,1,,,"[] Dạ giá bán DA đối diện hiện tại là giá chào của khách lẻ, thứ cấp từ 76 đến 93 tr. DA đã bàn giao T6/2025 (Sun mở bán từ 2023) - DA đang tính (DA Trần Hưng Đạo) có diện tích nhỏ 2.000 m2, giá sẽ không cạnh tranh với DA đối diện lớn ~3,5 ha (650 căn hộ, 101 nhà phố, 45 villa). - Với Sun thương hiệu mạnh và làm nhiều DA ở Đà Nẵng, có sẵn tệp khách hàng. => P.Đt đang tính 75 tr là giá thận trọng và an toàn."
BDS-CURATED-0229,ANANTARA THAM CHIẾU THEO DỰ ÁN PHÚ HẢI Bảng so sánh,recover_project,yes,,1,2022-11-18,2022-11-18,[2022-11-18] Thao L - INVT 11/18/2022 3:02 PM Edited V. ĐỊNH GIÁ TÀI SẢN DỰ ÁN ANANTARA THAM CHIẾU THEO DỰ ÁN PHÚ HẢI Bảng so sánh: Vị trí 02 dự án: image 3. ... by Thao L - INVT
BDS-CURATED-0076,Giá bán đề xuất,needs_name_or_parent_review,no,needs_parent_name_extraction,1,2022-09-06,2022-09-06,"[2022-09-06] Thao L - INVT 9/6/2022 4:52 PM Phương án kinh doanh và sản phẩm triển khai: Tiền sử dụng đất: K.ĐT đang tính toán phương án trả tiền thuê đất một lần cho toàn bộ diện tích khuôn viên các thương phẩm là 5.6ha (hiện tại đối tác đã đóng tiền thuê đất một lần cho 1.4ha), vì thế K.ĐT tạm tính phần trả tiền thuê đất một lần đóng thêm là 4.2ha tương đương 200tỷ (~4.7tr/m2) Và phần diện tích cây xanh cảnh quan nội khu còn lại là 3.2ha sẽ đóng tiền thuê đất hằng năm, tổng 671tỷ (đến 2064, chia từng năm đóng, miễn giảm 15 năm đầu dự án) Các loại hình sản phẩm phát triển: Khách sạn: 938 phòng, diện tích phòng trung bình: 35m2/phòng Biệt thự phía trong: 28 căn, diện tích đất trung bình: 413m2đất/căn, xây dựng từ 3-5 tầng, DTSXD trung bình: 595m2 sàn/căn Biệt thự phía trong: 8 căn, diện tích đất trung bình 576m2 đất/căn, xây dựng từ 3-4 tầng, DTSXD trung bình: 730m2 sàn/căn Shophouse: 39 căn, diện tích đất trung bình 253m2 đất/căn, xây dựng 5 tầng, DTSXD trung bình: 576m2 sàn/căn Thời gian kiển khai: Quý IV/2022 - IV/2023: Triển khai dự án, hoàn thành các thủ tục pháp lý Quý I/2024 - III/2025: Xây dựng Quý II/2024 - III/2025: Có doanh thu từ bán hàng Quý III/2025: Bắt đầu hoạt động khách sạn Gi"
BDS-CURATED-0232,IDEO cách trung tâm Bangk,needs_name_or_parent_review,yes,needs_parent_name_extraction,1,2023-08-17,2023-08-17,[2023-08-17] Tuan Tran-CEO 8/17/2023 2:44 PM xem cùng vị trí thì giá ở tp nào cao hơn 1 Heart reaction. Với vị trị dự án IDEO cách trung tâm Bangk... by Thao L - INVT
BDS-CURATED-0189,IDEO cách trung tâm Bangkok khoảng 6-7Km và gần sông Chao Phraya,needs_name_or_parent_review,yes,needs_parent_name_extraction,1,2023-08-17,2023-08-17,"[2023-08-17] Thao L - INVT 8/17/2023 2:53 PM Với vị trị dự án IDEO cách trung tâm Bangkok khoảng 6-7Km và gần sông Chao Phraya, khu vực này có tính chất khá tương đồng với khu vực gần đoạn đường Phạm Văn Đồng và gần sông Sài Gòn (khúc qua cầu Bình Lợi) cách trung tâm Quận 1 khoảng 6-7Km theo đường chim bay thì đơn giá căn hộ của hai khu vực không chệch lệch nhiều. Tuy nhiên về phương tiện công cộng thì khu vực dự án có kết nối tốt hơn so với vị trí của Phạm Văn Đồng ở HCM. Ý a là mình khảo sát thêm nhiều dự án và nh... by Unknown User"
BDS-CURATED-0084,Khách sạn 5 sao 12 Hùng Vương Đà Lạt,needs_name_or_parent_review,yes,needs_parent_name_extraction,1,,,"[] P.ĐT xin báo cáo Sếp Admin 01 về dự án Khách sạn 5 sao tại đường 12 Hùng Vương, TP Đà Lạt, Tỉnh Lâm Đồng như sau: I. SƠ BỘ VỀ DỰ ÁN Vị trí: 12 Hùng Vương, TP Đà Lạt, Tỉnh Lâm Đồng (Map: https://maps.app.goo.gl/6iyNdteYfVyyT9Xy9) Pháp lý: Đất ở, thời hạn sử dụng đất: lâu dài Quy hoạch: Được quy hoạch làm khách sạn 5 tầng + 2 hầm, tính theo phương án 159 phòng. II. ĐÁNH GIÁ HIỆU QUẢ DỰ ÁN GIẢ ĐỊNH: 1. Phương án kinh doanh (Theo anh David Cường) 2. Tổng Mức Đầu Tư Dự Án: Hiện chưa có TMĐT nên BP Đầu tư giả định gồm có CPXD và tiền đất Nhận xét: Do quỹ đất là đất TMDV có thời hạn sử dụng lâu dài, giá trị quyền sử dụng đất không bị giảm sau khi dự án khách sạn kết thúc vòng đời vận hành. Do đó Bộ phận đầu tư sẽ tính theo 2 phương án: Phương án có đất Phương án không có đất (đánh giá tỷ suất lợi nhuận dựa trên chi phí đầu tư xây dựng ban đầu) a) Hiệu quả 2 phương án b) Độ nhạy Độ nhạy TMĐT/Phòng (bao gồm VAT)/phòng và Giá thuê (bao gồm VAT) đối với PA bao gồm đất Độ nhạy TMĐT/Phòng (Bao gồm VAT)/phòng và Giá thuê (bao gồm VAT) đối với PA không bao gồm đất Ủa chỗ giá bán đất là sao nhỉ by Admin 01"
BDS-CURATED-0305,Minh Ngọc,needs_name_or_parent_review,yes,needs_parent_name_extraction,1,2022-09-19,2022-09-19,"[] Báo cáo DA Minh Ngọc, CMT8, Q3.pdf 10°47'12.2""N 106°40'02.0""E · 588/c2 Đ. Cách Mạng Tháng 8, Phường 11, Quận 3, Thành phố Hồ Chí Minh 760000, Vietnam 588/c2 Đ. Cách Mạng Tháng 8, Phường 11, Quận 3, Thành phố Hồ Chí Minh 760000, Vietnam goo.gl"
BDS-CURATED-0234,Phú Quang khoảng 350m + Có 2 mặt tiếp xúc,recover_project,yes,,1,2023-11-27,2023-11-27,"[2023-11-27] Trieu Nguyen-PTDT 11/27/2023 3:01 PM Edited KĐT gửi anh Tuan Tran-CEO báo cáo Thu gom quỹ đất thuộc phường Bình Chiểu, Thủ Đức, TPHCM: I/ Vị trí: + Khu đất có mặt tiền rộng khoảng 200m, tiếp giáp đường 4A đi ra hướng đường Ngô Chí Quốc và Quốc lộ 13 + Cách Dự án Phú Quang khoảng 350m + Có 2 mặt tiếp xúc"
BDS-CURATED-0195,The Sang Residence đang gần hoàn thành xây dựng với giá bán (58-68trđ/m2) với vị trí nằm sâu trong đường Phạm,needs_name_or_parent_review,yes,bad_name_length; needs_parent_name_extraction,1,2022-08-10,2022-08-10,[2022-08-10] Quy Vo-PTDT 8/10/2022 10:54 AM Dự án The Sang Residence đang gần hoàn thành xây dựng với giá bán (58-68trđ/m2) với vị trí nằm sâu trong đường Phạm Kiệt và khoảng cách đi ra biển Mỹ Khê khoảng 1.2-1.4 km không lợi thế hơn so với dự án của mình. image by Unknown User
BDS-CURATED-0287,cùng phân khúc rẻ nhất Q9 Kiếm các dự án ở khu Long Phước,recover_project,yes,,1,2023-06-10,2023-06-10,"[2023-06-10] Tuan Tran-CEO 6/10/2023 11:39 AM Với so sánh khu Swan park này với dự án cùng phân khúc rẻ nhất Q9 Kiếm các dự án ở khu Long Phước, Quận 9 by Unknown User"
BDS-CURATED-0202,của mình nằm sát Khu CBD mới của Đà Nẵng và lợi thế nằm ngay đường Phạm Văn Đồng (có 4 mặt tiền,needs_name_or_parent_review,yes,needs_parent_name_extraction,1,2022-08-10,2022-08-10,"[2022-08-10] Quy Vo-PTDT 8/10/2022 10:47 AM Vị trí dự án của mình nằm sát Khu CBD mới của Đà Nẵng và lợi thế nằm ngay đường Phạm Văn Đồng (có 4 mặt tiền, mặc dù bị khuyết 1 ô), cách bãi tắm biển Phạm Văn Đồng 500 mét (1 trong bãi biển đẹp nhất của Đà Nẵng). Đối với shophouse thì giá bán đang đề xuất ... by Unknown User"
BDS-CURATED-0246,khu đô thị dọc theo Me,recover_project,yes,,1,2024-11-02,2024-11-02,"[2024-11-02] Huy M - IM 11/2/2024 9:30 AM https://tuoitre.vn/tp-hcm-xac-dinh-11-vi-tri-lam-khu-do-thi-tod-doc-cac-tuyen-metro-va-vanh-dai-20241101202506365.htm TP.HCM xác định 11 vị trí làm khu đô thị TOD dọc các tuyến metro và vành đai - Tuổi Trẻ Online Việc này giúp khai thác và phát triển tốt các quỹ đất có điều kiện chỉnh trang, tạo thành các khu đô thị nén xung quanh nhà ga tuyến metro số 1, 2, dọc vành đai 3… ở TP.HCM. tuoitre.vn TP.HCM làm các dự án khu đô thị dọc theo Me... by Huy M - IM"
BDS-CURATED-0172,làm KCN tại huyện Nghĩa Hưng Khảo sát vị trí hiện trạng,recover_project,yes,,1,2022-11-19,2022-11-19,"[2022-11-19] Huy M - IM 11/19/2022 10:11 AM Sau khi đề xuất Nghiên cứu Khu Công Nghiệp tại Huyện Nghĩa Hưng – Nam Định được duyệt, K.ĐT gửi CEO Tuan Tran-CEO kế hoạch đi công tác Nam Định như sau: Nội dung: Gặp các cơ quan, ban ngành để lấy các thông tin chi tiết khu đất làm KCN tại huyện Nghĩa Hưng Khảo sát vị trí hiện trạng, đánh giá thực tế hiện trạng kế nối giao thông, hạ tầng... Khảo sát thị trường KCN của tỉnh và các khu vực lân cận Thời gian: 23 -25/11/2022 Nhân sự: Mr Bình – GĐ Khối Đầu tư Mr Sơn - TP. R&D Mr Huy – TP. Đầu tư K.ĐT trình CEO duyệt kế hoạch công tác để triển khai các bước tiếp theo à. KĐT cũng đã liên hệ với A. Dũng theo chỉ đạ... by Huy M - IM"
BDS-CURATED-0174,này hiện đã thực hiện pháp lý đến giai đoạn cấp sổ đỏ riêng cho từng lô biệt thự Nhưng hiện tại,needs_name_or_parent_review,yes,chat_sentence_name; needs_parent_name_extraction,1,2022-08-10,2022-08-10,"[2022-08-10] Binh Vo-GD-PTDT 8/10/2022 4:40 PM Dự án này hiện đã thực hiện pháp lý đến giai đoạn cấp sổ đỏ riêng cho từng lô biệt thự Nhưng hiện tại, họ đang điều chỉnh lại qh 1... by Unknown User"
BDS-CURATED-0227,ạ! Về phần diện tích đất cũng same same với nh,needs_name_or_parent_review,yes,needs_parent_name_extraction,1,2023-06-07,2023-06-07,"[2023-06-07] Sinh Nguyen-Dau Tu 6/7/2023 10:31 AM Về tổng quan về sản phẩm của Nova, Nova do phân nhiều sản phẩm nên dòng sản phẩm chủ đạo của bên Aqua City là Biệt thự Song Lập chứ ko phải là Biệt thự đơn lập, Vị trí đẹp nhất của Aqua là Harbor 1 và Đảo Phượng Hoàng cũng chỉ có dòng Biệt thự song lập chứ ko phải Biệt thự đơn lập, vì vậy giá trị dòng Biệt thự song lập mới có giá cao hơn Về Swan Bay những vị trí đẹp nhất, đắt giá nhất họ bố trí Dinh thự và Biệt thự đơn lập => Giá Biệt thự song lập có sự chênh lệch lớn giữa 2 dự án ạ! Về phần diện tích đất cũng same same với nh... by Unknown User"
BDS-CURATED-0336,(VAT),needs_name_or_parent_review,no,needs_parent_name_extraction,2,2025-10-01,2025-10-01,"[2025-10-01] Thao L - INVT 10/1/2025 5:50 PM Edited Translate B. PHƯƠNG ÁN CĂN HỘ + OFFICETELL 1. TỔNG CHI PHÍ DỰ ÁN (VAT): 6,173tỷ - Tổng mức đầu tư: 4,655 tỷ, trong đó: + Chi phí tiền sử dụng đất thấp nhất: 715 tỷ (Đơn giá đóng TSDĐ của PGK gấp 4 lần đơn giá Nhà nước đường Bình Chuẩn 67 = tỷ lệ giữa đơn giá theo văn bản Phê duyệt đơn giá đất để tính TSDĐ của dự án A&K vào Q1.2025 và đơn giá nhà nước đoạn đường tọa lạc của dự án A&K = 4 lần) – Tạm tính vào thời điểm 2025 + Suất xây dựng căn hộ allin (VAT): 13tr/m2 sàn + Suất xây dựng officetel (VAT): 13.7tr/m2 sàn - Chi phí bán hàng (VAT) : 1,004 tỷ ~ 17% Doanh thu chưa VAT 2. TỔNG DOANH THU DỰ ÁN (VAT): 6,620 TỶ - Đơn giá trung bình căn hộ (chưa VAT, tim tường): 39.5tr/m2 sàn - Đơn giá trung bình Shophouse khối Căn hộ (chưa VAT, tim tường): 85tr/m2 sàn - Đơn giá trung bình Officetel (chưa VAT, tim tường): 42.3tr/m2 đất - Đơn giá trung bình Shophouse khối Officetel (chưa VAT, tim tường): 85tr/m2 sàn 3. CƠ CẤU VỐN: - Vốn chủ sở hữu: 30.5% - Vốn vay: 33% - Vốn huy động từ khách hàng: 36.5% 4. HIỆU QUẢ TÀI CHÍNH - Lợi nhuận trước thuế: 713 tỷ - Lợi nhuận sau thuế: 446 tỷ - Lợi nhuận trước thuế/TMĐT: 15.3% - Lợi nhuận trước thuế/VCSH: 38% Chi tiết --- [2025-10-01] Thao L - INVT 10/1/2025 5:50 PM Edited Translate B. PHƯƠNG ÁN CĂN HỘ + OFFICETELL 1. TỔNG CHI PHÍ DỰ ÁN (VAT): 6,173tỷ - Tổng mức đầu tư: 4,655 tỷ, trong đó: +"
BDS-CURATED-0363,43ha - Dự án Tân phú,recover_project,no,,2,,,"[] P.ĐT gửi anh Admin 01 tóm tắt PL sơ bộ của dự án 43ha - Dự án Tân phú, Bình Dương (Kim Oanh) như sau: Link: Công ty Kim Oanh liên quan gì đến vụ án 43ha “đất vàng” tại Bình Dương? Đối tác đang chào bán 13tr/m2 cho 43 ha (5,600 tỷ) ~ 30tr/m2 đất ở thương phẩm (theo 1/500 dự kiến đối tác đề xuất) và giá chào này theo hiện trạng dự án, không bao gồm TSDĐ và việc gỡ các vấn đề PL nêu trên => Đề xuất: Không nghiên cứu dự án này Công ty Kim Oanh liên quan gì đến vụ án 43ha “đất vàng” tại Bình Dương? Cơ quan điều tra Bộ công an vừa có Kết luận điều tra, đề nghị truy tố với các cá nhân trong vụ án liên quan đến gần 190ha đất tại Tổng Công ty Sản xuất – Xuất nhập khẩu Bình Dương (Tổng Công ty 3/2... ngaymoionline.com.vn Cứ nghiên cứu đi xem lợi nhuận sao e by Admin 01 --- [] P.ĐT gửi anh Admin 01 tóm tắt PL sơ bộ của dự án 43ha - Dự án Tân phú, Bình Dương (Kim Oanh) như sau: Link: Công ty Kim Oanh liên quan gì đến vụ án 43ha “đất vàng” tại Bình Dương? Đối tác đang chào bán 13tr/m2 cho 43 ha (5,600 tỷ) ~ 30tr/m2 đất ở thương phẩm (theo 1/500 dự kiến đối tác đề xuất) và giá chào này theo hiện trạng dự án, không"
BDS-CURATED-0150,Richland Quận 9,needs_name_or_parent_review,no,needs_parent_name_extraction,1,2026-07-02,2026-07-02,"[] Phòng Đầu Tư báo cáo Sếp Admin 01 về DA Richland Quận 9. Trên cơ sở báo cáo pháp lý từ phòng Pháp lý DA, P. Đầu tư xin tổng hợp những điểm chính cần lưu ý đối với dự án Richland Quận 9 như sau: 1 .Pháp lý đầu tư và đất : Dự án phải hoàn thành vào tháng 3/2011 => Dự án chậm tiến độ triển khai + Chậm đưa đất vào sử dụng. Cần làm rõ DA đã được gia hạn sử đụng đất chưa? 2. Nghĩa vụ tài chính + đền bù: Nghĩa vụ tài chính dự án: Chưa hoàn thành nghĩa vụ tài chính tương ứng với chỉ tiêu quy hoạch được phê duyệt (6.972 người, 1.743 căn hộ, hệ số toàn khu 4,99 lần, chức năng chung cư, trường mầm non, văn phòng thương mại dịch vụ). Diện tích đền bù: 11.308,7 m2 của các hộ dân thuộc ranh dự án 49.443 m2, đã có QĐ thu hồi năm 2008 giao cho Cty nhưng thiếu hồ sơ đính kèm => chưa thể khẳng định đã hoàn tất bồi thường hay chưa. 3. Các nghĩa vụ khác: + Đóng góp kinh phí xây trường Tiểu học bên ngoài dự án; + Tuyến điện đi qua dự án, đóng tiền phần diện tích đất dưới hành lang tuyến điện đi qua dự án. 4. Quy hoạch: + Đã được phê duyệt 1/500 (2006), thẩm định TKCS (2007) và QĐ phê duyệt dự án (2008) ~ miễn GPXD theo QH tại thời điểm phê duyệt. + Khả năng giữ nguyên dân số được duyệt 6.972 dân => P.Q"
BDS-CURATED-0194,Swanbay 456ha hiện Dic đã chuyển nhượng lại các dự án thành phần cho các chủ đầu tư khác nên có nhiều dự án co,needs_name_or_parent_review,yes,bad_name_length,1,2023-06-05,2023-06-05,"[2023-06-05] Huy M - IM 6/5/2023 12:25 PM Bên dự án Swanbay 456ha hiện Dic đã chuyển nhượng lại các dự án thành phần cho các chủ đầu tư khác nên có nhiều dự án con. Bên Aqua cũng khá nhiều phân khu. Team thu thập giá các loại hình nhà phố, shophouse, villa. Ngày mai sẽ gửi tổng hợp so sánh báo cáo Tuấn nhé. ok by Unknown User"
BDS-CURATED-0348,du lịch tại Mũi Né,needs_name_or_parent_review,no,needs_parent_name_extraction,1,2022-07-19,2022-07-19,"[2022-07-19] Thao L - INVT 7/19/2022 5:45 PM K.ĐT báo cáo anh Tuan Tran-CEO về 02 dự án du lịch tại Mũi Né như sau: - Cụm 02 dự án được kết nối bằng 02 đường chính: Đường ven biển Huỳnh Thúc Kháng – Hồ Xuân Hương hoặc Đường Võ Nguyên Giáp – Nguyễn Hữu Thọ. - Cách các trung tâm tiêu biểu: SB. Phan Thiết: 17km -25p; Trung tâm TP. Phan Thiết: 26km – 35p; Nằm trong cụm dân cư làng chài ven biển hiện hữu. Dự án The Salling Bay với giá chào chuyển nhượng là 520tỷ ~ 11tr/m2 (bao gồm CTXD), tạm uớc tính giá trị CTXD trên đất: 67.5tỷ => đơn giá đất 9.6tr/m2 (Đất TMDV, thuê đẩt trả tiền hằng năm), có quy mô: 4.7ha – Mặt biển 245m, gồm 02 giai đoạn: - GĐ1: . 1.7 ha: Đất thương mại dịch vụ, thuê đất trả tiền hằng năm đến 2058 (còn 36 năm). . Hiện có 325 phòng trong đó 295 phòng khách sạn tiêu chuẩn 4 sao đang hoạt động (Đánh giá sơ bộ chỉ tương ứng với khách sạn 3 sao) với giá thuê phòng: 52-60USD/đêm/phòng 38m2. - GĐ2: . 3ha: Đất thương mại dịch vụ, thuê đất trả tiền hằng năm đến 2049 (còn 27 năm). . Đang xin quy hoạch xây dựng biệt thự nghỉ dưỡng, Villa (theo thông tin được cung cấp) Dự án Muine Bay với giá chào chuyển nhượng là 550 tỷ ~ 9.3tr/m2 (bao gồm CTXD -Đất TMDV, thuê đất trả tiền hằng năm), có q"
BDS-CURATED-0370,khác đang triển khai như Stown,needs_name_or_parent_review,no,needs_parent_name_extraction,1,,,"[] P.ĐT lựa chọn giá đầu vào 50tr/m2 sau khi cân nhắc các dự án khác đang triển khai như Stown, Splus, Marina. Với giá trị khấu trừ tiền đất đợt 1 ước tính 1.592 tỷ, LUR phải đóng sẽ rơi vào khoảng 6.540 tỷ cho dự án này. Nếu áp giá bán hiện tại của Emerald 68 là ~ 63tr/m2 vào bài tính thặng dư thì LUR sẽ tiệm cận 10.000 tỷ. V LUR là 6.540 tỷ, nếu xét trên diện tích đất thương phẩm thì đơn giá tiền sử dụng đất ~ 65,5 tr./m2. Hiện tại đơn giá đất đường Vĩnh Phú 41 (đường lớn thuộc khu dân cư Vĩnh Phú cạnh dự án) là 6,62 tr./m2 Mặc dù vậy giá trị tiền sử dụng đất của dự án lớn như Phú Quang là một số liệu ước tính phức tạp và P.ĐT cho rằng con số này có tính tùy biến cao theo bối cảnh thị trường và cũng phụ thuộc việc triển khai của dự án được chia làm nhiều phân kỳ; Một vấn đề cần lưu ý nữa đó là giá trị tiền sử dụng đất mà đối tác sẽ đóng cho đợt giao đất lần đầu. Lưu ý thêm, là khoản tiền sử dụng đất mà đối tác cam kết sẽ chịu trong đợt giao đất lần 1 SẼ ĐƯỢC KHẤU TRỪ cho công ty khi công ty xác định và đóng tiền sử dụng đất đợt 2 (theo QH 1/500 mới). Đây là khoản công ty được lợi, khi đối tác đóng càng nhiều tiền càng cao thì công ty sẽ được khấu trừ càng nhiều cho lần đóng đợt 2. -"
BDS-CURATED-0173,mình lên gia tăng hiệu quả đầu tư vì không tốn thêm bộ máy vận hành,needs_name_or_parent_review,yes,chat_sentence_name; needs_parent_name_extraction,1,2023-04-26,2023-04-26,[2023-04-26] Huy M - IM 4/26/2023 10:10 AM Anh có đề xuất nếu được mình xin thêm 75ha bên cạnh để scale dự án mình lên gia tăng hiệu quả đầu tư vì không tốn thêm bộ máy vận hành. Và sẽ ăn theo được khu Vsip khi họ phát triển Link https://goo.gl/maps/nSTM1wgMZyyzcAhg9 by Unknown User
BDS-CURATED-0253,này thì phải Các dự án quy mô trên 1000 ha trước khi Nov,needs_name_or_parent_review,yes,chat_sentence_name,1,2024-12-16,2024-12-16,[2024-12-16] Huy M - IM 12/16/2024 8:51 PM https://tienphong.vn/dau-thau-khu-do-thi-hon-11000-ty-dong-o-binh-thuan-post1653028.tpo?fbclid=IwZXh0bgNhZW0CMTEAAR2rMTQT5dLeqXEimgXnhUzh7PNAvxnZpb2AfrFSUTrtCLVhZNEgsSw82vY_aem_dp4GDLx1Qv_OoXEfRpMwKA Sun Group cũng mới trúng dự án này thì phải Các dự án quy mô trên 1000 ha trước khi Nov... by Huy M - IM
BDS-CURATED-0255,nêu trên (QĐ 789 cho khu đất 2,needs_name_or_parent_review,yes,needs_parent_name_extraction,1,2025-06-26,2025-06-26,"[2025-06-26] Khoa L - INVT 6/26/2025 5:30 PM Translate P.Đầu tư gởi thêm hồ sơ mời quan tâm của 2 dự án nêu trên (QĐ 789 cho khu đất 2,1ha và QĐ 787 cho khu đất 3,7ha) 2025-QD-789 - Phe duyet ho so moi quan tam du an.pdf 2025-QD-787.pdf"
BDS-CURATED-0320,thay đổi khi thay đổi giá mua dự án và giá bán căn hộ,recover_project,no,,1,,,"[] P.ĐT báo cáo Sếp Admin 01 về cập nhật DA Võ Văn Kiệt (Gộp 2 Lô) theo chỉ tiêu QH dự kiến điều chỉnh, như sau: 1. Quy hoạch: Những thay đổi chính trong PA QH mới: Hệ số tăng từ 13,7 lên 14,7 Tầng cao từ 30 lên 36 tầng Tăng 3.467 m2 sàn kinh doanh ~ tăng 19 căn, từ 833 lên 852, đồng thời Shop điều chỉnh thành 3 tầng. 2. Hiệu quả tài chính: Đơn giá xây dựng All-in vẫn giữ 21 tr/m2 (gồm VAT). Chi phí kinh doanh bán hàng 19%/Doanh thu. Giá bán căn hộ giảm từ 105 xuống còn 99 tr/m2 (gồm VAT), tương đương với giá 90 tr chưa VAT ~ 5 tỷ/căn 56 m2. Giá bán Shop giữ đơn giá tầng 1+2 vẫn 230 tr/m2, tầng 3 còn 110 tr/m2 => Đơn giá bình quân cho căn Shop 3 tầng còn 193 tr/m2 (gồm VAT), ~ 175 tr chưa VAT ~ 50,8 tỷ/căn 3 tầng 290 m2. Hiệu quả tài chính có cải thiện so với phương án gộp cũ (30 tầng nổi, hệ số 13,7 lần) như sau: Độ nhạy dự án thay đổi khi thay đổi giá mua dự án và giá bán căn hộ: Với đơn giá mua từ 365 tr/m2 đến 370 tr/m2 thì hiệu quả IRR sẽ đạt từ 10.2 đến 10.5% và LNTT/TMĐT từ 16.6 đến 17.1%. Để dự án đạt hiệu quả với IRR từ 15% và LNTT/TMĐT từ 20% thì giá bán tương ứng đạt 106 tr gồm VAT và 96 tr chưa VAT, mức giá này khả thi vì thời điểm bán từ Quy 4/2027 (và tính thận trọng tỷ"
BDS-CURATED-0344,KCN Phước An tại xã Phước An,recover_project,no,,1,2025-05-15,2025-05-15,"[2025-05-15] Khang Do - CVDT 5/15/2025 5:11 PM Translate P. ĐT báo cáo anh Mr Mike1 -CEO về dự án KCN Phước An tại xã Phước An, huyện Nhơn Trạch, tỉnh Đồng Nai như sau: 1. THÔNG TIN TỔNG QUAN Tên dự án: Khu công nghiệp Phước An Vị trí: xã Phước An, huyện Nhơn Trạch, tỉnh Đồng Nai Định vị: KCN Phước An Giai đoạn 1+2 và Giai đoạn 3 – Cảng Phước An Diện tích: - Giai đoạn 1: 330 ha - Giai đoạn 2: 220 ha - Giai đoạn 3: 183 ha => Tổng 3 giai đoạn: 733 ha Mục đích sử dụng đất: SKK – Khu công nghiệp (dịch vụ hậu cần cảng) đối với Giai đoạn 1+2 và DGT – Cảng Phước An đối với Giai đoạn 3. Khu Công nghiệp - Dịch vụ hậu cần cảng gồm: dịch vụ nâng hạ, vệ sinh container, kiểm tra sửa chữa container, và cho thuê kho bãi. Không phải cho thuê đất làm KCN. Thời gian sử dụng: 21/08/2059 (còn 34 năm) Thị trường xung quanh 2. PHÁP LÝ DỰ ÁN (i) Pháp lý đất: chưa có GCN QSDĐ, chỉ có Hợp đồng thuê đất với diện tích thuê là 485 ha (ii) Pháp lý quy hoạch: có 2 GCN đầu tư cho giai đoạn 1+2 và 3; có QĐ quy hoạch 1/2000 cho giai đoạn 1, giai đoạn 2+3 chưa có (iii) Giấy phép xây dựng và các hồ sơ liên quan về giao thông, đấu nối, hạ tầng: chưa có (iv) Nghĩa vụ tài chính về đất: chưa có 3. CẤU TRÚC GIAO DỊCH - Định giá từ đố"
BDS-CURATED-0409,NOXH Đồng Nai (2 dự án trung tâm Biên Hòa)1,recover_project,no,,2,,,"[] P.ĐT gửi anhMrMike1-CEO về các bước cần thực hiện để tham gia đấu thầu dự án NOXH Đồng Nai (2 dự án trung tâm Biên Hòa)1. Các công tác cần triển khai:Công tác chuẩn bị đăng ký thực hiện dự án (thời hạn đăng ký trong vòng 33 ngày từ 25.03.2025): Ngày 25/03/2025, Sở Tài Chính đã phát thông báo mời q… Tuy nhiên, sau khi nghiên cứu kỹ thì các dự án này thuộc hình thức là tham gia đấu thầu Dự án và Key lúc đó là yêu cầu hồ sơ năng lực là chủ đầu tư phải đã và đang làm NOXH rồi thì mới tham gia được thì khó cho mình nên mới chuyển hương qua các NOXH cho BCA, BQP để pass qua được khâu Đ.Thầu à Gửi e lại cái nhơn trạch by Unknown User --- [] P.ĐT gửi anh Mr Mike1 -CEO về các bước cần thực hiện để tham gia đấu thầu dự án NOXH Đồng Nai (2 dự án trung tâm Biên Hòa) 1. Các công tác cần triển khai: Công tác chuẩn bị đăng ký thực hiện dự án (thời hạn đăng ký trong vòng 33 ngày từ 25.03.2025): Ngày 25/03/2025, Sở Tài Chính đã phát thông báo mời quan tâm dự án NOXH P.Tam Hiệp, Biên Hòa. => Do đó cần chuẩn bị các hồ sơ theo mẫu hướng dẫn trong thông báo và quyết định phê duyệt 788. Thời hạn nộp hồ sơ đăng ký trước 9 giờ ngày 28/04/2025 Công tác đánh giá hiệu quả thực hiện dự án Căn cứ vào qđ 788/QĐ-UBND, Phòng Đầu tư tổng hợp thông tin và gửi yêu cầu hỗ trợ đến các Phòng chuyên môn triển khai phục vụ tính FS sơ bộ, cụ thể: - Phòng TKQH: lập phương án quy hoạch NOXH căn cứ chỉ tiêu được nêu t"
BDS-CURATED-0242,của Nova đang khởi công trở lại nhưng vẫn chưa bán hàng ah,needs_name_or_parent_review,yes,needs_parent_name_extraction,1,2023-06-06,2023-06-06,"[2023-06-06] Binh Vo-GD-PTDT 6/6/2023 10:05 PM Đến nay các dự án của Nova đang khởi công trở lại nhưng vẫn chưa bán hàng ah. Begin quote, Binh Vo-GD-PTDT , 6/6/2023 10:... by Unknown User"
BDS-CURATED-0205,khi thực hiện kcn phải san lấp thêm ở mức bao nhiêu nên cũng chưa ước tính chi phí san lấp cho dự án này,needs_name_or_parent_review,yes,bad_name_length,1,2023-06-16,2023-06-16,"[2023-06-16] Huy M - IM 6/16/2023 9:24 PM Edited Lúc đi vẫn chưa có thông tin cao độ về dự án khi thực hiện kcn phải san lấp thêm ở mức bao nhiêu nên cũng chưa ước tính chi phí san lấp cho dự án này. Nên chưa rõ lắm về chi phí 1.5 trđ Tuấn đang đề cập à image by Unknown User, has an attachment."
BDS-CURATED-0208,không khả thi với bất kỳ giá mua nào Begin quote,needs_name_or_parent_review,no,chat_sentence_name; needs_parent_name_extraction,1,,,"[] Dạ hồi tháng 1/2025 Phòng có tính toán dựa trên cổng thông tin quy hoạch Thành phố Hồ Chí Minh: hệ số sử dụng đất là 4 và dân số là 572 dân, vì thế Phòng tính toán theo 2 phương án như sau: Phương án 1: Tính hết số dân theo quy hoạch 1.2000 (572 dân) Phương án 2: Tính hết hệ số sử dụng đất và tầng cao theo quy hoạch 1/2000, phải xin thêm 661 dân Tiền sử dụng đất tính theo phương pháp thặng dư theo phương án 1 là 475 tỷ, tương đương với 35tr/m2 và phương án 2 là 769 tỷ,tương đương với 57tr/m2. Tuy nhiên, nếu tiền sử dụng đất tính theo bảng giá đất nhà nước 100tr/m2 thì dự án không khả thi với bất kỳ giá mua nào Begin quote, Mr Mike1 -CEO , 2/10/2025 7:54... by Unknown User"
BDS-CURATED-0357,là 547 tỷ,needs_name_or_parent_review,no,needs_parent_name_extraction,2,,,"[] P.ĐT báo cáo anh Mr Mike1 -CEO về độ nhạy lợi nhuận trước thuế / Tổng mức đầu tư giữa đơn giá đóng tiền sử dụng đất và hệ số sử dụng đất toàn khu của dự án 1,6ha Phan Văn Hớn như sau: Tháng 1/2025 phòng đã báo cáo hiệu quả dự án, với: - Hệ số sử dụng Đất: 3,73, trong đó chung cư cao tầng là 3,16 và nhà ở thấp tầng là 0,57. Trong điều kiện phải xin thêm được 661 dân thì chi phí chuyển nhượng dự án là 547 tỷ, tương ứng với 33tr/m² đất Chạy độ nhạy Lợi nhuận trước thuế / Tổng mức đầu tư với các giả định: - Chi phí chuyển nhượng của dự án cố định là 547 tỷ - Tình hình kinh doanh không thay đổi Độ nhạy Lợi nhuận trước thuế / Tổng mức đầu tư của dự án với 2 biến số: Biến số 1: Đơn giá đóng tiền sử dụng đất trên tổng diện tích đất phù hợp quy hoạch Biến số 2: Hệ số sử dụng đất toàn khu (tầng cao và dân số phải tăng thêm tương ứng với hệ số sử dụng Đất) Message by Unknown User --- [] P.ĐT báo cáo anh Mr Mike1 -CEO về độ nhạy lợi nhuận trước thuế / Tổng mức đầu tư giữa đơn giá đóng tiền sử dụng đất và hệ số sử dụng đất toàn khu của dự án 1,6ha Phan Văn Hớn như sau: Tháng 1/2025 phòng đã báo cáo hiệu quả dự án, với: - Hệ số sử dụng Đất: 3,73, trong đó chung cư cao tầng là 3,16 và nhà ở thấp tầng là 0,57. Trong điều kiện phải xin thêm được 661 dân thì chi phí chuyển nhượng dự án là 547 tỷ, tương ứng với 33tr/m² đất Chạy độ nhạy Lợi nhuận trước thuế / Tổng mức đầu tư với các giả định: -"
BDS-CURATED-0251,này là mình vào xây dựng được liền Nó đã bán hơn 200 nền,needs_name_or_parent_review,yes,chat_sentence_name; needs_parent_name_extraction,1,2025-04-11,2025-04-11,"[2025-04-11] Huy M - IM 4/11/2025 5:23 PM Translate Với dự án này là mình vào xây dựng được liền Nó đã bán hơn 200 nền, ngta đã xây gì chưa by Unknown User"
BDS-CURATED-0219,sẽ được cải thiện hơn,recover_project,yes,,1,,,"[] Phòng đang tính an toàn là xây dựng NOXH cao tầng trong dự án, trường hợp sau này xin đóng tiền sử dụng đất NOXH để không phải xây NOXH và chuyển NOXH này thành đất nền thì hiệu quả dự án sẽ được cải thiện hơn. Dự án đang có một số hạn chế và thông tin cần được làm rõ: Chưa có đường kết nối vào dự án. Chưa hình thành dự án. Có một phần nhỏ trong ranh xen cài chưa mua xong (mài trắng trong ranh đất). Pháp lý và nguồn gốc đất chưa được cung cấp cụ thể. Hiện trạng đang là Đất lúa, cao độ thấp so với nền đường dẫn đến chi phí san lấp có thể cao, và đặc trung tại miền Tây có thể bị đội vốn lên đáng kể do thiếu cát san lấp. Đề xuất Dự án có thể được xem là quỹ đất dự trữ cho tương lai của Công ty CKG, trong bối cảnh quỹ đất nội thành tại Rạch Giá hiện nay gần như đã hết và ngày càng khó tìm các khu đất có quy mô lớn."
BDS-CURATED-0179,tuy đạt hiệu quả đầu tư về mặt tính toán nhưng sẽ bị vướng mắc về Pháp lý đất (đất SKC bị hết hạn,needs_name_or_parent_review,yes,bad_name_length; chat_sentence_name; needs_parent_name_extraction,2,2024-12-06,2024-12-06,"[2024-12-06] Huy M - IM 12/6/2024 8:05 AM Translate Dự án tuy đạt hiệu quả đầu tư về mặt tính toán nhưng sẽ bị vướng mắc về Pháp lý đất (đất SKC bị hết hạn, không gia hạn được do không phù hợp quy hoạch=> bị thu hồi), dự án chưa được phê duyệt chủ chương đầu tư, Công ty Việt An chưa có QSDĐ hợp pháp nên sẽ có thể phải thực hiện đấu thấu. Chi tiết nội dung này phần đề xuất và báo cáo pháp lý dự án Nhờ a Nghiệp check ply a by Unknown User --- [2024-12-06] Huy M - IM 12/6/2024 8:05 AM Translate Dự án tuy đạt hiệu quả đầu tư về mặt tính toán nhưng sẽ bị vướng mắc về Pháp lý đất (đất SKC bị hết hạn, không gia hạn được do không phù hợp quy hoạch=> bị thu hồi), dự án chưa được phê duyệt chủ chương đầu tư, Công ty Việt An chưa có QSDĐ hợp pháp nên"
BDS-CURATED-0038,Hoa viên Vĩnh Thanh tại đường nhánh của đường DT19,needs_name_or_parent_review,no,needs_parent_name_extraction,1,2024-12-27,2024-12-27,"[2024-12-27] Thao L - INVT 12/27/2024 5:02 PM Translate K.ĐT báo cáo nhanh anh Mr Mike1 -CEO sơ bộ về quỹ đất dự án Hoa viên Vĩnh Thanh tại đường nhánh của đường DT19, Vĩnh Thanh, Nhơn Trạch, Đồng Nai (Nguồn: Mr. Ka) như sau: 1. Thông tin, vị trí và hiện trạng: a. Thông tin: - Dự án Hoa viên với tổng diện tích đất là 57ha. - Giá đền bù ước tính: 1tr/m2 ~ 570 tỷ. b. Hiện trạng và hạ tầng: - Dự án tiếp giáp đường nhánh của đường DT19 (rộng khoảng 6 - 8m), Vĩnh Thanh, Nhơn Trạch, Đồng Nai. - Cách Cao tốc Bến Lức – Long Thành (2025) khoảng 700m. - Cách sông Đồng Nai khoảng 1Km. - Khu vực dự án là vùng đất trũng, thấp, chủ yếu là bùn lầy và hồ nuôi thủy sản. 2. So sánh Dự án Hoa viên Vĩnh Thanh và Hoa viên Sala Garden: 3. Pháp lý: Hiện tại Pháp lý của dự án Hoa viên Vĩnh Thanh đang dừng tại bước góp ý hồ sơ quyết định CTĐT. PLDA hiện chưa có bất kì hồ sơ trọng điểm về Đầu tư, Đất, Quy hoạch, Xây dựng. Dự án thuộc Trường hợp đấu thầu lựa chọn nhà đầu tư thực hiện dự án có sử dụng đất. Thông tin về Pháp lý đất loại hình Hoa viên: - Đất nghĩa trang thuộc đất sử dụng ổn định lâu dài. - Người mua (người sử dụng dịch vụ) ký hợp đồng với CĐT (về quyền sử dụng đất gắn với mộ phần cá nhân và dịch vụ nghĩa tr"
BDS-CURATED-0198,cao tầng phải đầu tư 2–3 tầng hầm Trường hợp cần rà soát chi tiết và cập nhật chính xác hơn,needs_name_or_parent_review,yes,needs_parent_name_extraction,1,2026-05-27,2026-05-27,"[2026-05-27] Admin 01 5/27/2026 4:35 PM Với chi phí dự phòng cũng cao hơn Về chi phí xây dựng: -Đối với khối cao tầng, hiện phương án thiết kế từ P.QH đang theo hướng tối ưu chi phí xây dựng, gồm: chỉ bố trí 01 tầng hầm và khối tháp cao khoảng 35–40 tầng, đồng thời sử dụng giải pháp để xe nổi. => Vì vậy, chi phí xây dựng dự kiến sẽ không quá nặng như các dự án cao tầng phải đầu tư 2–3 tầng hầm Trường hợp cần rà soát chi tiết và cập nhật chính xác hơn, P.ĐT sẽ phối hợp cung cấp thêm thông tin đầu vào để P.QS tính toán và cập nhật lại chi phí xây dựng cụ thể ạ Anh nghĩ nên tăng cp bán hàng đi, ngoài đảo... by Admin 01"
BDS-CURATED-0042,có mặt tiền rộng khoảng 100m ngay đường Nguyễn Hữu Thọ,needs_name_or_parent_review,no,chat_sentence_name; needs_parent_name_extraction,1,2022-08-26,2022-08-26,"[2022-08-26] Trieu Nguyen-PTDT 8/26/2022 2:10 PM Edited Dear anh Tuan Tran-CEO, Anh Binh Vo-GD-PTDT và Mi đã gặp bên chào bán là công ty Anh Tuấn để lấy thông tin sơ bộ 2 dự án 3.4ha và 3ha, thông tin cụ thể: A/ Dự án 3.4ha tại đường Nguyễn Hữu Thọ, Nhà Bè, TPHCM có giá chào 589 tỷ (17tr/m2 đất): 1. Vị trí và hiện trạng: - Dự án có mặt tiền rộng khoảng 100m ngay đường Nguyễn Hữu Thọ, Nhà Bè, TPHCM, cách đường Nguyễn Văn Linh, Q7 khoảng 5km, cách trung tâm Q1 khoảng 11km, cách sân bay Tân Sơn Nhất khoảng 17km - Nằm đối diện dự án GS Metro City, cách dự án Zeitgeist khoảng 600m - Hiện trạng đất trống (theo quan sát vệ tinh), có chiều sâu so với đường Nguyễn Hữu Thọ khoảng 380m 2. Pháp lý đất: - Chưa có hồ sơ cụ thể - Bản vẽ hiện trạng: 34729m2 đất nông 3. Pháp lý đầu tư: chưa có 4. Pháp lý quy hoạch: - QH 1.2000: + Đất thương mại 793.62m2 (2.29%) + Đất chung cư: 22266.33m2 (64.11%), HSSD 3.85 - 4.93 lần, MĐXD 20%, 18 - 23 tầng cao, dân số 2448 + Hành lang điện: 74.07m2 (0.21%) + Đất giao thông: 11595m2 (33.39%) 5. Pháp lý xây dựng: Chưa có 6. Loại hình phát triển: Chung cư trung cao cấp - 1 sàn TMDV (giá thuê khoán $8/m2/tháng có VAT) và 26 căn shop thương mại (giá bán trung bình 70tr/m2 sàn thôn"
BDS-CURATED-0256,nếu vùng đất thấp phải san lấp thêm nữa thì đơn giá 250,needs_name_or_parent_review,yes,needs_parent_name_extraction,2,2023-06-16,2023-06-16,"[2023-06-16] Unknown User 6/16/2023 9:12 PM Chi phí san lấp mà hết 1.5tr cao dữ v hã Hiện nay chi phí san lấp, hạ tầng kcn trung bình tầm 800 - 1 trđ/m2. Tuỳ theo cao độ của dự án nếu vùng đất thấp phải san lấp thêm nữa thì đơn giá 250.000 đồng/m3. Đối với hiện trạng dự án mình khảo sát ở kc... by Huy M - IM --- [2023-06-16] Unknown User 6/16/2023 9:12 PM Chi phí san lấp mà hết 1.5tr cao dữ v hã Hiện nay chi phí san lấp, hạ tầng kcn trung bình tầm 800 - 1 trđ/m2. Tuỳ theo cao độ của dự án nếu vùng đất thấp phải san lấp thêm nữa thì đơn giá 250.000 đồng/m3. Đối với hiện trạng dự án mình khảo sát ở kc... by Huy M"
BDS-CURATED-0223,xung quanh,needs_name_or_parent_review,yes,needs_parent_name_extraction,3,2022-08-10,2022-08-10,"[2022-08-10] Quy Vo-PTDT 8/10/2022 10:45 AM Đối với giá bán chung cư cũng tham khảo các dự án xung quanh, riêng dự án Azura & Hiyori đã đi vào hoạt động lâu, còn dự án so sánh như The 6nature (55-95 trđ/m2 view biển 50 năm và view thành phố lâu dài) và The Sang Residence (58-68 trđ/m2) image by Unknown User --- [] Dạ bên đó đang bán từ 107 tr đến 167 tr/m2 tùy hệ số tầng, góc, view. Xin gửi Sếp giá căn hộ các dự án xung quanh... by Hanh T - INVT, has an attachment. --- [] Huy M - IM 5/26 9:02 PM Translate Ok Sếp. Sáng PĐT cũng khảo sát hiện trạng khu đất, các dự án xung quanh. Anh sẽ báo Bên KD và RD làm báo cáo chi tiết hơn"
BDS-CURATED-0360,đang vận hành có hệ số nén 0,needs_name_or_parent_review,no,needs_parent_name_extraction,1,,,"[] Phòng trọ cao cấp - S: 20 - 25m2 căn có gác lửng 3,5 - 3,7 VNĐ/tháng. - S: 20 - 25m2 căn có gác lửng, ban công 4,0 - 4,2 - S: 30m2 căn có gác lửng, ban công, đề xuất làm căn góc tận dụng 2 mặt thoáng cửa sổ lấy sáng nhiều hơn 5 (giá cao hơn thì sẽ không cạnh tranh được với các tòa nhà trong khu vực Thạnh Mỹ Lợi) Bàn giao nội thất Bàn giao máy lạnh, kệ bếp, bàn , 2 ghế, tủ quần áo. (khách muốn có tủ lạnh thì thêm 200k/tháng) Chi phí vận hành: 25% Tổng doanh thu (bao gồm hoa hồng kinh doanh, chi phí bảo trì và quản lý vận hành). Công suất thuê phòng trong thời gian vận hành ổn định là 90% Giá trị bất động sản chuyển nhượng năm thứ 11, P.ĐT tạm ước tính đ/v giá trị quyền sử dụng đất bằng giá trị mua đất hiện tại nhân trượt giá mỗi năm 5%. Và giá trị công trình xây dựng chuyển nhượng bằng giá trị đầu tư hiện tại nhân 60%. 1/ Hẻm 86/1 Thạnh Mỹ Lợi, Cát Lái, Thủ Đức (Hẻm rộng khoảng 4m-5m) + Diện tích đất: 628,3m2 (kích thước: 27,75m x 24m) – Đất ở đô thị + MĐXD: 47,43% và Tổng sàn xây dựng 3.232,59m2 – 1 hầm + 7 tầng + Tổng số phòng: 68 phòng (Trong đó: 61 phòng có diện tích 20m2-25m2 và 7 phòng có diện tích 30m2) – Hệ số nén = 0,1 + Tổng mức đầu tư bao gồm chi phí mua đất: 91 tỷ đồng ("
BDS-CURATED-0365,Khu du lịch,needs_name_or_parent_review,no,needs_parent_name_extraction,1,2025-02-28,2025-02-28,"[2025-02-28] Huy M - IM 2/28/2025 11:55 AM Translate Liên quan đến vấn đề giải quyết vướng mắc cho CĐT Novaland tại 2 dự án 30.2 Bình Khánh (Waterbay) và 30.1 ha Nam Rạch Chiếc (Lakeview): Nguồn gốc: Năm 2004, NN giao đất khu Waterbay cho công ty Thế kỷ 21 (công ty con của NVL) để thực hiện dự án Khu du lịch, văn hóa, giải trí. Năm 2008, NVL đã hoàn thành bồi thường giải phóng mặt bằng theo QĐ giao đất năm 2004 Năm 2016, TP.HCM xác định khu dự án Waterbay là 1 phần trong khu tái định cư Thủ Thiêm do đó không thể thực hiện dự án NOTM. Để giải quyết cho NVL, TP.HCM đã hoán đổi cho NVL khu đất 30.1ha Nam Rạch Chiếc mà sau này NVL triển khai dự án NOTM tên là Lakeview City. Song song với việc hoán đổi nêu trên, UBND TP.HCM có qđ xác định thời điểm định giá đất cho cả 2 khu Waterbay và Lakeview là vào năm 2008. Căn cứ vào đó, sau khi xác định giá trị quyền sử dụng đất và giá trị chênh lệch vị trí giữa 2 khu đất trên, NVL đã thực hiện nộp thêm 53 tỷ (tiền chênh lệch) và được ghi nhận vào năm 2016. Như vậy đối với nghĩa vụ tiền sử dụng đất phải nộp để thực hiện dự án NOTM Lakeview, NVL đã bỏ ra tiền bồi thường giải phóng mặt bằng khu waterbay và đóng thêm 53 tỷ. Mặc dù vậy đến năm 2020, UBND Tp.HCM lạ"
BDS-CURATED-0282,Vo Van Kiet Gop 2 Lo (IN),needs_name_or_parent_review,yes,needs_parent_name_extraction,1,,,[] Phòng xin gửi đính kèm Báo cáo Đầu tư (dạng trình bày) và Báo cáo đề xuất giá của phòng R&D. 28.5 P.ĐT BC Trinh Bay DA Vo Van Kiet Gop 2 Lo (IN).pdf 27052026_R&D_2VVK - IN.pdf Sao Phú Quốc xây 16tr mà ĐN xây 21tr lận by Admin 01
BDS-CURATED-0111,Vì 2 vấn đề trên,needs_name_or_parent_review,no,needs_parent_name_extraction,1,2022-08-26,2022-08-26,"[2022-08-26] Unknown User 8/26/2022 2:10 PM Dear anh Tuan Tran-CEO, Anh Binh Vo-GD-PTDT và Mi đã gặp bên chào bán là công ty Anh Tuấn để lấy thông tin sơ bộ 2 dự án 3.4ha và 3ha, thông tin cụ thể: A/ Dự án 3.4ha tại đường Nguyễn Hữu Thọ, Nhà Bè, TPHCM có giá chào 589 tỷ (17tr/m2 đất): 1. Vị trí và hiện trạng: 📄 … KĐT gửi anh Tuan Tran-CEO báo cáo cập nhật tình hình nghiên cứu quỹ đất 3.4ha tại đường Nguyễn Hữu Thọ, Nhà Bè, nay bổ sung thêm diện tích đất có tổng quy mô 3.97ha, giá chào bán 17tr/m2 đất tương đương 675.3 tỷ đồng, cụ thể: 1. Vị trí và hiện trạng: Sau khi nghiên cứu sâu bản vẽ hiện trạng và ranh đất theo sổ được chào bán ban đầu (3.4ha) thì quỹ đất không có mặt tiền tiếp giáp đường Nguyễn Hữu Thọ, chỉ có mặt tiền rộng khoảng 80m tiếp giáp với đường nằm trong quy hoạch có lộ giới 40m cắt ngang đường Nguyễn Hữu Thọ Khi đi kiểm tra hiện trạng, phần đất có mặt tiếp giáp với đường Nguyễn Hữu Thọ là quy hoạch hành lang đường điện và cây xanh tuyến điện, có khả năng cao là đất của nhà nước => BeeG có thể cải tạo chỉnh trang khuôn viên cây xanh tuyến điện để tạo cảnh quan cho dự án Vì 2 vấn đề trên, KĐT yêu cầu phía đối tác bổ sung thêm 2 mảnh có quy mô 4994.6m2 nhằm gia tăng chiều rộng mặt"
BDS-CURATED-0217,phân lô bán nền ở phường Long Phước ạ Vị trí dự án,needs_name_or_parent_review,yes,chat_sentence_name,1,,,[] Dạ em gửi định vị 2 dự án phân lô bán nền ở phường Long Phước ạ Vị trí dự án: ViệtNhân1234: https://maps.app.goo.gl/JgiGYy1CTvYwjKz58 Blue Diamond Riverside: https://maps.app.goo.gl/XvU1q69F5AkAa2Br9
BDS-CURATED-0259,tham gia để đánh giá thêm về chuyên mô á Sếp,needs_name_or_parent_review,yes,needs_parent_name_extraction,2,2026-05-27,2026-05-27,"[2026-05-27] Admin 01 5/27/2026 7:36 PM 2. 120 tỷ là số chốt chưa hay áng chừng nhỉ Mình đang tạm lấy theo số bên đó báo Sếp. Số liệu chi tiết thẩm định, cơ sở thì chưa có thông tin để check nên anh mới đề xuất có plda tham gia để đánh giá thêm về chuyên mô á Sếp. Với cái này họ chuyển cty nên cũng cần PTC thẩm định về bctc công tin để xem có khoản nợ tiềm tàng nào ko để tránh rủi ro mình mua vào sau này phát sinh thì mình phải chịu Sếp --- [2026-05-27] Admin 01 5/27/2026 7:36 PM 2. 120 tỷ là số chốt chưa hay áng chừng nhỉ Mình đang tạm lấy theo số bên đó báo Sếp. Số liệu chi tiết thẩm định, cơ sở thì chưa có thông tin để check nên anh mới đề xuất có plda tham gia để đánh giá thêm về chuyên mô á Sếp. Với cái này họ chuyển cty nên cũng cần PTC thẩm định về bctc công tin để xem có khoản nợ tiề"
BDS-CURATED-0350,theo các phân kỳ,needs_name_or_parent_review,no,chat_sentence_name; needs_parent_name_extraction,1,,,"[] P.ĐT báo cáo anh Mr Mike1 -CEO, bảng FS Phú Quang cập nhật theo phương án NOTM thay thế NOXH: 1. Các giả định thay đổi trong bài tính: - Giá bán và chi phí được cập nhật: Giá bán tham chiếu theo báo cáo thị trường của P.RnD, chi phí tính tăng lên khoảng 10% để phù hợp với tốc độ trượt giá và tình hình xây dựng hiện tại - Tiền sử dụng đất: Bài tính tiền sử dụng đất cập nhật lại giá thị trường (lên khoảng 50tr/m2) để làm số liệu đầu vào, đồng thời tính toán lại theo quy hoạch mới của P.TKQH. P.ĐT đang giả định thời điểm công ty được giao đất và xác định nghĩa vụ tài chính đợt 2 vào năm 2027. Ngoài ra P.ĐT cũng đã ước tính số tiền đối tác phải đóng cho lần giao đất đợt 1 để lấy số khấu trừ cho tiền sử dụng đất đợt 2. - Quy hoạch: P.ĐT đang tính 2 phương án: PA1: NOXH được chuyển thành khu NOTM thấp tầng PA2: NOXH được chuyển thành khu NOTM cao tầng. - Bài toán kinh doanh: Định hướng P.ĐT đề xuất phát triển dự án theo các phân kỳ như sau: + Triển khai phân khu cao tầng trước (có thể kết hợp bán 1 số khu thấp tầng gần công viên chính) + Xây dựng nhà thấp tầng, biệt thự và bán sau cùng để đảm bảo giá trị mang lại cho CĐT cao nhất và giá bán cũng có thể đạt mức maximum. 2. Tiến độ triển k"
BDS-CURATED-0301,tại Đà Lạt vào ngày 09-11,needs_name_or_parent_review,yes,chat_sentence_name; needs_parent_name_extraction,1,,,"[] P.ĐT gửi anh Tuan Tran-CEO lịch đăng ký xe công ty đi công tác Khảo sát thị trường Khách sạn tại Đà Lạt vào ngày 09-11.08.2022. Anh duyệt giúp em, để em báo bộ phận điều x... by Thao L - INVT"
BDS-CURATED-0099,50ha thuộc huyện Vĩnh Tường – Yên Lạc,recover_project,no,,3,2022-08-22,2024-12-16,"[2024-12-16] Huy M - IM 12/16/2024 5:48 PM Translate KĐT gửi anh @Tuan @Tran-CEO báo cáo dự án 50ha thuộc huyện Vĩnh Tường – Yên Lạc, tỉnh Vĩnh Phúc: 1) Vị trí và hiện trạng: • Dự án nằm trên trục đường QL2C (trục đường gồm 2 làn oto, 2 làn xe máy), cách TP. Vĩnh Yên khoảng 10km và nằm đoạn giữa đường Vành đai 3 (định đướng hoàn thành vào 2030) và Vành đai 4 (chưa có thông tin cụ thể) tỉnh Vĩnh Phúc. • Hiện trạng: Đang xin chủ trương tỉnh uỷ về việc đấu thầu thực hiện dự án. Đơn giá bồi thường ước tính 1tr/m2 cho diện tích toàn khu 2) Pháp lý đất: Đang ở bước chuẩn bị ĐBGPMB, đa phần là đất lúa. 3) Pháp lý đầu tư: Đang xin chủ trương đấu thầu dự án. 4) Pháp lý quy hoạch: Thông số thương phẩm và các thông số dựa vào đề xuất trình xin chủ trương kèm bảng vẽ 1/500 theo đề xuất (chưa được duyệt) 5) Pháp lý xây dựng: Theo đề xuất xin chủ trương được cung cấp. 8) Hiệu quả tài chính: • Lợi nhuận trước ... by Huy M - IM --- [2024-12-16] Huy M - IM 12/16/2024 5:48 PM Translate KĐT gửi anh @Tuan @Tran-CEO báo cáo dự án 50ha thuộc huyện Vĩnh Tường – Yên Lạc, tỉnh Vĩnh Phúc: 1) Vị trí và hiện --- [2022-08-22] Thao L - INVT 8/22/2022 6:57 PM KĐT gửi anh Tuan Tran-CEO báo cáo dự án 50ha thuộc huyện Vĩnh Tường – Yên Lạc, tỉnh Vĩnh Phúc: 1) Vị trí và hiện trạng: Dự án nằm trên trục đường QL2C (trục đường gồm 2 làn oto, 2 làn xe máy), cách TP. Vĩnh Yên khoảng 10km và nằm đoạn giữa đường Vành đa"
BDS-CURATED-0322,Hải Nhân,needs_name_or_parent_review,no,needs_parent_name_extraction,4,,,"[ | BDS-MASTER-0129] [] Phòng Đầu tư xin báo cáo Sếp Admin 01 về phân tích đầu tư dự án Hải Nhân 4.5ha (nguồn từ Mr Duy) như sau: I/THÔNG TIN QUY HOẠCH: Theo QH phân khu thì khu đất dự án thuộc ô phố 1.2, số 02, nhóm nhà ở quy hoạch, tầng cao tối đa 50, hệ số sử dụng đất 10 lần, dân số 5.177 dân. Dựa vào hiện trạng khu đất và hình dạng khu đất, phòng QH đã tính toán chỉ tiêu và có bố trí một phần đất làm nhà liên kế, và cơ cấu sản phẩm như sau: Tổng diện tích đất phù hợp quy hoạch : 45.933 m2, trong đó gồm: + Diện tích đất phát triển chung cư : 28.604 m2 (2 tầng hầm, 5 tầng đế, 45 tầng tháp), gồm 78 căn Shop, 2.472 căn hộ) + Diện tích đất phát triển nhà liên kế : 5.685 m2 (5 tầng, 63 nền, dt đất 1 nền 90 m2) còn lại là đất giao thông, cây xanh, kỹ thuật. II/PHÂN TÍCH HIỆU QUẢ TÀI CHÍNH (FS): 1/CHI PHÍ: VỀ CHI PHÍ ĐẤT VÀ TIỀN SỬ DỤNG ĐẤT: Do hồ sơ đất chưa được cung cấp chi tiết, nên phòng đang tạm tính tiền đất được khấu trừ theo 100% là đất nông nghiệp với đơn giá bằng 15% dơn giá đất ở vị trí 2 (44 tr/m2) ~ 9 tr/m2 và tiền đất được khấu trừ khoảng 395 tỷ đồng, chiếm 15% tiền sử dụng đất dự án. Theo đó, tiền sử dụng đất sau khi khấu trừ đất nông nghiệp là 2.200 tỷ đồng ~ 49 tr/m2. Tiền đất (gồm CP mua --- [ | BDS-MASTER-0245] [] Phòng ĐT xin báo cáo Sếp Admin 01 sơ bộ hiện trạng 03 dự án Hải Nhân, Richland, Parklane mà Team đã thực hiện khảo sát thực tế sáng hôm nay: 1/Hải Nhâ"
BDS-CURATED-0346,cao tầng với tổng diện tích đất dự án là 10,recover_project,no,,2,2024-09-25,2024-09-25,"[2024-09-25 | BDS-MASTER-0032] [2024-09-25] Thao L - INVT 9/25/2024 4:30 PM Edited Translate K.ĐT báo cáo anh Mr Mike1 -CEO về Chung cư Landmark, Dương Đông, Phú Quốc - Nguồn: Mr. Tâm , như sau: 1. Thông tin, vị trí và hiện trạng: - Dự án cao tầng với tổng diện tích đất dự án là 10,490m2 - Giá chuyển nhượng: 65tr/m2 cho phần diện tích chuyển mục đích sử dụng đất - 10,490m2 và đảm bảo phải phù hợp Quy hoạch 1/2000 và 1/500 tương đương 681.86 tỷ. - Hiện trạng đất trống và chờ làm hạ tầng, không có đường/hẻm (được công nhận) tiếp giáp các thửa đất hiện hữu. - Cách mặt biển gần nhất 1km và không sử dụng được vì là cầu cảng. 2. Hạn chế của Thị trường cao tầng Phú Quốc và Dự án Landmark Thị trường cao tầng Phú Quốc: Hiện trang: - Chưa có dấu hiệu phục hồi và ổn định, tất cả dự án condotel mới đều ngừng triển khai, riêng dự án căn hộ lâu dài thì không có khả năng sinh lời, NĐT cắt lỗ hoặc bán ngang giá sau khi nhận bàn giao. - Thị trường căn hộ truyền thống khá rủi ro, do chưa có dự án nào tương tự được triển khai, nhu cầu thật sự chưa rõ ràng do mật độ dân số ở Phú Quốc thấp, chỉ 285 người/km2 và thị trường nhà đất đã phục vụ đủ mật dộ dân số này. Thị trường căn hộ Phú Quốc sau năm 2020 gặp khó khăn do: - Thiếu cam kế --- [2024-09-25 | BDS-MASTER-0194] [2024-09-25] Thao L - INVT 9/25/2024 4:30 PM Edited Translate K.ĐT báo cáo anh Mr Mike1 -CEO về Chung cư Landmark, Dương Đông, Phú Qu"
BDS-CURATED-0329,căn hộ cao cấp tại vị trí nghiên cứu là khả thi với mức giá đấu max 370 tr,needs_name_or_parent_review,no,needs_parent_name_extraction,1,,,"[] Phòng Đầu tư báo cáo CEO Mr Mike1 -CEO 2 khu đất thuộc trung tâm tài chính quốc tế Đà Nẵng đang kêu gọi nhà đầu tư như sau: 1. Vị trí: Theo đề án trung tâm tài chính quốc tế Đà Nẵng và báo cáo SXD Đà Nẵng, lô A12 và A14 được quy hoạch chức năng căn hộ cao cấp. Do đó, P.ĐT đề xuất nghiên cứu 2 lô đất này vì có tiềm năng mang lại lợi nhuận và dòng thu sớm nhất. 2. Thông tin 2 lô đất: - Lô A12: 7.633 m2, MĐXD 40-90%, 38 tầng - Lô A14: 10.327 m2, MĐXD 40 – 90%, 38 tầng. Dựa vào thông tin nghiên cứu, thông số quy hoạch (p.QLTK), giá bán (RnD) đề xuất 167tr/m2 gồm VAT thông thủy, Chi phí đầu tư xd all-in gồm VAT: 22.3tr/m2, Cp bán hàng 25%/doanh thu, P.ĐT tóm tắt hiệu quả tương ứng với các kịch bản đấu giá như sau: 3. Hiệu quả a) Lô A12: Trường hợp không vay tiền đất (100% vốn CSH đấu giá đất) - Giả định giá bán căn hộ: 150tr/m2: Để đảm bảo IRR 15% => Giá đấu giá max: 290 tr/m2 (tổng giá trị đất: 2.213 tỷ), LNTT/TMĐT: 35.8% - Giả định giá bán căn hộ: 167,4tr/m2 (phương án đề xuất của RnD) Để đảm bảo IRR 15% => Giá đấu giá max: 341tr/m2 (tổng giá trị đất: 2.603 tỷ), LNTT/TMĐT: 39.8% Trường hợp vay 50% tiền đất - Giả định giá bán căn hộ: 150tr/m2: Để đảm bảo IRR 15% => Giá đấu giá max: 307"
BDS-CURATED-0356,là 300 tỷ * Giải thích hệ số sử dụng đất càng cao (từ 3,needs_name_or_parent_review,no,needs_parent_name_extraction,1,,,"[] Phòng ĐT báo cáo anh Mr Mike1 -CEO về độ nhạy lợi nhuận trước thuế / Tổng mức đầu tư giữa đơn giá đóng tiền sử dụng đất và hệ số sử dụng đất toàn khu của dự án 1,6ha Phan Văn Hớn như sau: * Bảng độ nhạy lợi nhuận trước thuế / Tổng mức đầu tư giữa đơn giá đóng tiền sử dụng đất và hệ số sử dụng đất toàn khu, khi chi phí chuyển nhượng dự án là 300 tỷ * Giải thích hệ số sử dụng đất càng cao (từ 3,73 đến 8) nhưng đơn giá đóng tiền sử dụng đất lại giảm, vì trong bài toán thặng dư theo hướng dẫn cách tính của TP.HCM: Giá trị thặng dư = Doanh thu (1) – Chi phí xây dựng (2) – Lợi nhuận nhà đầu tư (3) Khi hệ số sử dụng đất tăng dần từ 3,73 đến 8: (1) Doanh thu: Doanh thu tăng do diện tích sàn thương phẩm tăng khi hệ số sử dụng đất tăng, trong khi đơn giá bán không đổi (chỉ một biến số diện tích sàn thương phẩm tăng) (2) Chi phí xây dựng: Chi phí xây dựng tăng nhanh hơn doanh thu (1). Khi hệ số sử dụng đất tăng (từ 3,73 đến 8), dẫn đến số tầng chung cư tăng từ 15 đến 33 tầng, điều này làm cho đơn giá xây dựng tăng từ 12tr/m² đến 16,7tr/m² (theo Bộ Xây dựng) và diện tích sàn xây dựng tăng tương ứng với hệ số sử dụng Đất (2 biên số: đơn giá xây dựng và diện tích sàn cùng tăng) (3) Lợi nhuận nhà"
BDS-CURATED-0106,KDC An Tôn theo 02 phương án quy hoạch,recover_project,no,,2,,,"[] P.ĐT báo cáo Sếp Admin 01 về hiệu quả dự án KDC An Tôn theo 02 phương án quy hoạch như sau: I. QUY HOẠCH 02 PHƯƠNG ÁN PA 1: Xây dựng NOXH 6 tầng (391 căn), 122 NLK (nhà liên kế) và 111 NBT (nhà biệt thự). PA 2 : Chuyển đổi quỹ đất NOXH -> NLK và NBT, gồm 134 NLK (tăng thêm 12 căn) và 165 NBT (tăng 54 căn). Lý do có PA 2: Tối ưu hóa quỹ đất, tăng giá trị thương mại cho toàn dự án. Nội dung PA1 NOXH (Chung cư), Nhà LK, BT PA2 Chuyển NOXH -> Nhà LK, BT Ghi Chú NOXH 391 căn NOXH 0 căn NOXH, +54 NBT, 12 NLK Nhà liên kế 122 căn, 4 tầng, DT đất 105m2/nền 134 căn, 3 tầng, DT đất 105m2/nền Nhà biệt thự 111 căn, 3 tầng, DT đất 276m2/nền 153 căn, 3 tầng, DT đất 276 m2/nền Tổng 391 căn NOXH, 233 căn nhà thấp tầng 287 căn nhà thấp tầng II. SO SÁNH CHỈ TIÊU TÀI CHÍNH 02 PHƯƠNG ÁN (chi tiết chi phí và doanh thu sẽ được đính kèm ở bảng tổng hợp) Trong đó, các giả định và cơ sở tính toán của phòng: Chi phí xây dựng tính toán dựa vào suất vốn đầu tư được công bố năm 2026, có điều chỉnh tỷ lệ về mức độ hoàn thiện (xây nhà hoàn thiện mặt ngoài, thô bên trong) và yếu tố địa hình ở Đà Lạt Tiền sử dụng đất tính theo phương pháp thặng dư, đơn giá đất ở khoảng 29 tr/m2, gấp 3,4 lần đơn giá đất nhà nước đườ --- [] P.ĐT báo cáo Sếp Admin 01 về hiệu quả dự án KDC An Tôn theo 02 phương án quy hoạch như sau: I. QUY HOẠCH 02 PHƯƠNG ÁN PA 1: Xây dựng NOXH 6 tầng (391 căn), 122 NLK (nhà liên kế) và 111 NBT "
BDS-CURATED-0080,KHU DU LỊCH SINH THÁI BIỂN CAO CẤP LẠC VIỆT,needs_name_or_parent_review,no,needs_parent_name_extraction,1,2023-09-06,2023-09-06,"[2023-09-06] Thao L - INVT 9/6/2023 3:05 PM Edited K.ĐT báo cáo anh Tuan Tran-CEO về dự án KHU DU LỊCH SINH THÁI BIỂN CAO CẤP LẠC VIỆT như sau: I/ THÔNG TIN DỰ ÁN 1. Vị trí: Xã Thắng Hải, huyện Hàm Tân, tỉnh Bình Thuận. 2. Link map: https://goo.gl/maps/JhPoRTM15vQA7Kk6A 3. Diện tích: 72ha. II/ PHÁP LÝ DỰ ÁN 1. Pháp lý đất: Chưa có hồ sơ. 2. Pháp lý đầu tư: - 11/05/2007: GCN đăng ký doanh nghiệp số 0304993374: CTCPTM&DV Danh Việt. - 07/09/2018: Quyết định chủ trương đầu tư số 2313/QĐ-UBND: + Mục tiêu: Kinh doanh dịch vụ du lịch nghỉ dưỡng; kinh doanh biệt thự nghỉ dưỡng và căn hộ du lịch biển gắn với QSDĐ lâu dài + Quy mô: Khu nghỉ dưỡng, biệt thự, căn hộ, nhà vườn, khu khách sạn 4-5 sao ven sông, khu giải trí, ttms, nhà hàng,… + Thời gian hoạt động: . Đầu tư kinh doanh khu du lịch nghỉ dưỡng, khách sạn giải trí => Thời hạn còn lại: 35 năm. . Đầu tư xây dựng biệt thự, căn hộ du lịch biển gắn với QSDĐ lâu dài=> Những sản phẩm này chỉ được sở hữu 50 năm theo quy định hiện nay (từ 2008). + Tiến độ thực hiện: Đến Quý II/2021: Hoàn thành đi vào hoạt động toàn bồ dự án. => Quá hạn tiến độ dự án. 3. Pháp lý quy hoạch: - 16/03/2018: Bảng vẽ QH chi tiết 1/500: Thương phẩm là đất TMDV (theo Sở XD tỉnh BT"
BDS-CURATED-0233,Khu đô thị Bắc Quán Hành tại thị trấn Quán Hành,recover_project,yes,,1,2023-06-21,2023-06-21,"[2023-06-21] Tuan Tran-CEO 6/21/2023 5:51 PM https://cafeland.vn/tin-tuc/khu-do-thi-gan-1000-ti-o-nghe-an-long-dong-tim-chu-120579.html?mibextid=Zxz2cZ Khu đô thị gần 1.000 tỉ ở Nghệ An long đong tìm chủ - CafeLand.Vn Thời gian đăng ký thực hiện dự án Khu đô thị Bắc Quán Hành tại thị trấn Quán Hành, huyện Nghi Lộc với tổng mức đầu tư gần 1.000 tỉ được gia hạn thêm 30 ngày. - CafeLand.Vn cafeland.vn Check thông tin nha mng by Unknown User"
BDS-CURATED-0366,Phú Gia Khiêm,recover_project,no,,2,2024-09-17,2024-09-18,"[2024-09-18] Trieu Nguyen-PTDT 9/18/2024 11:38 AM Translate Em gửi anh Mr Mike1 -CEO bảng so sánh mức giá vốn dự án Phú Gia Khiêm. Với mức giá chuyển nhượng 700 tỷ thì dự án đạt hiệu quả theo chỉ tiêu Lợi nhuận trước thuế / Tổng mức đầu tư đạt 20% Diễn giải từng cái ra nha. A ko xem hình đc by Unknown User --- [2024-09-17] Trieu Nguyen-PTDT 9/17/2024 3:56 PM Edited Translate KĐT gửi anh Mr Mike1 -CEO báo cáo cập nhật hiệu quả dự án Phú Gia Khiêm, Thuận An, Bình Dương được tính toán theo giá chuyển nhượng dự án 700 tỷ và 1100 tỷ: A/ Các thông số tính toán: 1/ Suất đầu tư xây dựng (cung cấp bởi phòng QS): a) Dự toán chi phí xây dựng cho các công trình của dự án theo phân khúc B: Tổng 2.840 tỷ đồng + Suất xây dựng chung cư (bao gồm các loại chi phí): 12.788.000 đồng/m2 + Suất xây dựng Officetel (bao gồm các loại chi phí): 13.046.000 đồng/m2 b) Dự toán chi phí xây dựng theo QĐ 510/BXD dùng để tính toán tiền sử dụng đất phải đóng: Tổng 3.269 tỷ đồng 2/ Tiền sử dụng đất tính toán theo phương pháp thặng dư: 200 tỷ + Căn cứ theo suất vốn xây dựng của Quyết định 510/BXD + Văn bản hướng dẫn tính tiền sử dụng đất theo phương pháp thặng dư của Tỉnh Bình Dương 3/ Giá bán sản phẩm trung bình (tr.đồng/m2 sàn thông thủy có VAT): 4/ Tiến độ dự án: ** Nhà trẻ: Tạm tính cho thuê thu tiền 1 lần B/ Kết quả dự án + Chi tiết kết quả dự án theo giá chuyển nhượng 700 tỷ và 1100 tỷ: + Với giá chuyển như"
BDS-CURATED-0279,Phượng Hoàng theo Chính sách bán hàng mới từ Mr Cường (SM),needs_name_or_parent_review,yes,needs_parent_name_extraction,1,2025-09-10,2025-09-10,"[2025-09-10] Thao L - INVT 9/10/2025 12:08 PM Translate K.ĐT báo cáo anh Mr Mike1 -CEO cập nhật hiệu quả đầu tư dự án Phượng Hoàng theo Chính sách bán hàng mới từ Mr Cường (SM) như sau: Đã thực hiện tính toán phương án độc lập để đối chiếu cùng với kết quả từ Ms.Hạnh – Phòng Đầu tư. Kết quả từ hai bên tương đương nhau, đảm bảo tính chính xác và đồng nhất của số liệu 1 Like reaction."
BDS-CURATED-0235,Sơn xdung đưa ở DT743 đó,needs_name_or_parent_review,yes,needs_parent_name_extraction,1,2025-03-13,2025-03-13,"[2025-03-13] Mr Mike1 -CEO 3/13/2025 8:52 AM Translate Check cái dự án Sơn xdung đưa ở DT743 đó, thấy hệ số tốt hơn nhiều phượng hoàng Anh có nhận thông tin dự án đó rồi à, Team ... by Huy M - IM"
BDS-CURATED-0308,Vương Bảo Long,needs_name_or_parent_review,yes,needs_parent_name_extraction,1,2022-09-23,2022-09-23,[] Báo cáo sơ bộ dự án Vương Bảo Long..pdf personal > trieunguyenptdt_beegroup1_com 22.9.22 BC so bo ply du an Vuong Bao Long.docx personal > trieunguyenptdt_beegroup1_com
BDS-CURATED-0285,bị Phốt nhiều à Vậy bỏ qua cái Đức Long nha by Unknown User,needs_name_or_parent_review,yes,needs_parent_name_extraction,1,2025-04-03,2025-04-03,[2025-04-03] Unknown User 4/3/2025 2:35 PM 300 tỷ 📄 QĐ 2805 UBNDTP - QUY HOẠCH 1-2000 1.7.2019 (4).pdf 📄 Bản vẽ hiện trạng Gia Long.pdf 📄 SO DO Gia Long.pdf Dự án bị Phốt nhiều à Vậy bỏ qua cái Đức Long nha by Unknown User
BDS-CURATED-0325,chung cư Việt An,recover_project,no,,3,2023-05-27,2024-12-06,"[2024-12-06 | BDS-MASTER-0074] [2024-12-06] Huy M - IM 12/6/2024 8:01 AM Translate K.ĐT báo cáo anh Tuan Tran-CEO về dự án cao tầng Việt An, Thuận Giao, Bình Dương như sau: 1/ THÔNG TIN DỰ ÁN: • Giá chào: 200 tỷ. • Diện tích đất: 9.652,2m2 ~ 20,7tr/m2. • Vị trí: Tiếp giáp đường D4 (vào bằng đường Thuận Giao 09), Thuận Giao, Thuận An, Bình Dương. • Link map: https://goo.gl/maps/xNEqZWHrXNzKYLHe6 • Hiện trạng: Đất trống + Nhà xưởng tạm. • Quy mô: Dự án cao tầng gồm 02 khối tháp, mỗi khối gồm 24 tầng + 2 hầm; HSSDĐ cả khu: 10,7 lần. 2/ PHÁP LÝ: a/ Pháp lý đất: • 03 GCNQSDĐ, trong đó: Đất ở tại đô thị: 86,7m2 – Lâu dài. Đất trồng cây hàng năm: 3.153,3m2 – 10/2063. Đất thương mại dịch vụ: 2.000m2 – 12/2020 (hiện đã hết thời hạn sử dụng đất). Đất cơ sở sản xuất phi nông nghiệp: 4.412,2 m23 – 01/2050. • Văn bản 143/CV-BPTN&TKQ ngày 27/04/2021 về việc xin gia hạn TMD: không đủ điều kiện gia hạn. • Văn bản 919/UBND-KT ngày 12/04/2023 về việc trả lời đơn xin gia hạn TMD: không đủ điều kiện gia hạn. • Phần Đất TMDV 2000m2 đã hết hạn sử dụng (12/2020) và phía đối tác đã xin gia hạn lại vào năm 2021 theo văn bản 143/CV-BPTN&TKQ và năm 2023 theo văn bản 919/UBND-KT, tuy nhiên vì khu đất không phù hợp với quy hoạch hiện tại (q --- [2024-12-06 | BDS-MASTER-0254] [2024-12-06] Unknown User 12/6/2024 8:11 AM Nhờ a Nghiệp check ply a P. ĐT báo cáo CEO Mr Mike1 -CEO về dự án chung cư Việt An, Thuận"
BDS-CURATED-0288,của Nova đang khởi công t,needs_name_or_parent_review,yes,needs_parent_name_extraction,1,2023-06-06,2023-06-06,"[2023-06-06] Binh Vo-GD-PTDT 6/6/2023 10:04 PM Edited Cái này là trước Nova bán một số sản phẩm tồn ở các phân khu đã bán trước đây với chính sách trả tiền mặt đủ 95% thì mới giảm giá 45% - 50% lúc tháng 10-11/2022 lúc Nova bị khủng hoảng, chạy được vài tuần thì Nova Stop thi công & bán hàng hết Đến nay các dự án của Nova đang khởi công t... by Unknown User"
BDS-CURATED-0244,của mình sẽ thực h,needs_name_or_parent_review,yes,needs_parent_name_extraction,1,2023-04-26,2023-04-26,"[2023-04-26] Tuan Tran-CEO 4/26/2023 10:11 AM https://goo.gl/maps/nSTM1wgMZyyzcAhg9 CẦU THÁI ĐỊNH · 7HR3+796, ĐT489, Giao Thiện, Giao Thuỷ, Nam Định, Việt Nam ★★★★★ · Cầu goo.gl Tiến độ triển khai dự án của mình sẽ thực h... by Huy M - IM"
BDS-CURATED-0289,hiệu quả IRR đạt 10%,needs_name_or_parent_review,yes,needs_parent_name_extraction,1,,,"[] Dạ đối với phương án không tính đất, để dự án hiệu quả IRR đạt 10%, thì suất vốn có thể nâng lên là 3 tỷ 1/key ạ. Với suất vốn này, thì phương án tính đất sẽ là 6.4% ạ Phải tính đất chứ. by Admin 01"
BDS-CURATED-0206,khác đang mở bán trên thị trường,needs_name_or_parent_review,yes,needs_parent_name_extraction,1,2022-08-10,2022-08-10,[2022-08-10] Quy Vo-PTDT 8/10/2022 10:49 AM Đối với shophouse thì giá bán đang đề xuất khoảng 1.5 lần căn hộ ở như các dự án khác đang mở bán trên thị trường. Dự án The Sang Residence đang gần hoàn thàn... by Unknown User
BDS-CURATED-0207,khách sạn Đông Á Premier tại số 186/14 Hùng Vương,recover_project,yes,,1,,,"[] P.ĐT có nhận yêu cầu tính toán hiệu quả dự án khách sạn Đông Á Premier tại số 186/14 Hùng Vương, Phường Lộc Thọ, TP Nha Trang, T. Khánh Hòa, với diện tích đất 690,4m² (nguồn: anh Sơn - trợ lý) Về mặt thị trường, phòng R&D đề xuất khảo sát dự án, do dự án được đánh giá phân khúc 3 sao. Dự án được tọa lạc trong hẻm và phân khúc 3 sao có nhiều phòng và giá cả cạnh tranh nên cần khảo sát thực tế để đánh giá lại phân khúc này, cũng như cập nhật lại thị trường chung của Nha Trang -> Để có đề xuất cho phù hợp"
BDS-CURATED-0290,mình là đường ven biển rồi lên Cao Tốc ra Cảng Hải Phòng Anh vẽ cho em đường bộ và đường sông đi ra,needs_name_or_parent_review,yes,bad_name_length; chat_sentence_name; needs_parent_name_extraction,1,2023-04-26,2023-04-26,[2023-04-26] Huy M - IM 4/26/2023 10:30 AM Đường kết nối chính ra Hải Phòng từ dự án mình là đường ven biển rồi lên Cao Tốc ra Cảng Hải Phòng Anh vẽ cho em đường bộ và đường sông đi ra ... by Unknown User
BDS-CURATED-0175,này hồi xưa mình có thông tin nhưng sau đó đề xuất là không quan tâm sâu do có 2 nhược điểm lớn là,needs_name_or_parent_review,yes,bad_name_length; chat_sentence_name; needs_parent_name_extraction,1,2023-09-07,2023-09-07,[2023-09-07] Huy M - IM 9/7/2023 5:14 PM Dự án này hồi xưa mình có thông tin nhưng sau đó đề xuất là không quan tâm sâu do có 2 nhược điểm lớn là : Dự án làm khu cao tầng nhưng có khu mộ rất lớn ở sát ngây phía sau 2. Ngay phía trong ranh dự án quy hoạch có đường sắt cắt ngang qua chia làm 2 phần thì phần bên trong không tiếp cận được từ lối chính của dự án mà phải đi một lối khác và việc có đường sắt cắt ngang ngây chính giữa dự án sẽ gây ra tiếng ồn rất lớn. image by Huy M - IM
BDS-CURATED-0358,này nằm trong KCN Thái Hòa-Liễn Sơn-Liên Hòa Khu vực II Vị trí KCN,needs_name_or_parent_review,no,chat_sentence_name,1,2023-06-23,2023-06-23,"[2023-06-23] Unknown User 6/23/2023 9:51 AM Chuyển nhượng 3 lô đất trong Khu Công Nghiệp tỉnh Vĩnh Phúc: 5ha, 11,3ha và 14,8ha Pháp lý ngon lành, hạ tầng đang thi công Giá siêu rẻ chỉ 85usd/m2 Lh 0966566546 Các khu đất này nằm trong KCN Thái Hòa-Liễn Sơn-Liên Hòa Khu vực II Vị trí KCN: Link https://goo.gl/maps/ZVuC7... by Unknown User"
BDS-CURATED-0293,này sau phải tăng chi phí này lên by Unknown User,needs_name_or_parent_review,yes,chat_sentence_name; needs_parent_name_extraction,1,2025-03-14,2025-03-14,"[2025-03-14] Huy M - IM 3/14/2025 10:10 PM Translate Mình đang trích tổng hết là 10% doanh thu. Các dự án xa, khó bán hoặc muốn đẩy giá lên cao hơn chút thì 12% Mấy dự án này sau phải tăng chi phí này lên by Unknown User"
BDS-CURATED-0294,nên Nova buộc dừng thi công toàn bộ & bị khủng hoảng,needs_name_or_parent_review,yes,needs_parent_name_extraction,1,2023-06-06,2023-06-06,[2023-06-06] Unknown User 6/6/2023 10:04 PM Cái này là trước Nova bán một số sản phẩm tồn ở các phân khu đã bán trước đâ… Tại thời điểm tháng 10-11/2022 tất cả các bank tài trợ cho nova lock toàn bộ tiền thu được từ bán hàng dự án nên Nova buộc dừng thi công toàn bộ & bị khủng hoảng. Nhưng như giờ các khách hàng đa phần mua cũ... by Unknown User
BDS-CURATED-0262,tiền M&A nên đang bị phẩn bổ khá nhiều thời gian cho phần phân tích các dự án tiền M&A này Begin quote,needs_name_or_parent_review,yes,bad_name_length; chat_sentence_name,1,2022-08-22,2022-08-22,"[2022-08-22] Binh Vo-GD-PTDT 8/22/2022 2:49 PM do team đang tập trung làm phân tích nhanh các dự án tiền M&A nên đang bị phẩn bổ khá nhiều thời gian cho phần phân tích các dự án tiền M&A này Begin quote, Binh Vo-GD-PTDT, 8/22/2022 2:4... by Ngoc V - ASST."
BDS-CURATED-0372,trong Khu Công Nghiệp tỉnh Vĩnh Phúc,needs_name_or_parent_review,no,chat_sentence_name; needs_parent_name_extraction,1,2023-06-23,2023-06-23,"[2023-06-23] Tuan Tran-CEO 6/23/2023 9:51 AM Chuyển nhượng 3 lô đất trong Khu Công Nghiệp tỉnh Vĩnh Phúc: 5ha, 11,3ha và 14,8ha Pháp lý ngon lành, hạ tầng đang thi công Giá siêu rẻ chỉ 85usd/m2 Lh 0966566546 Check xem vị trí ở đâu nha mng by Unknown User"
BDS-CURATED-0264,với A Sơn Trợ lý sau đó sẽ báo cáo BLĐ tính khả thi của dự án,recover_project,yes,,1,2023-04-10,2023-04-10,"[2023-04-10] Huy M - IM 4/10/2023 11:05 AM Edited Team đã nhận được hồ sơ và đang triển khai nghiên cứu, dự kiến sẽ đi khảo sát và đánh giá thị trương văn phòng và khách sạn với A Sơn Trợ lý sau đó sẽ báo cáo BLĐ tính khả thi của dự án. ok ok by Unknown User"
BDS-CURATED-0224,đang vận hành của Tập đoàn là 5% -8%,needs_name_or_parent_review,yes,needs_parent_name_extraction,1,2025-06-29,2025-06-29,"[2025-06-29] Thao L - INVT 6/29/2025 4:35 PM Edited Translate EBITDA được tính bằng cách lấy tổng doanh thu trừ các chi phí vận hành trực tiếp (như chi phí phòng, F&B, điện, nước…) để ra GOP (47% - tỷ lệ Mr. David đề xuất). Từ GOP, tiếp tục trừ chi phí quản lý, chi phí khác… (chiếm khoảng 8% - tỷ lệ này đã trao đổi với Ms. Hana, hiện theo các khách sạn đang vận hành của Tập đoàn là 5% -8%, để thận trọng P.DT đang tính 8%) để ra EBITDA, tương đương 39% doanh thu ạ Adr so với serene sao by Unknown User"
BDS-CURATED-0303,được xác định bằng giá vốn ban đầu,needs_name_or_parent_review,yes,chat_sentence_name; needs_parent_name_extraction,1,2026-04-13,2026-04-13,"[] Dạ trong phương án có đất, khi kết thúc vòng đời dự án, Phòng Đầu tư giả định giá trị thanh lý đất tại thời điểm kết thúc vòng đợi dự án được xác định bằng giá vốn ban đầu, tăng trưởng với tốc độ 5%/năm ạ Begin quote, Admin 01, 4/13/2026 5:10 PM, C... by Hoa D - CVDT 4/13 5:14 PM Hoa D - CVDT"
BDS-CURATED-0349,hiệu quả với tỷ lệ LNTT/TMĐT từ > 12% là từ 90 triệu đồng/m2,needs_name_or_parent_review,no,needs_parent_name_extraction,1,,,"[] Phòng có tính thêm trường hợp giữ nguyên giá chào 245 triệu đồng/m2, (và giữ nguyên các yếu tố đầu vào như chi phí xây dựng, tiền sử dụng đất, các chi phí khác) THÌ giá bán bình quân căn hộ ở để dự án hiệu quả với tỷ lệ LNTT/TMĐT từ > 12% là từ 90 triệu đồng/m2, mà giá này thì khó khả thi ở vị trí DỰ ÁN và trong bối cảnh nguồn cung quá lớn ở Đà Nẵng."
BDS-CURATED-0375,đã và đang thực hiện trên BCTC,needs_name_or_parent_review,no,needs_parent_name_extraction,1,,,"[] Báo cáo anh Mr Mike1 -CEO, P.ĐT báo cáo tóm tắt định giá lại Công ty DXG: Áp dụng phương pháp định giá tài sản ròng bằng việc xác định lại giá trị của các dự án/quỹ đất của DXG được ghi nhận trên BCTC. P.ĐT thông tin thêm, việc trình bày thông tin các dự án đã và đang thực hiện trên BCTC, báo cáo thường niên, báo cáo bạch… DXG có phần hạn chế hơn so với DIG, HDC nên trong quá trình thực hiện định giá, P.ĐT luôn thận trọng khi định giá lại các dự án để làm cơ sở ước tính giá trị cổ phiếu DXG hợp lý nhất. A. Thông tin Công ty Tên công ty: Công ty Cổ phần Tập đoàn Đất Xanh Vị trí trụ sở: 2W Ung Văn Khiêm, P.25, Bình Thạnh, HCM Thị giá cổ phiếu ngày 12/05/2025: 16.300 đồng/cổ phiếu Số lượng cổ phiếu đang lưu hành: 870.849.983 cổ phiếu B. Các giả định trong bài tính Trong giá trị hàng tồn kho bao gồm bất động sản dở dang, bất động sản thành phẩm và hàng hóa. P.Đầu tư ưu tiên định giá lại BĐS dở dang và giá trị BĐS thành phẩm, BDS hàng hóa tạm ghi nhận theo giá trị sổ sách. Dự án Gem Sky World đã triển khai mở bán 2.400 sản phẩm và đã bàn giao lũy kế khoảng 1.800 sản phẩm. P.ĐT định giá lại những sản phẩm bao gồm chưa bán và chưa bàn giao. Vì khó khăn trong việc kiểm tra số lượng còn lại"
BDS-CURATED-0125,53ha đấu thầu tại đường Thăng Long,needs_name_or_parent_review,no,needs_parent_name_extraction,1,,,"[] P.ĐT báo cáo Sếp Mr Mike1 -CEO về dự án 53ha đấu thầu tại đường Thăng Long, Sông Cẩm Lệ, TP Đà Nẵng như sau: 1/CƠ CẤU ĐẤT HIỆN TRẠNG: Tổng diện tích khu đất 53ha, trong đó: => Đất nhà nước quản lý (không phải bồi thường) chiếm tỷ trọng lớn 64%, đất lúa 29% thuận lợi trong công tác đền bù giải phóng mặt bằng và chi phí Bồi thường thấp. 2/CƠ CẤU ĐẤT THEO QUY HOẠCH 1/2000: Theo QH Phân khu hiện hữu thì DA có tỷ lệ đất ở rất thấp chỉ ~ 30%, sau khi dành ra đất NOXH thì đất NOTM chỉ còn 24%, đất thương phẩm chỉ còn 19%, khoảng 10ha /53ha. Trong khi đó, đất CXCC chiếm tới 40% tổng diện tích, còn lại là đất trường học, đất dịch vụ cao tầng. 3/HIỆU QUẢ SƠ BỘ: Với giá bán thị trường theo khảo sát của R&D tại khu vực dự án khoảng 35 triệu đồng/m2, TUY NHIÊN do tỷ lệ đất thương phẩm thấp (19% 10ha/53 ha) dẫn tới suất vốn đất + XD hạ tầng tính trên diện tích thương phẩm CAO tới 41 triệu đồng/m2 (chưa kể các chi phí khác như lãi vay, quản lý, bán hàng,...) gồm: Giá vốn tiền đất 32 triệu đồng/m2; Giá vốn xây dựng hạ tầng phân bổ 9 triệu đồng/m2 (tính 1,5 triệu đồng/m2 trên diện tích 53ha, do cốt nền khu đất này thấp nhiều so với mặt đường Thăng Long nên chi phí cho phần san lắp sẽ cao hơn các kh"
BDS-CURATED-0380,Hoàng Cát Center,needs_name_or_parent_review,no,needs_parent_name_extraction,1,2024-10-16,2024-10-16,"[2024-10-16] Thao L - INVT 10/16/2024 2:30 PM Translate KĐT báo cáo anh Mr Mike1 -CEO về dự án Hoàng Cát Center, cập nhật bổ sung như sau: I. TIỀN CHUYỂN MỤC ĐÍCH SỬ DỤNG ĐẤT 1. Thời điểm tính tiền sử dụng đất: 2022 Quyết định 230/QĐ-UBND ngày 19/01/2022 do UBND tỉnh Bình Dương ban hành Về việc cho phép chuyển mục đích sử dụng đất để thự hiện dự án Hoàng Cát Center => Theo như Luật đất đai 2024, thời điểm định giá tính tiền sử dụng đất là thời điểm cho phép chuyển mục đích sử dụng đất => Tiền sử dụng đất được tính vào thời điểm năm 2022 - năm thị trường ổn định và đơn giá bán áp dụng vào phương pháp thăng dư khá cao. Tuy nhiên, hiện P.ĐT đang để đơn giá bán là 9tr/m2 gồm VAT đã khá thấp so với giá thị trường năm 2022. 2. Tiền sử dụng đất ở hoàng Cát Center: 120 tỷ ~ 3.3tr/m2 thương phẩm năm 2022 Một ví dụ so sánh khác: Dự án Khu nhà ở Bình Mỹ 2 tại Bình Mỹ, Bắc Tân Uyên, Bình Dương + Văn bản Duyệt đơn giá đất tính nghĩa vụ tài chính ban hành 11/03/2024. (đính kèm) + Thời điểm định giá: 09/2019 - thời điểm thị trường sốt đất, căn cứ Quyết định 2600/QĐ - UBND ban hành ngày 09/09/2019 cho phép chuyển mục đích SDD và giao đất thực hiện dự án. + Đơn giá tiền sử dụng đất ở được duyệt (2019): 4.4tr/m2"
BDS-CURATED-0345,Phú Gia Khiêm với 02 phương án,needs_name_or_parent_review,no,needs_parent_name_extraction,1,2025-10-01,2025-10-01,"[2025-10-01] Thao L - INVT 10/1/2025 5:49 PM Translate K.ĐT gửi anh Mr Mike1 -CEO về cập nhật dự án Phú Gia Khiêm với 02 phương án như sau: A. PHƯƠNG ÁN CĂN HỘ + DÃY SHOPHOUSE LIỀN KỀ (CHUYỂN OFFICETEL THÀNH THẤP TẦNG) 1. TỔNG CHI PHÍ DỰ ÁN (VAT): 5,025 tỷ - Tổng mức đầu tư: 3,883 tỷ, trong đó: + Chi phí tiền sử dụng đất thấp nhất: 712 tỷ (Đơn giá đóng TSDĐ của PGK gấp 4 lần đơn giá Nhà nước đường Bình Chuẩn 67 = tỷ lệ giữa đơn giá theo văn bản Phê duyệt đơn giá đất để tính TSDĐ của dự án A&K vào Q1.2025 và đơn giá nhà nước đoạn đường tọa lạc của dự án A&K = 4 lần) – Tạm tính vào thời điểm 2025 + Suất xây dựng căn hộ allin (VAT): 13tr/m2 sàn + Suất xây dựng Shophouse liên kế (VAT): 6tr/m2 sàn - Chi phí bán hàng (VAT) : 787 tỷ ~ 17% Doanh thu chưa VAT 2. TỔNG DOANH THU DỰ ÁN (VAT): 5,187 TỶ - Đơn giá trung bình căn hộ (chưa VAT, tim tường): 42.5tr/m2 sàn - Đơn giá trung bình Shophouse khối cao tầng (chưa VAT, tim tường): 70tr/m2 sàn - Đơn giá trung bình Shophouse liên kế (chưa VAT, gồm đất + nhà): 110tr/m2 đất 3. CƠ CẤU VỐN: - Vốn chủ sở hữu: 33.1% - Vốn vay: 38.5% - Vốn huy động từ khách hàng: 28.4% 4. HIỆU QUẢ TÀI CHÍNH - Lợi nhuận trước thuế: 358 tỷ - Lợi nhuận sau thuế: 162 tỷ - Lợi nhuận tr"
BDS-CURATED-0338,PGK phương án 900 tỷ,recover_project,no,,1,2024-09-17,2024-09-17,"[2024-09-17] Trieu Nguyen-PTDT 9/17/2024 5:27 PM Edited Translate Em gửi anh hiệu quả dự án PGK phương án 900 tỷ: + LNTT / TMĐT : 14,15% + NPV = -10 tỷ + IRR = 10,7% + Thời gian hoàn vốn: 4,75 năm => Dự án chưa đạt hiệu quả đầu tư Giá vốn bao nhiêu thì ổn, em cho chạy các m... by Unknown User"
BDS-CURATED-0108,Suối Nhum với giá 1180 tỷ theo hình thức chuyển nhượng 100% cổ phần cty với hiện trạng có Quy hoạch mới dự kiế,needs_name_or_parent_review,no,bad_name_length; needs_parent_name_extraction,1,2022-08-30,2022-08-30,[2022-08-30] Trieu Nguyen-PTDT 8/30/2022 6:29 PM Edited KĐT gửi anh Tuan Tran-CEO: Phía đối tác chào bán lại dự án Suối Nhum với giá 1180 tỷ theo hình thức chuyển nhượng 100% cổ phần cty với hiện trạng có Quy hoạch mới dự kiến được điều chịnh như sau: Kết quả bảng tính theo quy hoạch mới có IRR là 23.4% (đã dự tính đóng thêm tiền sử dụng đất được miển giảm 20% theo Bảng giá đất năm 2013 là 25 tỷ) => KĐT đề xuất xúc tiến làm việc với đối tác để nhận chuyển nhượng công ty sở hữu dự án
BDS-CURATED-0341,khách sạn Đông Á Premier tại Phường Lộc Thọ,needs_name_or_parent_review,no,needs_parent_name_extraction,2,2026-03-25,2026-03-25,"[2026-03-25] Admin 01 3/25/2026 2:20 PM Ủa bữa a David có gửi bài toán kinh doanh cho Casa rồi, mình có áp lại ra hiệu quả chưa BP.ĐT báo cáo Sếp Admin 01, về dự án khách sạn Đông Á Premier tại Phường Lộc Thọ, TP Nha Trang, Tỉnh Khánh Hòa như sau: I. SƠ BỘ VỀ DỰ ÁN Vị trí: Tọa lạc ở khu vực trung tâm thành phố. Hẻm nhỏ và cụt, rộng khoảng 5m, cách mặt tiền đường Hùng Vương khoảng 50m Xung quanh dự án có nhiều tòa cao tầng, bị chắn tầm nhìn ra biển Cách bãi biển tương đối xa, khoảng 320m Pháp lý: đất TMDV có thời hạn sử dụng lâu dài do có nguồn gốc đất ở Quy hoạch: Dựa trên giấy phép quy hoạch 02/GPQH - SXD: Được quy hoạch làm khách sạn, 26 tầng nổi, 1 tum thang + 2 tầng hầm, hiện đang tính theo phương án 242 phòng. II. ĐÁNH GIÁ HIỆU QUẢ DỰ ÁN GIẢ ĐỊNH Giả định chung cho cả 2 phương án (Dựa trên file CASA của anh Cường) a) Giá trị đất: Giá vốn đất: 120 tỷ (Tương đương 166tr/m2 đất) Thoái vốn đất: Thời điểm bán: 2060 Giá khảo sát tại thời điểm hiện tại: 170 Tr.vnđ/m2 Giả định: Tốc độ tăng giá đất là: 5%/1 năm Tổng giá trị bán: 643 tỷ (tương đương 893 Tr.vnđ/m2 đất) b) Tổng Mức Đầu Tư Dự Án: Do hiện tại chưa có TMĐT, nên BP ĐT giả định TMĐT bao gồm: Tiền đất + CPXD TMĐT của dự án (chưa bao gồm lãi --- [2026-03-25] Admin 01 3/25/2026 2:20 PM Ủa bữa a David có gửi bài toán kinh doanh cho Casa rồi, mình có áp lại ra hiệu quả chưa BP.ĐT báo cáo Sếp Admin 01, về dự án khách sạn Đông Á "
BDS-CURATED-0157,trên có diện tích hơn 77ha,needs_name_or_parent_review,no,needs_parent_name_extraction,1,2025-08-13,2025-08-13,"[2025-08-13] Mr Mike1 -CEO 8/13/2025 2:01 PM Translate Theo quyết định, khu đất trên có diện tích hơn 77ha, quy mô dân số 12.000 - 20.000 người, tỷ lệ lập quy hoạch là 1/500. Ủa trong quy hoạch có cụ thể số dân chưa nh... by Unknown User"
BDS-CURATED-0362,386 ha là 84,needs_name_or_parent_review,no,needs_parent_name_extraction,2,2025-07-15,2025-07-15,"[2025-07-15] Hanh T - INVT 7/15/2025 6:20 PM Edited Translate P. ĐT báo cáo Sếp Mr Mike1 -CEO về sơ bộ tổng mức đầu tư cụm DA đấu thầu tại Nhơn Trạch, Đồng Nai như sau: Cụm DA Đấu thầu có tổng diện tích 386 ha gồm có 04 phân khu: PK3 (80 ha), PK4 (92ha), PK5 (129 ha), PK6 (85ha). Mỗi phân khu theo QH gồm có đất ở cao tầng và đất thấp tầng (Nhà liên kế và Biệt thự). Dựa trên thông số chỉ tiêu QH anh Tài gửi, P.ĐT tính sơ bộ tổng mức đầu tư cụm dự án 386 ha là 84.900 tỷ đồng ~ 220 tỷ đồng/ 1ha (giá bồi thường ~3 triệu đồng/m2, giá xây dựng áp theo QĐ của Suất vốn Bộ Xây Dựng 2025). Và Vốn chủ sở hữu tối thiểu cần ~15% Tổng mức đầu tư ~12.740 tỷ đồng. Thông số tổng quan từng phân khu: PK 3 ~ 80ha, TMĐT ~ 15.100 tỷ đồng, Vốn CSH>~2.265 tỷ đồng PK 4 ~ 92ha, TMĐT ~ 16.500 tỷ đồng, Vốn CSH>~2.470 tỷ đồng PK 5 ~ 129ha, TMĐT ~ 32.700 tỷ đồng, Vốn CSH>~4.900 tỷ đồng PK 6 ~ 85ha, TMĐT ~ 20.600 tỷ đồng, Vốn CSH>~3.090 tỷ đồng --- [2025-07-15] Hanh T - INVT 7/15/2025 6:20 PM Edited Translate P. ĐT báo cáo Sếp Mr Mike1 -CEO về sơ bộ tổng mức đầu tư cụm DA đấu thầu tại Nhơn Trạch, Đồng Nai như sau: Cụm DA Đấu thầu có tổng diện tích 386 ha gồm có 04 phân khu: PK3 (80 ha), PK4 (92ha), PK5 (129 ha), PK6 (85ha). Mỗi phân khu theo QH gồm có đất ở cao tầng và đất thấp tầng (Nhà liên kế và Biệt thự). Dựa trên thông số chỉ tiêu QH anh Tài gửi, P.ĐT tính sơ bộ tổng mức đầu tư cụm dự án 386 ha là 84.90"
BDS-CURATED-0304,Bale,needs_name_or_parent_review,yes,needs_parent_name_extraction,1,,,"[] Báo cáo DA Bale, Phan Thiết, Bình Thuận.pdf 10°57'01.9""N 108°11'59.7""E · 69 Nguyễn Đình Chiểu, khu phố 1, Thành phố Phan Thiết, Bình Thuận, Vietnam 69 Nguyễn Đình Chiểu, khu phố 1, Thành phố Phan Thiết, Bình Thuận, Vietnam goo.gl image Nguồn: Mr Chương by Unknown User"
BDS-CURATED-0103,Hội An Riverside Resort & Spa theo Concept Lamanon và giá kinh doanh của anh David Cường cung cấp,needs_name_or_parent_review,no,bad_name_length,1,,,"[] Phòng ĐT báo cáo Sếp Admin 01 về cập nhật FS dự án Hội An Riverside Resort & Spa theo Concept Lamanon và giá kinh doanh của anh David Cường cung cấp, như sau: 1/ Cơ cấu phòng: 125 phòng gồm 105 phòng khách sạn và 20 phòng Villa (không thay đổi) 2/ Suất đầu tư Chi phí đầu tư (gồm VAT) Tháng 4/2026 Tháng 12/2024 Suất vốn đầu tư /key 2,7 tỷ/key 2,3 tỷ/key Đơn giá All - in 17,8 tr/m2 15 tr/m2 Tổng chi phí đầu tư 377 tỷ đồng 303 tỷ đồng 3/Giá bán, tỷ lệ lấp đầy, chi phí vận hành: Giá kinh doanh Tháng 4/2026 Tháng 12/2024 Giá phòng khách sạn 2,97 triệu/phòng 2,7 triệu/phòng Giá phòng Villa 9,27 triệu/phòng 8 triệu/phòng Công suất 65%,70%,72%,80% 60%,65%,70%, 75%, 80% Doanh thu khác 31% 35% Giá bình quân 150 USD (tỷ giá 27.000 đồng) 4/Hiệu quả đầu tư Chỉ tiêu Tháng 4/2026 Tháng 12/2024 IRR 17.1% 17.1% NPV 75 tỷ đồng 104 tỷ đồng Thời gian hoàn vốn 7 năm 9 năm Do concept mới chưa có suất vốn đầu tư nên phòng đang tạm tính theo suất vốn chuẩn 5 sao mức đầu tư cao cấp ~ 2,7 tỷ/key và có tính độ nhạy hiệu quả thay đổi theo suất vốn đầu tư, như sau: Dựa vào bảng độ nhạy thì dự án đạt hiệu quả với giới hạn suất vốn đầu tư/key tối đa ~2,9 tỷ/key, tương đương với đơn giá xây dựng all-in khoảng 19"
BDS-CURATED-0414,Võ Văn Kiệt,needs_name_or_parent_review,no,needs_parent_name_extraction,2,,,"[] P.ĐT báo cáo Sếp Mr Mike1 -CEO về dự án Võ Văn Kiệt, Đà Nẵng như sau: 1. THÔNG SỐ QUY HOẠCH Trên cơ sở thông số chỉ tiêu cho khu đất tại Võ Văn Kiệt: Diện tích đất: 2.013,5 m2 Dân số: 523 dân (32m2/dân) (theo anh Hiếu cập nhật ngày 17/6/2025) MĐXD: 60% Tầng cao: 38 tầng Hệ số sử dụng đất: 12,8 lần --- [] P.ĐT báo cáo Sếp Mr Mike1 -CEO về dự án Võ Văn Kiệt, Đà Nẵng như sau: 1. THÔNG SỐ QUY HOẠCH Trên cơ sở thông số chỉ tiêu cho khu đất tại Võ Văn Kiệt: Diện t"
BDS-CURATED-0369,cũng 42 tr/m2,needs_name_or_parent_review,no,needs_parent_name_extraction,1,2025-08-24,2025-08-24,"[2025-08-24] Huy M - IM 8/24/2025 6:57 PM Translate Có tính rồi à Sếp. Theo thông tin giá đầu vào A Sơn Trợ lý báo 30 trđ/m2 trên 10ha. Tuy nhiên QH chỉ có 1.7 ha trên tổng 10 ha là đất ở. Dc áp hệ số 8, Tầng cao 30 tầng chỉ cho 1.7 ha. Giá bán RD đề xuất là 42 47 chưa v, tim. Trong khi giá vốn 10ha chia lại 1.7 đang rất cao và đơn giá bản giá đất NN tiền sử đụng đất đoạn qua dự án cũng 42 tr/m2. Nên Dự án ko đạt hiệu quả với Quy hoạch hiện tại Ngoài ra Team cũng thử binh phương án quy h... by Huy M - IM"
BDS-CURATED-0140,thuộc QH hiện hữu là ô phố I82b (16,needs_name_or_parent_review,no,needs_parent_name_extraction,1,,,"[] P.ĐT xin báo cáo Sếp Admin 01 về sơ bộ khu đất 11.000 m2, đường Tây Thạnh, Q.Tân Phú (nguồn từ Mr.Khôi gửi - Đấu giá Sacombank, giá chào 592 tỷ đồng ~ 52,7 tr/m2 đất ở), như sau: Ví trí map Ranh đất: Thông tin theo GCN: được cấp năm 2005. + Diện tích đất: 11.221 m2. + Hình thức sử dụng sản xuất kinh doanh, + Mục đích sử dụng là đất ở, thời hạn lâu dài. Quy hoạch: Theo ý kiến của anh Tài thì khu đất thuộc QH hiện hữu là ô phố I82b (16,4ha, gồm đất giáo dục, TMDV, cây xanh, đất ở 0,49 ha). Chi tiết theo anh Tài tính toán: Vị trí và ranh đất 1.1ha Tây Thạnh – Google My Maps Vị trí và ranh đất 1.1ha Tây Thạnh www.google.com Message by Hanh T - INVT"
BDS-CURATED-0352,tọa lạc,needs_name_or_parent_review,no,needs_parent_name_extraction,1,,,"[] P.ĐT sau khi nghiên cứu hồ sơ pháp lý, vị trí dự án tọa lạc. Có một số đánh giá như sau: Vị trí xa trung tâm: đất cách trung tâm TPHCM khoảng 20 km nhưng thuộc về phía Tây, là khu vực mà tốc độ tăng trưởng kinh tế khá khiêm tốn trong lịch sử và tiềm năng phát triển trong tương lai cũng không lớn mạnh bằng các khu vực khác ở phía Đông cùng khoảng cách (như khu Đông phía Bình Dương, Đồng Nai). Hiện trạng khu đất còn thưa thớt: dân cư, xung quanh bán kính trong vòng 05km chưa có nhiều tiện ích như trung tâm thương mại, bệnh viện, trường học quốc tế vẫn đang trong quá trình triển khai, chưa đáp ứng đầy đủ như cầu tiện ích của cư dân. Hiện trạng kết nối giao thông tại đường Thế Lữ dưới 13m (đường hiện hữu khoảng 6m-8m), chưa có đường Quy hoạch nào trọng điểm trong khu vực nên không có ưu thế về mặt giao thông. Dự án có diện tích nhỏ (6.364,7m2) nên khó có thể bố trí 20% quỹ đất OTM thấp tầng. Trường hợp triển khai NOXH, dự án có vị trí khá xa so với khu vực trung tâm. Giao thông kết nối di chuyển không thuận tiện. Nên việc thực hiện dự án không hiệu quả. => Từ những phân tích trên, P.ĐT nhận thấy dự án này không có ưu điểm gì hấp dẫn để đầu tư, do đó Phòng đề xuất không nghiên cứu sâu d"
BDS-CURATED-0069,đã được chấp thuận đầu tư dự án và đã được gia hạn tiến độ 02 năm kể từ ngày được cấp phép xây dựng - Hiện chủ,needs_name_or_parent_review,no,bad_name_length,1,,,"[] P.ĐT báo cáo anh Mr Mike1 -CEO về việc cập nhật hiệu quả tài chính và pháp lý dự án 2,3ha Bình Điền – Bình Chánh, sau khi phòng Pháp lý và phòng Quy hoạch gặp đối tác như sau: 1/ Vị trí: - Cách Chợ Đầu Mối Bình Điền khoảng 400m, cách ranh Quận 8 và huyện Bình Chánh khoảng 150m, cách UBND huyện Bình Chánh khoảng 3,2km, cách nút giao Vành Đai 2 - Nguyễn Văn Linh khoảng 2,2km - Tiềm năng trong tương lai: + Cách bến xe miền Tây mới khoảng 1,5km + Nằm giữa trung tâm lưu thông hàng hóa I (khu E -115ha) và trung tâm lưu thông hàng hóa II (khu D - 85ha) thuộc khu đô thị Phú Mỹ Hưng => Dự kiến 30/04/2025 hoàn tất việc giải phóng đền bù + Cách các nhà ga thuộc tuyến Metro line 7 trong bán kính 500m 2/ Pháp lý 2.1/ Phòng Pháp lý - Dự án đã được chấp thuận đầu tư dự án và đã được gia hạn tiến độ 02 năm kể từ ngày được cấp phép xây dựng - Hiện chủ đầu tư chưa thực hiện ký quỹ, dự án sẽ bị chấm dứt hoạt động nếu nhà đầu tư không ký quỹ hoặc không có bảo lãnh nghĩa vụ ký quỹ (mức ký quỹ là 1%/ Vốn đầu tư dự án) - Phối hợp đầu tư hạ tầng kỹ thuật và giao thông theo nguyên tắc 50 – 50 với công ty Phú Mỹ Lợi (dự án liền kề) - Tại thời điểm này, công ty Thuận Hưng quản lý sử dụng 02 vị trí đất và thự"
BDS-CURATED-0146,Holiday Beach tại Đà Nẵng đánh giá nhanh phương án vận hành khách sạn tạm thời trong thời gian ngắn,needs_name_or_parent_review,no,bad_name_length,3,2024-09-14,2024-09-14,"[2024-09-14] Unknown User 9/14/2024 11:54 AM P.Đầu tư gửi anh Mr Mike1 -CEO Bảng tính toán hiệu quả dự án Holiday Beach tại Đà Nẵng đánh giá nhanh phương án vận hành khách sạn tạm thời trong thời gian ngắn: 1/ Các giả định trong bảng tính: + Doanh thu và chi phí hoạt động được căn cứ theo phương án kinh doanh của Mr. Cường – GM 📷 + … Phương án tạm tính bài toán đầu tư của HB 2 à K.ĐT báo cáo anh Mr Mike1 -CEO về thị... by Thao L - INVT, has an attachment. --- [2024-09-14] Trieu Nguyen-PTDT 9/14/2024 11:54 AM Translate P.Đầu tư gửi anh Mr Mike1 -CEO Bảng tính toán hiệu quả dự án Holiday Beach tại Đà Nẵng đánh giá nhanh phương án vận hành khách sạn tạm thời trong thời gian ngắn: 1/ Các giả định trong bảng tính: + Doanh thu và chi phí hoạt động được căn cứ theo phương án kinh doanh của Mr. Cường – GM + Chi phi hoàn thiện công trình từ thời điểm hiện tại đến lúc hoạt động kinh doanh: 198 tỷ có VAT được cung cấp bởi phòng QS + Bảng tính không tính chi phí mua dự án đầu vào, chi phí hiện tại đã đầu tư vào công trình 524,8 tỷ (theo số liệu P. Tài chính cung cấp) + Bảng tính chưa tính toán các phần chi phí liên quan đến chi phí phạt, xử lý và khắc phục các sai phạm hiện có của công trình xây dựng. Hiện tại chưa ước tính được các chi phí phát sinh và các điều chỉnh giảm diện tích xây dựng và công năng hoạt động của công trình. => Do đó phương án đang tính toán là phương án lạc quan nhất"
BDS-CURATED-0152,chưa phê duyệt quyết định/ chấp thuận chủ trương đầu tư,needs_name_or_parent_review,no,needs_parent_name_extraction,1,2024-12-06,2024-12-06,"[2024-12-06] Huy M - IM 12/6/2024 8:41 AM Translate 4. Ý kiến của Phòng: - Ưu điểm: khu đất có hiện trạng địa hình thuận lợi, do 02 cá nhân (đại diện pháp nhân công ty Việt An) đang sử dụng đất đã được cấp GCNQSDĐ vì vậy sẽ rút ngắn được thủ tục thỏa thuận, bồi thường GPMB. - Nhược điểm: 3/4 + Phần đất TMD diện tích 2000m2 đã hết hạn sử dụng từ tháng 12/2020 và không được cơ quan nhà nước đồng ý gia hạn. + Phần ranh đất quy hoạch đang có sự sai khác với GCNQSDĐ nên cần phải kiểm tra, rà soát kỹ lại nội dung này để tránh tranh chấp, phát sinh thêm các thửa đất mới nằm trong ranh quy hoạch, cũng như hoàn tất việc thực hiện chuyển đổi, chuyển nhượng, góp vốn… QSDĐ từ cá nhân sang công ty Việt An; + Dự án chưa phê duyệt quyết định/ chấp thuận chủ trương đầu tư, ngoài ra công ty Việt An chưa đủ QDSĐ hợp pháp để thực hiện dự án nhà ở thương mại trong thời điểm này sẽ gặp nhiều khó khăn, vì theo quy định trường hợp này sẽ thực hiện lựa chọn nhà đầu tư theo hình thức đấu giá/ đấu thầu sau khi có quyết định/ chấp thuận chủ trương đầu tư. Tuy nhiên hình thức đấu giá/ đấu thầu pháp luật hiện chưa quy định rõ ràng và quy trình thực hiện mỗi địa phương đều khác nhau; + Diện tích đất phù hợp QH là 8.058,1m2"
BDS-CURATED-0383,gộp là 1,needs_name_or_parent_review,no,needs_parent_name_extraction,2,,,"[] P.ĐT báo cáo Sếp Admin 01 về phương án gộp 2 lô Võ Văn Kiệt ~ diện tích 4.600 m2 như sau: 1. VỊ TRÍ VÀ RANH ĐẤT 2 LÔ ĐẤT: Vị trí theo đường link: Vị Trí Dự án 2. THÔNG SỐ QUY HOẠCH Trên cơ sở phòng QH giả định: Giữ nguyên chỉ tiêu dân số của 2 lô, theo đó tổng dân số cho dự án gộp là 1.290 dân (Lô Kế VVK là 740, Lô VVK là 550 dân). Điều chỉnh tăng hệ số sử dụng đất lên 13.7 (tăng 0.9 lần so với QH Lô Kế VVK là 12.8) đồng thời tăng 3 tầng nổi. + Diện tích đất của 2 lô : 4.613 m2 + Quy mô xây dựng: 2 Block 30 tầng nổi, 3 tầng hầm. + Tổng sản phẩm: 833 căn gồm 812 căn hộ ở + 2 --- [] P.ĐT báo cáo Sếp Admin 01 về phương án gộp 2 lô Võ Văn Kiệt ~ diện tích 4.600 m2 như sau: 1. VỊ TRÍ VÀ RANH ĐẤT 2 LÔ ĐẤT: Vị trí theo đường link: Vị Trí Dự án 2. THÔNG SỐ QUY HOẠCH Trên cơ sở phòng QH giả định: Giữ nguyên chỉ tiêu dân số của 2 lô, theo đó tổng dân số cho dự án gộp là 1.290 dân (Lô Kế VVK là 740, Lô VVK là 550 dân). Điều chỉnh tăng hệ số sử dụng đất lên 13.7 (tăng 0.9 lần so với QH Lô Kế VVK là 12.8) đồng thời tăng 3 tầng nổi. + Diện tích đất của 2 lô : 4.613 m2 + Quy mô xây dựng: 2 Block 30 tầng nổi, 3 tầng hầm. + Tổng sản phẩm: 833 căn gồm"
BDS-CURATED-0479,hoàn chỉnh nút giao và nhánh nối xa lộ Hà Nội - vành đai 3,needs_name_or_parent_review,no,needs_parent_name_extraction,2,,,"[] Link https://tuoitre.vn/tp-hcm-se-lam-nut-g... by Unknown User Hoang V - IM 1/7 8:33 AM https://tuoitre.vn/tp-hcm-se-lam-nut-giao-go-cong-quy-mo-4-tang-20260106234016844.htm TP.HCM sẽ làm nút giao Gò Công quy mô 4 tầng - Tuổi Trẻ Online UBND TP.HCM vừa phê duyệt nhiệm vụ thiết kế thi công tuyển phương án kiến trúc nút giao Gò Công, thuộc dự án hoàn chỉnh nút giao và nhánh nối xa lộ Hà Nội - vành đai 3. Công trình được xác định là ... tuoitre.vn nút giao Gò Công - Ảnh 1. by Unknown User Hoang V - IM 1/7 8:33 AM Link https://www.youtube.com/shorts/liVPfOD... by Unknown User Hoang V - IM 1/7 8:41 AM https://www.youtube.com/shorts/liVPfODv51Y?feature=share - YouTube Enjoy the videos and music you love, upload original content, and share it all with friends, family, and the world on YouTube. www.youtube.com Ua3 là chỗ nào nào by Unknown User Mr Mike1 -CEO 1/7 8:53 AM Ua3 là chỗ nào nào Là tân vạn đó hã a by Unknown User Mr Mike1 -CEO 1/7 8:53 AM Là tân vạn đó hã a Chỗ này là gần Cầu Đồng Nai 2 mới được phê ... by Unknown User Hoang V - IM 1/7 8:53 AM Translate Chỗ này là gần Cầu Đồng Nai 2 mới được phê duyệt ah Sếp. gần Khu Nối từ Vin Grandpark qua Aqua City. by Unknown User Hoang V - --- [] Wednesday, January 7 Link https://tuoitre.vn/tp-hcm-se-lam-nut-g... by Unknown User Hoang V - IM 1/7 8:33 AM https://tuoitre.vn/tp-hcm-se-lam-nut-giao-go-cong-quy-mo-4-tang-2026010623401684"
BDS-CURATED-0119,kết nối vào quỹ đất,needs_name_or_parent_review,no,needs_parent_name_extraction,1,2022-09-26,2022-09-26,"[2022-09-26] Thao L - INVT 9/26/2022 5:30 PM Em gửi anh Tuan Tran-CEO báo cáo quỹ đất 10,9ha Hiệp Hòa, Biên Hòa, Đồng Nai. Vị trí: Chưa có đường đủ điều kiện để làm dự án kết nối vào quỹ đất. Hiện trạng: Quỹ đất được chào có tổng diện tích 10,9ha trong đó: + 9,4ha là đất nông nghiệp được QH đa phần là đất ở có giá chào là 7,8tr/m2 (giá chào này bao gồm phần đất mở đường QH khi làm dự án). + Phần còn lại là rạch thuộc quản lý của Nhà nước. Pháp lý đất: + Hiện chỉ có bảng vẽ vị trí, ranh quỹ đất được chào. + Quỹ đất hiện là đất nông nghiệp, chưa có đất ở và có phần rạch thuộc quản lý của nhà nước xen kẽ => phải thông qua hình thức đấu thầu có sử dụng đất để làm dự án. + Để đấu thầu dự án, ranh dự án phải trọn ô chức năng. Theo QH SDĐ, ranh trọn ô chức năng (QH đất ở đô thị, ranh chấm đỏ chấm theo hình) có tổng diện tích là 12,9ha. Tuy nhiên, khi thực hiện đền bù, sẽ phải mua trọn tờ, trọn thửa. Do đó, sẽ có những diện tích vừa nằm trong ranh dự án (12,9ha) vừa nằm ngoài ranh dự án (4,2ha) => Tổng diện tích đất chuyển nhượng + đền bù là 17,1ha, trong đó: * Hiện phần đất đang được chào chiếm 9,4ha – giá chào bán 7,8tr/m2 * Đất rạch thuộc quản lý nhà nước chiếm 1,3ha. * Phần đất cần đền bù thêm: 6,4"
BDS-CURATED-0342,Bất động sản khảo sát,needs_name_or_parent_review,no,needs_parent_name_extraction,2,2023-06-19,2023-06-19,"[2023-06-19] Sinh Nguyen-Dau Tu 6/19/2023 11:02 AM K.ĐT báo cáo anh Tuan Tran-CEO về so sánh giá Diamond Island Q.9, các dự án ở P.Long Phước và Swan Park như sau: 1/ Kết nối hạ tầng giao thông 2/ Tổng hợp thông tin dự án Bất động sản khảo sát: Tên dự án Swan Park Diamond Island, Quận 9 Việt Nhân Blue Diamond Riverside Việt Nhân Long Phước 123 (Việt Nhân 1234) Saigon Garden Riverside Village Chủ đầu tư Tập đoàn CFLD – Trung Quốc & Tín Nghĩa Group Cá nhân, đơn vị PTDA Vạn Phát Đạt Công ty BĐS Việt Nhân Công ty BĐS Việt Nhân Tập đoàn Hưng Thịnh Vị trí Xã Phú Thạnh, Huyện Nhơn Trạch, Tỉnh Đồng Nai Đường Long Thuận, P. Trường Thạnh, Quận 9, HCM Đường số 8, Phường Long Phước, Quận 9, HCM Đường số 8, Phường Long Phước, Quận 9, HCM Số 86 đường Cầu Đình, Phường Long Phước, Quận 9, Tp.HCM Quy mô 941.5 ha 10 ha, hơn 300 nền 9 ha, gần 800 nền Khoảng 700 nền 30ha, 168 nền Loại hình sản phẩm Nhà phố, Dinh thự, Biệt thự và Shophouse Đất nền (nhà phố và Biệt thự ven sông) Đất nền nhà phố Đất nền nhà phố Đất nền xây biệt thự vườn và biệt thự ven sông Diện tích 107 – 180m²/sản phẩm 4x13 (52 m²), 4x16 (64 m²), 4x20 (80 m²)… 4x13 (52 m²), 4x15 (60 m²)… 4x14 (56 m²), 4x15 (60 m²)… Từ 1000 m² trở lên. Hiện trạng xâ --- [2023-06-19] Sinh Nguyen-Dau Tu 6/19/2023 11:02 AM K.ĐT báo cáo anh Tuan Tran-CEO về so sánh giá Diamond Island Q.9, các dự án ở P.Long Phước và Swan Park như sau: 1/ Kết nối hạ tầng"
BDS-CURATED-0333,Phượng Hoàng,needs_name_or_parent_review,no,needs_parent_name_extraction,9,2024-12-12,2025-08-20,"[2025-08-20] Thao L - INVT 8/20/2025 9:01 PM Translate K.ĐT báo cáo anh Mr Mike1 -CEO về cập nhật dự án Phượng Hoàng như sau: - Chi phí nhà mẫu: 14.5 tỷ (phương án cũ 12 tỷ) - Chi phí XD chung cư: 618.8 tỷ - Chi phí lãi vay: không thay đổi nhiều (Phương án mới lãi suất giảm còn 6.5%, tuy nhiên chi phí xây dựng cao. Phương án cũ lãi suất 7% - 8%, tuy nhiên chi phí xây dựng thấp) - Chi phí bán hàng theo Mr. Cường đề xuất: 15% đã bao gồm 27 tỷ chi phí hỗ trợ lãi suất cho người mua (phương án cũ: 15% nhưng chưa bao gồm chi phí hỗ trợ lãi suất) - FS tính dựa theo Phương án thanh toán chuẩn Mr. Cường đề xuất: - Hiệu quả tài chính: + Lợi nhuận trước thuế/TMĐT: 8.2% (nếu tiết giảm được 5% chi phí xây dựng chung cư khi đấu thầu xây dựng thì Lợi nhuận trước thuế/TMĐT: 11.9%) + Lợi nhuận trước thuế/VCSH: 25% *Hiện Mr. Cường đã lên 07 phương án thanh toán, tuy nhiên chưa chi tiết: - Kế hoạch kinh doanh cho từng rỗ hàng mỗi đợt mở bán: số căn, chi tiết căn, hệ số, giá bán,… - Kế hoạch chi tiết phân bổ Chi phí bán hàng theo kế hoạch kinh doanh. * P.ĐT hiện đang tính dựa trên phương án thanh toán chuẩn và Phân bổ Chi phí bán hàng sơ bộ theo ý kiến của Mr. Cường và sẽ cập nhật lại khi có chi tiết các kế hoạch --- [2025-06-03] Thao L - INVT 6/3/2025 5:12 PM Edited Translate K.ĐT báo cáo anh Mr Mike1 -CEO về Đơn giá bao tiêu của DXG đề xuất cho dự án Phượng Hoàng như sau: *Theo các đề xuất của D"
BDS-CURATED-0124,(giá bán quỹ đất bao gồm cam kết của đối tác sẽ hỗ trợ phần đất đi vào dự án) với chi phí làm đường là 1tr/m2,needs_name_or_parent_review,no,bad_name_length,1,2022-09-26,2022-09-26,"[2022-09-26] Thao L - INVT 9/26/2022 5:31 PM Phương án tính toán: + Tiền chuyển mục đích sử dụng đất tạm tính là: 12tr/m2 cho phần đất thương phẩm (trừ NOXH, tính thoe phương pháp thặng dư, gấp 1.4 lần đơn giá nhà nước). + Khi đền bù giải phóng mặt bằng sẽ phải mua trọn thửa và có phần sẽ nằm ngoài ranh dự án. Tạm định giá đầu ra phần đất nông nghiệp nằm ngoài ranh dự án, được QH là đất ở với diện tích là 0,87ha với đơn giá là 14tr/m2. + Làm đường đi vào dự án (giá bán quỹ đất bao gồm cam kết của đối tác sẽ hỗ trợ phần đất đi vào dự án) với chi phí làm đường là 1tr/m2 cho 1,8ha diện tích làm đường. + Bảng cơ cấu đất: Hạng mục đất Diện tích đất (m2) Tỷ lệ đất (%) Đất ngoài ranh nghiên cứu 42,474.47 24.7% Đất cây xanh tập trung 5,512.00 3.2% Đất NN (QH đất ở hiện hữu chỉnh trang) 8,710.63 5.1% Đất giao thông ngoại khu 28,251.84 16.5% Đất trong ranh nghiên cứu 129,180.37 75.3% Nhóm đất ở thấp tầng 123,054.00 71.69% Đất ở Thương mại 12,305.40 7.17% Đất ở nội khu 36,916.20 21.51% NOXH 12,305.40 7.17% Cây xanh nội khu 2,461.08 1.43% Giao thông nội khu 57,589.27 33.55% Đất giáo dục 1,476.65 0.86% Đất giao thông phân khu vực 6,126.37 3.57% Tổng diện tích đất 171,654.84 100% Loại hình phát triển: + Nhà"
BDS-CURATED-0128,Parklane,needs_name_or_parent_review,no,needs_parent_name_extraction,1,,,"[] Thao L - INVT Friday 6:08 PM Edited Translate K.ĐT gửii anh Admin 01 báo cáo về dự án Parklane, Quận 9 như sau: 1. THÔNG TIN DEAL Lưu ý: Tỷ lệ góp vốn tương ứng với tỷ lệ gánh chịu chi phí phát triển (xây dựng, bán hàng, lãi vay...) của toàn dự án. 2. THÔNG TIN QUY HOẠCH 1/2000 3. TIẾN ĐỘ PHÁP LÝ DỰ KIẾN: 4. SO SÁNH 2 PHƯƠNG ÁN PHÁT TRIỂN => Dự án được tính theo PA1 (Thận trọng – Theo P.QH) vì: - Dựa trên cơ sở quy hoạch 1/2000: + Dự án bị khống chế quy mô dân số khoảng 3.000 người, do đó diện tích sàn thương phẩm căn hộ được xác định ở mức phù hợp. + Dự án không phù hợp phát triển TTTM quy mô lớn do khả năng thu hút khách hạn chế (không nằm trên trục thương mại chính/lớn, kết nối giao thông chưa thuận lợi) và có cạnh tranh lớn khi khu vực đã có Vincom trên đường Lê Văn Việt, đồng thời nhu cầu văn phòng không cao, do đó diện tích sàn TMDV được xác định ở mức phù hợp đáp ứng với quy mô dự án. - PA2 sử dụng các chỉ tiêu phát triển cao hơn, nhưng đối tác chưa cung cấp cơ sở pháp lý, quy hoạch chứng minh 4. TÍNH KHẢ THI TOÀN DỰ ÁN a. Chi phí b. Doanh thu:Bán hàng 2028–2029 c. Kết quả hiệu quả tài chính => Dự án chỉ đạt hiệu quả tạm ổn khi giá bán căn hộ đạt ≥ 99 tr/m² (theo đề xuất Gam"
BDS-CURATED-0203,du lịch sinh thái nghỉ dưỡng giải trí núi Chứa Chan với giá khoảng 1,needs_name_or_parent_review,no,needs_parent_name_extraction,1,2025-07-31,2025-07-31,"[2025-07-31] Mr Mike1 -CEO 7/31/2025 7:58 AM https://m.cafef.vn/dong-nai-tinh-thu-gan-7000-ty-tu-3-khu-dat-dau-gia-188250731071055431.chn Đồng Nai tính thu gần 7.000 tỷ từ 3 khu đất đấu giá Tỉnh Đồng Nai sẽ đưa ra đấu giá khu đất làm dự án du lịch sinh thái nghỉ dưỡng giải trí núi Chứa Chan với giá khoảng 1.165 tỷ đồng, dự án trung tâm thương mại dịch vụ và dân cư theo quy hoạch hơn 7... m.cafef.vn 22/8 này đấu giá rồi kìa by Unknown User"
BDS-CURATED-0178,tuy nhiên,needs_name_or_parent_review,no,chat_sentence_name,1,2023-12-18,2023-12-18,"[2023-12-18] Unknown User 12/18/2023 6:44 PM Pa2 irr vẫn thấp nhỉ PA2 khi muốn tăng dân số thì mình đang binh dân số NOXH chiếm 20% thì sẽ thuận lợi cho việc xin điều chỉnh ( cũng có cơ sở). Việc tăng dân số, hệ số sử dụng đất sẽ cải thiện hiệu quả dự án tuy nhiên: 1. Phần dân số tăng thêm sẽ phải phân bổ nhiều hơn cho NOXH như trình bày ở trên 2. Phải cắt đất ở để làm các công trình hạ tầng phục vụ cho dân số tăng thêm 3. Đóng tiền sử dụng đất bổ sung thêm 4. Mất 1 tầng thương phẩm làm tầng lánh nạn Nên hiệu quả IRR tuy có cải thiện nhưng ko được nhiều Ok anh by Unknown User"
BDS-CURATED-0159,Aqua city của Novaland đã được tháo gỡ vướng mắc về pháp lý,recover_project,no,,2,2024-11-19,2024-11-19,"[2024-11-19] Huy M - IM 11/19/2024 4:46 PM https://baochinhphu.vn/du-an-aqua-city-cua-novaland-da-duoc-thao-go-vuong-mac-ve-phap-ly-tang-toc-hoan-thien-102241119142532239.htm?fbclid=IwZXh0bgNhZW0CMTEAAR3dpj9CESGsYbb-GGuf9O8_zb6itlLFsKE1gx4hCtVPHhoRwR81MKxeWys_aem_GwwUfoJyHqW-pxmcY32DWg Dự án Aqua city của Novaland đã được tháo gỡ vướng mắc về pháp lý, tăng tốc hoàn thiện (Chinhphu.vn) - Ngày 19/11, Chủ tịch UBND Tỉnh Đồng Nai Võ Tấn Đức đã ký Quyết định số 3479 chính thức phê duyệt điều chỉnh cục bộ Quy hoạch chung 1/10.000, đánh dấu bước quyết định trong việc tháo... baochinhphu.vn Aquacity dc gỡ Quy hoạch by Huy M - IM --- [2024-11-19] Huy M - IM 11/19/2024 4:46 PM https://baochinhphu.vn/du-an-aqua-city-cua-novaland-da-duoc-thao-go-vuong-mac-ve-phap-ly-tang-toc-hoan-thien-102241119142532239.htm?fbclid=IwZXh0bgNhZW0CMTEAAR3dpj9CESGsYbb-GGuf9O8_zb6itlLFsKE1gx4hCtVPHhoRwR81MKxeWys_aem_GwwUfoJyHqW-pxmcY32DWg Dự án Aqua city của Novaland đã được tháo gỡ vướng mắc về pháp lý, tăn"
BDS-CURATED-0127,Khách sạn,needs_name_or_parent_review,no,needs_parent_name_extraction,4,2025-04-08,2025-04-17,"[2025-04-17] Thao L - INVT 4/17/2025 6:20 PM K.ĐT báo cáo anh Mr Mike1 -CEO về các chỉ tiêu hoạt động của 06 dự án Khách sạn: A. THÔNG SỐ CƠ BẢN 📷 B. THÔNG SỐ HOẠT ĐỘNG CHI TIẾT 1. B11- Gần Alacarte - Diện tích đất: 597.7m2; Loại đất: Đất ở tại đô thị; Thời hạn: Lâu dài 📷 2. Serence - Diện tích đất: 1,381m2; Loại đất: Cơ sở sản … Em gửi lại bảng tính nhanh ạ Tuy nhiên lúc này tính cho fs lô B11 thì an... by Huy M - IM --- [2025-04-17] Thao L - INVT 4/17/2025 6:20 PM Edited Translate K.ĐT báo cáo anh Mr Mike1 -CEO về các chỉ tiêu hoạt động của 06 dự án Khách sạn: A. THÔNG SỐ CƠ BẢN B. THÔNG SỐ HOẠT ĐỘNG CHI TIẾT 1. B11- Gần Alacarte - Diện tích đất: 597.7m2; Loại đất: Đất ở tại đô thị; Thời hạn: Lâu dài 2. Serence - Diện tích đất: 1,381m2; Loại đất: Cơ sở sản xuất kinh doanh; Thời hạn: Lâu dài 3. Felicia - Diện tích đất: 1,120m2; Loại đất: Cơ sở sản xuất kinh doanh; Thời hạn: Lâu dài 4. Phú Hải 4a. Phú Hải mới - Đất thuê trả tiền hằng nằm, không tính chi phí đất do đây là khối mới nằm trong dự án Phú Hải - GOP cao do chi phí nhân sự chi phí kinh doanh , chi phí marketing, điện năng, chi phí vận hành … giảm mạnh do swap vào khối cũ. 4b. Phú Hải cũ (cập nhật theo cung cấp của Ms. Hana) - Số phòng: 112 phòng - Giả định tỷ lệ tăng giá thuê đất hằng nằm cho chu kỳ 5 năm: 30% 4c. Phú Hải tổng hợp (cũ + mới) 5. 10 Hùng Vương - Diện tích đất: 4.122m2; Loại đất: Đất ở; Thời hạn: Lâu dài "
BDS-CURATED-0166,Sông Đà - Quốc Cường Gia Lai (Nguồn từ Mr Tiến R&D) có giá chào 6,needs_name_or_parent_review,no,needs_parent_name_extraction,1,,,"[] Báo cáo Sếp Admin 01 Admin 01 về dự án Sông Đà - Quốc Cường Gia Lai (Nguồn từ Mr Tiến R&D) có giá chào 6.500 tỷ đồng cho diện tích phù hợp QH 2,5ha ~ 259,5 tr/m2 đường Quốc Lộ 13, P.Hiệp Bình, Thủ Đức (cũ), như sau: 1/TỔNG QUAN VỊ TRÍ: link map Vị trí và Ranh dự án Sông Đà - Quốc Lộ 13 Mặt tiền Quốc lộ 13 tại TP.HCM cũ, gần Khu đô thị Vạn Phúc, có 1 mặt giáp Sông, kết nối thuận tiện với các khu vực trọng điểm như Sân bay Tân Sơn Nhất và Ngã tư Bình Triệu. 2/ THÔNG TIN QUY HOẠCH Thông số QH theo 1/2000 Và đối tác đang tính Thông số QH theo 1/2000"
BDS-CURATED-0169,có vị trí tại phường An Bình,needs_name_or_parent_review,no,chat_sentence_name; needs_parent_name_extraction,2,2023-09-07,2023-09-07,"[2023-09-07] Tuan Tran-CEO 9/7/2023 5:04 PM Dự án có vị trí tại phường An Bình, TP Dĩ An, quy mô đầu tư dự kiến là 86.834,2 m2 với tổng diện tích sàn xây dựng 410.000 m2, bao gồm 11 tòa cao tối đa 30 tầng. Tổng sản phẩm mà dự án này cung cấp dự kiến 3.400 căn hộ. Dxg mới mua xong. Chỗ này hồi đó mình có tí... by Unknown User --- [2023-09-07] Tuan Tran-CEO 9/7/2023 5:04 PM Dự án có vị trí tại phường An Bình, TP Dĩ An, quy mô đầu tư dự kiến là 86.834,2 m2 với tổng diện tích sàn xây dựng 410.000 m2, bao gồm 11 tòa cao tối đa 30 tầng. Tổng sản phẩm m"
BDS-CURATED-0417,khách sạn Dự án Holiday,recover_project,no,,1,2024-09-14,2024-09-14,"[] Báo cáo Mr. Mike tiến độ các công việc liên quan đến các dự án khách sạn Dự án Holiday: Đã có PAKD sau khi trao đổi với Mr Cường-GM và TMĐT ước tính củ dự án. Đang tính toán kết quả. Dự án Phú Hải: Đã có báo cáo của R&D. Đang phối hợp QS để lên TMĐT Dự án Hội An: Sau khi báo cáo lần 1, đang chờ RD khảo sát lại thị trường và QS tính toán lại TMĐT cho phù hợp với chuẩn 4*. Hiện Team cũng đang tập trung để hoàn thiện xong các dự án trong tuần này: + Đã trao đổi với Mr. Harry, đang cập nhật lại các thông tin để rà soát lại định giá CKG, + Tính toán tiền sử dụng đất và cập nhật lại hiệu quả của PGK sau khi có TMĐT và Phương án Thiết kế, + Rà soát thêm giá TMDV đối với Khu đất văn phòng Quận 2 Song Song vói công việc trên vẫn phối hợp với các phòng ban để có đủ thông tin tính toán cho các dự án khách sạn. Ok a by Unknown User"
BDS-CURATED-0386,này không,needs_name_or_parent_review,no,chat_sentence_name; needs_parent_name_extraction,1,,,"[] Hanh T - INVT 5/15 5:31 PM Edited Translate Với thông tin quy hoạch như anh Tài đánh giá thì phần đất QH đất ở rất thấp chỉ 336 m2 và gần như là không có dân số, đa phần là đất thuộc TMDV (800 dân cho cả ô phố 16,4ha) và khả năng xin điều chỉnh để nâng hệ số sử dụng đất và dân số cho khu đất 1,1 ha này là khó. Do đó, phòng xin ý kiến Sếp có tiếp tục nghiên cứu sâu DA này không. Phòng xin gửi đính kèm thông tin về khu đất từ phía Sacombank chào đấu giá. Trân trọng. TanPhu 1.pdf"
BDS-CURATED-0215,phân lô ( ko xây nhà) nào đang rẻ nhất 1 Like reaction,needs_name_or_parent_review,no,chat_sentence_name; needs_parent_name_extraction,1,2023-06-22,2023-06-22,[2023-06-22] Tuan Tran-CEO 6/22/2023 11:08 AM Tìm hiểu bên Nhơn Trạch xem dự án phân lô ( ko xây nhà) nào đang rẻ nhất 1 Like reaction. Ai nghiên cứu luôn gía cho thuê đất KCN ở g... by Unknown User
BDS-CURATED-0389,đấu thầu tại Đà Nẵng,needs_name_or_parent_review,no,needs_parent_name_extraction,1,2025-05-13,2025-05-13,"[2025-05-13] Hanh T - INVT 5/13/2025 7:09 PM Edited Translate P.Đầu tư báo cáo Anh Mr Mike1 -CEO về các khu đất dự án đấu thầu tại Đà Nẵng như sau: Theo Báo cáo số 106/BC-UBND của UBND Đà Nẵng ngày 20 tháng 3 năm 2025 về Danh mục các khu đất thực hiện đấu thầu thì có tất cả là 13 khu đất, trong đó gồm 10 khu đất khu đô thị (thông qua Hội đồng nhân dân) và 03 dự án giáo dục. Trong báo cáo này, P. ĐT chỉ sẽ tập trung vào xem xét đánh giá sơ bộ 10 khu đất quy hoạch khu đô thị. Theo đó, qua chuyến khảo sát thực tế các khu đất dự án và dựa trên các tiêu chí về: Kết nối giao thông hiện trạng/quy hoạch, hình dáng khu đất, độ rộng của mặt tiền kết nối đường giao thông; Vị trí, khoảng cách đến trung tâm thành phố và kết nối khu dân cư; Ưu thế về view sông và đường hiện trạng; Chỉ tiêu quy hoạch về chức năng ở, diện tích thương phẩm; Hiện trạng dân cư bên trong phạm vi khu đất: tình trạng nhà ở, công trình để đánh giá khả năng bồi thường giải phóng mặt bằng; thì phòng Đầu tư có chọn lọc sơ bộ được 05 dự án trên tổng 10 dự án theo thứ tự ưu tiên như sau: 1. Dự án có số thứ tự 08, diện tích 53 ha: Địa điểm: Đường Thăng Long và đường Cầu Đỏ Tuý Loan, sông Cẩm Lệ, quận Cẩm Lệ; Mô tả sơ bộ: Dự án trải dài dọc"
BDS-CURATED-0378,Aqua City và Swan Bay,recover_project,no,,3,2023-06-06,2023-06-06,"[2023-06-06] Unknown User 6/6/2023 6:04 PM K.ĐT báo cáo anh Tuan Tran-CEO về so sánh giá giữa dự án Aqua City và Swan Bay như sau: 📷 Image … Ai làm báo cáo này ok quá nha 1 Heart reaction. Image by Unknown User --- [2023-06-06] Unknown User 6/6/2023 6:04 PM K.ĐT báo cáo anh Tuan Tran-CEO về so sánh giá giữa dự án Aqua City và Swan Bay như sau: 📷 Image … Làm thêm so sánh với Swan park nha 1 Heart reaction. 1 Like reaction. Begin quote, Binh Vo-GD-PTDT , 6/6/2023 10:... by Unknown User --- [2023-06-06] Sinh Nguyen-Dau Tu 6/6/2023 6:04 PM K.ĐT báo cáo anh Tuan Tran-CEO về so sánh giá giữa dự án Aqua City và Swan Bay như sau: Swan Bay Aqua City Chiết khấu Hầu như các phân khu không có sản phẩm cắt lỗ so với thời điểm T5/2022 1/ Khách hàng thanh toán theo phương án chuẩn, cắt lỗ khá ít khoảng vài trăm triệu (5 – 10%). 2/ Khách hàng cắt lỗ nhiều nhất là khách vay, cắt lỗ lên đến 20% tương đương tối đa 20% vốn tự có. Tính thanh khoản Đã có thanh khoản do bàn giao đã lâu và đã có dân về ở Không có thanh khoản So sánh giá các sản phẩm của 2 dự án: 1/ Giá bán sản phẩm Nhà phố hiện tại của 2 dự án, ngang ngang nhau, không có sự chênh lệch giá nhiều. Nếu thời điểm trước từ tháng 5/2022 trở về trước thì giá bán của Aqua City cao hơn SwanBay khoảng trên 20% 2/ Giá bán sản phẩm Biệt thự song lập hiện tại Aqua City cao hơn Swan Bay bình quân khoảng từ 20 – 40% 3/ Giá bán sản phẩm Biệt thự đơn "
BDS-CURATED-0394,Long Tân đến nay là khoảng 871 tỷ,needs_name_or_parent_review,no,needs_parent_name_extraction,2,,,"[] Dạ thông tin đã đền bù 183 ha được DIG công bố trên bản cáo bạch và báo cáo thường niên công ty ạ Theo đó, DIG đang ghi nhận giá vốn cho dự án Long Tân đến nay là khoảng 871 tỷ, tiền tạm ứng bồi thường khoảng 2.656 tỷ ạ. về quan điểm PĐT, vì chúng ta chưa biết rõ cơ cấu đất của dự án nên đang tạm lấy giá đất lúa (quan sát hiện trạng qua maps) để đảm bảo đánh giá mức giá thấp và thận trọng nhất ạ Tính giá thị trường khu này giờ phải 4tr/m ... by Unknown User --- [] Dạ thông tin đã đền bù 183 ha được DIG công bố trên bản cáo bạch và báo cáo thường niên công ty ạ Theo đó, DIG đang ghi nhận giá vốn cho dự án Long Tân đến nay là khoảng 871 tỷ, tiền tạm ứng bồi thường khoảng 2.656 tỷ ạ. về quan điểm PĐT, vì chúng ta chưa biết rõ cơ cấu đất của dự án nên đang tạm lấy giá đất lúa (quan sát hiện trạng qua maps) để đảm bảo đánh giá mức giá thấp và thận trọng nhất ạ Tính giá thị trường khu này giờ phải 4tr/m ... b"
BDS-CURATED-0132,Võ Văn Kiệt (Gộp 2 Lô) theo chỉ tiêu QH dự kiến điều chỉnh,needs_name_or_parent_review,no,needs_parent_name_extraction,1,,,"[] P.ĐT báo cáo Sếp Admin 01 về cập nhật DA Võ Văn Kiệt (Gộp 2 Lô) theo chỉ tiêu QH dự kiến điều chỉnh, như sau: 1. Quy hoạch: Những thay đổi chính trong PA QH mới: Hệ số tăng từ 13,7 lên 14,7 Tầng cao từ 30 lên 36 tầng Tăng 3.467 m2 sàn kinh doanh ~ tăng 19 căn, từ 833 lên 852, đồng thời Shop điều chỉnh thành 3 tầng. 2. Hiệu quả tài chính: Đơn giá xây dựng All-in vẫn giữ 21 tr/m2 (gồm VAT). Chi phí kinh doanh bán hàng 19%/Doanh thu. Giá bán căn hộ giảm từ 105 xuống còn 99 tr/m2 (gồm VAT), tương đương với giá 90 tr chưa VAT ~ 5 tỷ/căn 56 m2. Giá bán Shop giữ đơn giá tầng 1+2"
BDS-CURATED-0368,có vị trí gần với Fenica và Phú Gia Khiêm,needs_name_or_parent_review,no,chat_sentence_name; needs_parent_name_extraction,2,,,"[] P.ĐT đã chuẩn bị file file đánh giá sơ bộ vị trí và nguồn cung khu vực. (đính kèm dưới) Cụ thể, dự án có vị trí gần với Fenica và Phú Gia Khiêm. Đây là khu vực có mật độ dân số và tốc độ đô thi hóa cao. Xung quanh tập trung nhiều nhà xưởng, nhà máy, KCN và các dự án cao tầng. Nguồn cung khu vực tính bán kính 4km từ tâm dự án là ~ 10k căn hộ. Do đó mức độ cạnh tranh trong tương lai khoảng 2-3 năm tới là tương đối cao. Bên cạnh đó dự án còn có hơn 500 căn officetel, một sản phẩm mới đang được hầu hết các CĐT áp dụng kèm trong các chung cư, khác với sản phẩm căn hộ ở truyền thống, khả năng hấp thụ officetel này vẫn còn là dấu hỏi. P.ĐT đề xuất tạm thời theo dõi thêm dự án này và đợi xem khả năng hấp thụ của các dự án lân cận để đánh giá đưa ra quyết định kỹ hơn. --- [] P.ĐT đã chuẩn bị file file đánh giá sơ bộ vị trí và nguồn cung khu vực. (đính kèm dưới) Cụ thể, dự án có vị trí gần với Fenica và Phú Gia Khiêm. Đây là khu vực có mật độ dân số và tốc độ đô thi hóa cao. Xung quanh tập trung nhiều nhà xưởng, nhà máy, KCN và các dự án cao tầng. Nguồn cung khu vực tính bán kính 4km từ tâm dự án là ~ 10k căn hộ. Do đó mức độ cạnh tranh trong tương lai khoảng 2-3 năm tới là tương đối cao. Bên cạnh đó dự án còn có hơn 500 căn officetel, một sản phẩm mới đang được hầu hết các CĐT áp dụng kèm trong các chung cư, khác với sản phẩm căn hộ ở truyền thống, khả năng hấp thụ officetel này vẫn"
BDS-CURATED-0415,hạ tầng kết nối lớn tại các tỉnh thành lân cận,needs_name_or_parent_review,no,needs_parent_name_extraction,1,,,"[] Phòng Đầu tư và R&D gửi anh Tuan Tran-CEO báo cáo thị trường BĐS KCN tại Indonesia và Thái Lan đã được cập nhật thêm thông tin thị trường KCN tại Việt Nam, cụ thể: A/ So sánh thị trường KCN tại Việt Nam, Indonesia và Thái Lan 1/ Giá đất trung bình KCN ($/m2/kỳ) : + Vietnam : tại TPHCM - $257, tại Hà Nội - $168, các tỉnh thành phía Nam - $158, các tỉnh thành phía Bắc - $115 + Indonesia : tại Jakarta - $392, West Java (liền kề Jakarta) - $150, Easta Java - $397, Central Java - $119 + Thái Lan : tại Vùng thủ đô Bangkok - $162, tại EEC - $130 => Indonesia có giá đất KCN trung bình cao hơn hẳn Việt Nam và Thái Lan 2/ Giá thuê nhà kho xưởng: Giá thuê nhà xưởng không có sự khác biệt lớn giữa 3 nước, dao động trung bình xung quanh $4/m2/tháng. Giá thuê kho xưởng sẽ phụ thuộc nhiều vào chất lượng xây dựng công trình, suất đầu tư công trình hơn là yếu tố vị trí. 3/ Tỷ lệ lắp đầy đất KCN: + Việt Nam : 78 - 95% => trung bình 90% + Indonesia: 60 - 86.5% + Thái Lan: 87 - 89% => Việt Nam có tỷ lệ lắp đầy cao nhất, phản ánh sự dịch chuyển dòng vốn đầu tư từ nước ngoài vào Việt Nam mạnh mẽ trong những năm vừa qua. 4/ Thời gian sử dụng đất theo quy định Pháp luật: + Việt Nam : 50 năm + Indonesia : 8"
BDS-CURATED-0385,là KCN,recover_project,no,,1,,,"[] P.ĐT sau khi nghiên cứu hồ sơ pháp lý, vị trí dự án. Có một số đánh giá như sau: 1. Về vị trí: Thuộc trung tâm hành chính mới xã Nhơn Trạch, vị trí cửa ngõ sân bay Long Thành. Xung quanh dự án là KCN, dự án đã triển khai và quy hoạch nhiều dự án nhà ở phát triển trong tương lai. 2. Về quy mô: Quy mô và cơ cấu sản phẩm theo 1/500 được duyệt, bao gồm: STT Chức năng Diện tích (m2) Số lượng căn (căn) Tỷ lệ (%) 1 Đất ở 55,825 61% Đất xây dựng chung cư 18,830 1 Block cao 15 tầng, 1 Block cao 22 tầng 20% Biệt thự + nhà liên kế 36,995 248 40% 2 Đất cây xanh 5,462 6% 3 Đất giao thông 30,788 33% Tổng cộng 92,075 Tính chất dự án: quy hoạch đầu tư xây dựng khu nhà ở công nhân và chuyên gia làm việc tại các KCN Nhơn Trạch. 3. Về hiện trạng hồ sơ pháp lý dự án:"
BDS-CURATED-0400,sẽ bắt đầu từ quý 4-2026 đến năm 2029,needs_name_or_parent_review,no,needs_parent_name_extraction,1,,,"[] P.ĐT gửi anh Mr Mike1 -CEO thông tin về tuyến đường sắt nhẹ Thủ Thiêm - Long Thành như sau: Theo Quyết định số 586/QĐ-TTg ban hành ngày 03/07/2024 của Thủ tướng Chính phủ về Phê duyệt Quy hoạch tỉnh Đồng Nai thời kì 2021-2030, tầm nhìn đến 2025 (trang 55) có thông tin về Tuyến đường sắt nhẹ Thủ Thiêm - Long Thành được cập nhật vào Quy hoạch mạng lưới đường sắt thời kỳ 2021-2030, tầm nhìn năm 2050 được Thủ tướng Chính phủ phê duyệt. Tuy nhiên chưa có thông tin chính thức về tiền độ dự án này. Ngoài ra, theo thông tin ngoài lề về tiến độ dự kiến như sau: Link: Tuyến đường sắt Thủ Thiêm - Long Thành dự kiến khởi công vào quý 4-2026 | BÁO SÀI GÒN GIẢI PHÓNG: + Giai đoạn thi công xây dựng dự án sẽ bắt đầu từ quý 4-2026 đến năm 2029; mua sắm trang thiết bị trong năm 2028-2029; + Dự kiến từ năm 2030 vận hành thử, khai thác thương mại. 2024.07.03_586.TTG_Quy hoach tinh Dong Nai 2021-2030-tam nhin 2050.pdf Mà cái này làm nổi hay chìm by Unknown User"
BDS-CURATED-0428,Đầu tư xây dựng đường Cao tốc TP,needs_name_or_parent_review,no,needs_parent_name_extraction,4,2024-12-10,2024-12-10,"[2024-12-10] Huy M - IM 12/10/2024 12:03 PM Translate Dự án Đầu tư xây dựng đường Cao tốc TP.Hồ Chí Minh – Thủ Dầu Một - Chơn Thành là trục cao tốc Bắc Nam của tỉnh Bình Dương, Bình Phước (trục xuyên tâm cắt qua đường Vành đai 4, Vành đai 3, dẫn đến đường Vành đai 2 TP.Hồ Chí Minh), nối tiếp tuyến cao tốc Gia Nghĩa - Chơn Thành (cao tốc Bắc Nam phía Tây) Dự án có ý nghĩa, vai trò rất quan trọng đối với sự phát triển kinh tế - xã hội gắn với củng cố an ninh - quốc phòng của vùng Tây nguyên và Đông Nam bộ; rút ngắn thời gian lưu thông, thúc đẩy các hoạt động thương mại, vận tải, thông thương mua bán trong khu vực; Bình Dương Dự kiến dự án sẽ khởi công quý I/2025 và hoàn thành năm 2027! Khi hoàn thành sẽ là trục kinh tế chính, cùng với QL13 + Mỹ Phước-Tân Vạn là trung tâm phát triển của Bình Dương. * Đoạn qua Bình Phước (thông qua 5/2024) - Dài 7 km - Vốn 1474 tỷ (1000 tỷ ngân sách T.W) - Điểm đầu nằm ở ranh Bình Dương và Bình Phước - Điểm cuối tại thị xã Chơn Thành - 4 làn xe, có làn dừng khẩn cấp - Vận tốc thiết kế 100 km/h - Thời gian thực hiện từ 2024-2026 https://www.google.com/maps/d/u/1/edit?mid=10gTnNN6aieu1u3Xx49gGnnp177W4zag&usp=sharing Image by Huy M - IM --- [2024-12-10] Huy M - IM 12/10/2024 12:03 PM Translate Dự án Đầu tư xây dựng đường Cao tốc TP.Hồ Chí Minh – Thủ Dầu Một - Chơn Thành là trục cao tốc Bắc Nam của tỉnh Bình Dương, Bình Phước (trục xuyên tâm cắt qua đư"
BDS-CURATED-0148,Lô mặt tiền Quốc Lộ 13 Hiệp Bình Phước,needs_name_or_parent_review,no,needs_parent_name_extraction,2,,,"[] Phòng đầu tư xin báo cáo lại sếp Admin 01 về lô mặt tiền Quốc Lộ 13, Hiệp Bình Phước, TP Thủ Đức. 1. Vị trí dự án: https://maps.app.goo.gl/oHEYY6H9GGykdD9C6 2. Thông tin lô đất (nguồn anh Hùng): a. Diện tích: 42x100m (4.214m2) b. MĐSDĐ: Đất sản xuất phi nông nghiệp, thời hạn sử dung đất lâu dài c. Giá: 350 tỷ --- [] Phòng đầu tư xin báo cáo sếp Admin 01 về lô mặt tiền Quốc Lộ 13, Hiệp Bình Phước, TP Thủ Đức. 1. Vị trí dự án: https://maps.app.goo.gl/oHEYY6H9GGykdD9C6 2. Thông tin lô đất (nguồn anh Hùng): a. Diện tích: 42x100m (4.214m2) b. MĐSDĐ: Đất sản xuất phi nông nghiệp, thời hạn sử dung đất lâu dài c. Giá: 350 tỷ 3. Quy hoạch 1/2000: lô đất được quy hoạc"
BDS-CURATED-0113,Westgate của AnGia – 38 tr/m2 (vị trí trung tâm Huyện Bình Chánh) + Thấp hơn mức giá trung bình của Akari – Na,needs_name_or_parent_review,no,bad_name_length; needs_parent_name_extraction,1,2024-10-07,2024-10-07,"[2024-10-07] Huy M - IM 10/7/2024 8:30 AM Translate Hiện tại mình đang set giá bán chung cư hiện trạng là 42 tr/m2, lúc mở bán 46 tr/m2 (đã tăng 10% so với giá đề xuất năm 2023) và giá này: + Đang cao hơn 10% so với dự án Westgate của AnGia – 38 tr/m2 (vị trí trung tâm Huyện Bình Chánh) + Thấp hơn mức giá trung bình của Akari – Nam Long khoảng 10% - 44 – 50 tr/m2 (Vị trí và tiện ích của Akari có nhỉnh hơn mình một chút). Akari đang bán được giá cao một phần cũng do họ làm theo phong cách Nhật, diện tích trung bình 1 căn nhỏ. Điểm trừ lớn của dự án mình khiến không set giá Bán cao được là do theo QH 1.500 được duyệt từ năm 2008 diện tích trung bình 1 căn quá lớn lên tới 82 m2/căn (trung bình thị trường tầm 60 m2/căn) Về giá bán biệt thự mình đang bán 80 tr/m2, giá bán của khu bên trong dự án đang khoảng 60 tr/m2 Nên giá bán theo hiện trạng của dự án đang đề xuất cũng là ở mức phù hợp à. Ok a by Unknown User"
BDS-CURATED-0240,càng tốt ạ Vì luật hiện nay vẫn quy định đơn giá ko dc,recover_project,no,,1,2025-02-13,2025-02-13,"[] Dạ, trong trường hợp phải đóng tiền theo bảng giá đất nhà nước thì hệ số sử dụng Đất tối thiểu 5 là đạt hiệu quả. Tuy nhiên, nếu được đóng tiền sử dụng đất theo phương pháp thặng dư thì hệ số sử dụng Đất tối thiểu 2,5 là đạt hiệu quả Đồng thời, trong cả 2 phương án nêu trên nếu hệ số sử dụng đất càng cao thì hiệu quả dự án càng tốt ạ Vì luật hiện nay vẫn quy định đơn giá ko dc... by Huy M - IM"
BDS-CURATED-0399,này by Huy M - IM,needs_name_or_parent_review,no,chat_sentence_name; needs_parent_name_extraction,1,2023-08-04,2023-08-04,"[2023-08-04] Huy M - IM 8/4/2023 12:39 PM Hồi trước phương án tính là giá chào đối tác bao luôn tiền sử dụng đất, giờ cập nhật lại pháp lý mình phải tính lại tiền sử dụng đất thêm và rà soát lại phần dat quy hoach cho 20% NOXH do giờ trên 2ha sẽ phải làm không được nộp tiền nữa như lúc trước mình tính à Team sẽ tập trung để báo lại sớm dự án này by Huy M - IM"
BDS-CURATED-0373,đầu tư xây dựng Cao ốc căn hộ Hạnh Phúc,needs_name_or_parent_review,no,needs_parent_name_extraction,1,,,"[] Phòng ĐT báo cáo Sếp Admin 01 về sơ bộ DA Chung cư Hạnh Phúc (Nguồn Mr.Khôi), diện tích đất gần 7.000 m2, đường Trần Đại Nghĩa, H.Bình Chánh, TPHCM : 1. Vị trí dự án: Số 10 Trần Đại Nghĩa, H. Bình Chánh, TP HCM, link map. 2. Hiện trạng: + Pháp lý: * Giấy CN QSD đất: 6.952 m2, đất SXKD cấp năm 2005 - thời hạn lâu dài - Chủ là DN tư nhân Thanh Tùng. * QĐ 54/QĐ-SXD-PTN ngày 29/04/2008 của Sở Xây dựng TP.HCM – Phê duyệt dự án đầu tư xây dựng Cao ốc căn hộ Hạnh Phúc, về Quy định pháp lý xây dựng thì QĐ này tương đương với ~ GPXD thời điểm đó. * QĐ số 4448/QĐ-UBND ngày 11/10/2008 của UBND TP.HCM – Giao đất cho Doanh nghiệp tư nhân Thanh Tùng để xây dựng nhà ở chung cư. Tuy nhiên, doanh nghiệp Chưa hoàn thành nghĩa vụ tài chính khi chuyển Mục đích SKC sang đất ở xây dựng chung cư. + Xây dựng: Đã xây lên tầng 5 từ 2018 và bỏ hoang đến nay. + Bán hàng: Đã mở bán từ 2018, và có thông tin (Nguồn tự tìm trên các trang báo điện tử thì đã thu 15% tiền HĐ từ khách hàng. Hiện chưa có thông tin về tình trạng bán hàng, link bài báo tại đây Link. + Thế chấp: Cũng từ bài báo phía trên Link. thì Sổ đã thế chấp tại NH AGribank CN Bình Tân (Khoản nợ của DN Thanh Tùng - Chủ sở hữu đứng tên trên Sổ"
BDS-CURATED-0180,đạt hiệu quả với giá mua dự án ở khoảng 17 triệu đồng/m2 ~ ngưỡng giá mua dự án 520 tỷ đồng,recover_project,no,,1,,,"[] Phòng ĐT có tính độ nhạy về thay đổi tăng giá bán căn hộ, theo đó khi giá bán căn hộ tăng lên từ 50 triệu đồng/m2 (chưa VAT) thì dự án đạt hiệu quả với giá mua dự án ở khoảng 17 triệu đồng/m2 ~ ngưỡng giá mua dự án 520 tỷ đồng, tương đương một nửa giá chào bán. Tuy nhiên, về khả năng bán giá 50 triệu đồng (chưa VAT) tính ở thời điểm hiện tại thì khó khả thi do nguồn cung của khu vực Bình Dương đang rất lớn và DA số lượng căn hộ cũng lớn lên đến ~1.900 căn nên giá 50 triệu đồng khó cạnh tranh."
BDS-CURATED-0432,35ha 1,needs_name_or_parent_review,no,needs_parent_name_extraction,1,,,[] Phòng xin gửi đính kèm hình hiện trạng khu đất. DAT RACH GIA.mp4 Vi tri va Ranh dat DA 35ha 1.pdf DAT RACH GIA 1.mp4 Add a vào group Hội AN Riverside cái by Admin 01
BDS-CURATED-0184,50ha ở Vĩnh Yên,needs_name_or_parent_review,no,needs_parent_name_extraction,2,2024-12-16,2024-12-16,"[2024-12-16] Thoi L - ASST. 12/16/2024 5:17 PM Translate ""UBND tỉnh Vĩnh Phúc và Tập đoàn Vingroup sẽ ký kết hợp tác toàn diện Xúc tiến, thu hút đầu tư, liên kết hợp tác hỗ trợ doanh nghiệp, thúc đẩy chuyển đổi xanh, phát triển bền vững. Ngày 23/11/2024, UBND tỉnh Vĩnh Phúc sẽ phối hợp với Tập đoàn Vingroup tổ chức Hội nghị “Chuyển đổi xanh - nhận thức và hành động vì một tương lai Vĩnh Phúc phát triển bền vững” --> Để phát triển đại DA về BĐS nhà ở và KCN, các đơn vị lớn thường có 1 bộ phận: Xúc tiến hợp tác đầu tư. Anh gửi lại Mr Mike dự án 50ha ở Vĩnh Yên, ... by Huy M - IM --- [2024-12-16] Huy M - IM 12/16/2024 5:48 PM Translate Anh gửi lại Mr Mike dự án 50ha ở Vĩnh Yên, Vĩnh Phúc: KĐT gửi anh @Tuan @Tran-CEO báo cáo dự ... by Huy M - IM"
BDS-CURATED-0391,53ha Đà Nẵng),needs_name_or_parent_review,no,needs_parent_name_extraction,1,,,"[] P.ĐT báo cáo Sếp Mr Mike1 -CEO về việc tìm hiểu, nghiên cứu NĂNG LỰC nhà đầu tư tham gia đấu thầu (lấy ví dụ dự án 53ha Đà Nẵng) như sau: NGHIÊN CỨU SƠ BỘ NĂNG LỰC NHÀ ĐẦU TƯ KHI THAM GIA ĐẤU THẦU DỰ ÁN : Dựa trên các văn bản quy phạm pháp luật về Đất Đai, về Đấu Thầu, cụ thể là NĐ 115/2024/NĐ-CP hướng dẫn Luật Đấu thầu về lựa chọn nhà đầu tư, P.ĐT tìm hiểu và tóm tắt lại sơ bộ yêu cầu năng lực nhà đầu tư cho dự án 50 ha như sau: Sơ bộ tổng mức đầu tư dự án khoảng: 15.000 tỷ đồng (~300 tỷ đồng/1ha), trong đó: CP bồi thường, GPMT 1.000 tỷ đồng /DA 50ha (khoảng 2 triệu đồng/m2 tính bình quân không phân biệt loại đất) CP đầu tư xây dựng 12.500 tỷ đồng/ DA 50ha (theo Suất vốn BXD) Chi phí dự phòng 1.500 tỷ đồng/ DA 50ha (khoảng 10% CP bồi thường + CP đầu tư xây dựng). Theo đó, sơ bộ năng lực nhà đầu tư cơ bản gồm năng lực tài chính và năng lực kinh nghiệm thực hiện dự án, cơ bản như sau: * Năng lực tài chính: có vốn chủ sở hữu tối thiểu ~ 2200 tỷ đồng (15%/DA 50ha), được thành lập Liên danh. * Năng lực kinh nghiệm: đã từng thực hiện tối thiểu 01 dự án cùng Lĩnh Vực và Quy mô tương tự như Dự án 50ha và được chia làm 3 loại: Nhà đầu tư có vai trò là NHÀ ĐẦU TƯ GÓP VỐN chủ sở hữu (được hi"
BDS-CURATED-0101,Cù lao Tân Vạn theo đơn giá bán (đất + nhà) trung bình dựa vào các loại hình do Mr,recover_project,no,,1,2025-05-06,2025-05-06,"[2025-05-06] Thao L - INVT 5/6/2025 5:36 PM Translate K.ĐT gửi anh Mr Mike1 -CEO cập nhật báo cáo dự án Cù lao Tân Vạn theo đơn giá bán (đất + nhà) trung bình dựa vào các loại hình do Mr. Lâm đề xuất như sau: 1. DOANH THU (THEO ĐỀ XUẤT MR. LÂM) - Đơn giá bán đất + nhà trung bình cho Biệt thự Đơn lập vị trí giáp sông/kênh: 100tr/m2 - Đơn giá bán đất + nhà trung bình cho Biệt thự Đơn lập vị trí phía trong: 90tr/m2 - Đơn giá bán đất + nhà trung bình cho Biệt thự Song lập: 85tr/m2 - Đơn giá bán đất + nhà trung bình cho Nhà liên kế: 95tr/m2 2. CHI PHÍ ĐẦU TƯ 3. CHI PHÍ HOẠT ĐỘNG VÀ CHI PHÍ LÃI VAY 4. HIỆU QUẢ ĐẦU TƯ Với đơn giá bán (đất + nhà) theo đề xuất của Mr. Lâm. Dự án có Tỷ suất LNTT/TMĐT= 30% 5. NHẬN ĐỊNH - Đơn giá bán đất + nhà trung bình được đề xuất theo PA của Mr. Lâm khi dự án: + Hoàn thiện pháp lý + Hoàn thiện hạ tầng kỹ thuật và hạ tầng xã hội để đủ điêu kiện bán hàng + Hòa thiện việc xây nhà + Thời gian dự kiến đủ điều kiện bán hàng toàn dự án là T9/2026 (hơn 1 năm nữa) Với giá Biệt thự song lập đang được đề xuất là 85tr/m2 vào thời điểm dự kiến T9/2026 sau khi đã hoàn thiện all hết các điều kiện hạ tầng, tiện ích.....như trên thì đang tương đương với Đơn giá bán 20 căn Biệt thự song"
BDS-CURATED-0197,Với phương án của mình trước là làm phân kh,needs_name_or_parent_review,no,needs_parent_name_extraction,1,2023-09-25,2023-09-25,"[2023-09-25] Binh Vo-GD-PTDT 9/25/2023 9:55 AM Vì cùng khu, và noxh ko thể bán giá cao được vì bị giới hạn định mức ln 10%, lưu ý chi phí đất ko được phân bổ vào giá thành của noxh vì noxh được miễn tiền sử dụng đất, và tiền bồi thường đất thì được khấu trừ trong tssđ của toàn dự án Với phương án của mình trước là làm phân kh... by Unknown User"
BDS-CURATED-0134,không đạt hiệu quả ạ Begin quote,needs_name_or_parent_review,no,chat_sentence_name; needs_parent_name_extraction,1,2026-06-11,2026-06-11,"[] Dạ nếu giá bán 70tr và ko đóng LUR thì hiệu quả như sau: - LNTT: 137 tỷ - LNST: 109 tỷ - IRR: 5,11% - LNTT/TMĐT: 8,1% Dự án không đạt hiệu quả ạ Begin quote, Admin 01, 6/11/2026 3:15 PM, B... by Huy M - IM"
BDS-CURATED-0181,đấu thầu tại Nhơn Trạch,needs_name_or_parent_review,no,needs_parent_name_extraction,3,2025-07-15,2025-07-15,"[2025-07-15] Hanh T - INVT 7/15/2025 6:20 PM Edited Translate P. ĐT báo cáo Sếp Mr Mike1 -CEO về sơ bộ tổng mức đầu tư cụm DA đấu thầu tại Nhơn Trạch, Đồng Nai như sau: Cụm DA Đấu thầu có tổng diện tích 386 ha gồm có 04 phân khu: PK3 (80 ha), PK4 (92ha), PK5 (129 ha), PK6 (85ha). Mỗi phân khu theo QH gồm có đất ở cao tầng và đất thấp tầng (Nhà --- [2025-07-15] Hanh T - INVT 7/15/2025 6:20 PM Edited Translate P. ĐT báo cáo Sếp Mr Mike1 -CEO về sơ bộ tổng mức đầu tư cụm DA đấu thầu tại Nhơn Trạch, Đồng Nai như sau: Cụm DA Đấu thầu có tổng diện tích 386 ha gồm có 04 phân khu: PK3 (80 ha), PK4 (92ha), PK --- [2025-07-15] Hanh T - INVT 7/15/2025 6:20 PM Edited Translate P. ĐT báo cáo Sếp Mr Mike1 -CEO về sơ bộ tổng mức đầu tư cụm DA đấu thầu tại Nhơn Trạch, Đồng Nai như sau: Cụm DA Đấu thầu có tổng diện tích"
BDS-CURATED-0183,(pháp lý,needs_name_or_parent_review,no,needs_parent_name_extraction,1,2022-08-22,2022-08-22,"[2022-08-22] Binh Vo-GD-PTDT 8/22/2022 2:48 PM còn cái Chiến lược cho khác sạn đà nẵng, thì Team đang lên checklist phân bổ công việc & đang thu thập thông tin về dự án (pháp lý, lộ trình pháp lý, vị trí...) để chuẩn bị cho báo cáo do team đang tập trung làm phân tích nhanh ... by Unknown User"
BDS-CURATED-0231,Hội An Riverside có nhiều khả năng thay đổi concept,recover_project,no,,2,2025-01-02,2025-01-02,"[2025-01-02] Thoi L - ASST. 1/2/2025 9:46 AM Translate Huy Mai-PTDTChào Huy, DA Hội An Riverside có nhiều khả năng thay đổi concept, do vướn quy định về khoảng lùi hành lang bờ sông 10m (hiện nay đang tk là 5m). Huy trao đổi với A Kiên để cập nhật tt kịp thời nhé. Begin quote, Thoi -Tro Ly GD , 1/2/2025 9:4... by Huy M - IM --- [2025-01-02] Thoi L - ASST. 1/2/2025 9:46 AM Huy Mai-PTDTChào Huy, DA Hội An Riverside có nhiều khả năng thay đổi concept, do vướn quy định về khoảng lùi hà… Bữa a Kiên cũng có trao đổi với em thông tin này. Em cũng có nghe thêm có con đường ở giữa 2 sổ nên mình cũng chưa hợp sổ dc để làm dự án. Cái này thì bên PLDA pk anh team vẫn đang tìm thêm hướng để xly. by Thoi L - ASST."
BDS-CURATED-0355,Phụ trách Lâm Đồng và P,needs_name_or_parent_review,no,needs_parent_name_extraction,1,2025-04-17,2025-04-17,"[2025-04-17] Huy M - IM 4/17/2025 11:51 AM Translate Thoi -Tro Ly GD Liên quan đến nội dung nghiên cứu các tài sản của DLR để làm khách sạn, em đã trao đổi với Anh David xác định các vị trí tiềm năng để thực hiện. Em đề xuất tổ chức họp bao gồm PLDA - Phụ trách Lâm Đồng và P. QH triển khai nghiên cứu và hướng đi pháp lý nhé. OK a sẽ trao đổi với Gđ Minh họp sớm. by Thoi L - ASST."
BDS-CURATED-0196,Thông tin quyết định chủ trương đầu tư/pháp lý dự án/thông tin quy hoạch dự án - Thông tin đơn vị khác tham,needs_name_or_parent_review,no,bad_name_length,1,,,"[] Phòng chuyên môn phụ trách đối ngoại xúc tiến gặp gỡ Sở Tài Chính/UBND tỉnh Đồng Nai để trao đổi và thu thập thông tin: - Hướng dẫn quy trình đăng ký thực hiện dự án - Thông tin quyết định chủ trương đầu tư/pháp lý dự án/thông tin quy hoạch dự án - Thông tin đơn vị khác tham quan tâm các dự án này - Các vấn đề liên quan đến ưu đãi trong triển khai NOXH, các xác định giá bán - Các thông tin khác phục vụ công tác phân tích đánh giá + Triển khai lập phương án liên danh với công ty/đối tác vì hiện tại công ty không đủ năng lực kinh nghiệm để tham gia - Với thời hạn tham gia đăng ký chỉ còn 31 ngày, đề xuất nhanh chóng nghiên cứu lập phương án liên danh với công ty/đối tác đã có kinh nghiệm đầu tư xây dựng, vận hành dự án nhà ở nhằm đảm bảo đáp ứng điều kiện về kinh nghiệm được nêu trong thông báo mời thầu. (hồ sơ đăng ký thực hiện dự án và những yêu cầu về tư cách hợp lệ, năng lực tài chính và kinh nghiệm thực hiện dự án được nêu chi tiết trong file đính kèm) 2025.03.27-Cac buoc trien khai noxh Dong Nai.pdf"
BDS-CURATED-0444,của DIG rồi ạ Begin quote,needs_name_or_parent_review,no,chat_sentence_name; needs_parent_name_extraction,1,2025-04-18,2025-04-18,"[] Dạ anh, em sẽ chia sẻ định vị dự án, Phòng cũng đã có cập nhập vị trí và ranh đất các dự án của DIG rồi ạ Begin quote, Huy Mai-PTDT , 4/18/2025 7:00 ... by Unknown User"
BDS-CURATED-0133,gộp 2 lô Võ Văn Kiệt theo thay đổi giá bán căn hộ và giá mua dự án,recover_project,no,,1,,,"[] Báo cáo Sếp Admin 01, bảng độ nhạy DA gộp 2 lô Võ Văn Kiệt theo thay đổi giá bán căn hộ và giá mua dự án: Theo bảng độ nhạy thì Với đơn giá bán căn hộ 90 tr/m2 thì giá mua dự án để hiệu quả IRR~ từ 15% là ở khung 260 tr đến 280 tr/m2 ~ 685 tỷ đến 738 tỷ đồng cho Lô A17-01 diện tích 2.635 m2. Ngoài ra, theo thông tin từ anh Tài thì tầng cao, hệ số, dân số của tổng hai lô theo chỉ tiêu mới đều tăng cao hơn trước đây. Hiện anh Tài đang tính toán lại phương án mới (có bố trí Shop 3-4 tầng theo gợi ý của Sếp), sau khi có PA từ anh Tài, chị sẽ cập nhật lại FS báo cáo lại à. Giá bán không trả được thấp vậy đâu. by Admin 01"
BDS-CURATED-0387,sau này chỉ có đấu thầu,needs_name_or_parent_review,no,needs_parent_name_extraction,1,2025-05-25,2025-05-25,"[2025-05-25] Unknown User 5/25/2025 4:43 PM Vị trí ok mà, quan trọng là giá đấu thầu như thế nào A Hiếu - PL có báo cáo hồ sơ hiện tại xong sẽ đánh giá cần thông tin gì thêm vs mình cũng phải nghiên cứu chi tiết vào phần đấu thầu. Vì bây giờ thí điểm chỉ gỡ 30% cho các hồ sơ hiện trạng đất chưa full ở. Thì dự án sau này chỉ có đấu thầu, đấu giá. Chứ đất full 100% ở thì ko có Nên bộ phận pháp lý mình cần nghiên cứu chi... by Huy M - IM"
BDS-CURATED-0376,đầu tư,recover_project,no,,1,2025-10-31,2025-10-31,"[2025-10-31] Thanh L - INVT 10/31/2025 9:41 AM Edited Translate Kính gửi Mr Mike1 -CEO, P.ĐT báo cáo đánh giá 3 tài sản thực hiện căn hộ dịch vụ với hiệu quả dự án đầu tư như sau: Vị trí 3 tài sản: https://www.google.com/maps/d/edit?mid=11z_Bkaxe4GIV5AYsicAES_ivCxDZbmM&usp=sharing Vì cả 3 tài sản có vị trí gần nhau nên P.RD để xuất chung một mức giá thuê cho 3 tài sản như sau: Đề xuất giá thuê"
BDS-CURATED-0390,168ha gần Khu Đa Phước - OneDrive (sharepoint,needs_name_or_parent_review,no,needs_parent_name_extraction,1,2022-07-19,2022-07-19,[2022-07-19] Trieu Nguyen-PTDT 7/19/2022 5:50 PM Edited Link Onedrive: Dự án 168ha gần Khu Đa Phước - OneDrive (sharepoint.com) Link Map: Link https://goo.gl/maps/35GfKER... by Unknown User
BDS-CURATED-0187,Cát Lái từ P,needs_name_or_parent_review,no,needs_parent_name_extraction,2,,,"[] P.ĐT cập nhật Sếp Admin 01 đánh giá pháp lý sơ bộ dự án Cát Lái từ P.PLDA Các vấn đề cần lưu ý như sau: - Do quá trình chuyển nhượng lô H2-02 từ Invesco sang Phú Gia khi chưa hoàn thành đầu tư xây dựng hạ tầng, do đó trong quá trình thẩm định chủ trương đầu tư, Sở XD đã có ý kiến đề nghị Sở NNMT giải thích vấn đề này=> P.PLDA đề xuất CĐT Phú Gia cung cấp ý kiến giải trình của Sở NNMT để đảm bảo kiểm soát rủi ro tiềm tàng - Dự án có thời hạn đưa đất vào sử dụng là tháng 12/2024, mặc dù giữa năm 2025 ghi nhận hình ảnh và hoạt động rào tôn, cải tạo đất tại lô H2-02 tuy nhiên đến thời điểm hiện tại Công ty vẫn chưa nhận được văn bản khởi công xây dựng hoặc thông báo xây dựng từ Phú Gia để chứng minh dự án đưa đất vào sử dụng đúng hạn. Bên cạnh đó, mặc dù hạn đưa vào sử dụng là 12/2024, nhưng đến giữa 2025, Phú Gia mới có QĐ điều chỉnh QH1/500, tháng 10/2025 báo cáo thẩm định NCKT và tháng 12/2025 mới có thông báo miễn xây dựng. => Khi cơ quan chức năng Thanh tra, CĐT cần giải trình lý do, vì vậy đề xuất làm rõ với đối tác về vấn đề này - Về nghĩa vụ tài chính, qua rà soát, P.PLDA cho rằng dự án không thuộc trường hợp phải đóng thêm tiền sử dụng đất, tuy nhiên phải thực hiện đóng tiền t --- [] P.ĐT cập nhật Sếp Admin 01 đánh giá pháp lý sơ bộ dự án Cát Lái từ P.PLDA Các vấn đề cần lưu ý như sau: - Do quá trình chuyển nhượng lô H2-02 từ Invesco sang Phú Gia khi chưa hoàn thành đầu"
BDS-CURATED-0364,KDC Đại Nam,recover_project,no,,1,2024-10-02,2024-10-02,"[2024-10-02] Thao L - INVT 10/2/2024 3:47 PM Edited Translate K.ĐT báo cáo anh Mr Mike1 -CEO về thị trường dự án KDC Đại Nam như sau: I. THÔNG TIN DỰ ÁN: - Vị trí dự án : Mặt tiền QL13, Chơn Thành, Bình Phước - Chủ đầu tư : Đại Nam - Quy mô : 96,7ha - 2.459 lô - Loại hình : Phân lô bán nền - Năm mở bán : 2018 – block A - Pháp lý : Đã có GCNQSDĐ từng lô - Hiện trạng : Hạ tầng kỹ thuật đã hoàn thiện 90% Hạ tầng xã hội chưa hoàn thiện II. THÔNG TIN THỊ TRƯỜNG: - Hiện trạng: + Giao dịch trên thị trường rất chậm và ít, chủ yếu là do nhà đầu tư cá nhân phải bán tháo, cắt lỗ với mức giá thấp để thu hồi vốn. + Hiện rất ít dân cư. + Đơn giá đất tại dự án giảm khoảng 20% - 30% so với năm 2022. - Đơn giá đất tại dự án: + Q3.2024 : 7 - 9tr/m2 (tùy thuộc vào vị trí) + Q2.2022 : 10 - 11tr/m2 (tùy thuộc vào vị trí) => Giảm 20% - 30% 2024.10.02 KDC Đại Nam.pdf Vào phòng họp em mở màn hình lớn nhé. giờ l... by Unknown User"
BDS-CURATED-0115,có tỷ lệ LNTT/TMDT đạt hiệu quả nhưng không đạt hiệu quả về chỉ tiêu IRR,needs_name_or_parent_review,no,chat_sentence_name; needs_parent_name_extraction,1,2024-12-16,2024-12-16,"[2024-12-16] Huy M - IM 12/16/2024 5:49 PM Translate 8) Hiệu quả tài chính: • Lợi nhuận trước thuế/TMĐT: 24.1% • NPV chủ đầu tư: (20,637) • IRR chủ đầu tư: 11.68% 9) Kết luận: Dự án có tỷ lệ LNTT/TMDT đạt hiệu quả nhưng không đạt hiệu quả về chỉ tiêu IRR, NPV 10) Đề xuất: • Thị trường huyện Vĩnh Tường và Yên Lạc chưa phù hợp với việc phát triển trung tâm thương mại dịch vụ vì nhu cầu thị trường thấp, tính thanh khoản kém. Để dự án đạt hiệu quả hơn, K.ĐT đề xuất chuyển toàn bộ (hoặc đa phần) đất TMDV sang đất ở để tạo tính thanh khoản cao và phù hợp nhu cầu thị trường thực tế. Link vị trí: https://goo.gl/maps/eqfdgJBc7XT7VhAW8 Link hồ sơ: 50ha Vĩnh Phúc - OneDrive (sharepoint.com) Google Maps Tìm kiếm các doanh nghiệp địa phương, xem bản đồ và tìm chỉ đường trên Google Maps. goo.gl Image Vị trí dự án 50ha và vị trí dự án ... by Huy M - IM"
BDS-CURATED-0249,nghỉ dưỡng nghìn tỷ bà Trương Mỹ Lan từng thâu tóm Ngân hàng TMCP Công Thương Việt Nam - Chi nhánh Thủ Thiêm (,needs_name_or_parent_review,no,bad_name_length; needs_parent_name_extraction,2,2024-06-02,2024-06-02,[2024-06-02] Tuan Tran-CEO 6/2/2024 9:25 AM https://m.cafebiz.vn/ngan-hang-rao-ban-du-an-nghi-duong-nghin-ty-ba-truong-my-lan-tung-thau-tom-176240601115633272.chn?fbclid=IwZXh0bgNhZW0CMTEAAR0gCq068odDwfaVarWXMrVzKJsb5N8mA7iQBstez2vOEGsFuEzu6c2XlSg_aem_AcxQFSkDhP9A9hf7e1nWIyBRpzUs6iL9wF0qP3p0ABLJ4FzSDldhLOZLzi9adCYt-RhJ7elval4J1vy0KIB-0uoU Ngân hàng rao bán dự án nghỉ dưỡng nghìn tỷ bà Trương Mỹ Lan từng thâu tóm Ngân hàng TMCP Công Thương Việt Nam - Chi nhánh Thủ Thiêm (VietinBank Thủ Thiêm) vừa thông tin về việc tìm đơn vị bán đấu giá khoản nợ của Công ty Cổ phần Greenhill Village - doanh nghiệp thực hiệ... m.cafebiz.vn Dự án này trước họ rao 900ty đúng ko mng. L... by Unknown User --- [2024-06-02] Tuan Tran-CEO 6/2/2024 9:25 AM https://m.cafebiz.vn/ngan-hang-rao-ban-du-an-nghi-duong-nghin-ty-ba-truong-my-lan-tung-thau-tom-176240601115633272.chn?fbclid=IwZXh0bgNhZW0CMTEAAR0gCq068odDwfaVarWXMrVzKJsb5N8mA7iQBstez2vOEGsFuEzu6c2XlSg_aem_AcxQFSkDhP9A9hf7e1nWIyBRpzUs6iL9wF0qP3p0ABLJ4FzSDldhLOZLzi9adCYt-RhJ7elval4J1vy0KIB-0uoU Ngân hàng rao bán dự án nghỉ dưỡng nghìn tỷ bà Trương Mỹ Lan từng thâu tóm Ngân hàng TMCP Công Thương Việt Nam - Chi nhánh Thủ Thiêm (VietinBank Thủ Thiêm) vừa thông tin về việc tìm đơn vị bán đấu giá khoản nợ của Công ty Cổ phần Greenhill Village - doanh ng
BDS-CURATED-0136,này,needs_name_or_parent_review,no,chat_sentence_name; needs_parent_name_extraction,1,,,"[] Phòng đầu tư xin báo cáo lại sếp Admin 01 về lô mặt tiền Quốc Lộ 13, Hiệp Bình Phước, TP Thủ Đức. 1. Vị trí dự án: https://maps.app.goo.gl/oHEYY6H9GGykdD9C6 2. Thông tin lô đất (nguồn anh Hùng): a. Diện tích: 42x100m (4.214m2) b. MĐSDĐ: Đất sản xuất phi nông nghiệp, thời hạn sử dung đất lâu dài c. Giá: 350 tỷ 3. Quy hoạch 1/2000: lô đất được quy hoạch hỗn hợp nhóm ở & DV là 2.900 m2 và đất cây xanh công viên1.300m2. => Lô đất có đất cây xanh công viên chiếm 31% khu đất, do đó phần đất ở phù hợp còn lại tương đối nhỏ. Lô đất đang được chào với giá 350 tỷ (tương đương 120Tr.vnđ/m2 đất quy hoạch hỗn hợp nhóm ở & DV). Phòng đầu tư đề xuất không nghiên cứu sâu dự án này"
BDS-CURATED-0138,này Ok by Admin 01,needs_name_or_parent_review,no,chat_sentence_name; needs_parent_name_extraction,1,,,"[] Phòng đầu tư xin báo cáo sếp Admin 01 về lô mặt tiền Quốc Lộ 13, Hiệp Bình Phước, TP Thủ Đức. 1. Vị trí dự án: https://maps.app.goo.gl/oHEYY6H9GGykdD9C6 2. Thông tin lô đất (nguồn anh Hùng): a. Diện tích: 42x100m (4.214m2) b. MĐSDĐ: Đất sản xuất phi nông nghiệp, thời hạn sử dung đất lâu dài c. Giá: 350 tỷ 3. Quy hoạch 1/2000: lô đất được quy hoạch hỗn hợp nhóm ở & DV là 2.900 m2 và đất cây xanh công viên1.300m2. => Lô đất có đất cây xanh công viên chiếm 31% khu đất, do đó phần đất ở phù hợp còn lại tương đối nhỏ. Lô đất đang được chào với giá 350 tỷ (tương đương 120Tr.vnđ/m2 đất quy hoạch hỗn hợp nhóm ở & DV). Phòng đầu tư đề xuất không nghiên cứu sâu dự án này Ok by Admin 01"
BDS-CURATED-0388,tại 02 Tây Thạnh,needs_name_or_parent_review,no,chat_sentence_name; needs_parent_name_extraction,3,,,"[] P.ĐT xin báo cáo Sếp Admin 01 về cập nhật thêm thông tin khu đất tại 02 Tây Thạnh, Tân Phú như sau: Diện tích đất : 11.221,7 m², đất ở lâu dài, mục đích sử dụng là đất sản xuất kinh doanh. Vị trí: Mặt tiền đường Tây Thạnh (dài khoảng 65m, lòng đường 16m, vỉa hè mỗi bên 8m). Nằm trong bán kính TOD metro số 2 (chưa xác định chính xác có thuộc ranh đền bù của dự án TOD). Cập nhật sang tên cá nhân ông Phạm Công Danh từ ngày 13/06/2006. Hiện Sacombank đang rao đấu giá xử lý nợ. Lịch sử các lần đưa ra đấu giá không thành: Cuối 2023 - Giữa 2024: Mức giá 508,56 tỷ đồng. Tháng 09/2024: Hạ xuống 483,13 tỷ đồng (giảm hơn 25 tỷ) Nửa đầu năm 2025 đến 2026: Đại hạ giá xuống mức 410 tỷ đồng (đơn giá đất khoảng 36,5 triệu/m²). Các rủi ro tiềm ẩn và hiện hữu đối với khu đất : Bẫy thuế TNCN và thủ tục hành chính: Quy chế đấu giá của Sacombank đẩy toàn bộ nghĩa vụ thuế chuyển nhượng (2% trên giá trị trúng đấu giá) sang cho người mua. Hồ sơ thuế yêu cầu chữ ký chính chủ, trong khi ông Phạm Công Danh đang thụ án tù, tạo ra điểm nghẽn hành chính giữa các cơ quan tư pháp => Khó có đất sạch sau khi bỏ tiền ra mua đất giá. Tranh chấp quyền sử dụng mặt bằng: Khu đất do Chi nhánh Công ty TNHH Tập đoàn Thái T --- [] P.ĐT xin báo cáo Sếp Admin 01 về cập nhật thêm thông tin khu đất tại 02 Tây Thạnh, Tân Phú như sau: Diện tích đất : 11.221,7 m², đất ở lâu dài, mục đích sử dụng là đất sản xuất kinh doanh. "
BDS-CURATED-0374,đã có sổ riêng từng nền,needs_name_or_parent_review,no,needs_parent_name_extraction,1,,,"[] Phòng Đầu tư và R&D gửi anh Tuan Tran-CEO đề xuất đầu tư khu vực giữa Quận 9 và Nhơn Trạch như sau: 1/ Cơ sở đề xuất: 1.1/ Phát triển cơ sở hạ tầng a/ Quận 9: Tuyến Metro số 1 (dự kiến hoàn thành cuối năm 2023 và đi vào hoạt động năm 2024) Tuyến Vành đai 2 sẽ được tháo gỡ khó khăn để tái khởi động trong thời gian tới Tuyến đường Vành đai 3 (đã bàn giao gần 92% mặt bằng để thực hiện dự án, dự kiến thông xe vào cuối năm 2025) Mở rộng tuyến đường cao tốc Long Thành – Dầu Giây (đoạn từ nút giao An Phú đến cao tốc Biên Hòa – Vũng Tàu, dự kiến hoàn thành năm 2026) Tuyến đường Song Hành cao tốc Long Thành – Dầu Giây (đoạn từ nút giao An Phú – Tam Đa), b/ Huyện Nhơn Trạch: Cầu Nhơn Trạch (đang trong quá trình xây dựng, 2022-2026) Tuyến đường Vành đai 3 (đang trong quá trình GPMB và đền bù giải tỏa) Tuyến đường 25C (kết nối sân bay Long Thành và Vành đai 3) Cao tốc Bến Lức – Long Thành (2014-2025) 1.2/ Pháp lý: Ưu tiên theo thứ tự Những dự án đã có sổ riêng từng nền, xây dựng tự do Nhưng dự án đã xong pháp lý đất, mua theo hợp đồng mua bán, sẽ ra sổ sau khi đã hoàn thành công trình xây dựng trên đất 1.3/ Giá bán thấp (hợp lý) ở khu vực 1.4/ Hiện trạng hạ tầng, quy hoạch của dự án bài bản 2/"
BDS-CURATED-0164,Khu Đô Thị Văn Giang (Red River Villa) tại Hưng Yên,recover_project,no,,1,,,"[] P.ĐT gửi CEO Mr Mike1 -CEO tóm tắt Báo cáo pháp lý 26/05/2025 của Phòng Pháp lý đánh giá dự án Khu Đô Thị Văn Giang (Red River Villa) tại Hưng Yên, do liên danh Công ty CP VERACITY và Công ty TNHH HSE Việt Nam đề xuất: Thông tin dự án: Khu đô thị 446,9 ha tại Văn Giang, Hưng Yên Hinh thức: Đấu thầu dự án có sử dụng đất Tình trạng: Đang ở giai đoạn đề xuất từ 16/05/2022, chưa có tiến triển pháp lý rõ ràng. Mục tiêu là khu nhà ở, thương mại, du lịch sinh thái và nông nghiệp sạch. Đầu tư: Tổng vốn 86.369 tỷ đồng (20,84% vốn góp NĐT), thời hạn 50 năm, thực hiện trong 72 tháng. Hiện trạng đất: Chủ yếu là đất nông nghiệp, chưa có hạ tầng, không dân cư. Vấn đề quy hoạch: Khu vực dự án thuộc ""Đất đô thị hóa đến năm 2050"" theo Quy hoạch chung đô thị Văn Giang (QĐ 86/QĐ-TTG)1. Chưa có Quy hoạch phân khu (QHPK) 1/2.000 được phê duyệt. Bản vẽ 1/2.000 do nhà đầu tư đề xuất chưa khớp với Quy hoạch chung và thiếu chi tiết. Cơ sở pháp lý cho sự phù hợp quy hoạch tại thời điểm đề xuất là chưa đủ. Đề xuất báo cáo: Thủ tướng Chính phủ có thẩm quyền phê duyệt chủ trương đầu tư. Cần cập nhật hồ sơ (từ 2022) và điều chỉnh quy hoạch 1/2.000 cho phù hợp. Cần làm rõ quy mô các hạng mục dự án, đặc biệt là đ"
BDS-CURATED-0412,Swanbay 456ha hiện Dic đã chuyển,needs_name_or_parent_review,no,needs_parent_name_extraction,1,2023-06-03,2023-06-03,"[2023-06-03] Huy M - IM 6/3/2023 11:32 AM Trước đây team cũng có giá thị trường của 2 khu vào Q.3/2022 nên sẽ cập nhật thêm giá hiện tại để có so sánh giá Giờ thấy chủ đầu tư rao cắt lỗ hạ giá tùm lum hết mà, sao lại khó kiếm thông tin vậy hã Bên dự án Swanbay 456ha hiện Dic đã chuyển ... by Huy M - IM"
BDS-CURATED-0170,do mình có điều chỉnh qh 1/500,needs_name_or_parent_review,no,needs_parent_name_extraction,1,2023-09-25,2023-09-25,"[2023-09-25] Binh Vo-GD-PTDT 9/25/2023 9:57 AM Với phương án của mình trước là làm phân khúc trung cao cho notm, giá cũng trên 50 tr/m2 và thời điểm ra hàng cho notm a nghĩ cũng nên vào năm 2025, cũng sẽ phù hợp vs tiến độ thực hiện pháp lý hiện trạng của dự án do mình có điều chỉnh qh 1/500, rồi tính tssđ lại... Ok a by Unknown User"
BDS-CURATED-0384,hiện tại là 28,needs_name_or_parent_review,no,needs_parent_name_extraction,2,2025-10-13,2025-10-13,"[2025-10-13] Thao L - INVT 10/13/2025 1:25 PM Translate Đơn giá vốn của dự án hiện tại là 28,7 triệu đồng/m² (giá sàn), chưa bao gồm chi phí bán hàng (CPBH). Trường hợp phát sinh thêm CPBH, khoản chi này sẽ được cộng trực tiếp vào giá vốn để xác định mức giá hòa vốn. Theo đề xuất hiện nay của Phòng Kinh doanh, tổng CPBH dự kiến là 215 tỷ đồng (chưa bao gồm VAT). Với giả định này, giá bán hòa vốn của dự án được xác định ở mức khoảng 36 triệu đồng/m². Làm việc kỹ với a Cường sales đi, coi chính... by Unknown User --- [2025-10-13] Thao L - INVT 10/13/2025 1:25 PM Translate Đơn giá vốn của dự án hiện tại là 28,7 triệu đồng/m² (giá sàn), chưa bao gồm chi phí bán hàng (CPBH). Trường hợp phát sinh thêm CPBH, khoản chi này sẽ được cộng trực tiếp vào giá vốn để xác định mức giá hòa vốn. Theo đề xuất hiện nay của Phòng Kinh doanh, tổng CPBH dự kiến là 215 tỷ đồng (chưa bao gồm VAT). Với giả định này, giá bán hòa vốn của dự án"
BDS-CURATED-0416,khác Team cũng có đánh giá lại theo giá thị trường,needs_name_or_parent_review,no,needs_parent_name_extraction,1,2025-04-18,2025-04-18,"[2025-04-18] Unknown User 4/18/2025 6:56 PM 🎙Audio message Đúng rồi à. Cái Long Tân này bên Team có đánh giá lại theo giá mới, không phải lấy theo giá sổ sách à. Nếu CLN thì giá tầm 6 7 tr còn đất lúa thì 2 3 nếu trung bình 50 50% thì giá trung bình là tầm 4. Cũng do là chưa biết cơ cấu bao nhiêu nên tạm lấy giá đấy lúa 2 3 triệu nên giá định giá đang là 4200 tỷ à. Ngoài ra còn có các dự án khác Team cũng có đánh giá lại theo giá thị trường"
BDS-CURATED-0118,không đạt hiệu quả tài,needs_name_or_parent_review,no,needs_parent_name_extraction,1,2022-12-14,2022-12-14,"[2022-12-14] Thao L - INVT 12/14/2022 11:08 AM Giá bán đề xuất: - Giá bán đất hiện tại (2022) dựa vào thị trường xung quanh dự án: trung bình 11,5tr/m2, tỷ lệ tăng giá mỗi năm 10%. - Giá bán năm 2025-2026: Loại hình Diện tích đất (m2) Diên tích sàn (m2) Đơn giá bán đất (tr/m2) có VAT Đơn gián bán sàn (tr/m2) có VAT Đất nhà phố liền kề 47.412,3 - 14,6 - Đất ở shophouse 6.912,0 - 17,5 - Đất ở shophouse (bán nhà) 2.160,0 5.184,0 17,5 7,8 Đất ở biệt thự song lập 5.008,0 - 12,4 - Đất TMDV 7.628,0 12.204,8 8,0 7,1 Đất công trình công cộng 2.508,9 3.261,6 6,6 7,1 Thông số: - Tổng mức đầu tư là 750 tỷ đồng (chưa VAT) bao gồm tiền CMĐSDĐ tạm tính 100 tỷ đồng. - Tổng doanh thu là 1.037 tỷ đồng (chưa VAT). - Tổng lợi nhuận trước thuế là 194 tỷ đồng. Kết luận: - Dự án không đạt hiệu quả tài ... by Thao L - INVT"
BDS-CURATED-0263,trên có diện tích,needs_name_or_parent_review,no,needs_parent_name_extraction,1,2025-08-13,2025-08-13,"[2025-08-13] Mr Mike1 -CEO 8/13/2025 11:13 AM Translate Thêm 1 bạn bên PDT tính lại theo góc nhìn cá nhân đi Theo quyết định, khu đất trên có diện tích ... by Unknown User"
BDS-CURATED-0270,đấu thầu 386ha - Nhơn Trạch,needs_name_or_parent_review,no,needs_parent_name_extraction,1,2025-07-15,2025-07-15,[] Phòng xin gửi đính kèm vị trí vào số liệu chi tiết tổng mức đầu tư của từng phân khu. Trân trọng. Bản đồ không có tiêu đề - Google My Maps (IN) 2025.07.15 Cụm DA đấu thầu 386ha - Nhơn Trạch.pdf Bản đồ không có tiêu đề www.google.com
BDS-CURATED-0186,CCN Giao Yến cũng đang ở bước đầu xin dự án,recover_project,no,,1,2023-04-26,2023-04-26,"[2023-04-26] Huy M - IM 4/26/2023 6:11 PM Edited Việc lựa chọn Đầu tư Cụm công nghiệp Giao Yến - Nam Định dựa trên: - Hưởng lợi từ việc đẩy mạnh phát triển hạ tầng giao thông tương lai của Nam Định - Hưởng lợi từ KCN VSIP khi triển khai sẽ tạo thị trường đẩy giá cho KCN khu vực. Dự án CCN Giao Yến cũng đang ở bước đầu xin dự án, sẽ phải thực hiện bồi thường giải phóng mặt bằng, triền khai các công tác pháp lý, xây dựng hạ tầng khu công nghiệp. Tiến độ sẽ thực hiện đồng bộ để đón điểm rơi theo việc hoàn thành các hạ tầng trọng yếu (đường ven biến, đường Nam Định Lạc Quần, đường Cao tốc) và khu Công nghiệp VSIP. image by Huy M - IM"
BDS-CURATED-0353,Fenica,needs_name_or_parent_review,no,needs_parent_name_extraction,1,,,"[] Thao L - INVT 3/18 1:12 PM Edited Translate K.ĐT báo cáo anh Admin 01 về cập nhật dự án Fenica như sau: 1. LÃI VAY XÂY DỰNG DỰ ÁN & SUẤT ĐẦU TƯ a. Lãi vay XD: 7% b. SĐT: 675 tỷ Tính từ mức 646 tỷ (đã bao gồm các điều chỉnh trước đó từ 633 tỷ và tăng các chi phí quản lý dự án và nâng cấp hoàn thiện: cửa gỗ An Cường, khóa từ Hafele, tủ bếp An Cường, chậu và vòi rửa Hafele), chi phí tiếp tục tăng do: Điều chỉnh tỷ lệ dự phòng từ 7% lên 12%, tương ứng +29 tỷ. ⇒ Mức tăng chi phí thực khoảng 11 tỷ so với phương án trước , sau khi bù trừ với việc: Không phát sinh thêm chi phí thiết kế mặt ngoài (façade), sảnh Không tăng chi phí TBVS c. So sánh: 2. SHOPHOUSE - PRD đề xuất giá bán tim tường chưa VAT: 57.57tr/m2 - P.ĐT tạm tính giá bán tim tường chưa VAT: 52.5tr/m2 – phương án thận trọng 3. CHI PHÍ BÁN HÀNG a. Cập nhật lại chi phí hỗ trợ lãi vay: 3.45% => CPBH: 15.6%, chi tiết như sau: Lùi tiến độ bàn giao đến Q1.2028 Thời gian hỗ trợ: 21 tháng Giá trị hỗ trợ: 40% giá trị căn hộ Lãi suất: 12% Ghi chú: Hỗ trợ đến khi KH nhận nhà (21 tháng) nhưng không bao gồm phần thanh toán 25% khi nhận nhà => giảm khoảng: 5.8 tỷ b. So sánh: 4. HIỆU QUẢ DỰ ÁN a. LNTT/TMĐT: 6.6%, với các thay đổi chủ yếu như"
BDS-CURATED-0382,"SADACO - Phú Mỹ""",recover_project,no,,1,2025-03-27,2025-03-27,"[2025-03-27] Sinh Nguyen-Dau Tu 3/27/2025 8:41 AM Translate KĐT gửi anh Mr Mike1 -CEO về ""Nhận định tiềm năng phát triển của TP. Phú Mỹ, tỉnh Bà Rịa - Vũng Tàu và đánh giá dự án SADACO - Phú Mỹ"" như sau: 1/ Vị trí dự án SADACO: Tọa lạc mặt tiền đường Tô Nguyệt Đình, phường Mỹ Xuân, TP. Phú Mỹ, tỉnh Bà Rịa - Vũng Tàu Dự án giáp ranh tỉnh Bà Rịa Vũng Tàu và tỉnh Đồng Nai Cách UBND TP. Phú Mỹ khoảng 12km Cách sân bay Quốc tế Long Thành khoảng 20km Cách cảng Cái Mép - Thị Vải khoảng 15km 2/ Nhận định về tiềm năng phát triển của TP. Phú Mỹ, tỉnh Bà Rịa - Vũng Tàu 2.1/ Hạ tầng giao thông: 2.2/ So sánh bất động sản KCN Miền Nam 2.3/ So sánh Cảng Cái Mép - Thị Vải và Cảng Hải Phòng: 3/ Đánh giá dự án SADACO: Dự án nằm ở vị trí thuận lợi, có nhiều tiềm năng phát triển trong tương lai 4/ Nhận định và đề xuất: 4.1/ Nhận định: Khu vực có tiềm năng phát triển vượt bậc trong tương lai nhờ kế hoạch sáp nhập vào TP.HCM và đầu tư mạnh vào hạ tầng giao thông. Mặc dù sở hữu nhiều lợi thế, Phú Mỹ vẫn chưa có sự bứt phá rõ rệt do hạ tầng giao thông chưa hoàn chỉnh, thiếu chính sách phát triển đô thị rõ ràng, dẫn đến hạn chế trong thu hút đầu tư và dân cư. Trong thời gian tới, việc sáp nhập vào TP.HCM sẽ là cú hích"
BDS-CURATED-0121,trong thời gian khai thác kinh doanh,needs_name_or_parent_review,no,chat_sentence_name; needs_parent_name_extraction,1,2022-12-27,2022-12-27,"[2022-12-27] Trieu Nguyen-PTDT 12/27/2022 3:31 PM KĐT gửi anh Tuan Tran-CEO báo cáo dự phòng P&L 5 năm từ 2023 - 2027 cho Khách sạn Regalia Gold 4 sao tại Nha Trang, cụ thể: 1/ Vị trí và hiện trạng: Khách sạn nằm tại đường Nguyễn Thị Minh Khai, P. Tân Lập, Nha Trang, cách bãi biển khoảng 400m Công trình khách sạn 4 sao cao 40 tầng, có 850 phòng 2/ Pháp lý đất: Thông tin được cung cấp: công trình xây dựng trên khu đất có quy mô 2584m2, trong đó 1704m2 đất ODT có thời hạn sử dụng lâu dài và 884m2 đất thuê trả tiền hàng năm nằm trong khu vực quy hoạch giao thông. 3/ Thông tin thị trường: Các khách sạn 4 sao nằm cùng vị trí (không ven biển) có giá thuê dao động từ $40 - 54/đêm/phòng, có quy mô từ 100 - 300 phòng Theo thống kê, tỷ lệ khách du lịch nội địa năm 2022 tăng 18% so với năm 2019 là 1 phần kết quả sau 2 năm 2020 và 2021 người dân không được di du lịch. Tuy nhiên, lượng khách du lịch quốc tế không đạt như kỳ vòng, chỉ được 3.5 triệu du khách so với mục tiêu đề ra là 5 triệu du khách, thấp hơn nhiều các nước lân cận điển hình là Thái Lan đạt 10 triệu du khách Quốc tế mặc dù mở cửa chậm hơn 2 tháng. Năm 2023, dự báo lượng khách du lịch nội địa sẽ không tăng trưởng nhiều so với năm 2022, thị tr"
BDS-CURATED-0265,Đà Nẵng,needs_name_or_parent_review,no,needs_parent_name_extraction,1,2022-09-12,2022-09-12,"[2022-09-12] Huy M - IM 9/12/2022 10:38 AM Liên quan đến công tác xây dựng chiến lược cho cụm dự án Đà Nẵng, để tổng hợp thông tin các dự án của BeeGroup tại Đà Nẵng chuẩn bị cho công tác xây dựng chiến lược, K.ĐT đã phối hợp với Ms Ngọc để lên list tổng hợp (hiện trạng có 12 dự án), tuy nhiên các thông tin, hồ sơ dự án….chi tiết vẫn chưa đầy đủ. K.ĐT báo cáo CEO - Tuan Tran-CEO xét duyệt đồng ý để K.ĐT phối hợp với các phòng ban liên quan để tổng hợp các hồ sơ còn thiếu của các dự án và triển khai các công tác tiếp theo. Message by Huy M - IM, has an attachment."
BDS-CURATED-0405,Diamond Island Q,recover_project,no,,2,2023-06-22,2023-06-22,"[2023-06-22] Unknown User 6/22/2023 2:57 PM K.ĐT gửi anh Tuan Tran-CEO chi tiết vị trí, giá bán của dự án Diamond Island Q.9 theo hình ảnh bên dưới: 📷 Giá này là giá thị trường đang rao bán hã, thấy ko hợp lý. Ví dụ: + Lô C 3 và A2 3 ( 64.8m vs 66.8m, 54tr vs 59.9tr): đối diện nhau, cùng 1 đường mà giá chênh nhau 10% + Lô E 1 và E 2: cùng 1 đường mà giá 54.3 vs 64.8 + Lô E 4: đường bé mà giá 58.3 cao hơn cả E1 đường lớn Begin quote, Tuan Tran-CEO, 6/23/2023 10:09... by Unknown User --- [2023-06-22] Unknown User 6/22/2023 10:42 AM Cho cụ thể, ví dụ lô E thì vị trí nào 47.5tr và vị trí nào 64.8tr 📄 Screen Shot 2023-06-22 at 10.41.17.png K.ĐT gửi anh Tuan Tran-CEO chi tiết vị trí, giá bán của dự án Diamond Island Q.9 theo hình ảnh bên dưới:"
BDS-CURATED-0408,NOXH của Công ty Ba Huân,needs_name_or_parent_review,no,needs_parent_name_extraction,1,,,"[] P.ĐT báo cáo Sếp Mr Mike1 -CEO về 2 dự án NOXH của Công ty Ba Huân như sau: Đối với dự án NOXH xã Tân Nhựt, Bình Chánh Vị trí: Đường Thế Lữ, xã Tân Nhựt, Bình Chánh, HCM Map: https://www.google.com/maps/d/edit?mid=1p-2wMqsZAnTQXubtXx7Lse6Sq-8rC64&usp=sharing"
BDS-CURATED-0193,Regalia Gold 4 sao tại Nha Trang,needs_name_or_parent_review,no,needs_parent_name_extraction,1,2022-12-27,2022-12-27,"[2022-12-27] Unknown User 12/27/2022 3:31 PM KĐT gửi anh Tuan Tran-CEO báo cáo dự phòng P&L 5 năm từ 2023 - 2027 cho Khách sạn Regalia Gold 4 sao tại Nha Trang, cụ thể: 1/ Vị trí và hiện trạng: Khách sạn nằm tại đường Nguyễn Thị Minh Khai, P. Tân Lập, Nha Trang, cách bãi biển khoảng 400mCông trình khách sạn 4 sao cao 40 tầng, có 850 ph… 1 Heart reaction. Em gửi chị Ngoc Vo-TL-TGD 2 bản báo cáo... by Unknown User, has attachments."
BDS-CURATED-0480,không với những hạn chế ở trên,recover_project,no,,1,,,[] Phòng Đầu tư xin ý kiến chỉ đạo của Sếp về việc có tính FS dự án không với những hạn chế ở trên. Trân trọng. Bản đồ CC HaiSon - Huỳnh Văn Nghệ - Bửu Long - Đồng Nai www.google.com Thôi by Admin 01
BDS-CURATED-0420,mở bán mới/dự kiến ở thị trường HCM,needs_name_or_parent_review,no,needs_parent_name_extraction,1,2024-12-07,2024-12-07,"[2024-12-07] Mr Mike1 -CEO 12/7/2024 1:27 PM Translate Hội nghị BĐS Việt Nam “VRES 2024” qua các con số - 58% là giá chung cư Hà nội tăng trong năm 2024, trong khi đó thị trường HCM chỉ ở mức tăng khiêm tốn là 17%. - 31.3 là số năm kiếm tiền mà thế hệ 7X có thể mua được nhà, với 8X là 22.7 năm và 9X là 25.8 năm, thế hệ trẻ nào cũng khó mua nhà không chỉ mỗi GenZ. - 61tr/m2 là giá trung bình thị trường chung cư HN, sau 10 năm thì giá HN đã vượt hơn thị trường HCM 20%. - 111tr/m2 là trung bình cộng các dự án mở bán mới/dự kiến ở thị trường HCM, trong đó thấp nhất là Mizuki với giá 55tr/m2 và cao nhất đang là Opusk Thủ Thiêm với giá 290tr/m2. - 7.5 lần là số lượng quan tâm tăng trưởng của người HCM gia tăng tìm kiếm khi thấy thị trường HN sốt nóng trong cả năm 2024. - 67% nguồn cung sơ cấp và thứ cấp chung cư ở thị trường HN đang được cao cấp hóa với mức giá >55tr/m2, dự báo trong năm 2025 Hà Nội sẽ biến mất phân khúc sơ cấp với mức giá 50tr/m2. - 66% trong số khảo sát các nhà đầu tư HN có quan tâm đến thị trường Hồ Chí Minh vào quý 4, mức độ dịch chuyển dòng vốn diễn ra rất mạnh mẽ với thị trường HN khi giá chung cư đạt đỉnh vào tháng 8/2024. - 75% số lượng người trẻ được hỏi lựa chọn chung cư là"
BDS-CURATED-0371,nữa Tính ra thì đúng là như vậy,needs_name_or_parent_review,no,needs_parent_name_extraction,1,2025-01-20,2025-01-20,"[2025-01-20] Unknown User 1/20/2025 11:58 AM Tính ra đi mua ở đây là còn rẻ hơn tự đi làm dự án nữa Tính ra thì đúng là như vậy. Tuy nhiên khu vực Chơn Thành Bình Phước thị trường còn yếu, nhiều dự án bán chủ yếu đầu cơ, không có dân về ở. Khu KCN Becamex hơn 2000ha cũng chỉ mới lắp đầy hơn 10%. Chưa kể kcn cũng sẽ có quy hoạch khu nhà ở cho người lao động… nên các khu này nếu mua thì phải đợi rất lâu. Team cũng đang đánh giá khu đất Đường Nguyên Văn Linh, đang chờ anh Tài gửi Quy Hoạch mới nhất để rà soát và báo CEO à Thì vậy mới là đầu cơ anh. Đợi thị trường r... by Unknown User"
BDS-CURATED-0466,tiêu biểu và đang book lịch đi khảo sát thực tế thị trường về giá bán,needs_name_or_parent_review,no,needs_parent_name_extraction,1,,,"[] Dạ hiện P.ĐT và P.RD đã chốt các dự án tiêu biểu và đang book lịch đi khảo sát thực tế thị trường về giá bán, tỷ lệ lắp đầy, dịch vụ, tiện ích và phối kết hợp với phòng QH và QS để rà soát lại tỷ lệ thương phẩm, khối lượng và chi phí xây dựng ạ Check thêm về phía Long AN, bình dương nữa by Admin 01"
BDS-CURATED-0430,định giá Link vị trí,needs_name_or_parent_review,no,needs_parent_name_extraction,1,,,[] Phòng xin gửi đính kèm vị trí 6 khu đất định giá Link vị trí:https://www.google.com/maps/d/edit?mid=1Yy94Bk_zJc1qdBIr51K9nl1FJ6GMm1g&usp=sharing Các khu đất định giá 2025.07.15_BAO CAO DINH GIA TAI SAN fn.pdf 2025.07.15_BAO CAO DINH GIA TAI SAN fn 1.pdf Các khu đất định giá www.google.com
BDS-CURATED-0392,600 tỷ,needs_name_or_parent_review,no,needs_parent_name_extraction,1,,,"[] Dạ trong bài tính gần nhất mình đang tính là: - Tiền mua dự án 600 tỷ, - Tiền sử dụng theo hệ số K mà đối tác báo: 120 tỷ => Tổng tiền liên quan đến đất là 720 tỷ Vậy lần này số liệu 690 tỷ này đã bao gồm luôn tiền sử dụng đất hệ số K luôn chưa ạ Begin quote, Hanh T - INVT, 5/28/2026 4:52 ... by Huy M - IM"
BDS-CURATED-0379,Fenica (16%),needs_name_or_parent_review,no,needs_parent_name_extraction,1,2026-05-27,2026-05-27,"[2026-05-27] Admin 01 5/27/2026 4:34 PM Chi phí bán hàng ngoài đảo này tốn hơn nha Về chi phí bán hàng: -Tỷ lệ chi phí bán hàng của khối cao tầng đang dự kiến ở mức 17%, cao hơn so với dự án Fenica (16%). Đồng thời, mức chi phí này hiện chưa bao gồm chi phí nhà mẫu. -Ngoài ra, trong cơ cấu chi phí bán hàng có nhiều khoản mang tính chất cố định (fixed cost) nhưng hiện vẫn đang được phân bổ theo tỷ lệ doanh thu, như: chi phí setup sàn bán hàng, chi phí nhân sự quản lý, chi phí tổ chức sự kiện/bán hàng, sa bàn,… Các khoản chi phí này thực tế không chênh lệch quá lớn giữa dự án quy mô 1,500–2,000 căn của Bà Kèo và dự án Fenica chỉ khoảng 579 căn -Chi tiết tổng chi phí bán hàng (chưa VAT) của từng phương án hiện cũng rất cao như sau: +PA10: 1,362 tỷ + PA11: 1,513 tỷ + PA12: 1,590 tỷ => Do đó, nhìn chung chi phí bán hàng đã được dự trù ở mức tương đối và theo hướng thận trọng ạ Begin quote, Admin 01, 5/27/2026 4:35 PM, V... by Thao L - INVT"
BDS-CURATED-0163,KDC,recover_project,no,,1,2022-08-22,2022-08-22,"[2022-08-22] Thao L - INVT 8/22/2022 6:58 PM 7) Giá bán các sản phẩm: Cơ sở đề xuất giá đất ở: Xung quanh khu vực không có các dự án KDC, KĐT tương tự, vì thế K.ĐT đề xuất giá dựa vào giá đất dân hiện hữu như sau: Đường 10m: 25-35tr/m2 đối với diên tích đất trung bình từ 150-200m2 *Giá hiện tại: Nhà ở liền kề: 25tr/m2 đất, 9tr/m2 sàn Nhà ở kết hợp thương mại: 30tr/m2 đất, 9tr/m2 sàn Nhà ở biệt thự: 21.25tr/m2 đất, 10.6tr/m2 sàn Nhà ở XH: 11.26tr/m2 sàn TMDV: 13.2tr/m2 đất Mầm non: 10.7tr/m2 đất, 6.5tr/m2 sàn Trường liên cấp: 10.7tr/m2 đất, 6.5tr/m2 sàn Y tế: 10.7tr/m2 đất, 7.9tr/m2 sàn *Giá tương lai: Nhà ở liền kề: 29.2tr/m2 đất, 9tr/m2 sàn mở bán từ II/2024- I/2027 Nhà ở kết hợp thương mại: 35tr/m2 đất, 9tr/m2 sàn mở bán từ II/2024- I/2027 Nhà ở biệt thự: 24.8tr/m2 đất, 10.6tr/m2 sàn mở bán từ II/2024- I/2027 Nhà ở XH: 11.26tr/m2 sàn mở bán từ II/2024- I/2027 TMDV: 14.7tr/m2 đất mở bán từ III/2027- II/2028 Mầm non: 11.2tr/m2 đất, 6.5tr/m2 sàn mở bán III/2028 Trường liên cấp: 11.2tr/m2 đất, 6.5tr/m2 sàn mở bán III/2028 Y tế: 11.2tr/m2 đất, 7.9tr/m2 sàn mở bán III/2028 8) Hiệu quả tài chính: Lợi nhuận trước th... by Thao L - INVT, has an attachment."
BDS-CURATED-0274,12ha đủ lớn để có thể địn hướng triển khai tiện ích cảnh quan,needs_name_or_parent_review,no,needs_parent_name_extraction,1,,,"[] Dạ nếu tính theo ranh địa lý hành chính cũ thì khu vực này vẫn thuộc Hồ Chí Minh ạ Sở dĩ giá bán này là vì team cũng đã cân nhắc về quy mô dự án 12ha đủ lớn để có thể địn hướng triển khai tiện ích cảnh quan, mảng xanh, cải tạo công viên bờ kênh, xây thêm cầu kết nối, yếu tố thời gian và những ý tưởng về các tiện ích mà dự án có thể mang lại cho cư dân."
BDS-CURATED-0377,Ana Mandara Villas Dalat Resort & Spa,recover_project,no,,1,,,"[] P.ĐT báo cáo anh Tuan Tran-CEO, đánh giá và đề xuất 2 tài sản cho thuê đặc thù của DLR như sau: 1/ Thông tin về Hợp đồng cho thuê của 2 tài sản Hòa Bình và Khu Lê Lai Khu Lê Lai: Đối tượng hợp đồng: 15 căn biệt thự và toàn bộ diện tích đất cho thuê lại của UBND tỉnh Lâm Đồng, khoảng 3,4ha Thời hạn thuê: thuê nhà và thuê lại đất gắn liền với nhà: 50 năm (từ ngày 03/09/2003 đến ngày 02/09/2053) Giá cho thuê năm 2024: 650tr/năm ~54 tr/tháng (đã bao gồm VAT) bao gồm: + Toàn bộ 15 biệt thự: 433tr/năm (đã bao gồm VAT, giá này từ năm 2003 và được áp dụng trong suốt thời hạn thuê) + Giá thuê lại đất của Nhà Nước 2024: 217tr/năm Hòa Bình: Đối tượng hợp đồng: thuê nhà theo hiện trạng (toà nhà hiện nay đã được Sacombank cải tạo, xây mới) gắn liền với cho thuê lại QSD đất Thời hạn thuê: thuê nhà và gắn liền với thuê lại QSD Đất: 50 năm (từ ngày 24/6/2004 đến ngày 24/06/2054) Giá cho thuê năm 2024: 452tr/năm ~ 38tr/tháng (đã bao gồm VAT) bao gồm: + Giá thuê nhà từ 25/06/2024 đến 24/06/2029: 332tr/năm (đã bao gồm VAT và điều chỉnh tăng lũy kế 5% cho mỗi định kỳ 5 năm) + Giá cho thuê lại đất của nhà nước: 120tr/năm 2/ Phòng Pháp lý Doanh nghiệp (PLDN) tư vấn về khả năng chấm dứt hợp đồng cho thuê"
BDS-CURATED-0476,Hiyori e đang tổng hợp thông tin,needs_name_or_parent_review,no,needs_parent_name_extraction,1,2025-09-29,2025-09-29,"[] Dạ Sếp, về thông tin dự án Hiyori e đang tổng hợp thông tin, trong chiều e báo cáo nội dung này ạ Giá bán 90tr a thấy hơi rẻ by Unknown User"
BDS-CURATED-0381,NOXH đang đánh giá khoảng 15Km Trên dưới 20 Triệu/m2 Giá đất UBND MT đường DT742 5 Triệu/m2 Theo Tổng mức đầu,needs_name_or_parent_review,no,bad_name_length; needs_parent_name_extraction,1,,,"[] P.ĐT khảo sát giá thị trường các sản phẩm xung quanh có thông tin như sau: Hạng Mục Đơn giá Giá đất ở ngoài KCN Vsip II 10 Triệu/m2 - 15 Triệu/m2 Giá đất KDC trong KCN Vsip II Trên dưới 15 Tr/m2 Giá căn hộ Tecco Felice (NOTM) Gần trung tâm Tp Tân Uyên, cách dự án NOXH đang đánh giá khoảng 15Km Trên dưới 20 Triệu/m2 Giá đất UBND MT đường DT742 5 Triệu/m2 Theo Tổng mức đầu tư ước tính từ suất vốn đầu tư của Bộ xây dựng để tính toán giá bán căn hộ nhà xã hội hiện nay, P.ĐT đánh giá: Giá căn hộ NOXH ước tính khoảng 23 Triệu/m2 - 25 Triệu/ m2 cao hơn 50%-60% giá đất ở KDC xung quanh dự án. Giá bán căn hộ NOXH gần tương đương với mức giá căn hộ Tecco Felice (NOTM) tại Tp.Tân Uyên. => Do đó, sản phẩm NOXH cho dự án đang đánh giá thực hiện là KHÔNG khả thi. KẾT LUẬN: Với các nội dung đánh giá và phân tích, P.ĐT đề xuất KHÔNG tiếp tục nghiên cứu 2 dự án trên. NOXH TÂN NHỰT, BÌNH CHÁNH - Google マイマップ NOXH TÂN NHỰT, BÌNH CHÁNH www.google.com Giá khu 2 này tính ra nhiu 1m by Unknown User"
BDS-CURATED-0395,Phú Đông premier gần PH đang bán giá 37 39,needs_name_or_parent_review,no,needs_parent_name_extraction,2,2024-12-12,2024-12-12,"[2024-12-12] Huy M - IM 12/12/2024 8:47 AM Về phần xây dựng thì dự án Phú Đông premier gần PH đang bán giá 37 39, A Sơn trợ lý trướ… Ok Huy nhé, áp giá 12.05 cũng ổn vì đã có dự phòng phí 5%. OK Anh nhé. by Huy M - IM --- [2024-12-12] Thoi L - ASST. 12/12/2024 8:37 AM Huy Mai-PTDTAnh đã xem nhanh các chi phí dự trù; nếu bên người bán lo pháp lý đến khi có gpxd thì… Về phần xây dựng thì dự án Phú Đông premier gần PH đang bán giá 37 39, A Sơn trợ lý trước đây có cho hay là suất xây lắp thiết bị gồm VAT của họ là 9.5 tr/m2 à tính all in thì họ chưa tới 11 tr/m2 Link https://vnexpress.net/chu-tich-nam-lon... by Huy M - IM"
BDS-CURATED-0443,của DIG,needs_name_or_parent_review,no,needs_parent_name_extraction,1,2025-04-18,2025-04-18,"[2025-04-18] Khoa L - INVT 4/18/2025 9:19 PM Translate Ngoài ra, trong maps tổng này những điểm chấm xanh là dự án của DIG, điểm chấm đỏ là dự án HDC, chúng ta có thể nhìn tổng quát các quỹ đất/dự án lớn tại Vũng Tàu đều thuộc 2 công ty trên"
BDS-CURATED-0445,của mình sẽ thực hiện đồng bộ theo hạ tầng của tỉnh Vậy cầu này làm để kết nói đường bộ ven biể,needs_name_or_parent_review,no,needs_parent_name_extraction,1,2023-04-26,2023-04-26,[2023-04-26] Huy M - IM 4/26/2023 10:11 AM Tiến độ triển khai dự án của mình sẽ thực hiện đồng bộ theo hạ tầng của tỉnh Vậy cầu này làm để kết nói đường bộ ven biể... by Unknown User
BDS-CURATED-0421,này dự kiến 2026 sẽ bắt đầu ra tin à image by Huy M - IM,needs_name_or_parent_review,no,chat_sentence_name; needs_parent_name_extraction,1,2025-04-21,2025-04-21,[2025-04-21] Huy M - IM 4/21/2025 8:41 AM Translate Cù Lao Phố của Sun Group đang làm Quy hoạch. Aeon mall đang xây. Dự án này dự kiến 2026 sẽ bắt đầu ra tin à image by Huy M - IM
BDS-CURATED-0429,đấu thầu 386ha - N,needs_name_or_parent_review,no,needs_parent_name_extraction,1,,,[] Phòng xin gửi đính kèm vị trí vào số liệu chi tiết tổng mức đầu tư của từng phân khu. Trân trọng. Bản đồ không có tiêu đề - Google My Maps (IN) 2025.07.15 Cụm DA đấu thầu 386ha - N
BDS-CURATED-0473,đề xuất quan tâm theo file đính kèm,needs_name_or_parent_review,no,needs_parent_name_extraction,1,2025-05-13,2025-05-13,"[] Phòng xin gửi kèm báo cáo có thể hiện ranh đất của 05 dự án đề xuất quan tâm theo file đính kèm. Trân Trọng. Message by Hanh T - INVT, has an attachment."
BDS-CURATED-0401,📷 2,needs_name_or_parent_review,no,needs_parent_name_extraction,1,,,[] P.ĐT báo cáo Sếp Admin 01 về phương án gộp 2 lô Võ Văn Kiệt ~ diện tích 4.600 m2 như sau: 1. VỊ TRÍ VÀ RANH ĐẤT 2 LÔ ĐẤT: Vị trí theo đường link: Vị Trí Dự án 📷 2. THÔNG SỐ QUY HOẠCH Trên cơ sở… PA gộp 2 miến VVK nhé Sếp
BDS-CURATED-0434,Aeon Mall hơn 6,needs_name_or_parent_review,no,needs_parent_name_extraction,1,2025-04-11,2025-04-11,[2025-04-11] Huy M - IM 4/11/2025 5:03 PM https://vnexpress.net/dong-nai-khoi-cong-du-an-aeon-mall-hon-6-000-ty-dong-4837704.html Đồng Nai khởi công dự án Aeon Mall hơn 6.000 tỷ đồng Trung tâm thương mại Aeon Mall Biên Hòa khởi công sáng nay giữa trung tâm cù lao Hiệp Hòa với vốn đầu tư hơn 6.000 tỷ đồng. vnexpress.net Link https://znews.vn/hien-trang-khu-dat-su... by Huy M - IM
BDS-CURATED-0276,Cát Lái,needs_name_or_parent_review,no,needs_parent_name_extraction,1,,,"[] P.ĐT cập nhật sếp Admin 01thông tin pháp lý dự án Cát Lái. Qua làm việc với Sở Xây dựng, Anh Minh PLDA cũng đã có thu thập được thêm Báo cáo nghiên cứu khả thi và thông báo miễn GPXD cấp ngày 12/12/2025 cho dự án Thời gian tới, anh Minh sẽ tiếp tục làm việc với Sở NNMT để xác minh thông tin số tiền 120 tỷ LUR ạ 251212-CV-19745-SXD miễn GPXD.pdf 2025.11.26 công văn 17448 thẩm định BCNCKT.pdf"
BDS-CURATED-0406,KDC Đại Nam T01,recover_project,no,,1,2025-01-20,2025-01-20,"[2025-01-20] Thao L - INVT 1/20/2025 11:49 AM Edited Translate K.ĐT báo cáo anh Mr Mike1 -CEO về việc Cập nhật lại thị trường dự án KDC Đại Nam T01.2025 như sau: 1. Về Bảng giá đất nhà nước: - Đơn giá nhà nước năm 2025 tăng khoảng 1tr/m2 so với năm 2024 - Đơn giá nhà nước năm 2025 dao động từ 5tr - 8tr/m2 tùy vị trí đường 2. Về Giá thị trường: - Đơn giá thị trường của dự án khảo sát vào T10.2024 đến hiện tại T01.2025 không có sự thay đổi, giao dịch chuyển nhượng ít - Đơn giá thị trường T01.2025 dao động từ 7tr - 10tr/m2 tùy vị trí đường - Đơn giá nhà nước và thị trường hiện tại khá tiệm cận nhau và khoảng chênh lệch thấp Tính ra đi mua ở đây là còn rẻ hơn tự đi là... by Unknown User"
BDS-CURATED-0165,NOXH sẽ giúp tạo thương hiệu tích cực cho công ty trên thị trường,needs_name_or_parent_review,no,needs_parent_name_extraction,1,,,"[] Phòng Đầu tư đánh giá 6 khu đất đầu thấu trên dựa trên các tiêu chí như sau: Quy mô, đặc điểm của từng khu đất: Các khu đất phải đảm bảo phù hợp cho việc triển khai nhà ở, vị trí và hạ tầng giao thông kết nối phải thuận lợi cho cư dân khi tiếp cận các tiện ích cơ bản cũng như di chuyển sang khu vực lân cận. Thị trường: Bên cạnh đó, Thị trường khu vực cũng là yếu tố quan trọng cần cân nhắc. Vì NOXH có sự giới hạn đối tượng khách hàng mua. Ngoài ra, giá bán NOXH cũng được phê duyệt từ Nhà Nước và phải được cố định mà không được tùy ý thay đổi. Do đó thị trường xung quanh phải đảm bảo cho việc triển khai bán hàng nhanh chóng, giúp công ty sớm thu hồi vốn giảm thiểu rủi ro và chi phí khi triển khai kéo dài. Sự phù hợp với công ty: Việc bắt tay triển khai dự án NOXH sẽ giúp tạo thương hiệu tích cực cho công ty trên thị trường. Tuy nhiên vì đây là những dự án đầu tay với mục tiêu lớn là tích lũy năng lực triển khai, do đó công ty cũng phải cân nhắc ưu tiên chọn những dự án có quy mô vừa phải, xây dựng nhanh bán hàng nhanh, vừa đảm bảo tích lũy kinh nghiệm xây dựng vừa giúp cân bằng rủi ro cho công ty. Dựa trên các tiêu chí trên, qua phân tích SWOT từng dự án và sự phù hợp với công ty (cụ"
BDS-CURATED-0413,Vignette Collection đến Hội An Khách sạn Moire Hội An,needs_name_or_parent_review,no,needs_parent_name_extraction,1,2024-07-08,2024-07-08,"[2024-07-08] Huy M - IM 7/8/2024 8:58 AM https://baodautu.vn/ihg-dua-thuong-hieu-khach-san-vignette-collection-den-hoi-an-d219176.html IHG đưa thương hiệu khách sạn Vignette Collection đến Hội An Khách sạn Moire Hội An, Vignette Collection sẽ chính thức được ra mắt tại đô thị cổ Hội An - di sản UNESCO vào năm nay, theo thỏa thuận chuyển đổi hợp tác quản lý giữa IHG với Công ty cổ phần Ngọc ... baodautu.vn"
BDS-CURATED-0199,cao tầng với,needs_name_or_parent_review,no,needs_parent_name_extraction,1,2024-12-11,2024-12-11,"[2024-12-11] Thao L - INVT 12/11/2024 5:31 PM Edited Translate K.ĐT báo cáo anh Mr Mike1 -CEO về Chung cư Phượng Hoàng, Dĩ An, Bình Dương (Nguồn: Mr. Khôi) như sau: 1. Thông tin, vị trí và hiện trạng: - Dự án cao tầng với"
BDS-CURATED-0237,chung cư nhiều nhưng số lượng dự án và thị trường thì thấy Đà Nẵng có vẻ sôi động hơn à Nhưng condotel ở Đà Nẵ,needs_name_or_parent_review,no,bad_name_length,1,2024-10-25,2024-10-25,[2024-10-25] Huy M - IM 10/25/2024 10:42 AM Translate Nha Trang thời gian vừa rồi mình cũng không nghiên cứu dự án chung cư nhiều nhưng số lượng dự án và thị trường thì thấy Đà Nẵng có vẻ sôi động hơn à Nhưng condotel ở Đà Nẵng thì giờ đang khá x... by Huy M - IM
BDS-CURATED-0441,cập nhật chốt xin giữ dân số cho PGK là 3800,needs_name_or_parent_review,no,needs_parent_name_extraction,1,,,[] Thao L - INVT Hi Thảo; PLDA cập nhật chốt xin giữ dân số cho PGK là 3800. Đầu tư trao đổi với QH và PLDA để nắm tt thêm; Các PA điều chỉnh cơ cấu sản phẩm sau này cũng dễ hơn. Em nhận thông tin ạ
BDS-CURATED-0171,dự kiến hợp tác vs,needs_name_or_parent_review,no,needs_parent_name_extraction,1,2022-08-10,2022-08-10,"[2022-08-10] Binh Vo-GD-PTDT 8/10/2022 4:41 PM 1. Một số căn biệt thự không nhìn view biển, nên đang điều chỉnh lại vị trí để có view biển hết 2. Trước khối khách sạn dự kiến hợp tác vs ... by Unknown User"
BDS-CURATED-0446,gần 11,needs_name_or_parent_review,no,needs_parent_name_extraction,1,2025-03-16,2025-03-16,"[2025-03-16] Thoi L - ASST. 3/16/2025 9:18 AM https://m.cafef.vn/coteccons-chuan-bi-lam-du-an-gan-11000-ty-tai-long-an-188250313133524045.chn Coteccons chuẩn bị làm dự án gần 11.000 tỷ tại Long An Mới đây, Liên danh BEHS - Covestcons vừa được chấp thuận đầu tư dự án Khu Dân cư kết hợp thương mại dịch vụ Thanh Phú tại xã Thanh Phú, huyện Bến Lức, tỉnh Long An với số vốn là hơn 10.662 tỷ đồng,... m.cafef.vn Begin quote, Thao Le-PTDT , 3/14/2025 6:05 ... by Unknown User"
BDS-CURATED-0448,hơn 72,needs_name_or_parent_review,no,needs_parent_name_extraction,1,2025-04-11,2025-04-11,"[2025-04-11] Huy M - IM 4/11/2025 5:04 PM https://znews.vn/hien-trang-khu-dat-sun-group-lam-du-an-hon-72000-ty-dong-o-cu-lao-pho-post1508093.html Hiện trạng khu đất Sun Group làm dự án hơn 72.000 tỷ đồng ở Cù lao Phố - Kinh doanh - ZNEWS.VN Liên danh 5 nhà đầu tư trong đó có Sun Group được UBND tỉnh Đồng Nai chấp thuận thực hiện ""siêu"" dự án Khu đô thị Hiệp Hòa hơn 72.000 tỷ đồng tại Cù lao Phố (TP Biên Hòa). znews.vn À cái cù lao tân vạn này là của TTC mà by Unknown User"
BDS-CURATED-0213,này hiện đã thực hiện pháp lý đến gia,needs_name_or_parent_review,no,chat_sentence_name; needs_parent_name_extraction,1,2022-08-10,2022-08-10,[2022-08-10] Tuan Tran-CEO 8/10/2022 4:39 PM Ko biết thiết kế 100% biệt thự view biển hết ko Dự án này hiện đã thực hiện pháp lý đến gia... by Unknown User
BDS-CURATED-0455,này luôn nhé,needs_name_or_parent_review,no,chat_sentence_name; needs_parent_name_extraction,1,2025-04-09,2025-04-09,"[2025-04-09] Unknown User 4/9/2025 6:04 PM Nói chuyện với anh Tâm thử xem Anh nhận chỉ đạo à và ngày mai có Anh Minh - GĐPL vào, phụ trách Bình Dương thì anh sẽ trao đổi với ảnh về dự án này luôn nhé. ok a by Unknown User"
BDS-CURATED-0461,này đã có đánh giá báo cáo Sếp trước đây rồi à,needs_name_or_parent_review,no,chat_sentence_name; needs_parent_name_extraction,1,,,"[] Báo cáo Sếp là các dự án này đã có đánh giá báo cáo Sếp trước đây rồi à. Cụ thể lúc đó là Team có đánh giá chung tổng cộng là 6 Dự án NOXH Đồng Nai (2 Nhơn Trạch, 3 Biên Hòa, 1 Trảng Bom) thì kết quả nhận định ở Nhơn Trạch nhu cầu về NOXH chưa cao và đánh giá các Dự án ở Biên Hòa phù hợp hơn. Begin quote, Khoa L - INVT, 3/25/2025 4:21 ... by Huy M - IM"
BDS-CURATED-0422,nằm ở vị trí quỹ đất còn nhiều,needs_name_or_parent_review,no,needs_parent_name_extraction,1,,,"[] Dạ đúng ạ, ở Phú Mỹ vẫn câu chuyện Cảng Cái Mép, cao tốc Biên Hoà - Vũng Tàu và gần sân bay Long Thành bao năm qua nhưng giá đất khu này không bứt phá so với Đồng Nai hay Bình Dương được ạ, do hạ tầng giao thông chưa được chú trọng và dự án nằm ở vị trí quỹ đất còn nhiều, dân cư còn thưa thớt, dẫn đến tính thanh khoản cũng thấp hơn so với khu gần Quốc lộ 51 và Cảng Cái Mép nên tầm nhìn phải trung, dài hạn khi sáp nhập vào TP.HCM Begin quote, Mr Mike1 -CEO, 4/8/2025 7:42 P... by Huy M - IM"
BDS-CURATED-0462,phát triển nhà ở kết họp TOD,needs_name_or_parent_review,no,needs_parent_name_extraction,1,2025-04-08,2025-04-08,"[2025-04-08] Unknown User 4/8/2025 7:42 PM Mấy cái xa xôi này phải lãi cao mới làm nổi, lãi mỏng dưới 20% là thua. Vì phải có sóng mới bán đc hàng Đánh giá đầu tư ở Phú Mỹ hiện nay mình đánh giá về định hướng sau sáp nhập sẽ ko bị tình trạng địa phương cục bộ bảo vệ nguồn thu ngân sách mà HCM ko nhả các hoạt động cảng về Bà Rịa như trước đây. NN cho sáp nhập 1 HCM rộng lớn như vậy theo nhận định để phá cỡ sự cục bộ này để cho Cái Mép được phát triển vì nó có đủ địa thế thuận lợi... để làm cảng lớn. Đủ tiềm năng là Hải Phòng ở Phía Nam, và định hướng các quỹ đất cảng dọc sông HCM sẽ làm các dự án phát triển nhà ở kết họp TOD, giảm tải đc hạ tầng giao thông xe container đi trong thành phố, bớt áp lực giao thông, cho đi ra các đường vành đai, cao tốc về Cái Mép. Cao tốc Biên Hòa - Vũng Tàu thì 30/4/2025 sẽ thông xe đoạn đi ba Bà Rịa, có nút giao gần dự án. Begin quote, Mr Mike1 -CEO, 4/8/2025 7:37 P... by Huy M - IM"
BDS-CURATED-0423,phân lô (,needs_name_or_parent_review,no,chat_sentence_name; needs_parent_name_extraction,1,2023-06-22,2023-06-22,"[2023-06-22] Tuan Tran-CEO 6/22/2023 10:42 AM Cho cụ thể, ví dụ lô E thì vị trí nào 47.5tr và vị trí nào 64.8tr 1 Like reaction. Tìm hiểu bên Nhơn Trạch xem dự án phân lô (... by Unknown User"
BDS-CURATED-0424,phía Bắc,needs_name_or_parent_review,no,needs_parent_name_extraction,1,2023-04-27,2023-04-27,"[2023-04-27] Huy M - IM 4/27/2023 9:13 AM Liên quan đến chuyến công tác các dự án phía Bắc, kế hoạch công việc vẫn theo thời gian đã trình CEO. Riêng A Sơn R&D sẽ thêm 1 ngày mai (28/4) để đi KCN Vĩnh Phúc cùng với A Toán P.TGĐ của Bee Hà Nội để đáng giá thêm. KDT trình CEO Tuan Tran-CEO duyệt à. Ok a by Unknown User"
BDS-CURATED-0222,trước năm 2024 đúng thật là thấy giá chung cư của HN thấy thấp hơn SG nếu nhìn vị trí có tính tương đương,needs_name_or_parent_review,no,bad_name_length,1,2024-12-07,2024-12-07,[2024-12-07] Huy M - IM 12/7/2024 1:56 PM Translate Mấy đợt đi HN khảo sát dự án trước năm 2024 đúng thật là thấy giá chung cư của HN thấy thấp hơn SG nếu nhìn vị trí có tính tương đương. Nay giá lại vượt SG. Vẫn còn 1 sản phẩm ở HN thấy giá thấp hơn HCM nữa là giá thuê Văn Phòng. Ko biết sắp tới có bị làn sóng đẩy lên ko.
BDS-CURATED-0273,ở vị trí khác nên phương án kinh doanh đưa lên không còn chính xác,needs_name_or_parent_review,no,needs_parent_name_extraction,1,2025-09-23,2025-09-23,[2025-09-23] Huy M - IM 9/23/2025 11:15 AM Translate Tuy nhiên lúc này tính cho fs lô B11 thì anh Cường có nhằm vị trí của Lô đất ở vị trí khác nên phương án kinh doanh đưa lên không còn chính xác. Lúc đó báo cáo cáo lại thì Sếp chốt thôi loại Lô B11 ra không nghiên cứu tiếp à. Check lại nha by Unknown User
BDS-CURATED-0402,31 Trần Não – PA4,needs_name_or_parent_review,no,needs_parent_name_extraction,1,,,"[] Thao L - INVT 5/20 3:20 PM Translate K.ĐT báo cáo anh Admin 01 về dự án 31 Trần Não – PA4: Full VP + tiện ích (gym, hồ bơi,…) như sau: I. Tóm tắt PA4: Tách một phần tầng 03 làm Hồ bơi 240m2 và 378 m2 làm các tiện ích như: + Giải khát 25 chỗ + Gym + Yoga/Fitness + Khu ăn uống 50 chỗ + WC, thay đồ => Phần tiện ích này sẽ đầu tư hoàn thiện full nội thất có thể đưa vào hoạt động ngay khi hoàn thành 1. Chi phí xây dựng (VAT): - Phương án 4 có tiện ích: 1.578 tỷ đồng (SĐT all-in ~19 tr.đ/m² sàn) - Phương án 3 không bố trí tiện ích: 1.525 tỷ đồng (SĐT all-in ~18.4 tr.đ/m² sàn) => Chi phí tăng thêm khoảng 54 tỷ đồng do đầu tư các hạng mục tiện ích nêu trên. 2. Doanh thu (VAT): a. Giá thuê VP - Q4.2030: 30.8$; tỷ lệ tăng giá: 2%/năm + Phí dịch vụ VP: 4 năm đầu: 5$, ổn định: 7$ + Chi phí vận hành VP: 20% + Tỷ lệ lắp đầy VP: Năm 1 (40%), Năm 2 (50%), Năm 3 (60%), Năm 4 (75%) và duy trì ổn định sau 4 năm b. Giá thuê sỉ TTTM - Q4.2030: 14.3$, tỷ lệ tăng giá: 2%/năm + Chi phí vận hành sỉ TTTM: 4% + Tỷ lệ lắp đầy sỉ TTTM: 80% 3. Hiệu quả (không tính chi phí đất) IRR: 15.9% II. Bảng so sánh 02 phương án: Kết luận: Hiệu quả dự án gần như không thay đổi nhiều 2026.05.20BC.pdf"
BDS-CURATED-0403,31 ha,needs_name_or_parent_review,no,needs_parent_name_extraction,1,2023-07-07,2023-07-07,"[2023-07-07] Huy M - IM 7/7/2023 11:21 AM Bên Mr. Ka có gửi KĐT nghiên cứu đánh giá về việc nhận chuyển nhượng Dự án 31 ha, là dự án thành phần trong tổng dự án 465 ha thuộc khu Du lịch Đô thị Đại Phước (Swan Bay) à à by Unknown User"
BDS-CURATED-0201,cần kiểm tra lại QH 1,needs_name_or_parent_review,no,chat_sentence_name; needs_parent_name_extraction,1,,,[] Phòng Pháp lý dự án cần kiểm tra lại QH 1.2000 mới nhất xem có khả năng phù hợp là dự án chung cư theo các tiêu chí quy hoạch giả định và xin được dân số 2685 người
BDS-CURATED-0094,không đạt được hiệu quả với NPV,needs_name_or_parent_review,no,needs_parent_name_extraction,1,,,"[] Thao L - INVT 4/14 7:45 PM Edited Translate Chi tiết 02 PA: A. PHƯƠNG ÁN THẤP TẦNG: 1. Chi phí (gồm VAT): 1.1. Chi phí đất: 2,558 tỷ ~ 90tr/m2 đất thương phẩm - Chi phí đất hiện trạng (lấy theo BCTC): 113 tỷ - Chi phí đền bù dự kiến phần còn lại: 300 tỷ - Tiền CMĐ SDĐ: 2,145 tỷ 1.2. Chi phí Pháp lý: 165 tỷ 1.3. Chi phí Nhà mẫu: 88 tỷ 1.4. Chi phí cảnh quan: 27 tỷ 1.5. Chi phí xây dựng: 7,951 tỷ 1.6. Chi phí lãi vay: 945 tỷ (lãi 11%) 1.7. Chi phí hoạt động: 39,000 tỷ - Chi phí bán hàng Nhà liên kế: 13% - Chi phí bán hàng căn hộ và Shophouse: 15% - Chi phí bán Condotel: 20% - Chi phí vận hành TMDV: 4%/năm - Chi phí vận hành Khách sạn: 80% cho các năm có tỷ lệ lắp đầy dưới 55% và 70% cho các năm có tỷ lệ lắp đầy trên 55% 2. Doanh thu (gồm VAT): 69,271 tỷ - Doanh thu bán hàng: 13,838 tỷ - Doanh thu vận hành: 55,433 tỷ 3. Hiệu quả: Dự án không đạt được hiệu quả với NPV: - 237 tỷ và IRR = 9.8% LNTT/TMĐT sản phẩm bán = 37.9% B. PHƯƠNG ÁN CAO TẦNG: 1. Chi phí (gồm VAT): 1.1. Chi phí đất: 2,613 tỷ ~ 89tr/m2 đất thương phẩm - Chi phí đất hiện trạng (lấy theo BCTC): 113 tỷ - Chi phí đền bù dự kiến phần còn lại: 300 tỷ - Tiền CMĐ SDĐ: 2,200 tỷ 1.2. Chi phí Pháp lý: 165 tỷ 1.3. Chi phí Nhà mẫu:"
BDS-CURATED-0247,lớn và có quy mô tương tự dự án Nghiên cứu (Dự án – Hùng Thắng 1,recover_project,no,,1,2022-10-01,2022-10-01,"[2022-10-01] Huy M - IM 10/1/2022 9:26 AM KĐT gửi CEO Tuan Tran-CEO kế hoạch đi khảo sát thị trường Quảng Ninh chi tiết như sau: Mục tiêu: Khảo sát thị trường Quảng Ninh, các dự án lớn và có quy mô tương tự dự án Nghiên cứu (Dự án – Hùng Thắng 1.7 ha) Thời gian: Ngày 3 – 5/11/2022 Nhân sự: Võ Bình – GĐ KĐT Mai Huy – TP ĐT Nguyễn Thanh Sơn - TP R&D Văn Đình Sơn – Trợ lý TGĐ KĐT trình CEO xét duyệt để triển khai các công tác liên quan. Ok by Unknown User"
BDS-CURATED-0425,team đã đi khảo sát,needs_name_or_parent_review,no,needs_parent_name_extraction,1,2023-04-15,2023-04-15,"[2023-04-15] Huy M - IM 4/15/2023 11:39 AM Edited Bên Thái tuần này đang trong thời gian nghỉ lễ Tết truyền thống của họ, qua đầu tuần sau sẽ gửi bổ sung thêm các thông tin còn thiếu cho các dự án team đã đi khảo sát. Team sẽ gửi Tuấn báo cáo cho dự án 1ha -Bangkok vào ngày 21/4 nhé."
BDS-CURATED-0228,=> Nên chưa đánh giá hiệu quả dự án theo yếu tố dòng tiền ** Link Drive,recover_project,no,,1,2022-11-02,2022-11-02,[] Báo cáo này không đánh giá chi phí đầu vào bao gồm chi phí duy tu sửa chữa vì khách sạn đã không hoạt động trong giai đoạn dịch và chi phí mua dự án => Nên chưa đánh giá hiệu quả dự án theo yếu tố dòng tiền ** Link Drive: Dự án Regalia - OneDrive (sharepoint.com) ** Nguồn thông tin: chị Ngoc Vo-TL-TGD
BDS-CURATED-0393,Cty Định Giá Việt,needs_name_or_parent_review,no,needs_parent_name_extraction,1,2025-11-06,2025-11-06,"[2025-11-06] Thoi L - ASST. 11/6/2025 5:32 PM Translate Huy M - IM Anh gửi Huy xem qua b/c định giá của Fenica để rà soát điều chỉnh và b/c Sếp, nếu cần nhé. PP so sánh trực tiếp đề xuất giá bán trung bình là 38.4tr/m2. Fenica- Dự thảo định giá DA - Cty Định Giá Việt.pdf Begin quote, Thoi L - ASST. , 11/6/2025 5:3... by Huy M - IM"
BDS-CURATED-0190,KS 25 Trần Phú sẽ đi theo PA 5 tầng nổi + 1 tầng hầm,needs_name_or_parent_review,no,needs_parent_name_extraction,3,2025-04-18,2025-04-28,"[2025-04-28] Thoi L - ASST. 4/28/2025 5:50 PM Huy Mai-PTDTDear Huy, như đã họp sáng nay (sau khi A Tùng đã làm việc với XSD Lâm Đồng), DA KS 25 Trần Phú sẽ đi theo PA 5 tầng nổi + 1 tầng hầm; MĐXD:60% - 108 phòng, 5 sao. Anh sẽ thúc triển khai tiếp xúc tiến xin DA theo thông tin này. Ok Anh. Thông tin này tương đương với PA 1 em đã tính toán với mật độ 60% --- [2025-04-28] Thoi L - ASST. 4/28/2025 5:50 PM Huy Mai-PTDTDear Huy, như đã họp sáng nay (sau khi A Tùng đã làm việc với XSD Lâm Đồng), DA KS 25 Trần Phú sẽ đi theo PA 5 tầng nổi + 1 tầng hầm; MĐXD:60% - 108 phòng, 5 sao. Anh sẽ thúc triển khai tiếp xúc tiến xin DA theo thông tin này. Ok Anh. Thông tin này tương đương với --- [2025-04-18] Thao L - INVT 4/18/2025 10:24 AM 📷 Em gửi 02 Phương án của 25 Trần Phú ạ Phương án 1: 108 phòng Phương án 2: 130 phòng Huy Mai-PTDTDear Huy, như đã họp sáng nay (sau khi A Tùng đã làm việc với XSD Lâm Đồng), DA KS 25 Trần Phú sẽ đi theo PA 5 tầng nổi + 1 tầng hầm; MĐXD:60% - 108 phòng, 5 sao. Anh sẽ thúc triển khai tiếp xúc tiến xin DA theo thông tin này. Begin quote, Thoi -Tro Ly GD, 4/28/2025 5:5... by Huy M - IM"
BDS-CURATED-0396,a có trao đổi về việc,needs_name_or_parent_review,no,needs_parent_name_extraction,2,,,[] Huy M - IM 5/14 6:20 PM Translate Hiện tại holiday mình chỉ còn tới khoảng 2060 or 2058. Nếu làm pháp lý và xây dựng xong mất 4 năm tầm 2030 thì. Condotel chỉ còn lại 28 30 năm thì chưa bàn tới giá bán vs số năm này thì ko ai mua condotel. Nobu còn 32 năm theo a là 1 trong những lý do key họ bán chậm. Nên trong bài này là mình giả định sẽ reset lại được lại 50 năm từ bây giờ và đang tạm tính đóng thêm tiền sử dụng đất khoảng hơn 200 tỷ thì mới làm đc pa condotel. Nếu ko reset được thì chỉ có pa là xây ks vận hành cho thuê. Chứ condotel thì thua à Mấy lần họp pl dự án a có trao đổi về việc ... by Huy M - IM --- [] Huy M - IM 5/14 6:20 PM Translate Hiện tại holiday mình chỉ còn tới khoảng 2060 or 2058. Nếu làm pháp lý và xây dựng xong mất 4 năm tầm 2030 thì. Condotel chỉ còn lại 28 30 năm thì chưa bàn tới giá bán vs số năm này thì ko ai mua condotel. Nobu còn 32 năm theo a là 1 trong những lý do key họ bán chậm. Nên trong bài này là mình giả định sẽ reset lại được lại 50 năm từ bây giờ và đang tạm tính đóng thêm tiền sử dụng đất khoảng hơn 200 tỷ thì mới làm đc pa condotel. Nếu ko reset được thì chỉ có pa là xây ks vận hành cho thuê. Chứ condotel thì thua à Mấy lần họp pl dự án a có trao đổi về việc ... by Hu
BDS-CURATED-0238,chưa bàn giao nên chưa dc vào ở à,needs_name_or_parent_review,no,needs_parent_name_extraction,1,2025-04-11,2025-04-11,"[2025-04-11] Unknown User 4/11/2025 5:29 PM có ai ở chưa, hồi đó bán giá nhiu Hiện vẫn đang làm dự án chưa bàn giao nên chưa dc vào ở à. Mình vào làm mà xây lên vậy bị lỡm chỡm nhỉ by Unknown User"
BDS-CURATED-0367,có một số hạn chế như,needs_name_or_parent_review,no,chat_sentence_name; needs_parent_name_extraction,1,,,"[] Phòng có chạy độ nhạy để đạt tỷ lệ LNTT/TMĐT mục tiêu 20% thì giá bán căn hộ bình quân tương ứng từ 75 tr/m2 chưa VAT. Mức giá này theo nhận định của phòng Đầu tư và R&D thì khó có thể đạt được trong điều kiện thị trường hiện tại do khu đất có một số hạn chế như: diện tích nhỏ, không có view biển, cách biển khoảng 350 m và bị che tầm nhìn bởi nhiều tòa nhà cao tầng phía biển đường Trần Phú. Giá bán căn hộ bình quân từ 75 triệu chưa VAT có thể đạt khi thị trường căn hộ ở Nha Trang trong thời gian tới có tỷ lệ tăng giá mạnh mẽ từ ít nhất từ >20% trở lên."
BDS-CURATED-0245,hiện tại mình đang vận hành để xem thử mình có chi phí nào khác cần bổ sung không à,needs_name_or_parent_review,no,needs_parent_name_extraction,1,2025-04-08,2025-04-08,[2025-04-08] Unknown User 4/8/2025 7:37 PM Hana Anh xin trao đổi thêm với chỗ chị Hana về giữa chỗ tỷ lệ GOP về tới EBITDA đối với các dự án hiện tại mình đang vận hành để xem thử mình có chi phí nào khác cần bổ sung không à. Đợt trước anh có xem thì thấy có dự án chênh lệch lớn nhưng cũng có cái chênh lệch nhỏ nên cũng chưa rõ bên mình có đặc thù gì khác ko à. Ok by Unknown User
BDS-CURATED-0221,triển khai chưa mng Team đã trao đổi với A Sơn Trợ lý để lên list các dự án này à,recover_project,no,,1,2023-10-15,2023-10-15,"[2023-10-15] Unknown User 10/15/2023 8:12 PM Lên danh sách các dự án triển khai chưa mng Team đã trao đổi với A Sơn Trợ lý để lên list các dự án này à, hiện tại anh Sơn đang trao đổi với anh Nghiệp để list lại các dự án pháp lý có thể triển khai được."
BDS-CURATED-0271,ở Thái à Bên Thái tuần này đang trong thời gian nghỉ,needs_name_or_parent_review,no,chat_sentence_name; needs_parent_name_extraction,1,2023-04-15,2023-04-15,[2023-04-15] Unknown User 4/15/2023 11:20 AM Ủa tính mấy cái e gửi xong chưa Team cũng đang song song triển khai tính toán các dự án ở Thái à Bên Thái tuần này đang trong thời gian nghỉ... by Huy M - IM
BDS-CURATED-0431,3047583976353865173,needs_name_or_parent_review,no,needs_parent_name_extraction,2,2022-08-22,2022-08-22,[2022-08-22] Trieu Nguyen-PTDT 8/22/2022 5:34 PM Video bãi biển Quy Hòa gần khu vực hầm chui của dự án 3047583976353865173.mp4 Loading... KĐT gửi anh Tuan Tran-CEO báo cáo dự án... by Thao L - INVT --- [2022-08-22] Trieu Nguyen-PTDT 8/22/2022 5:34 PM Video bãi biển Quy Hòa gần khu vực hầm chui của dự án 3047583976353865173.mp4 KĐT gửi anh Tuan Tran-CEO báo cáo dự án... by Thao L - INVT
BDS-CURATED-0404,Begin quote,needs_name_or_parent_review,no,chat_sentence_name; needs_parent_name_extraction,1,2023-12-18,2023-12-18,"[2023-12-18] Huy M - IM 12/18/2023 6:49 PM Phương án 1 mình cũng có QH nhà noxh rồi ah. Tuy nhiên QH của PA1 nhà nước duyệt dân số chiếm chỉ 14.5% dân số của dự án Begin quote, Tuan Tran-CEO , 12/18/2023 6:4... by Huy M - IM"
BDS-CURATED-0435,Green Hill 2054482750212548727,recover_project,no,,2,2022-08-22,2022-08-22,"[2022-08-22] Trieu Nguyen-PTDT 8/22/2022 5:33 PM Video quang cảnh trước dự án Green Hill 2054482750212548727.mp4 Loading... Video bãi biển Quy Hòa gần khu vực hầm chui... by Unknown User, has an attachment. --- [2022-08-22] Trieu Nguyen-PTDT 8/22/2022 5:33 PM Video quang cảnh trước dự án Green Hill 2054482750212548727.mp4 Video bãi biển Quy Hòa gần khu vực hầm chui... by Unknown User, has an attachment."
BDS-CURATED-0191,Nguyễn Thiện Thuật và Đoàn Trần Nghiệp - Nha Trang,needs_name_or_parent_review,no,needs_parent_name_extraction,2,2025-05-13,2025-05-13,"[2025-05-13] Huy M - IM 5/13/2025 10:22 AM Translate Dear Sếp, liên quan đến các dự án Nguyễn Thiện Thuật và Đoàn Trần Nghiệp - Nha Trang, qua tính toán sơ bộ thì phương án chung cư đều ko đạt hiệu quả. Nên P.ĐT đề xuất phương án làm khách sạn vẫn giữ đất ở. Để triển khai tính toán thì phương án kinh doanh khách sạn P.ĐT sẽ nhờ A Cường David hỗ trợ nhé Sếp Ok by Unknown User --- [2025-05-13] Huy M - IM 5/13/2025 10:22 AM Translate Dear Sếp, liên quan đến các dự án Nguyễn Thiện Thuật và Đoàn Trần Nghiệp - Nha Trang, qua tính toán sơ bộ thì phương án chung cư đều ko đạt hiệu quả. Nên P.ĐT đề xuất phương án làm khách sạn vẫn giữ đất ở. Để triển khai tính toán thì phương á"
BDS-CURATED-0410,PGK,recover_project,no,,1,2024-09-17,2024-09-17,[2024-09-17] Trieu Nguyen-PTDT 9/17/2024 5:02 PM Translate Em gửi anh Mr Mike1 -CEO cập nhật hiệu quả dự án PGK theo phương án 900 tỷ Hình ảnh load ko đc. by Unknown User
BDS-CURATED-0296,thông qua đấu thầu nên khả năng cao chỉ thực hiện được chuyển nhượng thông qua hình thức mua cổ phần nên,needs_name_or_parent_review,no,bad_name_length; chat_sentence_name; needs_parent_name_extraction,3,2025-06-26,2025-06-26,"[2025-06-26] Unknown User 6/26/2025 5:11 PM Ủa ổn quá kìa. Ủa mình mua lại vậy đc tính vào chi phí ko Vì NOXH là hình thức cũng đặc thù và dự án thông qua đấu thầu nên khả năng cao chỉ thực hiện được chuyển nhượng thông qua hình thức mua cổ phần nên chi phí sẽ không được tính à P.Đầu tư gởi thêm hồ sơ mời quan tâm của 2 ... by Khoa L - INVT, has attachments. --- [2025-06-26] Unknown User 6/26/2025 5:11 PM Ủa ổn quá kìa. Ủa mình mua lại vậy đc tính vào chi phí ko Vì NOXH là hình thức cũng đặc thù và dự án thông qua đấu thầu nên khả năng cao chỉ thực hiện được chuyển nhượng thông qua hình thức mua cổ phần nên chi phí sẽ không được tính à P.Đầu tư gởi thêm hồ sơ mời quan tâm của 2 ... by K --- [2025-06-26] Unknown User 6/26/2025 5:11 PM Ủa ổn quá kìa. Ủa mình mua lại vậy đc tính vào chi phí ko Vì NOXH là hình thức cũng đặc thù và dự án thông qua đấu thầu nên khả năng cao chỉ thực hiện được chuyển nhượng thông qua hình thức mua cổ phần nên"
BDS-CURATED-0470,xung quanh do phòng R&D tổng hợp,needs_name_or_parent_review,no,needs_parent_name_extraction,1,,,[] Hanh T - INVT 6/11 4:33 PM Translate Xin gửi Sếp giá căn hộ các dự án xung quanh do phòng R&D tổng hợp. Tổng hợp thị trường căn hộ cùng phân khúc gần DA VVK.pdf image by Hanh T - INVT
BDS-CURATED-0472,đã xong phần đất,needs_name_or_parent_review,no,needs_parent_name_extraction,1,2025-07-01,2025-07-01,"[2025-07-01] Unknown User 7/1/2025 2:21 PM https://vt.tiktok.com/ZSBYP8yJ5/ Việc này sẽ lợi cho người dân có đất để chuyển mục đích, hoặc dự án đã xong phần đất. Dự án Khi chuyển mục đích sử dụng đất sẽ được khấu trừ nhiều hơn. Nhưng quay ngược lại đi gom đất, hoặc đấu thầu bồi thường đơn giá đất nn lại tăng cao"
BDS-CURATED-0278,Khu nhà ở công nhân và chuyên gia tại xã Nhơn Trạch của Công ty TNHH Vạn Phúc,needs_name_or_parent_review,no,needs_parent_name_extraction,1,,,"[] P.ĐT báo cáo Sếp Mr Mike1 -CEO về Dự án Khu nhà ở công nhân và chuyên gia tại xã Nhơn Trạch của Công ty TNHH Vạn Phúc như sau: I. ĐÁNH GIÁ THÔNG TIN CHUNG DỰ ÁN Vị trí: Đường Ngô Gia Tự, Xã Nhơn Trạch, Tỉnh Đồng Nai Tọa độ google map: 10.721592, 106.892393"
BDS-CURATED-0418,k… Gửi lại độ nhạy,needs_name_or_parent_review,no,needs_parent_name_extraction,1,,,"[] Dạ Sếp. Hiện tại Anh Minh vẫn tiếp tục rà soát từ nhiều nguồn để kiểm tra rủi ro pháp lý dự án. Liên quan đến LUR, theo các hồ sơ mình có được và cũng như nhận định từ P.PLDA thì khả năng cao dự án k… Gửi lại độ nhạy"
BDS-CURATED-0299,trên đã có các nhà đàu tư đăng ký tham gia đấu thầu,needs_name_or_parent_review,no,needs_parent_name_extraction,1,,,"[] Dạ Theo thông tin mới cập nhật thì 2 dự án trên đã có các nhà đàu tư đăng ký tham gia đấu thầu: - Liên danh Địa ốc Hoàng Quân - CTCP Đầu tư Thành Phố Vàng. - CTCP Đầu tư Xây dựng Và Cơ điện IEC. - Liên danh Hancorp gồm: CTCP Lắp máy Điện nước và Xây dựng - CTCP Xây sựng Số 1 Hà Nội - Tổng Công ty Xây dựng Hà Nội - CTCP. - Liên danh Công ty TNHH Phát triển Căn hộ Nam Long - Công ty TNHH MTV Đầu tư Xây dựng Phát triển Nam Khang - CTCP Đầu Tư Nam Phan. - Liên danh CTCP Yana Dragon Holdings - CTCP Đầu tư Phát triển Đô thị Sơn An - Công ty TNHH Long Thịnh - CTCP Sơn An Hương Sơn. - CTCP Đầu tư và Thương mại Nhà Rồng. Đồng Nai sắp triển khai 5 dự án nhà ở xã hội Võ Thị Vi Đồng Nai sắp triển khai 5 dự án nhà ở xã hội. Đồng Nai sắp triển khai 5 dự án nhà ở xã hội: Danh sách đăng ký nhà đầu tư Thư Viện Nhà Đất Begin quote, Mr Mike1 -CEO, 6/26/2025 5:11 ... by Huy M - IM"
BDS-CURATED-0312,đã được đưa vào danh sách thí điểm 171 Số thự tự 41,needs_name_or_parent_review,no,needs_parent_name_extraction,1,,,"[] Khoa L - INVT 6/1 2:28 PM Translate So với báo cáo năm 2023 thì hiện tại dự án đã được đưa vào danh sách thí điểm 171 Số thự tự 41, danh sách thí điểm đợt 3 nă... by Khoa L - INVT"
BDS-CURATED-0248,lớn xảy ra sai phạm nghiêm trọng trong quản lý đất đai của tỉnh Đồng Nai,needs_name_or_parent_review,no,needs_parent_name_extraction,1,2023-07-07,2023-07-07,"[2023-07-07] Huy M - IM 7/7/2023 11:17 AM K. ĐT gửi CEO Tuan Tran-CEO tóm tắt các kết luận của Uỷ Ban Kiểm tra Trung ương ngày 14/06/2023 liên quan đến 3 dự án lớn xảy ra sai phạm nghiêm trọng trong quản lý đất đai của tỉnh Đồng Nai: Khu dân cư Phú Thịnh - Long Tân (tên thương mại: Swan Park); Khu đô thị du lịch sinh thái Đại Phước (tên thương mại: Swan Bay) Khu đô thị du lịch Sơn Tiên; Nguồn: https://ubkttw.vn/danh-muc/nghien-cuu-trao-doi/vi-pham-nguyen-tac-tap-trung-dan-chu-dan-den-sai-pham-nghiem-trong-trong-quan-ly-dat-dai.html Do những sai phạm liên quan đến nhiều vấn đề nghiệm trọng, liên quan đến nhiều thời kỳ lãnh đạo, quy trình xử lý khắc phục sẽ kéo dài, phức tạp, không ước tính được các rủi ro… Do đó, K. ĐT đề xuất không nghiên cứu sâu các dự án có liên quan đến các nhóm dự án này. Chi tiết theo báo cáo đính kèm. by Huy M - IM, has an attachment."
BDS-CURATED-0261,thì khả năng cao dự án không phải nộp thêm ạ,recover_project,no,,1,,,"[] Dạ Sếp. Hiện tại Anh Minh vẫn tiếp tục rà soát từ nhiều nguồn để kiểm tra rủi ro pháp lý dự án. Liên quan đến LUR, theo các hồ sơ mình có được và cũng như nhận định từ P.PLDA thì khả năng cao dự án không phải nộp thêm ạ. Và P.ĐT cũng đề xuất trong các đợt làm việc tiếp theo, sẽ có nhân sự của P.PLDA gặp đối tác để làm rõ các rủi ro pháp lý nêu trên Kêu hẹn đi by Admin 01"
BDS-CURATED-0275,Aqua thì hiện nay Nova đang dừng triển khai ở dự án này,recover_project,no,,1,2023-06-03,2023-06-03,"[2023-06-03] Huy M - IM 6/3/2023 11:30 AM Hôm qua team đã đi khảo sát thị trường 2 khu vực. Đối với khu Swanbay mình đang chờ môi giới gửi và tổng hợp lại. Đối với dự án Aqua thì hiện nay Nova đang dừng triển khai ở dự án này, cuối tháng rồi cũng có các vụ biểu tình của khách hàng dưới này nên hiện tại dự án Aqua không còn môi giới và cũng đang hạn chế đi lại. Team đang liên hệ thêm các môi giới để lấy thông tin à. Trước đây team cũng có giá thị trường của 2... by Huy M - IM"
BDS-CURATED-0436,Greenhill Village … 03,needs_name_or_parent_review,no,needs_parent_name_extraction,1,2023-05-18,2023-05-18,[2023-05-18] Huy M - IM 5/18/2023 10:25 AM https://www.youtube.com/watch?v=ft9L6yTGL6A Dự án Greenhill Village … 03:48 | 1.6K views | 2 years ago www.youtube.com Này lâu dài đúng ko a by Unknown User
BDS-CURATED-0230,HLW - Merryaland 1,needs_name_or_parent_review,no,needs_parent_name_extraction,1,2022-08-23,2022-08-23,[2022-08-23] Binh Vo-GD-PTDT 8/23/2022 9:50 AM Hưng Thịnh Thịnh xin cập nhật thông tin dự án HLW - Merryaland 1. FILE TRAINING HOLLYWOOD HILLS https://hungthinhcorpvietnam-my.sharepoint.com/:f:/g/personal/tam_nguyenhoanghai1_hungthinhcorp_com_vn/EgLIleLpqUNMiy8xqeCD6GcBH2Xpci7vPptmJImekG_eEQ?e=p8mXMh 2. PHỐI CẢNH 3D https://hungthinhcorpvietnam-my.sharepoint.com/:f:/g/personal/tam_nguyenhoanghai1_hungthinhcorp_com_vn/Eq01kgIBMQlEoXw-Km3XF9ABGVjCCK0ksjuolQa1yJBTUw?e=RinEIv 3. PRINT AD TRUYỀN THÔNG https://hungthinhcorpvietnam-my.sharepoint.com/:f:/g/personal/tam_nguyenhoanghai1_hungthinhcorp_com_vn/Esr5j9gSh6ZAsJgYEhn2CyUB6773mFECWho9Qe-j73GFHg?e=YbnIEE 4. CLIP TRAILER YOO https://hungthinhcorpvietnam-my.sharepoint.com/:v:/g/personal/tam_nguyenhoanghai1_hungthinhcorp_com_vn/EXi6Pkj3GfBCgkKuvBi49PgBB0qfSNg_7QHWzuv0yCF_Kw?e=VwtyTg 5. CLIP PHỎNG VẤN YOO https://hungthinhcorpvietnam-my.sharepoint.com/:v:/g/personal/tam_nguyenhoanghai1_hungthinhcorp_com_vn/EXK6AnsHTRtAguH60Pr3fOsBWWS8DiQ00yKuY4c8uyxP7Q?e=RsQ2Wa 6. CLIP TIẾN ĐỘ DỰ ÁN THÁNG 8/2022 https://hungthinhcorpvietnam-my.sharepoint.com/:v:/g/personal/tam_nguyenhoanghai1_hungthinhcorp_com_vn/EW40zChYcClLt8BDhHiX0RkBEXhh9eQIpQckTW58p01Rgw?e=EyoaF
BDS-CURATED-0306,Ngọc Hồi Thanh Trì,recover_project,no,,1,2022-08-26,2022-08-26,"[] Báo cáo dự án Ngọc Hồi Thanh Trì.pdf 20°56'26.9""N 105°50'35.0""E · Văn Điển, Van Dien, タインチ県 ハノイ ベトナム Văn Điển, Van Dien, タインチ県 ハノイ ベトナム goo.gl"
BDS-CURATED-0439,Phú Gia Khiêm và Phú Quang,recover_project,no,,1,2024-10-14,2024-10-14,"[2024-10-14] Thao L - INVT 10/14/2024 3:02 PM Edited Translate K.ĐT gửi anh Mr Mike1 -CEO thông tin về đơn giá chi phí hạ tầng, cảnh quan 02 dự án Phú Gia Khiêm và Phú Quang như sau: Thử cho QS tính em by Unknown User"
BDS-CURATED-0280,Phượng Hoàng theo Chính sá… Vậy chốt PkD phương án này đi Ok Sếp,needs_name_or_parent_review,no,needs_parent_name_extraction,1,2025-09-10,2025-09-10,[2025-09-10] Thao L - INVT 9/10/2025 12:08 PM K.ĐT báo cáo anh Mr Mike1 -CEO cập nhật hiệu quả đầu tư dự án Phượng Hoàng theo Chính sá… Vậy chốt PkD phương án này đi Ok Sếp. Anh sẽ báo lại A Cường. by Huy M - IM
BDS-CURATED-0411,Serene Đà Nẵng với những nội dung sau,recover_project,no,,2,,,"[] Kính gửi Admin 01 , P.ĐT báo cáo hiệu q... by Unknown User Thanh L - INVT 1/13 2:31 PM Edited Translate Kính gửi Admin 01 , P.ĐT báo cáo hiệu quả dự án Serene Đà Nẵng với những nội dung sau: I/ TÓM TẮT NHỮNG NỘI DUNG NGHIÊN CỨU SƠ BỘ CỦA P.ĐT VỀ 2 LOẠI HÌNH KHÁCH SẠN Luxury Hotel + Luxury Hotel là loại hình khách sạn có concept tập trung vào tính nhất quan và tiện nghi tiêu chuẩn, được đầu tư thiết bị hiện đại và cao cấp nên không dễ lỗi thời khi xu hướng thị hiếu thay đổi. + Có chu kỳ cải tạo dài hơn thường là 7-10 năm cho một đợt nâng cấp lớn. Thiết kế cao cấp, hiện đại giúp tài sản ít bị lỗi mốt, và các yêu cầu cải tạo thường tuân theo lộ trình bắt buộc của thương hiệu. + Phù hợp đầu tư các tỉnh thành lớn và khu du lịch cao cấp như : Tp.HCM, Đà Nẵng, Nha Trang, Phú Quốc, Hà Nội…. LifeStyle Hotel + Life Style Hotel là loại hình khách sạn có concept tập trung vào trải nghiệm, dễ lỗi thời khi xu hướng thay đổi. + Theo nghiên cứu, tìm hiểu của P.ĐT Chi phí đầu tư của loại hình LifeStyle cao hơn Luxury khoảng 50% và giá bán phòng của LifeStyle cao hơn Luxury khoảng 35%. + Đối mặt với rủi ro ""thay đổi xu hướng"". Do dựa vào yếu tố thời thượng để thu hút khách, thiết kế của Lifestyle ho --- [] Tuesday, January 13 Kính gửi Admin 01 , P.ĐT báo cáo hiệu q... by Unknown User Thanh L - INVT 1/13 2:31 PM Edited Translate Kính gửi Admin 01 , P.ĐT báo cáo hiệu quả dự án Serene Đà Nẵng vớ"
BDS-CURATED-0281,The Bale của Được gửi giá đã giảm mà lại ko lãi hã Begin quote,needs_name_or_parent_review,no,chat_sentence_name; needs_parent_name_extraction,1,2023-06-01,2023-06-01,"[2023-06-01] Tuan Tran-CEO 6/1/2023 2:24 PM Ủa dự án The Bale của Được gửi giá đã giảm mà lại ko lãi hã Begin quote, Tuan Tran-CEO , 6/1/2023 2:24 ... by Huy M - IM"
BDS-CURATED-0283,by Huy M - IM,needs_name_or_parent_review,no,needs_parent_name_extraction,1,2024-12-06,2024-12-06,"[2024-12-06] Huy M - IM 12/6/2024 8:01 AM Translate Anh gửi Mr Mike báo cáo KDC Việt An trước đây Và báo cáo đánh giá của PLDA by Huy M - IM, has an attachment."
BDS-CURATED-0284,bên mình đã đang follow nha a Huy Mai-PTDT Anh đã share hồ sơ cho em rồi nha,needs_name_or_parent_review,no,needs_parent_name_extraction,1,2023-04-24,2023-04-24,[2023-04-24] Ngoc V - ASST. 4/24/2023 9:58 AM Edited Hi mn! Share giúp e tệp file các supporting document của tất cả các dự án bên mình đã đang follow nha a Huy Mai-PTDT Anh đã share hồ sơ cho em rồi nha. Em check... by Huy M - IM
BDS-CURATED-0286,chợ lớn có khi phải điều chỉnh ranh Begin quote,needs_name_or_parent_review,no,chat_sentence_name; needs_parent_name_extraction,1,2024-11-25,2024-11-25,"[2024-11-25] Mr Mike1 -CEO 11/25/2024 4:30 PM Translate Làm nổi thì chắc dự án chợ lớn có khi phải điều chỉnh ranh Begin quote, Mr Mike1 -CEO, 11/25/2024 4:29... by Huy M - IM"
BDS-CURATED-0239,chợ lớn có khi phải điều chỉnh ranh Dự án Chợ Lớn đang làm quy hoạch anh Tài đã có cập nhật ranh Metro vào rồi,needs_name_or_parent_review,no,bad_name_length,1,2024-11-25,2024-11-25,[2024-11-25] Unknown User 11/25/2024 4:30 PM Làm nổi thì chắc dự án chợ lớn có khi phải điều chỉnh ranh Dự án Chợ Lớn đang làm quy hoạch anh Tài đã có cập nhật ranh Metro vào rồi à image by Huy M - IM
BDS-CURATED-0241,có giá vốn đất thấp trong khi hệ số cao (trên 11 chấm),needs_name_or_parent_review,no,chat_sentence_name; needs_parent_name_extraction,1,,,"[] Dạ sếp. Dự án có giá vốn đất thấp trong khi hệ số cao (trên 11 chấm), đồng thời thị trường tương đối thuận lợi khi giá được build bởi SunGroup. Xúc lẹ by Admin 01"
BDS-CURATED-0440,cùn,needs_name_or_parent_review,no,needs_parent_name_extraction,1,2023-06-10,2023-06-10,[2023-06-10] Tuan Tran-CEO 6/10/2023 11:38 AM Tính giá đất swan park ( Trừ đi xây dựng) nha anh 1 Like reaction. Với so sánh khu Swan park này với dự án cùn... by Unknown User
BDS-CURATED-0442,của BeeGroup Begin quote,needs_name_or_parent_review,no,chat_sentence_name; needs_parent_name_extraction,1,2023-10-19,2023-10-19,"[2023-10-19] Huy M - IM 10/19/2023 2:30 PM 📄 2023.10.16_Danh sach du an sap trien khai.pdf Và kèm theo danh sách các dự án của BeeGroup Begin quote, Huy Mai-PTDT, 11/3/2023 8:09 A... by Huy M - IM"
BDS-CURATED-0204,dự kiến hợp tác vs park hyatt,needs_name_or_parent_review,no,needs_parent_name_extraction,1,2022-08-10,2022-08-10,"[2022-08-10] Binh Vo-GD-PTDT 8/10/2022 4:41 PM Edited 2. Trước khối khách sạn dự kiến hợp tác vs park hyatt, nên tk theo của park hyatt, mà sau này ko hợp tác được vs nhau nên phải điều chỉnh lại cho phù hợp thị trường Em gửi mọi người vài hình ảnh 3d của Green ... by Unknown User"
BDS-CURATED-0398,hiện tại,recover_project,no,,1,2025-06-29,2025-06-29,"[2025-06-29] Thao L - INVT 6/29/2025 4:35 PM EBITDA được tính bằng cách lấy tổng doanh thu trừ các chi phí vận hành trực tiếp (như chi phí phòng, F&B, điện, nước…) để ra GOP (47% - tỷ lệ Mr. David đề xuất). Từ GOP, tiếp tục trừ chi phí quản lý, chi phí khác… (chiếm khoảng 8% - tỷ lệ này đã trao đổi với Ms. Hana, hiện theo các khách sạn đang v… EBITDA là dòng tiền thuần từ kinh doanh. Nếu dùng vốn chủ 100%, đây là dòng tiền thu về. Nếu có vay, EBITDA dùng để trả lãi và gốc. Tuy nhiên, với hiệu quả dự án hiện tại, EBITDA chỉ đủ trả lãi, không đủ trả gốc Begin quote, Thao L - INVT , 6/29/2025 4:57... by Unknown User"
BDS-CURATED-0449,khu vực phía Bắc theo chỉ đạo của Anh Tâm,needs_name_or_parent_review,no,needs_parent_name_extraction,1,2023-04-15,2023-04-15,"[2023-04-15] Huy M - IM 4/15/2023 11:04 AM K.ĐT gửi CEO Tuan Tran-CEO lịch trình công tác các dự án khu vực phía Bắc theo chỉ đạo của Anh Tâm, cụ thể: image by Huy M - IM"
BDS-CURATED-0450,khác với tỷ lệ,needs_name_or_parent_review,no,needs_parent_name_extraction,1,2023-06-06,2023-06-06,[2023-06-06] Binh Vo-GD-PTDT 6/6/2023 10:16 PM Giờ Aqua cũng đã bán gần hết. Nếu giảm giá từ CĐT thì sẽ rất khó để thu tiền tiếp vs khách hàng mà đã bán. Nên cái này chắc họ cũng phải cân nhắc lại phương án. Có thể giảm giá ở các dự án khác với tỷ lệ ... by Unknown User
BDS-CURATED-0451,lớn thì gần như sẽ phải đấu t,needs_name_or_parent_review,no,needs_parent_name_extraction,1,2024-12-16,2024-12-16,[2024-12-16] Huy M - IM 12/16/2024 8:48 PM Translate Theo quy định vậy thì đc hiểu là NN sẽ thực hiện và theo thời gian đã nêu trong lúc chào thầu. Nếu làm dự án lớn thì gần như sẽ phải đấu t... by Huy M - IM
BDS-CURATED-0419,lớn thì gần như sẽ phải đấu thầu,needs_name_or_parent_review,no,needs_parent_name_extraction,1,2024-12-16,2024-12-16,[2024-12-16] Huy M - IM 12/16/2024 8:50 PM Translate Nếu làm dự án lớn thì gần như sẽ phải đấu thầu. Nên anh đề xuất P.PLDA có buổi training về các quy định luật hiện hành về đấu thầu à… Link https://tienphong.vn/dau-thau-khu-do-t... by Huy M - IM
BDS-CURATED-0453,nhiều và phân mảng,needs_name_or_parent_review,no,needs_parent_name_extraction,1,2025-04-17,2025-04-17,"[2025-04-17] Unknown User 4/17/2025 8:38 AM DIG HDC khi nào báo cáo đc ta Trong tuần này anh sẽ báo cáo trước DIG, Còn HDC dự án nhiều và phân mảng... cần thêm thời gian để tìm hiểu về hiện trạng thì qua tuần sau anh sẽ báo cáo à. Thoi -Tro Ly GD Liên quan đến nội du... by Huy M - IM"
BDS-CURATED-0454,nào mà đóng tssđ hàng năm nó cứ t,needs_name_or_parent_review,no,needs_parent_name_extraction,1,2023-08-11,2023-08-11,"[2023-08-11] Binh Vo-GD-PTDT 8/11/2023 10:47 AM Giờ tssđ sẽ rất rát, sẽ định giá sát theo giá thị trường hết Nếu dự án nào mà đóng tssđ hàng năm nó cứ t... by Unknown User"
BDS-CURATED-0250,nào mà đóng tssđ hàng năm nó cứ tăng hàng năm nữa,needs_name_or_parent_review,no,needs_parent_name_extraction,1,2023-08-11,2023-08-11,"[2023-08-11] Binh Vo-GD-PTDT 8/11/2023 10:48 AM Edited Nếu dự án nào mà đóng tssđ hàng năm nó cứ tăng hàng năm nữa. Và theo dự thảo luật đất đai mới đất tmdv là không cho đóng 1 lần nữa thì kinh doanh không thể có hiệu quả được, làm được bao nhiêu đóng hết cho nhà nước"
BDS-CURATED-0291,này hồi xưa mình có thông tin nhưng s,needs_name_or_parent_review,no,chat_sentence_name; needs_parent_name_extraction,1,2023-09-07,2023-09-07,[2023-09-07] Tuan Tran-CEO 9/7/2023 5:04 PM Dxg mới mua xong. Chỗ này hồi đó mình có tính ko ta Dự án này hồi xưa mình có thông tin nhưng s... by Huy M - IM
BDS-CURATED-0292,này nha anh Cái này phải đi khảo sát địa hình,needs_name_or_parent_review,no,chat_sentence_name; needs_parent_name_extraction,1,2022-08-10,2022-08-10,"[2022-08-10] Unknown User 8/10/2022 4:30 PM Này ai gửi nhỉ Mr. Chương gửi dự án này nha anh Cái này phải đi khảo sát địa hình, chứ thấy... by Unknown User"
BDS-CURATED-0456,này nha by Unknown User,needs_name_or_parent_review,no,chat_sentence_name; needs_parent_name_extraction,1,2023-09-03,2023-09-03,[2023-09-03] Tuan Tran-CEO 9/3/2023 6:55 PM https://drive.google.com/drive/folders/1JBSCsmYSNwJrhI7MtJd8L19xTEFImdI3?usp=sharing Venezia_Hồ sơ - Google ドライブ drive.google.com Mng nghiên cứu dự án này nha by Unknown User
BDS-CURATED-0457,này thì chuyển cho anh Tâm nên K,needs_name_or_parent_review,no,chat_sentence_name,1,2023-08-07,2023-08-07,[2023-08-07] Huy M - IM 8/7/2023 4:31 PM Anh Tâm có yêu cầu sau khi xong báo cáo dự án này thì chuyển cho anh Tâm nên K.ĐT xin ý kiến CEO Tuan Tran-CEO được chuyển tiếp báo cáo này à Chuyển nha by Unknown User
BDS-CURATED-0458,này trước họ rao 900ty đúng ko mng,needs_name_or_parent_review,no,chat_sentence_name; needs_parent_name_extraction,1,2024-06-02,2024-06-02,[2024-06-02] Tuan Tran-CEO 6/2/2024 9:25 AM Translate Dự án này trước họ rao 900ty đúng ko mng. Lúc mình tính fs là 900 đk Hồi mình tính trong fs là 1300 à by Huy M - IM
BDS-CURATED-0459,này đâu có cái nào mình nghiên,needs_name_or_parent_review,no,chat_sentence_name; needs_parent_name_extraction,1,2023-07-07,2023-07-07,[2023-07-07] Huy M - IM 7/7/2023 11:17 AM Chi tiết theo báo cáo đính kèm. 3 Du an sai Pham Trong Quan Ly Dat Dai - tinh Dong Nai.pdf Ủa mấy dự án này đâu có cái nào mình nghiên... by Unknown User
BDS-CURATED-0460,này đâu có cái nào mình nghiên cứu ta Bên Mr,needs_name_or_parent_review,no,chat_sentence_name; needs_parent_name_extraction,1,2023-07-07,2023-07-07,[2023-07-07] Tuan Tran-CEO 7/7/2023 11:19 AM Ủa mấy dự án này đâu có cái nào mình nghiên cứu ta Bên Mr. Ka có gửi KĐT nghiên cứu đánh giá v... by Huy M - IM
BDS-CURATED-0463,quy nhơn nha 1 Heart reaction,needs_name_or_parent_review,no,needs_parent_name_extraction,1,2023-05-18,2023-05-18,[2023-05-18] Tuan Tran-CEO 5/18/2023 3:09 AM Gửi lại em thông tin cái dự án quy nhơn nha 1 Heart reaction. K.ĐT gửi CEO thông tin dự án Greenhill_Quy ... by Huy M - IM
BDS-CURATED-0464,rồi,needs_name_or_parent_review,no,needs_parent_name_extraction,1,2023-09-25,2023-09-25,"[2023-09-25] Binh Vo-GD-PTDT 9/25/2023 9:54 AM Nhưng nếu bán noxh xong là định vị giá của dự án rồi, Vì cùng khu, và noxh ko thể bán giá cao đượ... by Unknown User"
BDS-CURATED-0465,thì 120 -130 ạ 31 là kích thước sao nhỉ by Admin 01,needs_name_or_parent_review,no,needs_parent_name_extraction,1,2026-03-11,2026-03-11,[2026-03-11] Admin 01 3/11/2026 12:00 PM Sao bưa nghe 150-170 mà nhỉ giá này là căn ở block đẹp Trung bình cả dự án thì 120 -130 ạ 31 là kích thước sao nhỉ by Admin 01
BDS-CURATED-0297,thương hiệu Trump đầu tiên tại Việt Nam - Tuổi Trẻ Online Chiều 21-5,needs_name_or_parent_review,no,needs_parent_name_extraction,1,2025-05-25,2025-05-25,"[2025-05-25] Huy M - IM 5/25/2025 4:39 PM https://tuoitre.vn/thu-tuong-cung-ong-eric-khoi-cong-du-an-thuong-hieu-trump-dau-tien-tai-viet-nam-20250521175920379.htm Thủ tướng cùng ông Eric khởi công dự án thương hiệu Trump đầu tiên tại Việt Nam - Tuổi Trẻ Online Chiều 21-5, Thủ tướng Phạm Minh Chính dự lễ khởi công dự án khu phức hợp đô thị, du lịch sinh thái và sân golf Khoái Châu (dự án Trump International Hưng Yên). tuoitre.vn Image by Huy M - IM"
BDS-CURATED-0467,triển khai,needs_name_or_parent_review,no,needs_parent_name_extraction,1,2023-10-19,2023-10-19,"[2023-10-19] Huy M - IM 10/19/2023 2:29 PM KĐT gửi CEO Danh sách các dự án triển khai. Chi tiết theo báo cáo đính kèm: Message by Huy M - IM, has an attachment."
BDS-CURATED-0300,tuy đạt hiệu quả đầu tư về mặt tính t,needs_name_or_parent_review,no,chat_sentence_name; needs_parent_name_extraction,1,2024-12-06,2024-12-06,[2024-12-06] Huy M - IM 12/6/2024 8:02 AM Và báo cáo đánh giá của PLDA 230529 BC PLDA da Viet An_Thuan An.docx Dự án tuy đạt hiệu quả đầu tư về mặt tính t... by Huy M - IM
BDS-CURATED-0468,tại các tỉnh phía Bắc,needs_name_or_parent_review,no,chat_sentence_name; needs_parent_name_extraction,1,2023-04-17,2023-04-17,[2023-04-17] Huy M - IM 4/17/2023 2:26 PM K.ĐT trình CEO Tuan Tran-CEO kế hoạch mới cho công tác khảo sát các dự án tại các tỉnh phía Bắc: image by Huy M - IM
BDS-CURATED-0469,vào list theo dõi,needs_name_or_parent_review,no,chat_sentence_name; needs_parent_name_extraction,1,2024-06-02,2024-06-02,[2024-06-02] Huy M - IM 6/2/2024 9:36 AM Hồi đó mình tính fs là khoảng tháng 8 9/2022 thì thị trường đang nóng sốt à Sau vụ VTP xảy ra thì đối tác có chào lại mình là 850. Team đã có báo cáo lại Tuấn và sau đó đưa dự án vào list theo dõi
BDS-CURATED-0471,à Begin quote,needs_name_or_parent_review,no,chat_sentence_name; needs_parent_name_extraction,1,2025-04-11,2025-04-11,"[2025-04-11] Huy M - IM 4/11/2025 5:29 PM https://momento360.com/e/u/1af179f2a5e34df980e8fca850113bfa?utm_campaign=embed&utm_source=other&heading=0&pitch=0&field-of-view=75&size=medium&display-plan=true Hiện trạng dự án à Begin quote, Huy Mai-PTDT, 4/11/2025 5:28 P... by Unknown User"
BDS-CURATED-0269,được tính bằng cách lấy tổng doanh thu trừ các chi phí vận hành trực tiếp (như chi phí phòng,needs_name_or_parent_review,no,chat_sentence_name; needs_parent_name_extraction,1,2025-06-29,2025-06-29,"[2025-06-29] Thao L - INVT 6/29/2025 4:35 PM EBITDA được tính bằng cách lấy tổng doanh thu trừ các chi phí vận hành trực tiếp (như chi phí phòng, F&B, điện, nước…) để ra GOP (47% - tỷ lệ Mr. David đề xuất). Từ GOP, tiếp tục trừ chi phí quản lý, chi phí khác… (chiếm khoảng 8% - tỷ lệ"
BDS-CURATED-0474,để nuôi sale nên chốt mua luôn ạ,needs_name_or_parent_review,no,needs_parent_name_extraction,1,2023-09-07,2023-09-07,"[2023-09-07] Thao L - INVT 9/7/2023 5:48 PM Theo thông tin bên lề DX biết mấy cái bất lợi, lợi nhuận cũng k được cao nhưng được cái PL okie với nó cần dự án để nuôi sale nên chốt mua luôn ạ"
BDS-CURATED-0475,📄 File,needs_name_or_parent_review,no,needs_parent_name_extraction,1,2024-12-06,2024-12-06,[2024-12-06] Huy M - IM 12/6/2024 8:02 AM Và báo cáo đánh giá của PLDA 📄 File: 230529 BC PLDA da Viet An_Thuan An.docx Mình đã có báo cáo Ply của PLDA đã đánh giá rồi à 4. Ý kiến của Phòng: - Ưu điểm: khu đất c... by Huy M - IM
BDS-CURATED-0407,Khu Chung Cư & Văn Phòng An Phú 2,recover_project,no,,1,,,[] Dạ P.ĐT xin gửi sếp Admin 01 file trình bày ạ Dự Án Khu Chung Cư & Văn Phòng An Phú 2.pdf Ủa được duyệt dân số đó là cho toàn khu hã by Admin 01
BDS-CURATED-0295,sẽ hơi nhiều gốc cạnh sau khi ráp 2 miếng vào,needs_name_or_parent_review,no,needs_parent_name_extraction,1,,,"[] Huy M - IM 5/25 12:27 PM Edited Translate Miếng màu tím thì giải quyết thêm cho mình được thêm môt lối tiếp cận từ đường số 2 cho dự án, giảm tải áp lực giao thông. Tuy nhiên, (1) theo qhpk 1.2000 thì lô màu tím chỉ được tầng cao tối đa 20 tầng, 31 TN thì hiện trạng được 35 tầng nên sẽ không đồng bộ về chiều cao và (2) hình dáng khu đất sẽ hơi nhiều gốc cạnh sau khi ráp 2 miếng vào. Nếu có hướng mua thêm được lô warning zone bên cạnh nữa thì quá đẹp Sếp. Mình xin điều chỉnh gộp quy hoạch đc by Admin 01"
BDS-CURATED-0397,căn hộ Đức Long Wes,needs_name_or_parent_review,no,needs_parent_name_extraction,1,2025-04-03,2025-04-03,[2025-04-03] Unknown User 4/3/2025 2:35 PM 300 tỷ 📄 QĐ 2805 UBNDTP - QUY HOẠCH 1-2000 1.7.2019 (4).pdf 📄 Bản vẽ hiện trạng Gia Long.pdf 📄 SO DO Gia Long.pdf https://vietnamnet.vn/dien-bien-moi-vu-duc-long-gia-lai-land-bi-... Các vướng mắc của dự án căn hộ Đức Long Wes... by Huy M - IM
BDS-CURATED-0243,của Novaland được tháo gỡ liên quan đến Waterbay và Lakeview theo NQ 170 của Quốc Hội Liên quan đến vấn đề giả,needs_name_or_parent_review,no,bad_name_length; needs_parent_name_extraction,1,2025-02-28,2025-02-28,[2025-02-28] Huy M - IM 2/28/2025 11:55 AM Translate Thực hiện chỉ đạo của CEO trong công tác đào tạo nội bộ. P.ĐT sáng nay có thực hiện trao đổi về case của 2 Dự án của Novaland được tháo gỡ liên quan đến Waterbay và Lakeview theo NQ 170 của Quốc Hội Liên quan đến vấn đề giải quyết vướng mắc c... by Huy M - IM
BDS-CURATED-0433,AN TON,needs_name_or_parent_review,no,needs_parent_name_extraction,1,,,[] Phòng xin gửi đính kèm báo cáo đầu tư của phòng ĐT và báo cáo đề xuất giá của phòng R&D. Trân trọng. 13042026_R&D_PA de xuat chi tiet KDC Doi An Ton (1) 1.pdf BANG TONG HOP 2 PHUONG AN - DA AN TON.pdf 23042026 BC DAU TU KDC AN TON.pdf Mai 15h báo anh này by Admin 01
BDS-CURATED-0277,Gladia heights dự kiến triển khai trong 2026 này,needs_name_or_parent_review,no,needs_parent_name_extraction,1,,,"[] Dạ dự án Gladia heights dự kiến triển khai trong 2026 này, hiện thị trường đang rumor giá 100tr/m2 ạ image Dạ đây là bản đồ các dự án cao tầng g... by Khoa L - INVT"
BDS-CURATED-0437,Holiday Beach - 14,recover_project,no,,1,,,"[] Phòng xin gửi đính kèm báo cáo lời và bảng trình bày + Bảng FS. Trân trọng, BC Trinh bay - DA Holiday Beach - 14.05.2026.pdf BC lời DA Holiday Beach - 14.5.2026.pdf FS Holiday Beach - PA Condotel + Hotel 14.5.2026.pdf Message by Admin 01"
BDS-CURATED-0438,IRR thấp hơn ạ,recover_project,no,,1,,,"[] Dạ do đất ở lâu dài, sau khi hết thời hạn vận hành, thì giá trị quyền sử dụng đất vẫn còn nguyên, nên phòng đầu tư mới đề xuất tính them 1 phương không có đất vào. Đối với phương án tính đất, Phòng Đầu tư đang giả định giá đất chỉ tăng có 5%, dẫn đến hiệu quả dự án IRR thấp hơn ạ."
BDS-CURATED-0307,Parklane P,needs_name_or_parent_review,no,needs_parent_name_extraction,1,,,"[] Dạ dự án Parklane P. RD vừa cập nhật lại giá có thương hiệu sau khi khảo sát thực tế Mai phòng sẽ báo lại hiệu quả ạ Friday K.ĐT gửii anh Admin 01 báo cáo về dự án... by Thao L - INVT, has an attachment."
BDS-CURATED-0477,chư by Admin 01,needs_name_or_parent_review,no,needs_parent_name_extraction,1,,,"[] Thao L - INVT 6/2 3:24 PM Translate Ngoài ra, theo thông lệ, tăng lên 1 tầng thì SĐT/m2 sàn sẽ tăng khoảng 0.5% ạ => tăng từ 30 tầng lên 40 tầng thì SĐT/m2 sàn sẽ tăng khoảng 5% Làm phương án max để rao bán toàn dự án chư by Admin 01"
BDS-CURATED-0478,cần bố trí khoảng xanh,needs_name_or_parent_review,no,chat_sentence_name; needs_parent_name_extraction,1,,,"[] Phòng xin ý kiến của Sếp để phòng nhờ anh Tài binh thêm phương án này vì theo hướng dự án cần bố trí khoảng xanh, khoảng lùi,…rồi tính thêm 1 FS theo phương án này ạ. Ok by Unknown User"
BDS-CURATED-0447,hay VP,needs_name_or_parent_review,no,needs_parent_name_extraction,1,,,[] Admin 01 3/11 11:54 AM Translate Kêu R&D nghiên cứu lại phần TMDV thì nên làm khách sạn hay VP. Chứ hiện tại thấy VP ở đó hơi hẻo Giá cho thuê thấp quá by Admin 01
BDS-CURATED-0452,một lần,needs_name_or_parent_review,no,needs_parent_name_extraction,1,,,"[] Dạ IRR khác biệt nhiều so với LNTT/TMĐT vì ngày lúc đầu mình tự bỏ tiền vốn ra để mua dự án một lần, cũng như là dòng tiền bán hàng em đang dự trù thận trọng (tốc độ bán hàng kéo dài). Vì vậy yếu tố IRR sẽ thấp hơn LNTT/TMĐT ạ Thử hỏi anh Dũng xem nếu mình mua rồi hợp t... by Admin 01"
BDS-CURATED-0481,nha em,needs_name_or_parent_review,no,needs_parent_name_extraction,1,,,"[] Dạ vâng ạ, để tối nay em cày voted ạ. 4 DA nha em: 1. Legacy Hoi An 2. Sen Hoi An 3. Bel Marina Hoi An 4. The Signature Hoi An K.ĐT báo cáo anh Admin 01 về dự án Bà K... by Thao L - INVT"
BDS-CURATED-0310,thì cách tiếp cận sẽ khác so với các PA ban đầu,needs_name_or_parent_review,no,needs_parent_name_extraction,1,,,"[] Thao L - INVT 6/2 4:17 PM Edited Translate Với mục đích rao bán toàn dự án thì cách tiếp cận sẽ khác so với các PA ban đầu, P.ĐT sẽ kết hợp P.RD đang nghiên cứu thị trường để phù hợp hơn Sau khi có báo cáo của RD, P.ĐT sẽ tính toán và báo lại liền ạ"
BDS-CURATED-0311,thì họ sẽ làm như thế nào Huy M - IM Rồi anh tính phương án thử by Admin 01,needs_name_or_parent_review,no,needs_parent_name_extraction,1,,,[] Admin 01 6/17 1:53 PM Translate Thử hỏi anh Dũng xem nếu mình mua rồi hợp tác Gamuda thì họ sẽ làm như thế nào Huy M - IM Rồi anh tính phương án thử by Admin 01
BDS-CURATED-0426,và thị trường khu vực,needs_name_or_parent_review,no,needs_parent_name_extraction,1,,,"[] Dạ sau khi trao đổi với anh về hiện trạng dự án và thị trường khu vực, P.ĐT có trao đổi với các phòng ban liên quan, hiện P.RD vừa đề xuất lại phương án kinh doanh mới và P.QH đang binh phương án mới phù hợp với quy mô dân số và phương án P.RD đề xuất. Cả 2 phòng đang triển khai song song, sau khi có báo cáo thị trường và phương án QH mới Em sẽ chạy lại FS và báo cáo liền ạ"
