master_id,project_name,mention_count,first_report_date,latest_report_date,source_files,senders,latitude,longitude,coordinates,map_urls,location,province_city,district_area,land_area,project_type,land_type,planning_summary,max_floors,far,building_density,population,legal_summary,legal_status,asking_price,price_mentions,selling_price,land_cost,total_investment,revenue,profit,irr,npv,payback,risks,next_actions,attachments,source_excerpt,data_completeness_score,project_name_raw,clean_key,land_area_raw_mentions,land_area_main,land_area_main_raw,other_area_mentions,asking_land_price,total_investment_clean,revenue_clean,profit_clean,irr_clean,npv_clean,payback_clean,financial_raw_mentions,far_clean,max_floors_clean,population_clean,density_clean,planning_doc_status,gpm_status,lur_status,approval_status,map_link_attached_from_chunk,map_link_match_score,coordinate_source,coordinate_quality,merged_from_ids,curated_id,score_total,score_location,score_data,score_planning,score_legal,score_financial,score_risk_penalty,score_grade,score_notes,entity_type,entity_classification_note,product_structure,record_id,report_date,has_coordinates,has_area,has_planning,has_legal,has_financial
BDS-MASTER-0059,12ha KDC Vĩnh Phú gần Phú Quang,3,2026-05-08,2026-05-08,batch_052.txt; batch_127.txt; batch_188.txt,Khoa L - INVT,10.8868153,106.7156351,"10.8868153, 106.7156351",https://goo.gl/maps/Empzn8zwhyULFrqV8,,,Thủ Đức,125.000 m² (~12.50 ha),cao tầng,,"quy hoạch và hình dáng thuận lợi để triển khai dự án, P.ĐT đề xuất gom mua diện… Vào phòng a trình bày cái này; quy hoạch và hình dáng thuận lợi để triển khai dự án, P.ĐT đề xuất gom mua diện tích đất nằm trong ranh đỏ như trong hình với diện tích ~ 12.5 ha Quỹ đất gom mua sẽ thuộc phân khu 3 thành p; quy hoạch nhóm nhà ở, nằm trọn các ô đất OD 3, OD5, OD8, OD9, OD4, OD10 và 1 phần OD4, OD11. Thông số quy hoạch như sau: - Tầng cao: 15-30 - Hệ số: 6-8 - Dân số: 6,151 II. Phương án quy hoạ; quy hoạch định hướng theo cách bố trí hỗn cao tầng và thấp tầng trong từng ô nhằm sử dụng tối ưu dân số và tầng cao. - 4 khu cao tầng (3 khu cao 30 tầng và 1 khu cao 15 tầng): 2.464 căn hộ,; quy hoạch OD3, OD5, OD8, OD9, OD10, một phần ô OD4 và OD11 (như trong hình vẽ) để đảm bảo thuận; quy hoạch nhóm nhà ở, nằm trọn các ô đất OD 3, OD5, OD8, OD9, OD4, OD10 và 1 phần OD4, OD11. Thông số quy hoạch như sa",tầng cao. - 4 khu cao tầng (3 khu cao 30 tầng; cao 15 tầng; cao tầng (3 khu cao 30 tầng,Hệ số: 6,,"Dân số: 6,151","Tiền sử dụng đất: 956 tỷ c) Hiệu quả đầu tư: Để đảm bảo hiệu quả tài chỉnh LNTT/TMĐT đạt 20%, LNST 1.395 tỷ, IRR 16% thì giá gom đất trung bình cho tổng diện tích 12.5ha, đa phần đất lúa và HNK, là 1.124 tỷ, tương đương đơn giá mua đất",,giá mua đất là 9 79 tr/m2,79 tr/m2; 100 tr/m2; 70tr/m2; 43tr/m2; 77 tr/m2; 58 tr/m2; 20 tr/m2; 9tr/m2; 956 tỷ; 1.395 tỷ; 1.124 tỷ,Giá bán căn hộ: 50 - 79 tr/m2; Giá bán shop TM: 60 -100 tr/m2; Giá bán nhà phố: 70tr/m2; Giá bán biệt thự: 66 – 77 tr/m2,Tiền sử dụng đất: 956 tỷ,"TMĐT đạt 20%, LNST 1.395 tỷ",doanh thu + Lãi suất: 12%/năm + Tiền sử dụng đất: 956 tỷ,"LNST 1.395 tỷ; LNTT/TMĐT đạt 20%, LNST 1.395 tỷ",IRR 16%,,,"đề xuất gom mua diện… Vào phòng a trình bày cái này; đề xuất gom mua diện tích đất nằm trong ranh đỏ như trong hình với diện tích ~ 12.5 ha Quỹ đất gom mua sẽ thuộc phân khu 3 thành phố Thủ Đức, Đất đơn vị ở 1, quy hoạch nhóm nhà ở, nằm trọn các ô đất OD 3, OD5, OD8, OD9, OD4, OD; ĐỀ XUẤT: - Tập trung gom các thửa đất nằm trọn trong các ô quy hoạch OD3, OD5, OD8, OD9, OD10, một phần ô OD4 và OD11 (như trong hình vẽ) để đảm bảo thuận","đề xuất gom mua diện… Vào phòng a trình bày cái này; đề xuất gom mua diện tích đất nằm trong ranh đỏ như trong hình với diện tích ~ 12.5 ha Quỹ đất gom mua sẽ thuộc phân khu 3 thành phố Thủ Đức, Đất đơn vị ở 1, quy hoạch nhóm nhà ở, nằm trọ; ĐỀ XUẤT: - Tập trung gom các thửa đất nằm trọn trong các ô quy hoạch OD3, OD5, OD8, OD9, OD10, một phần ô OD4 và OD11 (như trong hình vẽ) để đảm bảo thuận",,"[2026-05-08] Khoa L - INVT 5/8/2026 11:57 AM 📷 Dạ P.ĐT báo cáo sếp Admin 01 dự án 12ha KDC Vĩnh Phú gần Phú Quang. I. Thông tin tổng quan: 📷 Dựa vào sự phù hợp quy hoạch và hình dáng thuận lợi để triển khai dự án, P.ĐT đề xuất gom mua diện… Vào phòng a trình bày cái này

---

[] Dạ P.ĐT báo cáo sếp Admin 01 dự án 12ha KDC Vĩnh Phú gần Phú Quang. I. Thông tin tổng quan: Dựa vào sự phù hợp quy hoạch và hình dáng thuận lợi để triển khai dự án, P.ĐT đề xuất gom mua diện tích đất nằm trong ranh đỏ như trong hình với diện tích ~ 12.5 ha Quỹ đất gom mua sẽ thuộc phân khu 3 thành phố Thủ Đức, Đất đơn vị ở 1, quy hoạch nhóm nhà ở, nằm trọn các ô đất OD 3, OD5, OD8, OD9, OD4, OD10 và 1 phần OD4, OD11. Thông số quy hoạch như sau: - Tầng cao: 15-30 - Hệ số: 6-8 - Dân số: 6,151 II. Phương án quy hoạch vừa cao tầng và thấp tầng: Phương án quy hoạch định hướng theo cách bố trí hỗn cao tầng và thấp tầng trong từng ô nhằm sử dụng tối ưu dân số và tầng cao. - 4 khu cao tầng (3 khu cao 30 tầng và 1 khu cao 15 tầng): 2.464 căn hộ, 46 căn shophouse - 164 căn nhà phố liên kế, - 51 căn biệt thự III. PA triển khai đầu tư: a) Giả định kinh doanh: + Giá bán căn hộ: 50 - 79 tr/m2 (gồm V, tim tường) + Giá bán shop TM: 60 -100 tr/m2 (gồm V, tim tường) + Nhà trẻ: Cho thuê giá 4$/m2/tháng. + Giá bán nhà phố: 70tr/m2 (gồm nhà và đất) (trong đó giá đất: 43tr/m2) + Giá bán biệt thự: 66 – 77 tr/m2 (gồm nhà và đất) (trong đó giá đất: 50-58 tr/m2) b) Giả định chi phí: + Suất xây dựng cao tầng

---

[] Dạ P.ĐT báo cáo sếp Admin 01 dự án 12ha KDC Vĩnh Phú gần Phú Quang. I. Thông tin tổng quan: Dựa vào sự phù hợp quy hoạch và hình dáng thuận lợi để triển khai dự án, P.ĐT đề xuất gom mua diện tích đất nằm trong ranh đỏ như trong hình với diện tích ~ 12.5 ha Quỹ đất gom mua sẽ thuộc phân khu 3 thành phố Thủ Đức, Đất đơn vị ở 1, quy hoạch nhóm nhà ở, nằm trọn các ô đất OD 3, OD5, OD8, OD9, OD4, OD10 và 1 phần OD4, OD11. Thông số quy hoạch như sau: - Tầng cao: 15-30 - Hệ số: 6-8 - Dân số: 6,151 II. Phươ",76,12ha KDC Vĩnh Phú gần Phú Quang,12ha kdc vĩnh phú gần phú quang,125.000 m² (~12.50 ha),125.000 m² (~12.50 ha),12.5 ha,12ha,giá mua đất là 9 79 tr/m2,"TMĐT đạt 20%, LNST 1.395 tỷ",doanh thu + Lãi suất: 12%/năm + Tiền sử dụng đất: 956 tỷ,"LNST 1.395 tỷ; LNTT/TMĐT đạt 20%, LNST 1.395 tỷ",IRR 16%,,,"giá mua đất là 9 79 tr/m2; 79 tr/m2; 100 tr/m2; 70tr/m2; 43tr/m2; 77 tr/m2; 58 tr/m2; 20 tr/m2; 9tr/m2; 956 tỷ; 1.395 tỷ; 1.124 tỷ; Giá bán căn hộ: 50 - 79 tr/m2; Giá bán shop TM: 60 -100 tr/m2; Giá bán nhà phố: 70tr/m2; Giá bán biệt thự: 66 – 77 tr/m2; Tiền sử dụng đất: 956 tỷ; TMĐT đạt 20%, LNST 1.395 tỷ; doanh thu + Lãi suất: 12%/năm + Tiền sử dụng đất: 956 tỷ; LNST 1.395 tỷ; LNTT/TMĐT đạt 20%, LNST 1.395 tỷ; IRR 16%",Hệ số: 6,tầng cao. - 4 khu cao tầng (3 khu cao 30 tầng; cao 15 tầng; cao tầng (3 khu cao 30 tầng,"Dân số: 6,151",,,,"Tiền sử dụng đất: 956 tỷ c) Hiệu quả đầu tư: Để đảm bảo hiệu quả tài chỉnh LNTT/TMĐT đạt 20%, LNST 1",,batch_188.txt,16,matched_teams_map_link,matched_teams_map_link,,BDS-CURATED-0011,89,35,25,14,13,28,0,A,,project_or_deal,,,BDS-CURATED-0011,2026-05-08,yes,yes,yes,yes,yes
,31 Trần Não,7,2024-12-11,2025-02-11,batch_204.txt; batch_523.txt; batch_576.txt; batch_115.txt; batch_166.txt; batch_199.txt; batch_610.txt,Thao L - INVT,10.7964935,106.7288642,"10.7964935, 106.7288642",https://maps.app.goo.gl/AoJAreLLvUUHzVVw5; https://maps.app.goo.gl/uKe9j2z7xKHjdR8A7,"và hiện trạng: - Dự án cao tầng với tổng diện tích đất là 5,243.6m2. - Chi phí đất ban đầu: 894 tỷ ~ 170tr/m2 – full ở - Vị trí dự án tiếp giáp đường Trần Não. - Hiện trạng: Dự án có nguồn gốc đất là Full ở lâu dài (theo; và hiện trạng: - Dự án cao tầng với tổng diện tích đất là 5,537m2, diện tích đất phù hợp quy hoạch là 4,926.4m2. - Giá chuyển nhượng: 275 tỷ ~ 55.8tr/m2 cho 4,926.4m2, cam kết thực hiện pháp lý đến giấy phép xây dựng và",Bình Dương,Quận 3; Quận 1,5.244 m²,Cao tầng; Chung cư; CĂN HỘ,"iáp đường Trần Quang Diệu: + Cách ngã tư Mỹ Phước Tân Vạn – Trần Quang Diệu khoảng 200m. + Cách ngã tư Mỹ Phước Tân Vạn – DT743 (Cao tốc HCM – Chơn Thành) khoản; Cần xác định chi phí đất cập nhất mới 2.500 tỷ đồng đã bao gồm tiền chuyển mục đích sử dụng đất cho toàn bộ khu đất hay chưa. -Trường hợp chưa bao gồm, đề xuấ; án t","quy hoạch là 4,926.4m2. - Giá chuyển nhượng: 275 tỷ ~ 55.8tr/m2 cho 4,926.4m2, cam kết thực hiện pháp lý đến giấy phép xây dựng và gồm tiền chuyển đổi mục đích sử dụng đất. - Vị trí dự án t; dân số: 1085 dân + Diện tích: 4926.4m2 + Tiến độ: . Hoàn thiện pháp lý: QIII/2024 - QI/2025. . Xây dựng: QII/2025 – QIII/2029. . Nghiệm thu, khai thác, kinh doanh: QIV/2029 – QIII/20230; quy hoạch: - Quy hoạch chung và QH 1/2000 và chỉ tiêu xây dựng: Phù hợp, tuy nhiên cần rà soát lại với đối tác về Chỉ tiêu Dân số theo chủ trương đầu tư đã được duyệt. - Các bản vẽ liên qua; dân số: -Theo Báo cáo thuyết minh T01/2025, quy mô dân số dự kiến là 583 người. -Tuy nhiên, căn cứ QHPK 1/2000 được phê duyệt T06/2025, chỉ tiêu dân số giảm xuống còn 461 người. 2. Pháp",cao tầng hỗn hợp gồm: 04 tầng; cao cấp. b. Quy mô: 3 hầm + 30 tầng; Quy mô: 3 hầm + 30 tầng,,,,"Pháp lý: P.ĐT nhận thông tin Tính hiệu quả sơ bộ dự án từ Mr. Hùng theo Thuyết minh dự án được cung cấp. Không có bất kì hồ sơ pháp lý nào, vì thế chưa thể đánh giá pháp lý dự án. Theo Thuyết minh dự án đề xuất thay đổi như sau; Pháp lý dự án: bắt đầu 2025 - Xây dựng: cuối 2025 – giữa 2027 - Bán hàng: đầu 2026 – giữa 2026 - Tiến độ thu tiền: đầu 2026 – cuối 2027 - Vận hành: từ 2028 d. Tổng mức đầu tư gồm VAT: 2,590 tỷ - Tiền sử dụng đất đóng thêm tạm t; pháp lý đến giấy phép xây dựng và gồm tiền chuyển đổi mục đích sử dụng đất. - Vị trí dự án tiếp giáp đường Trần Quang Diệu: + Cách ngã tư Mỹ Phước Tân Vạn – Trần Quang Diệu khoảng 200m. + Cách ngã tư Mỹ Phước Tân Vạn – DT743 (C; Pháp lý: a. Pháp lý đất: - GCNQSDĐ: 5,537m2; trong đó: Đất ở đô thị: 1,326.7m2; Còn lại là Đất rồng cây lâu năm. - Bản vẽ trích lục khu đất. - Văn bản số 722/UBND-KT của UBND tỉnh Bình Dương ban hành ngày 21/02/2023 V/v Chấp th; Pháp lý đầu tư: - Quyết định số 2827/QĐ-UBND của UBND tỉnh Bình Dương ban hành ngày 01/10/2024 V/v Chấp thuận Chủ trương đầu tư đồng thời Chấp thuận Nhà đầu tư + Mục tiêu: Đầu tư xây dựng khu nhà ở cao tầng (để bán, cho thuê, c; pháp lý: QIII/2024 - QI/2025. . Xây dựng: QII/2025 – QIII/2029. . Nghiệm thu, khai thác, kinh doanh: QIV/2029 – QIII/20230. c. Pháp lý quy hoạch: - Quy hoạch chung và QH 1/2000 và chỉ tiêu xây dựng: Phù hợp, tuy n; Pháp lý đất: -Tổng diện tích khu đất gồm 04 thửa: 5.243 m². -Hiện P.ĐT chỉ có GCN 01 thửa có diện tích 3.580 m², bao gồm: 1.354 m² đất ở và 2.226 m² đất CLN -03 thửa đất còn lại với tổng diện tích 1.660 m² hiện chưa có thông ti; GCN của toàn bộ khu đất nhằm xác định hiện trạng các loại đất, làm cơ sở tính toán lại tiền chuyển mục đích sử dụng đất. Image Chỉ tiêu này nha by Admin 01; pháp lý đến giấy phép xây dựng và gồm tiền chuyển đổi ","Pháp lý: P.ĐT nhận thông tin Tính hiệu quả sơ bộ dự án từ Mr. Hùng theo Thuyết minh dự; pháp lý đến giấy phép xây dựng và gồm tiền chuyển đổi mục đích sử dụng đất. - Vị trí dự; chưa VAT, tim tường), Mở bán từ Q4/2028 - Q2/2029, Bàn giao nội thất cơ bản - Shophouse: 1,280 tỷ + Đơn giá: 250tr/m2 ~ 30.2",,"894 tỷ; 170tr/m2; 2,590 tỷ; 367 tỷ; 70tr/m2; 16.9tr/m2; 14tr/m2; 20tr/m2; 38,654 tỷ; 167.3tr/m2; 125tr/m2; 147.85tr/m2; 137 tỷ; 12,768 tỷ; 1,158 tỷ; 1,515 tỷ","Đơn giá bán Căn hộ trung bình 2026 - 2027 gồm VAT: 167.3tr/m2; giá căn hộ chưa VAT, tim tường QI/2025: 125tr/m2","Chi phí đất ban đầu: 894 tỷ; Tiền sử dụng đất đóng thêm tạm tính: 367 tỷ; chi phí đất (2,700 tỷ; tiền đất và 200 tỷ; chi phí đất (chỉ gồm 200 tỷ; chi phí đất (2.500 tỷ; Chi phí đất: 2,500 tỷ; chi phí đất cập nhất mới 2.500 tỷ","Tổng mức đầu tư gồm VAT: 2,590 tỷ","doanh thu bán hàng + vận hành gồm VAT: 38,654 tỷ",,IRR = 13.44%,NPV = 137 tỷ,,"chưa thể đánh giá pháp lý dự án. Theo Thuyết minh dự án đề xuất thay đổi như sau: 3. Tính khả thi: a. Loại hình phát triển: Dự án cao tầng hỗn hợp gồm: 04 tầng TTTTM, 06 tầng Khách sạn 4 - 5 sao, 05 tầng Văn phòng hạng B và; chưa VAT, tim tường QI/2025: 125tr/m2. + Đơn giá că; chưa VAT, tim tường QI/2025: 125tr/m2. + Đơn giá căn hộ có VAT; đề xuất: - Loại hình: Căn hộ ở, Căn hộ dịch vụ và Shophouse - Quy mô: Tòa 35 tầng + 2 hầm: + 2 Tầng shophouse + CHDV: 1 tầng dịch vụ CHDV, 17 tầng CHDV, + Căn hộ ở: 2 tầng lánh nạn + dịch vụ, 13 tầng căn hộ ở 2. Tổng chi phí (V; chưa VAT, tim tường), Mở bán từ Q4/2028 - Q2/2029, Bàn giao nội thất cơ bản - Shophouse: 1,280 tỷ + Đơn giá: 250tr/m2 ~ 30.2 tỷ/căn (chưa VAT, tim tường), Mở bán từ Q3/2030 - Q4/2030, Bàn giao thô - CHDV: Bắt đầu vận hành 20; chưa có thông tin về hiện trạng và loại đất. *Nội dung cần làm rõ: - Cần xác định chi phí đất cập nhất mới 2.500 tỷ đồng đã bao gồm tiền chuyển mục đích sử dụng đất cho toàn bộ khu đất hay chưa. -Trường hợp chưa bao gồm, đề","cần cung cấp đầy đủ hồ sơ dự án. 2. Hồ sơ Pháp lý: P.ĐT nhận thông tin Tính hiệu quả sơ bộ dự án từ Mr. Hùng theo Thuyết minh dự án được cung cấp. Không có bất kì hồ sơ pháp lý nào, v; đề xuất thay đổi như sau: 3. Tính khả thi: a. Loại hình phát triển: Dự án cao tầng hỗn hợp gồm: 04 tầng TTTTM, 06 tầng Khách sạn 4 - 5 sao, 05 tầng Văn phòng hạng B và 15 tầng Căn hộ ở ca; cần rà soát lại với đối tác về Chỉ tiêu Dân số theo chủ trương đầu tư đã được duyệt. - Các bản vẽ liên quan khác. 3. Tính khả thi: a. Loại hình phát triển: Định vị phân khúc B b. Quy; đề xuất: - Loại hình: Căn hộ ở, Căn hộ dịch vụ và Shophouse - Quy mô: Tòa 35 tầng + 2 hầm: + 2 Tầng shophouse + CHDV: 1 tầng dịch vụ CHDV, 17 tầng CHDV, + Căn hộ ở: 2 tầng lánh nạn + dịch; cần làm rõ: - Cần xác định chi phí đất cập nhất mới 2.500 tỷ đồng đã bao gồm tiền chuyển mục đích sử dụng đất cho toàn bộ khu đất hay chưa. -Trường hợp chưa bao gồm, đề xuất cung cấp",,"[2025-02-11 | BDS-MASTER-0004] [2025-02-11] Thao L - INVT 2/11/2025 1:56 PM Edited Translate K.ĐT báo cáo anh Mr Mike1 -CEO về Cao tầng 31 Trần Não như sau: 1. Thông tin, vị trí và hiện trạng: - Dự án cao tầng với tổng diện tích đất là 5,243.6m2. - Chi phí đất ban đầu: 894 tỷ ~ 170tr/m2 – full ở - Vị trí dự án tiếp giáp đường Trần Não. - Hiện trạng: Dự án có nguồn gốc đất là Full ở lâu dài (theo thông tin được cung cấp), vì thế phần đất tương ứng sản phẩm Thương mại (TTTM, Khách sạn, Văn phòng) có khả năng được thời hạn lâu dài (tương tự dự án 197 Lê Văn Sỹ, Quận 3). Tuy nhiên, để P.PLDA có đánh giá chính xác và chi tiết hơn cần cung cấp đầy đủ hồ sơ dự án. 2. Hồ sơ Pháp lý: P.ĐT nhận thông tin Tính hiệu quả sơ bộ dự án từ Mr. Hùng theo Thuyết minh dự án được cung cấp. Không có bất kì hồ sơ pháp lý nào, vì thế chưa thể đánh giá pháp lý dự án. Theo Thuyết minh dự án đề xuất thay đổi như sau: 3. Tính khả thi: a. Loại hình phát triển: Dự án cao tầng hỗn hợp gồm: 04 tầng TTTTM, 06 tầng Khách sạn 4 - 5 sao, 05 tầng Văn phòng hạng B và 15 tầng Căn hộ ở cao cấp. b. Quy mô: 3 hầm + 30 tầng. c. Thời gian triển khai: - Pháp lý dự án: bắt đầu 2025 - Xây dựng: cuối 2025 – giữa 2027 - Bán hàng: đầu 2026 – giữa 2026 - Tiến độ

---

[2024-12-11 | BDS-MASTER-0022] [2024-12-11] Thao L - INVT 12/11/2024 5:31 PM Edited Translate K.ĐT báo cáo anh Mr Mike1 -CEO về Chung cư Phượng Hoàng, Dĩ An, Bình Dương (Nguồn: Mr. Khôi) như sau: 1. Thông tin, vị trí và hiện trạng: - Dự án cao tầng với tổng diện tích đất là 5,537m2, diện tích đất phù hợp quy hoạch là 4,926.4m2. - Giá chuyển nhượng: 275 tỷ ~ 55.8tr/m2 cho 4,926.4m2, cam kết thực hiện pháp lý đến giấy phép xây dựng và gồm tiền chuyển đổi mục đích sử dụng đất. - Vị trí dự án tiếp giáp đường Trần Quang Diệu: + Cách ngã tư Mỹ Phước Tân Vạn – Trần Quang Diệu khoảng 200m. + Cách ngã tư Mỹ Phước Tân Vạn – DT743 (Cao tốc HCM – Chơn Thành) khoảng 1Km. + Cách Quận 1, TP.HCM khoảng 26Km. 2. Pháp lý: a. Pháp lý đất: - GCNQSDĐ: 5,537m2; trong đó: Đất ở đô thị: 1,326.7m2; Còn lại là Đất rồng cây lâu năm. - Bản vẽ trích lục khu đất. - Văn bản số 722/UBND-KT của UBND tỉnh Bình Dương ban hành ngày 21/02/2023 V/v Chấp thuận CĐT nhận chuyển nhượng quyền sử dụng đất nông nghiệp để thực hiện dự án đầu tư phi nông nghiệp. b. Pháp lý đầu tư: - Quyết định số 2827/QĐ-UBND của UBND tỉnh Bình Dương ban hành ngày 01/10/2024 V/v Chấp thuận Chủ trương đầu tư đồng thời Chấp thuận Nhà đầu tư + Mục tiêu: Đầu tư xây dựng khu nhà 

---

[2024-12-11 | BDS-MASTER-0184] [2024-12-11] Thao L - INVT 12/11/2024 5:31 PM Edited Translate K.ĐT báo cáo anh Mr Mike1 -CEO về Chung cư Phượng Hoàng, Dĩ An, Bình Dương (Nguồn: Mr. Khôi) như sau: 1. Thông tin, vị trí và hiện trạng: - Dự án cao tầng với tổng diện tích đất là 5,537m2, diện tích đất phù hợp quy hoạch là 4,926.4m2. - Giá chuyển nhượng: 275 tỷ ~ 55.8tr/m2 cho 4,926.4m2, cam kết thực hiện pháp lý đến giấy phép xây dựng và gồm tiền chuyển đổi mục đích sử dụng đất. - Vị trí dự án t

---

[ | BDS-MASTER-0099] [] Thao L - INVT 5/11 1:38 PM Edited Translate K.ĐT gửi anh Admin 01 báo cáo dự án 31 Trần Não như sau: I. TỔNG QUAN 02 PHƯƠNG ÁN: II. PHƯƠNG ÁN CĂN HỘ DỊCH VỤ KẾT HỢP VĂN PHÒNG VÀ TRUNG TÂM THƯƠNG MẠI 1. Chi phí xây dựng (VAT): 1,800 tỷ - Đơn giá XD Allin: 21.5tr/m2 (trong đó SĐT VP + hầm: 18.6tr/m2 - Dựa vào S.ĐT P.QS tính theo chuẩn VP Opal) - SĐT/CHDV: 3.1 tỷ/key 2. Doanh thu và Chi phí vận hành (VAT): - Tỷ lệ diện tích thương phẩm Văn phòng đạt khoảng 79%, CHDV chỉ khoảng 60% (nhiều tiện ích đi kèm) - Giá thuê và phí dịch vụ của văn phòng năm đầu: 38.5$/m2/tháng gồm VP: 33$/m²/tháng + phí dịch vụ 5.5$/m²/tháng; CPVH: 20% DT; Tỷ lệ tăng giá thuê 3%/năm - Giá thuê CHDV năm đầu: + Dài ngày chiếm 70%: 33tr/căn/tháng ~ 23.2$/m2/tháng + Ngắn ngày chiếm 30%: 1.6tr/căn/đêm ~ 33.9$/m²/tháng => Quy đổi trung bình đơn giá thuê CHDV năm đầu: 26.4$ /m²/tháng, CPVH: 50% DT; Tỷ lệ tăng giá thuê 5%/năm - Giá thuê sỉ TTTM năm đầu: 14.3$/m2/tháng; CPVH: 4% DT; Tỷ lệ tăng giá thuê 2%/năm 3. Hiệu quả đầu tư: - Nếu tính chi phí đất (2,700 tỷ, gồm: 2,500 tỷ tiền đất và 200 tỷ tiền SDĐ): IRR = 5.47% - Nếu không tính chi phí đất (chỉ gồm 200 tỷ tiền SDĐ): IRR = 11.63% và độ nhạy: III. PHƯƠNG ÁN FULL ",93,cao tầng với tổng diện tích đất là 5,cao tầng 31 trần não,5.244 m²,5.244 m²; 5.537 m²; 5.243 m²,5.244 m²; 5.537 m²; 5.243 m²,"5,243.6m2; 4,926.4m2; 926.4m2; 1,326.7m2; 3.580 m²; 1.354 m²; 2.226 m²; 1.660 m²",,"Tổng mức đầu tư gồm VAT: 2,590 tỷ; Tổng chi phí (VAT) TMĐT: 4,200 tỷ","doanh thu bán hàng + vận hành gồm VAT: 38,654 tỷ; Doanh thu - Căn hộ: 3,360 tỷ","LNTT loại hình bán Căn hộ và Shophouse = 1,360tỷ",IRR = 13.44%; IRR = 24.9%; IRR= 24.9%; IRR = 5.47%; IRR = 11.63%; IRR = 5.69%; IRR = 15.64%; IRR cả dự án: 5.4%,NPV = 137 tỷ,,"894 tỷ; 170tr/m2; 2,590 tỷ; 367 tỷ; 70tr/m2; 16.9tr/m2; 14tr/m2; 20tr/m2; 38,654 tỷ; 167.3tr/m2; 125tr/m2; 147.85tr/m2; 137 tỷ; 12,768 tỷ; 1,158 tỷ; 1,515 tỷ; Đơn giá bán Căn hộ trung bình 2026 - 2027 gồm VAT: 167.3tr/m2; giá căn hộ chưa VAT, tim tường QI/2025: 125tr/m2; Chi phí đất ban đầu: 894 tỷ; Tiền sử dụng đất đóng thêm tạm tính: 367 tỷ; Tổng mức đầu tư gồm VAT: 2,590 tỷ; doanh thu bán hàng + vận hành gồm VAT: 38,654 tỷ; IRR = 13.44%; NPV = 137 tỷ; 275 tỷ; 55.8tr/m2; 940 tỷ; 12tr/m2; 292.4 tỷ; 50.1tr/m2; 43 tr/m2; 31.5tr/m2; 38.5tr/m2; 176 tỷ; 270 tỷ; DT743 (Cao tốc HCM – Chơn Thành) khoảng 1Km. + Cách Quận 1, T; IRR = 24.9%; IRR= 24.9%; 1,800 tỷ; 21.5tr/m2; 18.6tr/m2; 3.1 tỷ; 2,700 tỷ; 2,500 tỷ; 200 tỷ; 1,525 tỷ; 2.500 tỷ; 4,200 tỷ; 476tr/m2; 160 tỷ; 1,250 tỷ; 18.4tr/m2; 2.24 tỷ; 255 tỷ; 11,500 tỷ; 3,360 tỷ; 220tr/m2; 20.2 tỷ; 1,280 tỷ; 250tr/m2; 30.2 tỷ; 1,360tỷ; 6,500 tỷ; 136 tỷ; chi phí đất (2,700 tỷ; tiền đất và 200 tỷ; chi phí đất (chỉ gồm 200 tỷ; chi phí đất (2.500 tỷ; Chi phí đất: 2,500 tỷ; chi phí đất cập nhất mới 2.500 tỷ; Tổng chi phí (VAT) TMĐT: 4,200 tỷ; Doanh thu - Căn hộ: 3,360 tỷ; LNTT loại hình bán Căn hộ và Shophouse = 1,360tỷ; IRR = 5.47%; IRR = 11.63%; IRR = 5.69%; IRR = 15.64%; IRR cả dự án: 5.4%",,cao tầng hỗn hợp gồm: 04 tầng; cao cấp. b. Quy mô: 3 hầm + 30 tầng; Quy mô: 3 hầm + 30 tầng; Quy mô: 2 hầm + 22 tầng; Quy mô: Tòa 35 tầng,dân số: 1085; dân + Diện tích: 4926.4; dân số dự kiến là 583; dân số giảm xuống còn 461; dân số: -Theo Báo cáo thuyết minh T01,,"1/2000 và chỉ tiêu xây dựng: Phù hợp, tuy nhiên cần rà soát lại với đối tác về Chỉ tiêu Dân số theo chủ trương đầu tư đã được duyệt; 1/2000 và chỉ tiêu xây dựng: Phù hợp, tuy n pháp lý đến giấy phép xây dựng và gồm tiền chuyển đổi mục đích sử dụng đất; 1/2000 được phê duyệt T06/2025, chỉ tiêu dân số giảm xuống còn 461 người",,Tiền sử dụng đất đóng thêm tạm t Pháp lý: P,"chủ trương đầu tư đã được duyệt; GCNQSDĐ: 5,537m2; Quyết định số 2827/QĐ-UBND của UBND tỉnh Bình Dương ban hành ngày 01/10/2024 V/v Chấp thuận Chủ trương đầu tư đồng thời Chấp thuận Nhà đầu tư + Mục tiêu: Đầu tư xây dựng khu nhà ở cao tầng (; phê duyệt T06/2025, chỉ tiêu dân số giảm xuống còn 461 người; GCN 01 thửa có diện tích 3; GCN của toàn bộ khu đất nhằm xác định hiện trạng các loại đất, làm cơ sở tính toán lại tiền chuyển mục đích sử dụng đất",,,,resolved,BDS-MASTER-0004; BDS-MASTER-0022; BDS-MASTER-0099; BDS-MASTER-0184,BDS-CURATED-0001,88,35,25,15,19,27,9,A,,project_or_deal,,,BDS-CURATED-0001,2025-02-11,yes,yes,yes,yes,yes
BDS-MASTER-0057,Stown Gateway có quy mô 8816m2 tại hẻm Quốc lộ 13,2,2022-08-10,2022-08-10,batch_922.txt; batch_923.txt,Unknown User; Trieu Nguyen-PTDT,10.8752879,106.7015702,"10.8752879, 106.7015702",https://goo.gl/maps/5AF74tZoTkBqM71d6,"và hiện trạng: - Nằm cách Quốc lộ 13 khoảng 50m, cách dự án Phú Quang khoảng 2.5km đường … Này ai gửi nhỉ Image by Unknown User",Bình Dương,,816 m²,văn phòng,,"quy hoạch: - Quy hoạch 1/500 dự án căn hộ Stown Gateway: HSSD 8.94 lần, MĐXD 38.55%, 2 tầng hầm và 26 tầng nổi - QHXD: 1) 3769m2 đất TMDV và du lịch, HSSD 0.75 lần, 3 tầng cao, MĐXD 25%; 2); tầng cao, MĐXD 30% - QHSDĐ: 8097m2 đất ở đô thị => Cần kiểm tra lại QH 1.2000 mới nhất 5) Pháp lý xây dựng: chưa có 6) Sản phẩm phát triển: Chung cư cao cấp - 780 căn hộ chung cư, giá bán",,,MĐXD 38.55%; MĐXD 25%; MĐXD 30%,,"tiền sử dụng đất và GPXD, tương đương 60tr/m2 đất): 1) Vị trí và hiện trạng: - Nằm cách Quốc lộ 13 khoảng 50m, cách dự án Phú Quang khoảng 2.5km đường … Này ai gửi nhỉ Image by Unknown User; tiền sử dụng đất và GPXD, tương đương 60tr/m2 đất): 1) Vị trí và hiện trạng: - Nằm cách Quốc lộ 13 khoảng 50m, cách dự án Phú Quang khoảng 2.5km đường bộ, cách địa phận TPHCM khoảng 1.6km, thuận tiện đi về trung tâm TPHCM và Sân bay Tân; Pháp lý đất: 2 GCNQSDĐ bao gồm 8236.6m2 đất ODT và 265.6m2 đất CLN 3) Pháp lý đầu tư: Chưa được cung cấp 4) Pháp lý quy hoạch: - Quy hoạch 1/500 dự án căn hộ Stown Gateway: HSSD 8.94 lần, MĐXD 38.55%, 2 tầng hầm và 26 tầng nổi; Pháp lý xây dựng: chưa có 6) Sản phẩm phát triển: Chung cư cao cấp - 780 căn hộ chung cư, giá bán 55tr/m2 sàn có VAT thông thủy tại năm 2024, dựa trên cơ sở giá bán 50tr/m2 hiện tại. (Các dự án tham khảo chính: Lavita giá bán 4",Pháp lý đất: 2 GCNQSDĐ bao gồm 8236.6m2 đất ODT và 265.6m2 đất CLN 3) Pháp lý đầu tư: C,giá chào 530 tỷ,530 tỷ; 60tr/m2; 55tr/m2; 50tr/m2; 52tr/m2; 57tr/m2; 68.8tr/m2; 2052.5 tỷ; 2874.5 tỷ; 452 tỷ,giá bán 55tr/m2; giá bán 50tr/m2; giá bán 42-52tr/m2; giá bán 52-57tr/m2; giá bán chung cư: 50tr/m2,"tiền sử dụng đất và GPXD, tương đương 60; tiền sử dụng đất và GPXD, tương đương 60tr/m2",Tổng mức đầu tư là 2052.5 tỷ,Doanh thu là 2874.5 tỷ,Lợi nhuận trước thuế: 452 tỷ,,,,"Chưa được cung cấp 4) Pháp lý quy hoạch: - Quy hoạch 1/500 dự án căn hộ Stown Gateway: HSSD 8.94 lần, MĐXD 38.55%, 2 tầng hầm và 26 tầng nổi - QHXD: 1) 3769m2 đất TMDV và du lịch, HSSD 0.75 lần, 3 tầng cao, MĐXD 25%; 2) 4410; chưa có 6) Sản phẩm phát triển: Chung cư cao cấp - 780 căn hộ chung cư, giá bán 55tr/m2 sàn có VAT thông thủy tại năm 2024, dựa trên cơ sở giá bán 50tr/m2 hiện tại. (Các dự án tham khảo chính: Lavita giá bán 42-52tr/m2, Astr; Đề xuất xúc tiến triển khai làm việc đối tác, lấy hồ sơ chi tiết để đánh giá và đàm phán giá. 9) Ghi chú: - KĐT áp dụng thận trọng mức giá bán chung cư: 50tr/m2 hiện tại, tốc độ tăng 4%/năm => 55tr/m2 tại năm 2024. Nếu trong tư","Cần kiểm tra lại QH 1.2000 mới nhất 5) Pháp lý xây dựng: chưa có 6) Sản phẩm phát triển: Chung cư cao cấp - 780 căn hộ chung cư, giá bán 55tr/m2 sàn có VAT thông thủy tại năm 2024, dự; Đề xuất xúc tiến triển khai làm việc đối tác, lấy hồ sơ chi tiết để đánh giá và đàm phán giá. 9) Ghi chú: - KĐT áp dụng thận trọng mức giá bán chung cư: 50tr/m2 hiện tại, tốc độ tăng 4%/n",,"[2022-08-10] Unknown User 8/10/2022 4:02 PM KĐT gửi anh Tuan Tran-CEO báo cáo dự án Stown Gateway có quy mô 8816m2 tại hẻm Quốc lộ 13, Thuận An, Bình Dương có giá chào 530 tỷ (bao gồm tiền sử dụng đất và GPXD, tương đương 60tr/m2 đất): 1) Vị trí và hiện trạng: - Nằm cách Quốc lộ 13 khoảng 50m, cách dự án Phú Quang khoảng 2.5km đường … Này ai gửi nhỉ Image by Unknown User

---

[2022-08-10] Trieu Nguyen-PTDT 8/10/2022 4:02 PM KĐT gửi anh Tuan Tran-CEO báo cáo dự án Stown Gateway có quy mô 8816m2 tại hẻm Quốc lộ 13, Thuận An, Bình Dương có giá chào 530 tỷ (bao gồm tiền sử dụng đất và GPXD, tương đương 60tr/m2 đất): 1) Vị trí và hiện trạng: - Nằm cách Quốc lộ 13 khoảng 50m, cách dự án Phú Quang khoảng 2.5km đường bộ, cách địa phận TPHCM khoảng 1.6km, thuận tiện đi về trung tâm TPHCM và Sân bay Tân Sơn Nhất - Hiện trạng đã ép cọc, văn phòng bán hàng 2) Pháp lý đất: 2 GCNQSDĐ bao gồm 8236.6m2 đất ODT và 265.6m2 đất CLN 3) Pháp lý đầu tư: Chưa được cung cấp 4) Pháp lý quy hoạch: - Quy hoạch 1/500 dự án căn hộ Stown Gateway: HSSD 8.94 lần, MĐXD 38.55%, 2 tầng hầm và 26 tầng nổi - QHXD: 1) 3769m2 đất TMDV và du lịch, HSSD 0.75 lần, 3 tầng cao, MĐXD 25%; 2) 4410m2 đất công trình công cộng, HSSD 4.5 lần, 15 tầng cao, MĐXD 30% - QHSDĐ: 8097m2 đất ở đô thị => Cần kiểm tra lại QH 1.2000 mới nhất 5) Pháp lý xây dựng: chưa có 6) Sản phẩm phát triển: Chung cư cao cấp - 780 căn hộ chung cư, giá bán 55tr/m2 sàn có VAT thông thủy tại năm 2024, dựa trên cơ sở giá bán 50tr/m2 hiện tại. (Các dự án tham khảo chính: Lavita giá bán 42-52tr/m2, Astral giá bán 52-57tr/m2, Urban Green giá bán 6",82,Stown Gateway có quy mô 8816m2 tại hẻm Quốc lộ 13,stown gateway có quy mô 8816m2 tại hẻm quốc lộ 13,816 m²,816 m²,816m2,410m2; 769m2; 265.6m2; 236.6m2; 097m2,giá chào 530 tỷ,Tổng mức đầu tư là 2052.5 tỷ,Doanh thu là 2874.5 tỷ,Lợi nhuận trước thuế: 452 tỷ,,,,"giá chào 530 tỷ; 530 tỷ; 60tr/m2; 55tr/m2; 50tr/m2; 52tr/m2; 57tr/m2; 68.8tr/m2; 2052.5 tỷ; 2874.5 tỷ; 452 tỷ; giá bán 55tr/m2; giá bán 50tr/m2; giá bán 42-52tr/m2; giá bán 52-57tr/m2; giá bán chung cư: 50tr/m2; tiền sử dụng đất và GPXD, tương đương 60; tiền sử dụng đất và GPXD, tương đương 60tr/m2; Tổng mức đầu tư là 2052.5 tỷ; Doanh thu là 2874.5 tỷ; Lợi nhuận trước thuế: 452 tỷ",,,,MĐXD 38.55%; MĐXD 25%; MĐXD 30%,1/500 dự án căn hộ Stown Gateway: HSSD 8,,"tiền sử dụng đất và GPXD, tương đương 60tr/m2 đất): 1) Vị trí và hiện trạng: - Nằm cách Quốc lộ 13 khoảng 50m, cách dự án Phú Quang khoảng 2",GCNQSDĐ bao gồm 8236,batch_923.txt,33,matched_teams_map_link,matched_teams_map_link,,BDS-CURATED-0009,84,35,25,9,19,24,4,A,,project_or_deal,,,BDS-CURATED-0009,2022-08-10,yes,yes,yes,yes,yes
,Holiday Beach,5,2025-04-16,2025-04-16,batch_431.txt; batch_099.txt; batch_169.txt; batch_171.txt; batch_454.txt,Huy M - IM,16.049709,108.248700,"16.049709, 108.248700",https://maps.app.goo.gl/gr7GZiwJ71dX1nzNA,,Đà Nẵng,Ngũ Hành Sơn,470.000 m² (~47.00 ha),Condotel; Khách sạn,,"quy hoạch: - Mật độ xây dựng: 71,5% - Hệ số sử dụng đất: 12,76 lần - Tầng cao: 19 tầng + 2 hầm - Theo P. R&D nghiên cứu, cơ cấu sản phẩm với tỷ lệ: 60% Condotel và 40% Hotel. Tổng sản phẩm",Tầng cao: 19 tầng,"Hệ số sử dụng đất: 12,76; hệ số sử dụng đất từ 7,3","Mật độ xây dựng: 71,5%",,GCN QSDĐ nhưng do không xác định được thời điểm giao/thuê đất nên tạm xác định thời điểm cấp GCN là thời điểm bắt đầu dự án - Giá bán phòng cho 2 sản phẩm (,chưa hầm. II. TỔNG MỨC ĐẦU TƯ DỰ KIẾN Tổng mức đầu tư (bao gồm VAT) được dự kiến xây dựng hoàn thiện tiêu chuẩn 5 sao. III,,"5.127 tỷ; 1.725 tỷ; 3.094 tỷ; 3,5 tỷ; 5,25 tỷ; 4,55 tỷ; 5 tỷ; 2.094 tỷ; 265 tỷ; 2.817 tỷ; 1.116 tỷ",giá bán có lợi nhuận 176 tr/m2; Đơn giá bán: Condotel: Giá bán R&D đề xuất từ 115 tr/m2,,Tổng mức đầu tư: 5.127 tỷ,,,"IRR = 6,6%",NPV = -1.116 tỷ,,"đề xuất của P. R&D - Để bán được sản phẩm Condotel tại Đà Nẵng, dự án phải thuê đơn vị vận hành theo tiêu chuẩn 5 sao Quốc tế (tương tự như Nobu) 2.2/ Tổng mức đầu tư: 5.127 tỷ đồng, trong đó: - Chi phí chuyển nhượng: 1.725 tỷ; chưa hầm. II. TỔNG MỨC ĐẦU TƯ DỰ KIẾN Tổng mức đầu tư (bao gồm VAT) được dự kiến xây dựng hoàn thiện tiêu chuẩn 5 sao. III. PHÂN BỔ GIÁ VỐN VÀ TÍNH GIÁ HÒA VỐN: Cơ cấu giá vốn/m2 thương phẩm Giá vốn phân bổ cho từng loại sản; chưa gồm chi phí bán hàng), 153,6 tr/m2 (gồm CP bán hàng 20%), giá bán có lợi nhuận 176 tr/m2 (lợi nhuận mục tiêu 15%, gồm VAT), 161 tr/m2 chưa VAT, 50 năm, giá bán thời điểm 2028. Giá hòa vốn Shop TM 183 tr/m2 (gồm VAT. Chư; đề xuất từ 115 tr/m2, thời điểm 2028. Giá trung bình 125.5 tr/m2. Mức giá bán đề xuất hiện đang thấp hơn giá hòa vốn (128 tr chưa CPBH, 153,6 tr gồm CPBH 20%). Shop khối đế: 188 tr/m2 (~ 1.5 lần giá bán Condotel) Khách sạn: Giá; chưa hầm. II. TỔNG MỨC ĐẦU TƯ DỰ KIẾN Tổng mức đầu tư (bao gồm VAT) được dự kiến xây dựng hoàn thiện tiêu chuẩn 5 sao. III. PHÂN BỔ GIÁ VỐN VÀ TÍNH GIÁ HÒA VỐN: Cơ cấu giá; chưa à anh A Hiếu báo tuần này chưa tác nghiệp ngoài Đ... by Thoi L - ASST","đề xuất của P. R&D - Để bán được sản phẩm Condotel tại Đà Nẵng, dự án phải thuê đơn vị vận hành theo tiêu chuẩn 5 sao Quốc tế (tương tự như Nobu) 2.2/ Tổng mức đầu tư: 5.127 tỷ đồng, tron; đề xuất từ 115 tr/m2, thời điểm 2028. Giá trung bình 125.5 tr/m2. Mức giá bán đề xuất hiện đang thấp hơn giá hòa vốn (128 tr chưa CPBH, 153,6 tr gồm CPBH 20%). Shop khối đế: 188 tr/m2 (~; cần biết là thòi hạn sử dụng đất còn lại bao nhiêu năm vì liên quan tới giá bán của Condotel thì theo cuộc họp giao đợt trước A Hiếu sẽ nghiên cứu về nội dung này. Mình đã có thông về",,"[2025-04-16 | BDS-MASTER-0106] [] P.ĐT xin báo cáo Sếp Admin 01 FS dự án Holiday Beach theo phương án kết hợp Khách sạn và Condotel, như sau: I. TỔNG QUAN DỰ ÁN VÀ CƠ CẤU SẢN PHẨM: Quy mô xây dựng: 2 tầng hầm, 30 tầng nổi, tổng diện tích GFA gồm hầm 75.913 m2. Tỷ lệ diện tích thương phẩm 43.702 m2 ~ 58%/GFA gồm hầm, ~ 66%/GFA chưa hầm. II. TỔNG MỨC ĐẦU TƯ DỰ KIẾN Tổng mức đầu tư (bao gồm VAT) được dự kiến xây dựng hoàn thiện tiêu chuẩn 5 sao. III. PHÂN BỔ GIÁ VỐN VÀ TÍNH GIÁ HÒA VỐN: Cơ cấu giá vốn/m2 thương phẩm Giá vốn phân bổ cho từng loại sản phẩm: Do tổng diện tích kinh doanh gồm nhiều loại hình (bán, cho thuê, shop, condotel), với giả định các sản phẩm có khả năng tạo ra dòng tiền cao hơn sẽ gánh tỷ trọng giá vốn lớn hơn nên áp dụng phương pháp Phân bổ giá vốn của từng loại sản phẩm theo doanh thu ước tính để có tỷ lệ phù hợp, từ đó làm cơ sở để tính toán giá hòa vốn cho từng loại hình sản phẩm. Giá hòa vốn khách sạn 5.3 tr/đêm (~ 106 tr/m2), giá có lợi nhuận 12% ~ 6 tr/đêm (~143,4 tr/m2). Giá hòa vốn Condotel: 128 tr/m2 (chưa gồm chi phí bán hàng), 153,6 tr/m2 (gồm CP bán hàng 20%), giá bán có lợi nhuận 176 tr/m2 (lợi nhuận mục tiêu 15%, gồm VAT), 161 tr/m2 chưa VAT, 50 năm, giá bán thời điểm 2028. Giá hò

---

[ | BDS-MASTER-0025] [] P.ĐT báo cáo anh Mr Mike1 -CEO về dự án Holiday Beach theo phương án Hotel & Condotel, Mặt tiền đường Võ Nguyên Giáp, P. Mỹ An, Q. Ngũ Hành Sơn, T. Đà Nẵng: 1/ Chỉ tiêu quy hoạch: - Mật độ xây dựng: 71,5% - Hệ số sử dụng đất: 12,76 lần - Tầng cao: 19 tầng + 2 hầm - Theo P. R&D nghiên cứu, cơ cấu sản phẩm với tỷ lệ: 60% Condotel và 40% Hotel. Tổng sản phẩm 680 căn, gồm: + 272 phòng Hotel, với diện tích trung bình: 38m²/phòng + 408 căn Condotel, với diện tích trung bình: 65m²/căn 2/ Phương án kinh doanh 2.1/ Theo đề xuất của P. R&D - Để bán được sản phẩm Condotel tại Đà Nẵng, dự án phải thuê đơn vị vận hành theo tiêu chuẩn 5 sao Quốc tế (tương tự như Nobu) 2.2/ Tổng mức đầu tư: 5.127 tỷ đồng, trong đó: - Chi phí chuyển nhượng: 1.725 tỷ đồng (367trđ/m² đất) - Suất đầu tư theo chuẩn 5 sao Quốc tế: 3.094 tỷ đồng (tương ứng 40,5tr/m² sàn bao gồm hầm) + Suất đầu tư Hotel: 3,5 tỷ đồng/Key (diện tích trung bình: 38m²/phòng) + Suất đầu tư Condotel: 5,25 tỷ đồng/Key (diện tích trung bình: 65m²/căn) Suất đầu tư trung bình: 4,55 tỷ/key thấp hơn suất đầu tư của Nobu 5 tỷ/key 2.3/ Kế hoạch kinh doanh. Dự án vận hành theo chuẩn 5 sao Quốc tế 2.3.1 Kinh doanh bán Condotel (Tham khảo từ báo cáo R",87,Holiday Beach theo phương án Hotel & Condotel,holiday beach,470.000 m² (~47.00 ha),470.000 m² (~47.00 ha); 75.900 m² (~7.59 ha),47.00 ha; 7.59 ha,65m²; 38m²; 75.913 m2; 43.702 m2,GIÁ VỐN VÀ TÍNH GIÁ HÒA VỐN: Cơ cấu giá vốn/m2 106 tr/m2,Tổng mức đầu tư: 5.127 tỷ,,,"IRR = 6,6%; IRR chỉ 5.7%; IRR ~ 12%; IRR MỤC TIÊU ~ 10%; IRR 9.5%",NPV = -1.116 tỷ,,"5.127 tỷ; 1.725 tỷ; 3.094 tỷ; 3,5 tỷ; 5,25 tỷ; 4,55 tỷ; 5 tỷ; 2.094 tỷ; 265 tỷ; 2.817 tỷ; 1.116 tỷ; Tổng mức đầu tư: 5.127 tỷ; IRR = 6,6%; NPV = -1.116 tỷ; GIÁ VỐN VÀ TÍNH GIÁ HÒA VỐN: Cơ cấu giá vốn/m2 106 tr/m2; 106 tr/m2; 143,4 tr/m2; 128 tr/m2; 153,6 tr/m2; 176 tr/m2; 161 tr/m2; 183 tr/m2; 115 tr/m2; 125.5 tr/m2; 188 tr/m2; 33 tr/m2; 215 tr/m2; 180 tr/m2; 6.5 tr/m2; 29.7 tr/m2; 40 tr/m2; 5,8 tỷ; 4,7 tỷ; 135 tr/m2; 156 tr/m2; giá bán có lợi nhuận 176 tr/m2; Đơn giá bán: Condotel: Giá bán R&D đề xuất từ 115 tr/m2; Tổng mức đầu tư (bao gồm VAT) được dự kiến xây dựng hoàn thiện tiêu chuẩn 5 sao. III. PHÂN BỔ GIÁ VỐN VÀ TÍNH GIÁ HÒA VỐN: Cơ cấu giá vốn/m2 t; doanh thu ước tính để có tỷ lệ phù hợp, từ đó làm cơ sở để tính toán giá hòa vốn cho từng loại hình sản phẩm. Giá hòa vốn khách sạn 5.3 t; DOANH THU DỰ KIẾN: Đơn giá bán: Condotel: Giá bán R&D đề xuất từ 115 t; lợi nhuận 12% ~ 6 t; lợi nhuận 176 t; lợi nhuận mục tiêu 15%, gồm VAT), 161 t; IRR chỉ 5.7%; IRR ~ 12%; IRR MỤC TIÊU ~ 10%; IRR 9.5%","Hệ số sử dụng đất: 12,76; hệ số sử dụng đất từ 7,3",Tầng cao: 19 tầng; Quy mô xây dựng: 2 tầng,,"Mật độ xây dựng: 71,5%",,,,GCN QSDĐ nhưng do không xác định được thời điểm giao/thuê đất nên tạm xác định thời điểm cấp GCN là thời điểm bắt đầu dự án - Giá bán phòng cho 2 sản phẩm ( [] P,,,,resolved,BDS-MASTER-0025; BDS-MASTER-0106,BDS-CURATED-0007,83,35,25,12,14,25,4,A,,project_or_deal,,,BDS-CURATED-0007,2025-04-16,yes,yes,yes,yes,yes
BDS-MASTER-0010,KDC Long Phước có quy mô 18ha tại Phường Long Phước,1,2023-12-27,2023-12-27,batch_714.txt,Trieu Nguyen-PTDT,10.7959339,106.8592858,"10.7959339, 106.8592858",https://maps.app.goo.gl/zAmPVdt254bS1UUU7,"và hiện trang: + Dự án tiếp giáp với đường Long Phước, phường Long Phước, Q9, TPHCM, và có các mặt tiếp xúc kênh rạch cách cầu Long Đại khoảng 5km và cầu Trường Phước khoảng 4km, cách KCN cao khoảng 14,3kn, cách trung tâ",TPHCM,quận 9,180.000 m² (~18.00 ha),KCN,lâu dài đối với phần thương phẩm đất ở và có thời hạn đến 07/08/2056 đối với phần đất công cộng kinh doanh 2/ Pháp lý quy hoạch: + QH 1/2000 năm 2013: + Đã Phê,"quy hoạch: + QH 1/2000 năm 2013: + Đã Phê duyệt Q/H chi tiết 1/500 số 507/QĐ-UB ngày 30/12/2009, phù hợp QH 1/2000 theo quyết định số 5258/QĐ-UBND duyệt ngày 25/09/2013 + Thông số chỉ tiêu; quy hoạch: Quy mô dân số: 1.752 người (trong đó 672 người cho nhóm nhà ở chung cư) Hệ số sử dụng đất: 0,85 lần Tầng cao xây dựng: từ 1 - 8 tầng (Chưa bao gồm tầng hầm, tầng lửng và tầng kỹ; Mật độ xây dựng: 25,3% 3/ Pháp lý xây dựng: + Theo hồ sơ dự án đầu tư thì dự án đã thực hiện xong các hạng mục hạ tầng chủ yếu gồm: San lấp mặt bằng đủ cao độ theo thiết kế, xây dựng đườ",Tầng cao xây dựng: từ 1 - 8 tầng,"Hệ số sử dụng đất: 0,85; HSSDĐ toàn khu tối đa cho khu cao tầng là 3,9; HSSDĐ chi tiết cho từng nhóm chung cư A và B1","Mật độ xây dựng: 25,3%",dân số: 1.752; dân số: 1.75,"Pháp lý dự án: 1/ Pháp lý đất: + Đã hoàn thành tiền sử dụng đất và có GCNQSDĐ cho 180.123m2, mục đích sử dụng là đất ở đô thị, thời hạn lâu dài đối với phần thương phẩm đất ở và có thời hạn đến 07/08/2056 đối với phần đất công; Pháp lý quy hoạch: + QH 1/2000 năm 2013: + Đã Phê duyệt Q/H chi tiết 1/500 số 507/QĐ-UB ngày 30/12/2009, phù hợp QH 1/2000 theo quyết định số 5258/QĐ-UBND duyệt ngày 25/09/2013 + Thông số chỉ tiêu quy hoạch: Quy mô dân số: 1.75; Pháp lý xây dựng: + Theo hồ sơ dự án đầu tư thì dự án đã thực hiện xong các hạng mục hạ tầng chủ yếu gồm: San lấp mặt bằng đủ cao độ theo thiết kế, xây dựng đường giao thông nội bộ và kết nối hoàn chỉnh với tuyến đường Long Phư",đã được san lắp và làm hạ tầng giao thông khoảng 80% + Dự án nằm gần các dự án đầu mối hạ tầng giao thông quan trọng: B/ Pháp l,giá chào bán 2200 tỷ,2200 tỷ; 101 tr/m2; 80tr/m2; 49 tr/m2; 45 tr/m2; 24.3tr/m2; 4.939 tỷ; 2.249 tỷ; 2.200 tỷ; 2.690 tỷ; 9073 tỷ; 8.116 tỷ; 2.653 tỷ; 2100 tỷ,,tiền sử dụng đất và có GCNQSDĐ cho 180.123,,"DT 12/27/2023 3:56 PM KĐT gửi anh Tuan Tran-CEO báo cáo cập nhật dự án KDC Long Phước có quy mô 18ha tại Phường Long Phước, Q9, T",,"IRR là 18,74%; IRR 20%",,,"Chưa bao gồm tầng hầm, tầng lửng và tầng kỹ thuật) Mật độ xây dựng: 25,3% 3/ Pháp lý xây dựng: + Theo hồ sơ dự án đầu tư thì dự án đã thực hiện xong các hạng mục hạ tầng chủ yếu gồm: San lấp mặt bằng đủ cao độ theo thiết kế,",,,"[2023-12-27] Trieu Nguyen-PTDT 12/27/2023 3:56 PM KĐT gửi anh Tuan Tran-CEO báo cáo cập nhật dự án KDC Long Phước có quy mô 18ha tại Phường Long Phước, Q9, TPHCM của chủ đầu tư Song Đạt, có giá chào bán 2200 tỷ: A/ Vị trí và hiện trang: + Dự án tiếp giáp với đường Long Phước, phường Long Phước, Q9, TPHCM, và có các mặt tiếp xúc kênh rạch cách cầu Long Đại khoảng 5km và cầu Trường Phước khoảng 4km, cách KCN cao khoảng 14,3kn, cách trung tâm Q1 khoảng 23,6km + Dự án đã được san lắp và làm hạ tầng giao thông khoảng 80% + Dự án nằm gần các dự án đầu mối hạ tầng giao thông quan trọng: B/ Pháp lý dự án: 1/ Pháp lý đất: + Đã hoàn thành tiền sử dụng đất và có GCNQSDĐ cho 180.123m2, mục đích sử dụng là đất ở đô thị, thời hạn lâu dài đối với phần thương phẩm đất ở và có thời hạn đến 07/08/2056 đối với phần đất công cộng kinh doanh 2/ Pháp lý quy hoạch: + QH 1/2000 năm 2013: + Đã Phê duyệt Q/H chi tiết 1/500 số 507/QĐ-UB ngày 30/12/2009, phù hợp QH 1/2000 theo quyết định số 5258/QĐ-UBND duyệt ngày 25/09/2013 + Thông số chỉ tiêu quy hoạch: Quy mô dân số: 1.752 người (trong đó 672 người cho nhóm nhà ở chung cư) Hệ số sử dụng đất: 0,85 lần Tầng cao xây dựng: từ 1 - 8 tầng (Chưa bao gồm tầng hầm, tầng lửng và",76,KDC Long Phước có quy mô 18ha tại Phường Long Phước,kdc long phước có quy mô 18ha tại phường long phước,180.000 m² (~18.00 ha),180.000 m² (~18.00 ha),18 ha,180.123m2,giá chào bán 2200 tỷ,,,,"IRR là 18,74%; IRR 20%",,,"giá chào bán 2200 tỷ; 2200 tỷ; 101 tr/m2; 80tr/m2; 49 tr/m2; 45 tr/m2; 24.3tr/m2; 4.939 tỷ; 2.249 tỷ; 2.200 tỷ; 2.690 tỷ; 9073 tỷ; 8.116 tỷ; 2.653 tỷ; 2100 tỷ; tiền sử dụng đất và có GCNQSDĐ cho 180.123; DT 12/27/2023 3:56 PM KĐT gửi anh Tuan Tran-CEO báo cáo cập nhật dự án KDC Long Phước có quy mô 18ha tại Phường Long Phước, Q9, T; IRR là 18,74%; IRR 20%","Hệ số sử dụng đất: 0,85; HSSDĐ toàn khu tối đa cho khu cao tầng là 3,9; HSSDĐ chi tiết cho từng nhóm chung cư A và B1",Tầng cao xây dựng: từ 1 - 8 tầng,dân số: 1.752; dân số: 1.75,"Mật độ xây dựng: 25,3%","1/2000 năm 2013: + Đã Phê duyệt Q/H chi tiết 1/500 số 507/QĐ-UB ngày 30/12/2009, phù hợp QH 1/2000 theo quyết định số 5258/QĐ-UBND duyệt ngày 25/09/2013 + Thông số ch",,tiền sử dụng đất và có GCNQSDĐ cho 180,"Phê duyệt Q/H chi tiết 1/500 số 507/QĐ-UB ngày 30/12/2009, phù hợp QH 1/2000 theo quyết định số 5258/QĐ-UBND duyệt ngày 25/09/2013 + Thông số chỉ tiêu; GCNQSDĐ cho 180; Phê duyệt Q/H chi tiết 1/500 số 507/QĐ-UB ngày 30/12/2009, phù hợp QH 1/2000 theo quyết định số 5258/QĐ-UBND duyệt ngày 25/09/2013 + Thông số chỉ tiêu quy hoạch: Quy mô dân số: 1",,,,resolved,,BDS-CURATED-0014,81,35,20,23,19,11,4,A,,project_or_deal,,,BDS-CURATED-0014,2023-12-27,yes,yes,yes,yes,yes
BDS-MASTER-0063,chung cư tại Tân Bình,1,2022-11-16,2022-11-16,batch_917.txt,Trieu Nguyen-PTDT,10.93497,106.7618721,"10.93497, 106.7618721",https://goo.gl/maps/sMLMvWwegyerE3jJ9,"và hiện trạng: - Dự án có 2 mặt tiền hẻm: 1 hẻm bê tông kế nối đường Thanh Niên và 1 hẻm bê tông kết nối đường Nguyễn Thị Minh Khai, Phường Tân Bình, TP Dĩ An, Bình Dương - Cách Đường Mỹ Phước Tân Vạn 640m - Cách Đường D",Bình Dương,Biên Hòa,739 m²,chung cư,,"dân số 2797 người, chung cư cao 40 tầng và 2 tầng hầm, 1463 căn hộ Pháp lý quy hoạch: - QH 1/2000: khu đất thục quy hoạch đất ở hỗn hợp cao tầng, với quy mô dân số đơn vị ở Tân Phú 1 có; dân số 9267 người, MĐXD toàn khu 60%, HSSD 12 lần, tối đa 40 tầng cao, và có 1 phần đất thuộc quy hoạch đường N4 và N5 Pháp lý xây dựng: Chưa có Sản phẩm đề xuất: - Căn hộ chung cư 66530",cao 40 tầng,,MĐXD toàn khu 60%,dân số 2797; dân số đơn vị ở Tân Phú 1; dân số 9267,"tiền sử dụng đất + 82.45 tỷ là tiền đền bù và hoàn thành đường kết nối N5 có lộ giới 17m chiều dài 150m, cụ thể: Vị trí và hiện trạng: - Dự án có 2 mặt tiền hẻm: 1 hẻm bê tông kế nối đường Thanh Niên và 1 hẻm bê tông kết nối đường Nguyễ; Pháp lý đất: Chưa được cung cấp GCNQSDĐ, phía chào bán cho biết có khoảng 2000m2 đất ODT trong tổng quy mô 9739m2 đất sạch Pháp lý đầu tư: Đã có chấp thuận chủ trương đầu tư ngày 29/09/2022 thời hạn đến Q2/2026, cho quy mô 9352; Pháp lý quy hoạch: - QH 1/2000: khu đất thục quy hoạch đất ở hỗn hợp cao tầng, với quy mô dân số đơn vị ở Tân Phú 1 có dân số 9267 người, MĐXD toàn khu 60%, HSSD 12 lần, tối đa 40 tầng cao, và có 1 phần đất thuộc quy hoạch đườn; Pháp lý xây dựng: Chưa có Sản phẩm đề xuất: - Căn hộ chung cư 66530 m2 (1109 căn): giá bán trung bình 38tr/m2 sàn thông thủy có VAT tại năm 2024 tương đương giá hiện tại 33tr/m2 sàn, có tốc độ tăng 5%/năm","Pháp lý đất: Chưa được cung cấp GCNQSDĐ, phía chào bán cho biết có khoảng 2000m2 đất OD",giá chào 380 tỷ; chào bán cho biết có khoảng 2000 380 tỷ,380 tỷ; 320 tỷ; 237.55 tỷ; 82.45 tỷ; 38tr/m2; 33tr/m2; 31tr/m2; 36tr/m2; 36.5tr/m2; 45tr/m2; 1981.6 tỷ; 3015.2 tỷ; 700.7 tỷ,giá bán trung bình 38tr/m2,tiền sử dụng đất + 82.45 tỷ,,"DT 11/16/2022 3:35 PM Edited KĐT gửi anh Tuan Tran-CEO báo cáo dự án chung cư tại Tân Bình, Dĩ An, Bình Dương có quy mô 9379m2, có giá chào 380 tỷ; DT trong tổng quy mô 9739m2 đất sạch Pháp lý đầu tư: Đã có chấp thuận chủ trương đầu tư ngày 29/09/2022 t",,IRR 22.4%,,,"Chưa được cung cấp GCNQSDĐ, phía chào bán cho biết có khoảng 2000m2 đất ODT trong tổng quy mô 9739m2 đất sạch Pháp lý đầu tư: Đã có chấp thuận chủ trương đầu tư ngày 29/09/2022 thời hạn đến Q2/2026, cho quy mô 9352.6m2, dân; Chưa có Sản phẩm đề xuất: - Căn hộ chung cư 66530 m2 (1109 căn): giá bán trung bình 38tr/m2 sàn thông thủy có VAT tại năm 2024 tương đương giá hiện tại 33tr/m2 sàn, có tốc độ tăng 5%/năm (cơ sở tham chiếu từ 1/ Dự án Tecco F; đề xuất 36.5tr/m2 tại năm 2024) - Shoph","cần bán gấp nên vẫn có thể thương lượng ở mức 320 tỷ trong đó 237.55 tỷ (25.3 tr.đồng/m2)là tiền chuyển nhượng đất và tiền sử dụng đất + 82.45 tỷ là tiền đền bù và hoàn thành đường kế; đề xuất: - Căn hộ chung cư 66530 m2 (1109 căn): giá bán trung bình 38tr/m2 sàn thông thủy có VAT tại năm 2024 tương đương giá hiện tại 33tr/m2 sàn, có tốc độ tăng 5%/năm (cơ sở tham chiếu; đề xuất 36.5tr/m2 tại năm 2024) - Shoph",,"[2022-11-16] Trieu Nguyen-PTDT 11/16/2022 3:35 PM Edited KĐT gửi anh Tuan Tran-CEO báo cáo dự án chung cư tại Tân Bình, Dĩ An, Bình Dương có quy mô 9379m2, có giá chào 380 tỷ nhưng do chủ cần bán gấp nên vẫn có thể thương lượng ở mức 320 tỷ trong đó 237.55 tỷ (25.3 tr.đồng/m2)là tiền chuyển nhượng đất và tiền sử dụng đất + 82.45 tỷ là tiền đền bù và hoàn thành đường kết nối N5 có lộ giới 17m chiều dài 150m, cụ thể: Vị trí và hiện trạng: - Dự án có 2 mặt tiền hẻm: 1 hẻm bê tông kế nối đường Thanh Niên và 1 hẻm bê tông kết nối đường Nguyễn Thị Minh Khai, Phường Tân Bình, TP Dĩ An, Bình Dương - Cách Đường Mỹ Phước Tân Vạn 640m - Cách Đường DT 743B khoảng 3km (theo tuyến đường Mỹ Phước Tân Vạn) thuận tiện di chuyển đến các huyện thành phố lân cận thuộc Bình Dương, Bình Phước và về TPHCM - Cách QL 1K khoảng 4.8km thuận tiện di chuyển đến TP Biên Hòa và TP Hồ Chí Minh Pháp lý đất: Chưa được cung cấp GCNQSDĐ, phía chào bán cho biết có khoảng 2000m2 đất ODT trong tổng quy mô 9739m2 đất sạch Pháp lý đầu tư: Đã có chấp thuận chủ trương đầu tư ngày 29/09/2022 thời hạn đến Q2/2026, cho quy mô 9352.6m2, dân số 2797 người, chung cư cao 40 tầng và 2 tầng hầm, 1463 căn hộ Pháp lý quy hoạch: - QH 1/2000: khu đấ",76,chung cư tại Tân Bình,chung cư tại tân bình,739 m²,739 m²,739m2,379m2; 000m2; 352.6m2,giá chào 380 tỷ; chào bán cho biết có khoảng 2000 380 tỷ,,,,IRR 22.4%,,,"giá chào 380 tỷ; chào bán cho biết có khoảng 2000 380 tỷ; 380 tỷ; 320 tỷ; 237.55 tỷ; 82.45 tỷ; 38tr/m2; 33tr/m2; 31tr/m2; 36tr/m2; 36.5tr/m2; 45tr/m2; 1981.6 tỷ; 3015.2 tỷ; 700.7 tỷ; giá bán trung bình 38tr/m2; tiền sử dụng đất + 82.45 tỷ; DT 11/16/2022 3:35 PM Edited KĐT gửi anh Tuan Tran-CEO báo cáo dự án chung cư tại Tân Bình, Dĩ An, Bình Dương có quy mô 9379m2, có giá chào 380 tỷ; DT trong tổng quy mô 9739m2 đất sạch Pháp lý đầu tư: Đã có chấp thuận chủ trương đầu tư ngày 29/09/2022 t; IRR 22.4%",,cao 40 tầng,dân số 2797; dân số đơn vị ở Tân Phú 1; dân số 9267,MĐXD toàn khu 60%,"1/2000: khu đất thục quy hoạch đất ở hỗn hợp cao tầng, với quy mô dân số đơn vị ở Tân Phú 1 có; 1/2000: khu đất thục quy hoạch đất ở hỗn hợp cao tầng, với quy mô dân số đơn vị ở Tân Phú 1 có dân số 9267 người, MĐXD toàn khu 60%, HSSD 12 lần, tối đa 40 tầng cao; 1/2000: khu đấ",,tiền sử dụng đất + 82,"GCNQSDĐ, phía chào bán cho biết có khoảng 2000m2 đất ODT trong tổng quy mô 9739m2 đất sạch Pháp lý đầu tư: Đã có chấp thuận chủ trương đầu tư ngày 29/09/2022 thời hạn đến Q2/2026, cho; GCNQSDĐ, phía chào bán cho biết có khoảng 2000m2 đất OD [2022-11-16] Trieu Nguyen-PTDT 11/16/2022 3:35 PM Edited KĐT gửi anh Tuan Tran-CEO báo cáo dự án chung cư tại Tân Bình, Dĩ An",batch_917.txt,25,matched_teams_map_link,matched_teams_map_link,,BDS-CURATED-0018,81,35,20,17,19,16,4,A,,project_or_deal,,,BDS-CURATED-0018,2022-11-16,yes,yes,yes,yes,yes
BDS-MASTER-0089,chung cư Thành Lộc với tổng diện tích đất phù hợp quy hoạch để thực hiện dự án là 8,1,2022-08-09,2022-08-09,batch_923.txt,Quy Vo-PTDT,10.95584,106.68369,"10.95584, 106.68369",https://goo.gl/maps/SeJtvcKkqmN6a7oy6,"dự án: Dự án nằm trên đường Hồ Văn Mên (Quy hoạch làm tuyến đường vành đai 3) có bán kính cách thành phố mới Bình Dương 10 km, Khu công nghiệp VSIP 1 4km và sân bay Tân Sơn Nhất 15 km. 2. Pháp lý đất: Diện tích đất 9582.",Bình Dương,,9.583 m²,chung cư,hoạch làm đất ODT. 5. Pháp lý xây dựng: Chưa có thông tin giấy phép xây dựng. 6. Loại hình phát triển và phương án kinh doanh theo quy hoạch: - KĐT tạm tính với,"quy hoạch để thực hiện dự án là 8,368.3m2 (giá chào bán khoảng 300 tỷ tương đương 31.3 tr/m2 trên diện tích đất chào bán 9,582.6m2) thuộc phường An Thạnh, thành phố Thuận An, tỉnh Bình Dươn; Quy hoạch làm tuyến đường vành đai 3) có bán kính cách thành phố mới Bình Dương 10 km, Khu công nghiệp VSIP 1 4km và sân bay Tân Sơn Nhất 15 km. 2. Pháp lý đất: Diện tích đất 9582.6 m2 đã đ; quy hoạch: - Theo thông tin quy hoạch xây dựng Bình Dương: Đất ở cao tầng kết hợp công trình dịch vụ đô thị, HSSDĐ tối đa 8 lần. - Quyết định số 825/QĐ-UBND ngày 05/04/2022 về phê duyệt kế; quy hoạch làm đất ODT. 5. Pháp lý xây dựng: Chưa có thông tin giấy phép xây dựng. 6. Loại hình phát triển và phương án kinh doanh theo quy hoạch: - KĐT tạm tính với hệ số sử dụng đất đang l; quy hoạch 1/2000 là 8.00 lần và dân số tư",,HSSDĐ tối đa 8; hệ số sử dụng đất đang lấy theo chỉ tiêu quy hoạch 1; HSSDĐ là 8.51; Hệ số sử dụng đất được duyệt cho dự án chung cư >= 8.51,,"dân số tương ứng theo phương án tính là 1,903; dân số là 2,405; Dân số được duyệt cho dự án >= 2405; dân số tư Pháp lý đất: Diện tích đất 9582.6","Pháp lý đất: Diện tích đất 9582.6 m2 đã được cấp GCN cho cá nhân: + 320m2 đất ODT: Nhà nước giao đất có thu tiền sử dụng đất. + 9262.6m2 đất CLN: Nhà nước giao đất không thu tiền sử dụng đất, thời hạn đến năm 2024. 3. Pháp lý đ; chủ trương đầu tư. 4. Pháp lý quy hoạch: - Theo thông tin quy hoạch xây dựng Bình Dương: Đất ở cao tầng kết hợp công trình dịch vụ đô thị, HSSDĐ tối đa 8 lần. - Quyết định số 825/QĐ-UBND ngày 05/04/2022 về phê duyệt kế hoạch sử dụ; Pháp lý xây dựng: Chưa có thông tin giấy phép xây dựng. 6. Loại hình phát triển và phương án kinh doanh theo quy hoạch: - KĐT tạm tính với hệ số sử dụng đất đang lấy theo chỉ tiêu quy hoạch 1/2000 là 8.00 lần và dân số tư",Pháp lý đất: Diện tích đất 9582.6 m2 đã được cấp GCN cho cá nhân: + 320m2 đất ODT: Nhà,"giá chào bán khoảng 300 tỷ; chào bán 9,582 300 tỷ",300 tỷ; 31.3 tr/m2; 40 triệu/m2; 46 triệu/m2; 60 triệu/m2; 69 triệu/m2; 42 tr/m2; 250 tỷ,,"tiền sử dụng đất, thời hạn đến năm 2024",,,,IRR chủ đầu tư của phương án là 15.92%; IRR đạt mức 20%,,,Chưa có thông tin giấy phép xây dựng. 6. Loại hình phát triển và phương án kinh doanh theo quy hoạch: - KĐT tạm tính với hệ số sử dụng đất đang lấy theo chỉ tiêu quy hoạch 1/2000 là 8.00 lần và dân số tư,,,"[2022-08-09] Quy Vo-PTDT 8/9/2022 4:15 PM KĐT gửi Mr.Tuấn Tuan Tran-CEO Báo cáo Dự án chung cư Thành Lộc với tổng diện tích đất phù hợp quy hoạch để thực hiện dự án là 8,368.3m2 (giá chào bán khoảng 300 tỷ tương đương 31.3 tr/m2 trên diện tích đất chào bán 9,582.6m2) thuộc phường An Thạnh, thành phố Thuận An, tỉnh Bình Dương: 1. Vị trí dự án: Dự án nằm trên đường Hồ Văn Mên (Quy hoạch làm tuyến đường vành đai 3) có bán kính cách thành phố mới Bình Dương 10 km, Khu công nghiệp VSIP 1 4km và sân bay Tân Sơn Nhất 15 km. 2. Pháp lý đất: Diện tích đất 9582.6 m2 đã được cấp GCN cho cá nhân: + 320m2 đất ODT: Nhà nước giao đất có thu tiền sử dụng đất. + 9262.6m2 đất CLN: Nhà nước giao đất không thu tiền sử dụng đất, thời hạn đến năm 2024. 3. Pháp lý đầu tư: - Văn bản số 4237/UBND-KT của UBND tỉnh Bình Dương về việc chấp thuận cho công ty TNHH Đầu tư bất động sản Thành Lộc nhận chuyển nhượng QSDĐ nông nghiệp (đất trồng cây lâu năm) với diện tích 9,282.6 m2 tại thửa đất số 226, 99, 224, 89, 98, 212, 5720, 5721 tờ bản đố số 60 (B3) thuộc phường An Thạnh, thành phố Thuận An, tỉnh Bình Dương để thực hiện dự án chung cư Thành Lộc. - Hiện tại công ty đang làm thủ tục đề nghị chấp thuận chủ trương đầu tư. 4. P",65,chung cư Thành Lộc với tổng diện tích đất phù hợp quy hoạch để thực hiện dự án là 8,chung cư thành lộc với tổng diện tích đất phù hợp quy hoạch để thực hiện dự án là 8,9.583 m²,9.583 m²,"9,582.6m2","8,368.3m2; 582.6 m2; 320m2; 262.6m2; 9,282.6 m2","giá chào bán khoảng 300 tỷ; chào bán 9,582 300 tỷ",,,,IRR chủ đầu tư của phương án là 15.92%; IRR đạt mức 20%,,,"giá chào bán khoảng 300 tỷ; chào bán 9,582 300 tỷ; 300 tỷ; 31.3 tr/m2; 40 triệu/m2; 46 triệu/m2; 60 triệu/m2; 69 triệu/m2; 42 tr/m2; 250 tỷ; tiền sử dụng đất, thời hạn đến năm 2024; IRR chủ đầu tư của phương án là 15.92%; IRR đạt mức 20%",HSSDĐ tối đa 8; hệ số sử dụng đất đang lấy theo chỉ tiêu quy hoạch 1; HSSDĐ là 8.51; Hệ số sử dụng đất được duyệt cho dự án chung cư >= 8.51,,"dân số tương ứng theo phương án tính là 1,903; dân số là 2,405; Dân số được duyệt cho dự án >= 2405; dân số tư Pháp lý đất: Diện tích đất 9582.6",,1/2000 là 8,,"tiền sử dụng đất; tiền sử dụng đất, thời hạn đến năm 2024","Quyết định số 825/QĐ-UBND ngày 05/04/2022 về phê duyệt kế; GCN cho cá nhân: + 320m2 đất ODT: Nhà nước giao đất có thu tiền sử dụng đất; giao đất không thu tiền sử dụng đất, thời hạn đến năm 2024; chủ trương đầu tư; Quyết định số 825/QĐ-UBND ngày 05/04/2022 về phê duyệt kế hoạch sử dụ; GCN cho cá nhân: + 320m2 đất ODT: Nhà [2022-08-09] Quy Vo-PTDT 8/9/2022 4:15 PM KĐT gửi Mr",batch_923.txt,49,matched_teams_map_link,matched_teams_map_link,,BDS-CURATED-0041,77,35,20,17,19,11,4,A,,project_or_deal,,,BDS-CURATED-0041,2022-08-09,yes,yes,yes,yes,yes
BDS-MASTER-0108,Khu trung tâm tòa nhà hỗn hợp thương mại,1,2022-07-20,2022-07-20,batch_927.txt,Quy Vo-PTDT,21.00482,105.62521,"21.00482, 105.62521",https://goo.gl/maps/trCxv7WmZ7Lim467A,"dự án: Dự án nằm bên cạnh đường dẫn lên cao tốc Láng – Hòa Lạc và nằm sát bên Khu công nghiệp Thạch Thất Quốc Oai với tổng quy mô 150 ha. Cách dự án 10Km về hướng Tây là Khu công nghiệp cao Hòa Lạc với diện tích 1,350 ha",,,1.500.000 m² (~150.00 ha),văn phòng,,"quy hoạch: Quyết định phê duyệt điều chỉnh quy hoạch chi tiết 1/500 số 1745/QĐ-UBND ngày 25/06/2008 (thiếu trang 3-4-5) theo đó diện tích đất phù hợp quy hoạch là 54,896 m2: - Đất nhà ở hỗn; hệ số sử dụng đất 5.34 trong đó: + Tổng diện tích sàn xây dựng TMDV 56,492 m2 (tỷ lệ diện tích xây dựng 24%) + Tổng diện tích sàn xây dựng văn phòng 49,454 m2 (tỷ lệ diện tích xây",,hệ số sử dụng đất 5.34,,"dân trong ngõ khoảng 15; dân số huyện Quốc Oai và huyện Thạch Thất năm 2020; dân số trên 24,000; dân số trung bình trong giai đoạn (2017; dân số trung bình trên 3","Pháp lý đất: Tổng diện tích đất đã thực hiện bồi thường là 62,573.8 m2. Chưa nhận được hồ sơ về việc xác nhận đã hoàn thành nghĩa vụ tài chính về tiền sử dụng đất. 3. Pháp lý đầu tư: Quyết định số 314/QĐ-UBND ngày 13/02/2008 gi; Quyết định số 1499/QĐ-UBND ngày 03/06/2008 giao chính thức 62,573.8 m2 ( diện tích thực hiện dự án 50,646.9 m2, diện tích thuộc hành lang lưới điện 11,926.9 m2) 4. Pháp lý quy hoạch: Quyết định phê duyệt điều chỉnh quy hoạch chi t; 1/500 số 1745/QĐ-UBND ngày 25/06/2008 (thiếu trang 3-4-5) theo đó diện tích đất phù hợp quy hoạch là 54,896 m2: - Đất nhà ở hỗn hợp 24,888 m2 (tỷ lệ chiếm đất 45.3%) với Tổng diện tích sàn xây dựng chưa bao gồm tầng hầm là 23","Pháp lý đất: Tổng diện tích đất đã thực hiện bồi thường là 62,573.8 m2. Chưa nhận được",giá chào bán khoảng 500 tỷ,"500 tỷ; 8 tr/m2; 17 tr/m2; 23 tr/m2; 37 tr/m2; 45 tr/m2; 1,111 tỷ; 609 tỷ; 109 tỷ; 111 tỷ; 390 tỷ",,,,,,,,,"Chưa nhận được hồ sơ về việc xác nhận đã hoàn thành nghĩa vụ tài chính về tiền sử dụng đất. 3. Pháp lý đầu tư: Quyết định số 314/QĐ-UBND ngày 13/02/2008 giao Công ty cổ phần sửa chữa ô tô Trung Thượng làm chủ đầu tư và thực; chưa bao gồm tầng hầm là 238,835 m2, hệ số sử dụng đất 5.34 trong đó: + Tổng diện tích sàn xây dựng TMDV 56,492 m2 (tỷ lệ diện tích xây dựng 24%) + Tổng diện tích sàn xây dựng văn phòng 49,454 m2 (tỷ lệ diện tích xây",,,"[2022-07-20] Quy Vo-PTDT 7/20/2022 4:12 PM KĐT gửi Mr.Tuấn Tuan Tran-CEO Báo cáo Dự án Khu trung tâm tòa nhà hỗn hợp thương mại, văn phòng cho thuê, nhà ở, dịch vụ, bán và bảo hành xe ô tô Trung Thượng với tổng diện tích đất chào bán khoảng 6.3 hecta (giá chào bán khoảng 500 tỷ tương đương 8 tr/m2) thuộc thôn Ngọc Than, xã Ngọc Mỹ, huyện Quốc Oai, TP. Hà Nội: 1. Vị trí dự án: Dự án nằm bên cạnh đường dẫn lên cao tốc Láng – Hòa Lạc và nằm sát bên Khu công nghiệp Thạch Thất Quốc Oai với tổng quy mô 150 ha. Cách dự án 10Km về hướng Tây là Khu công nghiệp cao Hòa Lạc với diện tích 1,350 ha. Dự án có bán kính cách trung tâm thành phố Hà Nội khoảng 20 km, cách sân bay quốc tế Nội Bài khoảng 37 km. 2. Pháp lý đất: Tổng diện tích đất đã thực hiện bồi thường là 62,573.8 m2. Chưa nhận được hồ sơ về việc xác nhận đã hoàn thành nghĩa vụ tài chính về tiền sử dụng đất. 3. Pháp lý đầu tư: Quyết định số 314/QĐ-UBND ngày 13/02/2008 giao Công ty cổ phần sửa chữa ô tô Trung Thượng làm chủ đầu tư và thực hiện dự án Khu trung tâm Tòa nhà hỗn hợp thương mại văn phòng cho thuê, nhà ở, dịch vụ bán và bảo hành xe ô tô tại xã Ngọc Mỹ, huyện Quốc Oai (Hồ sơ 1 trang giấy). Quyết định số 1499/QĐ-UBND ngày 03/06/2008 giao c",59,Khu trung tâm tòa nhà hỗn hợp thương mại,khu trung tâm tòa nhà hỗn hợp thương mại,1.500.000 m² (~150.00 ha),1.500.000 m² (~150.00 ha),150 ha,"1,350 ha; 54,896 m2; 56,492 m2; 49,454 m2; 62,573.8 m2",giá chào bán khoảng 500 tỷ,,,,,,,"giá chào bán khoảng 500 tỷ; 500 tỷ; 8 tr/m2; 17 tr/m2; 23 tr/m2; 37 tr/m2; 45 tr/m2; 1,111 tỷ; 609 tỷ; 109 tỷ; 111 tỷ; 390 tỷ",hệ số sử dụng đất 5.34,,"dân trong ngõ khoảng 15; dân số huyện Quốc Oai và huyện Thạch Thất năm 2020; dân số trên 24,000; dân số trung bình trong giai đoạn (2017; dân số trung bình trên 3",,"điều chỉnh quy hoạch chi tiết 1/500 số 1745/QĐ-UBND ngày 25/06/2008 (thiếu trang 3-4-5) theo đó diện tích đất phù hợp quy hoạch là 54,896 m2: - Đất nhà ở hỗn; điều chỉnh quy hoạch chi t; 1/500 số 1745/QĐ-UBND ngày 25/06/2008 (thiếu trang 3-4-5) theo đó diện tích đất phù hợp quy hoạch là 54,896 m2: - Đất nhà ở hỗn hợp 24,888 m2 (tỷ lệ chiếm đất 45","bồi thường là 62,573",nghĩa vụ tài chính về tiền sử dụng đất,"Quyết định phê duyệt điều chỉnh quy hoạch chi tiết 1/500 số 1745/QĐ-UBND ngày 25/06/2008 (thiếu trang 3-4-5) theo đó diện tích đất phù hợp quy hoạch là 54,896 m2: - Đất nhà ở hỗn; Quyết định số 314/QĐ-UBND ngày 13/02/2008 gi; Quyết định số 1499/QĐ-UBND ngày 03/06/2008 giao chính thức 62,573; Quyết định phê duyệt điều chỉnh quy hoạch chi t; Quyết định số 314/QĐ-UBND ngày 13/02/2008 giao Công ty cổ phần sửa chữa ô tô Trung Thượng làm chủ đầu tư và thực hiện dự án Khu trung tâm Tòa nhà hỗn hợp thương mại văn phòng cho thuê, nhà ở; Quyết định số 1499/QĐ-UBND ngày 03/06/2008 giao c",batch_927.txt,25,matched_teams_map_link,matched_teams_map_link,,BDS-CURATED-0057,76,35,20,17,23,6,4,A,,project_or_deal,,,BDS-CURATED-0057,2022-07-20,yes,yes,yes,yes,yes
BDS-MASTER-0114,chung cư trên quy đất này có thể theo 2 hướng,1,2022-08-26,2022-08-26,batch_917.txt,,10.8569731,106.7820395,"10.8569731, 106.7820395",https://goo.gl/maps/g4UerEukDLx9YjWt5,,,Long Thành,0 m²,chung cư,,"QH 1/2000 đã quy định rõ quỹ đất này thuộc 1 phần ô đất I.04 có chức năng Khu nhà cao tầng có quy mô 46000m2, dân số 2448 người, 18-23 tầng cao, MĐXD 20%, HSSD 3.85-4.93 => BeeG cần; quy hoạch ở. 3. Sản phẩm phát triển thay đổi: + 1494 căn chung cư, DTKD 97086m2 có giá bán trung bình 60tr/m2 sàn thông thủy có VAT tại năm 2024 + 1 sàn TMDV, DTKD 3800m2, giá thuê khoán $8","quy mô 46000m2, dân số 2448 người, 18-23 tầng",,MĐXD 20%,dân số 2448,pháp lý tư vấn để triển khai phát triển dự án chung cư trên quy đất này có thể theo 2 hướng: + Hướng 1 (muốn triển khai sớm): Vì QH 1/2000 đã quy định rõ quỹ đất này thuộc 1 phần ô đất I.04 có chức năng Khu nhà cao tầng có quy,pháp lý tư vấn để triển khai phát triển dự án chung cư trên quy đất này có thể theo 2 h,,60tr/m2; 66tr/m2; 57tr/m2; 4476 tỷ; 6250 tỷ; 950 tỷ,giá bán trung bình 60tr/m2; giá bán trung bình 66tr/m2; giá bán đất 57tr/m2,,Tổng mức đầu tư là 4476 tỷ,doanh thu là 6250 tỷ,Lợi nhuận trước thuế là 950 tỷ,,,,"Đề xuất mua tích trữ quỹ đất này vì các ưu điểm sau: Tuyến đường này tập trung nhiều dự án có quy mô lớn như Zeigest, Lavida, Nine South,… Cách nút giao cao tốc Bến Lức – Long Thành khoảng 4km thông qua tuyến đường Nguyễn Văn T","cần phải mua thêm các thửa đất liền kề để sở hữu đủ phần đất thuộc ô I.04 thì mới có thể làm dự án hoặc tham gia đấu thầu dự án vì BeeG sở hữu lớn phần đất thuộc ô I.04 nên có khả năn; cần mua thêm các thửa liền kề): Mua tích trữ quỹ đất chờ đến khi luật sửa đổi khi không cần phải có đất ở nhưng vẫn thực hiện được dự án vì phù hợp quy hoạch ở. 3. Sản phẩm phát triển; Đề xuất mua tích trữ quỹ đất này vì các ưu điểm sau: Tuyến đường này tập trung nhiều dự án có quy mô lớn như Zeigest, Lavida, Nine South,… Cách nút giao cao tốc Bến Lức – Long Thành khoản",,"[] Phòng pháp lý tư vấn để triển khai phát triển dự án chung cư trên quy đất này có thể theo 2 hướng: + Hướng 1 (muốn triển khai sớm): Vì QH 1/2000 đã quy định rõ quỹ đất này thuộc 1 phần ô đất I.04 có chức năng Khu nhà cao tầng có quy mô 46000m2, dân số 2448 người, 18-23 tầng cao, MĐXD 20%, HSSD 3.85-4.93 => BeeG cần phải mua thêm các thửa đất liền kề để sở hữu đủ phần đất thuộc ô I.04 thì mới có thể làm dự án hoặc tham gia đấu thầu dự án vì BeeG sở hữu lớn phần đất thuộc ô I.04 nên có khả năng trúng thầu cao hơn + Hướng 2 (triển khai trên quỹ đất hiện trạng, không cần mua thêm các thửa liền kề): Mua tích trữ quỹ đất chờ đến khi luật sửa đổi khi không cần phải có đất ở nhưng vẫn thực hiện được dự án vì phù hợp quy hoạch ở. 3. Sản phẩm phát triển thay đổi: + 1494 căn chung cư, DTKD 97086m2 có giá bán trung bình 60tr/m2 sàn thông thủy có VAT tại năm 2024 + 1 sàn TMDV, DTKD 3800m2, giá thuê khoán $8/m2/tháng có VAT từ năm 2026 + 37 căn shophouse, DTKD 4433m2, có giá bán trung bình 66tr/m2 sàn thông thủy có VAT tại năm 2024 + 1 mảnh đất TMDV 414 m2, giá bán đất 57tr/m2 đất tại năm 2024 4. Tổng mức đầu tư là 4476 tỷ đồng, tổng doanh thu là 6250 tỷ đồng => Lợi nhuận trước thuế là 950 tỷ đồ",59,chung cư trên quy đất này có thể theo 2 hướng,chung cư trên quy đất này có thể theo 2 hướng,0 m²,0 m²,000m2,800m2; 433m2; 414 m2; 086m2,,Tổng mức đầu tư là 4476 tỷ,doanh thu là 6250 tỷ,Lợi nhuận trước thuế là 950 tỷ,,,,60tr/m2; 66tr/m2; 57tr/m2; 4476 tỷ; 6250 tỷ; 950 tỷ; giá bán trung bình 60tr/m2; giá bán trung bình 66tr/m2; giá bán đất 57tr/m2; Tổng mức đầu tư là 4476 tỷ; doanh thu là 6250 tỷ; Lợi nhuận trước thuế là 950 tỷ,,"quy mô 46000m2, dân số 2448 người, 18-23 tầng",dân số 2448,MĐXD 20%,1/2000 đã quy định rõ quỹ đất này thuộc 1 phần ô đất I,,,,batch_917.txt,29,matched_teams_map_link,matched_teams_map_link,,BDS-CURATED-0063,76,35,20,17,8,18,0,A,,project_or_deal,,,BDS-CURATED-0063,2022-08-26,yes,yes,yes,yes,yes
BDS-MASTER-0001,Chung cư Đỗ Xuân Hợp,1,2025-11-13,2025-11-13,batch_245.txt,Thanh L - INVT,10.8188035,106.7730129,"10.8188035, 106.7730129",https://maps.app.goo.gl/Hn6baY7yBKNTcRXs8,"https://maps.app.goo.gl/Hn6baY7yBKNTcRXs8 THÔNG TIN QUY HOẠCH + Diện tích đất: 2.067m2 + MĐXD: 40% + Hệ số sử dụng đất: 8,01 + Số tầng cao: 33 tầng + 1 hầm (có bố trí thêm tầng để xe nổi) + Tổng sàn xây dựng: 19.492,5 m2",,Thủ Đức,19.500 m² (~1.95 ha),Chung cư,,"QUY HOẠCH + Diện tích đất: 2.067m2 + MĐXD: 40% + Hệ số sử dụng đất: 8,01 + Số tầng cao: 33 tầng + 1 hầm (có bố trí thêm tầng để xe nổi) + Tổng sàn xây dựng: 19.492,5 m2 + Diện tích kinh doa",tầng cao: 33 tầng,"Hệ số sử dụng đất: 8,01; hệ số nén đạt 0,1; hệ số nén trên 0,15",MĐXD: 40%,,"Tiền sử dụng đất 135 tỷ đồng) NOTE: Phương pháp thặng dư ước tính giá trị lô đất 280 tỷ đồng tương đương 135 Tr.đồng/m2, sau khi khấu trừ đất ở và đất nông nghiệp hiện trạng theo thị trường mặt tiền Đỗ Xuân Hợp là 144 tỷ đồng 🡪 Tiền sử; Tiền sử dụng đất: 135 tỷ đồng) 2/ Doanh thu phòng giai đoạn ổn định là 15 tỷ đồng/năm (công suất thuê ổn định 90% từ năm thứ 3; Giá thuê bình quân đạt 8 triệu đồng/tháng bao gồm nội thất cơ bản). 3/ Chi phí hoạt động chiếm khoảng 32% do","chưa bao gồm VAT: 560 tỷ đồng (Trong đó: Suất vốn All in bao gồm VAT là 14,2 Tr.đồng/m2; Chi phí mua đất là 170 tỷ và Tiền s",,560 tỷ; 170 tỷ; 135 tỷ; 280 tỷ; 144 tỷ; 850 tỷ; 148 tỷ; 15 tỷ,,Tiền sử dụng đất 135 tỷ; Tiền sử dụng đất phải nộp thêm khoảng 135 tỷ; Tiền sử dụng đất: 135 tỷ,"Tổng mức đầu tư chưa bao gồm VAT: 560 tỷ; TMĐT = 25,8% 5/ IRR: 17,5% PHƯƠNG ÁN 2: CHO THUÊ CĂN HỘ 1/ Tổng mức đầu tư chưa bao gồm VAT: 560 tỷ",doanh thu bán hàng chưa VAT là: 850 tỷ; Doanh thu phòng giai đoạn ổn định là 15 tỷ,"Lợi nhuận trước thuế: 148 tỷ; Lợi nhuận trước thuế/TMĐT = 25,8% 5/ IRR: 17,5% PHƯƠNG ÁN 2: CHO THUÊ CĂN HỘ 1/ Tổng mức đầu tư chưa bao gồm VAT: 560 tỷ","IRR: 17,5%; IRR = 5,2%",,,"chưa bao gồm VAT: 560 tỷ đồng (Trong đó: Suất vốn All in bao gồm VAT là 14,2 Tr.đồng/m2; Chi phí mua đất là 170 tỷ và Tiền sử dụng đất 135 tỷ đồng) NOTE: Phương pháp thặng dư ước tính giá trị lô đất 280 tỷ đồng tương đương 1; chưa VAT là: 850 tỷ đồng (Trong đó: giá bán căn hộ bình quân bao gồm VAT 80 Tr.đồng/m2) 🡪 Giá bán căn hộ theo P.RD đề xuất 70 Tr.đồng/m2 – 75 Tr.đồng/m2 chưa bao gồm VAT. 3/ Lợi nhuận trước thuế: 148 tỷ đồng 4/ Lợi nhuận trư; Chi phí mua đất là 170 tỷ và Tiền sử dụng đất: 135 tỷ đồng) 2/ Doanh thu phòng giai đoạn ổn định là 15 tỷ đồng/năm (công suất thuê ổn đ","đề xuất 70 Tr.đồng/m2 – 75 Tr.đồng/m2 chưa bao gồm VAT. 3/ Lợi nhuận trước thuế: 148 tỷ đồng 4/ Lợi nhuận trước thuế/TMĐT = 25,8% 5/ IRR: 17,5% PHƯƠNG ÁN 2: CHO THUÊ CĂN HỘ 1/ Tổng mức đầ",,"[2025-11-13] Thanh L - INVT 11/13/2025 8:40 AM Translate Kính gửi Sếp Mr Mike1 -CEO, P.ĐT báo cáo hiệu quả đầu tư dự án Chung cư Đỗ Xuân Hợp, P.Phước Long B, Thủ Đức như sau: Vị trí: https://maps.app.goo.gl/Hn6baY7yBKNTcRXs8 THÔNG TIN QUY HOẠCH + Diện tích đất: 2.067m2 + MĐXD: 40% + Hệ số sử dụng đất: 8,01 + Số tầng cao: 33 tầng + 1 hầm (có bố trí thêm tầng để xe nổi) + Tổng sàn xây dựng: 19.492,5 m2 + Diện tích kinh doanh: 11.529,8m2 ; gồm 203 căn hộ + 1 căn shop -> Diện bình quân mỗi căn 55m2 PHƯƠNG ÁN 1: BÁN CĂN HỘ Ở 1/ Tổng mức đầu tư chưa bao gồm VAT: 560 tỷ đồng (Trong đó: Suất vốn All in bao gồm VAT là 14,2 Tr.đồng/m2; Chi phí mua đất là 170 tỷ và Tiền sử dụng đất 135 tỷ đồng) NOTE: Phương pháp thặng dư ước tính giá trị lô đất 280 tỷ đồng tương đương 135 Tr.đồng/m2, sau khi khấu trừ đất ở và đất nông nghiệp hiện trạng theo thị trường mặt tiền Đỗ Xuân Hợp là 144 tỷ đồng 🡪 Tiền sử dụng đất phải nộp thêm khoảng 135 tỷ đồng. 2/ Tổng doanh thu bán hàng chưa VAT là: 850 tỷ đồng (Trong đó: giá bán căn hộ bình quân bao gồm VAT 80 Tr.đồng/m2) 🡪 Giá bán căn hộ theo P.RD đề xuất 70 Tr.đồng/m2 – 75 Tr.đồng/m2 chưa bao gồm VAT. 3/ Lợi nhuận trước thuế: 148 tỷ đồng 4/ Lợi nhuận trước thuế/TMĐT = 25,8%",88,Chung cư Đỗ Xuân Hợp,chung cư đỗ xuân hợp,19.492 m² (~1.95 ha),19.500 m² (~1.95 ha),1.95 ha,"2.067m2; 19.492,5 m2; 11.529,8m2; 55m2",,"Tổng mức đầu tư chưa bao gồm VAT: 560 tỷ; TMĐT = 25,8% 5/ IRR: 17,5% PHƯƠNG ÁN 2: CHO THUÊ CĂN HỘ 1/ Tổng mức đầu tư chưa bao gồm VAT: 560 tỷ",doanh thu bán hàng chưa VAT là: 850 tỷ; Doanh thu phòng giai đoạn ổn định là 15 tỷ,"Lợi nhuận trước thuế: 148 tỷ; Lợi nhuận trước thuế/TMĐT = 25,8% 5/ IRR: 17,5% PHƯƠNG ÁN 2: CHO THUÊ CĂN HỘ 1/ Tổng mức đầu tư chưa bao gồm VAT: 560 tỷ","IRR: 17,5%; IRR = 5,2%",,,"560 tỷ; 170 tỷ; 135 tỷ; 280 tỷ; 144 tỷ; 850 tỷ; 148 tỷ; 15 tỷ; Tiền sử dụng đất 135 tỷ; Tiền sử dụng đất phải nộp thêm khoảng 135 tỷ; Tiền sử dụng đất: 135 tỷ; Tổng mức đầu tư chưa bao gồm VAT: 560 tỷ; TMĐT = 25,8% 5/ IRR: 17,5% PHƯƠNG ÁN 2: CHO THUÊ CĂN HỘ 1/ Tổng mức đầu tư chưa bao gồm VAT: 560 tỷ; doanh thu bán hàng chưa VAT là: 850 tỷ; Doanh thu phòng giai đoạn ổn định là 15 tỷ; Lợi nhuận trước thuế: 148 tỷ; Lợi nhuận trước thuế/TMĐT = 25,8% 5/ IRR: 17,5% PHƯƠNG ÁN 2: CHO THUÊ CĂN HỘ 1/ Tổng mức đầu tư chưa bao gồm VAT: 560 tỷ; IRR: 17,5%; IRR = 5,2%","Hệ số sử dụng đất: 8,01; hệ số nén đạt 0,1; hệ số nén trên 0,15",tầng cao: 33 tầng,,MĐXD: 40%,,,Tiền sử dụng đất 135 tỷ đồng) NOTE: Phương pháp thặng dư ước tính giá trị lô đất 280 tỷ đồng tương đương 135 Tr; Tiền sử dụng đất: 135 tỷ đồng) 2/ Doanh thu phòng giai đoạn ổn định là 15 tỷ đồng/năm (công suất thuê ổn định 90% từ năm thứ 3; Tiền sử dụng đất phải nộp thêm khoảng 135 tỷ đồng,,,,,resolved,,BDS-CURATED-0002,74,35,20,12,13,18,4,B,,project_or_deal,,,BDS-CURATED-0002,2025-11-13,yes,yes,yes,yes,yes
BDS-MASTER-0017,KĐT Trấn Biên (thuộc KCN Biên Hòa 1) đang tổ chức đấu giá tại Đồng Nai,1,,,batch_244.txt,,10.907246,106.8478032,"10.907246, 106.8478032",https://maps.app.goo.gl/Mww4k2RWctPHssMQA,"dự án: https://maps.app.goo.gl/Mww4k2RWctPHssMQA 2. Thông số quy hoạch: - Diện tích: 51.65 ha (16.7ha đất ở, 4.8ha đất hạ tầng xã hội + TMDV) - Sản phẩm: Nhà phố, biệt thự, 3 khu chung cư cao từ 40-45 tầng, 1 Trung tâm t",Đồng Nai,Biên Hòa,516.500 m² (~51.65 ha),KCN,,"quy hoạch: - Diện tích: 51.65 ha (16.7ha đất ở, 4.8ha đất hạ tầng xã hội + TMDV) - Sản phẩm: Nhà phố, biệt thự, 3 khu chung cư cao từ 40-45 tầng, 1 Trung tâm thương mại, Trường học, y tế,…); Dân số: ~ 19.774 dân 3. Pháp lý: Dự án đã có QH 1/500, đang thực hiện công tác giải phóng mặt bằng để tổ chức đấu giá theo kế hoạch. Theo thông báo đấu giá, thời gian nộp hồ sơ/tiền ứng",cao từ 40-45 tầng,,,Dân số: ~ 19.774; dân 3,"đấu giá tại Đồng Nai. 1.Vị trí dự án: https://maps.app.goo.gl/Mww4k2RWctPHssMQA 2. Thông số quy hoạch: - Diện tích: 51.65 ha (16.7ha đất ở, 4.8ha đất hạ tầng xã hội + TMDV) - Sản phẩm: Nhà phố, biệt thự, 3 khu chung cư cao từ 4; Pháp lý: Dự án đã có QH 1/500, đang thực hiện công tác giải phóng mặt bằng để tổ chức đấu giá theo kế hoạch. Theo thông báo đấu giá, thời gian nộp hồ sơ/tiền ứng trước từ 17/11/2025 đến 16/12/2025. Thời gian xét duyệt hồ sơ từ; đấu giá: 18/12/2025 Giá khởi điểm: 9.363 tỷ * Giá theo PA đấu giá do Trung tâm PT quỹ đất đề xuất là 2.110 tỷ. Tuy nhiên 10/11/2025, UBND Đồng Nai chính thức ra giá khởi điểm là 9.363 tỷ Tiền ứng trước: 1.873 tỷ 4. Hiệu quả dự","Pháp lý: Dự án đã có QH 1/500, đang thực hiện công tác giải phóng mặt bằng để tổ chức đ",,9.363 tỷ; 2.110 tỷ; 1.873 tỷ; 90 tr/m2; 74tr/m2; 154 tr/m2; 225 tr/m2; 16.5tr/m2; 12.1 tr/m2; 7.35 tr/m2; 2tr/m2; 56.637 tỷ; 33.373 tỷ; 10.073 tỷ; 13.190 tỷ; 2.631 tỷ; 11.050 tỷ; 953 tỷ; 12.453 tỷ; 408 tỷ,Giá bán đề xuất từ RnD GIÁ CĂN HỘ - Giá căn hộ: 80-90 tr/m2,,,,,IRR: 20.64%; IRR đạt: 15%; IRR đạt 10.8%,NPV: 2.631 tỷ; NPV đạt 953 tỷ; NPV âm 408 tỷ,,"đề xuất là 2.110 tỷ. Tuy nhiên 10/11/2025, UBND Đồng Nai chính thức ra giá khởi điểm là 9.363 tỷ Tiền ứng trước: 1.873 tỷ 4. Hiệu quả dự án: a) Giá bán đề xuất từ RnD GIÁ CĂN HỘ - Giá căn hộ: 80-90 tr/m2 (gồm VAT, tim tường) -","đề xuất là 2.110 tỷ. Tuy nhiên 10/11/2025, UBND Đồng Nai chính thức ra giá khởi điểm là 9.363 tỷ Tiền ứng trước: 1.873 tỷ 4. Hiệu quả dự án: a) Giá bán đề xuất từ RnD GIÁ CĂN HỘ - Giá căn",,"[] P.ĐT báo cáo sếp Mr Mike1 -CEO đánh giá sơ bộ hiệu quả dự án KĐT Trấn Biên (thuộc KCN Biên Hòa 1) đang tổ chức đấu giá tại Đồng Nai. 1.Vị trí dự án: https://maps.app.goo.gl/Mww4k2RWctPHssMQA 2. Thông số quy hoạch: - Diện tích: 51.65 ha (16.7ha đất ở, 4.8ha đất hạ tầng xã hội + TMDV) - Sản phẩm: Nhà phố, biệt thự, 3 khu chung cư cao từ 40-45 tầng, 1 Trung tâm thương mại, Trường học, y tế,…) - Dân số: ~ 19.774 dân 3. Pháp lý: Dự án đã có QH 1/500, đang thực hiện công tác giải phóng mặt bằng để tổ chức đấu giá theo kế hoạch. Theo thông báo đấu giá, thời gian nộp hồ sơ/tiền ứng trước từ 17/11/2025 đến 16/12/2025. Thời gian xét duyệt hồ sơ từ 04/12/2025-10/12/2025 Thời gian tổ chức đấu giá: 18/12/2025 Giá khởi điểm: 9.363 tỷ * Giá theo PA đấu giá do Trung tâm PT quỹ đất đề xuất là 2.110 tỷ. Tuy nhiên 10/11/2025, UBND Đồng Nai chính thức ra giá khởi điểm là 9.363 tỷ Tiền ứng trước: 1.873 tỷ 4. Hiệu quả dự án: a) Giá bán đề xuất từ RnD GIÁ CĂN HỘ - Giá căn hộ: 80-90 tr/m2 (gồm VAT, tim tường) - Giá officetel: 62-74tr/m2 (gồm VAT, tim tường) - Giá Shophouse: 136-172 tr./m2 (gồm VAT, tim tường) GIÁ THẤP TẦNG - Giá nhà phố liên kế: 133-154 tr/m2 (giá gồm nhà) – giá đất 94-115tr.m2 - Giá nhà ",71,KĐT Trấn Biên (thuộc KCN Biên Hòa 1) đang tổ chức đấu giá tại Đồng Nai,kđt trấn biên thuộc kcn biên hòa 1 đang tổ chức đấu giá tại đồng nai,516.500 m² (~51.65 ha),516.500 m² (~51.65 ha),51.65 ha,16.7ha; 4.8ha,,,,,IRR: 20.64%; IRR đạt: 15%; IRR đạt 10.8%,NPV: 2.631 tỷ; NPV đạt 953 tỷ; NPV âm 408 tỷ,,9.363 tỷ; 2.110 tỷ; 1.873 tỷ; 90 tr/m2; 74tr/m2; 154 tr/m2; 225 tr/m2; 16.5tr/m2; 12.1 tr/m2; 7.35 tr/m2; 2tr/m2; 56.637 tỷ; 33.373 tỷ; 10.073 tỷ; 13.190 tỷ; 2.631 tỷ; 11.050 tỷ; 953 tỷ; 12.453 tỷ; 408 tỷ; Giá bán đề xuất từ RnD GIÁ CĂN HỘ - Giá căn hộ: 80-90 tr/m2; IRR: 20.64%; IRR đạt: 15%; IRR đạt 10.8%; NPV: 2.631 tỷ; NPV đạt 953 tỷ; NPV âm 408 tỷ,,cao từ 40-45 tầng,Dân số: ~ 19.774; dân 3,,"1/500, đang thực hiện công tác giải phóng mặt bằng để tổ chức đấu giá theo kế hoạch; 1/500, đang thực hiện công tác giải phóng mặt bằng để tổ chức đ [] P",giải phóng mặt bằng để tổ chức đấu giá theo kế hoạch; giải phóng mặt bằng để tổ chức đ [] P,,"đấu giá theo kế hoạch; đấu giá, thời gian nộp hồ sơ/tiền ứng đấu giá tại Đồng Nai; đấu giá, thời gian nộp hồ sơ/tiền ứng trước từ 17/11/2025 đến 16/12/2025; đấu giá: 18/12/2025 Giá khởi điểm: 9; đấu giá do Trung tâm PT quỹ đất đề xuất là 2; đấu giá tại Đồng Nai",,,,resolved,,BDS-CURATED-0026,73,35,13,15,18,14,3,B,,project_or_deal,,,BDS-CURATED-0026,,yes,yes,yes,yes,yes
BDS-MASTER-0111,Phú Quang,9,2022-08-03,2025-07-15,batch_341.txt; batch_385.txt; batch_745.txt; batch_749.txt; batch_756.txt; batch_926.txt; batch_509.txt; batch_543.txt; batch_430.txt,Khoa L - INVT; Huy M - IM; Unknown User; Trieu Nguyen-PTDT,10.674157,106.929268,"10.674157, 106.929268",https://maps.app.goo.gl/Fsyo4xmwK3kmzbC9A; https://maps.app.goo.gl/hMM3KEF5KhFhsZJi7; https://maps.app.goo.gl/UEv62Ht1RcfDLLML8,,,,98 m²,TMĐT,,"QH 1/500 cũ) vào số tiền sử dụng đất đợt 2 (theo QH 1/500 mới). Tuy nhiên, hiện nay công tác điều chỉnh QH1/500 đã được hoàn thành trước công tác đóng tiền đợt 1 thực hiện. Do đó, kh; qh03-h1Mg8xRS… KĐT đã gửi CEO phương án đề xuất triển khai cho dự án Phú Quang. Do có đính kèm cả dự hiệu quả đầu tư nên gửi bên group này trước à Begin quote, Huy Mai-PTDT, 10/19/20; qh03-h1Mg8xRSbMKqhcBsWsV-FgVmjB_vn2CQ0KbLw?e=WuVOLb 2023.10.17 DE XUAT PHAT TRIEN PHU QUANG.pdf; dân số từ 18050 thành 19441 người => Điều chỉnh tăng 1391 người so với phương án 1.500 + Diện tích sàn thương phẩm chung cư: 313,853m2 sàn + Diện tích sàn chung cư NOXH: 97,860m2 sàn =>; dân số từ 18050 thành 19645 người => Điều chỉnh tăng 1595 người so với phương án 1.500 + Tăng tối đa chỉ tiêu khu chung cư thương mại 1, thêm khu chung cư thương mại 2 và 3 so với phương; quy hoạch - Các chi phí liên quan đến phần đất công trong diện tích giao đất còn lại 1. Tính toán LURF P. Đầu tư thực hiện tính toán tiền sử dụng đất theo 2 bước: Bước 1: Tính LURF theo phư; QH 1/500 đã được duyệt: Nhằm xác định nghĩa vụ tài chính cho diện tích giao đất đợt 1 mà bên bán phải đóng Bước 2: Tính LURF theo phương án QH 1/500 điều chỉnh mới, nhằm: - Xác định; 1/500 mới => tính toán phần chênh lệch giữa phương án cũ và mới để ra được tiền bổ sung đóng thêm (1) - Xác định LURF cho phần diện tích giao còn lại (2) => Tổng khoản (1) và (2) là phầ; quy hoạch mới nhất (18.051 dân) 1. Thông tin quy hoạch: Hệ số sử dụng đất: 6,41 - 7,69 Cơ cấu sử dụng đất: Tổng diện tích 32 ha Diện tích cây xanh cảnh quan: 14,4 ha Diện tích đất thương ph; quy hoạch mới (18.051 dân) với phương án 19.646 dân: Bảng so sánh với diện tích đất và thương phẩm của 2 phương án: Bảng so sánh P&L của 2 phương án: Với phương án 18.051 dân, hiệu quả dự á; tầng cao hơn tuy nhiên hiệu quả khai thác lại thấp hơn. Trong khi sản phẩm thấp tầng có giá trị thương mại cao (giá bán cao) thì lại giảm diện tích. Cụ thể: Phần thấp tầng: Diện tích đất t",,,,dân số từ 18050,"tiền sử dụng đất dự án, trước đây Công ty đang định hướng sẽ được khấu trừ phần tiền sử dụng đất mà đối tác cam kết nộp cho diện tích giao đất đợt 1 (tương ứng với QH 1/500 cũ) vào số tiền sử dụng đất đợt 2 (theo QH 1/500 mới). Tuy nhiê; 1/500 đã được hoàn thành trước công tác đóng tiền đợt 1 thực hiện. Do đó, khả năng công ty sẽ phải đóng full tiền sử dụng đất mà không được khấu trừ. => P.ĐT cập nhật lại FS dự án theo phương án đóng full tiền sử dụng đất. (ư; tiền sử dụng đất dự án, trước đây Công ty đang định hướng sẽ được khấu trừ phần tiền sử dụng đất mà đối tác cam kết nộp cho diện tích g; pháp lý liên quan đến việc tăng chỉ tiêu tối đa toàn khu (HSSD và chỉ tiêu dân…) và việc di chuyển khu nhà ở; tiền sử dụng đất (LURF) và chi phí liên quan đến phần đất công trong dự án: Trước hết, Phòng Đầu tư tổng hợp và báo cáo nghĩa vụ các bên trong cấu trúc deal như sau: Bên Bán Bên mua Diện tích giao đất đợt 1 (12.6ha) đã giao cho Phú Quan; GPMB - Tiền chuyển mục đích sử dụng đất theo QĐ 2987 (07/10/2020) - Chi phí bồi thường phần đất công năm trong 12.6ha Diện tích giao đất còn lại (~ 19ha) - Chi phí và công tác GPMB - Tiền chuyển mục đích sử dụng đất - Chi ph; giao đất còn lại Như vậy phạm vi Bên mua sẽ chịu trách nhiệm: - Đóng LURF cho phần diện tích giao còn lại, - Đóng LURF bổ sung cho phần giao đất đợt 1 (12.6ha) khi điều chỉnh quy hoạch - Các chi phí liên quan đến phần đất công t; giao đất còn lại 1. Tính toán LURF P. Đầu tư thực hiện tính toán tiền sử dụng đất theo 2 bước: Bước 1: Tính LURF theo phương án QH 1/500 đã được duyệt: Nhằm xác định nghĩa vụ tài chính cho diện tích giao đấ","đã được hoàn thành trước công tác đóng tiền đợt 1 thực hiện. Do đó, khả năng công ty sẽ phải đóng full tiền sử dụng đất mà khôn; GPMB - Tiền chuyển mục đích sử dụng đất theo QĐ 2987 (07/10/2020) - Chi phí bồi thườ",,8.000 tỷ; 23.797 tỷ; 3.676 tỷ; 507.7 tỷ; 755.9 tỷ,giá bán đất thịt phân khu thấp tầng giao động từ 200-240 tr/m2,"tiền sử dụng đất đợt 2; tiền sử dụng đất mà đối tác cam kết nộp cho diện tích giao đất đợt 1; tiền sử dụng đất dự án, trước đây Công ty đang định hướng sẽ được khấu trừ phần tiền sử dụng đất mà đối tác cam kết nộp cho diện tích g --- [2023; LURF theo phương án QH 1; LURF cho phần diện tích giao đợt 1; LURF mà công ty phải đóng là 2.417 tỷ; LURF cho phần diện tích giao còn lại, - Đóng LURF bổ sung cho phần giao đất đợt 1; tiền sử dụng đất theo 2",,,LNTT: 23.797 tỷ,IRR: 19.17%; IRR 35.59%; IRR 45.15%,NPV: 3.676 tỷ,,"đề xuất triển khai cho dự án Phú Quang. Do có đính kèm cả dự hiệu quả đầu tư nên gửi bên group này trước à KĐT cũng xin lịch của CEO để có buổi báo cáo chi tiết này cùng các phòng ban liên quan. Begin quote, Huy Mai-PTDT , 11/3; Đề xuất phát triển và cập nhật hiệu quả dự án Phú Quang. Anh cho team biết ngày phù hợp để sắp xếp 1 cuộc họp với các phòng ban để trình bày về dự án này nhé. Link One Drive: https://belgroupvn.sharepoint.com/:f:/s/BeeGroupCEOO; đề xuất triển khai cho dự án Phú Quang. Do có đính kèm cả dự hiệu quả đầu tư nên gửi bên group này trước à Begin quote, Huy Mai-PTDT, 10/19/2023 2:30 ... by Huy M - IM","đề xuất triển khai cho dự án Phú Quang. Do có đính kèm cả dự hiệu quả đầu tư nên gửi bên group này trước à KĐT cũng xin lịch của CEO để có buổi báo cáo chi tiết này cùng các phòng ban liê; Đề xuất phát triển và cập nhật hiệu quả dự án Phú Quang. Anh cho team biết ngày phù hợp để sắp xếp 1 cuộc họp với các phòng ban để trình bày về dự án này nhé. Link One Drive: https://belg; đề xuất triển khai cho dự án Phú Quang. Do có đính kèm cả dự hiệu quả đầu tư nên gửi bên group này trước à Begin quote, Huy Mai-PTDT, 10/19/2023 2:30 ... by Huy M - IM",án đóng full tiền sử dụng đất. (ước tính ~8.000 tỷ) như sau: - LNTT: 23.797 tỷ - NPV: 3.676 tỷ - IRR: 19.17% - LNTT/TMĐT: 51.06% 2025.07.15-FS PA full tiền đất.pdf; tps://belgroupvn.sharepoint.com/:f:/s/BeeGroupCEOOffice-03.KhiuT/Eh2-qh03-h1Mg8xRSbMKqhcBsWsV-FgVmjB_vn2CQ0KbLw?e=WuVOLb 2023.10.17 DE XUAT PHAT TRIEN PHU QUANG.pdf,"[2025-07-15] Khoa L - INVT 7/15/2025 5:46 PM Translate P.ĐT báo cáo CEO Mr Mike1 -CEO cập nhật FS dự án Phú Quang, Về nghĩa vụ tiền sử dụng đất dự án, trước đây Công ty đang định hướng sẽ được khấu trừ phần tiền sử dụng đất mà đối tác cam kết nộp cho diện tích giao đất đợt 1 (tương ứng với QH 1/500 cũ) vào số tiền sử dụng đất đợt 2 (theo QH 1/500 mới). Tuy nhiên, hiện nay công tác điều chỉnh QH1/500 đã được hoàn thành trước công tác đóng tiền đợt 1 thực hiện. Do đó, khả năng công ty sẽ phải đóng full tiền sử dụng đất mà không được khấu trừ. => P.ĐT cập nhật lại FS dự án theo phương án đóng full tiền sử dụng đất. (ước tính ~8.000 tỷ) như sau: - LNTT: 23.797 tỷ - NPV: 3.676 tỷ - IRR: 19.17% - LNTT/TMĐT: 51.06% 2025.07.15-FS PA full tiền đất.pdf P. ĐT báo cáo Sếp Mr Mike1 -CEO về s... by Hanh T - INVT, has an attachment. --- [2025-07-15] Khoa L - INVT 7/15/2025 5:46 PM Translate P.ĐT báo cáo CEO Mr Mike1 -CEO cập nhật FS dự án Phú Quang, Về nghĩa vụ tiền sử dụng đất dự án, trước đây Công ty đang định hướng sẽ được khấu trừ phần tiền sử dụng đất mà đối tác cam kết nộp cho diện tích g --- [2023-11-03] Huy M - IM 11/3/2023 8:09 AM KĐT đã gửi CEO phương án đề xuất triển khai cho dự án Phú Quang. Do có đính kèm cả dự hiệu quả đầu tư nên gửi bên group này trước à KĐT cũng xin lịch của CEO để có buổi báo cáo chi tiết này cùng các phòng ban liên quan. Begin quote, Huy Mai-PTDT , 11/3/2023 8:11 ... by Unknown User; [2025-03-12] Khoa L - INVT 3/12/2025 2:56 PM Translate K.ĐT gửi anh Mr Mike1 -CEO về hiệu quả dự án Phú Quang – Phương án bổ sung tiền sử dụng đất (LURF) và chi phí liên quan đến phần đất công trong dự án: Trước hết, Phòng Đầu tư tổng hợp và báo cáo nghĩa vụ các bên trong cấu trúc deal như sau: Bên Bán Bên mua Diện tích giao đất đợt 1 (12.6ha) đã giao cho Phú Quang theo QĐ 2987 (07/10/2020) - Chi phí và công tác đền bù/ GPMB - Tiền chuyển mục đích sử dụng đất theo QĐ 2987 (07/10/2020) - Chi phí bồi thường phần đất công năm trong 12.6ha Diện tích giao đất còn lại (~ 19ha) - Chi phí và công tác GPMB - Tiền chuyển mục đích sử dụng đất - Chi phí bồi thường phần đất công trong diện tích giao đất còn lại Như vậy phạm vi Bên mua sẽ chịu trách nhiệm: - Đóng LURF cho phần diện tích giao còn lại, - Đóng LURF bổ sung cho phần giao đất đợt 1 (12.6ha) khi điều chỉnh quy hoạch - Các chi phí liên quan đến phần đất công trong diện tích giao đất còn lại 1. Tính toán LURF P. Đầu tư thực hiện tính toán tiền sử dụng đất theo 2 bước: Bước 1: Tính LURF theo phương án QH 1/500 đã được duyệt: Nhằm xác định nghĩa vụ tài chính cho diện tích giao đất đợt 1 mà bên bán phải đóng Bước 2: Tính LURF theo phương án QH 1/500 đi --- [2025-03-12] Khoa L - INVT 3/12/2025 2:56 PM Translate K.ĐT gửi anh Mr Mike1 -CEO về hiệu quả dự án Phú Quang – Phương án bổ sung tiền sử dụng đất (LURF) và chi phí liên quan đến phần đất công trong dự án: Trước hết, Phòng Đầu tư tổng hợp và báo cáo nghĩa vụ các bên trong cấu trúc deal như sau: Bên Bán Bên mua Diện tích giao đất đợt 1 (12.6ha) đã giao cho Phú Quang theo QĐ 2987 (07/10/2020) - Chi phí và công tác đền bù/ GPMB - Tiền chuyển mục đích sử dụng đất theo QĐ 2987 (07/10/2020) - Chi phí bồi thường phần đất công năm trong 12.6ha Diện tích giao đấ; [2025-04-25] Khoa L - INVT 4/25/2025 6:04 PM Edited Translate P.Đầu tư Báo cáo anh Mr Mike1 -CEO về hiệu quả dự án Phú Quang cập nhật theo phương án quy hoạch mới nhất (18.051 dân) 1. Thông tin quy hoạch: Hệ số sử dụng đất: 6,41 - 7,69 Cơ cấu sử dụng đất: Tổng diện tích 32 ha Diện tích cây xanh cảnh quan: 14,4 ha Diện tích đất thương phẩm: 17 ha Đất thấp tầng: 4,5 ha Đất chung cư NOXH: 2,8 ha Đất chung cư NOTM: 5,8 ha Cơ cấu diện tích sàn thương phẩm: Chung cư NOXH: 129.874 m2 Chung cư NOTM: 323.986 m2 2. Hiệu quả dự án: Dựa trên thông tin giá bán, suất thay đổi không thay đổi so với các đợt báo cáo trước. Hiệu quả dự án như sau: Lợi nhuận trước thuế: 18.522,6 tỷ LNTT/TMĐT: 56,37% NPV: 4.286 tỷ IRR: 25,72% 3. So sánh phương án quy hoạch mới (18.051 dân) với phương án 19.646 dân: Bảng so sánh với diện tích đất và thương phẩm của 2 phương án: Bảng so sánh P&L của 2 phương án: Với phương án 18.051 dân, hiệu quả dự án sụt giảm so với phương án 19.646 dân. Tổng doanh thu giảm khoảng 9.375 tỷ; lợi nhuận trước thuế giảm khoảng 7.260 tỷ. IRR giảm 4.1%, LNTT/TMĐT giảm 26% Lý do Hiệu quả của phương án mới (18.051 dân) thấp hơn nhiều so với phương án 19.646 dân là do sự thay đổi cơ cấu sản phẩm của dự án.",59,Phú Quang,phú quang,98 m²,98 m²,98 m²,"313,853m2; 97,860m2",,"TMĐT: 56,37% NPV: 4.286 tỷ",doanh thu giảm khoảng 9.375 tỷ; doanh thu ~ 10.420 tỷ,"LNTT: 23.797 tỷ; LNTT/TMĐT: 56,37% NPV: 4.286 tỷ; lợi nhuận trước thuế giảm khoảng 7.260 tỷ","IRR: 19.17%; IRR 35.59%; IRR 45.15%; IRR: 29.81%; IRR: 25,72%; IRR giảm 4.1%",NPV: 3.676 tỷ; NPV: 7.070 tỷ; NPV: 4.286 tỷ,,"8.000 tỷ; 23.797 tỷ; 3.676 tỷ; 507.7 tỷ; 755.9 tỷ; tiền sử dụng đất đợt 2; tiền sử dụng đất mà đối tác cam kết nộp cho diện tích giao đất đợt 1; tiền sử dụng đất dự án, trước đây Công ty đang định hướng sẽ được khấu trừ phần tiền sử dụng đất mà đối tác cam kết nộp cho diện tích g --- [2023; LNTT: 23.797 tỷ; IRR: 19.17%; IRR 35.59%; IRR 45.15%; NPV: 3.676 tỷ; 2.417 tỷ; 10tr/m2; 489,6 tỷ; 25.783 tỷ; 20.627 tỷ; 7.070 tỷ; LURF theo phương án QH 1; LURF cho phần diện tích giao đợt 1; LURF mà công ty phải đóng là 2.417 tỷ; LURF cho phần diện tích giao còn lại, - Đóng LURF bổ sung cho phần giao đất đợt 1; tiền sử dụng đất theo 2; IRR: 29.81%; NPV: 7.070 tỷ; 522,6 tỷ; 4.286 tỷ; 9.375 tỷ; 7.260 tỷ; 240 tr/m2; 10.420 tỷ; 928 tỷ; giá bán đất thịt phân khu thấp tầng giao động từ 200-240 tr/m2; TMĐT: 56,37% NPV: 4.286 tỷ; doanh thu giảm khoảng 9.375 tỷ; doanh thu ~ 10.420 tỷ; LNTT/TMĐT: 56,37% NPV: 4.286 tỷ; lợi nhuận trước thuế giảm khoảng 7.260 tỷ; IRR: 25,72%; IRR giảm 4.1%; NPV: 4.286 tỷ",,,dân số từ 18050,,1/500 cũ) vào số tiền sử dụng đất đợt 2 (theo QH 1/500 mới); 1/500 đã được hoàn thành trước công tác đóng tiền đợt 1 thực hiện,GPMB - Tiền chuyển mục đích sử dụng đất theo QĐ 2987 (07/10/2020) - Chi phí bồi thường phần đất công năm trong 12; GPMB - Tiền chuyển mục đích sử dụng đất - Chi ph; GPMB - Tiền chuyển mục đích sử dụng đất theo QĐ 2987 (07/10/2020) - Chi phí bồi thườ [2025-03-12] Khoa L - INVT 3/12/2025 2:56 PM Translate K; GPMB - Tiền chuyển mục đích sử dụng đất - Chi phí bồi thường phần đất công trong diện tích giao đất còn lại Như vậy phạm vi Bên mua sẽ chịu trách nhiệm: - Đóng LURF,"tiền sử dụng đất đợt 2 (theo QH 1/500 mới); tiền sử dụng đất dự án, trước đây Công ty đang định hướng sẽ được khấu trừ phần tiền sử dụng đất mà đối tác cam kết nộp cho diện tích giao đất đợt 1 (tương ứng với QH 1/500 cũ) vào số tiền sử dụng; tiền sử dụng đất mà không được khấu trừ; tiền sử dụng đất; tiền sử dụng đất dự án, trước đây Công ty đang định hướng sẽ được khấu trừ phần tiền sử dụng đất mà đối tác cam kết nộp cho diện tích g; tiền sử dụng đất mà khôn [2025-07-15] Khoa L - INVT 7/15/2025 5:46 PM Translate P; tiền sử dụng đất dự án, trước đây Công ty đang định hướng sẽ được khấu trừ phần tiền sử dụng đất mà đối tác cam kết nộp cho diện tích g --- [2023-11-03] Huy M - IM 11/3/2023 8:09 AM KĐT đã gửi CEO; LURF P; tiền sử dụng đất theo 2 bước: Bước 1: Tính LURF theo phư; nghĩa vụ tài chính cho diện tích giao đất đợt 1 mà bên bán phải đóng Bước 2: Tính LURF theo phương án QH 1/500 điều chỉnh mới, nhằm: - Xác định; LURF cho phần diện tích giao còn lại (2) => Tổng khoản (1) và (2) là phầ tiền sử dụng đất (LURF) và chi phí liên quan đến phần đất công trong dự án: Trước hết, Phòng Đầu tư tổng hợp v; LURF cho phần diện tích giao còn lại, - Đóng LURF bổ sung cho phần giao đất đợt 1 (12; tiền sử dụng đất theo 2 bước: Bước 1: Tính LURF theo phương án QH 1/500 đã được duyệt: Nhằm xác định nghĩa vụ tài chính cho diện tích giao đấ GPMB - Tiền chuyển mục đích sử dụng đất theo QĐ 2987 (; tiền sử dụng đất (LURF) và chi phí liên quan đến phần đất công trong dự án: Trước hết, Phòng Đầu tư tổng hợp và báo cáo nghĩa vụ các bên trong cấu trúc deal như sau: Bên Bán Bên mua Diện tích giao; tiền sử dụng đất theo 2 bước: Bước 1: Tính LURF theo phương án QH 1/500 đã được duyệt: Nhằm xác định nghĩa vụ tài chính cho diện tích giao đất đợt 1 mà bên bán phải đóng Bước 2: Tính LURF theo phư","giao đất đợt 1 (tương ứng với QH 1/500 cũ) vào số tiền sử dụng đất đợt 2 (theo QH 1/500 mới); giao đất còn lại 1; giao đất đợt 1 mà bên bán phải đóng Bước 2: Tính LURF theo phương án QH 1/500 điều chỉnh mới, nhằm: - Xác định; giao đất đợt 1 (12; giao đất còn lại (~ 19ha) - Chi phí và công tác GPMB - Tiền chuyển mục đích sử dụng đất - Chi ph; giao đất còn lại Như vậy phạm vi Bên mua sẽ chịu trách nhiệm: - Đóng LURF cho phần diện tích giao còn lại, - Đóng LURF bổ sung cho phần giao đất đợt 1 (12; giao đất còn lại (~ 19ha) - Chi phí và công tác GPMB - Tiền chuyển mục đích sử dụng đất - Chi phí bồi thường phần đất công trong diện tích giao đất còn lại Như vậy phạm vi Bên mua sẽ chịu; giao đất đợt 1 mà bên bán phải đóng Bước 2: Tính LURF theo phương án QH 1/500 đi --- [2025-03-12] Khoa L - INVT 3/12/2025 2:56 PM Translate K",batch_341.txt,12,matched_teams_map_link,matched_teams_map_link,,BDS-CURATED-0060,73,28,25,11,19,13,0,B,,project_or_deal,Đã gom các tin cập nhật/phương án vào dự án cha,,BDS-CURATED-0060,2025-07-15,yes,yes,yes,yes,yes
BDS-MASTER-0117,khu tổ hợp văn phòng cho thuê,1,2022-08-10,2022-08-10,batch_923.txt,Quy Vo-PTDT,16.06931,108.24044,"16.06931, 108.24044",https://goo.gl/maps/hgxR4SsThT7KqvbUA,"dự án: Dự án cách sân bay khoảng 5Km, cách trung tâm quận Hải Châu khoảng 2Km, cách bãi tắm Phạm Văn Đồng khoảng 1Km. Dự án có 4 mặt tiền đường Phạm Văn Đồng, Chính Hữu, Dương Đình Nghệ, Lý Văn Tố tuy nhiên hình dạng lô",Đà Nẵng,,12.400 m² (~1.24 ha),văn phòng,"uy hoạch tạm tính lại chỉ tiêu như sau: + Hệ số sử dụng đất 13.47 lần trong đó hệ số Ở 12.52 lần, Shophouse 50 năm 0.56 lần, Sinh hoạt cộng đồng và nhà trẻ 0.39","QH:02, đường Phạm Văn Đồng, phường An Hải Bắc, quận Sơn Trà, thành phố Đà Nẵng: 1. Vị trí dự án: Dự án cách sân bay khoảng 5Km, cách trung tâm quận Hải Châu khoảng 2Km, cách bãi tắm; quy hoạch: Theo Quyết định phê duyệt quy hoạch chi tiết tỷ lệ 1/500 số 421/QĐ-UBND ngày 06/02/2020 dự án được phát triển thành khu tổ hợp văn phòng cho thuê, khách sạn và chung cư: + MĐXD K; Tầng cao tối đa 33 tầng; + Hệ số sử dụng đất 13.47 lần trong đó hệ số Ở 6.31 lần, TMDV 2.08 lần, Văn phòng 2.21 lần, Khách sạn 2.72 lần, Sinh hoạt cộng đồng và nhà trẻ 0.15 lần. Hiện tại d; quy hoạch phần thương mại sang mục đích ở do đó KĐT đã phối hợp với Khối quy hoạch tạm tính lại chỉ tiêu như sau: + Hệ số sử dụng đất 13.47 lần trong đó hệ số Ở 12.52 lần, Shophouse 50 năm; Dân số dự kiến 4,519 người. 5. Pháp lý xây dựng: Chưa có thông tin giấy phép xây dựng. 6. Loại hình phát triển và phương án ki",Tầng cao tối đa 33 tầng,Hệ số sử dụng đất 13.47; hệ số Ở 6.31; hệ số Ở 12.52; Hệ số sử dụng đất >= 13.47; hệ số ở >= 12.52,MĐXD Khối đế 57.74%; MĐXD Khối tháp 45.58%,"Dân số dự kiến 4,519; dân số >= 4519","Pháp lý đất: Hiện trạng là đất cơ sở sản xuất, kinh doanh (XD văn Phòng, XD Biệt thự, XD khách sạn) được cấp GCN năm 2005 với tổng diện tích 12.363,9m2. 3. Pháp lý đầu tư: + Chưa có thông tin khác ngoài GNCNĐKKD cấp cho Công ty; Pháp lý quy hoạch: Theo Quyết định phê duyệt quy hoạch chi tiết tỷ lệ 1/500 số 421/QĐ-UBND ngày 06/02/2020 dự án được phát triển thành khu tổ hợp văn phòng cho thuê, khách sạn và chung cư: + MĐXD Khối đế 57.74%; + MĐXD Khối thá; Pháp lý xây dựng: Chưa có thông tin giấy phép xây dựng. 6. Loại hình phát triển và phương án ki","Pháp lý đất: Hiện trạng là đất cơ sở sản xuất, kinh doanh (XD văn Phòng, XD Biệt thự, X","giá chào bán khoảng 2,100 tỷ","2,100 tỷ; 170 tr/m2",,,,,,,,,"Chưa có thông tin khác ngoài GNCNĐKKD cấp cho Công ty Cổ phần Sao Đỏ Đà Nẵng số 0400452434 do Sở Kế hoạch và Đầu tư Thành phố Đà Nẵng cấp lần đầu ngày 26/03/2008, đăng ký thay đổi lần thứ 11 ngày 17/06/2020. 4. Pháp lý quy h; Chưa có thông tin giấy phép xây dựng. 6. Loại hình phát triển và phương án ki",,,"[2022-08-10] Quy Vo-PTDT 8/10/2022 10:04 AM KĐT gửi Mr.Tuấn Tuan Tran-CEO Báo cáo Dự án khu tổ hợp văn phòng cho thuê, khách sạn và chung cư Redstar với diện tích đất 12,364 m2 (giá chào bán khoảng 2,100 tỷ tương đương 170 tr/m2) thuộc khu số 1,3,4, tờ bản đồ số QH:02, đường Phạm Văn Đồng, phường An Hải Bắc, quận Sơn Trà, thành phố Đà Nẵng: 1. Vị trí dự án: Dự án cách sân bay khoảng 5Km, cách trung tâm quận Hải Châu khoảng 2Km, cách bãi tắm Phạm Văn Đồng khoảng 1Km. Dự án có 4 mặt tiền đường Phạm Văn Đồng, Chính Hữu, Dương Đình Nghệ, Lý Văn Tố tuy nhiên hình dạng lô đất không vuông vức (bị khuyết). 2. Pháp lý đất: Hiện trạng là đất cơ sở sản xuất, kinh doanh (XD văn Phòng, XD Biệt thự, XD khách sạn) được cấp GCN năm 2005 với tổng diện tích 12.363,9m2. 3. Pháp lý đầu tư: + Chưa có thông tin khác ngoài GNCNĐKKD cấp cho Công ty Cổ phần Sao Đỏ Đà Nẵng số 0400452434 do Sở Kế hoạch và Đầu tư Thành phố Đà Nẵng cấp lần đầu ngày 26/03/2008, đăng ký thay đổi lần thứ 11 ngày 17/06/2020. 4. Pháp lý quy hoạch: Theo Quyết định phê duyệt quy hoạch chi tiết tỷ lệ 1/500 số 421/QĐ-UBND ngày 06/02/2020 dự án được phát triển thành khu tổ hợp văn phòng cho thuê, khách sạn và chung cư: + MĐXD Khối đế 57.74%; + MĐXD ",59,khu tổ hợp văn phòng cho thuê,khu tổ hợp văn phòng cho thuê,12.364 m² (~1.24 ha),12.400 m² (~1.24 ha),1.24 ha,"12,364 m2; 12.363,9m2","giá chào bán khoảng 2,100 tỷ",,,,,,,"giá chào bán khoảng 2,100 tỷ; 2,100 tỷ; 170 tr/m2",Hệ số sử dụng đất 13.47; hệ số Ở 6.31; hệ số Ở 12.52; Hệ số sử dụng đất >= 13.47; hệ số ở >= 12.52,Tầng cao tối đa 33 tầng,"Dân số dự kiến 4,519; dân số >= 4519",MĐXD Khối đế 57.74%; MĐXD Khối tháp 45.58%,"phê duyệt quy hoạch chi tiết tỷ lệ 1/500 số 421/QĐ-UBND ngày 06/02/2020 dự án được phát triển thành khu tổ hợp văn phòng cho thuê, khách sạn và chung cư: + MĐXD K; phê duyệt quy hoạch chi tiết tỷ lệ 1/500 số 421/QĐ-UBND ngày 06/02/2020 dự án được phát triển thành khu tổ hợp văn phòng cho thuê, khách sạn và chung cư: + MĐXD Khối đế 57",,,"Quyết định phê duyệt quy hoạch chi tiết tỷ lệ 1/500 số 421/QĐ-UBND ngày 06/02/2020 dự án được phát triển thành khu tổ hợp văn phòng cho thuê, khách sạn và chung cư: + MĐXD K; GCN năm 2005 với tổng diện tích 12; Quyết định phê duyệt quy hoạch chi tiết tỷ lệ 1/500 số 421/QĐ-UBND ngày 06/02/2020 dự án được phát triển thành khu tổ hợp văn phòng cho thuê, khách sạn và chung cư: + MĐXD Khối đế 57",batch_923.txt,20,matched_teams_map_link,matched_teams_map_link,,BDS-CURATED-0066,73,35,20,23,14,6,4,B,,project_or_deal,,,BDS-CURATED-0066,2022-08-10,yes,yes,yes,yes,yes
BDS-MASTER-0008,Hermes Power 1,1,,,batch_001.txt,,10.784153,106.725690,"10.784153, 106.725690",https://maps.app.goo.gl/qDbb6mJHvwhXw4Az6,"KĐT Thủ Thiêm - https://maps.app.goo.gl/qDbb6mJHvwhXw4Az6 Vị trí căn cứ vào file chào của Công ty hải Hưng, chưa xác định được ranh đất cụ thể. 2. PA Quy hoạch: - Dựa vào định vị trong file giới thiệu của Công ty Hải Hưn",,,,căn hộ,"đất hiện là đất nông nghiệp. + LUR: 2.073 tỷ (tính theo PP Thặng dư, do đơn giá xây dựng 15 tầng theo suất vốn NN thấp, trong khi thị trường khu vực giao dịch m","Quy hoạch: - Dựa vào định vị trong file giới thiệu của Công ty Hải Hưng, khu đất dự án thuộc ô quy hoạch K4.4HH, thông số quy hoạch như sau: + Hệ số: 7.31 + Dân số: 1.002 + Quy mô: 15 tầng",Quy mô: 15 tầng; xây dựng 15 tầng; cao trong khi suất đầu tư BXD cho công trình 15 tầng,Hệ số: 7.31,,Dân số: 1.002,"pháp lý do hiện trạng pháp lý chưa có gì, khu đất chưa có đường, đường Lương Định Của đang triển khai thi công) + Giá bán: 250 tr/m2 (chưa V, tim tường) + Giá bán căn shop: 300 tr/m2 (chưa V tim tường) b) Giả định chi phí: + Gi; GCN, chưa xác định được mục đích sdđ hiện trạng. P.ĐT giả định khu đất hiện là đất nông nghiệp. + LUR: 2.073 tỷ (tính theo PP Thặng dư, do đơn giá xây dựng 15 tầng theo suất vốn NN thấp, trong khi thị trường khu vực giao dị; tiền sử dụng đất lớn) + CP xây dựng: 21 tr./m2 (chưa V, all in) tương đương 23 tr./m2 (gồm V) + CP bán hàng: 16% doanh thu c) Hiệu quả đầu tư: LNTT: 1.411 tỷ LNST: 1.129 tỷ LNTT/TMĐT: 19% IRR: 8,3% 4. Các lưu ý: - Chưa có đầy đủ hồ sơ p; LUR cao do giá thị trường khu vực rất cao trong khi suất đầu tư BXD cho công trình 15 tầng thấp. - Vì KĐT Thủ Thiêm sẽ tổ chức đấu giá trong thời gian tới, dẫn đến sẽ đẩy mặt bằng giá đất khu vực lên. Khi tha","chưa xác định được ranh đất cụ thể. 2. PA Quy hoạch: - Dựa vào định vị trong file giới thiệu của Công ty Hải Hưng, khu đất d",Giá mua: 3.380 tỷ,250 tr/m2; 300 tr/m2; 3.380 tỷ; 2.073 tỷ; 1.411 tỷ; 1.129 tỷ; 2.660 tỷ; 2.300 tỷ,Giá bán: 250 tr/m2; Giá bán căn shop: 300 tr/m2,LUR: 2.073 tỷ; tiền sử dụng đất lớn) + CP xây dựng: 21; LUR cao do giá thị trường khu vực rất cao trong khi suất đầu tư BXD cho công trình 15,,doanh thu c) Hiệu quả đầu tư: LNTT: 1.411 tỷ,LNTT: 1.411 tỷ; LNST: 1.129 tỷ,"IRR: 8,3%; IRR 15%; IRR 20%",,,"chưa xác định được ranh đất cụ thể. 2. PA Quy hoạch: - Dựa vào định vị trong file giới thiệu của Công ty Hải Hưng, khu đất dự án thuộc ô quy hoạch K4.4HH, thông số quy hoạch như sau: + Hệ số: 7.31 + Dân số: 1.002 + Quy mô: 1; chưa có gì, khu đất chưa có đường, đường Lương Định Của đang triển khai thi công) + Giá bán: 250 tr/m2 (chưa V, tim tường) + Giá bán căn shop: 300 tr/m2 (chưa V tim tường) b) Giả định chi phí: + Giá mua: 3.380 tỷ (~ 130tr US; chưa có thông tin GCN, chưa xác định được mục đích sdđ hiện trạng. P.ĐT giả định khu đất hiện là đất nông nghiệp. + LUR: 2.073 tỷ (tính theo PP Thặng dư, do đơn giá xây dựng 15 tầng theo suất vốn NN thấp, trong khi thị trườn; chưa V, all in) tương đương 23 tr./m2 (gồm V) + CP bán hàng: 16% doanh thu c) Hiệu quả đầu tư: LNTT: 1.411 tỷ LNST: 1.129 tỷ LNTT/TMĐT: 19% IRR: 8,3% 4. Các lưu ý: - Chưa có đầy đủ hồ sơ pháp lý đất. không xác định được ch",Đề xuất lấy thêm thông tin nguồn gốc đất - Chi phí LUR cao do giá thị trường khu vực rất cao trong khi suất đầu tư BXD cho công trình 15 tầng thấp. - Vì KĐT Thủ Thiêm sẽ tổ chức đấu giá t,,"[] P.ĐT Báo cáo sếp Admin 01 tính toán fs sơ bộ dự án Hermes Power 1. Thông tin dự án - Diện tích: - Vị trí: KĐT Thủ Thiêm - https://maps.app.goo.gl/qDbb6mJHvwhXw4Az6 Vị trí căn cứ vào file chào của Công ty hải Hưng, chưa xác định được ranh đất cụ thể. 2. PA Quy hoạch: - Dựa vào định vị trong file giới thiệu của Công ty Hải Hưng, khu đất dự án thuộc ô quy hoạch K4.4HH, thông số quy hoạch như sau: + Hệ số: 7.31 + Dân số: 1.002 + Quy mô: 15 tầng – 438 căn hộ ở, 42 căn shop TM 3. PA triển khai đầu tư: a) Giả định kinh doanh: Thời điểm bán hàng dự kiến 2029 (mất 2 năm xử lý pháp lý do hiện trạng pháp lý chưa có gì, khu đất chưa có đường, đường Lương Định Của đang triển khai thi công) + Giá bán: 250 tr/m2 (chưa V, tim tường) + Giá bán căn shop: 300 tr/m2 (chưa V tim tường) b) Giả định chi phí: + Giá mua: 3.380 tỷ (~ 130tr USD) Do hồ sơ đối tác gửi chưa có thông tin GCN, chưa xác định được mục đích sdđ hiện trạng. P.ĐT giả định khu đất hiện là đất nông nghiệp. + LUR: 2.073 tỷ (tính theo PP Thặng dư, do đơn giá xây dựng 15 tầng theo suất vốn NN thấp, trong khi thị trường khu vực giao dịch mức giá rất cao dẫn đến tiền sử dụng đất lớn) + CP xây dựng: 21 tr./m2 (chưa V, all in) tương đương 23 t",76,Hermes Power 1,hermes power 1,,,,,Giá mua: 3.380 tỷ,,doanh thu c) Hiệu quả đầu tư: LNTT: 1.411 tỷ,LNTT: 1.411 tỷ; LNST: 1.129 tỷ,"IRR: 8,3%; IRR 15%; IRR 20%",,,"Giá mua: 3.380 tỷ; 250 tr/m2; 300 tr/m2; 3.380 tỷ; 2.073 tỷ; 1.411 tỷ; 1.129 tỷ; 2.660 tỷ; 2.300 tỷ; Giá bán: 250 tr/m2; Giá bán căn shop: 300 tr/m2; LUR: 2.073 tỷ; tiền sử dụng đất lớn) + CP xây dựng: 21; LUR cao do giá thị trường khu vực rất cao trong khi suất đầu tư BXD cho công trình 15; doanh thu c) Hiệu quả đầu tư: LNTT: 1.411 tỷ; LNTT: 1.411 tỷ; LNST: 1.129 tỷ; IRR: 8,3%; IRR 15%; IRR 20%",Hệ số: 7.31,Quy mô: 15 tầng; xây dựng 15 tầng; cao trong khi suất đầu tư BXD cho công trình 15 tầng,Dân số: 1.002,,,,LUR: 2; tiền sử dụng đất lớn) + CP xây dựng: 21 tr; LUR cao do giá thị trường khu vực rất cao trong khi suất đầu tư BXD cho công trình 15 tầng thấp,"GCN, chưa xác định được mục đích sdđ hiện trạng; đấu giá trong thời gian tới, dẫn đến sẽ đẩy mặt bằng giá đất khu vực lên",,,,resolved,,BDS-CURATED-0013,69,35,5,14,19,24,15,B,Thiếu diện tích đất,project_or_deal,,,BDS-CURATED-0013,,yes,no,yes,yes,yes
BDS-MASTER-0098,2769m2 tại Đà Nẵng,1,2022-08-03,2022-08-03,batch_926.txt,Trieu Nguyen-PTDT,10.6312837,107.0212037,"10.6312837, 107.0212037",https://goo.gl/maps/JtDt3jc8pMZ3n7xH9; https://goo.gl/maps/GPLvd34uRNT1EL5bA; https://goo.gl/maps/oJP5R9Jfe8yAcrWY6,,Đà Nẵng,,769 m²,khách sạn,"u dài => Căn cứ Nghị định 31/2021 hướng dẫn Luật Đầu tư, Phòng Pháp lý đề xuất không lập dự án và không xin chấp thuận chủ trương đầu tư mà thực hiện để cá nhân","quy hoạch: + Đất ODT: theo kế hoạch sử dụng đất năm 2022 của Quận Sơn Trà theo quyết định số 664/QĐ-UBND được ban hành + Bảng tính dựa trên thông số quy hoạch HSSD 14.92 lần, MĐXD 59.24%, 3; tầng cao Pháp lý xây dựng: tham khảo từ phòng Pháp lý, mảnh đất 2769m2 thuộc loại công trình không theo tuyến, các bước thực hiện pháp lý xây dựng (thời gian khoảng 6 - 12 tháng): + B1: Kh; quy hoạch tổng mặt bằng. Cụ thể: 1) Lựa chọn đơn vị tư vấn thiết kế, lên ý tưởng, lập hồ sơ nhiệm vụ quy hoạch, 2) Lấy ý kiến cộng đồng dân cư, 3) Trình, thẩm định, phê duyệt nhiệm vụ đồ án; quy hoạch (khoảng 30-45 ngày) + B4: Đánh giá tác động môi trường (khoảng 75 ngày) + B5: Thẩm duyệt PCCC (khoảng 65 ngày) + B6: Thỏa thuận đấu nối HTKT (khoảng 15 ngày) + B7: Đất đai: 1) Chu",,,MĐXD 59.24%,"dân cư, 3","Pháp lý đất: Giấy CNQSDĐ 2769m2 đất ODT, thời hạn lâu dài, có nguồn gốc đấu giá, nhà nước giao đất có thu tiền sử dụng đất Pháp lý đầu tư: Với mục đích giữ đất và thời hạn sử dụng đất lâu dài => Căn cứ Nghị định 31/2021 hướng d; Pháp lý đề xuất không lập dự án và không xin chấp thuận chủ trương đầu tư mà thực hiện để cá nhân đứng tên GCNQSDĐ và cho một pháp nhân thuê để xây dựng và kinh doanh khách sạn Pháp lý quy hoạch: + Đất ODT: theo kế hoạch sử dụn; quyết định số 664/QĐ-UBND được ban hành + Bảng tính dựa trên thông số quy hoạch HSSD 14.92 lần, MĐXD 59.24%, 36 tầng cao Pháp lý xây dựng: tham khảo từ phòng Pháp lý, mảnh đất 2769m2 thuộc loại công trình không theo tuyến, các bướ; pháp lý xây dựng (thời gian khoảng 6 - 12 tháng): + B1: Khảo sát địa hình, địa chất, rà phá bom mìn (khoảng 25 ngày) + B2: Lập Tờ trình/Nộp Hồ sơ thông qua thi tuyển lựa chọn phương án thiết kế kiến trúc theo q","Pháp lý đất: Giấy CNQSDĐ 2769m2 đất ODT, thời hạn lâu dài, có nguồn gốc đấu giá, nhà nư",,"488.9 tỷ; 2.805 tỷ; 100,464 tỷ; 405,608 tỷ; 8,151 tỷ; 118,254 tỷ",,tiền sử dụng đất Pháp lý đầu tư: Với mục đích giữ đất và thời hạn sử dụng đất lâu dài => Căn cứ Nghị định 31,,DT 8/3/2022 4:45 PM KĐT gửi anh Tuan Tran-CEO báo cáo dự án 2769m2 t,,IRR 13.87%; IRR 18.10%,"NPV là 405,608 tỷ; NPV là 8,151 tỷ",,đề xuất không lập dự án và không xin chấp thuận chủ trương đầu tư mà thực hiện để cá nhân đứng tên GCNQSDĐ và cho một pháp nhân thuê để xây dựng và kinh doanh khách sạn Pháp lý quy hoạch: + Đất ODT: theo kế hoạch sử dụng đất nă,đề xuất không lập dự án và không xin chấp thuận chủ trương đầu tư mà thực hiện để cá nhân đứng tên GCNQSDĐ và cho một pháp nhân thuê để xây dựng và kinh doanh khách sạn Pháp lý quy hoạch:,,"[2022-08-03] Trieu Nguyen-PTDT 8/3/2022 4:45 PM KĐT gửi anh Tuan Tran-CEO báo cáo dự án 2769m2 tại Đà Nẵng: Pháp lý đất: Giấy CNQSDĐ 2769m2 đất ODT, thời hạn lâu dài, có nguồn gốc đấu giá, nhà nước giao đất có thu tiền sử dụng đất Pháp lý đầu tư: Với mục đích giữ đất và thời hạn sử dụng đất lâu dài => Căn cứ Nghị định 31/2021 hướng dẫn Luật Đầu tư, Phòng Pháp lý đề xuất không lập dự án và không xin chấp thuận chủ trương đầu tư mà thực hiện để cá nhân đứng tên GCNQSDĐ và cho một pháp nhân thuê để xây dựng và kinh doanh khách sạn Pháp lý quy hoạch: + Đất ODT: theo kế hoạch sử dụng đất năm 2022 của Quận Sơn Trà theo quyết định số 664/QĐ-UBND được ban hành + Bảng tính dựa trên thông số quy hoạch HSSD 14.92 lần, MĐXD 59.24%, 36 tầng cao Pháp lý xây dựng: tham khảo từ phòng Pháp lý, mảnh đất 2769m2 thuộc loại công trình không theo tuyến, các bước thực hiện pháp lý xây dựng (thời gian khoảng 6 - 12 tháng): + B1: Khảo sát địa hình, địa chất, rà phá bom mìn (khoảng 25 ngày) + B2: Lập Tờ trình/Nộp Hồ sơ thông qua thi tuyển lựa chọn phương án thiết kế kiến trúc theo quy định (Nếu có) (khoảng 90-120 ngày) + B3: Phê duyệt nhiệm vụ quy hoạch tổng mặt bằng. Cụ thể: 1) Lựa chọn đơn vị tư vấn thiết kế, lên ý tư",59,2769m2 tại Đà Nẵng,2769m2 tại đà nẵng,769 m²,769 m²,769 m²,,,,,,IRR 13.87%; IRR 18.10%,"NPV là 405,608 tỷ; NPV là 8,151 tỷ",,"488.9 tỷ; 2.805 tỷ; 100,464 tỷ; 405,608 tỷ; 8,151 tỷ; 118,254 tỷ; tiền sử dụng đất Pháp lý đầu tư: Với mục đích giữ đất và thời hạn sử dụng đất lâu dài => Căn cứ Nghị định 31; DT 8/3/2022 4:45 PM KĐT gửi anh Tuan Tran-CEO báo cáo dự án 2769m2 t; IRR 13.87%; IRR 18.10%; NPV là 405,608 tỷ; NPV là 8,151 tỷ",,,"dân cư, 3",MĐXD 59.24%,,,"tiền sử dụng đất Pháp lý đầu tư: Với mục đích giữ đất và thời hạn sử dụng đất lâu dài => Căn cứ Nghị định 31/2021 hướng d; tiền sử dụng đất Pháp lý đầu tư: Với mục đích giữ đất và thời hạn sử dụng đất lâu dài => Căn cứ Nghị định 31/2021 hướng dẫn Luật Đầu tư, Phòng Pháp lý đề xuất không lập dự án và không xin chấp thu","quyết định số 664/QĐ-UBND được ban hành + Bảng tính dựa trên thông số quy hoạch HSSD 14; phê duyệt nhiệm vụ đồ án; đấu giá, nhà nước giao đất có thu tiền sử dụng đất Pháp lý đầu tư: Với mục đích giữ đất và thời hạn sử dụng đất lâu dài => Căn cứ Nghị định 31/2021 hướng d; chủ trương đầu tư mà thực hiện để cá nhân đứng tên GCNQSDĐ và cho một pháp nhân thuê để xây dựng và kinh doanh khách sạn Pháp lý quy hoạch: + Đất ODT: theo kế hoạch sử dụn; đấu giá, nhà nư [2022-08-03] Trieu Nguyen-PTDT 8/3/2022 4:45 PM KĐT gửi anh Tuan Tran-CEO báo cáo dự án 2769m2 tại Đà Nẵng: Pháp lý đất: Giấy CNQSDĐ 2769m2 đất ODT, thời hạn lâu dài, có n; đấu giá, nhà nước giao đất có thu tiền sử dụng đất Pháp lý đầu tư: Với mục đích giữ đất và thời hạn sử dụng đất lâu dài => Căn cứ Nghị định 31/2021 hướng dẫn Luật Đầu tư, Phòng Pháp lý đề; chủ trương đầu tư mà thực hiện để cá nhân đứng tên GCNQSDĐ và cho một pháp nhân thuê để xây dựng và kinh doanh khách sạn Pháp lý quy hoạch: + Đất ODT: theo kế hoạch sử dụng đất năm 2022 của Quận Sơ; Phê duyệt nhiệm vụ quy hoạch tổng mặt bằng",batch_926.txt,12,matched_teams_map_link,matched_teams_map_link,,BDS-CURATED-0047,68,35,20,6,19,9,3,B,,project_or_deal,,,BDS-CURATED-0047,2022-08-03,yes,yes,yes,yes,yes
BDS-MASTER-0084,Chung cư Minh Ngọc tại đường CMT8,1,2022-09-19,2022-09-19,batch_917.txt,Trieu Nguyen-PTDT,10.7867189,106.6664747,"10.7867189, 106.6664747",https://goo.gl/maps/cUNDNuwk9M5KBSbJA; https://goo.gl/maps/cUNDNuwk9M5KBSbJA**,"và hiện trạng: Dự án nằm tại Hẻm E6, đường CMT8, P11, Q3, có mặt tiền tiếp xúc với hẻm rộng khoảng 130m Nằm cách đường CMT8 khoảng 70m, cách vòng xoay Công trường Dân Chủ khoảng 2km, cách đường Nguyễn Huệ, Q1 khoảng 5.4k",TPHCM,,968 m²,Chung cư,,"QH 1.500, cụ thể: Vị trí và hiện trạng: Dự án nằm tại Hẻm E6, đường CMT8, P11, Q3, có mặt tiền tiếp xúc với hẻm rộng khoảng 130m Nằm cách đường CMT8 khoảng 70m, cách vòng xoay Công t; quy hoạch trạm metro số 2 khoảng 125m Phía sau dự án giáp ranh với nhà ga xe lửa Sài Gòn, dễ bị ảnh hưởng tiếng ồn Hiện trạng: Chưa xây dựng, trên đất có nhà xưởng betong, gạch cũ Pháp lý đ; tầng cao, dân số 480 người, 120 căn hộ. Pháp lý quy hoạch: QH 1.2000 năm 2013: thửa đất 434, tờ 13 có diện tích 7301.2m2 bao gồm 2527.93m2 đất hạ tầng giao thông, 4766.65 m2 đất sử dụng hỗ; tầng cao, MĐXD 49.84% Phía đối tác cam kết hoàn thành QH 1.500 xây dựng chung cư có HSSD 9 lần, MĐXD 45%, 22 tầng cao và 3 tầng hầm KĐT tính toán khả thi chỉ cho phần đất phù hợp quy hoạch; QH phía đối tác cam kết thực hiện Pháp lý xây dựng: Chưa có Sản phẩm phát triển: Vì khan hiếm nguồn cung dự án chung cư tại trung tâm TPHCM trong","tầng cao và 3 tầng; xây dựng chung cư có HSSD 9 lần, MĐXD 45%, 22 tầng; cao và 3 tầng",,MĐXD 45%; MĐXD 49.84%,Dân Chủ khoảng 2; dân số 480; Dân số 1127,"tiền sử dụng đất và QH 1.500, cụ thể: Vị trí và hiện trạng: Dự án nằm tại Hẻm E6, đường CMT8, P11, Q3, có mặt tiền tiếp xúc với hẻm rộng khoảng 130m Nằm cách đường CMT8 khoảng 70m, cách vòng xoay Công trường Dân Chủ khoảng 2km, cách đườ; Pháp lý đất: Chưa được cung cấp Pháp lý đầu tư: Đã được phê duyệt dự án đầu tư xây dựng QĐ số 144/QĐ-SXD-PTN cấp bởi Sở Xây dựng TPHCM ngày 27/08/2009, thực hiện công trình cao ốc Minh Ngọc sử dụng hỗn hợp chung cư, văn phòng v; Pháp lý quy hoạch: QH 1.2000 năm 2013: thửa đất 434, tờ 13 có diện tích 7301.2m2 bao gồm 2527.93m2 đất hạ tầng giao thông, 4766.65 m2 đất sử dụng hỗn hợp, HSSD 2.5 lần, 2-8 tầng cao, MĐXD 49.84% Phía đối tác cam kết hoàn thành; Pháp lý xây dựng: Chưa có Sản phẩm phát triển: Vì khan hiếm nguồn cung dự án chung cư tại trung tâm TPHCM trong khi nhu cầu thị trường vẫn còn rất cao, nên KĐT đề xuất phát triển dự án chung cư cao cấp: 15","Chưa xây dựng, trên đất có nhà xưởng betong, gạch cũ Pháp lý đất: Chưa được cung cấp Pháp lý đầu tư: Đã được phê duyệt dự án",giá chào 1200 tỷ,1200 tỷ; 165.86tr/m2; 123.5tr/m2; 95tr/m2; 80tr/m2; 100tr/m2; 90tr/m2; 2076.78 tỷ; 2905.97 tỷ; 398.38 tỷ; 1190 tỷ,,tiền sử dụng đất và QH 1.500,,"DT 9/19/2022 11:15 AM KĐT gửi anh Tuan Tran-CEO báo cáo dự án Chung cư Minh Ngọc tại đường CMT8, P11, Q3, T",,,,,"Chưa xây dựng, trên đất có nhà xưởng betong, gạch cũ Pháp lý đất: Chưa được cung cấp Pháp lý đầu tư: Đã được phê duyệt dự án đầu tư xây dựng QĐ số 144/QĐ-SXD-PTN cấp bởi Sở Xây dựng TPHCM ngày 27/08/2009, thực hiện công trìn; Chưa có Sản phẩm phát triển: Vì khan hiếm nguồn cung dự án chung cư tại trung tâm TPHCM trong khi nhu cầu thị trường vẫn còn rất cao, nên KĐT đề xuất phát triển dự án chung cư cao cấp: 1501 m2 sàn shophouse (khoảng 13 căn):",đề xuất phát triển dự án chung cư cao cấp: 1501 m2 sàn shophouse (khoảng 13 căn): giá bán trung,,"[2022-09-19] Trieu Nguyen-PTDT 9/19/2022 11:15 AM KĐT gửi anh Tuan Tran-CEO báo cáo dự án Chung cư Minh Ngọc tại đường CMT8, P11, Q3, TPHCM có quy mô 7234m2 và giá chào 1200 tỷ đồng (tương đương 165.86tr/m2 đất) bao gồm tiền sử dụng đất và QH 1.500, cụ thể: Vị trí và hiện trạng: Dự án nằm tại Hẻm E6, đường CMT8, P11, Q3, có mặt tiền tiếp xúc với hẻm rộng khoảng 130m Nằm cách đường CMT8 khoảng 70m, cách vòng xoay Công trường Dân Chủ khoảng 2km, cách đường Nguyễn Huệ, Q1 khoảng 5.4km, thuận tiện đi về trung tâm Q1. Cách công viên Lê Thị Riêng và vị trí quy hoạch trạm metro số 2 khoảng 125m Phía sau dự án giáp ranh với nhà ga xe lửa Sài Gòn, dễ bị ảnh hưởng tiếng ồn Hiện trạng: Chưa xây dựng, trên đất có nhà xưởng betong, gạch cũ Pháp lý đất: Chưa được cung cấp Pháp lý đầu tư: Đã được phê duyệt dự án đầu tư xây dựng QĐ số 144/QĐ-SXD-PTN cấp bởi Sở Xây dựng TPHCM ngày 27/08/2009, thực hiện công trình cao ốc Minh Ngọc sử dụng hỗn hợp chung cư, văn phòng và TMDV có diện tích đất 7234.9m2 bao gồm 3267.2m2 đất ở, 3967.7m2 đất cây xanh, giao thông, sân bãi theo HSSD 9 lần, MĐXD 45%, 22 tầng cao, dân số 480 người, 120 căn hộ. Pháp lý quy hoạch: QH 1.2000 năm 2013: thửa đất 434, tờ 13 có diện tích 7301.2m",65,Chung cư Minh Ngọc tại đường CMT8,chung cư minh ngọc tại đường cmt8,968 m²,968 m²,967.7m2,267.2m2; 234.9m2; 234m2; 527.93m2; 968 m²; 766.65 m2; 301.2m2,giá chào 1200 tỷ,,,,,,,"giá chào 1200 tỷ; 1200 tỷ; 165.86tr/m2; 123.5tr/m2; 95tr/m2; 80tr/m2; 100tr/m2; 90tr/m2; 2076.78 tỷ; 2905.97 tỷ; 398.38 tỷ; 1190 tỷ; tiền sử dụng đất và QH 1.500; DT 9/19/2022 11:15 AM KĐT gửi anh Tuan Tran-CEO báo cáo dự án Chung cư Minh Ngọc tại đường CMT8, P11, Q3, T",,"tầng cao và 3 tầng; xây dựng chung cư có HSSD 9 lần, MĐXD 45%, 22 tầng; cao và 3 tầng",Dân Chủ khoảng 2; dân số 480; Dân số 1127,MĐXD 45%; MĐXD 49.84%,,,tiền sử dụng đất và QH 1,"phê duyệt dự án đầu tư xây dựng QĐ số 144/QĐ-SXD-PTN cấp bởi Sở Xây dựng TPHCM ngày 27/08/2009, thực hiện công trình cao ốc Minh Ngọc sử dụng hỗn hợp chung cư, văn phòng v; phê duyệt dự án [2022-09-19] Trieu Nguyen-PTDT 9/19/2022 11:15 AM KĐT gửi anh Tuan Tran-CEO báo cáo dự án Chung cư Minh Ngọc tại đường CMT8, P11, Q3, TPHCM có quy mô 7234m2 và giá chào 1200; phê duyệt dự án đầu tư xây dựng QĐ số 144/QĐ-SXD-PTN cấp bởi Sở Xây dựng TPHCM ngày 27/08/2009, thực hiện công trình cao ốc Minh Ngọc sử dụng hỗn hợp chung cư, văn phòng và TMDV có diện tíc",batch_917.txt,37,matched_teams_map_link,matched_teams_map_link,,BDS-CURATED-0035,68,35,20,10,19,6,4,B,,project_or_deal,,,BDS-CURATED-0035,2022-09-19,yes,yes,yes,yes,yes
BDS-MASTER-0133,Khu Đô Thị Mới Bắc Quán Hành - Quán Hành - Nghi Lộc - Nghệ An,1,2023-06-22,2023-06-22,batch_834.txt,Thao L - INVT,18.790696,105.6402651,"18.790696, 105.6402651",https://goo.gl/maps/FmDxfXdHa9mdoGK99,"https://goo.gl/maps/FmDxfXdHa9mdoGK99 - Theo thống kê năm 2019, thị trấn Quán Hành có diện tích 3,9 km², dân số là 6.197 người, mật độ dân số đạt 1.589 người/km². - Dự án Khu đô thị Bắc Quán Hành các Trung tâm Thành phố",,,6.000 m²,biệt thự,,"dân số là 6.197 người, mật độ dân số đạt 1.589 người/km². - Dự án Khu đô thị Bắc Quán Hành các Trung tâm Thành phố Vinh khoảng 14Km, cách Cảng hàng không Quốc Tế Vinh 11Km, cách biển Cử; Dân số: 1.900 người. Diện tích: 18,43ha, trong đó: .180 căn nhà ở liền kề cao 3 tầng và 1 tum ~ 2,9ha chiếm 15,7%. . 144 căn nhà ở liền kề thương mại cao 3 tầng và 1 tum ~ 2,2ha chiếm 11",cao 3 tầng; cao 2-5 tầng,,mật độ dân số đạt 1.589,dân số là 6.197; dân số đạt 1.589; Dân số: 1.900,"giao đất cho NĐT thực hiện). Tiến độ thực hiện: 5 năm. Tổng mức đầu tư dự án: 994,9 tỷ; trong đó: . Chi phí xây dựng: 952,7 tỷ. . Chi phí đền bù giải phóng mặt bằng: 42,19 tỷ. 3/ Thông tin đấu thầu: - 12/12/2022 Sở Kế hoạch và Đ",,,"994,9 tỷ; 952,7 tỷ; 42,19 tỷ",,,"Tổng mức đầu tư dự án: 994,9 tỷ",,,,,,,,,"[2023-06-22] Thao L - INVT 6/22/2023 11:59 AM Edited K.ĐT gửi anh Tuan Tran-CEO thông tin về dự án Khu Đô Thị Mới Bắc Quán Hành - Quán Hành - Nghi Lộc - Nghệ An như sau: THÔNG TIN VỀ DỰ ÁN KHU ĐÔ THỊ MỚI BẮC QUÁN HÀNH – QUÁN HÀNH – NGHI LỘC 1/ Vị trí: https://goo.gl/maps/FmDxfXdHa9mdoGK99 - Theo thống kê năm 2019, thị trấn Quán Hành có diện tích 3,9 km², dân số là 6.197 người, mật độ dân số đạt 1.589 người/km². - Dự án Khu đô thị Bắc Quán Hành các Trung tâm Thành phố Vinh khoảng 14Km, cách Cảng hàng không Quốc Tế Vinh 11Km, cách biển Cử Lò khoảng 11Km. 2/ Thông tin dự án: Tên dự án: Khu đô thị mới Bắc Quán Hành. Địa điểm: Thị trấn Quán Hành, huyện Nghi Lộc, tỉnh Nghệ An. Hình thức lựa chọn nhà đầu tư: Đấu thầu dự án đầu tư có sử dụng đất. Dân số: 1.900 người. Diện tích: 18,43ha, trong đó: .180 căn nhà ở liền kề cao 3 tầng và 1 tum ~ 2,9ha chiếm 15,7%. . 144 căn nhà ở liền kề thương mại cao 3 tầng và 1 tum ~ 2,2ha chiếm 11,9%, . 55 căn nhà ở biệt thự cao 3 tầng và 1 tum ~ 1,5ha chiếm 8,1%. . Nhà ở xã hội, cao 2-5 tầng ~ 1,1ha chiếm 6%. . Khu thương mại dịch vụ, cao 2-5 tầng ~ 0,6ha chiếm 3,3%. . Còn lại là các công tình phụ trợ khác chiếm 55%. Thời gian hoạt động dự án: 50 năm ( kể từ ngày giao ",53,Khu Đô Thị Mới Bắc Quán Hành - Quán Hành - Nghi Lộc - Nghệ An như sau,khu đô thị mới bắc quán hành quán hành nghi lộc nghệ an,6.000 m²,6.000 m²,"0,6ha","18,43ha; 2,9ha; 2,2ha; 1,5ha; 1,1ha",,"Tổng mức đầu tư dự án: 994,9 tỷ",,,,,,"994,9 tỷ; 952,7 tỷ; 42,19 tỷ; Tổng mức đầu tư dự án: 994,9 tỷ",,cao 3 tầng; cao 2-5 tầng,dân số là 6.197; dân số đạt 1.589; Dân số: 1.900,mật độ dân số đạt 1.589,,"giải phóng mặt bằng: 42,19 tỷ",,giao đất cho NĐT thực hiện),batch_834.txt,41,matched_teams_map_link,matched_teams_map_link,,BDS-CURATED-0082,68,35,20,10,18,5,0,B,,project_or_deal,,,BDS-CURATED-0082,2023-06-22,yes,yes,yes,yes,no
BDS-MASTER-0109,Khu Đô Thị Mới Hậu Nghĩa - Đức Hòa,2,2023-06-16,2023-06-17,batch_837.txt; batch_840.txt,Thao L - INVT; Tuan Tran-CEO,10.9230083,106.3863301,"10.9230083, 106.3863301",https://goo.gl/maps/KCGefw7KgVDUzTPh7,"https://goo.gl/maps/KCGefw7KgVDUzTPh7 2/ Thông tin: - Năm 2018 VinGroup có văn bản Đề xuất lập quy hoạch đầu tư dự án Khu đô thị mới Hậu Nghĩa – Đức Hòa, vì thế hiện nay trên các trang thông tin (Guland, các báo điện tử,",Long An,,100.000 m² (~10.00 ha),chung cư,,"quy hoạch đầu tư dự án Khu đô thị mới Hậu Nghĩa – Đức Hòa, vì thế hiện nay trên các trang thông tin (Guland, các báo điện tử,…) đều thể hiện VinGroup là CĐT của dự án này. - Tuy nhiên vào n; Dân số: đến 2030 khoảng 40.000 người. Diện tích: 197,22ha; trong đó: . Đất xây dựng chung cư cao 25 tầng chiếm 5,59% ~ 11ha. . Đất biệt thự chiếm 5% ~ 10ha. . Đất nhà liền kề chiếm 19,1%; quy hoạch chi tiết xây dụng tỷ lệ 1/500 KĐTM Hậu Nghĩa – Đức Hòa. 12/2022 Báo cáo",cao 25 tầng; cao 5 tầng; xây dựng chung cư cao 25 tầng,,,Dân số: đến 2030,pháp lý dự án: 28/02/2020 UBND Huyện Đức Hòa ban hành Quyết định số 2329/QĐ-UBND về việc Phê duyệt đồ án quy hoạch chi tiết xây dụng tỷ lệ 1/500 KĐTM Hậu Nghĩa – Đức Hòa. 12/2022 Báo cáo,pháp lý dự án: 28/02/2020 UBND Huyện Đức Hòa ban hành Quyết định số 2329/QĐ-UBND về việ,,"162,877 tỷ; 3.095 tỷ; 1 tỷ",,,"tổng chi phí thực hiện dự án: 25.162,877 tỷ",,,,,,"Đề xuất lập quy hoạch đầu tư dự án Khu đô thị mới Hậu Nghĩa – Đức Hòa, vì thế hiện nay trên các trang thông tin (Guland, các báo điện tử,…) đều thể hiện VinGroup là CĐT của dự án này. - Tuy nhiên vào ngày 07/06/2023 Sở Kế Hoạch","Đề xuất lập quy hoạch đầu tư dự án Khu đô thị mới Hậu Nghĩa – Đức Hòa, vì thế hiện nay trên các trang thông tin (Guland, các báo điện tử,…) đều thể hiện VinGroup là CĐT của dự án này. - T",,"[2023-06-17] Thao L - INVT 6/17/2023 11:19 AM K.ĐT gửi anh Tuan Tran-CEO thông tin về dự án Khu Đô Thị Mới Hậu Nghĩa - Đức Hòa như sau: THÔNG TIN VỀ DỰ ÁN KHU ĐÔ THỊ MỚI HẬU NGHĨA – ĐỨC HÒA 1/ Vị trí: https://goo.gl/maps/KCGefw7KgVDUzTPh7 2/ Thông tin: - Năm 2018 VinGroup có văn bản Đề xuất lập quy hoạch đầu tư dự án Khu đô thị mới Hậu Nghĩa – Đức Hòa, vì thế hiện nay trên các trang thông tin (Guland, các báo điện tử,…) đều thể hiện VinGroup là CĐT của dự án này. - Tuy nhiên vào ngày 07/06/2023 Sở Kế Hoạch và Đầu Tư ban hành thông báo số 773/TB-SKHĐT về việc Thông báo mời quan tâm dự án đầu tư có sử dụng đất: Dự án Khu đô thị mới Hậu Nghĩa – Đức Hòa thông qua hình thức Đầu thầu dự án đầu tư có sử dụng đất và thời hạn nộp hồ sơ là ngày 10/07/2023. - Thông tin dự án: Tên dự án: Khu đô thị mới Hậu Nghĩa – Đức Hòa. Địa điểm: Thị trấn Hậu Nghĩa, xã Đức Lập Thượng, Xã Tân Mỹ, Huyện Đức Hòa, tỉnh Long An. Hình thức lựa chọn nhà đầu tư: Đấu thầu dự án đầu tư có sử dụng đất. Thời hạn nộp hồ sơ đấu thầu: 10/07/2023. Dân số: đến 2030 khoảng 40.000 người. Diện tích: 197,22ha; trong đó: . Đất xây dựng chung cư cao 25 tầng chiếm 5,59% ~ 11ha. . Đất biệt thự chiếm 5% ~ 10ha. . Đất nhà liền kề chiếm 19,1% ~ 37

---

[2023-06-16] Tuan Tran-CEO 6/16/2023 7:16 PM https://m.cafef.vn/dien-bien-moi-nhat-khu-do-thi-quy-mo-hon-1-ty-usd-tai-long-an-188230616170401978.chn Diễn biến mới nhất khu đô thị quy mô hơn 1 tỷ USD tại Long An Sở Kế hoạch và Đầu tư tỉnh Long An vừa có Thông báo số 773/TB-SKHĐT mời các nhà đầu tư quan tâm nộp hồ sơ đăng ký thực hiện dự án Khu đô thị mới Hậu Nghĩa - Đức Hòa. m.cafef.vn Check thông tin nha mng by Unknown User",59,Khu Đô Thị Mới Hậu Nghĩa - Đức Hòa như sau,khu đô thị mới hậu nghĩa đức hòa,100.000 m² (~10.00 ha),100.000 m² (~10.00 ha),10.00 ha,"197,22ha; 11ha",,,,,,,,"162,877 tỷ; 3.095 tỷ; 1 tỷ; tổng chi phí thực hiện dự án: 25.162,877 tỷ",,cao 25 tầng; cao 5 tầng; xây dựng chung cư cao 25 tầng,Dân số: đến 2030,,1/500 KĐTM Hậu Nghĩa – Đức Hòa,,,Quyết định số 2329/QĐ-UBND về việc Phê duyệt đồ án quy hoạch chi tiết xây dụng tỷ lệ 1/500 KĐTM Hậu Nghĩa – Đức Hòa; Quyết định số 2329/QĐ-UBND về việ [2023-06-17] Thao L - INVT 6/17/2023 11:19 AM K,batch_837.txt,16,matched_teams_map_link,matched_teams_map_link,,BDS-CURATED-0058,68,35,25,15,14,0,0,B,Thiếu tài chính,project_or_deal,,,BDS-CURATED-0058,2023-06-17,yes,yes,yes,yes,no
BDS-MASTER-0116,khu nhà ở Lộc Phú Gia với tổng diện tích đất thực hiện dự án là 690,1,2022-08-26,2022-08-26,batch_917.txt,,11.3075137,106.7658455,"11.3075137, 106.7658455",https://goo.gl/maps/88psz7y8xzQTcyVn9,"dự án: - Dự án tiếp giáp 2 mặt tiền đường hiện hữu: + Mặt tiền tiếp giáp khoảng 643m, giáp đường ĐH 505, đường nhựa rộng khoảng 10m (QH đường dự kiến 32m); + Mặt tiền tiếp giáp đường khoảng 95m, giáp đường ĐH 507 đường n",Bình Dương,,690.000 m² (~69.00 ha),khu công nghiệp,,"QH đường dự kiến 32m); + Mặt tiền tiếp giáp đường khoảng 95m, giáp đường ĐH 507 đường nhựa rộng khoảng 10m (QH đường dự kiến 32m). - Dự án tiếp giáp đường quy hoạch: + Bên phải QHTT; quy hoạch: - QĐ về việc phê duyệt Đồ án quy hoạch chi tiết tỷ lệ 1/500 số 290/QĐ-UBND ngày 20/7/2020: + 3.171 căn nhà liên kế với diện tích đất TB 94 m2 và diện tích sàn TB 254m2 + 24 căn b; quy hoạch sử dụng đất trên trang web Guland thì vị trí dự á",,,,dân số 10.370,"Pháp lý đất: - Đất sạch, đã có QĐ giao đất, đã có thông báo đóng tiền SD đất (CĐT chưa cung cấp). Pháp lý đầu tư: - QĐ về việc chấp thuận chủ trương đầu tư Dự án Khu nhà ở Phú Lộc Gia số 687/QĐ-UBND ngày 16/03/202; Pháp lý quy hoạch: - QĐ về việc phê duyệt Đồ án quy hoạch chi tiết tỷ lệ 1/500 số 290/QĐ-UBND ngày 20/7/2020: + 3.171 căn nhà liên kế với diện tích đất TB 94 m2 và diện tích sàn TB 254m2 + 24 căn biệt thự song lập với diện tích","Pháp lý đất: - Đất sạch, đã có QĐ giao đất, đã có thông báo đóng tiền SD đất","giá chào bán khoảng 1,725 tỷ","1,725 tỷ; 2.5 tr/m2; 13 tr/m2; 11tr/m2; 12.4 tr/m2; 6.9 tr/m2; 10.6 tr/m2; 11.1 tr/m2; 15.5 tr/m2; 13.8 tr/m2; 16.3 tr/m2",,,,,,IRR = 5%; IRR = 8.1%; IRR=5%; IRR: 19.36%,,,chưa cung cấp). Pháp lý đầu tư: - QĐ về việc chấp thuận chủ trương đầu tư Dự án Khu nhà ở Phú Lộc Gia số 687/QĐ-UBND ngày 16/03/2021: Phương án tiêu thụ sản phẩm – Đầu tư hoàn chỉnh hệ thống hạ tầng kỹ thuật và đầu tư xây,,,"[] Báo cáo Dự án khu nhà ở Lộc Phú Gia với tổng diện tích đất thực hiện dự án là 690.000 m2 (giá chào bán khoảng 1,725 tỷ tương đương 2.5 tr/m2) tại mặt tiền đường ĐH 505 và ĐH 507 thuộc Xã Vĩnh Hòa, Huyện Phú Giáo, Tỉnh Bình Dương: Vị trí dự án: - Dự án tiếp giáp 2 mặt tiền đường hiện hữu: + Mặt tiền tiếp giáp khoảng 643m, giáp đường ĐH 505, đường nhựa rộng khoảng 10m (QH đường dự kiến 32m); + Mặt tiền tiếp giáp đường khoảng 95m, giáp đường ĐH 507 đường nhựa rộng khoảng 10m (QH đường dự kiến 32m). - Dự án tiếp giáp đường quy hoạch: + Bên phải QHTT GTVT tỉnh Bình Dương đường ĐT750B lộ giới 52m kết nối với đường DT741, cách đường DT 741 khoảng 3.5km. - Cách khu công nghiệp An Linh khoảng 12km, cách KCN cao su Đồng Phú khoảng 8km, cách KCN Vĩnh Lộc 2 khoảng 15km, cách KCN Vĩnh Lộc 18km, cách KCN Tạm Lập khoảng 6.5km. Các KDC này đều có quy hoach khu dân cư. - Dự án cách trung tâm hành chính huyên Phú Giáo khoảng 3.4km (theo đường chim bay), cách trục đường chính DT (nối tỉnh Bình Dương và Bình Phước) khoảng 4.5km. Pháp lý đất: - Đất sạch, đã có QĐ giao đất, đã có thông báo đóng tiền SD đất (CĐT chưa cung cấp). Pháp lý đầu tư: - QĐ về việc chấp thuận chủ trương ",59,khu nhà ở Lộc Phú Gia với tổng diện tích đất thực hiện dự án là 690,khu nhà ở lộc phú gia với tổng diện tích đất thực hiện dự án là 690,690.000 m² (~69.00 ha),690.000 m² (~69.00 ha),690.000 m2,94 m2; 254m2,"giá chào bán khoảng 1,725 tỷ",,,,IRR = 5%; IRR = 8.1%; IRR=5%; IRR: 19.36%,,,"giá chào bán khoảng 1,725 tỷ; 1,725 tỷ; 2.5 tr/m2; 13 tr/m2; 11tr/m2; 12.4 tr/m2; 6.9 tr/m2; 10.6 tr/m2; 11.1 tr/m2; 15.5 tr/m2; 13.8 tr/m2; 16.3 tr/m2; IRR = 5%; IRR = 8.1%; IRR=5%; IRR: 19.36%",,,dân số 10.370,,1/500 số 290/QĐ-UBND ngày 20/7/2020: + 3,,,phê duyệt Đồ án quy hoạch chi tiết tỷ lệ 1/500 số 290/QĐ-UBND ngày 20/7/2020: + 3,batch_917.txt,65,matched_teams_map_link,matched_teams_map_link,,BDS-CURATED-0065,68,35,20,11,14,11,4,B,,project_or_deal,,,BDS-CURATED-0065,2022-08-26,yes,yes,yes,yes,yes
BDS-MASTER-0067,the Bale tại Phan Thiết,1,2022-10-11,2022-10-11,batch_917.txt,Trieu Nguyen-PTDT,10.95053,108.1977213,"10.95053, 108.1977213",https://goo.gl/maps/VFB9RLFqHkCjVD4Y6,"và hiện trạng: Dự án nằm tại hẻm của đường Nguyễn Đình Chiểu (đường ven biển), cách bãi biển khoảng 500m Pháp lý đất: Dự án có tổng quy mô 13ha hiện có 2 sổ đất TMDV có quy mô 11.3ha, đất TMDV đóng tiền thuê đất hàng năm",,,130.000 m² (~13.00 ha),TMDV,,"quy hoạch: QHSDĐ là TMDV Đã có QH 1/500: đất khu biệt thự chiếm 37%, đất khu căn hộ chiếm 5%, đất bungalow chiếm 12.8%, đất nhà hàng chiếm 1.2%, còn lại là đất hạ tầng cảnh quan. Sản phẩm k; qHkCjVD4Y6 * Link Drive: Balé - OneDrive",,,,,"thuê đất 1 lần (BeeG trả tiền thuê đất) cụ thể: Vị trí và hiện trạng: Dự án nằm tại hẻm của đường Nguyễn Đình Chiểu (đường ven biển), cách bãi biển khoảng 500m Pháp lý đất: Dự án có tổng quy mô 13ha hiện có 2 sổ đất TMDV có quy; thuê đất hàng năm đến 2059 (còn 37 năm) Còn 1.9ha đang đền bù (chủ đầu tư cam kết đền bù sạch) Pháp lý đầu tư: Đã có CTĐT duyệt bán/cho thuê theo vòng đời dự án Pháp lý quy hoạch: QHSDĐ là TMDV Đã có QH 1/500: đất khu biệt thự c; pháp lý đất (khó bán hàng) Thời hạn thuê đất chỉ còn 37 năm Hiệu quả tài chính kém, tỷ suất lợi nhuận 7.84% => Với các tiêu chí trên, KĐT đề xuất không tiếp tục nghiên cứu dự án này * Link map: https://goo.gl/maps/VFB9RLFqHkCjV","Pháp lý đất: Dự án có tổng quy mô 13ha hiện có 2 sổ đất TMDV có quy mô 11.3ha, đất TMDV",giá chào 390.48 tỷ,390.48 tỷ; 3tr/m2; 39tr/m2; 40tr/m2; 21tr/m2; 24tr/m2; 2548 tỷ; 3143 tỷ; 189 tỷ,giá bán đất 39tr/m2; giá bán 40tr/m2; giá bán đất 24tr/m2,,Tổng mức đầu tư là 2548 tỷ,"DT 10/11/2022 6:26 PM KĐT gửi anh Tuan Tran-CEO báo cáo dự án the Bale tại Phan Thiết, Bình Thuận có giá chào 390.48 tỷ; doanh thu là 3143 tỷ",,,,,"chưa bao gồm chi phí hoạt động và bán hàng), tổng doanh thu là 3143 tỷ đồng => LN trước thuế là 189 tỷ (tỷ suất lợi nhuận 7.84% so với TMĐT) Kết luận: Vị trí dự án không có mặt tiền đường ven biển hoặc mặt tiền biển => Không; rủi ro về pháp lý đất (khó bán hàng) Thời hạn thuê đất chỉ còn 37 năm Hiệu quả tài chính kém, tỷ suất lợi nhuận 7.84% => Với các tiêu chí trên, KĐT đề xuất không tiếp tục nghiên cứu dự án này * Link map: https://goo.gl/maps/VF",đề xuất không tiếp tục nghiên cứu dự án này * Link map: https://goo.gl/maps/VFB9RLFqHkCjVD4Y6 * Link Drive: Balé - OneDrive,,"[2022-10-11] Trieu Nguyen-PTDT 10/11/2022 6:26 PM KĐT gửi anh Tuan Tran-CEO báo cáo dự án the Bale tại Phan Thiết, Bình Thuận có giá chào 390.48 tỷ đồng (3tr/m2 đất) cam kết hoàn thành đường kết nối, đền bù, và đóng tiền thuê đất 1 lần (BeeG trả tiền thuê đất) cụ thể: Vị trí và hiện trạng: Dự án nằm tại hẻm của đường Nguyễn Đình Chiểu (đường ven biển), cách bãi biển khoảng 500m Pháp lý đất: Dự án có tổng quy mô 13ha hiện có 2 sổ đất TMDV có quy mô 11.3ha, đất TMDV đóng tiền thuê đất hàng năm đến 2059 (còn 37 năm) Còn 1.9ha đang đền bù (chủ đầu tư cam kết đền bù sạch) Pháp lý đầu tư: Đã có CTĐT duyệt bán/cho thuê theo vòng đời dự án Pháp lý quy hoạch: QHSDĐ là TMDV Đã có QH 1/500: đất khu biệt thự chiếm 37%, đất khu căn hộ chiếm 5%, đất bungalow chiếm 12.8%, đất nhà hàng chiếm 1.2%, còn lại là đất hạ tầng cảnh quan. Sản phẩm kinh doanh: 127 căn biệt thự: giá bán đất 39tr/m2 đất tại 2024 206 căn hộ: giá bán 40tr/m2 sàn thông thủy có VAT tại năm 2024 1 khu nhà hàng: giả định giá thuê khoán 21tr/m2 sàn cho tổng thời gian thuê 37 năm 59 căn bungalow: giả định giá bán đất 24tr/m2 đất cho tổng thời gian dự án 37 năm Tổng mức đầu tư là 2548 tỷ đồng (chưa bao gồm chi phí hoạt động và bán hàng), tổng doa",76,the Bale tại Phan Thiết,the bale tại phan thiết,113.000 m² (~11.30 ha),130.000 m² (~13.00 ha),13 ha,11.30 ha; 1.9ha,giá chào 390.48 tỷ,Tổng mức đầu tư là 2548 tỷ,"DT 10/11/2022 6:26 PM KĐT gửi anh Tuan Tran-CEO báo cáo dự án the Bale tại Phan Thiết, Bình Thuận có giá chào 390.48 tỷ; doanh thu là 3143 tỷ",,,,,"giá chào 390.48 tỷ; 390.48 tỷ; 3tr/m2; 39tr/m2; 40tr/m2; 21tr/m2; 24tr/m2; 2548 tỷ; 3143 tỷ; 189 tỷ; giá bán đất 39tr/m2; giá bán 40tr/m2; giá bán đất 24tr/m2; Tổng mức đầu tư là 2548 tỷ; DT 10/11/2022 6:26 PM KĐT gửi anh Tuan Tran-CEO báo cáo dự án the Bale tại Phan Thiết, Bình Thuận có giá chào 390.48 tỷ; doanh thu là 3143 tỷ",,,,,"1/500: đất khu biệt thự chiếm 37%, đất khu căn hộ chiếm 5%, đất bungalow chiếm 12; 1/500: đất khu biệt thự c",,,"thuê đất 1 lần (BeeG trả tiền thuê đất) cụ thể: Vị trí và hiện trạng: Dự án nằm tại hẻm của đường Nguyễn Đình Chiểu (đường ven biển), cách bãi biển khoảng 500m Pháp lý đất: Dự án có tổng q; thuê đất hàng năm đến 2059 (còn 37 năm) Còn 1; thuê đất chỉ còn 37 năm Hiệu quả tài chính kém, tỷ suất lợi nhuận 7",batch_917.txt,24,matched_teams_map_link,matched_teams_map_link,,BDS-CURATED-0021,68,35,20,7,14,20,12,B,,project_or_deal,,,BDS-CURATED-0021,2022-10-11,yes,yes,yes,yes,yes
BDS-MASTER-0023,Chung cư Trường Thịnh,1,2024-11-27,2024-11-27,batch_588.txt,Sinh Nguyen-Dau Tu,10.787164,106.730618,"10.787164, 106.730618",https://maps.app.goo.gl/NT8XaQJv76yrgG946,"- Tọa lạc trong dự án Khu nhà ở tại phường Bình An, Quận 2, mặt tiền đường Trần Não, cách Bùng Binh Lương Định Của - Trần Não khoảng 250m, cách vòng xoay An Phú khoảng 2,3km - Dự án liền kề khu đô thị mới Thủ Thiêm, cách",Hồ Chí Minh,Quận 2,71.500 m² (~7.15 ha),Chung cư,,"Mật độ xây dựng 51% - Hệ số sử dụng Đất: 9,7 - Tổng diện tích sàn nổi xây dựng: 71.498m², gồm 3 Block chung cư (không kể diện tích tầng hầm và mái) - Tổng số căn: 342 căn (diện tích trun; Dân số: 1.368 người 5/ Pháp lý đầu tư: - Đã có quyết định, chủ trương đầu tư: Phương án tiêu thụ sản phẩm: Bán căn hộ cho cán bộ công nhân viên chức theo mục 15 quyết định số 18/QĐ-SXD 6",,"Hệ số sử dụng Đất: 9,7",Mật độ xây dựng 51%,Dân số: 1.368; dân sinh sống (theo hình ảnh vệ tinh) 3,"Pháp lý Đất: - Đã có quyết định giao đất. - Dự án đã hoàn thành nghĩa vụ tài chính - Chưa được cung cấp Giấy chứng nhận QSD Đất 4/ Pháp lý Xây dựng: - Đã có quyết định số 18/QĐ-SXD-PTN ngày 04/02/2009 về viêc phê duyệt dự án đầ; Pháp lý đầu tư: - Đã có quyết định, chủ trương đầu tư: Phương án tiêu thụ sản phẩm: Bán căn hộ cho cán bộ công nhân viên chức theo mục 15 quyết định số 18/QĐ-SXD 6/ Pháp lý khác: - Văn bản số 42/KL-TTTP-P4 ngày 24/11/2017 Kết l",Pháp lý Đất: - Đã có quyết định giao đất. - Dự án đã hoàn thành nghĩa vụ tài chính - Ch,,3.248 tỷ; 2.674 tỷ; 1.464 tỷ; 960 tỷ; 506 tỷ; 234 tỷ,,,,,,,NPV 506 tỷ,,"Chưa được cung cấp Giấy chứng nhận QSD Đất 4/ Pháp lý Xây dựng: - Đã có quyết định số 18/QĐ-SXD-PTN ngày 04/02/2009 về viêc phê duyệt dự án đầu tư xây dựng do Sở Xây dựng cấp (đã hết thời hạn). Tuy nhiên, phương án tiêu thụ; đề xuất là bán cho tổ chức, cá nhân có nhu cầu mua, không giới hạn đối tượng chỉ trong nhó","đề xuất là bán cho tổ chức, cá nhân có nhu cầu mua, không giới hạn đối tượng chỉ trong nhó",,"[2024-11-27] Sinh Nguyen-Dau Tu 11/27/2024 2:17 PM Translate K.ĐT báo cáo anh Mr Mike1 -CEO về dự án Chung cư Trường Thịnh, mặt tiền đường Trần Não, phường Bình An, Quận 2 (nay là TP. Thủ Đức) Thành phố Hồ Chí Minh như sau: 1/ Vị trí: - Tọa lạc trong dự án Khu nhà ở tại phường Bình An, Quận 2, mặt tiền đường Trần Não, cách Bùng Binh Lương Định Của - Trần Não khoảng 250m, cách vòng xoay An Phú khoảng 2,3km - Dự án liền kề khu đô thị mới Thủ Thiêm, cách nhà ga Thủ Thiêm khoảng 1,2km 2/ Hiện trạng: Đất trống và có vài hộ dân sinh sống (theo hình ảnh vệ tinh) 3/ Pháp lý Đất: - Đã có quyết định giao đất. - Dự án đã hoàn thành nghĩa vụ tài chính - Chưa được cung cấp Giấy chứng nhận QSD Đất 4/ Pháp lý Xây dựng: - Đã có quyết định số 18/QĐ-SXD-PTN ngày 04/02/2009 về viêc phê duyệt dự án đầu tư xây dựng do Sở Xây dựng cấp (đã hết thời hạn). Tuy nhiên, phương án tiêu thụ sản phẩm là bán cho cán bộ công nhân viên chức - Mật độ xây dựng 51% - Hệ số sử dụng Đất: 9,7 - Tổng diện tích sàn nổi xây dựng: 71.498m², gồm 3 Block chung cư (không kể diện tích tầng hầm và mái) - Tổng số căn: 342 căn (diện tích trung bình 132m²/căn) - Dân số: 1.368 người 5/ Pháp lý đầu tư: - Đã có quyết định, chủ trương đầu tư: Phương",65,Chung cư Trường Thịnh,chung cư trường thịnh,71.498 m² (~7.15 ha),71.500 m² (~7.15 ha),7.15 ha,71.498 m²; 132m²,,,,,,NPV 506 tỷ,,3.248 tỷ; 2.674 tỷ; 1.464 tỷ; 960 tỷ; 506 tỷ; 234 tỷ; NPV 506 tỷ,"Hệ số sử dụng Đất: 9,7",,Dân số: 1.368; dân sinh sống (theo hình ảnh vệ tinh) 3,Mật độ xây dựng 51%,,,nghĩa vụ tài chính - Chưa được cung cấp Giấy chứng nhận QSD Đất 4/ Pháp lý Xây dựng: - Đã có quyết định số 18/QĐ-SXD-PTN ngày 04/02/2009 về viêc phê duyệt dự án đầ; nghĩa vụ tài chính - Ch [2024-11-27] Sinh Nguyen-Dau Tu 11/27/2024 2:17 PM Translate K; nghĩa vụ tài chính - Chưa được cung cấp Giấy chứng nhận QSD Đất 4/ Pháp lý Xây dựng: - Đã có quyết định số 18/QĐ-SXD-PTN ngày 04/02/2009 về viêc phê duyệt dự án đầu tư xây dựng do Sở Xây dựng cấp (đ,"quyết định, chủ trương đầu tư: Phương án tiêu thụ sản phẩm: Bán căn hộ cho cán bộ công nhân viên chức theo mục 15 quyết định số 18/QĐ-SXD 6 Pháp lý Đất: - Đã có quyết định giao đất; Giấy chứng nhận QSD Đất 4/ Pháp lý Xây dựng: - Đã có quyết định số 18/QĐ-SXD-PTN ngày 04/02/2009 về viêc phê duyệt dự án đầ; quyết định, chủ trương đầu tư: Phương án tiêu thụ sản phẩm: Bán căn hộ cho cán bộ công nhân viên chức theo mục 15 quyết định số 18/QĐ-SXD 6/ Pháp lý khác: - Văn bản số 42/KL-TTTP-P4 ngày 24/; quyết định giao đất; Giấy chứng nhận QSD Đất 4/ Pháp lý Xây dựng: - Đã có quyết định số 18/QĐ-SXD-PTN ngày 04/02/2009 về viêc phê duyệt dự án đầu tư xây dựng do Sở Xây dựng cấp (đã hết thời hạn); quyết định, chủ trương đầu tư: Phương",,,,resolved,,BDS-CURATED-0036,67,35,20,12,19,4,4,B,,project_or_deal,,,BDS-CURATED-0036,2024-11-27,yes,yes,yes,yes,yes
BDS-MASTER-0003,cao tầng Icon Plaza,1,2025-03-14,2025-03-14,batch_508.txt,Thao L - INVT,10.9572431,106.7389459,"10.9572431, 106.7389459",https://maps.app.goo.gl/xomcfbw3UHPYcLxG8,"https://maps.app.goo.gl/xomcfbw3UHPYcLxG8 - Dự án nằm trên mặt tiền đường DT743, Thuận An, Bình Dương. - Cách ngã tư DT743 – Mỹ Phước Tân Vạn khoảng 1.2Km. - Cách ngã tư DT743 – DT747B khoảng 2.2Km. 2. Diện tích: 6,744.5",Bình Dương,,6.744 m²,cao tầng,,"QH:5,400m2 3. Giá chào chuyển nhượng: 390 tỷ ~ 72tr/m2 (cho diện tích PHQH) II. PHÁP LÝ DỰ ÁN III. TÍNH KHẢ THI DỰ ÁN 1. Tổng mức đầu tư gồm VAT: 1,558 tỷ (Giả định: Dự án đã hoàn th",,,,,"PHÁP LÝ DỰ ÁN III. TÍNH KHẢ THI DỰ ÁN 1. Tổng mức đầu tư gồm VAT: 1,558 tỷ (Giả định: Dự án đã hoàn thành nghĩa vụ tài chính) - Suất đầu tư all in gồm VAT: 12.5tr/m2 sàn ~ tương đương SĐT của Phú Gia Khiêm. 2. Doanh thu gồm VAT; PHÁP LÝ DỰ ÁN: 1. Dự án này đã từng mở bán đợt 1 vào năm 2021 và đã bán được 85% số lượng căn hộ mở bán đợt 1 (chưa có thông tin về số lượng mở bán đợt 1). Tuy nhiên, chủ đầu tư đã thu hồi và hoàn tiền lại cho khách hàng để xử; pháp lý (nguồn gốc đất). => Cần làm rõ các nghĩa vụ giữa CĐT và khách hàng cũ đã giải quyết xong hết chưa và đồng thời kiểm tra về nguồn gốc đất của dự án. 2. Chủ đầu tư đã ra được GCNQSDĐ cho khu đất. Tuy nhiên, hiện chưa có p; pháp lý liên quan để xác định rõ đã hoàn thành nghĩa vụ tài chính. Đồng thời, trên GCNQSDĐ chỉ thể hiện phần đất Xâ","PHÁP LÝ DỰ ÁN III. TÍNH KHẢ THI DỰ ÁN 1. Tổng mức đầu tư gồm VAT: 1,558 tỷ (Giả định: D",Giá chào chuyển nhượng: 390 tỷ,"390 tỷ; 72tr/m2; 1,558 tỷ; 12.5tr/m2; 2.186 tỷ; 54tr/m2; 45tr/m2; 288 tỷ","Giá bán gồm VAT, thông thủy trung bình :54tr/m2; Giá bán gồm VAT, thông thủy trung bình: 45tr/m2",,"Tổng mức đầu tư gồm VAT: 1,558 tỷ",Doanh thu gồm VAT: 2.186 tỷ,LNTT: 288 tỷ,,,,"chưa có thông tin về số lượng mở bán đợt 1). Tuy nhiên, chủ đầu tư đã thu hồi và hoàn tiền lại cho khách hàng để xử lý vấn đề pháp lý (nguồn gốc đất). => Cần làm rõ các nghĩa vụ giữa CĐT và khách hàng cũ đã giải quyết xong h; chưa và đồng thời kiểm tra về nguồn gốc đất của dự án. 2. Chủ đầu tư đã ra được GCNQSDĐ cho khu đất. Tuy nhiên, hiện chưa có pháp lý liên quan đến việc hoàn thành các nghĩa vụ tài chính => Cung cấp pháp lý liên quan để xác đ",Cần làm rõ các nghĩa vụ giữa CĐT và khách hàng cũ đã giải quyết xong hết chưa và đồng thời kiểm tra về nguồn gốc đất của dự án. 2. Chủ đầu tư đã ra được GCNQSDĐ cho khu đất. Tuy nhiên,,"[2025-03-14] Thao L - INVT 3/14/2025 5:21 PM Edited Translate KĐT gửi anh Mr Mike1 -CEO về dự án cao tầng Icon Plaza, Thuận An, Bình Dương (Nguồn: Mr. Sơn - XD) như sau: I. THÔNG TIN 1. Vị trí: https://maps.app.goo.gl/xomcfbw3UHPYcLxG8 - Dự án nằm trên mặt tiền đường DT743, Thuận An, Bình Dương. - Cách ngã tư DT743 – Mỹ Phước Tân Vạn khoảng 1.2Km. - Cách ngã tư DT743 – DT747B khoảng 2.2Km. 2. Diện tích: 6,744.5m2; trong đó: PHQH:5,400m2 3. Giá chào chuyển nhượng: 390 tỷ ~ 72tr/m2 (cho diện tích PHQH) II. PHÁP LÝ DỰ ÁN III. TÍNH KHẢ THI DỰ ÁN 1. Tổng mức đầu tư gồm VAT: 1,558 tỷ (Giả định: Dự án đã hoàn thành nghĩa vụ tài chính) - Suất đầu tư all in gồm VAT: 12.5tr/m2 sàn ~ tương đương SĐT của Phú Gia Khiêm. 2. Doanh thu gồm VAT: 2.186 tỷ (Chi phí bán hàng: 12% Doanh thu) - Thương phẩm: + 04 căn hộ thương mại có lưu trú (Shophouse) thông tầng 1 và 2 có diện tích trung bình: 537m2: Giá bán gồm VAT, thông thủy trung bình :54tr/m2 + 897 căn hộ ở có diện tích trung bình 51m2: Giá bán gồm VAT, thông thủy trung bình: 45tr/m2 3. Hiệu quả tài chính: - LNTT: 288 tỷ - Tỷ lệ LNTT/TMĐT: 19.7% 4. Độ nhạy giữa giá mua đất và giá bán căn hộ: IV. RÀ SOÁT SƠ BỘ PHÁP LÝ DỰ ÁN: 1. Dự án này đã từng mở bán đợt 1 và",88,cao tầng Icon Plaza,cao tầng icon plaza,6.744 m²,6.744 m²,"6,744.5m2","5,400m2; 537m2; 51m2",Giá chào chuyển nhượng: 390 tỷ,"Tổng mức đầu tư gồm VAT: 1,558 tỷ",Doanh thu gồm VAT: 2.186 tỷ,LNTT: 288 tỷ,,,,"Giá chào chuyển nhượng: 390 tỷ; 390 tỷ; 72tr/m2; 1,558 tỷ; 12.5tr/m2; 2.186 tỷ; 54tr/m2; 45tr/m2; 288 tỷ; Giá bán gồm VAT, thông thủy trung bình :54tr/m2; Giá bán gồm VAT, thông thủy trung bình: 45tr/m2; Tổng mức đầu tư gồm VAT: 1,558 tỷ; Doanh thu gồm VAT: 2.186 tỷ; LNTT: 288 tỷ",,,,,,,nghĩa vụ tài chính) - Suất đầu tư all in gồm VAT: 12; nghĩa vụ tài chính,GCNQSDĐ cho khu đất; GCNQSDĐ chỉ thể hiện phần đất Xâ PHÁP LÝ DỰ ÁN III,,,,resolved,,BDS-CURATED-0005,67,35,20,0,19,24,17,B,Thiếu quy hoạch,project_or_deal,,,BDS-CURATED-0005,2025-03-14,yes,yes,yes,yes,yes
BDS-MASTER-0016,Chung cư Võ Thị Sáu,2,2025-07-07,2025-07-07,batch_350.txt; batch_394.txt,Thanh L - INVT,10.954820,106.843332,"10.954820, 106.843332",https://maps.app.goo.gl/7yPFeG3okyKbrLCM9,"Mặt tiền Võ Thị Sáu, P. Thống Nhất, Tp. Biên Hòa, T. Đồng Nai Map: https://maps.app.goo.gl/7yPFeG3okyKbrLCM9 Về Pháp lý dự án, P.ĐT note các nội dung trọng yếu sau: Dự án đang trong tình trạng có khả năng bị kiến nghị th",Đồng Nai,Biên Hòa,21.394 m² (~2.14 ha),Chung cư,,"quy hoạch tại phường Thống Nhất, Tp Biên Hòa, T. Đồng Nai. Vị trí: Mặt tiền Võ Thị Sáu, P. Thống Nhất, Tp. Biên Hòa, T. Đồng Nai Map: https://maps.app.goo.gl/7yPFeG3okyKbrLCM9 Về Pháp lý dự; quy hoạch chi tiết tỷ lệ 1/500 tổng thể, tuy nhiên trong hồ sơ chưa đính kèm QĐ phê duyệt, cần bổ sung (QĐ số 1708/QĐ-UBND ngày 18/06/2007). Theo văn bản số 7327/UBND-CNN chấp thuận chủ trư; quy hoạch hiện trạng: 6 Tầng TMDV + 12 Tầng căn hộ + 2 Tầng hầm 1/ Thông số quy hoạch Diện tích 21.393,8m2 (Trong đó diện tích hợp quy hoạch 14.500m2) Dân số: 896 Tầng cao: 18 tầng Hệ số sử",Tầng cao: 18 tầng,"Hệ số sử dụng đất: 7,34; Hệ số sử dụng đất: 10; Hệ số sử dụng đất: 8,3",,Dân số: 896; Dân số: 3.306,"Pháp lý dự án, P.ĐT note các nội dung trọng yếu sau: Dự án đang trong tình trạng có khả năng bị kiến nghị thu hồi để đấu thầu lựa chọn Nhà đầu tư. Diện tích dự án 21.393,8m2. Theo Quyết định giao đất, mới chỉ giao 20.144,3m2 cò; Giấy chứng nhận 1 phần (3 GCN với diện tích 5.632,2m2, tuy nhiên chưa có thông tin về việc thực hiện nghĩa vụ tài chính. Dự án là 1 thành phần trong khu vực đã có quy hoạch chi tiết tỷ lệ 1/500 tổng thể, tuy nhiên trong hồ sơ chưa đính; chủ trương và thỏa thuận địa điểm cho Công ty Thế Giới Nhà lập thủ tục đầu tư dự án có đề cập nội dung “Bàn giao cho UBND Tp.Biên Hòa 10% tổng số căn hộ trong dự án để sử dụng làm quỹ nhà phục vụ tái định cư và NOXH theo quy định; Giấy chứng nhận 1 phần (3 GCN vớ","Pháp lý dự án, P.ĐT note các nội dung trọng yếu sau: Dự án đang trong tình trạng có khả",,"56 Triệu/m2; 26 Triệu/m2; 12,4 Triệu/m2; 57 Triệu/m2; 25 Triệu/m2; 14,5 Triệu/m2; 12,6 Triệu/m2",,,Tổng chi phí chưa VAT: 4.029.813 T,doanh thu chưa VAT: 2.806.989 T,,,,,"chưa được giao. Dự án đã được cấp Giấy chứng nhận 1 phần (3 GCN với diện tích 5.632,2m2, tuy nhiên chưa có thông tin về việc thực hiện nghĩa vụ tài chính. Dự án là 1 thành phần trong khu vực đã có quy hoạch chi tiết tỷ lệ 1/; chưa đính kèm QĐ phê duyệt, cần bổ sung (QĐ số 1708/QĐ-UBND ngày 18/06/2007). Theo văn bản số 7327/UBND-CNN chấp thuận chủ trương và thỏa thuận địa điểm cho Công ty Thế Giới Nhà lập thủ tục đầu tư dự án có đề cập nội dung “B; Cần làm rõ nghĩa vụ trên? Về hiệu quả tài chính PHƯƠNG ÁN 1: theo quy hoạch hiện trạng: 6 Tầng TMDV + 12 Tầng căn hộ + 2 Tầng hầm 1/ Thông số quy hoạch Diện tích 21.393,8m2 (Trong đó diện tích hợp quy hoạch 14.500m2) Dân số: 896 T; chưa VAT: 2.806.989 Triệu đồng (Trong đó giá bình quân căn hộ 56 Triệu/m2 và TMDV 26 Triệu/m2) Tổng chi phí chưa VAT: 4.029.813 Triệu đồng (Đơn giá xây dựng All in 12,4 Triệ; chưa được giao. Dự án đã được cấp Giấy ch","kiến nghị thu hồi để đấu thầu lựa chọn Nhà đầu tư. Diện tích dự án 21.393,8m2. Theo Quyết định giao đất, mới chỉ giao 20.144,3m2 còn 1,249m2 chưa được giao. Dự án đã được cấp Giấy chứng nhậ; cần bổ sung (QĐ số 1708/QĐ-UBND ngày 18/06/2007). Theo văn bản số 7327/UBND-CNN chấp thuận chủ trương và thỏa thuận địa điểm cho Công ty Thế Giới Nhà lập thủ tục đầu tư dự án có đề cậ; Cần làm rõ nghĩa vụ trên? Về hiệu quả tài chính PHƯƠNG ÁN 1: theo quy hoạch hiện trạng: 6 Tầng TMDV + 12 Tầng căn hộ + 2 Tầng hầm 1/ Thông số quy hoạch Diện tích 21.393,8m2 (Trong đó",,"[2025-07-07] Thanh L - INVT 7/7/2025 7:13 PM Edited Translate Kính gửi anh Mr Mike1 -CEO, P.ĐT báo cáo dự án Chung cư Võ Thị Sáu, Biên Hòa như sau: Dự án: Khu Thương mại và Nhà ở cao tầng theo quy hoạch tại phường Thống Nhất, Tp Biên Hòa, T. Đồng Nai. Vị trí: Mặt tiền Võ Thị Sáu, P. Thống Nhất, Tp. Biên Hòa, T. Đồng Nai Map: https://maps.app.goo.gl/7yPFeG3okyKbrLCM9 Về Pháp lý dự án, P.ĐT note các nội dung trọng yếu sau: Dự án đang trong tình trạng có khả năng bị kiến nghị thu hồi để đấu thầu lựa chọn Nhà đầu tư. Diện tích dự án 21.393,8m2. Theo Quyết định giao đất, mới chỉ giao 20.144,3m2 còn 1,249m2 chưa được giao. Dự án đã được cấp Giấy chứng nhận 1 phần (3 GCN với diện tích 5.632,2m2, tuy nhiên chưa có thông tin về việc thực hiện nghĩa vụ tài chính. Dự án là 1 thành phần trong khu vực đã có quy hoạch chi tiết tỷ lệ 1/500 tổng thể, tuy nhiên trong hồ sơ chưa đính kèm QĐ phê duyệt, cần bổ sung (QĐ số 1708/QĐ-UBND ngày 18/06/2007). Theo văn bản số 7327/UBND-CNN chấp thuận chủ trương và thỏa thuận địa điểm cho Công ty Thế Giới Nhà lập thủ tục đầu tư dự án có đề cập nội dung “Bàn giao cho UBND Tp.Biên Hòa 10% tổng số căn hộ trong dự án để sử dụng làm quỹ nhà phục vụ tái định cư và NOXH theo quy 

---

[2025-07-07] Thanh L - INVT 7/7/2025 7:13 PM Edited Translate Kính gửi anh Mr Mike1 -CEO, P.ĐT báo cáo dự án Chung cư Võ Thị Sáu, Biên Hòa như sau: Dự án: Khu Thương mại và Nhà ở cao tầng theo quy hoạch tại phường Thống Nhất, Tp Biên Hòa, T. Đồng Nai. Vị trí: Mặt tiền Võ Thị Sáu, P. Thống Nhất, Tp. Biên Hòa, T. Đồng Nai Map: https://maps.app.goo.gl/7yPFeG3okyKbrLCM9 Về Pháp lý dự án, P.ĐT note các nội dung trọng yếu sau: Dự án đang trong tình trạng có khả năng bị kiến nghị thu hồi để đấu thầu lựa chọn Nhà đầu tư. Diện tích dự án 21.393,8m2. Theo Quyết định giao đất, mới chỉ giao 20.144,3m2 còn 1,249m2 chưa được giao. Dự án đã được cấp Giấy chứng nhận 1 phần (3 GCN vớ",71,Chung cư Võ Thị Sáu,chung cư võ thị sáu,21.394 m² (~2.14 ha),21.394 m² (~2.14 ha),"21.393,8 m2","2.14 ha; 14.500m2; 20.144,3m2; 1,249m2; 5.632,2m2",,,,,,,,"56 Triệu/m2; 26 Triệu/m2; 12,4 Triệu/m2; 57 Triệu/m2; 25 Triệu/m2; 14,5 Triệu/m2; 12,6 Triệu/m2; Tổng chi phí chưa VAT: 4.029.813 T; doanh thu chưa VAT: 2.806.989 T","Hệ số sử dụng đất: 7,34; Hệ số sử dụng đất: 10; Hệ số sử dụng đất: 8,3",Tầng cao: 18 tầng,Dân số: 896; Dân số: 3.306,,"1/500 tổng thể, tuy nhiên trong hồ sơ chưa đính kèm QĐ phê duyệt, cần bổ sung (QĐ số 1708/QĐ-UBND ngày 18/06/2007); 1/500 tổng thể, tuy nhiên trong hồ sơ chưa đính",,nghĩa vụ tài chính,"phê duyệt, cần bổ sung (QĐ số 1708/QĐ-UBND ngày 18/06/2007); Quyết định giao đất, mới chỉ giao 20; Giấy chứng nhận 1 phần (3 GCN với diện tích 5; Giấy chứng nhận 1 phần (3 GCN vớ Pháp lý dự án, P; Giấy chứng nhận 1 phần (3 GCN vớ",,,,resolved,,BDS-CURATED-0025,66,35,25,21,19,0,17,B,Thiếu tài chính,project_or_deal,,,BDS-CURATED-0025,2025-07-07,yes,yes,yes,yes,no
BDS-MASTER-0086,Green Hill tại Quy Nhơn,4,2022-08-10,2023-05-18,batch_923.txt; batch_880.txt,Trieu Nguyen-PTDT; Unknown User; Huy M - IM,13.7126275,109.2163481,"13.7126275, 109.2163481",https://goo.gl/maps/gHyC9FmNZYpnaoV77; https://goo.gl/maps/Empzn8zwhyULFrqV8,"và hiện trạng: - Dự án nằm mặt tiền đường D1, cách trung tâm TP Quy Nhơn khoảng 8.4km, cách dự án Trung tâm nghiên cứu Công Nghệ của FPT có quy mô 15ha khoảng 2km, cách bãi biển Quy Hòa 135m. - Dự án có 2 phân khu: 1 phâ",,,150.800 m² (~15.08 ha),biệt thự,,"QH2014 sửa đổi, bổ sung một số điều luật xây dựng trích “b) Quy định tại khoản 30 Điều 1 về miễn giấy phép xây dựng đối với công trình xây dựng đã được cơ quan chuyên môn về xây dựng",,,,,"Pháp lý đất: - Ngày 25/10/2019, UBND đồng ý cho thuê đất 13.64ha thực hiện dự án KDL và giao phần đất 2.97ha nằm trong hành lang hạ tầng kỹ thật - Thông báo nộp tiền thuê 1 lần ngày 16/1/2020, là 45.733 tỷ đồng (đã được khấu tr; GCNQSDĐ có quy mô tổng là 136471,8m2 đất TMDV đóng tiền thuê đất 1 lần đến năm 25/10/2069 - 7 GCNQSDĐ đã được tách thành nhiều sổ con cho từng lô biệt thự Pháp lý đầu tư: - Điều chỉnh chấp thuận chủ trương đầu tư cấp ngày 7; Pháp lý xây dựng: - Thẩm định thiết kế cơ sở ngày 27/8/2019 - Thẩm định thiết kế xây dựng công trình ngày 9/10/2020 - GCN PCCC ngày 24/11/2020 - Giấy phép thi công nút giao đấu mối đường ngày 28/4/2021 - Được cấp phép xây dựng","Pháp lý đất: - Ngày 25/10/2019, UBND đồng ý cho thuê đất 13.64ha thực hiện dự án KDL và",giá chào 1300 tỷ,"1300 tỷ; 7.8tr/m2; 45.733 tỷ; 85tr/m2; 100tr/m2; 114.7tr/m2; 2.8 tỷ; 310tr/m2; 135tr/m2; 120tr/m2; 4,694 tỷ; 184,278 tỷ; 29,703 tỷ; 7.55tr/m2; 1254 tỷ; 500 tỷ; 800 tỷ; 50 tỷ",,,,"DT 8/10/2022 3:23 PM Edited KĐT gửi anh Tuan Tran-CEO báo cáo dự án Green Hill tại Quy Nhơn, có quy mô 16.62ha, giá chào 1300 tỷ",,IRR 19.63%; IRR 20%,,,,,"Huy M - IM 5/18/2023 8:27 AM 2022.08.22_Báo cáo Khảo sát và Đánh giá Pháp lý Green Hill, Quy Nhơn.pdf","[2022-08-10] Trieu Nguyen-PTDT 8/10/2022 3:23 PM Edited KĐT gửi anh Tuan Tran-CEO báo cáo dự án Green Hill tại Quy Nhơn, có quy mô 16.62ha, giá chào 1300 tỷ đồng (7.8tr/m2 đất), cụ thể: Vị trí và hiện trạng: - Dự án nằm mặt tiền đường D1, cách trung tâm TP Quy Nhơn khoảng 8.4km, cách dự án Trung tâm nghiên cứu Công Nghệ của FPT có quy mô 15ha khoảng 2km, cách bãi biển Quy Hòa 135m. - Dự án có 2 phân khu: 1 phân khu biệt thự tựa đồi view biển (15.08ha) và 1 phân khu mặt tiền biển (1.54ha) Pháp lý đất: - Ngày 25/10/2019, UBND đồng ý cho thuê đất 13.64ha thực hiện dự án KDL và giao phần đất 2.97ha nằm trong hành lang hạ tầng kỹ thật - Thông báo nộp tiền thuê 1 lần ngày 16/1/2020, là 45.733 tỷ đồng (đã được khấu trừ tiền đền bù) - 7 GCNQSDĐ có quy mô tổng là 136471,8m2 đất TMDV đóng tiền thuê đất 1 lần đến năm 25/10/2069 - 7 GCNQSDĐ đã được tách thành nhiều sổ con cho từng lô biệt thự Pháp lý đầu tư: - Điều chỉnh chấp thuận chủ trương đầu tư cấp ngày 7/4/2020: xây dựng khu du lịch sinh thái nghỉ dưỡng Greenhill Village Quy Nhơn, quy mô 16.62ha, thời gian hoạt động của dự án là 50 năm, gia hạn thêm thời gian từ Quý 3/2020 – Quý 2/2022: Khởi công xây dựng và hoàn thành đi vào hoạt động. Pháp lý xây d --- [2022-08-10] Unknown User 8/10/2022 3:23 PM KĐT gửi anh Tuan Tran-CEO báo cáo dự án Green Hill tại Quy Nhơn, có quy mô 16.62ha, giá chào 1300 tỷ đồng (7.8tr/m2 đất), cụ thể: Vị trí và hiện trạng: - Dự án nằm mặt tiền đường D1, cách trung tâm TP Quy Nhơn khoảng 8.4km, cách dự án Trung tâm nghiên cứu Công Nghệ của FPT có quy mô 15ha khoản… Hầm chui ra biển theo vị trí nào nhỉ Link https://m.youtube.com/watch?utm_source... by Unknown User; [2023-05-18] Huy M - IM 5/18/2023 8:27 AM 2022.08.22_Báo cáo Khảo sát và Đánh giá Pháp lý Green Hill, Quy Nhơn.pdf Chi tiết hồ sơ dự án theo link bên dưới: Li... by Huy M - IM --- [2023-05-18] Huy M - IM 5/18/2023 8:28 AM Chi tiết hồ sơ dự án theo link bên dưới: https://belgroupvn-my.sharepoint.com/:f:/g/personal/trieunguyenptdt_beegroup1_com/EvIFMnD3Kf1HuCg73fRIPiYBMqa-3XLyRWrfyrlhKlYtSQ?e=7KAxWR Ủa bữa e nhớ có file thiết kế ở đâu nhỉ by Unknown User",65,Green Hill tại Quy Nhơn,green hill tại quy nhơn,166.200 m² (~16.62 ha),150.800 m² (~15.08 ha),15.08 ha,"16.62 ha; 15ha; 1.54ha; 13.64ha; 2.97ha; 471,8m2",giá chào 1300 tỷ,,,,IRR 19.63%; IRR 20%,,,"giá chào 1300 tỷ; 1300 tỷ; 7.8tr/m2; 45.733 tỷ; 85tr/m2; 100tr/m2; 114.7tr/m2; 2.8 tỷ; 310tr/m2; 135tr/m2; 120tr/m2; 4,694 tỷ; 184,278 tỷ; 29,703 tỷ; 7.55tr/m2; 1254 tỷ; 500 tỷ; 800 tỷ; 50 tỷ; DT 8/10/2022 3:23 PM Edited KĐT gửi anh Tuan Tran-CEO báo cáo dự án Green Hill tại Quy Nhơn, có quy mô 16.62ha, giá chào 1300 tỷ; IRR 19.63%; IRR 20%",,,,,,,,"thuê đất 13; GCNQSDĐ có quy mô tổng là 136471,8m2 đất TMDV đóng tiền thuê đất 1 lần đến năm 25/10/2069 - 7 GCNQSDĐ đã được tách thành nhiều sổ con cho từng lô biệt thự Pháp lý đầu tư: - Điều chỉnh; chủ trương đầu tư cấp ngày 7; GCN PCCC ngày 24/11/2020 - Giấy phép thi công nút giao đấu mối đường ngày 28/4/2021 - Được cấp phép xây dựng Pháp lý đất: - Ngày 25/10/2019, UBND đồng ý cho thuê đất 13; chủ trương đầu tư cấp ngày 7/4/2020: xây dựng khu du lịch sinh thái nghỉ dưỡng Greenhill Village Quy Nhơn, quy mô 16",batch_923.txt,24,matched_teams_map_link,matched_teams_map_link,BDS-CURATED-0260,BDS-CURATED-0037,66,35,25,0,14,11,0,B,Thiếu quy hoạch,project_or_deal,,,BDS-CURATED-0037,2023-05-18,yes,yes,yes,yes,yes
BDS-MASTER-0130,KCN Thái Hòa – Liễn Sơn – Liên Hòa - Khu vực 1 (284 ha) thuộc địa phận các xã,5,2023-05-20,2023-06-16,batch_839.txt; batch_840.txt; batch_875.txt; batch_897.txt; batch_898.txt,Sinh Nguyen-Dau Tu; Unknown User,21.473042,105.512568,"21.473042, 105.512568",https://goo.gl/maps/aChZ8vYJMZ8j6SjR7,"Cách đường Quốc lộ 2C khoảng 80m. Nằm ở giáp ranh giữa Vĩnh Phúc và Tuyên Quang, là khu công nghiệp có vị trí xa nhất khi hướng về Hà Nội và Hải Phòng Cách trung tâm Thành phố Vĩnh Yên khoảng 22km Cách đường Vành Đai 5 (",Vĩnh Phúc,,2.840.000 m² (~284.00 ha),KCN,,"quy hoạch dự án: 1 cụm lớn tập trung ở giữa và khá nhiều hộ nằm rải rác da beo trên đất quy hoạch dự án Có 1 khu mộ trên đất quy hoạch dự án Dự án không tiếp giáp trực tiếp đường Quốc Lộ 2C; Quy hoạch Quyết định về việc Phê duyệt đồ án QHCT tỷ lệ 1/2000 Khu công nghiệp Thái Hòa, Bắc Bình tại huyện Lập Thạch, tỉnh Vĩnh Phúc số 3424/QĐ-UBND ngày 26/11/2013 Căn cứ phê duyệt quy ho; Quy hoạch KCN Thái Hòa – Liễn Sơn – Liên Hòa - Khu vực 1 5/ Đánh giá về dự án: Thuận lợi: Đã hoàn thiện cơ sở hạ tầng giao thông quan trọng trong khu vực: đường Cao tốc, Quốc lộ,… Tốc độ tă",,,,dân sinh sống trong ranh đất quy hoạch dự án: 1; dân cư 3,"Pháp lý đất, pháp lý đầu tư Chưa có 4/ Quy hoạch Quyết định về việc Phê duyệt đồ án QHCT tỷ lệ 1/2000 Khu công nghiệp Thái Hòa, Bắc Bình tại huyện Lập Thạch, tỉnh Vĩnh Phúc số 3424/QĐ-UBND ngày 26/11/2013 Căn cứ phê duyệt quy h; thuê đất KCN khá tốt, khoảng 11,2%/năm. Tỷ lệ lấp đầy khá cao và ổn định, duy trì ở mức 85% - 90% Khó khăn: Việc giải phóng mặt bằng sẽ gặp khó khăn trong tương lai vì có rất nhiều hộ dân đang sinh sống và những ngôi mộ chưa đượ","Pháp lý đất, pháp lý đầu tư Chưa có 4/ Quy hoạch Quyết định về việc Phê duyệt đồ án QHC",,,,,,,,,,,"Chưa có 4/ Quy hoạch Quyết định về việc Phê duyệt đồ án QHCT tỷ lệ 1/2000 Khu công nghiệp Thái Hòa, Bắc Bình tại huyện Lập Thạch, tỉnh Vĩnh Phúc số 3424/QĐ-UBND ngày 26/11/2013 Căn cứ phê duyệt quy hoạch sử dụng đất thời kỳ; chưa được di dời Khảo sát đơn giá đền bù giải phóng mặt bằng đất nông nghiệp năm 2022 ở khu vực tương đối cao, khoảng 390.000 đồng/m². Việc có nhiều hộ d; chưa được di dời Khảo sát đơn giá đền bù giải phóng mặt bằng đất nông nghiệp năm 2022 ở khu vực tương đối cao, khoảng 390.000 đồng/m². Việc có nhiều hộ",,,"[2023-06-16] Sinh Nguyen-Dau Tu 6/16/2023 8:48 PM K.ĐT báo cáo anh Tuan Tran-CEO dự án KCN Thái Hòa – Liễn Sơn – Liên Hòa - Khu vực 1 (284 ha) thuộc địa phận các xã Thái Hòa và xã Bắc Bình, huyện Lập Thạch, tỉnh Vĩnh Phúc như sau: 1/ Vị trí Cách đường Quốc lộ 2C khoảng 80m. Nằm ở giáp ranh giữa Vĩnh Phúc và Tuyên Quang, là khu công nghiệp có vị trí xa nhất khi hướng về Hà Nội và Hải Phòng Cách trung tâm Thành phố Vĩnh Yên khoảng 22km Cách đường Vành Đai 5 (đường Vành Đai – Vùng Thủ Đô) khoảng 16,5km; Cách nút giao cao tốc Hà Nội – Lào Cai khoảng 16km. Cách sân bay quốc tế Nội Bài khoảng 52km Cách Trung Tâm Thủ đô Hà Nội khoảng 78km Cách Hải Phòng khoảng 175km 2/ Hiện trạng: Còn nhiều nhà dân sinh sống trong ranh đất quy hoạch dự án: 1 cụm lớn tập trung ở giữa và khá nhiều hộ nằm rải rác da beo trên đất quy hoạch dự án Có 1 khu mộ trên đất quy hoạch dự án Dự án không tiếp giáp trực tiếp đường Quốc Lộ 2C, chỉ tiếp cận đường nội bộ khu dân cư 3/ Pháp lý đất, pháp lý đầu tư Chưa có 4/ Quy hoạch Quyết định về việc Phê duyệt đồ án QHCT tỷ lệ 1/2000 Khu công nghiệp Thái Hòa, Bắc Bình tại huyện Lập Thạch, tỉnh Vĩnh Phúc số 3424/QĐ-UBND ngày 26/11/2013 Căn cứ phê duyệt quy hoạch sử dụng đất thời kỳ 2021

---

[2023-06-16] Sinh Nguyen-Dau Tu 6/16/2023 8:48 PM K.ĐT báo cáo anh Tuan Tran-CEO dự án KCN Thái Hòa – Liễn Sơn – Liên Hòa - Khu vực 1 (284 ha) thuộc địa phận các xã

---

[2023-05-20] Unknown User 5/20/2023 11:59 AM K.ĐT báo cáo anh Tuan Tran-CEO dự án KCN Thái Hòa – Liễn Sơn – Liên Hòa - Khu vực 1 (284 ha) thuộc địa phận các xã Thái Hòa và xã Bắc Bình, huyện Lập Thạch, tỉnh Vĩnh Phúc như sau: 1/ Vị trí Cách đường Quốc lộ 2C khoảng 80m.Nằm ở giáp ranh giữa Vĩnh Phúc và Tuyên Quang, là khu công nghiệp có vị… K.ĐT đã đi khảo sát dự án KCN ở Vĩnh Phúc xong rồi ạ và đã báo cáo CEO ngày 20/5/2023. K.ĐT gửi lại anh Tuan Tran-CEO thông tin báo cáo dự án chi tiết như sau: K.ĐT báo cáo anh Tuan Tran-CEO dự án ... by Unknown User",53,KCN Thái Hòa – Liễn Sơn – Liên Hòa - Khu vực 1 (284 ha) thuộc địa phận các xã,kcn thái hòa liễn sơn liên hòa khu vực 1 284 ha thuộc địa phận các xã,2.840.000 m² (~284.00 ha),2.840.000 m² (~284.00 ha),284 ha,,,,,,,,,,,,dân sinh sống trong ranh đất quy hoạch dự án: 1; dân cư 3,,"QHCT tỷ lệ 1/2000 Khu công nghiệp Thái Hòa, Bắc Bình tại huyện Lập Thạch, tỉnh Vĩnh Phúc số 3424/QĐ-UBND ngày 26/11/2013 Căn cứ phê duyệt quy ho; QHCT tỷ lệ 1/2000 Khu công nghiệp Thái Hòa, Bắc Bình tại huyện Lập Thạch, tỉnh Vĩnh Phúc số 3424/QĐ-UBND ngày 26/11/2013 Căn cứ phê duyệt quy h; QHCT tỷ lệ 1/2000 Khu công nghiệp Thái Hòa, Bắc Bình tại huyện Lập Thạch, tỉnh Vĩnh Phúc số 3424/QĐ-UBND ngày 26/11/2013 Căn cứ phê duyệt quy hoạch sử dụng đất thời","giải phóng mặt bằng sẽ gặp khó khăn trong tương lai vì có rất nhiều hộ dân đang sinh sống và những ngôi mộ chưa đượ Pháp lý đất, pháp lý đầu tư Chưa có 4/ Quy hoạch Quyết định về",,"Quyết định về việc Phê duyệt đồ án QHCT tỷ lệ 1/2000 Khu công nghiệp Thái Hòa, Bắc Bình tại huyện Lập Thạch, tỉnh Vĩnh Phúc số 3424/QĐ-UBND ngày 26/11/2013 Căn cứ phê duyệt quy ho; Quyết định về việc Phê duyệt đồ án QHCT tỷ lệ 1/2000 Khu công nghiệp Thái Hòa, Bắc Bình tại huyện Lập Thạch, tỉnh Vĩnh Phúc số 3424/QĐ-UBND ngày 26/11/2013 Căn cứ phê duyệt quy h; thuê đất KCN khá tốt, khoảng 11,2%/năm; Quyết định về việc Phê duyệt đồ án QHC [2023-06-16] Sinh Nguyen-Dau Tu 6/16/2023 8:48 PM K; Quyết định về việc Phê duyệt đồ án QHCT tỷ lệ 1/2000 Khu công nghiệp Thái Hòa, Bắc Bình tại huyện Lập Thạch, tỉnh Vĩnh Phúc số 3424/QĐ-UBND ngày 26/11/2013 Căn cứ phê duyệt quy hoạch sử dụng",batch_839.txt,37,matched_teams_map_link,matched_teams_map_link,,BDS-CURATED-0078,66,35,25,11,18,0,4,B,Thiếu tài chính,project_or_deal,,,BDS-CURATED-0078,2023-06-16,yes,yes,yes,yes,no
BDS-MASTER-0134,Khu đô thị mới Bắc Quán Hành tại thị trấn Quán Hành,1,2023-07-03,2023-07-03,batch_812.txt,Thao L - INVT,18.790696,105.6402651,"18.790696, 105.6402651",https://goo.gl/maps/FmDxfXdHa9mdoGK99,"VÀ KẾT NỐI: - Địa điểm: Thị trấn Quán Hành, huyện Nghi Lộc, tỉnh Nghệ An. - Link map: https://goo.gl/maps/FmDxfXdHa9mdoGK99 - Kết nối giao thông: Dự án Khu đô thị Bắc Quán Hành cách: . Trung tâm Thành phố Vinh khoảng 14K",,,184.300 m² (~18.43 ha),Khu công nghiệp,,"dân số là 6.197 người, mật độ dân số đạt 1.589 người/km². . Theo thông tin quy hoạch hiện có, trong vòng bán kính 10-15km tính từ dự án, không có dự án Khu công nghiệp mới trong tương la; dân số thị trấn Quán Hành). 2/ THÔNG TIN DỰ ÁN: - Tên dự án: Khu đô thị mới Bắc Quán Hành - Dự án thấp tầng gồm các sản phẩm như nhà ở liền kề, nhà ở liền kề thương mại, nhà ở biệt thự,; Dân số: 1.900 người. - Diện tích: 18,43ha, trong đó: .180 căn nhà ở liền kề cao 3 tầng và 1 tum ~ 2,9ha chiếm 15,7%. . 144 căn nhà ở liền kề thương mại cao 3 tầng và 1 tum ~ 2,2ha chiếm",cao 3 tầng; cao 2-5 tầng,,mật độ dân số đạt 1.589,dân số là 6.197; dân số đạt 1.589; dân theo chủ trương đầu tư đề ra (tăng thêm 31; Dân số: 1.900,"chủ trương đầu tư đề ra (tăng thêm 31% dân so với dân số thị trấn Quán Hành). 2/ THÔNG TIN DỰ ÁN: - Tên dự án: Khu đô thị mới Bắc Quán Hành - Dự án thấp tầng gồm các sản phẩm như nhà ở liền kề, nhà ở liền kề thương mại, nhà ở biệt",,,"994,9 tỷ; 952,7 tỷ; 42,19 tỷ; 1,5tr/m2; 3tr/m2; 292.855tỷ; 435,8tỷ; 350,2tỷ",,,,,,IRR đạt 15%; IRR đạt 20%,,,,,,"[2023-07-03] Thao L - INVT 7/3/2023 1:37 PM K.ĐT báo cáo anh Tuan Tran-CEO về dự án Khu đô thị mới Bắc Quán Hành tại thị trấn Quán Hành, huyện Nghi Lộc, tỉnh Nghệ An: 1/ VỊ TRÍ VÀ KẾT NỐI: - Địa điểm: Thị trấn Quán Hành, huyện Nghi Lộc, tỉnh Nghệ An. - Link map: https://goo.gl/maps/FmDxfXdHa9mdoGK99 - Kết nối giao thông: Dự án Khu đô thị Bắc Quán Hành cách: . Trung tâm Thành phố Vinh khoảng 14Km . Cảng hàng không Quốc Tế Vinh 11Km. . Biển Cửa Lò khoảng 11Km. . Nút giao cao tốc Diễn Châu - Bãi Vọt khoảng 11Km với thời gian dự kiến hoàn thành vào tháng 05/2024, đồng thời tuyến Cao tốc Quốc lộ 45 – Diễn Châu sẽ hoàn thành trong năm 2023 => Tạo tuyến Cao tốc thông thẳng từ Hà Nội đến Nghệ An. - Thông tin về khu vực: . Theo thống kê năm 2019, thị trấn Quán Hành có diện tích 3,9 km², dân số là 6.197 người, mật độ dân số đạt 1.589 người/km². . Theo thông tin quy hoạch hiện có, trong vòng bán kính 10-15km tính từ dự án, không có dự án Khu công nghiệp mới trong tương lai để triển khai và phát triển để thu hút lao động và nhu cầu nhà ở. => Dự án khó thu hút được thêm 1.900 dân theo chủ trương đầu tư đề ra (tăng thêm 31% dân so với dân số thị trấn Quán Hành). 2/ THÔNG TIN DỰ ÁN: - Tên dự án: Khu đô thị mớ",53,Khu đô thị mới Bắc Quán Hành tại thị trấn Quán Hành,khu đô thị mới bắc quán hành tại thị trấn quán hành,6.000 m²,184.300 m² (~18.43 ha),"18,43 ha","2,9ha; 2,2ha",,,,,IRR đạt 15%; IRR đạt 20%,,,"994,9 tỷ; 952,7 tỷ; 42,19 tỷ; 1,5tr/m2; 3tr/m2; 292.855tỷ; 435,8tỷ; 350,2tỷ; IRR đạt 15%; IRR đạt 20%",,cao 3 tầng; cao 2-5 tầng,dân số là 6.197; dân số đạt 1.589; dân theo chủ trương đầu tư đề ra (tăng thêm 31; Dân số: 1.900,mật độ dân số đạt 1.589,,,,chủ trương đầu tư đề ra (tăng thêm 31% dân so với dân số thị trấn Quán Hành),batch_812.txt,32,matched_teams_map_link,matched_teams_map_link,,BDS-CURATED-0083,65,35,20,10,14,5,0,B,,project_or_deal,,,BDS-CURATED-0083,2023-07-03,yes,yes,yes,yes,yes
BDS-MASTER-0014,Urban Green / Bình Thái,2,,,batch_089.txt; batch_091.txt,,10.8456644,106.7620502,"10.8456644, 106.7620502",https://maps.app.goo.gl/dRnRPbNFPmCfsTHAA,"và ranh dự án: https://maps.app.goo.gl/dRnRPbNFPmCfsTHAA b) Đánh giá vị trí dự án: Dự án có lợi thế vị trí khi cách ga Metro Bình Thái khoảng 700m, nằm gần các trường đại học, KCNC và khu dân cư hiện hữu. Khu vực ghi nhậ",,Thủ Đức,4.604 m²,căn hộ,"ất CLN Pháp lý đất: Có nguồn gốc đất cá nhân, phù hợp để phát triển dự án nhà ở (Dựa theo Nghị quyết 171). Pháp lý QH: Diện tích phù hợp QH còn 4,604 m2 (Không","QH: Diện tích phù hợp QH còn 4,604 m2 (Không bị dính lộ giới). Tầng cao 22 tầng cao và 1 hầm; Hệ số sử dụng đất 7 lần, dân số là 361 người (tương đương hệ số 3.6 ,chưa sử dụng hết đư; hệ số HS SDĐ) 2. Hiệu quả dự án: Do chỉ tiêu dân số hiện tại còn thấp nên Phòng Đầu Tư tạm tính 2 phương án: Phương án 1: Tận dụng dân số hiện có 361 người để làm căn hộ chung cư, phần; hệ số còn lại làm căn hộ dịch vụ Phương án 2: xin thêm dân số lên 650 người (để sử dụng full HS SDĐ) để làm căn hộ chung cư Thông số quy hoạch Hiệu quả dự án Độ nhạy dự án Phương án 1:",Tầng cao 22 tầng,Hệ số sử dụng đất 7; hệ số 3.6; hệ số HS SDĐ) 2; hệ số còn lại làm căn hộ dịch vụ Phương án 2,,dân số là 361; dân số hiện tại còn thấp nên Phòng Đầu Tư tạm tính 2; dân số hiện có 361; dân số lên 650,"pháp lý dự án: a) Vị trí và ranh dự án: https://maps.app.goo.gl/dRnRPbNFPmCfsTHAA b) Đánh giá vị trí dự án: Dự án có lợi thế vị trí khi cách ga Metro Bình Thái khoảng 700m, nằm gần các trường đại học, KCNC và khu dân cư hiện hữ; pháp lý: Tổng diện tích khu đất là: 4,604 m2, chưa xác định được loại đất nên Phòng Đầu tư tạm giả định là đất CLN Pháp lý đất: Có nguồn gốc đất cá nhân, phù hợp để phát triển dự án nhà ở (Dựa theo Nghị quyết 171). Pháp lý QH:",pháp lý dự án: a) Vị trí và ranh dự án: https://maps.app.goo.gl/dRnRPbNFPmCfsTHAA b) Đá,giá mua đất là 234 tỷ,108.5tr/m2; 234 tỷ; 51tr/m2; 276 tỷ; 60tr/m2,giá bán chung cư tối thiểu 108.5tr/m2,,,"DT, has attachments. 5/22 9:23 AM Edited Hoa D - CVDT P. ĐT báo cáo Sếp Admin 01 về khu đất 4.600 m2 t",,IRR = 15%,,,"lưu ý rủi ro từ phần đất mộ cần xử lý/di dời và tác động tâm lý đối với người mua do vị trí tiếp giáp khu mộ. b. Sơ bộ hiện trạng pháp lý: Tổng diện tích khu đất là: 4,604 m2, chưa xác định được loại đất nên Phòng Đầu tư tạm; chưa sử dụng hết được hệ số HS SDĐ) 2. Hiệu quả dự án: Do chỉ tiêu dân số hiện tại còn thấp nên Phòng Đầu Tư tạm tính 2 phương án: Phương án 1: Tận dụng dân số hiện có 361 người để làm căn hộ chung cư, phần hệ số còn lại làm","cần lưu ý rủi ro từ phần đất mộ cần xử lý/di dời và tác động tâm lý đối với người mua do vị trí tiếp giáp khu mộ. b. Sơ bộ hiện trạng pháp lý: Tổng diện tích khu đất là: 4,604 m2, chư; cần giá bán chung cư tối thiểu 108.5tr/m2 sàn và giá mua đất là 234 tỷ (tương đương 51tr/m2 đất). Dựa trên vị trí và đối tượng (chủ yếu là sinh viên và người có thu nhập trung bình) c; cần giá bán chung cư tối thiểu 108.5tr/m2 sàn và giá mua đất là 234 tỷ (tương đương 51tr/m2 đất). Dựa trên vị trí và đối tượng (chủ yếu là sinh viên và người có thu nhập trung bì",,"[] P. ĐT báo cáo Sếp Admin 01 về khu đất 4... by Hoa D - CVDT, has attachments. 5/22 9:23 AM Edited Hoa D - CVDT P. ĐT báo cáo Sếp Admin 01 về khu đất 4.600 m2 tại 120 Đặng Văn Bi, phường Thủ Đức, HCM như sau: 1. Tóm tắt sơ bộ hiện trạng pháp lý dự án: a) Vị trí và ranh dự án: https://maps.app.goo.gl/dRnRPbNFPmCfsTHAA b) Đánh giá vị trí dự án: Dự án có lợi thế vị trí khi cách ga Metro Bình Thái khoảng 700m, nằm gần các trường đại học, KCNC và khu dân cư hiện hữu. Khu vực ghi nhận nhu cầu mua ở thực và thuê ổn định, trong khi nguồn cung căn hộ mới còn hạn chế; đặc biệt, loại hình căn hộ dịch vụ chuẩn còn thiếu, tạo dư địa phát triển tốt cho dự án. Tuy nhiên, cần lưu ý rủi ro từ phần đất mộ cần xử lý/di dời và tác động tâm lý đối với người mua do vị trí tiếp giáp khu mộ. b. Sơ bộ hiện trạng pháp lý: Tổng diện tích khu đất là: 4,604 m2, chưa xác định được loại đất nên Phòng Đầu tư tạm giả định là đất CLN Pháp lý đất: Có nguồn gốc đất cá nhân, phù hợp để phát triển dự án nhà ở (Dựa theo Nghị quyết 171). Pháp lý QH: Diện tích phù hợp QH còn 4,604 m2 (Không bị dính lộ giới). Tầng cao 22 tầng cao và 1 hầm; Hệ số sử dụng đất 7 lần, dân số là 361 người (tương đương hệ số 3.6 ,chưa sử dụng hết 

---

[] Friday, May 22 P. ĐT báo cáo Sếp Admin 01 về khu đất 4... by Hoa D - CVDT, has attachments. 5/22 9:23 AM Edited Hoa D - CVDT P. ĐT báo cáo Sếp Admin 01 về khu đất 4.600 m2 tại 120 Đặng Văn Bi, phường Thủ Đức, HCM như sau: 1. Tóm tắt sơ bộ hiện trạng pháp lý dự án: a) Vị trí và ranh dự án: https://maps.app.goo.gl/dRnRPbNFPmCfsTHAA b) Đánh giá vị trí dự án: Dự án có lợi thế vị trí khi cách ga Metro Bình Thái khoảng 700m, nằm gần các trường đại học, KCNC và khu dân cư hiện hữu. Khu vực ghi nhận nhu cầu mua ở thực và thuê ổn định, trong khi nguồn cung căn hộ mới còn hạn chế; đặc biệt, loại hình căn hộ dịch vụ chuẩn còn thiếu, tạo dư địa phát triển tốt cho dự án. Tuy nhiên, cần lưu ý rủi ro từ phần đất mộ cần xử lý/di dời và tác động tâm lý đối với người mua do vị trí tiếp giáp khu mộ. b. Sơ bộ hiện trạng pháp lý: Tổng diện tích khu đất là: 4,604 m2, chưa xác định được loại đất nên Phòng Đầu tư tạm giả định là đất CLN Pháp lý đất: Có nguồn gốc đất cá nhân, phù hợp để phát triển dự án nhà ở (Dựa theo Nghị quyết 171). Pháp lý QH: Diện tích phù hợp QH còn 4,604 m2 (Không bị dính lộ giới). Tầng cao 22 tầng cao và 1 hầm; Hệ số sử dụng đất 7 lần, dân số là 361 người (tương đương hệ số 3.6 ,ch",76,có lợi thế vị trí khi cách ga Metro Bình Thái khoảng 700m,urban green bình thái,4.600 m²,4.604 m²,"4,604 m2",4.600 m2,giá mua đất là 234 tỷ,,,,IRR = 15%,,,"giá mua đất là 234 tỷ; 108.5tr/m2; 234 tỷ; 51tr/m2; 276 tỷ; 60tr/m2; giá bán chung cư tối thiểu 108.5tr/m2; DT, has attachments. 5/22 9:23 AM Edited Hoa D - CVDT P. ĐT báo cáo Sếp Admin 01 về khu đất 4.600 m2 t; IRR = 15%",Hệ số sử dụng đất 7; hệ số 3.6; hệ số HS SDĐ) 2; hệ số còn lại làm căn hộ dịch vụ Phương án 2,Tầng cao 22 tầng,dân số là 361; dân số hiện tại còn thấp nên Phòng Đầu Tư tạm tính 2; dân số hiện có 361; dân số lên 650,,,,,,,,,resolved,,BDS-CURATED-0017,64,35,18,14,8,16,12,B,,project_or_deal,,,BDS-CURATED-0017,,yes,yes,yes,yes,yes
BDS-MASTER-0100,4ha Thị xã Phú Mỹ với tổng diện tích đất thực hiện dự án là 4,1,2022-08-26,2022-08-26,batch_917.txt,,10.5745358,107.0555537,"10.5745358, 107.0555537",https://goo.gl/maps/mJAEFg5zdD6J4Xbq8,"dự án có nhiều tiềm năng: - Dự án tiếp giáp 2 mặt tiền đường hiện hữu: + Mặt tiền tiếp giáp khoảng 110m, giáp đường Quốc lộ 51, đường nhựa rộng khoảng 46m. + Mặt tiền tiếp giáp đường khoảng 78,7m, giáp đường Hùng Vương đ",Bà Rịa – Vũng Tàu: Vị trí dự án có nhiều tiềm năng: - Dự án tiếp giáp 2 mặt tiền đường hiện hữu: + Mặt tiền tiếp giáp khoảng 110m,Long Thành,44.000 m² (~4.40 ha),khu công nghiệp,,"quy hoạch: - Phê duyệt Quyết định 2471/QĐ-UBND ngày 07/06/2006 thuộc quy hoạch đất chung cư từ 5-15 tầng, mật độ xây dựng 30%. - Kiểm tra thông tin quy hoạch sử dụng đất trên trang web Gula; quy hoạch đất ở, đất giao thông, đất giáo dục. Pháp lý xâ",,,mật độ xây dựng 30%,,"Pháp lý đất: - GCN quyền sử dụng đất 42.482m2, trong đó đã có đất ở. Pháp lý đầu tư: - Chưa có thông tin về pháp lý đầu tư. Pháp lý quy hoạch: - Phê duyệt Quyết định 2471/QĐ-UBND ngày 07/06/2006 thuộc quy hoạch đất chung cư từ; Pháp lý xâ","Pháp lý đất: - GCN quyền sử dụng đất 42.482m2, trong đó đã có đất ở. Pháp lý đầu tư: -",giá chào bán 600 tỷ,"600 tỷ; 13,4 tr/m2; 37 tr/m2; 30tr/m2; 68tr/m2; 45tr/m2; 36.5 tr/m2; 53.4 tr/m2; 6.6 tr/m2; 304 tỷ",,,,,,"IRR = 4%; IRR = 3%; IRR=15%; IRR = 22,1%",,,"Chưa có thông tin về pháp lý đầu tư. Pháp lý quy hoạch: - Phê duyệt Quyết định 2471/QĐ-UBND ngày 07/06/2006 thuộc quy hoạch đất chung cư từ 5-15 tầng, mật độ xây dựng 30%. - Kiểm tra thông tin quy hoạch sử dụng đất trên tran",,,"[] Báo cáo Dự án 4ha Thị xã Phú Mỹ với tổng diện tích đất thực hiện dự án là 4,4ha (giá chào bán 600 tỷ tương đương 13,4 tr/m2) tại 2 mặt tiền đường Quốc lộ 51 và đường Hùng Vương thuộc Phường Tân Phước, Thị xã Phú Mỹ, tỉnh Bà Rịa – Vũng Tàu: Vị trí dự án có nhiều tiềm năng: - Dự án tiếp giáp 2 mặt tiền đường hiện hữu: + Mặt tiền tiếp giáp khoảng 110m, giáp đường Quốc lộ 51, đường nhựa rộng khoảng 46m. + Mặt tiền tiếp giáp đường khoảng 78,7m, giáp đường Hùng Vương đường nhựa rộng khoảng 25m. - Cách Trung tâm Hành chính Thị xã Phú Mỹ khoảng 1km, cách các tiện ích ngoại khu trong vòng bán kính 2,5km gồm siêu thị Co.opmart, KNG Mall, phòng khám đa khoa, 2 trường Trung học Cơ sở, 2 trường Tiểu học, 6 trường Mần non. - Cách khu công nghiệp: + KCN Phú Mỹ I khoảng 1,5km + KCN Phú Mỹ II khoảng 1,2km + KCN Phú Mỹ III khoảng 3,7km. - Cách Cảng Quốc tế Cái Mép - Thị Vãi khoảng 3km; Định hướng theo Nghị quyết 24 của Bộ Chính trị về phát triển kinh tế - xã hội và bảo đảm quốc phòng, an ninh vùng Đông Nam Bộ đến năm 2030, tầm nhìn 2045 đã mở ra triển vọng mới cho cụm cảng Cái Mép - Thị Vải (CM-TV) trở thành cảng trung chuyển quốc tế lớn. - Cách sân bay Quốc tế Long Thành khoảng 20km. - Cách nú",59,4ha Thị xã Phú Mỹ với tổng diện tích đất thực hiện dự án là 4,4ha thị xã phú mỹ với tổng diện tích đất thực hiện dự án là 4,40.000 m² (~4.00 ha),44.000 m² (~4.40 ha),"4,4 ha",4.00 ha,giá chào bán 600 tỷ,,,,"IRR = 4%; IRR = 3%; IRR=15%; IRR = 22,1%",,,"giá chào bán 600 tỷ; 600 tỷ; 13,4 tr/m2; 37 tr/m2; 30tr/m2; 68tr/m2; 45tr/m2; 36.5 tr/m2; 53.4 tr/m2; 6.6 tr/m2; 304 tỷ; IRR = 4%; IRR = 3%; IRR=15%; IRR = 22,1%",,,,mật độ xây dựng 30%,,,,"Phê duyệt Quyết định 2471/QĐ-UBND ngày 07/06/2006 thuộc quy hoạch đất chung cư từ 5-15 tầng, mật độ xây dựng 30%; GCN quyền sử dụng đất 42; Phê duyệt Quyết định 2471/QĐ-UBND ngày 07/06/2006 thuộc quy hoạch đất chung cư từ",batch_917.txt,60,matched_teams_map_link,matched_teams_map_link,,BDS-CURATED-0048,62,35,20,2,14,11,4,B,Thiếu quy hoạch,project_or_deal,,,BDS-CURATED-0048,2022-08-26,yes,yes,yes,yes,yes
BDS-MASTER-0189,Phú Quang khoảng 350m + Có 2 mặt tiếp xúc kênh rạch II/ Kết nối giao thông đến dự án,2,2023-11-27,2023-11-27,batch_735.txt; batch_785.txt,Trieu Nguyen-PTDT,10.8868153,106.7156351,"10.8868153, 106.7156351",https://goo.gl/maps/Empzn8zwhyULFrqV8,"+ Khu đất có mặt tiền rộng khoảng 200m, tiếp giáp đường 4A đi ra hướng đường Ngô Chí Quốc và Quốc lộ 13 + Cách Dự án Phú Quang khoảng 350m + Có 2 mặt tiếp xúc kênh rạch II/ Kết nối giao thông đến dự án: Khu đất tiếp giáp",TPHCM,Thủ Đức,123.000 m² (~12.30 ha),thấp tầng,,"Quy hoạch, cụ thể: + Tại phía Đông của khu đất: Chưa đấu nối Đoạn đường 4A ra đường Ngô Chí Quốc + Tại phía Tây của khu đất: Các tuyến đường LKV9 và đường Vĩnh Phú 32 vẫn chưa hoàn thành để; Quy hoạch và Hiện trạng: 1/ Tổng quy mô ước tính : khoảng 12,3ha (theo ranh Phòng PTQĐ cung cấp) 2/ Quy hoạch 1/2000: Quy hoạch chủ yếu là đất ở, bao gồm các ô quy hoạch: + Trọn các ô quy h; tầng cao tối đa, 8320 dân số + Một phần đất thuộc ô quy hoạch số 7 và 10 : có quy mô 0,67 ha, HSSD 5 lần , MĐXD 60%, 15 tầng cao, 134 dân số + Có đất hạ tầng giao thông và cây xanh : có qu; quy hoạch: + Các ô quy hoạch từ số 13 -> 18: đất trống => Thuận tiện mua trọn các ô quy hoạch này để thành lập dự án + Các ô số 7 và 10: đã có một phần đất được phân lô thấp tầng => Khó có; quy hoạch để thành lập dự án IV/ Phân tích SWOT: IV/ Đề xuất chiến lược thu gom quỹ đất: 1/ Điều kiện tiên quyết: Chỉ thu gom quỹ đất khi ","quy mô 0,67 ha, HSSD 5 lần , MĐXD 60%, 15 tầng; quy mô 7,68ha, HSSD 7 lần, MĐXD 50%, 30 tầng",,MĐXD 50%; MĐXD 60%,dân số + Một phần đất thuộc ô quy hoạch số 7; dân số + Có đất hạ t --- [2023,,"chưa hoàn thành mở rộng hoặc dự phóng theo Quy hoạch, cụ thể: + Tại phía Đông của khu đất: Chưa đấu nối Đoạn đường 4A ra đườ",,,,,,,,,,,"chưa hoàn thành mở rộng hoặc dự phóng theo Quy hoạch, cụ thể: + Tại phía Đông của khu đất: Chưa đấu nối Đoạn đường 4A ra đường Ngô Chí Quốc + Tại phía Tây của khu đất: Các tuyến đường LKV9 và đường Vĩnh Phú 32 vẫn chưa hoàn; chưa được thực hiện III/ Quy mô, Quy hoạch và Hiện trạng: 1/ Tổng quy mô ước tính : khoảng 12,3ha (theo ranh Phòng PTQĐ cung cấp) 2/ Quy hoạch 1/2000: Quy hoạch chủ yếu là đất ở, bao gồm các ô quy hoạch: + Trọn các ô quy hoạ; Đề xuất chiến lược thu gom quỹ đất: 1/ Điều kiện tiên quyết: Chỉ thu gom quỹ đất khi thực hiện được việc mở rộng các tuyến đường kết nối khu đất: Cần làm việc với các cơ quan ban ngành để mở rộng và dự phóng các tuyến đường qua",Đề xuất chiến lược thu gom quỹ đất: 1/ Điều kiện tiên quyết: Chỉ thu gom quỹ đất khi thực hiện được việc mở rộng các tuyến đường kết nối khu đất: Cần làm việc với các cơ quan ban ngành để,,"[2023-11-27] Trieu Nguyen-PTDT 11/27/2023 3:01 PM Edited KĐT gửi anh Tuan Tran-CEO báo cáo Thu gom quỹ đất thuộc phường Bình Chiểu, Thủ Đức, TPHCM: I/ Vị trí: + Khu đất có mặt tiền rộng khoảng 200m, tiếp giáp đường 4A đi ra hướng đường Ngô Chí Quốc và Quốc lộ 13 + Cách Dự án Phú Quang khoảng 350m + Có 2 mặt tiếp xúc kênh rạch II/ Kết nối giao thông đến dự án: Khu đất tiếp giáp đường 4A (đoạn đã mở rộng lộ giới khoảng 23m). Tuy nhiên, các tuyến đường chính kết nối đến khu đất vẫn chưa hoàn thành mở rộng hoặc dự phóng theo Quy hoạch, cụ thể: + Tại phía Đông của khu đất: Chưa đấu nối Đoạn đường 4A ra đường Ngô Chí Quốc + Tại phía Tây của khu đất: Các tuyến đường LKV9 và đường Vĩnh Phú 32 vẫn chưa hoàn thành để đấu nối ra Quốc lộ 13 + Và một số tuyến đường nhỏ khác chưa được thực hiện III/ Quy mô, Quy hoạch và Hiện trạng: 1/ Tổng quy mô ước tính : khoảng 12,3ha (theo ranh Phòng PTQĐ cung cấp) 2/ Quy hoạch 1/2000: Quy hoạch chủ yếu là đất ở, bao gồm các ô quy hoạch: + Trọn các ô quy hoạch từ số 13 -> 18 : có quy mô 7,68ha, HSSD 7 lần, MĐXD 50%, 30 tầng cao tối đa, 8320 dân số + Một phần đất thuộc ô quy hoạch số 7 và 10 : có quy mô 0,67 ha, HSSD 5 lần , MĐXD 60%, 15 tầng cao, 134 dân số + Có đất hạ t

---

[2023-11-27] Trieu Nguyen-PTDT 11/27/2023 3:01 PM Edited KĐT gửi anh Tuan Tran-CEO báo cáo Thu gom quỹ đất thuộc phường Bình Chiểu, Thủ Đức, TPHCM: I/ Vị trí: + Khu đất có mặt tiền rộng khoảng 200m, tiếp giáp đường 4A đi ra hướng đường Ngô Chí Quốc và Quốc lộ 13 + Cách Dự án Phú Quang khoảng 350m + Có 2 mặt tiếp xúc kênh rạch II/ Kết nối giao thông đến dự án: Khu đất tiếp giáp đường 4A (đoạn đã mở rộng lộ giới khoảng 23m). Tuy nhiên, các tuyến đường chính kết nối đến khu đất",41,Phú Quang khoảng 350m + Có 2 mặt tiếp xúc kênh rạch II/ Kết nối giao thông đến dự án,phú quang khoảng 350m có 2 mặt tiếp xúc kênh rạch ii kết nối giao thông đến dự án,123.000 m² (~12.30 ha),123.000 m² (~12.30 ha),"12,3 ha","0,67 ha; 7,68ha",,,,,,,,,,"quy mô 0,67 ha, HSSD 5 lần , MĐXD 60%, 15 tầng; quy mô 7,68ha, HSSD 7 lần, MĐXD 50%, 30 tầng",dân số + Một phần đất thuộc ô quy hoạch số 7; dân số + Có đất hạ t --- [2023,MĐXD 50%; MĐXD 60%,"1/2000: Quy hoạch chủ yếu là đất ở, bao gồm các ô quy hoạch: + Trọn các ô quy h; 1/2000: Quy hoạch chủ yếu là đất ở, bao gồm các ô quy hoạch: + Trọn các ô quy hoạch từ số 13 -> 18 : có quy mô 7,68ha, HSSD 7 lần, MĐXD 50%, 30 tầng cao tối đa, 8320",,,,batch_785.txt,32,matched_teams_map_link,matched_teams_map_link,,BDS-CURATED-0129,62,35,25,17,8,0,4,B,Thiếu tài chính,project_or_deal,,,BDS-CURATED-0129,2023-11-27,yes,yes,yes,no,no
BDS-MASTER-0007,Diamond Garden Đào Trí Phú Thuận,1,,,batch_034.txt,,10.727928,106.742496,"10.727928, 106.742496",https://maps.app.goo.gl/GdiSL1z7fBFtk3tr8,"và ranh dự án: https://maps.app.goo.gl/GdiSL1z7fBFtk3tr8 b) Dự án bị chia cắt bởi một con rạch, phát sinh rủi ro pháp lý xây dựng cầu để kết nối hai khu đất b. Sơ bộ hiện trạng pháp lý: Tổng diện tích khu đất là: 10,471",TP Hồ Chí Minh,,10.471 m² (~1.05 ha),căn hộ,,"QH: theo QHPK 10/2009 thuộc ô D2 có chỉ tiêu như sau: MĐXD 40%, tầng cao không giới hạn, HS SDĐ 7, dân số 278 (nguồn anh Tài). Đối tác đang xin điều chỉnh lại thành: HS SDĐ = 7.5, dâ; dân số. Do đó phòng Đầu Tư đề xuất không nghiên cứu chuyên sâu dự án này.",,HS SDĐ 7; HS SDĐ = 7.5,MĐXD 40%,"dân số 278; dân số 2,068","pháp lý dự án: a) Vị trí và ranh dự án: https://maps.app.goo.gl/GdiSL1z7fBFtk3tr8 b) Dự án bị chia cắt bởi một con rạch, phát sinh rủi ro pháp lý xây dựng cầu để kết nối hai khu đất b. Sơ bộ hiện trạng pháp lý: Tổng diện tích k; Pháp lý đất: đang đề xuất xin vào cơ chế thí điểm của Nghị quyết 171 (cần tốn ít nhất 2 năm để có thể triển khai xây dựng được) Pháp lý QH: theo QHPK 10/2009 thuộc ô D2 có chỉ tiêu như sau: MĐXD 40%, tầng cao không giới hạn, HS",pháp lý dự án: a) Vị trí và ranh dự án: https://maps.app.goo.gl/GdiSL1z7fBFtk3tr8 b) Dự,,"3,579 tỷ; 64 tr/m2; 83 tr/m2; 400 tỷ; 42tr/m2; 666 tỷ; 527 tỷ; 16tr/m2; 180 tỷ",Giá bán vào 2028: căn hộ 64 tr/m2,,,"Doanh thu: 3,579 tỷ; DTXD c) Hiệu quả dự án Lợi nhuận trước thuế: 180 tỷ",Lợi nhuận trước thuế: 180 tỷ,IRR dự án: 3.59%,,,"rủi ro pháp lý xây dựng cầu để kết nối hai khu đất b. Sơ bộ hiện trạng pháp lý: Tổng diện tích khu đất là: 10,471 m2, gồm 5,718 m2 đất lúa, 676 m2 đất ở, đất chuyên dụng 3,217m2 và 860m2 lộ giới Pháp lý đất: đang đề xuất xin v; đề xuất cao hơn đáng kể và anh Tài đánh giá phương án này có tính khả thi thấp. 2. Hiệu quả dự án: a) Doanh thu: 3,579 tỷ (Chưa VAT) Giá bán vào 2028: căn hộ 64 tr/m2 tim tường (chưa VAT), Shophouse: 83 tr/m2 (chưa VAT) b) Chi; chưa VAT): 16tr/m2 DTXD c) Hiệu quả dự án Lợi nhuận trước thuế: 180 tỷ LNTT/TMĐT: 7% IRR dự án: 3.59% d) Bảng độ nhạy IRR dự án, LNTT/TMĐT đối với giá mua đất và giá bán căn hộ. => Dự án đang không hiệu quả vì nghĩa vụ tài c; rủi ro cao khi không xin được tăng dân số. Do đó phòng Đầu Tư đề xuất không nghiên cứu chuyên sâu dự án này.","đề xuất xin vào cơ chế thí điểm của Nghị quyết 171 (cần tốn ít nhất 2 năm để có thể triển khai xây dựng được) Pháp lý QH: theo QHPK 10/2009 thuộc ô D2 có chỉ tiêu như sau: MĐXD 40%, tầng; đề xuất cao hơn đáng kể và anh Tài đánh giá phương án này có tính khả thi thấp. 2. Hiệu quả dự án: a) Doanh thu: 3,579 tỷ (Chưa VAT) Giá bán vào 2028: căn hộ 64 tr/m2 tim tường (chưa VAT); đề xuất không nghiên cứu chuyên sâu dự án này.",,"[] Friday, June 12 P. Đầu tư xin báo cáo sếp Admin 01 dự á... by Hoa D - CVDT, has an attachment. 6/12 4:10 PM Edited Hoa D - CVDT P. Đầu tư xin báo cáo sếp Admin 01 dự án Diamond Garden ở đường Đào Trí, Phường Phú Thuận, TP Hồ Chí Minh 1. Tóm tắt sơ bộ hiện trạng pháp lý dự án: a) Vị trí và ranh dự án: https://maps.app.goo.gl/GdiSL1z7fBFtk3tr8 b) Dự án bị chia cắt bởi một con rạch, phát sinh rủi ro pháp lý xây dựng cầu để kết nối hai khu đất b. Sơ bộ hiện trạng pháp lý: Tổng diện tích khu đất là: 10,471 m2, gồm 5,718 m2 đất lúa, 676 m2 đất ở, đất chuyên dụng 3,217m2 và 860m2 lộ giới Pháp lý đất: đang đề xuất xin vào cơ chế thí điểm của Nghị quyết 171 (cần tốn ít nhất 2 năm để có thể triển khai xây dựng được) Pháp lý QH: theo QHPK 10/2009 thuộc ô D2 có chỉ tiêu như sau: MĐXD 40%, tầng cao không giới hạn, HS SDĐ 7, dân số 278 (nguồn anh Tài). Đối tác đang xin điều chỉnh lại thành: HS SDĐ = 7.5, dân số 2,068 người => Mức đề xuất cao hơn đáng kể và anh Tài đánh giá phương án này có tính khả thi thấp. 2. Hiệu quả dự án: a) Doanh thu: 3,579 tỷ (Chưa VAT) Giá bán vào 2028: căn hộ 64 tr/m2 tim tường (chưa VAT), Shophouse: 83 tr/m2 (chưa VAT) b) Chi phí Giá đất: 400 tỷ (tương đương 42tr/m2) N",76,Diamond Garden Đào Trí Phú Thuận,diamond garden đào trí phú thuận,10.471 m² (~1.05 ha),10.471 m² (~1.05 ha),"10,471 m2","1.05 ha; 5,718 m2; 676 m2; 3,217m2; 860m2",,,"Doanh thu: 3,579 tỷ; DTXD c) Hiệu quả dự án Lợi nhuận trước thuế: 180 tỷ",Lợi nhuận trước thuế: 180 tỷ,IRR dự án: 3.59%,,,"3,579 tỷ; 64 tr/m2; 83 tr/m2; 400 tỷ; 42tr/m2; 666 tỷ; 527 tỷ; 16tr/m2; 180 tỷ; Giá bán vào 2028: căn hộ 64 tr/m2; Doanh thu: 3,579 tỷ; DTXD c) Hiệu quả dự án Lợi nhuận trước thuế: 180 tỷ; Lợi nhuận trước thuế: 180 tỷ; IRR dự án: 3.59%",HS SDĐ 7; HS SDĐ = 7.5,,"dân số 278; dân số 2,068",MĐXD 40%,,,,,,,,resolved,,BDS-CURATED-0012,61,35,13,12,8,18,12,B,,project_or_deal,,,BDS-CURATED-0012,,yes,yes,yes,yes,yes
BDS-MASTER-0131,KDC Minh Hưng tại xã Minh Hưng,1,2022-12-14,2022-12-14,batch_917.txt,Thao L - INVT,10.93497,106.7618721,"10.93497, 106.7618721",https://goo.gl/maps/sMLMvWwegyerE3jJ9,"và quy hoạch tương lai khu vực: - Có đường vào giáp mặt tiền QL13 (rộng 16m), xã Minh Hưng, Huyện Chơn Thành, Tỉnh Bình Phước. Cách KDC Đại Nam khoảng 1Km. - Về hạ tầng giao thông: Trong tương lai, các đường cao tốc TPHC",TPHCM,,152.000 m² (~15.20 ha),KCN,"Vị trí và quy hoạch tương lai khu vực: - Có đường vào giáp mặt tiền QL13 (rộng 16m), xã Minh Hưng, Huyện Chơn Thành, Tỉnh Bình Phước. Cách KDC Đại Nam khoảng 1K","quy hoạch tương lai khu vực: - Có đường vào giáp mặt tiền QL13 (rộng 16m), xã Minh Hưng, Huyện Chơn Thành, Tỉnh Bình Phước. Cách KDC Đại Nam khoảng 1Km. - Về hạ tầng giao thông: Trong tương; QH chức năng KCN và KDC. => Khi hạ tầng kết nối dần hoàn thiện, các KCN hiện hữu và đang triển khai sẽ được lấp đầy và hình thành các KCN, KDC mới. Pháp lý đất: GCNQSDĐ: 15,2ha, tron; 1/500 (chưa cung cấp). - Phê duyệt điều chỉnh chủ trương (có cung cấp). - Phê duyệt kế hoạch CMĐSDĐ Dự án từ đất trồng cây lâu năm thành đất ở 2021 (chưa cung cấp). - Đang xin phê duyệt; 1/500. Pháp lý quy hoạch: Bảng vẽ 1/500 chưa được duyệt. Pháp lý xây dựng: Chưa có. 6. Sản phẩm theo thông tin quy hoạch đối ... by Thao L - INVT",,,,,"Pháp lý đất: GCNQSDĐ: 15,2ha, trong đó: Đất ở: 600m2; còn lại: Đất NN. Pháp lý đầu tư: - Phê duyệt Chủ trương đầu tư (chưa cung cấp). - Phê duyệt nhiệm vụ 1/500 (chưa cung cấp). - Phê duyệt điều chỉnh chủ trương (có cung cấp).; 1/500. Pháp lý quy hoạch: Bảng vẽ 1/500 chưa được duyệt. Pháp lý xây dựng: Chưa có. 6. Sản phẩm theo thông tin quy hoạch đối ... by Thao L - INVT","chưa bao gồm tiền CMĐSDĐ, cụ thể: Vị trí và quy hoạch tương lai khu vực: - Có đường vào giáp mặt tiền QL13 (rộng 16m), xã Mi",giá chào 280 tỷ,280 tỷ,,,,,,,,,"chưa bao gồm tiền CMĐSDĐ, cụ thể: Vị trí và quy hoạch tương lai khu vực: - Có đường vào giáp mặt tiền QL13 (rộng 16m), xã Minh Hưng, Huyện Chơn Thành, Tỉnh Bình Phước. Cách KDC Đại Nam khoảng 1Km. - Về hạ tầng giao thông: Tr; chưa cung cấp). - Phê duyệt nhiệm vụ 1/500 (chưa cung cấp). - Phê duyệt điều chỉnh chủ trương (có cung cấp). - Phê duyệt kế hoạch CMĐSDĐ Dự án từ đất trồng cây lâu năm thành đất ở 2021 (chưa cung cấp). - Đang xin phê duyệt đ; chưa được duyệt. Pháp lý xây dựng: Chưa có. 6. Sản phẩm theo thông tin quy hoạch đối ... by Thao L - INVT",,,"[2022-12-14] Thao L - INVT 12/14/2022 11:04 AM K.ĐT gửi anh Tuan Tran-CEO báo cáo dự án KDC Minh Hưng tại xã Minh Hưng, Chơn Thành, Bình Phước có quy mô 15,2ha, có giá chào 280 tỷ (~1,83 tr.đồng/m2), chưa bao gồm tiền CMĐSDĐ, cụ thể: Vị trí và quy hoạch tương lai khu vực: - Có đường vào giáp mặt tiền QL13 (rộng 16m), xã Minh Hưng, Huyện Chơn Thành, Tỉnh Bình Phước. Cách KDC Đại Nam khoảng 1Km. - Về hạ tầng giao thông: Trong tương lai, các đường cao tốc TPHCM- Chơn Thành, cao tốc Chơn Thành – Đăk Nông được triển khai và đưa vào hoạt động. => Kết nối giao thông đến các tỉnh, thành phố lân cận nhanh chóng, thuận tiện và dễ dàng. - Về tiềm năng phát triển khu vực: + Khu vực tập trung nhiều KCN hiện hữu. + Có các KCN đang được triển khai và sẽ đưa vào hoạt động trong tương lai gần. + Nhiều quỹ đất được QH chức năng KCN và KDC. => Khi hạ tầng kết nối dần hoàn thiện, các KCN hiện hữu và đang triển khai sẽ được lấp đầy và hình thành các KCN, KDC mới. Pháp lý đất: GCNQSDĐ: 15,2ha, trong đó: Đất ở: 600m2; còn lại: Đất NN. Pháp lý đầu tư: - Phê duyệt Chủ trương đầu tư (chưa cung cấp). - Phê duyệt nhiệm vụ 1/500 (chưa cung cấp). - Phê duyệt điều chỉnh chủ trương (có cung cấp). - Phê duyệt kế hoạch CMĐSDĐ D",53,KDC Minh Hưng tại xã Minh Hưng,kdc minh hưng tại xã minh hưng,152.000 m² (~15.20 ha),152.000 m² (~15.20 ha),"15,2 ha",600m2,giá chào 280 tỷ,,,,,,,giá chào 280 tỷ; 280 tỷ,,,,,1/500 (chưa cung cấp); 1/500; 1/500 chưa được duyệt,,,"GCNQSDĐ: 15,2ha, tron; Phê duyệt điều chỉnh chủ trương (có cung cấp); Phê duyệt kế hoạch CMĐSDĐ Dự án từ đất trồng cây lâu năm thành đất ở 2021 (chưa cung cấp); phê duyệt; GCNQSDĐ: 15,2ha, trong đó: Đất ở: 600m2; Phê duyệt Chủ trương đầu tư (chưa cung cấp); Phê duyệt nhiệm vụ 1/500 (chưa cung cấp); Phê duyệt kế hoạch CMĐSDĐ D",batch_917.txt,28,matched_teams_map_link,matched_teams_map_link,,BDS-CURATED-0079,61,35,20,7,14,6,4,B,,project_or_deal,,,BDS-CURATED-0079,2022-12-14,yes,yes,yes,yes,yes
BDS-MASTER-0183,Anantara Mũi Né Resort,1,2022-11-18,2022-11-18,batch_917.txt,Thao L - INVT,10.9409853,108.1895913,"10.9409853, 108.1895913",https://goo.gl/maps/oJBLCYE9ShbB6ZA6A,"Đường Nguyễn Đình Chiểu – Nguyễn Thông, P. Hàm Tiến, TP. Phan Thiết, T. Bình Thuận. Có mặt tiền biển rộng khoảng 120m. Dự án nằm giữa đoạn thủ phủ các khu nghĩ dưỡng TP.Phan Thiết, cách dự án Sea Links khoảng 1km. II. HI",,,24.500 m² (~2.45 ha),Resort,"Đất cơ sở sản xuất, kinh doanh. Thời hạn sử dụng: Đến 2055 (thời gian còn lại: 33 năm). Nguồn gốc sử dụng: Nhà nước giao đất có thu tiền sử dụng đất. Tổng diện",,,,,,"PHÁP LÝ Pháp lý đất: Quyết định thu hồi và giao đất; Quyết định phê duyệt giá đất và tiền SDĐ, Giấy nộp thuế SDĐ và GCN QSDĐ và tài sản khác gắn liền với đất. Diện tích: 2,45ha. Mục đích sử dụng đất: Đất cơ sở sản xuất, kinh do; giao đất có thu tiền sử dụng đất. Tổng diện tích sàn xây dựng (trên CGN): 14.812m2. Tổng diện tích sàn xây dựng (GFA - được cung cấp): 20.815m2. Tổng giá trị CTXD: 243 tỷ (gồm Tài sản cố định hữu hình và Giá trị công trình XD nâ; Pháp lý đầu tư: Giấy chứng nhận đăng kí kinh doanh",PHÁP LÝ Pháp lý đất: Quyết định thu hồi và giao đất; Quyết định phê duyệt giá đất và ti,Giá chào chuyển nhượng của đối tác: 875 tỷ,875 tỷ; 550 tỷ; 325 tỷ; 243 tỷ,,,,,,,,,,,,"[2022-11-18] Thao L - INVT 11/18/2022 3:00 PM Khối Đầu tư gửi anh Tuan Tran-CEO báo cáo định giá tài sản dự án Anantara Mũi Né Resort, thuộc CĐT Novaland Phan Thiết với các thông tin như sau: I. THÔNG TIN CƠ BẢN Giá chào chuyển nhượng của đối tác: 875 tỷ; trong đó: Khoản vay tại 31/10/2022: 550 tỷ - khoản vay liên quan khác (không phục vụ HĐSXKD). Hiện QSDĐ và tài sản trên đất của Anantara đang được thế chấp để đảm bảo khoản vay này. Giá chuyển nhượng cổ phần: 325 tỷ. Vị trí: Đường Nguyễn Đình Chiểu – Nguyễn Thông, P. Hàm Tiến, TP. Phan Thiết, T. Bình Thuận. Có mặt tiền biển rộng khoảng 120m. Dự án nằm giữa đoạn thủ phủ các khu nghĩ dưỡng TP.Phan Thiết, cách dự án Sea Links khoảng 1km. II. HIỆN TRẠNG: Dự án đang được vận hành và khai thác với các thông số chi tiết sau: Đơn vị vận hành: Minor Hotel Group – brand Anantara - 5 sao Quốc tế. HMA ký ngày 17/12/2010, Hết hạn lần 1 năm 2020, tự động gia hạn thêm 10 năm sau mỗi lần hết hạn. Số lượng phòng và tiện ích kèm theo: 70 phòng khách sạn + 20 Biệt thự. 02 nhà hàng. Hồ bơi, Flow bar, Gym, khu vui chơi trẻ em. Thời điểm khai thác: năm 2009. Thời gian đã khai thác: 13 năm (thời gian còn lại: 33 năm). III. PHÁP LÝ Pháp lý đất: Quyết định thu hồi và ",41,Anantara Mũi Né Resort,anantara mũi né resort,24.500 m² (~2.45 ha),24.500 m² (~2.45 ha),2.45 ha,,Giá chào chuyển nhượng của đối tác: 875 tỷ,,,,,,,Giá chào chuyển nhượng của đối tác: 875 tỷ; 875 tỷ; 550 tỷ; 325 tỷ; 243 tỷ,,,,,,,tiền sử dụng đất,"Quyết định thu hồi và giao đất; Quyết định phê duyệt giá đất và tiền SDĐ, Giấy nộp thuế SDĐ và GCN QSDĐ và tài sản khác gắn liền với đất; giao đất có thu tiền sử dụng đất; Giấy chứng nhận đăng kí kinh doanh PHÁP LÝ Pháp lý đất: Quyết định thu hồi và giao đất; Quyết định phê duyệt giá đất và ti [2022-11-18] Thao L - INVT 11/18/2022 3:00 PM Khối Đầu tư gửi anh Tuan Tran-CEO báo cáo định giá tài sản dự án Anantara Mũi Né Resort, thuộc CĐT Novaland P; Quyết định thu hồi và",batch_917.txt,16,matched_teams_map_link,matched_teams_map_link,,BDS-CURATED-0126,58,35,20,0,19,6,8,C,Thiếu quy hoạch,project_or_deal,,,BDS-CURATED-0126,2022-11-18,yes,yes,no,yes,yes
BDS-MASTER-0105,DKC ARITA TWIN TOWER 1,1,2023-04-13,2023-04-13,batch_900.txt,Sinh Nguyen-Dau Tu,18.687645,105.674201,"18.687645, 105.674201",https://goo.gl/maps/h4LQbK4dijinbrmF8,"Tọa lạc 3 mặt tiền đường Mai Hắc Đế (quy hoạch rộng 45m), đường Phan Bội Châu (quy hoạch rộng 40m) và đường nội bộ (quy hoạch rộng 12m) Cách Chợ Vinh khoảng 2,7km, cách nhà Ga Vinh khoảng 1km, cách trung tâm hành chính V",,,11.234 m² (~1.12 ha),chung cư,"3.478,3m², ODT: 1.978m², DGT: 4.266,6m² Nguồn gốc: Thuê đất trả tiền 1 lần Chưa bàn giao đất đợt 2: 1.510,7m². Mục đích sử dụng đất SKC: 758,3m², ODT: 752,4m² =","quy hoạch rộng 45m), đường Phan Bội Châu (quy hoạch rộng 40m) và đường nội bộ (quy hoạch rộng 12m) Cách Chợ Vinh khoảng 2,7km, cách nhà Ga Vinh khoảng 1km, cách trung tâm hành chính Vinh kh; Quy hoạch Căn cứ Phê duyệt điều chỉnh QH chi tiết xây dựng 1/500 số 5253/QĐ.UBND-XD ngày 6/11/2013 (văn bản chưa cung cấp được chi tiết thông tin quy QH) Tính chất QH: Làm trung tâm thương",,,,,"Pháp lý đất Tổng diện tích đất bàn giao: 11.233,6m² Đã bàn giao đợt 1 là 9.722,9m². Mục đích sử dụng đất SKC: 3.478,3m², ODT: 1.978m², DGT: 4.266,6m² Nguồn gốc: Thuê đất trả tiền 1 lần Chưa bàn giao đất đợt 2: 1.510,7m². Mục đí; đấu giá đối với hiện trạng các khu đất này 3/ Giải phóng mặt bằng: Theo văn bản số 03 ngày 11/05/2021 ARITA DKC gửi cho UBND phường Quán Bàu, hiện đã hoàn thành GPMB 4/5 hộ dân thuộc diện di dời. Vướng mắc còn lại nằm ở hộ gia; GPMB 4/ Quy hoạch Căn cứ Phê duyệt điều chỉnh QH chi tiết xây dựng 1/500 số 5253/QĐ.UBND-XD ngày 6/11/2013 (văn bản chưa cung cấp được chi tiết thông tin quy QH) Tính chất QH: Làm trung tâm thương mại và nhà ở chung cư Căn c; Pháp lý đầu tư: Giấy chứng nhận đầu tư số 2","Pháp lý đất Tổng diện tích đất bàn giao: 11.233,6m² Đã bàn giao đợt 1 là 9.722,9m². Mục",,"150 tỷ; 11,5 tỷ; 312,8 tỷ",,,,,,,"NPV = -312,8 tỷ",,"Chưa bàn giao đất đợt 2: 1.510,7m². Mục đích sử dụng đất SKC: 758,3m², ODT: 752,4m² => Với mục đích sử dụng đất là đất SKC (tổng diện tích 4.236,6m²) vẫn là của nhà nước chưa chuyển mục đích sang đất ở, trong trường hợp thực; Vướng mắc còn lại nằm ở hộ gia đình ông Trịnh Minh Quang, thửa đất số 4, tờ bản đồ số 29LL, diện tích chưa giải phóng mặt bằng là 112.7m² (thửa đất có tranh chấp về QSH giữa ông Trịnh Quang Minh với em dâu là bà Nguyễn Thị Nh; chưa cung cấp được chi tiết thông tin quy QH) Tính chất QH: Làm trung tâm thương mại và nhà ở chung cư Căn cứ phương án thiết kế năm 2021 của ARITA DKC 5/ Pháp lý đầu tư: Giấy chứng nhận đầu tư số 2",,,"[2023-04-13] Sinh Nguyen-Dau Tu 4/13/2023 11:20 AM K.ĐT báo cáo anh Tuan Tran-CEO dự án DKC ARITA TWIN TOWER 1,1ha, số 2 Mai Mắc Đế, phường Quán Bàu, Thành phố Vinh, tỉnh Nghệ An như sau: 1/ Vị trí Tọa lạc 3 mặt tiền đường Mai Hắc Đế (quy hoạch rộng 45m), đường Phan Bội Châu (quy hoạch rộng 40m) và đường nội bộ (quy hoạch rộng 12m) Cách Chợ Vinh khoảng 2,7km, cách nhà Ga Vinh khoảng 1km, cách trung tâm hành chính Vinh khoảng 2,5km 2/ Pháp lý đất Tổng diện tích đất bàn giao: 11.233,6m² Đã bàn giao đợt 1 là 9.722,9m². Mục đích sử dụng đất SKC: 3.478,3m², ODT: 1.978m², DGT: 4.266,6m² Nguồn gốc: Thuê đất trả tiền 1 lần Chưa bàn giao đất đợt 2: 1.510,7m². Mục đích sử dụng đất SKC: 758,3m², ODT: 752,4m² => Với mục đích sử dụng đất là đất SKC (tổng diện tích 4.236,6m²) vẫn là của nhà nước chưa chuyển mục đích sang đất ở, trong trường hợp thực hiện dự án nhà ở khi chuyển mục đích sang đất ở theo Luật hiện hành sẽ phải thực hiện đấu giá đối với hiện trạng các khu đất này 3/ Giải phóng mặt bằng: Theo văn bản số 03 ngày 11/05/2021 ARITA DKC gửi cho UBND phường Quán Bàu, hiện đã hoàn thành GPMB 4/5 hộ dân thuộc diện di dời. Vướng mắc còn lại nằm ở hộ gia đình ông Trịnh Minh Quang, thửa đất số 4, tờ bản đồ ",59,DKC ARITA TWIN TOWER 1,dkc arita twin tower 1,11.234 m² (~1.12 ha),11.234 m² (~1.12 ha),"11.233,6m²","1.12 ha; 1,1ha; 9.722,9m²; 3.478,3m²; 1.978m²; 4.266,6m²; 1.510,7m²; 758,3m²; 752,4m²; 4.236,6m²",,,,,,"NPV = -312,8 tỷ",,"150 tỷ; 11,5 tỷ; 312,8 tỷ; NPV = -312,8 tỷ",,,,,1/500 số 5253/QĐ,"Giải phóng mặt bằng: Theo văn bản số 03 ngày 11/05/2021 ARITA DKC gửi cho UBND phường Quán Bàu, hiện đã hoàn thành GPMB 4/5 hộ dân thuộc diện di dời; GPMB 4/ Quy hoạch Căn cứ Phê duyệt điều chỉnh QH chi tiết xây dựng 1/500 số 5253/QĐ",,"Phê duyệt điều chỉnh QH chi tiết xây dựng 1/500 số 5253/QĐ; Thuê đất trả tiền 1 lần Chưa bàn giao đất đợt 2: 1; đấu giá đối với hiện trạng các khu đất này 3/ Giải phóng mặt bằng: Theo văn bản số 03 ngày 11/05/2021 ARITA DKC gửi cho UBND phường Quán Bàu, hiện đã hoàn thành GPMB 4/5 hộ dân thuộc diện; Giấy chứng nhận đầu tư số 2 Pháp lý đất Tổng diện tích đất bàn giao: 11",batch_900.txt,29,matched_teams_map_link,matched_teams_map_link,,BDS-CURATED-0055,58,35,20,7,18,4,12,C,,project_or_deal,,,BDS-CURATED-0055,2023-04-13,yes,yes,yes,yes,yes
BDS-MASTER-0018,Thủ Đức Living,1,,,batch_016.txt,,10.8679394,106.763008,"10.8679394, 106.763008",https://maps.app.goo.gl/D8GuCY5LefTH8JVq9,"và ranh dự án: https://maps.app.goo.gl/D8GuCY5LefTH8JVq9 b) Sơ bộ hiện trạng pháp lý: Tổng diện tích khu đất là: 4,661 m2 (1,471 m2 đất ở, 3,190m2 đất cây hằng năm) Pháp lý đất: được thực hiện dự án thí điểm Nhà Ở Thương",,Thủ Đức,4.661 m²,căn hộ,,"QH: Diện tích phù hợp QH còn 3,545 m2 (Dính lộ giới: 1,111m2). Tầng cao 25 tầng cao, 0 tầng hầm; Hệ số sử dụng đất 6 lần, dân số là 500 người (tương đương hệ số 5.31 ,chưa sử dụng hế; hệ số HS SDĐ) 2. Hiệu quả dự án: a) Doanh thu (Có VAT): 1,179 tỷ VNĐ Giá bán căn hộ chung cư: 1,038 tỷ (66tr/m2 tim tường) Giá bán Shophouse: 141 tỷ (78tr/m2 tim tường) b) Chi phí (có V; dân số thấp không sử dụng hết được HS SDĐ, giá mua đất, chi phí nghĩa vụ tài chính và pháp lý cao. Do đó P. ĐT đề xuất không nghiên cứu chuyên sâu dự án này. ok by Admin 01","Tầng cao 25 tầng; cao, 0 tầng",Hệ số sử dụng đất 6; hệ số 5.31; hệ số HS SDĐ) 2,,dân số là 500,"pháp lý dự án: a) Vị trí và ranh dự án: https://maps.app.goo.gl/D8GuCY5LefTH8JVq9 b) Sơ bộ hiện trạng pháp lý: Tổng diện tích khu đất là: 4,661 m2 (1,471 m2 đất ở, 3,190m2 đất cây hằng năm) Pháp lý đất: được thực hiện dự án thí; Pháp lý QH: Diện tích phù hợp QH còn 3,545 m2 (Dính lộ giới: 1,111m2). Tầng cao 25 tầng cao, 0 tầng hầm; Hệ số sử dụng đất 6 lần, dân số là 500 người (tương đương hệ số 5.31 ,chưa sử dụng hết được hệ số HS SDĐ) 2. Hiệu quả dự á; pháp lý: 60 tỷ Chi phí xây dựng ALL in cost: 443 tỷ (16tr/m2 xây dựng) Chi phí bán hàng + thuế VAT + CP Khác = 223 tỷ (CPHB + QLDN = 17% Doanh thu) c) Hiệu quả dự án d) Bảng độ nhạy => Dự án không đạt hiệu quả do dân số thấp kh; pháp lý cao. Do đó P. ĐT đề xuất không nghiên cứu chuyên sâu dự án này. ok by Admin 01",pháp lý dự án: a) Vị trí và ranh dự án: https://maps.app.goo.gl/D8GuCY5LefTH8JVq9 b) Sơ,"giá mua đất, chi phí nghĩa vụ tài chính và pháp lý cao. Do đó P. ĐT đề xuất không nghiên cứu chuyên sâu dự án này. ok by Admin 01","1,179 tỷ; 1,038 tỷ; 66tr/m2; 141 tỷ; 78tr/m2; 1,415 tỷ; 400 tỷ; 86tr/m2; 289 tỷ; 60 tỷ; 443 tỷ; 16tr/m2; 223 tỷ","Giá bán căn hộ chung cư: 1,038 tỷ; Giá bán Shophouse: 141 tỷ",Chi phí đất: 400 tỷ,,"Doanh thu (Có VAT): 1,179 tỷ",,,,,"chưa sử dụng hết được hệ số HS SDĐ) 2. Hiệu quả dự án: a) Doanh thu (Có VAT): 1,179 tỷ VNĐ Giá bán căn hộ chung cư: 1,038 tỷ (66tr/m2 tim tường) Giá bán Shophouse: 141 tỷ (78tr/m2 tim tường) b) Chi phí (có VAT): 1,415 tỷ VNĐ; không đạt hiệu quả do dân số thấp không sử dụng hết được HS SDĐ, giá mua đất, chi phí nghĩa vụ tài chính và pháp lý cao. Do đó P. ĐT đề xuất không nghiên cứu chuyên sâu dự án này. ok by Admin 01",đề xuất không nghiên cứu chuyên sâu dự án này. ok by Admin 01,,"[] P.ĐT xin báo cáo sếp Admin 01 dự án Thủ Đức Living, Đường Phạm Văn Đồng, TP HCM 1. Tóm tắt sơ bộ hiện trạng pháp lý dự án: a) Vị trí và ranh dự án: https://maps.app.goo.gl/D8GuCY5LefTH8JVq9 b) Sơ bộ hiện trạng pháp lý: Tổng diện tích khu đất là: 4,661 m2 (1,471 m2 đất ở, 3,190m2 đất cây hằng năm) Pháp lý đất: được thực hiện dự án thí điểm Nhà Ở Thương Mại (Dựa theo nghị quyết 171). Pháp lý QH: Diện tích phù hợp QH còn 3,545 m2 (Dính lộ giới: 1,111m2). Tầng cao 25 tầng cao, 0 tầng hầm; Hệ số sử dụng đất 6 lần, dân số là 500 người (tương đương hệ số 5.31 ,chưa sử dụng hết được hệ số HS SDĐ) 2. Hiệu quả dự án: a) Doanh thu (Có VAT): 1,179 tỷ VNĐ Giá bán căn hộ chung cư: 1,038 tỷ (66tr/m2 tim tường) Giá bán Shophouse: 141 tỷ (78tr/m2 tim tường) b) Chi phí (có VAT): 1,415 tỷ VNĐ Chi phí đất: 400 tỷ (86tr/m2 đất) Chi phí Nghĩa vụ tài chính: 289 tỷ Chi phí pháp lý: 60 tỷ Chi phí xây dựng ALL in cost: 443 tỷ (16tr/m2 xây dựng) Chi phí bán hàng + thuế VAT + CP Khác = 223 tỷ (CPHB + QLDN = 17% Doanh thu) c) Hiệu quả dự án d) Bảng độ nhạy => Dự án không đạt hiệu quả do dân số thấp không sử dụng hết được HS SDĐ, giá mua đất, chi phí nghĩa vụ tài chính và pháp lý cao. Do đó P. ĐT đề xuất không ",71,Thủ Đức Living,thủ đức living,4.661 m²,4.661 m²,"4,661 m2","1,471 m2; 3,190m2; 3,545 m2; 1,111m2",,,"Doanh thu (Có VAT): 1,179 tỷ",,,,,"giá mua đất, chi phí nghĩa vụ tài chính và pháp lý cao. Do đó P. ĐT đề xuất không nghiên cứu chuyên sâu dự án này. ok by Admin 01; 1,179 tỷ; 1,038 tỷ; 66tr/m2; 141 tỷ; 78tr/m2; 1,415 tỷ; 400 tỷ; 86tr/m2; 289 tỷ; 60 tỷ; 443 tỷ; 16tr/m2; 223 tỷ; Giá bán căn hộ chung cư: 1,038 tỷ; Giá bán Shophouse: 141 tỷ; Chi phí đất: 400 tỷ; Doanh thu (Có VAT): 1,179 tỷ",Hệ số sử dụng đất 6; hệ số 5.31; hệ số HS SDĐ) 2,"Tầng cao 25 tầng; cao, 0 tầng",dân số là 500,,,,nghĩa vụ tài chính và pháp lý cao; Nghĩa vụ tài chính: 289 tỷ Chi phí pháp lý: 60 tỷ Chi phí xây dựng ALL in cost: 443 tỷ (16tr/m2 xây dựng) Chi phí bán hàng + thuế VAT + CP Khác = 223 tỷ (CPHB + QLDN = 17% Doanh thu) c) Hiệu quả dự,,,,,resolved,,BDS-CURATED-0028,57,35,13,14,13,9,16,C,,project_or_deal,,,BDS-CURATED-0028,,yes,yes,yes,yes,yes
BDS-MASTER-0034,chung cư cao cấp THAT 1,1,,,batch_523.txt,,16.077574,108.246196,"16.077574, 108.246196",https://maps.app.goo.gl/o5yA5cAF8qJoTZqW8,"Võ Nguyên Giáp, Sơn Trà Đà Nẵng Quy mô dự án: 34.916 m2 (25.852 m2 được giao đất, 9.064 m2 đất thuê) Định vị maps: https://maps.app.goo.gl/o5yA5cAF8qJoTZqW8 2.Pháp lý: Hiện trạng pháp lý: Dự án ban đầu được định hướng tr",Đà Nẵng,,34.916 m² (~3.49 ha),chung cư,,,,,,dân số là 2.810; dân chỉ phù hợp để triển khai 2,"giao đất, 9.064 m2 đất thuê) Định vị maps: https://maps.app.goo.gl/o5yA5cAF8qJoTZqW8 2.Pháp lý: Hiện trạng pháp lý: Dự án ban đầu được định hướng triển khai thành khu biệt thự cao cấp kết hợp Khách sạn + TMDV. Sau đó, chủ đầu tư; pháp lý từ Phòng Pháp lý và Anh Tịnh-pháp lý địa phương Đà Nẵng, P.Đầu tư tổng hợp và tóm tắt đánh giá pháp lý dự án như sau: Chủ trương đầu tư: Hiện chủ đầu tư chưa cung cấp hồ sơ về việc điều chỉnh chủ trương đầu tư từ dự án; chủ trương đầu tư điều chỉnh nêu trên. Pháp lý đất: Giai đoạn đầu, dự án được cấp 35 GCN (34 GCN đất ở và 1 GCN công trình Khách sạn+TMDV). Sau đó, vào năm 2011, Chủ đầu tư đã xin chuyển đổi thành dự án cao tầng đồng thời chuyển đ; GCN thành 6 GCN trong đó 4GCN đất ở và 2 GCN TMDV, tương ứng 4 tháp chung cư và 2 tháp khách sạn. Liên quan đến việc chuyển đổi nêu trên, mặc dù đã được cấp GCN, Chủ đầu tư vẫn chưa hoàn thành nghĩa vụ tài chín",Pháp lý: Hiện trạng pháp lý: Dự án ban đầu được định hướng triển khai thành khu biệt th,,118tr/m2; 32tr/m2; 6.463 tỷ; 1.738 tỷ; 3.025 tỷ,,,,,,IRR: 14.1,NPV: 3.025 tỷ,,"chưa triển khai gì thêm. Dựa vào báo cáo pháp lý từ Phòng Pháp lý và Anh Tịnh-pháp lý địa phương Đà Nẵng, P.Đầu tư tổng hợp và tóm tắt đánh giá pháp lý dự án như sau: Chủ trương đầu tư: Hiện chủ đầu tư chưa cung cấp hồ sơ về; chưa có chủ trương đầu tư điều chỉnh nêu trên. Pháp lý đất: Giai đoạn đầu, dự án được cấp 35 GCN (34 GCN đất ở và 1 GCN công trình Khách sạn+TMDV). Sau đó, vào năm 2011, Chủ đầu tư đã xin chuyển đổi thành dự án cao tầng đồng; chưa hoàn thành nghĩa vụ tài chính bổ sung trong việc chuyển từ thấp tầng sang cao tầng. Bên cạnh đó, Dự án đang vướng công tác tính lại giá đất vì không có cơ sở tính toán. Ngoài ra theo CV 6109 của Cục thuế ĐN, cho thấy Ch; chưa hoàn thành nghĩa vụ tài chính (tiền thuê đất, tiến sdđ). Theo QĐ 1865/QĐ-UBND, Chủ đầu tư đã gia hạn tiến độ sử dụng đất thêm 24 tháng kể từ 2018. Tính đến nay dự án đã tiếp tục hết hạn => Vì đã xin gia hạn 1 lần nên ",tiếp tục hết hạn => Vì đã xin gia hạn 1 lần nên dự án không thể tiếp tục gia hạn. Vì vậy rủi ro cao là dự án sẽ bị thu hồi. Một vấn đề nữa liên quan đến pháp,,"[] Báo cáo tóm tắt dự án chung cư cao cấp THAT 1.Vị trí: Võ Nguyên Giáp, Sơn Trà Đà Nẵng Quy mô dự án: 34.916 m2 (25.852 m2 được giao đất, 9.064 m2 đất thuê) Định vị maps: https://maps.app.goo.gl/o5yA5cAF8qJoTZqW8 2.Pháp lý: Hiện trạng pháp lý: Dự án ban đầu được định hướng triển khai thành khu biệt thự cao cấp kết hợp Khách sạn + TMDV. Sau đó, chủ đầu tư đã xin điều chỉnh thành tổ hợp căn hộ chung cư cao cấp và Khách sạn TMDV. Cho đến nay, tình hình thực hiện dự án chưa triển khai gì thêm. Dựa vào báo cáo pháp lý từ Phòng Pháp lý và Anh Tịnh-pháp lý địa phương Đà Nẵng, P.Đầu tư tổng hợp và tóm tắt đánh giá pháp lý dự án như sau: Chủ trương đầu tư: Hiện chủ đầu tư chưa cung cấp hồ sơ về việc điều chỉnh chủ trương đầu tư từ dự án thấp tầng lên dự án căn hộ+khách sạn cao tầng. Một số thông tin cho thấy dự án chưa có chủ trương đầu tư điều chỉnh nêu trên. Pháp lý đất: Giai đoạn đầu, dự án được cấp 35 GCN (34 GCN đất ở và 1 GCN công trình Khách sạn+TMDV). Sau đó, vào năm 2011, Chủ đầu tư đã xin chuyển đổi thành dự án cao tầng đồng thời chuyển đổi 35 GCN thành 6 GCN trong đó 4GCN đất ở và 2 GCN TMDV, tương ứng 4 tháp chung cư và 2 tháp khách sạn. Liên quan đến việc chuyển đổi nêu trên, mặc",59,chung cư cao cấp THAT 1,chung cư cao cấp that 1,34.916 m² (~3.49 ha),34.916 m² (~3.49 ha),34.916 m2,3.49 ha; 25.852 m2; 9.064 m2,,,,,,NPV: 3.025 tỷ,,118tr/m2; 32tr/m2; 6.463 tỷ; 1.738 tỷ; 3.025 tỷ; IRR: 14.1; NPV: 3.025 tỷ,,,dân số là 2.810; dân chỉ phù hợp để triển khai 2,,,,,"giao đất, 9; Chủ trương đầu tư: Hiện chủ đầu tư chưa cung cấp hồ sơ về việc điều chỉnh chủ trương đầu tư từ dự án; chủ trương đầu tư điều chỉnh nêu trên; GCN (34 GCN đất ở và 1 GCN công trình Khách sạn+TMDV); GCN thành 6 GCN trong đó 4GCN đất ở và 2 GCN TMDV, tương ứng 4 tháp chung cư và 2 tháp khách sạn; GCN, Chủ đầu tư vẫn chưa hoàn thành nghĩa vụ tài chín Pháp lý: Hiện trạng pháp lý: Dự án ban đầu được định hướng triển khai thành khu biệt th [] Báo cáo tóm tắt dự án chung cư cao cấp; Chủ trương đầu tư: Hiện chủ đầu tư chưa cung cấp hồ sơ về việc điều chỉnh chủ trương đầu tư từ dự án thấp tầng lên dự án căn hộ+khách sạn cao tầng",,,,resolved,,BDS-CURATED-0062,50,35,13,4,14,4,9,C,,project_or_deal,,,BDS-CURATED-0062,,yes,yes,no,yes,yes
BDS-MASTER-0038,KHU ĐÔ THỊ MỚI G1,1,2024-05-27,2024-05-27,batch_689.txt,Thao L - INVT,21.175735,105.7780297,"21.175735, 105.7780297",https://maps.app.goo.gl/dAy23L3wP3mTsMM88; https://maps.app.goo.gl/QydbrwwdHVvcm7keA,"*Hiện trạng: - Tiếp giáp phía tây là đường Song hành song song Vành Đai 3 – Võ Văn Kiệt - Link: https://maps.app.goo.gl/dAy23L3wP3mTsMM88 - Tổng diện tích: 45,27ha - Cách trung tâm Hà Nội: 25Km -30p - Cách Sân bay Nội Bà",,,452.700 m² (~45.27 ha),Khu công nghiệp,,"Quy hoạch: - Tiếp giáp phía bắc là đường Song hành song song Vành Đai 3 và Tuyến đường sắt Hà Nội 2. Chức năng sử dụng đất - Đất thương phẩm chiếm tỷ lệ 46,23%: Xây dựng cao tầng (9-25 tầng; dân số 4.300 dân. II. Thông tin về dự án G2 1. Vị trí *Hiện trạng: - Tiếp giáp phía đông là đường Tỉnh lộ 23 - Link: https://maps.app.goo.gl/QydbrwwdHVvcm7keA - Tổng diện tích: 37,104ha; Quy hoạch: - Tiếp giáp phía tây là đường nối thẳng ra Vành đai 3,5 kết nối trung tâm Hà Nội, thông qua cầu Thượng Cát hiện đang được xây dựng. 2. Chức năng sử dụng đất - Đất thương phẩm chi; dân số 1.600 dân. III. Đề xuất kiến nghị 1. DỰ ÁN G1: TIỀM NĂNG TỐT, ĐỀ XUẤT NGHIÊN CỨU CHI TIẾT *Ưu điểm: - Vị trí giáp với đường Song hành Vành Đai 3 (VĐ3) thuận tiện di chuyển về Hà N",cao tầng (9-25 tầng; cao tầng (19 tầng; Xây dựng cao tầng (9-25 tầng,,,dân số 4.300; dân số 1.600,,,,,,,,,,,,,"Đề xuất kiến nghị 1. DỰ ÁN G1: TIỀM NĂNG TỐT, ĐỀ XUẤT NGHIÊN CỨU CHI TIẾT *Ưu điểm: - Vị trí giáp với đường Song hành Vành Đai 3 (VĐ3) thuận tiện di chuyển về Hà Nội và Sân bay Nội Bài. - Đối diện (xéo) Khu công nghiệp Quang Mi","Đề xuất kiến nghị 1. DỰ ÁN G1: TIỀM NĂNG TỐT, ĐỀ XUẤT NGHIÊN CỨU CHI TIẾT *Ưu điểm: - Vị trí giáp với đường Song hành Vành Đai 3 (VĐ3) thuận tiện di chuyển về Hà Nội và Sân bay Nội Bài. -",,"[2024-05-27] Thao L - INVT 5/27/2024 10:52 AM Translate Khối Đầu tư báo cáo anh Tuan Tran-CEO đánh giá sơ bộ về 02 DỰ ÁN KHU ĐÔ THỊ MỚI G1, G2 HUYỆN ĐÔNG ANH, THÀNH PHỐ HÀ NỘI (Dự án của Anh Tâm) I. Thông tin về dự án G1 1. Vị trí *Hiện trạng: - Tiếp giáp phía tây là đường Song hành song song Vành Đai 3 – Võ Văn Kiệt - Link: https://maps.app.goo.gl/dAy23L3wP3mTsMM88 - Tổng diện tích: 45,27ha - Cách trung tâm Hà Nội: 25Km -30p - Cách Sân bay Nội Bài: 10Km - 15p - Đối diện (xéo) Khu công nghiệp Quang Minh 344ha (H. Mê Linh) - Cách Khu công nghiệp Đông Anh 300ha (tương lai) khoảng 10Km *Quy hoạch: - Tiếp giáp phía bắc là đường Song hành song song Vành Đai 3 và Tuyến đường sắt Hà Nội 2. Chức năng sử dụng đất - Đất thương phẩm chiếm tỷ lệ 46,23%: Xây dựng cao tầng (9-25 tầng), dân số 4.300 dân. II. Thông tin về dự án G2 1. Vị trí *Hiện trạng: - Tiếp giáp phía đông là đường Tỉnh lộ 23 - Link: https://maps.app.goo.gl/QydbrwwdHVvcm7keA - Tổng diện tích: 37,104ha - Cách trung tâm Hà Nội: 19Km - 40p - Cách Sân bay Nội Bài: 15Km - 20p - Cách Khu công nghiệp Thăng Long 300ha: 1Km *Quy hoạch: - Tiếp giáp phía tây là đường nối thẳng ra Vành đai 3,5 kết nối trung tâm Hà Nội, thông qua cầu Thượng Cát hiện đang",53,KHU ĐÔ THỊ MỚI G1,khu đô thị mới g1,3.440.000 m² (~344.00 ha),452.700 m² (~45.27 ha),"45,27 ha","344.00 ha; 37,104ha; 300ha",,,,,,,,,,cao tầng (9-25 tầng; cao tầng (19 tầng; Xây dựng cao tầng (9-25 tầng,dân số 4.300; dân số 1.600,,,,,,,,,resolved,,BDS-CURATED-0081,49,35,20,8,0,0,0,C,Thiếu pháp lý; Thiếu tài chính,project_or_deal,,,BDS-CURATED-0081,2024-05-27,yes,yes,yes,no,no
BDS-MASTER-0225,căn hộ Đức Long Western Park Dự án Đức Long Western Park tại quận Bình Tân,1,2025-04-03,2025-04-03,batch_478.txt,Huy M - IM,10.696269,106.613762,"10.696269, 106.613762",https://goo.gl/maps/XXMLm2Ebm5FEFwig7,,TP.HCM,,,căn hộ,,"1/500, chưa nghiệm thu cơ sở hạ tầng kỹ thuật, và chưa đủ điều kiện để giao dịch kinh doanh bất động sản theo quy định của Luật Kinh doanh Bất động sản năm 2014124. Quyết định chấp thuậ",quy mô 15 tầng; cao 21 tầng; xây dựng với quy mô 15 tầng,,,,"pháp lý và tranh chấp với khách hàng. Dưới đây là chi tiết các vướng mắc chính: 1. Pháp lý chưa hoàn thiện Dự án chưa được cấp phép xây dựng, chưa phê duyệt tổng mặt bằng chi tiết tỷ lệ 1/500, chưa nghiệm thu cơ sở hạ tầng kỹ t; Quyết định chấp thuận chủ trương đầu tư và công nhận chủ đầu tư đã hết hiệu lực, khiến dự án không thể triển khai trong thời gian ngắn14. 2. Huy động vốn trái phép Chủ đầu tư đã ký hợp đồng đặt cọc với khách hàng từ năm 2017 – 201; pháp lý, vi phạm nghiêm trọng pháp luật6. 4. Tranh chấp và khởi kiện Nhiều khách hàng đã ký hợp đồng đặt cọc nhưng không nhận được hợp đồng mua bán đúng hạn. Một số người đã thanh lý hợp đồng nhưng vẫn không được hoàn trả tiền",pháp lý và tranh chấp với khách hàng. Dưới đây là chi tiết các vướng mắc chính: 1. Pháp,,,,,,,,,,,"vướng mắc của dự án căn hộ Đức Long Western Park Dự án Đức Long Western Park tại quận Bình Tân, TP.HCM do Công ty CP Đầu tư Kinh doanh Bất động sản Đức Long Gia Lai (Đức Long Gia Lai Land) làm chủ đầu tư đã gặp phải nhiều vấn; vướng mắc chính: 1. Pháp lý chưa hoàn thiện Dự án chưa được cấp phép xây dựng, chưa phê duyệt tổng mặt bằng chi tiết tỷ lệ 1/500, chưa nghiệm thu cơ sở hạ tầng kỹ thuật, và chưa đủ điều kiện để giao dịch kinh doanh bất động s; chưa đủ điều kiện kinh doanh35. Việc huy động vốn trước khi hoàn thành phần móng của tòa nhà là vi phạm Điều 55 Luật Kinh doanh Bất động sản năm 201423. 3. Quảng cáo sai sự thật Dự án được cấp phép xây dựng với quy mô 15 tần",,,"[2025-04-03] Huy M - IM 4/3/2025 2:45 PM Translate Các vướng mắc của dự án căn hộ Đức Long Western Park Dự án Đức Long Western Park tại quận Bình Tân, TP.HCM do Công ty CP Đầu tư Kinh doanh Bất động sản Đức Long Gia Lai (Đức Long Gia Lai Land) làm chủ đầu tư đã gặp phải nhiều vấn đề pháp lý và tranh chấp với khách hàng. Dưới đây là chi tiết các vướng mắc chính: 1. Pháp lý chưa hoàn thiện Dự án chưa được cấp phép xây dựng, chưa phê duyệt tổng mặt bằng chi tiết tỷ lệ 1/500, chưa nghiệm thu cơ sở hạ tầng kỹ thuật, và chưa đủ điều kiện để giao dịch kinh doanh bất động sản theo quy định của Luật Kinh doanh Bất động sản năm 2014124. Quyết định chấp thuận chủ trương đầu tư và công nhận chủ đầu tư đã hết hiệu lực, khiến dự án không thể triển khai trong thời gian ngắn14. 2. Huy động vốn trái phép Chủ đầu tư đã ký hợp đồng đặt cọc với khách hàng từ năm 2017 – 2018, dù dự án chỉ là bãi đất trống và chưa đủ điều kiện kinh doanh35. Việc huy động vốn trước khi hoàn thành phần móng của tòa nhà là vi phạm Điều 55 Luật Kinh doanh Bất động sản năm 201423. 3. Quảng cáo sai sự thật Dự án được cấp phép xây dựng với quy mô 15 tầng nhưng bị quảng cáo là có chiều cao 21 tầng, vượt quá số tầng được phê duyệt16. Việc nà",35,căn hộ Đức Long Western Park Dự án Đức Long Western Park tại quận Bình Tân,căn hộ đức long western park dự án đức long western park tại quận bình tân,,,,,,,,,,,,,,quy mô 15 tầng; cao 21 tầng; xây dựng với quy mô 15 tầng,,,"1/500, chưa nghiệm thu cơ sở hạ tầng kỹ thuật, và chưa đủ điều kiện để giao dịch kinh doanh bất động sản theo quy định của Luật Kinh doanh Bất động sản năm 2014124; 1/500, chưa nghiệm thu cơ sở hạ tầng kỹ t",,,"Quyết định chấp thuậ pháp lý và tranh chấp với khách hàng; phê duyệt tổng mặt bằng chi tiết tỷ lệ 1/500, chưa nghiệm thu cơ sở hạ tầng kỹ t; Quyết định chấp thuận chủ trương đầu tư và công nhận chủ đầu tư đã hết hiệu lực, khiến dự án không thể triển khai trong thời gian ngắn14; phê duyệt tổng mặt bằng chi tiết tỷ lệ 1/500, chưa nghiệm thu cơ sở hạ tầng kỹ thuật, và chưa đủ điều kiện để giao dịch kinh doanh bất động sản theo quy định của Luật Kinh doanh Bất động sả; phê duyệt16",batch_778.txt,24,matched_teams_map_link,matched_teams_map_link,,BDS-CURATED-0153,47,35,12,11,14,0,17,C,Thiếu diện tích đất; Thiếu tài chính,project_or_deal,,,BDS-CURATED-0153,2025-04-03,yes,no,yes,yes,no
BDS-MASTER-0313,là 300 tỷ - Độ nhạy Lợi nhuận trước thuế / Tổng mức đầu tư của dự án với 2 biến số,1,,,batch_524.txt,,10.727928,106.742496,"10.727928, 106.742496",https://maps.app.goo.gl/GdiSL1z7fBFtk3tr8,,,,16.000 m² (~1.60 ha),,,"hệ số sử dụng đất toàn khu của dự án 1,6ha Phan Văn Hớn như sau: - Chi phí chuyển nhượng của dự án là 300 tỷ - Độ nhạy Lợi nhuận trước thuế / Tổng mức đầu tư của dự án với 2 biến số: Bi; quy hoạch Biến số 2: Hệ số sử dụng đất toàn khu (tầng cao và dân số phải tăng thêm tương ứng với hệ số sử dụng Đất) Xuất pdf dùm a. Hình này load ko đc by Unknown User",,"hệ số sử dụng đất toàn khu của dự án 1,6",,,"tiền sử dụng đất và hệ số sử dụng đất toàn khu của dự án 1,6ha Phan Văn Hớn như sau: - Chi phí chuyển nhượng của dự án là 300 tỷ - Độ nhạy Lợi nhuận trước thuế / Tổng mức đầu tư của dự án với 2 biến số: Biến số 1: Đơn giá đóng tiền sử d",,,300 tỷ,,"tiền sử dụng đất và hệ số sử dụng đất toàn khu của dự án 1,6; tiền sử dụng đất trên tổng diện tích đất phù hợp quy hoạch Biến số 2",,,,,,,,,,"[] P.ĐT báo cáo anh Mr Mike1 -CEO về cập nhật độ nhạy Lợi nhuận trước thuế / Tổng mức đầu tư giữa đơn giá đóng tiền sử dụng đất và hệ số sử dụng đất toàn khu của dự án 1,6ha Phan Văn Hớn như sau: - Chi phí chuyển nhượng của dự án là 300 tỷ - Độ nhạy Lợi nhuận trước thuế / Tổng mức đầu tư của dự án với 2 biến số: Biến số 1: Đơn giá đóng tiền sử dụng đất trên tổng diện tích đất phù hợp quy hoạch Biến số 2: Hệ số sử dụng đất toàn khu (tầng cao và dân số phải tăng thêm tương ứng với hệ số sử dụng Đất) Xuất pdf dùm a. Hình này load ko đc by Unknown User",24,là 300 tỷ - Độ nhạy Lợi nhuận trước thuế / Tổng mức đầu tư của dự án với 2 biến số,là 300 tỷ độ nhạy lợi nhuận trước thuế tổng mức đầu tư của dự án với 2 biến số,16.000 m² (~1.60 ha),16.000 m² (~1.60 ha),1.60 ha,,,,,,,,,"300 tỷ; tiền sử dụng đất và hệ số sử dụng đất toàn khu của dự án 1,6; tiền sử dụng đất trên tổng diện tích đất phù hợp quy hoạch Biến số 2","hệ số sử dụng đất toàn khu của dự án 1,6",,,,,,"tiền sử dụng đất và hệ số sử dụng đất toàn khu của dự án 1,6ha Phan Văn Hớn như sau: - Chi phí chuyển nhượng của dự án là 300 tỷ - Độ nhạy Lợi nhuận trước thuế / Tổng mức đầu tư của dự án với 2 bi; tiền sử dụng đất trên tổng diện tích đất phù hợp quy hoạch Biến số 2: Hệ số sử dụng đất toàn khu (tầng cao và dân số phải tăng thêm tương ứng với hệ số sử dụng Đất) Xuất pdf dùm a",,batch_034.txt,20,matched_teams_map_link,matched_teams_map_link,,BDS-CURATED-0209,47,28,13,6,13,0,0,C,Thiếu tài chính,project_or_deal,,,BDS-CURATED-0209,,yes,yes,yes,yes,no
BDS-MASTER-0052,Asia Phú Mỹ – Bình Chánh (dự án do anh Hiếu-GĐPL giới thiệu) 1,2,,,batch_212.txt; batch_258.txt,,10.710113,106.6489317,"10.710113, 106.6489317",https://maps.app.goo.gl/H57L1w8ReXXNhtb99,"Đại lộ Nguyễn Văn Linh, Bình Chánh (nay là Bình Hưng), Tp.HCM https://maps.app.goo.gl/H57L1w8ReXXNhtb99 - Quy mô: 27.9ha, đã cấp sổ 24ha và định hướng P.ĐT sẽ tập trung phân tích phần 24ha đã cấp sổ. - Lịch sử: Dự án đượ",Tp.HCM,,279.000 m² (~27.90 ha),,,,,,,,,,,,,,,,,,,,,,,"[] P.ĐT báo cáo sếp Admin 01 về dự án Asia Phú Mỹ – Bình Chánh (dự án do anh Hiếu-GĐPL giới thiệu) 1. Thông tin tổng quan: - Vị trí: Đại lộ Nguyễn Văn Linh, Bình Chánh (nay là Bình Hưng), Tp.HCM https://maps.app.goo.gl/H57L1w8ReXXNhtb99 - Quy mô: 27.9ha, đã cấp sổ 24ha và định hướng P.ĐT sẽ tập trung phân tích phần 24ha đã cấp sổ. - Lịch sử: Dự án được triển khai từ năm 2000, có CĐT là Công ty Phú Mỹ (Hứa Thị Phấn làm đại diện) liên doanh cùng 2 cổ đông từ Malaysia (asia ltd và MS Investment). Dự án này có liên quan đến sai phạm của hoạt động vay Ngân hàng Agribank Mạc Thị Bưởi và Công ty Phú Mỹ. Hiện đang nằm trong diện xử lý nợ DATC. 2. Phân tích hiệu quả:

---

[] P.ĐT báo cáo sếp Admin 01 về dự án Asia Phú Mỹ – Bình Chánh (dự án do anh Hiếu-GĐPL giới thiệu) 1. Thông tin tổng quan: - Vị trí: Đại lộ Nguyễn Văn Linh, Bình Chánh (nay là Bình Hưng), Tp.HCM https://maps.app.goo.gl/H57L1w8ReXXNhtb99 - Quy mô: 27.9ha, đã cấp sổ 24ha và định hướng P.ĐT sẽ tập trung phân tích phần 24ha đã cấp sổ. - Lịch sử: Dự án được triển khai từ năm 2000, có CĐT là Công ty Phú Mỹ (Hứa Thị Phấn làm đại diện) liên doanh cùng 2 cổ đông từ Malaysia (asia ltd và MS",29,Asia Phú Mỹ – Bình Chánh (dự án do anh Hiếu-GĐPL giới thiệu) 1,asia phú mỹ bình chánh dự án do anh hiếu gđpl giới thiệu 1,279.000 m² (~27.90 ha),279.000 m² (~27.90 ha),27.9 ha,24ha,,,,,,,,,,,,,,,,,,,,resolved,,BDS-CURATED-0160,42,35,18,0,0,0,0,D,Thiếu pháp lý; Thiếu quy hoạch; Thiếu tài chính,project_or_deal,,,BDS-CURATED-0160,,yes,yes,no,no,no
BDS-MASTER-0237,1 - Lợi nhuận trước thuế/TMĐT 22,1,2024-09-18,2024-09-18,batch_657.txt,Trieu Nguyen-PTDT,10.727928,106.742496,"10.727928, 106.742496",https://maps.app.goo.gl/GdiSL1z7fBFtk3tr8,,,,,TMĐT,,,,,,,,,,600 tỷ; 650 tỷ; 700 tỷ; 750 tỷ; 800 tỷ; 850 tỷ; 900 tỷ; 950 tỷ; 1000 tỷ; 1050 tỷ; 1100 tỷ,,,,DT 9/18/2024 11:50 AM Translate Stt Nội dung 600 tỷ,,"IRR chủ đầu tư 20,1%",,"hoàn vốn chủ đầu tư (không chiết khấu) 3,75 năm",,,,"[2024-09-18] Trieu Nguyen-PTDT 9/18/2024 11:50 AM Translate Stt Nội dung 600 tỷ 650 tỷ 700 tỷ 750 tỷ 800 tỷ 850 tỷ 900 tỷ 950 tỷ 1000 tỷ 1050 tỷ 1100 tỷ Hiệu quả dự án 1 - Lợi nhuận trước thuế/TMĐT 22,9% 21,3% 19,8% 18,4% 16,9% 15,5% 14,1% 12,8% 11,5% 10,2% 9,0% 2 - NPV (tỷ suất chiết khấu 11%) (tỷ đồng) 241 199 157 115 73 32 (10) (51) (94) (136) (178) 3 - IRR chủ đầu tư 20,1% 18,2% 16,5% 14,9% 13,4% 12,0% 10,7% 9,5% 8,4% 7,3% 6,3% 4 - Thời gian hoàn vốn chủ đầu tư (không chiết khấu) 3,75 năm 4, năm 4, năm 4,5 năm 4,5 năm 4,75 năm 4,75 năm 4,75 năm 5, năm 5, năm 5, năm em mới gửi định dạng excel. Anh có xem được... by Unknown User",29,1 - Lợi nhuận trước thuế/TMĐT 22,1 lợi nhuận trước thuế tmđt 22,,,,,,,DT 9/18/2024 11:50 AM Translate Stt Nội dung 600 tỷ,,"IRR chủ đầu tư 20,1%",,"hoàn vốn chủ đầu tư (không chiết khấu) 3,75 năm","600 tỷ; 650 tỷ; 700 tỷ; 750 tỷ; 800 tỷ; 850 tỷ; 900 tỷ; 950 tỷ; 1000 tỷ; 1050 tỷ; 1100 tỷ; DT 9/18/2024 11:50 AM Translate Stt Nội dung 600 tỷ; IRR chủ đầu tư 20,1%",,,,,,,,,batch_034.txt,16,matched_teams_map_link,matched_teams_map_link,,BDS-CURATED-0158,39,28,12,0,0,9,0,D,Thiếu diện tích đất; Thiếu pháp lý; Thiếu quy hoạch,project_or_deal,,,BDS-CURATED-0158,2024-09-18,yes,no,no,no,yes
BDS-MASTER-0338,ANANTARA THAM CHIẾU THEO DỰ ÁN PHÚ HẢI Bảng so sánh,1,2022-11-18,2022-11-18,batch_917.txt,Thao L - INVT,10.93497,106.7618721,"10.93497, 106.7618721",https://goo.gl/maps/sMLMvWwegyerE3jJ9,02 dự án: image 3. ... by Thao L - INVT,,,,,,,,,,,,,,,,,,,,,,,,,,[2022-11-18] Thao L - INVT 11/18/2022 3:02 PM Edited V. ĐỊNH GIÁ TÀI SẢN DỰ ÁN ANANTARA THAM CHIẾU THEO DỰ ÁN PHÚ HẢI Bảng so sánh: Vị trí 02 dự án: image 3. ... by Thao L - INVT,18,ANANTARA THAM CHIẾU THEO DỰ ÁN PHÚ HẢI Bảng so sánh,anantara tham chiếu theo dự án phú hải bảng so sánh,,,,,,,,,,,,,,,,,,,,,batch_917.txt,28,matched_teams_map_link,matched_teams_map_link,,BDS-CURATED-0229,38,35,12,0,0,0,0,D,Thiếu diện tích đất; Thiếu pháp lý; Thiếu quy hoạch; Thiếu tài chính,project_or_deal,,,BDS-CURATED-0229,2022-11-18,yes,no,no,no,no
BDS-MASTER-0351,Phú Quang khoảng 350m + Có 2 mặt tiếp xúc,1,2023-11-27,2023-11-27,batch_789.txt,Trieu Nguyen-PTDT,10.698445,107.080430,"10.698445, 107.080430",https://maps.app.goo.gl/9PHZkvYiuadCm992A,"+ Khu đất có mặt tiền rộng khoảng 200m, tiếp giáp đường 4A đi ra hướng đường Ngô Chí Quốc và Quốc lộ 13 + Cách Dự án Phú Quang khoảng 350m + Có 2 mặt tiếp xúc",TPHCM,Thủ Đức,,,,,,,,,,,,,,,,,,,,,,,,"[2023-11-27] Trieu Nguyen-PTDT 11/27/2023 3:01 PM Edited KĐT gửi anh Tuan Tran-CEO báo cáo Thu gom quỹ đất thuộc phường Bình Chiểu, Thủ Đức, TPHCM: I/ Vị trí: + Khu đất có mặt tiền rộng khoảng 200m, tiếp giáp đường 4A đi ra hướng đường Ngô Chí Quốc và Quốc lộ 13 + Cách Dự án Phú Quang khoảng 350m + Có 2 mặt tiếp xúc",18,Phú Quang khoảng 350m + Có 2 mặt tiếp xúc,phú quang khoảng 350m có 2 mặt tiếp xúc,,,,,,,,,,,,,,,,,,,,,batch_728.txt,18,matched_teams_map_link,matched_teams_map_link,,BDS-CURATED-0234,38,35,12,0,0,0,0,D,Thiếu diện tích đất; Thiếu pháp lý; Thiếu quy hoạch; Thiếu tài chính,project_or_deal,,,BDS-CURATED-0234,2023-11-27,yes,no,no,no,no
BDS-MASTER-0437,cùng phân khúc rẻ nhất Q9 Kiếm các dự án ở khu Long Phước,1,2023-06-10,2023-06-10,batch_843.txt,Tuan Tran-CEO,10.8155176,106.839008,"10.8155176, 106.839008",https://goo.gl/maps/CJMhzfJXxVkLkHgVA,,,Quận 9,,,,,,,,,,,,,,,,,,,,,,,,"[2023-06-10] Tuan Tran-CEO 6/10/2023 11:39 AM Với so sánh khu Swan park này với dự án cùng phân khúc rẻ nhất Q9 Kiếm các dự án ở khu Long Phước, Quận 9 by Unknown User",12,cùng phân khúc rẻ nhất Q9 Kiếm các dự án ở khu Long Phước,cùng phân khúc rẻ nhất q9 kiếm các dự án ở khu long phước,,,,,,,,,,,,,,,,,,,,,batch_843.txt,24,matched_teams_map_link,matched_teams_map_link,,BDS-CURATED-0287,38,35,12,0,0,0,0,D,Thiếu diện tích đất; Thiếu pháp lý; Thiếu quy hoạch; Thiếu tài chính,project_or_deal,,,BDS-CURATED-0287,2023-06-10,yes,no,no,no,no
BDS-MASTER-0369,khu đô thị dọc theo Me,1,2024-11-02,2024-11-02,batch_609.txt,Huy M - IM,10.7267333,106.8916171,"10.7267333, 106.8916171",https://maps.app.goo.gl/B98HY6ThSbAhg1a98,"làm khu đô thị TOD dọc các tuyến metro và vành đai - Tuổi Trẻ Online Việc này giúp khai thác và phát triển tốt các quỹ đất có điều kiện chỉnh trang, tạo thành các khu đô thị nén xung quanh nhà ga tuyến metro số 1, 2, d",TP.HCM,,,,,,,,,,,,,,,,,,,,,,,,,"[2024-11-02] Huy M - IM 11/2/2024 9:30 AM https://tuoitre.vn/tp-hcm-xac-dinh-11-vi-tri-lam-khu-do-thi-tod-doc-cac-tuyen-metro-va-vanh-dai-20241101202506365.htm TP.HCM xác định 11 vị trí làm khu đô thị TOD dọc các tuyến metro và vành đai - Tuổi Trẻ Online Việc này giúp khai thác và phát triển tốt các quỹ đất có điều kiện chỉnh trang, tạo thành các khu đô thị nén xung quanh nhà ga tuyến metro số 1, 2, dọc vành đai 3… ở TP.HCM. tuoitre.vn TP.HCM làm các dự án khu đô thị dọc theo Me... by Huy M - IM",18,khu đô thị dọc theo Me,khu đô thị dọc theo me,,,,,,,,,,,,,,,,,,,,,batch_609.txt,16,matched_teams_map_link,matched_teams_map_link,,BDS-CURATED-0246,38,35,12,0,0,0,0,D,Thiếu diện tích đất; Thiếu pháp lý; Thiếu quy hoạch; Thiếu tài chính,project_or_deal,,,BDS-CURATED-0246,2024-11-02,yes,no,no,no,no
BDS-MASTER-0262,làm KCN tại huyện Nghĩa Hưng Khảo sát vị trí hiện trạng,1,2022-11-19,2022-11-19,batch_917.txt,Huy M - IM,20.185875,106.3661313,"20.185875, 106.3661313",https://goo.gl/maps/Y5rcVkPSFzuYQtaJ7; https://goo.gl/maps/tu8NToyeSY9qMEt19,"hiện trạng, đánh giá thực tế hiện trạng kế nối giao thông, hạ tầng... Khảo sát thị trường KCN của tỉnh và các khu vực lân cận Thời gian: 23 -25/11/2022 Nhân sự: Mr Bình – GĐ Khối Đầu tư Mr Sơn - TP. R&D Mr Huy – TP. Đầu",,,,Khu Công Nghiệp,,,,,,,,,,,,,,,,,,,"đề xuất Nghiên cứu Khu Công Nghiệp tại Huyện Nghĩa Hưng – Nam Định được duyệt, K.ĐT gửi CEO Tuan Tran-CEO kế hoạch đi công tác Nam Định như sau: Nội dung: Gặp các cơ quan, ban ngành để lấy các thông tin chi tiết khu đất làm KCN","đề xuất Nghiên cứu Khu Công Nghiệp tại Huyện Nghĩa Hưng – Nam Định được duyệt, K.ĐT gửi CEO Tuan Tran-CEO kế hoạch đi công tác Nam Định như sau: Nội dung: Gặp các cơ quan, ban ngành để lấ",,"[2022-11-19] Huy M - IM 11/19/2022 10:11 AM Sau khi đề xuất Nghiên cứu Khu Công Nghiệp tại Huyện Nghĩa Hưng – Nam Định được duyệt, K.ĐT gửi CEO Tuan Tran-CEO kế hoạch đi công tác Nam Định như sau: Nội dung: Gặp các cơ quan, ban ngành để lấy các thông tin chi tiết khu đất làm KCN tại huyện Nghĩa Hưng Khảo sát vị trí hiện trạng, đánh giá thực tế hiện trạng kế nối giao thông, hạ tầng... Khảo sát thị trường KCN của tỉnh và các khu vực lân cận Thời gian: 23 -25/11/2022 Nhân sự: Mr Bình – GĐ Khối Đầu tư Mr Sơn - TP. R&D Mr Huy – TP. Đầu tư K.ĐT trình CEO duyệt kế hoạch công tác để triển khai các bước tiếp theo à. KĐT cũng đã liên hệ với A. Dũng theo chỉ đạ... by Huy M - IM",29,làm KCN tại huyện Nghĩa Hưng Khảo sát vị trí hiện trạng,làm kcn tại huyện nghĩa hưng khảo sát vị trí hiện trạng,,,,,,,,,,,,,,,,,,,,,batch_917.txt,32,matched_teams_map_link,matched_teams_map_link,,BDS-CURATED-0172,38,35,12,0,0,0,0,D,Thiếu diện tích đất; Thiếu pháp lý; Thiếu quy hoạch; Thiếu tài chính,project_or_deal,,,BDS-CURATED-0172,2022-11-19,yes,no,no,no,no
BDS-MASTER-0324,sẽ được cải thiện hơn,1,,,batch_212.txt,,10.710113,106.6489317,"10.710113, 106.6489317",https://maps.app.goo.gl/H57L1w8ReXXNhtb99,,,,,cao tầng,,,,,,,"tiền sử dụng đất NOXH để không phải xây NOXH và chuyển NOXH này thành đất nền thì hiệu quả dự án sẽ được cải thiện hơn. Dự án đang có một số hạn chế và thông tin cần được làm rõ: Chưa có đường kết nối vào dự án. Chưa hình thành dự án. C; Pháp lý và nguồn gốc đất chưa được cung cấp cụ thể. Hiện trạng đang là Đất lúa, cao độ thấp so với nền đường dẫn đến chi phí san lấp có thể cao, và đặc trung tại miền Tây có thể bị đội vốn lên đáng kể do thiếu cát san lấp. Đề x",Chưa có đường kết nối vào dự án. Chưa hình thành dự án. Có một phần nhỏ trong ranh xen cài chưa mua xong (mài trắng trong ra,,,,,,,,,,,"Chưa có đường kết nối vào dự án. Chưa hình thành dự án. Có một phần nhỏ trong ranh xen cài chưa mua xong (mài trắng trong ranh đất). Pháp lý và nguồn gốc đất chưa được cung cấp cụ thể. Hiện trạng đang là Đất lúa, cao độ thấp; Đề xuất Dự án có thể được xem là quỹ đất dự trữ cho tương lai của Công ty CKG, trong bối cảnh quỹ đất nội thành tại Rạch Giá hiện nay gần như đã hết và ngày càng khó tìm các khu đất có quy mô lớn.","cần được làm rõ: Chưa có đường kết nối vào dự án. Chưa hình thành dự án. Có một phần nhỏ trong ranh xen cài chưa mua xong (mài trắng trong ranh đất). Pháp lý và nguồn gốc đất chưa đượ; Đề xuất Dự án có thể được xem là quỹ đất dự trữ cho tương lai của Công ty CKG, trong bối cảnh quỹ đất nội thành tại Rạch Giá hiện nay gần như đã hết và ngày càng khó tìm các khu đất có qu",,"[] Phòng đang tính an toàn là xây dựng NOXH cao tầng trong dự án, trường hợp sau này xin đóng tiền sử dụng đất NOXH để không phải xây NOXH và chuyển NOXH này thành đất nền thì hiệu quả dự án sẽ được cải thiện hơn. Dự án đang có một số hạn chế và thông tin cần được làm rõ: Chưa có đường kết nối vào dự án. Chưa hình thành dự án. Có một phần nhỏ trong ranh xen cài chưa mua xong (mài trắng trong ranh đất). Pháp lý và nguồn gốc đất chưa được cung cấp cụ thể. Hiện trạng đang là Đất lúa, cao độ thấp so với nền đường dẫn đến chi phí san lấp có thể cao, và đặc trung tại miền Tây có thể bị đội vốn lên đáng kể do thiếu cát san lấp. Đề xuất Dự án có thể được xem là quỹ đất dự trữ cho tương lai của Công ty CKG, trong bối cảnh quỹ đất nội thành tại Rạch Giá hiện nay gần như đã hết và ngày càng khó tìm các khu đất có quy mô lớn.",24,sẽ được cải thiện hơn,sẽ được cải thiện hơn,,,,,,,,,,,,,,,,,,,tiền sử dụng đất NOXH để không phải xây NOXH và chuyển NOXH này thành đất nền thì hiệu quả dự án sẽ được cải thiện hơn,,batch_212.txt,16,matched_teams_map_link,matched_teams_map_link,,BDS-CURATED-0219,36,28,5,0,13,0,4,D,Thiếu diện tích đất; Thiếu quy hoạch; Thiếu tài chính,project_or_deal,,,BDS-CURATED-0219,,yes,no,no,yes,no
BDS-MASTER-0347,Khu đô thị Bắc Quán Hành tại thị trấn Quán Hành,1,2023-06-21,2023-06-21,batch_836.txt,Tuan Tran-CEO,18.790696,105.6402651,"18.790696, 105.6402651",https://goo.gl/maps/FmDxfXdHa9mdoGK99,,,,,,,,,,,,,,,,,,tổng mức đầu tư gần 1.000 t,,,,,,,,,"[2023-06-21] Tuan Tran-CEO 6/21/2023 5:51 PM https://cafeland.vn/tin-tuc/khu-do-thi-gan-1000-ti-o-nghe-an-long-dong-tim-chu-120579.html?mibextid=Zxz2cZ Khu đô thị gần 1.000 tỉ ở Nghệ An long đong tìm chủ - CafeLand.Vn Thời gian đăng ký thực hiện dự án Khu đô thị Bắc Quán Hành tại thị trấn Quán Hành, huyện Nghi Lộc với tổng mức đầu tư gần 1.000 tỉ được gia hạn thêm 30 ngày. - CafeLand.Vn cafeland.vn Check thông tin nha mng by Unknown User",18,Khu đô thị Bắc Quán Hành tại thị trấn Quán Hành,khu đô thị bắc quán hành tại thị trấn quán hành,,,,,,,,,,,,tổng mức đầu tư gần 1.000 t,,,,,,,,,batch_812.txt,20,matched_teams_map_link,matched_teams_map_link,,BDS-CURATED-0233,32,28,12,0,0,0,0,D,Thiếu diện tích đất; Thiếu pháp lý; Thiếu quy hoạch; Thiếu tài chính,project_or_deal,,,BDS-CURATED-0233,2023-06-21,yes,no,no,no,no
BDS-MASTER-0311,khách sạn Đông Á Premier tại số 186/14 Hùng Vương,1,,,batch_678.txt,,11.941268,108.463187,"11.941268, 108.463187",https://maps.app.goo.gl/6iyNdteYfVyyT9Xy9,,,,690 m²,khách sạn,,,,,,,,,,,,,,,,,,,"đề xuất khảo sát dự án, do dự án được đánh giá phân khúc 3 sao. Dự án được tọa lạc trong hẻm và phân khúc 3 sao có nhiều phòng và giá cả cạnh tranh nên cần khảo sát thực tế để đánh giá lại phân khúc này, cũng như cập nhật lại t; đề xuất cho phù hợp","đề xuất khảo sát dự án, do dự án được đánh giá phân khúc 3 sao. Dự án được tọa lạc trong hẻm và phân khúc 3 sao có nhiều phòng và giá cả cạnh tranh nên cần khảo sát thực tế để đánh giá lạ; đề xuất cho phù hợp",,"[] P.ĐT có nhận yêu cầu tính toán hiệu quả dự án khách sạn Đông Á Premier tại số 186/14 Hùng Vương, Phường Lộc Thọ, TP Nha Trang, T. Khánh Hòa, với diện tích đất 690,4m² (nguồn: anh Sơn - trợ lý) Về mặt thị trường, phòng R&D đề xuất khảo sát dự án, do dự án được đánh giá phân khúc 3 sao. Dự án được tọa lạc trong hẻm và phân khúc 3 sao có nhiều phòng và giá cả cạnh tranh nên cần khảo sát thực tế để đánh giá lại phân khúc này, cũng như cập nhật lại thị trường chung của Nha Trang -> Để có đề xuất cho phù hợp",24,khách sạn Đông Á Premier tại số 186/14 Hùng Vương,khách sạn đông á premier tại số 186 14 hùng vương,690 m²,690 m²,"690,4m²",690 m²,,,,,,,,,,,,,,,,,batch_149.txt,12,matched_teams_map_link,matched_teams_map_link,,BDS-CURATED-0207,32,28,13,0,0,0,0,D,Thiếu pháp lý; Thiếu quy hoạch; Thiếu tài chính,project_or_deal,,,BDS-CURATED-0207,,yes,yes,no,no,no
BDS-MASTER-0398,với A Sơn Trợ lý sau đó sẽ báo cáo BLĐ tính khả thi của dự án,1,2023-04-10,2023-04-10,batch_901.txt,Huy M - IM,10.7859743,106.6805759,"10.7859743, 106.6805759",https://goo.gl/maps/AivqKgNA3GRARDNZ7,,,,,văn phòng,,,,,,,,,,,,,,,,,,,,,,"[2023-04-10] Huy M - IM 4/10/2023 11:05 AM Edited Team đã nhận được hồ sơ và đang triển khai nghiên cứu, dự kiến sẽ đi khảo sát và đánh giá thị trương văn phòng và khách sạn với A Sơn Trợ lý sau đó sẽ báo cáo BLĐ tính khả thi của dự án. ok ok by Unknown User",18,với A Sơn Trợ lý sau đó sẽ báo cáo BLĐ tính khả thi của dự án,với a sơn trợ lý sau đó sẽ báo cáo blđ tính khả thi của dự án,,,,,,,,,,,,,,,,,,,,,batch_901.txt,16,matched_teams_map_link,matched_teams_map_link,,BDS-CURATED-0264,32,28,12,0,0,0,0,D,Thiếu diện tích đất; Thiếu pháp lý; Thiếu quy hoạch; Thiếu tài chính,project_or_deal,,,BDS-CURATED-0264,2023-04-10,yes,no,no,no,no
BDS-MASTER-0119,Đông Trung,6,2022-09-07,2025-08-12,batch_917.txt; batch_329.txt; batch_374.txt; batch_314.txt; batch_325.txt,Trieu Nguyen-PTDT; Mr Mike1 -CEO,,,,,,Bình Dương,,120.000 m² (~12.00 ha),Đất ở hỗn hợp: chung cư cao tầng + nhà phố thấp tầng,,"Quy hoạch cũ: 12 ha, nhà phố thấp tầng, dân số 2.970. Sau rà soát 5,4 ha có nguồn gốc đất công, trình QH 1/500 điều chỉnh còn 4,6 ha gồm đất ở thấp tầng và đất ở hỗn hợp cao tầng. PA tách sau đó: 4,8 ha NOTM + 8.000 m² đất công/NƠ cán bộ.",cao 40 tầng; cao 18 tầng; quy mô công trình 18 tầng,hệ số sử dựng dất toàn khu 3.8,,dân số 2970; dân trong đó 1.4; dân số như sau: => Dân số 3.950; dân số cho khu nhà ở lực lượng vũ trang nhân dân ~ 550; dân Pháp lý đầu tư: - Đã có chủ trương đầu [2022; dân và 3.021; dân (tương tự như bài tính Nhà ở lực lượng vũ trang) 1,"Đất: 4,6 ha đã đền bù cho dân. Đầu tư: đã có chủ trương đầu tư nhà phố thấp tầng cho 12 ha; UBND đã chấp thuận chủ trương điều chỉnh sang đất ở cao tầng và nhà phố thấp tầng, giảm quy mô còn 4,6 ha. Xây dựng: chưa có.","4,6 ha đã đền bù cho dân; chưa có pháp lý xây dựng",,"65tr/m2; 45tr/m2; 60tr/m2; 55tr/m2; 78tr/m2; 36.5tr/m2; 35.8tr/m2; 40tr/m2; 48tr/m2; 43.8tr/m2; 3452.9 tỷ; 5959.2 tỷ; 3055.3 tỷ; 261 tỷ; 13.9tr/m2; 32,6tr/m2; 1.250 tỷ; 468 tỷ; 780 tỷ; 46.5 tr/m2","PA nhà phố: 65 tr/m² đất (giả định cuối 2025). PA căn hộ NOTM: 40,6–45 tr/m² tim tường, chưa VAT.","TSDĐ: đơn giá tạm tính 32,6 tr/m²; tổng ~1.250 tỷ; sau khấu trừ GPMB ~780 tỷ.",,"DTKD là 88422m2 sàn, giá bán trung bình 36.5t; doanh thu 2.2 T",,IRR chủ đầu tư là 25%,,,"5,4 ha có nguồn gốc đất công; chưa có pháp lý xây dựng; hiệu quả phụ thuộc xin chỉ tiêu dân số. PA 3.950 dân hiệu quả hơn PA 3.021 dân.","Xác nhận phương án được chọn (4,6 ha hay PA tách 4,8 ha + 0,8 ha); xác minh chỉ tiêu dân số; rà soát QH 1/500 điều chỉnh, đất công, TSDĐ và pháp lý xây dựng.",,"[2022-11-02] Trieu Nguyen-PTDT 11/2/2022 6:28 PM KĐT gửi anh Tuan Tran-CEO báo cáo đánh giá dự án Đông Trung, Bình Dương, cụ thể: Pháp lý đất: Quy mô đất 4.6ha đã đền bù cho dân Pháp lý đầu tư: - Đã có chủ trương đầu tư là nhà phố thấp tầng cho tổng quy mô 12ha - UBND có văn bản trả lời chấp thuận điều chỉnh chủ trương từ toàn bộ đất ở thấp tầng -> đất ở cao tầng và nhà phố thấp tầng, và điều chỉnh giảm quy mô dự án từ 12ha xuống còn 4.6ha Pháp lý quy hoạch: - Đã có QH 1.500 cho tổng quy mô 12ha (dân số 2970 người) phát triển dự án thấp tầng. Tuy nhiên, sau khi rà soát phát hiện 5.4ha có nguồn gốc đất công nên chủ đầu tư cũ đã trình bản quy hoạch QH 1/500 điều chỉnh thành dự án có quy mô 4.6ha bao gồm sản phẩm đất ở thấp tầng và đất ở hỗn hợp cao tầng Pháp lý xây dựng: Chưa có Sản phẩm đề xuất phát triển: nhắm đến đối tượng khách hàng trung bình thấp có nhu cầu ở thực, phân khúc dự án thấp hơn Phú Quang. - 111 căn nhà phố liền kề: 80m2 đất/căn, có giá bán 65tr/m2 đất tại thời điểm cuối năm 2025 (tham khảo giá bán hiện tại các dự án Lavela 45tr/m2, KDC Việt Sing 40-60tr/m2, Eco Xuân 50-55tr/m2, An Phát 78tr/m2) - 5 tòa Khối tháp chung cư trung cấp có 1622 căn, DTKD là 88422m2 sàn, giá bán trung --- [] P.ĐT báo cáo CEO Mr Mike1 -CEO về hiệu quả dự án Đông Trung theo phương án phát triển NOTM Trong bài tính NOTM, Phòng Đầu tư tính cho 2 trường hợp: 3.950 dân và 3.021 dân (tương tự như bài tính Nhà ở lực lượng vũ trang) 1. Thông số quy hoạch: 2. Kế hoạch triển khai dự án 2.1. Giá bán và chi phí - Suất đầu tư xây dựng- thiết bị gồm VAT (all in): 13.9tr/m2. (thời điểm triển khai xây dựng vào 2028, nếu xét các yếu tố trượt giá theo thời gian và quy đổi về hiện tại thì suất đầu tư xd-tb tương đương 12.6tr.m2) - Giá bán căn hộ: 40.6 – 45 trd.m2 (tim tường chưa VAT) * Giá bán được tham khảo từ dự án The FELIX của C-Holdings. Hiện dự án The FELIX có giá bình quân 38tr.m2 (tim tường chưa VAT) có quy mô là 0.9ha. Dự án Đông Trung của chúng ta có quy mô lớn hơn, 9.3ha, không gian cảnh quan rộng đủ để xây dựng nhiều chủ đề, điểm nhấn, giúp tăng giá bán. Vi vậy, P.ĐT đang set mức giá bình quân từ 40 tr.m2 - Chi phí bán hàng: 17%/doanh thu 2.2 Tiền sử dụng đất - Đơn giá tạm tính: 32,6tr/m2 => Tổng giá trị tiền sử dụng đất: ~ 1.250 tỷ - Giá trị bồi thường được khấu trừ khi thực hiện đấu thầu: ~ 468 tỷ (khoảng 5tr/m). Cở sở xác định đơn giá 5tr.m2 là dựa trên giá thị trường tham khảo từ các quyết --- [] P.ĐT báo cáo CEO Mr Mike1 -CEO về hiệu quả dự án Đông Trung theo phương án phát triển NOTM Trong bài tính NOTM, Phòng Đầu tư tính cho 2 trường hợp: 3.950 dân và 3.021 dân (tương tự như bài tính Nhà ở lực lượng vũ trang) 1. Thông số quy hoạch: 2. Kế hoạch triển khai dự án 2.1. Giá bán và chi phí - Suất đầu tư xây dựng- thiết bị gồm VAT (all in): 13.9tr/m2. (thời điểm triển khai xây dựng vào 2028, nếu xét các yếu --- [] P.ĐT báo cáo sếp Mr Mike1 -CEO về hiệu quả dự án Đông Trung theo Phương án: 4.8ha xây dựng NOTM và 8000 m2 đất công xây dựng Nhà ở Cán bộ. Thông số quy hoạch: 1. Khu 4.8ha: bố trí 2 khu chung cư cao 40 tầng (1.886 căn) và 2 khu thấp tầng (116 nền) 2. Khu nhà ở cán bộ: bố trí 2 block chung cư cao 18 tầng (~ 359 căn) Hiệu quả kinh tế * Note: - Để đảm bảo tỷ suất sinh lợi như trên cần xin được mức dân số như sau: => Dân số 3.950 được bố trí cho riêng khu 4.8ha (NOTM), dân số cho khu nhà ở lực lượng vũ trang nhân dân ~ 550 dân. - Đối với khu Nhà ở cán bộ, suất đầu tư đang lấy theo SĐT Bộ XD công bố, 13.6tr./m2 cho quy mô công trình 18 tầng. Trường hợp thực tế triển khai có thể tiết kiệm được chi phí xây dựng này để nâng hiệu quả kinh tế khu nhà ở cán bộ. Như vậy đối với phương án chia tách 2 dự án độc lập như trên, về mặt tổng thể vẫn đảm bảo hiệu quả kinh tế (điều kiện xin được dân số như trên) Ok tiến hành đi by Unknown User; [2022-09-07] Trieu Nguyen-PTDT 9/7/2022 2:19 PM Edited KĐT đang phối hợp với team Chi Phí đi khảo sát Dự án Đông Trung tại Thuận An, Bình Dương vào ngày mai (08/09/2022) Anh Tuan Tran-CEO đồng ý duyệt để em sắp xếp 2 team đi khảo sát và tiến hành tính toán phương án phát triển cho dự án này nhé Ok e by Unknown User; [2025-08-12] Mr Mike1 -CEO 8/12/2025 8:24 AM Translate A mới ngồi ăn sáng cafe với anh Ngân GĐ Sở Xd xong. Nói hướng mới cho Dự án Đông Trung - Đề xuất: 1. Phần đất công làm NOXH 2. Phần đất thịt làm NOTM Ok Sếp. Team sẽ trao đổi lại với anh Tài để... by Huy M - IM",59,Đông Trung,đông trung,120.000 m² (~12.00 ha),"Phương án pháp lý điều chỉnh: 4,6 ha","Tổng quy mô ban đầu: 12 ha; quy mô điều chỉnh: 4,6 ha","PA NOTM: 4,8 ha; đất công/NƠ cán bộ: 8.000 m²; đất công phát hiện: 5,4 ha",Chưa có giá chào/mua đất dự án được xác nhận,"Suất đầu tư XD-TB all-in: 13,9 tr/m² (giá 2028); quy đổi hiện tại ~12,6 tr/m²","DTKD căn hộ theo PA đầu: 88.422 m² sàn; giá bán bình quân tham chiếu 36,5 tr/m²",Chưa trích được lợi nhuận chuẩn chung vì các tin là nhiều phương án khác nhau,IRR chủ đầu tư: 25% (cần xác nhận tương ứng phương án nào),,,Giữ tại source excerpt; không dùng làm số liệu chuẩn do gồm giá tham chiếu các dự án khác và nhiều phương án.,"HSSDĐ toàn khu: 3,8 lần",PA tách: chung cư 40 tầng; NƠ cán bộ 18 tầng,"QH cũ: 2.970 người; PA hiệu quả NOTM xem xét 3.950 hoặc 3.021 dân; PA tách: 3.950 dân cho 4,8 ha NOTM + ~550 dân NƠ cán bộ",,"Đã có QH 1/500 cho quy mô 12 ha; đã trình điều chỉnh QH 1/500 theo quy mô 4,6 ha",Giá trị bồi thường dự kiến được khấu trừ khi đấu thầu: ~468 tỷ (ước ~5 tr/m²),"TSDĐ tạm tính: 32,6 tr/m²; tổng ~1.250 tỷ. Sau khấu trừ bồi thường GPMB, TSDĐ dự kiến ~780 tỷ.","Đã có chủ trương đầu tư 12 ha; UBND chấp thuận điều chỉnh chủ trương giảm về 4,6 ha",,,,needs_coordinate_review,,BDS-CURATED-0068,85,35,25,21,23,10,4,A,,project_or_deal,Đã gom các tin cập nhật/phương án vào dự án cha,Xem chi tiết tại các tab phương án bên dưới,BDS-CURATED-0068,2025-08-12,no,yes,yes,yes,yes
,H2-02,7,2026-05-27,2026-05-27,batch_073.txt; batch_085.txt; batch_141.txt; batch_064.txt; batch_066.txt; batch_115.txt; batch_116.txt,,,,,,"KDC Cát Lái, Tp.Hồ Chí Minh Diện tích: 7,988.9 m2 Chủ Đầu tư: Công ty CP Phú Gia Thông số quy hoạch Lô H2-02 như sau: - Tầng cao: 25 - Hệ số: 5 - MĐXD: 40% - Dân số: 988 II. PA quy hoạch Căn cứ hồ sơ TKCS phát hành 05/20",Hồ Chí Minh,,7.989 m²,chung cư,,"quy hoạch Lô H2-02 như sau: - Tầng cao: 25 - Hệ số: 5 - MĐXD: 40% - Dân số: 988 II. PA quy hoạch Căn cứ hồ sơ TKCS phát hành 05/2025 của Công ty Phú Gia, Thông số quy hoạch chi tiết của dự; Hệ số sử dung đất: 4.98 - Tổng diện tích sàn xây dựng (gồm diện tích kỹ thuật, hầm, mái): 54.949 m2 - Diện tích sử dụng căn hộ: 28.137,1 m2 (Diện tích tim tường: 31.024 m2) III. PA triể; hệ số K (bên mua chịu) 120 tỷ - điểm này cần P.PLDA đánh giá làm rõ vì theo thông tin đối tác cung cấp ban đầu, dự án đã có GPXD và GCN (100% đất ở xây dựng chung cư) 3. Suất xây dựng g; hệ số K (bên mua chịu) 120 tỷ; hệ số K (bên mua",Quy mô công trình: 1 khối đế cao 2 tầng; cao 23 tầng,Hệ số: 5; Hệ số sử dung đất: 4.98,MĐXD: 40%,Dân số: 988,"Tiền sử dụng đất 120 tỷ. Qua làm việc, đối tác thông báo tiền sử dụng đất còn phải nộ… 2. 120 tỷ là số chốt chưa hay áng chừng nhỉ Begin quote, Admin 01, 5/27/2026 7:36 PM, 2... by Huy M - IM; Tiền sử dụng đất 120 tỷ. Qua làm việc, đối tác thông báo tiền sử dụng đất còn phải nộp theo hệ số K (bên mua chịu) 120 tỷ - điểm này cần P.PLDA đánh giá làm rõ vì theo thông tin đối tác cung cấp ban đầu, dự án đã có GPXD và GCN (100% đấ; Tiền sử dụng đất 120 tỷ. Qua làm việc, đối tác thông báo tiền sử dụng đất còn phải nộp theo hệ số K (bên mua chịu) 120 tỷ; Tiền sử dụng đất 120 tỷ. Qua làm việc, đối tác thông báo tiền sử dụng đất còn phải nộp theo hệ số K (bên mua","chưa V, tim tường) + Nhà trẻ: Cho thuê giá 5$/m2/tháng. b) Giả định chi phí: + Giá mua đất/dự án: 660 tỷ (giá chào) + Suất x; chưa hay áng chừng nhỉ Begin quote, Admin 01, 5/27/2026 7:36 PM, 2... by Huy M - IM",Giá mua đất/dự án: 660 tỷ; giá chào) + Suất xây dựng cao tầng: 16.5 tr/m2; giá chào là 584 tỷ; giá chào 78.8 tr/m2; 660 tỷ (giá chào,"78.8 tr/m2; 660 tỷ; 16.5 tr/m2; 363 tỷ; 290 tỷ; 65 tỷ; 584 tỷ; 74,5tr/m2","Giá bán căn hộ: 75 - 78.8 tr/m2; giá bán 74,5tr/m2; giá bán dự án có thể ở mức 80 600 tỷ; giá bán dự án có thể ở mức 80-85 tr/m2",Tiền sử dụng đất 120 tỷ; tiền sử dụng đất còn phải nộ… 2; tiền sử dụng đất còn phải nộp theo hệ số K (bên mua chịu) 120 tỷ,"TMĐT: 21,3% + IRR: 15,1% + NPV: 65 tỷ",doanh thu + Lãi suất: 12%/năm c) Hiệu quả đầu tư: + LNTT: 363 tỷ,"LNTT: 363 tỷ; LNST: 290 tỷ; LNTT/TMĐT: 21,3% + IRR: 15,1% + NPV: 65 tỷ","IRR: 15,1%; IRR 20%",NPV: 65 tỷ,,"chưa V, tim tường) + Nhà trẻ: Cho thuê giá 5$/m2/tháng. b) Giả định chi phí: + Giá mua đất/dự án: 660 tỷ (giá chào) + Suất xây dựng cao tầng: 16.5 tr/m2 (chưa V, allin) +Chi phí bán hàng: 15%/doanh thu + Lãi suất: 12%/năm c); đề xuất Dự án H2-02 có những ưu nhược điểm sau: + Ưu điểm: - Nằm trong KDC hạ tầng hoàn chỉnh. Khu vực có sự phát triển hạ tầng tốt với nhiều tuyến đường, nút giao, cầu và nhà ga đang được đầu tư và nâng cấp mở rộng - Thị trườn; chưa hay áng chừng nhỉ Begin quote, Admin 01, 5/27/2026 7:36 PM, 2... by Huy M - IM; chưa V, tim tường) (CPBH 15% doanh thu) Hiệu quả cập nhật như sau: + LNTT: 342 tỷ + NPV: 53 tỷ + IRR: 14.4% + LNTT/TMĐT: 19.8% * Một số lưu ý: 1. Qua khảo sát nhanh các dự án “hàng xóm” của lô H2-02 thì chuẩn bàn giao các că; chưa V, tim tường), bán vào nửa cuối 2027, CPBH ~ 12-13 %. Trong FS, P.ĐT vẫn đang để mức giá 75tr.m2 và CPBH là 15%. Sau khi có báo cáo tổng thể của P.KD, P.ĐT sẽ cập nhật FS và báo cáo sếp. * Nhận định: + Đánh","đề xuất Dự án H2-02 có những ưu nhược điểm sau: + Ưu điểm: - Nằm trong KDC hạ tầng hoàn chỉnh. Khu vực có sự phát triển hạ tầng tốt với nhiều tuyến đường, nút giao, cầu và nhà ga đang đượ; cần P.PLDA đánh giá làm rõ vì theo thông tin đối tác cung cấp ban đầu, dự án đã có GPXD và GCN (100% đất ở xây dựng chung cư) 3. Suất xây dựng gồm V: 17tr/m2 (all in). 4. Giá bán 75tr",,"[2026-05-27 | BDS-MASTER-0071] [] P.ĐT báo cáo sếp Admin 01 cập nhật FS dự án H2-02 với các giả định cập nhật sau: 1. Giá chào cập nhật 600 tỷ 2. Tiền sử dụng đất 120 tỷ. Qua làm việc, đối tác thông báo tiền sử dụng đất còn phải nộ… 2. 120 tỷ là số chốt chưa hay áng chừng nhỉ Begin quote, Admin 01, 5/27/2026 7:36 PM, 2... by Huy M - IM --- [] P.ĐT báo cáo sếp Admin 01 cập nhật FS dự án H2-02 với các giả định cập nhật sau: 1. Giá chào cập nhật 600 tỷ 2. Tiền sử dụng đất 120 tỷ. Qua làm việc, đối tác thông báo tiền sử dụng đất còn phải nộp theo hệ số K (bên mua chịu) 120 tỷ - điểm này cần P.PLDA đánh giá làm rõ vì theo thông tin đối tác cung cấp ban đầu, dự án đã có GPXD và GCN (100% đất ở xây dựng chung cư) 3. Suất xây dựng gồm V: 17tr/m2 (all in). 4. Giá bán 75tr.m2 (chưa V, tim tường) (CPBH 15% doanh thu) Hiệu quả cập nhật như sau: + LNTT: 342 tỷ + NPV: 53 tỷ + IRR: 14.4% + LNTT/TMĐT: 19.8% * Một số lưu ý: 1. Qua khảo sát nhanh các dự án “hàng xóm” của lô H2-02 thì chuẩn bàn giao các căn hộ của các dự án này khá thấp, ví dụ như không bàn giao bếp chỉ có ống chờ. Các căn hộ đều không có ban công. Tiện ích rất hạn chế (đánh giá không bằng Fenica). Hàng lang căn hộ rất hẹp (1.2m-1.4m). 2. P.ĐT cũng tự thu thập đượ

---

[ | BDS-MASTER-0061] [] Dạ P.ĐT báo cáo sếp Admin 01 dự án H2-02 (Sky Habitat) thuộc KDC Cát Lái I. Thông tin tổng quan: 📷 Lô H2-02 thuộc KDC Cát Lái có CĐT là Công ty Invesco. Năm 2014, Invesco đã chuyển nhượng lại 2 lô… Check kỹ lại xem, kêu bên Phòng Kinh Doanh đánh giá xem giá bán ổn không, số lượng ít vậy thì hạn chế bán hàng như thế nào Ok Sếp. Sáng PĐT cũng khảo sát hiện trạng k... by Huy M - IM --- [] Dạ P.ĐT báo cáo sếp Admin 01 dự án H2-02 (Sky Habitat) thuộc KDC Cát Lái I. Thông tin tổng quan: Lô H2-02 thuộc KDC Cát Lái có CĐT là Công ty Invesco. Năm 2014, Invesco đã chuyển nhượng lại 2 lô H2-02 và H2-05 cho Công ty Phú Gia. Năm 2023, Công ty Phú Gia được phê duyệt CTĐT dự án xây dựng chung cư trên lô H2-02. Vị trí: KDC Cát Lái, Tp.Hồ Chí Minh Diện tích: 7,988.9 m2 Chủ Đầu tư: Công ty CP Phú Gia Thông số quy hoạch Lô H2-02 như sau: - Tầng cao: 25 - Hệ số: 5 - MĐXD: 40% - Dân số: 988 II. PA quy hoạch Căn cứ hồ sơ TKCS phát hành 05/2025 của Công ty Phú Gia, Thông số quy hoạch chi tiết của dự án như sau: - Quy mô công trình: 1 khối đế cao 2 tầng và 2 tháp A&B cao 23 tầng và 1 hầm. - Số lượng căn hộ: 457 căn hộ (trong đó có 19 căn hộ khối đế) - Hệ số sử dung đất: 4.98 - Tổng diện tích sàn xây dự",87,H2-02 (Sky Habitat) thuộc KDC Cát Lái I,cát lái sky habitat h2 02,7.989 m²,7.989 m²,7.989 m²,"7,988.9 m2; 54.949 m2; 28.137,1 m2; 31.024 m2",Giá mua đất/dự án: 660 tỷ; giá chào) + Suất xây dựng cao tầng: 16.5 tr/m2; giá chào là 584 tỷ; giá chào 78.8 tr/m2; 660 tỷ (giá chào; Giá chào cập nhật 600 tỷ; giá bán dự án có thể ở mức 80 600 tỷ; giá bán dự án có thể ở mức 80-85 tr/m2,"TMĐT: 21,3% + IRR: 15,1% + NPV: 65 tỷ",doanh thu + Lãi suất: 12%/năm c) Hiệu quả đầu tư: + LNTT: 363 tỷ; doanh thu) Hiệu quả cập nhật như sau: + LNTT: 342 tỷ,"LNTT: 363 tỷ; LNST: 290 tỷ; LNTT/TMĐT: 21,3% + IRR: 15,1% + NPV: 65 tỷ; LNTT: 342 tỷ","IRR: 15,1%; IRR 20%; IRR: 14.4%",NPV: 65 tỷ; NPV: 53 tỷ,,"Giá mua đất/dự án: 660 tỷ; giá chào) + Suất xây dựng cao tầng: 16.5 tr/m2; giá chào là 584 tỷ; 660 tỷ (giá chào; 78.8 tr/m2; 660 tỷ; 16.5 tr/m2; 363 tỷ; 290 tỷ; 65 tỷ; 584 tỷ; 74,5tr/m2; Giá bán căn hộ: 75 - 78.8 tr/m2; giá bán 74,5tr/m2; TMĐT: 21,3% + IRR: 15,1% + NPV: 65 tỷ; doanh thu + Lãi suất: 12%/năm c) Hiệu quả đầu tư: + LNTT: 363 tỷ; LNTT: 363 tỷ; LNST: 290 tỷ; LNTT/TMĐT: 21,3% + IRR: 15,1% + NPV: 65 tỷ; IRR: 15,1%; IRR 20%; NPV: 65 tỷ; Giá chào cập nhật 600 tỷ; giá bán dự án có thể ở mức 80 600 tỷ; giá bán dự án có thể ở mức 80-85 tr/m2; 600 tỷ; 120 tỷ; 17tr/m2; 342 tỷ; 53 tỷ; 63tr/m2; 70tr/m2; 85 tr/m2; 75tr/m2; Tiền sử dụng đất 120 tỷ; tiền sử dụng đất còn phải nộ… 2; tiền sử dụng đất còn phải nộp theo hệ số K (bên mua chịu) 120 tỷ; TMĐT: 19.8% * Một số lưu ý: 1. Qua khảo sát nhanh các dự án “hàng xóm” của lô H2-02 t; doanh thu) Hiệu quả cập nhật như sau: + LNTT: 342 tỷ; LNTT: 342 tỷ; IRR: 14.4%; NPV: 53 tỷ",Hệ số: 5; Hệ số sử dung đất: 4.98; hệ số K (bên mua chịu) 120; hệ số K (bên mua Tiền sử dụng đất 120,Quy mô công trình: 1 khối đế cao 2 tầng; cao 23 tầng,Dân số: 988,MĐXD: 40%,,,"Tiền sử dụng đất 120 tỷ; tiền sử dụng đất còn phải nộ… 2; tiền sử dụng đất còn phải nộp theo hệ số K (bên mua chịu) 120 tỷ - điểm này cần P; tiền sử dụng đất còn phải nộp theo hệ số K (bên mua chịu) 120 tỷ; tiền sử dụng đất còn phải nộp theo hệ số K (bên mua chưa hay áng chừng nhỉ Begin quote, Admin 01, 5/27/2026 7:36 PM, 2",phê duyệt CTĐT dự án xây dựng chung cư trên lô H2-02; GCN (100% đất ở xây dựng chung cư) 3; GCN (100% đấ,,,,,BDS-MASTER-0061; BDS-MASTER-0071,BDS-CURATED-0313,68,7,25,16,19,28,4,B,Thiếu tọa độ,project_or_deal,,,BDS-CURATED-0313,2026-05-27,no,yes,yes,yes,yes
BDS-MASTER-0056,chung cư Thuận Nghiệp - DT743C,1,2025-04-09,2025-04-09,batch_468.txt,Khoa L - INVT,10.6963753,106.6108851,"10.6963753, 106.6108851",https://maps.app.goo.gl/UEv62Ht1RcfDLLML8,"DT743C, P.Tân Đông Hiệp, Dĩ An, Bình Dương. Diện tích: 22.394 m2 Hiện trạng: Cho thuê kho bãi 2. Pháp lý dự án: 2.1.Pháp lý đất: Khu đất dự án là 100% đất SKC, đất thuê trả tiền hàng năm có thời hạn sử dụng đất đến 2031.",Bình Dương,,22.394 m² (~2.24 ha),chung cư,,"quy hoạch: chưa có thông tin quy hoạch Qua phối hợp P.TKQH, đã kiểm tra khu đất nằm trong ô đất hỗn hợp với thông số: Hệ số: 12 Dân số: 3.456 MĐXD: 60% Tầng cao: 40 3. Đánh giá phương án đầ; Tầng cao: 19 tầng (1 tầng khối đế triển khai TMDV+nhà trẻ) Hệ số: 6 (5.3 ở, 0.7 TMDV) MĐXD: 60% (* phương án quy hoạch sơ bộ do P.ĐT binh dựa trên chỉ tiêu quy hoạch phân khu và đã sử dụng; dân số cho phép) 3.2. Phương án kinh doanh: Sản phẩm: 1.440 căn hộ, 1 khu TMDV tập trung và nhà trẻ Giá bán căn hộ: 43tr/m2 (gồm VAT, thông thủy) Thời điểm bán hàng: 2028 (cũng là thời đ",quy mô: Tầng cao: 19 tầng; Tầng cao: 19 tầng,Hệ số: 12; Hệ số: 6,MĐXD: 60%,Dân số: 3.456; dân số cho phép) 3.2,"Pháp lý dự án: 2.1.Pháp lý đất: Khu đất dự án là 100% đất SKC, đất thuê trả tiền hàng năm có thời hạn sử dụng đất đến 2031. 2.2 Pháp lý đầu tư: chưa có thông tin đầu tư 2.3 Pháp lý quy hoạch: chưa có thông tin quy hoạch Qua phố; Tiền sử dụng đất 353,5 tỷ (đơn giá: 15.8tr./m2) Chi phí pháp lý 66 tỷ Tổng chi phí xây dựng 2386,9 tỷ (sxd all in: 12.2tr./m2) Công trình có quy mô: Tầng cao: 19 tầng (1 tầng khối đế triển khai TMDV+nhà trẻ) Hệ số: 6 (5.3 ở, 0.7 TMDV) M","Pháp lý dự án: 2.1.Pháp lý đất: Khu đất dự án là 100% đất SKC, đất thuê trả tiền hàng n","giá mua dự án là 115,7 tỷ","2.960 tỷ; 154 tỷ; 353,5 tỷ; 66 tỷ; 2386,9 tỷ; 43tr/m2; 502 tỷ; 117,6 tỷ; 115,7 tỷ",Giá bán căn hộ: 43tr/m2,"Tiền sử dụng đất 353,5 tỷ","Tổng mức đầu tư: 2.960 tỷ; Tổng chi phí xây dựng 2386,9 tỷ; TMĐT: 18,34% NPV: 117,6 tỷ; TMĐT: 20% thì giá mua dự án là 115,7 tỷ","DT743C, Tân Đông Hiệp, Dĩ An-Bình Dương như sau: 1.T; doanh thu 4. Hiệu quả dự án Với các thông tin triển khai dự án như trên, dự án đạt hiệu quả như sau: Lợi nhuận trước thuế: 502 tỷ","Lợi nhuận trước thuế: 502 tỷ; LNTT/TMĐT: 18,34% NPV: 117,6 tỷ; LNTT/TMĐT: 20% thì giá mua dự án là 115,7 tỷ","IRR: 20,7%","NPV: 117,6 tỷ",,"chưa có thông tin đầu tư 2.3 Pháp lý quy hoạch: chưa có thông tin quy hoạch Qua phối hợp P.TKQH, đã kiểm tra khu đất nằm trong ô đất hỗn hợp với thông số: Hệ số: 12 Dân số: 3.456 MĐXD: 60% Tầng cao: 40 3. Đánh giá phương án",,,"[2025-04-09] Khoa L - INVT 4/9/2025 5:50 PM Translate P. ĐT xin phép báo cáo anh Mr Mike1 -CEO về dự án chung cư Thuận Nghiệp - DT743C, Tân Đông Hiệp, Dĩ An-Bình Dương như sau: 1.Thông tin dự án: Vị trí: DT743C, P.Tân Đông Hiệp, Dĩ An, Bình Dương. Diện tích: 22.394 m2 Hiện trạng: Cho thuê kho bãi 2. Pháp lý dự án: 2.1.Pháp lý đất: Khu đất dự án là 100% đất SKC, đất thuê trả tiền hàng năm có thời hạn sử dụng đất đến 2031. 2.2 Pháp lý đầu tư: chưa có thông tin đầu tư 2.3 Pháp lý quy hoạch: chưa có thông tin quy hoạch Qua phối hợp P.TKQH, đã kiểm tra khu đất nằm trong ô đất hỗn hợp với thông số: Hệ số: 12 Dân số: 3.456 MĐXD: 60% Tầng cao: 40 3. Đánh giá phương án đầu tư: Dựa trên các thông tin hiện có, P.ĐT đã tính toán sơ bộ với các giả định sau: 3.1.Tổng mức đầu tư: 2.960 tỷ đồng Tiền mua đất 154 tỷ (~ 7tr.đ/m2) Tiền sử dụng đất 353,5 tỷ (đơn giá: 15.8tr./m2) Chi phí pháp lý 66 tỷ Tổng chi phí xây dựng 2386,9 tỷ (sxd all in: 12.2tr./m2) Công trình có quy mô: Tầng cao: 19 tầng (1 tầng khối đế triển khai TMDV+nhà trẻ) Hệ số: 6 (5.3 ở, 0.7 TMDV) MĐXD: 60% (* phương án quy hoạch sơ bộ do P.ĐT binh dựa trên chỉ tiêu quy hoạch phân khu và đã sử dụng tối đa dân số cho phép) 3.2. Phương án kinh doanh: S",88,chung cư Thuận Nghiệp - DT743C,chung cư thuận nghiệp dt743c,22.394 m² (~2.24 ha),22.394 m² (~2.24 ha),22.394 m2,2.24 ha,"giá mua dự án là 115,7 tỷ","Tổng mức đầu tư: 2.960 tỷ; Tổng chi phí xây dựng 2386,9 tỷ; TMĐT: 18,34% NPV: 117,6 tỷ; TMĐT: 20% thì giá mua dự án là 115,7 tỷ",,"Lợi nhuận trước thuế: 502 tỷ; LNTT/TMĐT: 18,34% NPV: 117,6 tỷ; LNTT/TMĐT: 20% thì giá mua dự án là 115,7 tỷ","IRR: 20,7%","NPV: 117,6 tỷ",,"giá mua dự án là 115,7 tỷ; 2.960 tỷ; 154 tỷ; 353,5 tỷ; 66 tỷ; 2386,9 tỷ; 43tr/m2; 502 tỷ; 117,6 tỷ; 115,7 tỷ; Giá bán căn hộ: 43tr/m2; Tiền sử dụng đất 353,5 tỷ; Tổng mức đầu tư: 2.960 tỷ; Tổng chi phí xây dựng 2386,9 tỷ; TMĐT: 18,34% NPV: 117,6 tỷ; TMĐT: 20% thì giá mua dự án là 115,7 tỷ; DT743C, Tân Đông Hiệp, Dĩ An-Bình Dương như sau: 1.T; doanh thu 4. Hiệu quả dự án Với các thông tin triển khai dự án như trên, dự án đạt hiệu quả như sau: Lợi nhuận trước thuế: 502 tỷ; Lợi nhuận trước thuế: 502 tỷ; LNTT/TMĐT: 18,34% NPV: 117,6 tỷ; LNTT/TMĐT: 20% thì giá mua dự án là 115,7 tỷ; IRR: 20,7%; NPV: 117,6 tỷ",Hệ số: 12; Hệ số: 6,quy mô: Tầng cao: 19 tầng; Tầng cao: 19 tầng,Dân số: 3.456; dân số cho phép) 3.2,MĐXD: 60%,quy hoạch phân khu và đã sử dụng; quy hoạch phân khu và đã sử dụng tối đa dân số cho phép) 3,,"Tiền sử dụng đất 353,5 tỷ (đơn giá: 15",,batch_543.txt,12,matched_teams_map_link,suspicious_shared_by_many_projects,,BDS-CURATED-0006,65,17,20,23,13,28,19,B,Tọa độ nghi ngờ,project_or_deal,,,BDS-CURATED-0006,2025-04-09,no,yes,yes,yes,yes
BDS-MASTER-0060,48 Nguyễn Thiện Thuật,3,2025-05-07,2025-05-07,batch_213.txt; batch_263.txt; batch_423.txt,Hanh T - INVT,,,,,,,,1.703 m²,căn hộ,"Đất hỗn hợp (nhóm nhà ở và thương mại dịch vụ) Tổng diện tích sàn xây dựng: 28,884 m2, bao gồm 3 tầng hầm, 2 tầng Shop TM khối đế (13 căn ~ 104 m2 1T1L) + 18 tầ","quy hoạch 20 tầng và hệ số 13 lần (phù hợp QH 1/2000, không phải điều chỉnh) như sau: 1. Thông tin pháp lý và quy hoạch: Pháp lý: Diện tích đất theo Giấy chứng nhận: 1.703,3 m2 (đất đã được; QH 1/2000. Quy hoạch: Diện tích đất phù hợp quy hoạch: 1.655,2 m2, chỉ tiêu quy hoạch theo phòng QH tính toán: Hệ số sử dụng đất: 13; Tầng cao: 20 tầng; Mật độ xây dựng: 75% Mục đích; hệ số 2.3 lần đơn giá NN hiện tại) - tiền đất được khấu trừ theo bảng giá đất nhà nước (286 tỷ đồng ~ 168 tr/m2). - CP đầu tư xây dựng All-in: 402,6 tỷ ~ 13,94 tr/m2 - CP lãi vay: 32 tỷ; quy hoạch 20 tầng, hệ số 13; Giá bán căn hộ; quy hoạch 20 tầng (được duyệt) và 32 tầng (dự định xin điều chỉnh) như sau: 1. Thông tin quy hoạch: Diện tích đất theo Giấy chứng nhận: 1.703,3 m2 Diện tích đất phù hợp quy hoạch: 1.655,2 m; quy hoạch theo phê duyệt 1/2000 (QÐ 816/QÐ-UBND ngày 27/03/2025) Hệ số sử dụng đất: 13 lần; Mât độ xây","Tầng cao: 20 tầng; xây dựng: 28,884 m2, bao gồm 3 tầng","hệ số 13; Hệ số sử dụng đất: 13; hệ số 2.3; hệ số sử dụng đất (10,25; hệ số sử dụng đất (12,95",Mật độ xây dựng: 75%,,"pháp lý và quy hoạch: Pháp lý: Diện tích đất theo Giấy chứng nhận: 1.703,3 m2 (đất đã được cấp GCN, ở lâu dài) Hiện chưa hình thành dự án, mới chỉ có Giấy chứng nhận QSD đất và chỉ tiêu QH 1/2000. Quy hoạch: Diện tích đất phù h; tiền sử dụng đất bổ sung: 28,5 tỷ đồng, tính chênh lệch giữa TSD đất theo PP Thặng dư (315 tỷ đồng ~ 185 tr/m2 ~ hệ số 2.3 lần đơn giá NN hiện tại) - tiền đất được khấu trừ theo bảng giá đất nhà nước (286 tỷ đồng ~ 168 tr/m2). - CP đầu; pháp lý và quy hoạch: Pháp lý: Diện tích đất theo Giấy chứng nhận: 1.703,3 m2 (đất đã được cấp GCN, ở lâu dài) Hiện chưa hình thành dự án, mới; Giấy chứng nhận: 1.703,3 m2 Diện tích đất phù hợp quy hoạch: 1.655,2 m2 Chỉ tiêu quy hoạch theo phê duyệt 1/2000 (QÐ 816/QÐ-UBND ngày 27/03/2025) Hệ số sử dụng đất: 13 lần; Tầng cao: 20 tầng; Mât độ xây dựng: 60% Mục đích sử dụng đất:","pháp lý và quy hoạch: Pháp lý: Diện tích đất theo Giấy chứng nhận: 1.703,3 m2 (đất đã đ",giá vốn trên diện tích thương phẩm 79 993 tỷ; giá vốn đất đã 36 t Tổng mức đầu tư (chưa VAT): 993 tỷ,"993 tỷ; 562 tỷ; 330 tr/m2; 28,5 tỷ; 315 tỷ; 185 tr/m2; 286 tỷ; 168 tr/m2; 402,6 tỷ; 13,94 tr/m2; 32 tỷ; 245 tỷ; 1.232 tỷ; 209 tỷ; 1.308 tỷ; 183 tỷ; 118,3 tr/m2; 1.1125 tỷ; 68,8 tr/m2; 76,4 tỷ; 79 triệu/m2; 71 triệu/m2",giá bán căn hộ ở bình quân tại khu vực dự án chỉ giao động khoảng từ 50 đến 60 triệu,"giá vốn đất đã 36; giá vốn đất đã 46; tiền sử dụng đất bổ sung: 28,5 tỷ; tiền đất được khấu trừ theo bảng giá đất nhà nước (286 tỷ","Tổng mức đầu tư (chưa VAT): 993 tỷ; Tổng chi phí (chưa VAT): 1.232 tỷ; TMĐT+ CP bán hàng 209 tỷ; TMĐT: 7,4% Tỷ suất hoàn vốn IRR: 4,8% NHẬN ĐỊNH VÀ ĐỀ XUẤT: Với các giả định: chỉ tiêu quy hoạch 20 t DT) Tổng chi phí (chưa VAT): 1.232 tỷ",DT) Tổng chi phí (chưa VAT): 1.232 tỷ; Doanh thu) Tổng doanh thu (chưa VAT): 1.308 tỷ; DT bình quân Shop khối đế: 183 tỷ; DT bình quân căn hộ ở: 1.1125 tỷ,"Lợi nhuận trước thuế: 76,4 tỷ","IRR: 4,8%",,"hoàn vốn IRR: 4,8","chưa hình thành dự án, mới chỉ có Giấy chứng nhận QSD đất và chỉ tiêu QH 1/2000. Quy hoạch: Diện tích đất phù hợp quy hoạch: 1.655,2 m2, chỉ tiêu quy hoạch theo phòng QH tính toán: Hệ số sử dụng đất: 13; Tầng cao: 20 tầng; M; chưa VAT): 993 tỷ đồng - CP mua đất: 562 tỷ đồng (~ 330 tr/m2) - CP tiền sử dụng đất bổ sung: 28,5 tỷ đồng, tính chênh lệch giữa TSD đất theo PP Thặng dư (315 tỷ đồng ~ 185 tr/m2 ~ hệ số 2.3 lần đơn giá NN hiện tại) - tiền đ; chưa VAT): 1.232 tỷ đồng (TMĐT+ CP bán hàng 209 tỷ ~ 16%/Doanh thu) Tổng doanh thu (chưa VAT): 1.308 tỷ đồng - DT bình quân Shop khối đế: 183 tỷ, đơn giá theo đề xuất của phòng R&D ~ 118,3 tr/m2 thời điểm bán khoảng Quý III/; đề xuất của phòng R&D ~ 68,8 tr/m2 thời điểm bán khoảng Quý III/2027. Lợi nhuận trước thuế: 76,4 tỷ đồng Tỷ lệ LNTT/TMĐT: 7,4% Tỷ suất hoàn vốn IRR: 4,8% NHẬN ĐỊNH VÀ ĐỀ XUẤT: Với các giả định: chỉ tiêu quy hoạch 20 tầng, ","đề xuất của phòng R&D ~ 118,3 tr/m2 thời điểm bán khoảng Quý III/2027. - DT bình quân căn hộ ở: 1.1125 tỷ, đơn giá theo đề xuất của phòng R&D ~ 68,8 tr/m2 thời điểm bán khoảng Quý III/202; ĐỀ XUẤT: Với các giả định: chỉ tiêu quy hoạch 20 tầng, hệ số 13; Giá bán căn hộ; đề xuất: Nhận định: - Phương án 20 tầng: về thiết kế thì chưa tối ưu hệ số sử dụng đất (10,25 lần/13 lần) và không hiệu quả về mặt tài chính do giá vốn trên diện tích thương phẩm 79",,"[2025-05-07] Hanh T - INVT 5/7/2025 1:38 PM Edited Translate P.Đầu tư Báo cáo Anh Mr Mike1 -CEO về dự án 48 Nguyễn Thiện Thuật, P. Tân Lập, TP Nha Trang, Khánh Hoà (toạ lạc 02 mặt tiền đường Biệt Thự và đường Nguyễn Thiện Thuật, cách biển khoảng 350m) theo 02 phương án quy hoạch 20 tầng (được duyệt) và 32 tầng (dự định xin điều chỉnh) như sau: 1. Thông tin quy hoạch: Diện tích đất theo Giấy chứng nhận: 1.703,3 m2 Diện tích đất phù hợp quy hoạch: 1.655,2 m2 Chỉ tiêu quy hoạch theo phê duyệt 1/2000 (QÐ 816/QÐ-UBND ngày 27/03/2025) Hệ số sử dụng đất: 13 lần; Tầng cao: 20 tầng; Mât độ xây dựng: 60% Mục đích sử dụng đất: Đất hỗn hợp (nhóm nhà ở và dịch vụ) 2. Phương án thiết kế: 3. Thị trường : 4. Hiệu quả dự án: Dựa trên thông tin chi phí mua đất, suất vốn đầu tư xây dựng, chi phí bán hàng, chi phí tài chính và giá bán căn hộ tại thị trường khu vực thì cả 02 phương án đều không hiệu quả về mặt tài chính. Lý do chính là chi phí mua đất (chưa tính đến tiền sử đụng đất bổ sung) tính trên m2 sàn thương phẩm cao, khoảng 46,53 triệu đồng/m2 (đối với phương án 20 tầng) và 36,36 triệu đồng/m2 (đối với phương án 32 tầng) trong khi giá bán căn hộ ở bình quân tại khu vực dự án chỉ giao động khoảng từ 50 đến 6

---

[] Hanh T - INVT 2/25 3:45 PM Edited Translate P. Đầu tư báo cáo Sếp Admin 01 về hiệu quả dự án 48 Nguyễn Thiện Thuật, TP Nha Trang theo phương án quy hoạch 20 tầng và hệ số 13 lần (phù hợp QH 1/2000, không phải điều chỉnh) như sau: 1. Thông tin pháp lý và quy hoạch: Pháp lý: Diện tích đất theo Giấy chứng nhận: 1.703,3 m2 (đất đã được cấp GCN, ở lâu dài) Hiện chưa hình thành dự án, mới chỉ có Giấy chứng nhận QSD đất và chỉ tiêu QH 1/2000. Quy hoạch: Diện tích đất phù hợp quy hoạch: 1.655,2 m2, chỉ tiêu quy hoạch theo phòng QH tính toán: Hệ số sử dụng đất: 13; Tầng cao: 20 tầng; Mật độ xây dựng: 75% Mục đích sử dụng đất: Đất hỗn hợp (nhóm nhà ở và thương mại dịch vụ) Tổng diện tích sàn xây dựng: 28,884 m2, bao gồm 3 tầng hầm, 2 tầng Shop TM khối đế (13 căn ~ 104 m2 1T1L) + 18 tầng tháp là căn hộ ở (234 căn ~ 67 m2/căn). 2. Hiệu quả dự án: Tổng mức đầu tư (chưa VAT): 993 tỷ đồng - CP mua đất: 562 tỷ đồng (~ 330 tr/m2) - CP tiền sử dụng đất bổ sung: 28,5 tỷ đồng, tính chênh lệch giữa TSD đất theo PP Thặng dư (315 tỷ đồng ~ 185 tr/m2 ~ hệ số 2.3 lần đơn giá NN hiện tại) - tiền đất được khấu trừ theo bảng giá đất nhà nước (286 tỷ đồng ~ 168 tr/m2). - CP đầu tư xây dựng All-in: 402,6 tỷ ~ 1

---

[] Hanh T - INVT 2/25 3:45 PM Edited Translate P. Đầu tư báo cáo Sếp Admin 01 về hiệu quả dự án 48 Nguyễn Thiện Thuật, TP Nha Trang theo phương án quy hoạch 20 tầng và hệ số 13 lần (phù hợp QH 1/2000, không phải điều chỉnh) như sau: 1. Thông tin pháp lý và quy hoạch: Pháp lý: Diện tích đất theo Giấy chứng nhận: 1.703,3 m2 (đất đã được cấp GCN, ở lâu dài) Hiện chưa hình thành dự án, mới",76,48 Nguyễn Thiện Thuật,48 nguyễn thiện thuật,1.703 m²,1.703 m²,"1.703,3 m2","1.655,2 m2; 28,884 m2; 104 m2; 67 m2",giá vốn trên diện tích thương phẩm 79 993 tỷ; giá vốn đất đã 36 t Tổng mức đầu tư (chưa VAT): 993 tỷ,"Tổng mức đầu tư (chưa VAT): 993 tỷ; Tổng chi phí (chưa VAT): 1.232 tỷ; TMĐT+ CP bán hàng 209 tỷ; TMĐT: 7,4% Tỷ suất hoàn vốn IRR: 4,8% NHẬN ĐỊNH VÀ ĐỀ XUẤT: Với các giả định: chỉ tiêu quy hoạch 20 t DT) Tổng chi phí (chưa VAT): 1.232 tỷ",DT) Tổng chi phí (chưa VAT): 1.232 tỷ; Doanh thu) Tổng doanh thu (chưa VAT): 1.308 tỷ; DT bình quân Shop khối đế: 183 tỷ; DT bình quân căn hộ ở: 1.1125 tỷ,"Lợi nhuận trước thuế: 76,4 tỷ","IRR: 4,8%",,,"giá vốn trên diện tích thương phẩm 79 993 tỷ; giá vốn đất đã 36 t Tổng mức đầu tư (chưa VAT): 993 tỷ; 993 tỷ; 562 tỷ; 330 tr/m2; 28,5 tỷ; 315 tỷ; 185 tr/m2; 286 tỷ; 168 tr/m2; 402,6 tỷ; 13,94 tr/m2; 32 tỷ; 245 tỷ; 1.232 tỷ; 209 tỷ; 1.308 tỷ; 183 tỷ; 118,3 tr/m2; 1.1125 tỷ; 68,8 tr/m2; 76,4 tỷ; 79 triệu/m2; 71 triệu/m2; giá bán căn hộ ở bình quân tại khu vực dự án chỉ giao động khoảng từ 50 đến 60 triệu; giá vốn đất đã 36; giá vốn đất đã 46; tiền sử dụng đất bổ sung: 28,5 tỷ; tiền đất được khấu trừ theo bảng giá đất nhà nước (286 tỷ; Tổng mức đầu tư (chưa VAT): 993 tỷ; Tổng chi phí (chưa VAT): 1.232 tỷ; TMĐT+ CP bán hàng 209 tỷ; TMĐT: 7,4% Tỷ suất hoàn vốn IRR: 4,8% NHẬN ĐỊNH VÀ ĐỀ XUẤT: Với các giả định: chỉ tiêu quy hoạch 20 t DT) Tổng chi phí (chưa VAT): 1.232 tỷ; DT) Tổng chi phí (chưa VAT): 1.232 tỷ; Doanh thu) Tổng doanh thu (chưa VAT): 1.308 tỷ; DT bình quân Shop khối đế: 183 tỷ; DT bình quân căn hộ ở: 1.1125 tỷ; Lợi nhuận trước thuế: 76,4 tỷ; IRR: 4,8%","hệ số 13; Hệ số sử dụng đất: 13; hệ số 2.3; hệ số sử dụng đất (10,25; hệ số sử dụng đất (12,95","Tầng cao: 20 tầng; xây dựng: 28,884 m2, bao gồm 3 tầng",,Mật độ xây dựng: 75%,"1/2000, không phải điều chỉnh) như sau: 1; 1/2000; 1/2000 (QÐ 816/QÐ-UBND ngày 27/03/2025) Hệ số sử dụng đất: 13 lần",,"tiền sử dụng đất bổ sung: 28,5 tỷ đồng, tính chênh lệch giữa TSD đất theo PP Thặng dư (315 tỷ đồng ~ 185 tr/m2 ~ hệ số 2","Giấy chứng nhận: 1; phê duyệt 1/2000 (QÐ 816/QÐ-UBND ngày 27/03/2025) Hệ số sử dụng đất: 13 lần; GCN, ở lâu dài) Hiện chưa hình thành dự án, mới chỉ có Giấy chứng nhận QSD đất và chỉ tiêu QH 1/2000; GCN, ở lâu dài) Hiện chưa hình thành dự án, mới",,,,,,BDS-CURATED-0315,64,0,25,19,19,28,4,B,Thiếu tọa độ,project_or_deal,,,BDS-CURATED-0315,2025-05-07,no,yes,yes,yes,yes
,Felicia Đà Nẵng,7,2024-10-15,2025-02-19,batch_631.txt; batch_515.txt; batch_551.txt; batch_606.txt; batch_651.txt; batch_680.txt,Sinh Nguyen-Dau Tu; Huy M - IM; Unknown User,,,,https://maps.app.goo.gl/xQZeRwkJHuyDhx496; https://maps.app.goo.gl/cuqyDKdtbfwW1DAa8,"Mặt tiền tiếp giáp đường Võ Nguyên Giáp, cách giao lộ đường Võ Nguyên Giáp và Võ Văn Kiệt khoảng 1,2km, cách giao lộ đường Võ Nguyên Giáp và Hồ Xuân Hương khoảng 1,4km - Bên trái giáp Serene Beach, cách Holiday Beach k; Mặt tiền tiếp giáp đường Võ Nguyên Giáp, cách giao lộ đường Võ Nguyên Giáp và Võ Văn Kiệt khoảng 1,2km, cách giao lộ đường Võ Nguyên Giáp và Hồ Xuân Hương khoảng 1,4km - Bên trái giáp Serene Beach, cách",Đà Nẵng,Ngũ Hành Sơn,1.220 m²,khách sạn,"Đất cơ sở sản xuất, kinh doanh - Thời hạn sử dụng: Ban đầu GCN cấp thời hạn sử dụng lâu dài. Nhưng đến ngày 31/10/2017, thay đổi thời hạn sử dụng đất từ: Lâu dà","Mật độ xây dựng 60,6% - Hệ số sử dụng Đất: 16,2 - Diện tích sàn (bao gồm hầm): 22.204m² (2 hầm + 25 tầng nổi) - Tổng số phòng: 251 phòng (diện tích khách sạn trung bình 35,6m²/phòng) 5/; Mật độ xây dựng 60,6% - Hệ số sử dụng Đất: 16,2 - Diện tích sàn (bao gồm hầm): 22.204m² (2 hầm + 25 tầng nổi) - Tổng số phòng: 251 phòng (diện tích trung bình 35,6m²/phòng) + Khách sạn:","xây dựng khách sạn 25 tầng; xây dựng khách sạn dở dang, với 2 hầm + 25 tầng","Hệ số sử dụng Đất: 16,2","Mật độ xây dựng 60,6%",,"Pháp lý Đất: Đã có GCN QSDĐ cấp ngày 17/03/2011 - Diện tích đất: 1.220m² - Mục đích sử dụng: Đất cơ sở sản xuất, kinh doanh - Thời hạn sử dụng: Ban đầu GCN cấp thời hạn sử dụng lâu dài. Nhưng đến ngày 31/10/2017, thay đổi thời; Pháp lý Xây dựng: Dự án đã được thẩm định TKCS (Bộ Xây dựng), thẩm định TK BVTC (Sở Xây dựng) và được cấp GPXD số 449/GPXD ngày 23/10/2019 - Mật độ xây dựng 60,6% - Hệ số sử dụng Đất: 16,2 - Diện tích sàn (bao gồm hầm): 22.204m; Pháp lý Đầu tư: - Dự án được chấp thuận chủ trương đầu tư với mục tiêu xây dựng khách sạn 25 tầng, 2 tầng hầm tiến độ thực hiện dự án đến quý IV 2020 (hiện đã hết tiến độ) => Gia hạn tiến độ thực hiện dự án 6/ Phương án kinh do; Pháp lý Đầu tư: - Dự án được chấp thuận chủ trương đầu tư với mục tiêu xây dựng khách sạn 25 tầng, 2 tầng hầm tiến độ thực hiện dự án đến quý IV 2020 (hiện đã hết tiến độ) => Gia hạn tiến; Pháp lý Đầu tư: - Dự án được chấp thuận chủ trương đầu tư với mục tiêu xây dựng khách sạn 25 tầng, 2 tầng hầm tiến độ thực hiện dự án đến quý IV 2020 (hiện đã hết tiến độ) => Gia","chưa đánh giá được tính phù hợp của hiện trạng xây dựng và các hồ sơ thiết kế, xây dựng được duyệt 3/ Pháp lý Đất: Đã có GCN",,230 tỷ; 311 tỷ,,,,,,"IRR = 7,3%",NPV = -311 tỷ,,"chưa đánh giá được tính phù hợp của hiện trạng xây dựng và các hồ sơ thiết kế, xây dựng được duyệt 3/ Pháp lý Đất: Đã có GCN QSDĐ cấp ngày 17/03/2011 - Diện tích đất: 1.220m² - Mục đích sử dụng: Đất cơ sở sản xuất, kinh doan",,,"[2025-02-19 | BDS-MASTER-0085] [2025-02-19] Huy M - IM 2/19/2025 9:31 PM Translate K.ĐT báo cáo anh Mr Mike1 -CEO về dự án Felicia Đà Nẵng theo phương án tổ hợp khách sạn và Condotel, mặt tiền đường Võ Nguyên Giáp, Lô B5, thuộc khu phúc hợp đô thị, TMDV Royal Era 1, P. Mỹ An, Q. Ngũ Hành Sơn, T. Đà Nẵng như sau: 1/ Vị trí: - Mặt tiền tiếp giáp đường Võ Nguyên Giáp, cách giao lộ đường Võ Nguyên Giáp và Võ Văn Kiệt khoảng 1,2km, cách giao lộ đường Võ Nguyên Giáp và Hồ Xuân Hương khoảng 1,4km - Bên trái giáp Serene Beach, cách Holiday Beach khoảng 350m 2/ Hiện trạng: Công trình xây dựng khách sạn dở dang, với 2 hầm + 25 tầng nổi. Công trình đã cất nóc (theo thông tin anh Sơn - Trợ lý) => Vẫn chưa đánh giá được tính phù hợp của hiện trạng xây dựng và các hồ sơ thiết kế, xây dựng được duyệt 3/ Pháp lý Đất: Đã có GCN QSDĐ cấp ngày 17/03/2011 - Diện tích đất: 1.220m² - Mục đích sử dụng: Đất cơ sở sản xuất, kinh doanh - Thời hạn sử dụng: Ban đầu GCN cấp thời hạn sử dụng lâu dài. Nhưng đến ngày 31/10/2017, thay đổi thời hạn sử dụng đất từ: Lâu dài thành thời hạn sử dụng đất 50 năm. Đồng thời, theo báo cáo tư vấn của phòng PLDA, không giữ được thời hạn sử dụng đất lâu dài mà phải điều chỉnh thành 50 năm theo quy định. 4/ 

---

[2024-10-15 | BDS-MASTER-0020] [2024-10-15] Sinh Nguyen-Dau Tu 10/15/2024 11:14 AM Edited Translate K.ĐT báo cáo anh Mr Mike1 -CEO về dự án khách sạn Felicia Đà Nẵng, mặt tiền đường Võ Nguyên Giáp, Lô B5, thuộc khu phúc hợp đô thị, TMDV Royal Era 1, P. Mỹ An, Q. Ngũ Hành Sơn, T. Đà Nẵng như sau: 1/ Vị trí: - Mặt tiền tiếp giáp đường Võ Nguyên Giáp, cách giao lộ đường Võ Nguyên Giáp và Võ Văn Kiệt khoảng 1,2km, cách giao lộ đường Võ Nguyên Giáp và Hồ Xuân Hương khoảng 1,4km - Bên trái giáp Serene Beach, cách Holiday Beach khoảng 350m 2/ Hiện trạng: Công trình xây dựng khách sạn dở dang, với 2 hầm + 25 tầng nổi. Công trình đã cất nóc (theo thông tin anh Sơn - Trợ lý) => Vẫn chưa đánh giá được tính phù hợp của hiện trạng xây dựng và các hồ sơ thiết kế, xây dựng được duyệt 3/ Pháp lý Đất: Đã có GCN QSDĐ cấp ngày 17/03/2011 - Diện tích đất: 1.220m² - Mục đích sử dụng: Đất cơ sở sản xuất, kinh doanh - Thời hạn sử dụng: Ban đầu GCN cấp thời hạn sử dụng lâu dài. Nhưng đến ngày 31/10/2017, thay đổi thời hạn sử dụng đất từ: Lâu dài thành thời hạn sử dụng đất 50 năm. Đồng thời, theo báo cáo tư vấn của P.PLDA, không giữ được thời hạn sử dụng đất lâu dài mà phải điều chỉnh thành 50 năm theo quy định. 4/ Pháp lý Xây dựng: Dự 

---

[2024-10-15 | BDS-MASTER-0310] [2024-10-15] Unknown User 10/15/2024 11:14 AM K.ĐT báo cáo anh Mr Mike1 -CEO về dự án khách sạn Felicia Đà Nẵng, mặt tiền đường V… Tính theo PA là bán condotel thì sao a Begin quote, Thao Le-PTDT , 10/14/2024 12:0... by Unknown User --- [2024-10-15] Sinh Nguyen-Dau Tu 10/15/2024 11:14 AM Edited Translate K.ĐT báo cáo anh Mr Mike1 -CEO về dự án khách sạn Felicia Đà Nẵng, mặt tiền đường Võ Nguyên Giáp, Lô B5, thuộc khu phúc hợp đô thị, TMDV Royal Era 1, P. Mỹ An, Q. Ngũ Hành Sơn, T. Đà Nẵng như sau: 1/ Vị trí: - Mặt tiền tiếp giáp đường Võ Nguyên Giáp, cách giao lộ đường Võ Nguyên Giáp và Võ Văn Kiệt khoảng 1,2km, cách giao lộ đường Võ Nguyên Giáp và Hồ Xuân Hương khoảng 1,4km - Bên trái giáp Serene Beach, cách",60,khách sạn Felicia Đà Nẵng,khách sạn felicia đà nẵng,1.220 m²,1.220 m²,1.220 m²,"22.204m²; 35,6m²",,,,,"IRR = 7,3%",NPV = -311 tỷ; NPV = -183 tỷ,,"230 tỷ; 311 tỷ; IRR = 7,3%; NPV = -311 tỷ; 183 tỷ; NPV = -183 tỷ","Hệ số sử dụng Đất: 16,2","xây dựng khách sạn 25 tầng; xây dựng khách sạn dở dang, với 2 hầm + 25 tầng",,"Mật độ xây dựng 60,6%",,,,"GCN QSDĐ cấp ngày 17/03/2011 - Diện tích đất: 1; GCN cấp thời hạn sử dụng lâu dài; chủ trương đầu tư với mục tiêu xây dựng khách sạn 25 tầng, 2 tầng hầm tiến độ thực hiện dự án đến quý IV 2020 (hiện đã hết tiến độ) => Gia hạn tiến độ thực hiện dự án 6/ Phương án kinh do chưa đánh; GCN [2024-10-15] Sinh Nguyen-Dau Tu 10/15/2024 11:14 AM Edited Translate K; chủ trương đầu tư với mục tiêu xây dựng khách sạn 25 tầng, 2 tầng hầm tiến độ thực hiện dự án đến quý IV 2020 (hiện đã hết tiến độ) => Gia hạn tiến; chủ trương đầu tư với mục tiêu xây dựng khách sạn 25 tầng, 2 tầng hầm tiến độ thực hiện dự án đến quý IV 2020 (hiện đã hết tiến độ) => Gia chưa đánh giá được tính phù hợp của hiện trạng xây dựng và; GCN [2025-02-19] Huy M - IM 2/19/2025 9:31 PM Translate K",,,,resolved,BDS-MASTER-0020; BDS-MASTER-0085; BDS-MASTER-0310,BDS-CURATED-0331,53,15,25,12,14,9,4,C,Thiếu tọa độ,project_or_deal,,,BDS-CURATED-0331,2025-02-19,no,yes,yes,yes,yes
,chung cư Hòa Xuân,2,2024-09-27,2024-09-27,batch_650.txt; batch_708.txt,Thao L - INVT,,,,https://maps.app.goo.gl/XwfK6AzNVqs5eFX17; https://maps.app.goo.gl/QAU1JqmdETLn951C,"và hiện trạng: - Dự án cao tầng: lô A2-3 và A2-4 có diện tích đất lần lượt là: 3.508m2 và 3.140m2 - Giá chuyển nhượng: 300 tỷ tương đương 45,1tr/m2 - Dự án Hòa Xuân tiếp giáp 4 mặt tiền đường, ngay tại giao lộ Võ Chí Côn",Đà Nẵng,Ngũ Hành Sơn,3.508 m²,chung cư,,quy hoạch: • Các phê duyệt điều chỉnh 1/500 • Sơ đồ và Tổng mặt bằng đính kèm • VB vè chỉ tiêu QH toàn khu Chi tiết: • Lô A2-3: QHPK và QH 1/50,,"HSSDĐ không khớp nhau: QHPK (2023; HSSDĐ: 12.4; HSSDĐ: 11.73; HSSDĐ: 9,36; HSSDĐ: 12,37",,"dân số: 880; dân; QH 1; dân số theo QH 1; DÂN: HSSDĐ: 9,36; DÂN SỐ: 1630; DÂN (TẠM TÍNH 02; DÂN: HSSDĐ: 12,37; DÂN SỐ: 2080","Pháp lý: - Pháp lý đất: • GCNQSDDĐ cho lô A2-3 và A2-4: Đất ở đô thị, thời hạn 2060 • Sơ đồ dự án Hòa Xuân • Quyết định giá đất - Pháp lý đầu tư: GCN ĐT và GPKD - Pháp lý quy hoạch: • Các phê duyệt điều chỉnh 1/500 • Sơ đồ và T",chưa được thử nghiệm chưa có dự án nổi bật tại khu vực Hòa Xuân khó xác định chính xác mức độ chấp nhận của thị trường đối v,,"300 tỷ; 45,1tr/m2; 40 tr/m2; 12,07tr/m2; 40,3tr/m2; 32,2 tr/m2; 22,5tr/m2; 6,7tr/m2; 29,2tr/m2; 32,2tr/m2",,,,,,,,,chưa được thử nghiệm chưa có dự án nổi bật tại khu vực Hòa Xuân khó xác định chính xác mức độ chấp nhận của thị trường đối với phân khúc căn hộ tại khu vực này. - Áp lực cạnh tranh từ các khu vực phát triển mạnh mẽ hơn với c,,,"[2024-09-27 | BDS-MASTER-0033] [2024-09-27] Thao L - INVT 9/27/2024 11:17 AM Translate K.ĐT báo cáo anh Mr Mike1 -CEO về Dự án chung cư Hòa Xuân, Cẩm Lệ, Đà Nẵng: lô A2-3 và A2-4 như sau: 1. Thông tin, vị trí và hiện trạng: - Dự án cao tầng: lô A2-3 và A2-4 có diện tích đất lần lượt là: 3.508m2 và 3.140m2 - Giá chuyển nhượng: 300 tỷ tương đương 45,1tr/m2 - Dự án Hòa Xuân tiếp giáp 4 mặt tiền đường, ngay tại giao lộ Võ Chí Công 29 Tháng 3 thuận tiện cho giao thông với 6 làn xe mỗi đường. Khu vực xung quanh chủ yếu là nhà phố, không có công trình cao tầng. - Cách sân bay 3km và cách biển 8km 2. Hạn chế của Dự án: - Khu vực tương đối xa trung tâm thiếu các tiện ích như gần bãi biển hoặc sông Hàn, siêu thị và nhà hàng ăn uống, khiến cho môi trường sống kém hấp dẫn đối với cư dân dẫn đến khó khăn trong việc thu hút cư dân và nhà đầu tư. - Nếu phát triển chung cư tại đây, đơn giá sẽ thấp hơn so với các dự án cạnh tranh do vị trí và môi trường xung quanh không hấp dẫn không gần các khu làm việc như FPT hoặc các quận trung tâm Đà Nẵng. - Cạnh tranh với thị trường nhà đất giá trị đất tại Hòa Xuân vẫn còn tương đối rẻ 30 - 40 tr/m2 và được xem là tài sản bền vững hơn so với căn hộ. - Thị trường chung cư chưa được thử nghi

---

[2024-09-27 | BDS-MASTER-0358] [2024-09-27] Thao L - INVT 9/27/2024 11:17 AM Translate K.ĐT báo cáo anh Mr Mike1 -CEO về Dự án chung cư Hòa Xuân, Cẩm Lệ, Đà Nẵng: lô A2-3 và A2-4 như sau: 1.",47,chung cư Hòa Xuân,chung cư hòa xuân,3.508 m²,3.508 m²,3.508 m²,3.140m2,,,,,,,,"300 tỷ; 45,1tr/m2; 40 tr/m2; 12,07tr/m2; 40,3tr/m2; 32,2 tr/m2; 22,5tr/m2; 6,7tr/m2; 29,2tr/m2; 32,2tr/m2","HSSDĐ không khớp nhau: QHPK (2023; HSSDĐ: 12.4; HSSDĐ: 11.73; HSSDĐ: 9,36; HSSDĐ: 12,37",,"dân số: 880; dân; QH 1; dân số theo QH 1; DÂN: HSSDĐ: 9,36; DÂN SỐ: 1630; DÂN (TẠM TÍNH 02; DÂN: HSSDĐ: 12,37; DÂN SỐ: 2080",,1/500 • Sơ đồ và Tổng mặt bằng đính kèm • VB vè chỉ tiêu QH toàn khu Chi tiết: • Lô A2-3: QHPK và QH 1/50 Pháp lý: - Pháp lý đất: • GCNQSDDĐ cho lô A2-3 và A2-4: Đất; 1/500 • Sơ đồ và T chưa được thử nghiệm chưa có dự án nổi bật tại khu vực Hòa Xuân khó xác định chính xác mức độ chấp nhận của thị trường đối v [2024-09-27] Thao L,,,phê duyệt điều chỉnh 1/500 • Sơ đồ và Tổng mặt bằng đính kèm • VB vè chỉ tiêu QH toàn khu Chi tiết: • Lô A2-3: QHPK và QH 1/50 Pháp lý: - Pháp lý đất: • GCNQSDDĐ cho lô A2-3 và A2-4: Đất ở; Quyết định giá đất - Pháp lý đầu tư: GCN ĐT và GPKD - Pháp lý quy hoạch: • Các phê duyệt điều chỉnh 1/500 • Sơ đồ và T chưa được thử nghiệm chưa có dự án nổi bật tại khu vực Hòa Xuân khó xác,,,,resolved,BDS-MASTER-0033; BDS-MASTER-0358,BDS-CURATED-0347,49,15,25,17,14,0,4,C,Thiếu tọa độ; Thiếu tài chính,project_or_deal,,,BDS-CURATED-0347,2024-09-27,no,yes,yes,yes,no
BDS-MASTER-0113,chung cư Hải Sơn có diện tích đất 8,1,,,batch_100.txt,,,,,https://www.google.com/maps/d/edit?mid=1pYF3M65dQngj9P_VP8SbXUKy92nYnFo&usp=sharing,"và ranh đất: https://www.google.com/maps/d/edit?mid=1pYF3M65dQngj9P_VP8SbXUKy92nYnFo&usp=sharing => Đánh giá sơ bộ hiện trạng: Đường kết nối vào khu đất từ đường Huỳnh Văn Nghệ có bề ngang nhỏ, chỉ khoảng 8.8 m, cần đánh",Đồng Nai,Biên Hòa,8.600 m²,chung cư,,"Quy hoạch: Hiện chưa tra ra được đồ án QH phân khu do sát nhập hành chính. Quy hoạch chung thuộc đất ở. Quy hoạch dự kiến của đối tác (chưa có cơ sở check sự phù hợp, nhưng đối tác chào giá; Hệ số 12,4 lần, dân số 2.016 người. + Tầng cao 30 (đế 2, tháp 28), 2 tầng hầm, + Sản phẩm 964 căn gồm 865 căn hộ ở, 22 căn Shophouse khối đế. III. Giá chào: Dự án có giá chào 270 tỷ đồn","Tầng cao 30 (đế 2, tháp 28), 2 tầng","Hệ số 12,4",,dân số 2.016,"pháp lý: - Pháp lý về đất: Sổ đất cá nhân được cấp Giấy CNQSD ngày 30/9/2025. Tổng diện tích 8.132 m2, trong đó: Đất ở 86 m2 và đất Cây hằng năm: 8.046 m2 (đến 01/10/2056). Đã có văn bản chấp thuận độ cao tĩnh không, chiều cao; chủ trương đầu tư. (Đối tác chào bao thủ tục này). Chưa có thông tin đưa đất vào thí điểm nên chưa đảm bảo về phê duyệt Chủ trương đầu tư do có phần đất ở thấp dưới 2% (86/8.132 m2). - Pháp lý về Quy hoạch: Hiện chưa tra ra được đ; chủ trương đầu tư, đồng nghĩa với bao chỉ tiêu dự kiến này) : + Chung cư cao tầng kết hợp thương mại dịch vụ + Hệ số 12,4 lần, dân số 2.016 người. + Tầng cao 30 (đế 2, tháp 28), 2 tầng hầm, + Sản phẩm 964 căn gồm 865 căn hộ ở, 22",pháp lý: - Pháp lý về đất: Sổ đất cá nhân được cấp Giấy CNQSD ngày 30/9/2025. Tổng diện,Giá chào: Dự án có giá chào 270 tỷ,270 tỷ,"Đơn giá bán DA khoảng 33,2 triệu",,,,,,,,"Chưa thực hiện thủ tục chấp thuận chủ trương đầu tư. (Đối tác chào bao thủ tục này). Chưa có thông tin đưa đất vào thí điểm nên chưa đảm bảo về phê duyệt Chủ trương đầu tư do có phần đất ở thấp dưới 2% (86/8.132 m2). - Pháp; chưa tra ra được đồ án QH phân khu do sát nhập hành chính. Quy hoạch chung thuộc đất ở. Quy hoạch dự kiến của đối tác (chưa có cơ sở check sự phù hợp, nhưng đối tác chào giá bán là bao chủ trương đầu tư, đồng nghĩa với bao c","cần đánh giá có đủ điều kiện kết nối giao thông cho dự án chung cư cao tầng hay không. Chiều sâu từ đường Huỳnh Văn Nghệ vào khoảng 28 m, lối vào có hình nút thắt cổ chai. Hình dạng k",,"[] P.ĐT xin báo cáo sếp Admin 01 về sơ bộ dự án chung cư Hải Sơn có diện tích đất 8.321 m2 (nguồn từ anh Sơn Trợ lý) tại đường Huỳnh Văn Nghệ, P. Biên Hòa, Thành phố Đồng Nai như sau: I. Vị trí và ranh đất: https://www.google.com/maps/d/edit?mid=1pYF3M65dQngj9P_VP8SbXUKy92nYnFo&usp=sharing => Đánh giá sơ bộ hiện trạng: Đường kết nối vào khu đất từ đường Huỳnh Văn Nghệ có bề ngang nhỏ, chỉ khoảng 8.8 m, cần đánh giá có đủ điều kiện kết nối giao thông cho dự án chung cư cao tầng hay không. Chiều sâu từ đường Huỳnh Văn Nghệ vào khoảng 28 m, lối vào có hình nút thắt cổ chai. Hình dạng khu đất kiểu đa giác không đều, khó bố trí không gian. Đối diện là khu đất nghĩa trang, có mặt tiền ôm đường hơn 100 m, trọn khu khoảng 8.600 m2. II. Hiện trạng pháp lý: - Pháp lý về đất: Sổ đất cá nhân được cấp Giấy CNQSD ngày 30/9/2025. Tổng diện tích 8.132 m2, trong đó: Đất ở 86 m2 và đất Cây hằng năm: 8.046 m2 (đến 01/10/2056). Đã có văn bản chấp thuận độ cao tĩnh không, chiều cao tối đa 99 m. Chưa thực hiện thủ tục chấp thuận chủ trương đầu tư. (Đối tác chào bao thủ tục này). Chưa có thông tin đưa đất vào thí điểm nên chưa đảm bảo về phê duyệt Chủ trương đầu tư do có phần đất ở thấp dưới 2% (86/8.132 m2",59,chung cư Hải Sơn có diện tích đất 8,chung cư hải sơn có diện tích đất 8,8.600 m²,8.600 m²,8.600 m2,8.321 m2; 8.132 m2; 86 m2; 8.046 m2,Giá chào: Dự án có giá chào 270 tỷ,,,,,,,"Giá chào: Dự án có giá chào 270 tỷ; 270 tỷ; Đơn giá bán DA khoảng 33,2 triệu","Hệ số 12,4","Tầng cao 30 (đế 2, tháp 28), 2 tầng",dân số 2.016,,,,,"chủ trương đầu tư; phê duyệt Chủ trương đầu tư do có phần đất ở thấp dưới 2% (86/8; chủ trương đầu tư, đồng nghĩa với bao chỉ tiêu dự kiến này) : + Chung cư cao tầng kết hợp thương mại dịch vụ + Hệ số 12,4 lần, dân số 2",batch_100.txt,57,,,,BDS-CURATED-0334,49,15,13,14,14,11,4,C,Thiếu tọa độ,project_or_deal,,,BDS-CURATED-0334,,no,yes,yes,yes,yes
BDS-MASTER-0093,khu mặt tiền đường Ngô Chí Quốc (gom đất gần Phú Quang)- Cập nhật Quy hoạch Phân khu,1,,,batch_143.txt,,10.840677,106.719716,"10.840677, 106.719716",https://maps.app.goo.gl/ioqJ9N2mKRyMdiAe6,,,,21.500 m² (~2.15 ha),thấp tầng,,"Quy hoạch Phân khu. Theo QH PK3 được duyệt 2025, quỹ đất quan tâm thuộc ô đất OD-1, MN-1 và CX-2 (thuộc Đơn vị ở 1), trong đô ô OD-1 (diện tích PHQH 2.15ha) có các thông số sau: + Dân số 1.; QH cũ), + Tầng cao: 30 (không đổi) + Hệ số: 7 (không đổi) * ô MN-1 và CX-2 vẫn có chức năng giáo dục và cây xanh (không đổi) A/Phương án hỗn hợp thấp tầng (tối ưu số dân 1.300, hệ số; hệ số 7 => xin thêm 2.214 dân) 1. Quy mô: Gồm 2 block chung cư 30 tầng 2 hầm (căn hộ và shop TM) 2. PA đầu tư: a) Giả định kinh doanh: + Giá bán căn hộ: 61 tr/m2 (chưa V, tim tường) + G",Quy mô: Gồm 2 block chung cư 30 tầng; Quy mô: Gồm 1 block chung cư hỗn hợp 24 tầng,Hệ số: 7; hệ số sdđ đạt 3.1; hệ số 7,,"Dân số 1.300; dân 1.300; Dân số 1; dân) 1; dân so với QH cũ), + Tầng cao: 30","Tiền sử dụng đất: 478 tỷ (đơn giá sau khi khấu trừ hiện trạng là 30tr/m2 đất ở) c) Hiệu quả đầu tư: Để đảm bảo hiệu quả tài chỉnh LNTT/TMĐT đạt 20%, LNST 358 tỷ, IRR 22% thì giá gom đất trung bình cho tổng diện tích 2.76ha, đa phần đất","chưa V, tim tường) + Giá bán shop TM: 70 tr/m2 (chưa V, tim tường) + Giá bán officetel: 55 tr.m2 (chưa V, tim tường) + Sàn T",,61 tr/m2; 70 tr/m2; 100tr/m2; 75.4tr/m2; 15tr/m2; 7tr/m2; 478 tỷ; 30tr/m2; 358 tỷ; 275 tỷ; 16.2tr/m2; 862 tỷ; 40tr/m2; 845 tỷ; 774 tỷ; 42.9tr/m2; 10tr/m2; 28tr/m2,Giá bán căn hộ: 61 tr/m2; Giá bán shop TM: 70 tr/m2; Giá bán nhà phố: 100tr/m2,Tiền sử dụng đất: 478 tỷ,"TMĐT đạt 20%, LNST 358 tỷ",doanh thu + Lãi suất: 12%/năm + Tiền sử dụng đất: 478 tỷ,"LNST 358 tỷ; LNTT/TMĐT đạt 20%, LNST 358 tỷ",IRR 22%; IRR 21.4%,,,"chưa V, tim tường) + Giá bán shop TM: 70 tr/m2 (chưa V, tim tường) + Giá bán officetel: 55 tr.m2 (chưa V, tim tường) + Sàn TTTM: cho thuê sỉ giá 10$/m2/tháng + Nhà trẻ: Cho thuê giá 4$/m2/tháng. + Giá bán nhà phố: 100tr/m2 (; chưa V, tim tường) + Giá bán shop TM: 70 tr/m2 (chưa V, tim tường) + Nhà trẻ: Cho thuê giá 4$/m2/tháng. b) Giả định chi phí: + S",,,"[] Dạ P.ĐT báo cáo sếp Admin 01 cập nhật dự án khu mặt tiền đường Ngô Chí Quốc (gom đất gần Phú Quang)- Cập nhật Quy hoạch Phân khu. Theo QH PK3 được duyệt 2025, quỹ đất quan tâm thuộc ô đất OD-1, MN-1 và CX-2 (thuộc Đơn vị ở 1), trong đô ô OD-1 (diện tích PHQH 2.15ha) có các thông số sau: + Dân số 1.300 (tăng 800 dân so với QH cũ), + Tầng cao: 30 (không đổi) + Hệ số: 7 (không đổi) * ô MN-1 và CX-2 vẫn có chức năng giáo dục và cây xanh (không đổi) A/Phương án hỗn hợp thấp tầng (tối ưu số dân 1.300, hệ số sdđ đạt 3.1): 1. Quy mô: Gồm 1 block chung cư hỗn hợp 24 tầng (căn hộ, officetel, shop TM và sàn TTTM) và 67 căn nhà phố 2. PA đầu tư: a) Giả định kinh doanh: + Giá bán căn hộ: 61 tr/m2 (chưa V, tim tường) + Giá bán shop TM: 70 tr/m2 (chưa V, tim tường) + Giá bán officetel: 55 tr.m2 (chưa V, tim tường) + Sàn TTTM: cho thuê sỉ giá 10$/m2/tháng + Nhà trẻ: Cho thuê giá 4$/m2/tháng. + Giá bán nhà phố: 100tr/m2 (gồm nhà và đất) (trong đó giá đất: 75.4tr/m2) b) Giả định chi phí: + Suất xây dựng cao tầng: 15tr/m2 (gồm V, allin) + Suất xây dựng thấp tầng (1 trệt 2 lầu): 7tr/m2 (gồm V, all-in, xây hoàn thiện mặt ngoài, thô bên trong) +Chi phí bán hàng: 18%/doanh thu + Lãi suất: 12%/năm + Tiền ",65,khu mặt tiền đường Ngô Chí Quốc (gom đất gần Phú Quang)- Cập nhật Quy hoạch Phân khu,khu mặt tiền đường ngô chí quốc gom đất gần phú quang cập nhật quy hoạch phân khu,21.500 m² (~2.15 ha),21.500 m² (~2.15 ha),2.15 ha,,,"TMĐT đạt 20%, LNST 358 tỷ",doanh thu + Lãi suất: 12%/năm + Tiền sử dụng đất: 478 tỷ,"LNST 358 tỷ; LNTT/TMĐT đạt 20%, LNST 358 tỷ",IRR 22%; IRR 21.4%,,,"61 tr/m2; 70 tr/m2; 100tr/m2; 75.4tr/m2; 15tr/m2; 7tr/m2; 478 tỷ; 30tr/m2; 358 tỷ; 275 tỷ; 16.2tr/m2; 862 tỷ; 40tr/m2; 845 tỷ; 774 tỷ; 42.9tr/m2; 10tr/m2; 28tr/m2; Giá bán căn hộ: 61 tr/m2; Giá bán shop TM: 70 tr/m2; Giá bán nhà phố: 100tr/m2; Tiền sử dụng đất: 478 tỷ; TMĐT đạt 20%, LNST 358 tỷ; doanh thu + Lãi suất: 12%/năm + Tiền sử dụng đất: 478 tỷ; LNST 358 tỷ; LNTT/TMĐT đạt 20%, LNST 358 tỷ; IRR 22%; IRR 21.4%",Hệ số: 7; hệ số sdđ đạt 3.1; hệ số 7,Quy mô: Gồm 2 block chung cư 30 tầng; Quy mô: Gồm 1 block chung cư hỗn hợp 24 tầng,"Dân số 1.300; dân 1.300; Dân số 1; dân) 1; dân so với QH cũ), + Tầng cao: 30",,Quy hoạch Phân khu,,"Tiền sử dụng đất: 478 tỷ (đơn giá sau khi khấu trừ hiện trạng là 30tr/m2 đất ở) c) Hiệu quả đầu tư: Để đảm bảo hiệu quả tài chỉnh LNTT/TMĐT đạt 20%, LNST 358 tỷ, IRR 22% thì giá gom đất trung bình",,batch_060.txt,24,matched_teams_map_link,suspicious_shared_by_many_projects,,BDS-CURATED-0043,49,10,13,21,13,23,19,C,Tọa độ nghi ngờ,project_or_deal,,,BDS-CURATED-0043,,no,yes,yes,yes,yes
BDS-MASTER-0115,khu dân cư cao tầng Ngọc Hồi với tổng diện tích đất thực hiện dự án là 24,1,2022-08-26,2022-08-26,batch_917.txt,Quy Vo-PTDT,20.94081,105.84306,"20.94081, 105.84306",https://goo.gl/maps/YaZ9tS4Xqtm5REAe6,"dự án: - Dự án nằm tại đường Ngọc Hồi nối quốc lộ 1A hướng chính của cửa ngõ phía Nam Thủ Đô gần mạng lưới giao thông thuận tiện như tuyến đường trên cao vành đai 3, tuyến cao tốc Hà Nội - Ninh Bình. Dự án có bán kính cá",,,24.282 m² (~2.43 ha),cao tầng,dự án đầu tư xây dựng Khu nhà ở. (chưa có hồ sơ). - Quyết định về phê duyệt giá thu tiền sử dụng đất và tiền thuê đất của dự án đầu tư xây dựng khu nhà ở. (chưa,"quy hoạch trong tương lai là tuyến đường sắt đô thị, tuyến Yên Viên – Ngọc Hồi). 2. Pháp lý đất: - Giấy chứng nhận quyền sử dụng đất (chưa có hồ sơ). - Quyết định về việc cho phép công ty C; quy hoạch: - Chấp thuận độ cao tĩnh không xây dựng công trình. (chưa có hồ sơ). - Quyết định về phê duyệt điều chỉnh cục bộ quy hoạch tại khu đất xây dựng khu nhà ở thuộc ô đất quy hoạch có; quy hoạch chung xây dựng huyện Thanh Trì, tỷ lệ 1/500. (chưa có hồ sơ) - Quy hoạch tổng mặt bằng và phương án kiến trúc sơ bộ. (chưa có hồ sơ) - Kiểm tra thông tin quy hoạch sử dụng đất trê; quy hoạch làm đất ở. 5. Pháp lý xây dựng: - Chưa có thông tin về giấy",,hệ số sử dụng đất 7,,"dân số 3,720","Pháp lý đất: - Giấy chứng nhận quyền sử dụng đất (chưa có hồ sơ). - Quyết định về việc cho phép công ty CP Tổng Bách Hóa chuyển mục đích sử dụng đất 35,896 m2 để thực hiện dự án đầu tư xây dựng Khu nhà ở. (chưa có hồ sơ). - Quy; tiền sử dụng đất và tiền thuê đất của dự án đầu tư xây dựng khu nhà ở. (chưa có hồ sơ). 3. Pháp lý đầu tư: - Chấp thuận chủ trương đầu tư số 795/QĐ-UBND tuy nhiên thông tin chưa thể hiện rõ việc chủ đầu tư được chỉ định làm chủ đầu tư t; Pháp lý quy hoạch: - Chấp thuận độ cao tĩnh không xây dựng công trình. (chưa có hồ sơ). - Quyết định về phê duyệt điều chỉnh cục bộ quy hoạch tại khu đất xây dựng khu nhà ở thuộc ô đất quy hoạch có ký hiệu B5-1 trong quy hoạch; 1/500. (chưa có hồ sơ) - Quy hoạch tổng mặt bằng và phương án kiến trúc sơ bộ. (chưa có hồ sơ) - Kiểm tra thông tin quy hoạch sử dụng đất trên trang web Guland thì vị trí dự án được quy hoạch làm đất ở. 5.",Pháp lý đất: - Giấy chứng nhận quyền sử dụng đất (chưa có hồ sơ). - Quyết định về việc,"giá chào bán khoảng 1,500 tỷ","1,500 tỷ; 61.7 tr/m2; 40 tr/m2; 45 tr/m2; 56 tr/m2; 65 tr/m2; 43 tr/m2; 40tr/m2",,,,,,,,,"chưa có hồ sơ). - Quyết định về việc cho phép công ty CP Tổng Bách Hóa chuyển mục đích sử dụng đất 35,896 m2 để thực hiện dự án đầu tư xây dựng Khu nhà ở. (chưa có hồ sơ). - Quyết định về phê duyệt giá thu tiền sử dụng đất v; chưa có hồ sơ). 3. Pháp lý đầu tư: - Chấp thuận chủ trương đầu tư số 795/QĐ-UBND tuy nhiên thông tin chưa thể hiện rõ việc chủ đầu tư được chỉ định làm chủ đầu tư thực hiện dự án hay không. 4. Pháp lý quy hoạch: - Chấp thuận; chưa có hồ sơ). - Quyết định về phê duyệt điều chỉnh cục bộ quy hoạch tại khu đất xây dựng khu nhà ở thuộc ô đất quy hoạch có ký hiệu B5-1 trong quy hoạch chung xây dựng huyện Thanh Trì, tỷ lệ 1/500. (chưa có hồ sơ) - Quy ho; chưa có hồ sơ) - Kiểm tra thông tin quy hoạch sử dụng đất trên trang web Guland thì vị trí dự án được quy hoạch làm đất ở. 5. Pháp lý xây dựng: - Chưa có thông tin về giấy",,,"[2022-08-26] Quy Vo-PTDT 8/26/2022 2:20 PM KĐT gửi Mr.Tuấn Tuan Tran-CEO Báo cáo Dự án khu dân cư cao tầng Ngọc Hồi với tổng diện tích đất thực hiện dự án là 24,282 m2 (giá chào bán khoảng 1,500 tỷ tương đương 61.7 tr/m2) tại 486 Ngọc Hồi, Thị Trấn Văn Điển, Huyện Thanh Trì, Tp.Hà Nội: 1. Vị trí dự án: - Dự án nằm tại đường Ngọc Hồi nối quốc lộ 1A hướng chính của cửa ngõ phía Nam Thủ Đô gần mạng lưới giao thông thuận tiện như tuyến đường trên cao vành đai 3, tuyến cao tốc Hà Nội - Ninh Bình. Dự án có bán kính cách CBD Hà Nội khoảng 9.5 Km. Cách dự án về phía Nam 2.5 Km là tổ hợp ga Depot Ngọc Hồi với tổng diện tích 171 ha. - Mặt tiền dự án hiện tại tiếp giáp tuyến đường sắt Bắc Nam (quy hoạch trong tương lai là tuyến đường sắt đô thị, tuyến Yên Viên – Ngọc Hồi). 2. Pháp lý đất: - Giấy chứng nhận quyền sử dụng đất (chưa có hồ sơ). - Quyết định về việc cho phép công ty CP Tổng Bách Hóa chuyển mục đích sử dụng đất 35,896 m2 để thực hiện dự án đầu tư xây dựng Khu nhà ở. (chưa có hồ sơ). - Quyết định về phê duyệt giá thu tiền sử dụng đất và tiền thuê đất của dự án đầu tư xây dựng khu nhà ở. (chưa có hồ sơ). 3. Pháp lý đầu tư: - Chấp thuận chủ trương đầu tư số 795/QĐ-UBND tuy nhiên thông tin chưa thể",59,khu dân cư cao tầng Ngọc Hồi với tổng diện tích đất thực hiện dự án là 24,khu dân cư cao tầng ngọc hồi với tổng diện tích đất thực hiện dự án là 24,24.282 m² (~2.43 ha),24.282 m² (~2.43 ha),"24,282 m2","2.43 ha; 171 ha; 35,896 m2","giá chào bán khoảng 1,500 tỷ",,,,,,,"giá chào bán khoảng 1,500 tỷ; 1,500 tỷ; 61.7 tr/m2; 40 tr/m2; 45 tr/m2; 56 tr/m2; 65 tr/m2; 43 tr/m2; 40tr/m2",hệ số sử dụng đất 7,,"dân số 3,720",,1/500,,tiền sử dụng đất và tiền thuê đất của dự án đầu tư xây dựng khu nhà ở,"Giấy chứng nhận quyền sử dụng đất (chưa có hồ sơ); Quyết định về việc cho phép công ty C; Quyết định về phê duyệt điều chỉnh cục bộ quy hoạch tại khu đất xây dựng khu nhà ở thuộc ô đất quy hoạch có; Quyết định về việc cho phép công ty CP Tổng Bách Hóa chuyển mục đích sử dụng đất 35,896 m2 để thực hiện dự án đầu tư xây dựng Khu nhà ở; thuê đất của dự án đầu tư xây dựng khu nhà ở; chủ trương đầu tư số 795/QĐ-UBND tuy nhiên thông tin chưa thể hiện rõ việc chủ đầu tư được chỉ định làm chủ đầu tư t; Quyết định về phê duyệt điều chỉnh cục bộ quy hoạch tại khu đất xây dựng khu nhà ở thuộc ô đất quy hoạch có ký hiệu B5-1 trong quy hoạch; Quyết định về việc [2022-08-26] Quy Vo-PTDT 8/26/2022 2:20 PM KĐT gửi Mr; Quyết định về phê duyệt giá thu tiền sử dụng đất và tiền thuê đất của dự án đầu tư xây dựng khu nhà ở; chủ trương đầu tư số 795/QĐ-UBND tuy nhiên thông tin chưa thể",batch_917.txt,45,matched_teams_map_link,suspicious_shared_by_many_projects,,BDS-CURATED-0064,48,17,20,17,19,6,19,C,Tọa độ nghi ngờ,project_or_deal,,,BDS-CURATED-0064,2022-08-26,no,yes,yes,yes,yes
,Felicia,3,2025-06-28,2025-06-28,batch_368.txt; batch_005.txt,Thao L - INVT,,,,https://maps.app.goo.gl/u5QRXoNjSCh5uxRx5,,Đà Nẵng,,22.204 m² (~2.22 ha),khách sạn; TMĐT,,"QUY HOẠCH Khách sạn 5 sao với quy mô: 25 tầng + 2 hầm, tổng sàn xây dựng 22,204m2 với 250 phòng. 3. TIẾN ĐỘ XÂY DỰNG - BÁN HÀNG - VẬN HÀNH 4. TỔNG HỢP THÔNG SỐ VẬN HÀNH – Không vay, chưa VA",quy mô: 25 tầng,,,,"Pháp lý: GCNQSDĐ: Đất cơ sở sản xuất, kinh doanh – Thời hạn 2060 (tạm tính) - Nhà nước giao đất có thu tiền SDĐ. 2. THÔNG SỐ QUY HOẠCH Khách sạn 5 sao với quy mô: 25 tầng + 2 hầm, tổng sàn xây dựng 22,204m2 với 250 phòng. 3. TI","Pháp lý: GCNQSDĐ: Đất cơ sở sản xuất, kinh doanh – Thời hạn 2060 (tạm tính) - Nhà nước",,"600 tỷ; 500 tỷ; 100 tỷ; 4.5tr/m2; 1,149 tỷ",,,"TMĐT gồm VAT: 1,149 tỷ",,,,,,"chưa VAT 5. HIỆU QUẢ TÀI CHÍNH Với Phương án sử dụng 100% Vốn chủ sở hữu không vay: - TMĐT gồm VAT: 1,149 tỷ - 100% Vốn chủ sở hữu Trong 10 năm đầu vận hành: - %EBITDA/TMĐT trong 03 năm đầu vận hành (1, 2, 3): 6% - 7% - %EBI",,o việc sửa chữa cải tạo dự án) Phí Quản lý: 4% Doanh thu Phí Bảo hiểm: 0.1% TMĐT 3. Bảng so sánh sau khi thêm các chi phí của P Đầu Tư Bao Cao Khach_San_Felicia.pdf,"[2025-06-28 | BDS-MASTER-0030] [2025-06-28] Thao L - INVT 6/28/2025 5:17 PM Edited Translate K.ĐT báo cáo anh Mr Mike1 -CEO về dự án Felecia, Đà Nẵng với phương án 100% là Vốn chủ sở hữu, không vay như sau: 1. THÔNG TIN SƠ BỘ: a. Giá chuyển nhượng (bao gồm đất + CTXD tòa khách sạn): 600 tỷ, trong đó tạm tính: - Giá chuyển nhượng đất: 500 tỷ - Giá chuyển nhượng CTXD đã hoàn thiện phần thô khoảng 100 tỷ ~ 4.5tr/m2 sàn (tạm tính thận trọng) b. Pháp lý: GCNQSDĐ: Đất cơ sở sản xuất, kinh doanh – Thời hạn 2060 (tạm tính) - Nhà nước giao đất có thu tiền SDĐ. 2. THÔNG SỐ QUY HOẠCH Khách sạn 5 sao với quy mô: 25 tầng + 2 hầm, tổng sàn xây dựng 22,204m2 với 250 phòng. 3. TIẾN ĐỘ XÂY DỰNG - BÁN HÀNG - VẬN HÀNH 4. TỔNG HỢP THÔNG SỐ VẬN HÀNH – Không vay, chưa VAT 5. HIỆU QUẢ TÀI CHÍNH Với Phương án sử dụng 100% Vốn chủ sở hữu không vay: - TMĐT gồm VAT: 1,149 tỷ - 100% Vốn chủ sở hữu Trong 10 năm đầu vận hành: - %EBITDA/TMĐT trong 03 năm đầu vận hành (1, 2, 3): 6% - 7% - %EBITDA/TMĐT trong 03 năm kế (4, 5, 6): 8% - 9% - %EBITDA/TMĐT trong 4 năm kế (7, 8, 9, 10): 10% - 12% => Tỷ suất khá thấp và kém hấp dẫn Link map: https://maps.app.goo.gl/u5QRXoNjSCh5uxRx5 Gửi a David coi by Unknown User

---

[2025-06-28 | BDS-MASTER-0419] [2025-06-28] Thao L - INVT 6/28/2025 5:17 PM K.ĐT báo cáo anh Mr Mike1 -CEO về dự án Felecia, Đà Nẵng với phương án 100% là Vốn chủ… Ebitda ở đay là số như thế nào EBITDA được tính bằng cách lấy tổng doanh t... by Thao L - INVT

---

[ | BDS-MASTER-0285] [] Huy M - IM 6/30 11:01 AM Chiều nay a báo lại Sếp à Sau khi Phòng đầu tư nhận được thông tin củ... by Hoa D - CVDT, has an attachment. 6/30 5:20 PM Edited Hoa D - CVDT Sau khi Phòng đầu tư nhận được thông tin của anh David Cường, P. Đầu tư xin báo cáo lại Sếp Admin 01 về dự án Felicia: Giả định 1. Doanh thu ADR: 2.55tr/phòng/đêm OCC: năm đầu 75%, ổn định 88% % Tăng giá: 5% mỗi năm 2. Chi phí Chi phí đầu tư: 1,000 Tỷ VNĐ % Chi phí HĐKD: năm đầu 52%, ổn định 46% Dựa theo các dự án của đang triển khai, P. Đầu tư bổ sung thêm các chi phí sau GOP như sau: FF&E: 3% Doanh thu (Chi phí dự trù cho việc sửa chữa cải tạo dự án) Phí Quản lý: 4% Doanh thu Phí Bảo hiểm: 0.1% TMĐT 3. Bảng so sánh sau khi thêm các chi phí của P Đầu Tư Bao Cao Khach_San_Felicia.pdf",53,Felecia,felecia,22.204 m² (~2.22 ha),22.204 m² (~2.22 ha),"22,204 m2",2.22 ha,,"TMĐT gồm VAT: 1,149 tỷ; Chi phí đầu tư: 1,000 Tỷ",,,,,,"600 tỷ; 500 tỷ; 100 tỷ; 4.5tr/m2; 1,149 tỷ; TMĐT gồm VAT: 1,149 tỷ; 1,000 Tỷ; Chi phí đầu tư: 1,000 Tỷ; Doanh thu ADR: 2.55t",,quy mô: 25 tầng,,,,,,"GCNQSDĐ: Đất cơ sở sản xuất, kinh doanh – Thời hạn 2060 (tạm tính) - Nhà nước giao đất có thu tiền SDĐ; GCNQSDĐ: Đất cơ sở sản xuất, kinh doanh – Thời hạn 2060 (tạm tính) - Nhà nước [2025-06-28] Thao L - INVT 6/28/2025 5:17 PM Edited Translate K",,,,resolved,BDS-MASTER-0030; BDS-MASTER-0285; BDS-MASTER-0419,BDS-CURATED-0337,44,15,25,4,14,5,4,D,Thiếu tọa độ,project_or_deal,,,BDS-CURATED-0337,2025-06-28,no,yes,yes,yes,no
BDS-MASTER-0101,54ha liền kề sân bay Phan Thiết có giá chào 860-900 tỷ,1,2022-08-11,2022-08-11,batch_922.txt,Trieu Nguyen-PTDT,11.0196953,108.2482713,"11.0196953, 108.2482713",https://goo.gl/maps/9VManjp1YiqeSC1A8,"và hạ tầng giao thông kết nối - Dự án nằm sát cảng hàng không nội địa Phan Thiết đang trong giai đoạn hoàn thành Chủ trương đầu tư, đã hoàn thành công tác đền bù và giải phóng mặt bằng, phục vụ dân dụng và quốc phòng - D",Đồng Nai,Long Thành,3.000.000 m² (~300.00 ha),Khu Công Nghiệp,,"quy hoạch sẽ hình thành nhiều Khu Công Nghiệp trong tương lai dẫn đến hình thành nhiều dự án khu đô thị ven sân bay nhằm phục vụ các cư dân từ nơi khác đến Đồng Nai sinh sống, - Sân bay Phù; mật độ dân sống quanh khu vực sân bay rất thấp, đa phần tập trung khu vực ven biển - Sân bay Phan Thiết: nằm không cách quá xa khu dân cư hiện hữu, cách trung tâm TP Phan Thiết khoảng 24",,,,"dân số thấp (157; dân số thấp hơn trung bình khoảng 1,360; dân cư hiện hữu, cách trung tâm TP Phan Thiết khoảng 24; dân dụng và quốc phòng - Dự án nằm tiếp giáp đường 715","Chủ trương đầu tư, đã hoàn thành công tác đền bù và giải phóng mặt bằng, phục vụ dân dụng và quốc phòng - Dự án nằm tiếp giáp đường 715, là tuyến đường kết nối đến đường Võ Nguyên Giáp - tuyến đường chính chạy về thành phố Phan Th",,giá chào 860 900 tỷ; giá chào 860-900 tỷ,900 tỷ,,,,DT 8/11/2022 12:10 PM Edited KĐT gửi anh Tuan Tran-CEO báo cáo dự án 54ha liền kề sân bay Phan Thiết có giá chào 860-900 tỷ,,,,,,,,"[2022-08-11] Trieu Nguyen-PTDT 8/11/2022 12:10 PM Edited KĐT gửi anh Tuan Tran-CEO báo cáo dự án 54ha liền kề sân bay Phan Thiết có giá chào 860-900 tỷ: Vị trí và hạ tầng giao thông kết nối - Dự án nằm sát cảng hàng không nội địa Phan Thiết đang trong giai đoạn hoàn thành Chủ trương đầu tư, đã hoàn thành công tác đền bù và giải phóng mặt bằng, phục vụ dân dụng và quốc phòng - Dự án nằm tiếp giáp đường 715, là tuyến đường kết nối đến đường Võ Nguyên Giáp - tuyến đường chính chạy về thành phố Phan Thiết, nằm cách đường Võ Nguyên Giáp khoảng 6.8km - Dự án cách biển 7.4km, cách thành phố Phan Thiết 24km 2. Đánh giá về sự ảnh hưởng sân bay Phan Thiết và các sân bay khác đến định hướng phát triển dự án bất động sản - Sân bay Long Thành là sân bay Quốc tế có quy mô 5300ha, phục vụ cho các chuyến bay quốc tế để các chuyên gia quốc tế và cư dân ở tỉnh thành khác đến Đồng Nai và các tỉnh thành lân cận để làm việc, vì định hướng phát triển quy hoạch sẽ hình thành nhiều Khu Công Nghiệp trong tương lai dẫn đến hình thành nhiều dự án khu đô thị ven sân bay nhằm phục vụ các cư dân từ nơi khác đến Đồng Nai sinh sống, - Sân bay Phù Cát: là sân bay đã hình thành và TP Quy Nhơn là 1 trong những thành phố du lịch ",59,54ha liền kề sân bay Phan Thiết có giá chào 860-900 tỷ,54ha liền kề sân bay phan thiết có giá chào 860 900 tỷ,3.000.000 m² (~300.00 ha),3.000.000 m² (~300.00 ha),300 ha,54ha,giá chào 860 900 tỷ; giá chào 860-900 tỷ,,DT 8/11/2022 12:10 PM Edited KĐT gửi anh Tuan Tran-CEO báo cáo dự án 54ha liền kề sân bay Phan Thiết có giá chào 860-900 tỷ,,,,,giá chào 860 900 tỷ; giá chào 860-900 tỷ; 900 tỷ; DT 8/11/2022 12:10 PM Edited KĐT gửi anh Tuan Tran-CEO báo cáo dự án 54ha liền kề sân bay Phan Thiết có giá chào 860-900 tỷ,,,"dân số thấp (157; dân số thấp hơn trung bình khoảng 1,360; dân cư hiện hữu, cách trung tâm TP Phan Thiết khoảng 24; dân dụng và quốc phòng - Dự án nằm tiếp giáp đường 715",,,"giải phóng mặt bằng, phục vụ dân dụng và quốc phòng - Dự án nằm tiếp giáp đường 715, là tuyến đường kết nối đến đường Võ Nguyên Giáp - tuyến đường chính chạy về thành phố Phan Th; giải phóng mặt bằng, phục vụ dân dụng và quốc phòng - Dự án nằm tiếp giáp đường 715, là tuyến đường kết nối đến đường Võ Nguyên Giáp - tuyến đường chính chạy về thành phố Phan Thi",,"Chủ trương đầu tư, đã hoàn thành công tác đền bù và giải phóng mặt bằng, phục vụ dân dụng và quốc phòng - Dự án nằm tiếp giáp đường 715, là tuyến đường kết nối đến đường Võ Nguyên Giáp - tuyến đườn",batch_922.txt,32,matched_teams_map_link,suspicious_shared_by_many_projects,,BDS-CURATED-0049,43,17,20,4,18,10,15,D,Tọa độ nghi ngờ,project_or_deal,,,BDS-CURATED-0049,2022-08-11,no,yes,yes,yes,yes
BDS-MASTER-0075,chung cư Hòa Xuân (A2-3 & A2-4) 1,1,,,batch_172.txt,,,,,,,,,6.648 m²,chung cư,,"Quy hoạch theo QHPK mới: + A2-3: 18 tầng, 880 dân, mđxd 73%, hệ số 12.4 (Thiết kế đc 12.4) + A2-4: 15 tầng, 804 dân (thiết kế được 682) , mđxd 76%, hệ số 12.2 (thiết kế được 10.6) 2. Hiệu q",,hệ số 12.4; hệ số 12.2,mđxd 73%; mđxd 76%,"dân (thiết kế được 682; dân, mđxd 73","pháp lý: 36 tỷ (dành cho gđ xin GPXD, nghiệm thu, ra sổ) + Ls: 12%/năm c) Hiệu quả kinh doanh: LNTT: 956 tỷ LNST: 765 tỷ NPV: 512 tỷ IRR: 141% LNTT/TMĐT: 49,1% 300126_R D_De xuat PA phat trien 2 lo Hoa Xuan_full dat o.pdf Ủa gi",chưa VAT tim tường) + Giá bán shop: 80 tr/m2 (chưa VAT tim tường) + Nhà trẻ: cho thuê 3.5$/m2/tháng + Chi phí bán hàng: 19 %,giá mua là bao nhiêu by Admin 01 60 tr/m2,60 tr/m2; 80 tr/m2; 15tr/m2; 36 tỷ; 956 tỷ; 765 tỷ; 512 tỷ,Giá bán căn hộ: 55 – 60 tr/m2; Giá bán shop: 80 tr/m2,,,doanh thu b) Giả định xây dựng: + Suất xây dựng: 13t LNTT: 956 tỷ,LNTT: 956 tỷ; LNST: 765 tỷ,IRR: 141%,NPV: 512 tỷ,,"chưa VAT tim tường) + Giá bán shop: 80 tr/m2 (chưa VAT tim tường) + Nhà trẻ: cho thuê 3.5$/m2/tháng + Chi phí bán hàng: 19 %/doanh thu b) Giả định xây dựng: + Suất xây dựng: 13tr./m2 (gồm VAT), trang bị nội thất liền tường.",,"+ Ls: 12%/năm c) Hiệu quả kinh doanh: LNTT: 956 tỷ LNST: 765 tỷ NPV: 512 tỷ IRR: 141% LNTT/TMĐT: 49,1% 300126_R D_De xuat PA phat trien 2 lo Hoa Xuan_full dat o.pdf","[] P.ĐT báo cáo sếp hiệu quả dự án chung cư Hòa Xuân (A2-3 & A2-4) 1. Thông tin tổng quan a) Diện tích: 6.648 m2; Trong đó: + A2-3: 3.508 m2 + A2-4: 3.140 m2 b) Quy hoạch theo QHPK mới: + A2-3: 18 tầng, 880 dân, mđxd 73%, hệ số 12.4 (Thiết kế đc 12.4) + A2-4: 15 tầng, 804 dân (thiết kế được 682) , mđxd 76%, hệ số 12.2 (thiết kế được 10.6) 2. Hiệu quả: a) Giả định kinh doanh (tham chiếu báo cáo từ RnD): + Giá bán căn hộ: 55 – 60 tr/m2 (chưa VAT tim tường) + Giá bán shop: 80 tr/m2 (chưa VAT tim tường) + Nhà trẻ: cho thuê 3.5$/m2/tháng + Chi phí bán hàng: 19 %/doanh thu b) Giả định xây dựng: + Suất xây dựng: 13tr./m2 (gồm VAT), trang bị nội thất liền tường. + Suất Đầu tư all in: 15tr/m2 + Chi phí pháp lý: 36 tỷ (dành cho gđ xin GPXD, nghiệm thu, ra sổ) + Ls: 12%/năm c) Hiệu quả kinh doanh: LNTT: 956 tỷ LNST: 765 tỷ NPV: 512 tỷ IRR: 141% LNTT/TMĐT: 49,1% 300126_R D_De xuat PA phat trien 2 lo Hoa Xuan_full dat o.pdf Ủa giá mua là bao nhiêu by Admin 01",71,chung cư Hòa Xuân (A2-3 & A2-4) 1,chung cư hòa xuân a2 3 a2 4 1,6.648 m²,6.648 m²,6.648 m²,3.508 m2; 3.140 m2,giá mua là bao nhiêu by Admin 01 60 tr/m2,,doanh thu b) Giả định xây dựng: + Suất xây dựng: 13t LNTT: 956 tỷ,LNTT: 956 tỷ; LNST: 765 tỷ,IRR: 141%,NPV: 512 tỷ,,giá mua là bao nhiêu by Admin 01 60 tr/m2; 60 tr/m2; 80 tr/m2; 15tr/m2; 36 tỷ; 956 tỷ; 765 tỷ; 512 tỷ; Giá bán căn hộ: 55 – 60 tr/m2; Giá bán shop: 80 tr/m2; doanh thu b) Giả định xây dựng: + Suất xây dựng: 13t LNTT: 956 tỷ; LNTT: 956 tỷ; LNST: 765 tỷ; IRR: 141%; NPV: 512 tỷ,hệ số 12.4; hệ số 12.2,,"dân (thiết kế được 682; dân, mđxd 73",mđxd 73%; mđxd 76%,,,,,,,,,,BDS-CURATED-0319,43,0,13,12,8,28,4,D,Thiếu tọa độ,project_or_deal,,,BDS-CURATED-0319,,no,yes,yes,yes,yes
BDS-MASTER-0042,Urban Green,2,2023-12-18,2023-12-18,batch_060.txt; batch_718.txt,Sinh Nguyen-Dau Tu,10.840677,106.719716,"10.840677, 106.719716",https://maps.app.goo.gl/ioqJ9N2mKRyMdiAe6,"Tiếp giáp 2 mặt tiền Đường số 4, đường trải nhựa rộng khoảng 6-7m, quy hoạch lộ giới dự kiến 20m, cách trục đường Quốc lộ 13 khoảng 230m, cách khu đô thị Vạn Phúc khoảng 800m Cách sân bay Quốc tế Tân Sơn Nhất khoảng 8,2k",Hồ Chí Minh,TP. Thủ Đức,51.000 m² (~5.10 ha),,Đất sản xuất; * Hình thức sử dụng đất: Giao đất có thu tiền sử dung đất; * Thời hạn sử dụng đất: Ổn định lâu dài (Căn cứ QĐ 2232/QĐ-UB ngày 16/6/2003 của UBND T,"quy hoạch lộ giới dự kiến 20m, cách trục đường Quốc lộ 13 khoảng 230m, cách khu đô thị Vạn Phúc khoảng 800m Cách sân bay Quốc tế Tân Sơn Nhất khoảng 8,2km Cách Chợ Bến Thành khoảng 9,6km 2/; quy hoạch đất giao thông (không nằm trong ranh giao đất cho công ty) → Quy hoạch: Phần đất có diện tích 1.783,23m² thuộc quy hoạch đất giao thông 4/ Pháp lý đầu tư: Chưa có/Chưa được cung c; quy hoạch - Quyết định số 3173/QĐ-UBND ngày 31/7/2023 về việc Phê duyệt điều chỉnh cục bộ Đồ án quy hoạch phân khu tỷ lệ 1/2000 KDC dọc Quốc lộ 13, phường Hiệp Bình Phước, quận Thủ Đức (nay; Quy hoạch: Tăng hệ số sử dụng đất lên 10 lần. Khi tăng hệ số sử dụng đất, dẫn đến tăng dân số. Tuy nhiên, phần dân số tăng lên thì phân bổ nhiều cho NOXH để đủ mức; Quy hoạch: Tăng hệ số sử dụng đất lên 10 lần. Khi tăng hệ số sử dụng đất, dẫn đến tăng dân số. Tuy nhiên, phần dân số tăng lên thì phân bổ nhiều cho N",,hệ số sử dụng đất lên 10; HSSDĐ với dân số 5.473; Hệ số sử dụng đất là 10,,dân (từ 537; dân lên 1.113; dân (từ 3.163; dân lên 4.360; dân số 3.700; dân số 5.473,"Pháp lý đất: - Tổng diện tích đất Công ty Kinh Đô sử dụng: 5,1ha. Chưa có đất ở + Có 4,9ha đã được cấp sổ: * Loại đất: Đất sản xuất; * Hình thức sử dụng đất: Giao đất có thu tiền sử dung đất; * Thời hạn sử dụng đất: Ổn định lâu; GCN ngày 10/10/2006. + Chênh lệch phần diện tích 0,2ha, UBND phường Hiệp Bình Phước có ý kiến như sau: * Phần mương thoát nước, có diện tích 218,27m² do UBND Phường quản lý. Hệ thống thoát nước chung cho khu dân cư và các đ; giao đất cho công ty) → Quy hoạch: Phần đất có diện tích 1.783,23m² thuộc quy hoạch đất giao thông 4/ Pháp lý đầu tư: Chưa có/Chưa được cung cấp 5/ Pháp lý quy hoạch - Quyết định số 3173/QĐ-UBND ngày 31/7/2023 về việc Phê duyệt","Pháp lý đất: - Tổng diện tích đất Công ty Kinh Đô sử dụng: 5,1ha. Chưa có đất ở + Có 4,",,,,,,,,,,,"Chưa có đất ở + Có 4,9ha đã được cấp sổ: * Loại đất: Đất sản xuất; * Hình thức sử dụng đất: Giao đất có thu tiền sử dung đất; * Thời hạn sử dụng đất: Ổn định lâu dài (Căn cứ QĐ 2232/QĐ-UB ngày 16/6/2003 của UBND Thành phố, S; Chưa có/Chưa được cung cấp 5/ Pháp lý quy hoạch - Quyết định số 3173/QĐ-UBND ngày 31/7/2023 về việc Phê duyệt điều chỉnh cục bộ Đồ án quy hoạch phân khu tỷ lệ 1/2000 KDC dọc Quốc lộ 13, phường Hiệp Bình Phước, quận Thủ Đức (; Đề xuất xin chỉ tiêu Quy hoạch: Tăng hệ số sử dụng đất lên 10 lần. Khi tăng hệ số sử dụng đất, dẫn đến tăng dân số. Tuy nhiên, phần dân số tăng lên thì phân bổ nhiều cho NOXH để đủ mức; Đề xuất xin chỉ tiêu Quy hoạch: Tăng hệ số sử dụng đất lên 10 lần. Khi tăng hệ số sử dụng đất, dẫn đến tăng dân số. Tuy nhiên, phần dân số tăng lên thì phân bổ nhiều cho N","Đề xuất xin chỉ tiêu Quy hoạch: Tăng hệ số sử dụng đất lên 10 lần. Khi tăng hệ số sử dụng đất, dẫn đến tăng dân số. Tuy nhiên, phần dân số tăng lên thì phân bổ nhiều cho NOXH để đủ mức; Đề xuất xin chỉ tiêu Quy hoạch: Tăng hệ số sử dụng đất lên 10 lần. Khi tăng hệ số sử dụng đất, dẫn đến tăng dân số. Tuy nhiên, phần dân số tăng lên thì phân bổ nhiều cho N",,"[2023-12-18] Sinh Nguyen-Dau Tu 12/18/2023 6:19 PM K.ĐT báo cáo anh Tuan Tran-CEO dự án 5,1ha Kinh Đô, mặt tiền Đường số 4, phường Hiệp Bình Phước, TP. Thủ Đức, TP. Hồ Chí Minh như sau: 1/ Vị trí Tiếp giáp 2 mặt tiền Đường số 4, đường trải nhựa rộng khoảng 6-7m, quy hoạch lộ giới dự kiến 20m, cách trục đường Quốc lộ 13 khoảng 230m, cách khu đô thị Vạn Phúc khoảng 800m Cách sân bay Quốc tế Tân Sơn Nhất khoảng 8,2km Cách Chợ Bến Thành khoảng 9,6km 2/ Hiện trạng: Đất trống + nhà xưởng (hình ảnh vệ tinh) 3/ Pháp lý đất: - Tổng diện tích đất Công ty Kinh Đô sử dụng: 5,1ha. Chưa có đất ở + Có 4,9ha đã được cấp sổ: * Loại đất: Đất sản xuất; * Hình thức sử dụng đất: Giao đất có thu tiền sử dung đất; * Thời hạn sử dụng đất: Ổn định lâu dài (Căn cứ QĐ 2232/QĐ-UB ngày 16/6/2003 của UBND Thành phố, Sở Tài nguyên và Môi trường cập nhật) Cập nhật biến động trên GCN ngày 10/10/2006. + Chênh lệch phần diện tích 0,2ha, UBND phường Hiệp Bình Phước có ý kiến như sau: * Phần mương thoát nước, có diện tích 218,27m² do UBND Phường quản lý. Hệ thống thoát nước chung cho khu dân cư và các đơn vị sản xuất lân cận, dùng thoát nước ra rạch Đỉa; * Một phần thửa đất giao cho công ty Kinh Đô xây dựng xưởng chế biến thực phẩ

---

[] P.ĐT gửi lại sếp Admin 01 báo cáo dự án 5,1ha Kinh Đô, mặt tiền Đường số 4, phường Hiệp Bình Phước, TP. Thủ Đức, TP. Hồ Chí Minh - Báo cáo vào ngày 18/12/2023 1/ Vị trí Tiếp giáp 2 mặt tiền Đường số 4, đường trải nhựa rộng khoảng 6-7m, quy hoạch lộ giới dự kiến 20m, cách trục đường Quốc lộ 13 khoảng 230m, cách khu đô thị Vạn Phúc khoảng 800m Cách sân bay Quốc tế Tân Sơn Nhất khoảng 8,2km Cách Chợ Bến Thành khoảng 9,6km 2/ Hiện trạng: Đất trống + nhà xưởng (hình ảnh vệ tinh) 3/ Pháp lý đất: - Tổng diện tích đất Công ty Kinh Đô sử dụng: 5,1ha. Chưa có đất ở + Có 4,9ha đã được cấp sổ: * Loại đất: Đất sản xuất; * Hình thức sử dụng đất: Giao đất có thu tiền sử dung đất; * Thời hạn sử dụng đất: Ổn định lâu dài (Căn cứ QĐ 2232/QĐ-UB ngày 16/6/2003 của UBND Thành phố, Sở Tài nguyên và Môi trường cập nhật) Cập nhật biến động trên GCN ngày 10/10/2006. + Chênh lệch phần diện tích 0,2ha, UBND phường Hiệp Bình Phước có ý kiến như sau: * Phần mương thoát nước, có diện tích 218,27m² do UBND Phường quản lý. Hệ thống thoát nước chung cho khu dân cư và các đơn vị sản xuất lân cận, dùng thoát nước ra rạch Đỉa; * Một phần thửa đất giao cho công ty Kinh Đô xây dựng xưởng chế biến thực phẩm, một phần th",53,Urban Green,urban green,51.000 m² (~5.10 ha),51.000 m² (~5.10 ha),"5,1ha","1.783,23m²; 4,9ha; 0,2ha; 218,27m²",,,,,,,,,hệ số sử dụng đất lên 10; HSSDĐ với dân số 5.473; Hệ số sử dụng đất là 10,,dân (từ 537; dân lên 1.113; dân (từ 3.163; dân lên 4.360; dân số 3.700; dân số 5.473,,"quy hoạch phân khu tỷ lệ 1/2000 KDC dọc Quốc lộ 13, phường Hiệp Bình Phước, quận Thủ Đức (nay",,,"giao đất cho công ty) → Quy hoạch: Phần đất có diện tích 1; Quyết định số 3173/QĐ-UBND ngày 31/7/2023 về việc Phê duyệt điều chỉnh cục bộ Đồ án quy hoạch phân khu tỷ lệ 1/2000 KDC dọc Quốc lộ 13, phường Hiệp Bình Phước, quận Thủ Đức (nay; Giao đất có thu tiền sử dung đất; GCN ngày 10/10/2006; Quyết định số 3173/QĐ-UBND ngày 31/7/2023 về việc Phê duyệt Pháp lý đất: - Tổng diện tích đất Công ty Kinh Đô sử dụng: 5,1ha",,,,suspicious_shared_by_many_projects,,BDS-CURATED-0086,42,17,25,17,14,0,19,D,Tọa độ nghi ngờ; Thiếu tài chính,project_or_deal,,,BDS-CURATED-0086,2023-12-18,no,yes,yes,yes,no
,Hội An Riverside Resort & Spa,5,2024-11-15,2024-12-25,batch_208.txt; batch_549.txt; batch_607.txt; batch_680.txt; batch_666.txt,Sinh Nguyen-Dau Tu,,,,https://maps.app.goo.gl/zNrudtbb4kMk2xxv5,"Tiếp giáp mặt tiền đường Cửa Đại, đường trải nhựa, đường rộng khoảng 10m; Phía Tây dự án tiếp giáp sông Cổ Cò. - Cách giao lộ đường Cửa Đại và Võ Chí Công khoảng 450m. - Cách Bãi Biển khoảng 1,5km. - Cách trung tâm hàn",Quảng Nam,Hội An,7.580 m²,Resort,Đất thương mại dịch vụ (được chuyển mục đích từ đất ở đô thị) + Thời hạn sử dụng đất: Lâu dài + Nguồn gốc: Giao đất có thu tiền sử dụng đất 3/ Quy hoạch - Theo; Đất thương mại dịch vụ (được chuyển mục,"Quy hoạch - Theo phương án thiết kế của TVTK (361), ngày 18/10/2024: + Tầng cao: tối đa 7 tầng + Mật độ xây dựng toàn khu: 40% + Hệ số sử dụng đất toàn khu: 1,35 + Tổng diện tích sàn: 16.57; hệ số) : 27,3trđ/m² + Tính theo phòng : 2,81 tỷ/key - Tổng mức đầu tư: 299 tỷ (Dự án không sử dụng vốn vay) 4.4/ Giá thuê đề xuất (theo P. R&D) - Giá thuê vận hành năm 2027: + Giá thuê; Quy hoạch - Theo thông tin quy hoạch do phòng Quy hoạch cung cấp: + Tầng cao: tối đa 5 tầng + Mật độ xây dựng toàn khu: 40,86% + Hệ số sử dụng đất toàn khu: 1,243 + Tổng diện tích sàn: 14.1",Tầng cao: tối đa 7 tầng; Tầng cao: tối đa 5 tầng,"Hệ số sử dụng đất toàn khu: 1,35; hệ số) : 27,3; Hệ số sử dụng đất toàn khu: 1,243","Mật độ xây dựng toàn khu: 40%; Mật độ xây dựng toàn khu: 40,86%",,"Pháp lý đất: - Diện tích được cấp trong GCN: 7.580,1m², trong đó + Mục đích sử dụng: Đất thương mại dịch vụ (được chuyển mục đích từ đất ở đô thị) + Thời hạn sử dụng đất: Lâu dài + Nguồn gốc: Giao đất có thu tiền sử dụng đất 3/; pháp lý (theo kế hoạch của P.Thiết kế) - Quý I/2026 – Quý IV/2026: Xây dựng hoàn thành công trình và cảnh quan - Quý I/2027 – Năm 2053: Vận hành khai thác (vận hành 26 năm) 4.3/ Tổng mức đầu tư dự án: - Chi phí xây dựng All in; Pháp lý đất: - Diện tích được cấp trong GCN: 7.580,1m², trong đó: + 7.040,1m² là đất thương mại dịch vụ được chuyển mục đích từ đất ở đô thị; Thời hạn sử dụng: Lâu dài + 540m² là đất ở tại đô thị; Thời hạn sử dụng: Lâu dài - Hi; pháp lý - Năm 2025 - 2026: Xây dựng hoàn thành công trình và cảnh quan - Năm 2026-2053: Vận hành khai thác 4.3/ Tổng mức đầu tư dự án: - Chi phí xây dựng All in năm 2025: 24trđ/m² (chuẩn khách sạn resort 5 sao nhưn; Pháp lý đất: - Diện tích được cấp trong GCN: 7.580,1m², trong đó + Mục đích sử dụng: Đất thương mại dịch vụ (được chuyển mục","Pháp lý đất: - Diện tích được cấp trong GCN: 7.580,1m², trong đó + Mục đích sử dụng: Đấ",,"295 tỷ; 2,81 tỷ; 299 tỷ; 33,8 tỷ; 430 tỷ; 71 tỷ",,tiền sử dụng đất 3,Tổng mức đầu tư dự án: (theo đề xuất phòng QS) - Tổng mức đầu tư: 295 tỷ; Tổng mức đầu tư: 299 tỷ; Tổng mức đầu tư: 430 tỷ,,,"IRR = 15%; IRR = 17,1%; IRR = 12,44%; IRR=15%; IRR = 9,7%","NPV = 33,8 tỷ; NPV = -71 tỷ","hoàn vốn tính từ khi khai thác vận hành Có chiết khấu, Rₑ=11","đề xuất phòng QS) - Tổng mức đầu tư: 295 tỷ (Dự án không sử dụng vốn vay) - Chi phí xây dựng All in năm 2025 (theo P.QS) Chi phí xây dựng All in (*) Tháng 12 Tháng 10 Tính theo/key (triệu đồng/key) 2.315 2.819 (*) Suất đầu tư n; đề xuất từ phòng QS, tuy nhiên sau khi phòng hoàn thành suất đầu tư chung cho các dự án thì sẽ cập nhật lại suất đầu tư Suất đầu tư tính trên key phương án tháng 12 thấp hơn so với phương án tháng 10, do phương án tháng 12 tăng; đề xuất từ phòng R&D) - Giá thuê vận hành năm 2027: Sau khi Mr. Cường tư vấn và phòng R&D cập nhật lại thị trường theo phương án thiết kế mới Tháng 12 Tháng 10 Khách sạn (trđ/room) 2,7 2,5 Villas (trđ/room) 4,0 3,5 Giá này đã b; đề xuất (theo P. R&D) - Giá thuê vận hành năm 2027: + Giá thuê khách sạn: $98/phòng/đêm (bao gồm thuế, phí, ăn sáng); Tốc độ tăng giá 3%/năm + Giá thuê Villas:; đề xuất: - Giá thuê đề xuất bên Hos năm 2024: + Khác","đề xuất phòng QS) - Tổng mức đầu tư: 295 tỷ (Dự án không sử dụng vốn vay) - Chi phí xây dựng All in năm 2025 (theo P.QS) Chi phí xây dựng All in (*) Tháng 12 Tháng 10 Tính theo/key (triệu; đề xuất từ phòng QS, tuy nhiên sau khi phòng hoàn thành suất đầu tư chung cho các dự án thì sẽ cập nhật lại suất đầu tư Suất đầu tư tính trên key phương án tháng 12 thấp hơn so với phương; đề xuất từ phòng R&D) - Giá thuê vận hành năm 2027: Sau khi Mr. Cường tư vấn và phòng R&D cập nhật lại thị trường theo phương án thiết kế mới Tháng 12 Tháng 10 Khách sạn (trđ/room) 2,7 2; đề xuất (theo P. R&D) - Giá thuê vận hành năm 2027: + Giá thuê khách sạn: $98/phòng/đêm (bao gồm thuế, phí, ăn sáng); Tốc độ tăng giá 3%/năm + Giá thuê Villas:; đề xuất: - Giá thuê đề xuất bên Hos năm 2024: + Khách sạn: $120/phòng/đêm (Chưa bao gồm thuế, phí) → $132/phòng/đêm (bao gồm thuế, phí, ăn sáng) + Villas: $220/căn 2 phòng",,"[2024-12-25 | BDS-MASTER-0009] [2024-12-25] Sinh Nguyen-Dau Tu 12/25/2024 5:58 PM Translate K.ĐT cập nhật báo cáo anh Mr Mike1 -CEO, dự án Hội An Riverside Resort & Spa, mặt tiền đường Cửa Đại, phường Cẩm Châu, Thành phố Hội An, tỉnh Quảng Nam như sau: 1/ Cơ cấu phòng: So sánh phương án thiết kế, tháng 12 (125 phòng) và tháng 10 (104 phòng) Hạng mục Tháng 12 Tháng 10 Số phòng 125 104 Khách sạn 105 84 Villas 20 20 Diện tích trung bình/room Khách sạn (m²) 39 48 Villas (m²) 66 66 2/ Tổng mức đầu tư dự án: (theo đề xuất phòng QS) - Tổng mức đầu tư: 295 tỷ (Dự án không sử dụng vốn vay) - Chi phí xây dựng All in năm 2025 (theo P.QS) Chi phí xây dựng All in (*) Tháng 12 Tháng 10 Tính theo/key (triệu đồng/key) 2.315 2.819 (*) Suất đầu tư này căn cứ theo đề xuất từ phòng QS, tuy nhiên sau khi phòng hoàn thành suất đầu tư chung cho các dự án thì sẽ cập nhật lại suất đầu tư Suất đầu tư tính trên key phương án tháng 12 thấp hơn so với phương án tháng 10, do phương án tháng 12 tăng số phòng (125 phòng) so với phương án tháng 10 (104 phòng) nhưng suất đầu tư tính trên m² sàn thì như nhau. 3/ Khai thác kinh doanh: (theo đề xuất từ phòng R&D) - Giá thuê vận hành năm 2027: Sau khi Mr. Cường tư vấn và phòng R&D cập nhật lại thị t

---

[2024-11-15 | BDS-MASTER-0213] [2024-11-15] Sinh Nguyen-Dau Tu 11/15/2024 5:23 PM Edited Translate K.ĐT báo cáo anh Mr Mike1 -CEO về dự án Hội An Riverside Resort & Spa, mặt tiền đường Cửa Đại, phường Cẩm Châu, Thành phố Hội An, tỉnh Quảng Nam như sau: 1/ Vị trí - Tiếp giáp mặt tiền đường Cửa Đại, đường trải nhựa, đường rộng khoảng 10m; Phía Tây dự án tiếp giáp sông Cổ Cò. - Cách giao lộ đường Cửa Đại và Võ Chí Công khoảng 450m. - Cách Bãi Biển khoảng 1,5km. - Cách trung tâm hành chính TP. Hội An khoảng 3km. - Cách Bel Marina Hội An Resort khoảng 4,5km 2/ Pháp lý đất: - Diện tích được cấp trong GCN: 7.580,1m², trong đó + Mục đích sử dụng: Đất thương mại dịch vụ (được chuyển mục",67,Hội An Riverside Resort & Spa,hội an riverside resort spa,7.580 m²,7.580 m²,"7.580,1m²",16.570m²; 48m²; 85m²,,Tổng mức đầu tư dự án: (theo đề xuất phòng QS) - Tổng mức đầu tư: 295 tỷ; Tổng mức đầu tư: 299 tỷ; Tổng mức đầu tư: 430 tỷ,,,"IRR = 15%; IRR = 17,1%; IRR = 12,44%; IRR=15%; IRR = 9,7%","NPV = 33,8 tỷ; NPV = -71 tỷ",,"295 tỷ; 2,81 tỷ; 299 tỷ; 33,8 tỷ; 430 tỷ; 71 tỷ; tiền sử dụng đất 3; Tổng mức đầu tư dự án: (theo đề xuất phòng QS) - Tổng mức đầu tư: 295 tỷ; Tổng mức đầu tư: 299 tỷ; Tổng mức đầu tư: 430 tỷ; IRR = 15%; IRR = 17,1%; IRR = 12,44%; IRR=15%; IRR = 9,7%; NPV = 33,8 tỷ; NPV = -71 tỷ","Hệ số sử dụng đất toàn khu: 1,35; hệ số) : 27,3; Hệ số sử dụng đất toàn khu: 1,243",Tầng cao: tối đa 7 tầng; Tầng cao: tối đa 5 tầng,,"Mật độ xây dựng toàn khu: 40%; Mật độ xây dựng toàn khu: 40,86%",,,"tiền sử dụng đất 3/; tiền sử dụng đất 3/ Quy hoạch - Theo phương án thiết kế của TVTK (361), ngày 18/10/2024: + Tầng cao: tối đa 7 tầng + Mật độ xây dựng toàn khu: 40% + Hệ số sử dụng đất toàn khu: 1,35 + Tổng diện tí","GCN: 7; Giao đất có thu tiền sử dụng đất 3/; Giao đất có thu tiền sử dụng đất 3/ Quy hoạch - Theo phương án thiết kế của TVTK (361), ngày 18/10/2024: + Tầng cao: tối đa 7 tầng + Mật độ xây dựng toàn khu: 40% + Hệ số sử dụng đất toàn",,,,suspicious_shared_by_many_projects,BDS-MASTER-0009; BDS-MASTER-0213,BDS-CURATED-0323,41,0,25,12,19,14,15,D,Thiếu tọa độ; Tọa độ nghi ngờ,project_or_deal,,,BDS-CURATED-0323,2024-12-25,no,yes,yes,yes,yes
BDS-MASTER-0187,KĐT An Phú – PG (nguồn từ Ý-Pháp Chế) 1,1,,,batch_254.txt,,,,,,"P.An Phú, Thuận An, Bình Dương (cách Phú Gia Khiêm 1km, cách Fenica 2.5 km) Quy mô: - 3 tháp cao tầng (30 tầng): 1874 căn hộ ở, 504 officetel, 17 shophouse - 55 căn nhà phố thấp tầng - Dân số 3.899. 2. Pháp lý: Đã có quy",Bình Dương,,30.000 m² (~3.00 ha),cao tầng,,"Dân số 3.899. 2. Pháp lý: Đã có quyết định chủ trương đầu tư (phê duyệt tháng 06/2025), P.ĐT đang phối hợp để lấy thêm thông tin pháp lý khác. 3. Giá chào: 730 tỷ (cam kết pháp lý đến 1/; 1/500 theo ý người mua) 4. Đánh giá thị trường:",Quy mô: - 3 tháp cao tầng (30 tầng,,,Dân số 3.899,"Pháp lý: Đã có quyết định chủ trương đầu tư (phê duyệt tháng 06/2025), P.ĐT đang phối hợp để lấy thêm thông tin pháp lý khác. 3. Giá chào: 730 tỷ (cam kết pháp lý đến 1/500 và sẽ thiết kế 1/500 theo ý người mua) 4. Đánh giá thị","Pháp lý: Đã có quyết định chủ trương đầu tư (phê duyệt tháng 06/2025), P.ĐT đang phối h",Giá chào: 730 tỷ,730 tỷ,,,,,,,,,,,,"[] P.ĐT Báo cáo Mr Mike1 -CEO đánh giá sơ bộ dự án KĐT An Phú – PG (nguồn từ Ý-Pháp Chế) 1. Thông tin dự án: Diện tích: 3ha Vị trí: P.An Phú, Thuận An, Bình Dương (cách Phú Gia Khiêm 1km, cách Fenica 2.5 km) Quy mô: - 3 tháp cao tầng (30 tầng): 1874 căn hộ ở, 504 officetel, 17 shophouse - 55 căn nhà phố thấp tầng - Dân số 3.899. 2. Pháp lý: Đã có quyết định chủ trương đầu tư (phê duyệt tháng 06/2025), P.ĐT đang phối hợp để lấy thêm thông tin pháp lý khác. 3. Giá chào: 730 tỷ (cam kết pháp lý đến 1/500 và sẽ thiết kế 1/500 theo ý người mua) 4. Đánh giá thị trường:",41,KĐT An Phú – PG (nguồn từ Ý-Pháp Chế) 1,kđt an phú pg nguồn từ ý pháp chế 1,30.000 m² (~3.00 ha),30.000 m² (~3.00 ha),3.00 ha,,Giá chào: 730 tỷ,,,,,,,Giá chào: 730 tỷ; 730 tỷ,,Quy mô: - 3 tháp cao tầng (30 tầng,Dân số 3.899,,1/500 theo ý người mua) 4; 1/500 và sẽ thiết kế 1/500 theo ý người mua) 4,,,"quyết định chủ trương đầu tư (phê duyệt tháng 06/2025), P",,,,,,BDS-CURATED-0354,41,7,13,15,14,6,0,D,Thiếu tọa độ,project_or_deal,,,BDS-CURATED-0354,,no,yes,yes,yes,yes
BDS-MASTER-0128,Hoa viên Vĩnh Thanh sau khi có Thông số từ P,5,2025-02-08,2026-01-23,batch_217.txt; batch_270.txt; batch_282.txt; batch_531.txt,Thao L - INVT,10.6629773,106.8625131,"10.6629773, 106.8625131",https://maps.app.goo.gl/yVp7cfpfnfdzb7mV7,"theo đường phố (hoặc đường giao thông chính) cùng khu vực. - Hiện trạng đường tiếp giáp dự án chưa có tên, rộng >5m và cách đường Hùng Vương hơn 1Km, vì thế lấy theo Vị trí 3 đường Hùng Vương đoạn qua xã Vĩnh Thanh: 1.2t",Đồng Nai,,570.000 m² (~57.00 ha),,a. Đơn giá Chuyển mục đích sử dụng đất theo bảng giá đất Nhà nước: 1.2tr/m2 cho tổng 57ha ~ 683 tỷ b. Cơ sở: Theo QĐ số 86/2024/QĐ-UBND của UBND tỉnh Đồng Nai b,"QH và S.ĐT từ P.QS như sau: 1. Cập nhật Thông số của P.QH và SĐT của P.QS: a. Diện tích thương phẩm: 290,217m2 ~ 51% b. SĐT All in gồm VAT: 1.898 tr.đ/m2 cho tổng 57ha ~ 1,081 tỷ * P; QH v… Mà so sánh về hạ tầng, cảnh quan Sala với Phúc An Viên nha. Begin quote, Admin 01 , 1/24/2026 6:54 PM, ... by Thao L - INVT; QH v… Mà so sánh về hạ tầng, cảnh quan Sala vớ",,,,,,"chưa có tên, rộng >5m và cách đường Hùng Vương hơn 1Km, vì thế lấy theo Vị trí 3 đường Hùng Vương đoạn qua xã Vĩnh Thanh: 1.",,"1,081 tỷ; 1.2tr/m2; 683 tỷ; 1,327 tỷ; 10,362 tỷ; 1.59tr/m2; 905 tỷ","Đơn giá bán 2025 NPV = 1,327 tỷ",,,,"LNTT = 10,362 tỷ",IRR = 20%,"NPV = 1,327 tỷ",,"chưa có tên, rộng >5m và cách đường Hùng Vương hơn 1Km, vì thế lấy theo Vị trí 3 đường Hùng Vương đoạn qua xã Vĩnh Thanh: 1.2tr/m2. 3. Cập nhật Hiệu quả dự án: a. Để dự án đạt IRR = 20%, NPV = 1,327 tỷ và LNTT = 10,362 tỷ (T",,,"[2026-01-23] Thao L - INVT 1/23/2026 12:02 PM K.ĐT gửi anh Mr Mike1 -CEO cập nhật báo cáo dự án Hoa viên Vĩnh Thanh sau khi có Thông số từ P.QH v… Mà so sánh về hạ tầng, cảnh quan Sala với Phúc An Viên nha. Begin quote, Admin 01 , 1/24/2026 6:54 PM, ... by Thao L - INVT

---

[2026-01-23] Thao L - INVT 1/23/2026 12:02 PM K.ĐT gửi anh Mr Mike1 -CEO cập nhật báo cáo dự án Hoa viên Vĩnh Thanh sau khi có Thông số từ P.QH v… Mà so sánh về hạ tầng, cảnh quan Sala vớ

---

[2025-02-08] Thao L - INVT 2/8/2025 12:09 PM Translate K.ĐT gửi anh Mr Mike1 -CEO cập nhật báo cáo dự án Hoa viên Vĩnh Thanh sau khi có Thông số từ P.QH và S.ĐT từ P.QS như sau: 1. Cập nhật Thông số của P.QH và SĐT của P.QS: a. Diện tích thương phẩm: 290,217m2 ~ 51% b. SĐT All in gồm VAT: 1.898 tr.đ/m2 cho tổng 57ha ~ 1,081 tỷ * Phạm vi tính: - Đất mộ: Xử lý nền, trồng cỏ, Xử lý Khí - Thải – Mùi, Kim tĩnh. - Hạ tầng: Hạ tầng Công viên, Cảnh quan, Cây xanh, Kênh; Hạ tầng Giao thông, Bãi xe, Chiếu sáng, Cấp nước - điện - mạng; Hệ thống xử lý nước thải, Xử lý không khí. * Không tính SĐT các công trình tiện ích và phụ trợ, chỉ san lắp và làm hạ tầng chờ để triển khai sau: - Nhà tang lễ, Tịnh xá, Nhà hỏa táng, Nhà hàng và Nhà điều hành. (Tạm xem phần Chi phí xây dựng này sẽ được bù trừ bởi Doanh thu hoạt động khi sử dụng các dịch vụ của tiện ích này). 2. Cập nhật Tiền chuyển mục đích sử dụng đất tạm tính: a. Đơn giá Chuyển mục đích sử dụng đất theo bảng giá đất Nhà nước: 1.2tr/m2 cho tổng 57ha ~ 683 tỷ b. Cơ sở: Theo QĐ số 86/2024/QĐ-UBND của UBND tỉnh Đồng Nai ban hành 27/12/2024 V/v điều chỉnh bổ sung bảng giá đất tỉnh Đồng Nai: - Giá đất làm nghĩa trang, nhà tang lễ, cơ sở hỏa táng áp dụng bằng m",53,Hoa viên Vĩnh Thanh sau khi có Thông số từ P,hoa viên vĩnh thanh sau khi có thông số từ p,570.000 m² (~57.00 ha),570.000 m² (~57.00 ha),57ha,"290,217m2",,,,"LNTT = 10,362 tỷ",IRR = 20%,"NPV = 1,327 tỷ",,"1,081 tỷ; 1.2tr/m2; 683 tỷ; 1,327 tỷ; 10,362 tỷ; 1.59tr/m2; 905 tỷ; Đơn giá bán 2025 NPV = 1,327 tỷ; LNTT = 10,362 tỷ; IRR = 20%; NPV = 1,327 tỷ",,,,,,,,,batch_548.txt,21,matched_teams_map_link,suspicious_shared_by_many_projects,,BDS-CURATED-0077,39,17,25,0,8,18,19,D,Tọa độ nghi ngờ; Thiếu quy hoạch,project_or_deal,,,BDS-CURATED-0077,2026-01-23,no,yes,yes,no,yes
BDS-MASTER-0210,43ha - Dự án Tân phú,2,,,batch_011.txt; batch_064.txt,,,,,,,Bình Dương,Tân phú,1.900.000 m² (~190.00 ha),,,"1/500 dự kiến đối tác đề xuất) và giá chào này theo hiện trạng dự án, không bao gồm TSDĐ và việc gỡ các vấn đề PL nêu trên => Đề xuất: Không nghiên cứu dự án này Công ty Kim Oanh liên q; 1/500 dự kiến đối tác đề xuất) và giá chào này theo hiện trạng dự án, không",,,,,"1/500 dự kiến đối tác đề xuất) và giá chào này theo hiện trạng dự án, không bao gồm TSDĐ và việc gỡ các vấn đề PL nêu trên => Đề xuất: Không nghiên cứu dự án này Công ty Kim Oanh liên quan gì đến vụ án 43ha “đất vàng” tại Bìn; 1/500 dự kiến đối tác đề xuất) và giá chào này theo hiện trạng dự án, không",,"chào bán 13tr/m2; giá chào 13tr/m2; 5,600 tỷ) ~ 30tr/m2 đất ở thương phẩm (theo 1/500 dự kiến đối tác đề xuất) và giá chào","13tr/m2; 5,600 tỷ; 30tr/m2",,TSDĐ và việc gỡ các vấn đề PL nêu trên => Đề xuất: Không nghiên cứu dự án này Công ty Kim Oanh liên quan gì đến vụ án 43,,,,,,,"đề xuất) và giá chào này theo hiện trạng dự án, không bao gồm TSDĐ và việc gỡ các vấn đề PL nêu trên => Đề xuất: Không nghiên cứu dự án này Công ty Kim Oanh liên quan gì đến vụ án 43ha “đất vàng” tại Bình Dương? Cơ quan điều tr; đề xuất) và giá chào này theo hiện trạng dự án, không","đề xuất) và giá chào này theo hiện trạng dự án, không bao gồm TSDĐ và việc gỡ các vấn đề PL nêu trên => Đề xuất: Không nghiên cứu dự án này Công ty Kim Oanh liên quan gì đến vụ án 43ha “đ; đề xuất) và giá chào này theo hiện trạng dự án, không",,"[] P.ĐT gửi anh Admin 01 tóm tắt PL sơ bộ của dự án 43ha - Dự án Tân phú, Bình Dương (Kim Oanh) như sau: Link: Công ty Kim Oanh liên quan gì đến vụ án 43ha “đất vàng” tại Bình Dương? Đối tác đang chào bán 13tr/m2 cho 43 ha (5,600 tỷ) ~ 30tr/m2 đất ở thương phẩm (theo 1/500 dự kiến đối tác đề xuất) và giá chào này theo hiện trạng dự án, không bao gồm TSDĐ và việc gỡ các vấn đề PL nêu trên => Đề xuất: Không nghiên cứu dự án này Công ty Kim Oanh liên quan gì đến vụ án 43ha “đất vàng” tại Bình Dương? Cơ quan điều tra Bộ công an vừa có Kết luận điều tra, đề nghị truy tố với các cá nhân trong vụ án liên quan đến gần 190ha đất tại Tổng Công ty Sản xuất – Xuất nhập khẩu Bình Dương (Tổng Công ty 3/2... ngaymoionline.com.vn Cứ nghiên cứu đi xem lợi nhuận sao e by Admin 01

---

[] P.ĐT gửi anh Admin 01 tóm tắt PL sơ bộ của dự án 43ha - Dự án Tân phú, Bình Dương (Kim Oanh) như sau: Link: Công ty Kim Oanh liên quan gì đến vụ án 43ha “đất vàng” tại Bình Dương? Đối tác đang chào bán 13tr/m2 cho 43 ha (5,600 tỷ) ~ 30tr/m2 đất ở thương phẩm (theo 1/500 dự kiến đối tác đề xuất) và giá chào này theo hiện trạng dự án, không",35,43ha - Dự án Tân phú,43ha dự án tân phú,1.900.000 m² (~190.00 ha),1.900.000 m² (~190.00 ha),190.00 ha,43ha,"chào bán 13tr/m2; giá chào 13tr/m2; 5,600 tỷ) ~ 30tr/m2 đất ở thương phẩm (theo 1/500 dự kiến đối tác đề xuất) và giá chào",,,,,,,"chào bán 13tr/m2; 5,600 tỷ) ~ 30tr/m2 đất ở thương phẩm (theo 1/500 dự kiến đối tác đề xuất) và giá chào; 13tr/m2; 5,600 tỷ; 30tr/m2; TSDĐ và việc gỡ các vấn đề PL nêu trên => Đề xuất: Không nghiên cứu dự án này Công ty Kim Oanh liên quan gì đến vụ án 43",,,,,"1/500 dự kiến đối tác đề xuất) và giá chào này theo hiện trạng dự án, không bao gồm TSDĐ và việc gỡ các vấn đề PL nêu trên => Đề xuất: Không nghiên cứu dự án này Côn; 1/500 dự kiến đối tác đề xuất) và giá chào này theo hiện trạng dự án, không 1/500 dự kiến đối tác đề xuất) và giá chào này theo hiện trạng dự án, không bao gồm TSDĐ; 1/500 dự kiến đối tác đề xuất) và giá chào này theo hiện trạng dự án, không [] P; 1/500 dự kiến đối tác đề xuất) và giá chào này theo hiện trạng dự án, không",,TSDĐ và việc gỡ các vấn đề PL nêu trên => Đề xuất: Không nghiên cứu dự án này Công ty Kim Oanh liên q; TSDĐ và việc gỡ các vấn đề PL nêu trên => Đề xuất: Không nghiên cứu dự án này Công ty Kim Oanh liên quan gì đến vụ án 43ha “đất vàng” tại Bìn; TSDĐ và việc gỡ các vấn đề PL nêu trên => Đề xuất: Không nghiên cứu dự án này Công ty Kim Oanh liên quan gì đến vụ án 43ha “đất vàng” tại Bình Dương? Cơ quan điều tra Bộ công an vừa có,,,,,,,BDS-CURATED-0363,37,7,18,7,13,6,0,D,Thiếu tọa độ,project_or_deal,,,BDS-CURATED-0363,,no,yes,yes,yes,yes
BDS-MASTER-0078,thay đổi khi thay đổi giá mua dự án và giá bán căn hộ,1,,,batch_035.txt,,,,,,,Đà Nẵng,,290 m²,căn hộ,,"QH dự kiến điều chỉnh, như sau: 1. Quy hoạch: Những thay đổi chính trong PA QH mới: Hệ số tăng từ 13,7 lên 14,7 Tầng cao từ 30 lên 36 tầng Tăng 3.467 m2 sàn kinh doanh ~ tăng 19 căn,; hệ số 13,7 lần) như sau: Độ nhạy dự án thay đổi khi thay đổi giá mua dự án và giá bán căn hộ: Với đơn giá mua từ 365 tr/m2 đến 370 tr/m2 thì hiệu quả IRR sẽ đạt từ 10.2 đến 10.5% và LNT; hệ số K ~ 1.39 lần đơn giá bảng giá đất (227 tr/m2). Tuy nhiên, tiền sử dụng đất trong thời gian tới đang là ẩn số khá rủi ro khi TP Đà Nẵng đang có dự thảo ban hành hệ số K, sẽ được ba; hệ số K cao hơn 1.39 (đang tính) thì hiệu quả dự án sẽ giảm đi khá nhiều, như bảng độ nhạy bên dưới: THằng Sun Legend cầu rồng đang bán mức giá ... by Admin 01",Tầng cao từ 30 lên 36 tầng,"Hệ số tăng từ 13,7; hệ số 13,7; hệ số K ~ 1.39; hệ số K cao hơn 1.39; hệ số K, sẽ được ban hành áp dụng từ chưa VAT ~ 5",,,"tiền sử dụng đất đóng bổ sung với hệ số K ~ 1.39 lần đơn giá bảng giá đất (227 tr/m2). Tuy nhiên, tiền sử dụng đất trong thời gian tới đang là ẩn số khá rủi ro khi TP Đà Nẵng đang có dự thảo ban hành hệ số K, sẽ được ban hành áp dụng từ","chưa VAT ~ 5 tỷ/căn 56 m2. Giá bán Shop giữ đơn giá tầng 1+2 vẫn 230 tr/m2, tầng 3 còn 110 tr/m2 => Đơn giá bình quân cho că",giá mua dự án và giá bán căn hộ: Với đơn giá mua từ 365 tr/m2; giá mua từ 365 tr/m2,"21 tr/m2; 99 tr/m2; 5 tỷ; 230 tr/m2; 110 tr/m2; 193 tr/m2; 50,8 tỷ; 365 tr/m2; 370 tr/m2; 227 tr/m2",giá bán căn hộ: Với đơn giá mua từ 365 tr/m2; Giá bán căn hộ giảm từ 105 xuống còn 99 tr/m2; Giá bán Shop giữ đơn giá tầng 1+2 vẫn 230 tr/m2,"tiền sử dụng đất đóng bổ sung với hệ số K ~ 1.39; tiền sử dụng đất trong thời gian tới đang là ẩn số khá rủi ro khi TP Đà Nẵng đang có dự thảo ban hành hệ số K, sẽ được ban hành áp dụng từ ngày 01",TMĐT từ 16.6 đến 17.1%. Để dự án đạt hiệu quả với IRR từ 15% và LNTT/TMĐT từ 20% thì giá bán tương ứng đạt 106 t,Doanh thu. Giá bán căn hộ giảm từ 105 xuống còn 99 t,LNTT/TMĐT từ 16.6 đến 17.1%. Để dự án đạt hiệu quả với IRR từ 15% và LNTT/TMĐT từ 20% thì giá bán tương ứng đạt 106 t,IRR từ 15%,,,"chưa VAT ~ 5 tỷ/căn 56 m2. Giá bán Shop giữ đơn giá tầng 1+2 vẫn 230 tr/m2, tầng 3 còn 110 tr/m2 => Đơn giá bình quân cho căn Shop 3 tầng còn 193 tr/m2 (gồm VAT), ~ 175 tr chưa VAT ~ 50,8 tỷ/căn 3 tầng 290 m2. Hiệu quả tài c; chưa VAT, mức giá này khả thi vì thời điểm bán từ Quy 4/2027 (và tính thận trọng tỷ lệ bán hàng chỉ 12%). Hiệu quả và độ nhạy ở trên đang tính với giả định tiền sử dụng đất đóng bổ sung với hệ số K ~ 1.39 lần đơn giá bảng gi; rủi ro khi TP Đà Nẵng đang có dự thảo ban hành hệ số K, sẽ được ban hành áp dụng từ ngày 01/7/2026. Trong trường hợp hệ số K cao hơn 1.39 (đang tính) thì hiệu quả dự án sẽ giảm đi khá nhiều, như bảng độ nhạy bên dưới: THằng Su",,,"[] P.ĐT báo cáo Sếp Admin 01 về cập nhật DA Võ Văn Kiệt (Gộp 2 Lô) theo chỉ tiêu QH dự kiến điều chỉnh, như sau: 1. Quy hoạch: Những thay đổi chính trong PA QH mới: Hệ số tăng từ 13,7 lên 14,7 Tầng cao từ 30 lên 36 tầng Tăng 3.467 m2 sàn kinh doanh ~ tăng 19 căn, từ 833 lên 852, đồng thời Shop điều chỉnh thành 3 tầng. 2. Hiệu quả tài chính: Đơn giá xây dựng All-in vẫn giữ 21 tr/m2 (gồm VAT). Chi phí kinh doanh bán hàng 19%/Doanh thu. Giá bán căn hộ giảm từ 105 xuống còn 99 tr/m2 (gồm VAT), tương đương với giá 90 tr chưa VAT ~ 5 tỷ/căn 56 m2. Giá bán Shop giữ đơn giá tầng 1+2 vẫn 230 tr/m2, tầng 3 còn 110 tr/m2 => Đơn giá bình quân cho căn Shop 3 tầng còn 193 tr/m2 (gồm VAT), ~ 175 tr chưa VAT ~ 50,8 tỷ/căn 3 tầng 290 m2. Hiệu quả tài chính có cải thiện so với phương án gộp cũ (30 tầng nổi, hệ số 13,7 lần) như sau: Độ nhạy dự án thay đổi khi thay đổi giá mua dự án và giá bán căn hộ: Với đơn giá mua từ 365 tr/m2 đến 370 tr/m2 thì hiệu quả IRR sẽ đạt từ 10.2 đến 10.5% và LNTT/TMĐT từ 16.6 đến 17.1%. Để dự án đạt hiệu quả với IRR từ 15% và LNTT/TMĐT từ 20% thì giá bán tương ứng đạt 106 tr gồm VAT và 96 tr chưa VAT, mức giá này khả thi vì thời điểm bán từ Quy 4/2027 (và tính thận trọng tỷ ",71,thay đổi khi thay đổi giá mua dự án và giá bán căn hộ,thay đổi khi thay đổi giá mua dự án và giá bán căn hộ,290 m²,290 m²,290 m²,3.467 m2; 56 m2,giá mua dự án và giá bán căn hộ: Với đơn giá mua từ 365 tr/m2; giá mua từ 365 tr/m2,,,,IRR từ 15%,,,"giá mua dự án và giá bán căn hộ: Với đơn giá mua từ 365 tr/m2; giá mua từ 365 tr/m2; 21 tr/m2; 99 tr/m2; 5 tỷ; 230 tr/m2; 110 tr/m2; 193 tr/m2; 50,8 tỷ; 365 tr/m2; 370 tr/m2; 227 tr/m2; giá bán căn hộ: Với đơn giá mua từ 365 tr/m2; Giá bán căn hộ giảm từ 105 xuống còn 99 tr/m2; Giá bán Shop giữ đơn giá tầng 1+2 vẫn 230 tr/m2; tiền sử dụng đất đóng bổ sung với hệ số K ~ 1.39; tiền sử dụng đất trong thời gian tới đang là ẩn số khá rủi ro khi TP Đà Nẵng đang có dự thảo ban hành hệ số K, sẽ được ban hành áp dụng từ ngày 01; TMĐT từ 16.6 đến 17.1%. Để dự án đạt hiệu quả với IRR từ 15% và LNTT/TMĐT từ 20% thì giá bán tương ứng đạt 106 t; Doanh thu. Giá bán căn hộ giảm từ 105 xuống còn 99 t; LNTT/TMĐT từ 16.6 đến 17.1%. Để dự án đạt hiệu quả với IRR từ 15% và LNTT/TMĐT từ 20% thì giá bán tương ứng đạt 106 t; IRR từ 15%","Hệ số tăng từ 13,7; hệ số 13,7; hệ số K ~ 1.39; hệ số K cao hơn 1.39; hệ số K, sẽ được ban hành áp dụng từ chưa VAT ~ 5",Tầng cao từ 30 lên 36 tầng,,,,,"tiền sử dụng đất trong thời gian tới đang là ẩn số khá rủi ro khi TP Đà Nẵng đang có dự thảo ban hành hệ số K, sẽ được ba; tiền sử dụng đất đóng bổ sung với hệ số K ~ 1; tiền sử dụng đất trong thời gian tới đang là ẩn số khá rủi ro khi TP Đà Nẵng đang có dự thảo ban hành hệ số K, sẽ được ban hành áp dụng từ chưa VAT ~ 5 tỷ/căn 56 m2",,,,,,,BDS-CURATED-0320,37,7,13,10,13,16,12,D,Thiếu tọa độ,project_or_deal,,,BDS-CURATED-0320,,no,yes,yes,yes,yes
BDS-MASTER-0158,KCN Phước An tại xã Phước An,1,2025-05-15,2025-05-15,batch_409.txt,Khang Do - CVDT,,,,,"xã Phước An, huyện Nhơn Trạch, tỉnh Đồng Nai Định vị: KCN Phước An Giai đoạn 1+2 và Giai đoạn 3 – Cảng Phước An Diện tích: - Giai đoạn 1: 330 ha - Giai đoạn 2: 220 ha - Giai đoạn 3: 183 ha => Tổng 3 giai đoạn: 733 ha Mục",Đồng Nai,Nhơn Trạch,4.850.000 m² (~485.00 ha),KCN,SKK – Khu công nghiệp (dịch vụ hậu cần cảng) đối với Giai đoạn 1+2 và DGT – Cảng Phước An đối với Giai đoạn 3. Khu Công nghiệp - Dịch vụ hậu cần cảng gồm: dịch,"quy hoạch: có 2 GCN đầu tư cho giai đoạn 1+2 và 3; có QĐ quy hoạch 1/2000 cho giai đoạn 1, giai đoạn 2+3 chưa có (iii) Giấy phép xây dựng và các hồ sơ liên quan về giao thông, đấu nối, hạ t",,,,,"thuê đất làm KCN. Thời gian sử dụng: 21/08/2059 (còn 34 năm) Thị trường xung quanh 2. PHÁP LÝ DỰ ÁN (i) Pháp lý đất: chưa có GCN QSDĐ, chỉ có Hợp đồng thuê đất với diện tích thuê là 485 ha (ii) Pháp lý quy hoạch: có 2 GCN đầu tư","PHÁP LÝ DỰ ÁN (i) Pháp lý đất: chưa có GCN QSDĐ, chỉ có Hợp đồng thuê đất với diện tích",,,,,,,,,,,"chưa có GCN QSDĐ, chỉ có Hợp đồng thuê đất với diện tích thuê là 485 ha (ii) Pháp lý quy hoạch: có 2 GCN đầu tư cho giai đoạn 1+2 và 3; có QĐ quy hoạch 1/2000 cho giai đoạn 1, giai đoạn 2+3 chưa có (iii) Giấy phép xây dựng v; chưa có (iv) Nghĩa vụ tài chính về đất: chưa có 3. CẤU TRÚC GIAO DỊCH - Định giá từ đối tác: 180 USD/m2. - Hình thức PA1: mua cổ phần, chưa xác định là mua cổ phần Cty Tuấn Lộc hay Cty Phước An, mối quan hệ giữa 2 công ty: T","cần cảng) đối với Giai đoạn 1+2 và DGT – Cảng Phước An đối với Giai đoạn 3. Khu Công nghiệp - Dịch vụ hậu cần cảng gồm: dịch vụ nâng hạ, vệ sinh container, kiểm tra sửa chữa container; cần cảng. - Hình thức PA2: thuê hạ tầng và kinh doanh dịch vụ hậu cần cảng. - Đánh giá + Hình thức PA1: (i) Gián tiếp sở hữu PAP, chiếm 17% cổ phần PAP. (ii) Tập đoàn dầu khí Việt Nam",,"[2025-05-15] Khang Do - CVDT 5/15/2025 5:11 PM Translate P. ĐT báo cáo anh Mr Mike1 -CEO về dự án KCN Phước An tại xã Phước An, huyện Nhơn Trạch, tỉnh Đồng Nai như sau: 1. THÔNG TIN TỔNG QUAN Tên dự án: Khu công nghiệp Phước An Vị trí: xã Phước An, huyện Nhơn Trạch, tỉnh Đồng Nai Định vị: KCN Phước An Giai đoạn 1+2 và Giai đoạn 3 – Cảng Phước An Diện tích: - Giai đoạn 1: 330 ha - Giai đoạn 2: 220 ha - Giai đoạn 3: 183 ha => Tổng 3 giai đoạn: 733 ha Mục đích sử dụng đất: SKK – Khu công nghiệp (dịch vụ hậu cần cảng) đối với Giai đoạn 1+2 và DGT – Cảng Phước An đối với Giai đoạn 3. Khu Công nghiệp - Dịch vụ hậu cần cảng gồm: dịch vụ nâng hạ, vệ sinh container, kiểm tra sửa chữa container, và cho thuê kho bãi. Không phải cho thuê đất làm KCN. Thời gian sử dụng: 21/08/2059 (còn 34 năm) Thị trường xung quanh 2. PHÁP LÝ DỰ ÁN (i) Pháp lý đất: chưa có GCN QSDĐ, chỉ có Hợp đồng thuê đất với diện tích thuê là 485 ha (ii) Pháp lý quy hoạch: có 2 GCN đầu tư cho giai đoạn 1+2 và 3; có QĐ quy hoạch 1/2000 cho giai đoạn 1, giai đoạn 2+3 chưa có (iii) Giấy phép xây dựng và các hồ sơ liên quan về giao thông, đấu nối, hạ tầng: chưa có (iv) Nghĩa vụ tài chính về đất: chưa có 3. CẤU TRÚC GIAO DỊCH - Định giá từ đố",47,KCN Phước An tại xã Phước An,kcn phước an tại xã phước an,4.850.000 m² (~485.00 ha),4.850.000 m² (~485.00 ha),485.00 ha,330 ha; 220 ha; 183 ha; 733 ha,,,,,,,,,,,,,"1/2000 cho giai đoạn 1, giai đoạn 2+3 chưa có (iii) Giấy phép xây dựng và các hồ sơ liên quan về giao thông, đấu nối, hạ t thuê đất làm KCN; 1/2000 cho giai đoạn 1, giai đoạn 2+3 chưa có (iii) Giấy phép xây dựng và các hồ sơ liên quan về giao thông, đấu nối, hạ tầng: chưa có (iv) Nghĩa vụ tài chính về đất:",,Nghĩa vụ tài chính về đất: chưa có 3,"GCN đầu tư cho giai đoạn 1+2 và 3; thuê đất làm KCN; GCN QSDĐ, chỉ có Hợp đồng thuê đất với diện tích thuê là 485 ha (ii) Pháp lý quy hoạch: có 2 GCN đầu tư PHÁP LÝ DỰ ÁN (i) Pháp lý đất: chưa có GCN QSDĐ, chỉ có Hợp đồng thuê đất với d; GCN QSDĐ, chỉ có Hợp đồng thuê đất với diện tích thuê là 485 ha (ii) Pháp lý quy hoạch: có 2 GCN đầu tư cho giai đoạn 1+2 và 3",,,,,,BDS-CURATED-0344,36,7,20,7,19,0,4,D,Thiếu tọa độ; Thiếu tài chính,project_or_deal,,,BDS-CURATED-0344,2025-05-15,no,yes,yes,yes,no
BDS-MASTER-0349,NOXH Đồng Nai (2 dự án trung tâm Biên Hòa)1,2,,,batch_370.txt; batch_484.txt,,,,,https://www.google.com/maps/d/edit?mid=1SAcLUqc-JTEBiY1uNXVoDUdI-a5wJd0&ll=10.002013642197713%2C105; https://www.google.com/maps/d/edit?mid=1SAcLUqc-JTEBiY1uNXVoDUdI-a5wJd0&ll=10.002013642197713%2C105…,,Đồng Nai,Biên Hòa,,,,"QH: lập phương án quy hoạch NOXH căn cứ chỉ tiêu được nêu trong QĐ 788 - Phòng QS: căn cứ quy hoạch được lập, lên phương án khái toán dự án NOXH theo: + Suất vốn đầu tư do BXD cung c",cao tối thiểu 18 tầng,,,"dân dụng: +Trong vòng 7,5; dân dụng: + Trong vòng 7,5","quyết định phê duyệt 788. Thời hạn nộp hồ sơ đăng ký trước 9 giờ ngày 28/04/2025 Công tác đánh giá hiệu quả thực hiện dự án Căn cứ vào qđ 788/QĐ-UBND, Phòng Đầu tư tổng hợp thông tin và gửi yêu cầu hỗ trợ đến các Phòng chuyên môn",,,"129,759 tỷ; 324 tỷ; 389 tỷ",,,,,,,,,,cần thực hiện để tham gia đấu thầu dự án NOXH Đồng Nai (2 dự án trung tâm Biên Hòa)1. Các công tác cần triển khai:Công tác chuẩn bị đăng ký thực hiện dự án (thời hạn đăng ký trong vòn; cần thực hiện để tham gia đấu thầu dự án NOXH Đồng Nai (2 dự án trung tâm Biên Hòa) 1. Các công tác cần triển khai: Công tác chuẩn bị đăng ký thực hiện dự án (thời hạn đăng ký trong v; cần chuẩn bị các hồ sơ theo mẫu hướng dẫn trong thông báo và quyết định phê duyệt 788. Thời hạn nộp hồ sơ đăng ký trước 9 giờ ngày 28/04/2025 Công tác đánh giá hiệu quả thực hiện dự á,,"[] P.ĐT gửi anhMrMike1-CEO về các bước cần thực hiện để tham gia đấu thầu dự án NOXH Đồng Nai (2 dự án trung tâm Biên Hòa)1. Các công tác cần triển khai:Công tác chuẩn bị đăng ký thực hiện dự án (thời hạn đăng ký trong vòng 33 ngày từ 25.03.2025): Ngày 25/03/2025, Sở Tài Chính đã phát thông báo mời q… Tuy nhiên, sau khi nghiên cứu kỹ thì các dự án này thuộc hình thức là tham gia đấu thầu Dự án và Key lúc đó là yêu cầu hồ sơ năng lực là chủ đầu tư phải đã và đang làm NOXH rồi thì mới tham gia được thì khó cho mình nên mới chuyển hương qua các NOXH cho BCA, BQP để pass qua được khâu Đ.Thầu à Gửi e lại cái nhơn trạch by Unknown User

---

[] P.ĐT gửi anh Mr Mike1 -CEO về các bước cần thực hiện để tham gia đấu thầu dự án NOXH Đồng Nai (2 dự án trung tâm Biên Hòa) 1. Các công tác cần triển khai: Công tác chuẩn bị đăng ký thực hiện dự án (thời hạn đăng ký trong vòng 33 ngày từ 25.03.2025): Ngày 25/03/2025, Sở Tài Chính đã phát thông báo mời quan tâm dự án NOXH P.Tam Hiệp, Biên Hòa. => Do đó cần chuẩn bị các hồ sơ theo mẫu hướng dẫn trong thông báo và quyết định phê duyệt 788. Thời hạn nộp hồ sơ đăng ký trước 9 giờ ngày 28/04/2025 Công tác đánh giá hiệu quả thực hiện dự án Căn cứ vào qđ 788/QĐ-UBND, Phòng Đầu tư tổng hợp thông tin và gửi yêu cầu hỗ trợ đến các Phòng chuyên môn triển khai phục vụ tính FS sơ bộ, cụ thể: - Phòng TKQH: lập phương án quy hoạch NOXH căn cứ chỉ tiêu được nêu trong QĐ 788 - Phòng QS: căn cứ quy hoạch được lập, lên phương án khái toán dự án NOXH theo: + Suất vốn đầu tư do BXD cung cấp cho diện tích kinh doanh NOXHđể xác định giá bán NOXH + Suất vốn đầu tư thực tế cho diện tích kinh doanh NOXHđể tính hiệu quả thực tế + Suất vốn đầu tư thực tế cho diện tích kinh doanh NOTMchiếm 20% tổng diện tích sàn thương phẩm để tính hiệu quả thực tế 2. Các điều kiện để tham gia đăng ký thực hiện dự án: Điều kiện ",18,NOXH Đồng Nai (2 dự án trung tâm Biên Hòa)1,noxh đồng nai 2 dự án trung tâm biên hòa 1,,,,,,,,,,,,"129,759 tỷ; 324 tỷ; 389 tỷ",,cao tối thiểu 18 tầng,"dân dụng: +Trong vòng 7,5; dân dụng: + Trong vòng 7,5",,,,,quyết định phê duyệt 788,batch_212.txt,16,,,,BDS-CURATED-0409,36,15,10,8,14,0,0,D,Thiếu tọa độ; Thiếu diện tích đất; Thiếu tài chính,project_or_deal,,,BDS-CURATED-0409,,no,no,yes,yes,no
BDS-MASTER-0151,50ha thuộc huyện Vĩnh Tường – Yên Lạc,3,2022-08-22,2024-12-16,batch_570.txt; batch_607.txt; batch_918.txt,Huy M - IM; Thao L - INVT,21.250395,105.5350413,"21.250395, 105.5350413",https://goo.gl/maps/eqfdgJBc7XT7VhAW8,"và hiện trạng: • Dự án nằm trên trục đường QL2C (trục đường gồm 2 làn oto, 2 làn xe máy), cách TP. Vĩnh Yên khoảng 10km và nằm đoạn giữa đường Vành đai 3 (định đướng hoàn thành vào 2030) và Vành đai 4 (chưa có thông tin",Vĩnh Phúc,,120.000 m² (~12.00 ha),thấp tầng,,quy hoạch: Thông số thương phẩm và các thông số dựa vào đề xuất trình xin chủ trương kèm bảng vẽ 1/500 theo đề xuất (chưa được duyệt) 5) Pháp lý xây dựng: Theo đề xuất xin chủ trương được c; quy hoạch: Thông số thương phẩm và các thông số dựa vào đề xuất trình xin chủ trương kèm bảng vẽ 1/500 theo đề xuất (chưa được duyệt) với diện tích đất và tỷ lệ như sau: Nhóm đất ở thấp tần,,,,,"chủ trương tỉnh uỷ về việc đấu thầu thực hiện dự án. Đơn giá bồi thường ước tính 1tr/m2 cho diện tích toàn khu 2) Pháp lý đất: Đang ở bước chuẩn bị ĐBGPMB, đa phần là đất lúa. 3) Pháp lý đầu tư: Đang xin chủ trương đấu thầu dự án.; Pháp lý quy hoạch: Thông số thương phẩm và các thông số dựa vào đề xuất trình xin chủ trương kèm bảng vẽ 1/500 theo đề xuất (chưa được duyệt) 5) Pháp lý xây dựng: Theo đề xuất xin chủ trương được cung cấp. 8) Hiệu quả tài chính; Pháp lý quy hoạch: Thông số thương phẩm và các thông số dựa vào đề xuất trình xin chủ trương kèm bảng vẽ 1/500 theo đề xuất (chưa được duyệt) với diện tích đất và tỷ lệ như sau: Nhóm đất ở thấp tầng: 12ha 23.8% Nhà ở liền kề: 6; Pháp lý xây dựng: Theo đề xuất xin chủ trương được cung cấp. 6) Sản phẩm phát triển: (Bán Đất + CTXD t... by Thao L - INVT",chưa có thông tin cụ thể) tỉnh Vĩnh Phúc. • Hiện trạng: Đang xin chủ trương tỉnh uỷ về việc đấu thầu thực hiện dự án. Đơn gi,,1tr/m2,,,,,,,,,"chưa có thông tin cụ thể) tỉnh Vĩnh Phúc. • Hiện trạng: Đang xin chủ trương tỉnh uỷ về việc đấu thầu thực hiện dự án. Đơn giá bồi thường ước tính 1tr/m2 cho diện tích toàn khu 2) Pháp lý đất: Đang ở bước chuẩn bị ĐBGPMB, đa; đề xuất trình xin chủ trương kèm bảng vẽ 1/500 theo đề xuất (chưa được duyệt) 5) Pháp lý xây dựng: Theo đề xuất xin chủ trương được cung cấp. 8) Hiệu quả tài chính: • Lợi nhuận trước ... by Huy M - IM; chưa có thông tin cụ thể) tỉnh Vĩnh Phúc. Hiện trạng: Đang xin chủ trương tỉnh uỷ về việc đấu thầu thực hiện dự án. Đơn giá bồi thường ước tính 1tr/m2 cho diện tích toàn khu 2) Pháp lý đất: Đang ở bước chuẩn bị ĐBGPMB, đa ph; đề xuất trình xin chủ trương kèm bảng vẽ 1/500 theo đề xuất (chưa được duyệt) với diện tích đất và tỷ lệ như sau: Nhóm đất ở thấp tầng: 12ha 23.8% Nhà ở liền kề: 6,9ha 13.8% Nhà ở kết hợp thương mại: 2,4ha 4.7% Nhà ở biệt thự:; đề xuất xin chủ trư","đề xuất trình xin chủ trương kèm bảng vẽ 1/500 theo đề xuất (chưa được duyệt) 5) Pháp lý xây dựng: Theo đề xuất xin chủ trương được cung cấp. 8) Hiệu quả tài chính: • Lợi nhuận trước ...; đề xuất trình xin chủ trương kèm bảng vẽ 1/500 theo đề xuất (chưa được duyệt) với diện tích đất và tỷ lệ như sau: Nhóm đất ở thấp tầng: 12ha 23.8% Nhà ở liền kề: 6,9ha 13.8% Nhà ở kết hợp; đề xuất xin chủ trương được cung cấp. 6) Sản phẩm phát triển: (Bán Đất + CTXD t... by Thao L - INVT",,"[2024-12-16] Huy M - IM 12/16/2024 5:48 PM Translate KĐT gửi anh @Tuan @Tran-CEO báo cáo dự án 50ha thuộc huyện Vĩnh Tường – Yên Lạc, tỉnh Vĩnh Phúc: 1) Vị trí và hiện trạng: • Dự án nằm trên trục đường QL2C (trục đường gồm 2 làn oto, 2 làn xe máy), cách TP. Vĩnh Yên khoảng 10km và nằm đoạn giữa đường Vành đai 3 (định đướng hoàn thành vào 2030) và Vành đai 4 (chưa có thông tin cụ thể) tỉnh Vĩnh Phúc. • Hiện trạng: Đang xin chủ trương tỉnh uỷ về việc đấu thầu thực hiện dự án. Đơn giá bồi thường ước tính 1tr/m2 cho diện tích toàn khu 2) Pháp lý đất: Đang ở bước chuẩn bị ĐBGPMB, đa phần là đất lúa. 3) Pháp lý đầu tư: Đang xin chủ trương đấu thầu dự án. 4) Pháp lý quy hoạch: Thông số thương phẩm và các thông số dựa vào đề xuất trình xin chủ trương kèm bảng vẽ 1/500 theo đề xuất (chưa được duyệt) 5) Pháp lý xây dựng: Theo đề xuất xin chủ trương được cung cấp. 8) Hiệu quả tài chính: • Lợi nhuận trước ... by Huy M - IM

---

[2024-12-16] Huy M - IM 12/16/2024 5:48 PM Translate KĐT gửi anh @Tuan @Tran-CEO báo cáo dự án 50ha thuộc huyện Vĩnh Tường – Yên Lạc, tỉnh Vĩnh Phúc: 1) Vị trí và hiện

---

[2022-08-22] Thao L - INVT 8/22/2022 6:57 PM KĐT gửi anh Tuan Tran-CEO báo cáo dự án 50ha thuộc huyện Vĩnh Tường – Yên Lạc, tỉnh Vĩnh Phúc: 1) Vị trí và hiện trạng: Dự án nằm trên trục đường QL2C (trục đường gồm 2 làn oto, 2 làn xe máy), cách TP. Vĩnh Yên khoảng 10km và nằm đoạn giữa đường Vành đai 3 (định đướng hoàn thành vào 2030) và Vành đai 4 (chưa có thông tin cụ thể) tỉnh Vĩnh Phúc. Hiện trạng: Đang xin chủ trương tỉnh uỷ về việc đấu thầu thực hiện dự án. Đơn giá bồi thường ước tính 1tr/m2 cho diện tích toàn khu 2) Pháp lý đất: Đang ở bước chuẩn bị ĐBGPMB, đa phần là đất lúa. 3) Pháp lý đầu tư: Đang xin chủ trương đấu thầu dự án. 4) Pháp lý quy hoạch: Thông số thương phẩm và các thông số dựa vào đề xuất trình xin chủ trương kèm bảng vẽ 1/500 theo đề xuất (chưa được duyệt) với diện tích đất và tỷ lệ như sau: Nhóm đất ở thấp tầng: 12ha 23.8% Nhà ở liền kề: 6,9ha 13.8% Nhà ở kết hợp thương mại: 2,4ha 4.7% Nhà ở biệt thự: 2,7ha 5.3% Nhà ở XH: 3,2ha 6.3% TMDV: 7,1ha 14% CTCC (có thể kinh doanh): 1,3ha 2.7% Mầm non: 0.4ha 0.80% Trường liên cấp: 0.8ha 1.6% Y tế: 0.1ha 0.3% 5) Pháp lý xây dựng: Theo đề xuất xin chủ trương được cung cấp. 6) Sản phẩm phát triển: (Bán Đất + CTXD t... by Thao L - INV",47,50ha thuộc huyện Vĩnh Tường – Yên Lạc,50ha thuộc huyện vĩnh tường yên lạc,120.000 m² (~12.00 ha),120.000 m² (~12.00 ha),12ha,"50ha; 6,9ha; 2,4ha; 2,7ha; 3,2ha; 7,1ha; 1,3ha; 0.4ha; 0.8ha; 0.1ha",,,,,,,,1tr/m2,,,,,1/500 theo đề xuất (chưa được duyệt) 5) Pháp lý xây dựng: Theo đề xuất xin chủ trương được c; 1/500 theo đề xuất (chưa được duyệt) với diện tích đất và tỷ lệ như sau: Nhóm đất ở thấp tần chủ trương tỉnh uỷ về việc đấu thầu thực hiện dự án; 1/500 theo đề xuất (chưa được duyệt) 5) Pháp lý xây dựng: Theo đề xuất xin chủ trương được cung cấp; 1/500 theo đề xuất (chưa được duyệt) với diện tích đất và tỷ lệ như sau: Nhóm đất ở thấp tầng: 12ha 23,"bồi thường ước tính 1tr/m2 cho diện tích toàn khu 2) Pháp lý đất: Đang ở bước chuẩn bị ĐBGPMB, đa phần là đất lúa",,,batch_570.txt,28,matched_teams_map_link,suspicious_shared_by_many_projects,,BDS-CURATED-0099,33,17,25,7,12,0,19,D,Tọa độ nghi ngờ; Thiếu tài chính,project_or_deal,,,BDS-CURATED-0099,2024-12-16,no,yes,yes,yes,no
,cao tầng với tổng diện tích đất dự án là 10,2,2024-09-25,2024-09-25,batch_651.txt; batch_710.txt,Thao L - INVT,,,,https://maps.app.goo.gl/K3ASKRs9Sc5yfa9z9,"và hiện trạng: - Dự án cao tầng với tổng diện tích đất dự án là 10,490m2 - Giá chuyển nhượng: 65tr/m2 cho phần diện tích chuyển mục đích sử dụng đất - 10,490m2 và đảm bảo phải phù hợp Quy hoạch 1/2000 và 1/500 tương đươn",Phú Quốc,Phú Quốc,10.500 m² (~1.05 ha),Chung cư,"phải phù hợp Quy hoạch 1/2000 và 1/500 tương đương 681.86 tỷ. - Hiện trạng đất trống và chờ làm hạ tầng, không có đường/hẻm (được công nhận) tiếp giáp các thửa","Quy hoạch 1/2000 và 1/500 tương đương 681.86 tỷ. - Hiện trạng đất trống và chờ làm hạ tầng, không có đường/hẻm (được công nhận) tiếp giáp các thửa đất hiện hữu. - Cách mặt biển gần nhất 1km; mật độ dân số ở Phú Quốc thấp, chỉ 285 người/km2 và thị trường nhà đất đã phục vụ đủ mật dộ dân số này. Thị trường căn hộ Phú Quốc sau năm 2020 gặp khó khăn do: - Thiếu cam kết lợi nhuận; quy hoạch và phát triển khu trung tâm hành chính Phú Quốc, hiện trạng không có hạ tầng giao thông kết nối đến dự án ảnh hưởng đến tiến độ phát triển và giá trị dự án trong ngắn hạn. Đồng th; Quy hoạch 1/2000 và 1/500 tương đương 681.86 tỷ. - Hiện trạng đất trống và chờ làm hạ tầng, không có đường/hẻm (được công nhận) tiếp giáp các thửa đất hiện",,HSSDĐ: 8,"mật độ dân số ở Phú Quốc thấp, chỉ 285","Dân số: 2000; dân – Phù hợp QH 1; dân số ở Phú Quốc thấp, chỉ 285","1/500 tương đương 681.86 tỷ. - Hiện trạng đất trống và chờ làm hạ tầng, không có đường/hẻm (được công nhận) tiếp giáp các thửa đất hiện hữu. - Cách mặt biển gần nhất 1km và không sử dụng được vì là cầu cảng. 2. Hạn chế của Th; pháp lý chưa rõ ràng - Nguồn cung quá lớn - Khả năng khai thác kém Hạn chế của Dự án Landmark: - Chi phí đầu tư cao: Do dự án nằm trên Đảo vì thế chi phí phát triển, xây dựng, bán hàng của dự án sẽ cao hơn đối với các dự án tro; 1/500 tương đương 681.86 tỷ. - Hiện trạng đất trống và chờ làm hạ tầng, không có đường/hẻm (được công nhận) tiếp giáp các thửa đất hiện","Chưa có dấu hiệu phục hồi và ổn định, tất cả dự án condotel mới đều ngừng triển khai, riêng dự án căn hộ lâu dài thì không c",,65tr/m2; 681.86 tỷ; 15.3tr/m2; 50tr/m2; 40.2 tr/m2,,,,,,,,,"Chưa có dấu hiệu phục hồi và ổn định, tất cả dự án condotel mới đều ngừng triển khai, riêng dự án căn hộ lâu dài thì không có khả năng sinh lời, NĐT cắt lỗ hoặc bán ngang giá sau khi nhận bàn giao. - Thị trường căn hộ truyền; rủi ro, do chưa có dự án nào tương tự được triển khai, nhu cầu thật sự chưa rõ ràng do mật độ dân số ở Phú Quốc thấp, chỉ 285 người/km2 và thị trường nhà đất đã phục vụ đủ mật dộ dân số này. Thị trường căn hộ Phú Quốc sau năm; chưa rõ ràng - Nguồn cung quá lớn - Khả năng khai thác kém Hạn chế của Dự án Landmark: - Chi phí đầu tư cao: Do dự án nằm trên Đảo vì thế chi phí phát triển, xây dựng, bán hàng của dự án sẽ cao hơn đối với các dự án trong đấ; chậm, dự án",,,"[2024-09-25 | BDS-MASTER-0032] [2024-09-25] Thao L - INVT 9/25/2024 4:30 PM Edited Translate K.ĐT báo cáo anh Mr Mike1 -CEO về Chung cư Landmark, Dương Đông, Phú Quốc - Nguồn: Mr. Tâm , như sau: 1. Thông tin, vị trí và hiện trạng: - Dự án cao tầng với tổng diện tích đất dự án là 10,490m2 - Giá chuyển nhượng: 65tr/m2 cho phần diện tích chuyển mục đích sử dụng đất - 10,490m2 và đảm bảo phải phù hợp Quy hoạch 1/2000 và 1/500 tương đương 681.86 tỷ. - Hiện trạng đất trống và chờ làm hạ tầng, không có đường/hẻm (được công nhận) tiếp giáp các thửa đất hiện hữu. - Cách mặt biển gần nhất 1km và không sử dụng được vì là cầu cảng. 2. Hạn chế của Thị trường cao tầng Phú Quốc và Dự án Landmark Thị trường cao tầng Phú Quốc: Hiện trang: - Chưa có dấu hiệu phục hồi và ổn định, tất cả dự án condotel mới đều ngừng triển khai, riêng dự án căn hộ lâu dài thì không có khả năng sinh lời, NĐT cắt lỗ hoặc bán ngang giá sau khi nhận bàn giao. - Thị trường căn hộ truyền thống khá rủi ro, do chưa có dự án nào tương tự được triển khai, nhu cầu thật sự chưa rõ ràng do mật độ dân số ở Phú Quốc thấp, chỉ 285 người/km2 và thị trường nhà đất đã phục vụ đủ mật dộ dân số này. Thị trường căn hộ Phú Quốc sau năm 2020 gặp khó khăn do: - Thiếu cam kế

---

[2024-09-25 | BDS-MASTER-0194] [2024-09-25] Thao L - INVT 9/25/2024 4:30 PM Edited Translate K.ĐT báo cáo anh Mr Mike1 -CEO về Chung cư Landmark, Dương Đông, Phú Quốc - Nguồn: Mr. Tâm , như sau: 1. Thông tin, vị trí và hiện trạng: - Dự án cao tầng với tổng diện tích đất dự án là 10,490m2 - Giá chuyển nhượng: 65tr/m2 cho phần diện tích chuyển mục đích sử dụng đất - 10,490m2 và đảm bảo phải phù hợp Quy hoạch 1/2000 và 1/500 tương đương 681.86 tỷ. - Hiện trạng đất trống và chờ làm hạ tầng, không có đường/hẻm (được công nhận) tiếp giáp các thửa đất hiện",47,cao tầng với tổng diện tích đất dự án là 10,cao tầng với tổng diện tích đất dự án là 10,10.490 m² (~1.05 ha),10.500 m² (~1.05 ha),1.05 ha,"10,490m2",,,,,,,,65tr/m2; 681.86 tỷ; 15.3tr/m2; 50tr/m2; 40.2 tr/m2,HSSDĐ: 8,,"Dân số: 2000; dân – Phù hợp QH 1; dân số ở Phú Quốc thấp, chỉ 285","mật độ dân số ở Phú Quốc thấp, chỉ 285",1/2000 và 1/500 tương đương 681; 1/500 tương đương 681,,,,,,,resolved,BDS-MASTER-0032; BDS-MASTER-0194,BDS-CURATED-0346,33,15,25,19,8,0,25,D,Thiếu tọa độ; Thiếu tài chính,project_or_deal,,,BDS-CURATED-0346,2024-09-25,no,yes,yes,yes,no
BDS-MASTER-0160,KDC An Tôn theo 02 phương án quy hoạch,2,,,batch_137.txt; batch_191.txt,,10.970034,106.715651,"10.970034, 106.715651",https://maps.app.goo.gl/t178LDzcrFtjxgEz9,,Đà Lạt,Đà Lạt,276 m²,biệt thự,,"quy hoạch như sau: I. QUY HOẠCH 02 PHƯƠNG ÁN PA 1: Xây dựng NOXH 6 tầng (391 căn), 122 NLK (nhà liên kế) và 111 NBT (nhà biệt thự). PA 2 : Chuyển đổi quỹ đất NOXH -> NLK và NBT, gồm 134 NLK",Xây dựng NOXH 6 tầng,,,,"Tiền sử dụng đất tính theo phương pháp thặng dư, đơn giá đất ở khoảng 29 tr/m2, gấp 3,4 lần đơn giá đất nhà nước đường An Tôn ~ 8,5 tr/m2. Đây là mức giá phòng ĐT tính cho bài toán an toàn về sau, trường hợp giá tiền sử dụng đất khi đi","chưa đền bù với mức giá khá cao theo thị trường. (Nguồn tham khảo từ anh Dương, ~ 20 tr/m2 đất nông nghiệp). Giá bán NOXH th",,"29 tr/m2; 8,5 tr/m2; 20 tr/m2; 86 tr/m2; 76 tr/m2; 86,8 triệu/m2; 9,1 tỷ; 76 triệu/m2; 21 tỷ; 4.552 tỷ; 635 tỷ; 577 tỷ; 77 tỷ; 99 tr/m2; 10,3 tỷ; 86,6 tr/m2",,"Tiền sử dụng đất tính theo phương pháp thặng dư, đơn giá đất ở khoảng 29; Tiền sử dụng đất tính theo phương pháp thặng dư, đơn giá đất ở khoảng 29 tr/m2",,"DT đất 105m2/nền 134 căn, 3 t; DT đất 105m2/nền Nhà biệt thự 111 căn, 3 t; DT đất 276m2/nền 153 căn, 3 t",,"IRR: 7,9%; IRR >15%; IRR > 15%",,,"chưa đền bù với mức giá khá cao theo thị trường. (Nguồn tham khảo từ anh Dương, ~ 20 tr/m2 đất nông nghiệp). Giá bán NOXH theo nguyên tắc hoàn vốn và theo quy định. Giá bán nhà liên kế và nhà biệt thự theo đề xuất từ phòng R","đề xuất từ phòng R&D, thời gian bán hàng trong vòng 4 năm từ 2028 đến 2031, giá",,"[] P.ĐT báo cáo Sếp Admin 01 về hiệu quả dự án KDC An Tôn theo 02 phương án quy hoạch như sau: I. QUY HOẠCH 02 PHƯƠNG ÁN PA 1: Xây dựng NOXH 6 tầng (391 căn), 122 NLK (nhà liên kế) và 111 NBT (nhà biệt thự). PA 2 : Chuyển đổi quỹ đất NOXH -> NLK và NBT, gồm 134 NLK (tăng thêm 12 căn) và 165 NBT (tăng 54 căn). Lý do có PA 2: Tối ưu hóa quỹ đất, tăng giá trị thương mại cho toàn dự án. Nội dung PA1 NOXH (Chung cư), Nhà LK, BT PA2 Chuyển NOXH -> Nhà LK, BT Ghi Chú NOXH 391 căn NOXH 0 căn NOXH, +54 NBT, 12 NLK Nhà liên kế 122 căn, 4 tầng, DT đất 105m2/nền 134 căn, 3 tầng, DT đất 105m2/nền Nhà biệt thự 111 căn, 3 tầng, DT đất 276m2/nền 153 căn, 3 tầng, DT đất 276 m2/nền Tổng 391 căn NOXH, 233 căn nhà thấp tầng 287 căn nhà thấp tầng II. SO SÁNH CHỈ TIÊU TÀI CHÍNH 02 PHƯƠNG ÁN (chi tiết chi phí và doanh thu sẽ được đính kèm ở bảng tổng hợp) Trong đó, các giả định và cơ sở tính toán của phòng: Chi phí xây dựng tính toán dựa vào suất vốn đầu tư được công bố năm 2026, có điều chỉnh tỷ lệ về mức độ hoàn thiện (xây nhà hoàn thiện mặt ngoài, thô bên trong) và yếu tố địa hình ở Đà Lạt Tiền sử dụng đất tính theo phương pháp thặng dư, đơn giá đất ở khoảng 29 tr/m2, gấp 3,4 lần đơn giá đất nhà nước đườ

---

[] P.ĐT báo cáo Sếp Admin 01 về hiệu quả dự án KDC An Tôn theo 02 phương án quy hoạch như sau: I. QUY HOẠCH 02 PHƯƠNG ÁN PA 1: Xây dựng NOXH 6 tầng (391 căn), 122 NLK (nhà liên kế) và 111 NBT (nhà biệt thự). PA 2 : Chuyển đổi quỹ đất NOXH -> NLK và NBT, gồm 134 NLK (tăng thêm 12 căn) và 165 NBT (tăng 54 căn). Lý do có PA 2: Tối ưu hóa quỹ đất, tăng giá trị thương mại cho toàn dự án. Nội dung PA1 NOXH (Chung cư), Nhà LK, BT PA2 Chuyển NOXH -> Nhà LK, BT Ghi Chú NOXH 391 căn NOXH 0 căn NOXH, +54 NBT, 12 NLK",47,KDC An Tôn theo 02 phương án quy hoạch như sau,kdc an tôn theo 02 phương án quy hoạch,276 m²,276 m²,276 m²,105m2,,,,,"IRR: 7,9%; IRR >15%; IRR > 15%",,,"29 tr/m2; 8,5 tr/m2; 20 tr/m2; 86 tr/m2; 76 tr/m2; 86,8 triệu/m2; 9,1 tỷ; 76 triệu/m2; 21 tỷ; 4.552 tỷ; 635 tỷ; 577 tỷ; 77 tỷ; 99 tr/m2; 10,3 tỷ; 86,6 tr/m2; Tiền sử dụng đất tính theo phương pháp thặng dư, đơn giá đất ở khoảng 29; Tiền sử dụng đất tính theo phương pháp thặng dư, đơn giá đất ở khoảng 29 tr/m2; DT đất 105m2/nền 134 căn, 3 t; DT đất 105m2/nền Nhà biệt thự 111 căn, 3 t; DT đất 276m2/nền 153 căn, 3 t; IRR: 7,9%; IRR >15%; IRR > 15%",,Xây dựng NOXH 6 tầng,,,,,"Tiền sử dụng đất tính theo phương pháp thặng dư, đơn giá đất ở khoảng 29 tr/m2, gấp 3,4 lần đơn giá đất nhà nước đường An Tôn ~ 8,5 tr/m2; tiền sử dụng đất khi đi chưa đền bù với mức giá khá cao theo thị trường; Tiền sử dụng đất tính theo phương pháp thặng dư, đơn giá đất ở khoảng 29 tr/m2, gấp 3,4 lần đơn giá đất nhà nước đườ --- [] P",,batch_001.txt,12,matched_teams_map_link,suspicious_shared_by_many_projects,,BDS-CURATED-0106,32,17,18,4,13,5,19,D,Tọa độ nghi ngờ,project_or_deal,,,BDS-CURATED-0106,,no,yes,yes,yes,yes
BDS-MASTER-0219,Phú Gia Khiêm,2,2024-09-17,2024-09-18,batch_657.txt; batch_667.txt,Trieu Nguyen-PTDT,,,,,,Bình Dương,,,chung cư,,,,,,,tiền sử dụng đất phải đóng: Tổng 3.269 tỷ đồng 2/ Tiền sử dụng đất tính toán theo phương pháp thặng dư: 200 tỷ + Căn cứ theo suất vốn xây dựng của Quyết định 510/BXD + Văn bản hướng dẫn tính tiền sử dụng đất theo phương pháp thặng dư củ,,giá vốn dự án Phú Gia Khiêm. Với mức giá chuyển nhượng 700 tỷ,700 tỷ; 1100 tỷ; 2.840 tỷ; 3.269 tỷ; 200 tỷ,,tiền sử dụng đất phải đóng: Tổng 3.269 tỷ; Tiền sử dụng đất tính toán theo phương pháp thặng dư: 200 tỷ; tiền sử dụng đất theo phương pháp thặng dư của Tỉnh Bình Dương 3,,DT 9/18/2024 11:38 AM Translate Em gửi anh Mr Mike1 -CEO bảng so sánh mức giá vốn dự án Phú Gia Khiêm. Với mức giá chuyển nhượng 700 tỷ,,,,,,cần điều chỉnh tăng giá bán sản phẩm như sau: Image Này là sao lại cao hơn cột kế bên t by Unknown User,,"[2024-09-18] Trieu Nguyen-PTDT 9/18/2024 11:38 AM Translate Em gửi anh Mr Mike1 -CEO bảng so sánh mức giá vốn dự án Phú Gia Khiêm. Với mức giá chuyển nhượng 700 tỷ thì dự án đạt hiệu quả theo chỉ tiêu Lợi nhuận trước thuế / Tổng mức đầu tư đạt 20% Diễn giải từng cái ra nha. A ko xem hình đc by Unknown User

---

[2024-09-17] Trieu Nguyen-PTDT 9/17/2024 3:56 PM Edited Translate KĐT gửi anh Mr Mike1 -CEO báo cáo cập nhật hiệu quả dự án Phú Gia Khiêm, Thuận An, Bình Dương được tính toán theo giá chuyển nhượng dự án 700 tỷ và 1100 tỷ: A/ Các thông số tính toán: 1/ Suất đầu tư xây dựng (cung cấp bởi phòng QS): a) Dự toán chi phí xây dựng cho các công trình của dự án theo phân khúc B: Tổng 2.840 tỷ đồng + Suất xây dựng chung cư (bao gồm các loại chi phí): 12.788.000 đồng/m2 + Suất xây dựng Officetel (bao gồm các loại chi phí): 13.046.000 đồng/m2 b) Dự toán chi phí xây dựng theo QĐ 510/BXD dùng để tính toán tiền sử dụng đất phải đóng: Tổng 3.269 tỷ đồng 2/ Tiền sử dụng đất tính toán theo phương pháp thặng dư: 200 tỷ + Căn cứ theo suất vốn xây dựng của Quyết định 510/BXD + Văn bản hướng dẫn tính tiền sử dụng đất theo phương pháp thặng dư của Tỉnh Bình Dương 3/ Giá bán sản phẩm trung bình (tr.đồng/m2 sàn thông thủy có VAT): 4/ Tiến độ dự án: ** Nhà trẻ: Tạm tính cho thuê thu tiền 1 lần B/ Kết quả dự án + Chi tiết kết quả dự án theo giá chuyển nhượng 700 tỷ và 1100 tỷ: + Với giá chuyển nhượng dự án 1100 tỷ, để dự án đạt LNTT/TMĐT 20%, cần điều chỉnh tăng giá bán sản phẩm như sau: Image Này là sao lại cao hơn cột",35,Phú Gia Khiêm,phú gia khiêm,,,,,,,,,,,,giá vốn dự án Phú Gia Khiêm. Với mức giá chuyển nhượng 700 tỷ; 700 tỷ; 1100 tỷ; 2.840 tỷ; 3.269 tỷ; 200 tỷ; tiền sử dụng đất phải đóng: Tổng 3.269 tỷ; Tiền sử dụng đất tính toán theo phương pháp thặng dư: 200 tỷ; tiền sử dụng đất theo phương pháp thặng dư của Tỉnh Bình Dương 3; DT 9/18/2024 11:38 AM Translate Em gửi anh Mr Mike1 -CEO bảng so sánh mức giá vốn dự án Phú Gia Khiêm. Với mức giá chuyển nhượng 700 tỷ,,,,,,,tiền sử dụng đất phải đóng: Tổng 3; Tiền sử dụng đất tính toán theo phương pháp thặng dư: 200 tỷ + Căn cứ theo suất vốn xây dựng của Quyết định 510/BXD + Văn bản hướng dẫn tính tiền sử dụng đất theo phương pháp thặng dư củ [2024-09; Tiền sử dụng đất tính toán theo phương pháp thặng dư: 200 tỷ + Căn cứ theo suất vốn xây dựng của Quyết định 510/BXD + Văn bản hướng dẫn tính tiền sử dụng đất theo phương pháp thặng dư của Tỉnh Bìn,Quyết định 510/BXD + Văn bản hướng dẫn tính tiền sử dụng đất theo phương pháp thặng dư củ [2024-09-18] Trieu Nguyen-PTDT 9/18/2024 11:38 AM Translate Em gửi anh Mr Mike1 -CEO bảng so sánh m; Quyết định 510/BXD + Văn bản hướng dẫn tính tiền sử dụng đất theo phương pháp thặng dư của Tỉnh Bình Dương 3/ Giá bán sản phẩm trung bình (tr,,,,,,BDS-CURATED-0366,32,7,17,0,19,0,0,D,Thiếu tọa độ; Thiếu diện tích đất; Thiếu quy hoạch; Thiếu tài chính,project_or_deal,,,BDS-CURATED-0366,2024-09-18,no,no,no,yes,no
,chung cư Việt An,3,2023-05-27,2024-12-06,batch_586.txt; batch_875.txt; batch_579.txt,Huy M - IM; Thao L - INVT; Unknown User,,,,https://goo.gl/maps/xNEqZWHrXNzKYLHe6; https://maps.app.goo.gl/uKe9j2z7xKHjdR8A7,"Tiếp giáp đường D4 (vào bằng đường Thuận Giao 09), Thuận Giao, Thuận An, Bình Dương. • Link map: https://goo.gl/maps/xNEqZWHrXNzKYLHe6 • Hiện trạng: Đất trống + Nhà xưởng tạm. • Quy mô: Dự án cao tầng gồm 02 khối tháp, m",Bình Dương,Thuận Giao,9.652 m²,cao tầng; chung cư,tư hiện có nhiều vướng mắc về quy định và chưa được làm rõ => rủi ro cao khu đất sẽ bị thu hồi đấu giá đầu thầu để thực hiện dự án đầu tư. b/ Pháp lý đầu tư: •,"HSSDĐ cả khu: 10,7 lần. 2/ PHÁP LÝ: a/ Pháp lý đất: • 03 GCNQSDĐ, trong đó: Đất ở tại đô thị: 86,7m2 – Lâu dài. Đất trồng cây hàng năm: 3.153,3m2 – 10/2063. Đất thương mại dịch vụ: 2.00; quy hoạch hiện tại (quy hoạch đất ở) nên không đủ điều kiện gia hạn => Việc không được gia hạn thời hạn sử dụng đất sẽ dẫn đến rủi ro cao khu đất sẽ bị thu hồi đấu giá đầu thầu để thực hiện; quy hoạch: • Phê duyệt chi tiết 1/500 ngày 23/03/2021 đính kèm bản v; quy hoạch: • Phê duyệt chi tiết 1/500 ngày 23/03/2021 đính kèm bản vẽ chi t","cao tầng gồm 02 khối tháp, mỗi khối gồm 24 tầng","HSSDĐ cả khu: 10,7",,Dân số: 2.342,"PHÁP LÝ: a/ Pháp lý đất: • 03 GCNQSDĐ, trong đó: Đất ở tại đô thị: 86,7m2 – Lâu dài. Đất trồng cây hàng năm: 3.153,3m2 – 10/2063. Đất thương mại dịch vụ: 2.000m2 – 12/2020 (hiện đã hết thời hạn sử dụng đất). Đất cơ sở sản xuất; đấu giá đầu thầu để thực hiện dự án đầu tư. • Phần Đất SKC 4.412,2m2 khi chuyển mục đích sử dụng đất để thực hiện dự án đầu tư hiện có nhiều vướng mắc về quy định và chưa được làm rõ => rủi ro cao khu đất sẽ bị thu hồi đấu giá; Pháp lý đầu tư: • Giấy phép đăng ký kinh doanh – lần đầu vào ngày 06/09/2019. • Chấp thuận đăng ký đầu tư dự án ngày 10/02/2020. c/ Pháp lý quy hoạch: • Phê duyệt chi tiết 1/500 ngày 23/03/2021 đính kèm bản v; Pháp lý đầu tư: • Giấy phép đăng ký kinh doanh – lần đầu vào ngày 06/09/2019. • Chấp thuận đăng ký đầu tư dự án ngày 10/02/2020. c/ Pháp lý quy hoạch: • Phê duyệt chi tiết 1/500 ngày 23/03/2021 đính kèm bản vẽ chi t; pháp lý để thực hiện dự án do các vướng mắc đã nêu trong báo cáo đã gửi. Nếu thực hiện tiếp sẽ phải qua thầu đầu hoặc thực hiện thí điểm. Tuy nhiên việc này sẽ tốn nhiều nguồn lực và thời gian kéo dài kèm theo rủi ro pháp lý","PHÁP LÝ: a/ Pháp lý đất: • 03 GCNQSDĐ, trong đó: Đất ở tại đô thị: 86,7m2 – Lâu dài. Đấ; pháp lý để thực hiện dự án do các vướng mắc đã nêu trong báo cáo đã gửi. Nếu thực hiện",Giá chào: 200 tỷ,"200 tỷ; 20,7tr/m2; 917,5tỷ; 80,5 tỷ; 10tr/m2; 14,4tr/m2; 455,3 tỷ; 36,2tr/m2; 38,3tr/m2; 225,2 tỷ; 70,4 tỷ",,,,,,"IRR= 20,42%","NPV = 70,4 tỷ",,"rủi ro cao khu đất sẽ bị thu hồi đấu giá đầu thầu để thực hiện dự án đầu tư. • Phần Đất SKC 4.412,2m2 khi chuyển mục đích sử dụng đất để thực hiện dự án đầu tư hiện có nhiều vướng mắc về quy định và chưa được làm rõ => rủi ro; vướng mắc đã nêu trong báo cáo đã gửi. Nếu thực hiện tiếp sẽ phải qua thầu đầu hoặc thực hiện thí điểm. Tuy nhiên việc này sẽ tốn nhiều nguồn lực và thời gian kéo dài kèm theo rủi ro pháp lý... Ý kiến kết luận của P.PLDA: ima",,,"[2024-12-06 | BDS-MASTER-0074] [2024-12-06] Huy M - IM 12/6/2024 8:01 AM Translate K.ĐT báo cáo anh Tuan Tran-CEO về dự án cao tầng Việt An, Thuận Giao, Bình Dương như sau: 1/ THÔNG TIN DỰ ÁN: • Giá chào: 200 tỷ. • Diện tích đất: 9.652,2m2 ~ 20,7tr/m2. • Vị trí: Tiếp giáp đường D4 (vào bằng đường Thuận Giao 09), Thuận Giao, Thuận An, Bình Dương. • Link map: https://goo.gl/maps/xNEqZWHrXNzKYLHe6 • Hiện trạng: Đất trống + Nhà xưởng tạm. • Quy mô: Dự án cao tầng gồm 02 khối tháp, mỗi khối gồm 24 tầng + 2 hầm; HSSDĐ cả khu: 10,7 lần. 2/ PHÁP LÝ: a/ Pháp lý đất: • 03 GCNQSDĐ, trong đó: Đất ở tại đô thị: 86,7m2 – Lâu dài. Đất trồng cây hàng năm: 3.153,3m2 – 10/2063. Đất thương mại dịch vụ: 2.000m2 – 12/2020 (hiện đã hết thời hạn sử dụng đất). Đất cơ sở sản xuất phi nông nghiệp: 4.412,2 m23 – 01/2050. • Văn bản 143/CV-BPTN&TKQ ngày 27/04/2021 về việc xin gia hạn TMD: không đủ điều kiện gia hạn. • Văn bản 919/UBND-KT ngày 12/04/2023 về việc trả lời đơn xin gia hạn TMD: không đủ điều kiện gia hạn. • Phần Đất TMDV 2000m2 đã hết hạn sử dụng (12/2020) và phía đối tác đã xin gia hạn lại vào năm 2021 theo văn bản 143/CV-BPTN&TKQ và năm 2023 theo văn bản 919/UBND-KT, tuy nhiên vì khu đất không phù hợp với quy hoạch hiện tại (q

---

[2024-12-06 | BDS-MASTER-0254] [2024-12-06] Unknown User 12/6/2024 8:11 AM Nhờ a Nghiệp check ply a P. ĐT báo cáo CEO Mr Mike1 -CEO về dự án chung cư Việt An, Thuận Giao Bình Dương sau khi phòng PLDA rà soát lại. Theo quy định hiện hành thì dự án vẫn không đáp ứng đủ điều kiện về pháp lý để thực hiện dự án do các vướng mắc đã nêu trong báo cáo đã gửi. Nếu thực hiện tiếp sẽ phải qua thầu đầu hoặc thực hiện thí điểm. Tuy nhiên việc này sẽ tốn nhiều nguồn lực và thời gian kéo dài kèm theo rủi ro pháp lý... Ý kiến kết luận của P.PLDA: image by Huy M - IM",67,cao tầng Việt An,cao tầng việt an,9.652 m²,9.652 m²,"9.652,2 m2","86,7m2; 3.153,3m2; 2.000m2; 000m2",Giá chào: 200 tỷ,,,,"IRR= 20,42%","NPV = 70,4 tỷ",,"Giá chào: 200 tỷ; 200 tỷ; 20,7tr/m2; 917,5tỷ; 80,5 tỷ; 10tr/m2; 14,4tr/m2; 455,3 tỷ; 36,2tr/m2; 38,3tr/m2; 225,2 tỷ; 70,4 tỷ; IRR= 20,42%; NPV = 70,4 tỷ","HSSDĐ cả khu: 10,7","cao tầng gồm 02 khối tháp, mỗi khối gồm 24 tầng",Dân số: 2.342,,"1/500 ngày 23/03/2021 đính kèm bản v; 1/500 ngày 23/03/2021 đính kèm bản vẽ chi t PHÁP LÝ: a/ Pháp lý đất: • 03 GCNQSDĐ, trong đó: Đất ở tại đô thị: 86,7m2 – Lâu dài",,,"GCNQSDĐ, trong đó: Đất ở tại đô thị: 86,7m2 – Lâu dài; đấu giá đầu thầu để thực hiện; Phê duyệt chi tiết 1/500 ngày 23/03/2021 đính kèm bản v; Phê duyệt chi tiết 1/500 ngày 23/03/2021 đính kèm bản vẽ chi t PHÁP LÝ: a/ Pháp lý đất: • 03 GCNQSDĐ, trong đó: Đất ở tại đô thị: 86,7m2 – Lâu dài; đấu giá đầu thầu để thực hiện dự án đầu tư; đấu giá",batch_586.txt,20,matched_teams_map_link,suspicious_shared_by_many_projects,BDS-MASTER-0074; BDS-MASTER-0254,BDS-CURATED-0325,32,0,25,21,14,15,35,D,Thiếu tọa độ; Tọa độ nghi ngờ,project_or_deal,,,BDS-CURATED-0325,2024-12-06,no,yes,yes,yes,yes
BDS-MASTER-0135,PGK phương án 900 tỷ,1,2024-09-17,2024-09-17,batch_658.txt,Trieu Nguyen-PTDT,,,,,,,,,TMĐT,,,,,,,,"chưa đạt hiệu quả đầu tư Giá vốn bao nhiêu thì ổn, em cho chạy các m... by Unknown User",,900 tỷ; 10 tỷ,,,"TMĐT : 14,15% + NPV = -10 tỷ",DT 9/17/2024 5:27 PM Edited Translate Em gửi anh hiệu quả dự án PGK phương án 900 tỷ,"LNTT / TMĐT : 14,15% + NPV = -10 tỷ","IRR = 10,7%",NPV = -10 tỷ,"hoàn vốn: 4,75 năm","chưa đạt hiệu quả đầu tư Giá vốn bao nhiêu thì ổn, em cho chạy các m... by Unknown User",,,"[2024-09-17] Trieu Nguyen-PTDT 9/17/2024 5:27 PM Edited Translate Em gửi anh hiệu quả dự án PGK phương án 900 tỷ: + LNTT / TMĐT : 14,15% + NPV = -10 tỷ + IRR = 10,7% + Thời gian hoàn vốn: 4,75 năm => Dự án chưa đạt hiệu quả đầu tư Giá vốn bao nhiêu thì ổn, em cho chạy các m... by Unknown User",53,PGK phương án 900 tỷ,pgk phương án 900 tỷ,,,,,,"TMĐT : 14,15% + NPV = -10 tỷ",DT 9/17/2024 5:27 PM Edited Translate Em gửi anh hiệu quả dự án PGK phương án 900 tỷ,"LNTT / TMĐT : 14,15% + NPV = -10 tỷ","IRR = 10,7%",NPV = -10 tỷ,"hoàn vốn: 4,75 năm","900 tỷ; 10 tỷ; TMĐT : 14,15% + NPV = -10 tỷ; DT 9/17/2024 5:27 PM Edited Translate Em gửi anh hiệu quả dự án PGK phương án 900 tỷ; LNTT / TMĐT : 14,15% + NPV = -10 tỷ; IRR = 10,7%; NPV = -10 tỷ",,,,,,,,,,,,,,BDS-CURATED-0338,29,0,12,0,8,22,4,E,Thiếu tọa độ; Thiếu diện tích đất; Thiếu quy hoạch,project_or_deal,,,BDS-CURATED-0338,2024-09-17,no,no,no,no,yes
BDS-MASTER-0240,Aqua city của Novaland đã được tháo gỡ vướng mắc về pháp lý,2,2024-11-19,2024-11-19,batch_607.txt; batch_655.txt,Huy M - IM,15.8884285,108.3559502,"15.8884285, 108.3559502",https://maps.app.goo.gl/zNrudtbb4kMk2xxv5,,Đồng Nai,,,,,"Quy hoạch chung 1/10.000, đánh dấu bước quyết định trong việc tháo... baochinhphu.vn Aquacity dc gỡ Quy hoạch by Huy M - IM",,,,,"pháp lý, tăng tốc hoàn thiện (Chinhphu.vn) - Ngày 19/11, Chủ tịch UBND Tỉnh Đồng Nai Võ Tấn Đức đã ký Quyết định số 3479 chính thức phê duyệt điều chỉnh cục bộ Quy hoạch chung 1/10.000, đánh dấu bước quyết định trong việc tháo.; pháp lý, tăn","đã được tháo gỡ vướng mắc về pháp lý, tăng tốc hoàn thiện (Chinhphu.vn) - Ngày 19/11, Chủ tịch UBND Tỉnh Đồng Nai Võ Tấn Đức đã",,,,,,,,,,,"vướng mắc về pháp lý, tăng tốc hoàn thiện (Chinhphu.vn) - Ngày 19/11, Chủ tịch UBND Tỉnh Đồng Nai Võ Tấn Đức đã ký Quyết định số 3479 chính thức phê duyệt điều chỉnh cục bộ Quy hoạch chung 1/10.000, đánh dấu bước quyết định t; vướng mắc về pháp lý, tăn",,,"[2024-11-19] Huy M - IM 11/19/2024 4:46 PM https://baochinhphu.vn/du-an-aqua-city-cua-novaland-da-duoc-thao-go-vuong-mac-ve-phap-ly-tang-toc-hoan-thien-102241119142532239.htm?fbclid=IwZXh0bgNhZW0CMTEAAR3dpj9CESGsYbb-GGuf9O8_zb6itlLFsKE1gx4hCtVPHhoRwR81MKxeWys_aem_GwwUfoJyHqW-pxmcY32DWg Dự án Aqua city của Novaland đã được tháo gỡ vướng mắc về pháp lý, tăng tốc hoàn thiện (Chinhphu.vn) - Ngày 19/11, Chủ tịch UBND Tỉnh Đồng Nai Võ Tấn Đức đã ký Quyết định số 3479 chính thức phê duyệt điều chỉnh cục bộ Quy hoạch chung 1/10.000, đánh dấu bước quyết định trong việc tháo... baochinhphu.vn Aquacity dc gỡ Quy hoạch by Huy M - IM

---

[2024-11-19] Huy M - IM 11/19/2024 4:46 PM https://baochinhphu.vn/du-an-aqua-city-cua-novaland-da-duoc-thao-go-vuong-mac-ve-phap-ly-tang-toc-hoan-thien-102241119142532239.htm?fbclid=IwZXh0bgNhZW0CMTEAAR3dpj9CESGsYbb-GGuf9O8_zb6itlLFsKE1gx4hCtVPHhoRwR81MKxeWys_aem_GwwUfoJyHqW-pxmcY32DWg Dự án Aqua city của Novaland đã được tháo gỡ vướng mắc về pháp lý, tăn",29,Aqua city của Novaland đã được tháo gỡ vướng mắc về pháp lý,aqua city của novaland đã được tháo gỡ vướng mắc về pháp lý,,,,,,,,,,,,,,,,,,,,quyết định trong việc tháo; Quyết định số 3479 chính thức phê duyệt điều chỉnh cục bộ Quy hoạch chung 1/10,batch_607.txt,20,matched_teams_map_link,suspicious_shared_by_many_projects,,BDS-CURATED-0159,24,17,17,0,14,0,20,E,Tọa độ nghi ngờ; Thiếu diện tích đất; Thiếu quy hoạch; Thiếu tài chính,project_or_deal,,,BDS-CURATED-0159,2024-11-19,no,no,yes,yes,no
BDS-MASTER-0371,khách sạn Dự án Holiday,1,2024-09-14,2024-09-14,batch_668.txt,,,,,,,,Hội An,,khách sạn,,,,,,,"tiền sử dụng đất và cập nhật lại hiệu quả của PGK sau khi có TMĐT và Phương án Thiết kế, + Rà soát thêm giá TMDV đối với Khu đất văn phòng Quận 2 Song Song vói công việc trên vẫn phối hợp với các phòng ban để có đủ thông tin tính toán c",,,,,"tiền sử dụng đất và cập nhật lại hiệu quả của PGK sau khi có TMĐT và Phương án Thiết kế, + Rà soát thêm giá TMDV đối với Khu đất văn phòng Quận 2",,,,,,,,,,"[] Báo cáo Mr. Mike tiến độ các công việc liên quan đến các dự án khách sạn Dự án Holiday: Đã có PAKD sau khi trao đổi với Mr Cường-GM và TMĐT ước tính củ dự án. Đang tính toán kết quả. Dự án Phú Hải: Đã có báo cáo của R&D. Đang phối hợp QS để lên TMĐT Dự án Hội An: Sau khi báo cáo lần 1, đang chờ RD khảo sát lại thị trường và QS tính toán lại TMĐT cho phù hợp với chuẩn 4*. Hiện Team cũng đang tập trung để hoàn thiện xong các dự án trong tuần này: + Đã trao đổi với Mr. Harry, đang cập nhật lại các thông tin để rà soát lại định giá CKG, + Tính toán tiền sử dụng đất và cập nhật lại hiệu quả của PGK sau khi có TMĐT và Phương án Thiết kế, + Rà soát thêm giá TMDV đối với Khu đất văn phòng Quận 2 Song Song vói công việc trên vẫn phối hợp với các phòng ban để có đủ thông tin tính toán cho các dự án khách sạn. Ok a by Unknown User",18,khách sạn Dự án Holiday,khách sạn dự án holiday,,,,,,,,,,,,"tiền sử dụng đất và cập nhật lại hiệu quả của PGK sau khi có TMĐT và Phương án Thiết kế, + Rà soát thêm giá TMDV đối với Khu đất văn phòng Quận 2",,,,,,,"tiền sử dụng đất và cập nhật lại hiệu quả của PGK sau khi có TMĐT và Phương án Thiết kế, + Rà soát thêm giá TMDV đối với Khu đất văn phòng Quận 2 Song Song vói công việc trên vẫn phối hợp với các",,,,,,,BDS-CURATED-0417,24,7,12,0,13,0,0,E,Thiếu tọa độ; Thiếu diện tích đất; Thiếu quy hoạch; Thiếu tài chính,project_or_deal,,,BDS-CURATED-0417,2024-09-14,no,no,no,yes,no
BDS-MASTER-0239,Aqua City và Swan Bay,3,2023-06-06,2023-06-06,batch_854.txt; batch_862.txt; batch_864.txt,Unknown User; Sinh Nguyen-Dau Tu,,,,,"AquaCity tốt hơn, gần khu dân cư động đúc hơn, dễ dàng kết nối ra thành phố Biên Hòa, vị trí dự án có thể làm khu đô thị ở, nghỉ dưỡng kết hợp thương mại, trong khi đó tại SwanBay vị trí biệt lập trên đảo, chỉ thích hợp",,Biên Hòa,,Nhà phố,,,,,,dân về ở Không có thanh khoản So sánh giá các sản phẩm của 2,,chưa hoàn thành các tiện ích và mảng xanh nhiều. Về phát triển dự án thì Aqua City phát triển đẹp hơn so với SwanBay. Chi ti,,,,,,,,,,,chưa hoàn thành các tiện ích và mảng xanh nhiều. Về phát triển dự án thì Aqua City phát triển đẹp hơn so với SwanBay. Chi tiết theo file đính kèm: So sanh Gia du an AquaCity & Swanbay.pdf imag,,n ích và mảng xanh nhiều. Về phát triển dự án thì Aqua City phát triển đẹp hơn so với SwanBay. Chi tiết theo file đính kèm: So sanh Gia du an AquaCity & Swanbay.pdf,"[2023-06-06] Unknown User 6/6/2023 6:04 PM K.ĐT báo cáo anh Tuan Tran-CEO về so sánh giá giữa dự án Aqua City và Swan Bay như sau: 📷 Image … Ai làm báo cáo này ok quá nha 1 Heart reaction. Image by Unknown User

---

[2023-06-06] Unknown User 6/6/2023 6:04 PM K.ĐT báo cáo anh Tuan Tran-CEO về so sánh giá giữa dự án Aqua City và Swan Bay như sau: 📷 Image … Làm thêm so sánh với Swan park nha 1 Heart reaction. 1 Like reaction. Begin quote, Binh Vo-GD-PTDT , 6/6/2023 10:... by Unknown User

---

[2023-06-06] Sinh Nguyen-Dau Tu 6/6/2023 6:04 PM K.ĐT báo cáo anh Tuan Tran-CEO về so sánh giá giữa dự án Aqua City và Swan Bay như sau: Swan Bay Aqua City Chiết khấu Hầu như các phân khu không có sản phẩm cắt lỗ so với thời điểm T5/2022 1/ Khách hàng thanh toán theo phương án chuẩn, cắt lỗ khá ít khoảng vài trăm triệu (5 – 10%). 2/ Khách hàng cắt lỗ nhiều nhất là khách vay, cắt lỗ lên đến 20% tương đương tối đa 20% vốn tự có. Tính thanh khoản Đã có thanh khoản do bàn giao đã lâu và đã có dân về ở Không có thanh khoản So sánh giá các sản phẩm của 2 dự án: 1/ Giá bán sản phẩm Nhà phố hiện tại của 2 dự án, ngang ngang nhau, không có sự chênh lệch giá nhiều. Nếu thời điểm trước từ tháng 5/2022 trở về trước thì giá bán của Aqua City cao hơn SwanBay khoảng trên 20% 2/ Giá bán sản phẩm Biệt thự song lập hiện tại Aqua City cao hơn Swan Bay bình quân khoảng từ 20 – 40% 3/ Giá bán sản phẩm Biệt thự đơn lập hiện tại Aqua City cao hơn Swan Bay bình quân khoảng từ 10 – 15% 4/ Giá bán sản phẩm Shophouse hiện tại Aqua City cao hơn Swan Bay bình quân khoảng từ 20 – 25% Thị trường hiện tại, dự án Aqua City vẫn có giá bán cao hơn SwanBay bởi vì: Giá bán ban đầu tại Aqua City vốn dĩ đã rất cao, cao gấp rưỡi đến ",29,Aqua City và Swan Bay như sau,aqua city và swan bay,,,,,,,,,,,,,,,dân về ở Không có thanh khoản So sánh giá các sản phẩm của 2,,,,,,,,,,,BDS-CURATED-0378,23,7,17,4,8,0,4,E,Thiếu tọa độ; Thiếu diện tích đất; Thiếu tài chính,project_or_deal,,,BDS-CURATED-0378,2023-06-06,no,no,no,no,no
BDS-MASTER-0261,là KCN,1,,,batch_344.txt,,,,,,"dự án. Có một số đánh giá như sau: 1. Về vị trí: Thuộc trung tâm hành chính mới xã Nhơn Trạch, vị trí cửa ngõ sân bay Long Thành. Xung quanh dự án là KCN, dự án đã triển khai và quy hoạch nhiều dự án nhà ở phát triển tro",,Nhơn Trạch,,KCN,,"quy hoạch nhiều dự án nhà ở phát triển trong tương lai. 2. Về quy mô: Quy mô và cơ cấu sản phẩm theo 1/500 được duyệt, bao gồm: STT Chức năng Diện tích (m2) Số lượng căn (căn) Tỷ lệ (%) 1 Đ; quy hoạch đầu tư xây dựng khu nhà ở công nhân và chuyên gia làm việc tại các KCN Nhơn Trạch. 3. Về hiện trạng hồ sơ pháp lý dự án:","cao 15 tầng; cao 22 tầng; xây dựng chung cư 18,830 1 Block cao 15 tầng",,,,"pháp lý, vị trí dự án. Có một số đánh giá như sau: 1. Về vị trí: Thuộc trung tâm hành chính mới xã Nhơn Trạch, vị trí cửa ngõ sân bay Long Thành. Xung quanh dự án là KCN, dự án đã triển khai và quy hoạch nhiều dự án nhà ở phát; 1/500 được duyệt, bao gồm: STT Chức năng Diện tích (m2) Số lượng căn (căn) Tỷ lệ (%) 1 Đất ở 55,825 61% Đất xây dựng chung cư 18,830 1 Block cao 15 tầng, 1 Block cao 22 tầng 20% Biệt thự + nhà liên kế 36,995 248 40% 2 Đất cây; pháp lý dự án:","pháp lý, vị trí dự án. Có một số đánh giá như sau: 1. Về vị trí: Thuộc trung tâm hành c",,,,,,,,,,,,,,"[] P.ĐT sau khi nghiên cứu hồ sơ pháp lý, vị trí dự án. Có một số đánh giá như sau: 1. Về vị trí: Thuộc trung tâm hành chính mới xã Nhơn Trạch, vị trí cửa ngõ sân bay Long Thành. Xung quanh dự án là KCN, dự án đã triển khai và quy hoạch nhiều dự án nhà ở phát triển trong tương lai. 2. Về quy mô: Quy mô và cơ cấu sản phẩm theo 1/500 được duyệt, bao gồm: STT Chức năng Diện tích (m2) Số lượng căn (căn) Tỷ lệ (%) 1 Đất ở 55,825 61% Đất xây dựng chung cư 18,830 1 Block cao 15 tầng, 1 Block cao 22 tầng 20% Biệt thự + nhà liên kế 36,995 248 40% 2 Đất cây xanh 5,462 6% 3 Đất giao thông 30,788 33% Tổng cộng 92,075 Tính chất dự án: quy hoạch đầu tư xây dựng khu nhà ở công nhân và chuyên gia làm việc tại các KCN Nhơn Trạch. 3. Về hiện trạng hồ sơ pháp lý dự án:",29,là KCN,là kcn,,,,,,,,,,,,,,"cao 15 tầng; cao 22 tầng; xây dựng chung cư 18,830 1 Block cao 15 tầng",,,"1/500 được duyệt, bao gồm: STT Chức năng Diện tích (m2) Số lượng căn (căn) Tỷ lệ (%) 1 Đ; 1/500 được duyệt, bao gồm: STT Chức năng Diện tích (m2) Số lượng căn (căn) Tỷ lệ (%) 1 Đất ở 55,825 61% Đất xây dựng chung cư 18,830 1 Block cao 15 tầng, 1 Block cao",,,,,,,,,BDS-CURATED-0385,23,7,5,11,8,0,0,E,Thiếu tọa độ; Thiếu diện tích đất; Thiếu tài chính,project_or_deal,,,BDS-CURATED-0385,,no,no,yes,yes,no
BDS-MASTER-0362,càng tốt ạ Vì luật hiện nay vẫn quy định đơn giá ko dc,1,2025-02-13,2025-02-13,batch_520.txt,,10.6629773,106.8625131,"10.6629773, 106.8625131",https://maps.app.goo.gl/yVp7cfpfnfdzb7mV7,,,,,,,"hệ số sử dụng Đất tối thiểu 5 là đạt hiệu quả. Tuy nhiên, nếu được đóng tiền sử dụng đất theo phương pháp thặng dư thì hệ số sử dụng Đất tối thiểu 2,5 là đạt hiệu quả Đồng thời, trong c; hệ số sử dụng đất càng cao thì hiệu quả dự án càng tốt ạ Vì luật hiện nay vẫn quy định đơn giá ko dc... by Huy M - IM",,"hệ số sử dụng Đất tối thiểu 5; hệ số sử dụng Đất tối thiểu 2,5",,,"tiền sử dụng đất theo phương pháp thặng dư thì hệ số sử dụng Đất tối thiểu 2,5 là đạt hiệu quả Đồng thời, trong cả 2 phương án nêu trên nếu hệ số sử dụng đất càng cao thì hiệu quả dự án càng tốt ạ Vì luật hiện nay vẫn quy định đơn giá k",,,,,"tiền sử dụng đất theo phương pháp thặng dư thì hệ số sử dụng Đất tối thiểu 2,5",,,,,,,,,,"[] Dạ, trong trường hợp phải đóng tiền theo bảng giá đất nhà nước thì hệ số sử dụng Đất tối thiểu 5 là đạt hiệu quả. Tuy nhiên, nếu được đóng tiền sử dụng đất theo phương pháp thặng dư thì hệ số sử dụng Đất tối thiểu 2,5 là đạt hiệu quả Đồng thời, trong cả 2 phương án nêu trên nếu hệ số sử dụng đất càng cao thì hiệu quả dự án càng tốt ạ Vì luật hiện nay vẫn quy định đơn giá ko dc... by Huy M - IM",18,càng tốt ạ Vì luật hiện nay vẫn quy định đơn giá ko dc,càng tốt ạ vì luật hiện nay vẫn quy định đơn giá ko dc,,,,,,,,,,,,"tiền sử dụng đất theo phương pháp thặng dư thì hệ số sử dụng Đất tối thiểu 2,5","hệ số sử dụng Đất tối thiểu 5; hệ số sử dụng Đất tối thiểu 2,5",,,,,,"tiền sử dụng đất theo phương pháp thặng dư thì hệ số sử dụng Đất tối thiểu 2,5 là đạt hiệu quả Đồng thời, trong c; tiền sử dụng đất theo phương pháp thặng dư thì hệ số sử dụng Đất tối thiểu 2,5 là đạt hiệu quả Đồng thời, trong cả 2 phương án nêu trên nếu hệ số sử dụng đất càng cao thì hiệu quả dự án càng tốt ạ",,batch_548.txt,16,matched_teams_map_link,suspicious_shared_by_many_projects,,BDS-CURATED-0240,22,10,12,6,13,0,15,E,Tọa độ nghi ngờ; Thiếu diện tích đất; Thiếu tài chính,project_or_deal,,,BDS-CURATED-0240,2025-02-13,no,no,yes,yes,no
BDS-MASTER-0272,đạt hiệu quả với giá mua dự án ở khoảng 17 triệu đồng/m2 ~ ngưỡng giá mua dự án 520 tỷ đồng,1,,,batch_328.txt,,15.8884285,108.3559502,"15.8884285, 108.3559502",https://maps.app.goo.gl/zNrudtbb4kMk2xxv5,,Bình Dương,,,căn hộ,,,,,,,,"chưa VAT) thì dự án đạt hiệu quả với giá mua dự án ở khoảng 17 triệu đồng/m2 ~ ngưỡng giá mua dự án 520 tỷ đồng, tương đương","giá mua dự án 520 tỷ; giá mua dự án ở khoảng 17 triệu đồng/m2 ~ ngưỡng giá mua dự án 520 tỷ; giá chào 520 tỷ; 520 tỷ đồng, tương đương một nửa giá chào",520 tỷ,"giá bán căn hộ, theo đó khi giá bán căn hộ tăng lên từ 50 triệu",,,,,,,,"chưa VAT) thì dự án đạt hiệu quả với giá mua dự án ở khoảng 17 triệu đồng/m2 ~ ngưỡng giá mua dự án 520 tỷ đồng, tương đương một nửa giá chào bán. Tuy nhiên, về khả năng bán giá 50 triệu đồng (chưa VAT) tính ở thời điểm hiện",,,"[] Phòng ĐT có tính độ nhạy về thay đổi tăng giá bán căn hộ, theo đó khi giá bán căn hộ tăng lên từ 50 triệu đồng/m2 (chưa VAT) thì dự án đạt hiệu quả với giá mua dự án ở khoảng 17 triệu đồng/m2 ~ ngưỡng giá mua dự án 520 tỷ đồng, tương đương một nửa giá chào bán. Tuy nhiên, về khả năng bán giá 50 triệu đồng (chưa VAT) tính ở thời điểm hiện tại thì khó khả thi do nguồn cung của khu vực Bình Dương đang rất lớn và DA số lượng căn hộ cũng lớn lên đến ~1.900 căn nên giá 50 triệu đồng khó cạnh tranh.",29,đạt hiệu quả với giá mua dự án ở khoảng 17 triệu đồng/m2 ~ ngưỡng giá mua dự án 520 tỷ đồng,đạt hiệu quả với giá mua dự án ở khoảng 17 triệu đồng m2 ngưỡng giá mua dự án 520 tỷ đồng,,,,,"giá mua dự án 520 tỷ; giá mua dự án ở khoảng 17 triệu đồng/m2 ~ ngưỡng giá mua dự án 520 tỷ; giá chào 520 tỷ; 520 tỷ đồng, tương đương một nửa giá chào",,,,,,,"giá mua dự án 520 tỷ; giá mua dự án ở khoảng 17 triệu đồng/m2 ~ ngưỡng giá mua dự án 520 tỷ; 520 tỷ đồng, tương đương một nửa giá chào; 520 tỷ; giá bán căn hộ, theo đó khi giá bán căn hộ tăng lên từ 50 triệu",,,,,,,,,batch_208.txt,20,matched_teams_map_link,suspicious_shared_by_many_projects,,BDS-CURATED-0180,22,17,5,0,8,11,19,E,Tọa độ nghi ngờ; Thiếu diện tích đất; Thiếu quy hoạch,project_or_deal,,,BDS-CURATED-0180,,no,no,no,no,yes
BDS-MASTER-0154,Cù lao Tân Vạn theo đơn giá bán (đất + nhà) trung bình dựa vào các loại hình do Mr,1,2025-05-06,2025-05-06,batch_423.txt,Thao L - INVT,10.840677,106.719716,"10.840677, 106.719716",https://maps.app.goo.gl/ioqJ9N2mKRyMdiAe6,giáp sông/kênh: 100tr/m2 - Đơn giá bán đất + nhà trung bình cho Biệt thự Đơn lập vị trí phía trong: 90tr/m2 - Đơn giá bán đất + nhà trung bình cho Biệt thự Song lập: 85tr/m2 - Đơn giá bán đất + nhà trung bình cho Nhà liê,,,,Biệt thự,,,,,,,pháp lý + Hoàn thiện hạ tầng kỹ thuật và hạ tầng xã hội để đủ điêu kiện bán hàng + Hòa thiện việc xây nhà + Thời gian dự kiến đủ điều kiện bán hàng toàn dự án là T9/2026 (hơn 1 năm nữa) Với giá Biệt thự song lập đang được đề xu,pháp lý + Hoàn thiện hạ tầng kỹ thuật và hạ tầng xã hội để đủ điêu kiện bán hàng + Hòa,,100tr/m2; 90tr/m2; 85tr/m2; 95tr/m2,Đơn giá bán đất + nhà trung bình cho Biệt thự Đơn lập vị trí giáp sông/kênh: 100tr/m2; Đơn giá bán đất + nhà trung bình cho Biệt thự Đơn lập vị trí phía trong: 90tr/m2; Đơn giá bán đất + nhà trung bình cho Biệt thự Song lập: 85tr/m2; Đơn giá bán đất + nhà trung bình cho Nhà liên kế: 95tr/m2,,,DOANH THU (THEO ĐỀ XUẤT MR. LÂM) - Đơn giá bán đất + nhà trung bình cho Biệt thự Đơn lập vị trí giáp sông/kênh: 100t,,,,,"đề xuất như sau: 1. DOANH THU (THEO ĐỀ XUẤT MR. LÂM) - Đơn giá bán đất + nhà trung bình cho Biệt thự Đơn lập vị trí giáp sông/kênh: 100tr/m2 - Đơn giá bán đất + nhà trung bình cho Biệt thự Đơn lập vị trí phía trong: 90tr/m2 - Đ; đề xuất của Mr. Lâm. Dự án có Tỷ suất LNTT/TMĐT= 30% 5. NHẬN ĐỊNH - Đơn giá bán đất + nhà trung bình được đề xuất theo PA của Mr. Lâm khi dự án: + Hoàn thiện pháp lý + Hoàn thiện hạ tầng kỹ thuật và hạ tầng xã hội để đủ điêu ki; đề xuất là 85tr/m2 vào thời điểm dự kiến T9/2026 sau khi đã hoàn thiện all hết các điều kiện hạ tầng, tiện ích.....như trên thì đang tương đương với Đơn giá bán 20 căn Biệt thự song lập CĐT đang rumor để mở bán vào T6/2025 theo; chưa hoàn thiện được các hạ tầng, tiện ích....","đề xuất như sau: 1. DOANH THU (THEO ĐỀ XUẤT MR. LÂM) - Đơn giá bán đất + nhà trung bình cho Biệt thự Đơn lập vị trí giáp sông/kênh: 100tr/m2 - Đơn giá bán đất + nhà trung bình cho Biệt th; đề xuất của Mr. Lâm. Dự án có Tỷ suất LNTT/TMĐT= 30% 5. NHẬN ĐỊNH - Đơn giá bán đất + nhà trung bình được đề xuất theo PA của Mr. Lâm khi dự án: + Hoàn thiện pháp lý + Hoàn thiện hạ tầng; đề xuất là 85tr/m2 vào thời điểm dự kiến T9/2026 sau khi đã hoàn thiện all hết các điều kiện hạ tầng, tiện ích.....như trên thì đang tương đương với Đơn giá bán 20 căn Biệt thự song lập C",,"[2025-05-06] Thao L - INVT 5/6/2025 5:36 PM Translate K.ĐT gửi anh Mr Mike1 -CEO cập nhật báo cáo dự án Cù lao Tân Vạn theo đơn giá bán (đất + nhà) trung bình dựa vào các loại hình do Mr. Lâm đề xuất như sau: 1. DOANH THU (THEO ĐỀ XUẤT MR. LÂM) - Đơn giá bán đất + nhà trung bình cho Biệt thự Đơn lập vị trí giáp sông/kênh: 100tr/m2 - Đơn giá bán đất + nhà trung bình cho Biệt thự Đơn lập vị trí phía trong: 90tr/m2 - Đơn giá bán đất + nhà trung bình cho Biệt thự Song lập: 85tr/m2 - Đơn giá bán đất + nhà trung bình cho Nhà liên kế: 95tr/m2 2. CHI PHÍ ĐẦU TƯ 3. CHI PHÍ HOẠT ĐỘNG VÀ CHI PHÍ LÃI VAY 4. HIỆU QUẢ ĐẦU TƯ Với đơn giá bán (đất + nhà) theo đề xuất của Mr. Lâm. Dự án có Tỷ suất LNTT/TMĐT= 30% 5. NHẬN ĐỊNH - Đơn giá bán đất + nhà trung bình được đề xuất theo PA của Mr. Lâm khi dự án: + Hoàn thiện pháp lý + Hoàn thiện hạ tầng kỹ thuật và hạ tầng xã hội để đủ điêu kiện bán hàng + Hòa thiện việc xây nhà + Thời gian dự kiến đủ điều kiện bán hàng toàn dự án là T9/2026 (hơn 1 năm nữa) Với giá Biệt thự song lập đang được đề xuất là 85tr/m2 vào thời điểm dự kiến T9/2026 sau khi đã hoàn thiện all hết các điều kiện hạ tầng, tiện ích.....như trên thì đang tương đương với Đơn giá bán 20 căn Biệt thự song",47,Cù lao Tân Vạn theo đơn giá bán (đất + nhà) trung bình dựa vào các loại hình do Mr,cù lao tân vạn theo đơn giá bán đất nhà trung bình dựa vào các loại hình do mr,,,,,,,,,,,,100tr/m2; 90tr/m2; 85tr/m2; 95tr/m2; Đơn giá bán đất + nhà trung bình cho Biệt thự Đơn lập vị trí giáp sông/kênh: 100tr/m2; Đơn giá bán đất + nhà trung bình cho Biệt thự Đơn lập vị trí phía trong: 90tr/m2; Đơn giá bán đất + nhà trung bình cho Biệt thự Song lập: 85tr/m2; Đơn giá bán đất + nhà trung bình cho Nhà liên kế: 95tr/m2; DOANH THU (THEO ĐỀ XUẤT MR. LÂM) - Đơn giá bán đất + nhà trung bình cho Biệt thự Đơn lập vị trí giáp sông/kênh: 100t,,,,,,,,,batch_060.txt,20,matched_teams_map_link,suspicious_shared_by_many_projects,,BDS-CURATED-0101,21,17,12,0,8,5,19,E,Tọa độ nghi ngờ; Thiếu diện tích đất; Thiếu quy hoạch,project_or_deal,,,BDS-CURATED-0101,2025-05-06,no,no,no,yes,yes
BDS-MASTER-0343,Hội An Riverside có nhiều khả năng thay đổi concept,2,2025-01-02,2025-01-02,batch_547.txt,Thoi L - ASST.,10.6873566,106.7186056,"10.6873566, 106.7186056",https://goo.gl/maps/k4R8TwNVtrg4BrJc9,,,Hội An,,,,,,,,,,chưa hợp sổ dc để làm dự án. Cái này thì bên PLDA pk anh team vẫn đang tìm thêm hướng để xly. by Thoi L - ASST.,,,,,,,,,,,chưa hợp sổ dc để làm dự án. Cái này thì bên PLDA pk anh team vẫn đang tìm thêm hướng để xly. by Thoi L - ASST.,,,"[2025-01-02] Thoi L - ASST. 1/2/2025 9:46 AM Translate Huy Mai-PTDTChào Huy, DA Hội An Riverside có nhiều khả năng thay đổi concept, do vướn quy định về khoảng lùi hành lang bờ sông 10m (hiện nay đang tk là 5m). Huy trao đổi với A Kiên để cập nhật tt kịp thời nhé. Begin quote, Thoi -Tro Ly GD , 1/2/2025 9:4... by Huy M - IM

---

[2025-01-02] Thoi L - ASST. 1/2/2025 9:46 AM Huy Mai-PTDTChào Huy, DA Hội An Riverside có nhiều khả năng thay đổi concept, do vướn quy định về khoảng lùi hà… Bữa a Kiên cũng có trao đổi với em thông tin này. Em cũng có nghe thêm có con đường ở giữa 2 sổ nên mình cũng chưa hợp sổ dc để làm dự án. Cái này thì bên PLDA pk anh team vẫn đang tìm thêm hướng để xly. by Thoi L - ASST.",18,Hội An Riverside có nhiều khả năng thay đổi concept,hội an riverside có nhiều khả năng thay đổi concept,,,,,,,,,,,,,,,,,,,,,batch_917.txt,12,matched_teams_map_link,suspicious_shared_by_many_projects,,BDS-CURATED-0231,20,17,17,0,8,0,19,E,Tọa độ nghi ngờ; Thiếu diện tích đất; Thiếu quy hoạch; Thiếu tài chính,project_or_deal,,,BDS-CURATED-0231,2025-01-02,no,no,no,no,no
BDS-MASTER-0195,gộp 2 lô Võ Văn Kiệt theo thay đổi giá bán căn hộ và giá mua dự án,1,,,batch_042.txt,,16.053394,108.247722,"16.053394, 108.247722",https://maps.app.goo.gl/cuqyDKdtbfwW1DAa8,,,,2.635 m²,căn hộ,,"tầng cao, hệ số, dân số của tổng hai lô theo chỉ tiêu mới đều tăng cao hơn trước đây. Hiện anh Tài đang tính toán lại phương án mới (có bố trí Shop 3-4 tầng theo gợi ý của Sếp), sau khi có",,,,,,,giá mua dự án: Theo bảng độ nhạy thì Với đơn giá bán căn hộ 90 tr/m2; giá mua dự án để hiệu quả IRR~ từ 15 90 tr/m2; giá mua dự án để hiệu quả IRR~ từ 15% là ở khung 260 tr đến 280 tr/m2; giá mua 90 tr/m2; 738 tỷ giá bán căn hộ và giá mua,90 tr/m2; 280 tr/m2; 685 tỷ; 738 tỷ,đơn giá bán căn hộ 90 tr/m2; giá bán căn hộ và giá mua 90 tr/m2; giá bán căn hộ và giá mua dự án: Theo bảng độ nhạy thì Với đơn giá bán căn hộ 90 tr/m2,,,,,IRR~ từ 15%,,,,,,"[] Báo cáo Sếp Admin 01, bảng độ nhạy DA gộp 2 lô Võ Văn Kiệt theo thay đổi giá bán căn hộ và giá mua dự án: Theo bảng độ nhạy thì Với đơn giá bán căn hộ 90 tr/m2 thì giá mua dự án để hiệu quả IRR~ từ 15% là ở khung 260 tr đến 280 tr/m2 ~ 685 tỷ đến 738 tỷ đồng cho Lô A17-01 diện tích 2.635 m2. Ngoài ra, theo thông tin từ anh Tài thì tầng cao, hệ số, dân số của tổng hai lô theo chỉ tiêu mới đều tăng cao hơn trước đây. Hiện anh Tài đang tính toán lại phương án mới (có bố trí Shop 3-4 tầng theo gợi ý của Sếp), sau khi có PA từ anh Tài, chị sẽ cập nhật lại FS báo cáo lại à. Giá bán không trả được thấp vậy đâu. by Admin 01",41,để hiệu quả IRR~ từ 15% là ở khung 260 tr đến 280 tr/m2 ~ 685 tỷ đến 738 tỷ đồng cho Lô A17-01 diện tích 2,gộp 2 lô võ văn kiệt theo thay đổi giá bán căn hộ và giá mua dự án,2.635 m²,2.635 m²,2.635 m²,,giá mua dự án: Theo bảng độ nhạy thì Với đơn giá bán căn hộ 90 tr/m2; giá mua dự án để hiệu quả IRR~ từ 15 90 tr/m2; giá mua dự án để hiệu quả IRR~ từ 15% là ở khung 260 tr đến 280 tr/m2; giá mua 90 tr/m2; 738 tỷ giá bán căn hộ và giá mua,,,,IRR~ từ 15%,,,giá mua dự án: Theo bảng độ nhạy thì Với đơn giá bán căn hộ 90 tr/m2; giá mua dự án để hiệu quả IRR~ từ 15 90 tr/m2; giá mua dự án để hiệu quả IRR~ từ 15% là ở khung 260 tr đến 280 tr/m2; 738 tỷ giá bán căn hộ và giá mua; 90 tr/m2; 280 tr/m2; 685 tỷ; 738 tỷ; đơn giá bán căn hộ 90 tr/m2; giá bán căn hộ và giá mua 90 tr/m2; giá bán căn hộ và giá mua dự án: Theo bảng độ nhạy thì Với đơn giá bán căn hộ 90 tr/m2; IRR~ từ 15%,,,,,,,,,batch_515.txt,12,matched_teams_map_link,suspicious_shared_by_many_projects,,BDS-CURATED-0133,20,10,13,0,0,16,15,E,Tọa độ nghi ngờ; Thiếu pháp lý; Thiếu quy hoạch,project_or_deal,,,BDS-CURATED-0133,,no,yes,yes,no,yes
BDS-MASTER-0236,đầu tư,1,2025-10-31,2025-10-31,batch_250.txt,Thanh L - INVT,,,,https://www.google.com/maps/d/edit?mid=11z_Bkaxe4GIV5AYsicAES_ivCxDZbmM&usp=sharing,3 tài sản: https://www.google.com/maps/d/edit?mid=11z_Bkaxe4GIV5AYsicAES_ivCxDZbmM&usp=sharing Vì cả 3 tài sản có vị trí gần nhau nên P.RD để xuất chung một mức giá thuê cho 3 tài sản như sau: Đề xuất giá thuê,,,,căn hộ,,,,,,,,,,,,,,,,,,,Đề xuất giá thuê,Đề xuất giá thuê,,"[2025-10-31] Thanh L - INVT 10/31/2025 9:41 AM Edited Translate Kính gửi Mr Mike1 -CEO, P.ĐT báo cáo đánh giá 3 tài sản thực hiện căn hộ dịch vụ với hiệu quả dự án đầu tư như sau: Vị trí 3 tài sản: https://www.google.com/maps/d/edit?mid=11z_Bkaxe4GIV5AYsicAES_ivCxDZbmM&usp=sharing Vì cả 3 tài sản có vị trí gần nhau nên P.RD để xuất chung một mức giá thuê cho 3 tài sản như sau: Đề xuất giá thuê",35,đầu tư như sau,đầu tư,,,,,,,,,,,,,,,,,,,,,batch_250.txt,12,,,,BDS-CURATED-0376,20,15,12,0,0,0,0,E,Thiếu tọa độ; Thiếu diện tích đất; Thiếu pháp lý; Thiếu quy hoạch; Thiếu tài chính,project_or_deal,,,BDS-CURATED-0376,2025-10-31,no,no,no,no,no
BDS-MASTER-0214,KDC Đại Nam,1,2024-10-02,2024-10-02,batch_642.txt,Thao L - INVT,,,,,"dự án : Mặt tiền QL13, Chơn Thành, Bình Phước - Chủ đầu tư : Đại Nam - Quy mô : 96,7ha - 2.459 lô - Loại hình : Phân lô bán nền - Năm mở bán : 2018 – block A - Pháp lý : Đã có GCNQSDĐ từng lô - Hiện trạng : Hạ tầng kỹ th",,,967.000 m² (~96.70 ha),,,,,,,,"Pháp lý : Đã có GCNQSDĐ từng lô - Hiện trạng : Hạ tầng kỹ thuật đã hoàn thiện 90% Hạ tầng xã hội chưa hoàn thiện II. THÔNG TIN THỊ TRƯỜNG: - Hiện trạng: + Giao dịch trên thị trường rất chậm và ít, chủ yếu là do nhà đầu tư cá nh",Pháp lý : Đã có GCNQSDĐ từng lô - Hiện trạng : Hạ tầng kỹ thuật đã hoàn thiện 90% Hạ tầ,,9tr/m2; 11tr/m2,,,,,,,,,"chưa hoàn thiện II. THÔNG TIN THỊ TRƯỜNG: - Hiện trạng: + Giao dịch trên thị trường rất chậm và ít, chủ yếu là do nhà đầu tư cá nhân phải bán tháo, cắt lỗ với mức giá thấp để thu hồi vốn. + Hiện rất ít dân cư. + Đơn giá đất",,- Đơn giá đất tại dự án: + Q3.2024 : 7 - 9tr/m2 (tùy thuộc vào vị trí) + Q2.2022 : 10 - 11tr/m2 (tùy thuộc vào vị trí) => Giảm 20% - 30% 2024.10.02 KDC Đại Nam.pdf,"[2024-10-02] Thao L - INVT 10/2/2024 3:47 PM Edited Translate K.ĐT báo cáo anh Mr Mike1 -CEO về thị trường dự án KDC Đại Nam như sau: I. THÔNG TIN DỰ ÁN: - Vị trí dự án : Mặt tiền QL13, Chơn Thành, Bình Phước - Chủ đầu tư : Đại Nam - Quy mô : 96,7ha - 2.459 lô - Loại hình : Phân lô bán nền - Năm mở bán : 2018 – block A - Pháp lý : Đã có GCNQSDĐ từng lô - Hiện trạng : Hạ tầng kỹ thuật đã hoàn thiện 90% Hạ tầng xã hội chưa hoàn thiện II. THÔNG TIN THỊ TRƯỜNG: - Hiện trạng: + Giao dịch trên thị trường rất chậm và ít, chủ yếu là do nhà đầu tư cá nhân phải bán tháo, cắt lỗ với mức giá thấp để thu hồi vốn. + Hiện rất ít dân cư. + Đơn giá đất tại dự án giảm khoảng 20% - 30% so với năm 2022. - Đơn giá đất tại dự án: + Q3.2024 : 7 - 9tr/m2 (tùy thuộc vào vị trí) + Q2.2022 : 10 - 11tr/m2 (tùy thuộc vào vị trí) => Giảm 20% - 30% 2024.10.02 KDC Đại Nam.pdf Vào phòng họp em mở màn hình lớn nhé. giờ l... by Unknown User",35,KDC Đại Nam như sau,kdc đại nam,967.000 m² (~96.70 ha),967.000 m² (~96.70 ha),"96,7 ha",,,,,,,,,9tr/m2; 11tr/m2,,,,,,,,GCNQSDĐ từng lô - Hiện trạng : Hạ tầng kỹ thuật đã hoàn thiện 90% Hạ tầng xã hội chưa hoàn thiện II; GCNQSDĐ từng lô - Hiện trạng : Hạ tầng kỹ thuật đã hoàn thiện 90% Hạ tầ [2024-10-02] Thao L - INVT 10/2/2024 3:47 PM Edited Translate K,,,,,,BDS-CURATED-0364,19,7,20,0,14,0,17,E,Thiếu tọa độ; Thiếu quy hoạch; Thiếu tài chính,project_or_deal,,,BDS-CURATED-0364,2024-10-02,no,yes,no,yes,no
BDS-MASTER-0248,Khu Đô Thị Văn Giang (Red River Villa) tại Hưng Yên,1,,,batch_393.txt,,15.8884285,108.3559502,"15.8884285, 108.3559502",https://maps.app.goo.gl/zNrudtbb4kMk2xxv5,,,,4.469.000 m² (~446.90 ha),,,"quy hoạch: Khu vực dự án thuộc ""Đất đô thị hóa đến năm 2050"" theo Quy hoạch chung đô thị Văn Giang (QĐ 86/QĐ-TTG)1. Chưa có Quy hoạch phân khu (QHPK) 1/2.000 được phê duyệt. Bản vẽ 1/2.000; Quy hoạch chung và thiếu chi tiết. Cơ sở pháp lý cho sự phù hợp quy hoạch tại thời điểm đề xuất là chưa đủ. Đề xuất báo cáo: Thủ tướng Chính phủ có thẩm quyền phê duyệt chủ trương đầu tư. C; quy hoạch 1/2.000 cho phù hợp. Cần làm rõ quy mô các hạng mục dự án, đặc biệt là đất nông nghiệp sinh thái và công nghệ cao. Đính kèm Báo cáo Chi tiết của PLDA: Message by Huy M - IM, has a",,,,,"pháp lý 26/05/2025 của Phòng Pháp lý đánh giá dự án Khu Đô Thị Văn Giang (Red River Villa) tại Hưng Yên, do liên danh Công ty CP VERACITY và Công ty TNHH HSE Việt Nam đề xuất: Thông tin dự án: Khu đô thị 446,9 ha tại Văn Giang,; pháp lý rõ ràng. Mục tiêu là khu nhà ở, thương mại, du lịch sinh thái và nông nghiệp sạch. Đầu tư: Tổng vốn 86.369 tỷ đồng (20,84% vốn góp NĐT), thời hạn 50 năm, thực hiện trong 72 tháng. Hiện trạng đất: Chủ yếu là đất nông ngh; pháp lý cho sự phù hợp quy hoạch tại thời điểm đề xuất là chưa đủ. Đề xuất báo cáo: Thủ tướng Chính phủ có thẩm quyền phê duyệt chủ trương đầu tư. Cần cập nhật hồ sơ (từ 2022) và điều chỉnh quy hoạch 1/2.000 cho phù hợp. Cần là",pháp lý 26/05/2025 của Phòng Pháp lý đánh giá dự án Khu Đô Thị Văn Giang (Red River Vil,,86.369 tỷ,,,,,,,,,"đề xuất: Thông tin dự án: Khu đô thị 446,9 ha tại Văn Giang, Hưng Yên Hinh thức: Đấu thầu dự án có sử dụng đất Tình trạng: Đang ở giai đoạn đề xuất từ 16/05/2022, chưa có tiến triển pháp lý rõ ràng. Mục tiêu là khu nhà ở, thươn; chưa có hạ tầng, không dân cư. Vấn đề quy hoạch: Khu vực dự án thuộc ""Đất đô thị hóa đến năm 2050"" theo Quy hoạch chung đô thị Văn Giang (QĐ 86/QĐ-TTG)1. Chưa có Quy hoạch phân khu (QHPK) 1/2.000 được phê duyệt. Bản vẽ 1/2.0; đề xuất chưa khớp với Quy hoạch chung và thiếu chi tiết. Cơ sở pháp lý cho sự phù hợp quy hoạch tại thời điểm đề xuất là chưa đủ. Đề xuất báo cáo: Thủ tướng Chính phủ có thẩm quyền phê duyệt chủ trương đầu tư. Cần cập nhật hồ s; Cần làm rõ quy mô các hạng mục dự án, đặc biệt là đất nông nghiệp sinh thái và công nghệ cao. Đính kèm Báo cáo Chi tiết của PLDA: Message by Huy M - IM, has an attachment.","đề xuất: Thông tin dự án: Khu đô thị 446,9 ha tại Văn Giang, Hưng Yên Hinh thức: Đấu thầu dự án có sử dụng đất Tình trạng: Đang ở giai đoạn đề xuất từ 16/05/2022, chưa có tiến triển pháp; đề xuất chưa khớp với Quy hoạch chung và thiếu chi tiết. Cơ sở pháp lý cho sự phù hợp quy hoạch tại thời điểm đề xuất là chưa đủ. Đề xuất báo cáo: Thủ tướng Chính phủ có thẩm quyền phê du; Cần cập nhật hồ sơ (từ 2022) và điều chỉnh quy hoạch 1/2.000 cho phù hợp. Cần làm rõ quy mô các hạng mục dự án, đặc biệt là đất nông nghiệp sinh thái và công nghệ cao. Đính kèm Báo cá",,"[] P.ĐT gửi CEO Mr Mike1 -CEO tóm tắt Báo cáo pháp lý 26/05/2025 của Phòng Pháp lý đánh giá dự án Khu Đô Thị Văn Giang (Red River Villa) tại Hưng Yên, do liên danh Công ty CP VERACITY và Công ty TNHH HSE Việt Nam đề xuất: Thông tin dự án: Khu đô thị 446,9 ha tại Văn Giang, Hưng Yên Hinh thức: Đấu thầu dự án có sử dụng đất Tình trạng: Đang ở giai đoạn đề xuất từ 16/05/2022, chưa có tiến triển pháp lý rõ ràng. Mục tiêu là khu nhà ở, thương mại, du lịch sinh thái và nông nghiệp sạch. Đầu tư: Tổng vốn 86.369 tỷ đồng (20,84% vốn góp NĐT), thời hạn 50 năm, thực hiện trong 72 tháng. Hiện trạng đất: Chủ yếu là đất nông nghiệp, chưa có hạ tầng, không dân cư. Vấn đề quy hoạch: Khu vực dự án thuộc ""Đất đô thị hóa đến năm 2050"" theo Quy hoạch chung đô thị Văn Giang (QĐ 86/QĐ-TTG)1. Chưa có Quy hoạch phân khu (QHPK) 1/2.000 được phê duyệt. Bản vẽ 1/2.000 do nhà đầu tư đề xuất chưa khớp với Quy hoạch chung và thiếu chi tiết. Cơ sở pháp lý cho sự phù hợp quy hoạch tại thời điểm đề xuất là chưa đủ. Đề xuất báo cáo: Thủ tướng Chính phủ có thẩm quyền phê duyệt chủ trương đầu tư. Cần cập nhật hồ sơ (từ 2022) và điều chỉnh quy hoạch 1/2.000 cho phù hợp. Cần làm rõ quy mô các hạng mục dự án, đặc biệt là đ",29,Khu Đô Thị Văn Giang (Red River Villa) tại Hưng Yên,khu đô thị văn giang red river villa tại hưng yên,4.469.000 m² (~446.90 ha),4.469.000 m² (~446.90 ha),446.90 ha,,,,,,,,,86.369 tỷ,,,,,Quy hoạch phân khu (QHPK) 1/2; điều chỉnh quy hoạch 1/2,,,phê duyệt; phê duyệt chủ trương đầu tư,batch_208.txt,12,matched_teams_map_link,suspicious_shared_by_many_projects,,BDS-CURATED-0164,18,10,13,7,14,0,24,E,Tọa độ nghi ngờ; Thiếu tài chính,project_or_deal,,,BDS-CURATED-0164,,no,yes,yes,yes,no
BDS-MASTER-0282,CCN Giao Yến cũng đang ở bước đầu xin dự án,1,2023-04-26,2023-04-26,batch_888.txt,Huy M - IM,10.6963753,106.6108851,"10.6963753, 106.6108851",https://maps.app.goo.gl/UEv62Ht1RcfDLLML8,,,,,KCN,,,,,,,"pháp lý, xây dựng hạ tầng khu công nghiệp. Tiến độ sẽ thực hiện đồng bộ để đón điểm rơi theo việc hoàn thành các hạ tầng trọng yếu (đường ven biến, đường Nam Định Lạc Quần, đường Cao tốc) và khu Công nghiệp VSIP. image by Huy M","pháp lý, xây dựng hạ tầng khu công nghiệp. Tiến độ sẽ thực hiện đồng bộ để đón điểm rơi",,,,,,,,,,,,,,"[2023-04-26] Huy M - IM 4/26/2023 6:11 PM Edited Việc lựa chọn Đầu tư Cụm công nghiệp Giao Yến - Nam Định dựa trên: - Hưởng lợi từ việc đẩy mạnh phát triển hạ tầng giao thông tương lai của Nam Định - Hưởng lợi từ KCN VSIP khi triển khai sẽ tạo thị trường đẩy giá cho KCN khu vực. Dự án CCN Giao Yến cũng đang ở bước đầu xin dự án, sẽ phải thực hiện bồi thường giải phóng mặt bằng, triền khai các công tác pháp lý, xây dựng hạ tầng khu công nghiệp. Tiến độ sẽ thực hiện đồng bộ để đón điểm rơi theo việc hoàn thành các hạ tầng trọng yếu (đường ven biến, đường Nam Định Lạc Quần, đường Cao tốc) và khu Công nghiệp VSIP. image by Huy M - IM",24,CCN Giao Yến cũng đang ở bước đầu xin dự án,ccn giao yến cũng đang ở bước đầu xin dự án,,,,,,,,,,,,,,,,,,"bồi thường giải phóng mặt bằng, triền khai các công tác pháp lý, xây dựng hạ tầng khu công nghiệp",,,batch_543.txt,16,matched_teams_map_link,suspicious_shared_by_many_projects,,BDS-CURATED-0186,17,10,12,0,12,0,15,E,Tọa độ nghi ngờ; Thiếu diện tích đất; Thiếu quy hoạch; Thiếu tài chính,project_or_deal,,,BDS-CURATED-0186,2023-04-26,no,no,no,yes,no
BDS-MASTER-0251,"SADACO - Phú Mỹ""",1,2025-03-27,2025-03-27,batch_485.txt,Sinh Nguyen-Dau Tu,,,,,"dự án SADACO: Tọa lạc mặt tiền đường Tô Nguyệt Đình, phường Mỹ Xuân, TP. Phú Mỹ, tỉnh Bà Rịa - Vũng Tàu Dự án giáp ranh tỉnh Bà Rịa Vũng Tàu và tỉnh Đồng Nai Cách UBND TP. Phú Mỹ khoảng 12km Cách sân bay Quốc tế Long Thà","Bà Rịa - Vũng Tàu và đánh giá dự án SADACO - Phú Mỹ"" như sau: 1/ Vị trí dự án SADACO: Tọa lạc mặt tiền đường Tô Nguyệt Đình",Long Thành,,KCN,,,,,,,,"chưa có sự bứt phá rõ rệt do hạ tầng giao thông chưa hoàn chỉnh, thiếu chính sách phát triển đô thị rõ ràng, dẫn đến hạn chế",,,,,,,,,,,"đề xuất: 4.1/ Nhận định: Khu vực có tiềm năng phát triển vượt bậc trong tương lai nhờ kế hoạch sáp nhập vào TP.HCM và đầu tư mạnh vào hạ tầng giao thông. Mặc dù sở hữu nhiều lợi thế, Phú Mỹ vẫn chưa có sự bứt phá rõ rệt do hạ t; chưa hoàn chỉnh, thiếu chính sách phát triển đô thị rõ ràng, dẫn đến hạn chế trong thu hút đầu tư và dân cư. Trong thời gian tới, việc sáp nhập vào TP.HCM sẽ là cú hích lớn thúc đẩy đầu tư cơ sở hạ tầng, hỗ trợ phát triển cá","đề xuất: 4.1/ Nhận định: Khu vực có tiềm năng phát triển vượt bậc trong tương lai nhờ kế hoạch sáp nhập vào TP.HCM và đầu tư mạnh vào hạ tầng giao thông. Mặc dù sở hữu nhiều lợi thế, Phú",,"[2025-03-27] Sinh Nguyen-Dau Tu 3/27/2025 8:41 AM Translate KĐT gửi anh Mr Mike1 -CEO về ""Nhận định tiềm năng phát triển của TP. Phú Mỹ, tỉnh Bà Rịa - Vũng Tàu và đánh giá dự án SADACO - Phú Mỹ"" như sau: 1/ Vị trí dự án SADACO: Tọa lạc mặt tiền đường Tô Nguyệt Đình, phường Mỹ Xuân, TP. Phú Mỹ, tỉnh Bà Rịa - Vũng Tàu Dự án giáp ranh tỉnh Bà Rịa Vũng Tàu và tỉnh Đồng Nai Cách UBND TP. Phú Mỹ khoảng 12km Cách sân bay Quốc tế Long Thành khoảng 20km Cách cảng Cái Mép - Thị Vải khoảng 15km 2/ Nhận định về tiềm năng phát triển của TP. Phú Mỹ, tỉnh Bà Rịa - Vũng Tàu 2.1/ Hạ tầng giao thông: 2.2/ So sánh bất động sản KCN Miền Nam 2.3/ So sánh Cảng Cái Mép - Thị Vải và Cảng Hải Phòng: 3/ Đánh giá dự án SADACO: Dự án nằm ở vị trí thuận lợi, có nhiều tiềm năng phát triển trong tương lai 4/ Nhận định và đề xuất: 4.1/ Nhận định: Khu vực có tiềm năng phát triển vượt bậc trong tương lai nhờ kế hoạch sáp nhập vào TP.HCM và đầu tư mạnh vào hạ tầng giao thông. Mặc dù sở hữu nhiều lợi thế, Phú Mỹ vẫn chưa có sự bứt phá rõ rệt do hạ tầng giao thông chưa hoàn chỉnh, thiếu chính sách phát triển đô thị rõ ràng, dẫn đến hạn chế trong thu hút đầu tư và dân cư. Trong thời gian tới, việc sáp nhập vào TP.HCM sẽ là cú hích ",29,"SADACO - Phú Mỹ"" như sau",sadaco phú mỹ,,,,,,,,,,,,,,,,,,,,,,,,,,BDS-CURATED-0382,17,7,12,0,8,0,4,E,Thiếu tọa độ; Thiếu diện tích đất; Thiếu quy hoạch; Thiếu tài chính,project_or_deal,,,BDS-CURATED-0382,2025-03-27,no,no,no,no,no
BDS-MASTER-0340,Diamond Island Q,2,2023-06-22,2023-06-22,batch_821.txt; batch_830.txt,Unknown User,,,,,", giá bán của dự án Diamond Island Q.9 theo hình ảnh bên dưới: 📷 Giá này là giá thị trường đang rao bán hã, thấy ko hợp lý. Ví dụ: + Lô C 3 và A2 3 ( 64.8m vs 66.8m, 54tr vs 59.9tr): đối diện nhau, cùng 1 đường mà giá ch",,Q.9,,,,,,,,,,,,,,,,,,,,,,,"Unknown User 6/22/2023 10:42 AM Cho cụ thể, ví dụ lô E thì vị trí nào 47.5tr và vị trí nào 64.8tr 📄 Screen Shot 2023-06-22 at 10.41.17.png","[2023-06-22] Unknown User 6/22/2023 2:57 PM K.ĐT gửi anh Tuan Tran-CEO chi tiết vị trí, giá bán của dự án Diamond Island Q.9 theo hình ảnh bên dưới: 📷 Giá này là giá thị trường đang rao bán hã, thấy ko hợp lý. Ví dụ: + Lô C 3 và A2 3 ( 64.8m vs 66.8m, 54tr vs 59.9tr): đối diện nhau, cùng 1 đường mà giá chênh nhau 10% + Lô E 1 và E 2: cùng 1 đường mà giá 54.3 vs 64.8 + Lô E 4: đường bé mà giá 58.3 cao hơn cả E1 đường lớn Begin quote, Tuan Tran-CEO, 6/23/2023 10:09... by Unknown User

---

[2023-06-22] Unknown User 6/22/2023 10:42 AM Cho cụ thể, ví dụ lô E thì vị trí nào 47.5tr và vị trí nào 64.8tr 📄 Screen Shot 2023-06-22 at 10.41.17.png K.ĐT gửi anh Tuan Tran-CEO chi tiết vị trí, giá bán của dự án Diamond Island Q.9 theo hình ảnh bên dưới:",18,Diamond Island Q,diamond island q,,,,,,,,,,,,,,,,,,,,,,,,,,BDS-CURATED-0405,16,7,17,0,0,0,0,E,Thiếu tọa độ; Thiếu diện tích đất; Thiếu pháp lý; Thiếu quy hoạch; Thiếu tài chính,project_or_deal,,,BDS-CURATED-0405,2023-06-22,no,no,no,no,no
BDS-MASTER-0498,không với những hạn chế ở trên,1,,,batch_100.txt,,,,,https://www.google.com/maps/d/edit?mid=1pYF3M65dQngj9P_VP8SbXUKy92nYnFo&usp=sharing,,Đồng Nai,,,,,,,,,,,,,,,,,,,,,,,,,[] Phòng Đầu tư xin ý kiến chỉ đạo của Sếp về việc có tính FS dự án không với những hạn chế ở trên. Trân trọng. Bản đồ CC HaiSon - Huỳnh Văn Nghệ - Bửu Long - Đồng Nai www.google.com Thôi by Admin 01,6,không với những hạn chế ở trên,không với những hạn chế ở trên,,,,,,,,,,,,,,,,,,,,,batch_100.txt,20,,,,BDS-CURATED-0480,16,15,5,0,0,0,0,E,Thiếu tọa độ; Thiếu diện tích đất; Thiếu pháp lý; Thiếu quy hoạch; Thiếu tài chính,project_or_deal,,,BDS-CURATED-0480,,no,no,no,no,no
BDS-MASTER-0246,KDC,1,2022-08-22,2022-08-22,batch_917.txt,Thao L - INVT,21.250395,105.5350413,"21.250395, 105.5350413",https://goo.gl/maps/eqfdgJBc7XT7VhAW8,,,,200 m²,biệt thự,,,,,,dân hiện hữu như sau: Đường 10,,,,35tr/m2; 25tr/m2; 9tr/m2; 30tr/m2; 21.25tr/m2; 10.6tr/m2; 11.26tr/m2; 13.2tr/m2; 10.7tr/m2; 6.5tr/m2; 7.9tr/m2; 29.2tr/m2; 24.8tr/m2; 14.7tr/m2; 11.2tr/m2,,,,,,,,,"đề xuất giá đất ở: Xung quanh khu vực không có các dự án KDC, KĐT tương tự, vì thế K.ĐT đề xuất giá dựa vào giá đất dân hiện hữu như sau: Đường 10m: 25-35tr/m2 đối với diên tích đất trung bình từ 150-200m2 *Giá hiện tại: Nhà ở","đề xuất giá đất ở: Xung quanh khu vực không có các dự án KDC, KĐT tương tự, vì thế K.ĐT đề xuất giá dựa vào giá đất dân hiện hữu như sau: Đường 10m: 25-35tr/m2 đối với diên tích đất trung",,"[2022-08-22] Thao L - INVT 8/22/2022 6:58 PM 7) Giá bán các sản phẩm: Cơ sở đề xuất giá đất ở: Xung quanh khu vực không có các dự án KDC, KĐT tương tự, vì thế K.ĐT đề xuất giá dựa vào giá đất dân hiện hữu như sau: Đường 10m: 25-35tr/m2 đối với diên tích đất trung bình từ 150-200m2 *Giá hiện tại: Nhà ở liền kề: 25tr/m2 đất, 9tr/m2 sàn Nhà ở kết hợp thương mại: 30tr/m2 đất, 9tr/m2 sàn Nhà ở biệt thự: 21.25tr/m2 đất, 10.6tr/m2 sàn Nhà ở XH: 11.26tr/m2 sàn TMDV: 13.2tr/m2 đất Mầm non: 10.7tr/m2 đất, 6.5tr/m2 sàn Trường liên cấp: 10.7tr/m2 đất, 6.5tr/m2 sàn Y tế: 10.7tr/m2 đất, 7.9tr/m2 sàn *Giá tương lai: Nhà ở liền kề: 29.2tr/m2 đất, 9tr/m2 sàn mở bán từ II/2024- I/2027 Nhà ở kết hợp thương mại: 35tr/m2 đất, 9tr/m2 sàn mở bán từ II/2024- I/2027 Nhà ở biệt thự: 24.8tr/m2 đất, 10.6tr/m2 sàn mở bán từ II/2024- I/2027 Nhà ở XH: 11.26tr/m2 sàn mở bán từ II/2024- I/2027 TMDV: 14.7tr/m2 đất mở bán từ III/2027- II/2028 Mầm non: 11.2tr/m2 đất, 6.5tr/m2 sàn mở bán III/2028 Trường liên cấp: 11.2tr/m2 đất, 6.5tr/m2 sàn mở bán III/2028 Y tế: 11.2tr/m2 đất, 7.9tr/m2 sàn mở bán III/2028 8) Hiệu quả tài chính: Lợi nhuận trước th... by Thao L - INVT, has an attachment.",29,KDC,kdc,200 m²,200 m²,200 m²,,,,,,,,,35tr/m2; 25tr/m2; 9tr/m2; 30tr/m2; 21.25tr/m2; 10.6tr/m2; 11.26tr/m2; 13.2tr/m2; 10.7tr/m2; 6.5tr/m2; 7.9tr/m2; 29.2tr/m2; 24.8tr/m2; 14.7tr/m2; 11.2tr/m2,,,dân hiện hữu như sau: Đường 10,,,,,,batch_917.txt,12,matched_teams_map_link,suspicious_shared_by_many_projects,,BDS-CURATED-0163,15,10,20,4,0,0,15,E,Tọa độ nghi ngờ; Thiếu pháp lý; Thiếu tài chính,project_or_deal,,,BDS-CURATED-0163,2022-08-22,no,yes,no,no,no
BDS-MASTER-0238,Ana Mandara Villas Dalat Resort & Spa,1,,,batch_678.txt,,,,,,,,,34.000 m² (~3.40 ha),biệt thự,,,,,,,"Pháp lý Doanh nghiệp (PLDN) tư vấn về khả năng chấm dứt hợp đồng cho thuê: Căn cứ theo tư vấn của phòng PLDN (file đính kèm) và Hợp đồng thuê: Hợp đồng cho thuê Tài sản tại Hòa Bình và khu Lê Lai đều không có điều khoản, cơ sở","đã được Sacombank cải tạo, xây mới) gắn liền với cho thuê lại QSD đất Thời hạn thuê: thuê nhà và gắn liền với thuê lại QSD Đất:",,,,,,,,,,,đề xuất 2 tài sản cho thuê đặc thù của DLR như sau: 1/ Thông tin về Hợp đồng cho thuê của 2 tài sản Hòa Bình và Khu Lê Lai Khu Lê Lai: Đối tượng hợp đồng: 15 căn biệt thự và toàn bộ diện tích đất cho thuê lại của UBND tỉnh Lâm,"đề xuất 2 tài sản cho thuê đặc thù của DLR như sau: 1/ Thông tin về Hợp đồng cho thuê của 2 tài sản Hòa Bình và Khu Lê Lai Khu Lê Lai: Đối tượng hợp đồng: 15 căn biệt thự và toàn bộ diện; tiếp tục thực hiện hợp đồng và bồi thường cho đối tác các thiệt hại phát sinh do việc khởi kiện này. Do đó, DLR chỉ có thể đàm phán, thỏa thuận với đối tác để chấm dứt Hợp đồng thuê. Trong",,"[] P.ĐT báo cáo anh Tuan Tran-CEO, đánh giá và đề xuất 2 tài sản cho thuê đặc thù của DLR như sau: 1/ Thông tin về Hợp đồng cho thuê của 2 tài sản Hòa Bình và Khu Lê Lai Khu Lê Lai: Đối tượng hợp đồng: 15 căn biệt thự và toàn bộ diện tích đất cho thuê lại của UBND tỉnh Lâm Đồng, khoảng 3,4ha Thời hạn thuê: thuê nhà và thuê lại đất gắn liền với nhà: 50 năm (từ ngày 03/09/2003 đến ngày 02/09/2053) Giá cho thuê năm 2024: 650tr/năm ~54 tr/tháng (đã bao gồm VAT) bao gồm: + Toàn bộ 15 biệt thự: 433tr/năm (đã bao gồm VAT, giá này từ năm 2003 và được áp dụng trong suốt thời hạn thuê) + Giá thuê lại đất của Nhà Nước 2024: 217tr/năm Hòa Bình: Đối tượng hợp đồng: thuê nhà theo hiện trạng (toà nhà hiện nay đã được Sacombank cải tạo, xây mới) gắn liền với cho thuê lại QSD đất Thời hạn thuê: thuê nhà và gắn liền với thuê lại QSD Đất: 50 năm (từ ngày 24/6/2004 đến ngày 24/06/2054) Giá cho thuê năm 2024: 452tr/năm ~ 38tr/tháng (đã bao gồm VAT) bao gồm: + Giá thuê nhà từ 25/06/2024 đến 24/06/2029: 332tr/năm (đã bao gồm VAT và điều chỉnh tăng lũy kế 5% cho mỗi định kỳ 5 năm) + Giá cho thuê lại đất của nhà nước: 120tr/năm 2/ Phòng Pháp lý Doanh nghiệp (PLDN) tư vấn về khả năng chấm dứt hợp đồng cho thuê",29,Ana Mandara Villas Dalat Resort & Spa,ana mandara villas dalat resort spa,34.000 m² (~3.40 ha),34.000 m² (~3.40 ha),"3,4ha",,,,,,,,,,,,,,,,,,,,,,,BDS-CURATED-0377,14,0,13,0,8,0,0,E,Thiếu tọa độ; Thiếu quy hoạch; Thiếu tài chính,project_or_deal,,,BDS-CURATED-0377,,no,yes,no,yes,no
BDS-MASTER-0345,KDC Đại Nam T01,1,2025-01-20,2025-01-20,batch_542.txt,Thao L - INVT,,,,,"đường 2. Về Giá thị trường: - Đơn giá thị trường của dự án khảo sát vào T10.2024 đến hiện tại T01.2025 không có sự thay đổi, giao dịch chuyển nhượng ít - Đơn giá thị trường T01.2025 dao động từ 7tr - 10tr/m2 tùy vị trí đ",,,,,,,,,,,,,,1tr/m2; 8tr/m2; 10tr/m2,,,,,,,,,,,,"[2025-01-20] Thao L - INVT 1/20/2025 11:49 AM Edited Translate K.ĐT báo cáo anh Mr Mike1 -CEO về việc Cập nhật lại thị trường dự án KDC Đại Nam T01.2025 như sau: 1. Về Bảng giá đất nhà nước: - Đơn giá nhà nước năm 2025 tăng khoảng 1tr/m2 so với năm 2024 - Đơn giá nhà nước năm 2025 dao động từ 5tr - 8tr/m2 tùy vị trí đường 2. Về Giá thị trường: - Đơn giá thị trường của dự án khảo sát vào T10.2024 đến hiện tại T01.2025 không có sự thay đổi, giao dịch chuyển nhượng ít - Đơn giá thị trường T01.2025 dao động từ 7tr - 10tr/m2 tùy vị trí đường - Đơn giá nhà nước và thị trường hiện tại khá tiệm cận nhau và khoảng chênh lệch thấp Tính ra đi mua ở đây là còn rẻ hơn tự đi là... by Unknown User",18,KDC Đại Nam T01,kdc đại nam t01,,,,,,,,,,,,1tr/m2; 8tr/m2; 10tr/m2,,,,,,,,,,,,,,BDS-CURATED-0406,13,7,12,0,0,0,0,E,Thiếu tọa độ; Thiếu diện tích đất; Thiếu pháp lý; Thiếu quy hoạch; Thiếu tài chính,project_or_deal,,,BDS-CURATED-0406,2025-01-20,no,no,no,no,no
BDS-MASTER-0374,lớn và có quy mô tương tự dự án Nghiên cứu (Dự án – Hùng Thắng 1,1,2022-10-01,2022-10-01,batch_917.txt,Huy M - IM,10.6873566,106.7186056,"10.6873566, 106.7186056",https://goo.gl/maps/k4R8TwNVtrg4BrJc9,,,,17.000 m² (~1.70 ha),,,,,,,,,,,,,,,,,,,,,,,"[2022-10-01] Huy M - IM 10/1/2022 9:26 AM KĐT gửi CEO Tuan Tran-CEO kế hoạch đi khảo sát thị trường Quảng Ninh chi tiết như sau: Mục tiêu: Khảo sát thị trường Quảng Ninh, các dự án lớn và có quy mô tương tự dự án Nghiên cứu (Dự án – Hùng Thắng 1.7 ha) Thời gian: Ngày 3 – 5/11/2022 Nhân sự: Võ Bình – GĐ KĐT Mai Huy – TP ĐT Nguyễn Thanh Sơn - TP R&D Văn Đình Sơn – Trợ lý TGĐ KĐT trình CEO xét duyệt để triển khai các công tác liên quan. Ok by Unknown User",18,lớn và có quy mô tương tự dự án Nghiên cứu (Dự án – Hùng Thắng 1,lớn và có quy mô tương tự dự án nghiên cứu dự án hùng thắng 1,17.000 m² (~1.70 ha),17.000 m² (~1.70 ha),1.7 ha,,,,,,,,,,,,,,,,,,batch_917.txt,20,matched_teams_map_link,suspicious_shared_by_many_projects,,BDS-CURATED-0247,12,10,20,0,0,0,15,E,Tọa độ nghi ngờ; Thiếu pháp lý; Thiếu quy hoạch; Thiếu tài chính,project_or_deal,,,BDS-CURATED-0247,2022-10-01,no,yes,no,no,no
BDS-MASTER-0337,=> Nên chưa đánh giá hiệu quả dự án theo yếu tố dòng tiền ** Link Drive,1,2022-11-02,2022-11-02,batch_917.txt,,10.6873566,106.7186056,"10.6873566, 106.7186056",https://goo.gl/maps/k4R8TwNVtrg4BrJc9,,,,,khách sạn,,,,,,,,chưa đánh giá hiệu quả dự án theo yếu tố dòng tiền ** Link Drive: Dự án Regalia - OneDrive (sharepoint.com) ** Nguồn thông t,,,,,,,,,,,chưa đánh giá hiệu quả dự án theo yếu tố dòng tiền ** Link Drive: Dự án Regalia - OneDrive (sharepoint.com) ** Nguồn thông tin: chị Ngoc Vo-TL-TGD,,,[] Báo cáo này không đánh giá chi phí đầu vào bao gồm chi phí duy tu sửa chữa vì khách sạn đã không hoạt động trong giai đoạn dịch và chi phí mua dự án => Nên chưa đánh giá hiệu quả dự án theo yếu tố dòng tiền ** Link Drive: Dự án Regalia - OneDrive (sharepoint.com) ** Nguồn thông tin: chị Ngoc Vo-TL-TGD,18,=> Nên chưa đánh giá hiệu quả dự án theo yếu tố dòng tiền ** Link Drive,nên chưa đánh giá hiệu quả dự án theo yếu tố dòng tiền link drive,,,,,,,,,,,,,,,,,,,,,batch_917.txt,36,matched_teams_map_link,suspicious_shared_by_many_projects,,BDS-CURATED-0228,11,10,12,0,8,0,19,E,Tọa độ nghi ngờ; Thiếu diện tích đất; Thiếu quy hoạch; Thiếu tài chính,project_or_deal,,,BDS-CURATED-0228,2022-11-02,no,no,no,no,no
BDS-MASTER-0327,triển khai chưa mng Team đã trao đổi với A Sơn Trợ lý để lên list các dự án này à,1,2023-10-15,2023-10-15,batch_757.txt,Unknown User,10.970034,106.715651,"10.970034, 106.715651",https://maps.app.goo.gl/t178LDzcrFtjxgEz9,,,,,,,,,,,,pháp lý có thể triển khai được.,"chưa mng Team đã trao đổi với A Sơn Trợ lý để lên list các dự án này à, hiện tại anh Sơn đang trao đổi với anh Nghiệp để lis",,,,,,,,,,,"chưa mng Team đã trao đổi với A Sơn Trợ lý để lên list các dự án này à, hiện tại anh Sơn đang trao đổi với anh Nghiệp để list lại các dự án pháp lý có thể triển khai được.",,,"[2023-10-15] Unknown User 10/15/2023 8:12 PM Lên danh sách các dự án triển khai chưa mng Team đã trao đổi với A Sơn Trợ lý để lên list các dự án này à, hiện tại anh Sơn đang trao đổi với anh Nghiệp để list lại các dự án pháp lý có thể triển khai được.",24,triển khai chưa mng Team đã trao đổi với A Sơn Trợ lý để lên list các dự án này à,triển khai chưa mng team đã trao đổi với a sơn trợ lý để lên list các dự án này à,,,,,,,,,,,,,,,,,,,,,batch_001.txt,12,matched_teams_map_link,suspicious_shared_by_many_projects,,BDS-CURATED-0221,11,10,12,0,8,0,19,E,Tọa độ nghi ngờ; Thiếu diện tích đất; Thiếu quy hoạch; Thiếu tài chính,project_or_deal,,,BDS-CURATED-0221,2023-10-15,no,no,no,yes,no
BDS-MASTER-0421,Green Hill 2054482750212548727,2,2022-08-22,2022-08-22,batch_918.txt; batch_921.txt,Trieu Nguyen-PTDT,,,,,,,,,,,,,,,,,,,,,,,,,,,,,,,"[2022-08-22] Trieu Nguyen-PTDT 8/22/2022 5:33 PM Video quang cảnh trước dự án Green Hill 2054482750212548727.mp4 Loading... Video bãi biển Quy Hòa gần khu vực hầm chui... by Unknown User, has an attachment.

---

[2022-08-22] Trieu Nguyen-PTDT 8/22/2022 5:33 PM Video quang cảnh trước dự án Green Hill 2054482750212548727.mp4 Video bãi biển Quy Hòa gần khu vực hầm chui... by Unknown User, has an attachment.",12,Green Hill 2054482750212548727,green hill 2054482750212548727,,,,,,,,,,,,,,,,,,,,,,,,,,BDS-CURATED-0435,10,0,17,0,0,0,0,E,Thiếu tọa độ; Thiếu diện tích đất; Thiếu pháp lý; Thiếu quy hoạch; Thiếu tài chính,project_or_deal,,,BDS-CURATED-0435,2022-08-22,no,no,no,no,no
BDS-MASTER-0350,PGK,1,2024-09-17,2024-09-17,batch_662.txt,Trieu Nguyen-PTDT,,,,,,,,,,,,,,,,,,,900 tỷ,,,,DT 9/17/2024 5:02 PM Translate Em gửi anh Mr Mike1 -CEO cập nhật hiệu quả dự án PGK theo phương án 900 tỷ,,,,,,,,[2024-09-17] Trieu Nguyen-PTDT 9/17/2024 5:02 PM Translate Em gửi anh Mr Mike1 -CEO cập nhật hiệu quả dự án PGK theo phương án 900 tỷ Hình ảnh load ko đc. by Unknown User,18,PGK theo phương án 900 tỷ Hình ảnh load ko đc,pgk,,,,,,,DT 9/17/2024 5:02 PM Translate Em gửi anh Mr Mike1 -CEO cập nhật hiệu quả dự án PGK theo phương án 900 tỷ,,,,,900 tỷ; DT 9/17/2024 5:02 PM Translate Em gửi anh Mr Mike1 -CEO cập nhật hiệu quả dự án PGK theo phương án 900 tỷ,,,,,,,,,,,,,,BDS-CURATED-0410,10,0,12,0,0,4,0,E,Thiếu tọa độ; Thiếu diện tích đất; Thiếu pháp lý; Thiếu quy hoạch,project_or_deal,,,BDS-CURATED-0410,2024-09-17,no,no,no,no,no
BDS-MASTER-0394,thì khả năng cao dự án không phải nộp thêm ạ,1,,,batch_032.txt,,10.840677,106.719716,"10.840677, 106.719716",https://maps.app.goo.gl/ioqJ9N2mKRyMdiAe6,,,,,,,,,,,,"pháp lý dự án. Liên quan đến LUR, theo các hồ sơ mình có được và cũng như nhận định từ P.PLDA thì khả năng cao dự án không phải nộp thêm ạ. Và P.ĐT cũng đề xuất trong các đợt làm việc tiếp theo, sẽ có nhân sự của P.PLDA gặp đối; pháp lý nêu trên Kêu hẹn đi by Admin 01","pháp lý dự án. Liên quan đến LUR, theo các hồ sơ mình có được và cũng như nhận định từ",,,,,,,,,,,"rủi ro pháp lý dự án. Liên quan đến LUR, theo các hồ sơ mình có được và cũng như nhận định từ P.PLDA thì khả năng cao dự án không phải nộp thêm ạ. Và P.ĐT cũng đề xuất trong các đợt làm việc tiếp theo, sẽ có nhân sự của P.PLDA; rủi ro pháp lý nêu trên Kêu hẹn đi by Admin 01","tiếp tục rà soát từ nhiều nguồn để kiểm tra rủi ro pháp lý dự án. Liên quan đến LUR, theo các hồ sơ mình có được và cũng như nhận định từ P.PLDA thì khả năng cao dự án không phải nộp thêm; đề xuất trong các đợt làm việc tiếp theo, sẽ có nhân sự của P.PLDA gặp đối tác để làm rõ các rủi ro pháp lý nêu trên Kêu hẹn đi by Admin 01",,"[] Dạ Sếp. Hiện tại Anh Minh vẫn tiếp tục rà soát từ nhiều nguồn để kiểm tra rủi ro pháp lý dự án. Liên quan đến LUR, theo các hồ sơ mình có được và cũng như nhận định từ P.PLDA thì khả năng cao dự án không phải nộp thêm ạ. Và P.ĐT cũng đề xuất trong các đợt làm việc tiếp theo, sẽ có nhân sự của P.PLDA gặp đối tác để làm rõ các rủi ro pháp lý nêu trên Kêu hẹn đi by Admin 01",18,không phải nộp thêm ạ,thì khả năng cao dự án không phải nộp thêm ạ,,,,,,,,,,,,,,,,,,,"LUR, theo các hồ sơ mình có được và cũng như nhận định từ P; LUR, theo các hồ sơ mình có được và cũng như nhận định từ [] Dạ Sếp",,batch_060.txt,16,matched_teams_map_link,suspicious_shared_by_many_projects,,BDS-CURATED-0261,8,10,5,0,13,0,23,E,Tọa độ nghi ngờ; Thiếu diện tích đất; Thiếu quy hoạch; Thiếu tài chính,project_or_deal,,,BDS-CURATED-0261,,no,no,no,yes,no
BDS-MASTER-0417,Aqua thì hiện nay Nova đang dừng triển khai ở dự án này,1,2023-06-03,2023-06-03,batch_873.txt,Huy M - IM,10.6629773,106.8625131,"10.6629773, 106.8625131",https://maps.app.goo.gl/yVp7cfpfnfdzb7mV7,,,,,,,,,,,,,,,,,,,,,,,,,,,"[2023-06-03] Huy M - IM 6/3/2023 11:30 AM Hôm qua team đã đi khảo sát thị trường 2 khu vực. Đối với khu Swanbay mình đang chờ môi giới gửi và tổng hợp lại. Đối với dự án Aqua thì hiện nay Nova đang dừng triển khai ở dự án này, cuối tháng rồi cũng có các vụ biểu tình của khách hàng dưới này nên hiện tại dự án Aqua không còn môi giới và cũng đang hạn chế đi lại. Team đang liên hệ thêm các môi giới để lấy thông tin à. Trước đây team cũng có giá thị trường của 2... by Huy M - IM",12,Aqua thì hiện nay Nova đang dừng triển khai ở dự án này,aqua thì hiện nay nova đang dừng triển khai ở dự án này,,,,,,,,,,,,,,,,,,,,,batch_548.txt,20,matched_teams_map_link,suspicious_shared_by_many_projects,,BDS-CURATED-0275,7,10,12,0,0,0,15,E,Tọa độ nghi ngờ; Thiếu diện tích đất; Thiếu pháp lý; Thiếu quy hoạch; Thiếu tài chính,project_or_deal,,,BDS-CURATED-0275,2023-06-03,no,no,no,no,no
BDS-MASTER-0492,Ngọc Hồi Thanh Trì,1,2022-08-26,2022-08-26,batch_917.txt,,20.94081,105.84306,"20.94081, 105.84306",https://goo.gl/maps/YaZ9tS4Xqtm5REAe6,,,,,,,,,,,,,,,,,,,,,,,,,,Báo cáo dự án Ngọc Hồi Thanh Trì.pdf,"[] Báo cáo dự án Ngọc Hồi Thanh Trì.pdf 20°56'26.9""N 105°50'35.0""E · Văn Điển, Van Dien, タインチ県 ハノイ ベトナム Văn Điển, Van Dien, タインチ県 ハノイ ベトナム goo.gl",6,Ngọc Hồi Thanh Trì,ngọc hồi thanh trì,,,,,,,,,,,,,,,,,,,,,batch_917.txt,20,matched_teams_map_link,suspicious_shared_by_many_projects,,BDS-CURATED-0306,7,10,12,0,0,0,15,E,Tọa độ nghi ngờ; Thiếu diện tích đất; Thiếu pháp lý; Thiếu quy hoạch; Thiếu tài chính,project_or_deal,,,BDS-CURATED-0306,2022-08-26,no,no,no,no,no
BDS-MASTER-0427,Phú Gia Khiêm và Phú Quang,1,2024-10-14,2024-10-14,batch_632.txt,Thao L - INVT,,,,,,,,,,,,,,,,,,,,,,,,,,,,,,,"[2024-10-14] Thao L - INVT 10/14/2024 3:02 PM Edited Translate K.ĐT gửi anh Mr Mike1 -CEO thông tin về đơn giá chi phí hạ tầng, cảnh quan 02 dự án Phú Gia Khiêm và Phú Quang như sau: Thử cho QS tính em by Unknown User",12,Phú Gia Khiêm và Phú Quang như sau,phú gia khiêm và phú quang,,,,,,,,,,,,,,,,,,,,,,,,,,BDS-CURATED-0439,7,0,12,0,0,0,0,E,Thiếu tọa độ; Thiếu diện tích đất; Thiếu pháp lý; Thiếu quy hoạch; Thiếu tài chính,project_or_deal,,,BDS-CURATED-0439,2024-10-14,no,no,no,no,no
BDS-MASTER-0352,Serene Đà Nẵng với những nội dung sau,2,,,batch_220.txt; batch_221.txt,,,,,,,Đà Nẵng,Phú Quốc,,KHÁCH SẠN,,,,,,,,,,"2,5 tỷ",,,,,,,,,"rủi ro ""thay đổi xu hướng"". Do dựa vào yếu tố thời thượng để thu hút khách, thiết kế của Lifestyle hotel có thể trở nên lỗi thời nhanh chóng khi thị hiếu thay đổi. Điều này buộc chủ đầu tư phải trích lập quỹ dự phòng cao hơn 3",,,"[] Kính gửi Admin 01 , P.ĐT báo cáo hiệu q... by Unknown User Thanh L - INVT 1/13 2:31 PM Edited Translate Kính gửi Admin 01 , P.ĐT báo cáo hiệu quả dự án Serene Đà Nẵng với những nội dung sau: I/ TÓM TẮT NHỮNG NỘI DUNG NGHIÊN CỨU SƠ BỘ CỦA P.ĐT VỀ 2 LOẠI HÌNH KHÁCH SẠN Luxury Hotel + Luxury Hotel là loại hình khách sạn có concept tập trung vào tính nhất quan và tiện nghi tiêu chuẩn, được đầu tư thiết bị hiện đại và cao cấp nên không dễ lỗi thời khi xu hướng thị hiếu thay đổi. + Có chu kỳ cải tạo dài hơn thường là 7-10 năm cho một đợt nâng cấp lớn. Thiết kế cao cấp, hiện đại giúp tài sản ít bị lỗi mốt, và các yêu cầu cải tạo thường tuân theo lộ trình bắt buộc của thương hiệu. + Phù hợp đầu tư các tỉnh thành lớn và khu du lịch cao cấp như : Tp.HCM, Đà Nẵng, Nha Trang, Phú Quốc, Hà Nội…. LifeStyle Hotel + Life Style Hotel là loại hình khách sạn có concept tập trung vào trải nghiệm, dễ lỗi thời khi xu hướng thay đổi. + Theo nghiên cứu, tìm hiểu của P.ĐT Chi phí đầu tư của loại hình LifeStyle cao hơn Luxury khoảng 50% và giá bán phòng của LifeStyle cao hơn Luxury khoảng 35%. + Đối mặt với rủi ro ""thay đổi xu hướng"". Do dựa vào yếu tố thời thượng để thu hút khách, thiết kế của Lifestyle ho

---

[] Tuesday, January 13 Kính gửi Admin 01 , P.ĐT báo cáo hiệu q... by Unknown User Thanh L - INVT 1/13 2:31 PM Edited Translate Kính gửi Admin 01 , P.ĐT báo cáo hiệu quả dự án Serene Đà Nẵng với những nội dung sau: I/ TÓM TẮT NHỮNG NỘI DUNG NGHIÊN CỨU SƠ BỘ CỦA P.ĐT VỀ 2 LOẠI HÌNH KHÁCH SẠN Luxury Hotel + Luxury Hotel là loại hình khách sạn có concept tập trung vào tính nhất quan và tiện nghi tiêu chuẩn, được đầu tư thiết bị hiện đại và cao cấp nên không dễ lỗi thời khi xu hướng thị hiếu thay đổi. + Có chu kỳ cải tạo dài hơn thường là 7-10 năm cho một đợt nâng cấp lớn. Thiết kế cao cấp, hiện đại giúp tài sản ít bị lỗi mốt, và các yêu cầu cải tạo thường tuân theo lộ trình bắt buộc của thương hiệu. + Phù hợp đầu tư các tỉnh thành lớn và khu du lịch cao cấp như : Tp.HCM, Đà Nẵng, Nha Trang, Phú Quốc, Hà Nội…. LifeStyle Hotel + Life Style Hotel là loại hình khách sạn có concept tập trung vào trải nghiệm, dễ lỗi thời khi xu hướng thay đổi. + Theo nghiên cứu, tìm hiểu của P.ĐT Chi phí đầu tư của loại hình LifeStyle cao hơn Luxury khoảng 50% và giá bán phòng của LifeStyle cao hơn Luxury khoảng 35%. + Đối mặt với rủi ro ""thay đổi xu hướng"". Do dựa vào yếu tố thời thượng để thu hút khách, thiết",18,Serene Đà Nẵng với những nội dung sau,serene đà nẵng với những nội dung sau,,,,,,,,,,,,"2,5 tỷ",,,,,,,,,,,,,,BDS-CURATED-0411,7,7,10,0,0,0,8,E,Thiếu tọa độ; Thiếu diện tích đất; Thiếu pháp lý; Thiếu quy hoạch; Thiếu tài chính,project_or_deal,,,BDS-CURATED-0411,,no,no,no,no,no
BDS-MASTER-0307,hiện tại,1,2025-06-29,2025-06-29,batch_365.txt,Thao L - INVT,,,,,,,,,khách sạn,,,,,,,,,,,,,,,,,,,"đề xuất). Từ GOP, tiếp tục trừ chi phí quản lý, chi phí khác… (chiếm khoảng 8% - tỷ lệ này đã trao đổi với Ms. Hana, hiện theo các khách sạn đang v… EBITDA là dòng tiền thuần từ kinh doanh. Nếu dùng vốn chủ 100%, đây là dòng ti","đề xuất). Từ GOP, tiếp tục trừ chi phí quản lý, chi phí khác… (chiếm khoảng 8% - tỷ lệ này đã trao đổi với Ms. Hana, hiện theo các khách sạn đang v… EBITDA là dòng tiền thuần từ kinh doan",,"[2025-06-29] Thao L - INVT 6/29/2025 4:35 PM EBITDA được tính bằng cách lấy tổng doanh thu trừ các chi phí vận hành trực tiếp (như chi phí phòng, F&B, điện, nước…) để ra GOP (47% - tỷ lệ Mr. David đề xuất). Từ GOP, tiếp tục trừ chi phí quản lý, chi phí khác… (chiếm khoảng 8% - tỷ lệ này đã trao đổi với Ms. Hana, hiện theo các khách sạn đang v… EBITDA là dòng tiền thuần từ kinh doanh. Nếu dùng vốn chủ 100%, đây là dòng tiền thu về. Nếu có vay, EBITDA dùng để trả lãi và gốc. Tuy nhiên, với hiệu quả dự án hiện tại, EBITDA chỉ đủ trả lãi, không đủ trả gốc Begin quote, Thao L - INVT , 6/29/2025 4:57... by Unknown User",24,hiện tại,hiện tại,,,,,,,,,,,,,,,,,,,,,,,,,,BDS-CURATED-0398,7,0,12,0,0,0,0,E,Thiếu tọa độ; Thiếu diện tích đất; Thiếu pháp lý; Thiếu quy hoạch; Thiếu tài chính,project_or_deal,,,BDS-CURATED-0398,2025-06-29,no,no,no,no,no
BDS-MASTER-0346,Khu Chung Cư & Văn Phòng An Phú 2,1,,,batch_178.txt,,,,,,,,,,Chung Cư,,dân số đó là cho toàn khu hã by Admin 01,,,,dân số đó là cho toàn khu hã by Admin 01,,,,,,,,,,,,,,,Dạ P.ĐT xin gửi sếp Admin 01 file trình bày ạ Dự Án Khu Chung Cư & Văn Phòng An Phú 2.pdf,[] Dạ P.ĐT xin gửi sếp Admin 01 file trình bày ạ Dự Án Khu Chung Cư & Văn Phòng An Phú 2.pdf Ủa được duyệt dân số đó là cho toàn khu hã by Admin 01,18,Khu Chung Cư & Văn Phòng An Phú 2,khu chung cư văn phòng an phú 2,,,,,,,,,,,,,,,dân số đó là cho toàn khu hã by Admin 01,,,,,,,,,,,BDS-CURATED-0407,6,0,5,4,0,0,0,E,Thiếu tọa độ; Thiếu diện tích đất; Thiếu pháp lý; Thiếu tài chính,project_or_deal,,,BDS-CURATED-0407,,no,no,yes,no,no
BDS-MASTER-0424,Holiday Beach - 14,1,,,batch_099.txt,,,,,,,,,,Condotel,,,,,,,,,,,,,,,,,,,,,"Phòng xin gửi đính kèm báo cáo lời và bảng trình bày + Bảng FS. Trân trọng, BC Trinh bay - DA Holiday Beach - 14.05.2026.pdf BC lời DA Holiday Beach - 14.5.2026.pdf; FS Holiday Beach - PA Condotel + Hotel 14.5.2026.pdf","[] Phòng xin gửi đính kèm báo cáo lời và bảng trình bày + Bảng FS. Trân trọng, BC Trinh bay - DA Holiday Beach - 14.05.2026.pdf BC lời DA Holiday Beach - 14.5.2026.pdf FS Holiday Beach - PA Condotel + Hotel 14.5.2026.pdf Message by Admin 01",12,Holiday Beach - 14,holiday beach 14,,,,,,,,,,,,,,,,,,,,,,,,,,BDS-CURATED-0437,3,0,5,0,0,0,0,E,Thiếu tọa độ; Thiếu diện tích đất; Thiếu pháp lý; Thiếu quy hoạch; Thiếu tài chính,project_or_deal,,,BDS-CURATED-0437,,no,no,no,no,no
BDS-MASTER-0425,IRR thấp hơn ạ,1,,,batch_143.txt,,,,,,,,,,,,,,,,,,,,,,,,,,,,,"đề xuất tính them 1 phương không có đất vào. Đối với phương án tính đất, Phòng Đầu tư đang giả định giá đất chỉ tăng có 5%, dẫn đến hiệu quả dự án IRR thấp hơn ạ.","đề xuất tính them 1 phương không có đất vào. Đối với phương án tính đất, Phòng Đầu tư đang giả định giá đất chỉ tăng có 5%, dẫn đến hiệu quả dự án IRR thấp hơn ạ.",,"[] Dạ do đất ở lâu dài, sau khi hết thời hạn vận hành, thì giá trị quyền sử dụng đất vẫn còn nguyên, nên phòng đầu tư mới đề xuất tính them 1 phương không có đất vào. Đối với phương án tính đất, Phòng Đầu tư đang giả định giá đất chỉ tăng có 5%, dẫn đến hiệu quả dự án IRR thấp hơn ạ.",12,IRR thấp hơn ạ,irr thấp hơn ạ,,,,,,,,,,,,,,,,,,,,,,,,,,BDS-CURATED-0438,3,0,5,0,0,0,0,E,Thiếu tọa độ; Thiếu diện tích đất; Thiếu pháp lý; Thiếu quy hoạch; Thiếu tài chính,project_or_deal,,,BDS-CURATED-0438,,no,no,no,no,no
