curated_id,project_name,category,map_urls_found,existing_map_urls,coordinate_quality,coordinate_source,match_score,source_files
BDS-CURATED-0068,Đông Trung,has_unresolved_or_unattached_map_link,https://maps.app.goo.gl/H57L1w8ReXXNhtb99; https://www.google.com/maps/d/edit?mid=1MawyjqMPRL80P8Y7qm_ZhtUgghnbpFc&usp=sharing; https://www.google.com/maps/d/u/1/edit?mid=10gTnNN6aieu1u3Xx49gGnnp177W4zag&usp=sharing; https://maps.app.goo.gl/K3ASKRs9Sc5yfa9z9; https://maps.app.goo.gl/dAy23L3wP3mTsMM88; https://maps.app.goo.gl/QydbrwwdHVvcm7keA; https://goo.gl/maps/xNEqZWHrXNzKYLHe6; https://goo.gl/maps/Y5rcVkPSFzuYQtaJ7; https://goo.gl/maps/tu8NToyeSY9qMEt19; https://goo.gl/maps/sMLMvWwegyerE3jJ9; https://goo.gl/maps/mJAEFg5zdD6J4Xbq8; https://goo.gl/maps/trCxv7WmZ7Lim467A,https://maps.app.goo.gl/H57L1w8ReXXNhtb99; https://www.google.com/maps/d/edit?mid=1MawyjqMPRL80P8Y7qm_ZhtUgghnbpFc&usp=sharing; https://www.google.com/maps/d/u/1/edit?mid=10gTnNN6aieu1u3Xx49gGnnp177W4zag&usp=sharing; https://maps.app.goo.gl/K3ASKRs9Sc5yfa9z9; https://maps.app.goo.gl/dAy23L3wP3mTsMM88; https://maps.app.goo.gl/QydbrwwdHVvcm7keA; https://goo.gl/maps/xNEqZWHrXNzKYLHe6; https://goo.gl/maps/Y5rcVkPSFzuYQtaJ7; https://goo.gl/maps/tu8NToyeSY9qMEt19; https://goo.gl/maps/sMLMvWwegyerE3jJ9; https://goo.gl/maps/mJAEFg5zdD6J4Xbq8; https://goo.gl/maps/trCxv7WmZ7Lim467A,needs_coordinate_review,,name_token_overlap>=2,batch_917.txt; batch_329.txt; batch_374.txt; batch_314.txt; batch_325.txt
BDS-CURATED-0314,Lô đất Phú Thọ Hòa Tân Phú,has_unresolved_or_unattached_map_link,https://maps.app.goo.gl/bKZVkKUcnYGRLJWw5; https://maps.app.goo.gl/v8GdHbU3xb5G8JFs9,https://maps.app.goo.gl/bKZVkKUcnYGRLJWw5; https://maps.app.goo.gl/v8GdHbU3xb5G8JFs9,resolved,,,batch_261.txt; batch_138.txt; batch_299.txt
BDS-CURATED-0313,H2-02,no_map_link_found_in_matched_raw,,,,,,batch_073.txt; batch_085.txt; batch_141.txt; batch_064.txt; batch_066.txt; batch_115.txt; batch_116.txt
BDS-CURATED-0003,Chưa đặt tên,has_unresolved_or_unattached_map_link,https://www.google.com/maps?q=10.8403809; https://maps.app.goo.gl/LU2Nvzo1LBLur6; https://maps.app.goo.gl/7uS84wL1B4oMwKEw9?g_st=ipc; https://www.google.com/maps/d/edit?mid; https://www.google.com/maps/d/edit?mid=1HzxvPXBEhrOAj5K2Z-QIEzEWdybIQXU&usp=sharing; https://maps.app.goo.gl/5iiRqTtYeBvcHiWK6?g_st=com.microsoft.skype.teams.extshare; https://maps.app.goo.gl/BXiiNPjMLwaYBDny9?g_st=com.google.maps.preview.copy; https://maps.app.goo.gl/boU3tZuTNi1MiejU6?g_st=ic; https://maps.app.goo.gl/HEzfMc5rhZkTiYDu6?g_st=com.microsoft.skype.teams.extshare; https://goo.gl/maps/4jePURnQ8yUc9eAi8; https://goo.gl/maps/ZVuC7XLoPczMoHwD8; https://goo.gl/maps/CJMhzfJXxVkLkHgVA; https://goo.gl/maps/F33YDXFjYWRxh2dP8; https://maps.app.goo.gl/SCmiwhcXWGbeWVUy6?g_st=ic; https://maps.app.goo.gl/6vMvFBe8H7HUYQwi6?g_st=ic; https://goo.gl/maps/YbeBXNFKFMabLtVG9; https://maps.app.goo.gl/t178LDzcrFtjxgEz9,https://www.google.com/maps?q=10.8403809; https://maps.app.goo.gl/LU2Nvzo1LBLur6; https://maps.app.goo.gl/7uS84wL1B4oMwKEw9?g_st=ipc; https://www.google.com/maps/d/edit?mid; https://www.google.com/maps/d/edit?mid=1HzxvPXBEhrOAj5K2Z-QIEzEWdybIQXU&usp=sharing; https://maps.app.goo.gl/5iiRqTtYeBvcHiWK6?g_st=com.microsoft.skype.teams.extshare; https://maps.app.goo.gl/BXiiNPjMLwaYBDny9?g_st=com.google.maps.preview.copy; https://maps.app.goo.gl/boU3tZuTNi1MiejU6?g_st=ic; https://maps.app.goo.gl/HEzfMc5rhZkTiYDu6?g_st=com.microsoft.skype.teams.extshare; https://goo.gl/maps/4jePURnQ8yUc9eAi8; https://goo.gl/maps/ZVuC7XLoPczMoHwD8; https://goo.gl/maps/CJMhzfJXxVkLkHgVA; https://goo.gl/maps/F33YDXFjYWRxh2dP8; https://maps.app.goo.gl/SCmiwhcXWGbeWVUy6?g_st=ic; https://maps.app.goo.gl/6vMvFBe8H7HUYQwi6?g_st=ic; https://goo.gl/maps/YbeBXNFKFMabLtVG9; https://maps.app.goo.gl/t178LDzcrFtjxgEz9,suspicious_shared_by_many_projects,matched_teams_map_link,16,batch_001.txt; batch_006.txt; batch_007.txt; batch_024.txt; batch_025.txt; batch_036.txt; batch_037.txt; batch_039.txt; batch_049.txt; batch_052.txt; batch_058.txt; batch_059.txt; batch_062.txt; batch_089.txt; batch_113.txt; batch_114.txt; batch_117.txt; batch_124.txt; batch_131.txt; batch_137.txt; batch_142.txt; batch_152.txt; batch_162.txt; batch_169.txt; batch_171.txt; batch_172.txt; batch_174.txt; batch_176.txt; batch_178.txt; batch_187.txt; batch_189.txt; batch_191.txt; batch_192.txt; batch
BDS-CURATED-0006,chung cư Thuận Nghiệp - DT743C,has_unresolved_or_unattached_map_link,https://maps.app.goo.gl/UEv62Ht1RcfDLLML8; https://maps.app.goo.gl/t178LDzcrFtjxgEz9; https://maps.app.goo.gl/ioqJ9N2mKRyMdiAe6; https://www.google.com/maps/d/edit?mid=1pYF3M65dQngj9P_VP8SbXUKy92nYnFo&usp=sharing; https://www.google.com/maps/d/edit?mid=1SAcLUqc-JTEBiY1uNXVoDUdI-a5wJd0&ll=10.002013642197713%2C105…; https://maps.app.goo.gl/QVMCmJp83pMBNKrL8; https://maps.app.goo.gl/Hn6baY7yBKNTcRXs8; https://maps.app.goo.gl/bKZVkKUcnYGRLJWw5; https://maps.app.goo.gl/pTzfCxqkMYLuLe9z9; https://maps.app.goo.gl/7yPFeG3okyKbrLCM9; https://maps.app.goo.gl/acrdQ54V3NVNNkKh9; https://www.google.com/maps/d/edit?mid=1MawyjqMPRL80P8Y7qm_ZhtUgghnbpFc&usp=sharing; https://maps.app.goo.gl/efNjqXtJS5uqAid67; https://maps.app.goo.gl/9D1AGeGBDHSvttic8; https://maps.app.goo.gl/cuqyDKdtbfwW1DAa8; https://maps.app.goo.gl/o5yA5cAF8qJoTZqW8; https://maps.app.goo.gl/uKe9j2z7xKHjdR8A7; https://goo.gl/maps/xNEqZWHrXNzKYLHe6; https://maps.app.goo.gl/b6AweqeJiHMGShsq9; https://maps.app.goo.gl/s62kTxdTsTQvQHDJ9; https://maps.app.goo.gl/XwfK6AzNVqs5eFX17; https://maps.app.goo.gl/QAU1JqmdETLn951C; https://maps.app.goo.gl/dAy23L3wP3mTsMM88; https://maps.app.goo.gl/QydbrwwdHVvcm7keA; https://maps.app.goo.gl/E7ucSVc9hHKpPNDQ6; https://maps.app.goo.gl/uLPtqwAnwnevw4zz7; https://maps.app.goo.gl/zAmPVdt254bS1UUU7; https://maps.app.goo.gl/9PHZkvYiuadCm992A; https://goo.gl/maps/JhPoRTM15vQA7Kk6A; https://goo.gl/maps/XXMLm2Ebm5FEFwig7; https://goo.gl/maps/FmDxfXdHa9mdoGK99; https://goo.gl/maps/KCGefw7KgVDUzTPh7; https://goo.gl/maps/aChZ8vYJMZ8j6SjR7; https://goo.gl/maps/YaZ9tS4Xqtm5REAe6; https://goo.gl/maps/g4UerEukDLx9YjWt5; https://goo.gl/maps/C86NnDNwQKH22Bek9-; https://goo.gl/maps/cUNDNuwk9M5KBSbJA**; https://goo.gl/maps/tMLVh6Gm8DCwNDzN6; https://goo.gl/maps/88psz7y8xzQTcyVn9; https://goo.gl/maps/Y5rcVkPSFzuYQtaJ7; https://goo.gl/maps/tu8NToyeSY9qMEt19; https://goo.gl/maps/sMLMvWwegyerE3jJ9; https://goo.gl/maps/mJAEFg5zdD6J4Xbq8; https://goo.gl/maps/1eXNtJWdQZHPkvXp8; https://goo.gl/maps/9VManjp1YiqeSC1A8; https://goo.gl/maps/SeJtvcKkqmN6a7oy6; https://goo.gl/maps/5AF74tZoTkBqM71d6; https://goo.gl/maps/JtDt3jc8pMZ3n7xH9; https://goo.gl/maps/GPLvd34uRNT1EL5bA; https://goo.gl/maps/oJP5R9Jfe8yAcrWY6; https://goo.gl/maps/trCxv7WmZ7Lim467A; https://goo.gl/maps/aSmRwi2p279NGLcb9; https://goo.gl/maps/s4v5mQf8LyZUv8B7A,https://maps.app.goo.gl/UEv62Ht1RcfDLLML8; https://maps.app.goo.gl/t178LDzcrFtjxgEz9; https://maps.app.goo.gl/ioqJ9N2mKRyMdiAe6; https://www.google.com/maps/d/edit?mid=1pYF3M65dQngj9P_VP8SbXUKy92nYnFo&usp=sharing; https://www.google.com/maps/d/edit?mid=1SAcLUqc-JTEBiY1uNXVoDUdI-a5wJd0&ll=10.002013642197713%2C105…; https://maps.app.goo.gl/QVMCmJp83pMBNKrL8; https://maps.app.goo.gl/Hn6baY7yBKNTcRXs8; https://maps.app.goo.gl/bKZVkKUcnYGRLJWw5; https://maps.app.goo.gl/pTzfCxqkMYLuLe9z9; https://maps.app.goo.gl/7yPFeG3okyKbrLCM9; https://maps.app.goo.gl/acrdQ54V3NVNNkKh9; https://www.google.com/maps/d/edit?mid=1MawyjqMPRL80P8Y7qm_ZhtUgghnbpFc&usp=sharing; https://maps.app.goo.gl/efNjqXtJS5uqAid67; https://maps.app.goo.gl/9D1AGeGBDHSvttic8; https://maps.app.goo.gl/cuqyDKdtbfwW1DAa8; https://maps.app.goo.gl/o5yA5cAF8qJoTZqW8; https://maps.app.goo.gl/uKe9j2z7xKHjdR8A7; https://goo.gl/maps/xNEqZWHrXNzKYLHe6; https://maps.app.goo.gl/b6AweqeJiHMGShsq9; https://maps.app.goo.gl/s62kTxdTsTQvQHDJ9; https://maps.app.goo.gl/XwfK6AzNVqs5eFX17; https://maps.app.goo.gl/QAU1JqmdETLn951C; https://maps.app.goo.gl/dAy23L3wP3mTsMM88; https://maps.app.goo.gl/QydbrwwdHVvcm7keA; https://maps.app.goo.gl/E7ucSVc9hHKpPNDQ6; https://maps.app.goo.gl/uLPtqwAnwnevw4zz7; https://maps.app.goo.gl/zAmPVdt254bS1UUU7; https://maps.app.goo.gl/9PHZkvYiuadCm992A; https://goo.gl/maps/JhPoRTM15vQA7Kk6A; https://goo.gl/maps/XXMLm2Ebm5FEFwig7; https://goo.gl/maps/FmDxfXdHa9mdoGK99; https://goo.gl/maps/KCGefw7KgVDUzTPh7; https://goo.gl/maps/aChZ8vYJMZ8j6SjR7; https://goo.gl/maps/YaZ9tS4Xqtm5REAe6; https://goo.gl/maps/g4UerEukDLx9YjWt5; https://goo.gl/maps/C86NnDNwQKH22Bek9-; https://goo.gl/maps/cUNDNuwk9M5KBSbJA**; https://goo.gl/maps/tMLVh6Gm8DCwNDzN6; https://goo.gl/maps/88psz7y8xzQTcyVn9; https://goo.gl/maps/Y5rcVkPSFzuYQtaJ7; https://goo.gl/maps/tu8NToyeSY9qMEt19; https://goo.gl/maps/sMLMvWwegyerE3jJ9; https://goo.gl/maps/mJAEFg5zdD6J4Xbq8; https://goo.gl/maps/1eXNtJWdQZHPkvXp8; https://goo.gl/maps/9VManjp1YiqeSC1A8; https://goo.gl/maps/SeJtvcKkqmN6a7oy6; https://goo.gl/maps/5AF74tZoTkBqM71d6; https://goo.gl/maps/JtDt3jc8pMZ3n7xH9; https://goo.gl/maps/GPLvd34uRNT1EL5bA; https://goo.gl/maps/oJP5R9Jfe8yAcrWY6; https://goo.gl/maps/trCxv7WmZ7Lim467A; https://goo.gl/maps/aSmRwi2p279NGLcb9; https://goo.gl/maps/s4v5mQf8LyZUv8B7A,suspicious_shared_by_many_projects,matched_teams_map_link,name_token_overlap>=2,batch_468.txt
BDS-CURATED-0315,48 Nguyễn Thiện Thuật,has_unresolved_or_unattached_map_link,https://maps.app.goo.gl/UEv62Ht1RcfDLLML8; https://maps.app.goo.gl/B98HY6ThSbAhg1a98; https://maps.app.goo.gl/uLPtqwAnwnevw4zz7; https://maps.app.goo.gl/zAmPVdt254bS1UUU7; https://maps.app.goo.gl/9PHZkvYiuadCm992A; https://goo.gl/maps/XXMLm2Ebm5FEFwig7; https://goo.gl/maps/FmDxfXdHa9mdoGK99; https://goo.gl/maps/k4R8TwNVtrg4BrJc9; https://goo.gl/maps/g4UerEukDLx9YjWt5; https://goo.gl/maps/88psz7y8xzQTcyVn9,https://maps.app.goo.gl/UEv62Ht1RcfDLLML8; https://maps.app.goo.gl/B98HY6ThSbAhg1a98; https://maps.app.goo.gl/uLPtqwAnwnevw4zz7; https://maps.app.goo.gl/zAmPVdt254bS1UUU7; https://maps.app.goo.gl/9PHZkvYiuadCm992A; https://goo.gl/maps/XXMLm2Ebm5FEFwig7; https://goo.gl/maps/FmDxfXdHa9mdoGK99; https://goo.gl/maps/k4R8TwNVtrg4BrJc9; https://goo.gl/maps/g4UerEukDLx9YjWt5; https://goo.gl/maps/88psz7y8xzQTcyVn9,,,name_token_overlap>=2,batch_213.txt; batch_263.txt; batch_423.txt
BDS-CURATED-0317,Khu gia đình quân nhân quân chủng PK-KQ (8,has_unresolved_or_unattached_map_link,https://maps.app.goo.gl/ET75kfpwVX837fEE6; https://maps.app.goo.gl/47PLkeuNfzKvw38w8; https://maps.app.goo.gl/RXcEPNYx6EwAbDxF9,https://maps.app.goo.gl/ET75kfpwVX837fEE6; https://maps.app.goo.gl/47PLkeuNfzKvw38w8; https://maps.app.goo.gl/RXcEPNYx6EwAbDxF9,resolved,,,batch_405.txt; batch_455.txt; batch_392.txt; batch_440.txt
BDS-CURATED-0316,kế bên DA Võ Văn Kiệt,no_map_link_found_in_matched_raw,,,,,,batch_074.txt
BDS-CURATED-0044,thấp tầng SADACO – Phú Mỹ,has_unresolved_or_unattached_map_link,https://maps.app.goo.gl/efNjqXtJS5uqAid67; https://maps.app.goo.gl/t178LDzcrFtjxgEz9; https://maps.app.goo.gl/qDbb6mJHvwhXw4Az6; https://maps.app.goo.gl/D8GuCY5LefTH8JVq9; https://maps.app.goo.gl/GdiSL1z7fBFtk3tr8; https://maps.app.goo.gl/dRnRPbNFPmCfsTHAA; https://www.google.com/maps/d/edit?mid=1pYF3M65dQngj9P_VP8SbXUKy92nYnFo&usp=sharing; https://maps.app.goo.gl/AoJAreLLvUUHzVVw5; https://www.google.com/maps/d/edit?mid=1SAcLUqc-JTEBiY1uNXVoDUdI-a5wJd0&ll=10.002013642197713%2C105…; https://maps.app.goo.gl/QVMCmJp83pMBNKrL8; https://maps.app.goo.gl/Mww4k2RWctPHssMQA; https://maps.app.goo.gl/Hn6baY7yBKNTcRXs8; https://maps.app.goo.gl/pTzfCxqkMYLuLe9z9; https://maps.app.goo.gl/7yPFeG3okyKbrLCM9; https://maps.app.goo.gl/u5QRXoNjSCh5uxRx5; https://www.google.com/maps/d/edit?mid=1MawyjqMPRL80P8Y7qm_ZhtUgghnbpFc&usp=sharing; https://maps.app.goo.gl/ET75kfpwVX837fEE6; https://maps.app.goo.gl/47PLkeuNfzKvw38w8; https://maps.app.goo.gl/RXcEPNYx6EwAbDxF9; https://maps.app.goo.gl/xg6rRMGswq5scyCbA; https://maps.app.goo.gl/whvDoK2djK9ZczAK8; https://maps.app.goo.gl/gr7GZiwJ71dX1nzNA; https://maps.app.goo.gl/cuqyDKdtbfwW1DAa8; https://maps.app.goo.gl/o5yA5cAF8qJoTZqW8; https://maps.app.goo.gl/UEv62Ht1RcfDLLML8; https://maps.app.goo.gl/TcCLZG1kwf9F7wCu5; https://maps.app.goo.gl/yVp7cfpfnfdzb7mV7; https://maps.app.goo.gl/B98HY6ThSbAhg1a98; https://maps.app.goo.gl/s62kTxdTsTQvQHDJ9; https://maps.app.goo.gl/XwfK6AzNVqs5eFX17; https://maps.app.goo.gl/QAU1JqmdETLn951C; https://maps.app.goo.gl/K3ASKRs9Sc5yfa9z9; https://maps.app.goo.gl/zNrudtbb4kMk2xxv5; https://maps.app.goo.gl/dAy23L3wP3mTsMM88; https://maps.app.goo.gl/QydbrwwdHVvcm7keA; https://maps.app.goo.gl/uLPtqwAnwnevw4zz7; https://maps.app.goo.gl/zAmPVdt254bS1UUU7; https://maps.app.goo.gl/ioqJ9N2mKRyMdiAe6; https://maps.app.goo.gl/9PHZkvYiuadCm992A; https://goo.gl/maps/JhPoRTM15vQA7Kk6A; https://goo.gl/maps/XXMLm2Ebm5FEFwig7; https://goo.gl/maps/FmDxfXdHa9mdoGK99; https://goo.gl/maps/aChZ8vYJMZ8j6SjR7; https://goo.gl/maps/GPVNSt7Q6a73xSKHA; https://goo.gl/maps/k4R8TwNVtrg4BrJc9; https://goo.gl/maps/YaZ9tS4Xqtm5REAe6; https://goo.gl/maps/g4UerEukDLx9YjWt5; https://goo.gl/maps/TKu4Ej99YDW51J8o6; https://goo.gl/maps/Y5rcVkPSFzuYQtaJ7; https://goo.gl/maps/tu8NToyeSY9qMEt19; https://goo.gl/maps/mJAEFg5zdD6J4Xbq8; https://goo.gl/maps/9VManjp1YiqeSC1A8; https://goo.gl/maps/SeJtvcKkqmN6a7oy6; https://goo.gl/maps/trCxv7WmZ7Lim467A,https://maps.app.goo.gl/efNjqXtJS5uqAid67; https://maps.app.goo.gl/t178LDzcrFtjxgEz9; https://maps.app.goo.gl/qDbb6mJHvwhXw4Az6; https://maps.app.goo.gl/D8GuCY5LefTH8JVq9; https://maps.app.goo.gl/GdiSL1z7fBFtk3tr8; https://maps.app.goo.gl/dRnRPbNFPmCfsTHAA; https://www.google.com/maps/d/edit?mid=1pYF3M65dQngj9P_VP8SbXUKy92nYnFo&usp=sharing; https://maps.app.goo.gl/AoJAreLLvUUHzVVw5; https://www.google.com/maps/d/edit?mid=1SAcLUqc-JTEBiY1uNXVoDUdI-a5wJd0&ll=10.002013642197713%2C105…; https://maps.app.goo.gl/QVMCmJp83pMBNKrL8; https://maps.app.goo.gl/Mww4k2RWctPHssMQA; https://maps.app.goo.gl/Hn6baY7yBKNTcRXs8; https://maps.app.goo.gl/pTzfCxqkMYLuLe9z9; https://maps.app.goo.gl/7yPFeG3okyKbrLCM9; https://maps.app.goo.gl/u5QRXoNjSCh5uxRx5; https://www.google.com/maps/d/edit?mid=1MawyjqMPRL80P8Y7qm_ZhtUgghnbpFc&usp=sharing; https://maps.app.goo.gl/ET75kfpwVX837fEE6; https://maps.app.goo.gl/47PLkeuNfzKvw38w8; https://maps.app.goo.gl/RXcEPNYx6EwAbDxF9; https://maps.app.goo.gl/xg6rRMGswq5scyCbA; https://maps.app.goo.gl/whvDoK2djK9ZczAK8; https://maps.app.goo.gl/gr7GZiwJ71dX1nzNA; https://maps.app.goo.gl/cuqyDKdtbfwW1DAa8; https://maps.app.goo.gl/o5yA5cAF8qJoTZqW8; https://maps.app.goo.gl/UEv62Ht1RcfDLLML8; https://maps.app.goo.gl/TcCLZG1kwf9F7wCu5; https://maps.app.goo.gl/yVp7cfpfnfdzb7mV7; https://maps.app.goo.gl/B98HY6ThSbAhg1a98; https://maps.app.goo.gl/s62kTxdTsTQvQHDJ9; https://maps.app.goo.gl/XwfK6AzNVqs5eFX17; https://maps.app.goo.gl/QAU1JqmdETLn951C; https://maps.app.goo.gl/K3ASKRs9Sc5yfa9z9; https://maps.app.goo.gl/zNrudtbb4kMk2xxv5; https://maps.app.goo.gl/dAy23L3wP3mTsMM88; https://maps.app.goo.gl/QydbrwwdHVvcm7keA; https://maps.app.goo.gl/uLPtqwAnwnevw4zz7; https://maps.app.goo.gl/zAmPVdt254bS1UUU7; https://maps.app.goo.gl/ioqJ9N2mKRyMdiAe6; https://maps.app.goo.gl/9PHZkvYiuadCm992A; https://goo.gl/maps/JhPoRTM15vQA7Kk6A; https://goo.gl/maps/XXMLm2Ebm5FEFwig7; https://goo.gl/maps/FmDxfXdHa9mdoGK99; https://goo.gl/maps/aChZ8vYJMZ8j6SjR7; https://goo.gl/maps/GPVNSt7Q6a73xSKHA; https://goo.gl/maps/k4R8TwNVtrg4BrJc9; https://goo.gl/maps/YaZ9tS4Xqtm5REAe6; https://goo.gl/maps/g4UerEukDLx9YjWt5; https://goo.gl/maps/TKu4Ej99YDW51J8o6; https://goo.gl/maps/Y5rcVkPSFzuYQtaJ7; https://goo.gl/maps/tu8NToyeSY9qMEt19; https://goo.gl/maps/mJAEFg5zdD6J4Xbq8; https://goo.gl/maps/9VManjp1YiqeSC1A8; https://goo.gl/maps/SeJtvcKkqmN6a7oy6; https://goo.gl/maps/trCxv7WmZ7Lim467A,suspicious_shared_by_many_projects,matched_teams_map_link,name_token_overlap>=2,batch_470.txt; batch_477.txt
BDS-CURATED-0331,Felicia Đà Nẵng,has_unresolved_or_unattached_map_link,https://maps.app.goo.gl/xQZeRwkJHuyDhx496; https://maps.app.goo.gl/cuqyDKdtbfwW1DAa8,https://maps.app.goo.gl/xQZeRwkJHuyDhx496; https://maps.app.goo.gl/cuqyDKdtbfwW1DAa8,resolved,,,batch_631.txt; batch_515.txt; batch_551.txt; batch_606.txt; batch_651.txt; batch_680.txt
BDS-CURATED-0351,thấp tầng Phú An Hội giáp mặt tiền Tôn Đức Thắng (25B),has_unresolved_or_unattached_map_link,https://maps.app.goo.gl/B98HY6ThSbAhg1a98; https://maps.app.goo.gl/t178LDzcrFtjxgEz9; https://maps.app.goo.gl/qDbb6mJHvwhXw4Az6; https://maps.app.goo.gl/D8GuCY5LefTH8JVq9; https://maps.app.goo.gl/GdiSL1z7fBFtk3tr8; https://maps.app.goo.gl/ioqJ9N2mKRyMdiAe6; https://maps.app.goo.gl/dRnRPbNFPmCfsTHAA; https://www.google.com/maps/d/edit?mid=1pYF3M65dQngj9P_VP8SbXUKy92nYnFo&usp=sharing; https://maps.app.goo.gl/6iyNdteYfVyyT9Xy9; https://goo.gl/maps/Empzn8zwhyULFrqV8; https://maps.app.goo.gl/AoJAreLLvUUHzVVw5; https://maps.app.goo.gl/zNrudtbb4kMk2xxv5; https://www.google.com/maps/d/edit?mid=1SAcLUqc-JTEBiY1uNXVoDUdI-a5wJd0&ll=10.002013642197713%2C105…; https://maps.app.goo.gl/QVMCmJp83pMBNKrL8; https://maps.app.goo.gl/Mww4k2RWctPHssMQA; https://maps.app.goo.gl/Hn6baY7yBKNTcRXs8; https://maps.app.goo.gl/bKZVkKUcnYGRLJWw5; https://www.google.com/maps/d/edit?mid=1Fl7DvT-DOnJvyHZ0Oq5v-nUadBLGHFo&usp=sharing; https://maps.app.goo.gl/pTzfCxqkMYLuLe9z9; https://maps.app.goo.gl/7yPFeG3okyKbrLCM9; https://maps.app.goo.gl/acrdQ54V3NVNNkKh9; https://maps.app.goo.gl/u5QRXoNjSCh5uxRx5; https://www.google.com/maps/d/edit?mid=1MawyjqMPRL80P8Y7qm_ZhtUgghnbpFc&usp=sharing; https://maps.app.goo.gl/ET75kfpwVX837fEE6; https://maps.app.goo.gl/47PLkeuNfzKvw38w8; https://maps.app.goo.gl/RXcEPNYx6EwAbDxF9; https://maps.app.goo.gl/xg6rRMGswq5scyCbA; https://maps.app.goo.gl/whvDoK2djK9ZczAK8; https://maps.app.goo.gl/gr7GZiwJ71dX1nzNA; https://maps.app.goo.gl/efNjqXtJS5uqAid67; https://maps.app.goo.gl/9D1AGeGBDHSvttic8; https://maps.app.goo.gl/xomcfbw3UHPYcLxG8; https://maps.app.goo.gl/wbNjvBPsJioGNogn8; https://maps.app.goo.gl/DAATNJRd8MxG4uyaA; https://maps.app.goo.gl/cuqyDKdtbfwW1DAa8; https://maps.app.goo.gl/o5yA5cAF8qJoTZqW8; https://maps.app.goo.gl/Wji4ey8prbGM2zHJ6; https://maps.app.goo.gl/UEv62Ht1RcfDLLML8; https://maps.app.goo.gl/TcCLZG1kwf9F7wCu5; https://maps.app.goo.gl/yVp7cfpfnfdzb7mV7; https://maps.app.goo.gl/uKe9j2z7xKHjdR8A7; https://goo.gl/maps/xNEqZWHrXNzKYLHe6; https://maps.app.goo.gl/NT8XaQJv76yrgG946; https://maps.app.goo.gl/sY5sb4n5Lvp2K2oz7; https://maps.app.goo.gl/xQZeRwkJHuyDhx496; https://maps.app.goo.gl/s62kTxdTsTQvQHDJ9; https://maps.app.goo.gl/XwfK6AzNVqs5eFX17; https://maps.app.goo.gl/QAU1JqmdETLn951C; https://maps.app.goo.gl/K3ASKRs9Sc5yfa9z9; https://maps.app.goo.gl/dAy23L3wP3mTsMM88; https://maps.app.goo.gl/QydbrwwdHVvcm7keA; https://maps.app.goo.gl/E7ucSVc9hHKpPNDQ6; https://maps.app.goo.gl/4E1Yi9DPgpF2CdaE7; https://maps.app.goo.gl/uLPtqwAnwnevw4zz7; https://maps.app.goo.gl/zAmPVdt254bS1UUU7; https://maps.app.goo.gl/9PHZkvYiuadCm992A; https://goo.gl/maps/JhPoRTM15vQA7Kk6A; https://goo.gl/maps/XXMLm2Ebm5FEFwig7; https://goo.gl/maps/FmDxfXdHa9mdoGK99; https://goo.gl/maps/aChZ8vYJMZ8j6SjR7; https://goo.gl/maps/GPVNSt7Q6a73xSKHA; https://goo.gl/maps/h4LQbK4dijinbrmF8; https://goo.gl/maps/k4R8TwNVtrg4BrJc9; https://goo.gl/maps/YaZ9tS4Xqtm5REAe6; https://goo.gl/maps/g4UerEukDLx9YjWt5; https://goo.gl/maps/cUNDNuwk9M5KBSbJA**; https://goo.gl/maps/tMLVh6Gm8DCwNDzN6; https://goo.gl/maps/VFB9RLFqHkCjVD4Y6; https://goo.gl/maps/xLiJbzx1TGiATefw5; https://goo.gl/maps/88psz7y8xzQTcyVn9; https://goo.gl/maps/TKu4Ej99YDW51J8o6; https://goo.gl/maps/Y5rcVkPSFzuYQtaJ7; https://goo.gl/maps/tu8NToyeSY9qMEt19; https://goo.gl/maps/sMLMvWwegyerE3jJ9; https://goo.gl/maps/oJBLCYE9ShbB6ZA6A; https://goo.gl/maps/mJAEFg5zdD6J4Xbq8; https://goo.gl/maps/u7HMUhYJqdPGD9dz6; https://goo.gl/maps/1eXNtJWdQZHPkvXp8; https://goo.gl/maps/9VManjp1YiqeSC1A8; https://goo.gl/maps/SeJtvcKkqmN6a7oy6; https://goo.gl/maps/hgxR4SsThT7KqvbUA; https://goo.gl/maps/gHyC9FmNZYpnaoV77; https://goo.gl/maps/5AF74tZoTkBqM71d6; https://goo.gl/maps/JtDt3jc8pMZ3n7xH9; https://goo.gl/maps/GPLvd34uRNT1EL5bA; https://goo.gl/maps/oJP5R9Jfe8yAcrWY6; https://goo.gl/maps/trCxv7WmZ7Lim467A; https://goo.gl/maps/aSmRwi2p279NGLcb9; https://goo.gl/maps/s4v5mQf8LyZUv8B7A,https://maps.app.goo.gl/B98HY6ThSbAhg1a98; https://maps.app.goo.gl/t178LDzcrFtjxgEz9; https://maps.app.goo.gl/qDbb6mJHvwhXw4Az6; https://maps.app.goo.gl/D8GuCY5LefTH8JVq9; https://maps.app.goo.gl/GdiSL1z7fBFtk3tr8; https://maps.app.goo.gl/ioqJ9N2mKRyMdiAe6; https://maps.app.goo.gl/dRnRPbNFPmCfsTHAA; https://www.google.com/maps/d/edit?mid=1pYF3M65dQngj9P_VP8SbXUKy92nYnFo&usp=sharing; https://maps.app.goo.gl/6iyNdteYfVyyT9Xy9; https://goo.gl/maps/Empzn8zwhyULFrqV8; https://maps.app.goo.gl/AoJAreLLvUUHzVVw5; https://maps.app.goo.gl/zNrudtbb4kMk2xxv5; https://www.google.com/maps/d/edit?mid=1SAcLUqc-JTEBiY1uNXVoDUdI-a5wJd0&ll=10.002013642197713%2C105…; https://maps.app.goo.gl/QVMCmJp83pMBNKrL8; https://maps.app.goo.gl/Mww4k2RWctPHssMQA; https://maps.app.goo.gl/Hn6baY7yBKNTcRXs8; https://maps.app.goo.gl/bKZVkKUcnYGRLJWw5; https://www.google.com/maps/d/edit?mid=1Fl7DvT-DOnJvyHZ0Oq5v-nUadBLGHFo&usp=sharing; https://maps.app.goo.gl/pTzfCxqkMYLuLe9z9; https://maps.app.goo.gl/7yPFeG3okyKbrLCM9; https://maps.app.goo.gl/acrdQ54V3NVNNkKh9; https://maps.app.goo.gl/u5QRXoNjSCh5uxRx5; https://www.google.com/maps/d/edit?mid=1MawyjqMPRL80P8Y7qm_ZhtUgghnbpFc&usp=sharing; https://maps.app.goo.gl/ET75kfpwVX837fEE6; https://maps.app.goo.gl/47PLkeuNfzKvw38w8; https://maps.app.goo.gl/RXcEPNYx6EwAbDxF9; https://maps.app.goo.gl/xg6rRMGswq5scyCbA; https://maps.app.goo.gl/whvDoK2djK9ZczAK8; https://maps.app.goo.gl/gr7GZiwJ71dX1nzNA; https://maps.app.goo.gl/efNjqXtJS5uqAid67; https://maps.app.goo.gl/9D1AGeGBDHSvttic8; https://maps.app.goo.gl/xomcfbw3UHPYcLxG8; https://maps.app.goo.gl/wbNjvBPsJioGNogn8; https://maps.app.goo.gl/DAATNJRd8MxG4uyaA; https://maps.app.goo.gl/cuqyDKdtbfwW1DAa8; https://maps.app.goo.gl/o5yA5cAF8qJoTZqW8; https://maps.app.goo.gl/Wji4ey8prbGM2zHJ6; https://maps.app.goo.gl/UEv62Ht1RcfDLLML8; https://maps.app.goo.gl/TcCLZG1kwf9F7wCu5; https://maps.app.goo.gl/yVp7cfpfnfdzb7mV7; https://maps.app.goo.gl/uKe9j2z7xKHjdR8A7; https://goo.gl/maps/xNEqZWHrXNzKYLHe6; https://maps.app.goo.gl/NT8XaQJv76yrgG946; https://maps.app.goo.gl/sY5sb4n5Lvp2K2oz7; https://maps.app.goo.gl/xQZeRwkJHuyDhx496; https://maps.app.goo.gl/s62kTxdTsTQvQHDJ9; https://maps.app.goo.gl/XwfK6AzNVqs5eFX17; https://maps.app.goo.gl/QAU1JqmdETLn951C; https://maps.app.goo.gl/K3ASKRs9Sc5yfa9z9; https://maps.app.goo.gl/dAy23L3wP3mTsMM88; https://maps.app.goo.gl/QydbrwwdHVvcm7keA; https://maps.app.goo.gl/E7ucSVc9hHKpPNDQ6; https://maps.app.goo.gl/4E1Yi9DPgpF2CdaE7; https://maps.app.goo.gl/uLPtqwAnwnevw4zz7; https://maps.app.goo.gl/zAmPVdt254bS1UUU7; https://maps.app.goo.gl/9PHZkvYiuadCm992A; https://goo.gl/maps/JhPoRTM15vQA7Kk6A; https://goo.gl/maps/XXMLm2Ebm5FEFwig7; https://goo.gl/maps/FmDxfXdHa9mdoGK99; https://goo.gl/maps/aChZ8vYJMZ8j6SjR7; https://goo.gl/maps/GPVNSt7Q6a73xSKHA; https://goo.gl/maps/h4LQbK4dijinbrmF8; https://goo.gl/maps/k4R8TwNVtrg4BrJc9; https://goo.gl/maps/YaZ9tS4Xqtm5REAe6; https://goo.gl/maps/g4UerEukDLx9YjWt5; https://goo.gl/maps/cUNDNuwk9M5KBSbJA**; https://goo.gl/maps/tMLVh6Gm8DCwNDzN6; https://goo.gl/maps/VFB9RLFqHkCjVD4Y6; https://goo.gl/maps/xLiJbzx1TGiATefw5; https://goo.gl/maps/88psz7y8xzQTcyVn9; https://goo.gl/maps/TKu4Ej99YDW51J8o6; https://goo.gl/maps/Y5rcVkPSFzuYQtaJ7; https://goo.gl/maps/tu8NToyeSY9qMEt19; https://goo.gl/maps/sMLMvWwegyerE3jJ9; https://goo.gl/maps/oJBLCYE9ShbB6ZA6A; https://goo.gl/maps/mJAEFg5zdD6J4Xbq8; https://goo.gl/maps/u7HMUhYJqdPGD9dz6; https://goo.gl/maps/1eXNtJWdQZHPkvXp8; https://goo.gl/maps/9VManjp1YiqeSC1A8; https://goo.gl/maps/SeJtvcKkqmN6a7oy6; https://goo.gl/maps/hgxR4SsThT7KqvbUA; https://goo.gl/maps/gHyC9FmNZYpnaoV77; https://goo.gl/maps/5AF74tZoTkBqM71d6; https://goo.gl/maps/JtDt3jc8pMZ3n7xH9; https://goo.gl/maps/GPLvd34uRNT1EL5bA; https://goo.gl/maps/oJP5R9Jfe8yAcrWY6; https://goo.gl/maps/trCxv7WmZ7Lim467A; https://goo.gl/maps/aSmRwi2p279NGLcb9; https://goo.gl/maps/s4v5mQf8LyZUv8B7A,resolved,,name_token_overlap>=2,batch_609.txt; batch_607.txt; batch_677.txt
BDS-CURATED-0318,1ha Sơn Trà,no_map_link_found_in_matched_raw,,,,,,batch_248.txt; batch_286.txt
BDS-CURATED-0004,Trần Đức 1 2.8ha Thuận Giao,has_unresolved_or_unattached_map_link,https://maps.app.goo.gl/t178LDzcrFtjxgEz9; https://maps.app.goo.gl/ioqJ9N2mKRyMdiAe6; https://www.google.com/maps/d/edit?mid=1pYF3M65dQngj9P_VP8SbXUKy92nYnFo&usp=sharing; https://maps.app.goo.gl/7yPFeG3okyKbrLCM9; https://maps.app.goo.gl/acrdQ54V3NVNNkKh9; https://www.google.com/maps/d/edit?mid=1MawyjqMPRL80P8Y7qm_ZhtUgghnbpFc&usp=sharing; https://maps.app.goo.gl/xomcfbw3UHPYcLxG8; https://maps.app.goo.gl/wbNjvBPsJioGNogn8; https://maps.app.goo.gl/DAATNJRd8MxG4uyaA; https://maps.app.goo.gl/cuqyDKdtbfwW1DAa8; https://maps.app.goo.gl/o5yA5cAF8qJoTZqW8; https://maps.app.goo.gl/UEv62Ht1RcfDLLML8; https://maps.app.goo.gl/yVp7cfpfnfdzb7mV7; https://maps.app.goo.gl/uKe9j2z7xKHjdR8A7; https://goo.gl/maps/xNEqZWHrXNzKYLHe6; https://maps.app.goo.gl/NT8XaQJv76yrgG946; https://maps.app.goo.gl/b6AweqeJiHMGShsq9; https://maps.app.goo.gl/B98HY6ThSbAhg1a98; https://maps.app.goo.gl/xQZeRwkJHuyDhx496; https://maps.app.goo.gl/s62kTxdTsTQvQHDJ9; https://maps.app.goo.gl/XwfK6AzNVqs5eFX17; https://maps.app.goo.gl/QAU1JqmdETLn951C; https://maps.app.goo.gl/4E1Yi9DPgpF2CdaE7; https://maps.app.goo.gl/uLPtqwAnwnevw4zz7; https://maps.app.goo.gl/zAmPVdt254bS1UUU7; https://maps.app.goo.gl/9PHZkvYiuadCm992A; https://goo.gl/maps/JhPoRTM15vQA7Kk6A; https://goo.gl/maps/XXMLm2Ebm5FEFwig7; https://goo.gl/maps/FmDxfXdHa9mdoGK99; https://goo.gl/maps/aChZ8vYJMZ8j6SjR7; https://goo.gl/maps/GPVNSt7Q6a73xSKHA; https://goo.gl/maps/YaZ9tS4Xqtm5REAe6; https://goo.gl/maps/g4UerEukDLx9YjWt5; https://goo.gl/maps/cUNDNuwk9M5KBSbJA**; https://goo.gl/maps/88psz7y8xzQTcyVn9; https://goo.gl/maps/Y5rcVkPSFzuYQtaJ7; https://goo.gl/maps/tu8NToyeSY9qMEt19; https://goo.gl/maps/mJAEFg5zdD6J4Xbq8; https://goo.gl/maps/1eXNtJWdQZHPkvXp8; https://goo.gl/maps/9VManjp1YiqeSC1A8; https://goo.gl/maps/SeJtvcKkqmN6a7oy6; https://goo.gl/maps/gHyC9FmNZYpnaoV77; https://goo.gl/maps/JtDt3jc8pMZ3n7xH9; https://goo.gl/maps/GPLvd34uRNT1EL5bA; https://goo.gl/maps/oJP5R9Jfe8yAcrWY6; https://goo.gl/maps/aSmRwi2p279NGLcb9; https://goo.gl/maps/s4v5mQf8LyZUv8B7A,https://maps.app.goo.gl/t178LDzcrFtjxgEz9; https://maps.app.goo.gl/ioqJ9N2mKRyMdiAe6; https://www.google.com/maps/d/edit?mid=1pYF3M65dQngj9P_VP8SbXUKy92nYnFo&usp=sharing; https://maps.app.goo.gl/7yPFeG3okyKbrLCM9; https://maps.app.goo.gl/acrdQ54V3NVNNkKh9; https://www.google.com/maps/d/edit?mid=1MawyjqMPRL80P8Y7qm_ZhtUgghnbpFc&usp=sharing; https://maps.app.goo.gl/xomcfbw3UHPYcLxG8; https://maps.app.goo.gl/wbNjvBPsJioGNogn8; https://maps.app.goo.gl/DAATNJRd8MxG4uyaA; https://maps.app.goo.gl/cuqyDKdtbfwW1DAa8; https://maps.app.goo.gl/o5yA5cAF8qJoTZqW8; https://maps.app.goo.gl/UEv62Ht1RcfDLLML8; https://maps.app.goo.gl/yVp7cfpfnfdzb7mV7; https://maps.app.goo.gl/uKe9j2z7xKHjdR8A7; https://goo.gl/maps/xNEqZWHrXNzKYLHe6; https://maps.app.goo.gl/NT8XaQJv76yrgG946; https://maps.app.goo.gl/b6AweqeJiHMGShsq9; https://maps.app.goo.gl/B98HY6ThSbAhg1a98; https://maps.app.goo.gl/xQZeRwkJHuyDhx496; https://maps.app.goo.gl/s62kTxdTsTQvQHDJ9; https://maps.app.goo.gl/XwfK6AzNVqs5eFX17; https://maps.app.goo.gl/QAU1JqmdETLn951C; https://maps.app.goo.gl/4E1Yi9DPgpF2CdaE7; https://maps.app.goo.gl/uLPtqwAnwnevw4zz7; https://maps.app.goo.gl/zAmPVdt254bS1UUU7; https://maps.app.goo.gl/9PHZkvYiuadCm992A; https://goo.gl/maps/JhPoRTM15vQA7Kk6A; https://goo.gl/maps/XXMLm2Ebm5FEFwig7; https://goo.gl/maps/FmDxfXdHa9mdoGK99; https://goo.gl/maps/aChZ8vYJMZ8j6SjR7; https://goo.gl/maps/GPVNSt7Q6a73xSKHA; https://goo.gl/maps/YaZ9tS4Xqtm5REAe6; https://goo.gl/maps/g4UerEukDLx9YjWt5; https://goo.gl/maps/cUNDNuwk9M5KBSbJA**; https://goo.gl/maps/88psz7y8xzQTcyVn9; https://goo.gl/maps/Y5rcVkPSFzuYQtaJ7; https://goo.gl/maps/tu8NToyeSY9qMEt19; https://goo.gl/maps/mJAEFg5zdD6J4Xbq8; https://goo.gl/maps/1eXNtJWdQZHPkvXp8; https://goo.gl/maps/9VManjp1YiqeSC1A8; https://goo.gl/maps/SeJtvcKkqmN6a7oy6; https://goo.gl/maps/gHyC9FmNZYpnaoV77; https://goo.gl/maps/JtDt3jc8pMZ3n7xH9; https://goo.gl/maps/GPLvd34uRNT1EL5bA; https://goo.gl/maps/oJP5R9Jfe8yAcrWY6; https://goo.gl/maps/aSmRwi2p279NGLcb9; https://goo.gl/maps/s4v5mQf8LyZUv8B7A,suspicious_shared_by_many_projects,,name_token_overlap>=2,batch_001.txt; batch_059.txt
BDS-CURATED-0043,Khu đất mặt tiền Ngô Chí Quốc gần Phú Quang,has_unresolved_or_unattached_map_link,https://maps.app.goo.gl/ioqJ9N2mKRyMdiAe6; https://maps.app.goo.gl/oHEYY6H9GGykdD9C6; https://goo.gl/maps/Empzn8zwhyULFrqV8; https://maps.app.goo.gl/bKZVkKUcnYGRLJWw5; https://maps.app.goo.gl/ET75kfpwVX837fEE6; https://maps.app.goo.gl/47PLkeuNfzKvw38w8; https://maps.app.goo.gl/RXcEPNYx6EwAbDxF9; https://maps.app.goo.gl/gr7GZiwJ71dX1nzNA; https://maps.app.goo.gl/efNjqXtJS5uqAid67; https://maps.app.goo.gl/cuqyDKdtbfwW1DAa8; https://maps.app.goo.gl/Wji4ey8prbGM2zHJ6; https://maps.app.goo.gl/uKe9j2z7xKHjdR8A7; https://maps.app.goo.gl/sY5sb4n5Lvp2K2oz7; https://maps.app.goo.gl/K3ASKRs9Sc5yfa9z9; https://maps.app.goo.gl/dAy23L3wP3mTsMM88; https://maps.app.goo.gl/QydbrwwdHVvcm7keA; https://maps.app.goo.gl/9PHZkvYiuadCm992A; https://goo.gl/maps/FmDxfXdHa9mdoGK99; https://goo.gl/maps/aChZ8vYJMZ8j6SjR7; https://goo.gl/maps/xNEqZWHrXNzKYLHe6; https://goo.gl/maps/h4LQbK4dijinbrmF8; https://goo.gl/maps/YaZ9tS4Xqtm5REAe6; https://goo.gl/maps/QUDziRBdFv7URi8QA; https://goo.gl/maps/xLiJbzx1TGiATefw5; https://goo.gl/maps/TKu4Ej99YDW51J8o6; https://goo.gl/maps/mJAEFg5zdD6J4Xbq8; https://goo.gl/maps/5AF74tZoTkBqM71d6; https://goo.gl/maps/JtDt3jc8pMZ3n7xH9; https://goo.gl/maps/GPLvd34uRNT1EL5bA; https://goo.gl/maps/oJP5R9Jfe8yAcrWY6; https://goo.gl/maps/trCxv7WmZ7Lim467A,https://maps.app.goo.gl/ioqJ9N2mKRyMdiAe6; https://maps.app.goo.gl/oHEYY6H9GGykdD9C6; https://goo.gl/maps/Empzn8zwhyULFrqV8; https://maps.app.goo.gl/bKZVkKUcnYGRLJWw5; https://maps.app.goo.gl/ET75kfpwVX837fEE6; https://maps.app.goo.gl/47PLkeuNfzKvw38w8; https://maps.app.goo.gl/RXcEPNYx6EwAbDxF9; https://maps.app.goo.gl/gr7GZiwJ71dX1nzNA; https://maps.app.goo.gl/efNjqXtJS5uqAid67; https://maps.app.goo.gl/cuqyDKdtbfwW1DAa8; https://maps.app.goo.gl/Wji4ey8prbGM2zHJ6; https://maps.app.goo.gl/uKe9j2z7xKHjdR8A7; https://maps.app.goo.gl/sY5sb4n5Lvp2K2oz7; https://maps.app.goo.gl/K3ASKRs9Sc5yfa9z9; https://maps.app.goo.gl/dAy23L3wP3mTsMM88; https://maps.app.goo.gl/QydbrwwdHVvcm7keA; https://maps.app.goo.gl/9PHZkvYiuadCm992A; https://goo.gl/maps/FmDxfXdHa9mdoGK99; https://goo.gl/maps/aChZ8vYJMZ8j6SjR7; https://goo.gl/maps/xNEqZWHrXNzKYLHe6; https://goo.gl/maps/h4LQbK4dijinbrmF8; https://goo.gl/maps/YaZ9tS4Xqtm5REAe6; https://goo.gl/maps/QUDziRBdFv7URi8QA; https://goo.gl/maps/xLiJbzx1TGiATefw5; https://goo.gl/maps/TKu4Ej99YDW51J8o6; https://goo.gl/maps/mJAEFg5zdD6J4Xbq8; https://goo.gl/maps/5AF74tZoTkBqM71d6; https://goo.gl/maps/JtDt3jc8pMZ3n7xH9; https://goo.gl/maps/GPLvd34uRNT1EL5bA; https://goo.gl/maps/oJP5R9Jfe8yAcrWY6; https://goo.gl/maps/trCxv7WmZ7Lim467A,suspicious_shared_by_many_projects,matched_teams_map_link,name_token_overlap>=2,batch_143.txt
BDS-CURATED-0347,chung cư Hòa Xuân,has_unresolved_or_unattached_map_link,https://maps.app.goo.gl/XwfK6AzNVqs5eFX17; https://maps.app.goo.gl/QAU1JqmdETLn951C; https://maps.app.goo.gl/Hn6baY7yBKNTcRXs8; https://goo.gl/maps/YaZ9tS4Xqtm5REAe6; https://goo.gl/maps/SeJtvcKkqmN6a7oy6; https://goo.gl/maps/trCxv7WmZ7Lim467A,https://maps.app.goo.gl/XwfK6AzNVqs5eFX17; https://maps.app.goo.gl/QAU1JqmdETLn951C; https://maps.app.goo.gl/Hn6baY7yBKNTcRXs8; https://goo.gl/maps/YaZ9tS4Xqtm5REAe6; https://goo.gl/maps/SeJtvcKkqmN6a7oy6; https://goo.gl/maps/trCxv7WmZ7Lim467A,resolved,,name_token_overlap>=2,batch_650.txt; batch_708.txt
BDS-CURATED-0334,chung cư Hải Sơn có diện tích đất 8,has_unresolved_or_unattached_map_link,https://www.google.com/maps/d/edit?mid=1pYF3M65dQngj9P_VP8SbXUKy92nYnFo&usp=sharing; https://maps.app.goo.gl/t178LDzcrFtjxgEz9; https://maps.app.goo.gl/qDbb6mJHvwhXw4Az6; https://maps.app.goo.gl/D8GuCY5LefTH8JVq9; https://maps.app.goo.gl/oHEYY6H9GGykdD9C6; https://maps.app.goo.gl/GdiSL1z7fBFtk3tr8; https://maps.app.goo.gl/ioqJ9N2mKRyMdiAe6; https://maps.app.goo.gl/dRnRPbNFPmCfsTHAA; https://maps.app.goo.gl/v8GdHbU3xb5G8JFs9; https://goo.gl/maps/Empzn8zwhyULFrqV8; https://maps.app.goo.gl/AoJAreLLvUUHzVVw5; https://maps.app.goo.gl/zNrudtbb4kMk2xxv5; https://maps.app.goo.gl/H57L1w8ReXXNhtb99; https://www.google.com/maps/d/edit?mid=1SAcLUqc-JTEBiY1uNXVoDUdI-a5wJd0&ll=10.002013642197713%2C105…; https://maps.app.goo.gl/QVMCmJp83pMBNKrL8; https://maps.app.goo.gl/Mww4k2RWctPHssMQA; https://maps.app.goo.gl/Hn6baY7yBKNTcRXs8; https://maps.app.goo.gl/bKZVkKUcnYGRLJWw5; https://www.google.com/maps/d/edit?mid=1Fl7DvT-DOnJvyHZ0Oq5v-nUadBLGHFo&usp=sharing; https://maps.app.goo.gl/pTzfCxqkMYLuLe9z9; https://maps.app.goo.gl/Fsyo4xmwK3kmzbC9A; https://maps.app.goo.gl/hMM3KEF5KhFhsZJi7; https://maps.app.goo.gl/7yPFeG3okyKbrLCM9; https://maps.app.goo.gl/acrdQ54V3NVNNkKh9; https://www.google.com/maps/d/edit?mid=1MawyjqMPRL80P8Y7qm_ZhtUgghnbpFc&usp=sharing; https://maps.app.goo.gl/ET75kfpwVX837fEE6; https://maps.app.goo.gl/47PLkeuNfzKvw38w8; https://maps.app.goo.gl/RXcEPNYx6EwAbDxF9; https://maps.app.goo.gl/xg6rRMGswq5scyCbA; https://maps.app.goo.gl/whvDoK2djK9ZczAK8; https://maps.app.goo.gl/gr7GZiwJ71dX1nzNA; https://maps.app.goo.gl/efNjqXtJS5uqAid67; https://maps.app.goo.gl/9D1AGeGBDHSvttic8; https://maps.app.goo.gl/xomcfbw3UHPYcLxG8; https://maps.app.goo.gl/wbNjvBPsJioGNogn8; https://maps.app.goo.gl/DAATNJRd8MxG4uyaA; https://maps.app.goo.gl/cuqyDKdtbfwW1DAa8; https://maps.app.goo.gl/Wji4ey8prbGM2zHJ6; https://maps.app.goo.gl/UEv62Ht1RcfDLLML8; https://maps.app.goo.gl/TcCLZG1kwf9F7wCu5; https://maps.app.goo.gl/yVp7cfpfnfdzb7mV7; https://maps.app.goo.gl/uKe9j2z7xKHjdR8A7; https://goo.gl/maps/xNEqZWHrXNzKYLHe6; https://maps.app.goo.gl/NT8XaQJv76yrgG946; https://maps.app.goo.gl/B98HY6ThSbAhg1a98; https://maps.app.goo.gl/sY5sb4n5Lvp2K2oz7; https://maps.app.goo.gl/xQZeRwkJHuyDhx496; https://maps.app.goo.gl/s62kTxdTsTQvQHDJ9; https://maps.app.goo.gl/XwfK6AzNVqs5eFX17; https://maps.app.goo.gl/QAU1JqmdETLn951C; https://maps.app.goo.gl/K3ASKRs9Sc5yfa9z9; https://maps.app.goo.gl/dAy23L3wP3mTsMM88; https://maps.app.goo.gl/QydbrwwdHVvcm7keA; https://maps.app.goo.gl/E7ucSVc9hHKpPNDQ6; https://maps.app.goo.gl/4E1Yi9DPgpF2CdaE7; https://maps.app.goo.gl/uLPtqwAnwnevw4zz7; https://maps.app.goo.gl/VRterbzJvDcxUkVJ6; https://maps.app.goo.gl/zAmPVdt254bS1UUU7; https://maps.app.goo.gl/9PHZkvYiuadCm992A; https://goo.gl/maps/JhPoRTM15vQA7Kk6A; https://goo.gl/maps/rzwM8zz1vmEphauk6; https://goo.gl/maps/XXMLm2Ebm5FEFwig7; https://goo.gl/maps/BgnUiLh44bo3Nyq37; https://goo.gl/maps/FmDxfXdHa9mdoGK99; https://goo.gl/maps/KCGefw7KgVDUzTPh7; https://goo.gl/maps/GPVNSt7Q6a73xSKHA; https://goo.gl/maps/h4LQbK4dijinbrmF8; https://goo.gl/maps/k4R8TwNVtrg4BrJc9; https://goo.gl/maps/YaZ9tS4Xqtm5REAe6; https://goo.gl/maps/g4UerEukDLx9YjWt5; https://goo.gl/maps/cUNDNuwk9M5KBSbJA**; https://goo.gl/maps/dSeYp8x6gD6nWQJo7; https://goo.gl/maps/xLiJbzx1TGiATefw5; https://goo.gl/maps/88psz7y8xzQTcyVn9; https://goo.gl/maps/TKu4Ej99YDW51J8o6; https://goo.gl/maps/Y5rcVkPSFzuYQtaJ7; https://goo.gl/maps/tu8NToyeSY9qMEt19; https://goo.gl/maps/mJAEFg5zdD6J4Xbq8; https://goo.gl/maps/1eXNtJWdQZHPkvXp8; https://goo.gl/maps/SeJtvcKkqmN6a7oy6; https://goo.gl/maps/hgxR4SsThT7KqvbUA; https://goo.gl/maps/gHyC9FmNZYpnaoV77; https://goo.gl/maps/JtDt3jc8pMZ3n7xH9; https://goo.gl/maps/GPLvd34uRNT1EL5bA; https://goo.gl/maps/oJP5R9Jfe8yAcrWY6; https://goo.gl/maps/trCxv7WmZ7Lim467A; https://goo.gl/maps/aSmRwi2p279NGLcb9; https://goo.gl/maps/s4v5mQf8LyZUv8B7A,https://www.google.com/maps/d/edit?mid=1pYF3M65dQngj9P_VP8SbXUKy92nYnFo&usp=sharing; https://maps.app.goo.gl/t178LDzcrFtjxgEz9; https://maps.app.goo.gl/qDbb6mJHvwhXw4Az6; https://maps.app.goo.gl/D8GuCY5LefTH8JVq9; https://maps.app.goo.gl/oHEYY6H9GGykdD9C6; https://maps.app.goo.gl/GdiSL1z7fBFtk3tr8; https://maps.app.goo.gl/ioqJ9N2mKRyMdiAe6; https://maps.app.goo.gl/dRnRPbNFPmCfsTHAA; https://maps.app.goo.gl/v8GdHbU3xb5G8JFs9; https://goo.gl/maps/Empzn8zwhyULFrqV8; https://maps.app.goo.gl/AoJAreLLvUUHzVVw5; https://maps.app.goo.gl/zNrudtbb4kMk2xxv5; https://maps.app.goo.gl/H57L1w8ReXXNhtb99; https://www.google.com/maps/d/edit?mid=1SAcLUqc-JTEBiY1uNXVoDUdI-a5wJd0&ll=10.002013642197713%2C105…; https://maps.app.goo.gl/QVMCmJp83pMBNKrL8; https://maps.app.goo.gl/Mww4k2RWctPHssMQA; https://maps.app.goo.gl/Hn6baY7yBKNTcRXs8; https://maps.app.goo.gl/bKZVkKUcnYGRLJWw5; https://www.google.com/maps/d/edit?mid=1Fl7DvT-DOnJvyHZ0Oq5v-nUadBLGHFo&usp=sharing; https://maps.app.goo.gl/pTzfCxqkMYLuLe9z9; https://maps.app.goo.gl/Fsyo4xmwK3kmzbC9A; https://maps.app.goo.gl/hMM3KEF5KhFhsZJi7; https://maps.app.goo.gl/7yPFeG3okyKbrLCM9; https://maps.app.goo.gl/acrdQ54V3NVNNkKh9; https://www.google.com/maps/d/edit?mid=1MawyjqMPRL80P8Y7qm_ZhtUgghnbpFc&usp=sharing; https://maps.app.goo.gl/ET75kfpwVX837fEE6; https://maps.app.goo.gl/47PLkeuNfzKvw38w8; https://maps.app.goo.gl/RXcEPNYx6EwAbDxF9; https://maps.app.goo.gl/xg6rRMGswq5scyCbA; https://maps.app.goo.gl/whvDoK2djK9ZczAK8; https://maps.app.goo.gl/gr7GZiwJ71dX1nzNA; https://maps.app.goo.gl/efNjqXtJS5uqAid67; https://maps.app.goo.gl/9D1AGeGBDHSvttic8; https://maps.app.goo.gl/xomcfbw3UHPYcLxG8; https://maps.app.goo.gl/wbNjvBPsJioGNogn8; https://maps.app.goo.gl/DAATNJRd8MxG4uyaA; https://maps.app.goo.gl/cuqyDKdtbfwW1DAa8; https://maps.app.goo.gl/Wji4ey8prbGM2zHJ6; https://maps.app.goo.gl/UEv62Ht1RcfDLLML8; https://maps.app.goo.gl/TcCLZG1kwf9F7wCu5; https://maps.app.goo.gl/yVp7cfpfnfdzb7mV7; https://maps.app.goo.gl/uKe9j2z7xKHjdR8A7; https://goo.gl/maps/xNEqZWHrXNzKYLHe6; https://maps.app.goo.gl/NT8XaQJv76yrgG946; https://maps.app.goo.gl/B98HY6ThSbAhg1a98; https://maps.app.goo.gl/sY5sb4n5Lvp2K2oz7; https://maps.app.goo.gl/xQZeRwkJHuyDhx496; https://maps.app.goo.gl/s62kTxdTsTQvQHDJ9; https://maps.app.goo.gl/XwfK6AzNVqs5eFX17; https://maps.app.goo.gl/QAU1JqmdETLn951C; https://maps.app.goo.gl/K3ASKRs9Sc5yfa9z9; https://maps.app.goo.gl/dAy23L3wP3mTsMM88; https://maps.app.goo.gl/QydbrwwdHVvcm7keA; https://maps.app.goo.gl/E7ucSVc9hHKpPNDQ6; https://maps.app.goo.gl/4E1Yi9DPgpF2CdaE7; https://maps.app.goo.gl/uLPtqwAnwnevw4zz7; https://maps.app.goo.gl/VRterbzJvDcxUkVJ6; https://maps.app.goo.gl/zAmPVdt254bS1UUU7; https://maps.app.goo.gl/9PHZkvYiuadCm992A; https://goo.gl/maps/JhPoRTM15vQA7Kk6A; https://goo.gl/maps/rzwM8zz1vmEphauk6; https://goo.gl/maps/XXMLm2Ebm5FEFwig7; https://goo.gl/maps/BgnUiLh44bo3Nyq37; https://goo.gl/maps/FmDxfXdHa9mdoGK99; https://goo.gl/maps/KCGefw7KgVDUzTPh7; https://goo.gl/maps/GPVNSt7Q6a73xSKHA; https://goo.gl/maps/h4LQbK4dijinbrmF8; https://goo.gl/maps/k4R8TwNVtrg4BrJc9; https://goo.gl/maps/YaZ9tS4Xqtm5REAe6; https://goo.gl/maps/g4UerEukDLx9YjWt5; https://goo.gl/maps/cUNDNuwk9M5KBSbJA**; https://goo.gl/maps/dSeYp8x6gD6nWQJo7; https://goo.gl/maps/xLiJbzx1TGiATefw5; https://goo.gl/maps/88psz7y8xzQTcyVn9; https://goo.gl/maps/TKu4Ej99YDW51J8o6; https://goo.gl/maps/Y5rcVkPSFzuYQtaJ7; https://goo.gl/maps/tu8NToyeSY9qMEt19; https://goo.gl/maps/mJAEFg5zdD6J4Xbq8; https://goo.gl/maps/1eXNtJWdQZHPkvXp8; https://goo.gl/maps/SeJtvcKkqmN6a7oy6; https://goo.gl/maps/hgxR4SsThT7KqvbUA; https://goo.gl/maps/gHyC9FmNZYpnaoV77; https://goo.gl/maps/JtDt3jc8pMZ3n7xH9; https://goo.gl/maps/GPLvd34uRNT1EL5bA; https://goo.gl/maps/oJP5R9Jfe8yAcrWY6; https://goo.gl/maps/trCxv7WmZ7Lim467A; https://goo.gl/maps/aSmRwi2p279NGLcb9; https://goo.gl/maps/s4v5mQf8LyZUv8B7A,,,name_token_overlap>=2,batch_100.txt
BDS-CURATED-0340,Văn phòng – An Phú,has_unresolved_or_unattached_map_link,https://www.google.com/maps/d/edit?mid=1SAcLUqc-JTEBiY1uNXVoDUdI-a5wJd0&ll=10.002013642197713%2C105; https://www.google.com/maps/d/edit?mid=1SAcLUqc-JTEBiY1uNXVoDUdI-a5wJd0&ll=10.002013642197713%2C105…,https://www.google.com/maps/d/edit?mid=1SAcLUqc-JTEBiY1uNXVoDUdI-a5wJd0&ll=10.002013642197713%2C105; https://www.google.com/maps/d/edit?mid=1SAcLUqc-JTEBiY1uNXVoDUdI-a5wJd0&ll=10.002013642197713%2C105…,,,16,batch_161.txt; batch_212.txt
BDS-CURATED-0327,Bale tại Mũi Né,no_map_link_found_in_matched_raw,,,,,,batch_850.txt; batch_881.txt
BDS-CURATED-0339,Richland,no_map_link_found_in_matched_raw,,,,,,batch_004.txt
BDS-CURATED-0321,~38ha,has_unresolved_or_unattached_map_link,https://www.google.com/maps/d/edit?mid=1SAcLUqc-JTEBiY1uNXVoDUdI-a5wJd0&ll=10.002013642197713%2C105; https://www.google.com/maps/d/edit?mid=1SAcLUqc-JTEBiY1uNXVoDUdI-a5wJd0&ll=10.002013642197713%2C105…,https://www.google.com/maps/d/edit?mid=1SAcLUqc-JTEBiY1uNXVoDUdI-a5wJd0&ll=10.002013642197713%2C105; https://www.google.com/maps/d/edit?mid=1SAcLUqc-JTEBiY1uNXVoDUdI-a5wJd0&ll=10.002013642197713%2C105…,,,49,batch_212.txt
BDS-CURATED-0326,(GỒM VAT) – 4,no_map_link_found_in_matched_raw,,,,,,batch_303.txt; batch_344.txt; batch_347.txt
BDS-CURATED-0049,54ha liền kề sân bay Phan Thiết có giá chào 860-900 tỷ,has_unresolved_or_unattached_map_link,https://goo.gl/maps/9VManjp1YiqeSC1A8; https://www.google.com/maps/d/edit?mid=1SAcLUqc-JTEBiY1uNXVoDUdI-a5wJd0&ll=10.002013642197713%2C105…; https://maps.app.goo.gl/acrdQ54V3NVNNkKh9; https://maps.app.goo.gl/zAmPVdt254bS1UUU7; https://goo.gl/maps/GPVNSt7Q6a73xSKHA; https://goo.gl/maps/h4LQbK4dijinbrmF8; https://goo.gl/maps/VFB9RLFqHkCjVD4Y6; https://goo.gl/maps/gHyC9FmNZYpnaoV77; https://goo.gl/maps/trCxv7WmZ7Lim467A,https://goo.gl/maps/9VManjp1YiqeSC1A8; https://www.google.com/maps/d/edit?mid=1SAcLUqc-JTEBiY1uNXVoDUdI-a5wJd0&ll=10.002013642197713%2C105…; https://maps.app.goo.gl/acrdQ54V3NVNNkKh9; https://maps.app.goo.gl/zAmPVdt254bS1UUU7; https://goo.gl/maps/GPVNSt7Q6a73xSKHA; https://goo.gl/maps/h4LQbK4dijinbrmF8; https://goo.gl/maps/VFB9RLFqHkCjVD4Y6; https://goo.gl/maps/gHyC9FmNZYpnaoV77; https://goo.gl/maps/trCxv7WmZ7Lim467A,suspicious_shared_by_many_projects,matched_teams_map_link,name_token_overlap>=2,batch_922.txt
BDS-CURATED-0102,Hải Âu tại Bãi Trường,has_unresolved_or_unattached_map_link,https://goo.gl/maps/eqfdgJBc7XT7VhAW8,https://goo.gl/maps/eqfdgJBc7XT7VhAW8,suspicious_shared_by_many_projects,matched_teams_map_link,16,batch_917.txt
BDS-CURATED-0319,chung cư Hòa Xuân (A2-3 & A2-4) 1,has_unresolved_or_unattached_map_link,https://maps.app.goo.gl/Hn6baY7yBKNTcRXs8; https://maps.app.goo.gl/XwfK6AzNVqs5eFX17; https://maps.app.goo.gl/QAU1JqmdETLn951C; https://goo.gl/maps/YaZ9tS4Xqtm5REAe6; https://goo.gl/maps/SeJtvcKkqmN6a7oy6; https://goo.gl/maps/trCxv7WmZ7Lim467A,https://maps.app.goo.gl/Hn6baY7yBKNTcRXs8; https://maps.app.goo.gl/XwfK6AzNVqs5eFX17; https://maps.app.goo.gl/QAU1JqmdETLn951C; https://goo.gl/maps/YaZ9tS4Xqtm5REAe6; https://goo.gl/maps/SeJtvcKkqmN6a7oy6; https://goo.gl/maps/trCxv7WmZ7Lim467A,,,name_token_overlap>=2,batch_172.txt
BDS-CURATED-0359,Đặng Văn Bi + Vị trí,no_map_link_found_in_matched_raw,,,,,,batch_093.txt
BDS-CURATED-0073,AK (2025)~ 4,has_unresolved_or_unattached_map_link,https://maps.app.goo.gl/oHEYY6H9GGykdD9C6,https://maps.app.goo.gl/oHEYY6H9GGykdD9C6,suspicious_shared_by_many_projects,matched_teams_map_link,12,batch_033.txt
BDS-CURATED-0086,Urban Green,has_unresolved_or_unattached_map_link,https://maps.app.goo.gl/ioqJ9N2mKRyMdiAe6; https://goo.gl/maps/5AF74tZoTkBqM71d6,https://maps.app.goo.gl/ioqJ9N2mKRyMdiAe6; https://goo.gl/maps/5AF74tZoTkBqM71d6,suspicious_shared_by_many_projects,,name_token_overlap>=2,batch_060.txt; batch_718.txt
BDS-CURATED-0354,KĐT An Phú – PG (nguồn từ Ý-Pháp Chế) 1,has_unresolved_or_unattached_map_link,https://maps.app.goo.gl/qDbb6mJHvwhXw4Az6; https://maps.app.goo.gl/GdiSL1z7fBFtk3tr8; https://maps.app.goo.gl/dRnRPbNFPmCfsTHAA; https://www.google.com/maps/d/edit?mid=1pYF3M65dQngj9P_VP8SbXUKy92nYnFo&usp=sharing; https://maps.app.goo.gl/v8GdHbU3xb5G8JFs9; https://maps.app.goo.gl/AoJAreLLvUUHzVVw5; https://maps.app.goo.gl/bKZVkKUcnYGRLJWw5; https://maps.app.goo.gl/pTzfCxqkMYLuLe9z9; https://maps.app.goo.gl/9D1AGeGBDHSvttic8; https://maps.app.goo.gl/xomcfbw3UHPYcLxG8; https://maps.app.goo.gl/wbNjvBPsJioGNogn8; https://maps.app.goo.gl/DAATNJRd8MxG4uyaA; https://maps.app.goo.gl/cuqyDKdtbfwW1DAa8; https://maps.app.goo.gl/Wji4ey8prbGM2zHJ6; https://maps.app.goo.gl/TcCLZG1kwf9F7wCu5; https://maps.app.goo.gl/yVp7cfpfnfdzb7mV7; https://maps.app.goo.gl/uKe9j2z7xKHjdR8A7; https://maps.app.goo.gl/NT8XaQJv76yrgG946; https://maps.app.goo.gl/zNrudtbb4kMk2xxv5; https://maps.app.goo.gl/B98HY6ThSbAhg1a98; https://maps.app.goo.gl/s62kTxdTsTQvQHDJ9; https://maps.app.goo.gl/K3ASKRs9Sc5yfa9z9; https://maps.app.goo.gl/4E1Yi9DPgpF2CdaE7; https://maps.app.goo.gl/uLPtqwAnwnevw4zz7; https://maps.app.goo.gl/zAmPVdt254bS1UUU7; https://goo.gl/maps/JhPoRTM15vQA7Kk6A; https://goo.gl/maps/XXMLm2Ebm5FEFwig7; https://goo.gl/maps/GPVNSt7Q6a73xSKHA; https://goo.gl/maps/xNEqZWHrXNzKYLHe6; https://goo.gl/maps/h4LQbK4dijinbrmF8; https://goo.gl/maps/YaZ9tS4Xqtm5REAe6; https://goo.gl/maps/g4UerEukDLx9YjWt5; https://goo.gl/maps/C86NnDNwQKH22Bek9-; https://goo.gl/maps/cUNDNuwk9M5KBSbJA**; https://goo.gl/maps/xLiJbzx1TGiATefw5; https://goo.gl/maps/sMLMvWwegyerE3jJ9; https://goo.gl/maps/1eXNtJWdQZHPkvXp8; https://goo.gl/maps/SeJtvcKkqmN6a7oy6; https://goo.gl/maps/hgxR4SsThT7KqvbUA; https://goo.gl/maps/gHyC9FmNZYpnaoV77; https://goo.gl/maps/JtDt3jc8pMZ3n7xH9; https://goo.gl/maps/GPLvd34uRNT1EL5bA; https://goo.gl/maps/oJP5R9Jfe8yAcrWY6; https://goo.gl/maps/trCxv7WmZ7Lim467A; https://goo.gl/maps/aSmRwi2p279NGLcb9; https://goo.gl/maps/s4v5mQf8LyZUv8B7A,https://maps.app.goo.gl/qDbb6mJHvwhXw4Az6; https://maps.app.goo.gl/GdiSL1z7fBFtk3tr8; https://maps.app.goo.gl/dRnRPbNFPmCfsTHAA; https://www.google.com/maps/d/edit?mid=1pYF3M65dQngj9P_VP8SbXUKy92nYnFo&usp=sharing; https://maps.app.goo.gl/v8GdHbU3xb5G8JFs9; https://maps.app.goo.gl/AoJAreLLvUUHzVVw5; https://maps.app.goo.gl/bKZVkKUcnYGRLJWw5; https://maps.app.goo.gl/pTzfCxqkMYLuLe9z9; https://maps.app.goo.gl/9D1AGeGBDHSvttic8; https://maps.app.goo.gl/xomcfbw3UHPYcLxG8; https://maps.app.goo.gl/wbNjvBPsJioGNogn8; https://maps.app.goo.gl/DAATNJRd8MxG4uyaA; https://maps.app.goo.gl/cuqyDKdtbfwW1DAa8; https://maps.app.goo.gl/Wji4ey8prbGM2zHJ6; https://maps.app.goo.gl/TcCLZG1kwf9F7wCu5; https://maps.app.goo.gl/yVp7cfpfnfdzb7mV7; https://maps.app.goo.gl/uKe9j2z7xKHjdR8A7; https://maps.app.goo.gl/NT8XaQJv76yrgG946; https://maps.app.goo.gl/zNrudtbb4kMk2xxv5; https://maps.app.goo.gl/B98HY6ThSbAhg1a98; https://maps.app.goo.gl/s62kTxdTsTQvQHDJ9; https://maps.app.goo.gl/K3ASKRs9Sc5yfa9z9; https://maps.app.goo.gl/4E1Yi9DPgpF2CdaE7; https://maps.app.goo.gl/uLPtqwAnwnevw4zz7; https://maps.app.goo.gl/zAmPVdt254bS1UUU7; https://goo.gl/maps/JhPoRTM15vQA7Kk6A; https://goo.gl/maps/XXMLm2Ebm5FEFwig7; https://goo.gl/maps/GPVNSt7Q6a73xSKHA; https://goo.gl/maps/xNEqZWHrXNzKYLHe6; https://goo.gl/maps/h4LQbK4dijinbrmF8; https://goo.gl/maps/YaZ9tS4Xqtm5REAe6; https://goo.gl/maps/g4UerEukDLx9YjWt5; https://goo.gl/maps/C86NnDNwQKH22Bek9-; https://goo.gl/maps/cUNDNuwk9M5KBSbJA**; https://goo.gl/maps/xLiJbzx1TGiATefw5; https://goo.gl/maps/sMLMvWwegyerE3jJ9; https://goo.gl/maps/1eXNtJWdQZHPkvXp8; https://goo.gl/maps/SeJtvcKkqmN6a7oy6; https://goo.gl/maps/hgxR4SsThT7KqvbUA; https://goo.gl/maps/gHyC9FmNZYpnaoV77; https://goo.gl/maps/JtDt3jc8pMZ3n7xH9; https://goo.gl/maps/GPLvd34uRNT1EL5bA; https://goo.gl/maps/oJP5R9Jfe8yAcrWY6; https://goo.gl/maps/trCxv7WmZ7Lim467A; https://goo.gl/maps/aSmRwi2p279NGLcb9; https://goo.gl/maps/s4v5mQf8LyZUv8B7A,,,name_token_overlap>=2,batch_254.txt
BDS-CURATED-0088,cao tầng tại Trung tâm Quận 9 (TPHCM) với quy mô 3,has_unresolved_or_unattached_map_link,https://maps.app.goo.gl/t178LDzcrFtjxgEz9; https://maps.app.goo.gl/ioqJ9N2mKRyMdiAe6; https://maps.app.goo.gl/dRnRPbNFPmCfsTHAA; https://maps.app.goo.gl/v8GdHbU3xb5G8JFs9; https://goo.gl/maps/Empzn8zwhyULFrqV8; https://maps.app.goo.gl/AoJAreLLvUUHzVVw5; https://www.google.com/maps/d/edit?mid=1SAcLUqc-JTEBiY1uNXVoDUdI-a5wJd0&ll=10.002013642197713%2C105…; https://maps.app.goo.gl/Mww4k2RWctPHssMQA; https://maps.app.goo.gl/bKZVkKUcnYGRLJWw5; https://www.google.com/maps/d/edit?mid=1Fl7DvT-DOnJvyHZ0Oq5v-nUadBLGHFo&usp=sharing; https://maps.app.goo.gl/pTzfCxqkMYLuLe9z9; https://www.google.com/maps/d/edit?mid=1MawyjqMPRL80P8Y7qm_ZhtUgghnbpFc&usp=sharing; https://maps.app.goo.gl/ET75kfpwVX837fEE6; https://maps.app.goo.gl/47PLkeuNfzKvw38w8; https://maps.app.goo.gl/RXcEPNYx6EwAbDxF9; https://maps.app.goo.gl/xg6rRMGswq5scyCbA; https://maps.app.goo.gl/whvDoK2djK9ZczAK8; https://maps.app.goo.gl/gr7GZiwJ71dX1nzNA; https://maps.app.goo.gl/efNjqXtJS5uqAid67; https://maps.app.goo.gl/xomcfbw3UHPYcLxG8; https://maps.app.goo.gl/wbNjvBPsJioGNogn8; https://maps.app.goo.gl/DAATNJRd8MxG4uyaA; https://maps.app.goo.gl/cuqyDKdtbfwW1DAa8; https://maps.app.goo.gl/UEv62Ht1RcfDLLML8; https://maps.app.goo.gl/TcCLZG1kwf9F7wCu5; https://maps.app.goo.gl/uKe9j2z7xKHjdR8A7; https://goo.gl/maps/xNEqZWHrXNzKYLHe6; https://maps.app.goo.gl/NT8XaQJv76yrgG946; https://maps.app.goo.gl/b6AweqeJiHMGShsq9; https://maps.app.goo.gl/zNrudtbb4kMk2xxv5; https://maps.app.goo.gl/B98HY6ThSbAhg1a98; https://maps.app.goo.gl/sY5sb4n5Lvp2K2oz7; https://maps.app.goo.gl/xQZeRwkJHuyDhx496; https://maps.app.goo.gl/s62kTxdTsTQvQHDJ9; https://maps.app.goo.gl/XwfK6AzNVqs5eFX17; https://maps.app.goo.gl/QAU1JqmdETLn951C; https://maps.app.goo.gl/K3ASKRs9Sc5yfa9z9; https://maps.app.goo.gl/dAy23L3wP3mTsMM88; https://maps.app.goo.gl/QydbrwwdHVvcm7keA; https://maps.app.goo.gl/4E1Yi9DPgpF2CdaE7; https://maps.app.goo.gl/uLPtqwAnwnevw4zz7; https://maps.app.goo.gl/VRterbzJvDcxUkVJ6; https://maps.app.goo.gl/zAmPVdt254bS1UUU7; https://maps.app.goo.gl/9PHZkvYiuadCm992A; https://goo.gl/maps/rzwM8zz1vmEphauk6; https://goo.gl/maps/XXMLm2Ebm5FEFwig7; https://goo.gl/maps/BgnUiLh44bo3Nyq37; https://goo.gl/maps/FmDxfXdHa9mdoGK99; https://goo.gl/maps/aChZ8vYJMZ8j6SjR7; https://goo.gl/maps/GPVNSt7Q6a73xSKHA; https://goo.gl/maps/h4LQbK4dijinbrmF8; https://goo.gl/maps/k4R8TwNVtrg4BrJc9; https://goo.gl/maps/YaZ9tS4Xqtm5REAe6; https://goo.gl/maps/g4UerEukDLx9YjWt5; https://goo.gl/maps/cUNDNuwk9M5KBSbJA**; https://goo.gl/maps/88psz7y8xzQTcyVn9; https://goo.gl/maps/TKu4Ej99YDW51J8o6; https://goo.gl/maps/Y5rcVkPSFzuYQtaJ7; https://goo.gl/maps/tu8NToyeSY9qMEt19; https://goo.gl/maps/sMLMvWwegyerE3jJ9; https://goo.gl/maps/mJAEFg5zdD6J4Xbq8; https://goo.gl/maps/1eXNtJWdQZHPkvXp8; https://goo.gl/maps/9VManjp1YiqeSC1A8; https://goo.gl/maps/SeJtvcKkqmN6a7oy6; https://goo.gl/maps/hgxR4SsThT7KqvbUA; https://goo.gl/maps/gHyC9FmNZYpnaoV77; https://goo.gl/maps/5AF74tZoTkBqM71d6; https://goo.gl/maps/JtDt3jc8pMZ3n7xH9; https://goo.gl/maps/GPLvd34uRNT1EL5bA; https://goo.gl/maps/oJP5R9Jfe8yAcrWY6; https://goo.gl/maps/trCxv7WmZ7Lim467A,https://maps.app.goo.gl/t178LDzcrFtjxgEz9; https://maps.app.goo.gl/ioqJ9N2mKRyMdiAe6; https://maps.app.goo.gl/dRnRPbNFPmCfsTHAA; https://maps.app.goo.gl/v8GdHbU3xb5G8JFs9; https://goo.gl/maps/Empzn8zwhyULFrqV8; https://maps.app.goo.gl/AoJAreLLvUUHzVVw5; https://www.google.com/maps/d/edit?mid=1SAcLUqc-JTEBiY1uNXVoDUdI-a5wJd0&ll=10.002013642197713%2C105…; https://maps.app.goo.gl/Mww4k2RWctPHssMQA; https://maps.app.goo.gl/bKZVkKUcnYGRLJWw5; https://www.google.com/maps/d/edit?mid=1Fl7DvT-DOnJvyHZ0Oq5v-nUadBLGHFo&usp=sharing; https://maps.app.goo.gl/pTzfCxqkMYLuLe9z9; https://www.google.com/maps/d/edit?mid=1MawyjqMPRL80P8Y7qm_ZhtUgghnbpFc&usp=sharing; https://maps.app.goo.gl/ET75kfpwVX837fEE6; https://maps.app.goo.gl/47PLkeuNfzKvw38w8; https://maps.app.goo.gl/RXcEPNYx6EwAbDxF9; https://maps.app.goo.gl/xg6rRMGswq5scyCbA; https://maps.app.goo.gl/whvDoK2djK9ZczAK8; https://maps.app.goo.gl/gr7GZiwJ71dX1nzNA; https://maps.app.goo.gl/efNjqXtJS5uqAid67; https://maps.app.goo.gl/xomcfbw3UHPYcLxG8; https://maps.app.goo.gl/wbNjvBPsJioGNogn8; https://maps.app.goo.gl/DAATNJRd8MxG4uyaA; https://maps.app.goo.gl/cuqyDKdtbfwW1DAa8; https://maps.app.goo.gl/UEv62Ht1RcfDLLML8; https://maps.app.goo.gl/TcCLZG1kwf9F7wCu5; https://maps.app.goo.gl/uKe9j2z7xKHjdR8A7; https://goo.gl/maps/xNEqZWHrXNzKYLHe6; https://maps.app.goo.gl/NT8XaQJv76yrgG946; https://maps.app.goo.gl/b6AweqeJiHMGShsq9; https://maps.app.goo.gl/zNrudtbb4kMk2xxv5; https://maps.app.goo.gl/B98HY6ThSbAhg1a98; https://maps.app.goo.gl/sY5sb4n5Lvp2K2oz7; https://maps.app.goo.gl/xQZeRwkJHuyDhx496; https://maps.app.goo.gl/s62kTxdTsTQvQHDJ9; https://maps.app.goo.gl/XwfK6AzNVqs5eFX17; https://maps.app.goo.gl/QAU1JqmdETLn951C; https://maps.app.goo.gl/K3ASKRs9Sc5yfa9z9; https://maps.app.goo.gl/dAy23L3wP3mTsMM88; https://maps.app.goo.gl/QydbrwwdHVvcm7keA; https://maps.app.goo.gl/4E1Yi9DPgpF2CdaE7; https://maps.app.goo.gl/uLPtqwAnwnevw4zz7; https://maps.app.goo.gl/VRterbzJvDcxUkVJ6; https://maps.app.goo.gl/zAmPVdt254bS1UUU7; https://maps.app.goo.gl/9PHZkvYiuadCm992A; https://goo.gl/maps/rzwM8zz1vmEphauk6; https://goo.gl/maps/XXMLm2Ebm5FEFwig7; https://goo.gl/maps/BgnUiLh44bo3Nyq37; https://goo.gl/maps/FmDxfXdHa9mdoGK99; https://goo.gl/maps/aChZ8vYJMZ8j6SjR7; https://goo.gl/maps/GPVNSt7Q6a73xSKHA; https://goo.gl/maps/h4LQbK4dijinbrmF8; https://goo.gl/maps/k4R8TwNVtrg4BrJc9; https://goo.gl/maps/YaZ9tS4Xqtm5REAe6; https://goo.gl/maps/g4UerEukDLx9YjWt5; https://goo.gl/maps/cUNDNuwk9M5KBSbJA**; https://goo.gl/maps/88psz7y8xzQTcyVn9; https://goo.gl/maps/TKu4Ej99YDW51J8o6; https://goo.gl/maps/Y5rcVkPSFzuYQtaJ7; https://goo.gl/maps/tu8NToyeSY9qMEt19; https://goo.gl/maps/sMLMvWwegyerE3jJ9; https://goo.gl/maps/mJAEFg5zdD6J4Xbq8; https://goo.gl/maps/1eXNtJWdQZHPkvXp8; https://goo.gl/maps/9VManjp1YiqeSC1A8; https://goo.gl/maps/SeJtvcKkqmN6a7oy6; https://goo.gl/maps/hgxR4SsThT7KqvbUA; https://goo.gl/maps/gHyC9FmNZYpnaoV77; https://goo.gl/maps/5AF74tZoTkBqM71d6; https://goo.gl/maps/JtDt3jc8pMZ3n7xH9; https://goo.gl/maps/GPLvd34uRNT1EL5bA; https://goo.gl/maps/oJP5R9Jfe8yAcrWY6; https://goo.gl/maps/trCxv7WmZ7Lim467A,suspicious_shared_by_many_projects,matched_teams_map_link,name_token_overlap>=2,batch_001.txt
BDS-CURATED-0332,168ha gần Khu Đa,has_unresolved_or_unattached_map_link,https://goo.gl/maps/35GfKER,https://goo.gl/maps/35GfKER,,,21,batch_928.txt
BDS-CURATED-0077,Hoa viên Vĩnh Thanh sau khi có Thông số từ P,has_unresolved_or_unattached_map_link,https://maps.app.goo.gl/yVp7cfpfnfdzb7mV7; https://maps.app.goo.gl/oHEYY6H9GGykdD9C6; https://maps.app.goo.gl/dRnRPbNFPmCfsTHAA; https://maps.app.goo.gl/v8GdHbU3xb5G8JFs9; https://maps.app.goo.gl/Hn6baY7yBKNTcRXs8; https://maps.app.goo.gl/7yPFeG3okyKbrLCM9; https://www.google.com/maps/d/edit?mid=1MawyjqMPRL80P8Y7qm_ZhtUgghnbpFc&usp=sharing; https://goo.gl/maps/eqfdgJBc7XT7VhAW8; https://maps.app.goo.gl/uKe9j2z7xKHjdR8A7; https://maps.app.goo.gl/NT8XaQJv76yrgG946; https://maps.app.goo.gl/s62kTxdTsTQvQHDJ9; https://maps.app.goo.gl/VRterbzJvDcxUkVJ6; https://maps.app.goo.gl/9PHZkvYiuadCm992A; https://goo.gl/maps/ZVuC7XLoPczMoHwD8; https://goo.gl/maps/aChZ8vYJMZ8j6SjR7; https://goo.gl/maps/YaZ9tS4Xqtm5REAe6; https://goo.gl/maps/g4UerEukDLx9YjWt5; https://goo.gl/maps/cUNDNuwk9M5KBSbJA**; https://goo.gl/maps/xLiJbzx1TGiATefw5; https://goo.gl/maps/88psz7y8xzQTcyVn9; https://goo.gl/maps/sMLMvWwegyerE3jJ9; https://goo.gl/maps/gHyC9FmNZYpnaoV77; https://goo.gl/maps/trCxv7WmZ7Lim467A,https://maps.app.goo.gl/yVp7cfpfnfdzb7mV7; https://maps.app.goo.gl/oHEYY6H9GGykdD9C6; https://maps.app.goo.gl/dRnRPbNFPmCfsTHAA; https://maps.app.goo.gl/v8GdHbU3xb5G8JFs9; https://maps.app.goo.gl/Hn6baY7yBKNTcRXs8; https://maps.app.goo.gl/7yPFeG3okyKbrLCM9; https://www.google.com/maps/d/edit?mid=1MawyjqMPRL80P8Y7qm_ZhtUgghnbpFc&usp=sharing; https://goo.gl/maps/eqfdgJBc7XT7VhAW8; https://maps.app.goo.gl/uKe9j2z7xKHjdR8A7; https://maps.app.goo.gl/NT8XaQJv76yrgG946; https://maps.app.goo.gl/s62kTxdTsTQvQHDJ9; https://maps.app.goo.gl/VRterbzJvDcxUkVJ6; https://maps.app.goo.gl/9PHZkvYiuadCm992A; https://goo.gl/maps/ZVuC7XLoPczMoHwD8; https://goo.gl/maps/aChZ8vYJMZ8j6SjR7; https://goo.gl/maps/YaZ9tS4Xqtm5REAe6; https://goo.gl/maps/g4UerEukDLx9YjWt5; https://goo.gl/maps/cUNDNuwk9M5KBSbJA**; https://goo.gl/maps/xLiJbzx1TGiATefw5; https://goo.gl/maps/88psz7y8xzQTcyVn9; https://goo.gl/maps/sMLMvWwegyerE3jJ9; https://goo.gl/maps/gHyC9FmNZYpnaoV77; https://goo.gl/maps/trCxv7WmZ7Lim467A,suspicious_shared_by_many_projects,matched_teams_map_link,name_token_overlap>=2,batch_217.txt; batch_270.txt; batch_282.txt; batch_531.txt
BDS-CURATED-0335,khá cao cấp),no_map_link_found_in_matched_raw,,,,,,batch_377.txt
BDS-CURATED-0336,(VAT),no_map_link_found_in_matched_raw,,,,,,batch_284.txt; batch_329.txt
BDS-CURATED-0363,43ha - Dự án Tân phú,no_map_link_found_in_matched_raw,,,,,,batch_011.txt; batch_064.txt
BDS-CURATED-0150,Richland Quận 9,has_unresolved_or_unattached_map_link,https://maps.app.goo.gl/t178LDzcrFtjxgEz9,https://maps.app.goo.gl/t178LDzcrFtjxgEz9,suspicious_shared_by_many_projects,matched_teams_map_link,12,batch_001.txt
BDS-CURATED-0348,du lịch tại Mũi Né,no_map_link_found_in_matched_raw,,,,,,batch_930.txt
BDS-CURATED-0370,khác đang triển khai như Stown,has_unresolved_or_unattached_map_link,https://www.google.com/maps/d/edit?mid=1GZCfnV4401jtKcup5hFe0KPBOBMYrp4&usp=sharing; https://maps.app.goo.gl/t178LDzcrFtjxgEz9; https://maps.app.goo.gl/qDbb6mJHvwhXw4Az6; https://maps.app.goo.gl/GdiSL1z7fBFtk3tr8; https://maps.app.goo.gl/ioqJ9N2mKRyMdiAe6; https://goo.gl/maps/Empzn8zwhyULFrqV8; https://maps.app.goo.gl/AoJAreLLvUUHzVVw5; https://maps.app.goo.gl/zNrudtbb4kMk2xxv5; https://maps.app.goo.gl/H57L1w8ReXXNhtb99; https://www.google.com/maps/d/edit?mid=1SAcLUqc-JTEBiY1uNXVoDUdI-a5wJd0&ll=10.002013642197713%2C105…; https://maps.app.goo.gl/Mww4k2RWctPHssMQA; https://maps.app.goo.gl/Hn6baY7yBKNTcRXs8; https://maps.app.goo.gl/bKZVkKUcnYGRLJWw5; https://maps.app.goo.gl/pTzfCxqkMYLuLe9z9; https://maps.app.goo.gl/Fsyo4xmwK3kmzbC9A; https://maps.app.goo.gl/hMM3KEF5KhFhsZJi7; https://maps.app.goo.gl/acrdQ54V3NVNNkKh9; https://www.google.com/maps/d/edit?mid=1MawyjqMPRL80P8Y7qm_ZhtUgghnbpFc&usp=sharing; https://maps.app.goo.gl/ET75kfpwVX837fEE6; https://maps.app.goo.gl/47PLkeuNfzKvw38w8; https://maps.app.goo.gl/RXcEPNYx6EwAbDxF9; https://maps.app.goo.gl/xg6rRMGswq5scyCbA; https://maps.app.goo.gl/whvDoK2djK9ZczAK8; https://maps.app.goo.gl/9D1AGeGBDHSvttic8; https://maps.app.goo.gl/wbNjvBPsJioGNogn8; https://maps.app.goo.gl/DAATNJRd8MxG4uyaA; https://maps.app.goo.gl/cuqyDKdtbfwW1DAa8; https://maps.app.goo.gl/o5yA5cAF8qJoTZqW8; https://maps.app.goo.gl/Wji4ey8prbGM2zHJ6; https://maps.app.goo.gl/UEv62Ht1RcfDLLML8; https://maps.app.goo.gl/yVp7cfpfnfdzb7mV7; https://maps.app.goo.gl/uKe9j2z7xKHjdR8A7; https://goo.gl/maps/xNEqZWHrXNzKYLHe6; https://maps.app.goo.gl/NT8XaQJv76yrgG946; https://maps.app.goo.gl/b6AweqeJiHMGShsq9; https://maps.app.goo.gl/B98HY6ThSbAhg1a98; https://maps.app.goo.gl/s62kTxdTsTQvQHDJ9; https://maps.app.goo.gl/XwfK6AzNVqs5eFX17; https://maps.app.goo.gl/QAU1JqmdETLn951C; https://maps.app.goo.gl/K3ASKRs9Sc5yfa9z9; https://maps.app.goo.gl/dAy23L3wP3mTsMM88; https://maps.app.goo.gl/QydbrwwdHVvcm7keA; https://maps.app.goo.gl/E7ucSVc9hHKpPNDQ6; https://maps.app.goo.gl/4E1Yi9DPgpF2CdaE7; https://maps.app.goo.gl/uLPtqwAnwnevw4zz7; https://maps.app.goo.gl/VRterbzJvDcxUkVJ6; https://maps.app.goo.gl/9PHZkvYiuadCm992A; https://goo.gl/maps/JhPoRTM15vQA7Kk6A; https://goo.gl/maps/XXMLm2Ebm5FEFwig7; https://goo.gl/maps/BgnUiLh44bo3Nyq37; https://goo.gl/maps/FmDxfXdHa9mdoGK99; https://goo.gl/maps/GPVNSt7Q6a73xSKHA; https://goo.gl/maps/nSTM1wgMZyyzcAhg9; https://goo.gl/maps/h4LQbK4dijinbrmF8; https://goo.gl/maps/k4R8TwNVtrg4BrJc9; https://goo.gl/maps/YaZ9tS4Xqtm5REAe6; https://goo.gl/maps/cUNDNuwk9M5KBSbJA**; https://goo.gl/maps/xLiJbzx1TGiATefw5; https://goo.gl/maps/TKu4Ej99YDW51J8o6; https://goo.gl/maps/Y5rcVkPSFzuYQtaJ7; https://goo.gl/maps/tu8NToyeSY9qMEt19; https://goo.gl/maps/sMLMvWwegyerE3jJ9; https://goo.gl/maps/mJAEFg5zdD6J4Xbq8; https://goo.gl/maps/1eXNtJWdQZHPkvXp8; https://goo.gl/maps/9VManjp1YiqeSC1A8; https://goo.gl/maps/SeJtvcKkqmN6a7oy6; https://goo.gl/maps/hgxR4SsThT7KqvbUA; https://goo.gl/maps/gHyC9FmNZYpnaoV77; https://goo.gl/maps/5AF74tZoTkBqM71d6; https://goo.gl/maps/JtDt3jc8pMZ3n7xH9; https://goo.gl/maps/GPLvd34uRNT1EL5bA; https://goo.gl/maps/oJP5R9Jfe8yAcrWY6; https://goo.gl/maps/trCxv7WmZ7Lim467A,https://www.google.com/maps/d/edit?mid=1GZCfnV4401jtKcup5hFe0KPBOBMYrp4&usp=sharing; https://maps.app.goo.gl/t178LDzcrFtjxgEz9; https://maps.app.goo.gl/qDbb6mJHvwhXw4Az6; https://maps.app.goo.gl/GdiSL1z7fBFtk3tr8; https://maps.app.goo.gl/ioqJ9N2mKRyMdiAe6; https://goo.gl/maps/Empzn8zwhyULFrqV8; https://maps.app.goo.gl/AoJAreLLvUUHzVVw5; https://maps.app.goo.gl/zNrudtbb4kMk2xxv5; https://maps.app.goo.gl/H57L1w8ReXXNhtb99; https://www.google.com/maps/d/edit?mid=1SAcLUqc-JTEBiY1uNXVoDUdI-a5wJd0&ll=10.002013642197713%2C105…; https://maps.app.goo.gl/Mww4k2RWctPHssMQA; https://maps.app.goo.gl/Hn6baY7yBKNTcRXs8; https://maps.app.goo.gl/bKZVkKUcnYGRLJWw5; https://maps.app.goo.gl/pTzfCxqkMYLuLe9z9; https://maps.app.goo.gl/Fsyo4xmwK3kmzbC9A; https://maps.app.goo.gl/hMM3KEF5KhFhsZJi7; https://maps.app.goo.gl/acrdQ54V3NVNNkKh9; https://www.google.com/maps/d/edit?mid=1MawyjqMPRL80P8Y7qm_ZhtUgghnbpFc&usp=sharing; https://maps.app.goo.gl/ET75kfpwVX837fEE6; https://maps.app.goo.gl/47PLkeuNfzKvw38w8; https://maps.app.goo.gl/RXcEPNYx6EwAbDxF9; https://maps.app.goo.gl/xg6rRMGswq5scyCbA; https://maps.app.goo.gl/whvDoK2djK9ZczAK8; https://maps.app.goo.gl/9D1AGeGBDHSvttic8; https://maps.app.goo.gl/wbNjvBPsJioGNogn8; https://maps.app.goo.gl/DAATNJRd8MxG4uyaA; https://maps.app.goo.gl/cuqyDKdtbfwW1DAa8; https://maps.app.goo.gl/o5yA5cAF8qJoTZqW8; https://maps.app.goo.gl/Wji4ey8prbGM2zHJ6; https://maps.app.goo.gl/UEv62Ht1RcfDLLML8; https://maps.app.goo.gl/yVp7cfpfnfdzb7mV7; https://maps.app.goo.gl/uKe9j2z7xKHjdR8A7; https://goo.gl/maps/xNEqZWHrXNzKYLHe6; https://maps.app.goo.gl/NT8XaQJv76yrgG946; https://maps.app.goo.gl/b6AweqeJiHMGShsq9; https://maps.app.goo.gl/B98HY6ThSbAhg1a98; https://maps.app.goo.gl/s62kTxdTsTQvQHDJ9; https://maps.app.goo.gl/XwfK6AzNVqs5eFX17; https://maps.app.goo.gl/QAU1JqmdETLn951C; https://maps.app.goo.gl/K3ASKRs9Sc5yfa9z9; https://maps.app.goo.gl/dAy23L3wP3mTsMM88; https://maps.app.goo.gl/QydbrwwdHVvcm7keA; https://maps.app.goo.gl/E7ucSVc9hHKpPNDQ6; https://maps.app.goo.gl/4E1Yi9DPgpF2CdaE7; https://maps.app.goo.gl/uLPtqwAnwnevw4zz7; https://maps.app.goo.gl/VRterbzJvDcxUkVJ6; https://maps.app.goo.gl/9PHZkvYiuadCm992A; https://goo.gl/maps/JhPoRTM15vQA7Kk6A; https://goo.gl/maps/XXMLm2Ebm5FEFwig7; https://goo.gl/maps/BgnUiLh44bo3Nyq37; https://goo.gl/maps/FmDxfXdHa9mdoGK99; https://goo.gl/maps/GPVNSt7Q6a73xSKHA; https://goo.gl/maps/nSTM1wgMZyyzcAhg9; https://goo.gl/maps/h4LQbK4dijinbrmF8; https://goo.gl/maps/k4R8TwNVtrg4BrJc9; https://goo.gl/maps/YaZ9tS4Xqtm5REAe6; https://goo.gl/maps/cUNDNuwk9M5KBSbJA**; https://goo.gl/maps/xLiJbzx1TGiATefw5; https://goo.gl/maps/TKu4Ej99YDW51J8o6; https://goo.gl/maps/Y5rcVkPSFzuYQtaJ7; https://goo.gl/maps/tu8NToyeSY9qMEt19; https://goo.gl/maps/sMLMvWwegyerE3jJ9; https://goo.gl/maps/mJAEFg5zdD6J4Xbq8; https://goo.gl/maps/1eXNtJWdQZHPkvXp8; https://goo.gl/maps/9VManjp1YiqeSC1A8; https://goo.gl/maps/SeJtvcKkqmN6a7oy6; https://goo.gl/maps/hgxR4SsThT7KqvbUA; https://goo.gl/maps/gHyC9FmNZYpnaoV77; https://goo.gl/maps/5AF74tZoTkBqM71d6; https://goo.gl/maps/JtDt3jc8pMZ3n7xH9; https://goo.gl/maps/GPLvd34uRNT1EL5bA; https://goo.gl/maps/oJP5R9Jfe8yAcrWY6; https://goo.gl/maps/trCxv7WmZ7Lim467A,,,name_token_overlap>=2,batch_392.txt
BDS-CURATED-0320,thay đổi khi thay đổi giá mua dự án và giá bán căn hộ,no_map_link_found_in_matched_raw,,,,,,batch_035.txt
BDS-CURATED-0344,KCN Phước An tại xã Phước An,no_map_link_found_in_matched_raw,,,,,,batch_409.txt
BDS-CURATED-0409,NOXH Đồng Nai (2 dự án trung tâm Biên Hòa)1,has_unresolved_or_unattached_map_link,https://www.google.com/maps/d/edit?mid=1SAcLUqc-JTEBiY1uNXVoDUdI-a5wJd0&ll=10.002013642197713%2C105; https://www.google.com/maps/d/edit?mid=1SAcLUqc-JTEBiY1uNXVoDUdI-a5wJd0&ll=10.002013642197713%2C105…; https://maps.app.goo.gl/ioqJ9N2mKRyMdiAe6; https://www.google.com/maps/d/edit?mid=1pYF3M65dQngj9P_VP8SbXUKy92nYnFo&usp=sharing; https://maps.app.goo.gl/zNrudtbb4kMk2xxv5; https://maps.app.goo.gl/QVMCmJp83pMBNKrL8; https://maps.app.goo.gl/Mww4k2RWctPHssMQA; https://www.google.com/maps/d/edit?mid=1Fl7DvT-DOnJvyHZ0Oq5v-nUadBLGHFo&usp=sharing; https://maps.app.goo.gl/7yPFeG3okyKbrLCM9; https://www.google.com/maps/d/edit?mid=1MawyjqMPRL80P8Y7qm_ZhtUgghnbpFc&usp=sharing; https://maps.app.goo.gl/ET75kfpwVX837fEE6; https://maps.app.goo.gl/47PLkeuNfzKvw38w8; https://maps.app.goo.gl/RXcEPNYx6EwAbDxF9; https://maps.app.goo.gl/gr7GZiwJ71dX1nzNA; https://maps.app.goo.gl/efNjqXtJS5uqAid67; https://maps.app.goo.gl/xomcfbw3UHPYcLxG8; https://maps.app.goo.gl/wbNjvBPsJioGNogn8; https://maps.app.goo.gl/DAATNJRd8MxG4uyaA; https://maps.app.goo.gl/cuqyDKdtbfwW1DAa8; https://maps.app.goo.gl/UEv62Ht1RcfDLLML8; https://maps.app.goo.gl/TcCLZG1kwf9F7wCu5; https://maps.app.goo.gl/uKe9j2z7xKHjdR8A7; https://maps.app.goo.gl/NT8XaQJv76yrgG946; https://maps.app.goo.gl/b6AweqeJiHMGShsq9; https://maps.app.goo.gl/B98HY6ThSbAhg1a98; https://maps.app.goo.gl/sY5sb4n5Lvp2K2oz7; https://maps.app.goo.gl/xQZeRwkJHuyDhx496; https://maps.app.goo.gl/XwfK6AzNVqs5eFX17; https://maps.app.goo.gl/QAU1JqmdETLn951C; https://maps.app.goo.gl/K3ASKRs9Sc5yfa9z9; https://maps.app.goo.gl/E7ucSVc9hHKpPNDQ6; https://maps.app.goo.gl/9PHZkvYiuadCm992A; https://goo.gl/maps/rzwM8zz1vmEphauk6; https://goo.gl/maps/XXMLm2Ebm5FEFwig7; https://goo.gl/maps/FmDxfXdHa9mdoGK99; https://goo.gl/maps/aChZ8vYJMZ8j6SjR7; https://goo.gl/maps/GPVNSt7Q6a73xSKHA; https://goo.gl/maps/h4LQbK4dijinbrmF8; https://goo.gl/maps/k4R8TwNVtrg4BrJc9; https://goo.gl/maps/YaZ9tS4Xqtm5REAe6; https://goo.gl/maps/g4UerEukDLx9YjWt5; https://goo.gl/maps/cUNDNuwk9M5KBSbJA**; https://goo.gl/maps/dSeYp8x6gD6nWQJo7; https://goo.gl/maps/88psz7y8xzQTcyVn9; https://goo.gl/maps/TKu4Ej99YDW51J8o6; https://goo.gl/maps/Y5rcVkPSFzuYQtaJ7; https://goo.gl/maps/tu8NToyeSY9qMEt19; https://goo.gl/maps/sMLMvWwegyerE3jJ9; https://goo.gl/maps/mJAEFg5zdD6J4Xbq8; https://goo.gl/maps/u7HMUhYJqdPGD9dz6; https://goo.gl/maps/1eXNtJWdQZHPkvXp8; https://goo.gl/maps/9VManjp1YiqeSC1A8; https://goo.gl/maps/SeJtvcKkqmN6a7oy6; https://goo.gl/maps/hgxR4SsThT7KqvbUA; https://goo.gl/maps/gHyC9FmNZYpnaoV77; https://goo.gl/maps/5AF74tZoTkBqM71d6; https://goo.gl/maps/JtDt3jc8pMZ3n7xH9; https://goo.gl/maps/GPLvd34uRNT1EL5bA; https://goo.gl/maps/oJP5R9Jfe8yAcrWY6; https://goo.gl/maps/trCxv7WmZ7Lim467A,https://www.google.com/maps/d/edit?mid=1SAcLUqc-JTEBiY1uNXVoDUdI-a5wJd0&ll=10.002013642197713%2C105; https://www.google.com/maps/d/edit?mid=1SAcLUqc-JTEBiY1uNXVoDUdI-a5wJd0&ll=10.002013642197713%2C105…; https://maps.app.goo.gl/ioqJ9N2mKRyMdiAe6; https://www.google.com/maps/d/edit?mid=1pYF3M65dQngj9P_VP8SbXUKy92nYnFo&usp=sharing; https://maps.app.goo.gl/zNrudtbb4kMk2xxv5; https://maps.app.goo.gl/QVMCmJp83pMBNKrL8; https://maps.app.goo.gl/Mww4k2RWctPHssMQA; https://www.google.com/maps/d/edit?mid=1Fl7DvT-DOnJvyHZ0Oq5v-nUadBLGHFo&usp=sharing; https://maps.app.goo.gl/7yPFeG3okyKbrLCM9; https://www.google.com/maps/d/edit?mid=1MawyjqMPRL80P8Y7qm_ZhtUgghnbpFc&usp=sharing; https://maps.app.goo.gl/ET75kfpwVX837fEE6; https://maps.app.goo.gl/47PLkeuNfzKvw38w8; https://maps.app.goo.gl/RXcEPNYx6EwAbDxF9; https://maps.app.goo.gl/gr7GZiwJ71dX1nzNA; https://maps.app.goo.gl/efNjqXtJS5uqAid67; https://maps.app.goo.gl/xomcfbw3UHPYcLxG8; https://maps.app.goo.gl/wbNjvBPsJioGNogn8; https://maps.app.goo.gl/DAATNJRd8MxG4uyaA; https://maps.app.goo.gl/cuqyDKdtbfwW1DAa8; https://maps.app.goo.gl/UEv62Ht1RcfDLLML8; https://maps.app.goo.gl/TcCLZG1kwf9F7wCu5; https://maps.app.goo.gl/uKe9j2z7xKHjdR8A7; https://maps.app.goo.gl/NT8XaQJv76yrgG946; https://maps.app.goo.gl/b6AweqeJiHMGShsq9; https://maps.app.goo.gl/B98HY6ThSbAhg1a98; https://maps.app.goo.gl/sY5sb4n5Lvp2K2oz7; https://maps.app.goo.gl/xQZeRwkJHuyDhx496; https://maps.app.goo.gl/XwfK6AzNVqs5eFX17; https://maps.app.goo.gl/QAU1JqmdETLn951C; https://maps.app.goo.gl/K3ASKRs9Sc5yfa9z9; https://maps.app.goo.gl/E7ucSVc9hHKpPNDQ6; https://maps.app.goo.gl/9PHZkvYiuadCm992A; https://goo.gl/maps/rzwM8zz1vmEphauk6; https://goo.gl/maps/XXMLm2Ebm5FEFwig7; https://goo.gl/maps/FmDxfXdHa9mdoGK99; https://goo.gl/maps/aChZ8vYJMZ8j6SjR7; https://goo.gl/maps/GPVNSt7Q6a73xSKHA; https://goo.gl/maps/h4LQbK4dijinbrmF8; https://goo.gl/maps/k4R8TwNVtrg4BrJc9; https://goo.gl/maps/YaZ9tS4Xqtm5REAe6; https://goo.gl/maps/g4UerEukDLx9YjWt5; https://goo.gl/maps/cUNDNuwk9M5KBSbJA**; https://goo.gl/maps/dSeYp8x6gD6nWQJo7; https://goo.gl/maps/88psz7y8xzQTcyVn9; https://goo.gl/maps/TKu4Ej99YDW51J8o6; https://goo.gl/maps/Y5rcVkPSFzuYQtaJ7; https://goo.gl/maps/tu8NToyeSY9qMEt19; https://goo.gl/maps/sMLMvWwegyerE3jJ9; https://goo.gl/maps/mJAEFg5zdD6J4Xbq8; https://goo.gl/maps/u7HMUhYJqdPGD9dz6; https://goo.gl/maps/1eXNtJWdQZHPkvXp8; https://goo.gl/maps/9VManjp1YiqeSC1A8; https://goo.gl/maps/SeJtvcKkqmN6a7oy6; https://goo.gl/maps/hgxR4SsThT7KqvbUA; https://goo.gl/maps/gHyC9FmNZYpnaoV77; https://goo.gl/maps/5AF74tZoTkBqM71d6; https://goo.gl/maps/JtDt3jc8pMZ3n7xH9; https://goo.gl/maps/GPLvd34uRNT1EL5bA; https://goo.gl/maps/oJP5R9Jfe8yAcrWY6; https://goo.gl/maps/trCxv7WmZ7Lim467A,,,name_token_overlap>=2,batch_370.txt; batch_484.txt
BDS-CURATED-0357,là 547 tỷ,no_map_link_found_in_matched_raw,,,,,,batch_529.txt; batch_577.txt
BDS-CURATED-0038,Hoa viên Vĩnh Thanh tại đường nhánh của đường DT19,has_unresolved_or_unattached_map_link,https://maps.app.goo.gl/yVp7cfpfnfdzb7mV7; https://maps.app.goo.gl/v8GdHbU3xb5G8JFs9; https://www.google.com/maps/d/edit?mid=1MawyjqMPRL80P8Y7qm_ZhtUgghnbpFc&usp=sharing; https://goo.gl/maps/eqfdgJBc7XT7VhAW8; https://maps.app.goo.gl/uKe9j2z7xKHjdR8A7; https://maps.app.goo.gl/NT8XaQJv76yrgG946; https://maps.app.goo.gl/s62kTxdTsTQvQHDJ9; https://maps.app.goo.gl/VRterbzJvDcxUkVJ6; https://maps.app.goo.gl/9PHZkvYiuadCm992A; https://goo.gl/maps/aChZ8vYJMZ8j6SjR7; https://goo.gl/maps/GPVNSt7Q6a73xSKHA; https://goo.gl/maps/YaZ9tS4Xqtm5REAe6; https://goo.gl/maps/g4UerEukDLx9YjWt5; https://goo.gl/maps/cUNDNuwk9M5KBSbJA**; https://goo.gl/maps/xLiJbzx1TGiATefw5; https://goo.gl/maps/88psz7y8xzQTcyVn9; https://goo.gl/maps/sMLMvWwegyerE3jJ9; https://goo.gl/maps/mJAEFg5zdD6J4Xbq8; https://goo.gl/maps/gHyC9FmNZYpnaoV77; https://goo.gl/maps/trCxv7WmZ7Lim467A,https://maps.app.goo.gl/yVp7cfpfnfdzb7mV7; https://maps.app.goo.gl/v8GdHbU3xb5G8JFs9; https://www.google.com/maps/d/edit?mid=1MawyjqMPRL80P8Y7qm_ZhtUgghnbpFc&usp=sharing; https://goo.gl/maps/eqfdgJBc7XT7VhAW8; https://maps.app.goo.gl/uKe9j2z7xKHjdR8A7; https://maps.app.goo.gl/NT8XaQJv76yrgG946; https://maps.app.goo.gl/s62kTxdTsTQvQHDJ9; https://maps.app.goo.gl/VRterbzJvDcxUkVJ6; https://maps.app.goo.gl/9PHZkvYiuadCm992A; https://goo.gl/maps/aChZ8vYJMZ8j6SjR7; https://goo.gl/maps/GPVNSt7Q6a73xSKHA; https://goo.gl/maps/YaZ9tS4Xqtm5REAe6; https://goo.gl/maps/g4UerEukDLx9YjWt5; https://goo.gl/maps/cUNDNuwk9M5KBSbJA**; https://goo.gl/maps/xLiJbzx1TGiATefw5; https://goo.gl/maps/88psz7y8xzQTcyVn9; https://goo.gl/maps/sMLMvWwegyerE3jJ9; https://goo.gl/maps/mJAEFg5zdD6J4Xbq8; https://goo.gl/maps/gHyC9FmNZYpnaoV77; https://goo.gl/maps/trCxv7WmZ7Lim467A,suspicious_shared_by_many_projects,,name_token_overlap>=2,batch_548.txt
BDS-CURATED-0360,đang vận hành có hệ số nén 0,has_unresolved_or_unattached_map_link,https://www.google.com/maps/d/edit?mid=11z_Bkaxe4GIV5AYsicAES_ivCxDZbmM&usp=sharing; https://www.google.com/maps/d/edit?mid=1pYF3M65dQngj9P_VP8SbXUKy92nYnFo&usp=sharing; https://maps.app.goo.gl/Hn6baY7yBKNTcRXs8; https://maps.app.goo.gl/Fsyo4xmwK3kmzbC9A; https://maps.app.goo.gl/hMM3KEF5KhFhsZJi7; https://maps.app.goo.gl/wbNjvBPsJioGNogn8; https://maps.app.goo.gl/DAATNJRd8MxG4uyaA; https://maps.app.goo.gl/o5yA5cAF8qJoTZqW8; https://maps.app.goo.gl/UEv62Ht1RcfDLLML8; https://maps.app.goo.gl/TcCLZG1kwf9F7wCu5; https://maps.app.goo.gl/uKe9j2z7xKHjdR8A7; https://maps.app.goo.gl/zNrudtbb4kMk2xxv5; https://maps.app.goo.gl/s62kTxdTsTQvQHDJ9; https://maps.app.goo.gl/XwfK6AzNVqs5eFX17; https://maps.app.goo.gl/QAU1JqmdETLn951C; https://maps.app.goo.gl/K3ASKRs9Sc5yfa9z9; https://maps.app.goo.gl/dAy23L3wP3mTsMM88; https://maps.app.goo.gl/QydbrwwdHVvcm7keA; https://maps.app.goo.gl/4E1Yi9DPgpF2CdaE7; https://maps.app.goo.gl/uLPtqwAnwnevw4zz7; https://maps.app.goo.gl/9PHZkvYiuadCm992A; https://goo.gl/maps/JhPoRTM15vQA7Kk6A; https://goo.gl/maps/k4R8TwNVtrg4BrJc9; https://goo.gl/maps/QUDziRBdFv7URi8QA; https://goo.gl/maps/tMLVh6Gm8DCwNDzN6; https://goo.gl/maps/TKu4Ej99YDW51J8o6; https://goo.gl/maps/trCxv7WmZ7Lim467A,https://www.google.com/maps/d/edit?mid=11z_Bkaxe4GIV5AYsicAES_ivCxDZbmM&usp=sharing; https://www.google.com/maps/d/edit?mid=1pYF3M65dQngj9P_VP8SbXUKy92nYnFo&usp=sharing; https://maps.app.goo.gl/Hn6baY7yBKNTcRXs8; https://maps.app.goo.gl/Fsyo4xmwK3kmzbC9A; https://maps.app.goo.gl/hMM3KEF5KhFhsZJi7; https://maps.app.goo.gl/wbNjvBPsJioGNogn8; https://maps.app.goo.gl/DAATNJRd8MxG4uyaA; https://maps.app.goo.gl/o5yA5cAF8qJoTZqW8; https://maps.app.goo.gl/UEv62Ht1RcfDLLML8; https://maps.app.goo.gl/TcCLZG1kwf9F7wCu5; https://maps.app.goo.gl/uKe9j2z7xKHjdR8A7; https://maps.app.goo.gl/zNrudtbb4kMk2xxv5; https://maps.app.goo.gl/s62kTxdTsTQvQHDJ9; https://maps.app.goo.gl/XwfK6AzNVqs5eFX17; https://maps.app.goo.gl/QAU1JqmdETLn951C; https://maps.app.goo.gl/K3ASKRs9Sc5yfa9z9; https://maps.app.goo.gl/dAy23L3wP3mTsMM88; https://maps.app.goo.gl/QydbrwwdHVvcm7keA; https://maps.app.goo.gl/4E1Yi9DPgpF2CdaE7; https://maps.app.goo.gl/uLPtqwAnwnevw4zz7; https://maps.app.goo.gl/9PHZkvYiuadCm992A; https://goo.gl/maps/JhPoRTM15vQA7Kk6A; https://goo.gl/maps/k4R8TwNVtrg4BrJc9; https://goo.gl/maps/QUDziRBdFv7URi8QA; https://goo.gl/maps/tMLVh6Gm8DCwNDzN6; https://goo.gl/maps/TKu4Ej99YDW51J8o6; https://goo.gl/maps/trCxv7WmZ7Lim467A,,,name_token_overlap>=2,batch_250.txt
BDS-CURATED-0365,Khu du lịch,no_map_link_found_in_matched_raw,,,,,,batch_511.txt
BDS-CURATED-0111,Vì 2 vấn đề trên,has_unresolved_or_unattached_map_link,https://goo.gl/maps/YaZ9tS4Xqtm5REAe6,https://goo.gl/maps/YaZ9tS4Xqtm5REAe6,suspicious_shared_by_many_projects,matched_teams_map_link,16,batch_917.txt
BDS-CURATED-0099,50ha thuộc huyện Vĩnh Tường – Yên Lạc,has_unresolved_or_unattached_map_link,https://goo.gl/maps/eqfdgJBc7XT7VhAW8; https://maps.app.goo.gl/t178LDzcrFtjxgEz9; https://maps.app.goo.gl/qDbb6mJHvwhXw4Az6; https://maps.app.goo.gl/GdiSL1z7fBFtk3tr8; https://maps.app.goo.gl/Mww4k2RWctPHssMQA; https://www.google.com/maps/d/edit?mid=1MawyjqMPRL80P8Y7qm_ZhtUgghnbpFc&usp=sharing; https://maps.app.goo.gl/UEv62Ht1RcfDLLML8; https://maps.app.goo.gl/yVp7cfpfnfdzb7mV7; https://maps.app.goo.gl/b6AweqeJiHMGShsq9; https://maps.app.goo.gl/E7ucSVc9hHKpPNDQ6; https://maps.app.goo.gl/uLPtqwAnwnevw4zz7; https://maps.app.goo.gl/9PHZkvYiuadCm992A; https://goo.gl/maps/XXMLm2Ebm5FEFwig7; https://goo.gl/maps/aChZ8vYJMZ8j6SjR7; https://goo.gl/maps/YaZ9tS4Xqtm5REAe6; https://goo.gl/maps/Y5rcVkPSFzuYQtaJ7; https://goo.gl/maps/tu8NToyeSY9qMEt19; https://goo.gl/maps/sMLMvWwegyerE3jJ9; https://goo.gl/maps/JtDt3jc8pMZ3n7xH9; https://goo.gl/maps/GPLvd34uRNT1EL5bA; https://goo.gl/maps/oJP5R9Jfe8yAcrWY6; https://goo.gl/maps/trCxv7WmZ7Lim467A,https://goo.gl/maps/eqfdgJBc7XT7VhAW8; https://maps.app.goo.gl/t178LDzcrFtjxgEz9; https://maps.app.goo.gl/qDbb6mJHvwhXw4Az6; https://maps.app.goo.gl/GdiSL1z7fBFtk3tr8; https://maps.app.goo.gl/Mww4k2RWctPHssMQA; https://www.google.com/maps/d/edit?mid=1MawyjqMPRL80P8Y7qm_ZhtUgghnbpFc&usp=sharing; https://maps.app.goo.gl/UEv62Ht1RcfDLLML8; https://maps.app.goo.gl/yVp7cfpfnfdzb7mV7; https://maps.app.goo.gl/b6AweqeJiHMGShsq9; https://maps.app.goo.gl/E7ucSVc9hHKpPNDQ6; https://maps.app.goo.gl/uLPtqwAnwnevw4zz7; https://maps.app.goo.gl/9PHZkvYiuadCm992A; https://goo.gl/maps/XXMLm2Ebm5FEFwig7; https://goo.gl/maps/aChZ8vYJMZ8j6SjR7; https://goo.gl/maps/YaZ9tS4Xqtm5REAe6; https://goo.gl/maps/Y5rcVkPSFzuYQtaJ7; https://goo.gl/maps/tu8NToyeSY9qMEt19; https://goo.gl/maps/sMLMvWwegyerE3jJ9; https://goo.gl/maps/JtDt3jc8pMZ3n7xH9; https://goo.gl/maps/GPLvd34uRNT1EL5bA; https://goo.gl/maps/oJP5R9Jfe8yAcrWY6; https://goo.gl/maps/trCxv7WmZ7Lim467A,suspicious_shared_by_many_projects,matched_teams_map_link,name_token_overlap>=2,batch_570.txt; batch_607.txt; batch_918.txt
BDS-CURATED-0329,căn hộ cao cấp tại vị trí nghiên cứu là khả thi với mức giá đấu max 370 tr,no_map_link_found_in_matched_raw,,,,,,batch_354.txt
BDS-CURATED-0356,là 300 tỷ * Giải thích hệ số sử dụng đất càng cao (từ 3,has_unresolved_or_unattached_map_link,https://maps.app.goo.gl/Wji4ey8prbGM2zHJ6; https://maps.app.goo.gl/UEv62Ht1RcfDLLML8; https://maps.app.goo.gl/yVp7cfpfnfdzb7mV7; https://maps.app.goo.gl/NT8XaQJv76yrgG946; https://maps.app.goo.gl/s62kTxdTsTQvQHDJ9; https://maps.app.goo.gl/K3ASKRs9Sc5yfa9z9; https://maps.app.goo.gl/dAy23L3wP3mTsMM88; https://maps.app.goo.gl/QydbrwwdHVvcm7keA; https://maps.app.goo.gl/E7ucSVc9hHKpPNDQ6; https://maps.app.goo.gl/uLPtqwAnwnevw4zz7; https://maps.app.goo.gl/9PHZkvYiuadCm992A; https://goo.gl/maps/JhPoRTM15vQA7Kk6A; https://goo.gl/maps/XXMLm2Ebm5FEFwig7; https://goo.gl/maps/FmDxfXdHa9mdoGK99; https://goo.gl/maps/aChZ8vYJMZ8j6SjR7; https://goo.gl/maps/h4LQbK4dijinbrmF8; https://goo.gl/maps/tMLVh6Gm8DCwNDzN6; https://goo.gl/maps/sMLMvWwegyerE3jJ9; https://goo.gl/maps/9VManjp1YiqeSC1A8; https://goo.gl/maps/JtDt3jc8pMZ3n7xH9; https://goo.gl/maps/GPLvd34uRNT1EL5bA; https://goo.gl/maps/oJP5R9Jfe8yAcrWY6,https://maps.app.goo.gl/Wji4ey8prbGM2zHJ6; https://maps.app.goo.gl/UEv62Ht1RcfDLLML8; https://maps.app.goo.gl/yVp7cfpfnfdzb7mV7; https://maps.app.goo.gl/NT8XaQJv76yrgG946; https://maps.app.goo.gl/s62kTxdTsTQvQHDJ9; https://maps.app.goo.gl/K3ASKRs9Sc5yfa9z9; https://maps.app.goo.gl/dAy23L3wP3mTsMM88; https://maps.app.goo.gl/QydbrwwdHVvcm7keA; https://maps.app.goo.gl/E7ucSVc9hHKpPNDQ6; https://maps.app.goo.gl/uLPtqwAnwnevw4zz7; https://maps.app.goo.gl/9PHZkvYiuadCm992A; https://goo.gl/maps/JhPoRTM15vQA7Kk6A; https://goo.gl/maps/XXMLm2Ebm5FEFwig7; https://goo.gl/maps/FmDxfXdHa9mdoGK99; https://goo.gl/maps/aChZ8vYJMZ8j6SjR7; https://goo.gl/maps/h4LQbK4dijinbrmF8; https://goo.gl/maps/tMLVh6Gm8DCwNDzN6; https://goo.gl/maps/sMLMvWwegyerE3jJ9; https://goo.gl/maps/9VManjp1YiqeSC1A8; https://goo.gl/maps/JtDt3jc8pMZ3n7xH9; https://goo.gl/maps/GPLvd34uRNT1EL5bA; https://goo.gl/maps/oJP5R9Jfe8yAcrWY6,,,name_token_overlap>=2,batch_520.txt
BDS-CURATED-0080,KHU DU LỊCH SINH THÁI BIỂN CAO CẤP LẠC VIỆT,has_unresolved_or_unattached_map_link,https://goo.gl/maps/JhPoRTM15vQA7Kk6A; https://maps.app.goo.gl/dRnRPbNFPmCfsTHAA; https://maps.app.goo.gl/wbNjvBPsJioGNogn8; https://maps.app.goo.gl/DAATNJRd8MxG4uyaA; https://maps.app.goo.gl/cuqyDKdtbfwW1DAa8; https://maps.app.goo.gl/NT8XaQJv76yrgG946; https://maps.app.goo.gl/zNrudtbb4kMk2xxv5; https://maps.app.goo.gl/XwfK6AzNVqs5eFX17; https://maps.app.goo.gl/QAU1JqmdETLn951C; https://maps.app.goo.gl/K3ASKRs9Sc5yfa9z9; https://maps.app.goo.gl/E7ucSVc9hHKpPNDQ6; https://maps.app.goo.gl/uLPtqwAnwnevw4zz7; https://maps.app.goo.gl/9PHZkvYiuadCm992A; https://goo.gl/maps/FmDxfXdHa9mdoGK99; https://goo.gl/maps/aChZ8vYJMZ8j6SjR7; https://goo.gl/maps/nSTM1wgMZyyzcAhg9; https://goo.gl/maps/xLiJbzx1TGiATefw5; https://goo.gl/maps/Y5rcVkPSFzuYQtaJ7; https://goo.gl/maps/tu8NToyeSY9qMEt19; https://goo.gl/maps/9VManjp1YiqeSC1A8; https://goo.gl/maps/gHyC9FmNZYpnaoV77; https://goo.gl/maps/5AF74tZoTkBqM71d6; https://goo.gl/maps/JtDt3jc8pMZ3n7xH9; https://goo.gl/maps/GPLvd34uRNT1EL5bA; https://goo.gl/maps/oJP5R9Jfe8yAcrWY6; https://goo.gl/maps/trCxv7WmZ7Lim467A,https://goo.gl/maps/JhPoRTM15vQA7Kk6A; https://maps.app.goo.gl/dRnRPbNFPmCfsTHAA; https://maps.app.goo.gl/wbNjvBPsJioGNogn8; https://maps.app.goo.gl/DAATNJRd8MxG4uyaA; https://maps.app.goo.gl/cuqyDKdtbfwW1DAa8; https://maps.app.goo.gl/NT8XaQJv76yrgG946; https://maps.app.goo.gl/zNrudtbb4kMk2xxv5; https://maps.app.goo.gl/XwfK6AzNVqs5eFX17; https://maps.app.goo.gl/QAU1JqmdETLn951C; https://maps.app.goo.gl/K3ASKRs9Sc5yfa9z9; https://maps.app.goo.gl/E7ucSVc9hHKpPNDQ6; https://maps.app.goo.gl/uLPtqwAnwnevw4zz7; https://maps.app.goo.gl/9PHZkvYiuadCm992A; https://goo.gl/maps/FmDxfXdHa9mdoGK99; https://goo.gl/maps/aChZ8vYJMZ8j6SjR7; https://goo.gl/maps/nSTM1wgMZyyzcAhg9; https://goo.gl/maps/xLiJbzx1TGiATefw5; https://goo.gl/maps/Y5rcVkPSFzuYQtaJ7; https://goo.gl/maps/tu8NToyeSY9qMEt19; https://goo.gl/maps/9VManjp1YiqeSC1A8; https://goo.gl/maps/gHyC9FmNZYpnaoV77; https://goo.gl/maps/5AF74tZoTkBqM71d6; https://goo.gl/maps/JtDt3jc8pMZ3n7xH9; https://goo.gl/maps/GPLvd34uRNT1EL5bA; https://goo.gl/maps/oJP5R9Jfe8yAcrWY6; https://goo.gl/maps/trCxv7WmZ7Lim467A,suspicious_shared_by_many_projects,matched_teams_map_link,name_token_overlap>=2,batch_766.txt
BDS-CURATED-0366,Phú Gia Khiêm,no_map_link_found_in_matched_raw,,,,,,batch_657.txt; batch_667.txt; batch_658.txt; batch_284.txt
BDS-CURATED-0325,chung cư Việt An,has_unresolved_or_unattached_map_link,https://goo.gl/maps/xNEqZWHrXNzKYLHe6; https://maps.app.goo.gl/uKe9j2z7xKHjdR8A7; https://maps.app.goo.gl/NT8XaQJv76yrgG946; https://goo.gl/maps/xLiJbzx1TGiATefw5,https://goo.gl/maps/xNEqZWHrXNzKYLHe6; https://maps.app.goo.gl/uKe9j2z7xKHjdR8A7; https://maps.app.goo.gl/NT8XaQJv76yrgG946; https://goo.gl/maps/xLiJbzx1TGiATefw5,suspicious_shared_by_many_projects,matched_teams_map_link,name_token_overlap>=2,batch_586.txt; batch_875.txt; batch_579.txt
BDS-CURATED-0358,này nằm trong KCN Thái Hòa-Liễn Sơn-Liên Hòa Khu vực II Vị trí KCN,has_unresolved_or_unattached_map_link,https://goo.gl/maps/ZVuC7; https://maps.app.goo.gl/t178LDzcrFtjxgEz9; https://maps.app.goo.gl/qDbb6mJHvwhXw4Az6; https://maps.app.goo.gl/dRnRPbNFPmCfsTHAA; https://maps.app.goo.gl/H57L1w8ReXXNhtb99; https://www.google.com/maps/d/edit?mid=1SAcLUqc-JTEBiY1uNXVoDUdI-a5wJd0&ll=10.002013642197713%2C105…; https://maps.app.goo.gl/QVMCmJp83pMBNKrL8; https://maps.app.goo.gl/7yPFeG3okyKbrLCM9; https://www.google.com/maps/d/edit?mid=1MawyjqMPRL80P8Y7qm_ZhtUgghnbpFc&usp=sharing; https://maps.app.goo.gl/ET75kfpwVX837fEE6; https://maps.app.goo.gl/47PLkeuNfzKvw38w8; https://maps.app.goo.gl/RXcEPNYx6EwAbDxF9; https://maps.app.goo.gl/efNjqXtJS5uqAid67; https://maps.app.goo.gl/xomcfbw3UHPYcLxG8; https://maps.app.goo.gl/o5yA5cAF8qJoTZqW8; https://maps.app.goo.gl/UEv62Ht1RcfDLLML8; https://maps.app.goo.gl/TcCLZG1kwf9F7wCu5; https://maps.app.goo.gl/uKe9j2z7xKHjdR8A7; https://maps.app.goo.gl/K3ASKRs9Sc5yfa9z9; https://maps.app.goo.gl/uLPtqwAnwnevw4zz7; https://maps.app.goo.gl/VRterbzJvDcxUkVJ6; https://maps.app.goo.gl/9PHZkvYiuadCm992A; https://goo.gl/maps/JhPoRTM15vQA7Kk6A; https://goo.gl/maps/BgnUiLh44bo3Nyq37; https://goo.gl/maps/FmDxfXdHa9mdoGK99; https://goo.gl/maps/aChZ8vYJMZ8j6SjR7; https://goo.gl/maps/GPVNSt7Q6a73xSKHA; https://goo.gl/maps/k4R8TwNVtrg4BrJc9; https://goo.gl/maps/YaZ9tS4Xqtm5REAe6; https://goo.gl/maps/g4UerEukDLx9YjWt5; https://goo.gl/maps/QUDziRBdFv7URi8QA; https://goo.gl/maps/cUNDNuwk9M5KBSbJA**; https://goo.gl/maps/88psz7y8xzQTcyVn9; https://goo.gl/maps/TKu4Ej99YDW51J8o6; https://goo.gl/maps/Y5rcVkPSFzuYQtaJ7; https://goo.gl/maps/tu8NToyeSY9qMEt19; https://goo.gl/maps/mJAEFg5zdD6J4Xbq8; https://goo.gl/maps/hgxR4SsThT7KqvbUA; https://goo.gl/maps/gHyC9FmNZYpnaoV77; https://goo.gl/maps/5AF74tZoTkBqM71d6; https://goo.gl/maps/JtDt3jc8pMZ3n7xH9; https://goo.gl/maps/GPLvd34uRNT1EL5bA; https://goo.gl/maps/oJP5R9Jfe8yAcrWY6; https://goo.gl/maps/trCxv7WmZ7Lim467A,https://goo.gl/maps/ZVuC7; https://maps.app.goo.gl/t178LDzcrFtjxgEz9; https://maps.app.goo.gl/qDbb6mJHvwhXw4Az6; https://maps.app.goo.gl/dRnRPbNFPmCfsTHAA; https://maps.app.goo.gl/H57L1w8ReXXNhtb99; https://www.google.com/maps/d/edit?mid=1SAcLUqc-JTEBiY1uNXVoDUdI-a5wJd0&ll=10.002013642197713%2C105…; https://maps.app.goo.gl/QVMCmJp83pMBNKrL8; https://maps.app.goo.gl/7yPFeG3okyKbrLCM9; https://www.google.com/maps/d/edit?mid=1MawyjqMPRL80P8Y7qm_ZhtUgghnbpFc&usp=sharing; https://maps.app.goo.gl/ET75kfpwVX837fEE6; https://maps.app.goo.gl/47PLkeuNfzKvw38w8; https://maps.app.goo.gl/RXcEPNYx6EwAbDxF9; https://maps.app.goo.gl/efNjqXtJS5uqAid67; https://maps.app.goo.gl/xomcfbw3UHPYcLxG8; https://maps.app.goo.gl/o5yA5cAF8qJoTZqW8; https://maps.app.goo.gl/UEv62Ht1RcfDLLML8; https://maps.app.goo.gl/TcCLZG1kwf9F7wCu5; https://maps.app.goo.gl/uKe9j2z7xKHjdR8A7; https://maps.app.goo.gl/K3ASKRs9Sc5yfa9z9; https://maps.app.goo.gl/uLPtqwAnwnevw4zz7; https://maps.app.goo.gl/VRterbzJvDcxUkVJ6; https://maps.app.goo.gl/9PHZkvYiuadCm992A; https://goo.gl/maps/JhPoRTM15vQA7Kk6A; https://goo.gl/maps/BgnUiLh44bo3Nyq37; https://goo.gl/maps/FmDxfXdHa9mdoGK99; https://goo.gl/maps/aChZ8vYJMZ8j6SjR7; https://goo.gl/maps/GPVNSt7Q6a73xSKHA; https://goo.gl/maps/k4R8TwNVtrg4BrJc9; https://goo.gl/maps/YaZ9tS4Xqtm5REAe6; https://goo.gl/maps/g4UerEukDLx9YjWt5; https://goo.gl/maps/QUDziRBdFv7URi8QA; https://goo.gl/maps/cUNDNuwk9M5KBSbJA**; https://goo.gl/maps/88psz7y8xzQTcyVn9; https://goo.gl/maps/TKu4Ej99YDW51J8o6; https://goo.gl/maps/Y5rcVkPSFzuYQtaJ7; https://goo.gl/maps/tu8NToyeSY9qMEt19; https://goo.gl/maps/mJAEFg5zdD6J4Xbq8; https://goo.gl/maps/hgxR4SsThT7KqvbUA; https://goo.gl/maps/gHyC9FmNZYpnaoV77; https://goo.gl/maps/5AF74tZoTkBqM71d6; https://goo.gl/maps/JtDt3jc8pMZ3n7xH9; https://goo.gl/maps/GPLvd34uRNT1EL5bA; https://goo.gl/maps/oJP5R9Jfe8yAcrWY6; https://goo.gl/maps/trCxv7WmZ7Lim467A,,,name_token_overlap>=2,batch_820.txt
BDS-CURATED-0349,hiệu quả với tỷ lệ LNTT/TMĐT từ > 12% là từ 90 triệu đồng/m2,has_unresolved_or_unattached_map_link,https://www.google.com/maps/d/edit?mid=1SAcLUqc-JTEBiY1uNXVoDUdI-a5wJd0&ll=10.002013642197713%2C105; https://www.google.com/maps/d/edit?mid=1SAcLUqc-JTEBiY1uNXVoDUdI-a5wJd0&ll=10.002013642197713%2C105…; https://maps.app.goo.gl/t178LDzcrFtjxgEz9; https://maps.app.goo.gl/qDbb6mJHvwhXw4Az6; https://maps.app.goo.gl/D8GuCY5LefTH8JVq9; https://maps.app.goo.gl/GdiSL1z7fBFtk3tr8; https://maps.app.goo.gl/ioqJ9N2mKRyMdiAe6; https://www.google.com/maps/d/edit?mid=1pYF3M65dQngj9P_VP8SbXUKy92nYnFo&usp=sharing; https://maps.app.goo.gl/6iyNdteYfVyyT9Xy9; https://maps.app.goo.gl/AoJAreLLvUUHzVVw5; https://maps.app.goo.gl/zNrudtbb4kMk2xxv5; https://maps.app.goo.gl/QVMCmJp83pMBNKrL8; https://maps.app.goo.gl/Mww4k2RWctPHssMQA; https://maps.app.goo.gl/Hn6baY7yBKNTcRXs8; https://maps.app.goo.gl/bKZVkKUcnYGRLJWw5; https://www.google.com/maps/d/edit?mid=1Fl7DvT-DOnJvyHZ0Oq5v-nUadBLGHFo&usp=sharing; https://maps.app.goo.gl/Fsyo4xmwK3kmzbC9A; https://maps.app.goo.gl/hMM3KEF5KhFhsZJi7; https://maps.app.goo.gl/7yPFeG3okyKbrLCM9; https://maps.app.goo.gl/acrdQ54V3NVNNkKh9; https://maps.app.goo.gl/u5QRXoNjSCh5uxRx5; https://www.google.com/maps/d/edit?mid=1MawyjqMPRL80P8Y7qm_ZhtUgghnbpFc&usp=sharing; https://maps.app.goo.gl/ET75kfpwVX837fEE6; https://maps.app.goo.gl/47PLkeuNfzKvw38w8; https://maps.app.goo.gl/RXcEPNYx6EwAbDxF9; https://maps.app.goo.gl/xg6rRMGswq5scyCbA; https://maps.app.goo.gl/whvDoK2djK9ZczAK8; https://maps.app.goo.gl/gr7GZiwJ71dX1nzNA; https://maps.app.goo.gl/efNjqXtJS5uqAid67; https://maps.app.goo.gl/xomcfbw3UHPYcLxG8; https://maps.app.goo.gl/wbNjvBPsJioGNogn8; https://maps.app.goo.gl/DAATNJRd8MxG4uyaA; https://maps.app.goo.gl/cuqyDKdtbfwW1DAa8; https://maps.app.goo.gl/o5yA5cAF8qJoTZqW8; https://maps.app.goo.gl/UEv62Ht1RcfDLLML8; https://maps.app.goo.gl/TcCLZG1kwf9F7wCu5; https://maps.app.goo.gl/yVp7cfpfnfdzb7mV7; https://goo.gl/maps/eqfdgJBc7XT7VhAW8; https://maps.app.goo.gl/uKe9j2z7xKHjdR8A7; https://maps.app.goo.gl/NT8XaQJv76yrgG946; https://maps.app.goo.gl/B98HY6ThSbAhg1a98; https://maps.app.goo.gl/sY5sb4n5Lvp2K2oz7; https://maps.app.goo.gl/xQZeRwkJHuyDhx496; https://maps.app.goo.gl/s62kTxdTsTQvQHDJ9; https://maps.app.goo.gl/XwfK6AzNVqs5eFX17; https://maps.app.goo.gl/QAU1JqmdETLn951C; https://maps.app.goo.gl/K3ASKRs9Sc5yfa9z9; https://maps.app.goo.gl/E7ucSVc9hHKpPNDQ6; https://maps.app.goo.gl/VRterbzJvDcxUkVJ6; https://maps.app.goo.gl/zAmPVdt254bS1UUU7; https://goo.gl/maps/rzwM8zz1vmEphauk6; https://goo.gl/maps/BgnUiLh44bo3Nyq37; https://goo.gl/maps/FmDxfXdHa9mdoGK99; https://goo.gl/maps/GPVNSt7Q6a73xSKHA; https://goo.gl/maps/h4LQbK4dijinbrmF8; https://goo.gl/maps/k4R8TwNVtrg4BrJc9; https://goo.gl/maps/YaZ9tS4Xqtm5REAe6; https://goo.gl/maps/g4UerEukDLx9YjWt5; https://goo.gl/maps/dSeYp8x6gD6nWQJo7; https://goo.gl/maps/VFB9RLFqHkCjVD4Y6; https://goo.gl/maps/xLiJbzx1TGiATefw5; https://goo.gl/maps/88psz7y8xzQTcyVn9; https://goo.gl/maps/TKu4Ej99YDW51J8o6; https://goo.gl/maps/Y5rcVkPSFzuYQtaJ7; https://goo.gl/maps/tu8NToyeSY9qMEt19; https://goo.gl/maps/sMLMvWwegyerE3jJ9; https://goo.gl/maps/mJAEFg5zdD6J4Xbq8; https://goo.gl/maps/u7HMUhYJqdPGD9dz6; https://goo.gl/maps/1eXNtJWdQZHPkvXp8; https://goo.gl/maps/SeJtvcKkqmN6a7oy6; https://goo.gl/maps/hgxR4SsThT7KqvbUA; https://goo.gl/maps/gHyC9FmNZYpnaoV77; https://goo.gl/maps/5AF74tZoTkBqM71d6; https://goo.gl/maps/trCxv7WmZ7Lim467A,https://www.google.com/maps/d/edit?mid=1SAcLUqc-JTEBiY1uNXVoDUdI-a5wJd0&ll=10.002013642197713%2C105; https://www.google.com/maps/d/edit?mid=1SAcLUqc-JTEBiY1uNXVoDUdI-a5wJd0&ll=10.002013642197713%2C105…; https://maps.app.goo.gl/t178LDzcrFtjxgEz9; https://maps.app.goo.gl/qDbb6mJHvwhXw4Az6; https://maps.app.goo.gl/D8GuCY5LefTH8JVq9; https://maps.app.goo.gl/GdiSL1z7fBFtk3tr8; https://maps.app.goo.gl/ioqJ9N2mKRyMdiAe6; https://www.google.com/maps/d/edit?mid=1pYF3M65dQngj9P_VP8SbXUKy92nYnFo&usp=sharing; https://maps.app.goo.gl/6iyNdteYfVyyT9Xy9; https://maps.app.goo.gl/AoJAreLLvUUHzVVw5; https://maps.app.goo.gl/zNrudtbb4kMk2xxv5; https://maps.app.goo.gl/QVMCmJp83pMBNKrL8; https://maps.app.goo.gl/Mww4k2RWctPHssMQA; https://maps.app.goo.gl/Hn6baY7yBKNTcRXs8; https://maps.app.goo.gl/bKZVkKUcnYGRLJWw5; https://www.google.com/maps/d/edit?mid=1Fl7DvT-DOnJvyHZ0Oq5v-nUadBLGHFo&usp=sharing; https://maps.app.goo.gl/Fsyo4xmwK3kmzbC9A; https://maps.app.goo.gl/hMM3KEF5KhFhsZJi7; https://maps.app.goo.gl/7yPFeG3okyKbrLCM9; https://maps.app.goo.gl/acrdQ54V3NVNNkKh9; https://maps.app.goo.gl/u5QRXoNjSCh5uxRx5; https://www.google.com/maps/d/edit?mid=1MawyjqMPRL80P8Y7qm_ZhtUgghnbpFc&usp=sharing; https://maps.app.goo.gl/ET75kfpwVX837fEE6; https://maps.app.goo.gl/47PLkeuNfzKvw38w8; https://maps.app.goo.gl/RXcEPNYx6EwAbDxF9; https://maps.app.goo.gl/xg6rRMGswq5scyCbA; https://maps.app.goo.gl/whvDoK2djK9ZczAK8; https://maps.app.goo.gl/gr7GZiwJ71dX1nzNA; https://maps.app.goo.gl/efNjqXtJS5uqAid67; https://maps.app.goo.gl/xomcfbw3UHPYcLxG8; https://maps.app.goo.gl/wbNjvBPsJioGNogn8; https://maps.app.goo.gl/DAATNJRd8MxG4uyaA; https://maps.app.goo.gl/cuqyDKdtbfwW1DAa8; https://maps.app.goo.gl/o5yA5cAF8qJoTZqW8; https://maps.app.goo.gl/UEv62Ht1RcfDLLML8; https://maps.app.goo.gl/TcCLZG1kwf9F7wCu5; https://maps.app.goo.gl/yVp7cfpfnfdzb7mV7; https://goo.gl/maps/eqfdgJBc7XT7VhAW8; https://maps.app.goo.gl/uKe9j2z7xKHjdR8A7; https://maps.app.goo.gl/NT8XaQJv76yrgG946; https://maps.app.goo.gl/B98HY6ThSbAhg1a98; https://maps.app.goo.gl/sY5sb4n5Lvp2K2oz7; https://maps.app.goo.gl/xQZeRwkJHuyDhx496; https://maps.app.goo.gl/s62kTxdTsTQvQHDJ9; https://maps.app.goo.gl/XwfK6AzNVqs5eFX17; https://maps.app.goo.gl/QAU1JqmdETLn951C; https://maps.app.goo.gl/K3ASKRs9Sc5yfa9z9; https://maps.app.goo.gl/E7ucSVc9hHKpPNDQ6; https://maps.app.goo.gl/VRterbzJvDcxUkVJ6; https://maps.app.goo.gl/zAmPVdt254bS1UUU7; https://goo.gl/maps/rzwM8zz1vmEphauk6; https://goo.gl/maps/BgnUiLh44bo3Nyq37; https://goo.gl/maps/FmDxfXdHa9mdoGK99; https://goo.gl/maps/GPVNSt7Q6a73xSKHA; https://goo.gl/maps/h4LQbK4dijinbrmF8; https://goo.gl/maps/k4R8TwNVtrg4BrJc9; https://goo.gl/maps/YaZ9tS4Xqtm5REAe6; https://goo.gl/maps/g4UerEukDLx9YjWt5; https://goo.gl/maps/dSeYp8x6gD6nWQJo7; https://goo.gl/maps/VFB9RLFqHkCjVD4Y6; https://goo.gl/maps/xLiJbzx1TGiATefw5; https://goo.gl/maps/88psz7y8xzQTcyVn9; https://goo.gl/maps/TKu4Ej99YDW51J8o6; https://goo.gl/maps/Y5rcVkPSFzuYQtaJ7; https://goo.gl/maps/tu8NToyeSY9qMEt19; https://goo.gl/maps/sMLMvWwegyerE3jJ9; https://goo.gl/maps/mJAEFg5zdD6J4Xbq8; https://goo.gl/maps/u7HMUhYJqdPGD9dz6; https://goo.gl/maps/1eXNtJWdQZHPkvXp8; https://goo.gl/maps/SeJtvcKkqmN6a7oy6; https://goo.gl/maps/hgxR4SsThT7KqvbUA; https://goo.gl/maps/gHyC9FmNZYpnaoV77; https://goo.gl/maps/5AF74tZoTkBqM71d6; https://goo.gl/maps/trCxv7WmZ7Lim467A,,,name_token_overlap>=2,batch_342.txt
BDS-CURATED-0375,đã và đang thực hiện trên BCTC,has_unresolved_or_unattached_map_link,https://www.google.com/maps/d/edit?mid=1pYF3M65dQngj9P_VP8SbXUKy92nYnFo&usp=sharing; https://maps.app.goo.gl/t178LDzcrFtjxgEz9; https://maps.app.goo.gl/qDbb6mJHvwhXw4Az6; https://maps.app.goo.gl/D8GuCY5LefTH8JVq9; https://maps.app.goo.gl/GdiSL1z7fBFtk3tr8; https://maps.app.goo.gl/ioqJ9N2mKRyMdiAe6; https://maps.app.goo.gl/dRnRPbNFPmCfsTHAA; https://maps.app.goo.gl/v8GdHbU3xb5G8JFs9; https://maps.app.goo.gl/6iyNdteYfVyyT9Xy9; https://goo.gl/maps/Empzn8zwhyULFrqV8; https://maps.app.goo.gl/AoJAreLLvUUHzVVw5; https://maps.app.goo.gl/H57L1w8ReXXNhtb99; https://www.google.com/maps/d/edit?mid=1SAcLUqc-JTEBiY1uNXVoDUdI-a5wJd0&ll=10.002013642197713%2C105…; https://www.google.com/maps/d/edit?mid=1GZCfnV4401jtKcup5hFe0KPBOBMYrp4&usp=sharing; https://maps.app.goo.gl/Mww4k2RWctPHssMQA; https://maps.app.goo.gl/Hn6baY7yBKNTcRXs8; https://www.google.com/maps/d/edit?mid=11z_Bkaxe4GIV5AYsicAES_ivCxDZbmM&usp=sharing; https://maps.app.goo.gl/bKZVkKUcnYGRLJWw5; https://maps.app.goo.gl/pTzfCxqkMYLuLe9z9; https://maps.app.goo.gl/Fsyo4xmwK3kmzbC9A; https://maps.app.goo.gl/hMM3KEF5KhFhsZJi7; https://maps.app.goo.gl/7yPFeG3okyKbrLCM9; https://maps.app.goo.gl/acrdQ54V3NVNNkKh9; https://www.google.com/maps/d/edit?mid=1MawyjqMPRL80P8Y7qm_ZhtUgghnbpFc&usp=sharing; https://maps.app.goo.gl/ET75kfpwVX837fEE6; https://maps.app.goo.gl/47PLkeuNfzKvw38w8; https://maps.app.goo.gl/RXcEPNYx6EwAbDxF9; https://maps.app.goo.gl/xg6rRMGswq5scyCbA; https://maps.app.goo.gl/whvDoK2djK9ZczAK8; https://maps.app.goo.gl/efNjqXtJS5uqAid67; https://maps.app.goo.gl/xomcfbw3UHPYcLxG8; https://maps.app.goo.gl/wbNjvBPsJioGNogn8; https://maps.app.goo.gl/DAATNJRd8MxG4uyaA; https://maps.app.goo.gl/cuqyDKdtbfwW1DAa8; https://maps.app.goo.gl/o5yA5cAF8qJoTZqW8; https://maps.app.goo.gl/Wji4ey8prbGM2zHJ6; https://maps.app.goo.gl/UEv62Ht1RcfDLLML8; https://maps.app.goo.gl/TcCLZG1kwf9F7wCu5; https://maps.app.goo.gl/yVp7cfpfnfdzb7mV7; https://goo.gl/maps/eqfdgJBc7XT7VhAW8; https://maps.app.goo.gl/uKe9j2z7xKHjdR8A7; https://www.google.com/maps/d/u/1/edit?mid=10gTnNN6aieu1u3Xx49gGnnp177W4zag&usp=sharing; https://goo.gl/maps/xNEqZWHrXNzKYLHe6; https://maps.app.goo.gl/NT8XaQJv76yrgG946; https://maps.app.goo.gl/b6AweqeJiHMGShsq9; https://maps.app.goo.gl/zNrudtbb4kMk2xxv5; https://maps.app.goo.gl/B98HY6ThSbAhg1a98; https://maps.app.goo.gl/sY5sb4n5Lvp2K2oz7; https://maps.app.goo.gl/xQZeRwkJHuyDhx496; https://maps.app.goo.gl/s62kTxdTsTQvQHDJ9; https://maps.app.goo.gl/XwfK6AzNVqs5eFX17; https://maps.app.goo.gl/QAU1JqmdETLn951C; https://maps.app.goo.gl/K3ASKRs9Sc5yfa9z9; https://maps.app.goo.gl/dAy23L3wP3mTsMM88; https://maps.app.goo.gl/QydbrwwdHVvcm7keA; https://maps.app.goo.gl/E7ucSVc9hHKpPNDQ6; https://maps.app.goo.gl/4E1Yi9DPgpF2CdaE7; https://maps.app.goo.gl/uLPtqwAnwnevw4zz7; https://maps.app.goo.gl/VRterbzJvDcxUkVJ6; https://maps.app.goo.gl/zAmPVdt254bS1UUU7; https://maps.app.goo.gl/9PHZkvYiuadCm992A; https://goo.gl/maps/JhPoRTM15vQA7Kk6A; https://goo.gl/maps/rzwM8zz1vmEphauk6; https://goo.gl/maps/XXMLm2Ebm5FEFwig7; https://goo.gl/maps/BgnUiLh44bo3Nyq37; https://goo.gl/maps/FmDxfXdHa9mdoGK99; https://goo.gl/maps/KCGefw7KgVDUzTPh7; https://goo.gl/maps/aChZ8vYJMZ8j6SjR7; https://goo.gl/maps/GPVNSt7Q6a73xSKHA; https://maps.app.goo.gl/6vMvFBe8H7HUYQwi6?g_st=ic; https://goo.gl/maps/h4LQbK4dijinbrmF8; https://goo.gl/maps/AivqKgNA3GRARDNZ7; https://goo.gl/maps/k4R8TwNVtrg4BrJc9; https://goo.gl/maps/YaZ9tS4Xqtm5REAe6; https://goo.gl/maps/g4UerEukDLx9YjWt5; https://goo.gl/maps/C86NnDNwQKH22Bek9-; https://goo.gl/maps/QUDziRBdFv7URi8QA; https://goo.gl/maps/cUNDNuwk9M5KBSbJA**; https://goo.gl/maps/tMLVh6Gm8DCwNDzN6; https://goo.gl/maps/VFB9RLFqHkCjVD4Y6; https://goo.gl/maps/xLiJbzx1TGiATefw5; https://goo.gl/maps/88psz7y8xzQTcyVn9; https://goo.gl/maps/TKu4Ej99YDW51J8o6; https://goo.gl/maps/Y5rcVkPSFzuYQtaJ7; https://goo.gl/maps/tu8NToyeSY9qMEt19; https://goo.gl/maps/sMLMvWwegyerE3jJ9; https://goo.gl/maps/oJBLCYE9ShbB6ZA6A; https://goo.gl/maps/mJAEFg5zdD6J4Xbq8; https://goo.gl/maps/1eXNtJWdQZHPkvXp8; https://goo.gl/maps/9VManjp1YiqeSC1A8; https://goo.gl/maps/SeJtvcKkqmN6a7oy6; https://goo.gl/maps/hgxR4SsThT7KqvbUA; https://goo.gl/maps/gHyC9FmNZYpnaoV77; https://goo.gl/maps/5AF74tZoTkBqM71d6; https://goo.gl/maps/JtDt3jc8pMZ3n7xH9; https://goo.gl/maps/GPLvd34uRNT1EL5bA; https://goo.gl/maps/oJP5R9Jfe8yAcrWY6; https://goo.gl/maps/trCxv7WmZ7Lim467A; https://goo.gl/maps/aSmRwi2p279NGLcb9; https://goo.gl/maps/s4v5mQf8LyZUv8B7A,https://www.google.com/maps/d/edit?mid=1pYF3M65dQngj9P_VP8SbXUKy92nYnFo&usp=sharing; https://maps.app.goo.gl/t178LDzcrFtjxgEz9; https://maps.app.goo.gl/qDbb6mJHvwhXw4Az6; https://maps.app.goo.gl/D8GuCY5LefTH8JVq9; https://maps.app.goo.gl/GdiSL1z7fBFtk3tr8; https://maps.app.goo.gl/ioqJ9N2mKRyMdiAe6; https://maps.app.goo.gl/dRnRPbNFPmCfsTHAA; https://maps.app.goo.gl/v8GdHbU3xb5G8JFs9; https://maps.app.goo.gl/6iyNdteYfVyyT9Xy9; https://goo.gl/maps/Empzn8zwhyULFrqV8; https://maps.app.goo.gl/AoJAreLLvUUHzVVw5; https://maps.app.goo.gl/H57L1w8ReXXNhtb99; https://www.google.com/maps/d/edit?mid=1SAcLUqc-JTEBiY1uNXVoDUdI-a5wJd0&ll=10.002013642197713%2C105…; https://www.google.com/maps/d/edit?mid=1GZCfnV4401jtKcup5hFe0KPBOBMYrp4&usp=sharing; https://maps.app.goo.gl/Mww4k2RWctPHssMQA; https://maps.app.goo.gl/Hn6baY7yBKNTcRXs8; https://www.google.com/maps/d/edit?mid=11z_Bkaxe4GIV5AYsicAES_ivCxDZbmM&usp=sharing; https://maps.app.goo.gl/bKZVkKUcnYGRLJWw5; https://maps.app.goo.gl/pTzfCxqkMYLuLe9z9; https://maps.app.goo.gl/Fsyo4xmwK3kmzbC9A; https://maps.app.goo.gl/hMM3KEF5KhFhsZJi7; https://maps.app.goo.gl/7yPFeG3okyKbrLCM9; https://maps.app.goo.gl/acrdQ54V3NVNNkKh9; https://www.google.com/maps/d/edit?mid=1MawyjqMPRL80P8Y7qm_ZhtUgghnbpFc&usp=sharing; https://maps.app.goo.gl/ET75kfpwVX837fEE6; https://maps.app.goo.gl/47PLkeuNfzKvw38w8; https://maps.app.goo.gl/RXcEPNYx6EwAbDxF9; https://maps.app.goo.gl/xg6rRMGswq5scyCbA; https://maps.app.goo.gl/whvDoK2djK9ZczAK8; https://maps.app.goo.gl/efNjqXtJS5uqAid67; https://maps.app.goo.gl/xomcfbw3UHPYcLxG8; https://maps.app.goo.gl/wbNjvBPsJioGNogn8; https://maps.app.goo.gl/DAATNJRd8MxG4uyaA; https://maps.app.goo.gl/cuqyDKdtbfwW1DAa8; https://maps.app.goo.gl/o5yA5cAF8qJoTZqW8; https://maps.app.goo.gl/Wji4ey8prbGM2zHJ6; https://maps.app.goo.gl/UEv62Ht1RcfDLLML8; https://maps.app.goo.gl/TcCLZG1kwf9F7wCu5; https://maps.app.goo.gl/yVp7cfpfnfdzb7mV7; https://goo.gl/maps/eqfdgJBc7XT7VhAW8; https://maps.app.goo.gl/uKe9j2z7xKHjdR8A7; https://www.google.com/maps/d/u/1/edit?mid=10gTnNN6aieu1u3Xx49gGnnp177W4zag&usp=sharing; https://goo.gl/maps/xNEqZWHrXNzKYLHe6; https://maps.app.goo.gl/NT8XaQJv76yrgG946; https://maps.app.goo.gl/b6AweqeJiHMGShsq9; https://maps.app.goo.gl/zNrudtbb4kMk2xxv5; https://maps.app.goo.gl/B98HY6ThSbAhg1a98; https://maps.app.goo.gl/sY5sb4n5Lvp2K2oz7; https://maps.app.goo.gl/xQZeRwkJHuyDhx496; https://maps.app.goo.gl/s62kTxdTsTQvQHDJ9; https://maps.app.goo.gl/XwfK6AzNVqs5eFX17; https://maps.app.goo.gl/QAU1JqmdETLn951C; https://maps.app.goo.gl/K3ASKRs9Sc5yfa9z9; https://maps.app.goo.gl/dAy23L3wP3mTsMM88; https://maps.app.goo.gl/QydbrwwdHVvcm7keA; https://maps.app.goo.gl/E7ucSVc9hHKpPNDQ6; https://maps.app.goo.gl/4E1Yi9DPgpF2CdaE7; https://maps.app.goo.gl/uLPtqwAnwnevw4zz7; https://maps.app.goo.gl/VRterbzJvDcxUkVJ6; https://maps.app.goo.gl/zAmPVdt254bS1UUU7; https://maps.app.goo.gl/9PHZkvYiuadCm992A; https://goo.gl/maps/JhPoRTM15vQA7Kk6A; https://goo.gl/maps/rzwM8zz1vmEphauk6; https://goo.gl/maps/XXMLm2Ebm5FEFwig7; https://goo.gl/maps/BgnUiLh44bo3Nyq37; https://goo.gl/maps/FmDxfXdHa9mdoGK99; https://goo.gl/maps/KCGefw7KgVDUzTPh7; https://goo.gl/maps/aChZ8vYJMZ8j6SjR7; https://goo.gl/maps/GPVNSt7Q6a73xSKHA; https://maps.app.goo.gl/6vMvFBe8H7HUYQwi6?g_st=ic; https://goo.gl/maps/h4LQbK4dijinbrmF8; https://goo.gl/maps/AivqKgNA3GRARDNZ7; https://goo.gl/maps/k4R8TwNVtrg4BrJc9; https://goo.gl/maps/YaZ9tS4Xqtm5REAe6; https://goo.gl/maps/g4UerEukDLx9YjWt5; https://goo.gl/maps/C86NnDNwQKH22Bek9-; https://goo.gl/maps/QUDziRBdFv7URi8QA; https://goo.gl/maps/cUNDNuwk9M5KBSbJA**; https://goo.gl/maps/tMLVh6Gm8DCwNDzN6; https://goo.gl/maps/VFB9RLFqHkCjVD4Y6; https://goo.gl/maps/xLiJbzx1TGiATefw5; https://goo.gl/maps/88psz7y8xzQTcyVn9; https://goo.gl/maps/TKu4Ej99YDW51J8o6; https://goo.gl/maps/Y5rcVkPSFzuYQtaJ7; https://goo.gl/maps/tu8NToyeSY9qMEt19; https://goo.gl/maps/sMLMvWwegyerE3jJ9; https://goo.gl/maps/oJBLCYE9ShbB6ZA6A; https://goo.gl/maps/mJAEFg5zdD6J4Xbq8; https://goo.gl/maps/1eXNtJWdQZHPkvXp8; https://goo.gl/maps/9VManjp1YiqeSC1A8; https://goo.gl/maps/SeJtvcKkqmN6a7oy6; https://goo.gl/maps/hgxR4SsThT7KqvbUA; https://goo.gl/maps/gHyC9FmNZYpnaoV77; https://goo.gl/maps/5AF74tZoTkBqM71d6; https://goo.gl/maps/JtDt3jc8pMZ3n7xH9; https://goo.gl/maps/GPLvd34uRNT1EL5bA; https://goo.gl/maps/oJP5R9Jfe8yAcrWY6; https://goo.gl/maps/trCxv7WmZ7Lim467A; https://goo.gl/maps/aSmRwi2p279NGLcb9; https://goo.gl/maps/s4v5mQf8LyZUv8B7A,,,name_token_overlap>=2,batch_418.txt
BDS-CURATED-0125,53ha đấu thầu tại đường Thăng Long,has_unresolved_or_unattached_map_link,https://maps.app.goo.gl/yVp7cfpfnfdzb7mV7; https://maps.app.goo.gl/pTzfCxqkMYLuLe9z9; https://maps.app.goo.gl/efNjqXtJS5uqAid67; https://maps.app.goo.gl/wbNjvBPsJioGNogn8; https://maps.app.goo.gl/DAATNJRd8MxG4uyaA; https://goo.gl/maps/xNEqZWHrXNzKYLHe6; https://maps.app.goo.gl/B98HY6ThSbAhg1a98; https://maps.app.goo.gl/sY5sb4n5Lvp2K2oz7; https://maps.app.goo.gl/dAy23L3wP3mTsMM88; https://maps.app.goo.gl/QydbrwwdHVvcm7keA; https://maps.app.goo.gl/zAmPVdt254bS1UUU7; https://maps.app.goo.gl/9PHZkvYiuadCm992A; https://goo.gl/maps/XXMLm2Ebm5FEFwig7; https://goo.gl/maps/KCGefw7KgVDUzTPh7; https://goo.gl/maps/k4R8TwNVtrg4BrJc9; https://goo.gl/maps/g4UerEukDLx9YjWt5; https://goo.gl/maps/tMLVh6Gm8DCwNDzN6; https://goo.gl/maps/xLiJbzx1TGiATefw5; https://goo.gl/maps/Y5rcVkPSFzuYQtaJ7; https://goo.gl/maps/tu8NToyeSY9qMEt19; https://goo.gl/maps/mJAEFg5zdD6J4Xbq8; https://goo.gl/maps/9VManjp1YiqeSC1A8; https://goo.gl/maps/JtDt3jc8pMZ3n7xH9; https://goo.gl/maps/GPLvd34uRNT1EL5bA; https://goo.gl/maps/oJP5R9Jfe8yAcrWY6; https://goo.gl/maps/trCxv7WmZ7Lim467A,https://maps.app.goo.gl/yVp7cfpfnfdzb7mV7; https://maps.app.goo.gl/pTzfCxqkMYLuLe9z9; https://maps.app.goo.gl/efNjqXtJS5uqAid67; https://maps.app.goo.gl/wbNjvBPsJioGNogn8; https://maps.app.goo.gl/DAATNJRd8MxG4uyaA; https://goo.gl/maps/xNEqZWHrXNzKYLHe6; https://maps.app.goo.gl/B98HY6ThSbAhg1a98; https://maps.app.goo.gl/sY5sb4n5Lvp2K2oz7; https://maps.app.goo.gl/dAy23L3wP3mTsMM88; https://maps.app.goo.gl/QydbrwwdHVvcm7keA; https://maps.app.goo.gl/zAmPVdt254bS1UUU7; https://maps.app.goo.gl/9PHZkvYiuadCm992A; https://goo.gl/maps/XXMLm2Ebm5FEFwig7; https://goo.gl/maps/KCGefw7KgVDUzTPh7; https://goo.gl/maps/k4R8TwNVtrg4BrJc9; https://goo.gl/maps/g4UerEukDLx9YjWt5; https://goo.gl/maps/tMLVh6Gm8DCwNDzN6; https://goo.gl/maps/xLiJbzx1TGiATefw5; https://goo.gl/maps/Y5rcVkPSFzuYQtaJ7; https://goo.gl/maps/tu8NToyeSY9qMEt19; https://goo.gl/maps/mJAEFg5zdD6J4Xbq8; https://goo.gl/maps/9VManjp1YiqeSC1A8; https://goo.gl/maps/JtDt3jc8pMZ3n7xH9; https://goo.gl/maps/GPLvd34uRNT1EL5bA; https://goo.gl/maps/oJP5R9Jfe8yAcrWY6; https://goo.gl/maps/trCxv7WmZ7Lim467A,suspicious_shared_by_many_projects,matched_teams_map_link,name_token_overlap>=2,batch_373.txt
BDS-CURATED-0108,Dự án Suối Nhum,has_unresolved_or_unattached_map_link,https://goo.gl/maps/YaZ9tS4Xqtm5REAe6,https://goo.gl/maps/YaZ9tS4Xqtm5REAe6,suspicious_shared_by_many_projects,matched_teams_map_link,36,batch_917.txt
BDS-CURATED-0341,khách sạn Đông Á Premier tại Phường Lộc Thọ,has_unresolved_or_unattached_map_link,https://maps.app.goo.gl/dRnRPbNFPmCfsTHAA; https://maps.app.goo.gl/zNrudtbb4kMk2xxv5; https://maps.app.goo.gl/wbNjvBPsJioGNogn8; https://maps.app.goo.gl/DAATNJRd8MxG4uyaA; https://maps.app.goo.gl/NT8XaQJv76yrgG946; https://maps.app.goo.gl/dAy23L3wP3mTsMM88; https://maps.app.goo.gl/QydbrwwdHVvcm7keA; https://maps.app.goo.gl/zAmPVdt254bS1UUU7; https://goo.gl/maps/Y5rcVkPSFzuYQtaJ7; https://goo.gl/maps/tu8NToyeSY9qMEt19; https://goo.gl/maps/sMLMvWwegyerE3jJ9; https://goo.gl/maps/mJAEFg5zdD6J4Xbq8; https://goo.gl/maps/hgxR4SsThT7KqvbUA,https://maps.app.goo.gl/dRnRPbNFPmCfsTHAA; https://maps.app.goo.gl/zNrudtbb4kMk2xxv5; https://maps.app.goo.gl/wbNjvBPsJioGNogn8; https://maps.app.goo.gl/DAATNJRd8MxG4uyaA; https://maps.app.goo.gl/NT8XaQJv76yrgG946; https://maps.app.goo.gl/dAy23L3wP3mTsMM88; https://maps.app.goo.gl/QydbrwwdHVvcm7keA; https://maps.app.goo.gl/zAmPVdt254bS1UUU7; https://goo.gl/maps/Y5rcVkPSFzuYQtaJ7; https://goo.gl/maps/tu8NToyeSY9qMEt19; https://goo.gl/maps/sMLMvWwegyerE3jJ9; https://goo.gl/maps/mJAEFg5zdD6J4Xbq8; https://goo.gl/maps/hgxR4SsThT7KqvbUA,,,name_token_overlap>=2,batch_167.txt; batch_214.txt
BDS-CURATED-0157,trên có diện tích hơn 77ha,has_unresolved_or_unattached_map_link,https://maps.app.goo.gl/t178LDzcrFtjxgEz9; https://maps.app.goo.gl/qDbb6mJHvwhXw4Az6; https://maps.app.goo.gl/D8GuCY5LefTH8JVq9; https://maps.app.goo.gl/oHEYY6H9GGykdD9C6; https://maps.app.goo.gl/GdiSL1z7fBFtk3tr8; https://maps.app.goo.gl/ioqJ9N2mKRyMdiAe6; https://maps.app.goo.gl/dRnRPbNFPmCfsTHAA; https://www.google.com/maps/d/edit?mid=1pYF3M65dQngj9P_VP8SbXUKy92nYnFo&usp=sharing; https://maps.app.goo.gl/v8GdHbU3xb5G8JFs9; https://goo.gl/maps/Empzn8zwhyULFrqV8; https://maps.app.goo.gl/AoJAreLLvUUHzVVw5; https://maps.app.goo.gl/zNrudtbb4kMk2xxv5; https://maps.app.goo.gl/H57L1w8ReXXNhtb99; https://www.google.com/maps/d/edit?mid=1SAcLUqc-JTEBiY1uNXVoDUdI-a5wJd0&ll=10.002013642197713%2C105…; https://maps.app.goo.gl/QVMCmJp83pMBNKrL8; https://maps.app.goo.gl/Mww4k2RWctPHssMQA; https://maps.app.goo.gl/Hn6baY7yBKNTcRXs8; https://maps.app.goo.gl/bKZVkKUcnYGRLJWw5; https://www.google.com/maps/d/edit?mid=1Fl7DvT-DOnJvyHZ0Oq5v-nUadBLGHFo&usp=sharing; https://maps.app.goo.gl/pTzfCxqkMYLuLe9z9; https://maps.app.goo.gl/Fsyo4xmwK3kmzbC9A; https://maps.app.goo.gl/hMM3KEF5KhFhsZJi7; https://maps.app.goo.gl/7yPFeG3okyKbrLCM9; https://maps.app.goo.gl/acrdQ54V3NVNNkKh9; https://www.google.com/maps/d/edit?mid=1MawyjqMPRL80P8Y7qm_ZhtUgghnbpFc&usp=sharing; https://maps.app.goo.gl/ET75kfpwVX837fEE6; https://maps.app.goo.gl/47PLkeuNfzKvw38w8; https://maps.app.goo.gl/RXcEPNYx6EwAbDxF9; https://maps.app.goo.gl/xg6rRMGswq5scyCbA; https://maps.app.goo.gl/whvDoK2djK9ZczAK8; https://maps.app.goo.gl/gr7GZiwJ71dX1nzNA; https://maps.app.goo.gl/efNjqXtJS5uqAid67; https://maps.app.goo.gl/9D1AGeGBDHSvttic8; https://maps.app.goo.gl/xomcfbw3UHPYcLxG8; https://maps.app.goo.gl/wbNjvBPsJioGNogn8; https://maps.app.goo.gl/DAATNJRd8MxG4uyaA; https://maps.app.goo.gl/cuqyDKdtbfwW1DAa8; https://maps.app.goo.gl/Wji4ey8prbGM2zHJ6; https://maps.app.goo.gl/UEv62Ht1RcfDLLML8; https://maps.app.goo.gl/TcCLZG1kwf9F7wCu5; https://maps.app.goo.gl/yVp7cfpfnfdzb7mV7; https://maps.app.goo.gl/uKe9j2z7xKHjdR8A7; https://goo.gl/maps/xNEqZWHrXNzKYLHe6; https://maps.app.goo.gl/NT8XaQJv76yrgG946; https://maps.app.goo.gl/B98HY6ThSbAhg1a98; https://maps.app.goo.gl/sY5sb4n5Lvp2K2oz7; https://maps.app.goo.gl/xQZeRwkJHuyDhx496; https://maps.app.goo.gl/s62kTxdTsTQvQHDJ9; https://maps.app.goo.gl/XwfK6AzNVqs5eFX17; https://maps.app.goo.gl/QAU1JqmdETLn951C; https://maps.app.goo.gl/K3ASKRs9Sc5yfa9z9; https://maps.app.goo.gl/dAy23L3wP3mTsMM88; https://maps.app.goo.gl/QydbrwwdHVvcm7keA; https://maps.app.goo.gl/E7ucSVc9hHKpPNDQ6; https://maps.app.goo.gl/4E1Yi9DPgpF2CdaE7; https://maps.app.goo.gl/uLPtqwAnwnevw4zz7; https://maps.app.goo.gl/VRterbzJvDcxUkVJ6; https://maps.app.goo.gl/zAmPVdt254bS1UUU7; https://goo.gl/maps/JhPoRTM15vQA7Kk6A; https://goo.gl/maps/rzwM8zz1vmEphauk6; https://goo.gl/maps/XXMLm2Ebm5FEFwig7; https://goo.gl/maps/BgnUiLh44bo3Nyq37; https://goo.gl/maps/FmDxfXdHa9mdoGK99; https://goo.gl/maps/KCGefw7KgVDUzTPh7; https://goo.gl/maps/GPVNSt7Q6a73xSKHA; https://goo.gl/maps/h4LQbK4dijinbrmF8; https://goo.gl/maps/k4R8TwNVtrg4BrJc9; https://goo.gl/maps/YaZ9tS4Xqtm5REAe6; https://goo.gl/maps/g4UerEukDLx9YjWt5; https://goo.gl/maps/cUNDNuwk9M5KBSbJA**; https://goo.gl/maps/dSeYp8x6gD6nWQJo7; https://goo.gl/maps/xLiJbzx1TGiATefw5; https://goo.gl/maps/88psz7y8xzQTcyVn9; https://goo.gl/maps/TKu4Ej99YDW51J8o6; https://goo.gl/maps/Y5rcVkPSFzuYQtaJ7; https://goo.gl/maps/tu8NToyeSY9qMEt19; https://goo.gl/maps/oJBLCYE9ShbB6ZA6A; https://goo.gl/maps/mJAEFg5zdD6J4Xbq8; https://goo.gl/maps/1eXNtJWdQZHPkvXp8; https://goo.gl/maps/SeJtvcKkqmN6a7oy6; https://goo.gl/maps/hgxR4SsThT7KqvbUA; https://goo.gl/maps/gHyC9FmNZYpnaoV77; https://goo.gl/maps/JtDt3jc8pMZ3n7xH9; https://goo.gl/maps/GPLvd34uRNT1EL5bA; https://goo.gl/maps/oJP5R9Jfe8yAcrWY6; https://goo.gl/maps/trCxv7WmZ7Lim467A; https://goo.gl/maps/aSmRwi2p279NGLcb9; https://goo.gl/maps/s4v5mQf8LyZUv8B7A,https://maps.app.goo.gl/t178LDzcrFtjxgEz9; https://maps.app.goo.gl/qDbb6mJHvwhXw4Az6; https://maps.app.goo.gl/D8GuCY5LefTH8JVq9; https://maps.app.goo.gl/oHEYY6H9GGykdD9C6; https://maps.app.goo.gl/GdiSL1z7fBFtk3tr8; https://maps.app.goo.gl/ioqJ9N2mKRyMdiAe6; https://maps.app.goo.gl/dRnRPbNFPmCfsTHAA; https://www.google.com/maps/d/edit?mid=1pYF3M65dQngj9P_VP8SbXUKy92nYnFo&usp=sharing; https://maps.app.goo.gl/v8GdHbU3xb5G8JFs9; https://goo.gl/maps/Empzn8zwhyULFrqV8; https://maps.app.goo.gl/AoJAreLLvUUHzVVw5; https://maps.app.goo.gl/zNrudtbb4kMk2xxv5; https://maps.app.goo.gl/H57L1w8ReXXNhtb99; https://www.google.com/maps/d/edit?mid=1SAcLUqc-JTEBiY1uNXVoDUdI-a5wJd0&ll=10.002013642197713%2C105…; https://maps.app.goo.gl/QVMCmJp83pMBNKrL8; https://maps.app.goo.gl/Mww4k2RWctPHssMQA; https://maps.app.goo.gl/Hn6baY7yBKNTcRXs8; https://maps.app.goo.gl/bKZVkKUcnYGRLJWw5; https://www.google.com/maps/d/edit?mid=1Fl7DvT-DOnJvyHZ0Oq5v-nUadBLGHFo&usp=sharing; https://maps.app.goo.gl/pTzfCxqkMYLuLe9z9; https://maps.app.goo.gl/Fsyo4xmwK3kmzbC9A; https://maps.app.goo.gl/hMM3KEF5KhFhsZJi7; https://maps.app.goo.gl/7yPFeG3okyKbrLCM9; https://maps.app.goo.gl/acrdQ54V3NVNNkKh9; https://www.google.com/maps/d/edit?mid=1MawyjqMPRL80P8Y7qm_ZhtUgghnbpFc&usp=sharing; https://maps.app.goo.gl/ET75kfpwVX837fEE6; https://maps.app.goo.gl/47PLkeuNfzKvw38w8; https://maps.app.goo.gl/RXcEPNYx6EwAbDxF9; https://maps.app.goo.gl/xg6rRMGswq5scyCbA; https://maps.app.goo.gl/whvDoK2djK9ZczAK8; https://maps.app.goo.gl/gr7GZiwJ71dX1nzNA; https://maps.app.goo.gl/efNjqXtJS5uqAid67; https://maps.app.goo.gl/9D1AGeGBDHSvttic8; https://maps.app.goo.gl/xomcfbw3UHPYcLxG8; https://maps.app.goo.gl/wbNjvBPsJioGNogn8; https://maps.app.goo.gl/DAATNJRd8MxG4uyaA; https://maps.app.goo.gl/cuqyDKdtbfwW1DAa8; https://maps.app.goo.gl/Wji4ey8prbGM2zHJ6; https://maps.app.goo.gl/UEv62Ht1RcfDLLML8; https://maps.app.goo.gl/TcCLZG1kwf9F7wCu5; https://maps.app.goo.gl/yVp7cfpfnfdzb7mV7; https://maps.app.goo.gl/uKe9j2z7xKHjdR8A7; https://goo.gl/maps/xNEqZWHrXNzKYLHe6; https://maps.app.goo.gl/NT8XaQJv76yrgG946; https://maps.app.goo.gl/B98HY6ThSbAhg1a98; https://maps.app.goo.gl/sY5sb4n5Lvp2K2oz7; https://maps.app.goo.gl/xQZeRwkJHuyDhx496; https://maps.app.goo.gl/s62kTxdTsTQvQHDJ9; https://maps.app.goo.gl/XwfK6AzNVqs5eFX17; https://maps.app.goo.gl/QAU1JqmdETLn951C; https://maps.app.goo.gl/K3ASKRs9Sc5yfa9z9; https://maps.app.goo.gl/dAy23L3wP3mTsMM88; https://maps.app.goo.gl/QydbrwwdHVvcm7keA; https://maps.app.goo.gl/E7ucSVc9hHKpPNDQ6; https://maps.app.goo.gl/4E1Yi9DPgpF2CdaE7; https://maps.app.goo.gl/uLPtqwAnwnevw4zz7; https://maps.app.goo.gl/VRterbzJvDcxUkVJ6; https://maps.app.goo.gl/zAmPVdt254bS1UUU7; https://goo.gl/maps/JhPoRTM15vQA7Kk6A; https://goo.gl/maps/rzwM8zz1vmEphauk6; https://goo.gl/maps/XXMLm2Ebm5FEFwig7; https://goo.gl/maps/BgnUiLh44bo3Nyq37; https://goo.gl/maps/FmDxfXdHa9mdoGK99; https://goo.gl/maps/KCGefw7KgVDUzTPh7; https://goo.gl/maps/GPVNSt7Q6a73xSKHA; https://goo.gl/maps/h4LQbK4dijinbrmF8; https://goo.gl/maps/k4R8TwNVtrg4BrJc9; https://goo.gl/maps/YaZ9tS4Xqtm5REAe6; https://goo.gl/maps/g4UerEukDLx9YjWt5; https://goo.gl/maps/cUNDNuwk9M5KBSbJA**; https://goo.gl/maps/dSeYp8x6gD6nWQJo7; https://goo.gl/maps/xLiJbzx1TGiATefw5; https://goo.gl/maps/88psz7y8xzQTcyVn9; https://goo.gl/maps/TKu4Ej99YDW51J8o6; https://goo.gl/maps/Y5rcVkPSFzuYQtaJ7; https://goo.gl/maps/tu8NToyeSY9qMEt19; https://goo.gl/maps/oJBLCYE9ShbB6ZA6A; https://goo.gl/maps/mJAEFg5zdD6J4Xbq8; https://goo.gl/maps/1eXNtJWdQZHPkvXp8; https://goo.gl/maps/SeJtvcKkqmN6a7oy6; https://goo.gl/maps/hgxR4SsThT7KqvbUA; https://goo.gl/maps/gHyC9FmNZYpnaoV77; https://goo.gl/maps/JtDt3jc8pMZ3n7xH9; https://goo.gl/maps/GPLvd34uRNT1EL5bA; https://goo.gl/maps/oJP5R9Jfe8yAcrWY6; https://goo.gl/maps/trCxv7WmZ7Lim467A; https://goo.gl/maps/aSmRwi2p279NGLcb9; https://goo.gl/maps/s4v5mQf8LyZUv8B7A,suspicious_shared_by_many_projects,matched_teams_map_link,name_token_overlap>=2,batch_321.txt
BDS-CURATED-0362,386 ha là 84,no_map_link_found_in_matched_raw,,,,,,batch_340.txt; batch_380.txt
BDS-CURATED-0414,Võ Văn Kiệt,no_map_link_found_in_matched_raw,,,,,,batch_377.txt; batch_427.txt
BDS-CURATED-0369,cũng 42 tr/m2,no_map_link_found_in_matched_raw,,,,,,batch_317.txt
BDS-CURATED-0140,thuộc QH hiện hữu là ô phố I82b (16,has_unresolved_or_unattached_map_link,https://maps.app.goo.gl/oHEYY6H9GGykdD9C6; https://maps.app.goo.gl/qDbb6mJHvwhXw4Az6; https://maps.app.goo.gl/GdiSL1z7fBFtk3tr8; https://maps.app.goo.gl/ioqJ9N2mKRyMdiAe6; https://www.google.com/maps/d/edit?mid=1pYF3M65dQngj9P_VP8SbXUKy92nYnFo&usp=sharing; https://www.google.com/maps/d/edit?mid=1SAcLUqc-JTEBiY1uNXVoDUdI-a5wJd0&ll=10.002013642197713%2C105…; https://www.google.com/maps/d/edit?mid=1GZCfnV4401jtKcup5hFe0KPBOBMYrp4&usp=sharing; https://maps.app.goo.gl/Mww4k2RWctPHssMQA; https://www.google.com/maps/d/edit?mid=1MawyjqMPRL80P8Y7qm_ZhtUgghnbpFc&usp=sharing; https://maps.app.goo.gl/cuqyDKdtbfwW1DAa8; https://maps.app.goo.gl/o5yA5cAF8qJoTZqW8; https://maps.app.goo.gl/UEv62Ht1RcfDLLML8; https://maps.app.goo.gl/yVp7cfpfnfdzb7mV7; https://maps.app.goo.gl/b6AweqeJiHMGShsq9; https://maps.app.goo.gl/sY5sb4n5Lvp2K2oz7; https://maps.app.goo.gl/xQZeRwkJHuyDhx496; https://maps.app.goo.gl/K3ASKRs9Sc5yfa9z9; https://maps.app.goo.gl/E7ucSVc9hHKpPNDQ6; https://maps.app.goo.gl/4E1Yi9DPgpF2CdaE7; https://maps.app.goo.gl/uLPtqwAnwnevw4zz7; https://maps.app.goo.gl/9PHZkvYiuadCm992A; https://goo.gl/maps/XXMLm2Ebm5FEFwig7; https://goo.gl/maps/aChZ8vYJMZ8j6SjR7; https://goo.gl/maps/h4LQbK4dijinbrmF8; https://goo.gl/maps/YaZ9tS4Xqtm5REAe6; https://goo.gl/maps/Y5rcVkPSFzuYQtaJ7; https://goo.gl/maps/tu8NToyeSY9qMEt19; https://goo.gl/maps/sMLMvWwegyerE3jJ9; https://goo.gl/maps/mJAEFg5zdD6J4Xbq8; https://goo.gl/maps/SeJtvcKkqmN6a7oy6; https://goo.gl/maps/hgxR4SsThT7KqvbUA; https://goo.gl/maps/JtDt3jc8pMZ3n7xH9; https://goo.gl/maps/GPLvd34uRNT1EL5bA; https://goo.gl/maps/oJP5R9Jfe8yAcrWY6; https://goo.gl/maps/trCxv7WmZ7Lim467A,https://maps.app.goo.gl/oHEYY6H9GGykdD9C6; https://maps.app.goo.gl/qDbb6mJHvwhXw4Az6; https://maps.app.goo.gl/GdiSL1z7fBFtk3tr8; https://maps.app.goo.gl/ioqJ9N2mKRyMdiAe6; https://www.google.com/maps/d/edit?mid=1pYF3M65dQngj9P_VP8SbXUKy92nYnFo&usp=sharing; https://www.google.com/maps/d/edit?mid=1SAcLUqc-JTEBiY1uNXVoDUdI-a5wJd0&ll=10.002013642197713%2C105…; https://www.google.com/maps/d/edit?mid=1GZCfnV4401jtKcup5hFe0KPBOBMYrp4&usp=sharing; https://maps.app.goo.gl/Mww4k2RWctPHssMQA; https://www.google.com/maps/d/edit?mid=1MawyjqMPRL80P8Y7qm_ZhtUgghnbpFc&usp=sharing; https://maps.app.goo.gl/cuqyDKdtbfwW1DAa8; https://maps.app.goo.gl/o5yA5cAF8qJoTZqW8; https://maps.app.goo.gl/UEv62Ht1RcfDLLML8; https://maps.app.goo.gl/yVp7cfpfnfdzb7mV7; https://maps.app.goo.gl/b6AweqeJiHMGShsq9; https://maps.app.goo.gl/sY5sb4n5Lvp2K2oz7; https://maps.app.goo.gl/xQZeRwkJHuyDhx496; https://maps.app.goo.gl/K3ASKRs9Sc5yfa9z9; https://maps.app.goo.gl/E7ucSVc9hHKpPNDQ6; https://maps.app.goo.gl/4E1Yi9DPgpF2CdaE7; https://maps.app.goo.gl/uLPtqwAnwnevw4zz7; https://maps.app.goo.gl/9PHZkvYiuadCm992A; https://goo.gl/maps/XXMLm2Ebm5FEFwig7; https://goo.gl/maps/aChZ8vYJMZ8j6SjR7; https://goo.gl/maps/h4LQbK4dijinbrmF8; https://goo.gl/maps/YaZ9tS4Xqtm5REAe6; https://goo.gl/maps/Y5rcVkPSFzuYQtaJ7; https://goo.gl/maps/tu8NToyeSY9qMEt19; https://goo.gl/maps/sMLMvWwegyerE3jJ9; https://goo.gl/maps/mJAEFg5zdD6J4Xbq8; https://goo.gl/maps/SeJtvcKkqmN6a7oy6; https://goo.gl/maps/hgxR4SsThT7KqvbUA; https://goo.gl/maps/JtDt3jc8pMZ3n7xH9; https://goo.gl/maps/GPLvd34uRNT1EL5bA; https://goo.gl/maps/oJP5R9Jfe8yAcrWY6; https://goo.gl/maps/trCxv7WmZ7Lim467A,suspicious_shared_by_many_projects,matched_teams_map_link,name_token_overlap>=2,batch_097.txt
BDS-CURATED-0352,tọa lạc,has_unresolved_or_unattached_map_link,https://www.google.com/maps/d/edit?mid=1MawyjqMPRL80P8Y7qm_ZhtUgghnbpFc&usp=sharing,https://www.google.com/maps/d/edit?mid=1MawyjqMPRL80P8Y7qm_ZhtUgghnbpFc&usp=sharing,,,45,batch_375.txt
BDS-CURATED-0152,chưa phê duyệt quyết định/ chấp thuận chủ trương đầu tư,has_unresolved_or_unattached_map_link,https://maps.app.goo.gl/uKe9j2z7xKHjdR8A7; https://maps.app.goo.gl/t178LDzcrFtjxgEz9; https://maps.app.goo.gl/qDbb6mJHvwhXw4Az6; https://maps.app.goo.gl/D8GuCY5LefTH8JVq9; https://maps.app.goo.gl/GdiSL1z7fBFtk3tr8; https://maps.app.goo.gl/ioqJ9N2mKRyMdiAe6; https://maps.app.goo.gl/dRnRPbNFPmCfsTHAA; https://www.google.com/maps/d/edit?mid=1pYF3M65dQngj9P_VP8SbXUKy92nYnFo&usp=sharing; https://maps.app.goo.gl/v8GdHbU3xb5G8JFs9; https://maps.app.goo.gl/6iyNdteYfVyyT9Xy9; https://www.google.com/maps/d/edit?mid=1SAcLUqc-JTEBiY1uNXVoDUdI-a5wJd0&ll=10.002013642197713%2C105…; https://www.google.com/maps/d/edit?mid=1GZCfnV4401jtKcup5hFe0KPBOBMYrp4&usp=sharing; https://maps.app.goo.gl/Mww4k2RWctPHssMQA; https://maps.app.goo.gl/Hn6baY7yBKNTcRXs8; https://maps.app.goo.gl/bKZVkKUcnYGRLJWw5; https://www.google.com/maps/d/edit?mid=1Fl7DvT-DOnJvyHZ0Oq5v-nUadBLGHFo&usp=sharing; https://maps.app.goo.gl/pTzfCxqkMYLuLe9z9; https://maps.app.goo.gl/7yPFeG3okyKbrLCM9; https://maps.app.goo.gl/acrdQ54V3NVNNkKh9; https://maps.app.goo.gl/Fsyo4xmwK3kmzbC9A; https://maps.app.goo.gl/hMM3KEF5KhFhsZJi7; https://www.google.com/maps/d/edit?mid=1MawyjqMPRL80P8Y7qm_ZhtUgghnbpFc&usp=sharing; https://maps.app.goo.gl/ET75kfpwVX837fEE6; https://maps.app.goo.gl/47PLkeuNfzKvw38w8; https://maps.app.goo.gl/RXcEPNYx6EwAbDxF9; https://maps.app.goo.gl/xg6rRMGswq5scyCbA; https://maps.app.goo.gl/whvDoK2djK9ZczAK8; https://maps.app.goo.gl/gr7GZiwJ71dX1nzNA; https://maps.app.goo.gl/efNjqXtJS5uqAid67; https://maps.app.goo.gl/9D1AGeGBDHSvttic8; https://maps.app.goo.gl/xomcfbw3UHPYcLxG8; https://maps.app.goo.gl/wbNjvBPsJioGNogn8; https://maps.app.goo.gl/DAATNJRd8MxG4uyaA; https://maps.app.goo.gl/cuqyDKdtbfwW1DAa8; https://maps.app.goo.gl/o5yA5cAF8qJoTZqW8; https://maps.app.goo.gl/Wji4ey8prbGM2zHJ6; https://maps.app.goo.gl/UEv62Ht1RcfDLLML8; https://maps.app.goo.gl/TcCLZG1kwf9F7wCu5; https://maps.app.goo.gl/yVp7cfpfnfdzb7mV7; https://goo.gl/maps/xNEqZWHrXNzKYLHe6; https://maps.app.goo.gl/NT8XaQJv76yrgG946; https://maps.app.goo.gl/b6AweqeJiHMGShsq9; https://maps.app.goo.gl/zNrudtbb4kMk2xxv5; https://maps.app.goo.gl/B98HY6ThSbAhg1a98; https://maps.app.goo.gl/xQZeRwkJHuyDhx496; https://maps.app.goo.gl/s62kTxdTsTQvQHDJ9; https://maps.app.goo.gl/XwfK6AzNVqs5eFX17; https://maps.app.goo.gl/QAU1JqmdETLn951C; https://maps.app.goo.gl/K3ASKRs9Sc5yfa9z9; https://maps.app.goo.gl/E7ucSVc9hHKpPNDQ6; https://maps.app.goo.gl/4E1Yi9DPgpF2CdaE7; https://maps.app.goo.gl/uLPtqwAnwnevw4zz7; https://maps.app.goo.gl/VRterbzJvDcxUkVJ6; https://maps.app.goo.gl/zAmPVdt254bS1UUU7; https://maps.app.goo.gl/9PHZkvYiuadCm992A; https://goo.gl/maps/JhPoRTM15vQA7Kk6A; https://goo.gl/maps/XXMLm2Ebm5FEFwig7; https://goo.gl/maps/FmDxfXdHa9mdoGK99; https://goo.gl/maps/KCGefw7KgVDUzTPh7; https://goo.gl/maps/aChZ8vYJMZ8j6SjR7; https://goo.gl/maps/GPVNSt7Q6a73xSKHA; https://goo.gl/maps/h4LQbK4dijinbrmF8; https://goo.gl/maps/k4R8TwNVtrg4BrJc9; https://goo.gl/maps/YaZ9tS4Xqtm5REAe6; https://goo.gl/maps/g4UerEukDLx9YjWt5; https://goo.gl/maps/QUDziRBdFv7URi8QA; https://goo.gl/maps/cUNDNuwk9M5KBSbJA**; https://goo.gl/maps/tMLVh6Gm8DCwNDzN6; https://goo.gl/maps/dSeYp8x6gD6nWQJo7; https://goo.gl/maps/VFB9RLFqHkCjVD4Y6; https://goo.gl/maps/xLiJbzx1TGiATefw5; https://goo.gl/maps/88psz7y8xzQTcyVn9; https://goo.gl/maps/TKu4Ej99YDW51J8o6; https://goo.gl/maps/Y5rcVkPSFzuYQtaJ7; https://goo.gl/maps/tu8NToyeSY9qMEt19; https://goo.gl/maps/sMLMvWwegyerE3jJ9; https://goo.gl/maps/oJBLCYE9ShbB6ZA6A; https://goo.gl/maps/mJAEFg5zdD6J4Xbq8; https://goo.gl/maps/u7HMUhYJqdPGD9dz6; https://goo.gl/maps/1eXNtJWdQZHPkvXp8; https://goo.gl/maps/9VManjp1YiqeSC1A8; https://goo.gl/maps/SeJtvcKkqmN6a7oy6; https://goo.gl/maps/hgxR4SsThT7KqvbUA; https://goo.gl/maps/gHyC9FmNZYpnaoV77; https://goo.gl/maps/5AF74tZoTkBqM71d6; https://goo.gl/maps/JtDt3jc8pMZ3n7xH9; https://goo.gl/maps/GPLvd34uRNT1EL5bA; https://goo.gl/maps/oJP5R9Jfe8yAcrWY6; https://goo.gl/maps/trCxv7WmZ7Lim467A; https://goo.gl/maps/aSmRwi2p279NGLcb9; https://goo.gl/maps/s4v5mQf8LyZUv8B7A,https://maps.app.goo.gl/uKe9j2z7xKHjdR8A7; https://maps.app.goo.gl/t178LDzcrFtjxgEz9; https://maps.app.goo.gl/qDbb6mJHvwhXw4Az6; https://maps.app.goo.gl/D8GuCY5LefTH8JVq9; https://maps.app.goo.gl/GdiSL1z7fBFtk3tr8; https://maps.app.goo.gl/ioqJ9N2mKRyMdiAe6; https://maps.app.goo.gl/dRnRPbNFPmCfsTHAA; https://www.google.com/maps/d/edit?mid=1pYF3M65dQngj9P_VP8SbXUKy92nYnFo&usp=sharing; https://maps.app.goo.gl/v8GdHbU3xb5G8JFs9; https://maps.app.goo.gl/6iyNdteYfVyyT9Xy9; https://www.google.com/maps/d/edit?mid=1SAcLUqc-JTEBiY1uNXVoDUdI-a5wJd0&ll=10.002013642197713%2C105…; https://www.google.com/maps/d/edit?mid=1GZCfnV4401jtKcup5hFe0KPBOBMYrp4&usp=sharing; https://maps.app.goo.gl/Mww4k2RWctPHssMQA; https://maps.app.goo.gl/Hn6baY7yBKNTcRXs8; https://maps.app.goo.gl/bKZVkKUcnYGRLJWw5; https://www.google.com/maps/d/edit?mid=1Fl7DvT-DOnJvyHZ0Oq5v-nUadBLGHFo&usp=sharing; https://maps.app.goo.gl/pTzfCxqkMYLuLe9z9; https://maps.app.goo.gl/7yPFeG3okyKbrLCM9; https://maps.app.goo.gl/acrdQ54V3NVNNkKh9; https://maps.app.goo.gl/Fsyo4xmwK3kmzbC9A; https://maps.app.goo.gl/hMM3KEF5KhFhsZJi7; https://www.google.com/maps/d/edit?mid=1MawyjqMPRL80P8Y7qm_ZhtUgghnbpFc&usp=sharing; https://maps.app.goo.gl/ET75kfpwVX837fEE6; https://maps.app.goo.gl/47PLkeuNfzKvw38w8; https://maps.app.goo.gl/RXcEPNYx6EwAbDxF9; https://maps.app.goo.gl/xg6rRMGswq5scyCbA; https://maps.app.goo.gl/whvDoK2djK9ZczAK8; https://maps.app.goo.gl/gr7GZiwJ71dX1nzNA; https://maps.app.goo.gl/efNjqXtJS5uqAid67; https://maps.app.goo.gl/9D1AGeGBDHSvttic8; https://maps.app.goo.gl/xomcfbw3UHPYcLxG8; https://maps.app.goo.gl/wbNjvBPsJioGNogn8; https://maps.app.goo.gl/DAATNJRd8MxG4uyaA; https://maps.app.goo.gl/cuqyDKdtbfwW1DAa8; https://maps.app.goo.gl/o5yA5cAF8qJoTZqW8; https://maps.app.goo.gl/Wji4ey8prbGM2zHJ6; https://maps.app.goo.gl/UEv62Ht1RcfDLLML8; https://maps.app.goo.gl/TcCLZG1kwf9F7wCu5; https://maps.app.goo.gl/yVp7cfpfnfdzb7mV7; https://goo.gl/maps/xNEqZWHrXNzKYLHe6; https://maps.app.goo.gl/NT8XaQJv76yrgG946; https://maps.app.goo.gl/b6AweqeJiHMGShsq9; https://maps.app.goo.gl/zNrudtbb4kMk2xxv5; https://maps.app.goo.gl/B98HY6ThSbAhg1a98; https://maps.app.goo.gl/xQZeRwkJHuyDhx496; https://maps.app.goo.gl/s62kTxdTsTQvQHDJ9; https://maps.app.goo.gl/XwfK6AzNVqs5eFX17; https://maps.app.goo.gl/QAU1JqmdETLn951C; https://maps.app.goo.gl/K3ASKRs9Sc5yfa9z9; https://maps.app.goo.gl/E7ucSVc9hHKpPNDQ6; https://maps.app.goo.gl/4E1Yi9DPgpF2CdaE7; https://maps.app.goo.gl/uLPtqwAnwnevw4zz7; https://maps.app.goo.gl/VRterbzJvDcxUkVJ6; https://maps.app.goo.gl/zAmPVdt254bS1UUU7; https://maps.app.goo.gl/9PHZkvYiuadCm992A; https://goo.gl/maps/JhPoRTM15vQA7Kk6A; https://goo.gl/maps/XXMLm2Ebm5FEFwig7; https://goo.gl/maps/FmDxfXdHa9mdoGK99; https://goo.gl/maps/KCGefw7KgVDUzTPh7; https://goo.gl/maps/aChZ8vYJMZ8j6SjR7; https://goo.gl/maps/GPVNSt7Q6a73xSKHA; https://goo.gl/maps/h4LQbK4dijinbrmF8; https://goo.gl/maps/k4R8TwNVtrg4BrJc9; https://goo.gl/maps/YaZ9tS4Xqtm5REAe6; https://goo.gl/maps/g4UerEukDLx9YjWt5; https://goo.gl/maps/QUDziRBdFv7URi8QA; https://goo.gl/maps/cUNDNuwk9M5KBSbJA**; https://goo.gl/maps/tMLVh6Gm8DCwNDzN6; https://goo.gl/maps/dSeYp8x6gD6nWQJo7; https://goo.gl/maps/VFB9RLFqHkCjVD4Y6; https://goo.gl/maps/xLiJbzx1TGiATefw5; https://goo.gl/maps/88psz7y8xzQTcyVn9; https://goo.gl/maps/TKu4Ej99YDW51J8o6; https://goo.gl/maps/Y5rcVkPSFzuYQtaJ7; https://goo.gl/maps/tu8NToyeSY9qMEt19; https://goo.gl/maps/sMLMvWwegyerE3jJ9; https://goo.gl/maps/oJBLCYE9ShbB6ZA6A; https://goo.gl/maps/mJAEFg5zdD6J4Xbq8; https://goo.gl/maps/u7HMUhYJqdPGD9dz6; https://goo.gl/maps/1eXNtJWdQZHPkvXp8; https://goo.gl/maps/9VManjp1YiqeSC1A8; https://goo.gl/maps/SeJtvcKkqmN6a7oy6; https://goo.gl/maps/hgxR4SsThT7KqvbUA; https://goo.gl/maps/gHyC9FmNZYpnaoV77; https://goo.gl/maps/5AF74tZoTkBqM71d6; https://goo.gl/maps/JtDt3jc8pMZ3n7xH9; https://goo.gl/maps/GPLvd34uRNT1EL5bA; https://goo.gl/maps/oJP5R9Jfe8yAcrWY6; https://goo.gl/maps/trCxv7WmZ7Lim467A; https://goo.gl/maps/aSmRwi2p279NGLcb9; https://goo.gl/maps/s4v5mQf8LyZUv8B7A,suspicious_shared_by_many_projects,matched_teams_map_link,name_token_overlap>=2,batch_584.txt
BDS-CURATED-0383,gộp là 1,no_map_link_found_in_matched_raw,,,,,,batch_107.txt; batch_109.txt
BDS-CURATED-0479,hoàn chỉnh nút giao và nhánh nối xa lộ Hà Nội - vành đai 3,has_unresolved_or_unattached_map_link,https://www.google.com/maps/d/edit?mid=1GZCfnV4401jtKcup5hFe0KPBOBMYrp4&usp=sharing; https://maps.app.goo.gl/t178LDzcrFtjxgEz9; https://maps.app.goo.gl/qDbb6mJHvwhXw4Az6; https://maps.app.goo.gl/ioqJ9N2mKRyMdiAe6; https://maps.app.goo.gl/v8GdHbU3xb5G8JFs9; https://goo.gl/maps/Empzn8zwhyULFrqV8; https://maps.app.goo.gl/pTzfCxqkMYLuLe9z9; https://maps.app.goo.gl/7yPFeG3okyKbrLCM9; https://maps.app.goo.gl/u5QRXoNjSCh5uxRx5; https://maps.app.goo.gl/ET75kfpwVX837fEE6; https://maps.app.goo.gl/47PLkeuNfzKvw38w8; https://maps.app.goo.gl/RXcEPNYx6EwAbDxF9; https://maps.app.goo.gl/xg6rRMGswq5scyCbA; https://maps.app.goo.gl/whvDoK2djK9ZczAK8; https://maps.app.goo.gl/gr7GZiwJ71dX1nzNA; https://maps.app.goo.gl/efNjqXtJS5uqAid67; https://maps.app.goo.gl/xomcfbw3UHPYcLxG8; https://maps.app.goo.gl/cuqyDKdtbfwW1DAa8; https://maps.app.goo.gl/o5yA5cAF8qJoTZqW8; https://maps.app.goo.gl/UEv62Ht1RcfDLLML8; https://maps.app.goo.gl/TcCLZG1kwf9F7wCu5; https://maps.app.goo.gl/yVp7cfpfnfdzb7mV7; https://www.google.com/maps/d/u/1/edit?mid=10gTnNN6aieu1u3Xx49gGnnp177W4zag&usp=sharing; https://maps.app.goo.gl/NT8XaQJv76yrgG946; https://maps.app.goo.gl/b6AweqeJiHMGShsq9; https://maps.app.goo.gl/zNrudtbb4kMk2xxv5; https://maps.app.goo.gl/B98HY6ThSbAhg1a98; https://maps.app.goo.gl/sY5sb4n5Lvp2K2oz7; https://maps.app.goo.gl/xQZeRwkJHuyDhx496; https://maps.app.goo.gl/s62kTxdTsTQvQHDJ9; https://maps.app.goo.gl/XwfK6AzNVqs5eFX17; https://maps.app.goo.gl/QAU1JqmdETLn951C; https://maps.app.goo.gl/K3ASKRs9Sc5yfa9z9; https://maps.app.goo.gl/dAy23L3wP3mTsMM88; https://maps.app.goo.gl/QydbrwwdHVvcm7keA; https://maps.app.goo.gl/4E1Yi9DPgpF2CdaE7; https://maps.app.goo.gl/uLPtqwAnwnevw4zz7; https://maps.app.goo.gl/zAmPVdt254bS1UUU7; https://maps.app.goo.gl/9PHZkvYiuadCm992A; https://goo.gl/maps/JhPoRTM15vQA7Kk6A; https://goo.gl/maps/rzwM8zz1vmEphauk6; https://goo.gl/maps/XXMLm2Ebm5FEFwig7; https://goo.gl/maps/FmDxfXdHa9mdoGK99; https://goo.gl/maps/aChZ8vYJMZ8j6SjR7; https://goo.gl/maps/GPVNSt7Q6a73xSKHA; https://goo.gl/maps/h4LQbK4dijinbrmF8; https://goo.gl/maps/k4R8TwNVtrg4BrJc9; https://goo.gl/maps/YaZ9tS4Xqtm5REAe6; https://goo.gl/maps/g4UerEukDLx9YjWt5; https://goo.gl/maps/cUNDNuwk9M5KBSbJA**; https://goo.gl/maps/88psz7y8xzQTcyVn9; https://goo.gl/maps/TKu4Ej99YDW51J8o6; https://goo.gl/maps/Y5rcVkPSFzuYQtaJ7; https://goo.gl/maps/tu8NToyeSY9qMEt19; https://goo.gl/maps/mJAEFg5zdD6J4Xbq8; https://goo.gl/maps/1eXNtJWdQZHPkvXp8; https://goo.gl/maps/9VManjp1YiqeSC1A8; https://goo.gl/maps/SeJtvcKkqmN6a7oy6; https://goo.gl/maps/hgxR4SsThT7KqvbUA; https://goo.gl/maps/gHyC9FmNZYpnaoV77; https://goo.gl/maps/JtDt3jc8pMZ3n7xH9; https://goo.gl/maps/GPLvd34uRNT1EL5bA; https://goo.gl/maps/oJP5R9Jfe8yAcrWY6; https://goo.gl/maps/trCxv7WmZ7Lim467A; https://goo.gl/maps/aSmRwi2p279NGLcb9; https://goo.gl/maps/s4v5mQf8LyZUv8B7A,https://www.google.com/maps/d/edit?mid=1GZCfnV4401jtKcup5hFe0KPBOBMYrp4&usp=sharing; https://maps.app.goo.gl/t178LDzcrFtjxgEz9; https://maps.app.goo.gl/qDbb6mJHvwhXw4Az6; https://maps.app.goo.gl/ioqJ9N2mKRyMdiAe6; https://maps.app.goo.gl/v8GdHbU3xb5G8JFs9; https://goo.gl/maps/Empzn8zwhyULFrqV8; https://maps.app.goo.gl/pTzfCxqkMYLuLe9z9; https://maps.app.goo.gl/7yPFeG3okyKbrLCM9; https://maps.app.goo.gl/u5QRXoNjSCh5uxRx5; https://maps.app.goo.gl/ET75kfpwVX837fEE6; https://maps.app.goo.gl/47PLkeuNfzKvw38w8; https://maps.app.goo.gl/RXcEPNYx6EwAbDxF9; https://maps.app.goo.gl/xg6rRMGswq5scyCbA; https://maps.app.goo.gl/whvDoK2djK9ZczAK8; https://maps.app.goo.gl/gr7GZiwJ71dX1nzNA; https://maps.app.goo.gl/efNjqXtJS5uqAid67; https://maps.app.goo.gl/xomcfbw3UHPYcLxG8; https://maps.app.goo.gl/cuqyDKdtbfwW1DAa8; https://maps.app.goo.gl/o5yA5cAF8qJoTZqW8; https://maps.app.goo.gl/UEv62Ht1RcfDLLML8; https://maps.app.goo.gl/TcCLZG1kwf9F7wCu5; https://maps.app.goo.gl/yVp7cfpfnfdzb7mV7; https://www.google.com/maps/d/u/1/edit?mid=10gTnNN6aieu1u3Xx49gGnnp177W4zag&usp=sharing; https://maps.app.goo.gl/NT8XaQJv76yrgG946; https://maps.app.goo.gl/b6AweqeJiHMGShsq9; https://maps.app.goo.gl/zNrudtbb4kMk2xxv5; https://maps.app.goo.gl/B98HY6ThSbAhg1a98; https://maps.app.goo.gl/sY5sb4n5Lvp2K2oz7; https://maps.app.goo.gl/xQZeRwkJHuyDhx496; https://maps.app.goo.gl/s62kTxdTsTQvQHDJ9; https://maps.app.goo.gl/XwfK6AzNVqs5eFX17; https://maps.app.goo.gl/QAU1JqmdETLn951C; https://maps.app.goo.gl/K3ASKRs9Sc5yfa9z9; https://maps.app.goo.gl/dAy23L3wP3mTsMM88; https://maps.app.goo.gl/QydbrwwdHVvcm7keA; https://maps.app.goo.gl/4E1Yi9DPgpF2CdaE7; https://maps.app.goo.gl/uLPtqwAnwnevw4zz7; https://maps.app.goo.gl/zAmPVdt254bS1UUU7; https://maps.app.goo.gl/9PHZkvYiuadCm992A; https://goo.gl/maps/JhPoRTM15vQA7Kk6A; https://goo.gl/maps/rzwM8zz1vmEphauk6; https://goo.gl/maps/XXMLm2Ebm5FEFwig7; https://goo.gl/maps/FmDxfXdHa9mdoGK99; https://goo.gl/maps/aChZ8vYJMZ8j6SjR7; https://goo.gl/maps/GPVNSt7Q6a73xSKHA; https://goo.gl/maps/h4LQbK4dijinbrmF8; https://goo.gl/maps/k4R8TwNVtrg4BrJc9; https://goo.gl/maps/YaZ9tS4Xqtm5REAe6; https://goo.gl/maps/g4UerEukDLx9YjWt5; https://goo.gl/maps/cUNDNuwk9M5KBSbJA**; https://goo.gl/maps/88psz7y8xzQTcyVn9; https://goo.gl/maps/TKu4Ej99YDW51J8o6; https://goo.gl/maps/Y5rcVkPSFzuYQtaJ7; https://goo.gl/maps/tu8NToyeSY9qMEt19; https://goo.gl/maps/mJAEFg5zdD6J4Xbq8; https://goo.gl/maps/1eXNtJWdQZHPkvXp8; https://goo.gl/maps/9VManjp1YiqeSC1A8; https://goo.gl/maps/SeJtvcKkqmN6a7oy6; https://goo.gl/maps/hgxR4SsThT7KqvbUA; https://goo.gl/maps/gHyC9FmNZYpnaoV77; https://goo.gl/maps/JtDt3jc8pMZ3n7xH9; https://goo.gl/maps/GPLvd34uRNT1EL5bA; https://goo.gl/maps/oJP5R9Jfe8yAcrWY6; https://goo.gl/maps/trCxv7WmZ7Lim467A; https://goo.gl/maps/aSmRwi2p279NGLcb9; https://goo.gl/maps/s4v5mQf8LyZUv8B7A,,,name_token_overlap>=2,batch_231.txt; batch_232.txt
BDS-CURATED-0119,kết nối vào quỹ đất,has_unresolved_or_unattached_map_link,https://goo.gl/maps/eqfdgJBc7XT7VhAW8,https://goo.gl/maps/eqfdgJBc7XT7VhAW8,suspicious_shared_by_many_projects,matched_teams_map_link,12,batch_917.txt
BDS-CURATED-0342,Bất động sản khảo sát,has_unresolved_or_unattached_map_link,https://maps.app.goo.gl/ioqJ9N2mKRyMdiAe6; https://maps.app.goo.gl/bKZVkKUcnYGRLJWw5; https://www.google.com/maps/d/edit?mid=1Fl7DvT-DOnJvyHZ0Oq5v-nUadBLGHFo&usp=sharing; https://maps.app.goo.gl/gr7GZiwJ71dX1nzNA; https://maps.app.goo.gl/cuqyDKdtbfwW1DAa8; https://maps.app.goo.gl/9PHZkvYiuadCm992A; https://goo.gl/maps/xLiJbzx1TGiATefw5; https://goo.gl/maps/88psz7y8xzQTcyVn9; https://goo.gl/maps/mJAEFg5zdD6J4Xbq8; https://goo.gl/maps/SeJtvcKkqmN6a7oy6; https://goo.gl/maps/gHyC9FmNZYpnaoV77; https://goo.gl/maps/5AF74tZoTkBqM71d6,https://maps.app.goo.gl/ioqJ9N2mKRyMdiAe6; https://maps.app.goo.gl/bKZVkKUcnYGRLJWw5; https://www.google.com/maps/d/edit?mid=1Fl7DvT-DOnJvyHZ0Oq5v-nUadBLGHFo&usp=sharing; https://maps.app.goo.gl/gr7GZiwJ71dX1nzNA; https://maps.app.goo.gl/cuqyDKdtbfwW1DAa8; https://maps.app.goo.gl/9PHZkvYiuadCm992A; https://goo.gl/maps/xLiJbzx1TGiATefw5; https://goo.gl/maps/88psz7y8xzQTcyVn9; https://goo.gl/maps/mJAEFg5zdD6J4Xbq8; https://goo.gl/maps/SeJtvcKkqmN6a7oy6; https://goo.gl/maps/gHyC9FmNZYpnaoV77; https://goo.gl/maps/5AF74tZoTkBqM71d6,,,name_token_overlap>=2,batch_836.txt; batch_889.txt
BDS-CURATED-0333,Phượng Hoàng,has_unresolved_or_unattached_map_link,https://maps.app.goo.gl/xomcfbw3UHPYcLxG8; https://maps.app.goo.gl/uKe9j2z7xKHjdR8A7,https://maps.app.goo.gl/xomcfbw3UHPYcLxG8; https://maps.app.goo.gl/uKe9j2z7xKHjdR8A7,,,name_token_overlap>=2,batch_264.txt; batch_291.txt; batch_319.txt; batch_326.txt; batch_340.txt; batch_393.txt; batch_408.txt; batch_447.txt; batch_573.txt; batch_303.txt
BDS-CURATED-0128,Parklane,has_unresolved_or_unattached_map_link,https://maps.app.goo.gl/t178LDzcrFtjxgEz9,https://maps.app.goo.gl/t178LDzcrFtjxgEz9,suspicious_shared_by_many_projects,matched_teams_map_link,12,batch_001.txt
BDS-CURATED-0203,du lịch sinh thái nghỉ dưỡng giải trí núi Chứa Chan với giá khoảng 1,has_unresolved_or_unattached_map_link,https://goo.gl/maps/JhPoRTM15vQA7Kk6A; https://maps.app.goo.gl/dRnRPbNFPmCfsTHAA; https://maps.app.goo.gl/Mww4k2RWctPHssMQA; https://www.google.com/maps/d/edit?mid=1MawyjqMPRL80P8Y7qm_ZhtUgghnbpFc&usp=sharing; https://maps.app.goo.gl/efNjqXtJS5uqAid67; https://maps.app.goo.gl/xomcfbw3UHPYcLxG8; https://maps.app.goo.gl/wbNjvBPsJioGNogn8; https://maps.app.goo.gl/DAATNJRd8MxG4uyaA; https://maps.app.goo.gl/cuqyDKdtbfwW1DAa8; https://maps.app.goo.gl/Wji4ey8prbGM2zHJ6; https://maps.app.goo.gl/UEv62Ht1RcfDLLML8; https://maps.app.goo.gl/yVp7cfpfnfdzb7mV7; https://maps.app.goo.gl/zNrudtbb4kMk2xxv5; https://maps.app.goo.gl/NT8XaQJv76yrgG946; https://maps.app.goo.gl/b6AweqeJiHMGShsq9; https://maps.app.goo.gl/xQZeRwkJHuyDhx496; https://maps.app.goo.gl/K3ASKRs9Sc5yfa9z9; https://maps.app.goo.gl/dAy23L3wP3mTsMM88; https://maps.app.goo.gl/QydbrwwdHVvcm7keA; https://maps.app.goo.gl/E7ucSVc9hHKpPNDQ6; https://maps.app.goo.gl/4E1Yi9DPgpF2CdaE7; https://maps.app.goo.gl/uLPtqwAnwnevw4zz7; https://maps.app.goo.gl/zAmPVdt254bS1UUU7; https://maps.app.goo.gl/ioqJ9N2mKRyMdiAe6; https://maps.app.goo.gl/9PHZkvYiuadCm992A; https://goo.gl/maps/XXMLm2Ebm5FEFwig7; https://goo.gl/maps/FmDxfXdHa9mdoGK99; https://goo.gl/maps/aChZ8vYJMZ8j6SjR7; https://goo.gl/maps/h4LQbK4dijinbrmF8; https://goo.gl/maps/k4R8TwNVtrg4BrJc9; https://goo.gl/maps/QUDziRBdFv7URi8QA; https://goo.gl/maps/tMLVh6Gm8DCwNDzN6; https://goo.gl/maps/TKu4Ej99YDW51J8o6; https://goo.gl/maps/Y5rcVkPSFzuYQtaJ7; https://goo.gl/maps/tu8NToyeSY9qMEt19; https://goo.gl/maps/sMLMvWwegyerE3jJ9; https://goo.gl/maps/oJBLCYE9ShbB6ZA6A; https://goo.gl/maps/9VManjp1YiqeSC1A8; https://goo.gl/maps/hgxR4SsThT7KqvbUA; https://goo.gl/maps/gHyC9FmNZYpnaoV77; https://goo.gl/maps/5AF74tZoTkBqM71d6; https://goo.gl/maps/JtDt3jc8pMZ3n7xH9; https://goo.gl/maps/GPLvd34uRNT1EL5bA; https://goo.gl/maps/oJP5R9Jfe8yAcrWY6; https://goo.gl/maps/trCxv7WmZ7Lim467A,https://goo.gl/maps/JhPoRTM15vQA7Kk6A; https://maps.app.goo.gl/dRnRPbNFPmCfsTHAA; https://maps.app.goo.gl/Mww4k2RWctPHssMQA; https://www.google.com/maps/d/edit?mid=1MawyjqMPRL80P8Y7qm_ZhtUgghnbpFc&usp=sharing; https://maps.app.goo.gl/efNjqXtJS5uqAid67; https://maps.app.goo.gl/xomcfbw3UHPYcLxG8; https://maps.app.goo.gl/wbNjvBPsJioGNogn8; https://maps.app.goo.gl/DAATNJRd8MxG4uyaA; https://maps.app.goo.gl/cuqyDKdtbfwW1DAa8; https://maps.app.goo.gl/Wji4ey8prbGM2zHJ6; https://maps.app.goo.gl/UEv62Ht1RcfDLLML8; https://maps.app.goo.gl/yVp7cfpfnfdzb7mV7; https://maps.app.goo.gl/zNrudtbb4kMk2xxv5; https://maps.app.goo.gl/NT8XaQJv76yrgG946; https://maps.app.goo.gl/b6AweqeJiHMGShsq9; https://maps.app.goo.gl/xQZeRwkJHuyDhx496; https://maps.app.goo.gl/K3ASKRs9Sc5yfa9z9; https://maps.app.goo.gl/dAy23L3wP3mTsMM88; https://maps.app.goo.gl/QydbrwwdHVvcm7keA; https://maps.app.goo.gl/E7ucSVc9hHKpPNDQ6; https://maps.app.goo.gl/4E1Yi9DPgpF2CdaE7; https://maps.app.goo.gl/uLPtqwAnwnevw4zz7; https://maps.app.goo.gl/zAmPVdt254bS1UUU7; https://maps.app.goo.gl/ioqJ9N2mKRyMdiAe6; https://maps.app.goo.gl/9PHZkvYiuadCm992A; https://goo.gl/maps/XXMLm2Ebm5FEFwig7; https://goo.gl/maps/FmDxfXdHa9mdoGK99; https://goo.gl/maps/aChZ8vYJMZ8j6SjR7; https://goo.gl/maps/h4LQbK4dijinbrmF8; https://goo.gl/maps/k4R8TwNVtrg4BrJc9; https://goo.gl/maps/QUDziRBdFv7URi8QA; https://goo.gl/maps/tMLVh6Gm8DCwNDzN6; https://goo.gl/maps/TKu4Ej99YDW51J8o6; https://goo.gl/maps/Y5rcVkPSFzuYQtaJ7; https://goo.gl/maps/tu8NToyeSY9qMEt19; https://goo.gl/maps/sMLMvWwegyerE3jJ9; https://goo.gl/maps/oJBLCYE9ShbB6ZA6A; https://goo.gl/maps/9VManjp1YiqeSC1A8; https://goo.gl/maps/hgxR4SsThT7KqvbUA; https://goo.gl/maps/gHyC9FmNZYpnaoV77; https://goo.gl/maps/5AF74tZoTkBqM71d6; https://goo.gl/maps/JtDt3jc8pMZ3n7xH9; https://goo.gl/maps/GPLvd34uRNT1EL5bA; https://goo.gl/maps/oJP5R9Jfe8yAcrWY6; https://goo.gl/maps/trCxv7WmZ7Lim467A,suspicious_shared_by_many_projects,matched_teams_map_link,name_token_overlap>=2,batch_331.txt
BDS-CURATED-0159,Aqua city của Novaland đã được tháo gỡ vướng mắc về pháp lý,has_unresolved_or_unattached_map_link,https://maps.app.goo.gl/zNrudtbb4kMk2xxv5; https://maps.app.goo.gl/qDbb6mJHvwhXw4Az6; https://maps.app.goo.gl/D8GuCY5LefTH8JVq9; https://maps.app.goo.gl/GdiSL1z7fBFtk3tr8; https://maps.app.goo.gl/ioqJ9N2mKRyMdiAe6; https://maps.app.goo.gl/dRnRPbNFPmCfsTHAA; https://www.google.com/maps/d/edit?mid=1pYF3M65dQngj9P_VP8SbXUKy92nYnFo&usp=sharing; https://maps.app.goo.gl/6iyNdteYfVyyT9Xy9; https://maps.app.goo.gl/AoJAreLLvUUHzVVw5; https://maps.app.goo.gl/bKZVkKUcnYGRLJWw5; https://www.google.com/maps/d/edit?mid=1Fl7DvT-DOnJvyHZ0Oq5v-nUadBLGHFo&usp=sharing; https://maps.app.goo.gl/pTzfCxqkMYLuLe9z9; https://maps.app.goo.gl/7yPFeG3okyKbrLCM9; https://maps.app.goo.gl/acrdQ54V3NVNNkKh9; https://maps.app.goo.gl/ET75kfpwVX837fEE6; https://maps.app.goo.gl/47PLkeuNfzKvw38w8; https://maps.app.goo.gl/RXcEPNYx6EwAbDxF9; https://maps.app.goo.gl/xg6rRMGswq5scyCbA; https://maps.app.goo.gl/whvDoK2djK9ZczAK8; https://maps.app.goo.gl/efNjqXtJS5uqAid67; https://maps.app.goo.gl/9D1AGeGBDHSvttic8; https://maps.app.goo.gl/xomcfbw3UHPYcLxG8; https://maps.app.goo.gl/wbNjvBPsJioGNogn8; https://maps.app.goo.gl/DAATNJRd8MxG4uyaA; https://maps.app.goo.gl/cuqyDKdtbfwW1DAa8; https://maps.app.goo.gl/o5yA5cAF8qJoTZqW8; https://maps.app.goo.gl/Wji4ey8prbGM2zHJ6; https://maps.app.goo.gl/UEv62Ht1RcfDLLML8; https://maps.app.goo.gl/TcCLZG1kwf9F7wCu5; https://maps.app.goo.gl/yVp7cfpfnfdzb7mV7; https://maps.app.goo.gl/uKe9j2z7xKHjdR8A7; https://goo.gl/maps/xNEqZWHrXNzKYLHe6; https://maps.app.goo.gl/NT8XaQJv76yrgG946; https://maps.app.goo.gl/b6AweqeJiHMGShsq9; https://maps.app.goo.gl/B98HY6ThSbAhg1a98; https://maps.app.goo.gl/sY5sb4n5Lvp2K2oz7; https://maps.app.goo.gl/xQZeRwkJHuyDhx496; https://maps.app.goo.gl/s62kTxdTsTQvQHDJ9; https://maps.app.goo.gl/XwfK6AzNVqs5eFX17; https://maps.app.goo.gl/QAU1JqmdETLn951C; https://maps.app.goo.gl/K3ASKRs9Sc5yfa9z9; https://maps.app.goo.gl/4E1Yi9DPgpF2CdaE7; https://maps.app.goo.gl/uLPtqwAnwnevw4zz7; https://maps.app.goo.gl/VRterbzJvDcxUkVJ6; https://maps.app.goo.gl/zAmPVdt254bS1UUU7; https://maps.app.goo.gl/9PHZkvYiuadCm992A; https://goo.gl/maps/JhPoRTM15vQA7Kk6A; https://goo.gl/maps/XXMLm2Ebm5FEFwig7; https://goo.gl/maps/BgnUiLh44bo3Nyq37; https://goo.gl/maps/FmDxfXdHa9mdoGK99; https://goo.gl/maps/aChZ8vYJMZ8j6SjR7; https://goo.gl/maps/CJMhzfJXxVkLkHgVA; https://goo.gl/maps/h4LQbK4dijinbrmF8; https://goo.gl/maps/k4R8TwNVtrg4BrJc9; https://goo.gl/maps/YaZ9tS4Xqtm5REAe6; https://goo.gl/maps/g4UerEukDLx9YjWt5; https://goo.gl/maps/C86NnDNwQKH22Bek9-; https://goo.gl/maps/QUDziRBdFv7URi8QA; https://goo.gl/maps/cUNDNuwk9M5KBSbJA**; https://goo.gl/maps/tMLVh6Gm8DCwNDzN6; https://goo.gl/maps/VFB9RLFqHkCjVD4Y6; https://goo.gl/maps/88psz7y8xzQTcyVn9; https://goo.gl/maps/TKu4Ej99YDW51J8o6; https://goo.gl/maps/Y5rcVkPSFzuYQtaJ7; https://goo.gl/maps/tu8NToyeSY9qMEt19; https://goo.gl/maps/sMLMvWwegyerE3jJ9; https://goo.gl/maps/mJAEFg5zdD6J4Xbq8; https://goo.gl/maps/1eXNtJWdQZHPkvXp8; https://goo.gl/maps/SeJtvcKkqmN6a7oy6; https://goo.gl/maps/hgxR4SsThT7KqvbUA; https://goo.gl/maps/gHyC9FmNZYpnaoV77; https://goo.gl/maps/5AF74tZoTkBqM71d6; https://goo.gl/maps/JtDt3jc8pMZ3n7xH9; https://goo.gl/maps/GPLvd34uRNT1EL5bA; https://goo.gl/maps/oJP5R9Jfe8yAcrWY6; https://goo.gl/maps/trCxv7WmZ7Lim467A; https://goo.gl/maps/aSmRwi2p279NGLcb9; https://goo.gl/maps/s4v5mQf8LyZUv8B7A,https://maps.app.goo.gl/zNrudtbb4kMk2xxv5; https://maps.app.goo.gl/qDbb6mJHvwhXw4Az6; https://maps.app.goo.gl/D8GuCY5LefTH8JVq9; https://maps.app.goo.gl/GdiSL1z7fBFtk3tr8; https://maps.app.goo.gl/ioqJ9N2mKRyMdiAe6; https://maps.app.goo.gl/dRnRPbNFPmCfsTHAA; https://www.google.com/maps/d/edit?mid=1pYF3M65dQngj9P_VP8SbXUKy92nYnFo&usp=sharing; https://maps.app.goo.gl/6iyNdteYfVyyT9Xy9; https://maps.app.goo.gl/AoJAreLLvUUHzVVw5; https://maps.app.goo.gl/bKZVkKUcnYGRLJWw5; https://www.google.com/maps/d/edit?mid=1Fl7DvT-DOnJvyHZ0Oq5v-nUadBLGHFo&usp=sharing; https://maps.app.goo.gl/pTzfCxqkMYLuLe9z9; https://maps.app.goo.gl/7yPFeG3okyKbrLCM9; https://maps.app.goo.gl/acrdQ54V3NVNNkKh9; https://maps.app.goo.gl/ET75kfpwVX837fEE6; https://maps.app.goo.gl/47PLkeuNfzKvw38w8; https://maps.app.goo.gl/RXcEPNYx6EwAbDxF9; https://maps.app.goo.gl/xg6rRMGswq5scyCbA; https://maps.app.goo.gl/whvDoK2djK9ZczAK8; https://maps.app.goo.gl/efNjqXtJS5uqAid67; https://maps.app.goo.gl/9D1AGeGBDHSvttic8; https://maps.app.goo.gl/xomcfbw3UHPYcLxG8; https://maps.app.goo.gl/wbNjvBPsJioGNogn8; https://maps.app.goo.gl/DAATNJRd8MxG4uyaA; https://maps.app.goo.gl/cuqyDKdtbfwW1DAa8; https://maps.app.goo.gl/o5yA5cAF8qJoTZqW8; https://maps.app.goo.gl/Wji4ey8prbGM2zHJ6; https://maps.app.goo.gl/UEv62Ht1RcfDLLML8; https://maps.app.goo.gl/TcCLZG1kwf9F7wCu5; https://maps.app.goo.gl/yVp7cfpfnfdzb7mV7; https://maps.app.goo.gl/uKe9j2z7xKHjdR8A7; https://goo.gl/maps/xNEqZWHrXNzKYLHe6; https://maps.app.goo.gl/NT8XaQJv76yrgG946; https://maps.app.goo.gl/b6AweqeJiHMGShsq9; https://maps.app.goo.gl/B98HY6ThSbAhg1a98; https://maps.app.goo.gl/sY5sb4n5Lvp2K2oz7; https://maps.app.goo.gl/xQZeRwkJHuyDhx496; https://maps.app.goo.gl/s62kTxdTsTQvQHDJ9; https://maps.app.goo.gl/XwfK6AzNVqs5eFX17; https://maps.app.goo.gl/QAU1JqmdETLn951C; https://maps.app.goo.gl/K3ASKRs9Sc5yfa9z9; https://maps.app.goo.gl/4E1Yi9DPgpF2CdaE7; https://maps.app.goo.gl/uLPtqwAnwnevw4zz7; https://maps.app.goo.gl/VRterbzJvDcxUkVJ6; https://maps.app.goo.gl/zAmPVdt254bS1UUU7; https://maps.app.goo.gl/9PHZkvYiuadCm992A; https://goo.gl/maps/JhPoRTM15vQA7Kk6A; https://goo.gl/maps/XXMLm2Ebm5FEFwig7; https://goo.gl/maps/BgnUiLh44bo3Nyq37; https://goo.gl/maps/FmDxfXdHa9mdoGK99; https://goo.gl/maps/aChZ8vYJMZ8j6SjR7; https://goo.gl/maps/CJMhzfJXxVkLkHgVA; https://goo.gl/maps/h4LQbK4dijinbrmF8; https://goo.gl/maps/k4R8TwNVtrg4BrJc9; https://goo.gl/maps/YaZ9tS4Xqtm5REAe6; https://goo.gl/maps/g4UerEukDLx9YjWt5; https://goo.gl/maps/C86NnDNwQKH22Bek9-; https://goo.gl/maps/QUDziRBdFv7URi8QA; https://goo.gl/maps/cUNDNuwk9M5KBSbJA**; https://goo.gl/maps/tMLVh6Gm8DCwNDzN6; https://goo.gl/maps/VFB9RLFqHkCjVD4Y6; https://goo.gl/maps/88psz7y8xzQTcyVn9; https://goo.gl/maps/TKu4Ej99YDW51J8o6; https://goo.gl/maps/Y5rcVkPSFzuYQtaJ7; https://goo.gl/maps/tu8NToyeSY9qMEt19; https://goo.gl/maps/sMLMvWwegyerE3jJ9; https://goo.gl/maps/mJAEFg5zdD6J4Xbq8; https://goo.gl/maps/1eXNtJWdQZHPkvXp8; https://goo.gl/maps/SeJtvcKkqmN6a7oy6; https://goo.gl/maps/hgxR4SsThT7KqvbUA; https://goo.gl/maps/gHyC9FmNZYpnaoV77; https://goo.gl/maps/5AF74tZoTkBqM71d6; https://goo.gl/maps/JtDt3jc8pMZ3n7xH9; https://goo.gl/maps/GPLvd34uRNT1EL5bA; https://goo.gl/maps/oJP5R9Jfe8yAcrWY6; https://goo.gl/maps/trCxv7WmZ7Lim467A; https://goo.gl/maps/aSmRwi2p279NGLcb9; https://goo.gl/maps/s4v5mQf8LyZUv8B7A,suspicious_shared_by_many_projects,matched_teams_map_link,name_token_overlap>=2,batch_607.txt; batch_655.txt
BDS-CURATED-0127,Khách sạn,has_unresolved_or_unattached_map_link,https://maps.app.goo.gl/efNjqXtJS5uqAid67,https://maps.app.goo.gl/efNjqXtJS5uqAid67,suspicious_shared_by_many_projects,matched_teams_map_link,17,batch_297.txt; batch_451.txt; batch_477.txt
BDS-CURATED-0166,Sông Đà - Quốc Cường Gia Lai (Nguồn từ Mr Tiến R&D) có giá chào 6,has_unresolved_or_unattached_map_link,https://maps.app.goo.gl/t178LDzcrFtjxgEz9; https://maps.app.goo.gl/qDbb6mJHvwhXw4Az6; https://maps.app.goo.gl/oHEYY6H9GGykdD9C6; https://www.google.com/maps/d/edit?mid=1pYF3M65dQngj9P_VP8SbXUKy92nYnFo&usp=sharing; https://goo.gl/maps/Empzn8zwhyULFrqV8; https://maps.app.goo.gl/AoJAreLLvUUHzVVw5; https://maps.app.goo.gl/bKZVkKUcnYGRLJWw5; https://maps.app.goo.gl/pTzfCxqkMYLuLe9z9; https://maps.app.goo.gl/acrdQ54V3NVNNkKh9; https://maps.app.goo.gl/ET75kfpwVX837fEE6; https://maps.app.goo.gl/47PLkeuNfzKvw38w8; https://maps.app.goo.gl/RXcEPNYx6EwAbDxF9; https://maps.app.goo.gl/efNjqXtJS5uqAid67; https://maps.app.goo.gl/xomcfbw3UHPYcLxG8; https://maps.app.goo.gl/wbNjvBPsJioGNogn8; https://maps.app.goo.gl/DAATNJRd8MxG4uyaA; https://maps.app.goo.gl/cuqyDKdtbfwW1DAa8; https://maps.app.goo.gl/Wji4ey8prbGM2zHJ6; https://maps.app.goo.gl/yVp7cfpfnfdzb7mV7; https://maps.app.goo.gl/uKe9j2z7xKHjdR8A7; https://goo.gl/maps/xNEqZWHrXNzKYLHe6; https://maps.app.goo.gl/NT8XaQJv76yrgG946; https://maps.app.goo.gl/zNrudtbb4kMk2xxv5; https://maps.app.goo.gl/B98HY6ThSbAhg1a98; https://maps.app.goo.gl/sY5sb4n5Lvp2K2oz7; https://maps.app.goo.gl/xQZeRwkJHuyDhx496; https://maps.app.goo.gl/s62kTxdTsTQvQHDJ9; https://maps.app.goo.gl/K3ASKRs9Sc5yfa9z9; https://maps.app.goo.gl/uLPtqwAnwnevw4zz7; https://maps.app.goo.gl/VRterbzJvDcxUkVJ6; https://maps.app.goo.gl/zAmPVdt254bS1UUU7; https://maps.app.goo.gl/9PHZkvYiuadCm992A; https://goo.gl/maps/JhPoRTM15vQA7Kk6A; https://goo.gl/maps/XXMLm2Ebm5FEFwig7; https://goo.gl/maps/BgnUiLh44bo3Nyq37; https://goo.gl/maps/FmDxfXdHa9mdoGK99; https://goo.gl/maps/GPVNSt7Q6a73xSKHA; https://goo.gl/maps/h4LQbK4dijinbrmF8; https://goo.gl/maps/YaZ9tS4Xqtm5REAe6; https://goo.gl/maps/g4UerEukDLx9YjWt5; https://goo.gl/maps/C86NnDNwQKH22Bek9-; https://goo.gl/maps/QUDziRBdFv7URi8QA; https://goo.gl/maps/cUNDNuwk9M5KBSbJA**; https://goo.gl/maps/xLiJbzx1TGiATefw5; https://goo.gl/maps/Y5rcVkPSFzuYQtaJ7; https://goo.gl/maps/tu8NToyeSY9qMEt19; https://goo.gl/maps/sMLMvWwegyerE3jJ9; https://goo.gl/maps/mJAEFg5zdD6J4Xbq8; https://goo.gl/maps/u7HMUhYJqdPGD9dz6; https://goo.gl/maps/1eXNtJWdQZHPkvXp8; https://goo.gl/maps/9VManjp1YiqeSC1A8; https://goo.gl/maps/SeJtvcKkqmN6a7oy6; https://goo.gl/maps/hgxR4SsThT7KqvbUA; https://goo.gl/maps/gHyC9FmNZYpnaoV77; https://goo.gl/maps/5AF74tZoTkBqM71d6; https://goo.gl/maps/JtDt3jc8pMZ3n7xH9; https://goo.gl/maps/GPLvd34uRNT1EL5bA; https://goo.gl/maps/oJP5R9Jfe8yAcrWY6; https://goo.gl/maps/trCxv7WmZ7Lim467A; https://goo.gl/maps/aSmRwi2p279NGLcb9; https://goo.gl/maps/s4v5mQf8LyZUv8B7A,https://maps.app.goo.gl/t178LDzcrFtjxgEz9; https://maps.app.goo.gl/qDbb6mJHvwhXw4Az6; https://maps.app.goo.gl/oHEYY6H9GGykdD9C6; https://www.google.com/maps/d/edit?mid=1pYF3M65dQngj9P_VP8SbXUKy92nYnFo&usp=sharing; https://goo.gl/maps/Empzn8zwhyULFrqV8; https://maps.app.goo.gl/AoJAreLLvUUHzVVw5; https://maps.app.goo.gl/bKZVkKUcnYGRLJWw5; https://maps.app.goo.gl/pTzfCxqkMYLuLe9z9; https://maps.app.goo.gl/acrdQ54V3NVNNkKh9; https://maps.app.goo.gl/ET75kfpwVX837fEE6; https://maps.app.goo.gl/47PLkeuNfzKvw38w8; https://maps.app.goo.gl/RXcEPNYx6EwAbDxF9; https://maps.app.goo.gl/efNjqXtJS5uqAid67; https://maps.app.goo.gl/xomcfbw3UHPYcLxG8; https://maps.app.goo.gl/wbNjvBPsJioGNogn8; https://maps.app.goo.gl/DAATNJRd8MxG4uyaA; https://maps.app.goo.gl/cuqyDKdtbfwW1DAa8; https://maps.app.goo.gl/Wji4ey8prbGM2zHJ6; https://maps.app.goo.gl/yVp7cfpfnfdzb7mV7; https://maps.app.goo.gl/uKe9j2z7xKHjdR8A7; https://goo.gl/maps/xNEqZWHrXNzKYLHe6; https://maps.app.goo.gl/NT8XaQJv76yrgG946; https://maps.app.goo.gl/zNrudtbb4kMk2xxv5; https://maps.app.goo.gl/B98HY6ThSbAhg1a98; https://maps.app.goo.gl/sY5sb4n5Lvp2K2oz7; https://maps.app.goo.gl/xQZeRwkJHuyDhx496; https://maps.app.goo.gl/s62kTxdTsTQvQHDJ9; https://maps.app.goo.gl/K3ASKRs9Sc5yfa9z9; https://maps.app.goo.gl/uLPtqwAnwnevw4zz7; https://maps.app.goo.gl/VRterbzJvDcxUkVJ6; https://maps.app.goo.gl/zAmPVdt254bS1UUU7; https://maps.app.goo.gl/9PHZkvYiuadCm992A; https://goo.gl/maps/JhPoRTM15vQA7Kk6A; https://goo.gl/maps/XXMLm2Ebm5FEFwig7; https://goo.gl/maps/BgnUiLh44bo3Nyq37; https://goo.gl/maps/FmDxfXdHa9mdoGK99; https://goo.gl/maps/GPVNSt7Q6a73xSKHA; https://goo.gl/maps/h4LQbK4dijinbrmF8; https://goo.gl/maps/YaZ9tS4Xqtm5REAe6; https://goo.gl/maps/g4UerEukDLx9YjWt5; https://goo.gl/maps/C86NnDNwQKH22Bek9-; https://goo.gl/maps/QUDziRBdFv7URi8QA; https://goo.gl/maps/cUNDNuwk9M5KBSbJA**; https://goo.gl/maps/xLiJbzx1TGiATefw5; https://goo.gl/maps/Y5rcVkPSFzuYQtaJ7; https://goo.gl/maps/tu8NToyeSY9qMEt19; https://goo.gl/maps/sMLMvWwegyerE3jJ9; https://goo.gl/maps/mJAEFg5zdD6J4Xbq8; https://goo.gl/maps/u7HMUhYJqdPGD9dz6; https://goo.gl/maps/1eXNtJWdQZHPkvXp8; https://goo.gl/maps/9VManjp1YiqeSC1A8; https://goo.gl/maps/SeJtvcKkqmN6a7oy6; https://goo.gl/maps/hgxR4SsThT7KqvbUA; https://goo.gl/maps/gHyC9FmNZYpnaoV77; https://goo.gl/maps/5AF74tZoTkBqM71d6; https://goo.gl/maps/JtDt3jc8pMZ3n7xH9; https://goo.gl/maps/GPLvd34uRNT1EL5bA; https://goo.gl/maps/oJP5R9Jfe8yAcrWY6; https://goo.gl/maps/trCxv7WmZ7Lim467A; https://goo.gl/maps/aSmRwi2p279NGLcb9; https://goo.gl/maps/s4v5mQf8LyZUv8B7A,suspicious_shared_by_many_projects,matched_teams_map_link,name_token_overlap>=2,batch_001.txt
BDS-CURATED-0417,khách sạn Dự án Holiday,has_unresolved_or_unattached_map_link,https://maps.app.goo.gl/gr7GZiwJ71dX1nzNA; https://maps.app.goo.gl/cuqyDKdtbfwW1DAa8; https://maps.app.goo.gl/xQZeRwkJHuyDhx496,https://maps.app.goo.gl/gr7GZiwJ71dX1nzNA; https://maps.app.goo.gl/cuqyDKdtbfwW1DAa8; https://maps.app.goo.gl/xQZeRwkJHuyDhx496,,,name_token_overlap>=2,batch_668.txt
BDS-CURATED-0386,này không,no_map_link_found_in_matched_raw,,,,,,batch_094.txt
BDS-CURATED-0389,đấu thầu tại Đà Nẵng,has_unresolved_or_unattached_map_link,https://maps.app.goo.gl/wbNjvBPsJioGNogn8; https://maps.app.goo.gl/DAATNJRd8MxG4uyaA,https://maps.app.goo.gl/wbNjvBPsJioGNogn8; https://maps.app.goo.gl/DAATNJRd8MxG4uyaA,,,name_token_overlap>=2,batch_415.txt
BDS-CURATED-0394,Long Tân đến nay là khoảng 871 tỷ,has_unresolved_or_unattached_map_link,https://www.google.com/maps/d/edit?mid=1GZCfnV4401jtKcup5hFe0KPBOBMYrp4&usp=sharing; https://maps.app.goo.gl/Hn6baY7yBKNTcRXs8; https://maps.app.goo.gl/efNjqXtJS5uqAid67; https://maps.app.goo.gl/yVp7cfpfnfdzb7mV7; https://maps.app.goo.gl/B98HY6ThSbAhg1a98; https://maps.app.goo.gl/sY5sb4n5Lvp2K2oz7; https://maps.app.goo.gl/dAy23L3wP3mTsMM88; https://maps.app.goo.gl/QydbrwwdHVvcm7keA; https://maps.app.goo.gl/zAmPVdt254bS1UUU7; https://maps.app.goo.gl/9PHZkvYiuadCm992A; https://goo.gl/maps/XXMLm2Ebm5FEFwig7; https://goo.gl/maps/KCGefw7KgVDUzTPh7; https://goo.gl/maps/k4R8TwNVtrg4BrJc9; https://goo.gl/maps/tMLVh6Gm8DCwNDzN6; https://goo.gl/maps/Y5rcVkPSFzuYQtaJ7; https://goo.gl/maps/tu8NToyeSY9qMEt19; https://goo.gl/maps/mJAEFg5zdD6J4Xbq8; https://goo.gl/maps/9VManjp1YiqeSC1A8; https://goo.gl/maps/JtDt3jc8pMZ3n7xH9; https://goo.gl/maps/GPLvd34uRNT1EL5bA; https://goo.gl/maps/oJP5R9Jfe8yAcrWY6; https://goo.gl/maps/trCxv7WmZ7Lim467A,https://www.google.com/maps/d/edit?mid=1GZCfnV4401jtKcup5hFe0KPBOBMYrp4&usp=sharing; https://maps.app.goo.gl/Hn6baY7yBKNTcRXs8; https://maps.app.goo.gl/efNjqXtJS5uqAid67; https://maps.app.goo.gl/yVp7cfpfnfdzb7mV7; https://maps.app.goo.gl/B98HY6ThSbAhg1a98; https://maps.app.goo.gl/sY5sb4n5Lvp2K2oz7; https://maps.app.goo.gl/dAy23L3wP3mTsMM88; https://maps.app.goo.gl/QydbrwwdHVvcm7keA; https://maps.app.goo.gl/zAmPVdt254bS1UUU7; https://maps.app.goo.gl/9PHZkvYiuadCm992A; https://goo.gl/maps/XXMLm2Ebm5FEFwig7; https://goo.gl/maps/KCGefw7KgVDUzTPh7; https://goo.gl/maps/k4R8TwNVtrg4BrJc9; https://goo.gl/maps/tMLVh6Gm8DCwNDzN6; https://goo.gl/maps/Y5rcVkPSFzuYQtaJ7; https://goo.gl/maps/tu8NToyeSY9qMEt19; https://goo.gl/maps/mJAEFg5zdD6J4Xbq8; https://goo.gl/maps/9VManjp1YiqeSC1A8; https://goo.gl/maps/JtDt3jc8pMZ3n7xH9; https://goo.gl/maps/GPLvd34uRNT1EL5bA; https://goo.gl/maps/oJP5R9Jfe8yAcrWY6; https://goo.gl/maps/trCxv7WmZ7Lim467A,,,name_token_overlap>=2,batch_447.txt; batch_495.txt
BDS-CURATED-0132,Võ Văn Kiệt (Gộp 2 Lô) theo chỉ tiêu QH dự kiến điều chỉnh,has_unresolved_or_unattached_map_link,https://maps.app.goo.gl/cuqyDKdtbfwW1DAa8; https://maps.app.goo.gl/t178LDzcrFtjxgEz9; https://maps.app.goo.gl/qDbb6mJHvwhXw4Az6; https://maps.app.goo.gl/GdiSL1z7fBFtk3tr8; https://maps.app.goo.gl/ioqJ9N2mKRyMdiAe6; https://maps.app.goo.gl/dRnRPbNFPmCfsTHAA; https://www.google.com/maps/d/edit?mid=1pYF3M65dQngj9P_VP8SbXUKy92nYnFo&usp=sharing; https://maps.app.goo.gl/v8GdHbU3xb5G8JFs9; https://goo.gl/maps/Empzn8zwhyULFrqV8; https://www.google.com/maps/d/edit?mid=1GZCfnV4401jtKcup5hFe0KPBOBMYrp4&usp=sharing; https://maps.app.goo.gl/QVMCmJp83pMBNKrL8; https://maps.app.goo.gl/bKZVkKUcnYGRLJWw5; https://www.google.com/maps/d/edit?mid=1Fl7DvT-DOnJvyHZ0Oq5v-nUadBLGHFo&usp=sharing; https://maps.app.goo.gl/pTzfCxqkMYLuLe9z9; https://maps.app.goo.gl/7yPFeG3okyKbrLCM9; https://maps.app.goo.gl/acrdQ54V3NVNNkKh9; https://www.google.com/maps/d/edit?mid=1MawyjqMPRL80P8Y7qm_ZhtUgghnbpFc&usp=sharing; https://maps.app.goo.gl/ET75kfpwVX837fEE6; https://maps.app.goo.gl/47PLkeuNfzKvw38w8; https://maps.app.goo.gl/RXcEPNYx6EwAbDxF9; https://maps.app.goo.gl/xg6rRMGswq5scyCbA; https://maps.app.goo.gl/whvDoK2djK9ZczAK8; https://maps.app.goo.gl/gr7GZiwJ71dX1nzNA; https://maps.app.goo.gl/efNjqXtJS5uqAid67; https://maps.app.goo.gl/9D1AGeGBDHSvttic8; https://maps.app.goo.gl/xomcfbw3UHPYcLxG8; https://maps.app.goo.gl/wbNjvBPsJioGNogn8; https://maps.app.goo.gl/DAATNJRd8MxG4uyaA; https://maps.app.goo.gl/o5yA5cAF8qJoTZqW8; https://maps.app.goo.gl/UEv62Ht1RcfDLLML8; https://maps.app.goo.gl/TcCLZG1kwf9F7wCu5; https://maps.app.goo.gl/uKe9j2z7xKHjdR8A7; https://goo.gl/maps/xNEqZWHrXNzKYLHe6; https://maps.app.goo.gl/NT8XaQJv76yrgG946; https://maps.app.goo.gl/b6AweqeJiHMGShsq9; https://maps.app.goo.gl/zNrudtbb4kMk2xxv5; https://maps.app.goo.gl/B98HY6ThSbAhg1a98; https://maps.app.goo.gl/sY5sb4n5Lvp2K2oz7; https://maps.app.goo.gl/xQZeRwkJHuyDhx496; https://maps.app.goo.gl/s62kTxdTsTQvQHDJ9; https://maps.app.goo.gl/XwfK6AzNVqs5eFX17; https://maps.app.goo.gl/QAU1JqmdETLn951C; https://maps.app.goo.gl/K3ASKRs9Sc5yfa9z9; https://maps.app.goo.gl/dAy23L3wP3mTsMM88; https://maps.app.goo.gl/QydbrwwdHVvcm7keA; https://maps.app.goo.gl/E7ucSVc9hHKpPNDQ6; https://maps.app.goo.gl/uLPtqwAnwnevw4zz7; https://maps.app.goo.gl/VRterbzJvDcxUkVJ6; https://maps.app.goo.gl/zAmPVdt254bS1UUU7; https://maps.app.goo.gl/9PHZkvYiuadCm992A; https://goo.gl/maps/JhPoRTM15vQA7Kk6A; https://goo.gl/maps/XXMLm2Ebm5FEFwig7; https://goo.gl/maps/BgnUiLh44bo3Nyq37; https://goo.gl/maps/FmDxfXdHa9mdoGK99; https://goo.gl/maps/GPVNSt7Q6a73xSKHA; https://goo.gl/maps/h4LQbK4dijinbrmF8; https://goo.gl/maps/k4R8TwNVtrg4BrJc9; https://goo.gl/maps/YaZ9tS4Xqtm5REAe6; https://goo.gl/maps/g4UerEukDLx9YjWt5; https://goo.gl/maps/QUDziRBdFv7URi8QA; https://goo.gl/maps/cUNDNuwk9M5KBSbJA**; https://goo.gl/maps/dSeYp8x6gD6nWQJo7; https://goo.gl/maps/VFB9RLFqHkCjVD4Y6; https://goo.gl/maps/88psz7y8xzQTcyVn9; https://goo.gl/maps/TKu4Ej99YDW51J8o6; https://goo.gl/maps/Y5rcVkPSFzuYQtaJ7; https://goo.gl/maps/tu8NToyeSY9qMEt19; https://goo.gl/maps/sMLMvWwegyerE3jJ9; https://goo.gl/maps/mJAEFg5zdD6J4Xbq8; https://goo.gl/maps/1eXNtJWdQZHPkvXp8; https://goo.gl/maps/SeJtvcKkqmN6a7oy6; https://goo.gl/maps/hgxR4SsThT7KqvbUA; https://goo.gl/maps/gHyC9FmNZYpnaoV77; https://goo.gl/maps/trCxv7WmZ7Lim467A,https://maps.app.goo.gl/cuqyDKdtbfwW1DAa8; https://maps.app.goo.gl/t178LDzcrFtjxgEz9; https://maps.app.goo.gl/qDbb6mJHvwhXw4Az6; https://maps.app.goo.gl/GdiSL1z7fBFtk3tr8; https://maps.app.goo.gl/ioqJ9N2mKRyMdiAe6; https://maps.app.goo.gl/dRnRPbNFPmCfsTHAA; https://www.google.com/maps/d/edit?mid=1pYF3M65dQngj9P_VP8SbXUKy92nYnFo&usp=sharing; https://maps.app.goo.gl/v8GdHbU3xb5G8JFs9; https://goo.gl/maps/Empzn8zwhyULFrqV8; https://www.google.com/maps/d/edit?mid=1GZCfnV4401jtKcup5hFe0KPBOBMYrp4&usp=sharing; https://maps.app.goo.gl/QVMCmJp83pMBNKrL8; https://maps.app.goo.gl/bKZVkKUcnYGRLJWw5; https://www.google.com/maps/d/edit?mid=1Fl7DvT-DOnJvyHZ0Oq5v-nUadBLGHFo&usp=sharing; https://maps.app.goo.gl/pTzfCxqkMYLuLe9z9; https://maps.app.goo.gl/7yPFeG3okyKbrLCM9; https://maps.app.goo.gl/acrdQ54V3NVNNkKh9; https://www.google.com/maps/d/edit?mid=1MawyjqMPRL80P8Y7qm_ZhtUgghnbpFc&usp=sharing; https://maps.app.goo.gl/ET75kfpwVX837fEE6; https://maps.app.goo.gl/47PLkeuNfzKvw38w8; https://maps.app.goo.gl/RXcEPNYx6EwAbDxF9; https://maps.app.goo.gl/xg6rRMGswq5scyCbA; https://maps.app.goo.gl/whvDoK2djK9ZczAK8; https://maps.app.goo.gl/gr7GZiwJ71dX1nzNA; https://maps.app.goo.gl/efNjqXtJS5uqAid67; https://maps.app.goo.gl/9D1AGeGBDHSvttic8; https://maps.app.goo.gl/xomcfbw3UHPYcLxG8; https://maps.app.goo.gl/wbNjvBPsJioGNogn8; https://maps.app.goo.gl/DAATNJRd8MxG4uyaA; https://maps.app.goo.gl/o5yA5cAF8qJoTZqW8; https://maps.app.goo.gl/UEv62Ht1RcfDLLML8; https://maps.app.goo.gl/TcCLZG1kwf9F7wCu5; https://maps.app.goo.gl/uKe9j2z7xKHjdR8A7; https://goo.gl/maps/xNEqZWHrXNzKYLHe6; https://maps.app.goo.gl/NT8XaQJv76yrgG946; https://maps.app.goo.gl/b6AweqeJiHMGShsq9; https://maps.app.goo.gl/zNrudtbb4kMk2xxv5; https://maps.app.goo.gl/B98HY6ThSbAhg1a98; https://maps.app.goo.gl/sY5sb4n5Lvp2K2oz7; https://maps.app.goo.gl/xQZeRwkJHuyDhx496; https://maps.app.goo.gl/s62kTxdTsTQvQHDJ9; https://maps.app.goo.gl/XwfK6AzNVqs5eFX17; https://maps.app.goo.gl/QAU1JqmdETLn951C; https://maps.app.goo.gl/K3ASKRs9Sc5yfa9z9; https://maps.app.goo.gl/dAy23L3wP3mTsMM88; https://maps.app.goo.gl/QydbrwwdHVvcm7keA; https://maps.app.goo.gl/E7ucSVc9hHKpPNDQ6; https://maps.app.goo.gl/uLPtqwAnwnevw4zz7; https://maps.app.goo.gl/VRterbzJvDcxUkVJ6; https://maps.app.goo.gl/zAmPVdt254bS1UUU7; https://maps.app.goo.gl/9PHZkvYiuadCm992A; https://goo.gl/maps/JhPoRTM15vQA7Kk6A; https://goo.gl/maps/XXMLm2Ebm5FEFwig7; https://goo.gl/maps/BgnUiLh44bo3Nyq37; https://goo.gl/maps/FmDxfXdHa9mdoGK99; https://goo.gl/maps/GPVNSt7Q6a73xSKHA; https://goo.gl/maps/h4LQbK4dijinbrmF8; https://goo.gl/maps/k4R8TwNVtrg4BrJc9; https://goo.gl/maps/YaZ9tS4Xqtm5REAe6; https://goo.gl/maps/g4UerEukDLx9YjWt5; https://goo.gl/maps/QUDziRBdFv7URi8QA; https://goo.gl/maps/cUNDNuwk9M5KBSbJA**; https://goo.gl/maps/dSeYp8x6gD6nWQJo7; https://goo.gl/maps/VFB9RLFqHkCjVD4Y6; https://goo.gl/maps/88psz7y8xzQTcyVn9; https://goo.gl/maps/TKu4Ej99YDW51J8o6; https://goo.gl/maps/Y5rcVkPSFzuYQtaJ7; https://goo.gl/maps/tu8NToyeSY9qMEt19; https://goo.gl/maps/sMLMvWwegyerE3jJ9; https://goo.gl/maps/mJAEFg5zdD6J4Xbq8; https://goo.gl/maps/1eXNtJWdQZHPkvXp8; https://goo.gl/maps/SeJtvcKkqmN6a7oy6; https://goo.gl/maps/hgxR4SsThT7KqvbUA; https://goo.gl/maps/gHyC9FmNZYpnaoV77; https://goo.gl/maps/trCxv7WmZ7Lim467A,suspicious_shared_by_many_projects,matched_teams_map_link,name_token_overlap>=2,batch_085.txt
BDS-CURATED-0385,là KCN,no_map_link_found_in_matched_raw,,,,,,batch_344.txt
BDS-CURATED-0400,sẽ bắt đầu từ quý 4-2026 đến năm 2029,no_map_link_found_in_matched_raw,,,,,,batch_592.txt
BDS-CURATED-0428,Đầu tư xây dựng đường Cao tốc TP,has_unresolved_or_unattached_map_link,https://www.google.com/maps/d/u/1/edit?mid=10gTnNN6aieu1u3Xx49gGnnp177W4zag&usp=sharing; https://maps.app.goo.gl/qDbb6mJHvwhXw4Az6; https://maps.app.goo.gl/D8GuCY5LefTH8JVq9; https://maps.app.goo.gl/GdiSL1z7fBFtk3tr8; https://maps.app.goo.gl/ioqJ9N2mKRyMdiAe6; https://maps.app.goo.gl/6iyNdteYfVyyT9Xy9; https://goo.gl/maps/Empzn8zwhyULFrqV8; https://maps.app.goo.gl/AoJAreLLvUUHzVVw5; https://maps.app.goo.gl/zNrudtbb4kMk2xxv5; https://www.google.com/maps/d/edit?mid=1SAcLUqc-JTEBiY1uNXVoDUdI-a5wJd0&ll=10.002013642197713%2C105…; https://maps.app.goo.gl/bKZVkKUcnYGRLJWw5; https://maps.app.goo.gl/acrdQ54V3NVNNkKh9; https://maps.app.goo.gl/xg6rRMGswq5scyCbA; https://maps.app.goo.gl/whvDoK2djK9ZczAK8; https://maps.app.goo.gl/gr7GZiwJ71dX1nzNA; https://maps.app.goo.gl/efNjqXtJS5uqAid67; https://maps.app.goo.gl/xomcfbw3UHPYcLxG8; https://maps.app.goo.gl/wbNjvBPsJioGNogn8; https://maps.app.goo.gl/DAATNJRd8MxG4uyaA; https://maps.app.goo.gl/cuqyDKdtbfwW1DAa8; https://maps.app.goo.gl/UEv62Ht1RcfDLLML8; https://maps.app.goo.gl/TcCLZG1kwf9F7wCu5; https://maps.app.goo.gl/yVp7cfpfnfdzb7mV7; https://maps.app.goo.gl/uKe9j2z7xKHjdR8A7; https://goo.gl/maps/xNEqZWHrXNzKYLHe6; https://maps.app.goo.gl/NT8XaQJv76yrgG946; https://maps.app.goo.gl/b6AweqeJiHMGShsq9; https://maps.app.goo.gl/B98HY6ThSbAhg1a98; https://maps.app.goo.gl/xQZeRwkJHuyDhx496; https://maps.app.goo.gl/s62kTxdTsTQvQHDJ9; https://maps.app.goo.gl/XwfK6AzNVqs5eFX17; https://maps.app.goo.gl/QAU1JqmdETLn951C; https://maps.app.goo.gl/K3ASKRs9Sc5yfa9z9; https://maps.app.goo.gl/dAy23L3wP3mTsMM88; https://maps.app.goo.gl/QydbrwwdHVvcm7keA; https://maps.app.goo.gl/4E1Yi9DPgpF2CdaE7; https://maps.app.goo.gl/uLPtqwAnwnevw4zz7; https://maps.app.goo.gl/VRterbzJvDcxUkVJ6; https://maps.app.goo.gl/zAmPVdt254bS1UUU7; https://maps.app.goo.gl/9PHZkvYiuadCm992A; https://goo.gl/maps/rzwM8zz1vmEphauk6; https://goo.gl/maps/XXMLm2Ebm5FEFwig7; https://goo.gl/maps/BgnUiLh44bo3Nyq37; https://goo.gl/maps/GPVNSt7Q6a73xSKHA; https://goo.gl/maps/h4LQbK4dijinbrmF8; https://goo.gl/maps/k4R8TwNVtrg4BrJc9; https://goo.gl/maps/YaZ9tS4Xqtm5REAe6; https://goo.gl/maps/g4UerEukDLx9YjWt5; https://goo.gl/maps/cUNDNuwk9M5KBSbJA**; https://goo.gl/maps/tMLVh6Gm8DCwNDzN6; https://goo.gl/maps/xLiJbzx1TGiATefw5; https://goo.gl/maps/88psz7y8xzQTcyVn9; https://goo.gl/maps/Y5rcVkPSFzuYQtaJ7; https://goo.gl/maps/tu8NToyeSY9qMEt19; https://goo.gl/maps/sMLMvWwegyerE3jJ9; https://goo.gl/maps/mJAEFg5zdD6J4Xbq8; https://goo.gl/maps/1eXNtJWdQZHPkvXp8; https://goo.gl/maps/SeJtvcKkqmN6a7oy6; https://goo.gl/maps/hgxR4SsThT7KqvbUA; https://goo.gl/maps/gHyC9FmNZYpnaoV77; https://goo.gl/maps/5AF74tZoTkBqM71d6; https://goo.gl/maps/JtDt3jc8pMZ3n7xH9; https://goo.gl/maps/GPLvd34uRNT1EL5bA; https://goo.gl/maps/oJP5R9Jfe8yAcrWY6; https://goo.gl/maps/trCxv7WmZ7Lim467A; https://goo.gl/maps/aSmRwi2p279NGLcb9; https://goo.gl/maps/s4v5mQf8LyZUv8B7A,https://www.google.com/maps/d/u/1/edit?mid=10gTnNN6aieu1u3Xx49gGnnp177W4zag&usp=sharing; https://maps.app.goo.gl/qDbb6mJHvwhXw4Az6; https://maps.app.goo.gl/D8GuCY5LefTH8JVq9; https://maps.app.goo.gl/GdiSL1z7fBFtk3tr8; https://maps.app.goo.gl/ioqJ9N2mKRyMdiAe6; https://maps.app.goo.gl/6iyNdteYfVyyT9Xy9; https://goo.gl/maps/Empzn8zwhyULFrqV8; https://maps.app.goo.gl/AoJAreLLvUUHzVVw5; https://maps.app.goo.gl/zNrudtbb4kMk2xxv5; https://www.google.com/maps/d/edit?mid=1SAcLUqc-JTEBiY1uNXVoDUdI-a5wJd0&ll=10.002013642197713%2C105…; https://maps.app.goo.gl/bKZVkKUcnYGRLJWw5; https://maps.app.goo.gl/acrdQ54V3NVNNkKh9; https://maps.app.goo.gl/xg6rRMGswq5scyCbA; https://maps.app.goo.gl/whvDoK2djK9ZczAK8; https://maps.app.goo.gl/gr7GZiwJ71dX1nzNA; https://maps.app.goo.gl/efNjqXtJS5uqAid67; https://maps.app.goo.gl/xomcfbw3UHPYcLxG8; https://maps.app.goo.gl/wbNjvBPsJioGNogn8; https://maps.app.goo.gl/DAATNJRd8MxG4uyaA; https://maps.app.goo.gl/cuqyDKdtbfwW1DAa8; https://maps.app.goo.gl/UEv62Ht1RcfDLLML8; https://maps.app.goo.gl/TcCLZG1kwf9F7wCu5; https://maps.app.goo.gl/yVp7cfpfnfdzb7mV7; https://maps.app.goo.gl/uKe9j2z7xKHjdR8A7; https://goo.gl/maps/xNEqZWHrXNzKYLHe6; https://maps.app.goo.gl/NT8XaQJv76yrgG946; https://maps.app.goo.gl/b6AweqeJiHMGShsq9; https://maps.app.goo.gl/B98HY6ThSbAhg1a98; https://maps.app.goo.gl/xQZeRwkJHuyDhx496; https://maps.app.goo.gl/s62kTxdTsTQvQHDJ9; https://maps.app.goo.gl/XwfK6AzNVqs5eFX17; https://maps.app.goo.gl/QAU1JqmdETLn951C; https://maps.app.goo.gl/K3ASKRs9Sc5yfa9z9; https://maps.app.goo.gl/dAy23L3wP3mTsMM88; https://maps.app.goo.gl/QydbrwwdHVvcm7keA; https://maps.app.goo.gl/4E1Yi9DPgpF2CdaE7; https://maps.app.goo.gl/uLPtqwAnwnevw4zz7; https://maps.app.goo.gl/VRterbzJvDcxUkVJ6; https://maps.app.goo.gl/zAmPVdt254bS1UUU7; https://maps.app.goo.gl/9PHZkvYiuadCm992A; https://goo.gl/maps/rzwM8zz1vmEphauk6; https://goo.gl/maps/XXMLm2Ebm5FEFwig7; https://goo.gl/maps/BgnUiLh44bo3Nyq37; https://goo.gl/maps/GPVNSt7Q6a73xSKHA; https://goo.gl/maps/h4LQbK4dijinbrmF8; https://goo.gl/maps/k4R8TwNVtrg4BrJc9; https://goo.gl/maps/YaZ9tS4Xqtm5REAe6; https://goo.gl/maps/g4UerEukDLx9YjWt5; https://goo.gl/maps/cUNDNuwk9M5KBSbJA**; https://goo.gl/maps/tMLVh6Gm8DCwNDzN6; https://goo.gl/maps/xLiJbzx1TGiATefw5; https://goo.gl/maps/88psz7y8xzQTcyVn9; https://goo.gl/maps/Y5rcVkPSFzuYQtaJ7; https://goo.gl/maps/tu8NToyeSY9qMEt19; https://goo.gl/maps/sMLMvWwegyerE3jJ9; https://goo.gl/maps/mJAEFg5zdD6J4Xbq8; https://goo.gl/maps/1eXNtJWdQZHPkvXp8; https://goo.gl/maps/SeJtvcKkqmN6a7oy6; https://goo.gl/maps/hgxR4SsThT7KqvbUA; https://goo.gl/maps/gHyC9FmNZYpnaoV77; https://goo.gl/maps/5AF74tZoTkBqM71d6; https://goo.gl/maps/JtDt3jc8pMZ3n7xH9; https://goo.gl/maps/GPLvd34uRNT1EL5bA; https://goo.gl/maps/oJP5R9Jfe8yAcrWY6; https://goo.gl/maps/trCxv7WmZ7Lim467A; https://goo.gl/maps/aSmRwi2p279NGLcb9; https://goo.gl/maps/s4v5mQf8LyZUv8B7A,,,name_token_overlap>=2,batch_578.txt; batch_620.txt; batch_621.txt; batch_625.txt
BDS-CURATED-0240,càng tốt ạ Vì luật hiện nay vẫn quy định đơn giá ko dc,has_unresolved_or_unattached_map_link,https://maps.app.goo.gl/yVp7cfpfnfdzb7mV7; https://maps.app.goo.gl/qDbb6mJHvwhXw4Az6; https://maps.app.goo.gl/ioqJ9N2mKRyMdiAe6; https://maps.app.goo.gl/dRnRPbNFPmCfsTHAA; https://www.google.com/maps/d/edit?mid=1pYF3M65dQngj9P_VP8SbXUKy92nYnFo&usp=sharing; https://maps.app.goo.gl/6iyNdteYfVyyT9Xy9; https://maps.app.goo.gl/H57L1w8ReXXNhtb99; https://www.google.com/maps/d/edit?mid=1SAcLUqc-JTEBiY1uNXVoDUdI-a5wJd0&ll=10.002013642197713%2C105…; https://www.google.com/maps/d/edit?mid=1GZCfnV4401jtKcup5hFe0KPBOBMYrp4&usp=sharing; https://maps.app.goo.gl/Hn6baY7yBKNTcRXs8; https://maps.app.goo.gl/pTzfCxqkMYLuLe9z9; https://maps.app.goo.gl/Fsyo4xmwK3kmzbC9A; https://maps.app.goo.gl/hMM3KEF5KhFhsZJi7; https://maps.app.goo.gl/7yPFeG3okyKbrLCM9; https://maps.app.goo.gl/acrdQ54V3NVNNkKh9; https://maps.app.goo.gl/efNjqXtJS5uqAid67; https://maps.app.goo.gl/9D1AGeGBDHSvttic8; https://maps.app.goo.gl/xomcfbw3UHPYcLxG8; https://maps.app.goo.gl/wbNjvBPsJioGNogn8; https://maps.app.goo.gl/DAATNJRd8MxG4uyaA; https://maps.app.goo.gl/cuqyDKdtbfwW1DAa8; https://maps.app.goo.gl/o5yA5cAF8qJoTZqW8; https://maps.app.goo.gl/Wji4ey8prbGM2zHJ6; https://maps.app.goo.gl/UEv62Ht1RcfDLLML8; https://maps.app.goo.gl/TcCLZG1kwf9F7wCu5; https://maps.app.goo.gl/uKe9j2z7xKHjdR8A7; https://goo.gl/maps/xNEqZWHrXNzKYLHe6; https://maps.app.goo.gl/NT8XaQJv76yrgG946; https://maps.app.goo.gl/b6AweqeJiHMGShsq9; https://maps.app.goo.gl/B98HY6ThSbAhg1a98; https://maps.app.goo.gl/sY5sb4n5Lvp2K2oz7; https://maps.app.goo.gl/xQZeRwkJHuyDhx496; https://maps.app.goo.gl/s62kTxdTsTQvQHDJ9; https://maps.app.goo.gl/XwfK6AzNVqs5eFX17; https://maps.app.goo.gl/QAU1JqmdETLn951C; https://maps.app.goo.gl/K3ASKRs9Sc5yfa9z9; https://maps.app.goo.gl/zNrudtbb4kMk2xxv5; https://maps.app.goo.gl/E7ucSVc9hHKpPNDQ6; https://maps.app.goo.gl/4E1Yi9DPgpF2CdaE7; https://maps.app.goo.gl/uLPtqwAnwnevw4zz7; https://maps.app.goo.gl/VRterbzJvDcxUkVJ6; https://maps.app.goo.gl/zAmPVdt254bS1UUU7; https://maps.app.goo.gl/9PHZkvYiuadCm992A; https://goo.gl/maps/JhPoRTM15vQA7Kk6A; https://goo.gl/maps/XXMLm2Ebm5FEFwig7; https://goo.gl/maps/FmDxfXdHa9mdoGK99; https://goo.gl/maps/KCGefw7KgVDUzTPh7; https://goo.gl/maps/aChZ8vYJMZ8j6SjR7; https://goo.gl/maps/GPVNSt7Q6a73xSKHA; https://goo.gl/maps/h4LQbK4dijinbrmF8; https://goo.gl/maps/k4R8TwNVtrg4BrJc9; https://goo.gl/maps/YaZ9tS4Xqtm5REAe6; https://goo.gl/maps/g4UerEukDLx9YjWt5; https://goo.gl/maps/QUDziRBdFv7URi8QA; https://goo.gl/maps/dSeYp8x6gD6nWQJo7; https://goo.gl/maps/VFB9RLFqHkCjVD4Y6; https://goo.gl/maps/xLiJbzx1TGiATefw5; https://goo.gl/maps/TKu4Ej99YDW51J8o6; https://goo.gl/maps/Y5rcVkPSFzuYQtaJ7; https://goo.gl/maps/tu8NToyeSY9qMEt19; https://goo.gl/maps/mJAEFg5zdD6J4Xbq8; https://goo.gl/maps/u7HMUhYJqdPGD9dz6; https://goo.gl/maps/1eXNtJWdQZHPkvXp8; https://goo.gl/maps/9VManjp1YiqeSC1A8; https://goo.gl/maps/SeJtvcKkqmN6a7oy6; https://goo.gl/maps/hgxR4SsThT7KqvbUA; https://goo.gl/maps/gHyC9FmNZYpnaoV77; https://goo.gl/maps/JtDt3jc8pMZ3n7xH9; https://goo.gl/maps/GPLvd34uRNT1EL5bA; https://goo.gl/maps/oJP5R9Jfe8yAcrWY6; https://goo.gl/maps/trCxv7WmZ7Lim467A,https://maps.app.goo.gl/yVp7cfpfnfdzb7mV7; https://maps.app.goo.gl/qDbb6mJHvwhXw4Az6; https://maps.app.goo.gl/ioqJ9N2mKRyMdiAe6; https://maps.app.goo.gl/dRnRPbNFPmCfsTHAA; https://www.google.com/maps/d/edit?mid=1pYF3M65dQngj9P_VP8SbXUKy92nYnFo&usp=sharing; https://maps.app.goo.gl/6iyNdteYfVyyT9Xy9; https://maps.app.goo.gl/H57L1w8ReXXNhtb99; https://www.google.com/maps/d/edit?mid=1SAcLUqc-JTEBiY1uNXVoDUdI-a5wJd0&ll=10.002013642197713%2C105…; https://www.google.com/maps/d/edit?mid=1GZCfnV4401jtKcup5hFe0KPBOBMYrp4&usp=sharing; https://maps.app.goo.gl/Hn6baY7yBKNTcRXs8; https://maps.app.goo.gl/pTzfCxqkMYLuLe9z9; https://maps.app.goo.gl/Fsyo4xmwK3kmzbC9A; https://maps.app.goo.gl/hMM3KEF5KhFhsZJi7; https://maps.app.goo.gl/7yPFeG3okyKbrLCM9; https://maps.app.goo.gl/acrdQ54V3NVNNkKh9; https://maps.app.goo.gl/efNjqXtJS5uqAid67; https://maps.app.goo.gl/9D1AGeGBDHSvttic8; https://maps.app.goo.gl/xomcfbw3UHPYcLxG8; https://maps.app.goo.gl/wbNjvBPsJioGNogn8; https://maps.app.goo.gl/DAATNJRd8MxG4uyaA; https://maps.app.goo.gl/cuqyDKdtbfwW1DAa8; https://maps.app.goo.gl/o5yA5cAF8qJoTZqW8; https://maps.app.goo.gl/Wji4ey8prbGM2zHJ6; https://maps.app.goo.gl/UEv62Ht1RcfDLLML8; https://maps.app.goo.gl/TcCLZG1kwf9F7wCu5; https://maps.app.goo.gl/uKe9j2z7xKHjdR8A7; https://goo.gl/maps/xNEqZWHrXNzKYLHe6; https://maps.app.goo.gl/NT8XaQJv76yrgG946; https://maps.app.goo.gl/b6AweqeJiHMGShsq9; https://maps.app.goo.gl/B98HY6ThSbAhg1a98; https://maps.app.goo.gl/sY5sb4n5Lvp2K2oz7; https://maps.app.goo.gl/xQZeRwkJHuyDhx496; https://maps.app.goo.gl/s62kTxdTsTQvQHDJ9; https://maps.app.goo.gl/XwfK6AzNVqs5eFX17; https://maps.app.goo.gl/QAU1JqmdETLn951C; https://maps.app.goo.gl/K3ASKRs9Sc5yfa9z9; https://maps.app.goo.gl/zNrudtbb4kMk2xxv5; https://maps.app.goo.gl/E7ucSVc9hHKpPNDQ6; https://maps.app.goo.gl/4E1Yi9DPgpF2CdaE7; https://maps.app.goo.gl/uLPtqwAnwnevw4zz7; https://maps.app.goo.gl/VRterbzJvDcxUkVJ6; https://maps.app.goo.gl/zAmPVdt254bS1UUU7; https://maps.app.goo.gl/9PHZkvYiuadCm992A; https://goo.gl/maps/JhPoRTM15vQA7Kk6A; https://goo.gl/maps/XXMLm2Ebm5FEFwig7; https://goo.gl/maps/FmDxfXdHa9mdoGK99; https://goo.gl/maps/KCGefw7KgVDUzTPh7; https://goo.gl/maps/aChZ8vYJMZ8j6SjR7; https://goo.gl/maps/GPVNSt7Q6a73xSKHA; https://goo.gl/maps/h4LQbK4dijinbrmF8; https://goo.gl/maps/k4R8TwNVtrg4BrJc9; https://goo.gl/maps/YaZ9tS4Xqtm5REAe6; https://goo.gl/maps/g4UerEukDLx9YjWt5; https://goo.gl/maps/QUDziRBdFv7URi8QA; https://goo.gl/maps/dSeYp8x6gD6nWQJo7; https://goo.gl/maps/VFB9RLFqHkCjVD4Y6; https://goo.gl/maps/xLiJbzx1TGiATefw5; https://goo.gl/maps/TKu4Ej99YDW51J8o6; https://goo.gl/maps/Y5rcVkPSFzuYQtaJ7; https://goo.gl/maps/tu8NToyeSY9qMEt19; https://goo.gl/maps/mJAEFg5zdD6J4Xbq8; https://goo.gl/maps/u7HMUhYJqdPGD9dz6; https://goo.gl/maps/1eXNtJWdQZHPkvXp8; https://goo.gl/maps/9VManjp1YiqeSC1A8; https://goo.gl/maps/SeJtvcKkqmN6a7oy6; https://goo.gl/maps/hgxR4SsThT7KqvbUA; https://goo.gl/maps/gHyC9FmNZYpnaoV77; https://goo.gl/maps/JtDt3jc8pMZ3n7xH9; https://goo.gl/maps/GPLvd34uRNT1EL5bA; https://goo.gl/maps/oJP5R9Jfe8yAcrWY6; https://goo.gl/maps/trCxv7WmZ7Lim467A,suspicious_shared_by_many_projects,matched_teams_map_link,name_token_overlap>=2,batch_520.txt
BDS-CURATED-0399,này by Huy M - IM,no_map_link_found_in_matched_raw,,,,,,batch_779.txt
BDS-CURATED-0373,đầu tư xây dựng Cao ốc căn hộ Hạnh Phúc,has_unresolved_or_unattached_map_link,https://maps.app.goo.gl/ioqJ9N2mKRyMdiAe6; https://maps.app.goo.gl/cuqyDKdtbfwW1DAa8; https://maps.app.goo.gl/xQZeRwkJHuyDhx496; https://goo.gl/maps/88psz7y8xzQTcyVn9,https://maps.app.goo.gl/ioqJ9N2mKRyMdiAe6; https://maps.app.goo.gl/cuqyDKdtbfwW1DAa8; https://maps.app.goo.gl/xQZeRwkJHuyDhx496; https://goo.gl/maps/88psz7y8xzQTcyVn9,,,name_token_overlap>=2,batch_068.txt
BDS-CURATED-0184,50ha ở Vĩnh Yên,has_unresolved_or_unattached_map_link,https://goo.gl/maps/eqfdgJBc7XT7VhAW8,https://goo.gl/maps/eqfdgJBc7XT7VhAW8,suspicious_shared_by_many_projects,matched_teams_map_link,20,batch_570.txt
BDS-CURATED-0391,53ha Đà Nẵng),no_map_link_found_in_matched_raw,,,,,,batch_372.txt
BDS-CURATED-0183,(pháp lý,has_unresolved_or_unattached_map_link,https://goo.gl/maps/9VManjp1YiqeSC1A8,https://goo.gl/maps/9VManjp1YiqeSC1A8,suspicious_shared_by_many_projects,matched_teams_map_link,12,batch_922.txt
BDS-CURATED-0231,Hội An Riverside có nhiều khả năng thay đổi concept,has_unresolved_or_unattached_map_link,https://goo.gl/maps/k4R8TwNVtrg4BrJc9; https://maps.app.goo.gl/t178LDzcrFtjxgEz9; https://maps.app.goo.gl/ioqJ9N2mKRyMdiAe6; https://goo.gl/maps/Empzn8zwhyULFrqV8; https://maps.app.goo.gl/AoJAreLLvUUHzVVw5; https://maps.app.goo.gl/7yPFeG3okyKbrLCM9; https://www.google.com/maps/d/edit?mid=1MawyjqMPRL80P8Y7qm_ZhtUgghnbpFc&usp=sharing; https://maps.app.goo.gl/wbNjvBPsJioGNogn8; https://maps.app.goo.gl/DAATNJRd8MxG4uyaA; https://maps.app.goo.gl/cuqyDKdtbfwW1DAa8; https://maps.app.goo.gl/o5yA5cAF8qJoTZqW8; https://maps.app.goo.gl/K3ASKRs9Sc5yfa9z9; https://maps.app.goo.gl/uLPtqwAnwnevw4zz7; https://goo.gl/maps/XXMLm2Ebm5FEFwig7; https://goo.gl/maps/aChZ8vYJMZ8j6SjR7; https://goo.gl/maps/mJAEFg5zdD6J4Xbq8; https://goo.gl/maps/hgxR4SsThT7KqvbUA; https://goo.gl/maps/JtDt3jc8pMZ3n7xH9; https://goo.gl/maps/GPLvd34uRNT1EL5bA; https://goo.gl/maps/oJP5R9Jfe8yAcrWY6,https://goo.gl/maps/k4R8TwNVtrg4BrJc9; https://maps.app.goo.gl/t178LDzcrFtjxgEz9; https://maps.app.goo.gl/ioqJ9N2mKRyMdiAe6; https://goo.gl/maps/Empzn8zwhyULFrqV8; https://maps.app.goo.gl/AoJAreLLvUUHzVVw5; https://maps.app.goo.gl/7yPFeG3okyKbrLCM9; https://www.google.com/maps/d/edit?mid=1MawyjqMPRL80P8Y7qm_ZhtUgghnbpFc&usp=sharing; https://maps.app.goo.gl/wbNjvBPsJioGNogn8; https://maps.app.goo.gl/DAATNJRd8MxG4uyaA; https://maps.app.goo.gl/cuqyDKdtbfwW1DAa8; https://maps.app.goo.gl/o5yA5cAF8qJoTZqW8; https://maps.app.goo.gl/K3ASKRs9Sc5yfa9z9; https://maps.app.goo.gl/uLPtqwAnwnevw4zz7; https://goo.gl/maps/XXMLm2Ebm5FEFwig7; https://goo.gl/maps/aChZ8vYJMZ8j6SjR7; https://goo.gl/maps/mJAEFg5zdD6J4Xbq8; https://goo.gl/maps/hgxR4SsThT7KqvbUA; https://goo.gl/maps/JtDt3jc8pMZ3n7xH9; https://goo.gl/maps/GPLvd34uRNT1EL5bA; https://goo.gl/maps/oJP5R9Jfe8yAcrWY6,suspicious_shared_by_many_projects,matched_teams_map_link,name_token_overlap>=2,batch_547.txt
BDS-CURATED-0133,gộp 2 lô Võ Văn Kiệt theo thay đổi giá bán căn hộ và giá mua dự án,has_unresolved_or_unattached_map_link,https://maps.app.goo.gl/cuqyDKdtbfwW1DAa8; https://maps.app.goo.gl/AoJAreLLvUUHzVVw5; https://maps.app.goo.gl/Hn6baY7yBKNTcRXs8; https://maps.app.goo.gl/ET75kfpwVX837fEE6; https://maps.app.goo.gl/47PLkeuNfzKvw38w8; https://maps.app.goo.gl/RXcEPNYx6EwAbDxF9; https://maps.app.goo.gl/xQZeRwkJHuyDhx496; https://goo.gl/maps/88psz7y8xzQTcyVn9; https://goo.gl/maps/SeJtvcKkqmN6a7oy6; https://goo.gl/maps/hgxR4SsThT7KqvbUA,https://maps.app.goo.gl/cuqyDKdtbfwW1DAa8; https://maps.app.goo.gl/AoJAreLLvUUHzVVw5; https://maps.app.goo.gl/Hn6baY7yBKNTcRXs8; https://maps.app.goo.gl/ET75kfpwVX837fEE6; https://maps.app.goo.gl/47PLkeuNfzKvw38w8; https://maps.app.goo.gl/RXcEPNYx6EwAbDxF9; https://maps.app.goo.gl/xQZeRwkJHuyDhx496; https://goo.gl/maps/88psz7y8xzQTcyVn9; https://goo.gl/maps/SeJtvcKkqmN6a7oy6; https://goo.gl/maps/hgxR4SsThT7KqvbUA,suspicious_shared_by_many_projects,matched_teams_map_link,name_token_overlap>=2,batch_042.txt
BDS-CURATED-0387,sau này chỉ có đấu thầu,no_map_link_found_in_matched_raw,,,,,,batch_395.txt
BDS-CURATED-0376,đầu tư,has_unresolved_or_unattached_map_link,https://www.google.com/maps/d/edit?mid=11z_Bkaxe4GIV5AYsicAES_ivCxDZbmM&usp=sharing,https://www.google.com/maps/d/edit?mid=11z_Bkaxe4GIV5AYsicAES_ivCxDZbmM&usp=sharing,,,12,batch_250.txt
BDS-CURATED-0390,168ha gần Khu Đa Phước - OneDrive (sharepoint,has_unresolved_or_unattached_map_link,https://goo.gl/maps/35GfKER; https://goo.gl/maps/eqfdgJBc7XT7VhAW8; https://maps.app.goo.gl/zAmPVdt254bS1UUU7; https://goo.gl/maps/k4R8TwNVtrg4BrJc9; https://goo.gl/maps/g4UerEukDLx9YjWt5; https://goo.gl/maps/C86NnDNwQKH22Bek9-; https://goo.gl/maps/QUDziRBdFv7URi8QA; https://goo.gl/maps/cUNDNuwk9M5KBSbJA**; https://goo.gl/maps/VFB9RLFqHkCjVD4Y6; https://goo.gl/maps/xLiJbzx1TGiATefw5; https://goo.gl/maps/sMLMvWwegyerE3jJ9; https://goo.gl/maps/mJAEFg5zdD6J4Xbq8; https://goo.gl/maps/u7HMUhYJqdPGD9dz6; https://goo.gl/maps/9VManjp1YiqeSC1A8; https://goo.gl/maps/gHyC9FmNZYpnaoV77; https://goo.gl/maps/5AF74tZoTkBqM71d6; https://goo.gl/maps/JtDt3jc8pMZ3n7xH9; https://goo.gl/maps/GPLvd34uRNT1EL5bA; https://goo.gl/maps/oJP5R9Jfe8yAcrWY6; https://goo.gl/maps/aSmRwi2p279NGLcb9; https://goo.gl/maps/s4v5mQf8LyZUv8B7A; https://goo.gl/maps/YbeBXNFKFMabLtVG9,https://goo.gl/maps/35GfKER; https://goo.gl/maps/eqfdgJBc7XT7VhAW8; https://maps.app.goo.gl/zAmPVdt254bS1UUU7; https://goo.gl/maps/k4R8TwNVtrg4BrJc9; https://goo.gl/maps/g4UerEukDLx9YjWt5; https://goo.gl/maps/C86NnDNwQKH22Bek9-; https://goo.gl/maps/QUDziRBdFv7URi8QA; https://goo.gl/maps/cUNDNuwk9M5KBSbJA**; https://goo.gl/maps/VFB9RLFqHkCjVD4Y6; https://goo.gl/maps/xLiJbzx1TGiATefw5; https://goo.gl/maps/sMLMvWwegyerE3jJ9; https://goo.gl/maps/mJAEFg5zdD6J4Xbq8; https://goo.gl/maps/u7HMUhYJqdPGD9dz6; https://goo.gl/maps/9VManjp1YiqeSC1A8; https://goo.gl/maps/gHyC9FmNZYpnaoV77; https://goo.gl/maps/5AF74tZoTkBqM71d6; https://goo.gl/maps/JtDt3jc8pMZ3n7xH9; https://goo.gl/maps/GPLvd34uRNT1EL5bA; https://goo.gl/maps/oJP5R9Jfe8yAcrWY6; https://goo.gl/maps/aSmRwi2p279NGLcb9; https://goo.gl/maps/s4v5mQf8LyZUv8B7A; https://goo.gl/maps/YbeBXNFKFMabLtVG9,,,name_token_overlap>=2,batch_928.txt
BDS-CURATED-0187,Cát Lái từ P,has_unresolved_or_unattached_map_link,https://maps.app.goo.gl/oHEYY6H9GGykdD9C6,https://maps.app.goo.gl/oHEYY6H9GGykdD9C6,suspicious_shared_by_many_projects,matched_teams_map_link,12,batch_033.txt; batch_068.txt
BDS-CURATED-0364,KDC Đại Nam,no_map_link_found_in_matched_raw,,,,,,batch_642.txt
BDS-CURATED-0136,này,has_unresolved_or_unattached_map_link,https://maps.app.goo.gl/oHEYY6H9GGykdD9C6,https://maps.app.goo.gl/oHEYY6H9GGykdD9C6,suspicious_shared_by_many_projects,,,batch_033.txt
BDS-CURATED-0138,này Ok by Admin 01,has_unresolved_or_unattached_map_link,https://maps.app.goo.gl/oHEYY6H9GGykdD9C6,https://maps.app.goo.gl/oHEYY6H9GGykdD9C6,suspicious_shared_by_many_projects,,,batch_046.txt
BDS-CURATED-0374,đã có sổ riêng từng nền,has_unresolved_or_unattached_map_link,https://maps.app.goo.gl/o5yA5cAF8qJoTZqW8; https://goo.gl/maps/gHyC9FmNZYpnaoV77,https://maps.app.goo.gl/o5yA5cAF8qJoTZqW8; https://goo.gl/maps/gHyC9FmNZYpnaoV77,,,name_token_overlap>=2,batch_784.txt
BDS-CURATED-0164,Khu Đô Thị Văn Giang (Red River Villa) tại Hưng Yên,has_unresolved_or_unattached_map_link,https://maps.app.goo.gl/zNrudtbb4kMk2xxv5,https://maps.app.goo.gl/zNrudtbb4kMk2xxv5,suspicious_shared_by_many_projects,matched_teams_map_link,12,batch_393.txt
BDS-CURATED-0412,Swanbay 456ha hiện Dic đã chuyển,has_unresolved_or_unattached_map_link,https://maps.app.goo.gl/ioqJ9N2mKRyMdiAe6; https://www.google.com/maps/d/edit?mid=1GZCfnV4401jtKcup5hFe0KPBOBMYrp4&usp=sharing; https://maps.app.goo.gl/bKZVkKUcnYGRLJWw5; https://maps.app.goo.gl/7yPFeG3okyKbrLCM9; https://www.google.com/maps/d/edit?mid=1MawyjqMPRL80P8Y7qm_ZhtUgghnbpFc&usp=sharing; https://maps.app.goo.gl/efNjqXtJS5uqAid67; https://maps.app.goo.gl/xomcfbw3UHPYcLxG8; https://maps.app.goo.gl/cuqyDKdtbfwW1DAa8; https://maps.app.goo.gl/o5yA5cAF8qJoTZqW8; https://maps.app.goo.gl/UEv62Ht1RcfDLLML8; https://maps.app.goo.gl/TcCLZG1kwf9F7wCu5; https://maps.app.goo.gl/uKe9j2z7xKHjdR8A7; https://goo.gl/maps/xNEqZWHrXNzKYLHe6; https://maps.app.goo.gl/NT8XaQJv76yrgG946; https://maps.app.goo.gl/b6AweqeJiHMGShsq9; https://maps.app.goo.gl/B98HY6ThSbAhg1a98; https://maps.app.goo.gl/sY5sb4n5Lvp2K2oz7; https://maps.app.goo.gl/xQZeRwkJHuyDhx496; https://maps.app.goo.gl/s62kTxdTsTQvQHDJ9; https://maps.app.goo.gl/XwfK6AzNVqs5eFX17; https://maps.app.goo.gl/QAU1JqmdETLn951C; https://maps.app.goo.gl/K3ASKRs9Sc5yfa9z9; https://maps.app.goo.gl/zNrudtbb4kMk2xxv5; https://maps.app.goo.gl/dAy23L3wP3mTsMM88; https://maps.app.goo.gl/QydbrwwdHVvcm7keA; https://maps.app.goo.gl/uLPtqwAnwnevw4zz7; https://maps.app.goo.gl/zAmPVdt254bS1UUU7; https://maps.app.goo.gl/9PHZkvYiuadCm992A; https://goo.gl/maps/JhPoRTM15vQA7Kk6A; https://goo.gl/maps/rzwM8zz1vmEphauk6; https://goo.gl/maps/XXMLm2Ebm5FEFwig7; https://goo.gl/maps/GPVNSt7Q6a73xSKHA; https://goo.gl/maps/h4LQbK4dijinbrmF8; https://goo.gl/maps/YaZ9tS4Xqtm5REAe6; https://goo.gl/maps/g4UerEukDLx9YjWt5; https://goo.gl/maps/C86NnDNwQKH22Bek9-; https://goo.gl/maps/QUDziRBdFv7URi8QA; https://goo.gl/maps/cUNDNuwk9M5KBSbJA**; https://goo.gl/maps/tMLVh6Gm8DCwNDzN6; https://goo.gl/maps/dSeYp8x6gD6nWQJo7; https://goo.gl/maps/TKu4Ej99YDW51J8o6; https://goo.gl/maps/Y5rcVkPSFzuYQtaJ7; https://goo.gl/maps/tu8NToyeSY9qMEt19; https://goo.gl/maps/sMLMvWwegyerE3jJ9; https://goo.gl/maps/mJAEFg5zdD6J4Xbq8; https://goo.gl/maps/u7HMUhYJqdPGD9dz6; https://goo.gl/maps/9VManjp1YiqeSC1A8; https://goo.gl/maps/SeJtvcKkqmN6a7oy6; https://goo.gl/maps/hgxR4SsThT7KqvbUA; https://goo.gl/maps/JtDt3jc8pMZ3n7xH9; https://goo.gl/maps/GPLvd34uRNT1EL5bA; https://goo.gl/maps/oJP5R9Jfe8yAcrWY6; https://goo.gl/maps/trCxv7WmZ7Lim467A; https://goo.gl/maps/aSmRwi2p279NGLcb9; https://goo.gl/maps/s4v5mQf8LyZUv8B7A,https://maps.app.goo.gl/ioqJ9N2mKRyMdiAe6; https://www.google.com/maps/d/edit?mid=1GZCfnV4401jtKcup5hFe0KPBOBMYrp4&usp=sharing; https://maps.app.goo.gl/bKZVkKUcnYGRLJWw5; https://maps.app.goo.gl/7yPFeG3okyKbrLCM9; https://www.google.com/maps/d/edit?mid=1MawyjqMPRL80P8Y7qm_ZhtUgghnbpFc&usp=sharing; https://maps.app.goo.gl/efNjqXtJS5uqAid67; https://maps.app.goo.gl/xomcfbw3UHPYcLxG8; https://maps.app.goo.gl/cuqyDKdtbfwW1DAa8; https://maps.app.goo.gl/o5yA5cAF8qJoTZqW8; https://maps.app.goo.gl/UEv62Ht1RcfDLLML8; https://maps.app.goo.gl/TcCLZG1kwf9F7wCu5; https://maps.app.goo.gl/uKe9j2z7xKHjdR8A7; https://goo.gl/maps/xNEqZWHrXNzKYLHe6; https://maps.app.goo.gl/NT8XaQJv76yrgG946; https://maps.app.goo.gl/b6AweqeJiHMGShsq9; https://maps.app.goo.gl/B98HY6ThSbAhg1a98; https://maps.app.goo.gl/sY5sb4n5Lvp2K2oz7; https://maps.app.goo.gl/xQZeRwkJHuyDhx496; https://maps.app.goo.gl/s62kTxdTsTQvQHDJ9; https://maps.app.goo.gl/XwfK6AzNVqs5eFX17; https://maps.app.goo.gl/QAU1JqmdETLn951C; https://maps.app.goo.gl/K3ASKRs9Sc5yfa9z9; https://maps.app.goo.gl/zNrudtbb4kMk2xxv5; https://maps.app.goo.gl/dAy23L3wP3mTsMM88; https://maps.app.goo.gl/QydbrwwdHVvcm7keA; https://maps.app.goo.gl/uLPtqwAnwnevw4zz7; https://maps.app.goo.gl/zAmPVdt254bS1UUU7; https://maps.app.goo.gl/9PHZkvYiuadCm992A; https://goo.gl/maps/JhPoRTM15vQA7Kk6A; https://goo.gl/maps/rzwM8zz1vmEphauk6; https://goo.gl/maps/XXMLm2Ebm5FEFwig7; https://goo.gl/maps/GPVNSt7Q6a73xSKHA; https://goo.gl/maps/h4LQbK4dijinbrmF8; https://goo.gl/maps/YaZ9tS4Xqtm5REAe6; https://goo.gl/maps/g4UerEukDLx9YjWt5; https://goo.gl/maps/C86NnDNwQKH22Bek9-; https://goo.gl/maps/QUDziRBdFv7URi8QA; https://goo.gl/maps/cUNDNuwk9M5KBSbJA**; https://goo.gl/maps/tMLVh6Gm8DCwNDzN6; https://goo.gl/maps/dSeYp8x6gD6nWQJo7; https://goo.gl/maps/TKu4Ej99YDW51J8o6; https://goo.gl/maps/Y5rcVkPSFzuYQtaJ7; https://goo.gl/maps/tu8NToyeSY9qMEt19; https://goo.gl/maps/sMLMvWwegyerE3jJ9; https://goo.gl/maps/mJAEFg5zdD6J4Xbq8; https://goo.gl/maps/u7HMUhYJqdPGD9dz6; https://goo.gl/maps/9VManjp1YiqeSC1A8; https://goo.gl/maps/SeJtvcKkqmN6a7oy6; https://goo.gl/maps/hgxR4SsThT7KqvbUA; https://goo.gl/maps/JtDt3jc8pMZ3n7xH9; https://goo.gl/maps/GPLvd34uRNT1EL5bA; https://goo.gl/maps/oJP5R9Jfe8yAcrWY6; https://goo.gl/maps/trCxv7WmZ7Lim467A; https://goo.gl/maps/aSmRwi2p279NGLcb9; https://goo.gl/maps/s4v5mQf8LyZUv8B7A,,,name_token_overlap>=2,batch_872.txt
BDS-CURATED-0170,do mình có điều chỉnh qh 1/500,has_unresolved_or_unattached_map_link,https://maps.app.goo.gl/t178LDzcrFtjxgEz9; https://maps.app.goo.gl/GdiSL1z7fBFtk3tr8; https://maps.app.goo.gl/ioqJ9N2mKRyMdiAe6; https://maps.app.goo.gl/v8GdHbU3xb5G8JFs9; https://www.google.com/maps/d/edit?mid=1GZCfnV4401jtKcup5hFe0KPBOBMYrp4&usp=sharing; https://maps.app.goo.gl/bKZVkKUcnYGRLJWw5; https://maps.app.goo.gl/pTzfCxqkMYLuLe9z9; https://maps.app.goo.gl/ET75kfpwVX837fEE6; https://maps.app.goo.gl/47PLkeuNfzKvw38w8; https://maps.app.goo.gl/RXcEPNYx6EwAbDxF9; https://maps.app.goo.gl/xg6rRMGswq5scyCbA; https://maps.app.goo.gl/whvDoK2djK9ZczAK8; https://maps.app.goo.gl/efNjqXtJS5uqAid67; https://maps.app.goo.gl/cuqyDKdtbfwW1DAa8; https://maps.app.goo.gl/o5yA5cAF8qJoTZqW8; https://maps.app.goo.gl/UEv62Ht1RcfDLLML8; https://maps.app.goo.gl/TcCLZG1kwf9F7wCu5; https://maps.app.goo.gl/NT8XaQJv76yrgG946; https://maps.app.goo.gl/zNrudtbb4kMk2xxv5; https://maps.app.goo.gl/sY5sb4n5Lvp2K2oz7; https://maps.app.goo.gl/xQZeRwkJHuyDhx496; https://maps.app.goo.gl/s62kTxdTsTQvQHDJ9; https://maps.app.goo.gl/XwfK6AzNVqs5eFX17; https://maps.app.goo.gl/QAU1JqmdETLn951C; https://maps.app.goo.gl/K3ASKRs9Sc5yfa9z9; https://maps.app.goo.gl/dAy23L3wP3mTsMM88; https://maps.app.goo.gl/QydbrwwdHVvcm7keA; https://maps.app.goo.gl/zAmPVdt254bS1UUU7; https://maps.app.goo.gl/9PHZkvYiuadCm992A; https://goo.gl/maps/JhPoRTM15vQA7Kk6A; https://goo.gl/maps/XXMLm2Ebm5FEFwig7; https://goo.gl/maps/GPVNSt7Q6a73xSKHA; https://goo.gl/maps/h4LQbK4dijinbrmF8; https://goo.gl/maps/YaZ9tS4Xqtm5REAe6; https://goo.gl/maps/g4UerEukDLx9YjWt5; https://goo.gl/maps/dSeYp8x6gD6nWQJo7; https://goo.gl/maps/88psz7y8xzQTcyVn9; https://goo.gl/maps/hgxR4SsThT7KqvbUA; https://goo.gl/maps/gHyC9FmNZYpnaoV77; https://goo.gl/maps/trCxv7WmZ7Lim467A,https://maps.app.goo.gl/t178LDzcrFtjxgEz9; https://maps.app.goo.gl/GdiSL1z7fBFtk3tr8; https://maps.app.goo.gl/ioqJ9N2mKRyMdiAe6; https://maps.app.goo.gl/v8GdHbU3xb5G8JFs9; https://www.google.com/maps/d/edit?mid=1GZCfnV4401jtKcup5hFe0KPBOBMYrp4&usp=sharing; https://maps.app.goo.gl/bKZVkKUcnYGRLJWw5; https://maps.app.goo.gl/pTzfCxqkMYLuLe9z9; https://maps.app.goo.gl/ET75kfpwVX837fEE6; https://maps.app.goo.gl/47PLkeuNfzKvw38w8; https://maps.app.goo.gl/RXcEPNYx6EwAbDxF9; https://maps.app.goo.gl/xg6rRMGswq5scyCbA; https://maps.app.goo.gl/whvDoK2djK9ZczAK8; https://maps.app.goo.gl/efNjqXtJS5uqAid67; https://maps.app.goo.gl/cuqyDKdtbfwW1DAa8; https://maps.app.goo.gl/o5yA5cAF8qJoTZqW8; https://maps.app.goo.gl/UEv62Ht1RcfDLLML8; https://maps.app.goo.gl/TcCLZG1kwf9F7wCu5; https://maps.app.goo.gl/NT8XaQJv76yrgG946; https://maps.app.goo.gl/zNrudtbb4kMk2xxv5; https://maps.app.goo.gl/sY5sb4n5Lvp2K2oz7; https://maps.app.goo.gl/xQZeRwkJHuyDhx496; https://maps.app.goo.gl/s62kTxdTsTQvQHDJ9; https://maps.app.goo.gl/XwfK6AzNVqs5eFX17; https://maps.app.goo.gl/QAU1JqmdETLn951C; https://maps.app.goo.gl/K3ASKRs9Sc5yfa9z9; https://maps.app.goo.gl/dAy23L3wP3mTsMM88; https://maps.app.goo.gl/QydbrwwdHVvcm7keA; https://maps.app.goo.gl/zAmPVdt254bS1UUU7; https://maps.app.goo.gl/9PHZkvYiuadCm992A; https://goo.gl/maps/JhPoRTM15vQA7Kk6A; https://goo.gl/maps/XXMLm2Ebm5FEFwig7; https://goo.gl/maps/GPVNSt7Q6a73xSKHA; https://goo.gl/maps/h4LQbK4dijinbrmF8; https://goo.gl/maps/YaZ9tS4Xqtm5REAe6; https://goo.gl/maps/g4UerEukDLx9YjWt5; https://goo.gl/maps/dSeYp8x6gD6nWQJo7; https://goo.gl/maps/88psz7y8xzQTcyVn9; https://goo.gl/maps/hgxR4SsThT7KqvbUA; https://goo.gl/maps/gHyC9FmNZYpnaoV77; https://goo.gl/maps/trCxv7WmZ7Lim467A,suspicious_shared_by_many_projects,matched_teams_map_link,name_token_overlap>=2,batch_762.txt
BDS-CURATED-0384,hiện tại là 28,no_map_link_found_in_matched_raw,,,,,,batch_263.txt; batch_325.txt
BDS-CURATED-0416,khác Team cũng có đánh giá lại theo giá thị trường,has_unresolved_or_unattached_map_link,https://www.google.com/maps/d/edit?mid=1MawyjqMPRL80P8Y7qm_ZhtUgghnbpFc&usp=sharing; https://maps.app.goo.gl/t178LDzcrFtjxgEz9; https://maps.app.goo.gl/qDbb6mJHvwhXw4Az6; https://maps.app.goo.gl/D8GuCY5LefTH8JVq9; https://maps.app.goo.gl/GdiSL1z7fBFtk3tr8; https://maps.app.goo.gl/ioqJ9N2mKRyMdiAe6; https://maps.app.goo.gl/dRnRPbNFPmCfsTHAA; https://www.google.com/maps/d/edit?mid=1pYF3M65dQngj9P_VP8SbXUKy92nYnFo&usp=sharing; https://maps.app.goo.gl/v8GdHbU3xb5G8JFs9; https://maps.app.goo.gl/6iyNdteYfVyyT9Xy9; https://goo.gl/maps/Empzn8zwhyULFrqV8; https://maps.app.goo.gl/AoJAreLLvUUHzVVw5; https://maps.app.goo.gl/zNrudtbb4kMk2xxv5; https://www.google.com/maps/d/edit?mid=1GZCfnV4401jtKcup5hFe0KPBOBMYrp4&usp=sharing; https://maps.app.goo.gl/Mww4k2RWctPHssMQA; https://maps.app.goo.gl/Hn6baY7yBKNTcRXs8; https://maps.app.goo.gl/bKZVkKUcnYGRLJWw5; https://www.google.com/maps/d/edit?mid=1Fl7DvT-DOnJvyHZ0Oq5v-nUadBLGHFo&usp=sharing; https://maps.app.goo.gl/pTzfCxqkMYLuLe9z9; https://maps.app.goo.gl/Fsyo4xmwK3kmzbC9A; https://maps.app.goo.gl/hMM3KEF5KhFhsZJi7; https://maps.app.goo.gl/ET75kfpwVX837fEE6; https://maps.app.goo.gl/47PLkeuNfzKvw38w8; https://maps.app.goo.gl/RXcEPNYx6EwAbDxF9; https://maps.app.goo.gl/xg6rRMGswq5scyCbA; https://maps.app.goo.gl/whvDoK2djK9ZczAK8; https://maps.app.goo.gl/gr7GZiwJ71dX1nzNA; https://maps.app.goo.gl/9D1AGeGBDHSvttic8; https://maps.app.goo.gl/xomcfbw3UHPYcLxG8; https://maps.app.goo.gl/wbNjvBPsJioGNogn8; https://maps.app.goo.gl/DAATNJRd8MxG4uyaA; https://maps.app.goo.gl/cuqyDKdtbfwW1DAa8; https://maps.app.goo.gl/o5yA5cAF8qJoTZqW8; https://maps.app.goo.gl/UEv62Ht1RcfDLLML8; https://maps.app.goo.gl/TcCLZG1kwf9F7wCu5; https://maps.app.goo.gl/yVp7cfpfnfdzb7mV7; https://maps.app.goo.gl/uKe9j2z7xKHjdR8A7; https://goo.gl/maps/xNEqZWHrXNzKYLHe6; https://maps.app.goo.gl/NT8XaQJv76yrgG946; https://maps.app.goo.gl/b6AweqeJiHMGShsq9; https://maps.app.goo.gl/B98HY6ThSbAhg1a98; https://maps.app.goo.gl/sY5sb4n5Lvp2K2oz7; https://maps.app.goo.gl/xQZeRwkJHuyDhx496; https://maps.app.goo.gl/s62kTxdTsTQvQHDJ9; https://maps.app.goo.gl/XwfK6AzNVqs5eFX17; https://maps.app.goo.gl/QAU1JqmdETLn951C; https://maps.app.goo.gl/K3ASKRs9Sc5yfa9z9; https://maps.app.goo.gl/E7ucSVc9hHKpPNDQ6; https://maps.app.goo.gl/uLPtqwAnwnevw4zz7; https://maps.app.goo.gl/VRterbzJvDcxUkVJ6; https://maps.app.goo.gl/zAmPVdt254bS1UUU7; https://maps.app.goo.gl/9PHZkvYiuadCm992A; https://goo.gl/maps/JhPoRTM15vQA7Kk6A; https://goo.gl/maps/rzwM8zz1vmEphauk6; https://goo.gl/maps/XXMLm2Ebm5FEFwig7; https://goo.gl/maps/BgnUiLh44bo3Nyq37; https://goo.gl/maps/FmDxfXdHa9mdoGK99; https://goo.gl/maps/KCGefw7KgVDUzTPh7; https://goo.gl/maps/h4LQbK4dijinbrmF8; https://goo.gl/maps/AivqKgNA3GRARDNZ7; https://goo.gl/maps/k4R8TwNVtrg4BrJc9; https://goo.gl/maps/cUNDNuwk9M5KBSbJA**; https://goo.gl/maps/tMLVh6Gm8DCwNDzN6; https://goo.gl/maps/xLiJbzx1TGiATefw5; https://goo.gl/maps/88psz7y8xzQTcyVn9; https://goo.gl/maps/TKu4Ej99YDW51J8o6; https://goo.gl/maps/Y5rcVkPSFzuYQtaJ7; https://goo.gl/maps/tu8NToyeSY9qMEt19; https://goo.gl/maps/oJBLCYE9ShbB6ZA6A; https://goo.gl/maps/mJAEFg5zdD6J4Xbq8; https://goo.gl/maps/u7HMUhYJqdPGD9dz6; https://goo.gl/maps/1eXNtJWdQZHPkvXp8; https://goo.gl/maps/9VManjp1YiqeSC1A8; https://goo.gl/maps/SeJtvcKkqmN6a7oy6; https://goo.gl/maps/hgxR4SsThT7KqvbUA; https://goo.gl/maps/5AF74tZoTkBqM71d6; https://goo.gl/maps/trCxv7WmZ7Lim467A,https://www.google.com/maps/d/edit?mid=1MawyjqMPRL80P8Y7qm_ZhtUgghnbpFc&usp=sharing; https://maps.app.goo.gl/t178LDzcrFtjxgEz9; https://maps.app.goo.gl/qDbb6mJHvwhXw4Az6; https://maps.app.goo.gl/D8GuCY5LefTH8JVq9; https://maps.app.goo.gl/GdiSL1z7fBFtk3tr8; https://maps.app.goo.gl/ioqJ9N2mKRyMdiAe6; https://maps.app.goo.gl/dRnRPbNFPmCfsTHAA; https://www.google.com/maps/d/edit?mid=1pYF3M65dQngj9P_VP8SbXUKy92nYnFo&usp=sharing; https://maps.app.goo.gl/v8GdHbU3xb5G8JFs9; https://maps.app.goo.gl/6iyNdteYfVyyT9Xy9; https://goo.gl/maps/Empzn8zwhyULFrqV8; https://maps.app.goo.gl/AoJAreLLvUUHzVVw5; https://maps.app.goo.gl/zNrudtbb4kMk2xxv5; https://www.google.com/maps/d/edit?mid=1GZCfnV4401jtKcup5hFe0KPBOBMYrp4&usp=sharing; https://maps.app.goo.gl/Mww4k2RWctPHssMQA; https://maps.app.goo.gl/Hn6baY7yBKNTcRXs8; https://maps.app.goo.gl/bKZVkKUcnYGRLJWw5; https://www.google.com/maps/d/edit?mid=1Fl7DvT-DOnJvyHZ0Oq5v-nUadBLGHFo&usp=sharing; https://maps.app.goo.gl/pTzfCxqkMYLuLe9z9; https://maps.app.goo.gl/Fsyo4xmwK3kmzbC9A; https://maps.app.goo.gl/hMM3KEF5KhFhsZJi7; https://maps.app.goo.gl/ET75kfpwVX837fEE6; https://maps.app.goo.gl/47PLkeuNfzKvw38w8; https://maps.app.goo.gl/RXcEPNYx6EwAbDxF9; https://maps.app.goo.gl/xg6rRMGswq5scyCbA; https://maps.app.goo.gl/whvDoK2djK9ZczAK8; https://maps.app.goo.gl/gr7GZiwJ71dX1nzNA; https://maps.app.goo.gl/9D1AGeGBDHSvttic8; https://maps.app.goo.gl/xomcfbw3UHPYcLxG8; https://maps.app.goo.gl/wbNjvBPsJioGNogn8; https://maps.app.goo.gl/DAATNJRd8MxG4uyaA; https://maps.app.goo.gl/cuqyDKdtbfwW1DAa8; https://maps.app.goo.gl/o5yA5cAF8qJoTZqW8; https://maps.app.goo.gl/UEv62Ht1RcfDLLML8; https://maps.app.goo.gl/TcCLZG1kwf9F7wCu5; https://maps.app.goo.gl/yVp7cfpfnfdzb7mV7; https://maps.app.goo.gl/uKe9j2z7xKHjdR8A7; https://goo.gl/maps/xNEqZWHrXNzKYLHe6; https://maps.app.goo.gl/NT8XaQJv76yrgG946; https://maps.app.goo.gl/b6AweqeJiHMGShsq9; https://maps.app.goo.gl/B98HY6ThSbAhg1a98; https://maps.app.goo.gl/sY5sb4n5Lvp2K2oz7; https://maps.app.goo.gl/xQZeRwkJHuyDhx496; https://maps.app.goo.gl/s62kTxdTsTQvQHDJ9; https://maps.app.goo.gl/XwfK6AzNVqs5eFX17; https://maps.app.goo.gl/QAU1JqmdETLn951C; https://maps.app.goo.gl/K3ASKRs9Sc5yfa9z9; https://maps.app.goo.gl/E7ucSVc9hHKpPNDQ6; https://maps.app.goo.gl/uLPtqwAnwnevw4zz7; https://maps.app.goo.gl/VRterbzJvDcxUkVJ6; https://maps.app.goo.gl/zAmPVdt254bS1UUU7; https://maps.app.goo.gl/9PHZkvYiuadCm992A; https://goo.gl/maps/JhPoRTM15vQA7Kk6A; https://goo.gl/maps/rzwM8zz1vmEphauk6; https://goo.gl/maps/XXMLm2Ebm5FEFwig7; https://goo.gl/maps/BgnUiLh44bo3Nyq37; https://goo.gl/maps/FmDxfXdHa9mdoGK99; https://goo.gl/maps/KCGefw7KgVDUzTPh7; https://goo.gl/maps/h4LQbK4dijinbrmF8; https://goo.gl/maps/AivqKgNA3GRARDNZ7; https://goo.gl/maps/k4R8TwNVtrg4BrJc9; https://goo.gl/maps/cUNDNuwk9M5KBSbJA**; https://goo.gl/maps/tMLVh6Gm8DCwNDzN6; https://goo.gl/maps/xLiJbzx1TGiATefw5; https://goo.gl/maps/88psz7y8xzQTcyVn9; https://goo.gl/maps/TKu4Ej99YDW51J8o6; https://goo.gl/maps/Y5rcVkPSFzuYQtaJ7; https://goo.gl/maps/tu8NToyeSY9qMEt19; https://goo.gl/maps/oJBLCYE9ShbB6ZA6A; https://goo.gl/maps/mJAEFg5zdD6J4Xbq8; https://goo.gl/maps/u7HMUhYJqdPGD9dz6; https://goo.gl/maps/1eXNtJWdQZHPkvXp8; https://goo.gl/maps/9VManjp1YiqeSC1A8; https://goo.gl/maps/SeJtvcKkqmN6a7oy6; https://goo.gl/maps/hgxR4SsThT7KqvbUA; https://goo.gl/maps/5AF74tZoTkBqM71d6; https://goo.gl/maps/trCxv7WmZ7Lim467A,,,name_token_overlap>=2,batch_443.txt
BDS-CURATED-0118,không đạt hiệu quả tài,has_unresolved_or_unattached_map_link,https://goo.gl/maps/eqfdgJBc7XT7VhAW8; https://maps.app.goo.gl/t178LDzcrFtjxgEz9; https://maps.app.goo.gl/qDbb6mJHvwhXw4Az6; https://maps.app.goo.gl/D8GuCY5LefTH8JVq9; https://maps.app.goo.gl/GdiSL1z7fBFtk3tr8; https://maps.app.goo.gl/ioqJ9N2mKRyMdiAe6; https://maps.app.goo.gl/dRnRPbNFPmCfsTHAA; https://maps.app.goo.gl/6iyNdteYfVyyT9Xy9; https://maps.app.goo.gl/AoJAreLLvUUHzVVw5; https://maps.app.goo.gl/zNrudtbb4kMk2xxv5; https://www.google.com/maps/d/edit?mid=1SAcLUqc-JTEBiY1uNXVoDUdI-a5wJd0&ll=10.002013642197713%2C105…; https://maps.app.goo.gl/QVMCmJp83pMBNKrL8; https://www.google.com/maps/d/edit?mid=1Fl7DvT-DOnJvyHZ0Oq5v-nUadBLGHFo&usp=sharing; https://maps.app.goo.gl/Fsyo4xmwK3kmzbC9A; https://maps.app.goo.gl/hMM3KEF5KhFhsZJi7; https://maps.app.goo.gl/acrdQ54V3NVNNkKh9; https://maps.app.goo.gl/u5QRXoNjSCh5uxRx5; https://www.google.com/maps/d/edit?mid=1MawyjqMPRL80P8Y7qm_ZhtUgghnbpFc&usp=sharing; https://maps.app.goo.gl/xg6rRMGswq5scyCbA; https://maps.app.goo.gl/whvDoK2djK9ZczAK8; https://maps.app.goo.gl/gr7GZiwJ71dX1nzNA; https://maps.app.goo.gl/efNjqXtJS5uqAid67; https://maps.app.goo.gl/xomcfbw3UHPYcLxG8; https://maps.app.goo.gl/wbNjvBPsJioGNogn8; https://maps.app.goo.gl/DAATNJRd8MxG4uyaA; https://maps.app.goo.gl/cuqyDKdtbfwW1DAa8; https://maps.app.goo.gl/o5yA5cAF8qJoTZqW8; https://maps.app.goo.gl/UEv62Ht1RcfDLLML8; https://maps.app.goo.gl/yVp7cfpfnfdzb7mV7; https://goo.gl/maps/xNEqZWHrXNzKYLHe6; https://maps.app.goo.gl/NT8XaQJv76yrgG946; https://maps.app.goo.gl/B98HY6ThSbAhg1a98; https://maps.app.goo.gl/sY5sb4n5Lvp2K2oz7; https://maps.app.goo.gl/xQZeRwkJHuyDhx496; https://maps.app.goo.gl/s62kTxdTsTQvQHDJ9; https://maps.app.goo.gl/XwfK6AzNVqs5eFX17; https://maps.app.goo.gl/QAU1JqmdETLn951C; https://maps.app.goo.gl/K3ASKRs9Sc5yfa9z9; https://maps.app.goo.gl/E7ucSVc9hHKpPNDQ6; https://maps.app.goo.gl/4E1Yi9DPgpF2CdaE7; https://maps.app.goo.gl/VRterbzJvDcxUkVJ6; https://goo.gl/maps/XXMLm2Ebm5FEFwig7; https://goo.gl/maps/BgnUiLh44bo3Nyq37; https://goo.gl/maps/FmDxfXdHa9mdoGK99; https://goo.gl/maps/GPVNSt7Q6a73xSKHA; https://goo.gl/maps/nSTM1wgMZyyzcAhg9; https://goo.gl/maps/h4LQbK4dijinbrmF8; https://goo.gl/maps/AivqKgNA3GRARDNZ7; https://goo.gl/maps/k4R8TwNVtrg4BrJc9; https://goo.gl/maps/YaZ9tS4Xqtm5REAe6; https://goo.gl/maps/g4UerEukDLx9YjWt5; https://goo.gl/maps/QUDziRBdFv7URi8QA; https://goo.gl/maps/VFB9RLFqHkCjVD4Y6; https://goo.gl/maps/xLiJbzx1TGiATefw5; https://goo.gl/maps/88psz7y8xzQTcyVn9; https://goo.gl/maps/TKu4Ej99YDW51J8o6; https://goo.gl/maps/Y5rcVkPSFzuYQtaJ7; https://goo.gl/maps/tu8NToyeSY9qMEt19; https://goo.gl/maps/sMLMvWwegyerE3jJ9; https://goo.gl/maps/mJAEFg5zdD6J4Xbq8; https://goo.gl/maps/u7HMUhYJqdPGD9dz6; https://goo.gl/maps/1eXNtJWdQZHPkvXp8; https://goo.gl/maps/SeJtvcKkqmN6a7oy6; https://goo.gl/maps/hgxR4SsThT7KqvbUA; https://goo.gl/maps/trCxv7WmZ7Lim467A,https://goo.gl/maps/eqfdgJBc7XT7VhAW8; https://maps.app.goo.gl/t178LDzcrFtjxgEz9; https://maps.app.goo.gl/qDbb6mJHvwhXw4Az6; https://maps.app.goo.gl/D8GuCY5LefTH8JVq9; https://maps.app.goo.gl/GdiSL1z7fBFtk3tr8; https://maps.app.goo.gl/ioqJ9N2mKRyMdiAe6; https://maps.app.goo.gl/dRnRPbNFPmCfsTHAA; https://maps.app.goo.gl/6iyNdteYfVyyT9Xy9; https://maps.app.goo.gl/AoJAreLLvUUHzVVw5; https://maps.app.goo.gl/zNrudtbb4kMk2xxv5; https://www.google.com/maps/d/edit?mid=1SAcLUqc-JTEBiY1uNXVoDUdI-a5wJd0&ll=10.002013642197713%2C105…; https://maps.app.goo.gl/QVMCmJp83pMBNKrL8; https://www.google.com/maps/d/edit?mid=1Fl7DvT-DOnJvyHZ0Oq5v-nUadBLGHFo&usp=sharing; https://maps.app.goo.gl/Fsyo4xmwK3kmzbC9A; https://maps.app.goo.gl/hMM3KEF5KhFhsZJi7; https://maps.app.goo.gl/acrdQ54V3NVNNkKh9; https://maps.app.goo.gl/u5QRXoNjSCh5uxRx5; https://www.google.com/maps/d/edit?mid=1MawyjqMPRL80P8Y7qm_ZhtUgghnbpFc&usp=sharing; https://maps.app.goo.gl/xg6rRMGswq5scyCbA; https://maps.app.goo.gl/whvDoK2djK9ZczAK8; https://maps.app.goo.gl/gr7GZiwJ71dX1nzNA; https://maps.app.goo.gl/efNjqXtJS5uqAid67; https://maps.app.goo.gl/xomcfbw3UHPYcLxG8; https://maps.app.goo.gl/wbNjvBPsJioGNogn8; https://maps.app.goo.gl/DAATNJRd8MxG4uyaA; https://maps.app.goo.gl/cuqyDKdtbfwW1DAa8; https://maps.app.goo.gl/o5yA5cAF8qJoTZqW8; https://maps.app.goo.gl/UEv62Ht1RcfDLLML8; https://maps.app.goo.gl/yVp7cfpfnfdzb7mV7; https://goo.gl/maps/xNEqZWHrXNzKYLHe6; https://maps.app.goo.gl/NT8XaQJv76yrgG946; https://maps.app.goo.gl/B98HY6ThSbAhg1a98; https://maps.app.goo.gl/sY5sb4n5Lvp2K2oz7; https://maps.app.goo.gl/xQZeRwkJHuyDhx496; https://maps.app.goo.gl/s62kTxdTsTQvQHDJ9; https://maps.app.goo.gl/XwfK6AzNVqs5eFX17; https://maps.app.goo.gl/QAU1JqmdETLn951C; https://maps.app.goo.gl/K3ASKRs9Sc5yfa9z9; https://maps.app.goo.gl/E7ucSVc9hHKpPNDQ6; https://maps.app.goo.gl/4E1Yi9DPgpF2CdaE7; https://maps.app.goo.gl/VRterbzJvDcxUkVJ6; https://goo.gl/maps/XXMLm2Ebm5FEFwig7; https://goo.gl/maps/BgnUiLh44bo3Nyq37; https://goo.gl/maps/FmDxfXdHa9mdoGK99; https://goo.gl/maps/GPVNSt7Q6a73xSKHA; https://goo.gl/maps/nSTM1wgMZyyzcAhg9; https://goo.gl/maps/h4LQbK4dijinbrmF8; https://goo.gl/maps/AivqKgNA3GRARDNZ7; https://goo.gl/maps/k4R8TwNVtrg4BrJc9; https://goo.gl/maps/YaZ9tS4Xqtm5REAe6; https://goo.gl/maps/g4UerEukDLx9YjWt5; https://goo.gl/maps/QUDziRBdFv7URi8QA; https://goo.gl/maps/VFB9RLFqHkCjVD4Y6; https://goo.gl/maps/xLiJbzx1TGiATefw5; https://goo.gl/maps/88psz7y8xzQTcyVn9; https://goo.gl/maps/TKu4Ej99YDW51J8o6; https://goo.gl/maps/Y5rcVkPSFzuYQtaJ7; https://goo.gl/maps/tu8NToyeSY9qMEt19; https://goo.gl/maps/sMLMvWwegyerE3jJ9; https://goo.gl/maps/mJAEFg5zdD6J4Xbq8; https://goo.gl/maps/u7HMUhYJqdPGD9dz6; https://goo.gl/maps/1eXNtJWdQZHPkvXp8; https://goo.gl/maps/SeJtvcKkqmN6a7oy6; https://goo.gl/maps/hgxR4SsThT7KqvbUA; https://goo.gl/maps/trCxv7WmZ7Lim467A,suspicious_shared_by_many_projects,matched_teams_map_link,name_token_overlap>=2,batch_917.txt
BDS-CURATED-0186,CCN Giao Yến cũng đang ở bước đầu xin dự án,has_unresolved_or_unattached_map_link,https://maps.app.goo.gl/UEv62Ht1RcfDLLML8; https://maps.app.goo.gl/qDbb6mJHvwhXw4Az6; https://maps.app.goo.gl/ioqJ9N2mKRyMdiAe6; https://www.google.com/maps/d/edit?mid=1pYF3M65dQngj9P_VP8SbXUKy92nYnFo&usp=sharing; https://maps.app.goo.gl/7yPFeG3okyKbrLCM9; https://www.google.com/maps/d/edit?mid=1MawyjqMPRL80P8Y7qm_ZhtUgghnbpFc&usp=sharing; https://maps.app.goo.gl/ET75kfpwVX837fEE6; https://maps.app.goo.gl/47PLkeuNfzKvw38w8; https://maps.app.goo.gl/RXcEPNYx6EwAbDxF9; https://maps.app.goo.gl/xg6rRMGswq5scyCbA; https://maps.app.goo.gl/whvDoK2djK9ZczAK8; https://maps.app.goo.gl/gr7GZiwJ71dX1nzNA; https://maps.app.goo.gl/efNjqXtJS5uqAid67; https://maps.app.goo.gl/wbNjvBPsJioGNogn8; https://maps.app.goo.gl/DAATNJRd8MxG4uyaA; https://maps.app.goo.gl/o5yA5cAF8qJoTZqW8; https://maps.app.goo.gl/Wji4ey8prbGM2zHJ6; https://maps.app.goo.gl/TcCLZG1kwf9F7wCu5; https://maps.app.goo.gl/yVp7cfpfnfdzb7mV7; https://maps.app.goo.gl/uKe9j2z7xKHjdR8A7; https://maps.app.goo.gl/zNrudtbb4kMk2xxv5; https://maps.app.goo.gl/B98HY6ThSbAhg1a98; https://maps.app.goo.gl/sY5sb4n5Lvp2K2oz7; https://maps.app.goo.gl/s62kTxdTsTQvQHDJ9; https://maps.app.goo.gl/XwfK6AzNVqs5eFX17; https://maps.app.goo.gl/QAU1JqmdETLn951C; https://maps.app.goo.gl/K3ASKRs9Sc5yfa9z9; https://maps.app.goo.gl/4E1Yi9DPgpF2CdaE7; https://maps.app.goo.gl/uLPtqwAnwnevw4zz7; https://maps.app.goo.gl/9PHZkvYiuadCm992A; https://goo.gl/maps/JhPoRTM15vQA7Kk6A; https://goo.gl/maps/aChZ8vYJMZ8j6SjR7; https://goo.gl/maps/GPVNSt7Q6a73xSKHA; https://goo.gl/maps/k4R8TwNVtrg4BrJc9; https://goo.gl/maps/xLiJbzx1TGiATefw5; https://goo.gl/maps/TKu4Ej99YDW51J8o6; https://goo.gl/maps/Y5rcVkPSFzuYQtaJ7; https://goo.gl/maps/tu8NToyeSY9qMEt19; https://goo.gl/maps/1eXNtJWdQZHPkvXp8; https://goo.gl/maps/9VManjp1YiqeSC1A8; https://goo.gl/maps/SeJtvcKkqmN6a7oy6; https://goo.gl/maps/JtDt3jc8pMZ3n7xH9; https://goo.gl/maps/GPLvd34uRNT1EL5bA; https://goo.gl/maps/oJP5R9Jfe8yAcrWY6; https://goo.gl/maps/trCxv7WmZ7Lim467A,https://maps.app.goo.gl/UEv62Ht1RcfDLLML8; https://maps.app.goo.gl/qDbb6mJHvwhXw4Az6; https://maps.app.goo.gl/ioqJ9N2mKRyMdiAe6; https://www.google.com/maps/d/edit?mid=1pYF3M65dQngj9P_VP8SbXUKy92nYnFo&usp=sharing; https://maps.app.goo.gl/7yPFeG3okyKbrLCM9; https://www.google.com/maps/d/edit?mid=1MawyjqMPRL80P8Y7qm_ZhtUgghnbpFc&usp=sharing; https://maps.app.goo.gl/ET75kfpwVX837fEE6; https://maps.app.goo.gl/47PLkeuNfzKvw38w8; https://maps.app.goo.gl/RXcEPNYx6EwAbDxF9; https://maps.app.goo.gl/xg6rRMGswq5scyCbA; https://maps.app.goo.gl/whvDoK2djK9ZczAK8; https://maps.app.goo.gl/gr7GZiwJ71dX1nzNA; https://maps.app.goo.gl/efNjqXtJS5uqAid67; https://maps.app.goo.gl/wbNjvBPsJioGNogn8; https://maps.app.goo.gl/DAATNJRd8MxG4uyaA; https://maps.app.goo.gl/o5yA5cAF8qJoTZqW8; https://maps.app.goo.gl/Wji4ey8prbGM2zHJ6; https://maps.app.goo.gl/TcCLZG1kwf9F7wCu5; https://maps.app.goo.gl/yVp7cfpfnfdzb7mV7; https://maps.app.goo.gl/uKe9j2z7xKHjdR8A7; https://maps.app.goo.gl/zNrudtbb4kMk2xxv5; https://maps.app.goo.gl/B98HY6ThSbAhg1a98; https://maps.app.goo.gl/sY5sb4n5Lvp2K2oz7; https://maps.app.goo.gl/s62kTxdTsTQvQHDJ9; https://maps.app.goo.gl/XwfK6AzNVqs5eFX17; https://maps.app.goo.gl/QAU1JqmdETLn951C; https://maps.app.goo.gl/K3ASKRs9Sc5yfa9z9; https://maps.app.goo.gl/4E1Yi9DPgpF2CdaE7; https://maps.app.goo.gl/uLPtqwAnwnevw4zz7; https://maps.app.goo.gl/9PHZkvYiuadCm992A; https://goo.gl/maps/JhPoRTM15vQA7Kk6A; https://goo.gl/maps/aChZ8vYJMZ8j6SjR7; https://goo.gl/maps/GPVNSt7Q6a73xSKHA; https://goo.gl/maps/k4R8TwNVtrg4BrJc9; https://goo.gl/maps/xLiJbzx1TGiATefw5; https://goo.gl/maps/TKu4Ej99YDW51J8o6; https://goo.gl/maps/Y5rcVkPSFzuYQtaJ7; https://goo.gl/maps/tu8NToyeSY9qMEt19; https://goo.gl/maps/1eXNtJWdQZHPkvXp8; https://goo.gl/maps/9VManjp1YiqeSC1A8; https://goo.gl/maps/SeJtvcKkqmN6a7oy6; https://goo.gl/maps/JtDt3jc8pMZ3n7xH9; https://goo.gl/maps/GPLvd34uRNT1EL5bA; https://goo.gl/maps/oJP5R9Jfe8yAcrWY6; https://goo.gl/maps/trCxv7WmZ7Lim467A,suspicious_shared_by_many_projects,matched_teams_map_link,name_token_overlap>=2,batch_888.txt
BDS-CURATED-0353,Fenica,no_map_link_found_in_matched_raw,,,,,,batch_191.txt
BDS-CURATED-0382,"SADACO - Phú Mỹ""",no_map_link_found_in_matched_raw,,,,,,batch_485.txt
BDS-CURATED-0121,trong thời gian khai thác kinh doanh,has_unresolved_or_unattached_map_link,https://goo.gl/maps/YaZ9tS4Xqtm5REAe6; https://maps.app.goo.gl/t178LDzcrFtjxgEz9; https://maps.app.goo.gl/qDbb6mJHvwhXw4Az6; https://maps.app.goo.gl/GdiSL1z7fBFtk3tr8; https://maps.app.goo.gl/ioqJ9N2mKRyMdiAe6; https://maps.app.goo.gl/dRnRPbNFPmCfsTHAA; https://www.google.com/maps/d/edit?mid=1pYF3M65dQngj9P_VP8SbXUKy92nYnFo&usp=sharing; https://maps.app.goo.gl/6iyNdteYfVyyT9Xy9; https://maps.app.goo.gl/AoJAreLLvUUHzVVw5; https://maps.app.goo.gl/zNrudtbb4kMk2xxv5; https://maps.app.goo.gl/H57L1w8ReXXNhtb99; https://www.google.com/maps/d/edit?mid=1SAcLUqc-JTEBiY1uNXVoDUdI-a5wJd0&ll=10.002013642197713%2C105…; https://www.google.com/maps/d/edit?mid=1GZCfnV4401jtKcup5hFe0KPBOBMYrp4&usp=sharing; https://maps.app.goo.gl/QVMCmJp83pMBNKrL8; https://maps.app.goo.gl/Mww4k2RWctPHssMQA; https://maps.app.goo.gl/Hn6baY7yBKNTcRXs8; https://maps.app.goo.gl/bKZVkKUcnYGRLJWw5; https://www.google.com/maps/d/edit?mid=1Fl7DvT-DOnJvyHZ0Oq5v-nUadBLGHFo&usp=sharing; https://maps.app.goo.gl/LU2Nvzo1LBLur6; https://maps.app.goo.gl/pTzfCxqkMYLuLe9z9; https://maps.app.goo.gl/Fsyo4xmwK3kmzbC9A; https://maps.app.goo.gl/hMM3KEF5KhFhsZJi7; https://maps.app.goo.gl/7yPFeG3okyKbrLCM9; https://maps.app.goo.gl/acrdQ54V3NVNNkKh9; https://maps.app.goo.gl/u5QRXoNjSCh5uxRx5; https://www.google.com/maps/d/edit?mid=1MawyjqMPRL80P8Y7qm_ZhtUgghnbpFc&usp=sharing; https://maps.app.goo.gl/ET75kfpwVX837fEE6; https://maps.app.goo.gl/47PLkeuNfzKvw38w8; https://maps.app.goo.gl/RXcEPNYx6EwAbDxF9; https://maps.app.goo.gl/xg6rRMGswq5scyCbA; https://maps.app.goo.gl/whvDoK2djK9ZczAK8; https://maps.app.goo.gl/gr7GZiwJ71dX1nzNA; https://maps.app.goo.gl/efNjqXtJS5uqAid67; https://maps.app.goo.gl/9D1AGeGBDHSvttic8; https://maps.app.goo.gl/xomcfbw3UHPYcLxG8; https://maps.app.goo.gl/wbNjvBPsJioGNogn8; https://maps.app.goo.gl/DAATNJRd8MxG4uyaA; https://maps.app.goo.gl/cuqyDKdtbfwW1DAa8; https://maps.app.goo.gl/o5yA5cAF8qJoTZqW8; https://maps.app.goo.gl/Wji4ey8prbGM2zHJ6; https://maps.app.goo.gl/UEv62Ht1RcfDLLML8; https://maps.app.goo.gl/yVp7cfpfnfdzb7mV7; https://maps.app.goo.gl/uKe9j2z7xKHjdR8A7; https://www.google.com/maps/d/u/1/edit?mid=10gTnNN6aieu1u3Xx49gGnnp177W4zag&usp=sharing; https://goo.gl/maps/xNEqZWHrXNzKYLHe6; https://maps.app.goo.gl/NT8XaQJv76yrgG946; https://maps.app.goo.gl/b6AweqeJiHMGShsq9; https://maps.app.goo.gl/B98HY6ThSbAhg1a98; https://maps.app.goo.gl/sY5sb4n5Lvp2K2oz7; https://maps.app.goo.gl/xQZeRwkJHuyDhx496; https://maps.app.goo.gl/s62kTxdTsTQvQHDJ9; https://maps.app.goo.gl/XwfK6AzNVqs5eFX17; https://maps.app.goo.gl/QAU1JqmdETLn951C; https://maps.app.goo.gl/K3ASKRs9Sc5yfa9z9; https://maps.app.goo.gl/dAy23L3wP3mTsMM88; https://maps.app.goo.gl/QydbrwwdHVvcm7keA; https://maps.app.goo.gl/E7ucSVc9hHKpPNDQ6; https://maps.app.goo.gl/4E1Yi9DPgpF2CdaE7; https://maps.app.goo.gl/uLPtqwAnwnevw4zz7; https://maps.app.goo.gl/VRterbzJvDcxUkVJ6; https://maps.app.goo.gl/zAmPVdt254bS1UUU7; https://maps.app.goo.gl/9PHZkvYiuadCm992A; https://goo.gl/maps/JhPoRTM15vQA7Kk6A; https://goo.gl/maps/rzwM8zz1vmEphauk6; https://goo.gl/maps/XXMLm2Ebm5FEFwig7; https://goo.gl/maps/BgnUiLh44bo3Nyq37; https://goo.gl/maps/FmDxfXdHa9mdoGK99; https://goo.gl/maps/KCGefw7KgVDUzTPh7; https://goo.gl/maps/aChZ8vYJMZ8j6SjR7; https://goo.gl/maps/GPVNSt7Q6a73xSKHA; https://goo.gl/maps/h4LQbK4dijinbrmF8; https://goo.gl/maps/k4R8TwNVtrg4BrJc9; https://goo.gl/maps/g4UerEukDLx9YjWt5; https://goo.gl/maps/cUNDNuwk9M5KBSbJA**; https://goo.gl/maps/tMLVh6Gm8DCwNDzN6; https://goo.gl/maps/VFB9RLFqHkCjVD4Y6; https://goo.gl/maps/xLiJbzx1TGiATefw5; https://goo.gl/maps/88psz7y8xzQTcyVn9; https://goo.gl/maps/TKu4Ej99YDW51J8o6; https://goo.gl/maps/Y5rcVkPSFzuYQtaJ7; https://goo.gl/maps/tu8NToyeSY9qMEt19; https://goo.gl/maps/sMLMvWwegyerE3jJ9; https://goo.gl/maps/mJAEFg5zdD6J4Xbq8; https://goo.gl/maps/1eXNtJWdQZHPkvXp8; https://goo.gl/maps/SeJtvcKkqmN6a7oy6; https://goo.gl/maps/hgxR4SsThT7KqvbUA; https://goo.gl/maps/gHyC9FmNZYpnaoV77; https://goo.gl/maps/5AF74tZoTkBqM71d6; https://goo.gl/maps/JtDt3jc8pMZ3n7xH9; https://goo.gl/maps/GPLvd34uRNT1EL5bA; https://goo.gl/maps/oJP5R9Jfe8yAcrWY6; https://goo.gl/maps/trCxv7WmZ7Lim467A; https://goo.gl/maps/aSmRwi2p279NGLcb9; https://goo.gl/maps/s4v5mQf8LyZUv8B7A,https://goo.gl/maps/YaZ9tS4Xqtm5REAe6; https://maps.app.goo.gl/t178LDzcrFtjxgEz9; https://maps.app.goo.gl/qDbb6mJHvwhXw4Az6; https://maps.app.goo.gl/GdiSL1z7fBFtk3tr8; https://maps.app.goo.gl/ioqJ9N2mKRyMdiAe6; https://maps.app.goo.gl/dRnRPbNFPmCfsTHAA; https://www.google.com/maps/d/edit?mid=1pYF3M65dQngj9P_VP8SbXUKy92nYnFo&usp=sharing; https://maps.app.goo.gl/6iyNdteYfVyyT9Xy9; https://maps.app.goo.gl/AoJAreLLvUUHzVVw5; https://maps.app.goo.gl/zNrudtbb4kMk2xxv5; https://maps.app.goo.gl/H57L1w8ReXXNhtb99; https://www.google.com/maps/d/edit?mid=1SAcLUqc-JTEBiY1uNXVoDUdI-a5wJd0&ll=10.002013642197713%2C105…; https://www.google.com/maps/d/edit?mid=1GZCfnV4401jtKcup5hFe0KPBOBMYrp4&usp=sharing; https://maps.app.goo.gl/QVMCmJp83pMBNKrL8; https://maps.app.goo.gl/Mww4k2RWctPHssMQA; https://maps.app.goo.gl/Hn6baY7yBKNTcRXs8; https://maps.app.goo.gl/bKZVkKUcnYGRLJWw5; https://www.google.com/maps/d/edit?mid=1Fl7DvT-DOnJvyHZ0Oq5v-nUadBLGHFo&usp=sharing; https://maps.app.goo.gl/LU2Nvzo1LBLur6; https://maps.app.goo.gl/pTzfCxqkMYLuLe9z9; https://maps.app.goo.gl/Fsyo4xmwK3kmzbC9A; https://maps.app.goo.gl/hMM3KEF5KhFhsZJi7; https://maps.app.goo.gl/7yPFeG3okyKbrLCM9; https://maps.app.goo.gl/acrdQ54V3NVNNkKh9; https://maps.app.goo.gl/u5QRXoNjSCh5uxRx5; https://www.google.com/maps/d/edit?mid=1MawyjqMPRL80P8Y7qm_ZhtUgghnbpFc&usp=sharing; https://maps.app.goo.gl/ET75kfpwVX837fEE6; https://maps.app.goo.gl/47PLkeuNfzKvw38w8; https://maps.app.goo.gl/RXcEPNYx6EwAbDxF9; https://maps.app.goo.gl/xg6rRMGswq5scyCbA; https://maps.app.goo.gl/whvDoK2djK9ZczAK8; https://maps.app.goo.gl/gr7GZiwJ71dX1nzNA; https://maps.app.goo.gl/efNjqXtJS5uqAid67; https://maps.app.goo.gl/9D1AGeGBDHSvttic8; https://maps.app.goo.gl/xomcfbw3UHPYcLxG8; https://maps.app.goo.gl/wbNjvBPsJioGNogn8; https://maps.app.goo.gl/DAATNJRd8MxG4uyaA; https://maps.app.goo.gl/cuqyDKdtbfwW1DAa8; https://maps.app.goo.gl/o5yA5cAF8qJoTZqW8; https://maps.app.goo.gl/Wji4ey8prbGM2zHJ6; https://maps.app.goo.gl/UEv62Ht1RcfDLLML8; https://maps.app.goo.gl/yVp7cfpfnfdzb7mV7; https://maps.app.goo.gl/uKe9j2z7xKHjdR8A7; https://www.google.com/maps/d/u/1/edit?mid=10gTnNN6aieu1u3Xx49gGnnp177W4zag&usp=sharing; https://goo.gl/maps/xNEqZWHrXNzKYLHe6; https://maps.app.goo.gl/NT8XaQJv76yrgG946; https://maps.app.goo.gl/b6AweqeJiHMGShsq9; https://maps.app.goo.gl/B98HY6ThSbAhg1a98; https://maps.app.goo.gl/sY5sb4n5Lvp2K2oz7; https://maps.app.goo.gl/xQZeRwkJHuyDhx496; https://maps.app.goo.gl/s62kTxdTsTQvQHDJ9; https://maps.app.goo.gl/XwfK6AzNVqs5eFX17; https://maps.app.goo.gl/QAU1JqmdETLn951C; https://maps.app.goo.gl/K3ASKRs9Sc5yfa9z9; https://maps.app.goo.gl/dAy23L3wP3mTsMM88; https://maps.app.goo.gl/QydbrwwdHVvcm7keA; https://maps.app.goo.gl/E7ucSVc9hHKpPNDQ6; https://maps.app.goo.gl/4E1Yi9DPgpF2CdaE7; https://maps.app.goo.gl/uLPtqwAnwnevw4zz7; https://maps.app.goo.gl/VRterbzJvDcxUkVJ6; https://maps.app.goo.gl/zAmPVdt254bS1UUU7; https://maps.app.goo.gl/9PHZkvYiuadCm992A; https://goo.gl/maps/JhPoRTM15vQA7Kk6A; https://goo.gl/maps/rzwM8zz1vmEphauk6; https://goo.gl/maps/XXMLm2Ebm5FEFwig7; https://goo.gl/maps/BgnUiLh44bo3Nyq37; https://goo.gl/maps/FmDxfXdHa9mdoGK99; https://goo.gl/maps/KCGefw7KgVDUzTPh7; https://goo.gl/maps/aChZ8vYJMZ8j6SjR7; https://goo.gl/maps/GPVNSt7Q6a73xSKHA; https://goo.gl/maps/h4LQbK4dijinbrmF8; https://goo.gl/maps/k4R8TwNVtrg4BrJc9; https://goo.gl/maps/g4UerEukDLx9YjWt5; https://goo.gl/maps/cUNDNuwk9M5KBSbJA**; https://goo.gl/maps/tMLVh6Gm8DCwNDzN6; https://goo.gl/maps/VFB9RLFqHkCjVD4Y6; https://goo.gl/maps/xLiJbzx1TGiATefw5; https://goo.gl/maps/88psz7y8xzQTcyVn9; https://goo.gl/maps/TKu4Ej99YDW51J8o6; https://goo.gl/maps/Y5rcVkPSFzuYQtaJ7; https://goo.gl/maps/tu8NToyeSY9qMEt19; https://goo.gl/maps/sMLMvWwegyerE3jJ9; https://goo.gl/maps/mJAEFg5zdD6J4Xbq8; https://goo.gl/maps/1eXNtJWdQZHPkvXp8; https://goo.gl/maps/SeJtvcKkqmN6a7oy6; https://goo.gl/maps/hgxR4SsThT7KqvbUA; https://goo.gl/maps/gHyC9FmNZYpnaoV77; https://goo.gl/maps/5AF74tZoTkBqM71d6; https://goo.gl/maps/JtDt3jc8pMZ3n7xH9; https://goo.gl/maps/GPLvd34uRNT1EL5bA; https://goo.gl/maps/oJP5R9Jfe8yAcrWY6; https://goo.gl/maps/trCxv7WmZ7Lim467A; https://goo.gl/maps/aSmRwi2p279NGLcb9; https://goo.gl/maps/s4v5mQf8LyZUv8B7A,suspicious_shared_by_many_projects,matched_teams_map_link,name_token_overlap>=2,batch_917.txt
BDS-CURATED-0265,Đà Nẵng,has_unresolved_or_unattached_map_link,https://goo.gl/maps/eqfdgJBc7XT7VhAW8,https://goo.gl/maps/eqfdgJBc7XT7VhAW8,suspicious_shared_by_many_projects,matched_teams_map_link,12,batch_917.txt
BDS-CURATED-0405,Diamond Island Q,no_map_link_found_in_matched_raw,,,,,,batch_821.txt; batch_830.txt
BDS-CURATED-0408,NOXH của Công ty Ba Huân,has_unresolved_or_unattached_map_link,https://www.google.com/maps/d/edit?mid=1p-2wMqsZAnTQXubtXx7Lse6Sq-8rC64&usp=sharing; https://maps.app.goo.gl/ioqJ9N2mKRyMdiAe6; https://www.google.com/maps/d/edit?mid=1SAcLUqc-JTEBiY1uNXVoDUdI-a5wJd0&ll=10.002013642197713%2C105…; https://maps.app.goo.gl/QVMCmJp83pMBNKrL8; https://maps.app.goo.gl/Fsyo4xmwK3kmzbC9A; https://maps.app.goo.gl/hMM3KEF5KhFhsZJi7; https://maps.app.goo.gl/7yPFeG3okyKbrLCM9; https://maps.app.goo.gl/ET75kfpwVX837fEE6; https://maps.app.goo.gl/47PLkeuNfzKvw38w8; https://maps.app.goo.gl/RXcEPNYx6EwAbDxF9; https://maps.app.goo.gl/xg6rRMGswq5scyCbA; https://maps.app.goo.gl/whvDoK2djK9ZczAK8; https://maps.app.goo.gl/efNjqXtJS5uqAid67; https://maps.app.goo.gl/UEv62Ht1RcfDLLML8; https://maps.app.goo.gl/b6AweqeJiHMGShsq9; https://goo.gl/maps/XXMLm2Ebm5FEFwig7; https://goo.gl/maps/YaZ9tS4Xqtm5REAe6; https://goo.gl/maps/u7HMUhYJqdPGD9dz6; https://goo.gl/maps/trCxv7WmZ7Lim467A,https://www.google.com/maps/d/edit?mid=1p-2wMqsZAnTQXubtXx7Lse6Sq-8rC64&usp=sharing; https://maps.app.goo.gl/ioqJ9N2mKRyMdiAe6; https://www.google.com/maps/d/edit?mid=1SAcLUqc-JTEBiY1uNXVoDUdI-a5wJd0&ll=10.002013642197713%2C105…; https://maps.app.goo.gl/QVMCmJp83pMBNKrL8; https://maps.app.goo.gl/Fsyo4xmwK3kmzbC9A; https://maps.app.goo.gl/hMM3KEF5KhFhsZJi7; https://maps.app.goo.gl/7yPFeG3okyKbrLCM9; https://maps.app.goo.gl/ET75kfpwVX837fEE6; https://maps.app.goo.gl/47PLkeuNfzKvw38w8; https://maps.app.goo.gl/RXcEPNYx6EwAbDxF9; https://maps.app.goo.gl/xg6rRMGswq5scyCbA; https://maps.app.goo.gl/whvDoK2djK9ZczAK8; https://maps.app.goo.gl/efNjqXtJS5uqAid67; https://maps.app.goo.gl/UEv62Ht1RcfDLLML8; https://maps.app.goo.gl/b6AweqeJiHMGShsq9; https://goo.gl/maps/XXMLm2Ebm5FEFwig7; https://goo.gl/maps/YaZ9tS4Xqtm5REAe6; https://goo.gl/maps/u7HMUhYJqdPGD9dz6; https://goo.gl/maps/trCxv7WmZ7Lim467A,,,name_token_overlap>=2,batch_375.txt
BDS-CURATED-0480,không với những hạn chế ở trên,has_unresolved_or_unattached_map_link,https://www.google.com/maps/d/edit?mid=1pYF3M65dQngj9P_VP8SbXUKy92nYnFo&usp=sharing; https://maps.app.goo.gl/t178LDzcrFtjxgEz9; https://maps.app.goo.gl/ioqJ9N2mKRyMdiAe6; https://maps.app.goo.gl/dRnRPbNFPmCfsTHAA; https://maps.app.goo.gl/v8GdHbU3xb5G8JFs9; https://maps.app.goo.gl/6iyNdteYfVyyT9Xy9; https://goo.gl/maps/Empzn8zwhyULFrqV8; https://maps.app.goo.gl/AoJAreLLvUUHzVVw5; https://maps.app.goo.gl/zNrudtbb4kMk2xxv5; https://www.google.com/maps/d/edit?mid=1GZCfnV4401jtKcup5hFe0KPBOBMYrp4&usp=sharing; https://www.google.com/maps/d/edit?mid=1Fl7DvT-DOnJvyHZ0Oq5v-nUadBLGHFo&usp=sharing; https://www.google.com/maps/d/edit?mid=1MawyjqMPRL80P8Y7qm_ZhtUgghnbpFc&usp=sharing; https://maps.app.goo.gl/xg6rRMGswq5scyCbA; https://maps.app.goo.gl/whvDoK2djK9ZczAK8; https://maps.app.goo.gl/efNjqXtJS5uqAid67; https://maps.app.goo.gl/xomcfbw3UHPYcLxG8; https://maps.app.goo.gl/o5yA5cAF8qJoTZqW8; https://maps.app.goo.gl/TcCLZG1kwf9F7wCu5; https://maps.app.goo.gl/yVp7cfpfnfdzb7mV7; https://goo.gl/maps/eqfdgJBc7XT7VhAW8; https://maps.app.goo.gl/NT8XaQJv76yrgG946; https://maps.app.goo.gl/sY5sb4n5Lvp2K2oz7; https://maps.app.goo.gl/s62kTxdTsTQvQHDJ9; https://maps.app.goo.gl/K3ASKRs9Sc5yfa9z9; https://maps.app.goo.gl/E7ucSVc9hHKpPNDQ6; https://maps.app.goo.gl/uLPtqwAnwnevw4zz7; https://maps.app.goo.gl/VRterbzJvDcxUkVJ6; https://maps.app.goo.gl/zAmPVdt254bS1UUU7; https://maps.app.goo.gl/9PHZkvYiuadCm992A; https://goo.gl/maps/JhPoRTM15vQA7Kk6A; https://goo.gl/maps/XXMLm2Ebm5FEFwig7; https://goo.gl/maps/BgnUiLh44bo3Nyq37; https://goo.gl/maps/aChZ8vYJMZ8j6SjR7; https://goo.gl/maps/GPVNSt7Q6a73xSKHA; https://goo.gl/maps/h4LQbK4dijinbrmF8; https://goo.gl/maps/YaZ9tS4Xqtm5REAe6; https://goo.gl/maps/g4UerEukDLx9YjWt5; https://goo.gl/maps/QUDziRBdFv7URi8QA; https://goo.gl/maps/cUNDNuwk9M5KBSbJA**; https://goo.gl/maps/VFB9RLFqHkCjVD4Y6; https://goo.gl/maps/88psz7y8xzQTcyVn9; https://goo.gl/maps/oJBLCYE9ShbB6ZA6A; https://goo.gl/maps/mJAEFg5zdD6J4Xbq8; https://goo.gl/maps/1eXNtJWdQZHPkvXp8; https://goo.gl/maps/9VManjp1YiqeSC1A8; https://goo.gl/maps/SeJtvcKkqmN6a7oy6; https://goo.gl/maps/hgxR4SsThT7KqvbUA; https://goo.gl/maps/JtDt3jc8pMZ3n7xH9; https://goo.gl/maps/GPLvd34uRNT1EL5bA; https://goo.gl/maps/oJP5R9Jfe8yAcrWY6; https://goo.gl/maps/trCxv7WmZ7Lim467A; https://goo.gl/maps/aSmRwi2p279NGLcb9; https://goo.gl/maps/s4v5mQf8LyZUv8B7A,https://www.google.com/maps/d/edit?mid=1pYF3M65dQngj9P_VP8SbXUKy92nYnFo&usp=sharing; https://maps.app.goo.gl/t178LDzcrFtjxgEz9; https://maps.app.goo.gl/ioqJ9N2mKRyMdiAe6; https://maps.app.goo.gl/dRnRPbNFPmCfsTHAA; https://maps.app.goo.gl/v8GdHbU3xb5G8JFs9; https://maps.app.goo.gl/6iyNdteYfVyyT9Xy9; https://goo.gl/maps/Empzn8zwhyULFrqV8; https://maps.app.goo.gl/AoJAreLLvUUHzVVw5; https://maps.app.goo.gl/zNrudtbb4kMk2xxv5; https://www.google.com/maps/d/edit?mid=1GZCfnV4401jtKcup5hFe0KPBOBMYrp4&usp=sharing; https://www.google.com/maps/d/edit?mid=1Fl7DvT-DOnJvyHZ0Oq5v-nUadBLGHFo&usp=sharing; https://www.google.com/maps/d/edit?mid=1MawyjqMPRL80P8Y7qm_ZhtUgghnbpFc&usp=sharing; https://maps.app.goo.gl/xg6rRMGswq5scyCbA; https://maps.app.goo.gl/whvDoK2djK9ZczAK8; https://maps.app.goo.gl/efNjqXtJS5uqAid67; https://maps.app.goo.gl/xomcfbw3UHPYcLxG8; https://maps.app.goo.gl/o5yA5cAF8qJoTZqW8; https://maps.app.goo.gl/TcCLZG1kwf9F7wCu5; https://maps.app.goo.gl/yVp7cfpfnfdzb7mV7; https://goo.gl/maps/eqfdgJBc7XT7VhAW8; https://maps.app.goo.gl/NT8XaQJv76yrgG946; https://maps.app.goo.gl/sY5sb4n5Lvp2K2oz7; https://maps.app.goo.gl/s62kTxdTsTQvQHDJ9; https://maps.app.goo.gl/K3ASKRs9Sc5yfa9z9; https://maps.app.goo.gl/E7ucSVc9hHKpPNDQ6; https://maps.app.goo.gl/uLPtqwAnwnevw4zz7; https://maps.app.goo.gl/VRterbzJvDcxUkVJ6; https://maps.app.goo.gl/zAmPVdt254bS1UUU7; https://maps.app.goo.gl/9PHZkvYiuadCm992A; https://goo.gl/maps/JhPoRTM15vQA7Kk6A; https://goo.gl/maps/XXMLm2Ebm5FEFwig7; https://goo.gl/maps/BgnUiLh44bo3Nyq37; https://goo.gl/maps/aChZ8vYJMZ8j6SjR7; https://goo.gl/maps/GPVNSt7Q6a73xSKHA; https://goo.gl/maps/h4LQbK4dijinbrmF8; https://goo.gl/maps/YaZ9tS4Xqtm5REAe6; https://goo.gl/maps/g4UerEukDLx9YjWt5; https://goo.gl/maps/QUDziRBdFv7URi8QA; https://goo.gl/maps/cUNDNuwk9M5KBSbJA**; https://goo.gl/maps/VFB9RLFqHkCjVD4Y6; https://goo.gl/maps/88psz7y8xzQTcyVn9; https://goo.gl/maps/oJBLCYE9ShbB6ZA6A; https://goo.gl/maps/mJAEFg5zdD6J4Xbq8; https://goo.gl/maps/1eXNtJWdQZHPkvXp8; https://goo.gl/maps/9VManjp1YiqeSC1A8; https://goo.gl/maps/SeJtvcKkqmN6a7oy6; https://goo.gl/maps/hgxR4SsThT7KqvbUA; https://goo.gl/maps/JtDt3jc8pMZ3n7xH9; https://goo.gl/maps/GPLvd34uRNT1EL5bA; https://goo.gl/maps/oJP5R9Jfe8yAcrWY6; https://goo.gl/maps/trCxv7WmZ7Lim467A; https://goo.gl/maps/aSmRwi2p279NGLcb9; https://goo.gl/maps/s4v5mQf8LyZUv8B7A,,,name_token_overlap>=2,batch_100.txt
BDS-CURATED-0420,mở bán mới/dự kiến ở thị trường HCM,has_unresolved_or_unattached_map_link,https://maps.app.goo.gl/qDbb6mJHvwhXw4Az6; https://maps.app.goo.gl/ioqJ9N2mKRyMdiAe6; https://maps.app.goo.gl/xomcfbw3UHPYcLxG8; https://maps.app.goo.gl/wbNjvBPsJioGNogn8; https://maps.app.goo.gl/DAATNJRd8MxG4uyaA; https://maps.app.goo.gl/cuqyDKdtbfwW1DAa8; https://maps.app.goo.gl/o5yA5cAF8qJoTZqW8; https://maps.app.goo.gl/UEv62Ht1RcfDLLML8; https://maps.app.goo.gl/b6AweqeJiHMGShsq9; https://maps.app.goo.gl/zNrudtbb4kMk2xxv5; https://maps.app.goo.gl/B98HY6ThSbAhg1a98; https://maps.app.goo.gl/sY5sb4n5Lvp2K2oz7; https://maps.app.goo.gl/s62kTxdTsTQvQHDJ9; https://maps.app.goo.gl/K3ASKRs9Sc5yfa9z9; https://maps.app.goo.gl/VRterbzJvDcxUkVJ6; https://maps.app.goo.gl/zAmPVdt254bS1UUU7; https://maps.app.goo.gl/9PHZkvYiuadCm992A; https://goo.gl/maps/FmDxfXdHa9mdoGK99; https://goo.gl/maps/k4R8TwNVtrg4BrJc9; https://goo.gl/maps/QUDziRBdFv7URi8QA; https://goo.gl/maps/xLiJbzx1TGiATefw5; https://goo.gl/maps/88psz7y8xzQTcyVn9; https://goo.gl/maps/TKu4Ej99YDW51J8o6; https://goo.gl/maps/Y5rcVkPSFzuYQtaJ7; https://goo.gl/maps/tu8NToyeSY9qMEt19; https://goo.gl/maps/1eXNtJWdQZHPkvXp8; https://goo.gl/maps/JtDt3jc8pMZ3n7xH9; https://goo.gl/maps/GPLvd34uRNT1EL5bA; https://goo.gl/maps/oJP5R9Jfe8yAcrWY6,https://maps.app.goo.gl/qDbb6mJHvwhXw4Az6; https://maps.app.goo.gl/ioqJ9N2mKRyMdiAe6; https://maps.app.goo.gl/xomcfbw3UHPYcLxG8; https://maps.app.goo.gl/wbNjvBPsJioGNogn8; https://maps.app.goo.gl/DAATNJRd8MxG4uyaA; https://maps.app.goo.gl/cuqyDKdtbfwW1DAa8; https://maps.app.goo.gl/o5yA5cAF8qJoTZqW8; https://maps.app.goo.gl/UEv62Ht1RcfDLLML8; https://maps.app.goo.gl/b6AweqeJiHMGShsq9; https://maps.app.goo.gl/zNrudtbb4kMk2xxv5; https://maps.app.goo.gl/B98HY6ThSbAhg1a98; https://maps.app.goo.gl/sY5sb4n5Lvp2K2oz7; https://maps.app.goo.gl/s62kTxdTsTQvQHDJ9; https://maps.app.goo.gl/K3ASKRs9Sc5yfa9z9; https://maps.app.goo.gl/VRterbzJvDcxUkVJ6; https://maps.app.goo.gl/zAmPVdt254bS1UUU7; https://maps.app.goo.gl/9PHZkvYiuadCm992A; https://goo.gl/maps/FmDxfXdHa9mdoGK99; https://goo.gl/maps/k4R8TwNVtrg4BrJc9; https://goo.gl/maps/QUDziRBdFv7URi8QA; https://goo.gl/maps/xLiJbzx1TGiATefw5; https://goo.gl/maps/88psz7y8xzQTcyVn9; https://goo.gl/maps/TKu4Ej99YDW51J8o6; https://goo.gl/maps/Y5rcVkPSFzuYQtaJ7; https://goo.gl/maps/tu8NToyeSY9qMEt19; https://goo.gl/maps/1eXNtJWdQZHPkvXp8; https://goo.gl/maps/JtDt3jc8pMZ3n7xH9; https://goo.gl/maps/GPLvd34uRNT1EL5bA; https://goo.gl/maps/oJP5R9Jfe8yAcrWY6,,,name_token_overlap>=2,batch_580.txt
BDS-CURATED-0371,nữa Tính ra thì đúng là như vậy,has_unresolved_or_unattached_map_link,"https://www.google.com/maps?q=10.8403809,106.7198151&entry=gps&shh=CAE&lucs=,94297699,94231188,9428…; https://maps.app.goo.gl/UEv62Ht1RcfDLLML8; https://goo.gl/maps/TKu4Ej99YDW51J8o6","https://www.google.com/maps?q=10.8403809,106.7198151&entry=gps&shh=CAE&lucs=,94297699,94231188,9428…; https://maps.app.goo.gl/UEv62Ht1RcfDLLML8; https://goo.gl/maps/TKu4Ej99YDW51J8o6",,,name_token_overlap>=2,batch_541.txt
BDS-CURATED-0466,tiêu biểu và đang book lịch đi khảo sát thực tế thị trường về giá bán,has_unresolved_or_unattached_map_link,https://www.google.com/maps/d/edit?mid=1MawyjqMPRL80P8Y7qm_ZhtUgghnbpFc&usp=sharing; https://maps.app.goo.gl/qDbb6mJHvwhXw4Az6; https://maps.app.goo.gl/GdiSL1z7fBFtk3tr8; https://maps.app.goo.gl/ioqJ9N2mKRyMdiAe6; https://maps.app.goo.gl/dRnRPbNFPmCfsTHAA; https://www.google.com/maps/d/edit?mid=1pYF3M65dQngj9P_VP8SbXUKy92nYnFo&usp=sharing; https://goo.gl/maps/Empzn8zwhyULFrqV8; https://maps.app.goo.gl/zNrudtbb4kMk2xxv5; https://maps.app.goo.gl/H57L1w8ReXXNhtb99; https://www.google.com/maps/d/edit?mid=1SAcLUqc-JTEBiY1uNXVoDUdI-a5wJd0&ll=10.002013642197713%2C105…; https://maps.app.goo.gl/Mww4k2RWctPHssMQA; https://maps.app.goo.gl/Hn6baY7yBKNTcRXs8; https://maps.app.goo.gl/bKZVkKUcnYGRLJWw5; https://www.google.com/maps/d/edit?mid=1Fl7DvT-DOnJvyHZ0Oq5v-nUadBLGHFo&usp=sharing; https://maps.app.goo.gl/pTzfCxqkMYLuLe9z9; https://maps.app.goo.gl/Fsyo4xmwK3kmzbC9A; https://maps.app.goo.gl/hMM3KEF5KhFhsZJi7; https://maps.app.goo.gl/7yPFeG3okyKbrLCM9; https://maps.app.goo.gl/acrdQ54V3NVNNkKh9; https://maps.app.goo.gl/ET75kfpwVX837fEE6; https://maps.app.goo.gl/47PLkeuNfzKvw38w8; https://maps.app.goo.gl/RXcEPNYx6EwAbDxF9; https://maps.app.goo.gl/xg6rRMGswq5scyCbA; https://maps.app.goo.gl/whvDoK2djK9ZczAK8; https://maps.app.goo.gl/gr7GZiwJ71dX1nzNA; https://maps.app.goo.gl/efNjqXtJS5uqAid67; https://maps.app.goo.gl/wbNjvBPsJioGNogn8; https://maps.app.goo.gl/DAATNJRd8MxG4uyaA; https://maps.app.goo.gl/cuqyDKdtbfwW1DAa8; https://maps.app.goo.gl/o5yA5cAF8qJoTZqW8; https://maps.app.goo.gl/Wji4ey8prbGM2zHJ6; https://maps.app.goo.gl/UEv62Ht1RcfDLLML8; https://maps.app.goo.gl/TcCLZG1kwf9F7wCu5; https://maps.app.goo.gl/yVp7cfpfnfdzb7mV7; https://goo.gl/maps/eqfdgJBc7XT7VhAW8; https://maps.app.goo.gl/uKe9j2z7xKHjdR8A7; https://goo.gl/maps/xNEqZWHrXNzKYLHe6; https://maps.app.goo.gl/NT8XaQJv76yrgG946; https://maps.app.goo.gl/b6AweqeJiHMGShsq9; https://maps.app.goo.gl/B98HY6ThSbAhg1a98; https://maps.app.goo.gl/sY5sb4n5Lvp2K2oz7; https://maps.app.goo.gl/xQZeRwkJHuyDhx496; https://maps.app.goo.gl/s62kTxdTsTQvQHDJ9; https://maps.app.goo.gl/XwfK6AzNVqs5eFX17; https://maps.app.goo.gl/QAU1JqmdETLn951C; https://maps.app.goo.gl/K3ASKRs9Sc5yfa9z9; https://maps.app.goo.gl/E7ucSVc9hHKpPNDQ6; https://maps.app.goo.gl/4E1Yi9DPgpF2CdaE7; https://maps.app.goo.gl/uLPtqwAnwnevw4zz7; https://maps.app.goo.gl/VRterbzJvDcxUkVJ6; https://maps.app.goo.gl/zAmPVdt254bS1UUU7; https://maps.app.goo.gl/9PHZkvYiuadCm992A; https://goo.gl/maps/JhPoRTM15vQA7Kk6A; https://goo.gl/maps/rzwM8zz1vmEphauk6; https://goo.gl/maps/XXMLm2Ebm5FEFwig7; https://goo.gl/maps/BgnUiLh44bo3Nyq37; https://goo.gl/maps/FmDxfXdHa9mdoGK99; https://goo.gl/maps/KCGefw7KgVDUzTPh7; https://goo.gl/maps/aChZ8vYJMZ8j6SjR7; https://goo.gl/maps/GPVNSt7Q6a73xSKHA; https://goo.gl/maps/h4LQbK4dijinbrmF8; https://goo.gl/maps/AivqKgNA3GRARDNZ7; https://goo.gl/maps/k4R8TwNVtrg4BrJc9; https://goo.gl/maps/YaZ9tS4Xqtm5REAe6; https://goo.gl/maps/QUDziRBdFv7URi8QA; https://goo.gl/maps/cUNDNuwk9M5KBSbJA**; https://goo.gl/maps/VFB9RLFqHkCjVD4Y6; https://goo.gl/maps/xLiJbzx1TGiATefw5; https://goo.gl/maps/88psz7y8xzQTcyVn9; https://goo.gl/maps/TKu4Ej99YDW51J8o6; https://goo.gl/maps/Y5rcVkPSFzuYQtaJ7; https://goo.gl/maps/tu8NToyeSY9qMEt19; https://goo.gl/maps/mJAEFg5zdD6J4Xbq8; https://goo.gl/maps/1eXNtJWdQZHPkvXp8; https://goo.gl/maps/9VManjp1YiqeSC1A8; https://goo.gl/maps/SeJtvcKkqmN6a7oy6; https://goo.gl/maps/hgxR4SsThT7KqvbUA; https://goo.gl/maps/gHyC9FmNZYpnaoV77; https://goo.gl/maps/5AF74tZoTkBqM71d6; https://goo.gl/maps/JtDt3jc8pMZ3n7xH9; https://goo.gl/maps/GPLvd34uRNT1EL5bA; https://goo.gl/maps/oJP5R9Jfe8yAcrWY6; https://goo.gl/maps/trCxv7WmZ7Lim467A,https://www.google.com/maps/d/edit?mid=1MawyjqMPRL80P8Y7qm_ZhtUgghnbpFc&usp=sharing; https://maps.app.goo.gl/qDbb6mJHvwhXw4Az6; https://maps.app.goo.gl/GdiSL1z7fBFtk3tr8; https://maps.app.goo.gl/ioqJ9N2mKRyMdiAe6; https://maps.app.goo.gl/dRnRPbNFPmCfsTHAA; https://www.google.com/maps/d/edit?mid=1pYF3M65dQngj9P_VP8SbXUKy92nYnFo&usp=sharing; https://goo.gl/maps/Empzn8zwhyULFrqV8; https://maps.app.goo.gl/zNrudtbb4kMk2xxv5; https://maps.app.goo.gl/H57L1w8ReXXNhtb99; https://www.google.com/maps/d/edit?mid=1SAcLUqc-JTEBiY1uNXVoDUdI-a5wJd0&ll=10.002013642197713%2C105…; https://maps.app.goo.gl/Mww4k2RWctPHssMQA; https://maps.app.goo.gl/Hn6baY7yBKNTcRXs8; https://maps.app.goo.gl/bKZVkKUcnYGRLJWw5; https://www.google.com/maps/d/edit?mid=1Fl7DvT-DOnJvyHZ0Oq5v-nUadBLGHFo&usp=sharing; https://maps.app.goo.gl/pTzfCxqkMYLuLe9z9; https://maps.app.goo.gl/Fsyo4xmwK3kmzbC9A; https://maps.app.goo.gl/hMM3KEF5KhFhsZJi7; https://maps.app.goo.gl/7yPFeG3okyKbrLCM9; https://maps.app.goo.gl/acrdQ54V3NVNNkKh9; https://maps.app.goo.gl/ET75kfpwVX837fEE6; https://maps.app.goo.gl/47PLkeuNfzKvw38w8; https://maps.app.goo.gl/RXcEPNYx6EwAbDxF9; https://maps.app.goo.gl/xg6rRMGswq5scyCbA; https://maps.app.goo.gl/whvDoK2djK9ZczAK8; https://maps.app.goo.gl/gr7GZiwJ71dX1nzNA; https://maps.app.goo.gl/efNjqXtJS5uqAid67; https://maps.app.goo.gl/wbNjvBPsJioGNogn8; https://maps.app.goo.gl/DAATNJRd8MxG4uyaA; https://maps.app.goo.gl/cuqyDKdtbfwW1DAa8; https://maps.app.goo.gl/o5yA5cAF8qJoTZqW8; https://maps.app.goo.gl/Wji4ey8prbGM2zHJ6; https://maps.app.goo.gl/UEv62Ht1RcfDLLML8; https://maps.app.goo.gl/TcCLZG1kwf9F7wCu5; https://maps.app.goo.gl/yVp7cfpfnfdzb7mV7; https://goo.gl/maps/eqfdgJBc7XT7VhAW8; https://maps.app.goo.gl/uKe9j2z7xKHjdR8A7; https://goo.gl/maps/xNEqZWHrXNzKYLHe6; https://maps.app.goo.gl/NT8XaQJv76yrgG946; https://maps.app.goo.gl/b6AweqeJiHMGShsq9; https://maps.app.goo.gl/B98HY6ThSbAhg1a98; https://maps.app.goo.gl/sY5sb4n5Lvp2K2oz7; https://maps.app.goo.gl/xQZeRwkJHuyDhx496; https://maps.app.goo.gl/s62kTxdTsTQvQHDJ9; https://maps.app.goo.gl/XwfK6AzNVqs5eFX17; https://maps.app.goo.gl/QAU1JqmdETLn951C; https://maps.app.goo.gl/K3ASKRs9Sc5yfa9z9; https://maps.app.goo.gl/E7ucSVc9hHKpPNDQ6; https://maps.app.goo.gl/4E1Yi9DPgpF2CdaE7; https://maps.app.goo.gl/uLPtqwAnwnevw4zz7; https://maps.app.goo.gl/VRterbzJvDcxUkVJ6; https://maps.app.goo.gl/zAmPVdt254bS1UUU7; https://maps.app.goo.gl/9PHZkvYiuadCm992A; https://goo.gl/maps/JhPoRTM15vQA7Kk6A; https://goo.gl/maps/rzwM8zz1vmEphauk6; https://goo.gl/maps/XXMLm2Ebm5FEFwig7; https://goo.gl/maps/BgnUiLh44bo3Nyq37; https://goo.gl/maps/FmDxfXdHa9mdoGK99; https://goo.gl/maps/KCGefw7KgVDUzTPh7; https://goo.gl/maps/aChZ8vYJMZ8j6SjR7; https://goo.gl/maps/GPVNSt7Q6a73xSKHA; https://goo.gl/maps/h4LQbK4dijinbrmF8; https://goo.gl/maps/AivqKgNA3GRARDNZ7; https://goo.gl/maps/k4R8TwNVtrg4BrJc9; https://goo.gl/maps/YaZ9tS4Xqtm5REAe6; https://goo.gl/maps/QUDziRBdFv7URi8QA; https://goo.gl/maps/cUNDNuwk9M5KBSbJA**; https://goo.gl/maps/VFB9RLFqHkCjVD4Y6; https://goo.gl/maps/xLiJbzx1TGiATefw5; https://goo.gl/maps/88psz7y8xzQTcyVn9; https://goo.gl/maps/TKu4Ej99YDW51J8o6; https://goo.gl/maps/Y5rcVkPSFzuYQtaJ7; https://goo.gl/maps/tu8NToyeSY9qMEt19; https://goo.gl/maps/mJAEFg5zdD6J4Xbq8; https://goo.gl/maps/1eXNtJWdQZHPkvXp8; https://goo.gl/maps/9VManjp1YiqeSC1A8; https://goo.gl/maps/SeJtvcKkqmN6a7oy6; https://goo.gl/maps/hgxR4SsThT7KqvbUA; https://goo.gl/maps/gHyC9FmNZYpnaoV77; https://goo.gl/maps/5AF74tZoTkBqM71d6; https://goo.gl/maps/JtDt3jc8pMZ3n7xH9; https://goo.gl/maps/GPLvd34uRNT1EL5bA; https://goo.gl/maps/oJP5R9Jfe8yAcrWY6; https://goo.gl/maps/trCxv7WmZ7Lim467A,,,name_token_overlap>=2,batch_213.txt
BDS-CURATED-0392,600 tỷ,no_map_link_found_in_matched_raw,,,,,,batch_042.txt
BDS-CURATED-0379,Fenica (16%),no_map_link_found_in_matched_raw,,,,,,batch_066.txt
BDS-CURATED-0163,KDC,has_unresolved_or_unattached_map_link,https://goo.gl/maps/eqfdgJBc7XT7VhAW8,https://goo.gl/maps/eqfdgJBc7XT7VhAW8,suspicious_shared_by_many_projects,matched_teams_map_link,12,batch_917.txt
BDS-CURATED-0274,12ha đủ lớn để có thể địn hướng triển khai tiện ích cảnh quan,has_unresolved_or_unattached_map_link,https://maps.app.goo.gl/zNrudtbb4kMk2xxv5; https://maps.app.goo.gl/t178LDzcrFtjxgEz9; https://maps.app.goo.gl/qDbb6mJHvwhXw4Az6; https://maps.app.goo.gl/GdiSL1z7fBFtk3tr8; https://maps.app.goo.gl/ioqJ9N2mKRyMdiAe6; https://maps.app.goo.gl/dRnRPbNFPmCfsTHAA; https://goo.gl/maps/Empzn8zwhyULFrqV8; https://maps.app.goo.gl/AoJAreLLvUUHzVVw5; https://maps.app.goo.gl/H57L1w8ReXXNhtb99; https://www.google.com/maps/d/edit?mid=1SAcLUqc-JTEBiY1uNXVoDUdI-a5wJd0&ll=10.002013642197713%2C105…; https://www.google.com/maps/d/edit?mid=1GZCfnV4401jtKcup5hFe0KPBOBMYrp4&usp=sharing; https://maps.app.goo.gl/Mww4k2RWctPHssMQA; https://maps.app.goo.gl/pTzfCxqkMYLuLe9z9; https://maps.app.goo.gl/Fsyo4xmwK3kmzbC9A; https://maps.app.goo.gl/hMM3KEF5KhFhsZJi7; https://maps.app.goo.gl/acrdQ54V3NVNNkKh9; https://www.google.com/maps/d/edit?mid=1MawyjqMPRL80P8Y7qm_ZhtUgghnbpFc&usp=sharing; https://maps.app.goo.gl/ET75kfpwVX837fEE6; https://maps.app.goo.gl/47PLkeuNfzKvw38w8; https://maps.app.goo.gl/RXcEPNYx6EwAbDxF9; https://maps.app.goo.gl/xg6rRMGswq5scyCbA; https://maps.app.goo.gl/whvDoK2djK9ZczAK8; https://maps.app.goo.gl/9D1AGeGBDHSvttic8; https://maps.app.goo.gl/wbNjvBPsJioGNogn8; https://maps.app.goo.gl/DAATNJRd8MxG4uyaA; https://maps.app.goo.gl/cuqyDKdtbfwW1DAa8; https://maps.app.goo.gl/o5yA5cAF8qJoTZqW8; https://maps.app.goo.gl/Wji4ey8prbGM2zHJ6; https://maps.app.goo.gl/UEv62Ht1RcfDLLML8; https://maps.app.goo.gl/yVp7cfpfnfdzb7mV7; https://maps.app.goo.gl/uKe9j2z7xKHjdR8A7; https://www.google.com/maps/d/u/1/edit?mid=10gTnNN6aieu1u3Xx49gGnnp177W4zag&usp=sharing; https://goo.gl/maps/xNEqZWHrXNzKYLHe6; https://maps.app.goo.gl/NT8XaQJv76yrgG946; https://maps.app.goo.gl/b6AweqeJiHMGShsq9; https://maps.app.goo.gl/B98HY6ThSbAhg1a98; https://maps.app.goo.gl/s62kTxdTsTQvQHDJ9; https://maps.app.goo.gl/XwfK6AzNVqs5eFX17; https://maps.app.goo.gl/QAU1JqmdETLn951C; https://maps.app.goo.gl/K3ASKRs9Sc5yfa9z9; https://maps.app.goo.gl/dAy23L3wP3mTsMM88; https://maps.app.goo.gl/QydbrwwdHVvcm7keA; https://maps.app.goo.gl/E7ucSVc9hHKpPNDQ6; https://maps.app.goo.gl/4E1Yi9DPgpF2CdaE7; https://maps.app.goo.gl/uLPtqwAnwnevw4zz7; https://maps.app.goo.gl/VRterbzJvDcxUkVJ6; https://maps.app.goo.gl/zAmPVdt254bS1UUU7; https://maps.app.goo.gl/9PHZkvYiuadCm992A; https://goo.gl/maps/JhPoRTM15vQA7Kk6A; https://goo.gl/maps/rzwM8zz1vmEphauk6; https://goo.gl/maps/XXMLm2Ebm5FEFwig7; https://goo.gl/maps/BgnUiLh44bo3Nyq37; https://goo.gl/maps/FmDxfXdHa9mdoGK99; https://goo.gl/maps/aChZ8vYJMZ8j6SjR7; https://goo.gl/maps/GPVNSt7Q6a73xSKHA; https://goo.gl/maps/nSTM1wgMZyyzcAhg9; https://goo.gl/maps/h4LQbK4dijinbrmF8; https://goo.gl/maps/k4R8TwNVtrg4BrJc9; https://goo.gl/maps/YaZ9tS4Xqtm5REAe6; https://goo.gl/maps/cUNDNuwk9M5KBSbJA**; https://goo.gl/maps/VFB9RLFqHkCjVD4Y6; https://goo.gl/maps/xLiJbzx1TGiATefw5; https://goo.gl/maps/TKu4Ej99YDW51J8o6; https://goo.gl/maps/sMLMvWwegyerE3jJ9; https://goo.gl/maps/mJAEFg5zdD6J4Xbq8; https://goo.gl/maps/1eXNtJWdQZHPkvXp8; https://goo.gl/maps/9VManjp1YiqeSC1A8; https://goo.gl/maps/SeJtvcKkqmN6a7oy6; https://goo.gl/maps/hgxR4SsThT7KqvbUA; https://goo.gl/maps/gHyC9FmNZYpnaoV77; https://goo.gl/maps/5AF74tZoTkBqM71d6; https://goo.gl/maps/JtDt3jc8pMZ3n7xH9; https://goo.gl/maps/GPLvd34uRNT1EL5bA; https://goo.gl/maps/oJP5R9Jfe8yAcrWY6; https://goo.gl/maps/trCxv7WmZ7Lim467A,https://maps.app.goo.gl/zNrudtbb4kMk2xxv5; https://maps.app.goo.gl/t178LDzcrFtjxgEz9; https://maps.app.goo.gl/qDbb6mJHvwhXw4Az6; https://maps.app.goo.gl/GdiSL1z7fBFtk3tr8; https://maps.app.goo.gl/ioqJ9N2mKRyMdiAe6; https://maps.app.goo.gl/dRnRPbNFPmCfsTHAA; https://goo.gl/maps/Empzn8zwhyULFrqV8; https://maps.app.goo.gl/AoJAreLLvUUHzVVw5; https://maps.app.goo.gl/H57L1w8ReXXNhtb99; https://www.google.com/maps/d/edit?mid=1SAcLUqc-JTEBiY1uNXVoDUdI-a5wJd0&ll=10.002013642197713%2C105…; https://www.google.com/maps/d/edit?mid=1GZCfnV4401jtKcup5hFe0KPBOBMYrp4&usp=sharing; https://maps.app.goo.gl/Mww4k2RWctPHssMQA; https://maps.app.goo.gl/pTzfCxqkMYLuLe9z9; https://maps.app.goo.gl/Fsyo4xmwK3kmzbC9A; https://maps.app.goo.gl/hMM3KEF5KhFhsZJi7; https://maps.app.goo.gl/acrdQ54V3NVNNkKh9; https://www.google.com/maps/d/edit?mid=1MawyjqMPRL80P8Y7qm_ZhtUgghnbpFc&usp=sharing; https://maps.app.goo.gl/ET75kfpwVX837fEE6; https://maps.app.goo.gl/47PLkeuNfzKvw38w8; https://maps.app.goo.gl/RXcEPNYx6EwAbDxF9; https://maps.app.goo.gl/xg6rRMGswq5scyCbA; https://maps.app.goo.gl/whvDoK2djK9ZczAK8; https://maps.app.goo.gl/9D1AGeGBDHSvttic8; https://maps.app.goo.gl/wbNjvBPsJioGNogn8; https://maps.app.goo.gl/DAATNJRd8MxG4uyaA; https://maps.app.goo.gl/cuqyDKdtbfwW1DAa8; https://maps.app.goo.gl/o5yA5cAF8qJoTZqW8; https://maps.app.goo.gl/Wji4ey8prbGM2zHJ6; https://maps.app.goo.gl/UEv62Ht1RcfDLLML8; https://maps.app.goo.gl/yVp7cfpfnfdzb7mV7; https://maps.app.goo.gl/uKe9j2z7xKHjdR8A7; https://www.google.com/maps/d/u/1/edit?mid=10gTnNN6aieu1u3Xx49gGnnp177W4zag&usp=sharing; https://goo.gl/maps/xNEqZWHrXNzKYLHe6; https://maps.app.goo.gl/NT8XaQJv76yrgG946; https://maps.app.goo.gl/b6AweqeJiHMGShsq9; https://maps.app.goo.gl/B98HY6ThSbAhg1a98; https://maps.app.goo.gl/s62kTxdTsTQvQHDJ9; https://maps.app.goo.gl/XwfK6AzNVqs5eFX17; https://maps.app.goo.gl/QAU1JqmdETLn951C; https://maps.app.goo.gl/K3ASKRs9Sc5yfa9z9; https://maps.app.goo.gl/dAy23L3wP3mTsMM88; https://maps.app.goo.gl/QydbrwwdHVvcm7keA; https://maps.app.goo.gl/E7ucSVc9hHKpPNDQ6; https://maps.app.goo.gl/4E1Yi9DPgpF2CdaE7; https://maps.app.goo.gl/uLPtqwAnwnevw4zz7; https://maps.app.goo.gl/VRterbzJvDcxUkVJ6; https://maps.app.goo.gl/zAmPVdt254bS1UUU7; https://maps.app.goo.gl/9PHZkvYiuadCm992A; https://goo.gl/maps/JhPoRTM15vQA7Kk6A; https://goo.gl/maps/rzwM8zz1vmEphauk6; https://goo.gl/maps/XXMLm2Ebm5FEFwig7; https://goo.gl/maps/BgnUiLh44bo3Nyq37; https://goo.gl/maps/FmDxfXdHa9mdoGK99; https://goo.gl/maps/aChZ8vYJMZ8j6SjR7; https://goo.gl/maps/GPVNSt7Q6a73xSKHA; https://goo.gl/maps/nSTM1wgMZyyzcAhg9; https://goo.gl/maps/h4LQbK4dijinbrmF8; https://goo.gl/maps/k4R8TwNVtrg4BrJc9; https://goo.gl/maps/YaZ9tS4Xqtm5REAe6; https://goo.gl/maps/cUNDNuwk9M5KBSbJA**; https://goo.gl/maps/VFB9RLFqHkCjVD4Y6; https://goo.gl/maps/xLiJbzx1TGiATefw5; https://goo.gl/maps/TKu4Ej99YDW51J8o6; https://goo.gl/maps/sMLMvWwegyerE3jJ9; https://goo.gl/maps/mJAEFg5zdD6J4Xbq8; https://goo.gl/maps/1eXNtJWdQZHPkvXp8; https://goo.gl/maps/9VManjp1YiqeSC1A8; https://goo.gl/maps/SeJtvcKkqmN6a7oy6; https://goo.gl/maps/hgxR4SsThT7KqvbUA; https://goo.gl/maps/gHyC9FmNZYpnaoV77; https://goo.gl/maps/5AF74tZoTkBqM71d6; https://goo.gl/maps/JtDt3jc8pMZ3n7xH9; https://goo.gl/maps/GPLvd34uRNT1EL5bA; https://goo.gl/maps/oJP5R9Jfe8yAcrWY6; https://goo.gl/maps/trCxv7WmZ7Lim467A,suspicious_shared_by_many_projects,matched_teams_map_link,name_token_overlap>=2,batch_117.txt
BDS-CURATED-0476,Hiyori e đang tổng hợp thông tin,has_unresolved_or_unattached_map_link,https://www.google.com/maps/d/edit?mid=1pYF3M65dQngj9P_VP8SbXUKy92nYnFo&usp=sharing; https://maps.app.goo.gl/t178LDzcrFtjxgEz9; https://maps.app.goo.gl/qDbb6mJHvwhXw4Az6; https://maps.app.goo.gl/oHEYY6H9GGykdD9C6; https://maps.app.goo.gl/GdiSL1z7fBFtk3tr8; https://maps.app.goo.gl/ioqJ9N2mKRyMdiAe6; https://maps.app.goo.gl/dRnRPbNFPmCfsTHAA; https://goo.gl/maps/Empzn8zwhyULFrqV8; https://maps.app.goo.gl/AoJAreLLvUUHzVVw5; https://maps.app.goo.gl/H57L1w8ReXXNhtb99; https://www.google.com/maps/d/edit?mid=1SAcLUqc-JTEBiY1uNXVoDUdI-a5wJd0&ll=10.002013642197713%2C105…; https://maps.app.goo.gl/QVMCmJp83pMBNKrL8; https://maps.app.goo.gl/Mww4k2RWctPHssMQA; https://maps.app.goo.gl/Hn6baY7yBKNTcRXs8; https://maps.app.goo.gl/bKZVkKUcnYGRLJWw5; https://www.google.com/maps/d/edit?mid=1Fl7DvT-DOnJvyHZ0Oq5v-nUadBLGHFo&usp=sharing; https://maps.app.goo.gl/LU2Nvzo1LBLur6Tj6; https://maps.app.goo.gl/pTzfCxqkMYLuLe9z9; https://maps.app.goo.gl/Fsyo4xmwK3kmzbC9A; https://maps.app.goo.gl/hMM3KEF5KhFhsZJi7; https://maps.app.goo.gl/7yPFeG3okyKbrLCM9; https://maps.app.goo.gl/acrdQ54V3NVNNkKh9; https://maps.app.goo.gl/u5QRXoNjSCh5uxRx5; https://www.google.com/maps/d/edit?mid=1MawyjqMPRL80P8Y7qm_ZhtUgghnbpFc&usp=sharing; https://maps.app.goo.gl/ET75kfpwVX837fEE6; https://maps.app.goo.gl/47PLkeuNfzKvw38w8; https://maps.app.goo.gl/RXcEPNYx6EwAbDxF9; https://maps.app.goo.gl/xg6rRMGswq5scyCbA; https://maps.app.goo.gl/whvDoK2djK9ZczAK8; https://maps.app.goo.gl/gr7GZiwJ71dX1nzNA; https://maps.app.goo.gl/efNjqXtJS5uqAid67; https://maps.app.goo.gl/xomcfbw3UHPYcLxG8; https://maps.app.goo.gl/wbNjvBPsJioGNogn8; https://maps.app.goo.gl/DAATNJRd8MxG4uyaA; https://maps.app.goo.gl/cuqyDKdtbfwW1DAa8; https://maps.app.goo.gl/o5yA5cAF8qJoTZqW8; https://maps.app.goo.gl/Wji4ey8prbGM2zHJ6; https://maps.app.goo.gl/UEv62Ht1RcfDLLML8; https://maps.app.goo.gl/TcCLZG1kwf9F7wCu5; https://maps.app.goo.gl/yVp7cfpfnfdzb7mV7; https://maps.app.goo.gl/uKe9j2z7xKHjdR8A7; https://goo.gl/maps/xNEqZWHrXNzKYLHe6; https://maps.app.goo.gl/NT8XaQJv76yrgG946; https://maps.app.goo.gl/zNrudtbb4kMk2xxv5; https://maps.app.goo.gl/B98HY6ThSbAhg1a98; https://maps.app.goo.gl/sY5sb4n5Lvp2K2oz7; https://maps.app.goo.gl/xQZeRwkJHuyDhx496; https://maps.app.goo.gl/s62kTxdTsTQvQHDJ9; https://maps.app.goo.gl/XwfK6AzNVqs5eFX17; https://maps.app.goo.gl/QAU1JqmdETLn951C; https://maps.app.goo.gl/K3ASKRs9Sc5yfa9z9; https://maps.app.goo.gl/dAy23L3wP3mTsMM88; https://maps.app.goo.gl/QydbrwwdHVvcm7keA; https://maps.app.goo.gl/E7ucSVc9hHKpPNDQ6; https://maps.app.goo.gl/4E1Yi9DPgpF2CdaE7; https://maps.app.goo.gl/uLPtqwAnwnevw4zz7; https://maps.app.goo.gl/VRterbzJvDcxUkVJ6; https://maps.app.goo.gl/zAmPVdt254bS1UUU7; https://maps.app.goo.gl/9PHZkvYiuadCm992A; https://goo.gl/maps/JhPoRTM15vQA7Kk6A; https://goo.gl/maps/rzwM8zz1vmEphauk6; https://goo.gl/maps/XXMLm2Ebm5FEFwig7; https://goo.gl/maps/BgnUiLh44bo3Nyq37; https://goo.gl/maps/FmDxfXdHa9mdoGK99; https://goo.gl/maps/KCGefw7KgVDUzTPh7; https://goo.gl/maps/aChZ8vYJMZ8j6SjR7; https://goo.gl/maps/GPVNSt7Q6a73xSKHA; https://goo.gl/maps/h4LQbK4dijinbrmF8; https://goo.gl/maps/k4R8TwNVtrg4BrJc9; https://goo.gl/maps/YaZ9tS4Xqtm5REAe6; https://goo.gl/maps/g4UerEukDLx9YjWt5; https://goo.gl/maps/cUNDNuwk9M5KBSbJA**; https://goo.gl/maps/tMLVh6Gm8DCwNDzN6; https://goo.gl/maps/VFB9RLFqHkCjVD4Y6; https://goo.gl/maps/xLiJbzx1TGiATefw5; https://goo.gl/maps/88psz7y8xzQTcyVn9; https://goo.gl/maps/TKu4Ej99YDW51J8o6; https://goo.gl/maps/sMLMvWwegyerE3jJ9; https://goo.gl/maps/mJAEFg5zdD6J4Xbq8; https://goo.gl/maps/1eXNtJWdQZHPkvXp8; https://goo.gl/maps/9VManjp1YiqeSC1A8; https://goo.gl/maps/SeJtvcKkqmN6a7oy6; https://goo.gl/maps/hgxR4SsThT7KqvbUA; https://goo.gl/maps/gHyC9FmNZYpnaoV77; https://goo.gl/maps/5AF74tZoTkBqM71d6; https://goo.gl/maps/JtDt3jc8pMZ3n7xH9; https://goo.gl/maps/GPLvd34uRNT1EL5bA; https://goo.gl/maps/oJP5R9Jfe8yAcrWY6; https://goo.gl/maps/trCxv7WmZ7Lim467A; https://goo.gl/maps/aSmRwi2p279NGLcb9; https://goo.gl/maps/s4v5mQf8LyZUv8B7A,https://www.google.com/maps/d/edit?mid=1pYF3M65dQngj9P_VP8SbXUKy92nYnFo&usp=sharing; https://maps.app.goo.gl/t178LDzcrFtjxgEz9; https://maps.app.goo.gl/qDbb6mJHvwhXw4Az6; https://maps.app.goo.gl/oHEYY6H9GGykdD9C6; https://maps.app.goo.gl/GdiSL1z7fBFtk3tr8; https://maps.app.goo.gl/ioqJ9N2mKRyMdiAe6; https://maps.app.goo.gl/dRnRPbNFPmCfsTHAA; https://goo.gl/maps/Empzn8zwhyULFrqV8; https://maps.app.goo.gl/AoJAreLLvUUHzVVw5; https://maps.app.goo.gl/H57L1w8ReXXNhtb99; https://www.google.com/maps/d/edit?mid=1SAcLUqc-JTEBiY1uNXVoDUdI-a5wJd0&ll=10.002013642197713%2C105…; https://maps.app.goo.gl/QVMCmJp83pMBNKrL8; https://maps.app.goo.gl/Mww4k2RWctPHssMQA; https://maps.app.goo.gl/Hn6baY7yBKNTcRXs8; https://maps.app.goo.gl/bKZVkKUcnYGRLJWw5; https://www.google.com/maps/d/edit?mid=1Fl7DvT-DOnJvyHZ0Oq5v-nUadBLGHFo&usp=sharing; https://maps.app.goo.gl/LU2Nvzo1LBLur6Tj6; https://maps.app.goo.gl/pTzfCxqkMYLuLe9z9; https://maps.app.goo.gl/Fsyo4xmwK3kmzbC9A; https://maps.app.goo.gl/hMM3KEF5KhFhsZJi7; https://maps.app.goo.gl/7yPFeG3okyKbrLCM9; https://maps.app.goo.gl/acrdQ54V3NVNNkKh9; https://maps.app.goo.gl/u5QRXoNjSCh5uxRx5; https://www.google.com/maps/d/edit?mid=1MawyjqMPRL80P8Y7qm_ZhtUgghnbpFc&usp=sharing; https://maps.app.goo.gl/ET75kfpwVX837fEE6; https://maps.app.goo.gl/47PLkeuNfzKvw38w8; https://maps.app.goo.gl/RXcEPNYx6EwAbDxF9; https://maps.app.goo.gl/xg6rRMGswq5scyCbA; https://maps.app.goo.gl/whvDoK2djK9ZczAK8; https://maps.app.goo.gl/gr7GZiwJ71dX1nzNA; https://maps.app.goo.gl/efNjqXtJS5uqAid67; https://maps.app.goo.gl/xomcfbw3UHPYcLxG8; https://maps.app.goo.gl/wbNjvBPsJioGNogn8; https://maps.app.goo.gl/DAATNJRd8MxG4uyaA; https://maps.app.goo.gl/cuqyDKdtbfwW1DAa8; https://maps.app.goo.gl/o5yA5cAF8qJoTZqW8; https://maps.app.goo.gl/Wji4ey8prbGM2zHJ6; https://maps.app.goo.gl/UEv62Ht1RcfDLLML8; https://maps.app.goo.gl/TcCLZG1kwf9F7wCu5; https://maps.app.goo.gl/yVp7cfpfnfdzb7mV7; https://maps.app.goo.gl/uKe9j2z7xKHjdR8A7; https://goo.gl/maps/xNEqZWHrXNzKYLHe6; https://maps.app.goo.gl/NT8XaQJv76yrgG946; https://maps.app.goo.gl/zNrudtbb4kMk2xxv5; https://maps.app.goo.gl/B98HY6ThSbAhg1a98; https://maps.app.goo.gl/sY5sb4n5Lvp2K2oz7; https://maps.app.goo.gl/xQZeRwkJHuyDhx496; https://maps.app.goo.gl/s62kTxdTsTQvQHDJ9; https://maps.app.goo.gl/XwfK6AzNVqs5eFX17; https://maps.app.goo.gl/QAU1JqmdETLn951C; https://maps.app.goo.gl/K3ASKRs9Sc5yfa9z9; https://maps.app.goo.gl/dAy23L3wP3mTsMM88; https://maps.app.goo.gl/QydbrwwdHVvcm7keA; https://maps.app.goo.gl/E7ucSVc9hHKpPNDQ6; https://maps.app.goo.gl/4E1Yi9DPgpF2CdaE7; https://maps.app.goo.gl/uLPtqwAnwnevw4zz7; https://maps.app.goo.gl/VRterbzJvDcxUkVJ6; https://maps.app.goo.gl/zAmPVdt254bS1UUU7; https://maps.app.goo.gl/9PHZkvYiuadCm992A; https://goo.gl/maps/JhPoRTM15vQA7Kk6A; https://goo.gl/maps/rzwM8zz1vmEphauk6; https://goo.gl/maps/XXMLm2Ebm5FEFwig7; https://goo.gl/maps/BgnUiLh44bo3Nyq37; https://goo.gl/maps/FmDxfXdHa9mdoGK99; https://goo.gl/maps/KCGefw7KgVDUzTPh7; https://goo.gl/maps/aChZ8vYJMZ8j6SjR7; https://goo.gl/maps/GPVNSt7Q6a73xSKHA; https://goo.gl/maps/h4LQbK4dijinbrmF8; https://goo.gl/maps/k4R8TwNVtrg4BrJc9; https://goo.gl/maps/YaZ9tS4Xqtm5REAe6; https://goo.gl/maps/g4UerEukDLx9YjWt5; https://goo.gl/maps/cUNDNuwk9M5KBSbJA**; https://goo.gl/maps/tMLVh6Gm8DCwNDzN6; https://goo.gl/maps/VFB9RLFqHkCjVD4Y6; https://goo.gl/maps/xLiJbzx1TGiATefw5; https://goo.gl/maps/88psz7y8xzQTcyVn9; https://goo.gl/maps/TKu4Ej99YDW51J8o6; https://goo.gl/maps/sMLMvWwegyerE3jJ9; https://goo.gl/maps/mJAEFg5zdD6J4Xbq8; https://goo.gl/maps/1eXNtJWdQZHPkvXp8; https://goo.gl/maps/9VManjp1YiqeSC1A8; https://goo.gl/maps/SeJtvcKkqmN6a7oy6; https://goo.gl/maps/hgxR4SsThT7KqvbUA; https://goo.gl/maps/gHyC9FmNZYpnaoV77; https://goo.gl/maps/5AF74tZoTkBqM71d6; https://goo.gl/maps/JtDt3jc8pMZ3n7xH9; https://goo.gl/maps/GPLvd34uRNT1EL5bA; https://goo.gl/maps/oJP5R9Jfe8yAcrWY6; https://goo.gl/maps/trCxv7WmZ7Lim467A; https://goo.gl/maps/aSmRwi2p279NGLcb9; https://goo.gl/maps/s4v5mQf8LyZUv8B7A,,,name_token_overlap>=2,batch_286.txt
BDS-CURATED-0395,Phú Đông premier gần PH đang bán giá 37 39,has_unresolved_or_unattached_map_link,https://maps.app.goo.gl/H57L1w8ReXXNhtb99; https://www.google.com/maps/d/edit?mid=1MawyjqMPRL80P8Y7qm_ZhtUgghnbpFc&usp=sharing; https://maps.app.goo.gl/K3ASKRs9Sc5yfa9z9; https://maps.app.goo.gl/dAy23L3wP3mTsMM88; https://maps.app.goo.gl/QydbrwwdHVvcm7keA; https://goo.gl/maps/sMLMvWwegyerE3jJ9; https://goo.gl/maps/trCxv7WmZ7Lim467A,https://maps.app.goo.gl/H57L1w8ReXXNhtb99; https://www.google.com/maps/d/edit?mid=1MawyjqMPRL80P8Y7qm_ZhtUgghnbpFc&usp=sharing; https://maps.app.goo.gl/K3ASKRs9Sc5yfa9z9; https://maps.app.goo.gl/dAy23L3wP3mTsMM88; https://maps.app.goo.gl/QydbrwwdHVvcm7keA; https://goo.gl/maps/sMLMvWwegyerE3jJ9; https://goo.gl/maps/trCxv7WmZ7Lim467A,,,name_token_overlap>=2,batch_573.txt; batch_574.txt
BDS-CURATED-0443,của DIG,has_unresolved_or_unattached_map_link,https://www.google.com/maps/d/edit?mid,https://www.google.com/maps/d/edit?mid,,,12,batch_440.txt
BDS-CURATED-0401,📷 2,no_map_link_found_in_matched_raw,,,,,,batch_042.txt
BDS-CURATED-0434,Aeon Mall hơn 6,no_map_link_found_in_matched_raw,,,,,,batch_464.txt
BDS-CURATED-0276,Cát Lái,has_unresolved_or_unattached_map_link,https://maps.app.goo.gl/oHEYY6H9GGykdD9C6,https://maps.app.goo.gl/oHEYY6H9GGykdD9C6,suspicious_shared_by_many_projects,matched_teams_map_link,12,batch_033.txt
BDS-CURATED-0406,KDC Đại Nam T01,no_map_link_found_in_matched_raw,,,,,,batch_542.txt
BDS-CURATED-0165,NOXH sẽ giúp tạo thương hiệu tích cực cho công ty trên thị trường,has_unresolved_or_unattached_map_link,https://maps.app.goo.gl/ioqJ9N2mKRyMdiAe6; https://maps.app.goo.gl/t178LDzcrFtjxgEz9; https://maps.app.goo.gl/qDbb6mJHvwhXw4Az6; https://maps.app.goo.gl/D8GuCY5LefTH8JVq9; https://maps.app.goo.gl/oHEYY6H9GGykdD9C6; https://maps.app.goo.gl/GdiSL1z7fBFtk3tr8; https://maps.app.goo.gl/dRnRPbNFPmCfsTHAA; https://www.google.com/maps/d/edit?mid=1pYF3M65dQngj9P_VP8SbXUKy92nYnFo&usp=sharing; https://maps.app.goo.gl/v8GdHbU3xb5G8JFs9; https://maps.app.goo.gl/6iyNdteYfVyyT9Xy9; https://goo.gl/maps/Empzn8zwhyULFrqV8; https://maps.app.goo.gl/AoJAreLLvUUHzVVw5; https://maps.app.goo.gl/zNrudtbb4kMk2xxv5; https://maps.app.goo.gl/H57L1w8ReXXNhtb99; https://www.google.com/maps/d/edit?mid=1SAcLUqc-JTEBiY1uNXVoDUdI-a5wJd0&ll=10.002013642197713%2C105…; https://www.google.com/maps/d/edit?mid=1GZCfnV4401jtKcup5hFe0KPBOBMYrp4&usp=sharing; https://maps.app.goo.gl/QVMCmJp83pMBNKrL8; https://maps.app.goo.gl/Mww4k2RWctPHssMQA; https://maps.app.goo.gl/Hn6baY7yBKNTcRXs8; https://maps.app.goo.gl/bKZVkKUcnYGRLJWw5; https://www.google.com/maps/d/edit?mid=1Fl7DvT-DOnJvyHZ0Oq5v-nUadBLGHFo&usp=sharing; https://maps.app.goo.gl/pTzfCxqkMYLuLe9z9; https://maps.app.goo.gl/Fsyo4xmwK3kmzbC9A; https://maps.app.goo.gl/hMM3KEF5KhFhsZJi7; https://maps.app.goo.gl/7yPFeG3okyKbrLCM9; https://maps.app.goo.gl/acrdQ54V3NVNNkKh9; https://www.google.com/maps/d/edit?mid=1p-2wMqsZAnTQXubtXx7Lse6Sq-8rC64&usp=sharing; https://www.google.com/maps/d/edit?mid=1MawyjqMPRL80P8Y7qm_ZhtUgghnbpFc&usp=sharing; https://maps.app.goo.gl/ET75kfpwVX837fEE6; https://maps.app.goo.gl/47PLkeuNfzKvw38w8; https://maps.app.goo.gl/RXcEPNYx6EwAbDxF9; https://maps.app.goo.gl/xg6rRMGswq5scyCbA; https://maps.app.goo.gl/whvDoK2djK9ZczAK8; https://maps.app.goo.gl/gr7GZiwJ71dX1nzNA; https://maps.app.goo.gl/efNjqXtJS5uqAid67; https://maps.app.goo.gl/9D1AGeGBDHSvttic8; https://maps.app.goo.gl/xomcfbw3UHPYcLxG8; https://maps.app.goo.gl/wbNjvBPsJioGNogn8; https://maps.app.goo.gl/DAATNJRd8MxG4uyaA; https://maps.app.goo.gl/cuqyDKdtbfwW1DAa8; https://maps.app.goo.gl/o5yA5cAF8qJoTZqW8; https://maps.app.goo.gl/Wji4ey8prbGM2zHJ6; https://maps.app.goo.gl/UEv62Ht1RcfDLLML8; https://maps.app.goo.gl/TcCLZG1kwf9F7wCu5; https://maps.app.goo.gl/yVp7cfpfnfdzb7mV7; https://goo.gl/maps/eqfdgJBc7XT7VhAW8; https://maps.app.goo.gl/uKe9j2z7xKHjdR8A7; https://www.google.com/maps/d/u/1/edit?mid=10gTnNN6aieu1u3Xx49gGnnp177W4zag&usp=sharing; https://goo.gl/maps/xNEqZWHrXNzKYLHe6; https://maps.app.goo.gl/NT8XaQJv76yrgG946; https://maps.app.goo.gl/b6AweqeJiHMGShsq9; https://maps.app.goo.gl/B98HY6ThSbAhg1a98; https://maps.app.goo.gl/sY5sb4n5Lvp2K2oz7; https://maps.app.goo.gl/xQZeRwkJHuyDhx496; https://maps.app.goo.gl/s62kTxdTsTQvQHDJ9; https://maps.app.goo.gl/XwfK6AzNVqs5eFX17; https://maps.app.goo.gl/QAU1JqmdETLn951C; https://maps.app.goo.gl/K3ASKRs9Sc5yfa9z9; https://maps.app.goo.gl/dAy23L3wP3mTsMM88; https://maps.app.goo.gl/QydbrwwdHVvcm7keA; https://maps.app.goo.gl/E7ucSVc9hHKpPNDQ6; https://maps.app.goo.gl/4E1Yi9DPgpF2CdaE7; https://maps.app.goo.gl/uLPtqwAnwnevw4zz7; https://maps.app.goo.gl/VRterbzJvDcxUkVJ6; https://maps.app.goo.gl/zAmPVdt254bS1UUU7; https://maps.app.goo.gl/9PHZkvYiuadCm992A; https://goo.gl/maps/JhPoRTM15vQA7Kk6A; https://goo.gl/maps/rzwM8zz1vmEphauk6; https://goo.gl/maps/XXMLm2Ebm5FEFwig7; https://goo.gl/maps/BgnUiLh44bo3Nyq37; https://goo.gl/maps/FmDxfXdHa9mdoGK99; https://goo.gl/maps/KCGefw7KgVDUzTPh7; https://goo.gl/maps/aChZ8vYJMZ8j6SjR7; https://goo.gl/maps/GPVNSt7Q6a73xSKHA; https://goo.gl/maps/h4LQbK4dijinbrmF8; https://goo.gl/maps/AivqKgNA3GRARDNZ7; https://goo.gl/maps/k4R8TwNVtrg4BrJc9; https://goo.gl/maps/YaZ9tS4Xqtm5REAe6; https://goo.gl/maps/g4UerEukDLx9YjWt5; https://goo.gl/maps/QUDziRBdFv7URi8QA; https://goo.gl/maps/cUNDNuwk9M5KBSbJA**; https://goo.gl/maps/dSeYp8x6gD6nWQJo7; https://goo.gl/maps/VFB9RLFqHkCjVD4Y6; https://goo.gl/maps/xLiJbzx1TGiATefw5; https://goo.gl/maps/88psz7y8xzQTcyVn9; https://goo.gl/maps/TKu4Ej99YDW51J8o6; https://goo.gl/maps/Y5rcVkPSFzuYQtaJ7; https://goo.gl/maps/tu8NToyeSY9qMEt19; https://goo.gl/maps/sMLMvWwegyerE3jJ9; https://goo.gl/maps/oJBLCYE9ShbB6ZA6A; https://goo.gl/maps/mJAEFg5zdD6J4Xbq8; https://goo.gl/maps/u7HMUhYJqdPGD9dz6; https://goo.gl/maps/1eXNtJWdQZHPkvXp8; https://goo.gl/maps/9VManjp1YiqeSC1A8; https://goo.gl/maps/SeJtvcKkqmN6a7oy6; https://goo.gl/maps/hgxR4SsThT7KqvbUA; https://goo.gl/maps/gHyC9FmNZYpnaoV77; https://goo.gl/maps/5AF74tZoTkBqM71d6; https://goo.gl/maps/JtDt3jc8pMZ3n7xH9; https://goo.gl/maps/GPLvd34uRNT1EL5bA; https://goo.gl/maps/oJP5R9Jfe8yAcrWY6; https://goo.gl/maps/trCxv7WmZ7Lim467A; https://goo.gl/maps/aSmRwi2p279NGLcb9; https://goo.gl/maps/s4v5mQf8LyZUv8B7A,https://maps.app.goo.gl/ioqJ9N2mKRyMdiAe6; https://maps.app.goo.gl/t178LDzcrFtjxgEz9; https://maps.app.goo.gl/qDbb6mJHvwhXw4Az6; https://maps.app.goo.gl/D8GuCY5LefTH8JVq9; https://maps.app.goo.gl/oHEYY6H9GGykdD9C6; https://maps.app.goo.gl/GdiSL1z7fBFtk3tr8; https://maps.app.goo.gl/dRnRPbNFPmCfsTHAA; https://www.google.com/maps/d/edit?mid=1pYF3M65dQngj9P_VP8SbXUKy92nYnFo&usp=sharing; https://maps.app.goo.gl/v8GdHbU3xb5G8JFs9; https://maps.app.goo.gl/6iyNdteYfVyyT9Xy9; https://goo.gl/maps/Empzn8zwhyULFrqV8; https://maps.app.goo.gl/AoJAreLLvUUHzVVw5; https://maps.app.goo.gl/zNrudtbb4kMk2xxv5; https://maps.app.goo.gl/H57L1w8ReXXNhtb99; https://www.google.com/maps/d/edit?mid=1SAcLUqc-JTEBiY1uNXVoDUdI-a5wJd0&ll=10.002013642197713%2C105…; https://www.google.com/maps/d/edit?mid=1GZCfnV4401jtKcup5hFe0KPBOBMYrp4&usp=sharing; https://maps.app.goo.gl/QVMCmJp83pMBNKrL8; https://maps.app.goo.gl/Mww4k2RWctPHssMQA; https://maps.app.goo.gl/Hn6baY7yBKNTcRXs8; https://maps.app.goo.gl/bKZVkKUcnYGRLJWw5; https://www.google.com/maps/d/edit?mid=1Fl7DvT-DOnJvyHZ0Oq5v-nUadBLGHFo&usp=sharing; https://maps.app.goo.gl/pTzfCxqkMYLuLe9z9; https://maps.app.goo.gl/Fsyo4xmwK3kmzbC9A; https://maps.app.goo.gl/hMM3KEF5KhFhsZJi7; https://maps.app.goo.gl/7yPFeG3okyKbrLCM9; https://maps.app.goo.gl/acrdQ54V3NVNNkKh9; https://www.google.com/maps/d/edit?mid=1p-2wMqsZAnTQXubtXx7Lse6Sq-8rC64&usp=sharing; https://www.google.com/maps/d/edit?mid=1MawyjqMPRL80P8Y7qm_ZhtUgghnbpFc&usp=sharing; https://maps.app.goo.gl/ET75kfpwVX837fEE6; https://maps.app.goo.gl/47PLkeuNfzKvw38w8; https://maps.app.goo.gl/RXcEPNYx6EwAbDxF9; https://maps.app.goo.gl/xg6rRMGswq5scyCbA; https://maps.app.goo.gl/whvDoK2djK9ZczAK8; https://maps.app.goo.gl/gr7GZiwJ71dX1nzNA; https://maps.app.goo.gl/efNjqXtJS5uqAid67; https://maps.app.goo.gl/9D1AGeGBDHSvttic8; https://maps.app.goo.gl/xomcfbw3UHPYcLxG8; https://maps.app.goo.gl/wbNjvBPsJioGNogn8; https://maps.app.goo.gl/DAATNJRd8MxG4uyaA; https://maps.app.goo.gl/cuqyDKdtbfwW1DAa8; https://maps.app.goo.gl/o5yA5cAF8qJoTZqW8; https://maps.app.goo.gl/Wji4ey8prbGM2zHJ6; https://maps.app.goo.gl/UEv62Ht1RcfDLLML8; https://maps.app.goo.gl/TcCLZG1kwf9F7wCu5; https://maps.app.goo.gl/yVp7cfpfnfdzb7mV7; https://goo.gl/maps/eqfdgJBc7XT7VhAW8; https://maps.app.goo.gl/uKe9j2z7xKHjdR8A7; https://www.google.com/maps/d/u/1/edit?mid=10gTnNN6aieu1u3Xx49gGnnp177W4zag&usp=sharing; https://goo.gl/maps/xNEqZWHrXNzKYLHe6; https://maps.app.goo.gl/NT8XaQJv76yrgG946; https://maps.app.goo.gl/b6AweqeJiHMGShsq9; https://maps.app.goo.gl/B98HY6ThSbAhg1a98; https://maps.app.goo.gl/sY5sb4n5Lvp2K2oz7; https://maps.app.goo.gl/xQZeRwkJHuyDhx496; https://maps.app.goo.gl/s62kTxdTsTQvQHDJ9; https://maps.app.goo.gl/XwfK6AzNVqs5eFX17; https://maps.app.goo.gl/QAU1JqmdETLn951C; https://maps.app.goo.gl/K3ASKRs9Sc5yfa9z9; https://maps.app.goo.gl/dAy23L3wP3mTsMM88; https://maps.app.goo.gl/QydbrwwdHVvcm7keA; https://maps.app.goo.gl/E7ucSVc9hHKpPNDQ6; https://maps.app.goo.gl/4E1Yi9DPgpF2CdaE7; https://maps.app.goo.gl/uLPtqwAnwnevw4zz7; https://maps.app.goo.gl/VRterbzJvDcxUkVJ6; https://maps.app.goo.gl/zAmPVdt254bS1UUU7; https://maps.app.goo.gl/9PHZkvYiuadCm992A; https://goo.gl/maps/JhPoRTM15vQA7Kk6A; https://goo.gl/maps/rzwM8zz1vmEphauk6; https://goo.gl/maps/XXMLm2Ebm5FEFwig7; https://goo.gl/maps/BgnUiLh44bo3Nyq37; https://goo.gl/maps/FmDxfXdHa9mdoGK99; https://goo.gl/maps/KCGefw7KgVDUzTPh7; https://goo.gl/maps/aChZ8vYJMZ8j6SjR7; https://goo.gl/maps/GPVNSt7Q6a73xSKHA; https://goo.gl/maps/h4LQbK4dijinbrmF8; https://goo.gl/maps/AivqKgNA3GRARDNZ7; https://goo.gl/maps/k4R8TwNVtrg4BrJc9; https://goo.gl/maps/YaZ9tS4Xqtm5REAe6; https://goo.gl/maps/g4UerEukDLx9YjWt5; https://goo.gl/maps/QUDziRBdFv7URi8QA; https://goo.gl/maps/cUNDNuwk9M5KBSbJA**; https://goo.gl/maps/dSeYp8x6gD6nWQJo7; https://goo.gl/maps/VFB9RLFqHkCjVD4Y6; https://goo.gl/maps/xLiJbzx1TGiATefw5; https://goo.gl/maps/88psz7y8xzQTcyVn9; https://goo.gl/maps/TKu4Ej99YDW51J8o6; https://goo.gl/maps/Y5rcVkPSFzuYQtaJ7; https://goo.gl/maps/tu8NToyeSY9qMEt19; https://goo.gl/maps/sMLMvWwegyerE3jJ9; https://goo.gl/maps/oJBLCYE9ShbB6ZA6A; https://goo.gl/maps/mJAEFg5zdD6J4Xbq8; https://goo.gl/maps/u7HMUhYJqdPGD9dz6; https://goo.gl/maps/1eXNtJWdQZHPkvXp8; https://goo.gl/maps/9VManjp1YiqeSC1A8; https://goo.gl/maps/SeJtvcKkqmN6a7oy6; https://goo.gl/maps/hgxR4SsThT7KqvbUA; https://goo.gl/maps/gHyC9FmNZYpnaoV77; https://goo.gl/maps/5AF74tZoTkBqM71d6; https://goo.gl/maps/JtDt3jc8pMZ3n7xH9; https://goo.gl/maps/GPLvd34uRNT1EL5bA; https://goo.gl/maps/oJP5R9Jfe8yAcrWY6; https://goo.gl/maps/trCxv7WmZ7Lim467A; https://goo.gl/maps/aSmRwi2p279NGLcb9; https://goo.gl/maps/s4v5mQf8LyZUv8B7A,suspicious_shared_by_many_projects,matched_teams_map_link,name_token_overlap>=2,batch_492.txt
BDS-CURATED-0199,cao tầng với,has_unresolved_or_unattached_map_link,https://maps.app.goo.gl/uKe9j2z7xKHjdR8A7,https://maps.app.goo.gl/uKe9j2z7xKHjdR8A7,suspicious_shared_by_many_projects,matched_teams_map_link,14,batch_611.txt
BDS-CURATED-0446,gần 11,no_map_link_found_in_matched_raw,,,,,,batch_504.txt
BDS-CURATED-0448,hơn 72,no_map_link_found_in_matched_raw,,,,,,batch_464.txt
BDS-CURATED-0213,này hiện đã thực hiện pháp lý đến gia,has_unresolved_or_unattached_map_link,https://goo.gl/maps/9VManjp1YiqeSC1A8; https://maps.app.goo.gl/qDbb6mJHvwhXw4Az6; https://maps.app.goo.gl/D8GuCY5LefTH8JVq9; https://maps.app.goo.gl/GdiSL1z7fBFtk3tr8; https://maps.app.goo.gl/ioqJ9N2mKRyMdiAe6; https://maps.app.goo.gl/dRnRPbNFPmCfsTHAA; https://www.google.com/maps/d/edit?mid=1pYF3M65dQngj9P_VP8SbXUKy92nYnFo&usp=sharing; https://maps.app.goo.gl/v8GdHbU3xb5G8JFs9; https://maps.app.goo.gl/6iyNdteYfVyyT9Xy9; https://maps.app.goo.gl/AoJAreLLvUUHzVVw5; https://www.google.com/maps/d/edit?mid=1SAcLUqc-JTEBiY1uNXVoDUdI-a5wJd0&ll=10.002013642197713%2C105…; https://maps.app.goo.gl/Mww4k2RWctPHssMQA; https://maps.app.goo.gl/Hn6baY7yBKNTcRXs8; https://www.google.com/maps/d/edit?mid=11z_Bkaxe4GIV5AYsicAES_ivCxDZbmM&usp=sharing; https://maps.app.goo.gl/bKZVkKUcnYGRLJWw5; https://maps.app.goo.gl/pTzfCxqkMYLuLe9z9; https://maps.app.goo.gl/7yPFeG3okyKbrLCM9; https://maps.app.goo.gl/acrdQ54V3NVNNkKh9; https://www.google.com/maps/d/edit?mid=1MawyjqMPRL80P8Y7qm_ZhtUgghnbpFc&usp=sharing; https://maps.app.goo.gl/ET75kfpwVX837fEE6; https://maps.app.goo.gl/47PLkeuNfzKvw38w8; https://maps.app.goo.gl/RXcEPNYx6EwAbDxF9; https://maps.app.goo.gl/xg6rRMGswq5scyCbA; https://maps.app.goo.gl/whvDoK2djK9ZczAK8; https://maps.app.goo.gl/efNjqXtJS5uqAid67; https://maps.app.goo.gl/xomcfbw3UHPYcLxG8; https://maps.app.goo.gl/wbNjvBPsJioGNogn8; https://maps.app.goo.gl/DAATNJRd8MxG4uyaA; https://maps.app.goo.gl/cuqyDKdtbfwW1DAa8; https://maps.app.goo.gl/o5yA5cAF8qJoTZqW8; https://maps.app.goo.gl/Wji4ey8prbGM2zHJ6; https://maps.app.goo.gl/UEv62Ht1RcfDLLML8; https://maps.app.goo.gl/TcCLZG1kwf9F7wCu5; https://maps.app.goo.gl/yVp7cfpfnfdzb7mV7; https://maps.app.goo.gl/uKe9j2z7xKHjdR8A7; https://www.google.com/maps/d/u/1/edit?mid=10gTnNN6aieu1u3Xx49gGnnp177W4zag&usp=sharing; https://goo.gl/maps/xNEqZWHrXNzKYLHe6; https://maps.app.goo.gl/NT8XaQJv76yrgG946; https://maps.app.goo.gl/b6AweqeJiHMGShsq9; https://maps.app.goo.gl/B98HY6ThSbAhg1a98; https://maps.app.goo.gl/sY5sb4n5Lvp2K2oz7; https://maps.app.goo.gl/xQZeRwkJHuyDhx496; https://maps.app.goo.gl/s62kTxdTsTQvQHDJ9; https://maps.app.goo.gl/XwfK6AzNVqs5eFX17; https://maps.app.goo.gl/QAU1JqmdETLn951C; https://maps.app.goo.gl/K3ASKRs9Sc5yfa9z9; https://maps.app.goo.gl/zNrudtbb4kMk2xxv5; https://maps.app.goo.gl/4E1Yi9DPgpF2CdaE7; https://maps.app.goo.gl/uLPtqwAnwnevw4zz7; https://maps.app.goo.gl/VRterbzJvDcxUkVJ6; https://maps.app.goo.gl/zAmPVdt254bS1UUU7; https://maps.app.goo.gl/9PHZkvYiuadCm992A; https://goo.gl/maps/JhPoRTM15vQA7Kk6A; https://goo.gl/maps/XXMLm2Ebm5FEFwig7; https://goo.gl/maps/BgnUiLh44bo3Nyq37; https://goo.gl/maps/FmDxfXdHa9mdoGK99; https://goo.gl/maps/KCGefw7KgVDUzTPh7; https://goo.gl/maps/aChZ8vYJMZ8j6SjR7; https://goo.gl/maps/GPVNSt7Q6a73xSKHA; https://goo.gl/maps/h4LQbK4dijinbrmF8; https://goo.gl/maps/AivqKgNA3GRARDNZ7; https://goo.gl/maps/k4R8TwNVtrg4BrJc9; https://goo.gl/maps/YaZ9tS4Xqtm5REAe6; https://goo.gl/maps/g4UerEukDLx9YjWt5; https://goo.gl/maps/C86NnDNwQKH22Bek9-; https://goo.gl/maps/QUDziRBdFv7URi8QA; https://goo.gl/maps/cUNDNuwk9M5KBSbJA**; https://goo.gl/maps/tMLVh6Gm8DCwNDzN6; https://goo.gl/maps/VFB9RLFqHkCjVD4Y6; https://goo.gl/maps/xLiJbzx1TGiATefw5; https://goo.gl/maps/88psz7y8xzQTcyVn9; https://goo.gl/maps/TKu4Ej99YDW51J8o6; https://goo.gl/maps/Y5rcVkPSFzuYQtaJ7; https://goo.gl/maps/tu8NToyeSY9qMEt19; https://goo.gl/maps/sMLMvWwegyerE3jJ9; https://goo.gl/maps/mJAEFg5zdD6J4Xbq8; https://goo.gl/maps/1eXNtJWdQZHPkvXp8; https://goo.gl/maps/SeJtvcKkqmN6a7oy6; https://goo.gl/maps/hgxR4SsThT7KqvbUA; https://goo.gl/maps/gHyC9FmNZYpnaoV77; https://goo.gl/maps/5AF74tZoTkBqM71d6; https://goo.gl/maps/JtDt3jc8pMZ3n7xH9; https://goo.gl/maps/GPLvd34uRNT1EL5bA; https://goo.gl/maps/oJP5R9Jfe8yAcrWY6; https://goo.gl/maps/trCxv7WmZ7Lim467A; https://goo.gl/maps/aSmRwi2p279NGLcb9; https://goo.gl/maps/s4v5mQf8LyZUv8B7A,https://goo.gl/maps/9VManjp1YiqeSC1A8; https://maps.app.goo.gl/qDbb6mJHvwhXw4Az6; https://maps.app.goo.gl/D8GuCY5LefTH8JVq9; https://maps.app.goo.gl/GdiSL1z7fBFtk3tr8; https://maps.app.goo.gl/ioqJ9N2mKRyMdiAe6; https://maps.app.goo.gl/dRnRPbNFPmCfsTHAA; https://www.google.com/maps/d/edit?mid=1pYF3M65dQngj9P_VP8SbXUKy92nYnFo&usp=sharing; https://maps.app.goo.gl/v8GdHbU3xb5G8JFs9; https://maps.app.goo.gl/6iyNdteYfVyyT9Xy9; https://maps.app.goo.gl/AoJAreLLvUUHzVVw5; https://www.google.com/maps/d/edit?mid=1SAcLUqc-JTEBiY1uNXVoDUdI-a5wJd0&ll=10.002013642197713%2C105…; https://maps.app.goo.gl/Mww4k2RWctPHssMQA; https://maps.app.goo.gl/Hn6baY7yBKNTcRXs8; https://www.google.com/maps/d/edit?mid=11z_Bkaxe4GIV5AYsicAES_ivCxDZbmM&usp=sharing; https://maps.app.goo.gl/bKZVkKUcnYGRLJWw5; https://maps.app.goo.gl/pTzfCxqkMYLuLe9z9; https://maps.app.goo.gl/7yPFeG3okyKbrLCM9; https://maps.app.goo.gl/acrdQ54V3NVNNkKh9; https://www.google.com/maps/d/edit?mid=1MawyjqMPRL80P8Y7qm_ZhtUgghnbpFc&usp=sharing; https://maps.app.goo.gl/ET75kfpwVX837fEE6; https://maps.app.goo.gl/47PLkeuNfzKvw38w8; https://maps.app.goo.gl/RXcEPNYx6EwAbDxF9; https://maps.app.goo.gl/xg6rRMGswq5scyCbA; https://maps.app.goo.gl/whvDoK2djK9ZczAK8; https://maps.app.goo.gl/efNjqXtJS5uqAid67; https://maps.app.goo.gl/xomcfbw3UHPYcLxG8; https://maps.app.goo.gl/wbNjvBPsJioGNogn8; https://maps.app.goo.gl/DAATNJRd8MxG4uyaA; https://maps.app.goo.gl/cuqyDKdtbfwW1DAa8; https://maps.app.goo.gl/o5yA5cAF8qJoTZqW8; https://maps.app.goo.gl/Wji4ey8prbGM2zHJ6; https://maps.app.goo.gl/UEv62Ht1RcfDLLML8; https://maps.app.goo.gl/TcCLZG1kwf9F7wCu5; https://maps.app.goo.gl/yVp7cfpfnfdzb7mV7; https://maps.app.goo.gl/uKe9j2z7xKHjdR8A7; https://www.google.com/maps/d/u/1/edit?mid=10gTnNN6aieu1u3Xx49gGnnp177W4zag&usp=sharing; https://goo.gl/maps/xNEqZWHrXNzKYLHe6; https://maps.app.goo.gl/NT8XaQJv76yrgG946; https://maps.app.goo.gl/b6AweqeJiHMGShsq9; https://maps.app.goo.gl/B98HY6ThSbAhg1a98; https://maps.app.goo.gl/sY5sb4n5Lvp2K2oz7; https://maps.app.goo.gl/xQZeRwkJHuyDhx496; https://maps.app.goo.gl/s62kTxdTsTQvQHDJ9; https://maps.app.goo.gl/XwfK6AzNVqs5eFX17; https://maps.app.goo.gl/QAU1JqmdETLn951C; https://maps.app.goo.gl/K3ASKRs9Sc5yfa9z9; https://maps.app.goo.gl/zNrudtbb4kMk2xxv5; https://maps.app.goo.gl/4E1Yi9DPgpF2CdaE7; https://maps.app.goo.gl/uLPtqwAnwnevw4zz7; https://maps.app.goo.gl/VRterbzJvDcxUkVJ6; https://maps.app.goo.gl/zAmPVdt254bS1UUU7; https://maps.app.goo.gl/9PHZkvYiuadCm992A; https://goo.gl/maps/JhPoRTM15vQA7Kk6A; https://goo.gl/maps/XXMLm2Ebm5FEFwig7; https://goo.gl/maps/BgnUiLh44bo3Nyq37; https://goo.gl/maps/FmDxfXdHa9mdoGK99; https://goo.gl/maps/KCGefw7KgVDUzTPh7; https://goo.gl/maps/aChZ8vYJMZ8j6SjR7; https://goo.gl/maps/GPVNSt7Q6a73xSKHA; https://goo.gl/maps/h4LQbK4dijinbrmF8; https://goo.gl/maps/AivqKgNA3GRARDNZ7; https://goo.gl/maps/k4R8TwNVtrg4BrJc9; https://goo.gl/maps/YaZ9tS4Xqtm5REAe6; https://goo.gl/maps/g4UerEukDLx9YjWt5; https://goo.gl/maps/C86NnDNwQKH22Bek9-; https://goo.gl/maps/QUDziRBdFv7URi8QA; https://goo.gl/maps/cUNDNuwk9M5KBSbJA**; https://goo.gl/maps/tMLVh6Gm8DCwNDzN6; https://goo.gl/maps/VFB9RLFqHkCjVD4Y6; https://goo.gl/maps/xLiJbzx1TGiATefw5; https://goo.gl/maps/88psz7y8xzQTcyVn9; https://goo.gl/maps/TKu4Ej99YDW51J8o6; https://goo.gl/maps/Y5rcVkPSFzuYQtaJ7; https://goo.gl/maps/tu8NToyeSY9qMEt19; https://goo.gl/maps/sMLMvWwegyerE3jJ9; https://goo.gl/maps/mJAEFg5zdD6J4Xbq8; https://goo.gl/maps/1eXNtJWdQZHPkvXp8; https://goo.gl/maps/SeJtvcKkqmN6a7oy6; https://goo.gl/maps/hgxR4SsThT7KqvbUA; https://goo.gl/maps/gHyC9FmNZYpnaoV77; https://goo.gl/maps/5AF74tZoTkBqM71d6; https://goo.gl/maps/JtDt3jc8pMZ3n7xH9; https://goo.gl/maps/GPLvd34uRNT1EL5bA; https://goo.gl/maps/oJP5R9Jfe8yAcrWY6; https://goo.gl/maps/trCxv7WmZ7Lim467A; https://goo.gl/maps/aSmRwi2p279NGLcb9; https://goo.gl/maps/s4v5mQf8LyZUv8B7A,suspicious_shared_by_many_projects,matched_teams_map_link,name_token_overlap>=2,batch_922.txt
BDS-CURATED-0455,này luôn nhé,no_map_link_found_in_matched_raw,,,,,,batch_467.txt
BDS-CURATED-0461,này đã có đánh giá báo cáo Sếp trước đây rồi à,has_unresolved_or_unattached_map_link,https://maps.app.goo.gl/GdiSL1z7fBFtk3tr8; https://maps.app.goo.gl/Mww4k2RWctPHssMQA; https://maps.app.goo.gl/o5yA5cAF8qJoTZqW8; https://maps.app.goo.gl/NT8XaQJv76yrgG946; https://maps.app.goo.gl/sY5sb4n5Lvp2K2oz7; https://maps.app.goo.gl/zNrudtbb4kMk2xxv5; https://goo.gl/maps/xNEqZWHrXNzKYLHe6; https://goo.gl/maps/tMLVh6Gm8DCwNDzN6; https://goo.gl/maps/oJBLCYE9ShbB6ZA6A; https://goo.gl/maps/5AF74tZoTkBqM71d6,https://maps.app.goo.gl/GdiSL1z7fBFtk3tr8; https://maps.app.goo.gl/Mww4k2RWctPHssMQA; https://maps.app.goo.gl/o5yA5cAF8qJoTZqW8; https://maps.app.goo.gl/NT8XaQJv76yrgG946; https://maps.app.goo.gl/sY5sb4n5Lvp2K2oz7; https://maps.app.goo.gl/zNrudtbb4kMk2xxv5; https://goo.gl/maps/xNEqZWHrXNzKYLHe6; https://goo.gl/maps/tMLVh6Gm8DCwNDzN6; https://goo.gl/maps/oJBLCYE9ShbB6ZA6A; https://goo.gl/maps/5AF74tZoTkBqM71d6,,,name_token_overlap>=2,batch_371.txt
BDS-CURATED-0422,nằm ở vị trí quỹ đất còn nhiều,no_map_link_found_in_matched_raw,,,,,,batch_469.txt
BDS-CURATED-0462,phát triển nhà ở kết họp TOD,has_unresolved_or_unattached_map_link,https://maps.app.goo.gl/qDbb6mJHvwhXw4Az6; https://maps.app.goo.gl/GdiSL1z7fBFtk3tr8; https://maps.app.goo.gl/ioqJ9N2mKRyMdiAe6; https://maps.app.goo.gl/dRnRPbNFPmCfsTHAA; https://maps.app.goo.gl/v8GdHbU3xb5G8JFs9; https://goo.gl/maps/Empzn8zwhyULFrqV8; https://maps.app.goo.gl/AoJAreLLvUUHzVVw5; https://www.google.com/maps/d/edit?mid=1GZCfnV4401jtKcup5hFe0KPBOBMYrp4&usp=sharing; https://maps.app.goo.gl/Mww4k2RWctPHssMQA; https://maps.app.goo.gl/bKZVkKUcnYGRLJWw5; https://maps.app.goo.gl/pTzfCxqkMYLuLe9z9; https://www.google.com/maps/d/edit?mid=1MawyjqMPRL80P8Y7qm_ZhtUgghnbpFc&usp=sharing; https://maps.app.goo.gl/wbNjvBPsJioGNogn8; https://maps.app.goo.gl/DAATNJRd8MxG4uyaA; https://maps.app.goo.gl/cuqyDKdtbfwW1DAa8; https://maps.app.goo.gl/Wji4ey8prbGM2zHJ6; https://maps.app.goo.gl/UEv62Ht1RcfDLLML8; https://maps.app.goo.gl/yVp7cfpfnfdzb7mV7; https://goo.gl/maps/eqfdgJBc7XT7VhAW8; https://maps.app.goo.gl/uKe9j2z7xKHjdR8A7; https://www.google.com/maps/d/u/1/edit?mid=10gTnNN6aieu1u3Xx49gGnnp177W4zag&usp=sharing; https://maps.app.goo.gl/NT8XaQJv76yrgG946; https://maps.app.goo.gl/zNrudtbb4kMk2xxv5; https://maps.app.goo.gl/B98HY6ThSbAhg1a98; https://maps.app.goo.gl/s62kTxdTsTQvQHDJ9; https://maps.app.goo.gl/XwfK6AzNVqs5eFX17; https://maps.app.goo.gl/QAU1JqmdETLn951C; https://maps.app.goo.gl/K3ASKRs9Sc5yfa9z9; https://maps.app.goo.gl/dAy23L3wP3mTsMM88; https://maps.app.goo.gl/QydbrwwdHVvcm7keA; https://maps.app.goo.gl/E7ucSVc9hHKpPNDQ6; https://maps.app.goo.gl/4E1Yi9DPgpF2CdaE7; https://maps.app.goo.gl/uLPtqwAnwnevw4zz7; https://maps.app.goo.gl/zAmPVdt254bS1UUU7; https://maps.app.goo.gl/9PHZkvYiuadCm992A; https://goo.gl/maps/JhPoRTM15vQA7Kk6A; https://goo.gl/maps/XXMLm2Ebm5FEFwig7; https://goo.gl/maps/FmDxfXdHa9mdoGK99; https://goo.gl/maps/xNEqZWHrXNzKYLHe6; https://goo.gl/maps/nSTM1wgMZyyzcAhg9; https://goo.gl/maps/k4R8TwNVtrg4BrJc9; https://goo.gl/maps/YaZ9tS4Xqtm5REAe6; https://goo.gl/maps/g4UerEukDLx9YjWt5; https://goo.gl/maps/cUNDNuwk9M5KBSbJA**; https://goo.gl/maps/xLiJbzx1TGiATefw5; https://goo.gl/maps/88psz7y8xzQTcyVn9; https://goo.gl/maps/TKu4Ej99YDW51J8o6; https://goo.gl/maps/Y5rcVkPSFzuYQtaJ7; https://goo.gl/maps/tu8NToyeSY9qMEt19; https://goo.gl/maps/mJAEFg5zdD6J4Xbq8; https://goo.gl/maps/1eXNtJWdQZHPkvXp8; https://goo.gl/maps/9VManjp1YiqeSC1A8; https://goo.gl/maps/SeJtvcKkqmN6a7oy6; https://goo.gl/maps/hgxR4SsThT7KqvbUA; https://goo.gl/maps/gHyC9FmNZYpnaoV77; https://goo.gl/maps/5AF74tZoTkBqM71d6; https://goo.gl/maps/JtDt3jc8pMZ3n7xH9; https://goo.gl/maps/GPLvd34uRNT1EL5bA; https://goo.gl/maps/oJP5R9Jfe8yAcrWY6; https://goo.gl/maps/trCxv7WmZ7Lim467A; https://goo.gl/maps/aSmRwi2p279NGLcb9; https://goo.gl/maps/s4v5mQf8LyZUv8B7A,https://maps.app.goo.gl/qDbb6mJHvwhXw4Az6; https://maps.app.goo.gl/GdiSL1z7fBFtk3tr8; https://maps.app.goo.gl/ioqJ9N2mKRyMdiAe6; https://maps.app.goo.gl/dRnRPbNFPmCfsTHAA; https://maps.app.goo.gl/v8GdHbU3xb5G8JFs9; https://goo.gl/maps/Empzn8zwhyULFrqV8; https://maps.app.goo.gl/AoJAreLLvUUHzVVw5; https://www.google.com/maps/d/edit?mid=1GZCfnV4401jtKcup5hFe0KPBOBMYrp4&usp=sharing; https://maps.app.goo.gl/Mww4k2RWctPHssMQA; https://maps.app.goo.gl/bKZVkKUcnYGRLJWw5; https://maps.app.goo.gl/pTzfCxqkMYLuLe9z9; https://www.google.com/maps/d/edit?mid=1MawyjqMPRL80P8Y7qm_ZhtUgghnbpFc&usp=sharing; https://maps.app.goo.gl/wbNjvBPsJioGNogn8; https://maps.app.goo.gl/DAATNJRd8MxG4uyaA; https://maps.app.goo.gl/cuqyDKdtbfwW1DAa8; https://maps.app.goo.gl/Wji4ey8prbGM2zHJ6; https://maps.app.goo.gl/UEv62Ht1RcfDLLML8; https://maps.app.goo.gl/yVp7cfpfnfdzb7mV7; https://goo.gl/maps/eqfdgJBc7XT7VhAW8; https://maps.app.goo.gl/uKe9j2z7xKHjdR8A7; https://www.google.com/maps/d/u/1/edit?mid=10gTnNN6aieu1u3Xx49gGnnp177W4zag&usp=sharing; https://maps.app.goo.gl/NT8XaQJv76yrgG946; https://maps.app.goo.gl/zNrudtbb4kMk2xxv5; https://maps.app.goo.gl/B98HY6ThSbAhg1a98; https://maps.app.goo.gl/s62kTxdTsTQvQHDJ9; https://maps.app.goo.gl/XwfK6AzNVqs5eFX17; https://maps.app.goo.gl/QAU1JqmdETLn951C; https://maps.app.goo.gl/K3ASKRs9Sc5yfa9z9; https://maps.app.goo.gl/dAy23L3wP3mTsMM88; https://maps.app.goo.gl/QydbrwwdHVvcm7keA; https://maps.app.goo.gl/E7ucSVc9hHKpPNDQ6; https://maps.app.goo.gl/4E1Yi9DPgpF2CdaE7; https://maps.app.goo.gl/uLPtqwAnwnevw4zz7; https://maps.app.goo.gl/zAmPVdt254bS1UUU7; https://maps.app.goo.gl/9PHZkvYiuadCm992A; https://goo.gl/maps/JhPoRTM15vQA7Kk6A; https://goo.gl/maps/XXMLm2Ebm5FEFwig7; https://goo.gl/maps/FmDxfXdHa9mdoGK99; https://goo.gl/maps/xNEqZWHrXNzKYLHe6; https://goo.gl/maps/nSTM1wgMZyyzcAhg9; https://goo.gl/maps/k4R8TwNVtrg4BrJc9; https://goo.gl/maps/YaZ9tS4Xqtm5REAe6; https://goo.gl/maps/g4UerEukDLx9YjWt5; https://goo.gl/maps/cUNDNuwk9M5KBSbJA**; https://goo.gl/maps/xLiJbzx1TGiATefw5; https://goo.gl/maps/88psz7y8xzQTcyVn9; https://goo.gl/maps/TKu4Ej99YDW51J8o6; https://goo.gl/maps/Y5rcVkPSFzuYQtaJ7; https://goo.gl/maps/tu8NToyeSY9qMEt19; https://goo.gl/maps/mJAEFg5zdD6J4Xbq8; https://goo.gl/maps/1eXNtJWdQZHPkvXp8; https://goo.gl/maps/9VManjp1YiqeSC1A8; https://goo.gl/maps/SeJtvcKkqmN6a7oy6; https://goo.gl/maps/hgxR4SsThT7KqvbUA; https://goo.gl/maps/gHyC9FmNZYpnaoV77; https://goo.gl/maps/5AF74tZoTkBqM71d6; https://goo.gl/maps/JtDt3jc8pMZ3n7xH9; https://goo.gl/maps/GPLvd34uRNT1EL5bA; https://goo.gl/maps/oJP5R9Jfe8yAcrWY6; https://goo.gl/maps/trCxv7WmZ7Lim467A; https://goo.gl/maps/aSmRwi2p279NGLcb9; https://goo.gl/maps/s4v5mQf8LyZUv8B7A,,,name_token_overlap>=2,batch_469.txt
BDS-CURATED-0424,phía Bắc,no_map_link_found_in_matched_raw,,,,,,batch_881.txt
BDS-CURATED-0402,31 Trần Não – PA4,no_map_link_found_in_matched_raw,,,,,,batch_093.txt
BDS-CURATED-0403,31 ha,no_map_link_found_in_matched_raw,,,,,,batch_803.txt
BDS-CURATED-0094,không đạt được hiệu quả với NPV,has_unresolved_or_unattached_map_link,https://maps.app.goo.gl/t178LDzcrFtjxgEz9; https://maps.app.goo.gl/qDbb6mJHvwhXw4Az6; https://maps.app.goo.gl/D8GuCY5LefTH8JVq9; https://maps.app.goo.gl/oHEYY6H9GGykdD9C6; https://maps.app.goo.gl/GdiSL1z7fBFtk3tr8; https://maps.app.goo.gl/ioqJ9N2mKRyMdiAe6; https://maps.app.goo.gl/dRnRPbNFPmCfsTHAA; https://www.google.com/maps/d/edit?mid=1pYF3M65dQngj9P_VP8SbXUKy92nYnFo&usp=sharing; https://maps.app.goo.gl/6iyNdteYfVyyT9Xy9; https://goo.gl/maps/Empzn8zwhyULFrqV8; https://maps.app.goo.gl/AoJAreLLvUUHzVVw5; https://maps.app.goo.gl/zNrudtbb4kMk2xxv5; https://maps.app.goo.gl/H57L1w8ReXXNhtb99; https://www.google.com/maps/d/edit?mid=1SAcLUqc-JTEBiY1uNXVoDUdI-a5wJd0&ll=10.002013642197713%2C105…; https://maps.app.goo.gl/QVMCmJp83pMBNKrL8; https://maps.app.goo.gl/bKZVkKUcnYGRLJWw5; https://www.google.com/maps/d/edit?mid=1Fl7DvT-DOnJvyHZ0Oq5v-nUadBLGHFo&usp=sharing; https://maps.app.goo.gl/pTzfCxqkMYLuLe9z9; https://maps.app.goo.gl/Fsyo4xmwK3kmzbC9A; https://maps.app.goo.gl/hMM3KEF5KhFhsZJi7; https://maps.app.goo.gl/7yPFeG3okyKbrLCM9; https://maps.app.goo.gl/acrdQ54V3NVNNkKh9; https://maps.app.goo.gl/u5QRXoNjSCh5uxRx5; https://www.google.com/maps/d/edit?mid=1MawyjqMPRL80P8Y7qm_ZhtUgghnbpFc&usp=sharing; https://maps.app.goo.gl/ET75kfpwVX837fEE6; https://maps.app.goo.gl/47PLkeuNfzKvw38w8; https://maps.app.goo.gl/RXcEPNYx6EwAbDxF9; https://maps.app.goo.gl/xg6rRMGswq5scyCbA; https://maps.app.goo.gl/whvDoK2djK9ZczAK8; https://maps.app.goo.gl/gr7GZiwJ71dX1nzNA; https://maps.app.goo.gl/efNjqXtJS5uqAid67; https://maps.app.goo.gl/9D1AGeGBDHSvttic8; https://maps.app.goo.gl/xomcfbw3UHPYcLxG8; https://maps.app.goo.gl/wbNjvBPsJioGNogn8; https://maps.app.goo.gl/DAATNJRd8MxG4uyaA; https://maps.app.goo.gl/cuqyDKdtbfwW1DAa8; https://maps.app.goo.gl/o5yA5cAF8qJoTZqW8; https://maps.app.goo.gl/Wji4ey8prbGM2zHJ6; https://maps.app.goo.gl/UEv62Ht1RcfDLLML8; https://maps.app.goo.gl/TcCLZG1kwf9F7wCu5; https://maps.app.goo.gl/yVp7cfpfnfdzb7mV7; https://goo.gl/maps/eqfdgJBc7XT7VhAW8; https://maps.app.goo.gl/uKe9j2z7xKHjdR8A7; https://goo.gl/maps/xNEqZWHrXNzKYLHe6; https://maps.app.goo.gl/NT8XaQJv76yrgG946; https://maps.app.goo.gl/b6AweqeJiHMGShsq9; https://maps.app.goo.gl/B98HY6ThSbAhg1a98; https://maps.app.goo.gl/sY5sb4n5Lvp2K2oz7; https://maps.app.goo.gl/xQZeRwkJHuyDhx496; https://maps.app.goo.gl/s62kTxdTsTQvQHDJ9; https://maps.app.goo.gl/XwfK6AzNVqs5eFX17; https://maps.app.goo.gl/QAU1JqmdETLn951C; https://maps.app.goo.gl/K3ASKRs9Sc5yfa9z9; https://maps.app.goo.gl/dAy23L3wP3mTsMM88; https://maps.app.goo.gl/QydbrwwdHVvcm7keA; https://maps.app.goo.gl/E7ucSVc9hHKpPNDQ6; https://maps.app.goo.gl/4E1Yi9DPgpF2CdaE7; https://maps.app.goo.gl/uLPtqwAnwnevw4zz7; https://maps.app.goo.gl/VRterbzJvDcxUkVJ6; https://maps.app.goo.gl/zAmPVdt254bS1UUU7; https://maps.app.goo.gl/9PHZkvYiuadCm992A; https://goo.gl/maps/JhPoRTM15vQA7Kk6A; https://goo.gl/maps/rzwM8zz1vmEphauk6; https://goo.gl/maps/XXMLm2Ebm5FEFwig7; https://goo.gl/maps/BgnUiLh44bo3Nyq37; https://goo.gl/maps/FmDxfXdHa9mdoGK99; https://goo.gl/maps/aChZ8vYJMZ8j6SjR7; https://goo.gl/maps/GPVNSt7Q6a73xSKHA; https://goo.gl/maps/nSTM1wgMZyyzcAhg9; https://goo.gl/maps/h4LQbK4dijinbrmF8; https://goo.gl/maps/AivqKgNA3GRARDNZ7; https://goo.gl/maps/k4R8TwNVtrg4BrJc9; https://goo.gl/maps/YaZ9tS4Xqtm5REAe6; https://goo.gl/maps/g4UerEukDLx9YjWt5; https://goo.gl/maps/C86NnDNwQKH22Bek9-; https://goo.gl/maps/QUDziRBdFv7URi8QA; https://goo.gl/maps/cUNDNuwk9M5KBSbJA**; https://goo.gl/maps/VFB9RLFqHkCjVD4Y6; https://goo.gl/maps/xLiJbzx1TGiATefw5; https://goo.gl/maps/88psz7y8xzQTcyVn9; https://goo.gl/maps/TKu4Ej99YDW51J8o6; https://goo.gl/maps/Y5rcVkPSFzuYQtaJ7; https://goo.gl/maps/tu8NToyeSY9qMEt19; https://goo.gl/maps/sMLMvWwegyerE3jJ9; https://goo.gl/maps/mJAEFg5zdD6J4Xbq8; https://goo.gl/maps/u7HMUhYJqdPGD9dz6; https://goo.gl/maps/1eXNtJWdQZHPkvXp8; https://goo.gl/maps/SeJtvcKkqmN6a7oy6; https://goo.gl/maps/hgxR4SsThT7KqvbUA; https://goo.gl/maps/gHyC9FmNZYpnaoV77; https://goo.gl/maps/5AF74tZoTkBqM71d6; https://goo.gl/maps/JtDt3jc8pMZ3n7xH9; https://goo.gl/maps/GPLvd34uRNT1EL5bA; https://goo.gl/maps/oJP5R9Jfe8yAcrWY6; https://goo.gl/maps/trCxv7WmZ7Lim467A; https://goo.gl/maps/aSmRwi2p279NGLcb9; https://goo.gl/maps/s4v5mQf8LyZUv8B7A,https://maps.app.goo.gl/t178LDzcrFtjxgEz9; https://maps.app.goo.gl/qDbb6mJHvwhXw4Az6; https://maps.app.goo.gl/D8GuCY5LefTH8JVq9; https://maps.app.goo.gl/oHEYY6H9GGykdD9C6; https://maps.app.goo.gl/GdiSL1z7fBFtk3tr8; https://maps.app.goo.gl/ioqJ9N2mKRyMdiAe6; https://maps.app.goo.gl/dRnRPbNFPmCfsTHAA; https://www.google.com/maps/d/edit?mid=1pYF3M65dQngj9P_VP8SbXUKy92nYnFo&usp=sharing; https://maps.app.goo.gl/6iyNdteYfVyyT9Xy9; https://goo.gl/maps/Empzn8zwhyULFrqV8; https://maps.app.goo.gl/AoJAreLLvUUHzVVw5; https://maps.app.goo.gl/zNrudtbb4kMk2xxv5; https://maps.app.goo.gl/H57L1w8ReXXNhtb99; https://www.google.com/maps/d/edit?mid=1SAcLUqc-JTEBiY1uNXVoDUdI-a5wJd0&ll=10.002013642197713%2C105…; https://maps.app.goo.gl/QVMCmJp83pMBNKrL8; https://maps.app.goo.gl/bKZVkKUcnYGRLJWw5; https://www.google.com/maps/d/edit?mid=1Fl7DvT-DOnJvyHZ0Oq5v-nUadBLGHFo&usp=sharing; https://maps.app.goo.gl/pTzfCxqkMYLuLe9z9; https://maps.app.goo.gl/Fsyo4xmwK3kmzbC9A; https://maps.app.goo.gl/hMM3KEF5KhFhsZJi7; https://maps.app.goo.gl/7yPFeG3okyKbrLCM9; https://maps.app.goo.gl/acrdQ54V3NVNNkKh9; https://maps.app.goo.gl/u5QRXoNjSCh5uxRx5; https://www.google.com/maps/d/edit?mid=1MawyjqMPRL80P8Y7qm_ZhtUgghnbpFc&usp=sharing; https://maps.app.goo.gl/ET75kfpwVX837fEE6; https://maps.app.goo.gl/47PLkeuNfzKvw38w8; https://maps.app.goo.gl/RXcEPNYx6EwAbDxF9; https://maps.app.goo.gl/xg6rRMGswq5scyCbA; https://maps.app.goo.gl/whvDoK2djK9ZczAK8; https://maps.app.goo.gl/gr7GZiwJ71dX1nzNA; https://maps.app.goo.gl/efNjqXtJS5uqAid67; https://maps.app.goo.gl/9D1AGeGBDHSvttic8; https://maps.app.goo.gl/xomcfbw3UHPYcLxG8; https://maps.app.goo.gl/wbNjvBPsJioGNogn8; https://maps.app.goo.gl/DAATNJRd8MxG4uyaA; https://maps.app.goo.gl/cuqyDKdtbfwW1DAa8; https://maps.app.goo.gl/o5yA5cAF8qJoTZqW8; https://maps.app.goo.gl/Wji4ey8prbGM2zHJ6; https://maps.app.goo.gl/UEv62Ht1RcfDLLML8; https://maps.app.goo.gl/TcCLZG1kwf9F7wCu5; https://maps.app.goo.gl/yVp7cfpfnfdzb7mV7; https://goo.gl/maps/eqfdgJBc7XT7VhAW8; https://maps.app.goo.gl/uKe9j2z7xKHjdR8A7; https://goo.gl/maps/xNEqZWHrXNzKYLHe6; https://maps.app.goo.gl/NT8XaQJv76yrgG946; https://maps.app.goo.gl/b6AweqeJiHMGShsq9; https://maps.app.goo.gl/B98HY6ThSbAhg1a98; https://maps.app.goo.gl/sY5sb4n5Lvp2K2oz7; https://maps.app.goo.gl/xQZeRwkJHuyDhx496; https://maps.app.goo.gl/s62kTxdTsTQvQHDJ9; https://maps.app.goo.gl/XwfK6AzNVqs5eFX17; https://maps.app.goo.gl/QAU1JqmdETLn951C; https://maps.app.goo.gl/K3ASKRs9Sc5yfa9z9; https://maps.app.goo.gl/dAy23L3wP3mTsMM88; https://maps.app.goo.gl/QydbrwwdHVvcm7keA; https://maps.app.goo.gl/E7ucSVc9hHKpPNDQ6; https://maps.app.goo.gl/4E1Yi9DPgpF2CdaE7; https://maps.app.goo.gl/uLPtqwAnwnevw4zz7; https://maps.app.goo.gl/VRterbzJvDcxUkVJ6; https://maps.app.goo.gl/zAmPVdt254bS1UUU7; https://maps.app.goo.gl/9PHZkvYiuadCm992A; https://goo.gl/maps/JhPoRTM15vQA7Kk6A; https://goo.gl/maps/rzwM8zz1vmEphauk6; https://goo.gl/maps/XXMLm2Ebm5FEFwig7; https://goo.gl/maps/BgnUiLh44bo3Nyq37; https://goo.gl/maps/FmDxfXdHa9mdoGK99; https://goo.gl/maps/aChZ8vYJMZ8j6SjR7; https://goo.gl/maps/GPVNSt7Q6a73xSKHA; https://goo.gl/maps/nSTM1wgMZyyzcAhg9; https://goo.gl/maps/h4LQbK4dijinbrmF8; https://goo.gl/maps/AivqKgNA3GRARDNZ7; https://goo.gl/maps/k4R8TwNVtrg4BrJc9; https://goo.gl/maps/YaZ9tS4Xqtm5REAe6; https://goo.gl/maps/g4UerEukDLx9YjWt5; https://goo.gl/maps/C86NnDNwQKH22Bek9-; https://goo.gl/maps/QUDziRBdFv7URi8QA; https://goo.gl/maps/cUNDNuwk9M5KBSbJA**; https://goo.gl/maps/VFB9RLFqHkCjVD4Y6; https://goo.gl/maps/xLiJbzx1TGiATefw5; https://goo.gl/maps/88psz7y8xzQTcyVn9; https://goo.gl/maps/TKu4Ej99YDW51J8o6; https://goo.gl/maps/Y5rcVkPSFzuYQtaJ7; https://goo.gl/maps/tu8NToyeSY9qMEt19; https://goo.gl/maps/sMLMvWwegyerE3jJ9; https://goo.gl/maps/mJAEFg5zdD6J4Xbq8; https://goo.gl/maps/u7HMUhYJqdPGD9dz6; https://goo.gl/maps/1eXNtJWdQZHPkvXp8; https://goo.gl/maps/SeJtvcKkqmN6a7oy6; https://goo.gl/maps/hgxR4SsThT7KqvbUA; https://goo.gl/maps/gHyC9FmNZYpnaoV77; https://goo.gl/maps/5AF74tZoTkBqM71d6; https://goo.gl/maps/JtDt3jc8pMZ3n7xH9; https://goo.gl/maps/GPLvd34uRNT1EL5bA; https://goo.gl/maps/oJP5R9Jfe8yAcrWY6; https://goo.gl/maps/trCxv7WmZ7Lim467A; https://goo.gl/maps/aSmRwi2p279NGLcb9; https://goo.gl/maps/s4v5mQf8LyZUv8B7A,suspicious_shared_by_many_projects,matched_teams_map_link,name_token_overlap>=2,batch_141.txt
BDS-CURATED-0247,lớn và có quy mô tương tự dự án Nghiên cứu (Dự án – Hùng Thắng 1,has_unresolved_or_unattached_map_link,https://goo.gl/maps/k4R8TwNVtrg4BrJc9; https://maps.app.goo.gl/D8GuCY5LefTH8JVq9; https://maps.app.goo.gl/oHEYY6H9GGykdD9C6; https://maps.app.goo.gl/GdiSL1z7fBFtk3tr8; https://maps.app.goo.gl/AoJAreLLvUUHzVVw5; https://maps.app.goo.gl/bKZVkKUcnYGRLJWw5; https://www.google.com/maps/d/edit?mid=1MawyjqMPRL80P8Y7qm_ZhtUgghnbpFc&usp=sharing; https://maps.app.goo.gl/gr7GZiwJ71dX1nzNA; https://maps.app.goo.gl/o5yA5cAF8qJoTZqW8; https://maps.app.goo.gl/yVp7cfpfnfdzb7mV7; https://maps.app.goo.gl/B98HY6ThSbAhg1a98; https://maps.app.goo.gl/s62kTxdTsTQvQHDJ9; https://maps.app.goo.gl/dAy23L3wP3mTsMM88; https://maps.app.goo.gl/QydbrwwdHVvcm7keA; https://maps.app.goo.gl/E7ucSVc9hHKpPNDQ6; https://maps.app.goo.gl/uLPtqwAnwnevw4zz7; https://maps.app.goo.gl/9PHZkvYiuadCm992A; https://goo.gl/maps/JhPoRTM15vQA7Kk6A; https://goo.gl/maps/aChZ8vYJMZ8j6SjR7; https://goo.gl/maps/g4UerEukDLx9YjWt5; https://goo.gl/maps/Y5rcVkPSFzuYQtaJ7; https://goo.gl/maps/tu8NToyeSY9qMEt19; https://goo.gl/maps/mJAEFg5zdD6J4Xbq8; https://goo.gl/maps/9VManjp1YiqeSC1A8; https://goo.gl/maps/SeJtvcKkqmN6a7oy6; https://goo.gl/maps/5AF74tZoTkBqM71d6; https://goo.gl/maps/trCxv7WmZ7Lim467A,https://goo.gl/maps/k4R8TwNVtrg4BrJc9; https://maps.app.goo.gl/D8GuCY5LefTH8JVq9; https://maps.app.goo.gl/oHEYY6H9GGykdD9C6; https://maps.app.goo.gl/GdiSL1z7fBFtk3tr8; https://maps.app.goo.gl/AoJAreLLvUUHzVVw5; https://maps.app.goo.gl/bKZVkKUcnYGRLJWw5; https://www.google.com/maps/d/edit?mid=1MawyjqMPRL80P8Y7qm_ZhtUgghnbpFc&usp=sharing; https://maps.app.goo.gl/gr7GZiwJ71dX1nzNA; https://maps.app.goo.gl/o5yA5cAF8qJoTZqW8; https://maps.app.goo.gl/yVp7cfpfnfdzb7mV7; https://maps.app.goo.gl/B98HY6ThSbAhg1a98; https://maps.app.goo.gl/s62kTxdTsTQvQHDJ9; https://maps.app.goo.gl/dAy23L3wP3mTsMM88; https://maps.app.goo.gl/QydbrwwdHVvcm7keA; https://maps.app.goo.gl/E7ucSVc9hHKpPNDQ6; https://maps.app.goo.gl/uLPtqwAnwnevw4zz7; https://maps.app.goo.gl/9PHZkvYiuadCm992A; https://goo.gl/maps/JhPoRTM15vQA7Kk6A; https://goo.gl/maps/aChZ8vYJMZ8j6SjR7; https://goo.gl/maps/g4UerEukDLx9YjWt5; https://goo.gl/maps/Y5rcVkPSFzuYQtaJ7; https://goo.gl/maps/tu8NToyeSY9qMEt19; https://goo.gl/maps/mJAEFg5zdD6J4Xbq8; https://goo.gl/maps/9VManjp1YiqeSC1A8; https://goo.gl/maps/SeJtvcKkqmN6a7oy6; https://goo.gl/maps/5AF74tZoTkBqM71d6; https://goo.gl/maps/trCxv7WmZ7Lim467A,suspicious_shared_by_many_projects,matched_teams_map_link,name_token_overlap>=2,batch_917.txt
BDS-CURATED-0425,team đã đi khảo sát,no_map_link_found_in_matched_raw,,,,,,batch_899.txt
BDS-CURATED-0228,=> Nên chưa đánh giá hiệu quả dự án theo yếu tố dòng tiền ** Link Drive,has_unresolved_or_unattached_map_link,https://goo.gl/maps/k4R8TwNVtrg4BrJc9; https://maps.app.goo.gl/t178LDzcrFtjxgEz9; https://maps.app.goo.gl/qDbb6mJHvwhXw4Az6; https://maps.app.goo.gl/D8GuCY5LefTH8JVq9; https://maps.app.goo.gl/GdiSL1z7fBFtk3tr8; https://maps.app.goo.gl/ioqJ9N2mKRyMdiAe6; https://maps.app.goo.gl/dRnRPbNFPmCfsTHAA; https://www.google.com/maps/d/edit?mid=1pYF3M65dQngj9P_VP8SbXUKy92nYnFo&usp=sharing; https://maps.app.goo.gl/v8GdHbU3xb5G8JFs9; https://maps.app.goo.gl/6iyNdteYfVyyT9Xy9; https://goo.gl/maps/Empzn8zwhyULFrqV8; https://maps.app.goo.gl/AoJAreLLvUUHzVVw5; https://maps.app.goo.gl/zNrudtbb4kMk2xxv5; https://www.google.com/maps/d/edit?mid=1SAcLUqc-JTEBiY1uNXVoDUdI-a5wJd0&ll=10.002013642197713%2C105…; https://www.google.com/maps/d/edit?mid=1GZCfnV4401jtKcup5hFe0KPBOBMYrp4&usp=sharing; https://maps.app.goo.gl/QVMCmJp83pMBNKrL8; https://maps.app.goo.gl/Mww4k2RWctPHssMQA; https://maps.app.goo.gl/Hn6baY7yBKNTcRXs8; https://www.google.com/maps/d/edit?mid=11z_Bkaxe4GIV5AYsicAES_ivCxDZbmM&usp=sharing; https://maps.app.goo.gl/bKZVkKUcnYGRLJWw5; https://www.google.com/maps/d/edit?mid=1Fl7DvT-DOnJvyHZ0Oq5v-nUadBLGHFo&usp=sharing; https://maps.app.goo.gl/pTzfCxqkMYLuLe9z9; https://maps.app.goo.gl/Fsyo4xmwK3kmzbC9A; https://maps.app.goo.gl/hMM3KEF5KhFhsZJi7; https://maps.app.goo.gl/7yPFeG3okyKbrLCM9; https://maps.app.goo.gl/acrdQ54V3NVNNkKh9; https://maps.app.goo.gl/u5QRXoNjSCh5uxRx5; https://www.google.com/maps/d/edit?mid=1MawyjqMPRL80P8Y7qm_ZhtUgghnbpFc&usp=sharing; https://maps.app.goo.gl/ET75kfpwVX837fEE6; https://maps.app.goo.gl/47PLkeuNfzKvw38w8; https://maps.app.goo.gl/RXcEPNYx6EwAbDxF9; https://maps.app.goo.gl/xg6rRMGswq5scyCbA; https://maps.app.goo.gl/whvDoK2djK9ZczAK8; https://maps.app.goo.gl/gr7GZiwJ71dX1nzNA; https://maps.app.goo.gl/efNjqXtJS5uqAid67; https://maps.app.goo.gl/9D1AGeGBDHSvttic8; https://maps.app.goo.gl/xomcfbw3UHPYcLxG8; https://maps.app.goo.gl/wbNjvBPsJioGNogn8; https://maps.app.goo.gl/DAATNJRd8MxG4uyaA; https://maps.app.goo.gl/cuqyDKdtbfwW1DAa8; https://maps.app.goo.gl/o5yA5cAF8qJoTZqW8; https://maps.app.goo.gl/Wji4ey8prbGM2zHJ6; https://maps.app.goo.gl/UEv62Ht1RcfDLLML8; https://maps.app.goo.gl/TcCLZG1kwf9F7wCu5; https://maps.app.goo.gl/yVp7cfpfnfdzb7mV7; https://goo.gl/maps/eqfdgJBc7XT7VhAW8; https://maps.app.goo.gl/uKe9j2z7xKHjdR8A7; https://goo.gl/maps/xNEqZWHrXNzKYLHe6; https://maps.app.goo.gl/NT8XaQJv76yrgG946; https://maps.app.goo.gl/b6AweqeJiHMGShsq9; https://maps.app.goo.gl/B98HY6ThSbAhg1a98; https://maps.app.goo.gl/sY5sb4n5Lvp2K2oz7; https://maps.app.goo.gl/xQZeRwkJHuyDhx496; https://maps.app.goo.gl/s62kTxdTsTQvQHDJ9; https://maps.app.goo.gl/XwfK6AzNVqs5eFX17; https://maps.app.goo.gl/QAU1JqmdETLn951C; https://maps.app.goo.gl/K3ASKRs9Sc5yfa9z9; https://maps.app.goo.gl/dAy23L3wP3mTsMM88; https://maps.app.goo.gl/QydbrwwdHVvcm7keA; https://maps.app.goo.gl/E7ucSVc9hHKpPNDQ6; https://maps.app.goo.gl/4E1Yi9DPgpF2CdaE7; https://maps.app.goo.gl/uLPtqwAnwnevw4zz7; https://maps.app.goo.gl/VRterbzJvDcxUkVJ6; https://maps.app.goo.gl/zAmPVdt254bS1UUU7; https://maps.app.goo.gl/9PHZkvYiuadCm992A; https://goo.gl/maps/JhPoRTM15vQA7Kk6A; https://goo.gl/maps/rzwM8zz1vmEphauk6; https://goo.gl/maps/XXMLm2Ebm5FEFwig7; https://goo.gl/maps/BgnUiLh44bo3Nyq37; https://goo.gl/maps/FmDxfXdHa9mdoGK99; https://goo.gl/maps/aChZ8vYJMZ8j6SjR7; https://goo.gl/maps/GPVNSt7Q6a73xSKHA; https://goo.gl/maps/F33YDXFjYWRxh2dP8; https://goo.gl/maps/nSTM1wgMZyyzcAhg9; https://goo.gl/maps/h4LQbK4dijinbrmF8; https://goo.gl/maps/AivqKgNA3GRARDNZ7; https://goo.gl/maps/YaZ9tS4Xqtm5REAe6; https://goo.gl/maps/g4UerEukDLx9YjWt5; https://goo.gl/maps/QUDziRBdFv7URi8QA; https://goo.gl/maps/cUNDNuwk9M5KBSbJA**; https://goo.gl/maps/tMLVh6Gm8DCwNDzN6; https://goo.gl/maps/dSeYp8x6gD6nWQJo7; https://goo.gl/maps/VFB9RLFqHkCjVD4Y6; https://goo.gl/maps/xLiJbzx1TGiATefw5; https://goo.gl/maps/88psz7y8xzQTcyVn9; https://goo.gl/maps/TKu4Ej99YDW51J8o6; https://goo.gl/maps/Y5rcVkPSFzuYQtaJ7; https://goo.gl/maps/tu8NToyeSY9qMEt19; https://goo.gl/maps/sMLMvWwegyerE3jJ9; https://goo.gl/maps/oJBLCYE9ShbB6ZA6A; https://goo.gl/maps/mJAEFg5zdD6J4Xbq8; https://goo.gl/maps/u7HMUhYJqdPGD9dz6; https://goo.gl/maps/1eXNtJWdQZHPkvXp8; https://goo.gl/maps/9VManjp1YiqeSC1A8; https://goo.gl/maps/SeJtvcKkqmN6a7oy6; https://goo.gl/maps/hgxR4SsThT7KqvbUA; https://goo.gl/maps/gHyC9FmNZYpnaoV77; https://goo.gl/maps/5AF74tZoTkBqM71d6; https://goo.gl/maps/JtDt3jc8pMZ3n7xH9; https://goo.gl/maps/GPLvd34uRNT1EL5bA; https://goo.gl/maps/oJP5R9Jfe8yAcrWY6; https://goo.gl/maps/trCxv7WmZ7Lim467A; https://goo.gl/maps/aSmRwi2p279NGLcb9; https://goo.gl/maps/s4v5mQf8LyZUv8B7A,https://goo.gl/maps/k4R8TwNVtrg4BrJc9; https://maps.app.goo.gl/t178LDzcrFtjxgEz9; https://maps.app.goo.gl/qDbb6mJHvwhXw4Az6; https://maps.app.goo.gl/D8GuCY5LefTH8JVq9; https://maps.app.goo.gl/GdiSL1z7fBFtk3tr8; https://maps.app.goo.gl/ioqJ9N2mKRyMdiAe6; https://maps.app.goo.gl/dRnRPbNFPmCfsTHAA; https://www.google.com/maps/d/edit?mid=1pYF3M65dQngj9P_VP8SbXUKy92nYnFo&usp=sharing; https://maps.app.goo.gl/v8GdHbU3xb5G8JFs9; https://maps.app.goo.gl/6iyNdteYfVyyT9Xy9; https://goo.gl/maps/Empzn8zwhyULFrqV8; https://maps.app.goo.gl/AoJAreLLvUUHzVVw5; https://maps.app.goo.gl/zNrudtbb4kMk2xxv5; https://www.google.com/maps/d/edit?mid=1SAcLUqc-JTEBiY1uNXVoDUdI-a5wJd0&ll=10.002013642197713%2C105…; https://www.google.com/maps/d/edit?mid=1GZCfnV4401jtKcup5hFe0KPBOBMYrp4&usp=sharing; https://maps.app.goo.gl/QVMCmJp83pMBNKrL8; https://maps.app.goo.gl/Mww4k2RWctPHssMQA; https://maps.app.goo.gl/Hn6baY7yBKNTcRXs8; https://www.google.com/maps/d/edit?mid=11z_Bkaxe4GIV5AYsicAES_ivCxDZbmM&usp=sharing; https://maps.app.goo.gl/bKZVkKUcnYGRLJWw5; https://www.google.com/maps/d/edit?mid=1Fl7DvT-DOnJvyHZ0Oq5v-nUadBLGHFo&usp=sharing; https://maps.app.goo.gl/pTzfCxqkMYLuLe9z9; https://maps.app.goo.gl/Fsyo4xmwK3kmzbC9A; https://maps.app.goo.gl/hMM3KEF5KhFhsZJi7; https://maps.app.goo.gl/7yPFeG3okyKbrLCM9; https://maps.app.goo.gl/acrdQ54V3NVNNkKh9; https://maps.app.goo.gl/u5QRXoNjSCh5uxRx5; https://www.google.com/maps/d/edit?mid=1MawyjqMPRL80P8Y7qm_ZhtUgghnbpFc&usp=sharing; https://maps.app.goo.gl/ET75kfpwVX837fEE6; https://maps.app.goo.gl/47PLkeuNfzKvw38w8; https://maps.app.goo.gl/RXcEPNYx6EwAbDxF9; https://maps.app.goo.gl/xg6rRMGswq5scyCbA; https://maps.app.goo.gl/whvDoK2djK9ZczAK8; https://maps.app.goo.gl/gr7GZiwJ71dX1nzNA; https://maps.app.goo.gl/efNjqXtJS5uqAid67; https://maps.app.goo.gl/9D1AGeGBDHSvttic8; https://maps.app.goo.gl/xomcfbw3UHPYcLxG8; https://maps.app.goo.gl/wbNjvBPsJioGNogn8; https://maps.app.goo.gl/DAATNJRd8MxG4uyaA; https://maps.app.goo.gl/cuqyDKdtbfwW1DAa8; https://maps.app.goo.gl/o5yA5cAF8qJoTZqW8; https://maps.app.goo.gl/Wji4ey8prbGM2zHJ6; https://maps.app.goo.gl/UEv62Ht1RcfDLLML8; https://maps.app.goo.gl/TcCLZG1kwf9F7wCu5; https://maps.app.goo.gl/yVp7cfpfnfdzb7mV7; https://goo.gl/maps/eqfdgJBc7XT7VhAW8; https://maps.app.goo.gl/uKe9j2z7xKHjdR8A7; https://goo.gl/maps/xNEqZWHrXNzKYLHe6; https://maps.app.goo.gl/NT8XaQJv76yrgG946; https://maps.app.goo.gl/b6AweqeJiHMGShsq9; https://maps.app.goo.gl/B98HY6ThSbAhg1a98; https://maps.app.goo.gl/sY5sb4n5Lvp2K2oz7; https://maps.app.goo.gl/xQZeRwkJHuyDhx496; https://maps.app.goo.gl/s62kTxdTsTQvQHDJ9; https://maps.app.goo.gl/XwfK6AzNVqs5eFX17; https://maps.app.goo.gl/QAU1JqmdETLn951C; https://maps.app.goo.gl/K3ASKRs9Sc5yfa9z9; https://maps.app.goo.gl/dAy23L3wP3mTsMM88; https://maps.app.goo.gl/QydbrwwdHVvcm7keA; https://maps.app.goo.gl/E7ucSVc9hHKpPNDQ6; https://maps.app.goo.gl/4E1Yi9DPgpF2CdaE7; https://maps.app.goo.gl/uLPtqwAnwnevw4zz7; https://maps.app.goo.gl/VRterbzJvDcxUkVJ6; https://maps.app.goo.gl/zAmPVdt254bS1UUU7; https://maps.app.goo.gl/9PHZkvYiuadCm992A; https://goo.gl/maps/JhPoRTM15vQA7Kk6A; https://goo.gl/maps/rzwM8zz1vmEphauk6; https://goo.gl/maps/XXMLm2Ebm5FEFwig7; https://goo.gl/maps/BgnUiLh44bo3Nyq37; https://goo.gl/maps/FmDxfXdHa9mdoGK99; https://goo.gl/maps/aChZ8vYJMZ8j6SjR7; https://goo.gl/maps/GPVNSt7Q6a73xSKHA; https://goo.gl/maps/F33YDXFjYWRxh2dP8; https://goo.gl/maps/nSTM1wgMZyyzcAhg9; https://goo.gl/maps/h4LQbK4dijinbrmF8; https://goo.gl/maps/AivqKgNA3GRARDNZ7; https://goo.gl/maps/YaZ9tS4Xqtm5REAe6; https://goo.gl/maps/g4UerEukDLx9YjWt5; https://goo.gl/maps/QUDziRBdFv7URi8QA; https://goo.gl/maps/cUNDNuwk9M5KBSbJA**; https://goo.gl/maps/tMLVh6Gm8DCwNDzN6; https://goo.gl/maps/dSeYp8x6gD6nWQJo7; https://goo.gl/maps/VFB9RLFqHkCjVD4Y6; https://goo.gl/maps/xLiJbzx1TGiATefw5; https://goo.gl/maps/88psz7y8xzQTcyVn9; https://goo.gl/maps/TKu4Ej99YDW51J8o6; https://goo.gl/maps/Y5rcVkPSFzuYQtaJ7; https://goo.gl/maps/tu8NToyeSY9qMEt19; https://goo.gl/maps/sMLMvWwegyerE3jJ9; https://goo.gl/maps/oJBLCYE9ShbB6ZA6A; https://goo.gl/maps/mJAEFg5zdD6J4Xbq8; https://goo.gl/maps/u7HMUhYJqdPGD9dz6; https://goo.gl/maps/1eXNtJWdQZHPkvXp8; https://goo.gl/maps/9VManjp1YiqeSC1A8; https://goo.gl/maps/SeJtvcKkqmN6a7oy6; https://goo.gl/maps/hgxR4SsThT7KqvbUA; https://goo.gl/maps/gHyC9FmNZYpnaoV77; https://goo.gl/maps/5AF74tZoTkBqM71d6; https://goo.gl/maps/JtDt3jc8pMZ3n7xH9; https://goo.gl/maps/GPLvd34uRNT1EL5bA; https://goo.gl/maps/oJP5R9Jfe8yAcrWY6; https://goo.gl/maps/trCxv7WmZ7Lim467A; https://goo.gl/maps/aSmRwi2p279NGLcb9; https://goo.gl/maps/s4v5mQf8LyZUv8B7A,suspicious_shared_by_many_projects,matched_teams_map_link,name_token_overlap>=2,batch_917.txt
BDS-CURATED-0396,a có trao đổi về việc,no_map_link_found_in_matched_raw,,,,,,batch_098.txt; batch_161.txt
BDS-CURATED-0238,chưa bàn giao nên chưa dc vào ở à,has_unresolved_or_unattached_map_link,https://maps.app.goo.gl/t178LDzcrFtjxgEz9; https://maps.app.goo.gl/qDbb6mJHvwhXw4Az6; https://maps.app.goo.gl/ioqJ9N2mKRyMdiAe6; https://www.google.com/maps/d/edit?mid=1pYF3M65dQngj9P_VP8SbXUKy92nYnFo&usp=sharing; https://maps.app.goo.gl/v8GdHbU3xb5G8JFs9; https://maps.app.goo.gl/7yPFeG3okyKbrLCM9; https://maps.app.goo.gl/u5QRXoNjSCh5uxRx5; https://www.google.com/maps/d/edit?mid=1MawyjqMPRL80P8Y7qm_ZhtUgghnbpFc&usp=sharing; https://maps.app.goo.gl/gr7GZiwJ71dX1nzNA; https://maps.app.goo.gl/efNjqXtJS5uqAid67; https://maps.app.goo.gl/xomcfbw3UHPYcLxG8; https://maps.app.goo.gl/cuqyDKdtbfwW1DAa8; https://maps.app.goo.gl/o5yA5cAF8qJoTZqW8; https://maps.app.goo.gl/UEv62Ht1RcfDLLML8; https://maps.app.goo.gl/yVp7cfpfnfdzb7mV7; https://goo.gl/maps/xNEqZWHrXNzKYLHe6; https://maps.app.goo.gl/NT8XaQJv76yrgG946; https://maps.app.goo.gl/zNrudtbb4kMk2xxv5; https://maps.app.goo.gl/B98HY6ThSbAhg1a98; https://maps.app.goo.gl/xQZeRwkJHuyDhx496; https://maps.app.goo.gl/s62kTxdTsTQvQHDJ9; https://maps.app.goo.gl/XwfK6AzNVqs5eFX17; https://maps.app.goo.gl/QAU1JqmdETLn951C; https://maps.app.goo.gl/K3ASKRs9Sc5yfa9z9; https://maps.app.goo.gl/4E1Yi9DPgpF2CdaE7; https://maps.app.goo.gl/VRterbzJvDcxUkVJ6; https://maps.app.goo.gl/zAmPVdt254bS1UUU7; https://maps.app.goo.gl/9PHZkvYiuadCm992A; https://goo.gl/maps/JhPoRTM15vQA7Kk6A; https://goo.gl/maps/XXMLm2Ebm5FEFwig7; https://goo.gl/maps/FmDxfXdHa9mdoGK99; https://goo.gl/maps/aChZ8vYJMZ8j6SjR7; https://goo.gl/maps/GPVNSt7Q6a73xSKHA; https://goo.gl/maps/h4LQbK4dijinbrmF8; https://goo.gl/maps/k4R8TwNVtrg4BrJc9; https://goo.gl/maps/YaZ9tS4Xqtm5REAe6; https://goo.gl/maps/g4UerEukDLx9YjWt5; https://goo.gl/maps/cUNDNuwk9M5KBSbJA**; https://goo.gl/maps/xLiJbzx1TGiATefw5; https://goo.gl/maps/88psz7y8xzQTcyVn9; https://goo.gl/maps/TKu4Ej99YDW51J8o6; https://goo.gl/maps/Y5rcVkPSFzuYQtaJ7; https://goo.gl/maps/tu8NToyeSY9qMEt19; https://goo.gl/maps/mJAEFg5zdD6J4Xbq8; https://goo.gl/maps/1eXNtJWdQZHPkvXp8; https://goo.gl/maps/SeJtvcKkqmN6a7oy6; https://goo.gl/maps/JtDt3jc8pMZ3n7xH9; https://goo.gl/maps/GPLvd34uRNT1EL5bA; https://goo.gl/maps/oJP5R9Jfe8yAcrWY6; https://goo.gl/maps/trCxv7WmZ7Lim467A; https://goo.gl/maps/aSmRwi2p279NGLcb9; https://goo.gl/maps/s4v5mQf8LyZUv8B7A,https://maps.app.goo.gl/t178LDzcrFtjxgEz9; https://maps.app.goo.gl/qDbb6mJHvwhXw4Az6; https://maps.app.goo.gl/ioqJ9N2mKRyMdiAe6; https://www.google.com/maps/d/edit?mid=1pYF3M65dQngj9P_VP8SbXUKy92nYnFo&usp=sharing; https://maps.app.goo.gl/v8GdHbU3xb5G8JFs9; https://maps.app.goo.gl/7yPFeG3okyKbrLCM9; https://maps.app.goo.gl/u5QRXoNjSCh5uxRx5; https://www.google.com/maps/d/edit?mid=1MawyjqMPRL80P8Y7qm_ZhtUgghnbpFc&usp=sharing; https://maps.app.goo.gl/gr7GZiwJ71dX1nzNA; https://maps.app.goo.gl/efNjqXtJS5uqAid67; https://maps.app.goo.gl/xomcfbw3UHPYcLxG8; https://maps.app.goo.gl/cuqyDKdtbfwW1DAa8; https://maps.app.goo.gl/o5yA5cAF8qJoTZqW8; https://maps.app.goo.gl/UEv62Ht1RcfDLLML8; https://maps.app.goo.gl/yVp7cfpfnfdzb7mV7; https://goo.gl/maps/xNEqZWHrXNzKYLHe6; https://maps.app.goo.gl/NT8XaQJv76yrgG946; https://maps.app.goo.gl/zNrudtbb4kMk2xxv5; https://maps.app.goo.gl/B98HY6ThSbAhg1a98; https://maps.app.goo.gl/xQZeRwkJHuyDhx496; https://maps.app.goo.gl/s62kTxdTsTQvQHDJ9; https://maps.app.goo.gl/XwfK6AzNVqs5eFX17; https://maps.app.goo.gl/QAU1JqmdETLn951C; https://maps.app.goo.gl/K3ASKRs9Sc5yfa9z9; https://maps.app.goo.gl/4E1Yi9DPgpF2CdaE7; https://maps.app.goo.gl/VRterbzJvDcxUkVJ6; https://maps.app.goo.gl/zAmPVdt254bS1UUU7; https://maps.app.goo.gl/9PHZkvYiuadCm992A; https://goo.gl/maps/JhPoRTM15vQA7Kk6A; https://goo.gl/maps/XXMLm2Ebm5FEFwig7; https://goo.gl/maps/FmDxfXdHa9mdoGK99; https://goo.gl/maps/aChZ8vYJMZ8j6SjR7; https://goo.gl/maps/GPVNSt7Q6a73xSKHA; https://goo.gl/maps/h4LQbK4dijinbrmF8; https://goo.gl/maps/k4R8TwNVtrg4BrJc9; https://goo.gl/maps/YaZ9tS4Xqtm5REAe6; https://goo.gl/maps/g4UerEukDLx9YjWt5; https://goo.gl/maps/cUNDNuwk9M5KBSbJA**; https://goo.gl/maps/xLiJbzx1TGiATefw5; https://goo.gl/maps/88psz7y8xzQTcyVn9; https://goo.gl/maps/TKu4Ej99YDW51J8o6; https://goo.gl/maps/Y5rcVkPSFzuYQtaJ7; https://goo.gl/maps/tu8NToyeSY9qMEt19; https://goo.gl/maps/mJAEFg5zdD6J4Xbq8; https://goo.gl/maps/1eXNtJWdQZHPkvXp8; https://goo.gl/maps/SeJtvcKkqmN6a7oy6; https://goo.gl/maps/JtDt3jc8pMZ3n7xH9; https://goo.gl/maps/GPLvd34uRNT1EL5bA; https://goo.gl/maps/oJP5R9Jfe8yAcrWY6; https://goo.gl/maps/trCxv7WmZ7Lim467A; https://goo.gl/maps/aSmRwi2p279NGLcb9; https://goo.gl/maps/s4v5mQf8LyZUv8B7A,suspicious_shared_by_many_projects,matched_teams_map_link,name_token_overlap>=2,batch_458.txt
BDS-CURATED-0431,3047583976353865173,no_map_link_found_in_matched_raw,,,,,,batch_918.txt; batch_921.txt
BDS-CURATED-0191,Nguyễn Thiện Thuật và Đoàn Trần Nghiệp - Nha Trang,has_unresolved_or_unattached_map_link,https://maps.app.goo.gl/uKe9j2z7xKHjdR8A7; https://goo.gl/maps/Empzn8zwhyULFrqV8; https://maps.app.goo.gl/AoJAreLLvUUHzVVw5; https://maps.app.goo.gl/wbNjvBPsJioGNogn8; https://maps.app.goo.gl/DAATNJRd8MxG4uyaA; https://maps.app.goo.gl/cuqyDKdtbfwW1DAa8; https://maps.app.goo.gl/UEv62Ht1RcfDLLML8; https://maps.app.goo.gl/yVp7cfpfnfdzb7mV7; https://goo.gl/maps/xNEqZWHrXNzKYLHe6; https://maps.app.goo.gl/b6AweqeJiHMGShsq9; https://maps.app.goo.gl/zNrudtbb4kMk2xxv5; https://maps.app.goo.gl/B98HY6ThSbAhg1a98; https://maps.app.goo.gl/sY5sb4n5Lvp2K2oz7; https://maps.app.goo.gl/s62kTxdTsTQvQHDJ9; https://maps.app.goo.gl/uLPtqwAnwnevw4zz7; https://maps.app.goo.gl/zAmPVdt254bS1UUU7; https://maps.app.goo.gl/9PHZkvYiuadCm992A; https://goo.gl/maps/JhPoRTM15vQA7Kk6A; https://goo.gl/maps/XXMLm2Ebm5FEFwig7; https://goo.gl/maps/FmDxfXdHa9mdoGK99; https://goo.gl/maps/aChZ8vYJMZ8j6SjR7; https://goo.gl/maps/k4R8TwNVtrg4BrJc9; https://goo.gl/maps/YaZ9tS4Xqtm5REAe6; https://goo.gl/maps/g4UerEukDLx9YjWt5; https://goo.gl/maps/tMLVh6Gm8DCwNDzN6; https://goo.gl/maps/dSeYp8x6gD6nWQJo7; https://goo.gl/maps/88psz7y8xzQTcyVn9; https://goo.gl/maps/Y5rcVkPSFzuYQtaJ7; https://goo.gl/maps/tu8NToyeSY9qMEt19; https://goo.gl/maps/sMLMvWwegyerE3jJ9; https://goo.gl/maps/mJAEFg5zdD6J4Xbq8; https://goo.gl/maps/gHyC9FmNZYpnaoV77; https://goo.gl/maps/JtDt3jc8pMZ3n7xH9; https://goo.gl/maps/GPLvd34uRNT1EL5bA; https://goo.gl/maps/oJP5R9Jfe8yAcrWY6; https://goo.gl/maps/trCxv7WmZ7Lim467A,https://maps.app.goo.gl/uKe9j2z7xKHjdR8A7; https://goo.gl/maps/Empzn8zwhyULFrqV8; https://maps.app.goo.gl/AoJAreLLvUUHzVVw5; https://maps.app.goo.gl/wbNjvBPsJioGNogn8; https://maps.app.goo.gl/DAATNJRd8MxG4uyaA; https://maps.app.goo.gl/cuqyDKdtbfwW1DAa8; https://maps.app.goo.gl/UEv62Ht1RcfDLLML8; https://maps.app.goo.gl/yVp7cfpfnfdzb7mV7; https://goo.gl/maps/xNEqZWHrXNzKYLHe6; https://maps.app.goo.gl/b6AweqeJiHMGShsq9; https://maps.app.goo.gl/zNrudtbb4kMk2xxv5; https://maps.app.goo.gl/B98HY6ThSbAhg1a98; https://maps.app.goo.gl/sY5sb4n5Lvp2K2oz7; https://maps.app.goo.gl/s62kTxdTsTQvQHDJ9; https://maps.app.goo.gl/uLPtqwAnwnevw4zz7; https://maps.app.goo.gl/zAmPVdt254bS1UUU7; https://maps.app.goo.gl/9PHZkvYiuadCm992A; https://goo.gl/maps/JhPoRTM15vQA7Kk6A; https://goo.gl/maps/XXMLm2Ebm5FEFwig7; https://goo.gl/maps/FmDxfXdHa9mdoGK99; https://goo.gl/maps/aChZ8vYJMZ8j6SjR7; https://goo.gl/maps/k4R8TwNVtrg4BrJc9; https://goo.gl/maps/YaZ9tS4Xqtm5REAe6; https://goo.gl/maps/g4UerEukDLx9YjWt5; https://goo.gl/maps/tMLVh6Gm8DCwNDzN6; https://goo.gl/maps/dSeYp8x6gD6nWQJo7; https://goo.gl/maps/88psz7y8xzQTcyVn9; https://goo.gl/maps/Y5rcVkPSFzuYQtaJ7; https://goo.gl/maps/tu8NToyeSY9qMEt19; https://goo.gl/maps/sMLMvWwegyerE3jJ9; https://goo.gl/maps/mJAEFg5zdD6J4Xbq8; https://goo.gl/maps/gHyC9FmNZYpnaoV77; https://goo.gl/maps/JtDt3jc8pMZ3n7xH9; https://goo.gl/maps/GPLvd34uRNT1EL5bA; https://goo.gl/maps/oJP5R9Jfe8yAcrWY6; https://goo.gl/maps/trCxv7WmZ7Lim467A,suspicious_shared_by_many_projects,matched_teams_map_link,name_token_overlap>=2,batch_417.txt; batch_469.txt
BDS-CURATED-0410,PGK,no_map_link_found_in_matched_raw,,,,,,batch_662.txt
BDS-CURATED-0470,xung quanh do phòng R&D tổng hợp,has_unresolved_or_unattached_map_link,https://www.google.com/maps/d/edit?mid=1Fl7DvT-DOnJvyHZ0Oq5v-nUadBLGHFo&usp=sharing; https://maps.app.goo.gl/GdiSL1z7fBFtk3tr8; https://maps.app.goo.gl/dRnRPbNFPmCfsTHAA; https://maps.app.goo.gl/v8GdHbU3xb5G8JFs9; https://maps.app.goo.gl/6iyNdteYfVyyT9Xy9; https://goo.gl/maps/Empzn8zwhyULFrqV8; https://maps.app.goo.gl/AoJAreLLvUUHzVVw5; https://maps.app.goo.gl/zNrudtbb4kMk2xxv5; https://www.google.com/maps/d/edit?mid=1SAcLUqc-JTEBiY1uNXVoDUdI-a5wJd0&ll=10.002013642197713%2C105…; https://maps.app.goo.gl/QVMCmJp83pMBNKrL8; https://maps.app.goo.gl/Hn6baY7yBKNTcRXs8; https://maps.app.goo.gl/u5QRXoNjSCh5uxRx5; https://maps.app.goo.gl/Fsyo4xmwK3kmzbC9A; https://maps.app.goo.gl/hMM3KEF5KhFhsZJi7; https://www.google.com/maps/d/edit?mid=1MawyjqMPRL80P8Y7qm_ZhtUgghnbpFc&usp=sharing; https://maps.app.goo.gl/ET75kfpwVX837fEE6; https://maps.app.goo.gl/47PLkeuNfzKvw38w8; https://maps.app.goo.gl/RXcEPNYx6EwAbDxF9; https://maps.app.goo.gl/xg6rRMGswq5scyCbA; https://maps.app.goo.gl/whvDoK2djK9ZczAK8; https://maps.app.goo.gl/gr7GZiwJ71dX1nzNA; https://maps.app.goo.gl/xomcfbw3UHPYcLxG8; https://maps.app.goo.gl/cuqyDKdtbfwW1DAa8; https://maps.app.goo.gl/o5yA5cAF8qJoTZqW8; https://maps.app.goo.gl/Wji4ey8prbGM2zHJ6; https://maps.app.goo.gl/UEv62Ht1RcfDLLML8; https://maps.app.goo.gl/TcCLZG1kwf9F7wCu5; https://maps.app.goo.gl/yVp7cfpfnfdzb7mV7; https://maps.app.goo.gl/NT8XaQJv76yrgG946; https://maps.app.goo.gl/sY5sb4n5Lvp2K2oz7; https://maps.app.goo.gl/xQZeRwkJHuyDhx496; https://maps.app.goo.gl/s62kTxdTsTQvQHDJ9; https://maps.app.goo.gl/XwfK6AzNVqs5eFX17; https://maps.app.goo.gl/QAU1JqmdETLn951C; https://maps.app.goo.gl/4E1Yi9DPgpF2CdaE7; https://maps.app.goo.gl/uLPtqwAnwnevw4zz7; https://maps.app.goo.gl/VRterbzJvDcxUkVJ6; https://maps.app.goo.gl/zAmPVdt254bS1UUU7; https://goo.gl/maps/rzwM8zz1vmEphauk6; https://goo.gl/maps/BgnUiLh44bo3Nyq37; https://goo.gl/maps/FmDxfXdHa9mdoGK99; https://goo.gl/maps/xNEqZWHrXNzKYLHe6; https://goo.gl/maps/g4UerEukDLx9YjWt5; https://goo.gl/maps/cUNDNuwk9M5KBSbJA**; https://goo.gl/maps/TKu4Ej99YDW51J8o6; https://goo.gl/maps/sMLMvWwegyerE3jJ9; https://goo.gl/maps/mJAEFg5zdD6J4Xbq8; https://goo.gl/maps/1eXNtJWdQZHPkvXp8; https://goo.gl/maps/9VManjp1YiqeSC1A8; https://goo.gl/maps/hgxR4SsThT7KqvbUA; https://goo.gl/maps/gHyC9FmNZYpnaoV77; https://goo.gl/maps/5AF74tZoTkBqM71d6; https://goo.gl/maps/JtDt3jc8pMZ3n7xH9; https://goo.gl/maps/GPLvd34uRNT1EL5bA; https://goo.gl/maps/oJP5R9Jfe8yAcrWY6; https://goo.gl/maps/trCxv7WmZ7Lim467A,https://www.google.com/maps/d/edit?mid=1Fl7DvT-DOnJvyHZ0Oq5v-nUadBLGHFo&usp=sharing; https://maps.app.goo.gl/GdiSL1z7fBFtk3tr8; https://maps.app.goo.gl/dRnRPbNFPmCfsTHAA; https://maps.app.goo.gl/v8GdHbU3xb5G8JFs9; https://maps.app.goo.gl/6iyNdteYfVyyT9Xy9; https://goo.gl/maps/Empzn8zwhyULFrqV8; https://maps.app.goo.gl/AoJAreLLvUUHzVVw5; https://maps.app.goo.gl/zNrudtbb4kMk2xxv5; https://www.google.com/maps/d/edit?mid=1SAcLUqc-JTEBiY1uNXVoDUdI-a5wJd0&ll=10.002013642197713%2C105…; https://maps.app.goo.gl/QVMCmJp83pMBNKrL8; https://maps.app.goo.gl/Hn6baY7yBKNTcRXs8; https://maps.app.goo.gl/u5QRXoNjSCh5uxRx5; https://maps.app.goo.gl/Fsyo4xmwK3kmzbC9A; https://maps.app.goo.gl/hMM3KEF5KhFhsZJi7; https://www.google.com/maps/d/edit?mid=1MawyjqMPRL80P8Y7qm_ZhtUgghnbpFc&usp=sharing; https://maps.app.goo.gl/ET75kfpwVX837fEE6; https://maps.app.goo.gl/47PLkeuNfzKvw38w8; https://maps.app.goo.gl/RXcEPNYx6EwAbDxF9; https://maps.app.goo.gl/xg6rRMGswq5scyCbA; https://maps.app.goo.gl/whvDoK2djK9ZczAK8; https://maps.app.goo.gl/gr7GZiwJ71dX1nzNA; https://maps.app.goo.gl/xomcfbw3UHPYcLxG8; https://maps.app.goo.gl/cuqyDKdtbfwW1DAa8; https://maps.app.goo.gl/o5yA5cAF8qJoTZqW8; https://maps.app.goo.gl/Wji4ey8prbGM2zHJ6; https://maps.app.goo.gl/UEv62Ht1RcfDLLML8; https://maps.app.goo.gl/TcCLZG1kwf9F7wCu5; https://maps.app.goo.gl/yVp7cfpfnfdzb7mV7; https://maps.app.goo.gl/NT8XaQJv76yrgG946; https://maps.app.goo.gl/sY5sb4n5Lvp2K2oz7; https://maps.app.goo.gl/xQZeRwkJHuyDhx496; https://maps.app.goo.gl/s62kTxdTsTQvQHDJ9; https://maps.app.goo.gl/XwfK6AzNVqs5eFX17; https://maps.app.goo.gl/QAU1JqmdETLn951C; https://maps.app.goo.gl/4E1Yi9DPgpF2CdaE7; https://maps.app.goo.gl/uLPtqwAnwnevw4zz7; https://maps.app.goo.gl/VRterbzJvDcxUkVJ6; https://maps.app.goo.gl/zAmPVdt254bS1UUU7; https://goo.gl/maps/rzwM8zz1vmEphauk6; https://goo.gl/maps/BgnUiLh44bo3Nyq37; https://goo.gl/maps/FmDxfXdHa9mdoGK99; https://goo.gl/maps/xNEqZWHrXNzKYLHe6; https://goo.gl/maps/g4UerEukDLx9YjWt5; https://goo.gl/maps/cUNDNuwk9M5KBSbJA**; https://goo.gl/maps/TKu4Ej99YDW51J8o6; https://goo.gl/maps/sMLMvWwegyerE3jJ9; https://goo.gl/maps/mJAEFg5zdD6J4Xbq8; https://goo.gl/maps/1eXNtJWdQZHPkvXp8; https://goo.gl/maps/9VManjp1YiqeSC1A8; https://goo.gl/maps/hgxR4SsThT7KqvbUA; https://goo.gl/maps/gHyC9FmNZYpnaoV77; https://goo.gl/maps/5AF74tZoTkBqM71d6; https://goo.gl/maps/JtDt3jc8pMZ3n7xH9; https://goo.gl/maps/GPLvd34uRNT1EL5bA; https://goo.gl/maps/oJP5R9Jfe8yAcrWY6; https://goo.gl/maps/trCxv7WmZ7Lim467A,,,name_token_overlap>=2,batch_035.txt
BDS-CURATED-0472,đã xong phần đất,has_unresolved_or_unattached_map_link,https://maps.app.goo.gl/bKZVkKUcnYGRLJWw5; https://maps.app.goo.gl/xomcfbw3UHPYcLxG8; https://maps.app.goo.gl/zAmPVdt254bS1UUU7; https://goo.gl/maps/GPVNSt7Q6a73xSKHA; https://goo.gl/maps/trCxv7WmZ7Lim467A,https://maps.app.goo.gl/bKZVkKUcnYGRLJWw5; https://maps.app.goo.gl/xomcfbw3UHPYcLxG8; https://maps.app.goo.gl/zAmPVdt254bS1UUU7; https://goo.gl/maps/GPVNSt7Q6a73xSKHA; https://goo.gl/maps/trCxv7WmZ7Lim467A,,,name_token_overlap>=2,batch_354.txt
BDS-CURATED-0418,k… Gửi lại độ nhạy,no_map_link_found_in_matched_raw,,,,,,batch_029.txt
BDS-CURATED-0299,trên đã có các nhà đàu tư đăng ký tham gia đấu thầu,has_unresolved_or_unattached_map_link,https://goo.gl/maps/xNEqZWHrXNzKYLHe6; https://maps.app.goo.gl/ioqJ9N2mKRyMdiAe6; https://maps.app.goo.gl/bKZVkKUcnYGRLJWw5; https://www.google.com/maps/d/edit?mid=1Fl7DvT-DOnJvyHZ0Oq5v-nUadBLGHFo&usp=sharing; https://maps.app.goo.gl/7yPFeG3okyKbrLCM9; https://maps.app.goo.gl/xg6rRMGswq5scyCbA; https://maps.app.goo.gl/whvDoK2djK9ZczAK8; https://maps.app.goo.gl/wbNjvBPsJioGNogn8; https://maps.app.goo.gl/DAATNJRd8MxG4uyaA; https://maps.app.goo.gl/o5yA5cAF8qJoTZqW8; https://maps.app.goo.gl/TcCLZG1kwf9F7wCu5; https://maps.app.goo.gl/yVp7cfpfnfdzb7mV7; https://maps.app.goo.gl/zNrudtbb4kMk2xxv5; https://maps.app.goo.gl/K3ASKRs9Sc5yfa9z9; https://maps.app.goo.gl/uLPtqwAnwnevw4zz7; https://goo.gl/maps/JhPoRTM15vQA7Kk6A; https://goo.gl/maps/XXMLm2Ebm5FEFwig7; https://goo.gl/maps/FmDxfXdHa9mdoGK99; https://goo.gl/maps/KCGefw7KgVDUzTPh7; https://goo.gl/maps/YaZ9tS4Xqtm5REAe6; https://goo.gl/maps/g4UerEukDLx9YjWt5; https://goo.gl/maps/cUNDNuwk9M5KBSbJA**; https://goo.gl/maps/88psz7y8xzQTcyVn9; https://goo.gl/maps/oJBLCYE9ShbB6ZA6A; https://goo.gl/maps/mJAEFg5zdD6J4Xbq8; https://goo.gl/maps/SeJtvcKkqmN6a7oy6; https://goo.gl/maps/hgxR4SsThT7KqvbUA; https://goo.gl/maps/5AF74tZoTkBqM71d6; https://goo.gl/maps/JtDt3jc8pMZ3n7xH9; https://goo.gl/maps/GPLvd34uRNT1EL5bA; https://goo.gl/maps/oJP5R9Jfe8yAcrWY6; https://goo.gl/maps/trCxv7WmZ7Lim467A; https://goo.gl/maps/aSmRwi2p279NGLcb9; https://goo.gl/maps/s4v5mQf8LyZUv8B7A,https://goo.gl/maps/xNEqZWHrXNzKYLHe6; https://maps.app.goo.gl/ioqJ9N2mKRyMdiAe6; https://maps.app.goo.gl/bKZVkKUcnYGRLJWw5; https://www.google.com/maps/d/edit?mid=1Fl7DvT-DOnJvyHZ0Oq5v-nUadBLGHFo&usp=sharing; https://maps.app.goo.gl/7yPFeG3okyKbrLCM9; https://maps.app.goo.gl/xg6rRMGswq5scyCbA; https://maps.app.goo.gl/whvDoK2djK9ZczAK8; https://maps.app.goo.gl/wbNjvBPsJioGNogn8; https://maps.app.goo.gl/DAATNJRd8MxG4uyaA; https://maps.app.goo.gl/o5yA5cAF8qJoTZqW8; https://maps.app.goo.gl/TcCLZG1kwf9F7wCu5; https://maps.app.goo.gl/yVp7cfpfnfdzb7mV7; https://maps.app.goo.gl/zNrudtbb4kMk2xxv5; https://maps.app.goo.gl/K3ASKRs9Sc5yfa9z9; https://maps.app.goo.gl/uLPtqwAnwnevw4zz7; https://goo.gl/maps/JhPoRTM15vQA7Kk6A; https://goo.gl/maps/XXMLm2Ebm5FEFwig7; https://goo.gl/maps/FmDxfXdHa9mdoGK99; https://goo.gl/maps/KCGefw7KgVDUzTPh7; https://goo.gl/maps/YaZ9tS4Xqtm5REAe6; https://goo.gl/maps/g4UerEukDLx9YjWt5; https://goo.gl/maps/cUNDNuwk9M5KBSbJA**; https://goo.gl/maps/88psz7y8xzQTcyVn9; https://goo.gl/maps/oJBLCYE9ShbB6ZA6A; https://goo.gl/maps/mJAEFg5zdD6J4Xbq8; https://goo.gl/maps/SeJtvcKkqmN6a7oy6; https://goo.gl/maps/hgxR4SsThT7KqvbUA; https://goo.gl/maps/5AF74tZoTkBqM71d6; https://goo.gl/maps/JtDt3jc8pMZ3n7xH9; https://goo.gl/maps/GPLvd34uRNT1EL5bA; https://goo.gl/maps/oJP5R9Jfe8yAcrWY6; https://goo.gl/maps/trCxv7WmZ7Lim467A; https://goo.gl/maps/aSmRwi2p279NGLcb9; https://goo.gl/maps/s4v5mQf8LyZUv8B7A,suspicious_shared_by_many_projects,matched_teams_map_link,name_token_overlap>=2,batch_369.txt
BDS-CURATED-0312,đã được đưa vào danh sách thí điểm 171 Số thự tự 41,has_unresolved_or_unattached_map_link,https://maps.app.goo.gl/t178LDzcrFtjxgEz9; https://maps.app.goo.gl/qDbb6mJHvwhXw4Az6; https://maps.app.goo.gl/D8GuCY5LefTH8JVq9; https://maps.app.goo.gl/GdiSL1z7fBFtk3tr8; https://maps.app.goo.gl/ioqJ9N2mKRyMdiAe6; https://www.google.com/maps/d/edit?mid=1pYF3M65dQngj9P_VP8SbXUKy92nYnFo&usp=sharing; https://maps.app.goo.gl/AoJAreLLvUUHzVVw5; https://www.google.com/maps/d/edit?mid=1GZCfnV4401jtKcup5hFe0KPBOBMYrp4&usp=sharing; https://maps.app.goo.gl/bKZVkKUcnYGRLJWw5; https://www.google.com/maps/d/edit?mid=1Fl7DvT-DOnJvyHZ0Oq5v-nUadBLGHFo&usp=sharing; https://maps.app.goo.gl/pTzfCxqkMYLuLe9z9; https://maps.app.goo.gl/Fsyo4xmwK3kmzbC9A; https://maps.app.goo.gl/hMM3KEF5KhFhsZJi7; https://maps.app.goo.gl/7yPFeG3okyKbrLCM9; https://maps.app.goo.gl/gr7GZiwJ71dX1nzNA; https://maps.app.goo.gl/efNjqXtJS5uqAid67; https://maps.app.goo.gl/9D1AGeGBDHSvttic8; https://maps.app.goo.gl/wbNjvBPsJioGNogn8; https://maps.app.goo.gl/DAATNJRd8MxG4uyaA; https://maps.app.goo.gl/cuqyDKdtbfwW1DAa8; https://maps.app.goo.gl/UEv62Ht1RcfDLLML8; https://maps.app.goo.gl/yVp7cfpfnfdzb7mV7; https://maps.app.goo.gl/uKe9j2z7xKHjdR8A7; https://www.google.com/maps/d/u/1/edit?mid=10gTnNN6aieu1u3Xx49gGnnp177W4zag&usp=sharing; https://goo.gl/maps/xNEqZWHrXNzKYLHe6; https://maps.app.goo.gl/B98HY6ThSbAhg1a98; https://maps.app.goo.gl/xQZeRwkJHuyDhx496; https://maps.app.goo.gl/s62kTxdTsTQvQHDJ9; https://maps.app.goo.gl/dAy23L3wP3mTsMM88; https://maps.app.goo.gl/QydbrwwdHVvcm7keA; https://maps.app.goo.gl/E7ucSVc9hHKpPNDQ6; https://maps.app.goo.gl/4E1Yi9DPgpF2CdaE7; https://maps.app.goo.gl/uLPtqwAnwnevw4zz7; https://maps.app.goo.gl/VRterbzJvDcxUkVJ6; https://maps.app.goo.gl/zAmPVdt254bS1UUU7; https://maps.app.goo.gl/9PHZkvYiuadCm992A; https://goo.gl/maps/JhPoRTM15vQA7Kk6A; https://goo.gl/maps/rzwM8zz1vmEphauk6; https://goo.gl/maps/XXMLm2Ebm5FEFwig7; https://goo.gl/maps/FmDxfXdHa9mdoGK99; https://goo.gl/maps/YaZ9tS4Xqtm5REAe6; https://goo.gl/maps/g4UerEukDLx9YjWt5; https://goo.gl/maps/tMLVh6Gm8DCwNDzN6; https://goo.gl/maps/VFB9RLFqHkCjVD4Y6; https://goo.gl/maps/88psz7y8xzQTcyVn9; https://goo.gl/maps/TKu4Ej99YDW51J8o6; https://goo.gl/maps/Y5rcVkPSFzuYQtaJ7; https://goo.gl/maps/tu8NToyeSY9qMEt19; https://goo.gl/maps/mJAEFg5zdD6J4Xbq8; https://goo.gl/maps/SeJtvcKkqmN6a7oy6; https://goo.gl/maps/hgxR4SsThT7KqvbUA; https://goo.gl/maps/gHyC9FmNZYpnaoV77,https://maps.app.goo.gl/t178LDzcrFtjxgEz9; https://maps.app.goo.gl/qDbb6mJHvwhXw4Az6; https://maps.app.goo.gl/D8GuCY5LefTH8JVq9; https://maps.app.goo.gl/GdiSL1z7fBFtk3tr8; https://maps.app.goo.gl/ioqJ9N2mKRyMdiAe6; https://www.google.com/maps/d/edit?mid=1pYF3M65dQngj9P_VP8SbXUKy92nYnFo&usp=sharing; https://maps.app.goo.gl/AoJAreLLvUUHzVVw5; https://www.google.com/maps/d/edit?mid=1GZCfnV4401jtKcup5hFe0KPBOBMYrp4&usp=sharing; https://maps.app.goo.gl/bKZVkKUcnYGRLJWw5; https://www.google.com/maps/d/edit?mid=1Fl7DvT-DOnJvyHZ0Oq5v-nUadBLGHFo&usp=sharing; https://maps.app.goo.gl/pTzfCxqkMYLuLe9z9; https://maps.app.goo.gl/Fsyo4xmwK3kmzbC9A; https://maps.app.goo.gl/hMM3KEF5KhFhsZJi7; https://maps.app.goo.gl/7yPFeG3okyKbrLCM9; https://maps.app.goo.gl/gr7GZiwJ71dX1nzNA; https://maps.app.goo.gl/efNjqXtJS5uqAid67; https://maps.app.goo.gl/9D1AGeGBDHSvttic8; https://maps.app.goo.gl/wbNjvBPsJioGNogn8; https://maps.app.goo.gl/DAATNJRd8MxG4uyaA; https://maps.app.goo.gl/cuqyDKdtbfwW1DAa8; https://maps.app.goo.gl/UEv62Ht1RcfDLLML8; https://maps.app.goo.gl/yVp7cfpfnfdzb7mV7; https://maps.app.goo.gl/uKe9j2z7xKHjdR8A7; https://www.google.com/maps/d/u/1/edit?mid=10gTnNN6aieu1u3Xx49gGnnp177W4zag&usp=sharing; https://goo.gl/maps/xNEqZWHrXNzKYLHe6; https://maps.app.goo.gl/B98HY6ThSbAhg1a98; https://maps.app.goo.gl/xQZeRwkJHuyDhx496; https://maps.app.goo.gl/s62kTxdTsTQvQHDJ9; https://maps.app.goo.gl/dAy23L3wP3mTsMM88; https://maps.app.goo.gl/QydbrwwdHVvcm7keA; https://maps.app.goo.gl/E7ucSVc9hHKpPNDQ6; https://maps.app.goo.gl/4E1Yi9DPgpF2CdaE7; https://maps.app.goo.gl/uLPtqwAnwnevw4zz7; https://maps.app.goo.gl/VRterbzJvDcxUkVJ6; https://maps.app.goo.gl/zAmPVdt254bS1UUU7; https://maps.app.goo.gl/9PHZkvYiuadCm992A; https://goo.gl/maps/JhPoRTM15vQA7Kk6A; https://goo.gl/maps/rzwM8zz1vmEphauk6; https://goo.gl/maps/XXMLm2Ebm5FEFwig7; https://goo.gl/maps/FmDxfXdHa9mdoGK99; https://goo.gl/maps/YaZ9tS4Xqtm5REAe6; https://goo.gl/maps/g4UerEukDLx9YjWt5; https://goo.gl/maps/tMLVh6Gm8DCwNDzN6; https://goo.gl/maps/VFB9RLFqHkCjVD4Y6; https://goo.gl/maps/88psz7y8xzQTcyVn9; https://goo.gl/maps/TKu4Ej99YDW51J8o6; https://goo.gl/maps/Y5rcVkPSFzuYQtaJ7; https://goo.gl/maps/tu8NToyeSY9qMEt19; https://goo.gl/maps/mJAEFg5zdD6J4Xbq8; https://goo.gl/maps/SeJtvcKkqmN6a7oy6; https://goo.gl/maps/hgxR4SsThT7KqvbUA; https://goo.gl/maps/gHyC9FmNZYpnaoV77,suspicious_shared_by_many_projects,matched_teams_map_link,name_token_overlap>=2,batch_059.txt
BDS-CURATED-0248,lớn xảy ra sai phạm nghiêm trọng trong quản lý đất đai của tỉnh Đồng Nai,has_unresolved_or_unattached_map_link,https://maps.app.goo.gl/yVp7cfpfnfdzb7mV7; https://maps.app.goo.gl/D8GuCY5LefTH8JVq9; https://maps.app.goo.gl/ioqJ9N2mKRyMdiAe6; https://maps.app.goo.gl/dRnRPbNFPmCfsTHAA; https://www.google.com/maps/d/edit?mid=1pYF3M65dQngj9P_VP8SbXUKy92nYnFo&usp=sharing; https://maps.app.goo.gl/6iyNdteYfVyyT9Xy9; https://goo.gl/maps/Empzn8zwhyULFrqV8; https://maps.app.goo.gl/zNrudtbb4kMk2xxv5; https://maps.app.goo.gl/H57L1w8ReXXNhtb99; https://www.google.com/maps/d/edit?mid=1SAcLUqc-JTEBiY1uNXVoDUdI-a5wJd0&ll=10.002013642197713%2C105…; https://www.google.com/maps/d/edit?mid=1GZCfnV4401jtKcup5hFe0KPBOBMYrp4&usp=sharing; https://maps.app.goo.gl/QVMCmJp83pMBNKrL8; https://maps.app.goo.gl/Hn6baY7yBKNTcRXs8; https://maps.app.goo.gl/bKZVkKUcnYGRLJWw5; https://www.google.com/maps/d/edit?mid=1Fl7DvT-DOnJvyHZ0Oq5v-nUadBLGHFo&usp=sharing; https://maps.app.goo.gl/Fsyo4xmwK3kmzbC9A; https://maps.app.goo.gl/hMM3KEF5KhFhsZJi7; https://maps.app.goo.gl/7yPFeG3okyKbrLCM9; https://maps.app.goo.gl/acrdQ54V3NVNNkKh9; https://maps.app.goo.gl/u5QRXoNjSCh5uxRx5; https://www.google.com/maps/d/edit?mid=1MawyjqMPRL80P8Y7qm_ZhtUgghnbpFc&usp=sharing; https://maps.app.goo.gl/ET75kfpwVX837fEE6; https://maps.app.goo.gl/47PLkeuNfzKvw38w8; https://maps.app.goo.gl/RXcEPNYx6EwAbDxF9; https://maps.app.goo.gl/xg6rRMGswq5scyCbA; https://maps.app.goo.gl/whvDoK2djK9ZczAK8; https://maps.app.goo.gl/gr7GZiwJ71dX1nzNA; https://maps.app.goo.gl/efNjqXtJS5uqAid67; https://maps.app.goo.gl/xomcfbw3UHPYcLxG8; https://maps.app.goo.gl/wbNjvBPsJioGNogn8; https://maps.app.goo.gl/DAATNJRd8MxG4uyaA; https://maps.app.goo.gl/cuqyDKdtbfwW1DAa8; https://maps.app.goo.gl/o5yA5cAF8qJoTZqW8; https://maps.app.goo.gl/Wji4ey8prbGM2zHJ6; https://maps.app.goo.gl/UEv62Ht1RcfDLLML8; https://maps.app.goo.gl/TcCLZG1kwf9F7wCu5; https://maps.app.goo.gl/uKe9j2z7xKHjdR8A7; https://www.google.com/maps/d/u/1/edit?mid=10gTnNN6aieu1u3Xx49gGnnp177W4zag&usp=sharing; https://maps.app.goo.gl/NT8XaQJv76yrgG946; https://maps.app.goo.gl/B98HY6ThSbAhg1a98; https://maps.app.goo.gl/sY5sb4n5Lvp2K2oz7; https://maps.app.goo.gl/xQZeRwkJHuyDhx496; https://maps.app.goo.gl/s62kTxdTsTQvQHDJ9; https://maps.app.goo.gl/XwfK6AzNVqs5eFX17; https://maps.app.goo.gl/QAU1JqmdETLn951C; https://maps.app.goo.gl/K3ASKRs9Sc5yfa9z9; https://maps.app.goo.gl/E7ucSVc9hHKpPNDQ6; https://maps.app.goo.gl/uLPtqwAnwnevw4zz7; https://maps.app.goo.gl/VRterbzJvDcxUkVJ6; https://maps.app.goo.gl/zAmPVdt254bS1UUU7; https://maps.app.goo.gl/9PHZkvYiuadCm992A; https://goo.gl/maps/JhPoRTM15vQA7Kk6A; https://goo.gl/maps/rzwM8zz1vmEphauk6; https://goo.gl/maps/XXMLm2Ebm5FEFwig7; https://goo.gl/maps/BgnUiLh44bo3Nyq37; https://goo.gl/maps/FmDxfXdHa9mdoGK99; https://goo.gl/maps/ZVuC7; https://goo.gl/maps/KCGefw7KgVDUzTPh7; https://goo.gl/maps/aChZ8vYJMZ8j6SjR7; https://goo.gl/maps/h4LQbK4dijinbrmF8; https://goo.gl/maps/k4R8TwNVtrg4BrJc9; https://goo.gl/maps/g4UerEukDLx9YjWt5; https://goo.gl/maps/QUDziRBdFv7URi8QA; https://goo.gl/maps/cUNDNuwk9M5KBSbJA**; https://goo.gl/maps/VFB9RLFqHkCjVD4Y6; https://goo.gl/maps/xLiJbzx1TGiATefw5; https://goo.gl/maps/88psz7y8xzQTcyVn9; https://goo.gl/maps/TKu4Ej99YDW51J8o6; https://goo.gl/maps/Y5rcVkPSFzuYQtaJ7; https://goo.gl/maps/tu8NToyeSY9qMEt19; https://goo.gl/maps/sMLMvWwegyerE3jJ9; https://goo.gl/maps/mJAEFg5zdD6J4Xbq8; https://goo.gl/maps/1eXNtJWdQZHPkvXp8; https://goo.gl/maps/9VManjp1YiqeSC1A8; https://goo.gl/maps/SeJtvcKkqmN6a7oy6; https://goo.gl/maps/hgxR4SsThT7KqvbUA; https://goo.gl/maps/gHyC9FmNZYpnaoV77; https://goo.gl/maps/5AF74tZoTkBqM71d6; https://goo.gl/maps/JtDt3jc8pMZ3n7xH9; https://goo.gl/maps/GPLvd34uRNT1EL5bA; https://goo.gl/maps/oJP5R9Jfe8yAcrWY6; https://goo.gl/maps/trCxv7WmZ7Lim467A; https://goo.gl/maps/aSmRwi2p279NGLcb9; https://goo.gl/maps/s4v5mQf8LyZUv8B7A,https://maps.app.goo.gl/yVp7cfpfnfdzb7mV7; https://maps.app.goo.gl/D8GuCY5LefTH8JVq9; https://maps.app.goo.gl/ioqJ9N2mKRyMdiAe6; https://maps.app.goo.gl/dRnRPbNFPmCfsTHAA; https://www.google.com/maps/d/edit?mid=1pYF3M65dQngj9P_VP8SbXUKy92nYnFo&usp=sharing; https://maps.app.goo.gl/6iyNdteYfVyyT9Xy9; https://goo.gl/maps/Empzn8zwhyULFrqV8; https://maps.app.goo.gl/zNrudtbb4kMk2xxv5; https://maps.app.goo.gl/H57L1w8ReXXNhtb99; https://www.google.com/maps/d/edit?mid=1SAcLUqc-JTEBiY1uNXVoDUdI-a5wJd0&ll=10.002013642197713%2C105…; https://www.google.com/maps/d/edit?mid=1GZCfnV4401jtKcup5hFe0KPBOBMYrp4&usp=sharing; https://maps.app.goo.gl/QVMCmJp83pMBNKrL8; https://maps.app.goo.gl/Hn6baY7yBKNTcRXs8; https://maps.app.goo.gl/bKZVkKUcnYGRLJWw5; https://www.google.com/maps/d/edit?mid=1Fl7DvT-DOnJvyHZ0Oq5v-nUadBLGHFo&usp=sharing; https://maps.app.goo.gl/Fsyo4xmwK3kmzbC9A; https://maps.app.goo.gl/hMM3KEF5KhFhsZJi7; https://maps.app.goo.gl/7yPFeG3okyKbrLCM9; https://maps.app.goo.gl/acrdQ54V3NVNNkKh9; https://maps.app.goo.gl/u5QRXoNjSCh5uxRx5; https://www.google.com/maps/d/edit?mid=1MawyjqMPRL80P8Y7qm_ZhtUgghnbpFc&usp=sharing; https://maps.app.goo.gl/ET75kfpwVX837fEE6; https://maps.app.goo.gl/47PLkeuNfzKvw38w8; https://maps.app.goo.gl/RXcEPNYx6EwAbDxF9; https://maps.app.goo.gl/xg6rRMGswq5scyCbA; https://maps.app.goo.gl/whvDoK2djK9ZczAK8; https://maps.app.goo.gl/gr7GZiwJ71dX1nzNA; https://maps.app.goo.gl/efNjqXtJS5uqAid67; https://maps.app.goo.gl/xomcfbw3UHPYcLxG8; https://maps.app.goo.gl/wbNjvBPsJioGNogn8; https://maps.app.goo.gl/DAATNJRd8MxG4uyaA; https://maps.app.goo.gl/cuqyDKdtbfwW1DAa8; https://maps.app.goo.gl/o5yA5cAF8qJoTZqW8; https://maps.app.goo.gl/Wji4ey8prbGM2zHJ6; https://maps.app.goo.gl/UEv62Ht1RcfDLLML8; https://maps.app.goo.gl/TcCLZG1kwf9F7wCu5; https://maps.app.goo.gl/uKe9j2z7xKHjdR8A7; https://www.google.com/maps/d/u/1/edit?mid=10gTnNN6aieu1u3Xx49gGnnp177W4zag&usp=sharing; https://maps.app.goo.gl/NT8XaQJv76yrgG946; https://maps.app.goo.gl/B98HY6ThSbAhg1a98; https://maps.app.goo.gl/sY5sb4n5Lvp2K2oz7; https://maps.app.goo.gl/xQZeRwkJHuyDhx496; https://maps.app.goo.gl/s62kTxdTsTQvQHDJ9; https://maps.app.goo.gl/XwfK6AzNVqs5eFX17; https://maps.app.goo.gl/QAU1JqmdETLn951C; https://maps.app.goo.gl/K3ASKRs9Sc5yfa9z9; https://maps.app.goo.gl/E7ucSVc9hHKpPNDQ6; https://maps.app.goo.gl/uLPtqwAnwnevw4zz7; https://maps.app.goo.gl/VRterbzJvDcxUkVJ6; https://maps.app.goo.gl/zAmPVdt254bS1UUU7; https://maps.app.goo.gl/9PHZkvYiuadCm992A; https://goo.gl/maps/JhPoRTM15vQA7Kk6A; https://goo.gl/maps/rzwM8zz1vmEphauk6; https://goo.gl/maps/XXMLm2Ebm5FEFwig7; https://goo.gl/maps/BgnUiLh44bo3Nyq37; https://goo.gl/maps/FmDxfXdHa9mdoGK99; https://goo.gl/maps/ZVuC7; https://goo.gl/maps/KCGefw7KgVDUzTPh7; https://goo.gl/maps/aChZ8vYJMZ8j6SjR7; https://goo.gl/maps/h4LQbK4dijinbrmF8; https://goo.gl/maps/k4R8TwNVtrg4BrJc9; https://goo.gl/maps/g4UerEukDLx9YjWt5; https://goo.gl/maps/QUDziRBdFv7URi8QA; https://goo.gl/maps/cUNDNuwk9M5KBSbJA**; https://goo.gl/maps/VFB9RLFqHkCjVD4Y6; https://goo.gl/maps/xLiJbzx1TGiATefw5; https://goo.gl/maps/88psz7y8xzQTcyVn9; https://goo.gl/maps/TKu4Ej99YDW51J8o6; https://goo.gl/maps/Y5rcVkPSFzuYQtaJ7; https://goo.gl/maps/tu8NToyeSY9qMEt19; https://goo.gl/maps/sMLMvWwegyerE3jJ9; https://goo.gl/maps/mJAEFg5zdD6J4Xbq8; https://goo.gl/maps/1eXNtJWdQZHPkvXp8; https://goo.gl/maps/9VManjp1YiqeSC1A8; https://goo.gl/maps/SeJtvcKkqmN6a7oy6; https://goo.gl/maps/hgxR4SsThT7KqvbUA; https://goo.gl/maps/gHyC9FmNZYpnaoV77; https://goo.gl/maps/5AF74tZoTkBqM71d6; https://goo.gl/maps/JtDt3jc8pMZ3n7xH9; https://goo.gl/maps/GPLvd34uRNT1EL5bA; https://goo.gl/maps/oJP5R9Jfe8yAcrWY6; https://goo.gl/maps/trCxv7WmZ7Lim467A; https://goo.gl/maps/aSmRwi2p279NGLcb9; https://goo.gl/maps/s4v5mQf8LyZUv8B7A,suspicious_shared_by_many_projects,matched_teams_map_link,name_token_overlap>=2,batch_804.txt
BDS-CURATED-0261,thì khả năng cao dự án không phải nộp thêm ạ,has_unresolved_or_unattached_map_link,https://maps.app.goo.gl/ioqJ9N2mKRyMdiAe6; https://maps.app.goo.gl/t178LDzcrFtjxgEz9; https://maps.app.goo.gl/qDbb6mJHvwhXw4Az6; https://maps.app.goo.gl/dRnRPbNFPmCfsTHAA; https://goo.gl/maps/Empzn8zwhyULFrqV8; https://maps.app.goo.gl/AoJAreLLvUUHzVVw5; https://www.google.com/maps/d/edit?mid=1SAcLUqc-JTEBiY1uNXVoDUdI-a5wJd0&ll=10.002013642197713%2C105…; https://www.google.com/maps/d/edit?mid=1GZCfnV4401jtKcup5hFe0KPBOBMYrp4&usp=sharing; https://maps.app.goo.gl/QVMCmJp83pMBNKrL8; https://maps.app.goo.gl/Hn6baY7yBKNTcRXs8; https://www.google.com/maps/d/edit?mid=1Fl7DvT-DOnJvyHZ0Oq5v-nUadBLGHFo&usp=sharing; https://maps.app.goo.gl/Fsyo4xmwK3kmzbC9A; https://maps.app.goo.gl/hMM3KEF5KhFhsZJi7; https://maps.app.goo.gl/7yPFeG3okyKbrLCM9; https://www.google.com/maps/d/edit?mid=1MawyjqMPRL80P8Y7qm_ZhtUgghnbpFc&usp=sharing; https://maps.app.goo.gl/xg6rRMGswq5scyCbA; https://maps.app.goo.gl/whvDoK2djK9ZczAK8; https://maps.app.goo.gl/gr7GZiwJ71dX1nzNA; https://maps.app.goo.gl/efNjqXtJS5uqAid67; https://maps.app.goo.gl/9D1AGeGBDHSvttic8; https://maps.app.goo.gl/xomcfbw3UHPYcLxG8; https://maps.app.goo.gl/wbNjvBPsJioGNogn8; https://maps.app.goo.gl/DAATNJRd8MxG4uyaA; https://maps.app.goo.gl/cuqyDKdtbfwW1DAa8; https://maps.app.goo.gl/o5yA5cAF8qJoTZqW8; https://maps.app.goo.gl/UEv62Ht1RcfDLLML8; https://maps.app.goo.gl/TcCLZG1kwf9F7wCu5; https://maps.app.goo.gl/yVp7cfpfnfdzb7mV7; https://goo.gl/maps/xNEqZWHrXNzKYLHe6; https://maps.app.goo.gl/NT8XaQJv76yrgG946; https://maps.app.goo.gl/b6AweqeJiHMGShsq9; https://maps.app.goo.gl/zNrudtbb4kMk2xxv5; https://maps.app.goo.gl/B98HY6ThSbAhg1a98; https://maps.app.goo.gl/sY5sb4n5Lvp2K2oz7; https://maps.app.goo.gl/xQZeRwkJHuyDhx496; https://maps.app.goo.gl/s62kTxdTsTQvQHDJ9; https://maps.app.goo.gl/XwfK6AzNVqs5eFX17; https://maps.app.goo.gl/QAU1JqmdETLn951C; https://maps.app.goo.gl/K3ASKRs9Sc5yfa9z9; https://maps.app.goo.gl/dAy23L3wP3mTsMM88; https://maps.app.goo.gl/QydbrwwdHVvcm7keA; https://maps.app.goo.gl/4E1Yi9DPgpF2CdaE7; https://maps.app.goo.gl/uLPtqwAnwnevw4zz7; https://maps.app.goo.gl/9PHZkvYiuadCm992A; https://goo.gl/maps/JhPoRTM15vQA7Kk6A; https://goo.gl/maps/XXMLm2Ebm5FEFwig7; https://goo.gl/maps/FmDxfXdHa9mdoGK99; https://goo.gl/maps/aChZ8vYJMZ8j6SjR7; https://goo.gl/maps/nSTM1wgMZyyzcAhg9; https://goo.gl/maps/h4LQbK4dijinbrmF8; https://goo.gl/maps/k4R8TwNVtrg4BrJc9; https://goo.gl/maps/g4UerEukDLx9YjWt5; https://goo.gl/maps/QUDziRBdFv7URi8QA; https://goo.gl/maps/cUNDNuwk9M5KBSbJA**; https://goo.gl/maps/xLiJbzx1TGiATefw5; https://goo.gl/maps/88psz7y8xzQTcyVn9; https://goo.gl/maps/TKu4Ej99YDW51J8o6; https://goo.gl/maps/Y5rcVkPSFzuYQtaJ7; https://goo.gl/maps/tu8NToyeSY9qMEt19; https://goo.gl/maps/oJBLCYE9ShbB6ZA6A; https://goo.gl/maps/mJAEFg5zdD6J4Xbq8; https://goo.gl/maps/u7HMUhYJqdPGD9dz6; https://goo.gl/maps/1eXNtJWdQZHPkvXp8; https://goo.gl/maps/SeJtvcKkqmN6a7oy6; https://goo.gl/maps/hgxR4SsThT7KqvbUA; https://goo.gl/maps/gHyC9FmNZYpnaoV77; https://goo.gl/maps/JtDt3jc8pMZ3n7xH9; https://goo.gl/maps/GPLvd34uRNT1EL5bA; https://goo.gl/maps/oJP5R9Jfe8yAcrWY6; https://goo.gl/maps/trCxv7WmZ7Lim467A,https://maps.app.goo.gl/ioqJ9N2mKRyMdiAe6; https://maps.app.goo.gl/t178LDzcrFtjxgEz9; https://maps.app.goo.gl/qDbb6mJHvwhXw4Az6; https://maps.app.goo.gl/dRnRPbNFPmCfsTHAA; https://goo.gl/maps/Empzn8zwhyULFrqV8; https://maps.app.goo.gl/AoJAreLLvUUHzVVw5; https://www.google.com/maps/d/edit?mid=1SAcLUqc-JTEBiY1uNXVoDUdI-a5wJd0&ll=10.002013642197713%2C105…; https://www.google.com/maps/d/edit?mid=1GZCfnV4401jtKcup5hFe0KPBOBMYrp4&usp=sharing; https://maps.app.goo.gl/QVMCmJp83pMBNKrL8; https://maps.app.goo.gl/Hn6baY7yBKNTcRXs8; https://www.google.com/maps/d/edit?mid=1Fl7DvT-DOnJvyHZ0Oq5v-nUadBLGHFo&usp=sharing; https://maps.app.goo.gl/Fsyo4xmwK3kmzbC9A; https://maps.app.goo.gl/hMM3KEF5KhFhsZJi7; https://maps.app.goo.gl/7yPFeG3okyKbrLCM9; https://www.google.com/maps/d/edit?mid=1MawyjqMPRL80P8Y7qm_ZhtUgghnbpFc&usp=sharing; https://maps.app.goo.gl/xg6rRMGswq5scyCbA; https://maps.app.goo.gl/whvDoK2djK9ZczAK8; https://maps.app.goo.gl/gr7GZiwJ71dX1nzNA; https://maps.app.goo.gl/efNjqXtJS5uqAid67; https://maps.app.goo.gl/9D1AGeGBDHSvttic8; https://maps.app.goo.gl/xomcfbw3UHPYcLxG8; https://maps.app.goo.gl/wbNjvBPsJioGNogn8; https://maps.app.goo.gl/DAATNJRd8MxG4uyaA; https://maps.app.goo.gl/cuqyDKdtbfwW1DAa8; https://maps.app.goo.gl/o5yA5cAF8qJoTZqW8; https://maps.app.goo.gl/UEv62Ht1RcfDLLML8; https://maps.app.goo.gl/TcCLZG1kwf9F7wCu5; https://maps.app.goo.gl/yVp7cfpfnfdzb7mV7; https://goo.gl/maps/xNEqZWHrXNzKYLHe6; https://maps.app.goo.gl/NT8XaQJv76yrgG946; https://maps.app.goo.gl/b6AweqeJiHMGShsq9; https://maps.app.goo.gl/zNrudtbb4kMk2xxv5; https://maps.app.goo.gl/B98HY6ThSbAhg1a98; https://maps.app.goo.gl/sY5sb4n5Lvp2K2oz7; https://maps.app.goo.gl/xQZeRwkJHuyDhx496; https://maps.app.goo.gl/s62kTxdTsTQvQHDJ9; https://maps.app.goo.gl/XwfK6AzNVqs5eFX17; https://maps.app.goo.gl/QAU1JqmdETLn951C; https://maps.app.goo.gl/K3ASKRs9Sc5yfa9z9; https://maps.app.goo.gl/dAy23L3wP3mTsMM88; https://maps.app.goo.gl/QydbrwwdHVvcm7keA; https://maps.app.goo.gl/4E1Yi9DPgpF2CdaE7; https://maps.app.goo.gl/uLPtqwAnwnevw4zz7; https://maps.app.goo.gl/9PHZkvYiuadCm992A; https://goo.gl/maps/JhPoRTM15vQA7Kk6A; https://goo.gl/maps/XXMLm2Ebm5FEFwig7; https://goo.gl/maps/FmDxfXdHa9mdoGK99; https://goo.gl/maps/aChZ8vYJMZ8j6SjR7; https://goo.gl/maps/nSTM1wgMZyyzcAhg9; https://goo.gl/maps/h4LQbK4dijinbrmF8; https://goo.gl/maps/k4R8TwNVtrg4BrJc9; https://goo.gl/maps/g4UerEukDLx9YjWt5; https://goo.gl/maps/QUDziRBdFv7URi8QA; https://goo.gl/maps/cUNDNuwk9M5KBSbJA**; https://goo.gl/maps/xLiJbzx1TGiATefw5; https://goo.gl/maps/88psz7y8xzQTcyVn9; https://goo.gl/maps/TKu4Ej99YDW51J8o6; https://goo.gl/maps/Y5rcVkPSFzuYQtaJ7; https://goo.gl/maps/tu8NToyeSY9qMEt19; https://goo.gl/maps/oJBLCYE9ShbB6ZA6A; https://goo.gl/maps/mJAEFg5zdD6J4Xbq8; https://goo.gl/maps/u7HMUhYJqdPGD9dz6; https://goo.gl/maps/1eXNtJWdQZHPkvXp8; https://goo.gl/maps/SeJtvcKkqmN6a7oy6; https://goo.gl/maps/hgxR4SsThT7KqvbUA; https://goo.gl/maps/gHyC9FmNZYpnaoV77; https://goo.gl/maps/JtDt3jc8pMZ3n7xH9; https://goo.gl/maps/GPLvd34uRNT1EL5bA; https://goo.gl/maps/oJP5R9Jfe8yAcrWY6; https://goo.gl/maps/trCxv7WmZ7Lim467A,suspicious_shared_by_many_projects,matched_teams_map_link,name_token_overlap>=2,batch_032.txt
BDS-CURATED-0275,Aqua thì hiện nay Nova đang dừng triển khai ở dự án này,has_unresolved_or_unattached_map_link,https://maps.app.goo.gl/yVp7cfpfnfdzb7mV7; https://maps.app.goo.gl/t178LDzcrFtjxgEz9; https://maps.app.goo.gl/qDbb6mJHvwhXw4Az6; https://maps.app.goo.gl/GdiSL1z7fBFtk3tr8; https://maps.app.goo.gl/ioqJ9N2mKRyMdiAe6; https://maps.app.goo.gl/dRnRPbNFPmCfsTHAA; https://www.google.com/maps/d/edit?mid=1pYF3M65dQngj9P_VP8SbXUKy92nYnFo&usp=sharing; https://maps.app.goo.gl/v8GdHbU3xb5G8JFs9; https://goo.gl/maps/Empzn8zwhyULFrqV8; https://maps.app.goo.gl/AoJAreLLvUUHzVVw5; https://maps.app.goo.gl/H57L1w8ReXXNhtb99; https://www.google.com/maps/d/edit?mid=1SAcLUqc-JTEBiY1uNXVoDUdI-a5wJd0&ll=10.002013642197713%2C105…; https://www.google.com/maps/d/edit?mid=1GZCfnV4401jtKcup5hFe0KPBOBMYrp4&usp=sharing; https://maps.app.goo.gl/Mww4k2RWctPHssMQA; https://maps.app.goo.gl/Hn6baY7yBKNTcRXs8; https://maps.app.goo.gl/bKZVkKUcnYGRLJWw5; https://maps.app.goo.gl/pTzfCxqkMYLuLe9z9; https://maps.app.goo.gl/Fsyo4xmwK3kmzbC9A; https://maps.app.goo.gl/hMM3KEF5KhFhsZJi7; https://maps.app.goo.gl/7yPFeG3okyKbrLCM9; https://maps.app.goo.gl/acrdQ54V3NVNNkKh9; https://www.google.com/maps/d/edit?mid=1MawyjqMPRL80P8Y7qm_ZhtUgghnbpFc&usp=sharing; https://maps.app.goo.gl/ET75kfpwVX837fEE6; https://maps.app.goo.gl/47PLkeuNfzKvw38w8; https://maps.app.goo.gl/RXcEPNYx6EwAbDxF9; https://maps.app.goo.gl/xg6rRMGswq5scyCbA; https://maps.app.goo.gl/whvDoK2djK9ZczAK8; https://maps.app.goo.gl/efNjqXtJS5uqAid67; https://maps.app.goo.gl/9D1AGeGBDHSvttic8; https://maps.app.goo.gl/wbNjvBPsJioGNogn8; https://maps.app.goo.gl/DAATNJRd8MxG4uyaA; https://maps.app.goo.gl/cuqyDKdtbfwW1DAa8; https://maps.app.goo.gl/o5yA5cAF8qJoTZqW8; https://maps.app.goo.gl/Wji4ey8prbGM2zHJ6; https://maps.app.goo.gl/UEv62Ht1RcfDLLML8; https://maps.app.goo.gl/TcCLZG1kwf9F7wCu5; https://maps.app.goo.gl/uKe9j2z7xKHjdR8A7; https://www.google.com/maps/d/u/1/edit?mid=10gTnNN6aieu1u3Xx49gGnnp177W4zag&usp=sharing; https://goo.gl/maps/xNEqZWHrXNzKYLHe6; https://maps.app.goo.gl/NT8XaQJv76yrgG946; https://maps.app.goo.gl/b6AweqeJiHMGShsq9; https://maps.app.goo.gl/zNrudtbb4kMk2xxv5; https://maps.app.goo.gl/B98HY6ThSbAhg1a98; https://maps.app.goo.gl/sY5sb4n5Lvp2K2oz7; https://maps.app.goo.gl/s62kTxdTsTQvQHDJ9; https://maps.app.goo.gl/XwfK6AzNVqs5eFX17; https://maps.app.goo.gl/QAU1JqmdETLn951C; https://maps.app.goo.gl/K3ASKRs9Sc5yfa9z9; https://maps.app.goo.gl/dAy23L3wP3mTsMM88; https://maps.app.goo.gl/QydbrwwdHVvcm7keA; https://maps.app.goo.gl/E7ucSVc9hHKpPNDQ6; https://maps.app.goo.gl/4E1Yi9DPgpF2CdaE7; https://maps.app.goo.gl/uLPtqwAnwnevw4zz7; https://maps.app.goo.gl/VRterbzJvDcxUkVJ6; https://maps.app.goo.gl/zAmPVdt254bS1UUU7; https://maps.app.goo.gl/9PHZkvYiuadCm992A; https://goo.gl/maps/JhPoRTM15vQA7Kk6A; https://goo.gl/maps/XXMLm2Ebm5FEFwig7; https://goo.gl/maps/BgnUiLh44bo3Nyq37; https://goo.gl/maps/FmDxfXdHa9mdoGK99; https://goo.gl/maps/aChZ8vYJMZ8j6SjR7; https://goo.gl/maps/GPVNSt7Q6a73xSKHA; https://goo.gl/maps/nSTM1wgMZyyzcAhg9; https://goo.gl/maps/h4LQbK4dijinbrmF8; https://goo.gl/maps/k4R8TwNVtrg4BrJc9; https://goo.gl/maps/YaZ9tS4Xqtm5REAe6; https://goo.gl/maps/g4UerEukDLx9YjWt5; https://goo.gl/maps/QUDziRBdFv7URi8QA; https://goo.gl/maps/cUNDNuwk9M5KBSbJA**; https://goo.gl/maps/tMLVh6Gm8DCwNDzN6; https://goo.gl/maps/VFB9RLFqHkCjVD4Y6; https://goo.gl/maps/xLiJbzx1TGiATefw5; https://goo.gl/maps/88psz7y8xzQTcyVn9; https://goo.gl/maps/TKu4Ej99YDW51J8o6; https://goo.gl/maps/Y5rcVkPSFzuYQtaJ7; https://goo.gl/maps/tu8NToyeSY9qMEt19; https://goo.gl/maps/sMLMvWwegyerE3jJ9; https://goo.gl/maps/mJAEFg5zdD6J4Xbq8; https://goo.gl/maps/1eXNtJWdQZHPkvXp8; https://goo.gl/maps/9VManjp1YiqeSC1A8; https://goo.gl/maps/SeJtvcKkqmN6a7oy6; https://goo.gl/maps/hgxR4SsThT7KqvbUA; https://goo.gl/maps/gHyC9FmNZYpnaoV77; https://goo.gl/maps/5AF74tZoTkBqM71d6; https://goo.gl/maps/JtDt3jc8pMZ3n7xH9; https://goo.gl/maps/GPLvd34uRNT1EL5bA; https://goo.gl/maps/oJP5R9Jfe8yAcrWY6; https://goo.gl/maps/trCxv7WmZ7Lim467A; https://goo.gl/maps/aSmRwi2p279NGLcb9; https://goo.gl/maps/s4v5mQf8LyZUv8B7A,https://maps.app.goo.gl/yVp7cfpfnfdzb7mV7; https://maps.app.goo.gl/t178LDzcrFtjxgEz9; https://maps.app.goo.gl/qDbb6mJHvwhXw4Az6; https://maps.app.goo.gl/GdiSL1z7fBFtk3tr8; https://maps.app.goo.gl/ioqJ9N2mKRyMdiAe6; https://maps.app.goo.gl/dRnRPbNFPmCfsTHAA; https://www.google.com/maps/d/edit?mid=1pYF3M65dQngj9P_VP8SbXUKy92nYnFo&usp=sharing; https://maps.app.goo.gl/v8GdHbU3xb5G8JFs9; https://goo.gl/maps/Empzn8zwhyULFrqV8; https://maps.app.goo.gl/AoJAreLLvUUHzVVw5; https://maps.app.goo.gl/H57L1w8ReXXNhtb99; https://www.google.com/maps/d/edit?mid=1SAcLUqc-JTEBiY1uNXVoDUdI-a5wJd0&ll=10.002013642197713%2C105…; https://www.google.com/maps/d/edit?mid=1GZCfnV4401jtKcup5hFe0KPBOBMYrp4&usp=sharing; https://maps.app.goo.gl/Mww4k2RWctPHssMQA; https://maps.app.goo.gl/Hn6baY7yBKNTcRXs8; https://maps.app.goo.gl/bKZVkKUcnYGRLJWw5; https://maps.app.goo.gl/pTzfCxqkMYLuLe9z9; https://maps.app.goo.gl/Fsyo4xmwK3kmzbC9A; https://maps.app.goo.gl/hMM3KEF5KhFhsZJi7; https://maps.app.goo.gl/7yPFeG3okyKbrLCM9; https://maps.app.goo.gl/acrdQ54V3NVNNkKh9; https://www.google.com/maps/d/edit?mid=1MawyjqMPRL80P8Y7qm_ZhtUgghnbpFc&usp=sharing; https://maps.app.goo.gl/ET75kfpwVX837fEE6; https://maps.app.goo.gl/47PLkeuNfzKvw38w8; https://maps.app.goo.gl/RXcEPNYx6EwAbDxF9; https://maps.app.goo.gl/xg6rRMGswq5scyCbA; https://maps.app.goo.gl/whvDoK2djK9ZczAK8; https://maps.app.goo.gl/efNjqXtJS5uqAid67; https://maps.app.goo.gl/9D1AGeGBDHSvttic8; https://maps.app.goo.gl/wbNjvBPsJioGNogn8; https://maps.app.goo.gl/DAATNJRd8MxG4uyaA; https://maps.app.goo.gl/cuqyDKdtbfwW1DAa8; https://maps.app.goo.gl/o5yA5cAF8qJoTZqW8; https://maps.app.goo.gl/Wji4ey8prbGM2zHJ6; https://maps.app.goo.gl/UEv62Ht1RcfDLLML8; https://maps.app.goo.gl/TcCLZG1kwf9F7wCu5; https://maps.app.goo.gl/uKe9j2z7xKHjdR8A7; https://www.google.com/maps/d/u/1/edit?mid=10gTnNN6aieu1u3Xx49gGnnp177W4zag&usp=sharing; https://goo.gl/maps/xNEqZWHrXNzKYLHe6; https://maps.app.goo.gl/NT8XaQJv76yrgG946; https://maps.app.goo.gl/b6AweqeJiHMGShsq9; https://maps.app.goo.gl/zNrudtbb4kMk2xxv5; https://maps.app.goo.gl/B98HY6ThSbAhg1a98; https://maps.app.goo.gl/sY5sb4n5Lvp2K2oz7; https://maps.app.goo.gl/s62kTxdTsTQvQHDJ9; https://maps.app.goo.gl/XwfK6AzNVqs5eFX17; https://maps.app.goo.gl/QAU1JqmdETLn951C; https://maps.app.goo.gl/K3ASKRs9Sc5yfa9z9; https://maps.app.goo.gl/dAy23L3wP3mTsMM88; https://maps.app.goo.gl/QydbrwwdHVvcm7keA; https://maps.app.goo.gl/E7ucSVc9hHKpPNDQ6; https://maps.app.goo.gl/4E1Yi9DPgpF2CdaE7; https://maps.app.goo.gl/uLPtqwAnwnevw4zz7; https://maps.app.goo.gl/VRterbzJvDcxUkVJ6; https://maps.app.goo.gl/zAmPVdt254bS1UUU7; https://maps.app.goo.gl/9PHZkvYiuadCm992A; https://goo.gl/maps/JhPoRTM15vQA7Kk6A; https://goo.gl/maps/XXMLm2Ebm5FEFwig7; https://goo.gl/maps/BgnUiLh44bo3Nyq37; https://goo.gl/maps/FmDxfXdHa9mdoGK99; https://goo.gl/maps/aChZ8vYJMZ8j6SjR7; https://goo.gl/maps/GPVNSt7Q6a73xSKHA; https://goo.gl/maps/nSTM1wgMZyyzcAhg9; https://goo.gl/maps/h4LQbK4dijinbrmF8; https://goo.gl/maps/k4R8TwNVtrg4BrJc9; https://goo.gl/maps/YaZ9tS4Xqtm5REAe6; https://goo.gl/maps/g4UerEukDLx9YjWt5; https://goo.gl/maps/QUDziRBdFv7URi8QA; https://goo.gl/maps/cUNDNuwk9M5KBSbJA**; https://goo.gl/maps/tMLVh6Gm8DCwNDzN6; https://goo.gl/maps/VFB9RLFqHkCjVD4Y6; https://goo.gl/maps/xLiJbzx1TGiATefw5; https://goo.gl/maps/88psz7y8xzQTcyVn9; https://goo.gl/maps/TKu4Ej99YDW51J8o6; https://goo.gl/maps/Y5rcVkPSFzuYQtaJ7; https://goo.gl/maps/tu8NToyeSY9qMEt19; https://goo.gl/maps/sMLMvWwegyerE3jJ9; https://goo.gl/maps/mJAEFg5zdD6J4Xbq8; https://goo.gl/maps/1eXNtJWdQZHPkvXp8; https://goo.gl/maps/9VManjp1YiqeSC1A8; https://goo.gl/maps/SeJtvcKkqmN6a7oy6; https://goo.gl/maps/hgxR4SsThT7KqvbUA; https://goo.gl/maps/gHyC9FmNZYpnaoV77; https://goo.gl/maps/5AF74tZoTkBqM71d6; https://goo.gl/maps/JtDt3jc8pMZ3n7xH9; https://goo.gl/maps/GPLvd34uRNT1EL5bA; https://goo.gl/maps/oJP5R9Jfe8yAcrWY6; https://goo.gl/maps/trCxv7WmZ7Lim467A; https://goo.gl/maps/aSmRwi2p279NGLcb9; https://goo.gl/maps/s4v5mQf8LyZUv8B7A,suspicious_shared_by_many_projects,matched_teams_map_link,name_token_overlap>=2,batch_873.txt
BDS-CURATED-0230,HLW - Merryaland 1,has_unresolved_or_unattached_map_link,https://goo.gl/maps/eqfdgJBc7XT7VhAW8,https://goo.gl/maps/eqfdgJBc7XT7VhAW8,suspicious_shared_by_many_projects,matched_teams_map_link,12,batch_917.txt
BDS-CURATED-0306,Ngọc Hồi Thanh Trì,has_unresolved_or_unattached_map_link,https://goo.gl/maps/YaZ9tS4Xqtm5REAe6; https://goo.gl/maps/trCxv7WmZ7Lim467A,https://goo.gl/maps/YaZ9tS4Xqtm5REAe6; https://goo.gl/maps/trCxv7WmZ7Lim467A,suspicious_shared_by_many_projects,matched_teams_map_link,name_token_overlap>=2,batch_917.txt
BDS-CURATED-0411,Serene Đà Nẵng với những nội dung sau,has_unresolved_or_unattached_map_link,https://maps.app.goo.gl/ET75kfpwVX837fEE6; https://maps.app.goo.gl/47PLkeuNfzKvw38w8; https://maps.app.goo.gl/RXcEPNYx6EwAbDxF9; https://maps.app.goo.gl/xg6rRMGswq5scyCbA; https://maps.app.goo.gl/whvDoK2djK9ZczAK8; https://maps.app.goo.gl/cuqyDKdtbfwW1DAa8; https://maps.app.goo.gl/xQZeRwkJHuyDhx496; https://maps.app.goo.gl/E7ucSVc9hHKpPNDQ6,https://maps.app.goo.gl/ET75kfpwVX837fEE6; https://maps.app.goo.gl/47PLkeuNfzKvw38w8; https://maps.app.goo.gl/RXcEPNYx6EwAbDxF9; https://maps.app.goo.gl/xg6rRMGswq5scyCbA; https://maps.app.goo.gl/whvDoK2djK9ZczAK8; https://maps.app.goo.gl/cuqyDKdtbfwW1DAa8; https://maps.app.goo.gl/xQZeRwkJHuyDhx496; https://maps.app.goo.gl/E7ucSVc9hHKpPNDQ6,,,name_token_overlap>=2,batch_220.txt; batch_221.txt
BDS-CURATED-0440,cùn,no_map_link_found_in_matched_raw,,,,,,batch_847.txt
BDS-CURATED-0398,hiện tại,no_map_link_found_in_matched_raw,,,,,,batch_365.txt
BDS-CURATED-0449,khu vực phía Bắc theo chỉ đạo của Anh Tâm,has_unresolved_or_unattached_map_link,https://goo.gl/maps/Empzn8zwhyULFrqV8; https://maps.app.goo.gl/AoJAreLLvUUHzVVw5; https://www.google.com/maps/d/edit?mid=1MawyjqMPRL80P8Y7qm_ZhtUgghnbpFc&usp=sharing; https://maps.app.goo.gl/xomcfbw3UHPYcLxG8; https://maps.app.goo.gl/yVp7cfpfnfdzb7mV7; https://goo.gl/maps/xNEqZWHrXNzKYLHe6; https://maps.app.goo.gl/zNrudtbb4kMk2xxv5; https://maps.app.goo.gl/s62kTxdTsTQvQHDJ9; https://maps.app.goo.gl/uLPtqwAnwnevw4zz7; https://maps.app.goo.gl/VRterbzJvDcxUkVJ6; https://maps.app.goo.gl/9PHZkvYiuadCm992A; https://goo.gl/maps/h4LQbK4dijinbrmF8; https://goo.gl/maps/YaZ9tS4Xqtm5REAe6; https://goo.gl/maps/g4UerEukDLx9YjWt5; https://goo.gl/maps/cUNDNuwk9M5KBSbJA**; https://goo.gl/maps/tMLVh6Gm8DCwNDzN6; https://goo.gl/maps/TKu4Ej99YDW51J8o6; https://goo.gl/maps/sMLMvWwegyerE3jJ9; https://goo.gl/maps/trCxv7WmZ7Lim467A,https://goo.gl/maps/Empzn8zwhyULFrqV8; https://maps.app.goo.gl/AoJAreLLvUUHzVVw5; https://www.google.com/maps/d/edit?mid=1MawyjqMPRL80P8Y7qm_ZhtUgghnbpFc&usp=sharing; https://maps.app.goo.gl/xomcfbw3UHPYcLxG8; https://maps.app.goo.gl/yVp7cfpfnfdzb7mV7; https://goo.gl/maps/xNEqZWHrXNzKYLHe6; https://maps.app.goo.gl/zNrudtbb4kMk2xxv5; https://maps.app.goo.gl/s62kTxdTsTQvQHDJ9; https://maps.app.goo.gl/uLPtqwAnwnevw4zz7; https://maps.app.goo.gl/VRterbzJvDcxUkVJ6; https://maps.app.goo.gl/9PHZkvYiuadCm992A; https://goo.gl/maps/h4LQbK4dijinbrmF8; https://goo.gl/maps/YaZ9tS4Xqtm5REAe6; https://goo.gl/maps/g4UerEukDLx9YjWt5; https://goo.gl/maps/cUNDNuwk9M5KBSbJA**; https://goo.gl/maps/tMLVh6Gm8DCwNDzN6; https://goo.gl/maps/TKu4Ej99YDW51J8o6; https://goo.gl/maps/sMLMvWwegyerE3jJ9; https://goo.gl/maps/trCxv7WmZ7Lim467A,,,name_token_overlap>=2,batch_899.txt
BDS-CURATED-0450,khác với tỷ lệ,no_map_link_found_in_matched_raw,,,,,,batch_857.txt
BDS-CURATED-0451,lớn thì gần như sẽ phải đấu t,no_map_link_found_in_matched_raw,,,,,,batch_566.txt
BDS-CURATED-0419,lớn thì gần như sẽ phải đấu thầu,has_unresolved_or_unattached_map_link,https://maps.app.goo.gl/wbNjvBPsJioGNogn8; https://maps.app.goo.gl/DAATNJRd8MxG4uyaA; https://goo.gl/maps/xNEqZWHrXNzKYLHe6,https://maps.app.goo.gl/wbNjvBPsJioGNogn8; https://maps.app.goo.gl/DAATNJRd8MxG4uyaA; https://goo.gl/maps/xNEqZWHrXNzKYLHe6,,,name_token_overlap>=2,batch_561.txt
BDS-CURATED-0453,nhiều và phân mảng,has_unresolved_or_unattached_map_link,https://maps.app.goo.gl/t178LDzcrFtjxgEz9; https://maps.app.goo.gl/ioqJ9N2mKRyMdiAe6; https://www.google.com/maps/d/edit?mid=1MawyjqMPRL80P8Y7qm_ZhtUgghnbpFc&usp=sharing; https://maps.app.goo.gl/wbNjvBPsJioGNogn8; https://maps.app.goo.gl/DAATNJRd8MxG4uyaA; https://maps.app.goo.gl/o5yA5cAF8qJoTZqW8; https://maps.app.goo.gl/K3ASKRs9Sc5yfa9z9; https://maps.app.goo.gl/uLPtqwAnwnevw4zz7; https://maps.app.goo.gl/9PHZkvYiuadCm992A; https://goo.gl/maps/XXMLm2Ebm5FEFwig7; https://goo.gl/maps/xLiJbzx1TGiATefw5; https://goo.gl/maps/gHyC9FmNZYpnaoV77,https://maps.app.goo.gl/t178LDzcrFtjxgEz9; https://maps.app.goo.gl/ioqJ9N2mKRyMdiAe6; https://www.google.com/maps/d/edit?mid=1MawyjqMPRL80P8Y7qm_ZhtUgghnbpFc&usp=sharing; https://maps.app.goo.gl/wbNjvBPsJioGNogn8; https://maps.app.goo.gl/DAATNJRd8MxG4uyaA; https://maps.app.goo.gl/o5yA5cAF8qJoTZqW8; https://maps.app.goo.gl/K3ASKRs9Sc5yfa9z9; https://maps.app.goo.gl/uLPtqwAnwnevw4zz7; https://maps.app.goo.gl/9PHZkvYiuadCm992A; https://goo.gl/maps/XXMLm2Ebm5FEFwig7; https://goo.gl/maps/xLiJbzx1TGiATefw5; https://goo.gl/maps/gHyC9FmNZYpnaoV77,,,name_token_overlap>=2,batch_452.txt
BDS-CURATED-0454,nào mà đóng tssđ hàng năm nó cứ t,has_unresolved_or_unattached_map_link,https://maps.app.goo.gl/ioqJ9N2mKRyMdiAe6; https://maps.app.goo.gl/AoJAreLLvUUHzVVw5; https://maps.app.goo.gl/ET75kfpwVX837fEE6; https://maps.app.goo.gl/47PLkeuNfzKvw38w8; https://maps.app.goo.gl/RXcEPNYx6EwAbDxF9; https://maps.app.goo.gl/xomcfbw3UHPYcLxG8; https://maps.app.goo.gl/Wji4ey8prbGM2zHJ6; https://maps.app.goo.gl/UEv62Ht1RcfDLLML8; https://maps.app.goo.gl/b6AweqeJiHMGShsq9; https://maps.app.goo.gl/s62kTxdTsTQvQHDJ9; https://goo.gl/maps/JhPoRTM15vQA7Kk6A; https://goo.gl/maps/XXMLm2Ebm5FEFwig7; https://goo.gl/maps/FmDxfXdHa9mdoGK99; https://goo.gl/maps/GPVNSt7Q6a73xSKHA; https://goo.gl/maps/VFB9RLFqHkCjVD4Y6; https://goo.gl/maps/TKu4Ej99YDW51J8o6; https://goo.gl/maps/gHyC9FmNZYpnaoV77; https://goo.gl/maps/JtDt3jc8pMZ3n7xH9; https://goo.gl/maps/GPLvd34uRNT1EL5bA; https://goo.gl/maps/oJP5R9Jfe8yAcrWY6,https://maps.app.goo.gl/ioqJ9N2mKRyMdiAe6; https://maps.app.goo.gl/AoJAreLLvUUHzVVw5; https://maps.app.goo.gl/ET75kfpwVX837fEE6; https://maps.app.goo.gl/47PLkeuNfzKvw38w8; https://maps.app.goo.gl/RXcEPNYx6EwAbDxF9; https://maps.app.goo.gl/xomcfbw3UHPYcLxG8; https://maps.app.goo.gl/Wji4ey8prbGM2zHJ6; https://maps.app.goo.gl/UEv62Ht1RcfDLLML8; https://maps.app.goo.gl/b6AweqeJiHMGShsq9; https://maps.app.goo.gl/s62kTxdTsTQvQHDJ9; https://goo.gl/maps/JhPoRTM15vQA7Kk6A; https://goo.gl/maps/XXMLm2Ebm5FEFwig7; https://goo.gl/maps/FmDxfXdHa9mdoGK99; https://goo.gl/maps/GPVNSt7Q6a73xSKHA; https://goo.gl/maps/VFB9RLFqHkCjVD4Y6; https://goo.gl/maps/TKu4Ej99YDW51J8o6; https://goo.gl/maps/gHyC9FmNZYpnaoV77; https://goo.gl/maps/JtDt3jc8pMZ3n7xH9; https://goo.gl/maps/GPLvd34uRNT1EL5bA; https://goo.gl/maps/oJP5R9Jfe8yAcrWY6,,,name_token_overlap>=2,batch_776.txt
BDS-CURATED-0250,nào mà đóng tssđ hàng năm nó cứ tăng hàng năm nữa,has_unresolved_or_unattached_map_link,https://maps.app.goo.gl/ioqJ9N2mKRyMdiAe6; https://maps.app.goo.gl/AoJAreLLvUUHzVVw5; https://maps.app.goo.gl/zNrudtbb4kMk2xxv5; https://www.google.com/maps/d/edit?mid=1SAcLUqc-JTEBiY1uNXVoDUdI-a5wJd0&ll=10.002013642197713%2C105…; https://maps.app.goo.gl/QVMCmJp83pMBNKrL8; https://maps.app.goo.gl/bKZVkKUcnYGRLJWw5; https://maps.app.goo.gl/ET75kfpwVX837fEE6; https://maps.app.goo.gl/47PLkeuNfzKvw38w8; https://maps.app.goo.gl/RXcEPNYx6EwAbDxF9; https://maps.app.goo.gl/xg6rRMGswq5scyCbA; https://maps.app.goo.gl/whvDoK2djK9ZczAK8; https://maps.app.goo.gl/gr7GZiwJ71dX1nzNA; https://maps.app.goo.gl/xomcfbw3UHPYcLxG8; https://maps.app.goo.gl/cuqyDKdtbfwW1DAa8; https://maps.app.goo.gl/o5yA5cAF8qJoTZqW8; https://maps.app.goo.gl/Wji4ey8prbGM2zHJ6; https://maps.app.goo.gl/UEv62Ht1RcfDLLML8; https://maps.app.goo.gl/TcCLZG1kwf9F7wCu5; https://maps.app.goo.gl/uKe9j2z7xKHjdR8A7; https://maps.app.goo.gl/NT8XaQJv76yrgG946; https://maps.app.goo.gl/b6AweqeJiHMGShsq9; https://maps.app.goo.gl/s62kTxdTsTQvQHDJ9; https://maps.app.goo.gl/K3ASKRs9Sc5yfa9z9; https://maps.app.goo.gl/dAy23L3wP3mTsMM88; https://maps.app.goo.gl/QydbrwwdHVvcm7keA; https://maps.app.goo.gl/9PHZkvYiuadCm992A; https://goo.gl/maps/JhPoRTM15vQA7Kk6A; https://goo.gl/maps/rzwM8zz1vmEphauk6; https://goo.gl/maps/XXMLm2Ebm5FEFwig7; https://goo.gl/maps/FmDxfXdHa9mdoGK99; https://goo.gl/maps/GPVNSt7Q6a73xSKHA; https://goo.gl/maps/h4LQbK4dijinbrmF8; https://goo.gl/maps/g4UerEukDLx9YjWt5; https://goo.gl/maps/VFB9RLFqHkCjVD4Y6; https://goo.gl/maps/xLiJbzx1TGiATefw5; https://goo.gl/maps/TKu4Ej99YDW51J8o6; https://goo.gl/maps/sMLMvWwegyerE3jJ9; https://goo.gl/maps/gHyC9FmNZYpnaoV77; https://goo.gl/maps/5AF74tZoTkBqM71d6; https://goo.gl/maps/JtDt3jc8pMZ3n7xH9; https://goo.gl/maps/GPLvd34uRNT1EL5bA; https://goo.gl/maps/oJP5R9Jfe8yAcrWY6; https://goo.gl/maps/trCxv7WmZ7Lim467A,https://maps.app.goo.gl/ioqJ9N2mKRyMdiAe6; https://maps.app.goo.gl/AoJAreLLvUUHzVVw5; https://maps.app.goo.gl/zNrudtbb4kMk2xxv5; https://www.google.com/maps/d/edit?mid=1SAcLUqc-JTEBiY1uNXVoDUdI-a5wJd0&ll=10.002013642197713%2C105…; https://maps.app.goo.gl/QVMCmJp83pMBNKrL8; https://maps.app.goo.gl/bKZVkKUcnYGRLJWw5; https://maps.app.goo.gl/ET75kfpwVX837fEE6; https://maps.app.goo.gl/47PLkeuNfzKvw38w8; https://maps.app.goo.gl/RXcEPNYx6EwAbDxF9; https://maps.app.goo.gl/xg6rRMGswq5scyCbA; https://maps.app.goo.gl/whvDoK2djK9ZczAK8; https://maps.app.goo.gl/gr7GZiwJ71dX1nzNA; https://maps.app.goo.gl/xomcfbw3UHPYcLxG8; https://maps.app.goo.gl/cuqyDKdtbfwW1DAa8; https://maps.app.goo.gl/o5yA5cAF8qJoTZqW8; https://maps.app.goo.gl/Wji4ey8prbGM2zHJ6; https://maps.app.goo.gl/UEv62Ht1RcfDLLML8; https://maps.app.goo.gl/TcCLZG1kwf9F7wCu5; https://maps.app.goo.gl/uKe9j2z7xKHjdR8A7; https://maps.app.goo.gl/NT8XaQJv76yrgG946; https://maps.app.goo.gl/b6AweqeJiHMGShsq9; https://maps.app.goo.gl/s62kTxdTsTQvQHDJ9; https://maps.app.goo.gl/K3ASKRs9Sc5yfa9z9; https://maps.app.goo.gl/dAy23L3wP3mTsMM88; https://maps.app.goo.gl/QydbrwwdHVvcm7keA; https://maps.app.goo.gl/9PHZkvYiuadCm992A; https://goo.gl/maps/JhPoRTM15vQA7Kk6A; https://goo.gl/maps/rzwM8zz1vmEphauk6; https://goo.gl/maps/XXMLm2Ebm5FEFwig7; https://goo.gl/maps/FmDxfXdHa9mdoGK99; https://goo.gl/maps/GPVNSt7Q6a73xSKHA; https://goo.gl/maps/h4LQbK4dijinbrmF8; https://goo.gl/maps/g4UerEukDLx9YjWt5; https://goo.gl/maps/VFB9RLFqHkCjVD4Y6; https://goo.gl/maps/xLiJbzx1TGiATefw5; https://goo.gl/maps/TKu4Ej99YDW51J8o6; https://goo.gl/maps/sMLMvWwegyerE3jJ9; https://goo.gl/maps/gHyC9FmNZYpnaoV77; https://goo.gl/maps/5AF74tZoTkBqM71d6; https://goo.gl/maps/JtDt3jc8pMZ3n7xH9; https://goo.gl/maps/GPLvd34uRNT1EL5bA; https://goo.gl/maps/oJP5R9Jfe8yAcrWY6; https://goo.gl/maps/trCxv7WmZ7Lim467A,suspicious_shared_by_many_projects,matched_teams_map_link,name_token_overlap>=2,batch_775.txt
BDS-CURATED-0291,này hồi xưa mình có thông tin nhưng s,has_unresolved_or_unattached_map_link,https://goo.gl/maps/JhPoRTM15vQA7Kk6A; https://maps.app.goo.gl/t178LDzcrFtjxgEz9; https://maps.app.goo.gl/qDbb6mJHvwhXw4Az6; https://www.google.com/maps/d/edit?mid=1pYF3M65dQngj9P_VP8SbXUKy92nYnFo&usp=sharing; https://maps.app.goo.gl/Mww4k2RWctPHssMQA; https://maps.app.goo.gl/bKZVkKUcnYGRLJWw5; https://maps.app.goo.gl/acrdQ54V3NVNNkKh9; https://maps.app.goo.gl/Fsyo4xmwK3kmzbC9A; https://maps.app.goo.gl/hMM3KEF5KhFhsZJi7; https://www.google.com/maps/d/edit?mid=1MawyjqMPRL80P8Y7qm_ZhtUgghnbpFc&usp=sharing; https://maps.app.goo.gl/gr7GZiwJ71dX1nzNA; https://maps.app.goo.gl/xomcfbw3UHPYcLxG8; https://maps.app.goo.gl/cuqyDKdtbfwW1DAa8; https://maps.app.goo.gl/UEv62Ht1RcfDLLML8; https://maps.app.goo.gl/TcCLZG1kwf9F7wCu5; https://maps.app.goo.gl/NT8XaQJv76yrgG946; https://maps.app.goo.gl/xQZeRwkJHuyDhx496; https://maps.app.goo.gl/s62kTxdTsTQvQHDJ9; https://maps.app.goo.gl/zNrudtbb4kMk2xxv5; https://maps.app.goo.gl/uLPtqwAnwnevw4zz7; https://goo.gl/maps/g4UerEukDLx9YjWt5; https://goo.gl/maps/sMLMvWwegyerE3jJ9,https://goo.gl/maps/JhPoRTM15vQA7Kk6A; https://maps.app.goo.gl/t178LDzcrFtjxgEz9; https://maps.app.goo.gl/qDbb6mJHvwhXw4Az6; https://www.google.com/maps/d/edit?mid=1pYF3M65dQngj9P_VP8SbXUKy92nYnFo&usp=sharing; https://maps.app.goo.gl/Mww4k2RWctPHssMQA; https://maps.app.goo.gl/bKZVkKUcnYGRLJWw5; https://maps.app.goo.gl/acrdQ54V3NVNNkKh9; https://maps.app.goo.gl/Fsyo4xmwK3kmzbC9A; https://maps.app.goo.gl/hMM3KEF5KhFhsZJi7; https://www.google.com/maps/d/edit?mid=1MawyjqMPRL80P8Y7qm_ZhtUgghnbpFc&usp=sharing; https://maps.app.goo.gl/gr7GZiwJ71dX1nzNA; https://maps.app.goo.gl/xomcfbw3UHPYcLxG8; https://maps.app.goo.gl/cuqyDKdtbfwW1DAa8; https://maps.app.goo.gl/UEv62Ht1RcfDLLML8; https://maps.app.goo.gl/TcCLZG1kwf9F7wCu5; https://maps.app.goo.gl/NT8XaQJv76yrgG946; https://maps.app.goo.gl/xQZeRwkJHuyDhx496; https://maps.app.goo.gl/s62kTxdTsTQvQHDJ9; https://maps.app.goo.gl/zNrudtbb4kMk2xxv5; https://maps.app.goo.gl/uLPtqwAnwnevw4zz7; https://goo.gl/maps/g4UerEukDLx9YjWt5; https://goo.gl/maps/sMLMvWwegyerE3jJ9,suspicious_shared_by_many_projects,matched_teams_map_link,name_token_overlap>=2,batch_766.txt
BDS-CURATED-0292,này nha anh Cái này phải đi khảo sát địa hình,has_unresolved_or_unattached_map_link,https://goo.gl/maps/9VManjp1YiqeSC1A8; https://maps.app.goo.gl/ioqJ9N2mKRyMdiAe6; https://maps.app.goo.gl/gr7GZiwJ71dX1nzNA; https://maps.app.goo.gl/wbNjvBPsJioGNogn8; https://maps.app.goo.gl/DAATNJRd8MxG4uyaA; https://maps.app.goo.gl/cuqyDKdtbfwW1DAa8; https://maps.app.goo.gl/o5yA5cAF8qJoTZqW8; https://maps.app.goo.gl/uKe9j2z7xKHjdR8A7; https://goo.gl/maps/xNEqZWHrXNzKYLHe6; https://maps.app.goo.gl/NT8XaQJv76yrgG946; https://maps.app.goo.gl/zNrudtbb4kMk2xxv5; https://maps.app.goo.gl/B98HY6ThSbAhg1a98; https://maps.app.goo.gl/sY5sb4n5Lvp2K2oz7; https://maps.app.goo.gl/s62kTxdTsTQvQHDJ9; https://maps.app.goo.gl/K3ASKRs9Sc5yfa9z9; https://maps.app.goo.gl/E7ucSVc9hHKpPNDQ6; https://maps.app.goo.gl/uLPtqwAnwnevw4zz7; https://maps.app.goo.gl/9PHZkvYiuadCm992A; https://goo.gl/maps/rzwM8zz1vmEphauk6; https://goo.gl/maps/XXMLm2Ebm5FEFwig7; https://goo.gl/maps/k4R8TwNVtrg4BrJc9; https://goo.gl/maps/YaZ9tS4Xqtm5REAe6; https://goo.gl/maps/xLiJbzx1TGiATefw5; https://goo.gl/maps/88psz7y8xzQTcyVn9; https://goo.gl/maps/TKu4Ej99YDW51J8o6; https://goo.gl/maps/mJAEFg5zdD6J4Xbq8; https://goo.gl/maps/1eXNtJWdQZHPkvXp8; https://goo.gl/maps/SeJtvcKkqmN6a7oy6; https://goo.gl/maps/hgxR4SsThT7KqvbUA; https://goo.gl/maps/gHyC9FmNZYpnaoV77; https://goo.gl/maps/5AF74tZoTkBqM71d6; https://goo.gl/maps/JtDt3jc8pMZ3n7xH9; https://goo.gl/maps/GPLvd34uRNT1EL5bA; https://goo.gl/maps/oJP5R9Jfe8yAcrWY6; https://goo.gl/maps/trCxv7WmZ7Lim467A,https://goo.gl/maps/9VManjp1YiqeSC1A8; https://maps.app.goo.gl/ioqJ9N2mKRyMdiAe6; https://maps.app.goo.gl/gr7GZiwJ71dX1nzNA; https://maps.app.goo.gl/wbNjvBPsJioGNogn8; https://maps.app.goo.gl/DAATNJRd8MxG4uyaA; https://maps.app.goo.gl/cuqyDKdtbfwW1DAa8; https://maps.app.goo.gl/o5yA5cAF8qJoTZqW8; https://maps.app.goo.gl/uKe9j2z7xKHjdR8A7; https://goo.gl/maps/xNEqZWHrXNzKYLHe6; https://maps.app.goo.gl/NT8XaQJv76yrgG946; https://maps.app.goo.gl/zNrudtbb4kMk2xxv5; https://maps.app.goo.gl/B98HY6ThSbAhg1a98; https://maps.app.goo.gl/sY5sb4n5Lvp2K2oz7; https://maps.app.goo.gl/s62kTxdTsTQvQHDJ9; https://maps.app.goo.gl/K3ASKRs9Sc5yfa9z9; https://maps.app.goo.gl/E7ucSVc9hHKpPNDQ6; https://maps.app.goo.gl/uLPtqwAnwnevw4zz7; https://maps.app.goo.gl/9PHZkvYiuadCm992A; https://goo.gl/maps/rzwM8zz1vmEphauk6; https://goo.gl/maps/XXMLm2Ebm5FEFwig7; https://goo.gl/maps/k4R8TwNVtrg4BrJc9; https://goo.gl/maps/YaZ9tS4Xqtm5REAe6; https://goo.gl/maps/xLiJbzx1TGiATefw5; https://goo.gl/maps/88psz7y8xzQTcyVn9; https://goo.gl/maps/TKu4Ej99YDW51J8o6; https://goo.gl/maps/mJAEFg5zdD6J4Xbq8; https://goo.gl/maps/1eXNtJWdQZHPkvXp8; https://goo.gl/maps/SeJtvcKkqmN6a7oy6; https://goo.gl/maps/hgxR4SsThT7KqvbUA; https://goo.gl/maps/gHyC9FmNZYpnaoV77; https://goo.gl/maps/5AF74tZoTkBqM71d6; https://goo.gl/maps/JtDt3jc8pMZ3n7xH9; https://goo.gl/maps/GPLvd34uRNT1EL5bA; https://goo.gl/maps/oJP5R9Jfe8yAcrWY6; https://goo.gl/maps/trCxv7WmZ7Lim467A,suspicious_shared_by_many_projects,matched_teams_map_link,name_token_overlap>=2,batch_922.txt
BDS-CURATED-0457,này thì chuyển cho anh Tâm nên K,no_map_link_found_in_matched_raw,,,,,,batch_777.txt
BDS-CURATED-0464,rồi,no_map_link_found_in_matched_raw,,,,,,batch_762.txt
BDS-CURATED-0465,thì 120 -130 ạ 31 là kích thước sao nhỉ by Admin 01,no_map_link_found_in_matched_raw,,,,,,batch_199.txt
BDS-CURATED-0297,thương hiệu Trump đầu tiên tại Việt Nam - Tuổi Trẻ Online Chiều 21-5,has_unresolved_or_unattached_map_link,https://goo.gl/maps/xNEqZWHrXNzKYLHe6; https://maps.app.goo.gl/t178LDzcrFtjxgEz9; https://maps.app.goo.gl/D8GuCY5LefTH8JVq9; https://maps.app.goo.gl/ioqJ9N2mKRyMdiAe6; https://www.google.com/maps/d/edit?mid=1pYF3M65dQngj9P_VP8SbXUKy92nYnFo&usp=sharing; https://maps.app.goo.gl/AoJAreLLvUUHzVVw5; https://www.google.com/maps/d/edit?mid=1SAcLUqc-JTEBiY1uNXVoDUdI-a5wJd0&ll=10.002013642197713%2C105…; https://www.google.com/maps/d/edit?mid=1GZCfnV4401jtKcup5hFe0KPBOBMYrp4&usp=sharing; https://maps.app.goo.gl/Mww4k2RWctPHssMQA; https://maps.app.goo.gl/pTzfCxqkMYLuLe9z9; https://maps.app.goo.gl/Fsyo4xmwK3kmzbC9A; https://maps.app.goo.gl/hMM3KEF5KhFhsZJi7; https://maps.app.goo.gl/7yPFeG3okyKbrLCM9; https://www.google.com/maps/d/edit?mid=1MawyjqMPRL80P8Y7qm_ZhtUgghnbpFc&usp=sharing; https://maps.app.goo.gl/ET75kfpwVX837fEE6; https://maps.app.goo.gl/47PLkeuNfzKvw38w8; https://maps.app.goo.gl/RXcEPNYx6EwAbDxF9; https://maps.app.goo.gl/xomcfbw3UHPYcLxG8; https://maps.app.goo.gl/wbNjvBPsJioGNogn8; https://maps.app.goo.gl/DAATNJRd8MxG4uyaA; https://maps.app.goo.gl/o5yA5cAF8qJoTZqW8; https://maps.app.goo.gl/UEv62Ht1RcfDLLML8; https://goo.gl/maps/eqfdgJBc7XT7VhAW8; https://maps.app.goo.gl/uKe9j2z7xKHjdR8A7; https://maps.app.goo.gl/NT8XaQJv76yrgG946; https://maps.app.goo.gl/b6AweqeJiHMGShsq9; https://maps.app.goo.gl/zNrudtbb4kMk2xxv5; https://maps.app.goo.gl/B98HY6ThSbAhg1a98; https://maps.app.goo.gl/s62kTxdTsTQvQHDJ9; https://maps.app.goo.gl/E7ucSVc9hHKpPNDQ6; https://maps.app.goo.gl/VRterbzJvDcxUkVJ6; https://maps.app.goo.gl/zAmPVdt254bS1UUU7; https://goo.gl/maps/JhPoRTM15vQA7Kk6A; https://goo.gl/maps/XXMLm2Ebm5FEFwig7; https://goo.gl/maps/BgnUiLh44bo3Nyq37; https://goo.gl/maps/FmDxfXdHa9mdoGK99; https://goo.gl/maps/GPVNSt7Q6a73xSKHA; https://goo.gl/maps/h4LQbK4dijinbrmF8; https://goo.gl/maps/k4R8TwNVtrg4BrJc9; https://goo.gl/maps/g4UerEukDLx9YjWt5; https://goo.gl/maps/cUNDNuwk9M5KBSbJA**; https://goo.gl/maps/dSeYp8x6gD6nWQJo7; https://goo.gl/maps/xLiJbzx1TGiATefw5; https://goo.gl/maps/Y5rcVkPSFzuYQtaJ7; https://goo.gl/maps/tu8NToyeSY9qMEt19; https://goo.gl/maps/sMLMvWwegyerE3jJ9; https://goo.gl/maps/mJAEFg5zdD6J4Xbq8; https://goo.gl/maps/1eXNtJWdQZHPkvXp8; https://goo.gl/maps/SeJtvcKkqmN6a7oy6; https://goo.gl/maps/hgxR4SsThT7KqvbUA; https://goo.gl/maps/gHyC9FmNZYpnaoV77; https://goo.gl/maps/JtDt3jc8pMZ3n7xH9; https://goo.gl/maps/GPLvd34uRNT1EL5bA; https://goo.gl/maps/oJP5R9Jfe8yAcrWY6; https://goo.gl/maps/trCxv7WmZ7Lim467A,https://goo.gl/maps/xNEqZWHrXNzKYLHe6; https://maps.app.goo.gl/t178LDzcrFtjxgEz9; https://maps.app.goo.gl/D8GuCY5LefTH8JVq9; https://maps.app.goo.gl/ioqJ9N2mKRyMdiAe6; https://www.google.com/maps/d/edit?mid=1pYF3M65dQngj9P_VP8SbXUKy92nYnFo&usp=sharing; https://maps.app.goo.gl/AoJAreLLvUUHzVVw5; https://www.google.com/maps/d/edit?mid=1SAcLUqc-JTEBiY1uNXVoDUdI-a5wJd0&ll=10.002013642197713%2C105…; https://www.google.com/maps/d/edit?mid=1GZCfnV4401jtKcup5hFe0KPBOBMYrp4&usp=sharing; https://maps.app.goo.gl/Mww4k2RWctPHssMQA; https://maps.app.goo.gl/pTzfCxqkMYLuLe9z9; https://maps.app.goo.gl/Fsyo4xmwK3kmzbC9A; https://maps.app.goo.gl/hMM3KEF5KhFhsZJi7; https://maps.app.goo.gl/7yPFeG3okyKbrLCM9; https://www.google.com/maps/d/edit?mid=1MawyjqMPRL80P8Y7qm_ZhtUgghnbpFc&usp=sharing; https://maps.app.goo.gl/ET75kfpwVX837fEE6; https://maps.app.goo.gl/47PLkeuNfzKvw38w8; https://maps.app.goo.gl/RXcEPNYx6EwAbDxF9; https://maps.app.goo.gl/xomcfbw3UHPYcLxG8; https://maps.app.goo.gl/wbNjvBPsJioGNogn8; https://maps.app.goo.gl/DAATNJRd8MxG4uyaA; https://maps.app.goo.gl/o5yA5cAF8qJoTZqW8; https://maps.app.goo.gl/UEv62Ht1RcfDLLML8; https://goo.gl/maps/eqfdgJBc7XT7VhAW8; https://maps.app.goo.gl/uKe9j2z7xKHjdR8A7; https://maps.app.goo.gl/NT8XaQJv76yrgG946; https://maps.app.goo.gl/b6AweqeJiHMGShsq9; https://maps.app.goo.gl/zNrudtbb4kMk2xxv5; https://maps.app.goo.gl/B98HY6ThSbAhg1a98; https://maps.app.goo.gl/s62kTxdTsTQvQHDJ9; https://maps.app.goo.gl/E7ucSVc9hHKpPNDQ6; https://maps.app.goo.gl/VRterbzJvDcxUkVJ6; https://maps.app.goo.gl/zAmPVdt254bS1UUU7; https://goo.gl/maps/JhPoRTM15vQA7Kk6A; https://goo.gl/maps/XXMLm2Ebm5FEFwig7; https://goo.gl/maps/BgnUiLh44bo3Nyq37; https://goo.gl/maps/FmDxfXdHa9mdoGK99; https://goo.gl/maps/GPVNSt7Q6a73xSKHA; https://goo.gl/maps/h4LQbK4dijinbrmF8; https://goo.gl/maps/k4R8TwNVtrg4BrJc9; https://goo.gl/maps/g4UerEukDLx9YjWt5; https://goo.gl/maps/cUNDNuwk9M5KBSbJA**; https://goo.gl/maps/dSeYp8x6gD6nWQJo7; https://goo.gl/maps/xLiJbzx1TGiATefw5; https://goo.gl/maps/Y5rcVkPSFzuYQtaJ7; https://goo.gl/maps/tu8NToyeSY9qMEt19; https://goo.gl/maps/sMLMvWwegyerE3jJ9; https://goo.gl/maps/mJAEFg5zdD6J4Xbq8; https://goo.gl/maps/1eXNtJWdQZHPkvXp8; https://goo.gl/maps/SeJtvcKkqmN6a7oy6; https://goo.gl/maps/hgxR4SsThT7KqvbUA; https://goo.gl/maps/gHyC9FmNZYpnaoV77; https://goo.gl/maps/JtDt3jc8pMZ3n7xH9; https://goo.gl/maps/GPLvd34uRNT1EL5bA; https://goo.gl/maps/oJP5R9Jfe8yAcrWY6; https://goo.gl/maps/trCxv7WmZ7Lim467A,suspicious_shared_by_many_projects,matched_teams_map_link,name_token_overlap>=2,batch_395.txt
BDS-CURATED-0467,triển khai,has_unresolved_or_unattached_map_link,https://maps.app.goo.gl/t178LDzcrFtjxgEz9; https://maps.app.goo.gl/qDbb6mJHvwhXw4Az6; https://maps.app.goo.gl/GdiSL1z7fBFtk3tr8; https://maps.app.goo.gl/ioqJ9N2mKRyMdiAe6; https://maps.app.goo.gl/AoJAreLLvUUHzVVw5; https://maps.app.goo.gl/H57L1w8ReXXNhtb99; https://www.google.com/maps/d/edit?mid=1SAcLUqc-JTEBiY1uNXVoDUdI-a5wJd0&ll=10.002013642197713%2C105…; https://www.google.com/maps/d/edit?mid=1GZCfnV4401jtKcup5hFe0KPBOBMYrp4&usp=sharing; https://maps.app.goo.gl/Mww4k2RWctPHssMQA; https://maps.app.goo.gl/acrdQ54V3NVNNkKh9; https://www.google.com/maps/d/edit?mid=1MawyjqMPRL80P8Y7qm_ZhtUgghnbpFc&usp=sharing; https://maps.app.goo.gl/ET75kfpwVX837fEE6; https://maps.app.goo.gl/47PLkeuNfzKvw38w8; https://maps.app.goo.gl/RXcEPNYx6EwAbDxF9; https://maps.app.goo.gl/xg6rRMGswq5scyCbA; https://maps.app.goo.gl/whvDoK2djK9ZczAK8; https://maps.app.goo.gl/9D1AGeGBDHSvttic8; https://maps.app.goo.gl/wbNjvBPsJioGNogn8; https://maps.app.goo.gl/DAATNJRd8MxG4uyaA; https://maps.app.goo.gl/o5yA5cAF8qJoTZqW8; https://maps.app.goo.gl/Wji4ey8prbGM2zHJ6; https://maps.app.goo.gl/UEv62Ht1RcfDLLML8; https://maps.app.goo.gl/yVp7cfpfnfdzb7mV7; https://maps.app.goo.gl/uKe9j2z7xKHjdR8A7; https://goo.gl/maps/xNEqZWHrXNzKYLHe6; https://maps.app.goo.gl/NT8XaQJv76yrgG946; https://maps.app.goo.gl/b6AweqeJiHMGShsq9; https://maps.app.goo.gl/zNrudtbb4kMk2xxv5; https://maps.app.goo.gl/B98HY6ThSbAhg1a98; https://maps.app.goo.gl/s62kTxdTsTQvQHDJ9; https://maps.app.goo.gl/XwfK6AzNVqs5eFX17; https://maps.app.goo.gl/QAU1JqmdETLn951C; https://maps.app.goo.gl/K3ASKRs9Sc5yfa9z9; https://maps.app.goo.gl/dAy23L3wP3mTsMM88; https://maps.app.goo.gl/QydbrwwdHVvcm7keA; https://maps.app.goo.gl/E7ucSVc9hHKpPNDQ6; https://maps.app.goo.gl/4E1Yi9DPgpF2CdaE7; https://maps.app.goo.gl/uLPtqwAnwnevw4zz7; https://maps.app.goo.gl/9PHZkvYiuadCm992A; https://goo.gl/maps/JhPoRTM15vQA7Kk6A; https://goo.gl/maps/XXMLm2Ebm5FEFwig7; https://goo.gl/maps/BgnUiLh44bo3Nyq37; https://goo.gl/maps/FmDxfXdHa9mdoGK99; https://goo.gl/maps/GPVNSt7Q6a73xSKHA; https://goo.gl/maps/nSTM1wgMZyyzcAhg9; https://goo.gl/maps/h4LQbK4dijinbrmF8; https://goo.gl/maps/k4R8TwNVtrg4BrJc9; https://goo.gl/maps/YaZ9tS4Xqtm5REAe6; https://goo.gl/maps/xLiJbzx1TGiATefw5; https://goo.gl/maps/TKu4Ej99YDW51J8o6; https://goo.gl/maps/mJAEFg5zdD6J4Xbq8; https://goo.gl/maps/1eXNtJWdQZHPkvXp8; https://goo.gl/maps/SeJtvcKkqmN6a7oy6; https://goo.gl/maps/hgxR4SsThT7KqvbUA; https://goo.gl/maps/gHyC9FmNZYpnaoV77; https://goo.gl/maps/5AF74tZoTkBqM71d6; https://goo.gl/maps/JtDt3jc8pMZ3n7xH9; https://goo.gl/maps/GPLvd34uRNT1EL5bA; https://goo.gl/maps/oJP5R9Jfe8yAcrWY6; https://goo.gl/maps/trCxv7WmZ7Lim467A,https://maps.app.goo.gl/t178LDzcrFtjxgEz9; https://maps.app.goo.gl/qDbb6mJHvwhXw4Az6; https://maps.app.goo.gl/GdiSL1z7fBFtk3tr8; https://maps.app.goo.gl/ioqJ9N2mKRyMdiAe6; https://maps.app.goo.gl/AoJAreLLvUUHzVVw5; https://maps.app.goo.gl/H57L1w8ReXXNhtb99; https://www.google.com/maps/d/edit?mid=1SAcLUqc-JTEBiY1uNXVoDUdI-a5wJd0&ll=10.002013642197713%2C105…; https://www.google.com/maps/d/edit?mid=1GZCfnV4401jtKcup5hFe0KPBOBMYrp4&usp=sharing; https://maps.app.goo.gl/Mww4k2RWctPHssMQA; https://maps.app.goo.gl/acrdQ54V3NVNNkKh9; https://www.google.com/maps/d/edit?mid=1MawyjqMPRL80P8Y7qm_ZhtUgghnbpFc&usp=sharing; https://maps.app.goo.gl/ET75kfpwVX837fEE6; https://maps.app.goo.gl/47PLkeuNfzKvw38w8; https://maps.app.goo.gl/RXcEPNYx6EwAbDxF9; https://maps.app.goo.gl/xg6rRMGswq5scyCbA; https://maps.app.goo.gl/whvDoK2djK9ZczAK8; https://maps.app.goo.gl/9D1AGeGBDHSvttic8; https://maps.app.goo.gl/wbNjvBPsJioGNogn8; https://maps.app.goo.gl/DAATNJRd8MxG4uyaA; https://maps.app.goo.gl/o5yA5cAF8qJoTZqW8; https://maps.app.goo.gl/Wji4ey8prbGM2zHJ6; https://maps.app.goo.gl/UEv62Ht1RcfDLLML8; https://maps.app.goo.gl/yVp7cfpfnfdzb7mV7; https://maps.app.goo.gl/uKe9j2z7xKHjdR8A7; https://goo.gl/maps/xNEqZWHrXNzKYLHe6; https://maps.app.goo.gl/NT8XaQJv76yrgG946; https://maps.app.goo.gl/b6AweqeJiHMGShsq9; https://maps.app.goo.gl/zNrudtbb4kMk2xxv5; https://maps.app.goo.gl/B98HY6ThSbAhg1a98; https://maps.app.goo.gl/s62kTxdTsTQvQHDJ9; https://maps.app.goo.gl/XwfK6AzNVqs5eFX17; https://maps.app.goo.gl/QAU1JqmdETLn951C; https://maps.app.goo.gl/K3ASKRs9Sc5yfa9z9; https://maps.app.goo.gl/dAy23L3wP3mTsMM88; https://maps.app.goo.gl/QydbrwwdHVvcm7keA; https://maps.app.goo.gl/E7ucSVc9hHKpPNDQ6; https://maps.app.goo.gl/4E1Yi9DPgpF2CdaE7; https://maps.app.goo.gl/uLPtqwAnwnevw4zz7; https://maps.app.goo.gl/9PHZkvYiuadCm992A; https://goo.gl/maps/JhPoRTM15vQA7Kk6A; https://goo.gl/maps/XXMLm2Ebm5FEFwig7; https://goo.gl/maps/BgnUiLh44bo3Nyq37; https://goo.gl/maps/FmDxfXdHa9mdoGK99; https://goo.gl/maps/GPVNSt7Q6a73xSKHA; https://goo.gl/maps/nSTM1wgMZyyzcAhg9; https://goo.gl/maps/h4LQbK4dijinbrmF8; https://goo.gl/maps/k4R8TwNVtrg4BrJc9; https://goo.gl/maps/YaZ9tS4Xqtm5REAe6; https://goo.gl/maps/xLiJbzx1TGiATefw5; https://goo.gl/maps/TKu4Ej99YDW51J8o6; https://goo.gl/maps/mJAEFg5zdD6J4Xbq8; https://goo.gl/maps/1eXNtJWdQZHPkvXp8; https://goo.gl/maps/SeJtvcKkqmN6a7oy6; https://goo.gl/maps/hgxR4SsThT7KqvbUA; https://goo.gl/maps/gHyC9FmNZYpnaoV77; https://goo.gl/maps/5AF74tZoTkBqM71d6; https://goo.gl/maps/JtDt3jc8pMZ3n7xH9; https://goo.gl/maps/GPLvd34uRNT1EL5bA; https://goo.gl/maps/oJP5R9Jfe8yAcrWY6; https://goo.gl/maps/trCxv7WmZ7Lim467A,,,name_token_overlap>=2,batch_756.txt
BDS-CURATED-0468,tại các tỉnh phía Bắc,has_unresolved_or_unattached_map_link,https://goo.gl/maps/Empzn8zwhyULFrqV8; https://maps.app.goo.gl/yVp7cfpfnfdzb7mV7; https://www.google.com/maps/d/u/1/edit?mid=10gTnNN6aieu1u3Xx49gGnnp177W4zag&usp=sharing; https://maps.app.goo.gl/zNrudtbb4kMk2xxv5; https://maps.app.goo.gl/dAy23L3wP3mTsMM88; https://maps.app.goo.gl/QydbrwwdHVvcm7keA; https://maps.app.goo.gl/uLPtqwAnwnevw4zz7; https://maps.app.goo.gl/9PHZkvYiuadCm992A; https://goo.gl/maps/h4LQbK4dijinbrmF8; https://goo.gl/maps/sMLMvWwegyerE3jJ9,https://goo.gl/maps/Empzn8zwhyULFrqV8; https://maps.app.goo.gl/yVp7cfpfnfdzb7mV7; https://www.google.com/maps/d/u/1/edit?mid=10gTnNN6aieu1u3Xx49gGnnp177W4zag&usp=sharing; https://maps.app.goo.gl/zNrudtbb4kMk2xxv5; https://maps.app.goo.gl/dAy23L3wP3mTsMM88; https://maps.app.goo.gl/QydbrwwdHVvcm7keA; https://maps.app.goo.gl/uLPtqwAnwnevw4zz7; https://maps.app.goo.gl/9PHZkvYiuadCm992A; https://goo.gl/maps/h4LQbK4dijinbrmF8; https://goo.gl/maps/sMLMvWwegyerE3jJ9,,,name_token_overlap>=2,batch_898.txt
BDS-CURATED-0474,để nuôi sale nên chốt mua luôn ạ,no_map_link_found_in_matched_raw,,,,,,batch_765.txt
BDS-CURATED-0407,Khu Chung Cư & Văn Phòng An Phú 2,has_unresolved_or_unattached_map_link,https://maps.app.goo.gl/dRnRPbNFPmCfsTHAA; https://maps.app.goo.gl/zNrudtbb4kMk2xxv5; https://www.google.com/maps/d/edit?mid=1SAcLUqc-JTEBiY1uNXVoDUdI-a5wJd0&ll=10.002013642197713%2C105…; https://maps.app.goo.gl/Hn6baY7yBKNTcRXs8; https://www.google.com/maps/d/edit?mid=1Fl7DvT-DOnJvyHZ0Oq5v-nUadBLGHFo&usp=sharing; https://maps.app.goo.gl/Fsyo4xmwK3kmzbC9A; https://maps.app.goo.gl/hMM3KEF5KhFhsZJi7; https://www.google.com/maps/d/edit?mid=1MawyjqMPRL80P8Y7qm_ZhtUgghnbpFc&usp=sharing; https://maps.app.goo.gl/ET75kfpwVX837fEE6; https://maps.app.goo.gl/47PLkeuNfzKvw38w8; https://maps.app.goo.gl/RXcEPNYx6EwAbDxF9; https://maps.app.goo.gl/xg6rRMGswq5scyCbA; https://maps.app.goo.gl/whvDoK2djK9ZczAK8; https://maps.app.goo.gl/o5yA5cAF8qJoTZqW8; https://maps.app.goo.gl/UEv62Ht1RcfDLLML8; https://maps.app.goo.gl/NT8XaQJv76yrgG946; https://maps.app.goo.gl/zAmPVdt254bS1UUU7; https://maps.app.goo.gl/9PHZkvYiuadCm992A; https://goo.gl/maps/g4UerEukDLx9YjWt5; https://goo.gl/maps/C86NnDNwQKH22Bek9-; https://goo.gl/maps/cUNDNuwk9M5KBSbJA**; https://goo.gl/maps/mJAEFg5zdD6J4Xbq8; https://goo.gl/maps/1eXNtJWdQZHPkvXp8; https://goo.gl/maps/9VManjp1YiqeSC1A8; https://goo.gl/maps/hgxR4SsThT7KqvbUA; https://goo.gl/maps/5AF74tZoTkBqM71d6; https://goo.gl/maps/trCxv7WmZ7Lim467A,https://maps.app.goo.gl/dRnRPbNFPmCfsTHAA; https://maps.app.goo.gl/zNrudtbb4kMk2xxv5; https://www.google.com/maps/d/edit?mid=1SAcLUqc-JTEBiY1uNXVoDUdI-a5wJd0&ll=10.002013642197713%2C105…; https://maps.app.goo.gl/Hn6baY7yBKNTcRXs8; https://www.google.com/maps/d/edit?mid=1Fl7DvT-DOnJvyHZ0Oq5v-nUadBLGHFo&usp=sharing; https://maps.app.goo.gl/Fsyo4xmwK3kmzbC9A; https://maps.app.goo.gl/hMM3KEF5KhFhsZJi7; https://www.google.com/maps/d/edit?mid=1MawyjqMPRL80P8Y7qm_ZhtUgghnbpFc&usp=sharing; https://maps.app.goo.gl/ET75kfpwVX837fEE6; https://maps.app.goo.gl/47PLkeuNfzKvw38w8; https://maps.app.goo.gl/RXcEPNYx6EwAbDxF9; https://maps.app.goo.gl/xg6rRMGswq5scyCbA; https://maps.app.goo.gl/whvDoK2djK9ZczAK8; https://maps.app.goo.gl/o5yA5cAF8qJoTZqW8; https://maps.app.goo.gl/UEv62Ht1RcfDLLML8; https://maps.app.goo.gl/NT8XaQJv76yrgG946; https://maps.app.goo.gl/zAmPVdt254bS1UUU7; https://maps.app.goo.gl/9PHZkvYiuadCm992A; https://goo.gl/maps/g4UerEukDLx9YjWt5; https://goo.gl/maps/C86NnDNwQKH22Bek9-; https://goo.gl/maps/cUNDNuwk9M5KBSbJA**; https://goo.gl/maps/mJAEFg5zdD6J4Xbq8; https://goo.gl/maps/1eXNtJWdQZHPkvXp8; https://goo.gl/maps/9VManjp1YiqeSC1A8; https://goo.gl/maps/hgxR4SsThT7KqvbUA; https://goo.gl/maps/5AF74tZoTkBqM71d6; https://goo.gl/maps/trCxv7WmZ7Lim467A,,,name_token_overlap>=2,batch_178.txt
BDS-CURATED-0397,căn hộ Đức Long Wes,no_map_link_found_in_matched_raw,,,,,,batch_478.txt
BDS-CURATED-0277,Gladia heights dự kiến triển khai trong 2026 này,has_unresolved_or_unattached_map_link,https://maps.app.goo.gl/ioqJ9N2mKRyMdiAe6; https://maps.app.goo.gl/t178LDzcrFtjxgEz9; https://maps.app.goo.gl/qDbb6mJHvwhXw4Az6; https://maps.app.goo.gl/GdiSL1z7fBFtk3tr8; https://maps.app.goo.gl/dRnRPbNFPmCfsTHAA; https://www.google.com/maps/d/edit?mid=1pYF3M65dQngj9P_VP8SbXUKy92nYnFo&usp=sharing; https://goo.gl/maps/Empzn8zwhyULFrqV8; https://maps.app.goo.gl/AoJAreLLvUUHzVVw5; https://maps.app.goo.gl/H57L1w8ReXXNhtb99; https://www.google.com/maps/d/edit?mid=1SAcLUqc-JTEBiY1uNXVoDUdI-a5wJd0&ll=10.002013642197713%2C105…; https://www.google.com/maps/d/edit?mid=1GZCfnV4401jtKcup5hFe0KPBOBMYrp4&usp=sharing; https://maps.app.goo.gl/QVMCmJp83pMBNKrL8; https://maps.app.goo.gl/Mww4k2RWctPHssMQA; https://maps.app.goo.gl/bKZVkKUcnYGRLJWw5; https://maps.app.goo.gl/pTzfCxqkMYLuLe9z9; https://maps.app.goo.gl/7yPFeG3okyKbrLCM9; https://maps.app.goo.gl/acrdQ54V3NVNNkKh9; https://maps.app.goo.gl/Fsyo4xmwK3kmzbC9A; https://maps.app.goo.gl/hMM3KEF5KhFhsZJi7; https://www.google.com/maps/d/edit?mid=1MawyjqMPRL80P8Y7qm_ZhtUgghnbpFc&usp=sharing; https://maps.app.goo.gl/ET75kfpwVX837fEE6; https://maps.app.goo.gl/47PLkeuNfzKvw38w8; https://maps.app.goo.gl/RXcEPNYx6EwAbDxF9; https://maps.app.goo.gl/xg6rRMGswq5scyCbA; https://maps.app.goo.gl/whvDoK2djK9ZczAK8; https://maps.app.goo.gl/efNjqXtJS5uqAid67; https://maps.app.goo.gl/9D1AGeGBDHSvttic8; https://maps.app.goo.gl/xomcfbw3UHPYcLxG8; https://maps.app.goo.gl/wbNjvBPsJioGNogn8; https://maps.app.goo.gl/DAATNJRd8MxG4uyaA; https://maps.app.goo.gl/cuqyDKdtbfwW1DAa8; https://maps.app.goo.gl/o5yA5cAF8qJoTZqW8; https://maps.app.goo.gl/Wji4ey8prbGM2zHJ6; https://maps.app.goo.gl/UEv62Ht1RcfDLLML8; https://maps.app.goo.gl/yVp7cfpfnfdzb7mV7; https://maps.app.goo.gl/uKe9j2z7xKHjdR8A7; https://www.google.com/maps/d/u/1/edit?mid=10gTnNN6aieu1u3Xx49gGnnp177W4zag&usp=sharing; https://goo.gl/maps/xNEqZWHrXNzKYLHe6; https://maps.app.goo.gl/NT8XaQJv76yrgG946; https://maps.app.goo.gl/b6AweqeJiHMGShsq9; https://maps.app.goo.gl/zNrudtbb4kMk2xxv5; https://maps.app.goo.gl/B98HY6ThSbAhg1a98; https://maps.app.goo.gl/sY5sb4n5Lvp2K2oz7; https://maps.app.goo.gl/s62kTxdTsTQvQHDJ9; https://maps.app.goo.gl/XwfK6AzNVqs5eFX17; https://maps.app.goo.gl/QAU1JqmdETLn951C; https://maps.app.goo.gl/K3ASKRs9Sc5yfa9z9; https://maps.app.goo.gl/dAy23L3wP3mTsMM88; https://maps.app.goo.gl/QydbrwwdHVvcm7keA; https://maps.app.goo.gl/E7ucSVc9hHKpPNDQ6; https://maps.app.goo.gl/4E1Yi9DPgpF2CdaE7; https://maps.app.goo.gl/uLPtqwAnwnevw4zz7; https://maps.app.goo.gl/VRterbzJvDcxUkVJ6; https://maps.app.goo.gl/zAmPVdt254bS1UUU7; https://maps.app.goo.gl/9PHZkvYiuadCm992A; https://goo.gl/maps/JhPoRTM15vQA7Kk6A; https://goo.gl/maps/XXMLm2Ebm5FEFwig7; https://goo.gl/maps/BgnUiLh44bo3Nyq37; https://goo.gl/maps/FmDxfXdHa9mdoGK99; https://goo.gl/maps/GPVNSt7Q6a73xSKHA; https://goo.gl/maps/nSTM1wgMZyyzcAhg9; https://goo.gl/maps/h4LQbK4dijinbrmF8; https://goo.gl/maps/k4R8TwNVtrg4BrJc9; https://goo.gl/maps/YaZ9tS4Xqtm5REAe6; https://goo.gl/maps/g4UerEukDLx9YjWt5; https://goo.gl/maps/QUDziRBdFv7URi8QA; https://goo.gl/maps/cUNDNuwk9M5KBSbJA**; https://goo.gl/maps/xLiJbzx1TGiATefw5; https://goo.gl/maps/88psz7y8xzQTcyVn9; https://goo.gl/maps/TKu4Ej99YDW51J8o6; https://goo.gl/maps/Y5rcVkPSFzuYQtaJ7; https://goo.gl/maps/tu8NToyeSY9qMEt19; https://goo.gl/maps/sMLMvWwegyerE3jJ9; https://goo.gl/maps/mJAEFg5zdD6J4Xbq8; https://goo.gl/maps/1eXNtJWdQZHPkvXp8; https://goo.gl/maps/9VManjp1YiqeSC1A8; https://goo.gl/maps/SeJtvcKkqmN6a7oy6; https://goo.gl/maps/hgxR4SsThT7KqvbUA; https://goo.gl/maps/gHyC9FmNZYpnaoV77; https://goo.gl/maps/5AF74tZoTkBqM71d6; https://goo.gl/maps/JtDt3jc8pMZ3n7xH9; https://goo.gl/maps/GPLvd34uRNT1EL5bA; https://goo.gl/maps/oJP5R9Jfe8yAcrWY6; https://goo.gl/maps/trCxv7WmZ7Lim467A,https://maps.app.goo.gl/ioqJ9N2mKRyMdiAe6; https://maps.app.goo.gl/t178LDzcrFtjxgEz9; https://maps.app.goo.gl/qDbb6mJHvwhXw4Az6; https://maps.app.goo.gl/GdiSL1z7fBFtk3tr8; https://maps.app.goo.gl/dRnRPbNFPmCfsTHAA; https://www.google.com/maps/d/edit?mid=1pYF3M65dQngj9P_VP8SbXUKy92nYnFo&usp=sharing; https://goo.gl/maps/Empzn8zwhyULFrqV8; https://maps.app.goo.gl/AoJAreLLvUUHzVVw5; https://maps.app.goo.gl/H57L1w8ReXXNhtb99; https://www.google.com/maps/d/edit?mid=1SAcLUqc-JTEBiY1uNXVoDUdI-a5wJd0&ll=10.002013642197713%2C105…; https://www.google.com/maps/d/edit?mid=1GZCfnV4401jtKcup5hFe0KPBOBMYrp4&usp=sharing; https://maps.app.goo.gl/QVMCmJp83pMBNKrL8; https://maps.app.goo.gl/Mww4k2RWctPHssMQA; https://maps.app.goo.gl/bKZVkKUcnYGRLJWw5; https://maps.app.goo.gl/pTzfCxqkMYLuLe9z9; https://maps.app.goo.gl/7yPFeG3okyKbrLCM9; https://maps.app.goo.gl/acrdQ54V3NVNNkKh9; https://maps.app.goo.gl/Fsyo4xmwK3kmzbC9A; https://maps.app.goo.gl/hMM3KEF5KhFhsZJi7; https://www.google.com/maps/d/edit?mid=1MawyjqMPRL80P8Y7qm_ZhtUgghnbpFc&usp=sharing; https://maps.app.goo.gl/ET75kfpwVX837fEE6; https://maps.app.goo.gl/47PLkeuNfzKvw38w8; https://maps.app.goo.gl/RXcEPNYx6EwAbDxF9; https://maps.app.goo.gl/xg6rRMGswq5scyCbA; https://maps.app.goo.gl/whvDoK2djK9ZczAK8; https://maps.app.goo.gl/efNjqXtJS5uqAid67; https://maps.app.goo.gl/9D1AGeGBDHSvttic8; https://maps.app.goo.gl/xomcfbw3UHPYcLxG8; https://maps.app.goo.gl/wbNjvBPsJioGNogn8; https://maps.app.goo.gl/DAATNJRd8MxG4uyaA; https://maps.app.goo.gl/cuqyDKdtbfwW1DAa8; https://maps.app.goo.gl/o5yA5cAF8qJoTZqW8; https://maps.app.goo.gl/Wji4ey8prbGM2zHJ6; https://maps.app.goo.gl/UEv62Ht1RcfDLLML8; https://maps.app.goo.gl/yVp7cfpfnfdzb7mV7; https://maps.app.goo.gl/uKe9j2z7xKHjdR8A7; https://www.google.com/maps/d/u/1/edit?mid=10gTnNN6aieu1u3Xx49gGnnp177W4zag&usp=sharing; https://goo.gl/maps/xNEqZWHrXNzKYLHe6; https://maps.app.goo.gl/NT8XaQJv76yrgG946; https://maps.app.goo.gl/b6AweqeJiHMGShsq9; https://maps.app.goo.gl/zNrudtbb4kMk2xxv5; https://maps.app.goo.gl/B98HY6ThSbAhg1a98; https://maps.app.goo.gl/sY5sb4n5Lvp2K2oz7; https://maps.app.goo.gl/s62kTxdTsTQvQHDJ9; https://maps.app.goo.gl/XwfK6AzNVqs5eFX17; https://maps.app.goo.gl/QAU1JqmdETLn951C; https://maps.app.goo.gl/K3ASKRs9Sc5yfa9z9; https://maps.app.goo.gl/dAy23L3wP3mTsMM88; https://maps.app.goo.gl/QydbrwwdHVvcm7keA; https://maps.app.goo.gl/E7ucSVc9hHKpPNDQ6; https://maps.app.goo.gl/4E1Yi9DPgpF2CdaE7; https://maps.app.goo.gl/uLPtqwAnwnevw4zz7; https://maps.app.goo.gl/VRterbzJvDcxUkVJ6; https://maps.app.goo.gl/zAmPVdt254bS1UUU7; https://maps.app.goo.gl/9PHZkvYiuadCm992A; https://goo.gl/maps/JhPoRTM15vQA7Kk6A; https://goo.gl/maps/XXMLm2Ebm5FEFwig7; https://goo.gl/maps/BgnUiLh44bo3Nyq37; https://goo.gl/maps/FmDxfXdHa9mdoGK99; https://goo.gl/maps/GPVNSt7Q6a73xSKHA; https://goo.gl/maps/nSTM1wgMZyyzcAhg9; https://goo.gl/maps/h4LQbK4dijinbrmF8; https://goo.gl/maps/k4R8TwNVtrg4BrJc9; https://goo.gl/maps/YaZ9tS4Xqtm5REAe6; https://goo.gl/maps/g4UerEukDLx9YjWt5; https://goo.gl/maps/QUDziRBdFv7URi8QA; https://goo.gl/maps/cUNDNuwk9M5KBSbJA**; https://goo.gl/maps/xLiJbzx1TGiATefw5; https://goo.gl/maps/88psz7y8xzQTcyVn9; https://goo.gl/maps/TKu4Ej99YDW51J8o6; https://goo.gl/maps/Y5rcVkPSFzuYQtaJ7; https://goo.gl/maps/tu8NToyeSY9qMEt19; https://goo.gl/maps/sMLMvWwegyerE3jJ9; https://goo.gl/maps/mJAEFg5zdD6J4Xbq8; https://goo.gl/maps/1eXNtJWdQZHPkvXp8; https://goo.gl/maps/9VManjp1YiqeSC1A8; https://goo.gl/maps/SeJtvcKkqmN6a7oy6; https://goo.gl/maps/hgxR4SsThT7KqvbUA; https://goo.gl/maps/gHyC9FmNZYpnaoV77; https://goo.gl/maps/5AF74tZoTkBqM71d6; https://goo.gl/maps/JtDt3jc8pMZ3n7xH9; https://goo.gl/maps/GPLvd34uRNT1EL5bA; https://goo.gl/maps/oJP5R9Jfe8yAcrWY6; https://goo.gl/maps/trCxv7WmZ7Lim467A,suspicious_shared_by_many_projects,matched_teams_map_link,name_token_overlap>=2,batch_084.txt
BDS-CURATED-0437,Holiday Beach - 14,has_unresolved_or_unattached_map_link,https://maps.app.goo.gl/gr7GZiwJ71dX1nzNA; https://maps.app.goo.gl/cuqyDKdtbfwW1DAa8; https://maps.app.goo.gl/xQZeRwkJHuyDhx496,https://maps.app.goo.gl/gr7GZiwJ71dX1nzNA; https://maps.app.goo.gl/cuqyDKdtbfwW1DAa8; https://maps.app.goo.gl/xQZeRwkJHuyDhx496,,,name_token_overlap>=2,batch_099.txt
BDS-CURATED-0438,IRR thấp hơn ạ,no_map_link_found_in_matched_raw,,,,,,batch_143.txt
BDS-CURATED-0307,Parklane P,has_unresolved_or_unattached_map_link,https://maps.app.goo.gl/t178LDzcrFtjxgEz9,https://maps.app.goo.gl/t178LDzcrFtjxgEz9,suspicious_shared_by_many_projects,matched_teams_map_link,12,batch_001.txt
BDS-CURATED-0477,chư by Admin 01,no_map_link_found_in_matched_raw,,,,,,batch_049.txt
BDS-CURATED-0452,một lần,no_map_link_found_in_matched_raw,,,,,,batch_023.txt
BDS-CURATED-0310,thì cách tiếp cận sẽ khác so với các PA ban đầu,has_unresolved_or_unattached_map_link,https://maps.app.goo.gl/oHEYY6H9GGykdD9C6; https://maps.app.goo.gl/ioqJ9N2mKRyMdiAe6; https://maps.app.goo.gl/dRnRPbNFPmCfsTHAA; https://goo.gl/maps/Empzn8zwhyULFrqV8; https://maps.app.goo.gl/AoJAreLLvUUHzVVw5; https://www.google.com/maps/d/edit?mid=1GZCfnV4401jtKcup5hFe0KPBOBMYrp4&usp=sharing; https://www.google.com/maps/d/edit?mid=1MawyjqMPRL80P8Y7qm_ZhtUgghnbpFc&usp=sharing; https://maps.app.goo.gl/efNjqXtJS5uqAid67; https://maps.app.goo.gl/xomcfbw3UHPYcLxG8; https://maps.app.goo.gl/wbNjvBPsJioGNogn8; https://maps.app.goo.gl/DAATNJRd8MxG4uyaA; https://maps.app.goo.gl/cuqyDKdtbfwW1DAa8; https://maps.app.goo.gl/o5yA5cAF8qJoTZqW8; https://maps.app.goo.gl/Wji4ey8prbGM2zHJ6; https://maps.app.goo.gl/UEv62Ht1RcfDLLML8; https://maps.app.goo.gl/TcCLZG1kwf9F7wCu5; https://maps.app.goo.gl/yVp7cfpfnfdzb7mV7; https://maps.app.goo.gl/uKe9j2z7xKHjdR8A7; https://goo.gl/maps/xNEqZWHrXNzKYLHe6; https://maps.app.goo.gl/NT8XaQJv76yrgG946; https://maps.app.goo.gl/zNrudtbb4kMk2xxv5; https://maps.app.goo.gl/B98HY6ThSbAhg1a98; https://maps.app.goo.gl/sY5sb4n5Lvp2K2oz7; https://maps.app.goo.gl/xQZeRwkJHuyDhx496; https://maps.app.goo.gl/s62kTxdTsTQvQHDJ9; https://maps.app.goo.gl/XwfK6AzNVqs5eFX17; https://maps.app.goo.gl/QAU1JqmdETLn951C; https://maps.app.goo.gl/K3ASKRs9Sc5yfa9z9; https://maps.app.goo.gl/dAy23L3wP3mTsMM88; https://maps.app.goo.gl/QydbrwwdHVvcm7keA; https://maps.app.goo.gl/4E1Yi9DPgpF2CdaE7; https://maps.app.goo.gl/VRterbzJvDcxUkVJ6; https://maps.app.goo.gl/zAmPVdt254bS1UUU7; https://maps.app.goo.gl/9PHZkvYiuadCm992A; https://goo.gl/maps/rzwM8zz1vmEphauk6; https://goo.gl/maps/XXMLm2Ebm5FEFwig7; https://goo.gl/maps/FmDxfXdHa9mdoGK99; https://goo.gl/maps/aChZ8vYJMZ8j6SjR7; https://goo.gl/maps/GPVNSt7Q6a73xSKHA; https://goo.gl/maps/YaZ9tS4Xqtm5REAe6; https://goo.gl/maps/cUNDNuwk9M5KBSbJA**; https://goo.gl/maps/VFB9RLFqHkCjVD4Y6; https://goo.gl/maps/xLiJbzx1TGiATefw5; https://goo.gl/maps/88psz7y8xzQTcyVn9; https://goo.gl/maps/Y5rcVkPSFzuYQtaJ7; https://goo.gl/maps/tu8NToyeSY9qMEt19; https://goo.gl/maps/sMLMvWwegyerE3jJ9; https://goo.gl/maps/mJAEFg5zdD6J4Xbq8; https://goo.gl/maps/1eXNtJWdQZHPkvXp8; https://goo.gl/maps/9VManjp1YiqeSC1A8; https://goo.gl/maps/hgxR4SsThT7KqvbUA; https://goo.gl/maps/gHyC9FmNZYpnaoV77; https://goo.gl/maps/trCxv7WmZ7Lim467A,https://maps.app.goo.gl/oHEYY6H9GGykdD9C6; https://maps.app.goo.gl/ioqJ9N2mKRyMdiAe6; https://maps.app.goo.gl/dRnRPbNFPmCfsTHAA; https://goo.gl/maps/Empzn8zwhyULFrqV8; https://maps.app.goo.gl/AoJAreLLvUUHzVVw5; https://www.google.com/maps/d/edit?mid=1GZCfnV4401jtKcup5hFe0KPBOBMYrp4&usp=sharing; https://www.google.com/maps/d/edit?mid=1MawyjqMPRL80P8Y7qm_ZhtUgghnbpFc&usp=sharing; https://maps.app.goo.gl/efNjqXtJS5uqAid67; https://maps.app.goo.gl/xomcfbw3UHPYcLxG8; https://maps.app.goo.gl/wbNjvBPsJioGNogn8; https://maps.app.goo.gl/DAATNJRd8MxG4uyaA; https://maps.app.goo.gl/cuqyDKdtbfwW1DAa8; https://maps.app.goo.gl/o5yA5cAF8qJoTZqW8; https://maps.app.goo.gl/Wji4ey8prbGM2zHJ6; https://maps.app.goo.gl/UEv62Ht1RcfDLLML8; https://maps.app.goo.gl/TcCLZG1kwf9F7wCu5; https://maps.app.goo.gl/yVp7cfpfnfdzb7mV7; https://maps.app.goo.gl/uKe9j2z7xKHjdR8A7; https://goo.gl/maps/xNEqZWHrXNzKYLHe6; https://maps.app.goo.gl/NT8XaQJv76yrgG946; https://maps.app.goo.gl/zNrudtbb4kMk2xxv5; https://maps.app.goo.gl/B98HY6ThSbAhg1a98; https://maps.app.goo.gl/sY5sb4n5Lvp2K2oz7; https://maps.app.goo.gl/xQZeRwkJHuyDhx496; https://maps.app.goo.gl/s62kTxdTsTQvQHDJ9; https://maps.app.goo.gl/XwfK6AzNVqs5eFX17; https://maps.app.goo.gl/QAU1JqmdETLn951C; https://maps.app.goo.gl/K3ASKRs9Sc5yfa9z9; https://maps.app.goo.gl/dAy23L3wP3mTsMM88; https://maps.app.goo.gl/QydbrwwdHVvcm7keA; https://maps.app.goo.gl/4E1Yi9DPgpF2CdaE7; https://maps.app.goo.gl/VRterbzJvDcxUkVJ6; https://maps.app.goo.gl/zAmPVdt254bS1UUU7; https://maps.app.goo.gl/9PHZkvYiuadCm992A; https://goo.gl/maps/rzwM8zz1vmEphauk6; https://goo.gl/maps/XXMLm2Ebm5FEFwig7; https://goo.gl/maps/FmDxfXdHa9mdoGK99; https://goo.gl/maps/aChZ8vYJMZ8j6SjR7; https://goo.gl/maps/GPVNSt7Q6a73xSKHA; https://goo.gl/maps/YaZ9tS4Xqtm5REAe6; https://goo.gl/maps/cUNDNuwk9M5KBSbJA**; https://goo.gl/maps/VFB9RLFqHkCjVD4Y6; https://goo.gl/maps/xLiJbzx1TGiATefw5; https://goo.gl/maps/88psz7y8xzQTcyVn9; https://goo.gl/maps/Y5rcVkPSFzuYQtaJ7; https://goo.gl/maps/tu8NToyeSY9qMEt19; https://goo.gl/maps/sMLMvWwegyerE3jJ9; https://goo.gl/maps/mJAEFg5zdD6J4Xbq8; https://goo.gl/maps/1eXNtJWdQZHPkvXp8; https://goo.gl/maps/9VManjp1YiqeSC1A8; https://goo.gl/maps/hgxR4SsThT7KqvbUA; https://goo.gl/maps/gHyC9FmNZYpnaoV77; https://goo.gl/maps/trCxv7WmZ7Lim467A,suspicious_shared_by_many_projects,matched_teams_map_link,name_token_overlap>=2,batch_046.txt
BDS-CURATED-0426,và thị trường khu vực,no_map_link_found_in_matched_raw,,,,,,batch_191.txt
