curated_id,project_name,links_added
BDS-CURATED-0068,Đông Trung,https://maps.app.goo.gl/H57L1w8ReXXNhtb99; https://www.google.com/maps/d/edit?mid=1MawyjqMPRL80P8Y7qm_ZhtUgghnbpFc&usp=sharing; https://www.google.com/maps/d/u/1/edit?mid=10gTnNN6aieu1u3Xx49gGnnp177W4zag&usp=sharing; https://maps.app.goo.gl/K3ASKRs9Sc5yfa9z9; https://maps.app.goo.gl/dAy23L3wP3mTsMM88; https://maps.app.goo.gl/QydbrwwdHVvcm7keA; https://goo.gl/maps/xNEqZWHrXNzKYLHe6; https://goo.gl/maps/Y5rcVkPSFzuYQtaJ7; https://goo.gl/maps/tu8NToyeSY9qMEt19; https://goo.gl/maps/sMLMvWwegyerE3jJ9; https://goo.gl/maps/mJAEFg5zdD6J4Xbq8; https://goo.gl/maps/trCxv7WmZ7Lim467A
BDS-CURATED-0006,chung cư Thuận Nghiệp - DT743C,https://maps.app.goo.gl/UEv62Ht1RcfDLLML8; https://maps.app.goo.gl/t178LDzcrFtjxgEz9; https://maps.app.goo.gl/ioqJ9N2mKRyMdiAe6; https://www.google.com/maps/d/edit?mid=1pYF3M65dQngj9P_VP8SbXUKy92nYnFo&usp=sharing; https://www.google.com/maps/d/edit?mid=1SAcLUqc-JTEBiY1uNXVoDUdI-a5wJd0&ll=10.002013642197713%2C105…; https://maps.app.goo.gl/QVMCmJp83pMBNKrL8; https://maps.app.goo.gl/Hn6baY7yBKNTcRXs8; https://maps.app.goo.gl/bKZVkKUcnYGRLJWw5; https://maps.app.goo.gl/pTzfCxqkMYLuLe9z9; https://maps.app.goo.gl/7yPFeG3okyKbrLCM9; https://maps.app.goo.gl/acrdQ54V3NVNNkKh9; https://www.google.com/maps/d/edit?mid=1MawyjqMPRL80P8Y7qm_ZhtUgghnbpFc&usp=sharing; https://maps.app.goo.gl/efNjqXtJS5uqAid67; https://maps.app.goo.gl/9D1AGeGBDHSvttic8; https://maps.app.goo.gl/cuqyDKdtbfwW1DAa8; https://maps.app.goo.gl/o5yA5cAF8qJoTZqW8; https://maps.app.goo.gl/uKe9j2z7xKHjdR8A7; https://goo.gl/maps/xNEqZWHrXNzKYLHe6; https://maps.app.goo.gl/b6AweqeJiHMGShsq9; https://maps.app.goo.gl/s62kTxdTsTQvQHDJ9; https://maps.app.goo.gl/XwfK6AzNVqs5eFX17; https://maps.app.goo.gl/QAU1JqmdETLn951C; https://maps.app.goo.gl/dAy23L3wP3mTsMM88; https://maps.app.goo.gl/QydbrwwdHVvcm7keA; https://maps.app.goo.gl/E7ucSVc9hHKpPNDQ6; https://maps.app.goo.gl/uLPtqwAnwnevw4zz7; https://maps.app.goo.gl/zAmPVdt254bS1UUU7; https://maps.app.goo.gl/9PHZkvYiuadCm992A; https://goo.gl/maps/JhPoRTM15vQA7Kk6A; https://goo.gl/maps/XXMLm2Ebm5FEFwig7; https://goo.gl/maps/FmDxfXdHa9mdoGK99; https://goo.gl/maps/KCGefw7KgVDUzTPh7; https://goo.gl/maps/aChZ8vYJMZ8j6SjR7; https://goo.gl/maps/YaZ9tS4Xqtm5REAe6; https://goo.gl/maps/g4UerEukDLx9YjWt5; https://goo.gl/maps/C86NnDNwQKH22Bek9-; https://goo.gl/maps/cUNDNuwk9M5KBSbJA**; https://goo.gl/maps/tMLVh6Gm8DCwNDzN6; https://goo.gl/maps/88psz7y8xzQTcyVn9; https://goo.gl/maps/Y5rcVkPSFzuYQtaJ7; https://goo.gl/maps/tu8NToyeSY9qMEt19; https://goo.gl/maps/sMLMvWwegyerE3jJ9; https://goo.gl/maps/mJAEFg5zdD6J4Xbq8; https://goo.gl/maps/1eXNtJWdQZHPkvXp8; https://goo.gl/maps/9VManjp1YiqeSC1A8; https://goo.gl/maps/SeJtvcKkqmN6a7oy6; https://goo.gl/maps/5AF74tZoTkBqM71d6; https://goo.gl/maps/JtDt3jc8pMZ3n7xH9; https://goo.gl/maps/GPLvd34uRNT1EL5bA; https://goo.gl/maps/oJP5R9Jfe8yAcrWY6; https://goo.gl/maps/trCxv7WmZ7Lim467A; https://goo.gl/maps/aSmRwi2p279NGLcb9; https://goo.gl/maps/s4v5mQf8LyZUv8B7A
BDS-CURATED-0315,48 Nguyễn Thiện Thuật,https://maps.app.goo.gl/UEv62Ht1RcfDLLML8; https://maps.app.goo.gl/B98HY6ThSbAhg1a98; https://maps.app.goo.gl/uLPtqwAnwnevw4zz7; https://maps.app.goo.gl/zAmPVdt254bS1UUU7; https://maps.app.goo.gl/9PHZkvYiuadCm992A; https://goo.gl/maps/XXMLm2Ebm5FEFwig7; https://goo.gl/maps/FmDxfXdHa9mdoGK99; https://goo.gl/maps/k4R8TwNVtrg4BrJc9; https://goo.gl/maps/g4UerEukDLx9YjWt5; https://goo.gl/maps/88psz7y8xzQTcyVn9
BDS-CURATED-0044,thấp tầng SADACO – Phú Mỹ,https://maps.app.goo.gl/efNjqXtJS5uqAid67; https://maps.app.goo.gl/t178LDzcrFtjxgEz9; https://maps.app.goo.gl/qDbb6mJHvwhXw4Az6; https://maps.app.goo.gl/D8GuCY5LefTH8JVq9; https://maps.app.goo.gl/GdiSL1z7fBFtk3tr8; https://maps.app.goo.gl/dRnRPbNFPmCfsTHAA; https://www.google.com/maps/d/edit?mid=1pYF3M65dQngj9P_VP8SbXUKy92nYnFo&usp=sharing; https://maps.app.goo.gl/AoJAreLLvUUHzVVw5; https://www.google.com/maps/d/edit?mid=1SAcLUqc-JTEBiY1uNXVoDUdI-a5wJd0&ll=10.002013642197713%2C105…; https://maps.app.goo.gl/QVMCmJp83pMBNKrL8; https://maps.app.goo.gl/Mww4k2RWctPHssMQA; https://maps.app.goo.gl/Hn6baY7yBKNTcRXs8; https://maps.app.goo.gl/pTzfCxqkMYLuLe9z9; https://maps.app.goo.gl/7yPFeG3okyKbrLCM9; https://maps.app.goo.gl/u5QRXoNjSCh5uxRx5; https://www.google.com/maps/d/edit?mid=1MawyjqMPRL80P8Y7qm_ZhtUgghnbpFc&usp=sharing; https://maps.app.goo.gl/ET75kfpwVX837fEE6; https://maps.app.goo.gl/47PLkeuNfzKvw38w8; https://maps.app.goo.gl/RXcEPNYx6EwAbDxF9; https://maps.app.goo.gl/xg6rRMGswq5scyCbA; https://maps.app.goo.gl/whvDoK2djK9ZczAK8; https://maps.app.goo.gl/gr7GZiwJ71dX1nzNA; https://maps.app.goo.gl/cuqyDKdtbfwW1DAa8; https://maps.app.goo.gl/o5yA5cAF8qJoTZqW8; https://maps.app.goo.gl/UEv62Ht1RcfDLLML8; https://maps.app.goo.gl/TcCLZG1kwf9F7wCu5; https://maps.app.goo.gl/yVp7cfpfnfdzb7mV7; https://maps.app.goo.gl/B98HY6ThSbAhg1a98; https://maps.app.goo.gl/s62kTxdTsTQvQHDJ9; https://maps.app.goo.gl/XwfK6AzNVqs5eFX17; https://maps.app.goo.gl/QAU1JqmdETLn951C; https://maps.app.goo.gl/K3ASKRs9Sc5yfa9z9; https://maps.app.goo.gl/zNrudtbb4kMk2xxv5; https://maps.app.goo.gl/dAy23L3wP3mTsMM88; https://maps.app.goo.gl/QydbrwwdHVvcm7keA; https://maps.app.goo.gl/uLPtqwAnwnevw4zz7; https://maps.app.goo.gl/zAmPVdt254bS1UUU7; https://maps.app.goo.gl/ioqJ9N2mKRyMdiAe6; https://maps.app.goo.gl/9PHZkvYiuadCm992A; https://goo.gl/maps/JhPoRTM15vQA7Kk6A; https://goo.gl/maps/XXMLm2Ebm5FEFwig7; https://goo.gl/maps/FmDxfXdHa9mdoGK99; https://goo.gl/maps/aChZ8vYJMZ8j6SjR7; https://goo.gl/maps/GPVNSt7Q6a73xSKHA; https://goo.gl/maps/k4R8TwNVtrg4BrJc9; https://goo.gl/maps/YaZ9tS4Xqtm5REAe6; https://goo.gl/maps/g4UerEukDLx9YjWt5; https://goo.gl/maps/TKu4Ej99YDW51J8o6; https://goo.gl/maps/Y5rcVkPSFzuYQtaJ7; https://goo.gl/maps/tu8NToyeSY9qMEt19; https://goo.gl/maps/mJAEFg5zdD6J4Xbq8; https://goo.gl/maps/9VManjp1YiqeSC1A8; https://goo.gl/maps/SeJtvcKkqmN6a7oy6; https://goo.gl/maps/trCxv7WmZ7Lim467A
BDS-CURATED-0351,thấp tầng Phú An Hội giáp mặt tiền Tôn Đức Thắng (25B),https://maps.app.goo.gl/B98HY6ThSbAhg1a98; https://maps.app.goo.gl/t178LDzcrFtjxgEz9; https://maps.app.goo.gl/qDbb6mJHvwhXw4Az6; https://maps.app.goo.gl/D8GuCY5LefTH8JVq9; https://maps.app.goo.gl/GdiSL1z7fBFtk3tr8; https://maps.app.goo.gl/ioqJ9N2mKRyMdiAe6; https://maps.app.goo.gl/dRnRPbNFPmCfsTHAA; https://www.google.com/maps/d/edit?mid=1pYF3M65dQngj9P_VP8SbXUKy92nYnFo&usp=sharing; https://maps.app.goo.gl/6iyNdteYfVyyT9Xy9; https://goo.gl/maps/Empzn8zwhyULFrqV8; https://maps.app.goo.gl/AoJAreLLvUUHzVVw5; https://maps.app.goo.gl/zNrudtbb4kMk2xxv5; https://www.google.com/maps/d/edit?mid=1SAcLUqc-JTEBiY1uNXVoDUdI-a5wJd0&ll=10.002013642197713%2C105…; https://maps.app.goo.gl/QVMCmJp83pMBNKrL8; https://maps.app.goo.gl/Mww4k2RWctPHssMQA; https://maps.app.goo.gl/Hn6baY7yBKNTcRXs8; https://maps.app.goo.gl/bKZVkKUcnYGRLJWw5; https://www.google.com/maps/d/edit?mid=1Fl7DvT-DOnJvyHZ0Oq5v-nUadBLGHFo&usp=sharing; https://maps.app.goo.gl/pTzfCxqkMYLuLe9z9; https://maps.app.goo.gl/7yPFeG3okyKbrLCM9; https://maps.app.goo.gl/acrdQ54V3NVNNkKh9; https://maps.app.goo.gl/u5QRXoNjSCh5uxRx5; https://www.google.com/maps/d/edit?mid=1MawyjqMPRL80P8Y7qm_ZhtUgghnbpFc&usp=sharing; https://maps.app.goo.gl/ET75kfpwVX837fEE6; https://maps.app.goo.gl/47PLkeuNfzKvw38w8; https://maps.app.goo.gl/RXcEPNYx6EwAbDxF9; https://maps.app.goo.gl/xg6rRMGswq5scyCbA; https://maps.app.goo.gl/whvDoK2djK9ZczAK8; https://maps.app.goo.gl/gr7GZiwJ71dX1nzNA; https://maps.app.goo.gl/efNjqXtJS5uqAid67; https://maps.app.goo.gl/9D1AGeGBDHSvttic8; https://maps.app.goo.gl/xomcfbw3UHPYcLxG8; https://maps.app.goo.gl/wbNjvBPsJioGNogn8; https://maps.app.goo.gl/DAATNJRd8MxG4uyaA; https://maps.app.goo.gl/cuqyDKdtbfwW1DAa8; https://maps.app.goo.gl/o5yA5cAF8qJoTZqW8; https://maps.app.goo.gl/Wji4ey8prbGM2zHJ6; https://maps.app.goo.gl/UEv62Ht1RcfDLLML8; https://maps.app.goo.gl/TcCLZG1kwf9F7wCu5; https://maps.app.goo.gl/yVp7cfpfnfdzb7mV7; https://maps.app.goo.gl/uKe9j2z7xKHjdR8A7; https://goo.gl/maps/xNEqZWHrXNzKYLHe6; https://maps.app.goo.gl/NT8XaQJv76yrgG946; https://maps.app.goo.gl/sY5sb4n5Lvp2K2oz7; https://maps.app.goo.gl/xQZeRwkJHuyDhx496; https://maps.app.goo.gl/s62kTxdTsTQvQHDJ9; https://maps.app.goo.gl/XwfK6AzNVqs5eFX17; https://maps.app.goo.gl/QAU1JqmdETLn951C; https://maps.app.goo.gl/K3ASKRs9Sc5yfa9z9; https://maps.app.goo.gl/dAy23L3wP3mTsMM88; https://maps.app.goo.gl/QydbrwwdHVvcm7keA; https://maps.app.goo.gl/E7ucSVc9hHKpPNDQ6; https://maps.app.goo.gl/4E1Yi9DPgpF2CdaE7; https://maps.app.goo.gl/uLPtqwAnwnevw4zz7; https://maps.app.goo.gl/zAmPVdt254bS1UUU7; https://maps.app.goo.gl/9PHZkvYiuadCm992A; https://goo.gl/maps/JhPoRTM15vQA7Kk6A; https://goo.gl/maps/XXMLm2Ebm5FEFwig7; https://goo.gl/maps/FmDxfXdHa9mdoGK99; https://goo.gl/maps/aChZ8vYJMZ8j6SjR7; https://goo.gl/maps/GPVNSt7Q6a73xSKHA; https://goo.gl/maps/h4LQbK4dijinbrmF8; https://goo.gl/maps/k4R8TwNVtrg4BrJc9; https://goo.gl/maps/YaZ9tS4Xqtm5REAe6; https://goo.gl/maps/g4UerEukDLx9YjWt5; https://goo.gl/maps/cUNDNuwk9M5KBSbJA**; https://goo.gl/maps/tMLVh6Gm8DCwNDzN6; https://goo.gl/maps/VFB9RLFqHkCjVD4Y6; https://goo.gl/maps/xLiJbzx1TGiATefw5; https://goo.gl/maps/88psz7y8xzQTcyVn9; https://goo.gl/maps/TKu4Ej99YDW51J8o6; https://goo.gl/maps/Y5rcVkPSFzuYQtaJ7; https://goo.gl/maps/tu8NToyeSY9qMEt19; https://goo.gl/maps/sMLMvWwegyerE3jJ9; https://goo.gl/maps/oJBLCYE9ShbB6ZA6A; https://goo.gl/maps/mJAEFg5zdD6J4Xbq8; https://goo.gl/maps/u7HMUhYJqdPGD9dz6; https://goo.gl/maps/1eXNtJWdQZHPkvXp8; https://goo.gl/maps/9VManjp1YiqeSC1A8; https://goo.gl/maps/SeJtvcKkqmN6a7oy6; https://goo.gl/maps/hgxR4SsThT7KqvbUA; https://goo.gl/maps/gHyC9FmNZYpnaoV77; https://goo.gl/maps/5AF74tZoTkBqM71d6; https://goo.gl/maps/JtDt3jc8pMZ3n7xH9; https://goo.gl/maps/GPLvd34uRNT1EL5bA; https://goo.gl/maps/oJP5R9Jfe8yAcrWY6; https://goo.gl/maps/trCxv7WmZ7Lim467A; https://goo.gl/maps/aSmRwi2p279NGLcb9; https://goo.gl/maps/s4v5mQf8LyZUv8B7A
BDS-CURATED-0004,Trần Đức 1 2.8ha Thuận Giao,https://maps.app.goo.gl/t178LDzcrFtjxgEz9; https://maps.app.goo.gl/ioqJ9N2mKRyMdiAe6; https://www.google.com/maps/d/edit?mid=1pYF3M65dQngj9P_VP8SbXUKy92nYnFo&usp=sharing; https://maps.app.goo.gl/7yPFeG3okyKbrLCM9; https://maps.app.goo.gl/acrdQ54V3NVNNkKh9; https://www.google.com/maps/d/edit?mid=1MawyjqMPRL80P8Y7qm_ZhtUgghnbpFc&usp=sharing; https://maps.app.goo.gl/xomcfbw3UHPYcLxG8; https://maps.app.goo.gl/wbNjvBPsJioGNogn8; https://maps.app.goo.gl/DAATNJRd8MxG4uyaA; https://maps.app.goo.gl/cuqyDKdtbfwW1DAa8; https://maps.app.goo.gl/o5yA5cAF8qJoTZqW8; https://maps.app.goo.gl/UEv62Ht1RcfDLLML8; https://maps.app.goo.gl/yVp7cfpfnfdzb7mV7; https://maps.app.goo.gl/uKe9j2z7xKHjdR8A7; https://goo.gl/maps/xNEqZWHrXNzKYLHe6; https://maps.app.goo.gl/NT8XaQJv76yrgG946; https://maps.app.goo.gl/b6AweqeJiHMGShsq9; https://maps.app.goo.gl/B98HY6ThSbAhg1a98; https://maps.app.goo.gl/xQZeRwkJHuyDhx496; https://maps.app.goo.gl/s62kTxdTsTQvQHDJ9; https://maps.app.goo.gl/XwfK6AzNVqs5eFX17; https://maps.app.goo.gl/QAU1JqmdETLn951C; https://maps.app.goo.gl/4E1Yi9DPgpF2CdaE7; https://maps.app.goo.gl/uLPtqwAnwnevw4zz7; https://maps.app.goo.gl/zAmPVdt254bS1UUU7; https://maps.app.goo.gl/9PHZkvYiuadCm992A; https://goo.gl/maps/JhPoRTM15vQA7Kk6A; https://goo.gl/maps/XXMLm2Ebm5FEFwig7; https://goo.gl/maps/FmDxfXdHa9mdoGK99; https://goo.gl/maps/aChZ8vYJMZ8j6SjR7; https://goo.gl/maps/GPVNSt7Q6a73xSKHA; https://goo.gl/maps/YaZ9tS4Xqtm5REAe6; https://goo.gl/maps/g4UerEukDLx9YjWt5; https://goo.gl/maps/cUNDNuwk9M5KBSbJA**; https://goo.gl/maps/88psz7y8xzQTcyVn9; https://goo.gl/maps/Y5rcVkPSFzuYQtaJ7; https://goo.gl/maps/tu8NToyeSY9qMEt19; https://goo.gl/maps/mJAEFg5zdD6J4Xbq8; https://goo.gl/maps/1eXNtJWdQZHPkvXp8; https://goo.gl/maps/9VManjp1YiqeSC1A8; https://goo.gl/maps/SeJtvcKkqmN6a7oy6; https://goo.gl/maps/gHyC9FmNZYpnaoV77; https://goo.gl/maps/JtDt3jc8pMZ3n7xH9; https://goo.gl/maps/GPLvd34uRNT1EL5bA; https://goo.gl/maps/oJP5R9Jfe8yAcrWY6; https://goo.gl/maps/aSmRwi2p279NGLcb9; https://goo.gl/maps/s4v5mQf8LyZUv8B7A
BDS-CURATED-0347,chung cư Hòa Xuân,https://maps.app.goo.gl/XwfK6AzNVqs5eFX17; https://maps.app.goo.gl/QAU1JqmdETLn951C; https://maps.app.goo.gl/Hn6baY7yBKNTcRXs8; https://goo.gl/maps/YaZ9tS4Xqtm5REAe6; https://goo.gl/maps/SeJtvcKkqmN6a7oy6; https://goo.gl/maps/trCxv7WmZ7Lim467A
BDS-CURATED-0334,chung cư Hải Sơn có diện tích đất 8,https://www.google.com/maps/d/edit?mid=1pYF3M65dQngj9P_VP8SbXUKy92nYnFo&usp=sharing; https://maps.app.goo.gl/t178LDzcrFtjxgEz9; https://maps.app.goo.gl/qDbb6mJHvwhXw4Az6; https://maps.app.goo.gl/D8GuCY5LefTH8JVq9; https://maps.app.goo.gl/oHEYY6H9GGykdD9C6; https://maps.app.goo.gl/GdiSL1z7fBFtk3tr8; https://maps.app.goo.gl/ioqJ9N2mKRyMdiAe6; https://maps.app.goo.gl/dRnRPbNFPmCfsTHAA; https://maps.app.goo.gl/v8GdHbU3xb5G8JFs9; https://goo.gl/maps/Empzn8zwhyULFrqV8; https://maps.app.goo.gl/AoJAreLLvUUHzVVw5; https://maps.app.goo.gl/zNrudtbb4kMk2xxv5; https://maps.app.goo.gl/H57L1w8ReXXNhtb99; https://www.google.com/maps/d/edit?mid=1SAcLUqc-JTEBiY1uNXVoDUdI-a5wJd0&ll=10.002013642197713%2C105…; https://maps.app.goo.gl/QVMCmJp83pMBNKrL8; https://maps.app.goo.gl/Mww4k2RWctPHssMQA; https://maps.app.goo.gl/Hn6baY7yBKNTcRXs8; https://maps.app.goo.gl/bKZVkKUcnYGRLJWw5; https://www.google.com/maps/d/edit?mid=1Fl7DvT-DOnJvyHZ0Oq5v-nUadBLGHFo&usp=sharing; https://maps.app.goo.gl/pTzfCxqkMYLuLe9z9; https://maps.app.goo.gl/Fsyo4xmwK3kmzbC9A; https://maps.app.goo.gl/hMM3KEF5KhFhsZJi7; https://maps.app.goo.gl/7yPFeG3okyKbrLCM9; https://maps.app.goo.gl/acrdQ54V3NVNNkKh9; https://www.google.com/maps/d/edit?mid=1MawyjqMPRL80P8Y7qm_ZhtUgghnbpFc&usp=sharing; https://maps.app.goo.gl/ET75kfpwVX837fEE6; https://maps.app.goo.gl/47PLkeuNfzKvw38w8; https://maps.app.goo.gl/RXcEPNYx6EwAbDxF9; https://maps.app.goo.gl/xg6rRMGswq5scyCbA; https://maps.app.goo.gl/whvDoK2djK9ZczAK8; https://maps.app.goo.gl/gr7GZiwJ71dX1nzNA; https://maps.app.goo.gl/efNjqXtJS5uqAid67; https://maps.app.goo.gl/9D1AGeGBDHSvttic8; https://maps.app.goo.gl/xomcfbw3UHPYcLxG8; https://maps.app.goo.gl/wbNjvBPsJioGNogn8; https://maps.app.goo.gl/DAATNJRd8MxG4uyaA; https://maps.app.goo.gl/cuqyDKdtbfwW1DAa8; https://maps.app.goo.gl/Wji4ey8prbGM2zHJ6; https://maps.app.goo.gl/UEv62Ht1RcfDLLML8; https://maps.app.goo.gl/TcCLZG1kwf9F7wCu5; https://maps.app.goo.gl/yVp7cfpfnfdzb7mV7; https://maps.app.goo.gl/uKe9j2z7xKHjdR8A7; https://goo.gl/maps/xNEqZWHrXNzKYLHe6; https://maps.app.goo.gl/NT8XaQJv76yrgG946; https://maps.app.goo.gl/B98HY6ThSbAhg1a98; https://maps.app.goo.gl/sY5sb4n5Lvp2K2oz7; https://maps.app.goo.gl/xQZeRwkJHuyDhx496; https://maps.app.goo.gl/s62kTxdTsTQvQHDJ9; https://maps.app.goo.gl/XwfK6AzNVqs5eFX17; https://maps.app.goo.gl/QAU1JqmdETLn951C; https://maps.app.goo.gl/K3ASKRs9Sc5yfa9z9; https://maps.app.goo.gl/dAy23L3wP3mTsMM88; https://maps.app.goo.gl/QydbrwwdHVvcm7keA; https://maps.app.goo.gl/E7ucSVc9hHKpPNDQ6; https://maps.app.goo.gl/4E1Yi9DPgpF2CdaE7; https://maps.app.goo.gl/uLPtqwAnwnevw4zz7; https://maps.app.goo.gl/VRterbzJvDcxUkVJ6; https://maps.app.goo.gl/zAmPVdt254bS1UUU7; https://maps.app.goo.gl/9PHZkvYiuadCm992A; https://goo.gl/maps/JhPoRTM15vQA7Kk6A; https://goo.gl/maps/rzwM8zz1vmEphauk6; https://goo.gl/maps/XXMLm2Ebm5FEFwig7; https://goo.gl/maps/BgnUiLh44bo3Nyq37; https://goo.gl/maps/FmDxfXdHa9mdoGK99; https://goo.gl/maps/KCGefw7KgVDUzTPh7; https://goo.gl/maps/GPVNSt7Q6a73xSKHA; https://goo.gl/maps/h4LQbK4dijinbrmF8; https://goo.gl/maps/k4R8TwNVtrg4BrJc9; https://goo.gl/maps/YaZ9tS4Xqtm5REAe6; https://goo.gl/maps/g4UerEukDLx9YjWt5; https://goo.gl/maps/cUNDNuwk9M5KBSbJA**; https://goo.gl/maps/dSeYp8x6gD6nWQJo7; https://goo.gl/maps/xLiJbzx1TGiATefw5; https://goo.gl/maps/88psz7y8xzQTcyVn9; https://goo.gl/maps/TKu4Ej99YDW51J8o6; https://goo.gl/maps/Y5rcVkPSFzuYQtaJ7; https://goo.gl/maps/tu8NToyeSY9qMEt19; https://goo.gl/maps/mJAEFg5zdD6J4Xbq8; https://goo.gl/maps/1eXNtJWdQZHPkvXp8; https://goo.gl/maps/SeJtvcKkqmN6a7oy6; https://goo.gl/maps/hgxR4SsThT7KqvbUA; https://goo.gl/maps/gHyC9FmNZYpnaoV77; https://goo.gl/maps/JtDt3jc8pMZ3n7xH9; https://goo.gl/maps/GPLvd34uRNT1EL5bA; https://goo.gl/maps/oJP5R9Jfe8yAcrWY6; https://goo.gl/maps/trCxv7WmZ7Lim467A; https://goo.gl/maps/aSmRwi2p279NGLcb9; https://goo.gl/maps/s4v5mQf8LyZUv8B7A
BDS-CURATED-0043,Khu đất mặt tiền Ngô Chí Quốc gần Phú Quang,https://maps.app.goo.gl/ioqJ9N2mKRyMdiAe6; https://maps.app.goo.gl/oHEYY6H9GGykdD9C6; https://goo.gl/maps/Empzn8zwhyULFrqV8; https://maps.app.goo.gl/bKZVkKUcnYGRLJWw5; https://maps.app.goo.gl/ET75kfpwVX837fEE6; https://maps.app.goo.gl/47PLkeuNfzKvw38w8; https://maps.app.goo.gl/RXcEPNYx6EwAbDxF9; https://maps.app.goo.gl/gr7GZiwJ71dX1nzNA; https://maps.app.goo.gl/efNjqXtJS5uqAid67; https://maps.app.goo.gl/cuqyDKdtbfwW1DAa8; https://maps.app.goo.gl/Wji4ey8prbGM2zHJ6; https://maps.app.goo.gl/uKe9j2z7xKHjdR8A7; https://maps.app.goo.gl/sY5sb4n5Lvp2K2oz7; https://maps.app.goo.gl/K3ASKRs9Sc5yfa9z9; https://maps.app.goo.gl/dAy23L3wP3mTsMM88; https://maps.app.goo.gl/QydbrwwdHVvcm7keA; https://maps.app.goo.gl/9PHZkvYiuadCm992A; https://goo.gl/maps/FmDxfXdHa9mdoGK99; https://goo.gl/maps/aChZ8vYJMZ8j6SjR7; https://goo.gl/maps/xNEqZWHrXNzKYLHe6; https://goo.gl/maps/h4LQbK4dijinbrmF8; https://goo.gl/maps/YaZ9tS4Xqtm5REAe6; https://goo.gl/maps/QUDziRBdFv7URi8QA; https://goo.gl/maps/xLiJbzx1TGiATefw5; https://goo.gl/maps/TKu4Ej99YDW51J8o6; https://goo.gl/maps/mJAEFg5zdD6J4Xbq8; https://goo.gl/maps/5AF74tZoTkBqM71d6; https://goo.gl/maps/JtDt3jc8pMZ3n7xH9; https://goo.gl/maps/GPLvd34uRNT1EL5bA; https://goo.gl/maps/oJP5R9Jfe8yAcrWY6; https://goo.gl/maps/trCxv7WmZ7Lim467A
BDS-CURATED-0049,54ha liền kề sân bay Phan Thiết có giá chào 860-900 tỷ,https://goo.gl/maps/9VManjp1YiqeSC1A8; https://www.google.com/maps/d/edit?mid=1SAcLUqc-JTEBiY1uNXVoDUdI-a5wJd0&ll=10.002013642197713%2C105…; https://maps.app.goo.gl/acrdQ54V3NVNNkKh9; https://maps.app.goo.gl/zAmPVdt254bS1UUU7; https://goo.gl/maps/GPVNSt7Q6a73xSKHA; https://goo.gl/maps/h4LQbK4dijinbrmF8; https://goo.gl/maps/VFB9RLFqHkCjVD4Y6; https://goo.gl/maps/gHyC9FmNZYpnaoV77; https://goo.gl/maps/trCxv7WmZ7Lim467A
BDS-CURATED-0319,chung cư Hòa Xuân (A2-3 & A2-4) 1,https://maps.app.goo.gl/Hn6baY7yBKNTcRXs8; https://maps.app.goo.gl/XwfK6AzNVqs5eFX17; https://maps.app.goo.gl/QAU1JqmdETLn951C; https://goo.gl/maps/YaZ9tS4Xqtm5REAe6; https://goo.gl/maps/SeJtvcKkqmN6a7oy6; https://goo.gl/maps/trCxv7WmZ7Lim467A
BDS-CURATED-0086,Urban Green,https://maps.app.goo.gl/ioqJ9N2mKRyMdiAe6; https://goo.gl/maps/5AF74tZoTkBqM71d6
BDS-CURATED-0354,KĐT An Phú – PG (nguồn từ Ý-Pháp Chế) 1,https://maps.app.goo.gl/qDbb6mJHvwhXw4Az6; https://maps.app.goo.gl/GdiSL1z7fBFtk3tr8; https://maps.app.goo.gl/dRnRPbNFPmCfsTHAA; https://www.google.com/maps/d/edit?mid=1pYF3M65dQngj9P_VP8SbXUKy92nYnFo&usp=sharing; https://maps.app.goo.gl/v8GdHbU3xb5G8JFs9; https://maps.app.goo.gl/AoJAreLLvUUHzVVw5; https://maps.app.goo.gl/bKZVkKUcnYGRLJWw5; https://maps.app.goo.gl/pTzfCxqkMYLuLe9z9; https://maps.app.goo.gl/9D1AGeGBDHSvttic8; https://maps.app.goo.gl/xomcfbw3UHPYcLxG8; https://maps.app.goo.gl/wbNjvBPsJioGNogn8; https://maps.app.goo.gl/DAATNJRd8MxG4uyaA; https://maps.app.goo.gl/cuqyDKdtbfwW1DAa8; https://maps.app.goo.gl/Wji4ey8prbGM2zHJ6; https://maps.app.goo.gl/TcCLZG1kwf9F7wCu5; https://maps.app.goo.gl/yVp7cfpfnfdzb7mV7; https://maps.app.goo.gl/uKe9j2z7xKHjdR8A7; https://maps.app.goo.gl/NT8XaQJv76yrgG946; https://maps.app.goo.gl/zNrudtbb4kMk2xxv5; https://maps.app.goo.gl/B98HY6ThSbAhg1a98; https://maps.app.goo.gl/s62kTxdTsTQvQHDJ9; https://maps.app.goo.gl/K3ASKRs9Sc5yfa9z9; https://maps.app.goo.gl/4E1Yi9DPgpF2CdaE7; https://maps.app.goo.gl/uLPtqwAnwnevw4zz7; https://maps.app.goo.gl/zAmPVdt254bS1UUU7; https://goo.gl/maps/JhPoRTM15vQA7Kk6A; https://goo.gl/maps/XXMLm2Ebm5FEFwig7; https://goo.gl/maps/GPVNSt7Q6a73xSKHA; https://goo.gl/maps/xNEqZWHrXNzKYLHe6; https://goo.gl/maps/h4LQbK4dijinbrmF8; https://goo.gl/maps/YaZ9tS4Xqtm5REAe6; https://goo.gl/maps/g4UerEukDLx9YjWt5; https://goo.gl/maps/C86NnDNwQKH22Bek9-; https://goo.gl/maps/cUNDNuwk9M5KBSbJA**; https://goo.gl/maps/xLiJbzx1TGiATefw5; https://goo.gl/maps/sMLMvWwegyerE3jJ9; https://goo.gl/maps/1eXNtJWdQZHPkvXp8; https://goo.gl/maps/SeJtvcKkqmN6a7oy6; https://goo.gl/maps/hgxR4SsThT7KqvbUA; https://goo.gl/maps/gHyC9FmNZYpnaoV77; https://goo.gl/maps/JtDt3jc8pMZ3n7xH9; https://goo.gl/maps/GPLvd34uRNT1EL5bA; https://goo.gl/maps/oJP5R9Jfe8yAcrWY6; https://goo.gl/maps/trCxv7WmZ7Lim467A; https://goo.gl/maps/aSmRwi2p279NGLcb9; https://goo.gl/maps/s4v5mQf8LyZUv8B7A
BDS-CURATED-0088,cao tầng tại Trung tâm Quận 9 (TPHCM) với quy mô 3,https://maps.app.goo.gl/t178LDzcrFtjxgEz9; https://maps.app.goo.gl/ioqJ9N2mKRyMdiAe6; https://maps.app.goo.gl/dRnRPbNFPmCfsTHAA; https://maps.app.goo.gl/v8GdHbU3xb5G8JFs9; https://goo.gl/maps/Empzn8zwhyULFrqV8; https://maps.app.goo.gl/AoJAreLLvUUHzVVw5; https://www.google.com/maps/d/edit?mid=1SAcLUqc-JTEBiY1uNXVoDUdI-a5wJd0&ll=10.002013642197713%2C105…; https://maps.app.goo.gl/Mww4k2RWctPHssMQA; https://maps.app.goo.gl/bKZVkKUcnYGRLJWw5; https://www.google.com/maps/d/edit?mid=1Fl7DvT-DOnJvyHZ0Oq5v-nUadBLGHFo&usp=sharing; https://maps.app.goo.gl/pTzfCxqkMYLuLe9z9; https://www.google.com/maps/d/edit?mid=1MawyjqMPRL80P8Y7qm_ZhtUgghnbpFc&usp=sharing; https://maps.app.goo.gl/ET75kfpwVX837fEE6; https://maps.app.goo.gl/47PLkeuNfzKvw38w8; https://maps.app.goo.gl/RXcEPNYx6EwAbDxF9; https://maps.app.goo.gl/xg6rRMGswq5scyCbA; https://maps.app.goo.gl/whvDoK2djK9ZczAK8; https://maps.app.goo.gl/gr7GZiwJ71dX1nzNA; https://maps.app.goo.gl/efNjqXtJS5uqAid67; https://maps.app.goo.gl/xomcfbw3UHPYcLxG8; https://maps.app.goo.gl/wbNjvBPsJioGNogn8; https://maps.app.goo.gl/DAATNJRd8MxG4uyaA; https://maps.app.goo.gl/cuqyDKdtbfwW1DAa8; https://maps.app.goo.gl/UEv62Ht1RcfDLLML8; https://maps.app.goo.gl/TcCLZG1kwf9F7wCu5; https://maps.app.goo.gl/uKe9j2z7xKHjdR8A7; https://goo.gl/maps/xNEqZWHrXNzKYLHe6; https://maps.app.goo.gl/NT8XaQJv76yrgG946; https://maps.app.goo.gl/b6AweqeJiHMGShsq9; https://maps.app.goo.gl/zNrudtbb4kMk2xxv5; https://maps.app.goo.gl/B98HY6ThSbAhg1a98; https://maps.app.goo.gl/sY5sb4n5Lvp2K2oz7; https://maps.app.goo.gl/xQZeRwkJHuyDhx496; https://maps.app.goo.gl/s62kTxdTsTQvQHDJ9; https://maps.app.goo.gl/XwfK6AzNVqs5eFX17; https://maps.app.goo.gl/QAU1JqmdETLn951C; https://maps.app.goo.gl/K3ASKRs9Sc5yfa9z9; https://maps.app.goo.gl/dAy23L3wP3mTsMM88; https://maps.app.goo.gl/QydbrwwdHVvcm7keA; https://maps.app.goo.gl/4E1Yi9DPgpF2CdaE7; https://maps.app.goo.gl/uLPtqwAnwnevw4zz7; https://maps.app.goo.gl/VRterbzJvDcxUkVJ6; https://maps.app.goo.gl/zAmPVdt254bS1UUU7; https://maps.app.goo.gl/9PHZkvYiuadCm992A; https://goo.gl/maps/rzwM8zz1vmEphauk6; https://goo.gl/maps/XXMLm2Ebm5FEFwig7; https://goo.gl/maps/BgnUiLh44bo3Nyq37; https://goo.gl/maps/FmDxfXdHa9mdoGK99; https://goo.gl/maps/aChZ8vYJMZ8j6SjR7; https://goo.gl/maps/GPVNSt7Q6a73xSKHA; https://goo.gl/maps/h4LQbK4dijinbrmF8; https://goo.gl/maps/k4R8TwNVtrg4BrJc9; https://goo.gl/maps/YaZ9tS4Xqtm5REAe6; https://goo.gl/maps/g4UerEukDLx9YjWt5; https://goo.gl/maps/cUNDNuwk9M5KBSbJA**; https://goo.gl/maps/88psz7y8xzQTcyVn9; https://goo.gl/maps/TKu4Ej99YDW51J8o6; https://goo.gl/maps/Y5rcVkPSFzuYQtaJ7; https://goo.gl/maps/tu8NToyeSY9qMEt19; https://goo.gl/maps/sMLMvWwegyerE3jJ9; https://goo.gl/maps/mJAEFg5zdD6J4Xbq8; https://goo.gl/maps/1eXNtJWdQZHPkvXp8; https://goo.gl/maps/9VManjp1YiqeSC1A8; https://goo.gl/maps/SeJtvcKkqmN6a7oy6; https://goo.gl/maps/hgxR4SsThT7KqvbUA; https://goo.gl/maps/gHyC9FmNZYpnaoV77; https://goo.gl/maps/5AF74tZoTkBqM71d6; https://goo.gl/maps/JtDt3jc8pMZ3n7xH9; https://goo.gl/maps/GPLvd34uRNT1EL5bA; https://goo.gl/maps/oJP5R9Jfe8yAcrWY6; https://goo.gl/maps/trCxv7WmZ7Lim467A
BDS-CURATED-0077,Hoa viên Vĩnh Thanh sau khi có Thông số từ P,https://maps.app.goo.gl/yVp7cfpfnfdzb7mV7; https://maps.app.goo.gl/oHEYY6H9GGykdD9C6; https://maps.app.goo.gl/dRnRPbNFPmCfsTHAA; https://maps.app.goo.gl/v8GdHbU3xb5G8JFs9; https://maps.app.goo.gl/Hn6baY7yBKNTcRXs8; https://maps.app.goo.gl/7yPFeG3okyKbrLCM9; https://www.google.com/maps/d/edit?mid=1MawyjqMPRL80P8Y7qm_ZhtUgghnbpFc&usp=sharing; https://goo.gl/maps/eqfdgJBc7XT7VhAW8; https://maps.app.goo.gl/uKe9j2z7xKHjdR8A7; https://maps.app.goo.gl/NT8XaQJv76yrgG946; https://maps.app.goo.gl/s62kTxdTsTQvQHDJ9; https://maps.app.goo.gl/VRterbzJvDcxUkVJ6; https://maps.app.goo.gl/9PHZkvYiuadCm992A; https://goo.gl/maps/ZVuC7XLoPczMoHwD8; https://goo.gl/maps/aChZ8vYJMZ8j6SjR7; https://goo.gl/maps/YaZ9tS4Xqtm5REAe6; https://goo.gl/maps/g4UerEukDLx9YjWt5; https://goo.gl/maps/cUNDNuwk9M5KBSbJA**; https://goo.gl/maps/xLiJbzx1TGiATefw5; https://goo.gl/maps/88psz7y8xzQTcyVn9; https://goo.gl/maps/sMLMvWwegyerE3jJ9; https://goo.gl/maps/gHyC9FmNZYpnaoV77; https://goo.gl/maps/trCxv7WmZ7Lim467A
BDS-CURATED-0370,khác đang triển khai như Stown,https://www.google.com/maps/d/edit?mid=1GZCfnV4401jtKcup5hFe0KPBOBMYrp4&usp=sharing; https://maps.app.goo.gl/t178LDzcrFtjxgEz9; https://maps.app.goo.gl/qDbb6mJHvwhXw4Az6; https://maps.app.goo.gl/GdiSL1z7fBFtk3tr8; https://maps.app.goo.gl/ioqJ9N2mKRyMdiAe6; https://goo.gl/maps/Empzn8zwhyULFrqV8; https://maps.app.goo.gl/AoJAreLLvUUHzVVw5; https://maps.app.goo.gl/zNrudtbb4kMk2xxv5; https://maps.app.goo.gl/H57L1w8ReXXNhtb99; https://www.google.com/maps/d/edit?mid=1SAcLUqc-JTEBiY1uNXVoDUdI-a5wJd0&ll=10.002013642197713%2C105…; https://maps.app.goo.gl/Mww4k2RWctPHssMQA; https://maps.app.goo.gl/Hn6baY7yBKNTcRXs8; https://maps.app.goo.gl/bKZVkKUcnYGRLJWw5; https://maps.app.goo.gl/pTzfCxqkMYLuLe9z9; https://maps.app.goo.gl/Fsyo4xmwK3kmzbC9A; https://maps.app.goo.gl/hMM3KEF5KhFhsZJi7; https://maps.app.goo.gl/acrdQ54V3NVNNkKh9; https://www.google.com/maps/d/edit?mid=1MawyjqMPRL80P8Y7qm_ZhtUgghnbpFc&usp=sharing; https://maps.app.goo.gl/ET75kfpwVX837fEE6; https://maps.app.goo.gl/47PLkeuNfzKvw38w8; https://maps.app.goo.gl/RXcEPNYx6EwAbDxF9; https://maps.app.goo.gl/xg6rRMGswq5scyCbA; https://maps.app.goo.gl/whvDoK2djK9ZczAK8; https://maps.app.goo.gl/9D1AGeGBDHSvttic8; https://maps.app.goo.gl/wbNjvBPsJioGNogn8; https://maps.app.goo.gl/DAATNJRd8MxG4uyaA; https://maps.app.goo.gl/cuqyDKdtbfwW1DAa8; https://maps.app.goo.gl/o5yA5cAF8qJoTZqW8; https://maps.app.goo.gl/Wji4ey8prbGM2zHJ6; https://maps.app.goo.gl/UEv62Ht1RcfDLLML8; https://maps.app.goo.gl/yVp7cfpfnfdzb7mV7; https://maps.app.goo.gl/uKe9j2z7xKHjdR8A7; https://goo.gl/maps/xNEqZWHrXNzKYLHe6; https://maps.app.goo.gl/NT8XaQJv76yrgG946; https://maps.app.goo.gl/b6AweqeJiHMGShsq9; https://maps.app.goo.gl/B98HY6ThSbAhg1a98; https://maps.app.goo.gl/s62kTxdTsTQvQHDJ9; https://maps.app.goo.gl/XwfK6AzNVqs5eFX17; https://maps.app.goo.gl/QAU1JqmdETLn951C; https://maps.app.goo.gl/K3ASKRs9Sc5yfa9z9; https://maps.app.goo.gl/dAy23L3wP3mTsMM88; https://maps.app.goo.gl/QydbrwwdHVvcm7keA; https://maps.app.goo.gl/E7ucSVc9hHKpPNDQ6; https://maps.app.goo.gl/4E1Yi9DPgpF2CdaE7; https://maps.app.goo.gl/uLPtqwAnwnevw4zz7; https://maps.app.goo.gl/VRterbzJvDcxUkVJ6; https://maps.app.goo.gl/9PHZkvYiuadCm992A; https://goo.gl/maps/JhPoRTM15vQA7Kk6A; https://goo.gl/maps/XXMLm2Ebm5FEFwig7; https://goo.gl/maps/BgnUiLh44bo3Nyq37; https://goo.gl/maps/FmDxfXdHa9mdoGK99; https://goo.gl/maps/GPVNSt7Q6a73xSKHA; https://goo.gl/maps/nSTM1wgMZyyzcAhg9; https://goo.gl/maps/h4LQbK4dijinbrmF8; https://goo.gl/maps/k4R8TwNVtrg4BrJc9; https://goo.gl/maps/YaZ9tS4Xqtm5REAe6; https://goo.gl/maps/cUNDNuwk9M5KBSbJA**; https://goo.gl/maps/xLiJbzx1TGiATefw5; https://goo.gl/maps/TKu4Ej99YDW51J8o6; https://goo.gl/maps/Y5rcVkPSFzuYQtaJ7; https://goo.gl/maps/tu8NToyeSY9qMEt19; https://goo.gl/maps/sMLMvWwegyerE3jJ9; https://goo.gl/maps/mJAEFg5zdD6J4Xbq8; https://goo.gl/maps/1eXNtJWdQZHPkvXp8; https://goo.gl/maps/9VManjp1YiqeSC1A8; https://goo.gl/maps/SeJtvcKkqmN6a7oy6; https://goo.gl/maps/hgxR4SsThT7KqvbUA; https://goo.gl/maps/gHyC9FmNZYpnaoV77; https://goo.gl/maps/5AF74tZoTkBqM71d6; https://goo.gl/maps/JtDt3jc8pMZ3n7xH9; https://goo.gl/maps/GPLvd34uRNT1EL5bA; https://goo.gl/maps/oJP5R9Jfe8yAcrWY6; https://goo.gl/maps/trCxv7WmZ7Lim467A
BDS-CURATED-0409,NOXH Đồng Nai (2 dự án trung tâm Biên Hòa)1,https://www.google.com/maps/d/edit?mid=1SAcLUqc-JTEBiY1uNXVoDUdI-a5wJd0&ll=10.002013642197713%2C105; https://www.google.com/maps/d/edit?mid=1SAcLUqc-JTEBiY1uNXVoDUdI-a5wJd0&ll=10.002013642197713%2C105…; https://maps.app.goo.gl/ioqJ9N2mKRyMdiAe6; https://www.google.com/maps/d/edit?mid=1pYF3M65dQngj9P_VP8SbXUKy92nYnFo&usp=sharing; https://maps.app.goo.gl/zNrudtbb4kMk2xxv5; https://maps.app.goo.gl/QVMCmJp83pMBNKrL8; https://maps.app.goo.gl/Mww4k2RWctPHssMQA; https://www.google.com/maps/d/edit?mid=1Fl7DvT-DOnJvyHZ0Oq5v-nUadBLGHFo&usp=sharing; https://maps.app.goo.gl/7yPFeG3okyKbrLCM9; https://www.google.com/maps/d/edit?mid=1MawyjqMPRL80P8Y7qm_ZhtUgghnbpFc&usp=sharing; https://maps.app.goo.gl/ET75kfpwVX837fEE6; https://maps.app.goo.gl/47PLkeuNfzKvw38w8; https://maps.app.goo.gl/RXcEPNYx6EwAbDxF9; https://maps.app.goo.gl/gr7GZiwJ71dX1nzNA; https://maps.app.goo.gl/efNjqXtJS5uqAid67; https://maps.app.goo.gl/xomcfbw3UHPYcLxG8; https://maps.app.goo.gl/wbNjvBPsJioGNogn8; https://maps.app.goo.gl/DAATNJRd8MxG4uyaA; https://maps.app.goo.gl/cuqyDKdtbfwW1DAa8; https://maps.app.goo.gl/UEv62Ht1RcfDLLML8; https://maps.app.goo.gl/TcCLZG1kwf9F7wCu5; https://maps.app.goo.gl/uKe9j2z7xKHjdR8A7; https://maps.app.goo.gl/NT8XaQJv76yrgG946; https://maps.app.goo.gl/b6AweqeJiHMGShsq9; https://maps.app.goo.gl/B98HY6ThSbAhg1a98; https://maps.app.goo.gl/sY5sb4n5Lvp2K2oz7; https://maps.app.goo.gl/xQZeRwkJHuyDhx496; https://maps.app.goo.gl/XwfK6AzNVqs5eFX17; https://maps.app.goo.gl/QAU1JqmdETLn951C; https://maps.app.goo.gl/K3ASKRs9Sc5yfa9z9; https://maps.app.goo.gl/E7ucSVc9hHKpPNDQ6; https://maps.app.goo.gl/9PHZkvYiuadCm992A; https://goo.gl/maps/rzwM8zz1vmEphauk6; https://goo.gl/maps/XXMLm2Ebm5FEFwig7; https://goo.gl/maps/FmDxfXdHa9mdoGK99; https://goo.gl/maps/aChZ8vYJMZ8j6SjR7; https://goo.gl/maps/GPVNSt7Q6a73xSKHA; https://goo.gl/maps/h4LQbK4dijinbrmF8; https://goo.gl/maps/k4R8TwNVtrg4BrJc9; https://goo.gl/maps/YaZ9tS4Xqtm5REAe6; https://goo.gl/maps/g4UerEukDLx9YjWt5; https://goo.gl/maps/cUNDNuwk9M5KBSbJA**; https://goo.gl/maps/dSeYp8x6gD6nWQJo7; https://goo.gl/maps/88psz7y8xzQTcyVn9; https://goo.gl/maps/TKu4Ej99YDW51J8o6; https://goo.gl/maps/Y5rcVkPSFzuYQtaJ7; https://goo.gl/maps/tu8NToyeSY9qMEt19; https://goo.gl/maps/sMLMvWwegyerE3jJ9; https://goo.gl/maps/mJAEFg5zdD6J4Xbq8; https://goo.gl/maps/u7HMUhYJqdPGD9dz6; https://goo.gl/maps/1eXNtJWdQZHPkvXp8; https://goo.gl/maps/9VManjp1YiqeSC1A8; https://goo.gl/maps/SeJtvcKkqmN6a7oy6; https://goo.gl/maps/hgxR4SsThT7KqvbUA; https://goo.gl/maps/gHyC9FmNZYpnaoV77; https://goo.gl/maps/5AF74tZoTkBqM71d6; https://goo.gl/maps/JtDt3jc8pMZ3n7xH9; https://goo.gl/maps/GPLvd34uRNT1EL5bA; https://goo.gl/maps/oJP5R9Jfe8yAcrWY6; https://goo.gl/maps/trCxv7WmZ7Lim467A
BDS-CURATED-0038,Hoa viên Vĩnh Thanh tại đường nhánh của đường DT19,https://maps.app.goo.gl/yVp7cfpfnfdzb7mV7; https://maps.app.goo.gl/v8GdHbU3xb5G8JFs9; https://www.google.com/maps/d/edit?mid=1MawyjqMPRL80P8Y7qm_ZhtUgghnbpFc&usp=sharing; https://goo.gl/maps/eqfdgJBc7XT7VhAW8; https://maps.app.goo.gl/uKe9j2z7xKHjdR8A7; https://maps.app.goo.gl/NT8XaQJv76yrgG946; https://maps.app.goo.gl/s62kTxdTsTQvQHDJ9; https://maps.app.goo.gl/VRterbzJvDcxUkVJ6; https://maps.app.goo.gl/9PHZkvYiuadCm992A; https://goo.gl/maps/aChZ8vYJMZ8j6SjR7; https://goo.gl/maps/GPVNSt7Q6a73xSKHA; https://goo.gl/maps/YaZ9tS4Xqtm5REAe6; https://goo.gl/maps/g4UerEukDLx9YjWt5; https://goo.gl/maps/cUNDNuwk9M5KBSbJA**; https://goo.gl/maps/xLiJbzx1TGiATefw5; https://goo.gl/maps/88psz7y8xzQTcyVn9; https://goo.gl/maps/sMLMvWwegyerE3jJ9; https://goo.gl/maps/mJAEFg5zdD6J4Xbq8; https://goo.gl/maps/gHyC9FmNZYpnaoV77; https://goo.gl/maps/trCxv7WmZ7Lim467A
BDS-CURATED-0360,đang vận hành có hệ số nén 0,https://www.google.com/maps/d/edit?mid=11z_Bkaxe4GIV5AYsicAES_ivCxDZbmM&usp=sharing; https://www.google.com/maps/d/edit?mid=1pYF3M65dQngj9P_VP8SbXUKy92nYnFo&usp=sharing; https://maps.app.goo.gl/Hn6baY7yBKNTcRXs8; https://maps.app.goo.gl/Fsyo4xmwK3kmzbC9A; https://maps.app.goo.gl/hMM3KEF5KhFhsZJi7; https://maps.app.goo.gl/wbNjvBPsJioGNogn8; https://maps.app.goo.gl/DAATNJRd8MxG4uyaA; https://maps.app.goo.gl/o5yA5cAF8qJoTZqW8; https://maps.app.goo.gl/UEv62Ht1RcfDLLML8; https://maps.app.goo.gl/TcCLZG1kwf9F7wCu5; https://maps.app.goo.gl/uKe9j2z7xKHjdR8A7; https://maps.app.goo.gl/zNrudtbb4kMk2xxv5; https://maps.app.goo.gl/s62kTxdTsTQvQHDJ9; https://maps.app.goo.gl/XwfK6AzNVqs5eFX17; https://maps.app.goo.gl/QAU1JqmdETLn951C; https://maps.app.goo.gl/K3ASKRs9Sc5yfa9z9; https://maps.app.goo.gl/dAy23L3wP3mTsMM88; https://maps.app.goo.gl/QydbrwwdHVvcm7keA; https://maps.app.goo.gl/4E1Yi9DPgpF2CdaE7; https://maps.app.goo.gl/uLPtqwAnwnevw4zz7; https://maps.app.goo.gl/9PHZkvYiuadCm992A; https://goo.gl/maps/JhPoRTM15vQA7Kk6A; https://goo.gl/maps/k4R8TwNVtrg4BrJc9; https://goo.gl/maps/QUDziRBdFv7URi8QA; https://goo.gl/maps/tMLVh6Gm8DCwNDzN6; https://goo.gl/maps/TKu4Ej99YDW51J8o6; https://goo.gl/maps/trCxv7WmZ7Lim467A
BDS-CURATED-0099,50ha thuộc huyện Vĩnh Tường – Yên Lạc,https://goo.gl/maps/eqfdgJBc7XT7VhAW8; https://maps.app.goo.gl/t178LDzcrFtjxgEz9; https://maps.app.goo.gl/qDbb6mJHvwhXw4Az6; https://maps.app.goo.gl/GdiSL1z7fBFtk3tr8; https://maps.app.goo.gl/Mww4k2RWctPHssMQA; https://www.google.com/maps/d/edit?mid=1MawyjqMPRL80P8Y7qm_ZhtUgghnbpFc&usp=sharing; https://maps.app.goo.gl/UEv62Ht1RcfDLLML8; https://maps.app.goo.gl/yVp7cfpfnfdzb7mV7; https://maps.app.goo.gl/b6AweqeJiHMGShsq9; https://maps.app.goo.gl/E7ucSVc9hHKpPNDQ6; https://maps.app.goo.gl/uLPtqwAnwnevw4zz7; https://maps.app.goo.gl/9PHZkvYiuadCm992A; https://goo.gl/maps/XXMLm2Ebm5FEFwig7; https://goo.gl/maps/aChZ8vYJMZ8j6SjR7; https://goo.gl/maps/YaZ9tS4Xqtm5REAe6; https://goo.gl/maps/Y5rcVkPSFzuYQtaJ7; https://goo.gl/maps/tu8NToyeSY9qMEt19; https://goo.gl/maps/sMLMvWwegyerE3jJ9; https://goo.gl/maps/JtDt3jc8pMZ3n7xH9; https://goo.gl/maps/GPLvd34uRNT1EL5bA; https://goo.gl/maps/oJP5R9Jfe8yAcrWY6; https://goo.gl/maps/trCxv7WmZ7Lim467A
BDS-CURATED-0356,là 300 tỷ * Giải thích hệ số sử dụng đất càng cao (từ 3,https://maps.app.goo.gl/Wji4ey8prbGM2zHJ6; https://maps.app.goo.gl/UEv62Ht1RcfDLLML8; https://maps.app.goo.gl/yVp7cfpfnfdzb7mV7; https://maps.app.goo.gl/NT8XaQJv76yrgG946; https://maps.app.goo.gl/s62kTxdTsTQvQHDJ9; https://maps.app.goo.gl/K3ASKRs9Sc5yfa9z9; https://maps.app.goo.gl/dAy23L3wP3mTsMM88; https://maps.app.goo.gl/QydbrwwdHVvcm7keA; https://maps.app.goo.gl/E7ucSVc9hHKpPNDQ6; https://maps.app.goo.gl/uLPtqwAnwnevw4zz7; https://maps.app.goo.gl/9PHZkvYiuadCm992A; https://goo.gl/maps/JhPoRTM15vQA7Kk6A; https://goo.gl/maps/XXMLm2Ebm5FEFwig7; https://goo.gl/maps/FmDxfXdHa9mdoGK99; https://goo.gl/maps/aChZ8vYJMZ8j6SjR7; https://goo.gl/maps/h4LQbK4dijinbrmF8; https://goo.gl/maps/tMLVh6Gm8DCwNDzN6; https://goo.gl/maps/sMLMvWwegyerE3jJ9; https://goo.gl/maps/9VManjp1YiqeSC1A8; https://goo.gl/maps/JtDt3jc8pMZ3n7xH9; https://goo.gl/maps/GPLvd34uRNT1EL5bA; https://goo.gl/maps/oJP5R9Jfe8yAcrWY6
BDS-CURATED-0080,KHU DU LỊCH SINH THÁI BIỂN CAO CẤP LẠC VIỆT,https://goo.gl/maps/JhPoRTM15vQA7Kk6A; https://maps.app.goo.gl/dRnRPbNFPmCfsTHAA; https://maps.app.goo.gl/wbNjvBPsJioGNogn8; https://maps.app.goo.gl/DAATNJRd8MxG4uyaA; https://maps.app.goo.gl/cuqyDKdtbfwW1DAa8; https://maps.app.goo.gl/NT8XaQJv76yrgG946; https://maps.app.goo.gl/zNrudtbb4kMk2xxv5; https://maps.app.goo.gl/XwfK6AzNVqs5eFX17; https://maps.app.goo.gl/QAU1JqmdETLn951C; https://maps.app.goo.gl/K3ASKRs9Sc5yfa9z9; https://maps.app.goo.gl/E7ucSVc9hHKpPNDQ6; https://maps.app.goo.gl/uLPtqwAnwnevw4zz7; https://maps.app.goo.gl/9PHZkvYiuadCm992A; https://goo.gl/maps/FmDxfXdHa9mdoGK99; https://goo.gl/maps/aChZ8vYJMZ8j6SjR7; https://goo.gl/maps/nSTM1wgMZyyzcAhg9; https://goo.gl/maps/xLiJbzx1TGiATefw5; https://goo.gl/maps/Y5rcVkPSFzuYQtaJ7; https://goo.gl/maps/tu8NToyeSY9qMEt19; https://goo.gl/maps/9VManjp1YiqeSC1A8; https://goo.gl/maps/gHyC9FmNZYpnaoV77; https://goo.gl/maps/5AF74tZoTkBqM71d6; https://goo.gl/maps/JtDt3jc8pMZ3n7xH9; https://goo.gl/maps/GPLvd34uRNT1EL5bA; https://goo.gl/maps/oJP5R9Jfe8yAcrWY6; https://goo.gl/maps/trCxv7WmZ7Lim467A
BDS-CURATED-0325,chung cư Việt An,https://goo.gl/maps/xNEqZWHrXNzKYLHe6; https://maps.app.goo.gl/uKe9j2z7xKHjdR8A7; https://maps.app.goo.gl/NT8XaQJv76yrgG946; https://goo.gl/maps/xLiJbzx1TGiATefw5
BDS-CURATED-0358,này nằm trong KCN Thái Hòa-Liễn Sơn-Liên Hòa Khu vực II Vị trí KCN,https://goo.gl/maps/ZVuC7; https://maps.app.goo.gl/t178LDzcrFtjxgEz9; https://maps.app.goo.gl/qDbb6mJHvwhXw4Az6; https://maps.app.goo.gl/dRnRPbNFPmCfsTHAA; https://maps.app.goo.gl/H57L1w8ReXXNhtb99; https://www.google.com/maps/d/edit?mid=1SAcLUqc-JTEBiY1uNXVoDUdI-a5wJd0&ll=10.002013642197713%2C105…; https://maps.app.goo.gl/QVMCmJp83pMBNKrL8; https://maps.app.goo.gl/7yPFeG3okyKbrLCM9; https://www.google.com/maps/d/edit?mid=1MawyjqMPRL80P8Y7qm_ZhtUgghnbpFc&usp=sharing; https://maps.app.goo.gl/ET75kfpwVX837fEE6; https://maps.app.goo.gl/47PLkeuNfzKvw38w8; https://maps.app.goo.gl/RXcEPNYx6EwAbDxF9; https://maps.app.goo.gl/efNjqXtJS5uqAid67; https://maps.app.goo.gl/xomcfbw3UHPYcLxG8; https://maps.app.goo.gl/o5yA5cAF8qJoTZqW8; https://maps.app.goo.gl/UEv62Ht1RcfDLLML8; https://maps.app.goo.gl/TcCLZG1kwf9F7wCu5; https://maps.app.goo.gl/uKe9j2z7xKHjdR8A7; https://maps.app.goo.gl/K3ASKRs9Sc5yfa9z9; https://maps.app.goo.gl/uLPtqwAnwnevw4zz7; https://maps.app.goo.gl/VRterbzJvDcxUkVJ6; https://maps.app.goo.gl/9PHZkvYiuadCm992A; https://goo.gl/maps/JhPoRTM15vQA7Kk6A; https://goo.gl/maps/BgnUiLh44bo3Nyq37; https://goo.gl/maps/FmDxfXdHa9mdoGK99; https://goo.gl/maps/aChZ8vYJMZ8j6SjR7; https://goo.gl/maps/GPVNSt7Q6a73xSKHA; https://goo.gl/maps/k4R8TwNVtrg4BrJc9; https://goo.gl/maps/YaZ9tS4Xqtm5REAe6; https://goo.gl/maps/g4UerEukDLx9YjWt5; https://goo.gl/maps/QUDziRBdFv7URi8QA; https://goo.gl/maps/cUNDNuwk9M5KBSbJA**; https://goo.gl/maps/88psz7y8xzQTcyVn9; https://goo.gl/maps/TKu4Ej99YDW51J8o6; https://goo.gl/maps/Y5rcVkPSFzuYQtaJ7; https://goo.gl/maps/tu8NToyeSY9qMEt19; https://goo.gl/maps/mJAEFg5zdD6J4Xbq8; https://goo.gl/maps/hgxR4SsThT7KqvbUA; https://goo.gl/maps/gHyC9FmNZYpnaoV77; https://goo.gl/maps/5AF74tZoTkBqM71d6; https://goo.gl/maps/JtDt3jc8pMZ3n7xH9; https://goo.gl/maps/GPLvd34uRNT1EL5bA; https://goo.gl/maps/oJP5R9Jfe8yAcrWY6; https://goo.gl/maps/trCxv7WmZ7Lim467A
BDS-CURATED-0349,hiệu quả với tỷ lệ LNTT/TMĐT từ > 12% là từ 90 triệu đồng/m2,https://www.google.com/maps/d/edit?mid=1SAcLUqc-JTEBiY1uNXVoDUdI-a5wJd0&ll=10.002013642197713%2C105; https://www.google.com/maps/d/edit?mid=1SAcLUqc-JTEBiY1uNXVoDUdI-a5wJd0&ll=10.002013642197713%2C105…; https://maps.app.goo.gl/t178LDzcrFtjxgEz9; https://maps.app.goo.gl/qDbb6mJHvwhXw4Az6; https://maps.app.goo.gl/D8GuCY5LefTH8JVq9; https://maps.app.goo.gl/GdiSL1z7fBFtk3tr8; https://maps.app.goo.gl/ioqJ9N2mKRyMdiAe6; https://www.google.com/maps/d/edit?mid=1pYF3M65dQngj9P_VP8SbXUKy92nYnFo&usp=sharing; https://maps.app.goo.gl/6iyNdteYfVyyT9Xy9; https://maps.app.goo.gl/AoJAreLLvUUHzVVw5; https://maps.app.goo.gl/zNrudtbb4kMk2xxv5; https://maps.app.goo.gl/QVMCmJp83pMBNKrL8; https://maps.app.goo.gl/Mww4k2RWctPHssMQA; https://maps.app.goo.gl/Hn6baY7yBKNTcRXs8; https://maps.app.goo.gl/bKZVkKUcnYGRLJWw5; https://www.google.com/maps/d/edit?mid=1Fl7DvT-DOnJvyHZ0Oq5v-nUadBLGHFo&usp=sharing; https://maps.app.goo.gl/Fsyo4xmwK3kmzbC9A; https://maps.app.goo.gl/hMM3KEF5KhFhsZJi7; https://maps.app.goo.gl/7yPFeG3okyKbrLCM9; https://maps.app.goo.gl/acrdQ54V3NVNNkKh9; https://maps.app.goo.gl/u5QRXoNjSCh5uxRx5; https://www.google.com/maps/d/edit?mid=1MawyjqMPRL80P8Y7qm_ZhtUgghnbpFc&usp=sharing; https://maps.app.goo.gl/ET75kfpwVX837fEE6; https://maps.app.goo.gl/47PLkeuNfzKvw38w8; https://maps.app.goo.gl/RXcEPNYx6EwAbDxF9; https://maps.app.goo.gl/xg6rRMGswq5scyCbA; https://maps.app.goo.gl/whvDoK2djK9ZczAK8; https://maps.app.goo.gl/gr7GZiwJ71dX1nzNA; https://maps.app.goo.gl/efNjqXtJS5uqAid67; https://maps.app.goo.gl/xomcfbw3UHPYcLxG8; https://maps.app.goo.gl/wbNjvBPsJioGNogn8; https://maps.app.goo.gl/DAATNJRd8MxG4uyaA; https://maps.app.goo.gl/cuqyDKdtbfwW1DAa8; https://maps.app.goo.gl/o5yA5cAF8qJoTZqW8; https://maps.app.goo.gl/UEv62Ht1RcfDLLML8; https://maps.app.goo.gl/TcCLZG1kwf9F7wCu5; https://maps.app.goo.gl/yVp7cfpfnfdzb7mV7; https://goo.gl/maps/eqfdgJBc7XT7VhAW8; https://maps.app.goo.gl/uKe9j2z7xKHjdR8A7; https://maps.app.goo.gl/NT8XaQJv76yrgG946; https://maps.app.goo.gl/B98HY6ThSbAhg1a98; https://maps.app.goo.gl/sY5sb4n5Lvp2K2oz7; https://maps.app.goo.gl/xQZeRwkJHuyDhx496; https://maps.app.goo.gl/s62kTxdTsTQvQHDJ9; https://maps.app.goo.gl/XwfK6AzNVqs5eFX17; https://maps.app.goo.gl/QAU1JqmdETLn951C; https://maps.app.goo.gl/K3ASKRs9Sc5yfa9z9; https://maps.app.goo.gl/E7ucSVc9hHKpPNDQ6; https://maps.app.goo.gl/VRterbzJvDcxUkVJ6; https://maps.app.goo.gl/zAmPVdt254bS1UUU7; https://goo.gl/maps/rzwM8zz1vmEphauk6; https://goo.gl/maps/BgnUiLh44bo3Nyq37; https://goo.gl/maps/FmDxfXdHa9mdoGK99; https://goo.gl/maps/GPVNSt7Q6a73xSKHA; https://goo.gl/maps/h4LQbK4dijinbrmF8; https://goo.gl/maps/k4R8TwNVtrg4BrJc9; https://goo.gl/maps/YaZ9tS4Xqtm5REAe6; https://goo.gl/maps/g4UerEukDLx9YjWt5; https://goo.gl/maps/dSeYp8x6gD6nWQJo7; https://goo.gl/maps/VFB9RLFqHkCjVD4Y6; https://goo.gl/maps/xLiJbzx1TGiATefw5; https://goo.gl/maps/88psz7y8xzQTcyVn9; https://goo.gl/maps/TKu4Ej99YDW51J8o6; https://goo.gl/maps/Y5rcVkPSFzuYQtaJ7; https://goo.gl/maps/tu8NToyeSY9qMEt19; https://goo.gl/maps/sMLMvWwegyerE3jJ9; https://goo.gl/maps/mJAEFg5zdD6J4Xbq8; https://goo.gl/maps/u7HMUhYJqdPGD9dz6; https://goo.gl/maps/1eXNtJWdQZHPkvXp8; https://goo.gl/maps/SeJtvcKkqmN6a7oy6; https://goo.gl/maps/hgxR4SsThT7KqvbUA; https://goo.gl/maps/gHyC9FmNZYpnaoV77; https://goo.gl/maps/5AF74tZoTkBqM71d6; https://goo.gl/maps/trCxv7WmZ7Lim467A
BDS-CURATED-0375,đã và đang thực hiện trên BCTC,https://www.google.com/maps/d/edit?mid=1pYF3M65dQngj9P_VP8SbXUKy92nYnFo&usp=sharing; https://maps.app.goo.gl/t178LDzcrFtjxgEz9; https://maps.app.goo.gl/qDbb6mJHvwhXw4Az6; https://maps.app.goo.gl/D8GuCY5LefTH8JVq9; https://maps.app.goo.gl/GdiSL1z7fBFtk3tr8; https://maps.app.goo.gl/ioqJ9N2mKRyMdiAe6; https://maps.app.goo.gl/dRnRPbNFPmCfsTHAA; https://maps.app.goo.gl/v8GdHbU3xb5G8JFs9; https://maps.app.goo.gl/6iyNdteYfVyyT9Xy9; https://goo.gl/maps/Empzn8zwhyULFrqV8; https://maps.app.goo.gl/AoJAreLLvUUHzVVw5; https://maps.app.goo.gl/H57L1w8ReXXNhtb99; https://www.google.com/maps/d/edit?mid=1SAcLUqc-JTEBiY1uNXVoDUdI-a5wJd0&ll=10.002013642197713%2C105…; https://www.google.com/maps/d/edit?mid=1GZCfnV4401jtKcup5hFe0KPBOBMYrp4&usp=sharing; https://maps.app.goo.gl/Mww4k2RWctPHssMQA; https://maps.app.goo.gl/Hn6baY7yBKNTcRXs8; https://www.google.com/maps/d/edit?mid=11z_Bkaxe4GIV5AYsicAES_ivCxDZbmM&usp=sharing; https://maps.app.goo.gl/bKZVkKUcnYGRLJWw5; https://maps.app.goo.gl/pTzfCxqkMYLuLe9z9; https://maps.app.goo.gl/Fsyo4xmwK3kmzbC9A; https://maps.app.goo.gl/hMM3KEF5KhFhsZJi7; https://maps.app.goo.gl/7yPFeG3okyKbrLCM9; https://maps.app.goo.gl/acrdQ54V3NVNNkKh9; https://www.google.com/maps/d/edit?mid=1MawyjqMPRL80P8Y7qm_ZhtUgghnbpFc&usp=sharing; https://maps.app.goo.gl/ET75kfpwVX837fEE6; https://maps.app.goo.gl/47PLkeuNfzKvw38w8; https://maps.app.goo.gl/RXcEPNYx6EwAbDxF9; https://maps.app.goo.gl/xg6rRMGswq5scyCbA; https://maps.app.goo.gl/whvDoK2djK9ZczAK8; https://maps.app.goo.gl/efNjqXtJS5uqAid67; https://maps.app.goo.gl/xomcfbw3UHPYcLxG8; https://maps.app.goo.gl/wbNjvBPsJioGNogn8; https://maps.app.goo.gl/DAATNJRd8MxG4uyaA; https://maps.app.goo.gl/cuqyDKdtbfwW1DAa8; https://maps.app.goo.gl/o5yA5cAF8qJoTZqW8; https://maps.app.goo.gl/Wji4ey8prbGM2zHJ6; https://maps.app.goo.gl/UEv62Ht1RcfDLLML8; https://maps.app.goo.gl/TcCLZG1kwf9F7wCu5; https://maps.app.goo.gl/yVp7cfpfnfdzb7mV7; https://goo.gl/maps/eqfdgJBc7XT7VhAW8; https://maps.app.goo.gl/uKe9j2z7xKHjdR8A7; https://www.google.com/maps/d/u/1/edit?mid=10gTnNN6aieu1u3Xx49gGnnp177W4zag&usp=sharing; https://goo.gl/maps/xNEqZWHrXNzKYLHe6; https://maps.app.goo.gl/NT8XaQJv76yrgG946; https://maps.app.goo.gl/b6AweqeJiHMGShsq9; https://maps.app.goo.gl/zNrudtbb4kMk2xxv5; https://maps.app.goo.gl/B98HY6ThSbAhg1a98; https://maps.app.goo.gl/sY5sb4n5Lvp2K2oz7; https://maps.app.goo.gl/xQZeRwkJHuyDhx496; https://maps.app.goo.gl/s62kTxdTsTQvQHDJ9; https://maps.app.goo.gl/XwfK6AzNVqs5eFX17; https://maps.app.goo.gl/QAU1JqmdETLn951C; https://maps.app.goo.gl/K3ASKRs9Sc5yfa9z9; https://maps.app.goo.gl/dAy23L3wP3mTsMM88; https://maps.app.goo.gl/QydbrwwdHVvcm7keA; https://maps.app.goo.gl/E7ucSVc9hHKpPNDQ6; https://maps.app.goo.gl/4E1Yi9DPgpF2CdaE7; https://maps.app.goo.gl/uLPtqwAnwnevw4zz7; https://maps.app.goo.gl/VRterbzJvDcxUkVJ6; https://maps.app.goo.gl/zAmPVdt254bS1UUU7; https://maps.app.goo.gl/9PHZkvYiuadCm992A; https://goo.gl/maps/JhPoRTM15vQA7Kk6A; https://goo.gl/maps/rzwM8zz1vmEphauk6; https://goo.gl/maps/XXMLm2Ebm5FEFwig7; https://goo.gl/maps/BgnUiLh44bo3Nyq37; https://goo.gl/maps/FmDxfXdHa9mdoGK99; https://goo.gl/maps/KCGefw7KgVDUzTPh7; https://goo.gl/maps/aChZ8vYJMZ8j6SjR7; https://goo.gl/maps/GPVNSt7Q6a73xSKHA; https://maps.app.goo.gl/6vMvFBe8H7HUYQwi6?g_st=ic; https://goo.gl/maps/h4LQbK4dijinbrmF8; https://goo.gl/maps/AivqKgNA3GRARDNZ7; https://goo.gl/maps/k4R8TwNVtrg4BrJc9; https://goo.gl/maps/YaZ9tS4Xqtm5REAe6; https://goo.gl/maps/g4UerEukDLx9YjWt5; https://goo.gl/maps/C86NnDNwQKH22Bek9-; https://goo.gl/maps/QUDziRBdFv7URi8QA; https://goo.gl/maps/cUNDNuwk9M5KBSbJA**; https://goo.gl/maps/tMLVh6Gm8DCwNDzN6; https://goo.gl/maps/VFB9RLFqHkCjVD4Y6; https://goo.gl/maps/xLiJbzx1TGiATefw5; https://goo.gl/maps/88psz7y8xzQTcyVn9; https://goo.gl/maps/TKu4Ej99YDW51J8o6; https://goo.gl/maps/Y5rcVkPSFzuYQtaJ7; https://goo.gl/maps/tu8NToyeSY9qMEt19; https://goo.gl/maps/sMLMvWwegyerE3jJ9; https://goo.gl/maps/oJBLCYE9ShbB6ZA6A; https://goo.gl/maps/mJAEFg5zdD6J4Xbq8; https://goo.gl/maps/1eXNtJWdQZHPkvXp8; https://goo.gl/maps/9VManjp1YiqeSC1A8; https://goo.gl/maps/SeJtvcKkqmN6a7oy6; https://goo.gl/maps/hgxR4SsThT7KqvbUA; https://goo.gl/maps/gHyC9FmNZYpnaoV77; https://goo.gl/maps/5AF74tZoTkBqM71d6; https://goo.gl/maps/JtDt3jc8pMZ3n7xH9; https://goo.gl/maps/GPLvd34uRNT1EL5bA; https://goo.gl/maps/oJP5R9Jfe8yAcrWY6; https://goo.gl/maps/trCxv7WmZ7Lim467A; https://goo.gl/maps/aSmRwi2p279NGLcb9; https://goo.gl/maps/s4v5mQf8LyZUv8B7A
BDS-CURATED-0125,53ha đấu thầu tại đường Thăng Long,https://maps.app.goo.gl/yVp7cfpfnfdzb7mV7; https://maps.app.goo.gl/pTzfCxqkMYLuLe9z9; https://maps.app.goo.gl/efNjqXtJS5uqAid67; https://maps.app.goo.gl/wbNjvBPsJioGNogn8; https://maps.app.goo.gl/DAATNJRd8MxG4uyaA; https://goo.gl/maps/xNEqZWHrXNzKYLHe6; https://maps.app.goo.gl/B98HY6ThSbAhg1a98; https://maps.app.goo.gl/sY5sb4n5Lvp2K2oz7; https://maps.app.goo.gl/dAy23L3wP3mTsMM88; https://maps.app.goo.gl/QydbrwwdHVvcm7keA; https://maps.app.goo.gl/zAmPVdt254bS1UUU7; https://maps.app.goo.gl/9PHZkvYiuadCm992A; https://goo.gl/maps/XXMLm2Ebm5FEFwig7; https://goo.gl/maps/KCGefw7KgVDUzTPh7; https://goo.gl/maps/k4R8TwNVtrg4BrJc9; https://goo.gl/maps/g4UerEukDLx9YjWt5; https://goo.gl/maps/tMLVh6Gm8DCwNDzN6; https://goo.gl/maps/xLiJbzx1TGiATefw5; https://goo.gl/maps/Y5rcVkPSFzuYQtaJ7; https://goo.gl/maps/tu8NToyeSY9qMEt19; https://goo.gl/maps/mJAEFg5zdD6J4Xbq8; https://goo.gl/maps/9VManjp1YiqeSC1A8; https://goo.gl/maps/JtDt3jc8pMZ3n7xH9; https://goo.gl/maps/GPLvd34uRNT1EL5bA; https://goo.gl/maps/oJP5R9Jfe8yAcrWY6; https://goo.gl/maps/trCxv7WmZ7Lim467A
BDS-CURATED-0380,Hoàng Cát Center,https://maps.app.goo.gl/s62kTxdTsTQvQHDJ9
BDS-CURATED-0341,khách sạn Đông Á Premier tại Phường Lộc Thọ,https://maps.app.goo.gl/dRnRPbNFPmCfsTHAA; https://maps.app.goo.gl/zNrudtbb4kMk2xxv5; https://maps.app.goo.gl/wbNjvBPsJioGNogn8; https://maps.app.goo.gl/DAATNJRd8MxG4uyaA; https://maps.app.goo.gl/NT8XaQJv76yrgG946; https://maps.app.goo.gl/dAy23L3wP3mTsMM88; https://maps.app.goo.gl/QydbrwwdHVvcm7keA; https://maps.app.goo.gl/zAmPVdt254bS1UUU7; https://goo.gl/maps/Y5rcVkPSFzuYQtaJ7; https://goo.gl/maps/tu8NToyeSY9qMEt19; https://goo.gl/maps/sMLMvWwegyerE3jJ9; https://goo.gl/maps/mJAEFg5zdD6J4Xbq8; https://goo.gl/maps/hgxR4SsThT7KqvbUA
BDS-CURATED-0157,trên có diện tích hơn 77ha,https://maps.app.goo.gl/t178LDzcrFtjxgEz9; https://maps.app.goo.gl/qDbb6mJHvwhXw4Az6; https://maps.app.goo.gl/D8GuCY5LefTH8JVq9; https://maps.app.goo.gl/oHEYY6H9GGykdD9C6; https://maps.app.goo.gl/GdiSL1z7fBFtk3tr8; https://maps.app.goo.gl/ioqJ9N2mKRyMdiAe6; https://maps.app.goo.gl/dRnRPbNFPmCfsTHAA; https://www.google.com/maps/d/edit?mid=1pYF3M65dQngj9P_VP8SbXUKy92nYnFo&usp=sharing; https://maps.app.goo.gl/v8GdHbU3xb5G8JFs9; https://goo.gl/maps/Empzn8zwhyULFrqV8; https://maps.app.goo.gl/AoJAreLLvUUHzVVw5; https://maps.app.goo.gl/zNrudtbb4kMk2xxv5; https://maps.app.goo.gl/H57L1w8ReXXNhtb99; https://www.google.com/maps/d/edit?mid=1SAcLUqc-JTEBiY1uNXVoDUdI-a5wJd0&ll=10.002013642197713%2C105…; https://maps.app.goo.gl/QVMCmJp83pMBNKrL8; https://maps.app.goo.gl/Mww4k2RWctPHssMQA; https://maps.app.goo.gl/Hn6baY7yBKNTcRXs8; https://maps.app.goo.gl/bKZVkKUcnYGRLJWw5; https://www.google.com/maps/d/edit?mid=1Fl7DvT-DOnJvyHZ0Oq5v-nUadBLGHFo&usp=sharing; https://maps.app.goo.gl/pTzfCxqkMYLuLe9z9; https://maps.app.goo.gl/Fsyo4xmwK3kmzbC9A; https://maps.app.goo.gl/hMM3KEF5KhFhsZJi7; https://maps.app.goo.gl/7yPFeG3okyKbrLCM9; https://maps.app.goo.gl/acrdQ54V3NVNNkKh9; https://www.google.com/maps/d/edit?mid=1MawyjqMPRL80P8Y7qm_ZhtUgghnbpFc&usp=sharing; https://maps.app.goo.gl/ET75kfpwVX837fEE6; https://maps.app.goo.gl/47PLkeuNfzKvw38w8; https://maps.app.goo.gl/RXcEPNYx6EwAbDxF9; https://maps.app.goo.gl/xg6rRMGswq5scyCbA; https://maps.app.goo.gl/whvDoK2djK9ZczAK8; https://maps.app.goo.gl/gr7GZiwJ71dX1nzNA; https://maps.app.goo.gl/efNjqXtJS5uqAid67; https://maps.app.goo.gl/9D1AGeGBDHSvttic8; https://maps.app.goo.gl/xomcfbw3UHPYcLxG8; https://maps.app.goo.gl/wbNjvBPsJioGNogn8; https://maps.app.goo.gl/DAATNJRd8MxG4uyaA; https://maps.app.goo.gl/cuqyDKdtbfwW1DAa8; https://maps.app.goo.gl/Wji4ey8prbGM2zHJ6; https://maps.app.goo.gl/UEv62Ht1RcfDLLML8; https://maps.app.goo.gl/TcCLZG1kwf9F7wCu5; https://maps.app.goo.gl/yVp7cfpfnfdzb7mV7; https://maps.app.goo.gl/uKe9j2z7xKHjdR8A7; https://goo.gl/maps/xNEqZWHrXNzKYLHe6; https://maps.app.goo.gl/NT8XaQJv76yrgG946; https://maps.app.goo.gl/B98HY6ThSbAhg1a98; https://maps.app.goo.gl/sY5sb4n5Lvp2K2oz7; https://maps.app.goo.gl/xQZeRwkJHuyDhx496; https://maps.app.goo.gl/s62kTxdTsTQvQHDJ9; https://maps.app.goo.gl/XwfK6AzNVqs5eFX17; https://maps.app.goo.gl/QAU1JqmdETLn951C; https://maps.app.goo.gl/K3ASKRs9Sc5yfa9z9; https://maps.app.goo.gl/dAy23L3wP3mTsMM88; https://maps.app.goo.gl/QydbrwwdHVvcm7keA; https://maps.app.goo.gl/E7ucSVc9hHKpPNDQ6; https://maps.app.goo.gl/4E1Yi9DPgpF2CdaE7; https://maps.app.goo.gl/uLPtqwAnwnevw4zz7; https://maps.app.goo.gl/VRterbzJvDcxUkVJ6; https://maps.app.goo.gl/zAmPVdt254bS1UUU7; https://goo.gl/maps/JhPoRTM15vQA7Kk6A; https://goo.gl/maps/rzwM8zz1vmEphauk6; https://goo.gl/maps/XXMLm2Ebm5FEFwig7; https://goo.gl/maps/BgnUiLh44bo3Nyq37; https://goo.gl/maps/FmDxfXdHa9mdoGK99; https://goo.gl/maps/KCGefw7KgVDUzTPh7; https://goo.gl/maps/GPVNSt7Q6a73xSKHA; https://goo.gl/maps/h4LQbK4dijinbrmF8; https://goo.gl/maps/k4R8TwNVtrg4BrJc9; https://goo.gl/maps/YaZ9tS4Xqtm5REAe6; https://goo.gl/maps/g4UerEukDLx9YjWt5; https://goo.gl/maps/cUNDNuwk9M5KBSbJA**; https://goo.gl/maps/dSeYp8x6gD6nWQJo7; https://goo.gl/maps/xLiJbzx1TGiATefw5; https://goo.gl/maps/88psz7y8xzQTcyVn9; https://goo.gl/maps/TKu4Ej99YDW51J8o6; https://goo.gl/maps/Y5rcVkPSFzuYQtaJ7; https://goo.gl/maps/tu8NToyeSY9qMEt19; https://goo.gl/maps/oJBLCYE9ShbB6ZA6A; https://goo.gl/maps/mJAEFg5zdD6J4Xbq8; https://goo.gl/maps/1eXNtJWdQZHPkvXp8; https://goo.gl/maps/SeJtvcKkqmN6a7oy6; https://goo.gl/maps/hgxR4SsThT7KqvbUA; https://goo.gl/maps/gHyC9FmNZYpnaoV77; https://goo.gl/maps/JtDt3jc8pMZ3n7xH9; https://goo.gl/maps/GPLvd34uRNT1EL5bA; https://goo.gl/maps/oJP5R9Jfe8yAcrWY6; https://goo.gl/maps/trCxv7WmZ7Lim467A; https://goo.gl/maps/aSmRwi2p279NGLcb9; https://goo.gl/maps/s4v5mQf8LyZUv8B7A
BDS-CURATED-0140,thuộc QH hiện hữu là ô phố I82b (16,https://maps.app.goo.gl/oHEYY6H9GGykdD9C6; https://maps.app.goo.gl/qDbb6mJHvwhXw4Az6; https://maps.app.goo.gl/GdiSL1z7fBFtk3tr8; https://maps.app.goo.gl/ioqJ9N2mKRyMdiAe6; https://www.google.com/maps/d/edit?mid=1pYF3M65dQngj9P_VP8SbXUKy92nYnFo&usp=sharing; https://www.google.com/maps/d/edit?mid=1SAcLUqc-JTEBiY1uNXVoDUdI-a5wJd0&ll=10.002013642197713%2C105…; https://www.google.com/maps/d/edit?mid=1GZCfnV4401jtKcup5hFe0KPBOBMYrp4&usp=sharing; https://maps.app.goo.gl/Mww4k2RWctPHssMQA; https://www.google.com/maps/d/edit?mid=1MawyjqMPRL80P8Y7qm_ZhtUgghnbpFc&usp=sharing; https://maps.app.goo.gl/cuqyDKdtbfwW1DAa8; https://maps.app.goo.gl/o5yA5cAF8qJoTZqW8; https://maps.app.goo.gl/UEv62Ht1RcfDLLML8; https://maps.app.goo.gl/yVp7cfpfnfdzb7mV7; https://maps.app.goo.gl/b6AweqeJiHMGShsq9; https://maps.app.goo.gl/sY5sb4n5Lvp2K2oz7; https://maps.app.goo.gl/xQZeRwkJHuyDhx496; https://maps.app.goo.gl/K3ASKRs9Sc5yfa9z9; https://maps.app.goo.gl/E7ucSVc9hHKpPNDQ6; https://maps.app.goo.gl/4E1Yi9DPgpF2CdaE7; https://maps.app.goo.gl/uLPtqwAnwnevw4zz7; https://maps.app.goo.gl/9PHZkvYiuadCm992A; https://goo.gl/maps/XXMLm2Ebm5FEFwig7; https://goo.gl/maps/aChZ8vYJMZ8j6SjR7; https://goo.gl/maps/h4LQbK4dijinbrmF8; https://goo.gl/maps/YaZ9tS4Xqtm5REAe6; https://goo.gl/maps/Y5rcVkPSFzuYQtaJ7; https://goo.gl/maps/tu8NToyeSY9qMEt19; https://goo.gl/maps/sMLMvWwegyerE3jJ9; https://goo.gl/maps/mJAEFg5zdD6J4Xbq8; https://goo.gl/maps/SeJtvcKkqmN6a7oy6; https://goo.gl/maps/hgxR4SsThT7KqvbUA; https://goo.gl/maps/JtDt3jc8pMZ3n7xH9; https://goo.gl/maps/GPLvd34uRNT1EL5bA; https://goo.gl/maps/oJP5R9Jfe8yAcrWY6; https://goo.gl/maps/trCxv7WmZ7Lim467A
BDS-CURATED-0152,chưa phê duyệt quyết định/ chấp thuận chủ trương đầu tư,https://maps.app.goo.gl/uKe9j2z7xKHjdR8A7; https://maps.app.goo.gl/t178LDzcrFtjxgEz9; https://maps.app.goo.gl/qDbb6mJHvwhXw4Az6; https://maps.app.goo.gl/D8GuCY5LefTH8JVq9; https://maps.app.goo.gl/GdiSL1z7fBFtk3tr8; https://maps.app.goo.gl/ioqJ9N2mKRyMdiAe6; https://maps.app.goo.gl/dRnRPbNFPmCfsTHAA; https://www.google.com/maps/d/edit?mid=1pYF3M65dQngj9P_VP8SbXUKy92nYnFo&usp=sharing; https://maps.app.goo.gl/v8GdHbU3xb5G8JFs9; https://maps.app.goo.gl/6iyNdteYfVyyT9Xy9; https://www.google.com/maps/d/edit?mid=1SAcLUqc-JTEBiY1uNXVoDUdI-a5wJd0&ll=10.002013642197713%2C105…; https://www.google.com/maps/d/edit?mid=1GZCfnV4401jtKcup5hFe0KPBOBMYrp4&usp=sharing; https://maps.app.goo.gl/Mww4k2RWctPHssMQA; https://maps.app.goo.gl/Hn6baY7yBKNTcRXs8; https://maps.app.goo.gl/bKZVkKUcnYGRLJWw5; https://www.google.com/maps/d/edit?mid=1Fl7DvT-DOnJvyHZ0Oq5v-nUadBLGHFo&usp=sharing; https://maps.app.goo.gl/pTzfCxqkMYLuLe9z9; https://maps.app.goo.gl/7yPFeG3okyKbrLCM9; https://maps.app.goo.gl/acrdQ54V3NVNNkKh9; https://maps.app.goo.gl/Fsyo4xmwK3kmzbC9A; https://maps.app.goo.gl/hMM3KEF5KhFhsZJi7; https://www.google.com/maps/d/edit?mid=1MawyjqMPRL80P8Y7qm_ZhtUgghnbpFc&usp=sharing; https://maps.app.goo.gl/ET75kfpwVX837fEE6; https://maps.app.goo.gl/47PLkeuNfzKvw38w8; https://maps.app.goo.gl/RXcEPNYx6EwAbDxF9; https://maps.app.goo.gl/xg6rRMGswq5scyCbA; https://maps.app.goo.gl/whvDoK2djK9ZczAK8; https://maps.app.goo.gl/gr7GZiwJ71dX1nzNA; https://maps.app.goo.gl/efNjqXtJS5uqAid67; https://maps.app.goo.gl/9D1AGeGBDHSvttic8; https://maps.app.goo.gl/xomcfbw3UHPYcLxG8; https://maps.app.goo.gl/wbNjvBPsJioGNogn8; https://maps.app.goo.gl/DAATNJRd8MxG4uyaA; https://maps.app.goo.gl/cuqyDKdtbfwW1DAa8; https://maps.app.goo.gl/o5yA5cAF8qJoTZqW8; https://maps.app.goo.gl/Wji4ey8prbGM2zHJ6; https://maps.app.goo.gl/UEv62Ht1RcfDLLML8; https://maps.app.goo.gl/TcCLZG1kwf9F7wCu5; https://maps.app.goo.gl/yVp7cfpfnfdzb7mV7; https://goo.gl/maps/xNEqZWHrXNzKYLHe6; https://maps.app.goo.gl/NT8XaQJv76yrgG946; https://maps.app.goo.gl/b6AweqeJiHMGShsq9; https://maps.app.goo.gl/zNrudtbb4kMk2xxv5; https://maps.app.goo.gl/B98HY6ThSbAhg1a98; https://maps.app.goo.gl/xQZeRwkJHuyDhx496; https://maps.app.goo.gl/s62kTxdTsTQvQHDJ9; https://maps.app.goo.gl/XwfK6AzNVqs5eFX17; https://maps.app.goo.gl/QAU1JqmdETLn951C; https://maps.app.goo.gl/K3ASKRs9Sc5yfa9z9; https://maps.app.goo.gl/E7ucSVc9hHKpPNDQ6; https://maps.app.goo.gl/4E1Yi9DPgpF2CdaE7; https://maps.app.goo.gl/uLPtqwAnwnevw4zz7; https://maps.app.goo.gl/VRterbzJvDcxUkVJ6; https://maps.app.goo.gl/zAmPVdt254bS1UUU7; https://maps.app.goo.gl/9PHZkvYiuadCm992A; https://goo.gl/maps/JhPoRTM15vQA7Kk6A; https://goo.gl/maps/XXMLm2Ebm5FEFwig7; https://goo.gl/maps/FmDxfXdHa9mdoGK99; https://goo.gl/maps/KCGefw7KgVDUzTPh7; https://goo.gl/maps/aChZ8vYJMZ8j6SjR7; https://goo.gl/maps/GPVNSt7Q6a73xSKHA; https://goo.gl/maps/h4LQbK4dijinbrmF8; https://goo.gl/maps/k4R8TwNVtrg4BrJc9; https://goo.gl/maps/YaZ9tS4Xqtm5REAe6; https://goo.gl/maps/g4UerEukDLx9YjWt5; https://goo.gl/maps/QUDziRBdFv7URi8QA; https://goo.gl/maps/cUNDNuwk9M5KBSbJA**; https://goo.gl/maps/tMLVh6Gm8DCwNDzN6; https://goo.gl/maps/dSeYp8x6gD6nWQJo7; https://goo.gl/maps/VFB9RLFqHkCjVD4Y6; https://goo.gl/maps/xLiJbzx1TGiATefw5; https://goo.gl/maps/88psz7y8xzQTcyVn9; https://goo.gl/maps/TKu4Ej99YDW51J8o6; https://goo.gl/maps/Y5rcVkPSFzuYQtaJ7; https://goo.gl/maps/tu8NToyeSY9qMEt19; https://goo.gl/maps/sMLMvWwegyerE3jJ9; https://goo.gl/maps/oJBLCYE9ShbB6ZA6A; https://goo.gl/maps/mJAEFg5zdD6J4Xbq8; https://goo.gl/maps/u7HMUhYJqdPGD9dz6; https://goo.gl/maps/1eXNtJWdQZHPkvXp8; https://goo.gl/maps/9VManjp1YiqeSC1A8; https://goo.gl/maps/SeJtvcKkqmN6a7oy6; https://goo.gl/maps/hgxR4SsThT7KqvbUA; https://goo.gl/maps/gHyC9FmNZYpnaoV77; https://goo.gl/maps/5AF74tZoTkBqM71d6; https://goo.gl/maps/JtDt3jc8pMZ3n7xH9; https://goo.gl/maps/GPLvd34uRNT1EL5bA; https://goo.gl/maps/oJP5R9Jfe8yAcrWY6; https://goo.gl/maps/trCxv7WmZ7Lim467A; https://goo.gl/maps/aSmRwi2p279NGLcb9; https://goo.gl/maps/s4v5mQf8LyZUv8B7A
BDS-CURATED-0479,hoàn chỉnh nút giao và nhánh nối xa lộ Hà Nội - vành đai 3,https://www.google.com/maps/d/edit?mid=1GZCfnV4401jtKcup5hFe0KPBOBMYrp4&usp=sharing; https://maps.app.goo.gl/t178LDzcrFtjxgEz9; https://maps.app.goo.gl/qDbb6mJHvwhXw4Az6; https://maps.app.goo.gl/ioqJ9N2mKRyMdiAe6; https://maps.app.goo.gl/v8GdHbU3xb5G8JFs9; https://goo.gl/maps/Empzn8zwhyULFrqV8; https://maps.app.goo.gl/pTzfCxqkMYLuLe9z9; https://maps.app.goo.gl/7yPFeG3okyKbrLCM9; https://maps.app.goo.gl/u5QRXoNjSCh5uxRx5; https://maps.app.goo.gl/ET75kfpwVX837fEE6; https://maps.app.goo.gl/47PLkeuNfzKvw38w8; https://maps.app.goo.gl/RXcEPNYx6EwAbDxF9; https://maps.app.goo.gl/xg6rRMGswq5scyCbA; https://maps.app.goo.gl/whvDoK2djK9ZczAK8; https://maps.app.goo.gl/gr7GZiwJ71dX1nzNA; https://maps.app.goo.gl/efNjqXtJS5uqAid67; https://maps.app.goo.gl/xomcfbw3UHPYcLxG8; https://maps.app.goo.gl/cuqyDKdtbfwW1DAa8; https://maps.app.goo.gl/o5yA5cAF8qJoTZqW8; https://maps.app.goo.gl/UEv62Ht1RcfDLLML8; https://maps.app.goo.gl/TcCLZG1kwf9F7wCu5; https://maps.app.goo.gl/yVp7cfpfnfdzb7mV7; https://www.google.com/maps/d/u/1/edit?mid=10gTnNN6aieu1u3Xx49gGnnp177W4zag&usp=sharing; https://maps.app.goo.gl/NT8XaQJv76yrgG946; https://maps.app.goo.gl/b6AweqeJiHMGShsq9; https://maps.app.goo.gl/zNrudtbb4kMk2xxv5; https://maps.app.goo.gl/B98HY6ThSbAhg1a98; https://maps.app.goo.gl/sY5sb4n5Lvp2K2oz7; https://maps.app.goo.gl/xQZeRwkJHuyDhx496; https://maps.app.goo.gl/s62kTxdTsTQvQHDJ9; https://maps.app.goo.gl/XwfK6AzNVqs5eFX17; https://maps.app.goo.gl/QAU1JqmdETLn951C; https://maps.app.goo.gl/K3ASKRs9Sc5yfa9z9; https://maps.app.goo.gl/dAy23L3wP3mTsMM88; https://maps.app.goo.gl/QydbrwwdHVvcm7keA; https://maps.app.goo.gl/4E1Yi9DPgpF2CdaE7; https://maps.app.goo.gl/uLPtqwAnwnevw4zz7; https://maps.app.goo.gl/zAmPVdt254bS1UUU7; https://maps.app.goo.gl/9PHZkvYiuadCm992A; https://goo.gl/maps/JhPoRTM15vQA7Kk6A; https://goo.gl/maps/rzwM8zz1vmEphauk6; https://goo.gl/maps/XXMLm2Ebm5FEFwig7; https://goo.gl/maps/FmDxfXdHa9mdoGK99; https://goo.gl/maps/aChZ8vYJMZ8j6SjR7; https://goo.gl/maps/GPVNSt7Q6a73xSKHA; https://goo.gl/maps/h4LQbK4dijinbrmF8; https://goo.gl/maps/k4R8TwNVtrg4BrJc9; https://goo.gl/maps/YaZ9tS4Xqtm5REAe6; https://goo.gl/maps/g4UerEukDLx9YjWt5; https://goo.gl/maps/cUNDNuwk9M5KBSbJA**; https://goo.gl/maps/88psz7y8xzQTcyVn9; https://goo.gl/maps/TKu4Ej99YDW51J8o6; https://goo.gl/maps/Y5rcVkPSFzuYQtaJ7; https://goo.gl/maps/tu8NToyeSY9qMEt19; https://goo.gl/maps/mJAEFg5zdD6J4Xbq8; https://goo.gl/maps/1eXNtJWdQZHPkvXp8; https://goo.gl/maps/9VManjp1YiqeSC1A8; https://goo.gl/maps/SeJtvcKkqmN6a7oy6; https://goo.gl/maps/hgxR4SsThT7KqvbUA; https://goo.gl/maps/gHyC9FmNZYpnaoV77; https://goo.gl/maps/JtDt3jc8pMZ3n7xH9; https://goo.gl/maps/GPLvd34uRNT1EL5bA; https://goo.gl/maps/oJP5R9Jfe8yAcrWY6; https://goo.gl/maps/trCxv7WmZ7Lim467A; https://goo.gl/maps/aSmRwi2p279NGLcb9; https://goo.gl/maps/s4v5mQf8LyZUv8B7A
BDS-CURATED-0342,Bất động sản khảo sát,https://maps.app.goo.gl/ioqJ9N2mKRyMdiAe6; https://maps.app.goo.gl/bKZVkKUcnYGRLJWw5; https://www.google.com/maps/d/edit?mid=1Fl7DvT-DOnJvyHZ0Oq5v-nUadBLGHFo&usp=sharing; https://maps.app.goo.gl/gr7GZiwJ71dX1nzNA; https://maps.app.goo.gl/cuqyDKdtbfwW1DAa8; https://maps.app.goo.gl/9PHZkvYiuadCm992A; https://goo.gl/maps/xLiJbzx1TGiATefw5; https://goo.gl/maps/88psz7y8xzQTcyVn9; https://goo.gl/maps/mJAEFg5zdD6J4Xbq8; https://goo.gl/maps/SeJtvcKkqmN6a7oy6; https://goo.gl/maps/gHyC9FmNZYpnaoV77; https://goo.gl/maps/5AF74tZoTkBqM71d6
BDS-CURATED-0333,Phượng Hoàng,https://maps.app.goo.gl/xomcfbw3UHPYcLxG8; https://maps.app.goo.gl/uKe9j2z7xKHjdR8A7
BDS-CURATED-0203,du lịch sinh thái nghỉ dưỡng giải trí núi Chứa Chan với giá khoảng 1,https://goo.gl/maps/JhPoRTM15vQA7Kk6A; https://maps.app.goo.gl/dRnRPbNFPmCfsTHAA; https://maps.app.goo.gl/Mww4k2RWctPHssMQA; https://www.google.com/maps/d/edit?mid=1MawyjqMPRL80P8Y7qm_ZhtUgghnbpFc&usp=sharing; https://maps.app.goo.gl/efNjqXtJS5uqAid67; https://maps.app.goo.gl/xomcfbw3UHPYcLxG8; https://maps.app.goo.gl/wbNjvBPsJioGNogn8; https://maps.app.goo.gl/DAATNJRd8MxG4uyaA; https://maps.app.goo.gl/cuqyDKdtbfwW1DAa8; https://maps.app.goo.gl/Wji4ey8prbGM2zHJ6; https://maps.app.goo.gl/UEv62Ht1RcfDLLML8; https://maps.app.goo.gl/yVp7cfpfnfdzb7mV7; https://maps.app.goo.gl/zNrudtbb4kMk2xxv5; https://maps.app.goo.gl/NT8XaQJv76yrgG946; https://maps.app.goo.gl/b6AweqeJiHMGShsq9; https://maps.app.goo.gl/xQZeRwkJHuyDhx496; https://maps.app.goo.gl/K3ASKRs9Sc5yfa9z9; https://maps.app.goo.gl/dAy23L3wP3mTsMM88; https://maps.app.goo.gl/QydbrwwdHVvcm7keA; https://maps.app.goo.gl/E7ucSVc9hHKpPNDQ6; https://maps.app.goo.gl/4E1Yi9DPgpF2CdaE7; https://maps.app.goo.gl/uLPtqwAnwnevw4zz7; https://maps.app.goo.gl/zAmPVdt254bS1UUU7; https://maps.app.goo.gl/ioqJ9N2mKRyMdiAe6; https://maps.app.goo.gl/9PHZkvYiuadCm992A; https://goo.gl/maps/XXMLm2Ebm5FEFwig7; https://goo.gl/maps/FmDxfXdHa9mdoGK99; https://goo.gl/maps/aChZ8vYJMZ8j6SjR7; https://goo.gl/maps/h4LQbK4dijinbrmF8; https://goo.gl/maps/k4R8TwNVtrg4BrJc9; https://goo.gl/maps/QUDziRBdFv7URi8QA; https://goo.gl/maps/tMLVh6Gm8DCwNDzN6; https://goo.gl/maps/TKu4Ej99YDW51J8o6; https://goo.gl/maps/Y5rcVkPSFzuYQtaJ7; https://goo.gl/maps/tu8NToyeSY9qMEt19; https://goo.gl/maps/sMLMvWwegyerE3jJ9; https://goo.gl/maps/oJBLCYE9ShbB6ZA6A; https://goo.gl/maps/9VManjp1YiqeSC1A8; https://goo.gl/maps/hgxR4SsThT7KqvbUA; https://goo.gl/maps/gHyC9FmNZYpnaoV77; https://goo.gl/maps/5AF74tZoTkBqM71d6; https://goo.gl/maps/JtDt3jc8pMZ3n7xH9; https://goo.gl/maps/GPLvd34uRNT1EL5bA; https://goo.gl/maps/oJP5R9Jfe8yAcrWY6; https://goo.gl/maps/trCxv7WmZ7Lim467A
BDS-CURATED-0159,Aqua city của Novaland đã được tháo gỡ vướng mắc về pháp lý,https://maps.app.goo.gl/zNrudtbb4kMk2xxv5; https://maps.app.goo.gl/qDbb6mJHvwhXw4Az6; https://maps.app.goo.gl/D8GuCY5LefTH8JVq9; https://maps.app.goo.gl/GdiSL1z7fBFtk3tr8; https://maps.app.goo.gl/ioqJ9N2mKRyMdiAe6; https://maps.app.goo.gl/dRnRPbNFPmCfsTHAA; https://www.google.com/maps/d/edit?mid=1pYF3M65dQngj9P_VP8SbXUKy92nYnFo&usp=sharing; https://maps.app.goo.gl/6iyNdteYfVyyT9Xy9; https://maps.app.goo.gl/AoJAreLLvUUHzVVw5; https://maps.app.goo.gl/bKZVkKUcnYGRLJWw5; https://www.google.com/maps/d/edit?mid=1Fl7DvT-DOnJvyHZ0Oq5v-nUadBLGHFo&usp=sharing; https://maps.app.goo.gl/pTzfCxqkMYLuLe9z9; https://maps.app.goo.gl/7yPFeG3okyKbrLCM9; https://maps.app.goo.gl/acrdQ54V3NVNNkKh9; https://maps.app.goo.gl/ET75kfpwVX837fEE6; https://maps.app.goo.gl/47PLkeuNfzKvw38w8; https://maps.app.goo.gl/RXcEPNYx6EwAbDxF9; https://maps.app.goo.gl/xg6rRMGswq5scyCbA; https://maps.app.goo.gl/whvDoK2djK9ZczAK8; https://maps.app.goo.gl/efNjqXtJS5uqAid67; https://maps.app.goo.gl/9D1AGeGBDHSvttic8; https://maps.app.goo.gl/xomcfbw3UHPYcLxG8; https://maps.app.goo.gl/wbNjvBPsJioGNogn8; https://maps.app.goo.gl/DAATNJRd8MxG4uyaA; https://maps.app.goo.gl/cuqyDKdtbfwW1DAa8; https://maps.app.goo.gl/o5yA5cAF8qJoTZqW8; https://maps.app.goo.gl/Wji4ey8prbGM2zHJ6; https://maps.app.goo.gl/UEv62Ht1RcfDLLML8; https://maps.app.goo.gl/TcCLZG1kwf9F7wCu5; https://maps.app.goo.gl/yVp7cfpfnfdzb7mV7; https://maps.app.goo.gl/uKe9j2z7xKHjdR8A7; https://goo.gl/maps/xNEqZWHrXNzKYLHe6; https://maps.app.goo.gl/NT8XaQJv76yrgG946; https://maps.app.goo.gl/b6AweqeJiHMGShsq9; https://maps.app.goo.gl/B98HY6ThSbAhg1a98; https://maps.app.goo.gl/sY5sb4n5Lvp2K2oz7; https://maps.app.goo.gl/xQZeRwkJHuyDhx496; https://maps.app.goo.gl/s62kTxdTsTQvQHDJ9; https://maps.app.goo.gl/XwfK6AzNVqs5eFX17; https://maps.app.goo.gl/QAU1JqmdETLn951C; https://maps.app.goo.gl/K3ASKRs9Sc5yfa9z9; https://maps.app.goo.gl/4E1Yi9DPgpF2CdaE7; https://maps.app.goo.gl/uLPtqwAnwnevw4zz7; https://maps.app.goo.gl/VRterbzJvDcxUkVJ6; https://maps.app.goo.gl/zAmPVdt254bS1UUU7; https://maps.app.goo.gl/9PHZkvYiuadCm992A; https://goo.gl/maps/JhPoRTM15vQA7Kk6A; https://goo.gl/maps/XXMLm2Ebm5FEFwig7; https://goo.gl/maps/BgnUiLh44bo3Nyq37; https://goo.gl/maps/FmDxfXdHa9mdoGK99; https://goo.gl/maps/aChZ8vYJMZ8j6SjR7; https://goo.gl/maps/CJMhzfJXxVkLkHgVA; https://goo.gl/maps/h4LQbK4dijinbrmF8; https://goo.gl/maps/k4R8TwNVtrg4BrJc9; https://goo.gl/maps/YaZ9tS4Xqtm5REAe6; https://goo.gl/maps/g4UerEukDLx9YjWt5; https://goo.gl/maps/C86NnDNwQKH22Bek9-; https://goo.gl/maps/QUDziRBdFv7URi8QA; https://goo.gl/maps/cUNDNuwk9M5KBSbJA**; https://goo.gl/maps/tMLVh6Gm8DCwNDzN6; https://goo.gl/maps/VFB9RLFqHkCjVD4Y6; https://goo.gl/maps/88psz7y8xzQTcyVn9; https://goo.gl/maps/TKu4Ej99YDW51J8o6; https://goo.gl/maps/Y5rcVkPSFzuYQtaJ7; https://goo.gl/maps/tu8NToyeSY9qMEt19; https://goo.gl/maps/sMLMvWwegyerE3jJ9; https://goo.gl/maps/mJAEFg5zdD6J4Xbq8; https://goo.gl/maps/1eXNtJWdQZHPkvXp8; https://goo.gl/maps/SeJtvcKkqmN6a7oy6; https://goo.gl/maps/hgxR4SsThT7KqvbUA; https://goo.gl/maps/gHyC9FmNZYpnaoV77; https://goo.gl/maps/5AF74tZoTkBqM71d6; https://goo.gl/maps/JtDt3jc8pMZ3n7xH9; https://goo.gl/maps/GPLvd34uRNT1EL5bA; https://goo.gl/maps/oJP5R9Jfe8yAcrWY6; https://goo.gl/maps/trCxv7WmZ7Lim467A; https://goo.gl/maps/aSmRwi2p279NGLcb9; https://goo.gl/maps/s4v5mQf8LyZUv8B7A
BDS-CURATED-0166,Sông Đà - Quốc Cường Gia Lai (Nguồn từ Mr Tiến R&D) có giá chào 6,https://maps.app.goo.gl/t178LDzcrFtjxgEz9; https://maps.app.goo.gl/qDbb6mJHvwhXw4Az6; https://maps.app.goo.gl/oHEYY6H9GGykdD9C6; https://www.google.com/maps/d/edit?mid=1pYF3M65dQngj9P_VP8SbXUKy92nYnFo&usp=sharing; https://goo.gl/maps/Empzn8zwhyULFrqV8; https://maps.app.goo.gl/AoJAreLLvUUHzVVw5; https://maps.app.goo.gl/bKZVkKUcnYGRLJWw5; https://maps.app.goo.gl/pTzfCxqkMYLuLe9z9; https://maps.app.goo.gl/acrdQ54V3NVNNkKh9; https://maps.app.goo.gl/ET75kfpwVX837fEE6; https://maps.app.goo.gl/47PLkeuNfzKvw38w8; https://maps.app.goo.gl/RXcEPNYx6EwAbDxF9; https://maps.app.goo.gl/efNjqXtJS5uqAid67; https://maps.app.goo.gl/xomcfbw3UHPYcLxG8; https://maps.app.goo.gl/wbNjvBPsJioGNogn8; https://maps.app.goo.gl/DAATNJRd8MxG4uyaA; https://maps.app.goo.gl/cuqyDKdtbfwW1DAa8; https://maps.app.goo.gl/Wji4ey8prbGM2zHJ6; https://maps.app.goo.gl/yVp7cfpfnfdzb7mV7; https://maps.app.goo.gl/uKe9j2z7xKHjdR8A7; https://goo.gl/maps/xNEqZWHrXNzKYLHe6; https://maps.app.goo.gl/NT8XaQJv76yrgG946; https://maps.app.goo.gl/zNrudtbb4kMk2xxv5; https://maps.app.goo.gl/B98HY6ThSbAhg1a98; https://maps.app.goo.gl/sY5sb4n5Lvp2K2oz7; https://maps.app.goo.gl/xQZeRwkJHuyDhx496; https://maps.app.goo.gl/s62kTxdTsTQvQHDJ9; https://maps.app.goo.gl/K3ASKRs9Sc5yfa9z9; https://maps.app.goo.gl/uLPtqwAnwnevw4zz7; https://maps.app.goo.gl/VRterbzJvDcxUkVJ6; https://maps.app.goo.gl/zAmPVdt254bS1UUU7; https://maps.app.goo.gl/9PHZkvYiuadCm992A; https://goo.gl/maps/JhPoRTM15vQA7Kk6A; https://goo.gl/maps/XXMLm2Ebm5FEFwig7; https://goo.gl/maps/BgnUiLh44bo3Nyq37; https://goo.gl/maps/FmDxfXdHa9mdoGK99; https://goo.gl/maps/GPVNSt7Q6a73xSKHA; https://goo.gl/maps/h4LQbK4dijinbrmF8; https://goo.gl/maps/YaZ9tS4Xqtm5REAe6; https://goo.gl/maps/g4UerEukDLx9YjWt5; https://goo.gl/maps/C86NnDNwQKH22Bek9-; https://goo.gl/maps/QUDziRBdFv7URi8QA; https://goo.gl/maps/cUNDNuwk9M5KBSbJA**; https://goo.gl/maps/xLiJbzx1TGiATefw5; https://goo.gl/maps/Y5rcVkPSFzuYQtaJ7; https://goo.gl/maps/tu8NToyeSY9qMEt19; https://goo.gl/maps/sMLMvWwegyerE3jJ9; https://goo.gl/maps/mJAEFg5zdD6J4Xbq8; https://goo.gl/maps/u7HMUhYJqdPGD9dz6; https://goo.gl/maps/1eXNtJWdQZHPkvXp8; https://goo.gl/maps/9VManjp1YiqeSC1A8; https://goo.gl/maps/SeJtvcKkqmN6a7oy6; https://goo.gl/maps/hgxR4SsThT7KqvbUA; https://goo.gl/maps/gHyC9FmNZYpnaoV77; https://goo.gl/maps/5AF74tZoTkBqM71d6; https://goo.gl/maps/JtDt3jc8pMZ3n7xH9; https://goo.gl/maps/GPLvd34uRNT1EL5bA; https://goo.gl/maps/oJP5R9Jfe8yAcrWY6; https://goo.gl/maps/trCxv7WmZ7Lim467A; https://goo.gl/maps/aSmRwi2p279NGLcb9; https://goo.gl/maps/s4v5mQf8LyZUv8B7A
BDS-CURATED-0417,khách sạn Dự án Holiday,https://maps.app.goo.gl/gr7GZiwJ71dX1nzNA; https://maps.app.goo.gl/cuqyDKdtbfwW1DAa8; https://maps.app.goo.gl/xQZeRwkJHuyDhx496
BDS-CURATED-0389,đấu thầu tại Đà Nẵng,https://maps.app.goo.gl/wbNjvBPsJioGNogn8; https://maps.app.goo.gl/DAATNJRd8MxG4uyaA
BDS-CURATED-0378,Aqua City và Swan Bay,https://maps.app.goo.gl/sY5sb4n5Lvp2K2oz7
BDS-CURATED-0394,Long Tân đến nay là khoảng 871 tỷ,https://www.google.com/maps/d/edit?mid=1GZCfnV4401jtKcup5hFe0KPBOBMYrp4&usp=sharing; https://maps.app.goo.gl/Hn6baY7yBKNTcRXs8; https://maps.app.goo.gl/efNjqXtJS5uqAid67; https://maps.app.goo.gl/yVp7cfpfnfdzb7mV7; https://maps.app.goo.gl/B98HY6ThSbAhg1a98; https://maps.app.goo.gl/sY5sb4n5Lvp2K2oz7; https://maps.app.goo.gl/dAy23L3wP3mTsMM88; https://maps.app.goo.gl/QydbrwwdHVvcm7keA; https://maps.app.goo.gl/zAmPVdt254bS1UUU7; https://maps.app.goo.gl/9PHZkvYiuadCm992A; https://goo.gl/maps/XXMLm2Ebm5FEFwig7; https://goo.gl/maps/KCGefw7KgVDUzTPh7; https://goo.gl/maps/k4R8TwNVtrg4BrJc9; https://goo.gl/maps/tMLVh6Gm8DCwNDzN6; https://goo.gl/maps/Y5rcVkPSFzuYQtaJ7; https://goo.gl/maps/tu8NToyeSY9qMEt19; https://goo.gl/maps/mJAEFg5zdD6J4Xbq8; https://goo.gl/maps/9VManjp1YiqeSC1A8; https://goo.gl/maps/JtDt3jc8pMZ3n7xH9; https://goo.gl/maps/GPLvd34uRNT1EL5bA; https://goo.gl/maps/oJP5R9Jfe8yAcrWY6; https://goo.gl/maps/trCxv7WmZ7Lim467A
BDS-CURATED-0132,Võ Văn Kiệt (Gộp 2 Lô) theo chỉ tiêu QH dự kiến điều chỉnh,https://maps.app.goo.gl/cuqyDKdtbfwW1DAa8; https://maps.app.goo.gl/t178LDzcrFtjxgEz9; https://maps.app.goo.gl/qDbb6mJHvwhXw4Az6; https://maps.app.goo.gl/GdiSL1z7fBFtk3tr8; https://maps.app.goo.gl/ioqJ9N2mKRyMdiAe6; https://maps.app.goo.gl/dRnRPbNFPmCfsTHAA; https://www.google.com/maps/d/edit?mid=1pYF3M65dQngj9P_VP8SbXUKy92nYnFo&usp=sharing; https://maps.app.goo.gl/v8GdHbU3xb5G8JFs9; https://goo.gl/maps/Empzn8zwhyULFrqV8; https://www.google.com/maps/d/edit?mid=1GZCfnV4401jtKcup5hFe0KPBOBMYrp4&usp=sharing; https://maps.app.goo.gl/QVMCmJp83pMBNKrL8; https://maps.app.goo.gl/bKZVkKUcnYGRLJWw5; https://www.google.com/maps/d/edit?mid=1Fl7DvT-DOnJvyHZ0Oq5v-nUadBLGHFo&usp=sharing; https://maps.app.goo.gl/pTzfCxqkMYLuLe9z9; https://maps.app.goo.gl/7yPFeG3okyKbrLCM9; https://maps.app.goo.gl/acrdQ54V3NVNNkKh9; https://www.google.com/maps/d/edit?mid=1MawyjqMPRL80P8Y7qm_ZhtUgghnbpFc&usp=sharing; https://maps.app.goo.gl/ET75kfpwVX837fEE6; https://maps.app.goo.gl/47PLkeuNfzKvw38w8; https://maps.app.goo.gl/RXcEPNYx6EwAbDxF9; https://maps.app.goo.gl/xg6rRMGswq5scyCbA; https://maps.app.goo.gl/whvDoK2djK9ZczAK8; https://maps.app.goo.gl/gr7GZiwJ71dX1nzNA; https://maps.app.goo.gl/efNjqXtJS5uqAid67; https://maps.app.goo.gl/9D1AGeGBDHSvttic8; https://maps.app.goo.gl/xomcfbw3UHPYcLxG8; https://maps.app.goo.gl/wbNjvBPsJioGNogn8; https://maps.app.goo.gl/DAATNJRd8MxG4uyaA; https://maps.app.goo.gl/o5yA5cAF8qJoTZqW8; https://maps.app.goo.gl/UEv62Ht1RcfDLLML8; https://maps.app.goo.gl/TcCLZG1kwf9F7wCu5; https://maps.app.goo.gl/uKe9j2z7xKHjdR8A7; https://goo.gl/maps/xNEqZWHrXNzKYLHe6; https://maps.app.goo.gl/NT8XaQJv76yrgG946; https://maps.app.goo.gl/b6AweqeJiHMGShsq9; https://maps.app.goo.gl/zNrudtbb4kMk2xxv5; https://maps.app.goo.gl/B98HY6ThSbAhg1a98; https://maps.app.goo.gl/sY5sb4n5Lvp2K2oz7; https://maps.app.goo.gl/xQZeRwkJHuyDhx496; https://maps.app.goo.gl/s62kTxdTsTQvQHDJ9; https://maps.app.goo.gl/XwfK6AzNVqs5eFX17; https://maps.app.goo.gl/QAU1JqmdETLn951C; https://maps.app.goo.gl/K3ASKRs9Sc5yfa9z9; https://maps.app.goo.gl/dAy23L3wP3mTsMM88; https://maps.app.goo.gl/QydbrwwdHVvcm7keA; https://maps.app.goo.gl/E7ucSVc9hHKpPNDQ6; https://maps.app.goo.gl/uLPtqwAnwnevw4zz7; https://maps.app.goo.gl/VRterbzJvDcxUkVJ6; https://maps.app.goo.gl/zAmPVdt254bS1UUU7; https://maps.app.goo.gl/9PHZkvYiuadCm992A; https://goo.gl/maps/JhPoRTM15vQA7Kk6A; https://goo.gl/maps/XXMLm2Ebm5FEFwig7; https://goo.gl/maps/BgnUiLh44bo3Nyq37; https://goo.gl/maps/FmDxfXdHa9mdoGK99; https://goo.gl/maps/GPVNSt7Q6a73xSKHA; https://goo.gl/maps/h4LQbK4dijinbrmF8; https://goo.gl/maps/k4R8TwNVtrg4BrJc9; https://goo.gl/maps/YaZ9tS4Xqtm5REAe6; https://goo.gl/maps/g4UerEukDLx9YjWt5; https://goo.gl/maps/QUDziRBdFv7URi8QA; https://goo.gl/maps/cUNDNuwk9M5KBSbJA**; https://goo.gl/maps/dSeYp8x6gD6nWQJo7; https://goo.gl/maps/VFB9RLFqHkCjVD4Y6; https://goo.gl/maps/88psz7y8xzQTcyVn9; https://goo.gl/maps/TKu4Ej99YDW51J8o6; https://goo.gl/maps/Y5rcVkPSFzuYQtaJ7; https://goo.gl/maps/tu8NToyeSY9qMEt19; https://goo.gl/maps/sMLMvWwegyerE3jJ9; https://goo.gl/maps/mJAEFg5zdD6J4Xbq8; https://goo.gl/maps/1eXNtJWdQZHPkvXp8; https://goo.gl/maps/SeJtvcKkqmN6a7oy6; https://goo.gl/maps/hgxR4SsThT7KqvbUA; https://goo.gl/maps/gHyC9FmNZYpnaoV77; https://goo.gl/maps/trCxv7WmZ7Lim467A
BDS-CURATED-0428,Đầu tư xây dựng đường Cao tốc TP,https://www.google.com/maps/d/u/1/edit?mid=10gTnNN6aieu1u3Xx49gGnnp177W4zag&usp=sharing; https://maps.app.goo.gl/qDbb6mJHvwhXw4Az6; https://maps.app.goo.gl/D8GuCY5LefTH8JVq9; https://maps.app.goo.gl/GdiSL1z7fBFtk3tr8; https://maps.app.goo.gl/ioqJ9N2mKRyMdiAe6; https://maps.app.goo.gl/6iyNdteYfVyyT9Xy9; https://goo.gl/maps/Empzn8zwhyULFrqV8; https://maps.app.goo.gl/AoJAreLLvUUHzVVw5; https://maps.app.goo.gl/zNrudtbb4kMk2xxv5; https://www.google.com/maps/d/edit?mid=1SAcLUqc-JTEBiY1uNXVoDUdI-a5wJd0&ll=10.002013642197713%2C105…; https://maps.app.goo.gl/bKZVkKUcnYGRLJWw5; https://maps.app.goo.gl/acrdQ54V3NVNNkKh9; https://maps.app.goo.gl/xg6rRMGswq5scyCbA; https://maps.app.goo.gl/whvDoK2djK9ZczAK8; https://maps.app.goo.gl/gr7GZiwJ71dX1nzNA; https://maps.app.goo.gl/efNjqXtJS5uqAid67; https://maps.app.goo.gl/xomcfbw3UHPYcLxG8; https://maps.app.goo.gl/wbNjvBPsJioGNogn8; https://maps.app.goo.gl/DAATNJRd8MxG4uyaA; https://maps.app.goo.gl/cuqyDKdtbfwW1DAa8; https://maps.app.goo.gl/UEv62Ht1RcfDLLML8; https://maps.app.goo.gl/TcCLZG1kwf9F7wCu5; https://maps.app.goo.gl/yVp7cfpfnfdzb7mV7; https://maps.app.goo.gl/uKe9j2z7xKHjdR8A7; https://goo.gl/maps/xNEqZWHrXNzKYLHe6; https://maps.app.goo.gl/NT8XaQJv76yrgG946; https://maps.app.goo.gl/b6AweqeJiHMGShsq9; https://maps.app.goo.gl/B98HY6ThSbAhg1a98; https://maps.app.goo.gl/xQZeRwkJHuyDhx496; https://maps.app.goo.gl/s62kTxdTsTQvQHDJ9; https://maps.app.goo.gl/XwfK6AzNVqs5eFX17; https://maps.app.goo.gl/QAU1JqmdETLn951C; https://maps.app.goo.gl/K3ASKRs9Sc5yfa9z9; https://maps.app.goo.gl/dAy23L3wP3mTsMM88; https://maps.app.goo.gl/QydbrwwdHVvcm7keA; https://maps.app.goo.gl/4E1Yi9DPgpF2CdaE7; https://maps.app.goo.gl/uLPtqwAnwnevw4zz7; https://maps.app.goo.gl/VRterbzJvDcxUkVJ6; https://maps.app.goo.gl/zAmPVdt254bS1UUU7; https://maps.app.goo.gl/9PHZkvYiuadCm992A; https://goo.gl/maps/rzwM8zz1vmEphauk6; https://goo.gl/maps/XXMLm2Ebm5FEFwig7; https://goo.gl/maps/BgnUiLh44bo3Nyq37; https://goo.gl/maps/GPVNSt7Q6a73xSKHA; https://goo.gl/maps/h4LQbK4dijinbrmF8; https://goo.gl/maps/k4R8TwNVtrg4BrJc9; https://goo.gl/maps/YaZ9tS4Xqtm5REAe6; https://goo.gl/maps/g4UerEukDLx9YjWt5; https://goo.gl/maps/cUNDNuwk9M5KBSbJA**; https://goo.gl/maps/tMLVh6Gm8DCwNDzN6; https://goo.gl/maps/xLiJbzx1TGiATefw5; https://goo.gl/maps/88psz7y8xzQTcyVn9; https://goo.gl/maps/Y5rcVkPSFzuYQtaJ7; https://goo.gl/maps/tu8NToyeSY9qMEt19; https://goo.gl/maps/sMLMvWwegyerE3jJ9; https://goo.gl/maps/mJAEFg5zdD6J4Xbq8; https://goo.gl/maps/1eXNtJWdQZHPkvXp8; https://goo.gl/maps/SeJtvcKkqmN6a7oy6; https://goo.gl/maps/hgxR4SsThT7KqvbUA; https://goo.gl/maps/gHyC9FmNZYpnaoV77; https://goo.gl/maps/5AF74tZoTkBqM71d6; https://goo.gl/maps/JtDt3jc8pMZ3n7xH9; https://goo.gl/maps/GPLvd34uRNT1EL5bA; https://goo.gl/maps/oJP5R9Jfe8yAcrWY6; https://goo.gl/maps/trCxv7WmZ7Lim467A; https://goo.gl/maps/aSmRwi2p279NGLcb9; https://goo.gl/maps/s4v5mQf8LyZUv8B7A
BDS-CURATED-0240,càng tốt ạ Vì luật hiện nay vẫn quy định đơn giá ko dc,https://maps.app.goo.gl/yVp7cfpfnfdzb7mV7; https://maps.app.goo.gl/qDbb6mJHvwhXw4Az6; https://maps.app.goo.gl/ioqJ9N2mKRyMdiAe6; https://maps.app.goo.gl/dRnRPbNFPmCfsTHAA; https://www.google.com/maps/d/edit?mid=1pYF3M65dQngj9P_VP8SbXUKy92nYnFo&usp=sharing; https://maps.app.goo.gl/6iyNdteYfVyyT9Xy9; https://maps.app.goo.gl/H57L1w8ReXXNhtb99; https://www.google.com/maps/d/edit?mid=1SAcLUqc-JTEBiY1uNXVoDUdI-a5wJd0&ll=10.002013642197713%2C105…; https://www.google.com/maps/d/edit?mid=1GZCfnV4401jtKcup5hFe0KPBOBMYrp4&usp=sharing; https://maps.app.goo.gl/Hn6baY7yBKNTcRXs8; https://maps.app.goo.gl/pTzfCxqkMYLuLe9z9; https://maps.app.goo.gl/Fsyo4xmwK3kmzbC9A; https://maps.app.goo.gl/hMM3KEF5KhFhsZJi7; https://maps.app.goo.gl/7yPFeG3okyKbrLCM9; https://maps.app.goo.gl/acrdQ54V3NVNNkKh9; https://maps.app.goo.gl/efNjqXtJS5uqAid67; https://maps.app.goo.gl/9D1AGeGBDHSvttic8; https://maps.app.goo.gl/xomcfbw3UHPYcLxG8; https://maps.app.goo.gl/wbNjvBPsJioGNogn8; https://maps.app.goo.gl/DAATNJRd8MxG4uyaA; https://maps.app.goo.gl/cuqyDKdtbfwW1DAa8; https://maps.app.goo.gl/o5yA5cAF8qJoTZqW8; https://maps.app.goo.gl/Wji4ey8prbGM2zHJ6; https://maps.app.goo.gl/UEv62Ht1RcfDLLML8; https://maps.app.goo.gl/TcCLZG1kwf9F7wCu5; https://maps.app.goo.gl/uKe9j2z7xKHjdR8A7; https://goo.gl/maps/xNEqZWHrXNzKYLHe6; https://maps.app.goo.gl/NT8XaQJv76yrgG946; https://maps.app.goo.gl/b6AweqeJiHMGShsq9; https://maps.app.goo.gl/B98HY6ThSbAhg1a98; https://maps.app.goo.gl/sY5sb4n5Lvp2K2oz7; https://maps.app.goo.gl/xQZeRwkJHuyDhx496; https://maps.app.goo.gl/s62kTxdTsTQvQHDJ9; https://maps.app.goo.gl/XwfK6AzNVqs5eFX17; https://maps.app.goo.gl/QAU1JqmdETLn951C; https://maps.app.goo.gl/K3ASKRs9Sc5yfa9z9; https://maps.app.goo.gl/zNrudtbb4kMk2xxv5; https://maps.app.goo.gl/E7ucSVc9hHKpPNDQ6; https://maps.app.goo.gl/4E1Yi9DPgpF2CdaE7; https://maps.app.goo.gl/uLPtqwAnwnevw4zz7; https://maps.app.goo.gl/VRterbzJvDcxUkVJ6; https://maps.app.goo.gl/zAmPVdt254bS1UUU7; https://maps.app.goo.gl/9PHZkvYiuadCm992A; https://goo.gl/maps/JhPoRTM15vQA7Kk6A; https://goo.gl/maps/XXMLm2Ebm5FEFwig7; https://goo.gl/maps/FmDxfXdHa9mdoGK99; https://goo.gl/maps/KCGefw7KgVDUzTPh7; https://goo.gl/maps/aChZ8vYJMZ8j6SjR7; https://goo.gl/maps/GPVNSt7Q6a73xSKHA; https://goo.gl/maps/h4LQbK4dijinbrmF8; https://goo.gl/maps/k4R8TwNVtrg4BrJc9; https://goo.gl/maps/YaZ9tS4Xqtm5REAe6; https://goo.gl/maps/g4UerEukDLx9YjWt5; https://goo.gl/maps/QUDziRBdFv7URi8QA; https://goo.gl/maps/dSeYp8x6gD6nWQJo7; https://goo.gl/maps/VFB9RLFqHkCjVD4Y6; https://goo.gl/maps/xLiJbzx1TGiATefw5; https://goo.gl/maps/TKu4Ej99YDW51J8o6; https://goo.gl/maps/Y5rcVkPSFzuYQtaJ7; https://goo.gl/maps/tu8NToyeSY9qMEt19; https://goo.gl/maps/mJAEFg5zdD6J4Xbq8; https://goo.gl/maps/u7HMUhYJqdPGD9dz6; https://goo.gl/maps/1eXNtJWdQZHPkvXp8; https://goo.gl/maps/9VManjp1YiqeSC1A8; https://goo.gl/maps/SeJtvcKkqmN6a7oy6; https://goo.gl/maps/hgxR4SsThT7KqvbUA; https://goo.gl/maps/gHyC9FmNZYpnaoV77; https://goo.gl/maps/JtDt3jc8pMZ3n7xH9; https://goo.gl/maps/GPLvd34uRNT1EL5bA; https://goo.gl/maps/oJP5R9Jfe8yAcrWY6; https://goo.gl/maps/trCxv7WmZ7Lim467A
BDS-CURATED-0373,đầu tư xây dựng Cao ốc căn hộ Hạnh Phúc,https://maps.app.goo.gl/ioqJ9N2mKRyMdiAe6; https://maps.app.goo.gl/cuqyDKdtbfwW1DAa8; https://maps.app.goo.gl/xQZeRwkJHuyDhx496; https://goo.gl/maps/88psz7y8xzQTcyVn9
BDS-CURATED-0231,Hội An Riverside có nhiều khả năng thay đổi concept,https://goo.gl/maps/k4R8TwNVtrg4BrJc9; https://maps.app.goo.gl/t178LDzcrFtjxgEz9; https://maps.app.goo.gl/ioqJ9N2mKRyMdiAe6; https://goo.gl/maps/Empzn8zwhyULFrqV8; https://maps.app.goo.gl/AoJAreLLvUUHzVVw5; https://maps.app.goo.gl/7yPFeG3okyKbrLCM9; https://www.google.com/maps/d/edit?mid=1MawyjqMPRL80P8Y7qm_ZhtUgghnbpFc&usp=sharing; https://maps.app.goo.gl/wbNjvBPsJioGNogn8; https://maps.app.goo.gl/DAATNJRd8MxG4uyaA; https://maps.app.goo.gl/cuqyDKdtbfwW1DAa8; https://maps.app.goo.gl/o5yA5cAF8qJoTZqW8; https://maps.app.goo.gl/K3ASKRs9Sc5yfa9z9; https://maps.app.goo.gl/uLPtqwAnwnevw4zz7; https://goo.gl/maps/XXMLm2Ebm5FEFwig7; https://goo.gl/maps/aChZ8vYJMZ8j6SjR7; https://goo.gl/maps/mJAEFg5zdD6J4Xbq8; https://goo.gl/maps/hgxR4SsThT7KqvbUA; https://goo.gl/maps/JtDt3jc8pMZ3n7xH9; https://goo.gl/maps/GPLvd34uRNT1EL5bA; https://goo.gl/maps/oJP5R9Jfe8yAcrWY6
BDS-CURATED-0133,gộp 2 lô Võ Văn Kiệt theo thay đổi giá bán căn hộ và giá mua dự án,https://maps.app.goo.gl/cuqyDKdtbfwW1DAa8; https://maps.app.goo.gl/AoJAreLLvUUHzVVw5; https://maps.app.goo.gl/Hn6baY7yBKNTcRXs8; https://maps.app.goo.gl/ET75kfpwVX837fEE6; https://maps.app.goo.gl/47PLkeuNfzKvw38w8; https://maps.app.goo.gl/RXcEPNYx6EwAbDxF9; https://maps.app.goo.gl/xQZeRwkJHuyDhx496; https://goo.gl/maps/88psz7y8xzQTcyVn9; https://goo.gl/maps/SeJtvcKkqmN6a7oy6; https://goo.gl/maps/hgxR4SsThT7KqvbUA
BDS-CURATED-0390,168ha gần Khu Đa Phước - OneDrive (sharepoint,https://goo.gl/maps/35GfKER; https://goo.gl/maps/eqfdgJBc7XT7VhAW8; https://maps.app.goo.gl/zAmPVdt254bS1UUU7; https://goo.gl/maps/k4R8TwNVtrg4BrJc9; https://goo.gl/maps/g4UerEukDLx9YjWt5; https://goo.gl/maps/C86NnDNwQKH22Bek9-; https://goo.gl/maps/QUDziRBdFv7URi8QA; https://goo.gl/maps/cUNDNuwk9M5KBSbJA**; https://goo.gl/maps/VFB9RLFqHkCjVD4Y6; https://goo.gl/maps/xLiJbzx1TGiATefw5; https://goo.gl/maps/sMLMvWwegyerE3jJ9; https://goo.gl/maps/mJAEFg5zdD6J4Xbq8; https://goo.gl/maps/u7HMUhYJqdPGD9dz6; https://goo.gl/maps/9VManjp1YiqeSC1A8; https://goo.gl/maps/gHyC9FmNZYpnaoV77; https://goo.gl/maps/5AF74tZoTkBqM71d6; https://goo.gl/maps/JtDt3jc8pMZ3n7xH9; https://goo.gl/maps/GPLvd34uRNT1EL5bA; https://goo.gl/maps/oJP5R9Jfe8yAcrWY6; https://goo.gl/maps/aSmRwi2p279NGLcb9; https://goo.gl/maps/s4v5mQf8LyZUv8B7A; https://goo.gl/maps/YbeBXNFKFMabLtVG9
BDS-CURATED-0374,đã có sổ riêng từng nền,https://maps.app.goo.gl/o5yA5cAF8qJoTZqW8; https://goo.gl/maps/gHyC9FmNZYpnaoV77
BDS-CURATED-0412,Swanbay 456ha hiện Dic đã chuyển,https://maps.app.goo.gl/ioqJ9N2mKRyMdiAe6; https://www.google.com/maps/d/edit?mid=1GZCfnV4401jtKcup5hFe0KPBOBMYrp4&usp=sharing; https://maps.app.goo.gl/bKZVkKUcnYGRLJWw5; https://maps.app.goo.gl/7yPFeG3okyKbrLCM9; https://www.google.com/maps/d/edit?mid=1MawyjqMPRL80P8Y7qm_ZhtUgghnbpFc&usp=sharing; https://maps.app.goo.gl/efNjqXtJS5uqAid67; https://maps.app.goo.gl/xomcfbw3UHPYcLxG8; https://maps.app.goo.gl/cuqyDKdtbfwW1DAa8; https://maps.app.goo.gl/o5yA5cAF8qJoTZqW8; https://maps.app.goo.gl/UEv62Ht1RcfDLLML8; https://maps.app.goo.gl/TcCLZG1kwf9F7wCu5; https://maps.app.goo.gl/uKe9j2z7xKHjdR8A7; https://goo.gl/maps/xNEqZWHrXNzKYLHe6; https://maps.app.goo.gl/NT8XaQJv76yrgG946; https://maps.app.goo.gl/b6AweqeJiHMGShsq9; https://maps.app.goo.gl/B98HY6ThSbAhg1a98; https://maps.app.goo.gl/sY5sb4n5Lvp2K2oz7; https://maps.app.goo.gl/xQZeRwkJHuyDhx496; https://maps.app.goo.gl/s62kTxdTsTQvQHDJ9; https://maps.app.goo.gl/XwfK6AzNVqs5eFX17; https://maps.app.goo.gl/QAU1JqmdETLn951C; https://maps.app.goo.gl/K3ASKRs9Sc5yfa9z9; https://maps.app.goo.gl/zNrudtbb4kMk2xxv5; https://maps.app.goo.gl/dAy23L3wP3mTsMM88; https://maps.app.goo.gl/QydbrwwdHVvcm7keA; https://maps.app.goo.gl/uLPtqwAnwnevw4zz7; https://maps.app.goo.gl/zAmPVdt254bS1UUU7; https://maps.app.goo.gl/9PHZkvYiuadCm992A; https://goo.gl/maps/JhPoRTM15vQA7Kk6A; https://goo.gl/maps/rzwM8zz1vmEphauk6; https://goo.gl/maps/XXMLm2Ebm5FEFwig7; https://goo.gl/maps/GPVNSt7Q6a73xSKHA; https://goo.gl/maps/h4LQbK4dijinbrmF8; https://goo.gl/maps/YaZ9tS4Xqtm5REAe6; https://goo.gl/maps/g4UerEukDLx9YjWt5; https://goo.gl/maps/C86NnDNwQKH22Bek9-; https://goo.gl/maps/QUDziRBdFv7URi8QA; https://goo.gl/maps/cUNDNuwk9M5KBSbJA**; https://goo.gl/maps/tMLVh6Gm8DCwNDzN6; https://goo.gl/maps/dSeYp8x6gD6nWQJo7; https://goo.gl/maps/TKu4Ej99YDW51J8o6; https://goo.gl/maps/Y5rcVkPSFzuYQtaJ7; https://goo.gl/maps/tu8NToyeSY9qMEt19; https://goo.gl/maps/sMLMvWwegyerE3jJ9; https://goo.gl/maps/mJAEFg5zdD6J4Xbq8; https://goo.gl/maps/u7HMUhYJqdPGD9dz6; https://goo.gl/maps/9VManjp1YiqeSC1A8; https://goo.gl/maps/SeJtvcKkqmN6a7oy6; https://goo.gl/maps/hgxR4SsThT7KqvbUA; https://goo.gl/maps/JtDt3jc8pMZ3n7xH9; https://goo.gl/maps/GPLvd34uRNT1EL5bA; https://goo.gl/maps/oJP5R9Jfe8yAcrWY6; https://goo.gl/maps/trCxv7WmZ7Lim467A; https://goo.gl/maps/aSmRwi2p279NGLcb9; https://goo.gl/maps/s4v5mQf8LyZUv8B7A
BDS-CURATED-0170,do mình có điều chỉnh qh 1/500,https://maps.app.goo.gl/t178LDzcrFtjxgEz9; https://maps.app.goo.gl/GdiSL1z7fBFtk3tr8; https://maps.app.goo.gl/ioqJ9N2mKRyMdiAe6; https://maps.app.goo.gl/v8GdHbU3xb5G8JFs9; https://www.google.com/maps/d/edit?mid=1GZCfnV4401jtKcup5hFe0KPBOBMYrp4&usp=sharing; https://maps.app.goo.gl/bKZVkKUcnYGRLJWw5; https://maps.app.goo.gl/pTzfCxqkMYLuLe9z9; https://maps.app.goo.gl/ET75kfpwVX837fEE6; https://maps.app.goo.gl/47PLkeuNfzKvw38w8; https://maps.app.goo.gl/RXcEPNYx6EwAbDxF9; https://maps.app.goo.gl/xg6rRMGswq5scyCbA; https://maps.app.goo.gl/whvDoK2djK9ZczAK8; https://maps.app.goo.gl/efNjqXtJS5uqAid67; https://maps.app.goo.gl/cuqyDKdtbfwW1DAa8; https://maps.app.goo.gl/o5yA5cAF8qJoTZqW8; https://maps.app.goo.gl/UEv62Ht1RcfDLLML8; https://maps.app.goo.gl/TcCLZG1kwf9F7wCu5; https://maps.app.goo.gl/NT8XaQJv76yrgG946; https://maps.app.goo.gl/zNrudtbb4kMk2xxv5; https://maps.app.goo.gl/sY5sb4n5Lvp2K2oz7; https://maps.app.goo.gl/xQZeRwkJHuyDhx496; https://maps.app.goo.gl/s62kTxdTsTQvQHDJ9; https://maps.app.goo.gl/XwfK6AzNVqs5eFX17; https://maps.app.goo.gl/QAU1JqmdETLn951C; https://maps.app.goo.gl/K3ASKRs9Sc5yfa9z9; https://maps.app.goo.gl/dAy23L3wP3mTsMM88; https://maps.app.goo.gl/QydbrwwdHVvcm7keA; https://maps.app.goo.gl/zAmPVdt254bS1UUU7; https://maps.app.goo.gl/9PHZkvYiuadCm992A; https://goo.gl/maps/JhPoRTM15vQA7Kk6A; https://goo.gl/maps/XXMLm2Ebm5FEFwig7; https://goo.gl/maps/GPVNSt7Q6a73xSKHA; https://goo.gl/maps/h4LQbK4dijinbrmF8; https://goo.gl/maps/YaZ9tS4Xqtm5REAe6; https://goo.gl/maps/g4UerEukDLx9YjWt5; https://goo.gl/maps/dSeYp8x6gD6nWQJo7; https://goo.gl/maps/88psz7y8xzQTcyVn9; https://goo.gl/maps/hgxR4SsThT7KqvbUA; https://goo.gl/maps/gHyC9FmNZYpnaoV77; https://goo.gl/maps/trCxv7WmZ7Lim467A
BDS-CURATED-0416,khác Team cũng có đánh giá lại theo giá thị trường,https://www.google.com/maps/d/edit?mid=1MawyjqMPRL80P8Y7qm_ZhtUgghnbpFc&usp=sharing; https://maps.app.goo.gl/t178LDzcrFtjxgEz9; https://maps.app.goo.gl/qDbb6mJHvwhXw4Az6; https://maps.app.goo.gl/D8GuCY5LefTH8JVq9; https://maps.app.goo.gl/GdiSL1z7fBFtk3tr8; https://maps.app.goo.gl/ioqJ9N2mKRyMdiAe6; https://maps.app.goo.gl/dRnRPbNFPmCfsTHAA; https://www.google.com/maps/d/edit?mid=1pYF3M65dQngj9P_VP8SbXUKy92nYnFo&usp=sharing; https://maps.app.goo.gl/v8GdHbU3xb5G8JFs9; https://maps.app.goo.gl/6iyNdteYfVyyT9Xy9; https://goo.gl/maps/Empzn8zwhyULFrqV8; https://maps.app.goo.gl/AoJAreLLvUUHzVVw5; https://maps.app.goo.gl/zNrudtbb4kMk2xxv5; https://www.google.com/maps/d/edit?mid=1GZCfnV4401jtKcup5hFe0KPBOBMYrp4&usp=sharing; https://maps.app.goo.gl/Mww4k2RWctPHssMQA; https://maps.app.goo.gl/Hn6baY7yBKNTcRXs8; https://maps.app.goo.gl/bKZVkKUcnYGRLJWw5; https://www.google.com/maps/d/edit?mid=1Fl7DvT-DOnJvyHZ0Oq5v-nUadBLGHFo&usp=sharing; https://maps.app.goo.gl/pTzfCxqkMYLuLe9z9; https://maps.app.goo.gl/Fsyo4xmwK3kmzbC9A; https://maps.app.goo.gl/hMM3KEF5KhFhsZJi7; https://maps.app.goo.gl/ET75kfpwVX837fEE6; https://maps.app.goo.gl/47PLkeuNfzKvw38w8; https://maps.app.goo.gl/RXcEPNYx6EwAbDxF9; https://maps.app.goo.gl/xg6rRMGswq5scyCbA; https://maps.app.goo.gl/whvDoK2djK9ZczAK8; https://maps.app.goo.gl/gr7GZiwJ71dX1nzNA; https://maps.app.goo.gl/9D1AGeGBDHSvttic8; https://maps.app.goo.gl/xomcfbw3UHPYcLxG8; https://maps.app.goo.gl/wbNjvBPsJioGNogn8; https://maps.app.goo.gl/DAATNJRd8MxG4uyaA; https://maps.app.goo.gl/cuqyDKdtbfwW1DAa8; https://maps.app.goo.gl/o5yA5cAF8qJoTZqW8; https://maps.app.goo.gl/UEv62Ht1RcfDLLML8; https://maps.app.goo.gl/TcCLZG1kwf9F7wCu5; https://maps.app.goo.gl/yVp7cfpfnfdzb7mV7; https://maps.app.goo.gl/uKe9j2z7xKHjdR8A7; https://goo.gl/maps/xNEqZWHrXNzKYLHe6; https://maps.app.goo.gl/NT8XaQJv76yrgG946; https://maps.app.goo.gl/b6AweqeJiHMGShsq9; https://maps.app.goo.gl/B98HY6ThSbAhg1a98; https://maps.app.goo.gl/sY5sb4n5Lvp2K2oz7; https://maps.app.goo.gl/xQZeRwkJHuyDhx496; https://maps.app.goo.gl/s62kTxdTsTQvQHDJ9; https://maps.app.goo.gl/XwfK6AzNVqs5eFX17; https://maps.app.goo.gl/QAU1JqmdETLn951C; https://maps.app.goo.gl/K3ASKRs9Sc5yfa9z9; https://maps.app.goo.gl/E7ucSVc9hHKpPNDQ6; https://maps.app.goo.gl/uLPtqwAnwnevw4zz7; https://maps.app.goo.gl/VRterbzJvDcxUkVJ6; https://maps.app.goo.gl/zAmPVdt254bS1UUU7; https://maps.app.goo.gl/9PHZkvYiuadCm992A; https://goo.gl/maps/JhPoRTM15vQA7Kk6A; https://goo.gl/maps/rzwM8zz1vmEphauk6; https://goo.gl/maps/XXMLm2Ebm5FEFwig7; https://goo.gl/maps/BgnUiLh44bo3Nyq37; https://goo.gl/maps/FmDxfXdHa9mdoGK99; https://goo.gl/maps/KCGefw7KgVDUzTPh7; https://goo.gl/maps/h4LQbK4dijinbrmF8; https://goo.gl/maps/AivqKgNA3GRARDNZ7; https://goo.gl/maps/k4R8TwNVtrg4BrJc9; https://goo.gl/maps/cUNDNuwk9M5KBSbJA**; https://goo.gl/maps/tMLVh6Gm8DCwNDzN6; https://goo.gl/maps/xLiJbzx1TGiATefw5; https://goo.gl/maps/88psz7y8xzQTcyVn9; https://goo.gl/maps/TKu4Ej99YDW51J8o6; https://goo.gl/maps/Y5rcVkPSFzuYQtaJ7; https://goo.gl/maps/tu8NToyeSY9qMEt19; https://goo.gl/maps/oJBLCYE9ShbB6ZA6A; https://goo.gl/maps/mJAEFg5zdD6J4Xbq8; https://goo.gl/maps/u7HMUhYJqdPGD9dz6; https://goo.gl/maps/1eXNtJWdQZHPkvXp8; https://goo.gl/maps/9VManjp1YiqeSC1A8; https://goo.gl/maps/SeJtvcKkqmN6a7oy6; https://goo.gl/maps/hgxR4SsThT7KqvbUA; https://goo.gl/maps/5AF74tZoTkBqM71d6; https://goo.gl/maps/trCxv7WmZ7Lim467A
BDS-CURATED-0118,không đạt hiệu quả tài,https://goo.gl/maps/eqfdgJBc7XT7VhAW8; https://maps.app.goo.gl/t178LDzcrFtjxgEz9; https://maps.app.goo.gl/qDbb6mJHvwhXw4Az6; https://maps.app.goo.gl/D8GuCY5LefTH8JVq9; https://maps.app.goo.gl/GdiSL1z7fBFtk3tr8; https://maps.app.goo.gl/ioqJ9N2mKRyMdiAe6; https://maps.app.goo.gl/dRnRPbNFPmCfsTHAA; https://maps.app.goo.gl/6iyNdteYfVyyT9Xy9; https://maps.app.goo.gl/AoJAreLLvUUHzVVw5; https://maps.app.goo.gl/zNrudtbb4kMk2xxv5; https://www.google.com/maps/d/edit?mid=1SAcLUqc-JTEBiY1uNXVoDUdI-a5wJd0&ll=10.002013642197713%2C105…; https://maps.app.goo.gl/QVMCmJp83pMBNKrL8; https://www.google.com/maps/d/edit?mid=1Fl7DvT-DOnJvyHZ0Oq5v-nUadBLGHFo&usp=sharing; https://maps.app.goo.gl/Fsyo4xmwK3kmzbC9A; https://maps.app.goo.gl/hMM3KEF5KhFhsZJi7; https://maps.app.goo.gl/acrdQ54V3NVNNkKh9; https://maps.app.goo.gl/u5QRXoNjSCh5uxRx5; https://www.google.com/maps/d/edit?mid=1MawyjqMPRL80P8Y7qm_ZhtUgghnbpFc&usp=sharing; https://maps.app.goo.gl/xg6rRMGswq5scyCbA; https://maps.app.goo.gl/whvDoK2djK9ZczAK8; https://maps.app.goo.gl/gr7GZiwJ71dX1nzNA; https://maps.app.goo.gl/efNjqXtJS5uqAid67; https://maps.app.goo.gl/xomcfbw3UHPYcLxG8; https://maps.app.goo.gl/wbNjvBPsJioGNogn8; https://maps.app.goo.gl/DAATNJRd8MxG4uyaA; https://maps.app.goo.gl/cuqyDKdtbfwW1DAa8; https://maps.app.goo.gl/o5yA5cAF8qJoTZqW8; https://maps.app.goo.gl/UEv62Ht1RcfDLLML8; https://maps.app.goo.gl/yVp7cfpfnfdzb7mV7; https://goo.gl/maps/xNEqZWHrXNzKYLHe6; https://maps.app.goo.gl/NT8XaQJv76yrgG946; https://maps.app.goo.gl/B98HY6ThSbAhg1a98; https://maps.app.goo.gl/sY5sb4n5Lvp2K2oz7; https://maps.app.goo.gl/xQZeRwkJHuyDhx496; https://maps.app.goo.gl/s62kTxdTsTQvQHDJ9; https://maps.app.goo.gl/XwfK6AzNVqs5eFX17; https://maps.app.goo.gl/QAU1JqmdETLn951C; https://maps.app.goo.gl/K3ASKRs9Sc5yfa9z9; https://maps.app.goo.gl/E7ucSVc9hHKpPNDQ6; https://maps.app.goo.gl/4E1Yi9DPgpF2CdaE7; https://maps.app.goo.gl/VRterbzJvDcxUkVJ6; https://goo.gl/maps/XXMLm2Ebm5FEFwig7; https://goo.gl/maps/BgnUiLh44bo3Nyq37; https://goo.gl/maps/FmDxfXdHa9mdoGK99; https://goo.gl/maps/GPVNSt7Q6a73xSKHA; https://goo.gl/maps/nSTM1wgMZyyzcAhg9; https://goo.gl/maps/h4LQbK4dijinbrmF8; https://goo.gl/maps/AivqKgNA3GRARDNZ7; https://goo.gl/maps/k4R8TwNVtrg4BrJc9; https://goo.gl/maps/YaZ9tS4Xqtm5REAe6; https://goo.gl/maps/g4UerEukDLx9YjWt5; https://goo.gl/maps/QUDziRBdFv7URi8QA; https://goo.gl/maps/VFB9RLFqHkCjVD4Y6; https://goo.gl/maps/xLiJbzx1TGiATefw5; https://goo.gl/maps/88psz7y8xzQTcyVn9; https://goo.gl/maps/TKu4Ej99YDW51J8o6; https://goo.gl/maps/Y5rcVkPSFzuYQtaJ7; https://goo.gl/maps/tu8NToyeSY9qMEt19; https://goo.gl/maps/sMLMvWwegyerE3jJ9; https://goo.gl/maps/mJAEFg5zdD6J4Xbq8; https://goo.gl/maps/u7HMUhYJqdPGD9dz6; https://goo.gl/maps/1eXNtJWdQZHPkvXp8; https://goo.gl/maps/SeJtvcKkqmN6a7oy6; https://goo.gl/maps/hgxR4SsThT7KqvbUA; https://goo.gl/maps/trCxv7WmZ7Lim467A
BDS-CURATED-0186,CCN Giao Yến cũng đang ở bước đầu xin dự án,https://maps.app.goo.gl/UEv62Ht1RcfDLLML8; https://maps.app.goo.gl/qDbb6mJHvwhXw4Az6; https://maps.app.goo.gl/ioqJ9N2mKRyMdiAe6; https://www.google.com/maps/d/edit?mid=1pYF3M65dQngj9P_VP8SbXUKy92nYnFo&usp=sharing; https://maps.app.goo.gl/7yPFeG3okyKbrLCM9; https://www.google.com/maps/d/edit?mid=1MawyjqMPRL80P8Y7qm_ZhtUgghnbpFc&usp=sharing; https://maps.app.goo.gl/ET75kfpwVX837fEE6; https://maps.app.goo.gl/47PLkeuNfzKvw38w8; https://maps.app.goo.gl/RXcEPNYx6EwAbDxF9; https://maps.app.goo.gl/xg6rRMGswq5scyCbA; https://maps.app.goo.gl/whvDoK2djK9ZczAK8; https://maps.app.goo.gl/gr7GZiwJ71dX1nzNA; https://maps.app.goo.gl/efNjqXtJS5uqAid67; https://maps.app.goo.gl/wbNjvBPsJioGNogn8; https://maps.app.goo.gl/DAATNJRd8MxG4uyaA; https://maps.app.goo.gl/o5yA5cAF8qJoTZqW8; https://maps.app.goo.gl/Wji4ey8prbGM2zHJ6; https://maps.app.goo.gl/TcCLZG1kwf9F7wCu5; https://maps.app.goo.gl/yVp7cfpfnfdzb7mV7; https://maps.app.goo.gl/uKe9j2z7xKHjdR8A7; https://maps.app.goo.gl/zNrudtbb4kMk2xxv5; https://maps.app.goo.gl/B98HY6ThSbAhg1a98; https://maps.app.goo.gl/sY5sb4n5Lvp2K2oz7; https://maps.app.goo.gl/s62kTxdTsTQvQHDJ9; https://maps.app.goo.gl/XwfK6AzNVqs5eFX17; https://maps.app.goo.gl/QAU1JqmdETLn951C; https://maps.app.goo.gl/K3ASKRs9Sc5yfa9z9; https://maps.app.goo.gl/4E1Yi9DPgpF2CdaE7; https://maps.app.goo.gl/uLPtqwAnwnevw4zz7; https://maps.app.goo.gl/9PHZkvYiuadCm992A; https://goo.gl/maps/JhPoRTM15vQA7Kk6A; https://goo.gl/maps/aChZ8vYJMZ8j6SjR7; https://goo.gl/maps/GPVNSt7Q6a73xSKHA; https://goo.gl/maps/k4R8TwNVtrg4BrJc9; https://goo.gl/maps/xLiJbzx1TGiATefw5; https://goo.gl/maps/TKu4Ej99YDW51J8o6; https://goo.gl/maps/Y5rcVkPSFzuYQtaJ7; https://goo.gl/maps/tu8NToyeSY9qMEt19; https://goo.gl/maps/1eXNtJWdQZHPkvXp8; https://goo.gl/maps/9VManjp1YiqeSC1A8; https://goo.gl/maps/SeJtvcKkqmN6a7oy6; https://goo.gl/maps/JtDt3jc8pMZ3n7xH9; https://goo.gl/maps/GPLvd34uRNT1EL5bA; https://goo.gl/maps/oJP5R9Jfe8yAcrWY6; https://goo.gl/maps/trCxv7WmZ7Lim467A
BDS-CURATED-0121,trong thời gian khai thác kinh doanh,https://goo.gl/maps/YaZ9tS4Xqtm5REAe6; https://maps.app.goo.gl/t178LDzcrFtjxgEz9; https://maps.app.goo.gl/qDbb6mJHvwhXw4Az6; https://maps.app.goo.gl/GdiSL1z7fBFtk3tr8; https://maps.app.goo.gl/ioqJ9N2mKRyMdiAe6; https://maps.app.goo.gl/dRnRPbNFPmCfsTHAA; https://www.google.com/maps/d/edit?mid=1pYF3M65dQngj9P_VP8SbXUKy92nYnFo&usp=sharing; https://maps.app.goo.gl/6iyNdteYfVyyT9Xy9; https://maps.app.goo.gl/AoJAreLLvUUHzVVw5; https://maps.app.goo.gl/zNrudtbb4kMk2xxv5; https://maps.app.goo.gl/H57L1w8ReXXNhtb99; https://www.google.com/maps/d/edit?mid=1SAcLUqc-JTEBiY1uNXVoDUdI-a5wJd0&ll=10.002013642197713%2C105…; https://www.google.com/maps/d/edit?mid=1GZCfnV4401jtKcup5hFe0KPBOBMYrp4&usp=sharing; https://maps.app.goo.gl/QVMCmJp83pMBNKrL8; https://maps.app.goo.gl/Mww4k2RWctPHssMQA; https://maps.app.goo.gl/Hn6baY7yBKNTcRXs8; https://maps.app.goo.gl/bKZVkKUcnYGRLJWw5; https://www.google.com/maps/d/edit?mid=1Fl7DvT-DOnJvyHZ0Oq5v-nUadBLGHFo&usp=sharing; https://maps.app.goo.gl/LU2Nvzo1LBLur6; https://maps.app.goo.gl/pTzfCxqkMYLuLe9z9; https://maps.app.goo.gl/Fsyo4xmwK3kmzbC9A; https://maps.app.goo.gl/hMM3KEF5KhFhsZJi7; https://maps.app.goo.gl/7yPFeG3okyKbrLCM9; https://maps.app.goo.gl/acrdQ54V3NVNNkKh9; https://maps.app.goo.gl/u5QRXoNjSCh5uxRx5; https://www.google.com/maps/d/edit?mid=1MawyjqMPRL80P8Y7qm_ZhtUgghnbpFc&usp=sharing; https://maps.app.goo.gl/ET75kfpwVX837fEE6; https://maps.app.goo.gl/47PLkeuNfzKvw38w8; https://maps.app.goo.gl/RXcEPNYx6EwAbDxF9; https://maps.app.goo.gl/xg6rRMGswq5scyCbA; https://maps.app.goo.gl/whvDoK2djK9ZczAK8; https://maps.app.goo.gl/gr7GZiwJ71dX1nzNA; https://maps.app.goo.gl/efNjqXtJS5uqAid67; https://maps.app.goo.gl/9D1AGeGBDHSvttic8; https://maps.app.goo.gl/xomcfbw3UHPYcLxG8; https://maps.app.goo.gl/wbNjvBPsJioGNogn8; https://maps.app.goo.gl/DAATNJRd8MxG4uyaA; https://maps.app.goo.gl/cuqyDKdtbfwW1DAa8; https://maps.app.goo.gl/o5yA5cAF8qJoTZqW8; https://maps.app.goo.gl/Wji4ey8prbGM2zHJ6; https://maps.app.goo.gl/UEv62Ht1RcfDLLML8; https://maps.app.goo.gl/yVp7cfpfnfdzb7mV7; https://maps.app.goo.gl/uKe9j2z7xKHjdR8A7; https://www.google.com/maps/d/u/1/edit?mid=10gTnNN6aieu1u3Xx49gGnnp177W4zag&usp=sharing; https://goo.gl/maps/xNEqZWHrXNzKYLHe6; https://maps.app.goo.gl/NT8XaQJv76yrgG946; https://maps.app.goo.gl/b6AweqeJiHMGShsq9; https://maps.app.goo.gl/B98HY6ThSbAhg1a98; https://maps.app.goo.gl/sY5sb4n5Lvp2K2oz7; https://maps.app.goo.gl/xQZeRwkJHuyDhx496; https://maps.app.goo.gl/s62kTxdTsTQvQHDJ9; https://maps.app.goo.gl/XwfK6AzNVqs5eFX17; https://maps.app.goo.gl/QAU1JqmdETLn951C; https://maps.app.goo.gl/K3ASKRs9Sc5yfa9z9; https://maps.app.goo.gl/dAy23L3wP3mTsMM88; https://maps.app.goo.gl/QydbrwwdHVvcm7keA; https://maps.app.goo.gl/E7ucSVc9hHKpPNDQ6; https://maps.app.goo.gl/4E1Yi9DPgpF2CdaE7; https://maps.app.goo.gl/uLPtqwAnwnevw4zz7; https://maps.app.goo.gl/VRterbzJvDcxUkVJ6; https://maps.app.goo.gl/zAmPVdt254bS1UUU7; https://maps.app.goo.gl/9PHZkvYiuadCm992A; https://goo.gl/maps/JhPoRTM15vQA7Kk6A; https://goo.gl/maps/rzwM8zz1vmEphauk6; https://goo.gl/maps/XXMLm2Ebm5FEFwig7; https://goo.gl/maps/BgnUiLh44bo3Nyq37; https://goo.gl/maps/FmDxfXdHa9mdoGK99; https://goo.gl/maps/KCGefw7KgVDUzTPh7; https://goo.gl/maps/aChZ8vYJMZ8j6SjR7; https://goo.gl/maps/GPVNSt7Q6a73xSKHA; https://goo.gl/maps/h4LQbK4dijinbrmF8; https://goo.gl/maps/k4R8TwNVtrg4BrJc9; https://goo.gl/maps/g4UerEukDLx9YjWt5; https://goo.gl/maps/cUNDNuwk9M5KBSbJA**; https://goo.gl/maps/tMLVh6Gm8DCwNDzN6; https://goo.gl/maps/VFB9RLFqHkCjVD4Y6; https://goo.gl/maps/xLiJbzx1TGiATefw5; https://goo.gl/maps/88psz7y8xzQTcyVn9; https://goo.gl/maps/TKu4Ej99YDW51J8o6; https://goo.gl/maps/Y5rcVkPSFzuYQtaJ7; https://goo.gl/maps/tu8NToyeSY9qMEt19; https://goo.gl/maps/sMLMvWwegyerE3jJ9; https://goo.gl/maps/mJAEFg5zdD6J4Xbq8; https://goo.gl/maps/1eXNtJWdQZHPkvXp8; https://goo.gl/maps/SeJtvcKkqmN6a7oy6; https://goo.gl/maps/hgxR4SsThT7KqvbUA; https://goo.gl/maps/gHyC9FmNZYpnaoV77; https://goo.gl/maps/5AF74tZoTkBqM71d6; https://goo.gl/maps/JtDt3jc8pMZ3n7xH9; https://goo.gl/maps/GPLvd34uRNT1EL5bA; https://goo.gl/maps/oJP5R9Jfe8yAcrWY6; https://goo.gl/maps/trCxv7WmZ7Lim467A; https://goo.gl/maps/aSmRwi2p279NGLcb9; https://goo.gl/maps/s4v5mQf8LyZUv8B7A
BDS-CURATED-0408,NOXH của Công ty Ba Huân,https://www.google.com/maps/d/edit?mid=1p-2wMqsZAnTQXubtXx7Lse6Sq-8rC64&usp=sharing; https://maps.app.goo.gl/ioqJ9N2mKRyMdiAe6; https://www.google.com/maps/d/edit?mid=1SAcLUqc-JTEBiY1uNXVoDUdI-a5wJd0&ll=10.002013642197713%2C105…; https://maps.app.goo.gl/QVMCmJp83pMBNKrL8; https://maps.app.goo.gl/Fsyo4xmwK3kmzbC9A; https://maps.app.goo.gl/hMM3KEF5KhFhsZJi7; https://maps.app.goo.gl/7yPFeG3okyKbrLCM9; https://maps.app.goo.gl/ET75kfpwVX837fEE6; https://maps.app.goo.gl/47PLkeuNfzKvw38w8; https://maps.app.goo.gl/RXcEPNYx6EwAbDxF9; https://maps.app.goo.gl/xg6rRMGswq5scyCbA; https://maps.app.goo.gl/whvDoK2djK9ZczAK8; https://maps.app.goo.gl/efNjqXtJS5uqAid67; https://maps.app.goo.gl/UEv62Ht1RcfDLLML8; https://maps.app.goo.gl/b6AweqeJiHMGShsq9; https://goo.gl/maps/XXMLm2Ebm5FEFwig7; https://goo.gl/maps/YaZ9tS4Xqtm5REAe6; https://goo.gl/maps/u7HMUhYJqdPGD9dz6; https://goo.gl/maps/trCxv7WmZ7Lim467A
BDS-CURATED-0480,không với những hạn chế ở trên,https://www.google.com/maps/d/edit?mid=1pYF3M65dQngj9P_VP8SbXUKy92nYnFo&usp=sharing; https://maps.app.goo.gl/t178LDzcrFtjxgEz9; https://maps.app.goo.gl/ioqJ9N2mKRyMdiAe6; https://maps.app.goo.gl/dRnRPbNFPmCfsTHAA; https://maps.app.goo.gl/v8GdHbU3xb5G8JFs9; https://maps.app.goo.gl/6iyNdteYfVyyT9Xy9; https://goo.gl/maps/Empzn8zwhyULFrqV8; https://maps.app.goo.gl/AoJAreLLvUUHzVVw5; https://maps.app.goo.gl/zNrudtbb4kMk2xxv5; https://www.google.com/maps/d/edit?mid=1GZCfnV4401jtKcup5hFe0KPBOBMYrp4&usp=sharing; https://www.google.com/maps/d/edit?mid=1Fl7DvT-DOnJvyHZ0Oq5v-nUadBLGHFo&usp=sharing; https://www.google.com/maps/d/edit?mid=1MawyjqMPRL80P8Y7qm_ZhtUgghnbpFc&usp=sharing; https://maps.app.goo.gl/xg6rRMGswq5scyCbA; https://maps.app.goo.gl/whvDoK2djK9ZczAK8; https://maps.app.goo.gl/efNjqXtJS5uqAid67; https://maps.app.goo.gl/xomcfbw3UHPYcLxG8; https://maps.app.goo.gl/o5yA5cAF8qJoTZqW8; https://maps.app.goo.gl/TcCLZG1kwf9F7wCu5; https://maps.app.goo.gl/yVp7cfpfnfdzb7mV7; https://goo.gl/maps/eqfdgJBc7XT7VhAW8; https://maps.app.goo.gl/NT8XaQJv76yrgG946; https://maps.app.goo.gl/sY5sb4n5Lvp2K2oz7; https://maps.app.goo.gl/s62kTxdTsTQvQHDJ9; https://maps.app.goo.gl/K3ASKRs9Sc5yfa9z9; https://maps.app.goo.gl/E7ucSVc9hHKpPNDQ6; https://maps.app.goo.gl/uLPtqwAnwnevw4zz7; https://maps.app.goo.gl/VRterbzJvDcxUkVJ6; https://maps.app.goo.gl/zAmPVdt254bS1UUU7; https://maps.app.goo.gl/9PHZkvYiuadCm992A; https://goo.gl/maps/JhPoRTM15vQA7Kk6A; https://goo.gl/maps/XXMLm2Ebm5FEFwig7; https://goo.gl/maps/BgnUiLh44bo3Nyq37; https://goo.gl/maps/aChZ8vYJMZ8j6SjR7; https://goo.gl/maps/GPVNSt7Q6a73xSKHA; https://goo.gl/maps/h4LQbK4dijinbrmF8; https://goo.gl/maps/YaZ9tS4Xqtm5REAe6; https://goo.gl/maps/g4UerEukDLx9YjWt5; https://goo.gl/maps/QUDziRBdFv7URi8QA; https://goo.gl/maps/cUNDNuwk9M5KBSbJA**; https://goo.gl/maps/VFB9RLFqHkCjVD4Y6; https://goo.gl/maps/88psz7y8xzQTcyVn9; https://goo.gl/maps/oJBLCYE9ShbB6ZA6A; https://goo.gl/maps/mJAEFg5zdD6J4Xbq8; https://goo.gl/maps/1eXNtJWdQZHPkvXp8; https://goo.gl/maps/9VManjp1YiqeSC1A8; https://goo.gl/maps/SeJtvcKkqmN6a7oy6; https://goo.gl/maps/hgxR4SsThT7KqvbUA; https://goo.gl/maps/JtDt3jc8pMZ3n7xH9; https://goo.gl/maps/GPLvd34uRNT1EL5bA; https://goo.gl/maps/oJP5R9Jfe8yAcrWY6; https://goo.gl/maps/trCxv7WmZ7Lim467A; https://goo.gl/maps/aSmRwi2p279NGLcb9; https://goo.gl/maps/s4v5mQf8LyZUv8B7A
BDS-CURATED-0420,mở bán mới/dự kiến ở thị trường HCM,https://maps.app.goo.gl/qDbb6mJHvwhXw4Az6; https://maps.app.goo.gl/ioqJ9N2mKRyMdiAe6; https://maps.app.goo.gl/xomcfbw3UHPYcLxG8; https://maps.app.goo.gl/wbNjvBPsJioGNogn8; https://maps.app.goo.gl/DAATNJRd8MxG4uyaA; https://maps.app.goo.gl/cuqyDKdtbfwW1DAa8; https://maps.app.goo.gl/o5yA5cAF8qJoTZqW8; https://maps.app.goo.gl/UEv62Ht1RcfDLLML8; https://maps.app.goo.gl/b6AweqeJiHMGShsq9; https://maps.app.goo.gl/zNrudtbb4kMk2xxv5; https://maps.app.goo.gl/B98HY6ThSbAhg1a98; https://maps.app.goo.gl/sY5sb4n5Lvp2K2oz7; https://maps.app.goo.gl/s62kTxdTsTQvQHDJ9; https://maps.app.goo.gl/K3ASKRs9Sc5yfa9z9; https://maps.app.goo.gl/VRterbzJvDcxUkVJ6; https://maps.app.goo.gl/zAmPVdt254bS1UUU7; https://maps.app.goo.gl/9PHZkvYiuadCm992A; https://goo.gl/maps/FmDxfXdHa9mdoGK99; https://goo.gl/maps/k4R8TwNVtrg4BrJc9; https://goo.gl/maps/QUDziRBdFv7URi8QA; https://goo.gl/maps/xLiJbzx1TGiATefw5; https://goo.gl/maps/88psz7y8xzQTcyVn9; https://goo.gl/maps/TKu4Ej99YDW51J8o6; https://goo.gl/maps/Y5rcVkPSFzuYQtaJ7; https://goo.gl/maps/tu8NToyeSY9qMEt19; https://goo.gl/maps/1eXNtJWdQZHPkvXp8; https://goo.gl/maps/JtDt3jc8pMZ3n7xH9; https://goo.gl/maps/GPLvd34uRNT1EL5bA; https://goo.gl/maps/oJP5R9Jfe8yAcrWY6
BDS-CURATED-0371,nữa Tính ra thì đúng là như vậy,"https://www.google.com/maps?q=10.8403809,106.7198151&entry=gps&shh=CAE&lucs=,94297699,94231188,9428…; https://maps.app.goo.gl/UEv62Ht1RcfDLLML8; https://goo.gl/maps/TKu4Ej99YDW51J8o6"
BDS-CURATED-0466,tiêu biểu và đang book lịch đi khảo sát thực tế thị trường về giá bán,https://www.google.com/maps/d/edit?mid=1MawyjqMPRL80P8Y7qm_ZhtUgghnbpFc&usp=sharing; https://maps.app.goo.gl/qDbb6mJHvwhXw4Az6; https://maps.app.goo.gl/GdiSL1z7fBFtk3tr8; https://maps.app.goo.gl/ioqJ9N2mKRyMdiAe6; https://maps.app.goo.gl/dRnRPbNFPmCfsTHAA; https://www.google.com/maps/d/edit?mid=1pYF3M65dQngj9P_VP8SbXUKy92nYnFo&usp=sharing; https://goo.gl/maps/Empzn8zwhyULFrqV8; https://maps.app.goo.gl/zNrudtbb4kMk2xxv5; https://maps.app.goo.gl/H57L1w8ReXXNhtb99; https://www.google.com/maps/d/edit?mid=1SAcLUqc-JTEBiY1uNXVoDUdI-a5wJd0&ll=10.002013642197713%2C105…; https://maps.app.goo.gl/Mww4k2RWctPHssMQA; https://maps.app.goo.gl/Hn6baY7yBKNTcRXs8; https://maps.app.goo.gl/bKZVkKUcnYGRLJWw5; https://www.google.com/maps/d/edit?mid=1Fl7DvT-DOnJvyHZ0Oq5v-nUadBLGHFo&usp=sharing; https://maps.app.goo.gl/pTzfCxqkMYLuLe9z9; https://maps.app.goo.gl/Fsyo4xmwK3kmzbC9A; https://maps.app.goo.gl/hMM3KEF5KhFhsZJi7; https://maps.app.goo.gl/7yPFeG3okyKbrLCM9; https://maps.app.goo.gl/acrdQ54V3NVNNkKh9; https://maps.app.goo.gl/ET75kfpwVX837fEE6; https://maps.app.goo.gl/47PLkeuNfzKvw38w8; https://maps.app.goo.gl/RXcEPNYx6EwAbDxF9; https://maps.app.goo.gl/xg6rRMGswq5scyCbA; https://maps.app.goo.gl/whvDoK2djK9ZczAK8; https://maps.app.goo.gl/gr7GZiwJ71dX1nzNA; https://maps.app.goo.gl/efNjqXtJS5uqAid67; https://maps.app.goo.gl/wbNjvBPsJioGNogn8; https://maps.app.goo.gl/DAATNJRd8MxG4uyaA; https://maps.app.goo.gl/cuqyDKdtbfwW1DAa8; https://maps.app.goo.gl/o5yA5cAF8qJoTZqW8; https://maps.app.goo.gl/Wji4ey8prbGM2zHJ6; https://maps.app.goo.gl/UEv62Ht1RcfDLLML8; https://maps.app.goo.gl/TcCLZG1kwf9F7wCu5; https://maps.app.goo.gl/yVp7cfpfnfdzb7mV7; https://goo.gl/maps/eqfdgJBc7XT7VhAW8; https://maps.app.goo.gl/uKe9j2z7xKHjdR8A7; https://goo.gl/maps/xNEqZWHrXNzKYLHe6; https://maps.app.goo.gl/NT8XaQJv76yrgG946; https://maps.app.goo.gl/b6AweqeJiHMGShsq9; https://maps.app.goo.gl/B98HY6ThSbAhg1a98; https://maps.app.goo.gl/sY5sb4n5Lvp2K2oz7; https://maps.app.goo.gl/xQZeRwkJHuyDhx496; https://maps.app.goo.gl/s62kTxdTsTQvQHDJ9; https://maps.app.goo.gl/XwfK6AzNVqs5eFX17; https://maps.app.goo.gl/QAU1JqmdETLn951C; https://maps.app.goo.gl/K3ASKRs9Sc5yfa9z9; https://maps.app.goo.gl/E7ucSVc9hHKpPNDQ6; https://maps.app.goo.gl/4E1Yi9DPgpF2CdaE7; https://maps.app.goo.gl/uLPtqwAnwnevw4zz7; https://maps.app.goo.gl/VRterbzJvDcxUkVJ6; https://maps.app.goo.gl/zAmPVdt254bS1UUU7; https://maps.app.goo.gl/9PHZkvYiuadCm992A; https://goo.gl/maps/JhPoRTM15vQA7Kk6A; https://goo.gl/maps/rzwM8zz1vmEphauk6; https://goo.gl/maps/XXMLm2Ebm5FEFwig7; https://goo.gl/maps/BgnUiLh44bo3Nyq37; https://goo.gl/maps/FmDxfXdHa9mdoGK99; https://goo.gl/maps/KCGefw7KgVDUzTPh7; https://goo.gl/maps/aChZ8vYJMZ8j6SjR7; https://goo.gl/maps/GPVNSt7Q6a73xSKHA; https://goo.gl/maps/h4LQbK4dijinbrmF8; https://goo.gl/maps/AivqKgNA3GRARDNZ7; https://goo.gl/maps/k4R8TwNVtrg4BrJc9; https://goo.gl/maps/YaZ9tS4Xqtm5REAe6; https://goo.gl/maps/QUDziRBdFv7URi8QA; https://goo.gl/maps/cUNDNuwk9M5KBSbJA**; https://goo.gl/maps/VFB9RLFqHkCjVD4Y6; https://goo.gl/maps/xLiJbzx1TGiATefw5; https://goo.gl/maps/88psz7y8xzQTcyVn9; https://goo.gl/maps/TKu4Ej99YDW51J8o6; https://goo.gl/maps/Y5rcVkPSFzuYQtaJ7; https://goo.gl/maps/tu8NToyeSY9qMEt19; https://goo.gl/maps/mJAEFg5zdD6J4Xbq8; https://goo.gl/maps/1eXNtJWdQZHPkvXp8; https://goo.gl/maps/9VManjp1YiqeSC1A8; https://goo.gl/maps/SeJtvcKkqmN6a7oy6; https://goo.gl/maps/hgxR4SsThT7KqvbUA; https://goo.gl/maps/gHyC9FmNZYpnaoV77; https://goo.gl/maps/5AF74tZoTkBqM71d6; https://goo.gl/maps/JtDt3jc8pMZ3n7xH9; https://goo.gl/maps/GPLvd34uRNT1EL5bA; https://goo.gl/maps/oJP5R9Jfe8yAcrWY6; https://goo.gl/maps/trCxv7WmZ7Lim467A
BDS-CURATED-0274,12ha đủ lớn để có thể địn hướng triển khai tiện ích cảnh quan,https://maps.app.goo.gl/zNrudtbb4kMk2xxv5; https://maps.app.goo.gl/t178LDzcrFtjxgEz9; https://maps.app.goo.gl/qDbb6mJHvwhXw4Az6; https://maps.app.goo.gl/GdiSL1z7fBFtk3tr8; https://maps.app.goo.gl/ioqJ9N2mKRyMdiAe6; https://maps.app.goo.gl/dRnRPbNFPmCfsTHAA; https://goo.gl/maps/Empzn8zwhyULFrqV8; https://maps.app.goo.gl/AoJAreLLvUUHzVVw5; https://maps.app.goo.gl/H57L1w8ReXXNhtb99; https://www.google.com/maps/d/edit?mid=1SAcLUqc-JTEBiY1uNXVoDUdI-a5wJd0&ll=10.002013642197713%2C105…; https://www.google.com/maps/d/edit?mid=1GZCfnV4401jtKcup5hFe0KPBOBMYrp4&usp=sharing; https://maps.app.goo.gl/Mww4k2RWctPHssMQA; https://maps.app.goo.gl/pTzfCxqkMYLuLe9z9; https://maps.app.goo.gl/Fsyo4xmwK3kmzbC9A; https://maps.app.goo.gl/hMM3KEF5KhFhsZJi7; https://maps.app.goo.gl/acrdQ54V3NVNNkKh9; https://www.google.com/maps/d/edit?mid=1MawyjqMPRL80P8Y7qm_ZhtUgghnbpFc&usp=sharing; https://maps.app.goo.gl/ET75kfpwVX837fEE6; https://maps.app.goo.gl/47PLkeuNfzKvw38w8; https://maps.app.goo.gl/RXcEPNYx6EwAbDxF9; https://maps.app.goo.gl/xg6rRMGswq5scyCbA; https://maps.app.goo.gl/whvDoK2djK9ZczAK8; https://maps.app.goo.gl/9D1AGeGBDHSvttic8; https://maps.app.goo.gl/wbNjvBPsJioGNogn8; https://maps.app.goo.gl/DAATNJRd8MxG4uyaA; https://maps.app.goo.gl/cuqyDKdtbfwW1DAa8; https://maps.app.goo.gl/o5yA5cAF8qJoTZqW8; https://maps.app.goo.gl/Wji4ey8prbGM2zHJ6; https://maps.app.goo.gl/UEv62Ht1RcfDLLML8; https://maps.app.goo.gl/yVp7cfpfnfdzb7mV7; https://maps.app.goo.gl/uKe9j2z7xKHjdR8A7; https://www.google.com/maps/d/u/1/edit?mid=10gTnNN6aieu1u3Xx49gGnnp177W4zag&usp=sharing; https://goo.gl/maps/xNEqZWHrXNzKYLHe6; https://maps.app.goo.gl/NT8XaQJv76yrgG946; https://maps.app.goo.gl/b6AweqeJiHMGShsq9; https://maps.app.goo.gl/B98HY6ThSbAhg1a98; https://maps.app.goo.gl/s62kTxdTsTQvQHDJ9; https://maps.app.goo.gl/XwfK6AzNVqs5eFX17; https://maps.app.goo.gl/QAU1JqmdETLn951C; https://maps.app.goo.gl/K3ASKRs9Sc5yfa9z9; https://maps.app.goo.gl/dAy23L3wP3mTsMM88; https://maps.app.goo.gl/QydbrwwdHVvcm7keA; https://maps.app.goo.gl/E7ucSVc9hHKpPNDQ6; https://maps.app.goo.gl/4E1Yi9DPgpF2CdaE7; https://maps.app.goo.gl/uLPtqwAnwnevw4zz7; https://maps.app.goo.gl/VRterbzJvDcxUkVJ6; https://maps.app.goo.gl/zAmPVdt254bS1UUU7; https://maps.app.goo.gl/9PHZkvYiuadCm992A; https://goo.gl/maps/JhPoRTM15vQA7Kk6A; https://goo.gl/maps/rzwM8zz1vmEphauk6; https://goo.gl/maps/XXMLm2Ebm5FEFwig7; https://goo.gl/maps/BgnUiLh44bo3Nyq37; https://goo.gl/maps/FmDxfXdHa9mdoGK99; https://goo.gl/maps/aChZ8vYJMZ8j6SjR7; https://goo.gl/maps/GPVNSt7Q6a73xSKHA; https://goo.gl/maps/nSTM1wgMZyyzcAhg9; https://goo.gl/maps/h4LQbK4dijinbrmF8; https://goo.gl/maps/k4R8TwNVtrg4BrJc9; https://goo.gl/maps/YaZ9tS4Xqtm5REAe6; https://goo.gl/maps/cUNDNuwk9M5KBSbJA**; https://goo.gl/maps/VFB9RLFqHkCjVD4Y6; https://goo.gl/maps/xLiJbzx1TGiATefw5; https://goo.gl/maps/TKu4Ej99YDW51J8o6; https://goo.gl/maps/sMLMvWwegyerE3jJ9; https://goo.gl/maps/mJAEFg5zdD6J4Xbq8; https://goo.gl/maps/1eXNtJWdQZHPkvXp8; https://goo.gl/maps/9VManjp1YiqeSC1A8; https://goo.gl/maps/SeJtvcKkqmN6a7oy6; https://goo.gl/maps/hgxR4SsThT7KqvbUA; https://goo.gl/maps/gHyC9FmNZYpnaoV77; https://goo.gl/maps/5AF74tZoTkBqM71d6; https://goo.gl/maps/JtDt3jc8pMZ3n7xH9; https://goo.gl/maps/GPLvd34uRNT1EL5bA; https://goo.gl/maps/oJP5R9Jfe8yAcrWY6; https://goo.gl/maps/trCxv7WmZ7Lim467A
BDS-CURATED-0377,Ana Mandara Villas Dalat Resort & Spa,https://maps.app.goo.gl/zNrudtbb4kMk2xxv5
BDS-CURATED-0476,Hiyori e đang tổng hợp thông tin,https://www.google.com/maps/d/edit?mid=1pYF3M65dQngj9P_VP8SbXUKy92nYnFo&usp=sharing; https://maps.app.goo.gl/t178LDzcrFtjxgEz9; https://maps.app.goo.gl/qDbb6mJHvwhXw4Az6; https://maps.app.goo.gl/oHEYY6H9GGykdD9C6; https://maps.app.goo.gl/GdiSL1z7fBFtk3tr8; https://maps.app.goo.gl/ioqJ9N2mKRyMdiAe6; https://maps.app.goo.gl/dRnRPbNFPmCfsTHAA; https://goo.gl/maps/Empzn8zwhyULFrqV8; https://maps.app.goo.gl/AoJAreLLvUUHzVVw5; https://maps.app.goo.gl/H57L1w8ReXXNhtb99; https://www.google.com/maps/d/edit?mid=1SAcLUqc-JTEBiY1uNXVoDUdI-a5wJd0&ll=10.002013642197713%2C105…; https://maps.app.goo.gl/QVMCmJp83pMBNKrL8; https://maps.app.goo.gl/Mww4k2RWctPHssMQA; https://maps.app.goo.gl/Hn6baY7yBKNTcRXs8; https://maps.app.goo.gl/bKZVkKUcnYGRLJWw5; https://www.google.com/maps/d/edit?mid=1Fl7DvT-DOnJvyHZ0Oq5v-nUadBLGHFo&usp=sharing; https://maps.app.goo.gl/LU2Nvzo1LBLur6Tj6; https://maps.app.goo.gl/pTzfCxqkMYLuLe9z9; https://maps.app.goo.gl/Fsyo4xmwK3kmzbC9A; https://maps.app.goo.gl/hMM3KEF5KhFhsZJi7; https://maps.app.goo.gl/7yPFeG3okyKbrLCM9; https://maps.app.goo.gl/acrdQ54V3NVNNkKh9; https://maps.app.goo.gl/u5QRXoNjSCh5uxRx5; https://www.google.com/maps/d/edit?mid=1MawyjqMPRL80P8Y7qm_ZhtUgghnbpFc&usp=sharing; https://maps.app.goo.gl/ET75kfpwVX837fEE6; https://maps.app.goo.gl/47PLkeuNfzKvw38w8; https://maps.app.goo.gl/RXcEPNYx6EwAbDxF9; https://maps.app.goo.gl/xg6rRMGswq5scyCbA; https://maps.app.goo.gl/whvDoK2djK9ZczAK8; https://maps.app.goo.gl/gr7GZiwJ71dX1nzNA; https://maps.app.goo.gl/efNjqXtJS5uqAid67; https://maps.app.goo.gl/xomcfbw3UHPYcLxG8; https://maps.app.goo.gl/wbNjvBPsJioGNogn8; https://maps.app.goo.gl/DAATNJRd8MxG4uyaA; https://maps.app.goo.gl/cuqyDKdtbfwW1DAa8; https://maps.app.goo.gl/o5yA5cAF8qJoTZqW8; https://maps.app.goo.gl/Wji4ey8prbGM2zHJ6; https://maps.app.goo.gl/UEv62Ht1RcfDLLML8; https://maps.app.goo.gl/TcCLZG1kwf9F7wCu5; https://maps.app.goo.gl/yVp7cfpfnfdzb7mV7; https://maps.app.goo.gl/uKe9j2z7xKHjdR8A7; https://goo.gl/maps/xNEqZWHrXNzKYLHe6; https://maps.app.goo.gl/NT8XaQJv76yrgG946; https://maps.app.goo.gl/zNrudtbb4kMk2xxv5; https://maps.app.goo.gl/B98HY6ThSbAhg1a98; https://maps.app.goo.gl/sY5sb4n5Lvp2K2oz7; https://maps.app.goo.gl/xQZeRwkJHuyDhx496; https://maps.app.goo.gl/s62kTxdTsTQvQHDJ9; https://maps.app.goo.gl/XwfK6AzNVqs5eFX17; https://maps.app.goo.gl/QAU1JqmdETLn951C; https://maps.app.goo.gl/K3ASKRs9Sc5yfa9z9; https://maps.app.goo.gl/dAy23L3wP3mTsMM88; https://maps.app.goo.gl/QydbrwwdHVvcm7keA; https://maps.app.goo.gl/E7ucSVc9hHKpPNDQ6; https://maps.app.goo.gl/4E1Yi9DPgpF2CdaE7; https://maps.app.goo.gl/uLPtqwAnwnevw4zz7; https://maps.app.goo.gl/VRterbzJvDcxUkVJ6; https://maps.app.goo.gl/zAmPVdt254bS1UUU7; https://maps.app.goo.gl/9PHZkvYiuadCm992A; https://goo.gl/maps/JhPoRTM15vQA7Kk6A; https://goo.gl/maps/rzwM8zz1vmEphauk6; https://goo.gl/maps/XXMLm2Ebm5FEFwig7; https://goo.gl/maps/BgnUiLh44bo3Nyq37; https://goo.gl/maps/FmDxfXdHa9mdoGK99; https://goo.gl/maps/KCGefw7KgVDUzTPh7; https://goo.gl/maps/aChZ8vYJMZ8j6SjR7; https://goo.gl/maps/GPVNSt7Q6a73xSKHA; https://goo.gl/maps/h4LQbK4dijinbrmF8; https://goo.gl/maps/k4R8TwNVtrg4BrJc9; https://goo.gl/maps/YaZ9tS4Xqtm5REAe6; https://goo.gl/maps/g4UerEukDLx9YjWt5; https://goo.gl/maps/cUNDNuwk9M5KBSbJA**; https://goo.gl/maps/tMLVh6Gm8DCwNDzN6; https://goo.gl/maps/VFB9RLFqHkCjVD4Y6; https://goo.gl/maps/xLiJbzx1TGiATefw5; https://goo.gl/maps/88psz7y8xzQTcyVn9; https://goo.gl/maps/TKu4Ej99YDW51J8o6; https://goo.gl/maps/sMLMvWwegyerE3jJ9; https://goo.gl/maps/mJAEFg5zdD6J4Xbq8; https://goo.gl/maps/1eXNtJWdQZHPkvXp8; https://goo.gl/maps/9VManjp1YiqeSC1A8; https://goo.gl/maps/SeJtvcKkqmN6a7oy6; https://goo.gl/maps/hgxR4SsThT7KqvbUA; https://goo.gl/maps/gHyC9FmNZYpnaoV77; https://goo.gl/maps/5AF74tZoTkBqM71d6; https://goo.gl/maps/JtDt3jc8pMZ3n7xH9; https://goo.gl/maps/GPLvd34uRNT1EL5bA; https://goo.gl/maps/oJP5R9Jfe8yAcrWY6; https://goo.gl/maps/trCxv7WmZ7Lim467A; https://goo.gl/maps/aSmRwi2p279NGLcb9; https://goo.gl/maps/s4v5mQf8LyZUv8B7A
BDS-CURATED-0395,Phú Đông premier gần PH đang bán giá 37 39,https://maps.app.goo.gl/H57L1w8ReXXNhtb99; https://www.google.com/maps/d/edit?mid=1MawyjqMPRL80P8Y7qm_ZhtUgghnbpFc&usp=sharing; https://maps.app.goo.gl/K3ASKRs9Sc5yfa9z9; https://maps.app.goo.gl/dAy23L3wP3mTsMM88; https://maps.app.goo.gl/QydbrwwdHVvcm7keA; https://goo.gl/maps/sMLMvWwegyerE3jJ9; https://goo.gl/maps/trCxv7WmZ7Lim467A
BDS-CURATED-0421,này dự kiến 2026 sẽ bắt đầu ra tin à image by Huy M - IM,https://www.google.com/maps/d/edit?mid; https://www.google.com/maps/d/u/1/edit?mid=10gTnNN6aieu1u3Xx49gGnnp177W4zag&usp=sharing; https://goo.gl/maps/1eXNtJWdQZHPkvXp8
BDS-CURATED-0165,NOXH sẽ giúp tạo thương hiệu tích cực cho công ty trên thị trường,https://maps.app.goo.gl/ioqJ9N2mKRyMdiAe6; https://maps.app.goo.gl/t178LDzcrFtjxgEz9; https://maps.app.goo.gl/qDbb6mJHvwhXw4Az6; https://maps.app.goo.gl/D8GuCY5LefTH8JVq9; https://maps.app.goo.gl/oHEYY6H9GGykdD9C6; https://maps.app.goo.gl/GdiSL1z7fBFtk3tr8; https://maps.app.goo.gl/dRnRPbNFPmCfsTHAA; https://www.google.com/maps/d/edit?mid=1pYF3M65dQngj9P_VP8SbXUKy92nYnFo&usp=sharing; https://maps.app.goo.gl/v8GdHbU3xb5G8JFs9; https://maps.app.goo.gl/6iyNdteYfVyyT9Xy9; https://goo.gl/maps/Empzn8zwhyULFrqV8; https://maps.app.goo.gl/AoJAreLLvUUHzVVw5; https://maps.app.goo.gl/zNrudtbb4kMk2xxv5; https://maps.app.goo.gl/H57L1w8ReXXNhtb99; https://www.google.com/maps/d/edit?mid=1SAcLUqc-JTEBiY1uNXVoDUdI-a5wJd0&ll=10.002013642197713%2C105…; https://www.google.com/maps/d/edit?mid=1GZCfnV4401jtKcup5hFe0KPBOBMYrp4&usp=sharing; https://maps.app.goo.gl/QVMCmJp83pMBNKrL8; https://maps.app.goo.gl/Mww4k2RWctPHssMQA; https://maps.app.goo.gl/Hn6baY7yBKNTcRXs8; https://maps.app.goo.gl/bKZVkKUcnYGRLJWw5; https://www.google.com/maps/d/edit?mid=1Fl7DvT-DOnJvyHZ0Oq5v-nUadBLGHFo&usp=sharing; https://maps.app.goo.gl/pTzfCxqkMYLuLe9z9; https://maps.app.goo.gl/Fsyo4xmwK3kmzbC9A; https://maps.app.goo.gl/hMM3KEF5KhFhsZJi7; https://maps.app.goo.gl/7yPFeG3okyKbrLCM9; https://maps.app.goo.gl/acrdQ54V3NVNNkKh9; https://www.google.com/maps/d/edit?mid=1p-2wMqsZAnTQXubtXx7Lse6Sq-8rC64&usp=sharing; https://www.google.com/maps/d/edit?mid=1MawyjqMPRL80P8Y7qm_ZhtUgghnbpFc&usp=sharing; https://maps.app.goo.gl/ET75kfpwVX837fEE6; https://maps.app.goo.gl/47PLkeuNfzKvw38w8; https://maps.app.goo.gl/RXcEPNYx6EwAbDxF9; https://maps.app.goo.gl/xg6rRMGswq5scyCbA; https://maps.app.goo.gl/whvDoK2djK9ZczAK8; https://maps.app.goo.gl/gr7GZiwJ71dX1nzNA; https://maps.app.goo.gl/efNjqXtJS5uqAid67; https://maps.app.goo.gl/9D1AGeGBDHSvttic8; https://maps.app.goo.gl/xomcfbw3UHPYcLxG8; https://maps.app.goo.gl/wbNjvBPsJioGNogn8; https://maps.app.goo.gl/DAATNJRd8MxG4uyaA; https://maps.app.goo.gl/cuqyDKdtbfwW1DAa8; https://maps.app.goo.gl/o5yA5cAF8qJoTZqW8; https://maps.app.goo.gl/Wji4ey8prbGM2zHJ6; https://maps.app.goo.gl/UEv62Ht1RcfDLLML8; https://maps.app.goo.gl/TcCLZG1kwf9F7wCu5; https://maps.app.goo.gl/yVp7cfpfnfdzb7mV7; https://goo.gl/maps/eqfdgJBc7XT7VhAW8; https://maps.app.goo.gl/uKe9j2z7xKHjdR8A7; https://www.google.com/maps/d/u/1/edit?mid=10gTnNN6aieu1u3Xx49gGnnp177W4zag&usp=sharing; https://goo.gl/maps/xNEqZWHrXNzKYLHe6; https://maps.app.goo.gl/NT8XaQJv76yrgG946; https://maps.app.goo.gl/b6AweqeJiHMGShsq9; https://maps.app.goo.gl/B98HY6ThSbAhg1a98; https://maps.app.goo.gl/sY5sb4n5Lvp2K2oz7; https://maps.app.goo.gl/xQZeRwkJHuyDhx496; https://maps.app.goo.gl/s62kTxdTsTQvQHDJ9; https://maps.app.goo.gl/XwfK6AzNVqs5eFX17; https://maps.app.goo.gl/QAU1JqmdETLn951C; https://maps.app.goo.gl/K3ASKRs9Sc5yfa9z9; https://maps.app.goo.gl/dAy23L3wP3mTsMM88; https://maps.app.goo.gl/QydbrwwdHVvcm7keA; https://maps.app.goo.gl/E7ucSVc9hHKpPNDQ6; https://maps.app.goo.gl/4E1Yi9DPgpF2CdaE7; https://maps.app.goo.gl/uLPtqwAnwnevw4zz7; https://maps.app.goo.gl/VRterbzJvDcxUkVJ6; https://maps.app.goo.gl/zAmPVdt254bS1UUU7; https://maps.app.goo.gl/9PHZkvYiuadCm992A; https://goo.gl/maps/JhPoRTM15vQA7Kk6A; https://goo.gl/maps/rzwM8zz1vmEphauk6; https://goo.gl/maps/XXMLm2Ebm5FEFwig7; https://goo.gl/maps/BgnUiLh44bo3Nyq37; https://goo.gl/maps/FmDxfXdHa9mdoGK99; https://goo.gl/maps/KCGefw7KgVDUzTPh7; https://goo.gl/maps/aChZ8vYJMZ8j6SjR7; https://goo.gl/maps/GPVNSt7Q6a73xSKHA; https://goo.gl/maps/h4LQbK4dijinbrmF8; https://goo.gl/maps/AivqKgNA3GRARDNZ7; https://goo.gl/maps/k4R8TwNVtrg4BrJc9; https://goo.gl/maps/YaZ9tS4Xqtm5REAe6; https://goo.gl/maps/g4UerEukDLx9YjWt5; https://goo.gl/maps/QUDziRBdFv7URi8QA; https://goo.gl/maps/cUNDNuwk9M5KBSbJA**; https://goo.gl/maps/dSeYp8x6gD6nWQJo7; https://goo.gl/maps/VFB9RLFqHkCjVD4Y6; https://goo.gl/maps/xLiJbzx1TGiATefw5; https://goo.gl/maps/88psz7y8xzQTcyVn9; https://goo.gl/maps/TKu4Ej99YDW51J8o6; https://goo.gl/maps/Y5rcVkPSFzuYQtaJ7; https://goo.gl/maps/tu8NToyeSY9qMEt19; https://goo.gl/maps/sMLMvWwegyerE3jJ9; https://goo.gl/maps/oJBLCYE9ShbB6ZA6A; https://goo.gl/maps/mJAEFg5zdD6J4Xbq8; https://goo.gl/maps/u7HMUhYJqdPGD9dz6; https://goo.gl/maps/1eXNtJWdQZHPkvXp8; https://goo.gl/maps/9VManjp1YiqeSC1A8; https://goo.gl/maps/SeJtvcKkqmN6a7oy6; https://goo.gl/maps/hgxR4SsThT7KqvbUA; https://goo.gl/maps/gHyC9FmNZYpnaoV77; https://goo.gl/maps/5AF74tZoTkBqM71d6; https://goo.gl/maps/JtDt3jc8pMZ3n7xH9; https://goo.gl/maps/GPLvd34uRNT1EL5bA; https://goo.gl/maps/oJP5R9Jfe8yAcrWY6; https://goo.gl/maps/trCxv7WmZ7Lim467A; https://goo.gl/maps/aSmRwi2p279NGLcb9; https://goo.gl/maps/s4v5mQf8LyZUv8B7A
BDS-CURATED-0213,này hiện đã thực hiện pháp lý đến gia,https://goo.gl/maps/9VManjp1YiqeSC1A8; https://maps.app.goo.gl/qDbb6mJHvwhXw4Az6; https://maps.app.goo.gl/D8GuCY5LefTH8JVq9; https://maps.app.goo.gl/GdiSL1z7fBFtk3tr8; https://maps.app.goo.gl/ioqJ9N2mKRyMdiAe6; https://maps.app.goo.gl/dRnRPbNFPmCfsTHAA; https://www.google.com/maps/d/edit?mid=1pYF3M65dQngj9P_VP8SbXUKy92nYnFo&usp=sharing; https://maps.app.goo.gl/v8GdHbU3xb5G8JFs9; https://maps.app.goo.gl/6iyNdteYfVyyT9Xy9; https://maps.app.goo.gl/AoJAreLLvUUHzVVw5; https://www.google.com/maps/d/edit?mid=1SAcLUqc-JTEBiY1uNXVoDUdI-a5wJd0&ll=10.002013642197713%2C105…; https://maps.app.goo.gl/Mww4k2RWctPHssMQA; https://maps.app.goo.gl/Hn6baY7yBKNTcRXs8; https://www.google.com/maps/d/edit?mid=11z_Bkaxe4GIV5AYsicAES_ivCxDZbmM&usp=sharing; https://maps.app.goo.gl/bKZVkKUcnYGRLJWw5; https://maps.app.goo.gl/pTzfCxqkMYLuLe9z9; https://maps.app.goo.gl/7yPFeG3okyKbrLCM9; https://maps.app.goo.gl/acrdQ54V3NVNNkKh9; https://www.google.com/maps/d/edit?mid=1MawyjqMPRL80P8Y7qm_ZhtUgghnbpFc&usp=sharing; https://maps.app.goo.gl/ET75kfpwVX837fEE6; https://maps.app.goo.gl/47PLkeuNfzKvw38w8; https://maps.app.goo.gl/RXcEPNYx6EwAbDxF9; https://maps.app.goo.gl/xg6rRMGswq5scyCbA; https://maps.app.goo.gl/whvDoK2djK9ZczAK8; https://maps.app.goo.gl/efNjqXtJS5uqAid67; https://maps.app.goo.gl/xomcfbw3UHPYcLxG8; https://maps.app.goo.gl/wbNjvBPsJioGNogn8; https://maps.app.goo.gl/DAATNJRd8MxG4uyaA; https://maps.app.goo.gl/cuqyDKdtbfwW1DAa8; https://maps.app.goo.gl/o5yA5cAF8qJoTZqW8; https://maps.app.goo.gl/Wji4ey8prbGM2zHJ6; https://maps.app.goo.gl/UEv62Ht1RcfDLLML8; https://maps.app.goo.gl/TcCLZG1kwf9F7wCu5; https://maps.app.goo.gl/yVp7cfpfnfdzb7mV7; https://maps.app.goo.gl/uKe9j2z7xKHjdR8A7; https://www.google.com/maps/d/u/1/edit?mid=10gTnNN6aieu1u3Xx49gGnnp177W4zag&usp=sharing; https://goo.gl/maps/xNEqZWHrXNzKYLHe6; https://maps.app.goo.gl/NT8XaQJv76yrgG946; https://maps.app.goo.gl/b6AweqeJiHMGShsq9; https://maps.app.goo.gl/B98HY6ThSbAhg1a98; https://maps.app.goo.gl/sY5sb4n5Lvp2K2oz7; https://maps.app.goo.gl/xQZeRwkJHuyDhx496; https://maps.app.goo.gl/s62kTxdTsTQvQHDJ9; https://maps.app.goo.gl/XwfK6AzNVqs5eFX17; https://maps.app.goo.gl/QAU1JqmdETLn951C; https://maps.app.goo.gl/K3ASKRs9Sc5yfa9z9; https://maps.app.goo.gl/zNrudtbb4kMk2xxv5; https://maps.app.goo.gl/4E1Yi9DPgpF2CdaE7; https://maps.app.goo.gl/uLPtqwAnwnevw4zz7; https://maps.app.goo.gl/VRterbzJvDcxUkVJ6; https://maps.app.goo.gl/zAmPVdt254bS1UUU7; https://maps.app.goo.gl/9PHZkvYiuadCm992A; https://goo.gl/maps/JhPoRTM15vQA7Kk6A; https://goo.gl/maps/XXMLm2Ebm5FEFwig7; https://goo.gl/maps/BgnUiLh44bo3Nyq37; https://goo.gl/maps/FmDxfXdHa9mdoGK99; https://goo.gl/maps/KCGefw7KgVDUzTPh7; https://goo.gl/maps/aChZ8vYJMZ8j6SjR7; https://goo.gl/maps/GPVNSt7Q6a73xSKHA; https://goo.gl/maps/h4LQbK4dijinbrmF8; https://goo.gl/maps/AivqKgNA3GRARDNZ7; https://goo.gl/maps/k4R8TwNVtrg4BrJc9; https://goo.gl/maps/YaZ9tS4Xqtm5REAe6; https://goo.gl/maps/g4UerEukDLx9YjWt5; https://goo.gl/maps/C86NnDNwQKH22Bek9-; https://goo.gl/maps/QUDziRBdFv7URi8QA; https://goo.gl/maps/cUNDNuwk9M5KBSbJA**; https://goo.gl/maps/tMLVh6Gm8DCwNDzN6; https://goo.gl/maps/VFB9RLFqHkCjVD4Y6; https://goo.gl/maps/xLiJbzx1TGiATefw5; https://goo.gl/maps/88psz7y8xzQTcyVn9; https://goo.gl/maps/TKu4Ej99YDW51J8o6; https://goo.gl/maps/Y5rcVkPSFzuYQtaJ7; https://goo.gl/maps/tu8NToyeSY9qMEt19; https://goo.gl/maps/sMLMvWwegyerE3jJ9; https://goo.gl/maps/mJAEFg5zdD6J4Xbq8; https://goo.gl/maps/1eXNtJWdQZHPkvXp8; https://goo.gl/maps/SeJtvcKkqmN6a7oy6; https://goo.gl/maps/hgxR4SsThT7KqvbUA; https://goo.gl/maps/gHyC9FmNZYpnaoV77; https://goo.gl/maps/5AF74tZoTkBqM71d6; https://goo.gl/maps/JtDt3jc8pMZ3n7xH9; https://goo.gl/maps/GPLvd34uRNT1EL5bA; https://goo.gl/maps/oJP5R9Jfe8yAcrWY6; https://goo.gl/maps/trCxv7WmZ7Lim467A; https://goo.gl/maps/aSmRwi2p279NGLcb9; https://goo.gl/maps/s4v5mQf8LyZUv8B7A
BDS-CURATED-0461,này đã có đánh giá báo cáo Sếp trước đây rồi à,https://maps.app.goo.gl/GdiSL1z7fBFtk3tr8; https://maps.app.goo.gl/Mww4k2RWctPHssMQA; https://maps.app.goo.gl/o5yA5cAF8qJoTZqW8; https://maps.app.goo.gl/NT8XaQJv76yrgG946; https://maps.app.goo.gl/sY5sb4n5Lvp2K2oz7; https://maps.app.goo.gl/zNrudtbb4kMk2xxv5; https://goo.gl/maps/xNEqZWHrXNzKYLHe6; https://goo.gl/maps/tMLVh6Gm8DCwNDzN6; https://goo.gl/maps/oJBLCYE9ShbB6ZA6A; https://goo.gl/maps/5AF74tZoTkBqM71d6
BDS-CURATED-0462,phát triển nhà ở kết họp TOD,https://maps.app.goo.gl/qDbb6mJHvwhXw4Az6; https://maps.app.goo.gl/GdiSL1z7fBFtk3tr8; https://maps.app.goo.gl/ioqJ9N2mKRyMdiAe6; https://maps.app.goo.gl/dRnRPbNFPmCfsTHAA; https://maps.app.goo.gl/v8GdHbU3xb5G8JFs9; https://goo.gl/maps/Empzn8zwhyULFrqV8; https://maps.app.goo.gl/AoJAreLLvUUHzVVw5; https://www.google.com/maps/d/edit?mid=1GZCfnV4401jtKcup5hFe0KPBOBMYrp4&usp=sharing; https://maps.app.goo.gl/Mww4k2RWctPHssMQA; https://maps.app.goo.gl/bKZVkKUcnYGRLJWw5; https://maps.app.goo.gl/pTzfCxqkMYLuLe9z9; https://www.google.com/maps/d/edit?mid=1MawyjqMPRL80P8Y7qm_ZhtUgghnbpFc&usp=sharing; https://maps.app.goo.gl/wbNjvBPsJioGNogn8; https://maps.app.goo.gl/DAATNJRd8MxG4uyaA; https://maps.app.goo.gl/cuqyDKdtbfwW1DAa8; https://maps.app.goo.gl/Wji4ey8prbGM2zHJ6; https://maps.app.goo.gl/UEv62Ht1RcfDLLML8; https://maps.app.goo.gl/yVp7cfpfnfdzb7mV7; https://goo.gl/maps/eqfdgJBc7XT7VhAW8; https://maps.app.goo.gl/uKe9j2z7xKHjdR8A7; https://www.google.com/maps/d/u/1/edit?mid=10gTnNN6aieu1u3Xx49gGnnp177W4zag&usp=sharing; https://maps.app.goo.gl/NT8XaQJv76yrgG946; https://maps.app.goo.gl/zNrudtbb4kMk2xxv5; https://maps.app.goo.gl/B98HY6ThSbAhg1a98; https://maps.app.goo.gl/s62kTxdTsTQvQHDJ9; https://maps.app.goo.gl/XwfK6AzNVqs5eFX17; https://maps.app.goo.gl/QAU1JqmdETLn951C; https://maps.app.goo.gl/K3ASKRs9Sc5yfa9z9; https://maps.app.goo.gl/dAy23L3wP3mTsMM88; https://maps.app.goo.gl/QydbrwwdHVvcm7keA; https://maps.app.goo.gl/E7ucSVc9hHKpPNDQ6; https://maps.app.goo.gl/4E1Yi9DPgpF2CdaE7; https://maps.app.goo.gl/uLPtqwAnwnevw4zz7; https://maps.app.goo.gl/zAmPVdt254bS1UUU7; https://maps.app.goo.gl/9PHZkvYiuadCm992A; https://goo.gl/maps/JhPoRTM15vQA7Kk6A; https://goo.gl/maps/XXMLm2Ebm5FEFwig7; https://goo.gl/maps/FmDxfXdHa9mdoGK99; https://goo.gl/maps/xNEqZWHrXNzKYLHe6; https://goo.gl/maps/nSTM1wgMZyyzcAhg9; https://goo.gl/maps/k4R8TwNVtrg4BrJc9; https://goo.gl/maps/YaZ9tS4Xqtm5REAe6; https://goo.gl/maps/g4UerEukDLx9YjWt5; https://goo.gl/maps/cUNDNuwk9M5KBSbJA**; https://goo.gl/maps/xLiJbzx1TGiATefw5; https://goo.gl/maps/88psz7y8xzQTcyVn9; https://goo.gl/maps/TKu4Ej99YDW51J8o6; https://goo.gl/maps/Y5rcVkPSFzuYQtaJ7; https://goo.gl/maps/tu8NToyeSY9qMEt19; https://goo.gl/maps/mJAEFg5zdD6J4Xbq8; https://goo.gl/maps/1eXNtJWdQZHPkvXp8; https://goo.gl/maps/9VManjp1YiqeSC1A8; https://goo.gl/maps/SeJtvcKkqmN6a7oy6; https://goo.gl/maps/hgxR4SsThT7KqvbUA; https://goo.gl/maps/gHyC9FmNZYpnaoV77; https://goo.gl/maps/5AF74tZoTkBqM71d6; https://goo.gl/maps/JtDt3jc8pMZ3n7xH9; https://goo.gl/maps/GPLvd34uRNT1EL5bA; https://goo.gl/maps/oJP5R9Jfe8yAcrWY6; https://goo.gl/maps/trCxv7WmZ7Lim467A; https://goo.gl/maps/aSmRwi2p279NGLcb9; https://goo.gl/maps/s4v5mQf8LyZUv8B7A
BDS-CURATED-0094,không đạt được hiệu quả với NPV,https://maps.app.goo.gl/t178LDzcrFtjxgEz9; https://maps.app.goo.gl/qDbb6mJHvwhXw4Az6; https://maps.app.goo.gl/D8GuCY5LefTH8JVq9; https://maps.app.goo.gl/oHEYY6H9GGykdD9C6; https://maps.app.goo.gl/GdiSL1z7fBFtk3tr8; https://maps.app.goo.gl/ioqJ9N2mKRyMdiAe6; https://maps.app.goo.gl/dRnRPbNFPmCfsTHAA; https://www.google.com/maps/d/edit?mid=1pYF3M65dQngj9P_VP8SbXUKy92nYnFo&usp=sharing; https://maps.app.goo.gl/6iyNdteYfVyyT9Xy9; https://goo.gl/maps/Empzn8zwhyULFrqV8; https://maps.app.goo.gl/AoJAreLLvUUHzVVw5; https://maps.app.goo.gl/zNrudtbb4kMk2xxv5; https://maps.app.goo.gl/H57L1w8ReXXNhtb99; https://www.google.com/maps/d/edit?mid=1SAcLUqc-JTEBiY1uNXVoDUdI-a5wJd0&ll=10.002013642197713%2C105…; https://maps.app.goo.gl/QVMCmJp83pMBNKrL8; https://maps.app.goo.gl/bKZVkKUcnYGRLJWw5; https://www.google.com/maps/d/edit?mid=1Fl7DvT-DOnJvyHZ0Oq5v-nUadBLGHFo&usp=sharing; https://maps.app.goo.gl/pTzfCxqkMYLuLe9z9; https://maps.app.goo.gl/Fsyo4xmwK3kmzbC9A; https://maps.app.goo.gl/hMM3KEF5KhFhsZJi7; https://maps.app.goo.gl/7yPFeG3okyKbrLCM9; https://maps.app.goo.gl/acrdQ54V3NVNNkKh9; https://maps.app.goo.gl/u5QRXoNjSCh5uxRx5; https://www.google.com/maps/d/edit?mid=1MawyjqMPRL80P8Y7qm_ZhtUgghnbpFc&usp=sharing; https://maps.app.goo.gl/ET75kfpwVX837fEE6; https://maps.app.goo.gl/47PLkeuNfzKvw38w8; https://maps.app.goo.gl/RXcEPNYx6EwAbDxF9; https://maps.app.goo.gl/xg6rRMGswq5scyCbA; https://maps.app.goo.gl/whvDoK2djK9ZczAK8; https://maps.app.goo.gl/gr7GZiwJ71dX1nzNA; https://maps.app.goo.gl/efNjqXtJS5uqAid67; https://maps.app.goo.gl/9D1AGeGBDHSvttic8; https://maps.app.goo.gl/xomcfbw3UHPYcLxG8; https://maps.app.goo.gl/wbNjvBPsJioGNogn8; https://maps.app.goo.gl/DAATNJRd8MxG4uyaA; https://maps.app.goo.gl/cuqyDKdtbfwW1DAa8; https://maps.app.goo.gl/o5yA5cAF8qJoTZqW8; https://maps.app.goo.gl/Wji4ey8prbGM2zHJ6; https://maps.app.goo.gl/UEv62Ht1RcfDLLML8; https://maps.app.goo.gl/TcCLZG1kwf9F7wCu5; https://maps.app.goo.gl/yVp7cfpfnfdzb7mV7; https://goo.gl/maps/eqfdgJBc7XT7VhAW8; https://maps.app.goo.gl/uKe9j2z7xKHjdR8A7; https://goo.gl/maps/xNEqZWHrXNzKYLHe6; https://maps.app.goo.gl/NT8XaQJv76yrgG946; https://maps.app.goo.gl/b6AweqeJiHMGShsq9; https://maps.app.goo.gl/B98HY6ThSbAhg1a98; https://maps.app.goo.gl/sY5sb4n5Lvp2K2oz7; https://maps.app.goo.gl/xQZeRwkJHuyDhx496; https://maps.app.goo.gl/s62kTxdTsTQvQHDJ9; https://maps.app.goo.gl/XwfK6AzNVqs5eFX17; https://maps.app.goo.gl/QAU1JqmdETLn951C; https://maps.app.goo.gl/K3ASKRs9Sc5yfa9z9; https://maps.app.goo.gl/dAy23L3wP3mTsMM88; https://maps.app.goo.gl/QydbrwwdHVvcm7keA; https://maps.app.goo.gl/E7ucSVc9hHKpPNDQ6; https://maps.app.goo.gl/4E1Yi9DPgpF2CdaE7; https://maps.app.goo.gl/uLPtqwAnwnevw4zz7; https://maps.app.goo.gl/VRterbzJvDcxUkVJ6; https://maps.app.goo.gl/zAmPVdt254bS1UUU7; https://maps.app.goo.gl/9PHZkvYiuadCm992A; https://goo.gl/maps/JhPoRTM15vQA7Kk6A; https://goo.gl/maps/rzwM8zz1vmEphauk6; https://goo.gl/maps/XXMLm2Ebm5FEFwig7; https://goo.gl/maps/BgnUiLh44bo3Nyq37; https://goo.gl/maps/FmDxfXdHa9mdoGK99; https://goo.gl/maps/aChZ8vYJMZ8j6SjR7; https://goo.gl/maps/GPVNSt7Q6a73xSKHA; https://goo.gl/maps/nSTM1wgMZyyzcAhg9; https://goo.gl/maps/h4LQbK4dijinbrmF8; https://goo.gl/maps/AivqKgNA3GRARDNZ7; https://goo.gl/maps/k4R8TwNVtrg4BrJc9; https://goo.gl/maps/YaZ9tS4Xqtm5REAe6; https://goo.gl/maps/g4UerEukDLx9YjWt5; https://goo.gl/maps/C86NnDNwQKH22Bek9-; https://goo.gl/maps/QUDziRBdFv7URi8QA; https://goo.gl/maps/cUNDNuwk9M5KBSbJA**; https://goo.gl/maps/VFB9RLFqHkCjVD4Y6; https://goo.gl/maps/xLiJbzx1TGiATefw5; https://goo.gl/maps/88psz7y8xzQTcyVn9; https://goo.gl/maps/TKu4Ej99YDW51J8o6; https://goo.gl/maps/Y5rcVkPSFzuYQtaJ7; https://goo.gl/maps/tu8NToyeSY9qMEt19; https://goo.gl/maps/sMLMvWwegyerE3jJ9; https://goo.gl/maps/mJAEFg5zdD6J4Xbq8; https://goo.gl/maps/u7HMUhYJqdPGD9dz6; https://goo.gl/maps/1eXNtJWdQZHPkvXp8; https://goo.gl/maps/SeJtvcKkqmN6a7oy6; https://goo.gl/maps/hgxR4SsThT7KqvbUA; https://goo.gl/maps/gHyC9FmNZYpnaoV77; https://goo.gl/maps/5AF74tZoTkBqM71d6; https://goo.gl/maps/JtDt3jc8pMZ3n7xH9; https://goo.gl/maps/GPLvd34uRNT1EL5bA; https://goo.gl/maps/oJP5R9Jfe8yAcrWY6; https://goo.gl/maps/trCxv7WmZ7Lim467A; https://goo.gl/maps/aSmRwi2p279NGLcb9; https://goo.gl/maps/s4v5mQf8LyZUv8B7A
BDS-CURATED-0247,lớn và có quy mô tương tự dự án Nghiên cứu (Dự án – Hùng Thắng 1,https://goo.gl/maps/k4R8TwNVtrg4BrJc9; https://maps.app.goo.gl/D8GuCY5LefTH8JVq9; https://maps.app.goo.gl/oHEYY6H9GGykdD9C6; https://maps.app.goo.gl/GdiSL1z7fBFtk3tr8; https://maps.app.goo.gl/AoJAreLLvUUHzVVw5; https://maps.app.goo.gl/bKZVkKUcnYGRLJWw5; https://www.google.com/maps/d/edit?mid=1MawyjqMPRL80P8Y7qm_ZhtUgghnbpFc&usp=sharing; https://maps.app.goo.gl/gr7GZiwJ71dX1nzNA; https://maps.app.goo.gl/o5yA5cAF8qJoTZqW8; https://maps.app.goo.gl/yVp7cfpfnfdzb7mV7; https://maps.app.goo.gl/B98HY6ThSbAhg1a98; https://maps.app.goo.gl/s62kTxdTsTQvQHDJ9; https://maps.app.goo.gl/dAy23L3wP3mTsMM88; https://maps.app.goo.gl/QydbrwwdHVvcm7keA; https://maps.app.goo.gl/E7ucSVc9hHKpPNDQ6; https://maps.app.goo.gl/uLPtqwAnwnevw4zz7; https://maps.app.goo.gl/9PHZkvYiuadCm992A; https://goo.gl/maps/JhPoRTM15vQA7Kk6A; https://goo.gl/maps/aChZ8vYJMZ8j6SjR7; https://goo.gl/maps/g4UerEukDLx9YjWt5; https://goo.gl/maps/Y5rcVkPSFzuYQtaJ7; https://goo.gl/maps/tu8NToyeSY9qMEt19; https://goo.gl/maps/mJAEFg5zdD6J4Xbq8; https://goo.gl/maps/9VManjp1YiqeSC1A8; https://goo.gl/maps/SeJtvcKkqmN6a7oy6; https://goo.gl/maps/5AF74tZoTkBqM71d6; https://goo.gl/maps/trCxv7WmZ7Lim467A
BDS-CURATED-0228,=> Nên chưa đánh giá hiệu quả dự án theo yếu tố dòng tiền ** Link Drive,https://goo.gl/maps/k4R8TwNVtrg4BrJc9; https://maps.app.goo.gl/t178LDzcrFtjxgEz9; https://maps.app.goo.gl/qDbb6mJHvwhXw4Az6; https://maps.app.goo.gl/D8GuCY5LefTH8JVq9; https://maps.app.goo.gl/GdiSL1z7fBFtk3tr8; https://maps.app.goo.gl/ioqJ9N2mKRyMdiAe6; https://maps.app.goo.gl/dRnRPbNFPmCfsTHAA; https://www.google.com/maps/d/edit?mid=1pYF3M65dQngj9P_VP8SbXUKy92nYnFo&usp=sharing; https://maps.app.goo.gl/v8GdHbU3xb5G8JFs9; https://maps.app.goo.gl/6iyNdteYfVyyT9Xy9; https://goo.gl/maps/Empzn8zwhyULFrqV8; https://maps.app.goo.gl/AoJAreLLvUUHzVVw5; https://maps.app.goo.gl/zNrudtbb4kMk2xxv5; https://www.google.com/maps/d/edit?mid=1SAcLUqc-JTEBiY1uNXVoDUdI-a5wJd0&ll=10.002013642197713%2C105…; https://www.google.com/maps/d/edit?mid=1GZCfnV4401jtKcup5hFe0KPBOBMYrp4&usp=sharing; https://maps.app.goo.gl/QVMCmJp83pMBNKrL8; https://maps.app.goo.gl/Mww4k2RWctPHssMQA; https://maps.app.goo.gl/Hn6baY7yBKNTcRXs8; https://www.google.com/maps/d/edit?mid=11z_Bkaxe4GIV5AYsicAES_ivCxDZbmM&usp=sharing; https://maps.app.goo.gl/bKZVkKUcnYGRLJWw5; https://www.google.com/maps/d/edit?mid=1Fl7DvT-DOnJvyHZ0Oq5v-nUadBLGHFo&usp=sharing; https://maps.app.goo.gl/pTzfCxqkMYLuLe9z9; https://maps.app.goo.gl/Fsyo4xmwK3kmzbC9A; https://maps.app.goo.gl/hMM3KEF5KhFhsZJi7; https://maps.app.goo.gl/7yPFeG3okyKbrLCM9; https://maps.app.goo.gl/acrdQ54V3NVNNkKh9; https://maps.app.goo.gl/u5QRXoNjSCh5uxRx5; https://www.google.com/maps/d/edit?mid=1MawyjqMPRL80P8Y7qm_ZhtUgghnbpFc&usp=sharing; https://maps.app.goo.gl/ET75kfpwVX837fEE6; https://maps.app.goo.gl/47PLkeuNfzKvw38w8; https://maps.app.goo.gl/RXcEPNYx6EwAbDxF9; https://maps.app.goo.gl/xg6rRMGswq5scyCbA; https://maps.app.goo.gl/whvDoK2djK9ZczAK8; https://maps.app.goo.gl/gr7GZiwJ71dX1nzNA; https://maps.app.goo.gl/efNjqXtJS5uqAid67; https://maps.app.goo.gl/9D1AGeGBDHSvttic8; https://maps.app.goo.gl/xomcfbw3UHPYcLxG8; https://maps.app.goo.gl/wbNjvBPsJioGNogn8; https://maps.app.goo.gl/DAATNJRd8MxG4uyaA; https://maps.app.goo.gl/cuqyDKdtbfwW1DAa8; https://maps.app.goo.gl/o5yA5cAF8qJoTZqW8; https://maps.app.goo.gl/Wji4ey8prbGM2zHJ6; https://maps.app.goo.gl/UEv62Ht1RcfDLLML8; https://maps.app.goo.gl/TcCLZG1kwf9F7wCu5; https://maps.app.goo.gl/yVp7cfpfnfdzb7mV7; https://goo.gl/maps/eqfdgJBc7XT7VhAW8; https://maps.app.goo.gl/uKe9j2z7xKHjdR8A7; https://goo.gl/maps/xNEqZWHrXNzKYLHe6; https://maps.app.goo.gl/NT8XaQJv76yrgG946; https://maps.app.goo.gl/b6AweqeJiHMGShsq9; https://maps.app.goo.gl/B98HY6ThSbAhg1a98; https://maps.app.goo.gl/sY5sb4n5Lvp2K2oz7; https://maps.app.goo.gl/xQZeRwkJHuyDhx496; https://maps.app.goo.gl/s62kTxdTsTQvQHDJ9; https://maps.app.goo.gl/XwfK6AzNVqs5eFX17; https://maps.app.goo.gl/QAU1JqmdETLn951C; https://maps.app.goo.gl/K3ASKRs9Sc5yfa9z9; https://maps.app.goo.gl/dAy23L3wP3mTsMM88; https://maps.app.goo.gl/QydbrwwdHVvcm7keA; https://maps.app.goo.gl/E7ucSVc9hHKpPNDQ6; https://maps.app.goo.gl/4E1Yi9DPgpF2CdaE7; https://maps.app.goo.gl/uLPtqwAnwnevw4zz7; https://maps.app.goo.gl/VRterbzJvDcxUkVJ6; https://maps.app.goo.gl/zAmPVdt254bS1UUU7; https://maps.app.goo.gl/9PHZkvYiuadCm992A; https://goo.gl/maps/JhPoRTM15vQA7Kk6A; https://goo.gl/maps/rzwM8zz1vmEphauk6; https://goo.gl/maps/XXMLm2Ebm5FEFwig7; https://goo.gl/maps/BgnUiLh44bo3Nyq37; https://goo.gl/maps/FmDxfXdHa9mdoGK99; https://goo.gl/maps/aChZ8vYJMZ8j6SjR7; https://goo.gl/maps/GPVNSt7Q6a73xSKHA; https://goo.gl/maps/F33YDXFjYWRxh2dP8; https://goo.gl/maps/nSTM1wgMZyyzcAhg9; https://goo.gl/maps/h4LQbK4dijinbrmF8; https://goo.gl/maps/AivqKgNA3GRARDNZ7; https://goo.gl/maps/YaZ9tS4Xqtm5REAe6; https://goo.gl/maps/g4UerEukDLx9YjWt5; https://goo.gl/maps/QUDziRBdFv7URi8QA; https://goo.gl/maps/cUNDNuwk9M5KBSbJA**; https://goo.gl/maps/tMLVh6Gm8DCwNDzN6; https://goo.gl/maps/dSeYp8x6gD6nWQJo7; https://goo.gl/maps/VFB9RLFqHkCjVD4Y6; https://goo.gl/maps/xLiJbzx1TGiATefw5; https://goo.gl/maps/88psz7y8xzQTcyVn9; https://goo.gl/maps/TKu4Ej99YDW51J8o6; https://goo.gl/maps/Y5rcVkPSFzuYQtaJ7; https://goo.gl/maps/tu8NToyeSY9qMEt19; https://goo.gl/maps/sMLMvWwegyerE3jJ9; https://goo.gl/maps/oJBLCYE9ShbB6ZA6A; https://goo.gl/maps/mJAEFg5zdD6J4Xbq8; https://goo.gl/maps/u7HMUhYJqdPGD9dz6; https://goo.gl/maps/1eXNtJWdQZHPkvXp8; https://goo.gl/maps/9VManjp1YiqeSC1A8; https://goo.gl/maps/SeJtvcKkqmN6a7oy6; https://goo.gl/maps/hgxR4SsThT7KqvbUA; https://goo.gl/maps/gHyC9FmNZYpnaoV77; https://goo.gl/maps/5AF74tZoTkBqM71d6; https://goo.gl/maps/JtDt3jc8pMZ3n7xH9; https://goo.gl/maps/GPLvd34uRNT1EL5bA; https://goo.gl/maps/oJP5R9Jfe8yAcrWY6; https://goo.gl/maps/trCxv7WmZ7Lim467A; https://goo.gl/maps/aSmRwi2p279NGLcb9; https://goo.gl/maps/s4v5mQf8LyZUv8B7A
BDS-CURATED-0238,chưa bàn giao nên chưa dc vào ở à,https://maps.app.goo.gl/t178LDzcrFtjxgEz9; https://maps.app.goo.gl/qDbb6mJHvwhXw4Az6; https://maps.app.goo.gl/ioqJ9N2mKRyMdiAe6; https://www.google.com/maps/d/edit?mid=1pYF3M65dQngj9P_VP8SbXUKy92nYnFo&usp=sharing; https://maps.app.goo.gl/v8GdHbU3xb5G8JFs9; https://maps.app.goo.gl/7yPFeG3okyKbrLCM9; https://maps.app.goo.gl/u5QRXoNjSCh5uxRx5; https://www.google.com/maps/d/edit?mid=1MawyjqMPRL80P8Y7qm_ZhtUgghnbpFc&usp=sharing; https://maps.app.goo.gl/gr7GZiwJ71dX1nzNA; https://maps.app.goo.gl/efNjqXtJS5uqAid67; https://maps.app.goo.gl/xomcfbw3UHPYcLxG8; https://maps.app.goo.gl/cuqyDKdtbfwW1DAa8; https://maps.app.goo.gl/o5yA5cAF8qJoTZqW8; https://maps.app.goo.gl/UEv62Ht1RcfDLLML8; https://maps.app.goo.gl/yVp7cfpfnfdzb7mV7; https://goo.gl/maps/xNEqZWHrXNzKYLHe6; https://maps.app.goo.gl/NT8XaQJv76yrgG946; https://maps.app.goo.gl/zNrudtbb4kMk2xxv5; https://maps.app.goo.gl/B98HY6ThSbAhg1a98; https://maps.app.goo.gl/xQZeRwkJHuyDhx496; https://maps.app.goo.gl/s62kTxdTsTQvQHDJ9; https://maps.app.goo.gl/XwfK6AzNVqs5eFX17; https://maps.app.goo.gl/QAU1JqmdETLn951C; https://maps.app.goo.gl/K3ASKRs9Sc5yfa9z9; https://maps.app.goo.gl/4E1Yi9DPgpF2CdaE7; https://maps.app.goo.gl/VRterbzJvDcxUkVJ6; https://maps.app.goo.gl/zAmPVdt254bS1UUU7; https://maps.app.goo.gl/9PHZkvYiuadCm992A; https://goo.gl/maps/JhPoRTM15vQA7Kk6A; https://goo.gl/maps/XXMLm2Ebm5FEFwig7; https://goo.gl/maps/FmDxfXdHa9mdoGK99; https://goo.gl/maps/aChZ8vYJMZ8j6SjR7; https://goo.gl/maps/GPVNSt7Q6a73xSKHA; https://goo.gl/maps/h4LQbK4dijinbrmF8; https://goo.gl/maps/k4R8TwNVtrg4BrJc9; https://goo.gl/maps/YaZ9tS4Xqtm5REAe6; https://goo.gl/maps/g4UerEukDLx9YjWt5; https://goo.gl/maps/cUNDNuwk9M5KBSbJA**; https://goo.gl/maps/xLiJbzx1TGiATefw5; https://goo.gl/maps/88psz7y8xzQTcyVn9; https://goo.gl/maps/TKu4Ej99YDW51J8o6; https://goo.gl/maps/Y5rcVkPSFzuYQtaJ7; https://goo.gl/maps/tu8NToyeSY9qMEt19; https://goo.gl/maps/mJAEFg5zdD6J4Xbq8; https://goo.gl/maps/1eXNtJWdQZHPkvXp8; https://goo.gl/maps/SeJtvcKkqmN6a7oy6; https://goo.gl/maps/JtDt3jc8pMZ3n7xH9; https://goo.gl/maps/GPLvd34uRNT1EL5bA; https://goo.gl/maps/oJP5R9Jfe8yAcrWY6; https://goo.gl/maps/trCxv7WmZ7Lim467A; https://goo.gl/maps/aSmRwi2p279NGLcb9; https://goo.gl/maps/s4v5mQf8LyZUv8B7A
BDS-CURATED-0435,Green Hill 2054482750212548727,https://goo.gl/maps/gHyC9FmNZYpnaoV77
BDS-CURATED-0191,Nguyễn Thiện Thuật và Đoàn Trần Nghiệp - Nha Trang,https://maps.app.goo.gl/uKe9j2z7xKHjdR8A7; https://goo.gl/maps/Empzn8zwhyULFrqV8; https://maps.app.goo.gl/AoJAreLLvUUHzVVw5; https://maps.app.goo.gl/wbNjvBPsJioGNogn8; https://maps.app.goo.gl/DAATNJRd8MxG4uyaA; https://maps.app.goo.gl/cuqyDKdtbfwW1DAa8; https://maps.app.goo.gl/UEv62Ht1RcfDLLML8; https://maps.app.goo.gl/yVp7cfpfnfdzb7mV7; https://goo.gl/maps/xNEqZWHrXNzKYLHe6; https://maps.app.goo.gl/b6AweqeJiHMGShsq9; https://maps.app.goo.gl/zNrudtbb4kMk2xxv5; https://maps.app.goo.gl/B98HY6ThSbAhg1a98; https://maps.app.goo.gl/sY5sb4n5Lvp2K2oz7; https://maps.app.goo.gl/s62kTxdTsTQvQHDJ9; https://maps.app.goo.gl/uLPtqwAnwnevw4zz7; https://maps.app.goo.gl/zAmPVdt254bS1UUU7; https://maps.app.goo.gl/9PHZkvYiuadCm992A; https://goo.gl/maps/JhPoRTM15vQA7Kk6A; https://goo.gl/maps/XXMLm2Ebm5FEFwig7; https://goo.gl/maps/FmDxfXdHa9mdoGK99; https://goo.gl/maps/aChZ8vYJMZ8j6SjR7; https://goo.gl/maps/k4R8TwNVtrg4BrJc9; https://goo.gl/maps/YaZ9tS4Xqtm5REAe6; https://goo.gl/maps/g4UerEukDLx9YjWt5; https://goo.gl/maps/tMLVh6Gm8DCwNDzN6; https://goo.gl/maps/dSeYp8x6gD6nWQJo7; https://goo.gl/maps/88psz7y8xzQTcyVn9; https://goo.gl/maps/Y5rcVkPSFzuYQtaJ7; https://goo.gl/maps/tu8NToyeSY9qMEt19; https://goo.gl/maps/sMLMvWwegyerE3jJ9; https://goo.gl/maps/mJAEFg5zdD6J4Xbq8; https://goo.gl/maps/gHyC9FmNZYpnaoV77; https://goo.gl/maps/JtDt3jc8pMZ3n7xH9; https://goo.gl/maps/GPLvd34uRNT1EL5bA; https://goo.gl/maps/oJP5R9Jfe8yAcrWY6; https://goo.gl/maps/trCxv7WmZ7Lim467A
BDS-CURATED-0470,xung quanh do phòng R&D tổng hợp,https://www.google.com/maps/d/edit?mid=1Fl7DvT-DOnJvyHZ0Oq5v-nUadBLGHFo&usp=sharing; https://maps.app.goo.gl/GdiSL1z7fBFtk3tr8; https://maps.app.goo.gl/dRnRPbNFPmCfsTHAA; https://maps.app.goo.gl/v8GdHbU3xb5G8JFs9; https://maps.app.goo.gl/6iyNdteYfVyyT9Xy9; https://goo.gl/maps/Empzn8zwhyULFrqV8; https://maps.app.goo.gl/AoJAreLLvUUHzVVw5; https://maps.app.goo.gl/zNrudtbb4kMk2xxv5; https://www.google.com/maps/d/edit?mid=1SAcLUqc-JTEBiY1uNXVoDUdI-a5wJd0&ll=10.002013642197713%2C105…; https://maps.app.goo.gl/QVMCmJp83pMBNKrL8; https://maps.app.goo.gl/Hn6baY7yBKNTcRXs8; https://maps.app.goo.gl/u5QRXoNjSCh5uxRx5; https://maps.app.goo.gl/Fsyo4xmwK3kmzbC9A; https://maps.app.goo.gl/hMM3KEF5KhFhsZJi7; https://www.google.com/maps/d/edit?mid=1MawyjqMPRL80P8Y7qm_ZhtUgghnbpFc&usp=sharing; https://maps.app.goo.gl/ET75kfpwVX837fEE6; https://maps.app.goo.gl/47PLkeuNfzKvw38w8; https://maps.app.goo.gl/RXcEPNYx6EwAbDxF9; https://maps.app.goo.gl/xg6rRMGswq5scyCbA; https://maps.app.goo.gl/whvDoK2djK9ZczAK8; https://maps.app.goo.gl/gr7GZiwJ71dX1nzNA; https://maps.app.goo.gl/xomcfbw3UHPYcLxG8; https://maps.app.goo.gl/cuqyDKdtbfwW1DAa8; https://maps.app.goo.gl/o5yA5cAF8qJoTZqW8; https://maps.app.goo.gl/Wji4ey8prbGM2zHJ6; https://maps.app.goo.gl/UEv62Ht1RcfDLLML8; https://maps.app.goo.gl/TcCLZG1kwf9F7wCu5; https://maps.app.goo.gl/yVp7cfpfnfdzb7mV7; https://maps.app.goo.gl/NT8XaQJv76yrgG946; https://maps.app.goo.gl/sY5sb4n5Lvp2K2oz7; https://maps.app.goo.gl/xQZeRwkJHuyDhx496; https://maps.app.goo.gl/s62kTxdTsTQvQHDJ9; https://maps.app.goo.gl/XwfK6AzNVqs5eFX17; https://maps.app.goo.gl/QAU1JqmdETLn951C; https://maps.app.goo.gl/4E1Yi9DPgpF2CdaE7; https://maps.app.goo.gl/uLPtqwAnwnevw4zz7; https://maps.app.goo.gl/VRterbzJvDcxUkVJ6; https://maps.app.goo.gl/zAmPVdt254bS1UUU7; https://goo.gl/maps/rzwM8zz1vmEphauk6; https://goo.gl/maps/BgnUiLh44bo3Nyq37; https://goo.gl/maps/FmDxfXdHa9mdoGK99; https://goo.gl/maps/xNEqZWHrXNzKYLHe6; https://goo.gl/maps/g4UerEukDLx9YjWt5; https://goo.gl/maps/cUNDNuwk9M5KBSbJA**; https://goo.gl/maps/TKu4Ej99YDW51J8o6; https://goo.gl/maps/sMLMvWwegyerE3jJ9; https://goo.gl/maps/mJAEFg5zdD6J4Xbq8; https://goo.gl/maps/1eXNtJWdQZHPkvXp8; https://goo.gl/maps/9VManjp1YiqeSC1A8; https://goo.gl/maps/hgxR4SsThT7KqvbUA; https://goo.gl/maps/gHyC9FmNZYpnaoV77; https://goo.gl/maps/5AF74tZoTkBqM71d6; https://goo.gl/maps/JtDt3jc8pMZ3n7xH9; https://goo.gl/maps/GPLvd34uRNT1EL5bA; https://goo.gl/maps/oJP5R9Jfe8yAcrWY6; https://goo.gl/maps/trCxv7WmZ7Lim467A
BDS-CURATED-0472,đã xong phần đất,https://maps.app.goo.gl/bKZVkKUcnYGRLJWw5; https://maps.app.goo.gl/xomcfbw3UHPYcLxG8; https://maps.app.goo.gl/zAmPVdt254bS1UUU7; https://goo.gl/maps/GPVNSt7Q6a73xSKHA; https://goo.gl/maps/trCxv7WmZ7Lim467A
BDS-CURATED-0299,trên đã có các nhà đàu tư đăng ký tham gia đấu thầu,https://goo.gl/maps/xNEqZWHrXNzKYLHe6; https://maps.app.goo.gl/ioqJ9N2mKRyMdiAe6; https://maps.app.goo.gl/bKZVkKUcnYGRLJWw5; https://www.google.com/maps/d/edit?mid=1Fl7DvT-DOnJvyHZ0Oq5v-nUadBLGHFo&usp=sharing; https://maps.app.goo.gl/7yPFeG3okyKbrLCM9; https://maps.app.goo.gl/xg6rRMGswq5scyCbA; https://maps.app.goo.gl/whvDoK2djK9ZczAK8; https://maps.app.goo.gl/wbNjvBPsJioGNogn8; https://maps.app.goo.gl/DAATNJRd8MxG4uyaA; https://maps.app.goo.gl/o5yA5cAF8qJoTZqW8; https://maps.app.goo.gl/TcCLZG1kwf9F7wCu5; https://maps.app.goo.gl/yVp7cfpfnfdzb7mV7; https://maps.app.goo.gl/zNrudtbb4kMk2xxv5; https://maps.app.goo.gl/K3ASKRs9Sc5yfa9z9; https://maps.app.goo.gl/uLPtqwAnwnevw4zz7; https://goo.gl/maps/JhPoRTM15vQA7Kk6A; https://goo.gl/maps/XXMLm2Ebm5FEFwig7; https://goo.gl/maps/FmDxfXdHa9mdoGK99; https://goo.gl/maps/KCGefw7KgVDUzTPh7; https://goo.gl/maps/YaZ9tS4Xqtm5REAe6; https://goo.gl/maps/g4UerEukDLx9YjWt5; https://goo.gl/maps/cUNDNuwk9M5KBSbJA**; https://goo.gl/maps/88psz7y8xzQTcyVn9; https://goo.gl/maps/oJBLCYE9ShbB6ZA6A; https://goo.gl/maps/mJAEFg5zdD6J4Xbq8; https://goo.gl/maps/SeJtvcKkqmN6a7oy6; https://goo.gl/maps/hgxR4SsThT7KqvbUA; https://goo.gl/maps/5AF74tZoTkBqM71d6; https://goo.gl/maps/JtDt3jc8pMZ3n7xH9; https://goo.gl/maps/GPLvd34uRNT1EL5bA; https://goo.gl/maps/oJP5R9Jfe8yAcrWY6; https://goo.gl/maps/trCxv7WmZ7Lim467A; https://goo.gl/maps/aSmRwi2p279NGLcb9; https://goo.gl/maps/s4v5mQf8LyZUv8B7A
BDS-CURATED-0312,đã được đưa vào danh sách thí điểm 171 Số thự tự 41,https://maps.app.goo.gl/t178LDzcrFtjxgEz9; https://maps.app.goo.gl/qDbb6mJHvwhXw4Az6; https://maps.app.goo.gl/D8GuCY5LefTH8JVq9; https://maps.app.goo.gl/GdiSL1z7fBFtk3tr8; https://maps.app.goo.gl/ioqJ9N2mKRyMdiAe6; https://www.google.com/maps/d/edit?mid=1pYF3M65dQngj9P_VP8SbXUKy92nYnFo&usp=sharing; https://maps.app.goo.gl/AoJAreLLvUUHzVVw5; https://www.google.com/maps/d/edit?mid=1GZCfnV4401jtKcup5hFe0KPBOBMYrp4&usp=sharing; https://maps.app.goo.gl/bKZVkKUcnYGRLJWw5; https://www.google.com/maps/d/edit?mid=1Fl7DvT-DOnJvyHZ0Oq5v-nUadBLGHFo&usp=sharing; https://maps.app.goo.gl/pTzfCxqkMYLuLe9z9; https://maps.app.goo.gl/Fsyo4xmwK3kmzbC9A; https://maps.app.goo.gl/hMM3KEF5KhFhsZJi7; https://maps.app.goo.gl/7yPFeG3okyKbrLCM9; https://maps.app.goo.gl/gr7GZiwJ71dX1nzNA; https://maps.app.goo.gl/efNjqXtJS5uqAid67; https://maps.app.goo.gl/9D1AGeGBDHSvttic8; https://maps.app.goo.gl/wbNjvBPsJioGNogn8; https://maps.app.goo.gl/DAATNJRd8MxG4uyaA; https://maps.app.goo.gl/cuqyDKdtbfwW1DAa8; https://maps.app.goo.gl/UEv62Ht1RcfDLLML8; https://maps.app.goo.gl/yVp7cfpfnfdzb7mV7; https://maps.app.goo.gl/uKe9j2z7xKHjdR8A7; https://www.google.com/maps/d/u/1/edit?mid=10gTnNN6aieu1u3Xx49gGnnp177W4zag&usp=sharing; https://goo.gl/maps/xNEqZWHrXNzKYLHe6; https://maps.app.goo.gl/B98HY6ThSbAhg1a98; https://maps.app.goo.gl/xQZeRwkJHuyDhx496; https://maps.app.goo.gl/s62kTxdTsTQvQHDJ9; https://maps.app.goo.gl/dAy23L3wP3mTsMM88; https://maps.app.goo.gl/QydbrwwdHVvcm7keA; https://maps.app.goo.gl/E7ucSVc9hHKpPNDQ6; https://maps.app.goo.gl/4E1Yi9DPgpF2CdaE7; https://maps.app.goo.gl/uLPtqwAnwnevw4zz7; https://maps.app.goo.gl/VRterbzJvDcxUkVJ6; https://maps.app.goo.gl/zAmPVdt254bS1UUU7; https://maps.app.goo.gl/9PHZkvYiuadCm992A; https://goo.gl/maps/JhPoRTM15vQA7Kk6A; https://goo.gl/maps/rzwM8zz1vmEphauk6; https://goo.gl/maps/XXMLm2Ebm5FEFwig7; https://goo.gl/maps/FmDxfXdHa9mdoGK99; https://goo.gl/maps/YaZ9tS4Xqtm5REAe6; https://goo.gl/maps/g4UerEukDLx9YjWt5; https://goo.gl/maps/tMLVh6Gm8DCwNDzN6; https://goo.gl/maps/VFB9RLFqHkCjVD4Y6; https://goo.gl/maps/88psz7y8xzQTcyVn9; https://goo.gl/maps/TKu4Ej99YDW51J8o6; https://goo.gl/maps/Y5rcVkPSFzuYQtaJ7; https://goo.gl/maps/tu8NToyeSY9qMEt19; https://goo.gl/maps/mJAEFg5zdD6J4Xbq8; https://goo.gl/maps/SeJtvcKkqmN6a7oy6; https://goo.gl/maps/hgxR4SsThT7KqvbUA; https://goo.gl/maps/gHyC9FmNZYpnaoV77
BDS-CURATED-0248,lớn xảy ra sai phạm nghiêm trọng trong quản lý đất đai của tỉnh Đồng Nai,https://maps.app.goo.gl/yVp7cfpfnfdzb7mV7; https://maps.app.goo.gl/D8GuCY5LefTH8JVq9; https://maps.app.goo.gl/ioqJ9N2mKRyMdiAe6; https://maps.app.goo.gl/dRnRPbNFPmCfsTHAA; https://www.google.com/maps/d/edit?mid=1pYF3M65dQngj9P_VP8SbXUKy92nYnFo&usp=sharing; https://maps.app.goo.gl/6iyNdteYfVyyT9Xy9; https://goo.gl/maps/Empzn8zwhyULFrqV8; https://maps.app.goo.gl/zNrudtbb4kMk2xxv5; https://maps.app.goo.gl/H57L1w8ReXXNhtb99; https://www.google.com/maps/d/edit?mid=1SAcLUqc-JTEBiY1uNXVoDUdI-a5wJd0&ll=10.002013642197713%2C105…; https://www.google.com/maps/d/edit?mid=1GZCfnV4401jtKcup5hFe0KPBOBMYrp4&usp=sharing; https://maps.app.goo.gl/QVMCmJp83pMBNKrL8; https://maps.app.goo.gl/Hn6baY7yBKNTcRXs8; https://maps.app.goo.gl/bKZVkKUcnYGRLJWw5; https://www.google.com/maps/d/edit?mid=1Fl7DvT-DOnJvyHZ0Oq5v-nUadBLGHFo&usp=sharing; https://maps.app.goo.gl/Fsyo4xmwK3kmzbC9A; https://maps.app.goo.gl/hMM3KEF5KhFhsZJi7; https://maps.app.goo.gl/7yPFeG3okyKbrLCM9; https://maps.app.goo.gl/acrdQ54V3NVNNkKh9; https://maps.app.goo.gl/u5QRXoNjSCh5uxRx5; https://www.google.com/maps/d/edit?mid=1MawyjqMPRL80P8Y7qm_ZhtUgghnbpFc&usp=sharing; https://maps.app.goo.gl/ET75kfpwVX837fEE6; https://maps.app.goo.gl/47PLkeuNfzKvw38w8; https://maps.app.goo.gl/RXcEPNYx6EwAbDxF9; https://maps.app.goo.gl/xg6rRMGswq5scyCbA; https://maps.app.goo.gl/whvDoK2djK9ZczAK8; https://maps.app.goo.gl/gr7GZiwJ71dX1nzNA; https://maps.app.goo.gl/efNjqXtJS5uqAid67; https://maps.app.goo.gl/xomcfbw3UHPYcLxG8; https://maps.app.goo.gl/wbNjvBPsJioGNogn8; https://maps.app.goo.gl/DAATNJRd8MxG4uyaA; https://maps.app.goo.gl/cuqyDKdtbfwW1DAa8; https://maps.app.goo.gl/o5yA5cAF8qJoTZqW8; https://maps.app.goo.gl/Wji4ey8prbGM2zHJ6; https://maps.app.goo.gl/UEv62Ht1RcfDLLML8; https://maps.app.goo.gl/TcCLZG1kwf9F7wCu5; https://maps.app.goo.gl/uKe9j2z7xKHjdR8A7; https://www.google.com/maps/d/u/1/edit?mid=10gTnNN6aieu1u3Xx49gGnnp177W4zag&usp=sharing; https://maps.app.goo.gl/NT8XaQJv76yrgG946; https://maps.app.goo.gl/B98HY6ThSbAhg1a98; https://maps.app.goo.gl/sY5sb4n5Lvp2K2oz7; https://maps.app.goo.gl/xQZeRwkJHuyDhx496; https://maps.app.goo.gl/s62kTxdTsTQvQHDJ9; https://maps.app.goo.gl/XwfK6AzNVqs5eFX17; https://maps.app.goo.gl/QAU1JqmdETLn951C; https://maps.app.goo.gl/K3ASKRs9Sc5yfa9z9; https://maps.app.goo.gl/E7ucSVc9hHKpPNDQ6; https://maps.app.goo.gl/uLPtqwAnwnevw4zz7; https://maps.app.goo.gl/VRterbzJvDcxUkVJ6; https://maps.app.goo.gl/zAmPVdt254bS1UUU7; https://maps.app.goo.gl/9PHZkvYiuadCm992A; https://goo.gl/maps/JhPoRTM15vQA7Kk6A; https://goo.gl/maps/rzwM8zz1vmEphauk6; https://goo.gl/maps/XXMLm2Ebm5FEFwig7; https://goo.gl/maps/BgnUiLh44bo3Nyq37; https://goo.gl/maps/FmDxfXdHa9mdoGK99; https://goo.gl/maps/ZVuC7; https://goo.gl/maps/KCGefw7KgVDUzTPh7; https://goo.gl/maps/aChZ8vYJMZ8j6SjR7; https://goo.gl/maps/h4LQbK4dijinbrmF8; https://goo.gl/maps/k4R8TwNVtrg4BrJc9; https://goo.gl/maps/g4UerEukDLx9YjWt5; https://goo.gl/maps/QUDziRBdFv7URi8QA; https://goo.gl/maps/cUNDNuwk9M5KBSbJA**; https://goo.gl/maps/VFB9RLFqHkCjVD4Y6; https://goo.gl/maps/xLiJbzx1TGiATefw5; https://goo.gl/maps/88psz7y8xzQTcyVn9; https://goo.gl/maps/TKu4Ej99YDW51J8o6; https://goo.gl/maps/Y5rcVkPSFzuYQtaJ7; https://goo.gl/maps/tu8NToyeSY9qMEt19; https://goo.gl/maps/sMLMvWwegyerE3jJ9; https://goo.gl/maps/mJAEFg5zdD6J4Xbq8; https://goo.gl/maps/1eXNtJWdQZHPkvXp8; https://goo.gl/maps/9VManjp1YiqeSC1A8; https://goo.gl/maps/SeJtvcKkqmN6a7oy6; https://goo.gl/maps/hgxR4SsThT7KqvbUA; https://goo.gl/maps/gHyC9FmNZYpnaoV77; https://goo.gl/maps/5AF74tZoTkBqM71d6; https://goo.gl/maps/JtDt3jc8pMZ3n7xH9; https://goo.gl/maps/GPLvd34uRNT1EL5bA; https://goo.gl/maps/oJP5R9Jfe8yAcrWY6; https://goo.gl/maps/trCxv7WmZ7Lim467A; https://goo.gl/maps/aSmRwi2p279NGLcb9; https://goo.gl/maps/s4v5mQf8LyZUv8B7A
BDS-CURATED-0261,thì khả năng cao dự án không phải nộp thêm ạ,https://maps.app.goo.gl/ioqJ9N2mKRyMdiAe6; https://maps.app.goo.gl/t178LDzcrFtjxgEz9; https://maps.app.goo.gl/qDbb6mJHvwhXw4Az6; https://maps.app.goo.gl/dRnRPbNFPmCfsTHAA; https://goo.gl/maps/Empzn8zwhyULFrqV8; https://maps.app.goo.gl/AoJAreLLvUUHzVVw5; https://www.google.com/maps/d/edit?mid=1SAcLUqc-JTEBiY1uNXVoDUdI-a5wJd0&ll=10.002013642197713%2C105…; https://www.google.com/maps/d/edit?mid=1GZCfnV4401jtKcup5hFe0KPBOBMYrp4&usp=sharing; https://maps.app.goo.gl/QVMCmJp83pMBNKrL8; https://maps.app.goo.gl/Hn6baY7yBKNTcRXs8; https://www.google.com/maps/d/edit?mid=1Fl7DvT-DOnJvyHZ0Oq5v-nUadBLGHFo&usp=sharing; https://maps.app.goo.gl/Fsyo4xmwK3kmzbC9A; https://maps.app.goo.gl/hMM3KEF5KhFhsZJi7; https://maps.app.goo.gl/7yPFeG3okyKbrLCM9; https://www.google.com/maps/d/edit?mid=1MawyjqMPRL80P8Y7qm_ZhtUgghnbpFc&usp=sharing; https://maps.app.goo.gl/xg6rRMGswq5scyCbA; https://maps.app.goo.gl/whvDoK2djK9ZczAK8; https://maps.app.goo.gl/gr7GZiwJ71dX1nzNA; https://maps.app.goo.gl/efNjqXtJS5uqAid67; https://maps.app.goo.gl/9D1AGeGBDHSvttic8; https://maps.app.goo.gl/xomcfbw3UHPYcLxG8; https://maps.app.goo.gl/wbNjvBPsJioGNogn8; https://maps.app.goo.gl/DAATNJRd8MxG4uyaA; https://maps.app.goo.gl/cuqyDKdtbfwW1DAa8; https://maps.app.goo.gl/o5yA5cAF8qJoTZqW8; https://maps.app.goo.gl/UEv62Ht1RcfDLLML8; https://maps.app.goo.gl/TcCLZG1kwf9F7wCu5; https://maps.app.goo.gl/yVp7cfpfnfdzb7mV7; https://goo.gl/maps/xNEqZWHrXNzKYLHe6; https://maps.app.goo.gl/NT8XaQJv76yrgG946; https://maps.app.goo.gl/b6AweqeJiHMGShsq9; https://maps.app.goo.gl/zNrudtbb4kMk2xxv5; https://maps.app.goo.gl/B98HY6ThSbAhg1a98; https://maps.app.goo.gl/sY5sb4n5Lvp2K2oz7; https://maps.app.goo.gl/xQZeRwkJHuyDhx496; https://maps.app.goo.gl/s62kTxdTsTQvQHDJ9; https://maps.app.goo.gl/XwfK6AzNVqs5eFX17; https://maps.app.goo.gl/QAU1JqmdETLn951C; https://maps.app.goo.gl/K3ASKRs9Sc5yfa9z9; https://maps.app.goo.gl/dAy23L3wP3mTsMM88; https://maps.app.goo.gl/QydbrwwdHVvcm7keA; https://maps.app.goo.gl/4E1Yi9DPgpF2CdaE7; https://maps.app.goo.gl/uLPtqwAnwnevw4zz7; https://maps.app.goo.gl/9PHZkvYiuadCm992A; https://goo.gl/maps/JhPoRTM15vQA7Kk6A; https://goo.gl/maps/XXMLm2Ebm5FEFwig7; https://goo.gl/maps/FmDxfXdHa9mdoGK99; https://goo.gl/maps/aChZ8vYJMZ8j6SjR7; https://goo.gl/maps/nSTM1wgMZyyzcAhg9; https://goo.gl/maps/h4LQbK4dijinbrmF8; https://goo.gl/maps/k4R8TwNVtrg4BrJc9; https://goo.gl/maps/g4UerEukDLx9YjWt5; https://goo.gl/maps/QUDziRBdFv7URi8QA; https://goo.gl/maps/cUNDNuwk9M5KBSbJA**; https://goo.gl/maps/xLiJbzx1TGiATefw5; https://goo.gl/maps/88psz7y8xzQTcyVn9; https://goo.gl/maps/TKu4Ej99YDW51J8o6; https://goo.gl/maps/Y5rcVkPSFzuYQtaJ7; https://goo.gl/maps/tu8NToyeSY9qMEt19; https://goo.gl/maps/oJBLCYE9ShbB6ZA6A; https://goo.gl/maps/mJAEFg5zdD6J4Xbq8; https://goo.gl/maps/u7HMUhYJqdPGD9dz6; https://goo.gl/maps/1eXNtJWdQZHPkvXp8; https://goo.gl/maps/SeJtvcKkqmN6a7oy6; https://goo.gl/maps/hgxR4SsThT7KqvbUA; https://goo.gl/maps/gHyC9FmNZYpnaoV77; https://goo.gl/maps/JtDt3jc8pMZ3n7xH9; https://goo.gl/maps/GPLvd34uRNT1EL5bA; https://goo.gl/maps/oJP5R9Jfe8yAcrWY6; https://goo.gl/maps/trCxv7WmZ7Lim467A
BDS-CURATED-0275,Aqua thì hiện nay Nova đang dừng triển khai ở dự án này,https://maps.app.goo.gl/yVp7cfpfnfdzb7mV7; https://maps.app.goo.gl/t178LDzcrFtjxgEz9; https://maps.app.goo.gl/qDbb6mJHvwhXw4Az6; https://maps.app.goo.gl/GdiSL1z7fBFtk3tr8; https://maps.app.goo.gl/ioqJ9N2mKRyMdiAe6; https://maps.app.goo.gl/dRnRPbNFPmCfsTHAA; https://www.google.com/maps/d/edit?mid=1pYF3M65dQngj9P_VP8SbXUKy92nYnFo&usp=sharing; https://maps.app.goo.gl/v8GdHbU3xb5G8JFs9; https://goo.gl/maps/Empzn8zwhyULFrqV8; https://maps.app.goo.gl/AoJAreLLvUUHzVVw5; https://maps.app.goo.gl/H57L1w8ReXXNhtb99; https://www.google.com/maps/d/edit?mid=1SAcLUqc-JTEBiY1uNXVoDUdI-a5wJd0&ll=10.002013642197713%2C105…; https://www.google.com/maps/d/edit?mid=1GZCfnV4401jtKcup5hFe0KPBOBMYrp4&usp=sharing; https://maps.app.goo.gl/Mww4k2RWctPHssMQA; https://maps.app.goo.gl/Hn6baY7yBKNTcRXs8; https://maps.app.goo.gl/bKZVkKUcnYGRLJWw5; https://maps.app.goo.gl/pTzfCxqkMYLuLe9z9; https://maps.app.goo.gl/Fsyo4xmwK3kmzbC9A; https://maps.app.goo.gl/hMM3KEF5KhFhsZJi7; https://maps.app.goo.gl/7yPFeG3okyKbrLCM9; https://maps.app.goo.gl/acrdQ54V3NVNNkKh9; https://www.google.com/maps/d/edit?mid=1MawyjqMPRL80P8Y7qm_ZhtUgghnbpFc&usp=sharing; https://maps.app.goo.gl/ET75kfpwVX837fEE6; https://maps.app.goo.gl/47PLkeuNfzKvw38w8; https://maps.app.goo.gl/RXcEPNYx6EwAbDxF9; https://maps.app.goo.gl/xg6rRMGswq5scyCbA; https://maps.app.goo.gl/whvDoK2djK9ZczAK8; https://maps.app.goo.gl/efNjqXtJS5uqAid67; https://maps.app.goo.gl/9D1AGeGBDHSvttic8; https://maps.app.goo.gl/wbNjvBPsJioGNogn8; https://maps.app.goo.gl/DAATNJRd8MxG4uyaA; https://maps.app.goo.gl/cuqyDKdtbfwW1DAa8; https://maps.app.goo.gl/o5yA5cAF8qJoTZqW8; https://maps.app.goo.gl/Wji4ey8prbGM2zHJ6; https://maps.app.goo.gl/UEv62Ht1RcfDLLML8; https://maps.app.goo.gl/TcCLZG1kwf9F7wCu5; https://maps.app.goo.gl/uKe9j2z7xKHjdR8A7; https://www.google.com/maps/d/u/1/edit?mid=10gTnNN6aieu1u3Xx49gGnnp177W4zag&usp=sharing; https://goo.gl/maps/xNEqZWHrXNzKYLHe6; https://maps.app.goo.gl/NT8XaQJv76yrgG946; https://maps.app.goo.gl/b6AweqeJiHMGShsq9; https://maps.app.goo.gl/zNrudtbb4kMk2xxv5; https://maps.app.goo.gl/B98HY6ThSbAhg1a98; https://maps.app.goo.gl/sY5sb4n5Lvp2K2oz7; https://maps.app.goo.gl/s62kTxdTsTQvQHDJ9; https://maps.app.goo.gl/XwfK6AzNVqs5eFX17; https://maps.app.goo.gl/QAU1JqmdETLn951C; https://maps.app.goo.gl/K3ASKRs9Sc5yfa9z9; https://maps.app.goo.gl/dAy23L3wP3mTsMM88; https://maps.app.goo.gl/QydbrwwdHVvcm7keA; https://maps.app.goo.gl/E7ucSVc9hHKpPNDQ6; https://maps.app.goo.gl/4E1Yi9DPgpF2CdaE7; https://maps.app.goo.gl/uLPtqwAnwnevw4zz7; https://maps.app.goo.gl/VRterbzJvDcxUkVJ6; https://maps.app.goo.gl/zAmPVdt254bS1UUU7; https://maps.app.goo.gl/9PHZkvYiuadCm992A; https://goo.gl/maps/JhPoRTM15vQA7Kk6A; https://goo.gl/maps/XXMLm2Ebm5FEFwig7; https://goo.gl/maps/BgnUiLh44bo3Nyq37; https://goo.gl/maps/FmDxfXdHa9mdoGK99; https://goo.gl/maps/aChZ8vYJMZ8j6SjR7; https://goo.gl/maps/GPVNSt7Q6a73xSKHA; https://goo.gl/maps/nSTM1wgMZyyzcAhg9; https://goo.gl/maps/h4LQbK4dijinbrmF8; https://goo.gl/maps/k4R8TwNVtrg4BrJc9; https://goo.gl/maps/YaZ9tS4Xqtm5REAe6; https://goo.gl/maps/g4UerEukDLx9YjWt5; https://goo.gl/maps/QUDziRBdFv7URi8QA; https://goo.gl/maps/cUNDNuwk9M5KBSbJA**; https://goo.gl/maps/tMLVh6Gm8DCwNDzN6; https://goo.gl/maps/VFB9RLFqHkCjVD4Y6; https://goo.gl/maps/xLiJbzx1TGiATefw5; https://goo.gl/maps/88psz7y8xzQTcyVn9; https://goo.gl/maps/TKu4Ej99YDW51J8o6; https://goo.gl/maps/Y5rcVkPSFzuYQtaJ7; https://goo.gl/maps/tu8NToyeSY9qMEt19; https://goo.gl/maps/sMLMvWwegyerE3jJ9; https://goo.gl/maps/mJAEFg5zdD6J4Xbq8; https://goo.gl/maps/1eXNtJWdQZHPkvXp8; https://goo.gl/maps/9VManjp1YiqeSC1A8; https://goo.gl/maps/SeJtvcKkqmN6a7oy6; https://goo.gl/maps/hgxR4SsThT7KqvbUA; https://goo.gl/maps/gHyC9FmNZYpnaoV77; https://goo.gl/maps/5AF74tZoTkBqM71d6; https://goo.gl/maps/JtDt3jc8pMZ3n7xH9; https://goo.gl/maps/GPLvd34uRNT1EL5bA; https://goo.gl/maps/oJP5R9Jfe8yAcrWY6; https://goo.gl/maps/trCxv7WmZ7Lim467A; https://goo.gl/maps/aSmRwi2p279NGLcb9; https://goo.gl/maps/s4v5mQf8LyZUv8B7A
BDS-CURATED-0436,Greenhill Village … 03,https://goo.gl/maps/gHyC9FmNZYpnaoV77
BDS-CURATED-0306,Ngọc Hồi Thanh Trì,https://goo.gl/maps/YaZ9tS4Xqtm5REAe6; https://goo.gl/maps/trCxv7WmZ7Lim467A
BDS-CURATED-0439,Phú Gia Khiêm và Phú Quang,https://goo.gl/maps/xNEqZWHrXNzKYLHe6
BDS-CURATED-0411,Serene Đà Nẵng với những nội dung sau,https://maps.app.goo.gl/ET75kfpwVX837fEE6; https://maps.app.goo.gl/47PLkeuNfzKvw38w8; https://maps.app.goo.gl/RXcEPNYx6EwAbDxF9; https://maps.app.goo.gl/xg6rRMGswq5scyCbA; https://maps.app.goo.gl/whvDoK2djK9ZczAK8; https://maps.app.goo.gl/cuqyDKdtbfwW1DAa8; https://maps.app.goo.gl/xQZeRwkJHuyDhx496; https://maps.app.goo.gl/E7ucSVc9hHKpPNDQ6
BDS-CURATED-0449,khu vực phía Bắc theo chỉ đạo của Anh Tâm,https://goo.gl/maps/Empzn8zwhyULFrqV8; https://maps.app.goo.gl/AoJAreLLvUUHzVVw5; https://www.google.com/maps/d/edit?mid=1MawyjqMPRL80P8Y7qm_ZhtUgghnbpFc&usp=sharing; https://maps.app.goo.gl/xomcfbw3UHPYcLxG8; https://maps.app.goo.gl/yVp7cfpfnfdzb7mV7; https://goo.gl/maps/xNEqZWHrXNzKYLHe6; https://maps.app.goo.gl/zNrudtbb4kMk2xxv5; https://maps.app.goo.gl/s62kTxdTsTQvQHDJ9; https://maps.app.goo.gl/uLPtqwAnwnevw4zz7; https://maps.app.goo.gl/VRterbzJvDcxUkVJ6; https://maps.app.goo.gl/9PHZkvYiuadCm992A; https://goo.gl/maps/h4LQbK4dijinbrmF8; https://goo.gl/maps/YaZ9tS4Xqtm5REAe6; https://goo.gl/maps/g4UerEukDLx9YjWt5; https://goo.gl/maps/cUNDNuwk9M5KBSbJA**; https://goo.gl/maps/tMLVh6Gm8DCwNDzN6; https://goo.gl/maps/TKu4Ej99YDW51J8o6; https://goo.gl/maps/sMLMvWwegyerE3jJ9; https://goo.gl/maps/trCxv7WmZ7Lim467A
BDS-CURATED-0419,lớn thì gần như sẽ phải đấu thầu,https://maps.app.goo.gl/wbNjvBPsJioGNogn8; https://maps.app.goo.gl/DAATNJRd8MxG4uyaA; https://goo.gl/maps/xNEqZWHrXNzKYLHe6
BDS-CURATED-0453,nhiều và phân mảng,https://maps.app.goo.gl/t178LDzcrFtjxgEz9; https://maps.app.goo.gl/ioqJ9N2mKRyMdiAe6; https://www.google.com/maps/d/edit?mid=1MawyjqMPRL80P8Y7qm_ZhtUgghnbpFc&usp=sharing; https://maps.app.goo.gl/wbNjvBPsJioGNogn8; https://maps.app.goo.gl/DAATNJRd8MxG4uyaA; https://maps.app.goo.gl/o5yA5cAF8qJoTZqW8; https://maps.app.goo.gl/K3ASKRs9Sc5yfa9z9; https://maps.app.goo.gl/uLPtqwAnwnevw4zz7; https://maps.app.goo.gl/9PHZkvYiuadCm992A; https://goo.gl/maps/XXMLm2Ebm5FEFwig7; https://goo.gl/maps/xLiJbzx1TGiATefw5; https://goo.gl/maps/gHyC9FmNZYpnaoV77
BDS-CURATED-0454,nào mà đóng tssđ hàng năm nó cứ t,https://maps.app.goo.gl/ioqJ9N2mKRyMdiAe6; https://maps.app.goo.gl/AoJAreLLvUUHzVVw5; https://maps.app.goo.gl/ET75kfpwVX837fEE6; https://maps.app.goo.gl/47PLkeuNfzKvw38w8; https://maps.app.goo.gl/RXcEPNYx6EwAbDxF9; https://maps.app.goo.gl/xomcfbw3UHPYcLxG8; https://maps.app.goo.gl/Wji4ey8prbGM2zHJ6; https://maps.app.goo.gl/UEv62Ht1RcfDLLML8; https://maps.app.goo.gl/b6AweqeJiHMGShsq9; https://maps.app.goo.gl/s62kTxdTsTQvQHDJ9; https://goo.gl/maps/JhPoRTM15vQA7Kk6A; https://goo.gl/maps/XXMLm2Ebm5FEFwig7; https://goo.gl/maps/FmDxfXdHa9mdoGK99; https://goo.gl/maps/GPVNSt7Q6a73xSKHA; https://goo.gl/maps/VFB9RLFqHkCjVD4Y6; https://goo.gl/maps/TKu4Ej99YDW51J8o6; https://goo.gl/maps/gHyC9FmNZYpnaoV77; https://goo.gl/maps/JtDt3jc8pMZ3n7xH9; https://goo.gl/maps/GPLvd34uRNT1EL5bA; https://goo.gl/maps/oJP5R9Jfe8yAcrWY6
BDS-CURATED-0250,nào mà đóng tssđ hàng năm nó cứ tăng hàng năm nữa,https://maps.app.goo.gl/ioqJ9N2mKRyMdiAe6; https://maps.app.goo.gl/AoJAreLLvUUHzVVw5; https://maps.app.goo.gl/zNrudtbb4kMk2xxv5; https://www.google.com/maps/d/edit?mid=1SAcLUqc-JTEBiY1uNXVoDUdI-a5wJd0&ll=10.002013642197713%2C105…; https://maps.app.goo.gl/QVMCmJp83pMBNKrL8; https://maps.app.goo.gl/bKZVkKUcnYGRLJWw5; https://maps.app.goo.gl/ET75kfpwVX837fEE6; https://maps.app.goo.gl/47PLkeuNfzKvw38w8; https://maps.app.goo.gl/RXcEPNYx6EwAbDxF9; https://maps.app.goo.gl/xg6rRMGswq5scyCbA; https://maps.app.goo.gl/whvDoK2djK9ZczAK8; https://maps.app.goo.gl/gr7GZiwJ71dX1nzNA; https://maps.app.goo.gl/xomcfbw3UHPYcLxG8; https://maps.app.goo.gl/cuqyDKdtbfwW1DAa8; https://maps.app.goo.gl/o5yA5cAF8qJoTZqW8; https://maps.app.goo.gl/Wji4ey8prbGM2zHJ6; https://maps.app.goo.gl/UEv62Ht1RcfDLLML8; https://maps.app.goo.gl/TcCLZG1kwf9F7wCu5; https://maps.app.goo.gl/uKe9j2z7xKHjdR8A7; https://maps.app.goo.gl/NT8XaQJv76yrgG946; https://maps.app.goo.gl/b6AweqeJiHMGShsq9; https://maps.app.goo.gl/s62kTxdTsTQvQHDJ9; https://maps.app.goo.gl/K3ASKRs9Sc5yfa9z9; https://maps.app.goo.gl/dAy23L3wP3mTsMM88; https://maps.app.goo.gl/QydbrwwdHVvcm7keA; https://maps.app.goo.gl/9PHZkvYiuadCm992A; https://goo.gl/maps/JhPoRTM15vQA7Kk6A; https://goo.gl/maps/rzwM8zz1vmEphauk6; https://goo.gl/maps/XXMLm2Ebm5FEFwig7; https://goo.gl/maps/FmDxfXdHa9mdoGK99; https://goo.gl/maps/GPVNSt7Q6a73xSKHA; https://goo.gl/maps/h4LQbK4dijinbrmF8; https://goo.gl/maps/g4UerEukDLx9YjWt5; https://goo.gl/maps/VFB9RLFqHkCjVD4Y6; https://goo.gl/maps/xLiJbzx1TGiATefw5; https://goo.gl/maps/TKu4Ej99YDW51J8o6; https://goo.gl/maps/sMLMvWwegyerE3jJ9; https://goo.gl/maps/gHyC9FmNZYpnaoV77; https://goo.gl/maps/5AF74tZoTkBqM71d6; https://goo.gl/maps/JtDt3jc8pMZ3n7xH9; https://goo.gl/maps/GPLvd34uRNT1EL5bA; https://goo.gl/maps/oJP5R9Jfe8yAcrWY6; https://goo.gl/maps/trCxv7WmZ7Lim467A
BDS-CURATED-0291,này hồi xưa mình có thông tin nhưng s,https://goo.gl/maps/JhPoRTM15vQA7Kk6A; https://maps.app.goo.gl/t178LDzcrFtjxgEz9; https://maps.app.goo.gl/qDbb6mJHvwhXw4Az6; https://www.google.com/maps/d/edit?mid=1pYF3M65dQngj9P_VP8SbXUKy92nYnFo&usp=sharing; https://maps.app.goo.gl/Mww4k2RWctPHssMQA; https://maps.app.goo.gl/bKZVkKUcnYGRLJWw5; https://maps.app.goo.gl/acrdQ54V3NVNNkKh9; https://maps.app.goo.gl/Fsyo4xmwK3kmzbC9A; https://maps.app.goo.gl/hMM3KEF5KhFhsZJi7; https://www.google.com/maps/d/edit?mid=1MawyjqMPRL80P8Y7qm_ZhtUgghnbpFc&usp=sharing; https://maps.app.goo.gl/gr7GZiwJ71dX1nzNA; https://maps.app.goo.gl/xomcfbw3UHPYcLxG8; https://maps.app.goo.gl/cuqyDKdtbfwW1DAa8; https://maps.app.goo.gl/UEv62Ht1RcfDLLML8; https://maps.app.goo.gl/TcCLZG1kwf9F7wCu5; https://maps.app.goo.gl/NT8XaQJv76yrgG946; https://maps.app.goo.gl/xQZeRwkJHuyDhx496; https://maps.app.goo.gl/s62kTxdTsTQvQHDJ9; https://maps.app.goo.gl/zNrudtbb4kMk2xxv5; https://maps.app.goo.gl/uLPtqwAnwnevw4zz7; https://goo.gl/maps/g4UerEukDLx9YjWt5; https://goo.gl/maps/sMLMvWwegyerE3jJ9
BDS-CURATED-0292,này nha anh Cái này phải đi khảo sát địa hình,https://goo.gl/maps/9VManjp1YiqeSC1A8; https://maps.app.goo.gl/ioqJ9N2mKRyMdiAe6; https://maps.app.goo.gl/gr7GZiwJ71dX1nzNA; https://maps.app.goo.gl/wbNjvBPsJioGNogn8; https://maps.app.goo.gl/DAATNJRd8MxG4uyaA; https://maps.app.goo.gl/cuqyDKdtbfwW1DAa8; https://maps.app.goo.gl/o5yA5cAF8qJoTZqW8; https://maps.app.goo.gl/uKe9j2z7xKHjdR8A7; https://goo.gl/maps/xNEqZWHrXNzKYLHe6; https://maps.app.goo.gl/NT8XaQJv76yrgG946; https://maps.app.goo.gl/zNrudtbb4kMk2xxv5; https://maps.app.goo.gl/B98HY6ThSbAhg1a98; https://maps.app.goo.gl/sY5sb4n5Lvp2K2oz7; https://maps.app.goo.gl/s62kTxdTsTQvQHDJ9; https://maps.app.goo.gl/K3ASKRs9Sc5yfa9z9; https://maps.app.goo.gl/E7ucSVc9hHKpPNDQ6; https://maps.app.goo.gl/uLPtqwAnwnevw4zz7; https://maps.app.goo.gl/9PHZkvYiuadCm992A; https://goo.gl/maps/rzwM8zz1vmEphauk6; https://goo.gl/maps/XXMLm2Ebm5FEFwig7; https://goo.gl/maps/k4R8TwNVtrg4BrJc9; https://goo.gl/maps/YaZ9tS4Xqtm5REAe6; https://goo.gl/maps/xLiJbzx1TGiATefw5; https://goo.gl/maps/88psz7y8xzQTcyVn9; https://goo.gl/maps/TKu4Ej99YDW51J8o6; https://goo.gl/maps/mJAEFg5zdD6J4Xbq8; https://goo.gl/maps/1eXNtJWdQZHPkvXp8; https://goo.gl/maps/SeJtvcKkqmN6a7oy6; https://goo.gl/maps/hgxR4SsThT7KqvbUA; https://goo.gl/maps/gHyC9FmNZYpnaoV77; https://goo.gl/maps/5AF74tZoTkBqM71d6; https://goo.gl/maps/JtDt3jc8pMZ3n7xH9; https://goo.gl/maps/GPLvd34uRNT1EL5bA; https://goo.gl/maps/oJP5R9Jfe8yAcrWY6; https://goo.gl/maps/trCxv7WmZ7Lim467A
BDS-CURATED-0458,này trước họ rao 900ty đúng ko mng,https://maps.app.goo.gl/UEv62Ht1RcfDLLML8
BDS-CURATED-0463,quy nhơn nha 1 Heart reaction,https://goo.gl/maps/4jePURnQ8yUc9eAi8
BDS-CURATED-0297,thương hiệu Trump đầu tiên tại Việt Nam - Tuổi Trẻ Online Chiều 21-5,https://goo.gl/maps/xNEqZWHrXNzKYLHe6; https://maps.app.goo.gl/t178LDzcrFtjxgEz9; https://maps.app.goo.gl/D8GuCY5LefTH8JVq9; https://maps.app.goo.gl/ioqJ9N2mKRyMdiAe6; https://www.google.com/maps/d/edit?mid=1pYF3M65dQngj9P_VP8SbXUKy92nYnFo&usp=sharing; https://maps.app.goo.gl/AoJAreLLvUUHzVVw5; https://www.google.com/maps/d/edit?mid=1SAcLUqc-JTEBiY1uNXVoDUdI-a5wJd0&ll=10.002013642197713%2C105…; https://www.google.com/maps/d/edit?mid=1GZCfnV4401jtKcup5hFe0KPBOBMYrp4&usp=sharing; https://maps.app.goo.gl/Mww4k2RWctPHssMQA; https://maps.app.goo.gl/pTzfCxqkMYLuLe9z9; https://maps.app.goo.gl/Fsyo4xmwK3kmzbC9A; https://maps.app.goo.gl/hMM3KEF5KhFhsZJi7; https://maps.app.goo.gl/7yPFeG3okyKbrLCM9; https://www.google.com/maps/d/edit?mid=1MawyjqMPRL80P8Y7qm_ZhtUgghnbpFc&usp=sharing; https://maps.app.goo.gl/ET75kfpwVX837fEE6; https://maps.app.goo.gl/47PLkeuNfzKvw38w8; https://maps.app.goo.gl/RXcEPNYx6EwAbDxF9; https://maps.app.goo.gl/xomcfbw3UHPYcLxG8; https://maps.app.goo.gl/wbNjvBPsJioGNogn8; https://maps.app.goo.gl/DAATNJRd8MxG4uyaA; https://maps.app.goo.gl/o5yA5cAF8qJoTZqW8; https://maps.app.goo.gl/UEv62Ht1RcfDLLML8; https://goo.gl/maps/eqfdgJBc7XT7VhAW8; https://maps.app.goo.gl/uKe9j2z7xKHjdR8A7; https://maps.app.goo.gl/NT8XaQJv76yrgG946; https://maps.app.goo.gl/b6AweqeJiHMGShsq9; https://maps.app.goo.gl/zNrudtbb4kMk2xxv5; https://maps.app.goo.gl/B98HY6ThSbAhg1a98; https://maps.app.goo.gl/s62kTxdTsTQvQHDJ9; https://maps.app.goo.gl/E7ucSVc9hHKpPNDQ6; https://maps.app.goo.gl/VRterbzJvDcxUkVJ6; https://maps.app.goo.gl/zAmPVdt254bS1UUU7; https://goo.gl/maps/JhPoRTM15vQA7Kk6A; https://goo.gl/maps/XXMLm2Ebm5FEFwig7; https://goo.gl/maps/BgnUiLh44bo3Nyq37; https://goo.gl/maps/FmDxfXdHa9mdoGK99; https://goo.gl/maps/GPVNSt7Q6a73xSKHA; https://goo.gl/maps/h4LQbK4dijinbrmF8; https://goo.gl/maps/k4R8TwNVtrg4BrJc9; https://goo.gl/maps/g4UerEukDLx9YjWt5; https://goo.gl/maps/cUNDNuwk9M5KBSbJA**; https://goo.gl/maps/dSeYp8x6gD6nWQJo7; https://goo.gl/maps/xLiJbzx1TGiATefw5; https://goo.gl/maps/Y5rcVkPSFzuYQtaJ7; https://goo.gl/maps/tu8NToyeSY9qMEt19; https://goo.gl/maps/sMLMvWwegyerE3jJ9; https://goo.gl/maps/mJAEFg5zdD6J4Xbq8; https://goo.gl/maps/1eXNtJWdQZHPkvXp8; https://goo.gl/maps/SeJtvcKkqmN6a7oy6; https://goo.gl/maps/hgxR4SsThT7KqvbUA; https://goo.gl/maps/gHyC9FmNZYpnaoV77; https://goo.gl/maps/JtDt3jc8pMZ3n7xH9; https://goo.gl/maps/GPLvd34uRNT1EL5bA; https://goo.gl/maps/oJP5R9Jfe8yAcrWY6; https://goo.gl/maps/trCxv7WmZ7Lim467A
BDS-CURATED-0467,triển khai,https://maps.app.goo.gl/t178LDzcrFtjxgEz9; https://maps.app.goo.gl/qDbb6mJHvwhXw4Az6; https://maps.app.goo.gl/GdiSL1z7fBFtk3tr8; https://maps.app.goo.gl/ioqJ9N2mKRyMdiAe6; https://maps.app.goo.gl/AoJAreLLvUUHzVVw5; https://maps.app.goo.gl/H57L1w8ReXXNhtb99; https://www.google.com/maps/d/edit?mid=1SAcLUqc-JTEBiY1uNXVoDUdI-a5wJd0&ll=10.002013642197713%2C105…; https://www.google.com/maps/d/edit?mid=1GZCfnV4401jtKcup5hFe0KPBOBMYrp4&usp=sharing; https://maps.app.goo.gl/Mww4k2RWctPHssMQA; https://maps.app.goo.gl/acrdQ54V3NVNNkKh9; https://www.google.com/maps/d/edit?mid=1MawyjqMPRL80P8Y7qm_ZhtUgghnbpFc&usp=sharing; https://maps.app.goo.gl/ET75kfpwVX837fEE6; https://maps.app.goo.gl/47PLkeuNfzKvw38w8; https://maps.app.goo.gl/RXcEPNYx6EwAbDxF9; https://maps.app.goo.gl/xg6rRMGswq5scyCbA; https://maps.app.goo.gl/whvDoK2djK9ZczAK8; https://maps.app.goo.gl/9D1AGeGBDHSvttic8; https://maps.app.goo.gl/wbNjvBPsJioGNogn8; https://maps.app.goo.gl/DAATNJRd8MxG4uyaA; https://maps.app.goo.gl/o5yA5cAF8qJoTZqW8; https://maps.app.goo.gl/Wji4ey8prbGM2zHJ6; https://maps.app.goo.gl/UEv62Ht1RcfDLLML8; https://maps.app.goo.gl/yVp7cfpfnfdzb7mV7; https://maps.app.goo.gl/uKe9j2z7xKHjdR8A7; https://goo.gl/maps/xNEqZWHrXNzKYLHe6; https://maps.app.goo.gl/NT8XaQJv76yrgG946; https://maps.app.goo.gl/b6AweqeJiHMGShsq9; https://maps.app.goo.gl/zNrudtbb4kMk2xxv5; https://maps.app.goo.gl/B98HY6ThSbAhg1a98; https://maps.app.goo.gl/s62kTxdTsTQvQHDJ9; https://maps.app.goo.gl/XwfK6AzNVqs5eFX17; https://maps.app.goo.gl/QAU1JqmdETLn951C; https://maps.app.goo.gl/K3ASKRs9Sc5yfa9z9; https://maps.app.goo.gl/dAy23L3wP3mTsMM88; https://maps.app.goo.gl/QydbrwwdHVvcm7keA; https://maps.app.goo.gl/E7ucSVc9hHKpPNDQ6; https://maps.app.goo.gl/4E1Yi9DPgpF2CdaE7; https://maps.app.goo.gl/uLPtqwAnwnevw4zz7; https://maps.app.goo.gl/9PHZkvYiuadCm992A; https://goo.gl/maps/JhPoRTM15vQA7Kk6A; https://goo.gl/maps/XXMLm2Ebm5FEFwig7; https://goo.gl/maps/BgnUiLh44bo3Nyq37; https://goo.gl/maps/FmDxfXdHa9mdoGK99; https://goo.gl/maps/GPVNSt7Q6a73xSKHA; https://goo.gl/maps/nSTM1wgMZyyzcAhg9; https://goo.gl/maps/h4LQbK4dijinbrmF8; https://goo.gl/maps/k4R8TwNVtrg4BrJc9; https://goo.gl/maps/YaZ9tS4Xqtm5REAe6; https://goo.gl/maps/xLiJbzx1TGiATefw5; https://goo.gl/maps/TKu4Ej99YDW51J8o6; https://goo.gl/maps/mJAEFg5zdD6J4Xbq8; https://goo.gl/maps/1eXNtJWdQZHPkvXp8; https://goo.gl/maps/SeJtvcKkqmN6a7oy6; https://goo.gl/maps/hgxR4SsThT7KqvbUA; https://goo.gl/maps/gHyC9FmNZYpnaoV77; https://goo.gl/maps/5AF74tZoTkBqM71d6; https://goo.gl/maps/JtDt3jc8pMZ3n7xH9; https://goo.gl/maps/GPLvd34uRNT1EL5bA; https://goo.gl/maps/oJP5R9Jfe8yAcrWY6; https://goo.gl/maps/trCxv7WmZ7Lim467A
BDS-CURATED-0468,tại các tỉnh phía Bắc,https://goo.gl/maps/Empzn8zwhyULFrqV8; https://maps.app.goo.gl/yVp7cfpfnfdzb7mV7; https://www.google.com/maps/d/u/1/edit?mid=10gTnNN6aieu1u3Xx49gGnnp177W4zag&usp=sharing; https://maps.app.goo.gl/zNrudtbb4kMk2xxv5; https://maps.app.goo.gl/dAy23L3wP3mTsMM88; https://maps.app.goo.gl/QydbrwwdHVvcm7keA; https://maps.app.goo.gl/uLPtqwAnwnevw4zz7; https://maps.app.goo.gl/9PHZkvYiuadCm992A; https://goo.gl/maps/h4LQbK4dijinbrmF8; https://goo.gl/maps/sMLMvWwegyerE3jJ9
BDS-CURATED-0407,Khu Chung Cư & Văn Phòng An Phú 2,https://maps.app.goo.gl/dRnRPbNFPmCfsTHAA; https://maps.app.goo.gl/zNrudtbb4kMk2xxv5; https://www.google.com/maps/d/edit?mid=1SAcLUqc-JTEBiY1uNXVoDUdI-a5wJd0&ll=10.002013642197713%2C105…; https://maps.app.goo.gl/Hn6baY7yBKNTcRXs8; https://www.google.com/maps/d/edit?mid=1Fl7DvT-DOnJvyHZ0Oq5v-nUadBLGHFo&usp=sharing; https://maps.app.goo.gl/Fsyo4xmwK3kmzbC9A; https://maps.app.goo.gl/hMM3KEF5KhFhsZJi7; https://www.google.com/maps/d/edit?mid=1MawyjqMPRL80P8Y7qm_ZhtUgghnbpFc&usp=sharing; https://maps.app.goo.gl/ET75kfpwVX837fEE6; https://maps.app.goo.gl/47PLkeuNfzKvw38w8; https://maps.app.goo.gl/RXcEPNYx6EwAbDxF9; https://maps.app.goo.gl/xg6rRMGswq5scyCbA; https://maps.app.goo.gl/whvDoK2djK9ZczAK8; https://maps.app.goo.gl/o5yA5cAF8qJoTZqW8; https://maps.app.goo.gl/UEv62Ht1RcfDLLML8; https://maps.app.goo.gl/NT8XaQJv76yrgG946; https://maps.app.goo.gl/zAmPVdt254bS1UUU7; https://maps.app.goo.gl/9PHZkvYiuadCm992A; https://goo.gl/maps/g4UerEukDLx9YjWt5; https://goo.gl/maps/C86NnDNwQKH22Bek9-; https://goo.gl/maps/cUNDNuwk9M5KBSbJA**; https://goo.gl/maps/mJAEFg5zdD6J4Xbq8; https://goo.gl/maps/1eXNtJWdQZHPkvXp8; https://goo.gl/maps/9VManjp1YiqeSC1A8; https://goo.gl/maps/hgxR4SsThT7KqvbUA; https://goo.gl/maps/5AF74tZoTkBqM71d6; https://goo.gl/maps/trCxv7WmZ7Lim467A
BDS-CURATED-0277,Gladia heights dự kiến triển khai trong 2026 này,https://maps.app.goo.gl/ioqJ9N2mKRyMdiAe6; https://maps.app.goo.gl/t178LDzcrFtjxgEz9; https://maps.app.goo.gl/qDbb6mJHvwhXw4Az6; https://maps.app.goo.gl/GdiSL1z7fBFtk3tr8; https://maps.app.goo.gl/dRnRPbNFPmCfsTHAA; https://www.google.com/maps/d/edit?mid=1pYF3M65dQngj9P_VP8SbXUKy92nYnFo&usp=sharing; https://goo.gl/maps/Empzn8zwhyULFrqV8; https://maps.app.goo.gl/AoJAreLLvUUHzVVw5; https://maps.app.goo.gl/H57L1w8ReXXNhtb99; https://www.google.com/maps/d/edit?mid=1SAcLUqc-JTEBiY1uNXVoDUdI-a5wJd0&ll=10.002013642197713%2C105…; https://www.google.com/maps/d/edit?mid=1GZCfnV4401jtKcup5hFe0KPBOBMYrp4&usp=sharing; https://maps.app.goo.gl/QVMCmJp83pMBNKrL8; https://maps.app.goo.gl/Mww4k2RWctPHssMQA; https://maps.app.goo.gl/bKZVkKUcnYGRLJWw5; https://maps.app.goo.gl/pTzfCxqkMYLuLe9z9; https://maps.app.goo.gl/7yPFeG3okyKbrLCM9; https://maps.app.goo.gl/acrdQ54V3NVNNkKh9; https://maps.app.goo.gl/Fsyo4xmwK3kmzbC9A; https://maps.app.goo.gl/hMM3KEF5KhFhsZJi7; https://www.google.com/maps/d/edit?mid=1MawyjqMPRL80P8Y7qm_ZhtUgghnbpFc&usp=sharing; https://maps.app.goo.gl/ET75kfpwVX837fEE6; https://maps.app.goo.gl/47PLkeuNfzKvw38w8; https://maps.app.goo.gl/RXcEPNYx6EwAbDxF9; https://maps.app.goo.gl/xg6rRMGswq5scyCbA; https://maps.app.goo.gl/whvDoK2djK9ZczAK8; https://maps.app.goo.gl/efNjqXtJS5uqAid67; https://maps.app.goo.gl/9D1AGeGBDHSvttic8; https://maps.app.goo.gl/xomcfbw3UHPYcLxG8; https://maps.app.goo.gl/wbNjvBPsJioGNogn8; https://maps.app.goo.gl/DAATNJRd8MxG4uyaA; https://maps.app.goo.gl/cuqyDKdtbfwW1DAa8; https://maps.app.goo.gl/o5yA5cAF8qJoTZqW8; https://maps.app.goo.gl/Wji4ey8prbGM2zHJ6; https://maps.app.goo.gl/UEv62Ht1RcfDLLML8; https://maps.app.goo.gl/yVp7cfpfnfdzb7mV7; https://maps.app.goo.gl/uKe9j2z7xKHjdR8A7; https://www.google.com/maps/d/u/1/edit?mid=10gTnNN6aieu1u3Xx49gGnnp177W4zag&usp=sharing; https://goo.gl/maps/xNEqZWHrXNzKYLHe6; https://maps.app.goo.gl/NT8XaQJv76yrgG946; https://maps.app.goo.gl/b6AweqeJiHMGShsq9; https://maps.app.goo.gl/zNrudtbb4kMk2xxv5; https://maps.app.goo.gl/B98HY6ThSbAhg1a98; https://maps.app.goo.gl/sY5sb4n5Lvp2K2oz7; https://maps.app.goo.gl/s62kTxdTsTQvQHDJ9; https://maps.app.goo.gl/XwfK6AzNVqs5eFX17; https://maps.app.goo.gl/QAU1JqmdETLn951C; https://maps.app.goo.gl/K3ASKRs9Sc5yfa9z9; https://maps.app.goo.gl/dAy23L3wP3mTsMM88; https://maps.app.goo.gl/QydbrwwdHVvcm7keA; https://maps.app.goo.gl/E7ucSVc9hHKpPNDQ6; https://maps.app.goo.gl/4E1Yi9DPgpF2CdaE7; https://maps.app.goo.gl/uLPtqwAnwnevw4zz7; https://maps.app.goo.gl/VRterbzJvDcxUkVJ6; https://maps.app.goo.gl/zAmPVdt254bS1UUU7; https://maps.app.goo.gl/9PHZkvYiuadCm992A; https://goo.gl/maps/JhPoRTM15vQA7Kk6A; https://goo.gl/maps/XXMLm2Ebm5FEFwig7; https://goo.gl/maps/BgnUiLh44bo3Nyq37; https://goo.gl/maps/FmDxfXdHa9mdoGK99; https://goo.gl/maps/GPVNSt7Q6a73xSKHA; https://goo.gl/maps/nSTM1wgMZyyzcAhg9; https://goo.gl/maps/h4LQbK4dijinbrmF8; https://goo.gl/maps/k4R8TwNVtrg4BrJc9; https://goo.gl/maps/YaZ9tS4Xqtm5REAe6; https://goo.gl/maps/g4UerEukDLx9YjWt5; https://goo.gl/maps/QUDziRBdFv7URi8QA; https://goo.gl/maps/cUNDNuwk9M5KBSbJA**; https://goo.gl/maps/xLiJbzx1TGiATefw5; https://goo.gl/maps/88psz7y8xzQTcyVn9; https://goo.gl/maps/TKu4Ej99YDW51J8o6; https://goo.gl/maps/Y5rcVkPSFzuYQtaJ7; https://goo.gl/maps/tu8NToyeSY9qMEt19; https://goo.gl/maps/sMLMvWwegyerE3jJ9; https://goo.gl/maps/mJAEFg5zdD6J4Xbq8; https://goo.gl/maps/1eXNtJWdQZHPkvXp8; https://goo.gl/maps/9VManjp1YiqeSC1A8; https://goo.gl/maps/SeJtvcKkqmN6a7oy6; https://goo.gl/maps/hgxR4SsThT7KqvbUA; https://goo.gl/maps/gHyC9FmNZYpnaoV77; https://goo.gl/maps/5AF74tZoTkBqM71d6; https://goo.gl/maps/JtDt3jc8pMZ3n7xH9; https://goo.gl/maps/GPLvd34uRNT1EL5bA; https://goo.gl/maps/oJP5R9Jfe8yAcrWY6; https://goo.gl/maps/trCxv7WmZ7Lim467A
BDS-CURATED-0437,Holiday Beach - 14,https://maps.app.goo.gl/gr7GZiwJ71dX1nzNA; https://maps.app.goo.gl/cuqyDKdtbfwW1DAa8; https://maps.app.goo.gl/xQZeRwkJHuyDhx496
BDS-CURATED-0310,thì cách tiếp cận sẽ khác so với các PA ban đầu,https://maps.app.goo.gl/oHEYY6H9GGykdD9C6; https://maps.app.goo.gl/ioqJ9N2mKRyMdiAe6; https://maps.app.goo.gl/dRnRPbNFPmCfsTHAA; https://goo.gl/maps/Empzn8zwhyULFrqV8; https://maps.app.goo.gl/AoJAreLLvUUHzVVw5; https://www.google.com/maps/d/edit?mid=1GZCfnV4401jtKcup5hFe0KPBOBMYrp4&usp=sharing; https://www.google.com/maps/d/edit?mid=1MawyjqMPRL80P8Y7qm_ZhtUgghnbpFc&usp=sharing; https://maps.app.goo.gl/efNjqXtJS5uqAid67; https://maps.app.goo.gl/xomcfbw3UHPYcLxG8; https://maps.app.goo.gl/wbNjvBPsJioGNogn8; https://maps.app.goo.gl/DAATNJRd8MxG4uyaA; https://maps.app.goo.gl/cuqyDKdtbfwW1DAa8; https://maps.app.goo.gl/o5yA5cAF8qJoTZqW8; https://maps.app.goo.gl/Wji4ey8prbGM2zHJ6; https://maps.app.goo.gl/UEv62Ht1RcfDLLML8; https://maps.app.goo.gl/TcCLZG1kwf9F7wCu5; https://maps.app.goo.gl/yVp7cfpfnfdzb7mV7; https://maps.app.goo.gl/uKe9j2z7xKHjdR8A7; https://goo.gl/maps/xNEqZWHrXNzKYLHe6; https://maps.app.goo.gl/NT8XaQJv76yrgG946; https://maps.app.goo.gl/zNrudtbb4kMk2xxv5; https://maps.app.goo.gl/B98HY6ThSbAhg1a98; https://maps.app.goo.gl/sY5sb4n5Lvp2K2oz7; https://maps.app.goo.gl/xQZeRwkJHuyDhx496; https://maps.app.goo.gl/s62kTxdTsTQvQHDJ9; https://maps.app.goo.gl/XwfK6AzNVqs5eFX17; https://maps.app.goo.gl/QAU1JqmdETLn951C; https://maps.app.goo.gl/K3ASKRs9Sc5yfa9z9; https://maps.app.goo.gl/dAy23L3wP3mTsMM88; https://maps.app.goo.gl/QydbrwwdHVvcm7keA; https://maps.app.goo.gl/4E1Yi9DPgpF2CdaE7; https://maps.app.goo.gl/VRterbzJvDcxUkVJ6; https://maps.app.goo.gl/zAmPVdt254bS1UUU7; https://maps.app.goo.gl/9PHZkvYiuadCm992A; https://goo.gl/maps/rzwM8zz1vmEphauk6; https://goo.gl/maps/XXMLm2Ebm5FEFwig7; https://goo.gl/maps/FmDxfXdHa9mdoGK99; https://goo.gl/maps/aChZ8vYJMZ8j6SjR7; https://goo.gl/maps/GPVNSt7Q6a73xSKHA; https://goo.gl/maps/YaZ9tS4Xqtm5REAe6; https://goo.gl/maps/cUNDNuwk9M5KBSbJA**; https://goo.gl/maps/VFB9RLFqHkCjVD4Y6; https://goo.gl/maps/xLiJbzx1TGiATefw5; https://goo.gl/maps/88psz7y8xzQTcyVn9; https://goo.gl/maps/Y5rcVkPSFzuYQtaJ7; https://goo.gl/maps/tu8NToyeSY9qMEt19; https://goo.gl/maps/sMLMvWwegyerE3jJ9; https://goo.gl/maps/mJAEFg5zdD6J4Xbq8; https://goo.gl/maps/1eXNtJWdQZHPkvXp8; https://goo.gl/maps/9VManjp1YiqeSC1A8; https://goo.gl/maps/hgxR4SsThT7KqvbUA; https://goo.gl/maps/gHyC9FmNZYpnaoV77; https://goo.gl/maps/trCxv7WmZ7Lim467A
