date,symbol,open,high,low,close,volume,source,fetchedAt,series
2022-01-04,VNFIN,1654.14,1675.56,1654.14,1669.89,166296100,vndirect_dchart_public,2026-06-08T09:01:06.145780+00:00,banking_index
2022-01-05,VNFIN,1670.34,1671.5,1652.2,1653.42,168038100,vndirect_dchart_public,2026-06-08T09:01:06.145795+00:00,banking_index
2022-01-06,VNFIN,1643.49,1658.45,1638.14,1643.41,180386800,vndirect_dchart_public,2026-06-08T09:01:06.145800+00:00,banking_index
2022-01-07,VNFIN,1641.87,1648.27,1627.31,1627.31,142742900,vndirect_dchart_public,2026-06-08T09:01:06.145804+00:00,banking_index
2022-01-10,VNFIN,1626.25,1629.76,1600.5,1600.5,156813500,vndirect_dchart_public,2026-06-08T09:01:06.145808+00:00,banking_index
2022-01-11,VNFIN,1600.3,1618.7,1590.08,1592.36,147247600,vndirect_dchart_public,2026-06-08T09:01:06.145812+00:00,banking_index
2022-01-12,VNFIN,1591.79,1652.83,1582.91,1652.83,225744500,vndirect_dchart_public,2026-06-08T09:01:06.145815+00:00,banking_index
2022-01-13,VNFIN,1658.18,1704.14,1652.15,1652.15,256190800,vndirect_dchart_public,2026-06-08T09:01:06.145818+00:00,banking_index
2022-01-14,VNFIN,1647.69,1655.68,1634.01,1642.0,105786000,vndirect_dchart_public,2026-06-08T09:01:06.145822+00:00,banking_index
2022-01-17,VNFIN,1644.66,1658.57,1589.71,1589.71,246064700,vndirect_dchart_public,2026-06-08T09:01:06.145825+00:00,banking_index
2022-01-18,VNFIN,1580.1,1608.52,1572.81,1586.06,163454500,vndirect_dchart_public,2026-06-08T09:01:06.145829+00:00,banking_index
2022-01-19,VNFIN,1592.86,1605.63,1581.58,1590.34,102872100,vndirect_dchart_public,2026-06-08T09:01:06.145832+00:00,banking_index
2022-01-20,VNFIN,1588.17,1614.96,1573.12,1608.43,130529400,vndirect_dchart_public,2026-06-08T09:01:06.145836+00:00,banking_index
2022-01-21,VNFIN,1610.21,1656.29,1607.3,1635.07,185749600,vndirect_dchart_public,2026-06-08T09:01:06.145839+00:00,banking_index
2022-01-24,VNFIN,1631.38,1654.74,1608.14,1619.21,194740500,vndirect_dchart_public,2026-06-08T09:01:06.145842+00:00,banking_index
2022-01-25,VNFIN,1619.64,1672.62,1619.32,1672.62,166549200,vndirect_dchart_public,2026-06-08T09:01:06.145845+00:00,banking_index
2022-01-26,VNFIN,1678.26,1711.37,1678.26,1696.88,234031100,vndirect_dchart_public,2026-06-08T09:01:06.145849+00:00,banking_index
2022-01-27,VNFIN,1690.09,1705.36,1674.29,1685.89,143671100,vndirect_dchart_public,2026-06-08T09:01:06.145852+00:00,banking_index
2022-01-28,VNFIN,1686.32,1717.52,1686.32,1711.72,168424600,vndirect_dchart_public,2026-06-08T09:01:06.145856+00:00,banking_index
2022-02-07,VNFIN,1734.37,1735.13,1715.63,1715.76,144802300,vndirect_dchart_public,2026-06-08T09:01:06.145859+00:00,banking_index
2022-02-08,VNFIN,1711.53,1740.99,1707.84,1733.02,203806700,vndirect_dchart_public,2026-06-08T09:01:06.145864+00:00,banking_index
2022-02-09,VNFIN,1737.33,1749.28,1724.4,1724.4,190608100,vndirect_dchart_public,2026-06-08T09:01:06.145868+00:00,banking_index
2022-02-10,VNFIN,1726.86,1734.47,1709.7,1722.18,165951000,vndirect_dchart_public,2026-06-08T09:01:06.145871+00:00,banking_index
2022-02-11,VNFIN,1720.53,1738.51,1717.33,1730.62,157969900,vndirect_dchart_public,2026-06-08T09:01:06.145874+00:00,banking_index
2022-02-14,VNFIN,1707.99,1716.91,1649.36,1649.36,247110500,vndirect_dchart_public,2026-06-08T09:01:06.145878+00:00,banking_index
2022-02-15,VNFIN,1655.84,1679.37,1647.66,1675.58,160273800,vndirect_dchart_public,2026-06-08T09:01:06.145881+00:00,banking_index
2022-02-16,VNFIN,1687.35,1687.35,1662.38,1668.52,114270700,vndirect_dchart_public,2026-06-08T09:01:06.145885+00:00,banking_index
2022-02-17,VNFIN,1667.99,1684.78,1667.89,1683.06,104481400,vndirect_dchart_public,2026-06-08T09:01:06.145888+00:00,banking_index
2022-02-18,VNFIN,1668.47,1675.9,1665.42,1670.6,159216600,vndirect_dchart_public,2026-06-08T09:01:06.145891+00:00,banking_index
2022-02-21,VNFIN,1667.73,1683.67,1655.69,1676.75,165888300,vndirect_dchart_public,2026-06-08T09:01:06.145895+00:00,banking_index
2022-02-22,VNFIN,1674.3,1680.43,1649.29,1679.14,178005000,vndirect_dchart_public,2026-06-08T09:01:06.145898+00:00,banking_index
2022-02-23,VNFIN,1687.23,1697.67,1683.97,1683.97,150829400,vndirect_dchart_public,2026-06-08T09:01:06.145901+00:00,banking_index
2022-02-24,VNFIN,1684.42,1698.47,1635.33,1669.31,266549700,vndirect_dchart_public,2026-06-08T09:01:06.145905+00:00,banking_index
2022-02-25,VNFIN,1682.15,1702.26,1678.0,1689.34,201060700,vndirect_dchart_public,2026-06-08T09:01:06.145908+00:00,banking_index
2022-02-28,VNFIN,1689.79,1695.92,1673.1,1676.77,152841700,vndirect_dchart_public,2026-06-08T09:01:06.145912+00:00,banking_index
2022-03-01,VNFIN,1679.86,1681.85,1668.7,1677.1,168160900,vndirect_dchart_public,2026-06-08T09:01:06.145915+00:00,banking_index
2022-03-02,VNFIN,1670.54,1670.86,1630.35,1630.51,294255200,vndirect_dchart_public,2026-06-08T09:01:06.145919+00:00,banking_index
2022-03-03,VNFIN,1639.37,1654.79,1628.23,1654.3,174135000,vndirect_dchart_public,2026-06-08T09:01:06.145922+00:00,banking_index
2022-03-04,VNFIN,1655.54,1675.24,1655.52,1662.57,179055300,vndirect_dchart_public,2026-06-08T09:01:06.145926+00:00,banking_index
2022-03-07,VNFIN,1646.14,1650.62,1634.49,1641.3,169895800,vndirect_dchart_public,2026-06-08T09:01:06.145929+00:00,banking_index
2022-03-08,VNFIN,1627.69,1640.37,1618.26,1618.57,194533500,vndirect_dchart_public,2026-06-08T09:01:06.145933+00:00,banking_index
2022-03-09,VNFIN,1621.65,1628.48,1601.41,1618.62,154131200,vndirect_dchart_public,2026-06-08T09:01:06.145937+00:00,banking_index
2022-03-10,VNFIN,1623.35,1646.7,1623.35,1627.65,94750800,vndirect_dchart_public,2026-06-08T09:01:06.145941+00:00,banking_index
2022-03-11,VNFIN,1627.81,1635.46,1616.27,1625.47,149510900,vndirect_dchart_public,2026-06-08T09:01:06.145944+00:00,banking_index
2022-03-14,VNFIN,1618.07,1623.26,1604.97,1616.2,138020400,vndirect_dchart_public,2026-06-08T09:01:06.145947+00:00,banking_index
2022-03-15,VNFIN,1618.37,1629.36,1616.4,1625.7,107165200,vndirect_dchart_public,2026-06-08T09:01:06.145950+00:00,banking_index
2022-03-16,VNFIN,1635.04,1639.3,1628.51,1634.73,94084500,vndirect_dchart_public,2026-06-08T09:01:06.145953+00:00,banking_index
2022-03-17,VNFIN,1646.87,1647.0,1634.46,1635.59,96648900,vndirect_dchart_public,2026-06-08T09:01:06.145957+00:00,banking_index
2022-03-18,VNFIN,1639.41,1642.54,1636.45,1636.45,117343800,vndirect_dchart_public,2026-06-08T09:01:06.145960+00:00,banking_index
2022-03-21,VNFIN,1639.2,1648.86,1634.26,1648.86,102575200,vndirect_dchart_public,2026-06-08T09:01:06.145963+00:00,banking_index
2022-03-22,VNFIN,1653.25,1669.36,1652.8,1661.99,139236600,vndirect_dchart_public,2026-06-08T09:01:06.145968+00:00,banking_index
2022-03-23,VNFIN,1665.36,1668.39,1656.5,1656.5,114390400,vndirect_dchart_public,2026-06-08T09:01:06.145971+00:00,banking_index
2022-03-24,VNFIN,1655.2,1656.86,1644.72,1644.72,101142000,vndirect_dchart_public,2026-06-08T09:01:06.145975+00:00,banking_index
2022-03-25,VNFIN,1645.38,1651.44,1640.3,1640.69,105378100,vndirect_dchart_public,2026-06-08T09:01:06.145978+00:00,banking_index
2022-03-28,VNFIN,1640.53,1640.53,1604.59,1614.1,164442200,vndirect_dchart_public,2026-06-08T09:01:06.145981+00:00,banking_index
2022-03-29,VNFIN,1615.34,1626.64,1615.34,1625.54,97001800,vndirect_dchart_public,2026-06-08T09:01:06.145985+00:00,banking_index
2022-03-30,VNFIN,1622.07,1650.77,1617.97,1637.83,150889500,vndirect_dchart_public,2026-06-08T09:01:06.145988+00:00,banking_index
2022-03-31,VNFIN,1642.6,1647.15,1636.37,1640.43,92707500,vndirect_dchart_public,2026-06-08T09:01:06.145992+00:00,banking_index
2022-04-01,VNFIN,1638.2,1672.67,1634.08,1672.67,165712600,vndirect_dchart_public,2026-06-08T09:01:06.145996+00:00,banking_index
2022-04-04,VNFIN,1692.14,1694.19,1680.52,1680.52,189149000,vndirect_dchart_public,2026-06-08T09:01:06.145999+00:00,banking_index
2022-04-05,VNFIN,1676.07,1685.36,1664.64,1664.64,131487400,vndirect_dchart_public,2026-06-08T09:01:06.146003+00:00,banking_index
2022-04-06,VNFIN,1658.87,1689.08,1652.57,1689.08,184007700,vndirect_dchart_public,2026-06-08T09:01:06.146006+00:00,banking_index
2022-04-07,VNFIN,1693.54,1707.6,1678.19,1678.19,192300100,vndirect_dchart_public,2026-06-08T09:01:06.146009+00:00,banking_index
2022-04-08,VNFIN,1677.88,1684.17,1652.42,1652.42,156068500,vndirect_dchart_public,2026-06-08T09:01:06.146013+00:00,banking_index
2022-04-12,VNFIN,1656.18,1661.31,1621.57,1621.57,144642300,vndirect_dchart_public,2026-06-08T09:01:06.146016+00:00,banking_index
2022-04-13,VNFIN,1628.43,1641.29,1612.06,1639.88,133872200,vndirect_dchart_public,2026-06-08T09:01:06.146019+00:00,banking_index
2022-04-14,VNFIN,1641.97,1651.24,1627.61,1627.61,105119500,vndirect_dchart_public,2026-06-08T09:01:06.146023+00:00,banking_index
2022-04-15,VNFIN,1625.57,1629.68,1588.75,1589.78,163441400,vndirect_dchart_public,2026-06-08T09:01:06.146026+00:00,banking_index
2022-04-18,VNFIN,1587.68,1588.04,1536.43,1538.47,190056700,vndirect_dchart_public,2026-06-08T09:01:06.146029+00:00,banking_index
2022-04-19,VNFIN,1541.81,1551.06,1492.9,1492.9,147439600,vndirect_dchart_public,2026-06-08T09:01:06.146033+00:00,banking_index
2022-04-20,VNFIN,1492.85,1508.73,1480.73,1480.73,145579200,vndirect_dchart_public,2026-06-08T09:01:06.146036+00:00,banking_index
2022-04-21,VNFIN,1478.95,1510.97,1460.11,1489.42,158144800,vndirect_dchart_public,2026-06-08T09:01:06.146039+00:00,banking_index
2022-04-22,VNFIN,1504.97,1528.58,1482.36,1512.95,137090300,vndirect_dchart_public,2026-06-08T09:01:06.146043+00:00,banking_index
2022-04-25,VNFIN,1513.25,1516.63,1420.07,1423.16,172133900,vndirect_dchart_public,2026-06-08T09:01:06.146046+00:00,banking_index
2022-04-26,VNFIN,1407.61,1462.88,1368.75,1462.88,153903000,vndirect_dchart_public,2026-06-08T09:01:06.146049+00:00,banking_index
2022-04-27,VNFIN,1461.42,1475.05,1435.94,1470.55,81537900,vndirect_dchart_public,2026-06-08T09:01:06.146052+00:00,banking_index
2022-04-28,VNFIN,1468.88,1480.31,1461.36,1467.37,79719700,vndirect_dchart_public,2026-06-08T09:01:06.146056+00:00,banking_index
2022-04-29,VNFIN,1465.37,1492.26,1461.09,1490.86,121333800,vndirect_dchart_public,2026-06-08T09:01:06.146059+00:00,banking_index
2022-05-04,VNFIN,1489.63,1489.79,1448.77,1448.77,93421100,vndirect_dchart_public,2026-06-08T09:01:06.146062+00:00,banking_index
2022-05-05,VNFIN,1468.83,1469.81,1427.07,1456.86,102922600,vndirect_dchart_public,2026-06-08T09:01:06.146067+00:00,banking_index
2022-05-06,VNFIN,1452.79,1452.79,1406.46,1406.46,121718500,vndirect_dchart_public,2026-06-08T09:01:06.146071+00:00,banking_index
2022-05-09,VNFIN,1385.62,1390.37,1324.12,1332.08,173497100,vndirect_dchart_public,2026-06-08T09:01:06.146074+00:00,banking_index
2022-05-10,VNFIN,1326.82,1358.61,1293.53,1358.61,142197300,vndirect_dchart_public,2026-06-08T09:01:06.146078+00:00,banking_index
2022-05-11,VNFIN,1362.46,1375.05,1340.94,1371.57,76562100,vndirect_dchart_public,2026-06-08T09:01:06.146081+00:00,banking_index
2022-05-12,VNFIN,1354.9,1356.95,1289.55,1289.55,137486400,vndirect_dchart_public,2026-06-08T09:01:06.146084+00:00,banking_index
2022-05-13,VNFIN,1290.06,1295.89,1215.53,1217.93,199784800,vndirect_dchart_public,2026-06-08T09:01:06.146087+00:00,banking_index
2022-05-16,VNFIN,1252.45,1266.37,1219.63,1219.63,150367400,vndirect_dchart_public,2026-06-08T09:01:06.146091+00:00,banking_index
2022-05-17,VNFIN,1217.64,1288.66,1209.51,1288.66,139136500,vndirect_dchart_public,2026-06-08T09:01:06.146094+00:00,banking_index
2022-05-18,VNFIN,1309.94,1326.41,1296.48,1302.35,154036600,vndirect_dchart_public,2026-06-08T09:01:06.146097+00:00,banking_index
2022-05-19,VNFIN,1271.97,1308.1,1269.72,1294.87,127350800,vndirect_dchart_public,2026-06-08T09:01:06.146100+00:00,banking_index
2022-05-20,VNFIN,1298.18,1311.67,1288.07,1297.66,105510300,vndirect_dchart_public,2026-06-08T09:01:06.146104+00:00,banking_index
2022-05-23,VNFIN,1304.03,1304.52,1253.71,1260.06,145034800,vndirect_dchart_public,2026-06-08T09:01:06.146107+00:00,banking_index
2022-05-24,VNFIN,1262.03,1286.1,1246.94,1286.1,122306900,vndirect_dchart_public,2026-06-08T09:01:06.146110+00:00,banking_index
2022-05-25,VNFIN,1294.8,1332.94,1293.33,1332.94,143346300,vndirect_dchart_public,2026-06-08T09:01:06.146114+00:00,banking_index
2022-05-26,VNFIN,1335.55,1340.44,1326.53,1329.65,129494500,vndirect_dchart_public,2026-06-08T09:01:06.146117+00:00,banking_index
2022-05-27,VNFIN,1333.22,1353.79,1328.11,1350.77,126108800,vndirect_dchart_public,2026-06-08T09:01:06.146121+00:00,banking_index
2022-05-30,VNFIN,1355.52,1364.02,1348.81,1361.72,116338100,vndirect_dchart_public,2026-06-08T09:01:06.146124+00:00,banking_index
2022-05-31,VNFIN,1360.31,1360.31,1341.34,1346.55,115952500,vndirect_dchart_public,2026-06-08T09:01:06.146127+00:00,banking_index
2022-06-01,VNFIN,1344.06,1355.21,1330.53,1339.51,101660900,vndirect_dchart_public,2026-06-08T09:01:06.146131+00:00,banking_index
2022-06-02,VNFIN,1343.79,1348.61,1321.14,1325.28,124073700,vndirect_dchart_public,2026-06-08T09:01:06.146134+00:00,banking_index
2022-06-03,VNFIN,1324.74,1329.22,1308.09,1320.74,88401100,vndirect_dchart_public,2026-06-08T09:01:06.146139+00:00,banking_index
2022-06-06,VNFIN,1319.33,1333.33,1312.44,1313.83,102414100,vndirect_dchart_public,2026-06-08T09:01:06.146142+00:00,banking_index
2022-06-07,VNFIN,1310.5,1311.01,1274.86,1303.37,112691700,vndirect_dchart_public,2026-06-08T09:01:06.146146+00:00,banking_index
2022-06-08,VNFIN,1311.24,1346.91,1302.78,1342.71,129384600,vndirect_dchart_public,2026-06-08T09:01:06.146149+00:00,banking_index
2022-06-09,VNFIN,1348.36,1348.36,1330.86,1339.12,85206700,vndirect_dchart_public,2026-06-08T09:01:06.146152+00:00,banking_index
2022-06-10,VNFIN,1328.48,1346.71,1321.06,1321.06,110346500,vndirect_dchart_public,2026-06-08T09:01:06.146156+00:00,banking_index
2022-06-13,VNFIN,1288.03,1292.06,1247.85,1247.85,162239400,vndirect_dchart_public,2026-06-08T09:01:06.146159+00:00,banking_index
2022-06-14,VNFIN,1233.93,1255.43,1226.54,1239.36,123367000,vndirect_dchart_public,2026-06-08T09:01:06.146162+00:00,banking_index
2022-06-15,VNFIN,1240.76,1245.25,1189.57,1219.66,167347900,vndirect_dchart_public,2026-06-08T09:01:06.146166+00:00,banking_index
2022-06-16,VNFIN,1231.97,1239.9,1226.02,1230.8,126600100,vndirect_dchart_public,2026-06-08T09:01:06.146169+00:00,banking_index
2022-06-17,VNFIN,1197.11,1203.33,1167.23,1182.72,167075900,vndirect_dchart_public,2026-06-08T09:01:06.146172+00:00,banking_index
2022-06-20,VNFIN,1187.65,1195.55,1139.58,1145.52,145182100,vndirect_dchart_public,2026-06-08T09:01:06.146175+00:00,banking_index
2022-06-21,VNFIN,1136.68,1164.75,1132.96,1148.38,137815100,vndirect_dchart_public,2026-06-08T09:01:06.146179+00:00,banking_index
2022-06-22,VNFIN,1165.17,1197.69,1161.67,1189.98,120793400,vndirect_dchart_public,2026-06-08T09:01:06.146182+00:00,banking_index
2022-06-23,VNFIN,1189.97,1212.12,1182.56,1212.12,103650900,vndirect_dchart_public,2026-06-08T09:01:06.146209+00:00,banking_index
2022-06-24,VNFIN,1213.58,1218.91,1204.67,1204.67,101782500,vndirect_dchart_public,2026-06-08T09:01:06.146213+00:00,banking_index
2022-06-27,VNFIN,1208.57,1227.69,1207.79,1222.92,114226800,vndirect_dchart_public,2026-06-08T09:01:06.146216+00:00,banking_index
2022-06-28,VNFIN,1221.0,1267.16,1217.21,1259.49,161555100,vndirect_dchart_public,2026-06-08T09:01:06.146219+00:00,banking_index
2022-06-29,VNFIN,1244.95,1271.44,1244.92,1258.07,126192400,vndirect_dchart_public,2026-06-08T09:01:06.146224+00:00,banking_index
2022-06-30,VNFIN,1261.26,1263.29,1226.47,1226.47,131461100,vndirect_dchart_public,2026-06-08T09:01:06.146227+00:00,banking_index
2022-07-01,VNFIN,1221.54,1245.07,1199.63,1243.48,144786500,vndirect_dchart_public,2026-06-08T09:01:06.146230+00:00,banking_index
2022-07-04,VNFIN,1249.99,1262.97,1249.74,1257.38,138763200,vndirect_dchart_public,2026-06-08T09:01:06.146235+00:00,banking_index
2022-07-05,VNFIN,1262.0,1286.1,1260.57,1271.01,170851600,vndirect_dchart_public,2026-06-08T09:01:06.146238+00:00,banking_index
2022-07-06,VNFIN,1269.59,1270.13,1240.76,1245.91,134883700,vndirect_dchart_public,2026-06-08T09:01:06.146242+00:00,banking_index
2022-07-07,VNFIN,1242.96,1258.91,1233.6,1254.7,105667200,vndirect_dchart_public,2026-06-08T09:01:06.146245+00:00,banking_index
2022-07-08,VNFIN,1261.59,1263.0,1250.0,1252.89,131620600,vndirect_dchart_public,2026-06-08T09:01:06.146248+00:00,banking_index
2022-07-11,VNFIN,1245.01,1248.24,1217.75,1219.01,142155100,vndirect_dchart_public,2026-06-08T09:01:06.146252+00:00,banking_index
2022-07-12,VNFIN,1222.13,1240.46,1219.57,1240.46,102028000,vndirect_dchart_public,2026-06-08T09:01:06.146255+00:00,banking_index
2022-07-13,VNFIN,1242.21,1260.43,1241.23,1246.09,139070900,vndirect_dchart_public,2026-06-08T09:01:06.146258+00:00,banking_index
2022-07-14,VNFIN,1239.44,1258.86,1238.95,1256.37,147178500,vndirect_dchart_public,2026-06-08T09:01:06.146262+00:00,banking_index
2022-07-15,VNFIN,1258.39,1269.96,1253.86,1254.06,133547700,vndirect_dchart_public,2026-06-08T09:01:06.146265+00:00,banking_index
2022-07-18,VNFIN,1260.96,1264.85,1252.37,1253.68,120965900,vndirect_dchart_public,2026-06-08T09:01:06.146269+00:00,banking_index
2022-07-19,VNFIN,1251.27,1252.84,1237.85,1248.49,115729200,vndirect_dchart_public,2026-06-08T09:01:06.146272+00:00,banking_index
2022-07-20,VNFIN,1260.47,1271.37,1258.16,1266.99,145304600,vndirect_dchart_public,2026-06-08T09:01:06.146275+00:00,banking_index
2022-07-21,VNFIN,1269.82,1278.24,1267.38,1273.2,131021300,vndirect_dchart_public,2026-06-08T09:01:06.146278+00:00,banking_index
2022-07-22,VNFIN,1277.8,1284.7,1269.68,1269.68,120639100,vndirect_dchart_public,2026-06-08T09:01:06.146282+00:00,banking_index
2022-07-25,VNFIN,1267.08,1267.19,1255.44,1257.61,104264800,vndirect_dchart_public,2026-06-08T09:01:06.146285+00:00,banking_index
2022-07-26,VNFIN,1258.44,1263.26,1252.93,1254.27,87619500,vndirect_dchart_public,2026-06-08T09:01:06.146289+00:00,banking_index
2022-07-27,VNFIN,1253.98,1259.75,1245.4,1259.75,105707200,vndirect_dchart_public,2026-06-08T09:01:06.146293+00:00,banking_index
2022-07-28,VNFIN,1259.77,1292.69,1259.77,1285.3,189309800,vndirect_dchart_public,2026-06-08T09:01:06.146296+00:00,banking_index
2022-07-29,VNFIN,1291.78,1293.67,1284.74,1291.27,161731400,vndirect_dchart_public,2026-06-08T09:01:06.146299+00:00,banking_index
2022-08-01,VNFIN,1291.26,1321.31,1291.26,1320.82,224369600,vndirect_dchart_public,2026-06-08T09:01:06.146303+00:00,banking_index
2022-08-02,VNFIN,1320.68,1327.63,1313.24,1323.09,206680700,vndirect_dchart_public,2026-06-08T09:01:06.146307+00:00,banking_index
2022-08-03,VNFIN,1317.93,1331.56,1313.54,1329.97,185616700,vndirect_dchart_public,2026-06-08T09:01:06.146310+00:00,banking_index
2022-08-04,VNFIN,1336.65,1345.46,1329.53,1335.67,195158800,vndirect_dchart_public,2026-06-08T09:01:06.146314+00:00,banking_index
2022-08-05,VNFIN,1333.04,1338.38,1324.87,1338.38,182140600,vndirect_dchart_public,2026-06-08T09:01:06.146317+00:00,banking_index
2022-08-08,VNFIN,1340.92,1350.35,1336.75,1345.68,170436900,vndirect_dchart_public,2026-06-08T09:01:06.146320+00:00,banking_index
2022-08-09,VNFIN,1349.35,1355.11,1340.52,1348.11,169055500,vndirect_dchart_public,2026-06-08T09:01:06.146323+00:00,banking_index
2022-08-10,VNFIN,1344.84,1348.28,1337.82,1339.11,133469700,vndirect_dchart_public,2026-06-08T09:01:06.146327+00:00,banking_index
2022-08-11,VNFIN,1344.15,1354.84,1325.92,1331.67,218961500,vndirect_dchart_public,2026-06-08T09:01:06.146330+00:00,banking_index
2022-08-12,VNFIN,1331.32,1343.64,1326.11,1343.64,128746500,vndirect_dchart_public,2026-06-08T09:01:06.146334+00:00,banking_index
2022-08-15,VNFIN,1352.34,1365.98,1351.67,1360.33,191234000,vndirect_dchart_public,2026-06-08T09:01:06.146337+00:00,banking_index
2022-08-16,VNFIN,1360.09,1362.09,1352.52,1356.46,130802700,vndirect_dchart_public,2026-06-08T09:01:06.146341+00:00,banking_index
2022-08-17,VNFIN,1358.91,1365.93,1355.61,1358.19,169350000,vndirect_dchart_public,2026-06-08T09:01:06.146345+00:00,banking_index
2022-08-18,VNFIN,1355.69,1366.23,1350.5,1357.11,184669800,vndirect_dchart_public,2026-06-08T09:01:06.146348+00:00,banking_index
2022-08-19,VNFIN,1356.16,1362.52,1352.7,1356.57,157124800,vndirect_dchart_public,2026-06-08T09:01:06.146351+00:00,banking_index
2022-08-22,VNFIN,1356.33,1358.97,1341.82,1348.84,149665000,vndirect_dchart_public,2026-06-08T09:01:06.146355+00:00,banking_index
2022-08-23,VNFIN,1339.49,1358.91,1333.11,1358.91,164827700,vndirect_dchart_public,2026-06-08T09:01:06.146360+00:00,banking_index
2022-08-24,VNFIN,1363.36,1370.55,1359.08,1365.57,136453300,vndirect_dchart_public,2026-06-08T09:01:06.146363+00:00,banking_index
2022-08-25,VNFIN,1367.46,1380.21,1367.46,1380.21,154903700,vndirect_dchart_public,2026-06-08T09:01:06.146366+00:00,banking_index
2022-08-26,VNFIN,1384.8,1388.96,1369.73,1371.0,166059500,vndirect_dchart_public,2026-06-08T09:01:06.146370+00:00,banking_index
2022-08-29,VNFIN,1355.7,1355.7,1328.81,1354.47,220686400,vndirect_dchart_public,2026-06-08T09:01:06.146373+00:00,banking_index
2022-08-30,VNFIN,1354.86,1370.52,1353.34,1357.24,115342300,vndirect_dchart_public,2026-06-08T09:01:06.146376+00:00,banking_index
2022-08-31,VNFIN,1352.95,1365.13,1348.71,1362.46,105773800,vndirect_dchart_public,2026-06-08T09:01:06.146380+00:00,banking_index
2022-09-05,VNFIN,1360.69,1361.84,1349.95,1350.56,100804100,vndirect_dchart_public,2026-06-08T09:01:06.146383+00:00,banking_index
2022-09-06,VNFIN,1351.88,1363.1,1348.29,1354.44,113284500,vndirect_dchart_public,2026-06-08T09:01:06.146388+00:00,banking_index
2022-09-07,VNFIN,1352.89,1354.37,1319.07,1319.07,213304200,vndirect_dchart_public,2026-06-08T09:01:06.146391+00:00,banking_index
2022-09-08,VNFIN,1329.0,1329.22,1298.61,1298.61,134222800,vndirect_dchart_public,2026-06-08T09:01:06.146395+00:00,banking_index
2022-09-09,VNFIN,1308.7,1308.71,1279.01,1306.67,162696800,vndirect_dchart_public,2026-06-08T09:01:06.146398+00:00,banking_index
2022-09-12,VNFIN,1315.03,1316.56,1297.53,1297.53,75615300,vndirect_dchart_public,2026-06-08T09:01:06.146401+00:00,banking_index
2022-09-13,VNFIN,1300.03,1302.38,1293.76,1298.2,94748500,vndirect_dchart_public,2026-06-08T09:01:06.146405+00:00,banking_index
2022-09-14,VNFIN,1274.24,1294.61,1274.03,1293.47,146978400,vndirect_dchart_public,2026-06-08T09:01:06.146408+00:00,banking_index
2022-09-15,VNFIN,1301.49,1302.31,1292.93,1292.93,77812800,vndirect_dchart_public,2026-06-08T09:01:06.146412+00:00,banking_index
2022-09-16,VNFIN,1291.67,1297.61,1273.1,1276.56,139700500,vndirect_dchart_public,2026-06-08T09:01:06.146415+00:00,banking_index
2022-09-19,VNFIN,1275.6,1278.07,1238.72,1242.08,150618500,vndirect_dchart_public,2026-06-08T09:01:06.146418+00:00,banking_index
2022-09-20,VNFIN,1252.52,1258.91,1235.81,1257.95,111148200,vndirect_dchart_public,2026-06-08T09:01:06.146422+00:00,banking_index
2022-09-21,VNFIN,1252.1,1254.05,1238.25,1243.92,71641100,vndirect_dchart_public,2026-06-08T09:01:06.146426+00:00,banking_index
2022-09-22,VNFIN,1233.28,1250.68,1231.09,1249.43,114211500,vndirect_dchart_public,2026-06-08T09:01:06.146430+00:00,banking_index
2022-09-23,VNFIN,1246.9,1252.61,1232.14,1232.94,100586400,vndirect_dchart_public,2026-06-08T09:01:06.146433+00:00,banking_index
2022-09-26,VNFIN,1211.8,1216.67,1178.2,1195.32,191610100,vndirect_dchart_public,2026-06-08T09:01:06.146436+00:00,banking_index
2022-09-27,VNFIN,1200.7,1210.66,1193.82,1201.63,98624700,vndirect_dchart_public,2026-06-08T09:01:06.146440+00:00,banking_index
2022-09-28,VNFIN,1197.53,1204.93,1188.13,1194.72,113006700,vndirect_dchart_public,2026-06-08T09:01:06.146443+00:00,banking_index
2022-09-29,VNFIN,1199.3,1209.7,1181.27,1181.27,98899000,vndirect_dchart_public,2026-06-08T09:01:06.146446+00:00,banking_index
2022-09-30,VNFIN,1177.47,1187.58,1151.63,1181.83,164580900,vndirect_dchart_public,2026-06-08T09:01:06.146450+00:00,banking_index
2022-10-03,VNFIN,1174.0,1175.04,1120.94,1122.0,147227800,vndirect_dchart_public,2026-06-08T09:01:06.146453+00:00,banking_index
2022-10-04,VNFIN,1138.34,1145.88,1104.44,1106.5,147250300,vndirect_dchart_public,2026-06-08T09:01:06.146456+00:00,banking_index
2022-10-05,VNFIN,1127.91,1139.16,1123.19,1127.39,114190500,vndirect_dchart_public,2026-06-08T09:01:06.146460+00:00,banking_index
2022-10-06,VNFIN,1130.23,1135.33,1079.97,1090.25,140526200,vndirect_dchart_public,2026-06-08T09:01:06.146464+00:00,banking_index
2022-10-07,VNFIN,1063.45,1065.89,1022.22,1031.15,284992700,vndirect_dchart_public,2026-06-08T09:01:06.146467+00:00,banking_index
2022-10-10,VNFIN,1014.24,1036.16,989.9,1024.36,201590700,vndirect_dchart_public,2026-06-08T09:01:06.146471+00:00,banking_index
2022-10-11,VNFIN,1015.37,1015.91,962.55,975.1,205160400,vndirect_dchart_public,2026-06-08T09:01:06.146474+00:00,banking_index
2022-10-12,VNFIN,974.67,1024.94,971.3,1021.69,181997000,vndirect_dchart_public,2026-06-08T09:01:06.146477+00:00,banking_index
2022-10-13,VNFIN,1022.13,1042.6,1016.11,1042.6,135426300,vndirect_dchart_public,2026-06-08T09:01:06.146481+00:00,banking_index
2022-10-14,VNFIN,1069.77,1076.84,1056.18,1062.26,180064500,vndirect_dchart_public,2026-06-08T09:01:06.146484+00:00,banking_index
2022-10-17,VNFIN,1050.63,1058.04,1029.52,1058.04,143057900,vndirect_dchart_public,2026-06-08T09:01:06.146487+00:00,banking_index
2022-10-18,VNFIN,1076.02,1081.06,1057.1,1061.83,141695300,vndirect_dchart_public,2026-06-08T09:01:06.146491+00:00,banking_index
2022-10-19,VNFIN,1063.76,1067.43,1046.67,1058.04,112502300,vndirect_dchart_public,2026-06-08T09:01:06.146495+00:00,banking_index
2022-10-20,VNFIN,1055.26,1062.13,1041.46,1051.96,110226000,vndirect_dchart_public,2026-06-08T09:01:06.146499+00:00,banking_index
2022-10-21,VNFIN,1052.9,1053.15,999.33,1007.12,201459400,vndirect_dchart_public,2026-06-08T09:01:06.146502+00:00,banking_index
2022-10-24,VNFIN,1007.11,1012.55,955.69,974.55,184433100,vndirect_dchart_public,2026-06-08T09:01:06.146505+00:00,banking_index
2022-10-25,VNFIN,971.81,1016.44,946.28,996.19,248447700,vndirect_dchart_public,2026-06-08T09:01:06.146509+00:00,banking_index
2022-10-26,VNFIN,1003.42,1011.81,984.26,996.89,108101700,vndirect_dchart_public,2026-06-08T09:01:06.146512+00:00,banking_index
2022-10-27,VNFIN,998.97,1056.86,993.11,1056.86,208079000,vndirect_dchart_public,2026-06-08T09:01:06.146516+00:00,banking_index
2022-10-28,VNFIN,1070.62,1082.85,1060.73,1060.73,184750600,vndirect_dchart_public,2026-06-08T09:01:06.146520+00:00,banking_index
2022-10-31,VNFIN,1064.38,1073.13,1033.37,1064.88,184548700,vndirect_dchart_public,2026-06-08T09:01:06.146524+00:00,banking_index
2022-11-01,VNFIN,1064.76,1100.44,1064.76,1087.88,216609000,vndirect_dchart_public,2026-06-08T09:01:06.146527+00:00,banking_index
2022-11-02,VNFIN,1085.71,1093.39,1076.17,1077.5,168946700,vndirect_dchart_public,2026-06-08T09:01:06.146531+00:00,banking_index
2022-11-03,VNFIN,1058.57,1081.21,1058.51,1073.08,155520200,vndirect_dchart_public,2026-06-08T09:01:06.146534+00:00,banking_index
2022-11-04,VNFIN,1058.69,1061.1,1016.06,1048.09,290659100,vndirect_dchart_public,2026-06-08T09:01:06.146537+00:00,banking_index
2022-11-07,VNFIN,1049.84,1056.54,1010.53,1011.01,201104300,vndirect_dchart_public,2026-06-08T09:01:06.146548+00:00,banking_index
2022-11-08,VNFIN,994.88,1035.26,988.92,1029.95,175451700,vndirect_dchart_public,2026-06-08T09:01:06.146554+00:00,banking_index
2022-11-09,VNFIN,1035.25,1048.37,1019.48,1026.68,154573600,vndirect_dchart_public,2026-06-08T09:01:06.146558+00:00,banking_index
2022-11-10,VNFIN,1015.87,1015.87,966.59,972.68,219747000,vndirect_dchart_public,2026-06-08T09:01:06.146561+00:00,banking_index
2022-11-11,VNFIN,989.57,1004.45,979.89,981.74,220862800,vndirect_dchart_public,2026-06-08T09:01:06.146564+00:00,banking_index
2022-11-14,VNFIN,976.67,976.67,938.4,960.32,213706300,vndirect_dchart_public,2026-06-08T09:01:06.146567+00:00,banking_index
2022-11-15,VNFIN,944.68,950.03,903.96,916.71,232461100,vndirect_dchart_public,2026-06-08T09:01:06.146572+00:00,banking_index
2022-11-16,VNFIN,890.39,963.41,870.18,962.62,301280300,vndirect_dchart_public,2026-06-08T09:01:06.146575+00:00,banking_index
2022-11-17,VNFIN,963.28,992.65,963.28,987.46,243262800,vndirect_dchart_public,2026-06-08T09:01:06.146579+00:00,banking_index
2022-11-18,VNFIN,987.3,999.34,954.12,989.8,245748300,vndirect_dchart_public,2026-06-08T09:01:06.146582+00:00,banking_index
2022-11-21,VNFIN,996.08,997.7,975.44,978.78,159597400,vndirect_dchart_public,2026-06-08T09:01:06.146586+00:00,banking_index
2022-11-22,VNFIN,977.87,1013.83,966.38,979.44,263549200,vndirect_dchart_public,2026-06-08T09:01:06.146589+00:00,banking_index
2022-11-23,VNFIN,978.61,990.44,973.91,974.94,145629400,vndirect_dchart_public,2026-06-08T09:01:06.146593+00:00,banking_index
2022-11-24,VNFIN,971.51,981.59,956.14,980.31,144517400,vndirect_dchart_public,2026-06-08T09:01:06.146596+00:00,banking_index
2022-11-25,VNFIN,990.34,1008.63,986.26,1008.63,195517900,vndirect_dchart_public,2026-06-08T09:01:06.146599+00:00,banking_index
2022-11-28,VNFIN,1021.27,1052.82,1021.24,1052.82,282509200,vndirect_dchart_public,2026-06-08T09:01:06.146602+00:00,banking_index
2022-11-29,VNFIN,1053.62,1069.89,1035.72,1066.67,303411500,vndirect_dchart_public,2026-06-08T09:01:06.146606+00:00,banking_index
2022-11-30,VNFIN,1070.82,1088.0,1054.45,1086.2,273573700,vndirect_dchart_public,2026-06-08T09:01:06.146609+00:00,banking_index
2022-12-01,VNFIN,1099.4,1120.57,1083.3,1090.1,406316400,vndirect_dchart_public,2026-06-08T09:01:06.146612+00:00,banking_index
2022-12-02,VNFIN,1086.53,1140.73,1080.39,1140.73,297766800,vndirect_dchart_public,2026-06-08T09:01:06.146615+00:00,banking_index
2022-12-05,VNFIN,1142.97,1178.23,1142.97,1168.68,386916000,vndirect_dchart_public,2026-06-08T09:01:06.146619+00:00,banking_index
2022-12-06,VNFIN,1167.05,1174.61,1105.49,1105.49,452645200,vndirect_dchart_public,2026-06-08T09:01:06.146622+00:00,banking_index
2022-12-07,VNFIN,1102.82,1112.43,1075.36,1086.68,264579900,vndirect_dchart_public,2026-06-08T09:01:06.146626+00:00,banking_index
2022-12-08,VNFIN,1098.38,1148.18,1098.38,1128.5,299322100,vndirect_dchart_public,2026-06-08T09:01:06.146630+00:00,banking_index
2022-12-09,VNFIN,1139.16,1143.11,1122.06,1135.03,243118700,vndirect_dchart_public,2026-06-08T09:01:06.146634+00:00,banking_index
2022-12-12,VNFIN,1141.34,1152.4,1110.18,1110.18,295661300,vndirect_dchart_public,2026-06-08T09:01:06.146637+00:00,banking_index
2022-12-13,VNFIN,1115.97,1143.32,1106.72,1143.32,239818000,vndirect_dchart_public,2026-06-08T09:01:06.146642+00:00,banking_index
2022-12-14,VNFIN,1143.98,1162.22,1143.98,1147.69,225282800,vndirect_dchart_public,2026-06-08T09:01:06.146645+00:00,banking_index
2022-12-15,VNFIN,1143.27,1174.51,1142.93,1169.28,273880000,vndirect_dchart_public,2026-06-08T09:01:06.146649+00:00,banking_index
2022-12-16,VNFIN,1160.62,1180.18,1157.43,1168.93,249265700,vndirect_dchart_public,2026-06-08T09:01:06.146652+00:00,banking_index
2022-12-19,VNFIN,1168.16,1195.08,1157.42,1157.42,304105100,vndirect_dchart_public,2026-06-08T09:01:06.146655+00:00,banking_index
2022-12-20,VNFIN,1156.66,1159.37,1111.82,1130.14,302469100,vndirect_dchart_public,2026-06-08T09:01:06.146658+00:00,banking_index
2022-12-21,VNFIN,1142.79,1145.81,1108.26,1133.75,235978000,vndirect_dchart_public,2026-06-08T09:01:06.146662+00:00,banking_index
2022-12-22,VNFIN,1135.76,1161.07,1134.45,1146.2,201332200,vndirect_dchart_public,2026-06-08T09:01:06.146665+00:00,banking_index
2022-12-23,VNFIN,1146.09,1146.24,1127.31,1139.15,136872700,vndirect_dchart_public,2026-06-08T09:01:06.146668+00:00,banking_index
2022-12-26,VNFIN,1136.79,1137.89,1083.31,1083.31,205295400,vndirect_dchart_public,2026-06-08T09:01:06.146671+00:00,banking_index
2022-12-27,VNFIN,1084.81,1112.69,1081.31,1111.45,154635700,vndirect_dchart_public,2026-06-08T09:01:06.146675+00:00,banking_index
2022-12-28,VNFIN,1114.58,1131.0,1100.2,1122.9,134800000,vndirect_dchart_public,2026-06-08T09:01:06.146678+00:00,banking_index
2022-12-29,VNFIN,1122.71,1128.07,1110.4,1110.4,112380200,vndirect_dchart_public,2026-06-08T09:01:06.146681+00:00,banking_index
2022-12-30,VNFIN,1115.89,1119.86,1110.22,1112.17,103089000,vndirect_dchart_public,2026-06-08T09:01:06.146685+00:00,banking_index
2023-01-03,VNFIN,1114.07,1154.04,1113.38,1154.04,158261000,vndirect_dchart_public,2026-06-08T09:01:06.146688+00:00,banking_index
2023-01-04,VNFIN,1157.24,1168.94,1154.0,1155.27,174638200,vndirect_dchart_public,2026-06-08T09:01:06.146691+00:00,banking_index
2023-01-05,VNFIN,1158.24,1169.53,1151.84,1167.21,138373400,vndirect_dchart_public,2026-06-08T09:01:06.146695+00:00,banking_index
2023-01-06,VNFIN,1165.76,1196.18,1161.88,1174.01,253749000,vndirect_dchart_public,2026-06-08T09:01:06.146698+00:00,banking_index
2023-01-09,VNFIN,1185.99,1191.01,1175.92,1180.12,128071400,vndirect_dchart_public,2026-06-08T09:01:06.146701+00:00,banking_index
2023-01-10,VNFIN,1181.88,1187.18,1168.92,1179.7,127220200,vndirect_dchart_public,2026-06-08T09:01:06.146707+00:00,banking_index
2023-01-11,VNFIN,1187.12,1196.78,1180.36,1180.36,160255800,vndirect_dchart_public,2026-06-08T09:01:06.146710+00:00,banking_index
2023-01-12,VNFIN,1184.28,1187.96,1175.97,1183.4,114515500,vndirect_dchart_public,2026-06-08T09:01:06.146713+00:00,banking_index
2023-01-13,VNFIN,1191.17,1199.44,1182.04,1192.81,185583400,vndirect_dchart_public,2026-06-08T09:01:06.146718+00:00,banking_index
2023-01-16,VNFIN,1197.24,1207.0,1191.52,1207.0,123957200,vndirect_dchart_public,2026-06-08T09:01:06.146721+00:00,banking_index
2023-01-17,VNFIN,1211.08,1235.72,1211.08,1235.72,231558700,vndirect_dchart_public,2026-06-08T09:01:06.146725+00:00,banking_index
2023-01-18,VNFIN,1238.05,1245.97,1232.71,1242.44,177839400,vndirect_dchart_public,2026-06-08T09:01:06.146728+00:00,banking_index
2023-01-19,VNFIN,1237.09,1254.47,1236.26,1252.54,208475200,vndirect_dchart_public,2026-06-08T09:01:06.146732+00:00,banking_index
2023-01-27,VNFIN,1262.76,1271.54,1253.49,1257.2,202858800,vndirect_dchart_public,2026-06-08T09:01:06.146735+00:00,banking_index
2023-01-30,VNFIN,1256.29,1257.23,1234.26,1234.26,229142300,vndirect_dchart_public,2026-06-08T09:01:06.146738+00:00,banking_index
2023-01-31,VNFIN,1232.6,1258.24,1217.23,1258.24,235016900,vndirect_dchart_public,2026-06-08T09:01:06.146742+00:00,banking_index
2023-02-01,VNFIN,1261.78,1265.92,1211.29,1211.29,288868500,vndirect_dchart_public,2026-06-08T09:01:06.146745+00:00,banking_index
2023-02-02,VNFIN,1214.6,1220.54,1198.83,1209.94,191128900,vndirect_dchart_public,2026-06-08T09:01:06.146748+00:00,banking_index
2023-02-03,VNFIN,1213.84,1216.62,1197.87,1198.55,177566500,vndirect_dchart_public,2026-06-08T09:01:06.146752+00:00,banking_index
2023-02-06,VNFIN,1195.92,1212.87,1189.91,1212.37,128742800,vndirect_dchart_public,2026-06-08T09:01:06.146755+00:00,banking_index
2023-02-07,VNFIN,1215.36,1219.91,1186.88,1186.88,178505100,vndirect_dchart_public,2026-06-08T09:01:06.146759+00:00,banking_index
2023-02-08,VNFIN,1193.38,1207.12,1183.89,1193.21,143990100,vndirect_dchart_public,2026-06-08T09:01:06.146762+00:00,banking_index
2023-02-09,VNFIN,1191.31,1200.27,1184.04,1184.04,138433400,vndirect_dchart_public,2026-06-08T09:01:06.146766+00:00,banking_index
2023-02-10,VNFIN,1185.29,1190.2,1165.29,1165.29,130255400,vndirect_dchart_public,2026-06-08T09:01:06.146769+00:00,banking_index
2023-02-13,VNFIN,1161.45,1163.34,1133.09,1144.72,182516600,vndirect_dchart_public,2026-06-08T09:01:06.146772+00:00,banking_index
2023-02-14,VNFIN,1148.64,1154.92,1142.37,1144.27,94444300,vndirect_dchart_public,2026-06-08T09:01:06.146777+00:00,banking_index
2023-02-15,VNFIN,1143.29,1165.53,1141.56,1154.2,141173600,vndirect_dchart_public,2026-06-08T09:01:06.146780+00:00,banking_index
2023-02-16,VNFIN,1162.49,1172.9,1156.37,1172.9,116000200,vndirect_dchart_public,2026-06-08T09:01:06.146784+00:00,banking_index
2023-02-17,VNFIN,1175.08,1180.59,1168.73,1176.43,126368100,vndirect_dchart_public,2026-06-08T09:01:06.146787+00:00,banking_index
2023-02-20,VNFIN,1174.1,1218.5,1174.1,1218.5,205025200,vndirect_dchart_public,2026-06-08T09:01:06.146790+00:00,banking_index
2023-02-21,VNFIN,1222.02,1227.81,1208.07,1208.07,166883100,vndirect_dchart_public,2026-06-08T09:01:06.146798+00:00,banking_index
2023-02-22,VNFIN,1205.93,1205.93,1174.52,1174.52,195215200,vndirect_dchart_public,2026-06-08T09:01:06.146801+00:00,banking_index
2023-02-23,VNFIN,1172.72,1183.35,1149.8,1183.35,180927900,vndirect_dchart_public,2026-06-08T09:01:06.146805+00:00,banking_index
2023-02-24,VNFIN,1180.6,1180.85,1156.44,1157.25,104006100,vndirect_dchart_public,2026-06-08T09:01:06.146808+00:00,banking_index
2023-02-27,VNFIN,1156.31,1156.31,1131.69,1135.27,135945000,vndirect_dchart_public,2026-06-08T09:01:06.146812+00:00,banking_index
2023-02-28,VNFIN,1143.03,1150.87,1135.62,1137.19,95074700,vndirect_dchart_public,2026-06-08T09:01:06.146815+00:00,banking_index
2023-03-01,VNFIN,1137.09,1167.62,1125.87,1167.62,132453600,vndirect_dchart_public,2026-06-08T09:01:06.146819+00:00,banking_index
2023-03-02,VNFIN,1169.26,1172.8,1160.17,1164.14,80221600,vndirect_dchart_public,2026-06-08T09:01:06.146823+00:00,banking_index
2023-03-03,VNFIN,1164.89,1169.94,1145.27,1145.27,91671500,vndirect_dchart_public,2026-06-08T09:01:06.146826+00:00,banking_index
2023-03-06,VNFIN,1157.14,1169.32,1148.08,1151.58,116810200,vndirect_dchart_public,2026-06-08T09:01:06.146830+00:00,banking_index
2023-03-07,VNFIN,1160.71,1174.79,1159.98,1165.48,128250300,vndirect_dchart_public,2026-06-08T09:01:06.146833+00:00,banking_index
2023-03-08,VNFIN,1154.63,1185.59,1154.63,1185.59,151017900,vndirect_dchart_public,2026-06-08T09:01:06.146837+00:00,banking_index
2023-03-09,VNFIN,1188.15,1205.03,1184.51,1198.98,200012400,vndirect_dchart_public,2026-06-08T09:01:06.146840+00:00,banking_index
2023-03-10,VNFIN,1190.79,1193.66,1180.28,1187.87,134388100,vndirect_dchart_public,2026-06-08T09:01:06.146844+00:00,banking_index
2023-03-13,VNFIN,1179.47,1189.65,1177.97,1185.34,203217900,vndirect_dchart_public,2026-06-08T09:01:06.146848+00:00,banking_index
2023-03-14,VNFIN,1185.5,1185.9,1164.57,1168.5,176040600,vndirect_dchart_public,2026-06-08T09:01:06.146852+00:00,banking_index
2023-03-15,VNFIN,1173.49,1204.42,1173.49,1202.99,216678500,vndirect_dchart_public,2026-06-08T09:01:06.146856+00:00,banking_index
2023-03-16,VNFIN,1192.37,1195.5,1178.58,1184.11,164449200,vndirect_dchart_public,2026-06-08T09:01:06.146859+00:00,banking_index
2023-03-17,VNFIN,1193.16,1196.45,1183.16,1189.61,185160900,vndirect_dchart_public,2026-06-08T09:01:06.146863+00:00,banking_index
2023-03-20,VNFIN,1180.42,1181.2,1159.46,1159.46,167934200,vndirect_dchart_public,2026-06-08T09:01:06.146866+00:00,banking_index
2023-03-21,VNFIN,1167.46,1172.43,1153.56,1172.43,142472500,vndirect_dchart_public,2026-06-08T09:01:06.146870+00:00,banking_index
2023-03-22,VNFIN,1173.2,1187.88,1173.2,1182.84,154284900,vndirect_dchart_public,2026-06-08T09:01:06.146873+00:00,banking_index
2023-03-23,VNFIN,1179.06,1192.77,1173.52,1192.77,175635900,vndirect_dchart_public,2026-06-08T09:01:06.146877+00:00,banking_index
2023-03-24,VNFIN,1198.44,1204.74,1194.52,1197.49,187417200,vndirect_dchart_public,2026-06-08T09:01:06.146880+00:00,banking_index
2023-03-27,VNFIN,1198.77,1209.89,1194.75,1206.62,204104000,vndirect_dchart_public,2026-06-08T09:01:06.146886+00:00,banking_index
2023-03-28,VNFIN,1213.52,1218.08,1205.08,1208.06,220616400,vndirect_dchart_public,2026-06-08T09:01:06.146889+00:00,banking_index
2023-03-29,VNFIN,1209.51,1212.75,1204.15,1212.52,169800600,vndirect_dchart_public,2026-06-08T09:01:06.146893+00:00,banking_index
2023-03-30,VNFIN,1220.84,1223.99,1214.99,1216.54,205700400,vndirect_dchart_public,2026-06-08T09:01:06.146898+00:00,banking_index
2023-03-31,VNFIN,1216.79,1231.76,1215.18,1227.54,229200200,vndirect_dchart_public,2026-06-08T09:01:06.146901+00:00,banking_index
2023-04-03,VNFIN,1235.0,1248.81,1235.0,1248.81,297774700,vndirect_dchart_public,2026-06-08T09:01:06.146905+00:00,banking_index
2023-04-04,VNFIN,1248.63,1255.11,1241.51,1254.73,272161400,vndirect_dchart_public,2026-06-08T09:01:06.146910+00:00,banking_index
2023-04-05,VNFIN,1252.95,1254.8,1245.65,1253.93,230363100,vndirect_dchart_public,2026-06-08T09:01:06.146913+00:00,banking_index
2023-04-06,VNFIN,1254.15,1258.95,1236.17,1236.17,266011500,vndirect_dchart_public,2026-06-08T09:01:06.146917+00:00,banking_index
2023-04-07,VNFIN,1236.48,1239.65,1227.81,1239.65,202685500,vndirect_dchart_public,2026-06-08T09:01:06.146920+00:00,banking_index
2023-04-10,VNFIN,1244.45,1255.75,1236.94,1241.66,255410600,vndirect_dchart_public,2026-06-08T09:01:06.146925+00:00,banking_index
2023-04-11,VNFIN,1239.87,1246.05,1228.2,1245.23,185791200,vndirect_dchart_public,2026-06-08T09:01:06.146929+00:00,banking_index
2023-04-12,VNFIN,1247.73,1250.65,1241.9,1243.48,188513700,vndirect_dchart_public,2026-06-08T09:01:06.146932+00:00,banking_index
2023-04-13,VNFIN,1244.15,1245.38,1233.86,1238.97,183669700,vndirect_dchart_public,2026-06-08T09:01:06.146936+00:00,banking_index
2023-04-14,VNFIN,1243.26,1246.89,1224.97,1224.97,246341900,vndirect_dchart_public,2026-06-08T09:01:06.146939+00:00,banking_index
2023-04-17,VNFIN,1224.37,1227.73,1219.85,1225.96,126059100,vndirect_dchart_public,2026-06-08T09:01:06.146943+00:00,banking_index
2023-04-18,VNFIN,1226.34,1228.4,1215.67,1220.47,161491900,vndirect_dchart_public,2026-06-08T09:01:06.146946+00:00,banking_index
2023-04-19,VNFIN,1224.63,1225.57,1206.18,1206.18,171819200,vndirect_dchart_public,2026-06-08T09:01:06.146950+00:00,banking_index
2023-04-20,VNFIN,1206.19,1208.81,1199.03,1203.07,104973600,vndirect_dchart_public,2026-06-08T09:01:06.146953+00:00,banking_index
2023-04-21,VNFIN,1204.38,1209.81,1198.45,1199.23,166900700,vndirect_dchart_public,2026-06-08T09:01:06.146957+00:00,banking_index
2023-04-24,VNFIN,1200.66,1213.82,1194.81,1202.03,127716300,vndirect_dchart_public,2026-06-08T09:01:06.146960+00:00,banking_index
2023-04-25,VNFIN,1202.87,1208.49,1187.68,1187.68,156680600,vndirect_dchart_public,2026-06-08T09:01:06.146964+00:00,banking_index
2023-04-26,VNFIN,1187.28,1200.74,1178.92,1200.74,134398800,vndirect_dchart_public,2026-06-08T09:01:06.146969+00:00,banking_index
2023-04-27,VNFIN,1203.21,1207.52,1198.59,1200.61,97102700,vndirect_dchart_public,2026-06-08T09:01:06.146972+00:00,banking_index
2023-04-28,VNFIN,1205.45,1211.26,1203.02,1211.26,143232600,vndirect_dchart_public,2026-06-08T09:01:06.146976+00:00,banking_index
2023-05-04,VNFIN,1207.33,1210.18,1202.75,1204.46,169392000,vndirect_dchart_public,2026-06-08T09:01:06.146979+00:00,banking_index
2023-05-05,VNFIN,1203.27,1208.18,1197.1,1200.1,113143600,vndirect_dchart_public,2026-06-08T09:01:06.146983+00:00,banking_index
2023-05-08,VNFIN,1204.27,1217.48,1204.22,1216.69,166579200,vndirect_dchart_public,2026-06-08T09:01:06.146986+00:00,banking_index
2023-05-09,VNFIN,1216.9,1221.71,1214.88,1217.51,132204000,vndirect_dchart_public,2026-06-08T09:01:06.146990+00:00,banking_index
2023-05-10,VNFIN,1220.16,1227.26,1216.88,1227.26,176292100,vndirect_dchart_public,2026-06-08T09:01:06.146995+00:00,banking_index
2023-05-11,VNFIN,1231.71,1234.43,1225.54,1225.57,182421500,vndirect_dchart_public,2026-06-08T09:01:06.146999+00:00,banking_index
2023-05-12,VNFIN,1228.11,1234.43,1221.85,1234.43,178496100,vndirect_dchart_public,2026-06-08T09:01:06.147002+00:00,banking_index
2023-05-15,VNFIN,1235.61,1251.7,1235.61,1236.01,233022600,vndirect_dchart_public,2026-06-08T09:01:06.147006+00:00,banking_index
2023-05-16,VNFIN,1238.94,1239.88,1233.58,1235.92,159881400,vndirect_dchart_public,2026-06-08T09:01:06.147010+00:00,banking_index
2023-05-17,VNFIN,1235.3,1237.65,1221.53,1221.7,197711100,vndirect_dchart_public,2026-06-08T09:01:06.147013+00:00,banking_index
2023-05-18,VNFIN,1224.18,1237.73,1221.78,1230.87,194693500,vndirect_dchart_public,2026-06-08T09:01:06.147017+00:00,banking_index
2023-05-19,VNFIN,1233.8,1235.58,1224.52,1235.46,238945700,vndirect_dchart_public,2026-06-08T09:01:06.147020+00:00,banking_index
2023-05-22,VNFIN,1237.28,1248.65,1236.68,1248.65,198393300,vndirect_dchart_public,2026-06-08T09:01:06.147024+00:00,banking_index
2023-05-23,VNFIN,1249.64,1254.02,1239.83,1245.41,237785700,vndirect_dchart_public,2026-06-08T09:01:06.147027+00:00,banking_index
2023-05-24,VNFIN,1250.84,1250.84,1234.46,1235.12,227475600,vndirect_dchart_public,2026-06-08T09:01:06.147031+00:00,banking_index
2023-05-25,VNFIN,1233.85,1235.05,1225.22,1229.4,197785600,vndirect_dchart_public,2026-06-08T09:01:06.147034+00:00,banking_index
2023-05-26,VNFIN,1232.68,1233.75,1227.57,1230.52,145130500,vndirect_dchart_public,2026-06-08T09:01:06.147038+00:00,banking_index
2023-05-29,VNFIN,1233.92,1249.31,1233.2,1247.06,208740600,vndirect_dchart_public,2026-06-08T09:01:06.147041+00:00,banking_index
2023-05-30,VNFIN,1254.02,1254.13,1241.96,1251.12,201430000,vndirect_dchart_public,2026-06-08T09:01:06.147045+00:00,banking_index
2023-05-31,VNFIN,1251.95,1253.79,1243.49,1248.82,236166500,vndirect_dchart_public,2026-06-08T09:01:06.147048+00:00,banking_index
2023-06-01,VNFIN,1247.16,1258.97,1242.26,1258.97,217904500,vndirect_dchart_public,2026-06-08T09:01:06.147052+00:00,banking_index
2023-06-02,VNFIN,1269.99,1298.35,1269.13,1291.42,347540500,vndirect_dchart_public,2026-06-08T09:01:06.147057+00:00,banking_index
2023-06-05,VNFIN,1305.87,1307.55,1289.83,1291.05,287545100,vndirect_dchart_public,2026-06-08T09:01:06.147060+00:00,banking_index
2023-06-06,VNFIN,1291.7,1308.81,1287.45,1308.81,301435200,vndirect_dchart_public,2026-06-08T09:01:06.147064+00:00,banking_index
2023-06-07,VNFIN,1310.78,1312.49,1301.06,1307.9,239842800,vndirect_dchart_public,2026-06-08T09:01:06.147069+00:00,banking_index
2023-06-08,VNFIN,1309.13,1312.59,1284.8,1284.8,345160700,vndirect_dchart_public,2026-06-08T09:01:06.147073+00:00,banking_index
2023-06-09,VNFIN,1288.55,1297.27,1277.33,1297.27,242215400,vndirect_dchart_public,2026-06-08T09:01:06.147077+00:00,banking_index
2023-06-12,VNFIN,1301.42,1302.24,1283.27,1301.27,176244700,vndirect_dchart_public,2026-06-08T09:01:06.147080+00:00,banking_index
2023-06-13,VNFIN,1303.43,1306.53,1297.98,1302.29,194661000,vndirect_dchart_public,2026-06-08T09:01:06.147085+00:00,banking_index
2023-06-14,VNFIN,1304.91,1316.56,1299.77,1299.77,274285800,vndirect_dchart_public,2026-06-08T09:01:06.147088+00:00,banking_index
2023-06-15,VNFIN,1299.55,1301.81,1293.53,1299.92,190103400,vndirect_dchart_public,2026-06-08T09:01:06.147092+00:00,banking_index
2023-06-16,VNFIN,1299.95,1328.88,1299.95,1306.33,419102400,vndirect_dchart_public,2026-06-08T09:01:06.147096+00:00,banking_index
2023-06-19,VNFIN,1306.95,1308.77,1296.45,1298.66,188441000,vndirect_dchart_public,2026-06-08T09:01:06.147099+00:00,banking_index
2023-06-20,VNFIN,1299.07,1302.95,1288.99,1302.95,168690500,vndirect_dchart_public,2026-06-08T09:01:06.147103+00:00,banking_index
2023-06-21,VNFIN,1302.82,1311.96,1301.11,1311.96,221037800,vndirect_dchart_public,2026-06-08T09:01:06.147106+00:00,banking_index
2023-06-22,VNFIN,1322.43,1326.0,1317.73,1317.94,217813300,vndirect_dchart_public,2026-06-08T09:01:06.147110+00:00,banking_index
2023-06-23,VNFIN,1322.93,1336.33,1321.21,1330.83,266885200,vndirect_dchart_public,2026-06-08T09:01:06.147114+00:00,banking_index
2023-06-26,VNFIN,1334.06,1338.34,1316.08,1330.04,292321700,vndirect_dchart_public,2026-06-08T09:01:06.147117+00:00,banking_index
2023-06-27,VNFIN,1334.01,1334.71,1323.32,1326.69,172908000,vndirect_dchart_public,2026-06-08T09:01:06.147121+00:00,banking_index
2023-06-28,VNFIN,1326.8,1340.54,1325.66,1337.36,210722200,vndirect_dchart_public,2026-06-08T09:01:06.147124+00:00,banking_index
2023-06-29,VNFIN,1339.95,1341.9,1316.5,1316.5,213908400,vndirect_dchart_public,2026-06-08T09:01:06.147128+00:00,banking_index
2023-06-30,VNFIN,1316.83,1319.66,1310.99,1314.34,148127900,vndirect_dchart_public,2026-06-08T09:01:06.147131+00:00,banking_index
2023-07-03,VNFIN,1318.25,1321.05,1310.04,1313.95,148242600,vndirect_dchart_public,2026-06-08T09:01:06.147135+00:00,banking_index
2023-07-04,VNFIN,1315.08,1323.32,1311.95,1322.51,216972200,vndirect_dchart_public,2026-06-08T09:01:06.147139+00:00,banking_index
2023-07-05,VNFIN,1328.22,1334.17,1324.05,1324.05,201130700,vndirect_dchart_public,2026-06-08T09:01:06.147143+00:00,banking_index
2023-07-06,VNFIN,1324.41,1327.1,1306.64,1312.27,331798600,vndirect_dchart_public,2026-06-08T09:01:06.147148+00:00,banking_index
2023-07-07,VNFIN,1310.55,1327.05,1306.28,1327.05,213635500,vndirect_dchart_public,2026-06-08T09:01:06.147152+00:00,banking_index
2023-07-10,VNFIN,1333.65,1340.23,1329.06,1339.24,261332600,vndirect_dchart_public,2026-06-08T09:01:06.147155+00:00,banking_index
2023-07-11,VNFIN,1341.24,1353.35,1341.24,1344.97,268212100,vndirect_dchart_public,2026-06-08T09:01:06.147159+00:00,banking_index
2023-07-12,VNFIN,1347.04,1348.79,1333.92,1336.87,225733300,vndirect_dchart_public,2026-06-08T09:01:06.147163+00:00,banking_index
2023-07-13,VNFIN,1343.92,1348.03,1338.79,1348.03,185331800,vndirect_dchart_public,2026-06-08T09:01:06.147166+00:00,banking_index
2023-07-14,VNFIN,1354.85,1355.22,1330.48,1347.19,332638200,vndirect_dchart_public,2026-06-08T09:01:06.147170+00:00,banking_index
2023-07-17,VNFIN,1352.71,1355.27,1347.35,1351.86,246444400,vndirect_dchart_public,2026-06-08T09:01:06.147173+00:00,banking_index
2023-07-18,VNFIN,1351.87,1362.87,1349.54,1362.87,235123100,vndirect_dchart_public,2026-06-08T09:01:06.147177+00:00,banking_index
2023-07-19,VNFIN,1368.6,1369.84,1360.31,1360.31,222063400,vndirect_dchart_public,2026-06-08T09:01:06.147180+00:00,banking_index
2023-07-20,VNFIN,1360.33,1362.35,1351.69,1359.16,250625900,vndirect_dchart_public,2026-06-08T09:01:06.147184+00:00,banking_index
2023-07-21,VNFIN,1360.57,1374.47,1357.56,1374.47,285343700,vndirect_dchart_public,2026-06-08T09:01:06.147187+00:00,banking_index
2023-07-24,VNFIN,1381.71,1384.03,1372.7,1384.03,242592100,vndirect_dchart_public,2026-06-08T09:01:06.147191+00:00,banking_index
2023-07-25,VNFIN,1388.29,1406.37,1388.19,1394.79,268205400,vndirect_dchart_public,2026-06-08T09:01:06.147194+00:00,banking_index
2023-07-26,VNFIN,1395.29,1397.92,1388.5,1395.54,210571700,vndirect_dchart_public,2026-06-08T09:01:06.147198+00:00,banking_index
2023-07-27,VNFIN,1396.72,1397.75,1380.86,1389.38,248300600,vndirect_dchart_public,2026-06-08T09:01:06.147201+00:00,banking_index
2023-07-28,VNFIN,1388.87,1404.74,1387.07,1404.74,286618700,vndirect_dchart_public,2026-06-08T09:01:06.147205+00:00,banking_index
2023-07-31,VNFIN,1413.13,1418.47,1407.69,1414.91,269754500,vndirect_dchart_public,2026-06-08T09:01:06.147208+00:00,banking_index
2023-08-01,VNFIN,1421.2,1427.32,1411.26,1411.26,338875100,vndirect_dchart_public,2026-06-08T09:01:06.147213+00:00,banking_index
2023-08-02,VNFIN,1409.79,1423.63,1406.35,1423.16,244438200,vndirect_dchart_public,2026-06-08T09:01:06.147217+00:00,banking_index
2023-08-03,VNFIN,1423.36,1428.68,1411.18,1413.58,269359000,vndirect_dchart_public,2026-06-08T09:01:06.147220+00:00,banking_index
2023-08-04,VNFIN,1414.56,1436.37,1412.43,1434.65,288962600,vndirect_dchart_public,2026-06-08T09:01:06.147224+00:00,banking_index
2023-08-07,VNFIN,1432.81,1463.48,1432.81,1459.3,339626400,vndirect_dchart_public,2026-06-08T09:01:06.147227+00:00,banking_index
2023-08-08,VNFIN,1461.11,1464.28,1444.78,1446.66,252468700,vndirect_dchart_public,2026-06-08T09:01:06.147231+00:00,banking_index
2023-08-09,VNFIN,1445.15,1448.67,1435.04,1443.36,258167000,vndirect_dchart_public,2026-06-08T09:01:06.147234+00:00,banking_index
2023-08-10,VNFIN,1444.8,1446.5,1422.98,1426.35,233057400,vndirect_dchart_public,2026-06-08T09:01:06.147238+00:00,banking_index
2023-08-11,VNFIN,1429.39,1435.51,1411.51,1435.51,248849600,vndirect_dchart_public,2026-06-08T09:01:06.147241+00:00,banking_index
2023-08-14,VNFIN,1438.46,1444.63,1429.1,1444.57,295522000,vndirect_dchart_public,2026-06-08T09:01:06.147245+00:00,banking_index
2023-08-15,VNFIN,1446.66,1447.22,1432.99,1439.55,197968100,vndirect_dchart_public,2026-06-08T09:01:06.147251+00:00,banking_index
2023-08-16,VNFIN,1437.2,1457.72,1430.09,1456.94,289715700,vndirect_dchart_public,2026-06-08T09:01:06.147255+00:00,banking_index
2023-08-17,VNFIN,1457.96,1461.58,1449.74,1449.74,300124400,vndirect_dchart_public,2026-06-08T09:01:06.147274+00:00,banking_index
2023-08-18,VNFIN,1443.28,1444.94,1372.83,1374.71,469542300,vndirect_dchart_public,2026-06-08T09:01:06.147278+00:00,banking_index
2023-08-21,VNFIN,1375.41,1399.11,1369.61,1387.55,321401900,vndirect_dchart_public,2026-06-08T09:01:06.147282+00:00,banking_index
2023-08-22,VNFIN,1390.28,1401.47,1353.67,1401.47,316088200,vndirect_dchart_public,2026-06-08T09:01:06.147285+00:00,banking_index
2023-08-23,VNFIN,1413.03,1414.66,1381.47,1386.01,219453800,vndirect_dchart_public,2026-06-08T09:01:06.147291+00:00,banking_index
2023-08-24,VNFIN,1389.03,1408.47,1384.05,1407.29,226444300,vndirect_dchart_public,2026-06-08T09:01:06.147294+00:00,banking_index
2023-08-25,VNFIN,1407.02,1407.02,1395.69,1400.79,252086800,vndirect_dchart_public,2026-06-08T09:01:06.147298+00:00,banking_index
2023-08-28,VNFIN,1405.0,1416.98,1400.58,1416.08,220378700,vndirect_dchart_public,2026-06-08T09:01:06.147303+00:00,banking_index
2023-08-29,VNFIN,1419.69,1428.1,1414.63,1424.4,269383100,vndirect_dchart_public,2026-06-08T09:01:06.147307+00:00,banking_index
2023-08-30,VNFIN,1426.75,1443.4,1425.17,1442.95,270550900,vndirect_dchart_public,2026-06-08T09:01:06.147311+00:00,banking_index
2023-08-31,VNFIN,1443.59,1455.7,1441.93,1455.7,224614200,vndirect_dchart_public,2026-06-08T09:01:06.147314+00:00,banking_index
2023-09-05,VNFIN,1463.41,1476.67,1459.55,1467.41,314844900,vndirect_dchart_public,2026-06-08T09:01:06.147318+00:00,banking_index
2023-09-06,VNFIN,1470.13,1485.06,1459.66,1485.06,277751400,vndirect_dchart_public,2026-06-08T09:01:06.147322+00:00,banking_index
2023-09-07,VNFIN,1487.56,1500.65,1479.98,1485.44,301720100,vndirect_dchart_public,2026-06-08T09:01:06.147325+00:00,banking_index
2023-09-08,VNFIN,1483.29,1489.6,1477.39,1478.84,217964700,vndirect_dchart_public,2026-06-08T09:01:06.147329+00:00,banking_index
2023-09-11,VNFIN,1481.35,1490.47,1457.49,1458.35,384212800,vndirect_dchart_public,2026-06-08T09:01:06.147333+00:00,banking_index
2023-09-12,VNFIN,1458.38,1492.92,1454.33,1492.92,279554400,vndirect_dchart_public,2026-06-08T09:01:06.147337+00:00,banking_index
2023-09-13,VNFIN,1497.1,1500.63,1477.63,1486.86,306470200,vndirect_dchart_public,2026-06-08T09:01:06.147341+00:00,banking_index
2023-09-14,VNFIN,1486.94,1502.51,1475.9,1480.91,332258600,vndirect_dchart_public,2026-06-08T09:01:06.147344+00:00,banking_index
2023-09-15,VNFIN,1483.02,1498.49,1482.68,1488.68,288928300,vndirect_dchart_public,2026-06-08T09:01:06.147348+00:00,banking_index
2023-09-18,VNFIN,1483.58,1485.38,1457.92,1467.02,262985600,vndirect_dchart_public,2026-06-08T09:01:06.147352+00:00,banking_index
2023-09-19,VNFIN,1467.44,1473.15,1450.79,1463.18,278865700,vndirect_dchart_public,2026-06-08T09:01:06.147357+00:00,banking_index
2023-09-20,VNFIN,1464.79,1480.98,1460.38,1477.35,242625700,vndirect_dchart_public,2026-06-08T09:01:06.147361+00:00,banking_index
2023-09-21,VNFIN,1475.84,1478.54,1454.6,1454.6,298839900,vndirect_dchart_public,2026-06-08T09:01:06.147364+00:00,banking_index
2023-09-22,VNFIN,1444.42,1444.42,1406.07,1430.39,454366000,vndirect_dchart_public,2026-06-08T09:01:06.147368+00:00,banking_index
2023-09-25,VNFIN,1427.28,1430.2,1375.7,1375.7,321664200,vndirect_dchart_public,2026-06-08T09:01:06.147371+00:00,banking_index
2023-09-26,VNFIN,1377.5,1396.69,1366.98,1366.98,315890900,vndirect_dchart_public,2026-06-08T09:01:06.147375+00:00,banking_index
2023-09-27,VNFIN,1370.59,1392.21,1355.74,1392.21,252671900,vndirect_dchart_public,2026-06-08T09:01:06.147381+00:00,banking_index
2023-09-28,VNFIN,1391.0,1391.0,1361.99,1384.67,238664800,vndirect_dchart_public,2026-06-08T09:01:06.147385+00:00,banking_index
2023-09-29,VNFIN,1390.97,1396.12,1382.46,1388.71,157683300,vndirect_dchart_public,2026-06-08T09:01:06.147388+00:00,banking_index
2023-10-02,VNFIN,1388.13,1394.88,1381.12,1386.56,152001200,vndirect_dchart_public,2026-06-08T09:01:06.147392+00:00,banking_index
2023-10-03,VNFIN,1374.82,1376.69,1337.51,1340.69,308429200,vndirect_dchart_public,2026-06-08T09:01:06.147396+00:00,banking_index
2023-10-04,VNFIN,1337.49,1364.47,1325.89,1352.8,222965500,vndirect_dchart_public,2026-06-08T09:01:06.147400+00:00,banking_index
2023-10-05,VNFIN,1355.73,1359.72,1336.21,1336.21,153978600,vndirect_dchart_public,2026-06-08T09:01:06.147403+00:00,banking_index
2023-10-06,VNFIN,1337.8,1359.84,1332.33,1358.14,201824800,vndirect_dchart_public,2026-06-08T09:01:06.147407+00:00,banking_index
2023-10-09,VNFIN,1358.07,1373.68,1353.44,1373.68,175919600,vndirect_dchart_public,2026-06-08T09:01:06.147411+00:00,banking_index
2023-10-10,VNFIN,1376.04,1389.09,1376.04,1383.32,197850400,vndirect_dchart_public,2026-06-08T09:01:06.147414+00:00,banking_index
2023-10-11,VNFIN,1385.38,1396.01,1376.37,1396.01,156067500,vndirect_dchart_public,2026-06-08T09:01:06.147417+00:00,banking_index
2023-10-12,VNFIN,1396.61,1401.19,1389.44,1393.57,165167200,vndirect_dchart_public,2026-06-08T09:01:06.147421+00:00,banking_index
2023-10-13,VNFIN,1383.54,1394.39,1377.2,1392.04,174855400,vndirect_dchart_public,2026-06-08T09:01:06.147425+00:00,banking_index
2023-10-16,VNFIN,1389.02,1390.5,1371.01,1374.98,201631100,vndirect_dchart_public,2026-06-08T09:01:06.147429+00:00,banking_index
2023-10-17,VNFIN,1380.09,1385.64,1364.51,1364.51,168608700,vndirect_dchart_public,2026-06-08T09:01:06.147432+00:00,banking_index
2023-10-18,VNFIN,1366.0,1370.97,1331.16,1349.99,286745200,vndirect_dchart_public,2026-06-08T09:01:06.147437+00:00,banking_index
2023-10-19,VNFIN,1350.13,1350.81,1322.85,1322.85,196673000,vndirect_dchart_public,2026-06-08T09:01:06.147441+00:00,banking_index
2023-10-20,VNFIN,1322.37,1351.39,1315.72,1348.15,206676300,vndirect_dchart_public,2026-06-08T09:01:06.147445+00:00,banking_index
2023-10-23,VNFIN,1347.1,1349.38,1325.82,1334.06,149111500,vndirect_dchart_public,2026-06-08T09:01:06.147448+00:00,banking_index
2023-10-24,VNFIN,1338.02,1359.04,1333.91,1352.55,138113100,vndirect_dchart_public,2026-06-08T09:01:06.147453+00:00,banking_index
2023-10-25,VNFIN,1354.36,1360.91,1345.07,1345.68,132883200,vndirect_dchart_public,2026-06-08T09:01:06.147457+00:00,banking_index
2023-10-26,VNFIN,1327.5,1329.09,1278.2,1290.95,384123200,vndirect_dchart_public,2026-06-08T09:01:06.147460+00:00,banking_index
2023-10-27,VNFIN,1301.76,1314.43,1287.19,1310.14,186822100,vndirect_dchart_public,2026-06-08T09:01:06.147464+00:00,banking_index
2023-10-30,VNFIN,1305.41,1307.29,1277.04,1277.04,146542400,vndirect_dchart_public,2026-06-08T09:01:06.147468+00:00,banking_index
2023-10-31,VNFIN,1277.52,1284.72,1262.77,1270.1,230399500,vndirect_dchart_public,2026-06-08T09:01:06.147471+00:00,banking_index
2023-11-01,VNFIN,1270.58,1289.73,1269.62,1288.22,200119600,vndirect_dchart_public,2026-06-08T09:01:06.147475+00:00,banking_index
2023-11-02,VNFIN,1289.14,1331.94,1289.14,1331.94,233240100,vndirect_dchart_public,2026-06-08T09:01:06.147478+00:00,banking_index
2023-11-03,VNFIN,1332.43,1341.41,1325.52,1328.4,242661600,vndirect_dchart_public,2026-06-08T09:01:06.147483+00:00,banking_index
2023-11-06,VNFIN,1339.18,1354.03,1337.73,1352.93,193039200,vndirect_dchart_public,2026-06-08T09:01:06.147488+00:00,banking_index
2023-11-07,VNFIN,1348.18,1352.2,1337.27,1337.27,162601800,vndirect_dchart_public,2026-06-08T09:01:06.147491+00:00,banking_index
2023-11-08,VNFIN,1337.85,1384.9,1333.07,1384.9,272661900,vndirect_dchart_public,2026-06-08T09:01:06.147495+00:00,banking_index
2023-11-09,VNFIN,1383.9,1387.61,1369.02,1369.02,293918700,vndirect_dchart_public,2026-06-08T09:01:06.147499+00:00,banking_index
2023-11-10,VNFIN,1357.67,1371.69,1352.23,1352.23,264960900,vndirect_dchart_public,2026-06-08T09:01:06.147502+00:00,banking_index
2023-11-13,VNFIN,1352.45,1357.15,1337.63,1349.38,206161600,vndirect_dchart_public,2026-06-08T09:01:06.147506+00:00,banking_index
2023-11-14,VNFIN,1356.05,1386.27,1356.05,1373.89,290729700,vndirect_dchart_public,2026-06-08T09:01:06.147510+00:00,banking_index
2023-11-15,VNFIN,1386.82,1402.45,1384.95,1389.0,307417300,vndirect_dchart_public,2026-06-08T09:01:06.147513+00:00,banking_index
2023-11-16,VNFIN,1384.53,1392.62,1378.8,1392.62,193216300,vndirect_dchart_public,2026-06-08T09:01:06.147518+00:00,banking_index
2023-11-17,VNFIN,1395.44,1397.29,1350.45,1358.68,325842200,vndirect_dchart_public,2026-06-08T09:01:06.147522+00:00,banking_index
2023-11-20,VNFIN,1344.46,1373.32,1334.46,1363.79,268344100,vndirect_dchart_public,2026-06-08T09:01:06.147526+00:00,banking_index
2023-11-21,VNFIN,1365.11,1377.38,1362.58,1369.49,186219000,vndirect_dchart_public,2026-06-08T09:01:06.147531+00:00,banking_index
2023-11-22,VNFIN,1369.08,1374.93,1359.58,1374.93,228581200,vndirect_dchart_public,2026-06-08T09:01:06.147535+00:00,banking_index
2023-11-23,VNFIN,1377.22,1380.96,1339.25,1339.25,264301300,vndirect_dchart_public,2026-06-08T09:01:06.147538+00:00,banking_index
2023-11-24,VNFIN,1343.96,1346.22,1320.33,1346.22,264313700,vndirect_dchart_public,2026-06-08T09:01:06.147542+00:00,banking_index
2023-11-27,VNFIN,1344.86,1346.01,1325.41,1325.41,157631300,vndirect_dchart_public,2026-06-08T09:01:06.147546+00:00,banking_index
2023-11-28,VNFIN,1326.0,1337.6,1309.59,1337.36,189788500,vndirect_dchart_public,2026-06-08T09:01:06.147549+00:00,banking_index
2023-11-29,VNFIN,1338.79,1347.29,1334.63,1339.62,151720800,vndirect_dchart_public,2026-06-08T09:01:06.147553+00:00,banking_index
2023-11-30,VNFIN,1338.87,1349.04,1332.55,1332.55,197224800,vndirect_dchart_public,2026-06-08T09:01:06.147557+00:00,banking_index
2023-12-01,VNFIN,1339.67,1342.13,1324.82,1341.26,165834100,vndirect_dchart_public,2026-06-08T09:01:06.147560+00:00,banking_index
2023-12-04,VNFIN,1349.23,1372.22,1347.97,1366.42,367602600,vndirect_dchart_public,2026-06-08T09:01:06.147564+00:00,banking_index
2023-12-05,VNFIN,1367.83,1368.93,1352.05,1356.08,199154000,vndirect_dchart_public,2026-06-08T09:01:06.147568+00:00,banking_index
2023-12-06,VNFIN,1357.81,1370.63,1356.16,1370.04,222429100,vndirect_dchart_public,2026-06-08T09:01:06.147572+00:00,banking_index
2023-12-07,VNFIN,1370.76,1382.56,1356.16,1374.3,442486000,vndirect_dchart_public,2026-06-08T09:01:06.147575+00:00,banking_index
2023-12-08,VNFIN,1374.14,1379.66,1365.92,1372.31,196810100,vndirect_dchart_public,2026-06-08T09:01:06.147579+00:00,banking_index
2023-12-11,VNFIN,1373.5,1374.38,1358.57,1366.94,205063300,vndirect_dchart_public,2026-06-08T09:01:06.147583+00:00,banking_index
2023-12-12,VNFIN,1369.5,1371.45,1361.08,1369.25,141398900,vndirect_dchart_public,2026-06-08T09:01:06.147586+00:00,banking_index
2023-12-13,VNFIN,1372.19,1373.8,1351.78,1352.29,219788800,vndirect_dchart_public,2026-06-08T09:01:06.147590+00:00,banking_index
2023-12-14,VNFIN,1356.44,1361.39,1345.9,1347.35,183589500,vndirect_dchart_public,2026-06-08T09:01:06.147593+00:00,banking_index
2023-12-15,VNFIN,1347.42,1355.49,1342.89,1343.88,202518600,vndirect_dchart_public,2026-06-08T09:01:06.147597+00:00,banking_index
2023-12-18,VNFIN,1345.12,1345.9,1325.35,1328.25,169522400,vndirect_dchart_public,2026-06-08T09:01:06.147604+00:00,banking_index
2023-12-19,VNFIN,1325.14,1338.35,1317.05,1338.35,174699900,vndirect_dchart_public,2026-06-08T09:01:06.147607+00:00,banking_index
2023-12-20,VNFIN,1338.77,1341.48,1330.5,1340.2,140117100,vndirect_dchart_public,2026-06-08T09:01:06.147611+00:00,banking_index
2023-12-21,VNFIN,1335.72,1340.18,1330.62,1339.0,122057800,vndirect_dchart_public,2026-06-08T09:01:06.147615+00:00,banking_index
2023-12-22,VNFIN,1338.71,1347.16,1335.81,1341.6,172181000,vndirect_dchart_public,2026-06-08T09:01:06.147619+00:00,banking_index
2023-12-25,VNFIN,1345.33,1356.57,1343.41,1354.29,151748800,vndirect_dchart_public,2026-06-08T09:01:06.147622+00:00,banking_index
2023-12-26,VNFIN,1355.08,1358.35,1349.41,1356.03,154622100,vndirect_dchart_public,2026-06-08T09:01:06.147626+00:00,banking_index
2023-12-27,VNFIN,1358.4,1362.94,1356.97,1358.39,163965000,vndirect_dchart_public,2026-06-08T09:01:06.147630+00:00,banking_index
2023-12-28,VNFIN,1359.3,1373.63,1356.09,1373.45,163515400,vndirect_dchart_public,2026-06-08T09:01:06.147633+00:00,banking_index
2023-12-29,VNFIN,1376.51,1386.38,1375.4,1382.79,195740200,vndirect_dchart_public,2026-06-08T09:01:06.147637+00:00,banking_index
2024-01-02,VNFIN,1389.37,1399.62,1384.16,1387.54,270502500,vndirect_dchart_public,2026-06-08T09:01:06.147640+00:00,banking_index
2024-01-03,VNFIN,1387.82,1407.11,1381.99,1407.11,207454900,vndirect_dchart_public,2026-06-08T09:01:06.147644+00:00,banking_index
2024-01-04,VNFIN,1408.91,1450.39,1408.91,1429.54,514970200,vndirect_dchart_public,2026-06-08T09:01:06.147648+00:00,banking_index
2024-01-05,VNFIN,1430.41,1441.93,1426.69,1438.56,266905700,vndirect_dchart_public,2026-06-08T09:01:06.147651+00:00,banking_index
2024-01-08,VNFIN,1443.04,1452.44,1438.44,1447.31,275139500,vndirect_dchart_public,2026-06-08T09:01:06.147655+00:00,banking_index
2024-01-09,VNFIN,1447.56,1450.51,1441.15,1447.16,257828500,vndirect_dchart_public,2026-06-08T09:01:06.147659+00:00,banking_index
2024-01-10,VNFIN,1447.86,1465.64,1444.32,1459.29,398189200,vndirect_dchart_public,2026-06-08T09:01:06.147663+00:00,banking_index
2024-01-11,VNFIN,1463.46,1478.59,1455.21,1463.49,347162300,vndirect_dchart_public,2026-06-08T09:01:06.147666+00:00,banking_index
2024-01-12,VNFIN,1460.13,1478.37,1443.1,1472.73,437150600,vndirect_dchart_public,2026-06-08T09:01:06.147670+00:00,banking_index
2024-01-15,VNFIN,1478.41,1484.7,1461.35,1461.35,236074100,vndirect_dchart_public,2026-06-08T09:01:06.147674+00:00,banking_index
2024-01-16,VNFIN,1456.54,1468.27,1451.22,1468.27,219371200,vndirect_dchart_public,2026-06-08T09:01:06.147687+00:00,banking_index
2024-01-17,VNFIN,1467.52,1481.18,1463.5,1465.52,308259000,vndirect_dchart_public,2026-06-08T09:01:06.147691+00:00,banking_index
2024-01-18,VNFIN,1468.94,1477.23,1464.9,1474.86,209526400,vndirect_dchart_public,2026-06-08T09:01:06.147696+00:00,banking_index
2024-01-19,VNFIN,1479.73,1490.2,1479.4,1490.2,262629000,vndirect_dchart_public,2026-06-08T09:01:06.147700+00:00,banking_index
2024-01-22,VNFIN,1497.02,1502.43,1484.62,1494.83,252426200,vndirect_dchart_public,2026-06-08T09:01:06.147703+00:00,banking_index
2024-01-23,VNFIN,1498.61,1501.73,1486.75,1489.79,223838900,vndirect_dchart_public,2026-06-08T09:01:06.147713+00:00,banking_index
2024-01-24,VNFIN,1487.42,1500.26,1485.23,1486.78,278048700,vndirect_dchart_public,2026-06-08T09:01:06.147716+00:00,banking_index
2024-01-25,VNFIN,1489.61,1489.79,1480.25,1484.0,161685900,vndirect_dchart_public,2026-06-08T09:01:06.147720+00:00,banking_index
2024-01-26,VNFIN,1487.22,1495.24,1486.85,1493.63,164061600,vndirect_dchart_public,2026-06-08T09:01:06.147723+00:00,banking_index
2024-01-29,VNFIN,1495.72,1498.72,1489.81,1489.88,166196500,vndirect_dchart_public,2026-06-08T09:01:06.147727+00:00,banking_index
2024-01-30,VNFIN,1489.16,1495.38,1487.32,1494.53,168639100,vndirect_dchart_public,2026-06-08T09:01:06.147731+00:00,banking_index
2024-01-31,VNFIN,1497.31,1498.78,1468.48,1472.31,451450200,vndirect_dchart_public,2026-06-08T09:01:06.147734+00:00,banking_index
2024-02-01,VNFIN,1470.5,1480.1,1465.63,1472.87,168332100,vndirect_dchart_public,2026-06-08T09:01:06.147738+00:00,banking_index
2024-02-02,VNFIN,1473.56,1479.54,1467.36,1469.83,269130500,vndirect_dchart_public,2026-06-08T09:01:06.147742+00:00,banking_index
2024-02-05,VNFIN,1472.4,1516.14,1472.4,1511.15,326340600,vndirect_dchart_public,2026-06-08T09:01:06.147745+00:00,banking_index
2024-02-06,VNFIN,1514.39,1522.89,1512.03,1515.4,193736500,vndirect_dchart_public,2026-06-08T09:01:06.147749+00:00,banking_index
2024-02-07,VNFIN,1518.07,1540.36,1518.07,1538.13,267920500,vndirect_dchart_public,2026-06-08T09:01:06.147752+00:00,banking_index
2024-02-15,VNFIN,1538.95,1566.13,1538.95,1550.34,350437900,vndirect_dchart_public,2026-06-08T09:01:06.147756+00:00,banking_index
2024-02-16,VNFIN,1556.9,1556.9,1540.56,1548.83,251349000,vndirect_dchart_public,2026-06-08T09:01:06.147759+00:00,banking_index
2024-02-19,VNFIN,1551.39,1552.97,1535.51,1552.11,329001900,vndirect_dchart_public,2026-06-08T09:01:06.147764+00:00,banking_index
2024-02-20,VNFIN,1551.23,1555.86,1542.5,1551.54,292006200,vndirect_dchart_public,2026-06-08T09:01:06.147768+00:00,banking_index
2024-02-21,VNFIN,1552.33,1565.56,1545.29,1559.23,344350200,vndirect_dchart_public,2026-06-08T09:01:06.147772+00:00,banking_index
2024-02-22,VNFIN,1559.25,1560.87,1551.03,1557.26,265513200,vndirect_dchart_public,2026-06-08T09:01:06.147775+00:00,banking_index
2024-02-23,VNFIN,1557.78,1589.64,1538.07,1538.28,565056800,vndirect_dchart_public,2026-06-08T09:01:06.147779+00:00,banking_index
2024-02-26,VNFIN,1539.58,1554.59,1534.32,1551.23,320020400,vndirect_dchart_public,2026-06-08T09:01:06.147782+00:00,banking_index
2024-02-27,VNFIN,1557.33,1563.42,1549.37,1562.98,311051600,vndirect_dchart_public,2026-06-08T09:01:06.147786+00:00,banking_index
2024-02-28,VNFIN,1567.87,1586.46,1560.37,1586.46,324875700,vndirect_dchart_public,2026-06-08T09:01:06.147790+00:00,banking_index
2024-02-29,VNFIN,1589.21,1600.52,1574.91,1585.02,381271100,vndirect_dchart_public,2026-06-08T09:01:06.147794+00:00,banking_index
2024-03-01,VNFIN,1586.78,1587.6,1572.66,1585.5,322364100,vndirect_dchart_public,2026-06-08T09:01:06.147797+00:00,banking_index
2024-03-04,VNFIN,1592.19,1593.59,1574.21,1583.89,314934000,vndirect_dchart_public,2026-06-08T09:01:06.147801+00:00,banking_index
2024-03-05,VNFIN,1584.85,1595.74,1575.47,1595.74,273748100,vndirect_dchart_public,2026-06-08T09:01:06.147805+00:00,banking_index
2024-03-06,VNFIN,1595.54,1609.22,1578.46,1586.31,316608400,vndirect_dchart_public,2026-06-08T09:01:06.147808+00:00,banking_index
2024-03-07,VNFIN,1586.63,1593.31,1582.08,1587.0,343786000,vndirect_dchart_public,2026-06-08T09:01:06.147812+00:00,banking_index
2024-03-08,VNFIN,1588.06,1592.19,1550.97,1550.97,518819700,vndirect_dchart_public,2026-06-08T09:01:06.147815+00:00,banking_index
2024-03-11,VNFIN,1551.34,1554.23,1524.42,1529.94,329723800,vndirect_dchart_public,2026-06-08T09:01:06.147819+00:00,banking_index
2024-03-12,VNFIN,1527.95,1538.5,1524.39,1535.29,266044900,vndirect_dchart_public,2026-06-08T09:01:06.147822+00:00,banking_index
2024-03-13,VNFIN,1539.48,1572.77,1534.75,1572.77,304289300,vndirect_dchart_public,2026-06-08T09:01:06.147826+00:00,banking_index
2024-03-14,VNFIN,1572.95,1576.81,1548.37,1555.19,324665800,vndirect_dchart_public,2026-06-08T09:01:06.147829+00:00,banking_index
2024-03-15,VNFIN,1553.42,1566.07,1538.2,1558.35,312400800,vndirect_dchart_public,2026-06-08T09:01:06.147832+00:00,banking_index
2024-03-18,VNFIN,1557.55,1561.27,1501.82,1523.91,491080600,vndirect_dchart_public,2026-06-08T09:01:06.147837+00:00,banking_index
2024-03-19,VNFIN,1523.5,1529.62,1512.71,1522.0,218826500,vndirect_dchart_public,2026-06-08T09:01:06.147841+00:00,banking_index
2024-03-20,VNFIN,1524.03,1565.19,1514.7,1564.12,329321200,vndirect_dchart_public,2026-06-08T09:01:06.147844+00:00,banking_index
2024-03-21,VNFIN,1574.37,1595.66,1569.69,1595.66,364112600,vndirect_dchart_public,2026-06-08T09:01:06.147848+00:00,banking_index
2024-03-22,VNFIN,1603.93,1621.94,1591.17,1601.5,405594400,vndirect_dchart_public,2026-06-08T09:01:06.147851+00:00,banking_index
2024-03-25,VNFIN,1600.75,1608.42,1579.05,1584.47,372197000,vndirect_dchart_public,2026-06-08T09:01:06.147855+00:00,banking_index
2024-03-26,VNFIN,1583.09,1611.19,1579.25,1611.19,324535500,vndirect_dchart_public,2026-06-08T09:01:06.147859+00:00,banking_index
2024-03-27,VNFIN,1611.55,1616.51,1598.36,1609.42,229901600,vndirect_dchart_public,2026-06-08T09:01:06.147862+00:00,banking_index
2024-03-28,VNFIN,1616.06,1634.95,1609.42,1630.69,338015200,vndirect_dchart_public,2026-06-08T09:01:06.147865+00:00,banking_index
2024-03-29,VNFIN,1632.12,1632.59,1619.17,1624.64,266237500,vndirect_dchart_public,2026-06-08T09:01:06.147870+00:00,banking_index
2024-04-01,VNFIN,1618.45,1622.92,1602.66,1616.1,271412500,vndirect_dchart_public,2026-06-08T09:01:06.147874+00:00,banking_index
2024-04-02,VNFIN,1605.54,1611.84,1587.41,1611.84,384441000,vndirect_dchart_public,2026-06-08T09:01:06.147878+00:00,banking_index
2024-04-03,VNFIN,1608.68,1613.7,1588.18,1588.7,309015400,vndirect_dchart_public,2026-06-08T09:01:06.147881+00:00,banking_index
2024-04-04,VNFIN,1589.45,1594.66,1575.17,1575.17,272331700,vndirect_dchart_public,2026-06-08T09:01:06.147886+00:00,banking_index
2024-04-05,VNFIN,1562.02,1569.05,1554.18,1556.89,306554400,vndirect_dchart_public,2026-06-08T09:01:06.147889+00:00,banking_index
2024-04-08,VNFIN,1555.45,1564.96,1547.12,1556.86,261137700,vndirect_dchart_public,2026-06-08T09:01:06.147893+00:00,banking_index
2024-04-09,VNFIN,1559.02,1577.45,1552.1,1577.45,202556100,vndirect_dchart_public,2026-06-08T09:01:06.147897+00:00,banking_index
2024-04-10,VNFIN,1584.5,1588.92,1570.68,1570.68,200562100,vndirect_dchart_public,2026-06-08T09:01:06.147901+00:00,banking_index
2024-04-11,VNFIN,1568.62,1572.93,1556.98,1566.74,185305700,vndirect_dchart_public,2026-06-08T09:01:06.147904+00:00,banking_index
2024-04-12,VNFIN,1567.4,1608.65,1566.8,1607.56,279770200,vndirect_dchart_public,2026-06-08T09:01:06.147909+00:00,banking_index
2024-04-15,VNFIN,1606.21,1618.21,1527.16,1527.16,485850000,vndirect_dchart_public,2026-06-08T09:01:06.147912+00:00,banking_index
2024-04-16,VNFIN,1527.58,1542.0,1505.49,1536.44,426071100,vndirect_dchart_public,2026-06-08T09:01:06.147916+00:00,banking_index
2024-04-17,VNFIN,1536.75,1544.08,1504.3,1504.81,275034700,vndirect_dchart_public,2026-06-08T09:01:06.147919+00:00,banking_index
2024-04-19,VNFIN,1499.7,1508.43,1471.24,1486.82,369308400,vndirect_dchart_public,2026-06-08T09:01:06.147923+00:00,banking_index
2024-04-22,VNFIN,1499.89,1521.55,1499.74,1514.21,235557900,vndirect_dchart_public,2026-06-08T09:01:06.147927+00:00,banking_index
2024-04-23,VNFIN,1514.07,1524.77,1492.31,1506.06,270325100,vndirect_dchart_public,2026-06-08T09:01:06.147930+00:00,banking_index
2024-04-24,VNFIN,1518.33,1541.71,1515.67,1538.61,240194300,vndirect_dchart_public,2026-06-08T09:01:06.147934+00:00,banking_index
2024-04-25,VNFIN,1539.68,1539.68,1519.91,1528.24,163656200,vndirect_dchart_public,2026-06-08T09:01:06.147937+00:00,banking_index
2024-04-26,VNFIN,1519.44,1538.5,1518.29,1533.21,191407700,vndirect_dchart_public,2026-06-08T09:01:06.147941+00:00,banking_index
2024-05-02,VNFIN,1536.31,1537.59,1521.45,1529.02,150721000,vndirect_dchart_public,2026-06-08T09:01:06.147944+00:00,banking_index
2024-05-03,VNFIN,1532.74,1548.75,1531.32,1538.75,179375900,vndirect_dchart_public,2026-06-08T09:01:06.147948+00:00,banking_index
2024-05-06,VNFIN,1547.84,1562.74,1543.31,1562.74,230120500,vndirect_dchart_public,2026-06-08T09:01:06.147955+00:00,banking_index
2024-05-07,VNFIN,1567.92,1568.2,1554.05,1560.68,156501000,vndirect_dchart_public,2026-06-08T09:01:06.147959+00:00,banking_index
2024-05-08,VNFIN,1553.85,1565.51,1545.06,1557.71,250986400,vndirect_dchart_public,2026-06-08T09:01:06.147962+00:00,banking_index
2024-05-09,VNFIN,1562.98,1568.04,1546.02,1554.91,193352000,vndirect_dchart_public,2026-06-08T09:01:06.147965+00:00,banking_index
2024-05-10,VNFIN,1558.82,1559.05,1543.12,1551.65,162897400,vndirect_dchart_public,2026-06-08T09:01:06.147969+00:00,banking_index
2024-05-13,VNFIN,1555.51,1556.69,1541.54,1547.61,176358500,vndirect_dchart_public,2026-06-08T09:01:06.147972+00:00,banking_index
2024-05-14,VNFIN,1553.49,1562.99,1546.75,1549.47,158443900,vndirect_dchart_public,2026-06-08T09:01:06.147975+00:00,banking_index
2024-05-15,VNFIN,1555.96,1567.38,1552.05,1559.66,238212400,vndirect_dchart_public,2026-06-08T09:01:06.147979+00:00,banking_index
2024-05-16,VNFIN,1575.01,1597.73,1570.32,1596.03,314245000,vndirect_dchart_public,2026-06-08T09:01:06.147983+00:00,banking_index
2024-05-17,VNFIN,1599.2,1607.2,1593.19,1602.72,275986900,vndirect_dchart_public,2026-06-08T09:01:06.147987+00:00,banking_index
2024-05-20,VNFIN,1614.85,1622.16,1609.77,1611.86,326159500,vndirect_dchart_public,2026-06-08T09:01:06.147990+00:00,banking_index
2024-05-21,VNFIN,1606.87,1608.22,1586.48,1601.13,262214800,vndirect_dchart_public,2026-06-08T09:01:06.147993+00:00,banking_index
2024-05-22,VNFIN,1596.49,1600.13,1575.45,1576.82,310205700,vndirect_dchart_public,2026-06-08T09:01:06.147997+00:00,banking_index
2024-05-23,VNFIN,1574.02,1586.44,1561.09,1586.44,252696200,vndirect_dchart_public,2026-06-08T09:01:06.148000+00:00,banking_index
2024-05-24,VNFIN,1586.03,1605.83,1555.88,1569.47,423861900,vndirect_dchart_public,2026-06-08T09:01:06.148004+00:00,banking_index
2024-05-27,VNFIN,1572.95,1576.62,1560.9,1572.71,181660300,vndirect_dchart_public,2026-06-08T09:01:06.148007+00:00,banking_index
2024-05-28,VNFIN,1580.34,1590.5,1572.74,1590.5,245712000,vndirect_dchart_public,2026-06-08T09:01:06.148011+00:00,banking_index
2024-05-29,VNFIN,1595.22,1596.01,1578.96,1581.0,278401400,vndirect_dchart_public,2026-06-08T09:01:06.148014+00:00,banking_index
2024-05-30,VNFIN,1576.53,1576.53,1555.19,1573.54,288628400,vndirect_dchart_public,2026-06-08T09:01:06.148017+00:00,banking_index
2024-05-31,VNFIN,1572.67,1575.86,1564.58,1565.71,175086100,vndirect_dchart_public,2026-06-08T09:01:06.148021+00:00,banking_index
2024-06-03,VNFIN,1579.41,1601.18,1577.71,1594.04,281127300,vndirect_dchart_public,2026-06-08T09:01:06.148024+00:00,banking_index
2024-06-04,VNFIN,1602.82,1602.82,1589.98,1592.67,216563400,vndirect_dchart_public,2026-06-08T09:01:06.148027+00:00,banking_index
2024-06-05,VNFIN,1594.67,1602.09,1587.22,1587.22,224762700,vndirect_dchart_public,2026-06-08T09:01:06.148031+00:00,banking_index
2024-06-06,VNFIN,1592.78,1605.56,1588.74,1596.63,268820900,vndirect_dchart_public,2026-06-08T09:01:06.148034+00:00,banking_index
2024-06-07,VNFIN,1598.88,1614.45,1596.23,1602.7,163849700,vndirect_dchart_public,2026-06-08T09:01:06.148037+00:00,banking_index
2024-06-10,VNFIN,1609.92,1618.18,1598.63,1605.07,230250600,vndirect_dchart_public,2026-06-08T09:01:06.148041+00:00,banking_index
2024-06-11,VNFIN,1612.42,1615.48,1596.23,1601.94,266332600,vndirect_dchart_public,2026-06-08T09:01:06.148044+00:00,banking_index
2024-06-12,VNFIN,1602.55,1629.33,1596.6,1628.88,327576100,vndirect_dchart_public,2026-06-08T09:01:06.148184+00:00,banking_index
2024-06-13,VNFIN,1629.11,1644.67,1628.74,1639.12,353982800,vndirect_dchart_public,2026-06-08T09:01:06.148188+00:00,banking_index
2024-06-14,VNFIN,1645.04,1648.65,1613.09,1613.09,328443600,vndirect_dchart_public,2026-06-08T09:01:06.148192+00:00,banking_index
2024-06-17,VNFIN,1614.65,1615.33,1598.42,1607.11,255141800,vndirect_dchart_public,2026-06-08T09:01:06.148195+00:00,banking_index
2024-06-18,VNFIN,1613.68,1619.7,1605.61,1605.61,212098600,vndirect_dchart_public,2026-06-08T09:01:06.148200+00:00,banking_index
2024-06-19,VNFIN,1610.04,1613.04,1594.33,1608.67,255293700,vndirect_dchart_public,2026-06-08T09:01:06.148203+00:00,banking_index
2024-06-20,VNFIN,1610.91,1621.28,1601.08,1614.68,291178700,vndirect_dchart_public,2026-06-08T09:01:06.148208+00:00,banking_index
2024-06-21,VNFIN,1618.41,1618.95,1606.14,1611.54,233835800,vndirect_dchart_public,2026-06-08T09:01:06.148211+00:00,banking_index
2024-06-24,VNFIN,1611.51,1614.94,1565.06,1568.74,377925500,vndirect_dchart_public,2026-06-08T09:01:06.148215+00:00,banking_index
2024-06-25,VNFIN,1570.69,1576.08,1561.2,1571.01,164017500,vndirect_dchart_public,2026-06-08T09:01:06.148218+00:00,banking_index
2024-06-26,VNFIN,1571.16,1574.84,1552.62,1570.87,178418700,vndirect_dchart_public,2026-06-08T09:01:06.148222+00:00,banking_index
2024-06-27,VNFIN,1568.32,1568.53,1556.24,1563.79,147921700,vndirect_dchart_public,2026-06-08T09:01:06.148225+00:00,banking_index
2024-06-28,VNFIN,1565.15,1566.63,1539.74,1551.26,215088600,vndirect_dchart_public,2026-06-08T09:01:06.148229+00:00,banking_index
2024-07-01,VNFIN,1549.98,1557.56,1542.71,1556.65,129223200,vndirect_dchart_public,2026-06-08T09:01:06.148232+00:00,banking_index
2024-07-02,VNFIN,1563.64,1581.96,1560.34,1581.61,166128300,vndirect_dchart_public,2026-06-08T09:01:06.148236+00:00,banking_index
2024-07-03,VNFIN,1581.61,1598.41,1581.57,1596.31,155952500,vndirect_dchart_public,2026-06-08T09:01:06.148239+00:00,banking_index
2024-07-04,VNFIN,1599.03,1605.14,1588.37,1599.79,153256600,vndirect_dchart_public,2026-06-08T09:01:06.148243+00:00,banking_index
2024-07-05,VNFIN,1599.82,1605.41,1592.81,1605.41,167893000,vndirect_dchart_public,2026-06-08T09:01:06.148246+00:00,banking_index
2024-07-08,VNFIN,1608.38,1609.26,1594.67,1601.64,158283100,vndirect_dchart_public,2026-06-08T09:01:06.148249+00:00,banking_index
2024-07-09,VNFIN,1601.2,1617.44,1595.53,1615.07,227782800,vndirect_dchart_public,2026-06-08T09:01:06.148253+00:00,banking_index
2024-07-10,VNFIN,1618.87,1620.12,1604.06,1604.06,184574400,vndirect_dchart_public,2026-06-08T09:01:06.148257+00:00,banking_index
2024-07-11,VNFIN,1608.91,1613.94,1600.61,1601.31,193424100,vndirect_dchart_public,2026-06-08T09:01:06.148261+00:00,banking_index
2024-07-12,VNFIN,1597.46,1602.86,1587.03,1591.13,144104500,vndirect_dchart_public,2026-06-08T09:01:06.148264+00:00,banking_index
2024-07-15,VNFIN,1591.11,1597.1,1583.89,1588.7,122981800,vndirect_dchart_public,2026-06-08T09:01:06.148268+00:00,banking_index
2024-07-16,VNFIN,1589.14,1609.12,1589.14,1597.31,191756500,vndirect_dchart_public,2026-06-08T09:01:06.148271+00:00,banking_index
2024-07-17,VNFIN,1605.66,1645.53,1595.52,1614.25,420594500,vndirect_dchart_public,2026-06-08T09:01:06.148275+00:00,banking_index
2024-07-18,VNFIN,1615.82,1621.58,1595.34,1620.6,202971000,vndirect_dchart_public,2026-06-08T09:01:06.148278+00:00,banking_index
2024-07-19,VNFIN,1620.6,1635.27,1610.41,1619.09,341064500,vndirect_dchart_public,2026-06-08T09:01:06.148281+00:00,banking_index
2024-07-22,VNFIN,1614.43,1629.35,1597.7,1613.07,311283300,vndirect_dchart_public,2026-06-08T09:01:06.148285+00:00,banking_index
2024-07-23,VNFIN,1616.69,1620.88,1571.3,1574.67,277102000,vndirect_dchart_public,2026-06-08T09:01:06.148288+00:00,banking_index
2024-07-24,VNFIN,1568.25,1584.29,1555.21,1578.19,238959700,vndirect_dchart_public,2026-06-08T09:01:06.148291+00:00,banking_index
2024-07-25,VNFIN,1568.99,1570.83,1554.17,1564.01,145776500,vndirect_dchart_public,2026-06-08T09:01:06.148295+00:00,banking_index
2024-07-26,VNFIN,1565.31,1567.9,1558.31,1567.23,129747700,vndirect_dchart_public,2026-06-08T09:01:06.148298+00:00,banking_index
2024-07-29,VNFIN,1571.21,1578.32,1568.09,1569.43,121505100,vndirect_dchart_public,2026-06-08T09:01:06.148314+00:00,banking_index
2024-07-30,VNFIN,1567.59,1572.24,1557.67,1568.59,168955700,vndirect_dchart_public,2026-06-08T09:01:06.148318+00:00,banking_index
2024-07-31,VNFIN,1570.99,1586.79,1570.99,1583.78,217607700,vndirect_dchart_public,2026-06-08T09:01:06.148323+00:00,banking_index
2024-08-01,VNFIN,1587.3,1591.1,1543.57,1551.67,279601100,vndirect_dchart_public,2026-06-08T09:01:06.148326+00:00,banking_index
2024-08-02,VNFIN,1547.74,1566.03,1528.37,1566.03,238057500,vndirect_dchart_public,2026-06-08T09:01:06.148330+00:00,banking_index
2024-08-05,VNFIN,1545.04,1548.25,1496.84,1500.33,333411300,vndirect_dchart_public,2026-06-08T09:01:06.148333+00:00,banking_index
2024-08-06,VNFIN,1516.45,1534.32,1499.46,1528.75,201096700,vndirect_dchart_public,2026-06-08T09:01:06.148338+00:00,banking_index
2024-08-07,VNFIN,1532.78,1532.78,1512.25,1520.72,141752400,vndirect_dchart_public,2026-06-08T09:01:06.148341+00:00,banking_index
2024-08-08,VNFIN,1511.09,1523.99,1500.36,1506.57,197399400,vndirect_dchart_public,2026-06-08T09:01:06.148345+00:00,banking_index
2024-08-09,VNFIN,1517.85,1533.35,1514.3,1530.33,185427100,vndirect_dchart_public,2026-06-08T09:01:06.148348+00:00,banking_index
2024-08-12,VNFIN,1534.12,1543.3,1525.76,1543.3,142110800,vndirect_dchart_public,2026-06-08T09:01:06.148351+00:00,banking_index
2024-08-13,VNFIN,1540.8,1543.96,1532.13,1538.9,144563800,vndirect_dchart_public,2026-06-08T09:01:06.148355+00:00,banking_index
2024-08-14,VNFIN,1544.81,1545.26,1532.88,1533.75,121521000,vndirect_dchart_public,2026-06-08T09:01:06.148358+00:00,banking_index
2024-08-15,VNFIN,1533.72,1537.1,1525.61,1531.26,120559500,vndirect_dchart_public,2026-06-08T09:01:06.148362+00:00,banking_index
2024-08-16,VNFIN,1533.29,1571.63,1533.29,1571.63,305928500,vndirect_dchart_public,2026-06-08T09:01:06.148365+00:00,banking_index
2024-08-19,VNFIN,1578.81,1585.26,1572.61,1582.24,187497200,vndirect_dchart_public,2026-06-08T09:01:06.148368+00:00,banking_index
2024-08-20,VNFIN,1583.45,1594.53,1580.05,1588.42,243647500,vndirect_dchart_public,2026-06-08T09:01:06.148372+00:00,banking_index
2024-08-21,VNFIN,1586.39,1605.94,1582.03,1605.9,269217300,vndirect_dchart_public,2026-06-08T09:01:06.148375+00:00,banking_index
2024-08-22,VNFIN,1608.47,1612.79,1602.86,1610.18,197983200,vndirect_dchart_public,2026-06-08T09:01:06.148378+00:00,banking_index
2024-08-23,VNFIN,1612.59,1617.73,1600.74,1613.14,214293400,vndirect_dchart_public,2026-06-08T09:01:06.148382+00:00,banking_index
2024-08-26,VNFIN,1616.68,1622.1,1609.04,1614.08,264902900,vndirect_dchart_public,2026-06-08T09:01:06.148385+00:00,banking_index
2024-08-27,VNFIN,1612.64,1615.95,1604.59,1608.3,185239300,vndirect_dchart_public,2026-06-08T09:01:06.148388+00:00,banking_index
2024-08-28,VNFIN,1612.23,1617.2,1605.17,1613.84,216898900,vndirect_dchart_public,2026-06-08T09:01:06.148392+00:00,banking_index
2024-08-29,VNFIN,1615.58,1631.93,1615.58,1617.66,277692500,vndirect_dchart_public,2026-06-08T09:01:06.148395+00:00,banking_index
2024-08-30,VNFIN,1620.23,1624.25,1617.74,1623.58,177670400,vndirect_dchart_public,2026-06-08T09:01:06.148400+00:00,banking_index
2024-09-04,VNFIN,1611.83,1611.83,1596.99,1600.53,200493200,vndirect_dchart_public,2026-06-08T09:01:06.148403+00:00,banking_index
2024-09-05,VNFIN,1601.47,1605.84,1584.18,1589.02,189514900,vndirect_dchart_public,2026-06-08T09:01:06.148408+00:00,banking_index
2024-09-06,VNFIN,1588.09,1592.43,1581.78,1591.79,172203200,vndirect_dchart_public,2026-06-08T09:01:06.148412+00:00,banking_index
2024-09-09,VNFIN,1586.59,1587.38,1577.61,1582.17,131741100,vndirect_dchart_public,2026-06-08T09:01:06.148415+00:00,banking_index
2024-09-10,VNFIN,1585.27,1587.92,1561.02,1563.91,198592200,vndirect_dchart_public,2026-06-08T09:01:06.148419+00:00,banking_index
2024-09-11,VNFIN,1561.33,1567.35,1553.11,1560.2,143154300,vndirect_dchart_public,2026-06-08T09:01:06.148422+00:00,banking_index
2024-09-12,VNFIN,1567.43,1571.8,1562.56,1564.99,141858300,vndirect_dchart_public,2026-06-08T09:01:06.148425+00:00,banking_index
2024-09-13,VNFIN,1566.93,1569.02,1560.97,1564.22,125495100,vndirect_dchart_public,2026-06-08T09:01:06.148429+00:00,banking_index
2024-09-16,VNFIN,1564.87,1573.93,1553.58,1553.76,148467600,vndirect_dchart_public,2026-06-08T09:01:06.148432+00:00,banking_index
2024-09-17,VNFIN,1555.37,1579.65,1552.93,1579.65,130163000,vndirect_dchart_public,2026-06-08T09:01:06.148437+00:00,banking_index
2024-09-18,VNFIN,1581.61,1598.63,1576.8,1589.7,255967900,vndirect_dchart_public,2026-06-08T09:01:06.148445+00:00,banking_index
2024-09-19,VNFIN,1595.43,1600.33,1590.09,1599.33,170372800,vndirect_dchart_public,2026-06-08T09:01:06.148448+00:00,banking_index
2024-09-20,VNFIN,1608.62,1625.45,1608.59,1615.0,394020200,vndirect_dchart_public,2026-06-08T09:01:06.148451+00:00,banking_index
2024-09-23,VNFIN,1618.21,1627.8,1610.23,1610.73,184019200,vndirect_dchart_public,2026-06-08T09:01:06.148454+00:00,banking_index
2024-09-24,VNFIN,1611.58,1627.82,1607.83,1627.82,212891200,vndirect_dchart_public,2026-06-08T09:01:06.148457+00:00,banking_index
2024-09-25,VNFIN,1638.9,1652.66,1633.49,1652.66,408261700,vndirect_dchart_public,2026-06-08T09:01:06.148460+00:00,banking_index
2024-09-26,VNFIN,1656.0,1682.65,1650.71,1669.06,473452900,vndirect_dchart_public,2026-06-08T09:01:06.148463+00:00,banking_index
2024-09-27,VNFIN,1675.42,1694.14,1670.54,1678.0,430260000,vndirect_dchart_public,2026-06-08T09:01:06.148466+00:00,banking_index
2024-09-30,VNFIN,1677.98,1688.02,1671.64,1682.08,302611600,vndirect_dchart_public,2026-06-08T09:01:06.148470+00:00,banking_index
2024-10-01,VNFIN,1683.47,1703.26,1682.81,1686.0,430861500,vndirect_dchart_public,2026-06-08T09:01:06.148473+00:00,banking_index
2024-10-02,VNFIN,1681.32,1693.78,1675.39,1682.96,308943200,vndirect_dchart_public,2026-06-08T09:01:06.148477+00:00,banking_index
2024-10-03,VNFIN,1686.14,1714.45,1676.92,1679.23,474020800,vndirect_dchart_public,2026-06-08T09:01:06.148480+00:00,banking_index
2024-10-04,VNFIN,1679.7,1681.49,1663.24,1663.24,260615400,vndirect_dchart_public,2026-06-08T09:01:06.148483+00:00,banking_index
2024-10-07,VNFIN,1673.65,1676.86,1658.05,1670.34,234570400,vndirect_dchart_public,2026-06-08T09:01:06.148486+00:00,banking_index
2024-10-08,VNFIN,1673.07,1688.22,1671.11,1676.96,314055000,vndirect_dchart_public,2026-06-08T09:01:06.148489+00:00,banking_index
2024-10-09,VNFIN,1678.46,1694.1,1676.18,1692.92,309699500,vndirect_dchart_public,2026-06-08T09:01:06.148492+00:00,banking_index
2024-10-10,VNFIN,1698.32,1713.71,1688.24,1689.72,331028100,vndirect_dchart_public,2026-06-08T09:01:06.148495+00:00,banking_index
2024-10-11,VNFIN,1689.61,1692.29,1679.37,1690.13,191743400,vndirect_dchart_public,2026-06-08T09:01:06.148499+00:00,banking_index
2024-10-14,VNFIN,1690.91,1699.95,1679.5,1682.03,291079300,vndirect_dchart_public,2026-06-08T09:01:06.148502+00:00,banking_index
2024-10-15,VNFIN,1682.65,1695.34,1674.77,1677.48,281296900,vndirect_dchart_public,2026-06-08T09:01:06.148505+00:00,banking_index
2024-10-16,VNFIN,1675.53,1677.69,1666.72,1670.64,203693200,vndirect_dchart_public,2026-06-08T09:01:06.148508+00:00,banking_index
2024-10-17,VNFIN,1675.0,1688.62,1661.94,1688.62,277355500,vndirect_dchart_public,2026-06-08T09:01:06.148511+00:00,banking_index
2024-10-18,VNFIN,1696.33,1706.84,1686.84,1690.98,324728900,vndirect_dchart_public,2026-06-08T09:01:06.148514+00:00,banking_index
2024-10-21,VNFIN,1688.54,1695.99,1681.38,1681.38,255982000,vndirect_dchart_public,2026-06-08T09:01:06.148517+00:00,banking_index
2024-10-22,VNFIN,1681.17,1687.48,1663.55,1670.73,346582700,vndirect_dchart_public,2026-06-08T09:01:06.148520+00:00,banking_index
2024-10-23,VNFIN,1670.14,1676.44,1657.59,1673.76,215919300,vndirect_dchart_public,2026-06-08T09:01:06.148523+00:00,banking_index
2024-10-24,VNFIN,1674.6,1678.47,1643.86,1643.86,275129100,vndirect_dchart_public,2026-06-08T09:01:06.148526+00:00,banking_index
2024-10-25,VNFIN,1648.8,1650.29,1635.63,1639.48,216930100,vndirect_dchart_public,2026-06-08T09:01:06.148529+00:00,banking_index
2024-10-28,VNFIN,1639.16,1646.27,1636.14,1643.55,169502700,vndirect_dchart_public,2026-06-08T09:01:06.148532+00:00,banking_index
2024-10-29,VNFIN,1644.56,1655.92,1644.56,1652.95,173590100,vndirect_dchart_public,2026-06-08T09:01:06.148535+00:00,banking_index
2024-10-30,VNFIN,1655.02,1658.72,1645.71,1654.56,174272400,vndirect_dchart_public,2026-06-08T09:01:06.148540+00:00,banking_index
2024-10-31,VNFIN,1655.18,1669.95,1650.27,1664.77,185570600,vndirect_dchart_public,2026-06-08T09:01:06.148543+00:00,banking_index
2024-11-01,VNFIN,1660.65,1663.11,1647.24,1647.24,183272000,vndirect_dchart_public,2026-06-08T09:01:06.148553+00:00,banking_index
2024-11-04,VNFIN,1647.84,1650.34,1627.55,1628.8,264453400,vndirect_dchart_public,2026-06-08T09:01:06.148556+00:00,banking_index
2024-11-05,VNFIN,1628.93,1638.26,1628.93,1629.1,118179300,vndirect_dchart_public,2026-06-08T09:01:06.148559+00:00,banking_index
2024-11-06,VNFIN,1630.43,1652.77,1630.43,1651.04,178407800,vndirect_dchart_public,2026-06-08T09:01:06.148562+00:00,banking_index
2024-11-07,VNFIN,1657.85,1660.27,1644.01,1645.69,134636300,vndirect_dchart_public,2026-06-08T09:01:06.148565+00:00,banking_index
2024-11-08,VNFIN,1651.1,1651.1,1625.44,1633.31,177665400,vndirect_dchart_public,2026-06-08T09:01:06.148568+00:00,banking_index
2024-11-11,VNFIN,1633.31,1633.31,1599.09,1610.27,291543800,vndirect_dchart_public,2026-06-08T09:01:06.148572+00:00,banking_index
2024-11-12,VNFIN,1613.47,1620.83,1599.47,1605.68,174041400,vndirect_dchart_public,2026-06-08T09:01:06.148575+00:00,banking_index
2024-11-13,VNFIN,1602.03,1606.91,1584.67,1606.58,226507600,vndirect_dchart_public,2026-06-08T09:01:06.148578+00:00,banking_index
2024-11-14,VNFIN,1601.11,1603.89,1578.99,1580.66,187103100,vndirect_dchart_public,2026-06-08T09:01:06.148582+00:00,banking_index
2024-11-15,VNFIN,1576.1,1576.78,1558.02,1561.22,264342600,vndirect_dchart_public,2026-06-08T09:01:06.148585+00:00,banking_index
2024-11-18,VNFIN,1559.21,1579.12,1546.28,1566.29,233508300,vndirect_dchart_public,2026-06-08T09:01:06.148588+00:00,banking_index
2024-11-19,VNFIN,1566.17,1570.2,1550.62,1552.33,139609000,vndirect_dchart_public,2026-06-08T09:01:06.148591+00:00,banking_index
2024-11-20,VNFIN,1551.19,1576.82,1544.53,1569.34,196169600,vndirect_dchart_public,2026-06-08T09:01:06.148594+00:00,banking_index
2024-11-21,VNFIN,1569.12,1589.4,1562.93,1589.4,156457200,vndirect_dchart_public,2026-06-08T09:01:06.148598+00:00,banking_index
2024-11-22,VNFIN,1589.53,1593.88,1584.24,1587.18,153749800,vndirect_dchart_public,2026-06-08T09:01:06.148601+00:00,banking_index
2024-11-25,VNFIN,1587.93,1595.43,1584.8,1591.49,123400400,vndirect_dchart_public,2026-06-08T09:01:06.148604+00:00,banking_index
2024-11-26,VNFIN,1593.26,1609.69,1592.73,1600.76,161873800,vndirect_dchart_public,2026-06-08T09:01:06.148608+00:00,banking_index
2024-11-27,VNFIN,1598.6,1605.3,1595.53,1601.56,97993700,vndirect_dchart_public,2026-06-08T09:01:06.148611+00:00,banking_index
2024-11-28,VNFIN,1608.46,1614.86,1598.97,1603.25,148689000,vndirect_dchart_public,2026-06-08T09:01:06.148614+00:00,banking_index
2024-11-29,VNFIN,1602.39,1611.92,1597.99,1610.01,135875900,vndirect_dchart_public,2026-06-08T09:01:06.148617+00:00,banking_index
2024-12-02,VNFIN,1617.36,1622.14,1607.49,1614.13,113706400,vndirect_dchart_public,2026-06-08T09:01:06.148620+00:00,banking_index
2024-12-03,VNFIN,1614.8,1617.42,1606.63,1612.58,166771500,vndirect_dchart_public,2026-06-08T09:01:06.148624+00:00,banking_index
2024-12-04,VNFIN,1607.61,1609.73,1596.64,1599.96,165160500,vndirect_dchart_public,2026-06-08T09:01:06.148627+00:00,banking_index
2024-12-05,VNFIN,1599.54,1647.73,1593.19,1647.73,336119800,vndirect_dchart_public,2026-06-08T09:01:06.148630+00:00,banking_index
2024-12-06,VNFIN,1646.72,1652.28,1641.57,1646.42,222541300,vndirect_dchart_public,2026-06-08T09:01:06.148633+00:00,banking_index
2024-12-09,VNFIN,1645.82,1655.57,1639.4,1650.74,193079300,vndirect_dchart_public,2026-06-08T09:01:06.148636+00:00,banking_index
2024-12-10,VNFIN,1650.1,1654.08,1644.49,1647.9,154770100,vndirect_dchart_public,2026-06-08T09:01:06.148639+00:00,banking_index
2024-12-11,VNFIN,1647.96,1655.88,1638.84,1648.37,205751300,vndirect_dchart_public,2026-06-08T09:01:06.148642+00:00,banking_index
2024-12-12,VNFIN,1648.85,1661.31,1647.2,1649.15,195062200,vndirect_dchart_public,2026-06-08T09:01:06.148646+00:00,banking_index
2024-12-13,VNFIN,1648.48,1649.49,1641.76,1644.41,142561100,vndirect_dchart_public,2026-06-08T09:01:06.148649+00:00,banking_index
2024-12-16,VNFIN,1645.02,1650.34,1635.05,1644.18,141160900,vndirect_dchart_public,2026-06-08T09:01:06.148652+00:00,banking_index
2024-12-17,VNFIN,1645.87,1646.64,1637.16,1641.8,109027700,vndirect_dchart_public,2026-06-08T09:01:06.148656+00:00,banking_index
2024-12-18,VNFIN,1642.59,1646.81,1638.52,1645.62,107830800,vndirect_dchart_public,2026-06-08T09:01:06.148659+00:00,banking_index
2024-12-19,VNFIN,1644.84,1644.84,1615.96,1624.26,258660500,vndirect_dchart_public,2026-06-08T09:01:06.148662+00:00,banking_index
2024-12-20,VNFIN,1625.65,1628.8,1619.27,1624.58,150305900,vndirect_dchart_public,2026-06-08T09:01:06.148665+00:00,banking_index
2024-12-23,VNFIN,1629.74,1638.2,1629.29,1632.3,112367500,vndirect_dchart_public,2026-06-08T09:01:06.148668+00:00,banking_index
2024-12-24,VNFIN,1633.56,1633.56,1620.46,1632.75,133051100,vndirect_dchart_public,2026-06-08T09:01:06.148672+00:00,banking_index
2024-12-25,VNFIN,1632.86,1679.14,1632.86,1662.73,279018700,vndirect_dchart_public,2026-06-08T09:01:06.148675+00:00,banking_index
2024-12-26,VNFIN,1665.85,1669.3,1660.7,1665.9,167165900,vndirect_dchart_public,2026-06-08T09:01:06.148678+00:00,banking_index
2024-12-27,VNFIN,1666.83,1686.17,1666.83,1685.82,246330200,vndirect_dchart_public,2026-06-08T09:01:06.148681+00:00,banking_index
2024-12-30,VNFIN,1687.76,1689.44,1674.23,1689.44,158537400,vndirect_dchart_public,2026-06-08T09:01:06.148684+00:00,banking_index
2024-12-31,VNFIN,1687.15,1687.83,1674.01,1681.24,159094400,vndirect_dchart_public,2026-06-08T09:01:06.148688+00:00,banking_index
2025-01-02,VNFIN,1680.13,1682.56,1664.6,1675.21,135267700,vndirect_dchart_public,2026-06-08T09:01:06.148691+00:00,banking_index
2025-01-03,VNFIN,1673.63,1673.63,1640.53,1640.53,198921700,vndirect_dchart_public,2026-06-08T09:01:06.148695+00:00,banking_index
2025-01-06,VNFIN,1640.42,1648.44,1628.56,1633.42,175519100,vndirect_dchart_public,2026-06-08T09:01:06.148698+00:00,banking_index
2025-01-07,VNFIN,1638.76,1648.43,1630.69,1638.43,166654500,vndirect_dchart_public,2026-06-08T09:01:06.148701+00:00,banking_index
2025-01-08,VNFIN,1636.3,1643.5,1629.85,1643.17,133486300,vndirect_dchart_public,2026-06-08T09:01:06.148704+00:00,banking_index
2025-01-09,VNFIN,1643.03,1644.84,1628.16,1630.37,105217700,vndirect_dchart_public,2026-06-08T09:01:06.148707+00:00,banking_index
2025-01-10,VNFIN,1630.31,1631.5,1604.28,1604.28,200055900,vndirect_dchart_public,2026-06-08T09:01:06.148710+00:00,banking_index
2025-01-13,VNFIN,1596.03,1616.15,1591.64,1616.15,173886500,vndirect_dchart_public,2026-06-08T09:01:06.148713+00:00,banking_index
2025-01-14,VNFIN,1612.66,1617.25,1600.95,1605.93,113357100,vndirect_dchart_public,2026-06-08T09:01:06.148716+00:00,banking_index
2025-01-15,VNFIN,1612.84,1619.92,1609.22,1617.02,121672300,vndirect_dchart_public,2026-06-08T09:01:06.148719+00:00,banking_index
2025-01-16,VNFIN,1625.48,1635.69,1615.68,1626.71,171688900,vndirect_dchart_public,2026-06-08T09:01:06.148722+00:00,banking_index
2025-01-17,VNFIN,1626.42,1641.3,1621.4,1641.3,109782100,vndirect_dchart_public,2026-06-08T09:01:06.148725+00:00,banking_index
2025-01-20,VNFIN,1642.69,1649.1,1641.33,1646.06,148491300,vndirect_dchart_public,2026-06-08T09:01:06.148728+00:00,banking_index
2025-01-21,VNFIN,1651.75,1656.13,1638.5,1644.37,141709300,vndirect_dchart_public,2026-06-08T09:01:06.148733+00:00,banking_index
2025-01-22,VNFIN,1649.71,1655.85,1644.71,1645.38,150859100,vndirect_dchart_public,2026-06-08T09:01:06.148736+00:00,banking_index
2025-01-23,VNFIN,1645.72,1689.65,1645.72,1682.64,228642000,vndirect_dchart_public,2026-06-08T09:01:06.148739+00:00,banking_index
2025-01-24,VNFIN,1682.99,1692.49,1680.71,1692.21,183866800,vndirect_dchart_public,2026-06-08T09:01:06.148743+00:00,banking_index
2025-02-03,VNFIN,1681.77,1681.77,1664.24,1669.23,183356400,vndirect_dchart_public,2026-06-08T09:01:06.148746+00:00,banking_index
2025-02-04,VNFIN,1677.34,1691.98,1673.42,1691.84,231265100,vndirect_dchart_public,2026-06-08T09:01:06.148750+00:00,banking_index
2025-02-05,VNFIN,1696.14,1702.03,1691.64,1699.34,177866400,vndirect_dchart_public,2026-06-08T09:01:06.148754+00:00,banking_index
2025-02-06,VNFIN,1707.09,1718.83,1705.39,1710.47,235946000,vndirect_dchart_public,2026-06-08T09:01:06.148757+00:00,banking_index
2025-02-07,VNFIN,1711.65,1729.25,1704.84,1718.9,208001300,vndirect_dchart_public,2026-06-08T09:01:06.148760+00:00,banking_index
2025-02-10,VNFIN,1714.05,1731.88,1702.21,1719.97,278994000,vndirect_dchart_public,2026-06-08T09:01:06.148763+00:00,banking_index
2025-02-11,VNFIN,1724.07,1730.46,1720.62,1728.15,232668400,vndirect_dchart_public,2026-06-08T09:01:06.148766+00:00,banking_index
2025-02-12,VNFIN,1732.43,1738.42,1724.53,1724.89,169371000,vndirect_dchart_public,2026-06-08T09:01:06.148769+00:00,banking_index
2025-02-13,VNFIN,1723.88,1732.46,1718.82,1731.72,149029300,vndirect_dchart_public,2026-06-08T09:01:06.148772+00:00,banking_index
2025-02-14,VNFIN,1733.97,1747.66,1732.31,1735.3,239056000,vndirect_dchart_public,2026-06-08T09:01:06.148775+00:00,banking_index
2025-02-17,VNFIN,1736.65,1744.6,1730.99,1735.12,337548200,vndirect_dchart_public,2026-06-08T09:01:06.148778+00:00,banking_index
2025-02-18,VNFIN,1736.74,1752.57,1732.84,1737.54,252838700,vndirect_dchart_public,2026-06-08T09:01:06.148781+00:00,banking_index
2025-02-19,VNFIN,1739.06,1752.57,1735.59,1748.89,247393400,vndirect_dchart_public,2026-06-08T09:01:06.148784+00:00,banking_index
2025-02-20,VNFIN,1754.39,1758.23,1748.11,1754.32,278294900,vndirect_dchart_public,2026-06-08T09:01:06.148787+00:00,banking_index
2025-02-21,VNFIN,1754.69,1763.07,1751.92,1760.5,271420200,vndirect_dchart_public,2026-06-08T09:01:06.148790+00:00,banking_index
2025-02-24,VNFIN,1757.72,1774.57,1753.4,1774.57,304137200,vndirect_dchart_public,2026-06-08T09:01:06.148793+00:00,banking_index
2025-02-25,VNFIN,1778.61,1783.63,1766.95,1771.92,371691100,vndirect_dchart_public,2026-06-08T09:01:06.148798+00:00,banking_index
2025-02-26,VNFIN,1774.01,1776.58,1766.25,1766.25,295856500,vndirect_dchart_public,2026-06-08T09:01:06.148801+00:00,banking_index
2025-02-27,VNFIN,1770.49,1771.87,1751.79,1768.61,282745800,vndirect_dchart_public,2026-06-08T09:01:06.148804+00:00,banking_index
2025-02-28,VNFIN,1765.7,1767.48,1753.2,1760.65,273464200,vndirect_dchart_public,2026-06-08T09:01:06.148807+00:00,banking_index
2025-03-03,VNFIN,1760.64,1765.87,1753.65,1762.36,380894400,vndirect_dchart_public,2026-06-08T09:01:06.148810+00:00,banking_index
2025-03-04,VNFIN,1756.41,1775.98,1742.3,1774.07,421453200,vndirect_dchart_public,2026-06-08T09:01:06.148813+00:00,banking_index
2025-03-05,VNFIN,1775.88,1794.51,1767.09,1767.09,342107500,vndirect_dchart_public,2026-06-08T09:01:06.148816+00:00,banking_index
2025-03-06,VNFIN,1773.89,1787.6,1769.92,1787.6,442517200,vndirect_dchart_public,2026-06-08T09:01:06.148819+00:00,banking_index
2025-03-07,VNFIN,1791.41,1804.54,1784.39,1797.48,365671800,vndirect_dchart_public,2026-06-08T09:01:06.148822+00:00,banking_index
2025-03-10,VNFIN,1805.43,1816.21,1791.66,1797.67,371621800,vndirect_dchart_public,2026-06-08T09:01:06.148825+00:00,banking_index
2025-03-11,VNFIN,1781.68,1804.18,1776.8,1804.18,346686800,vndirect_dchart_public,2026-06-08T09:01:06.148828+00:00,banking_index
2025-03-12,VNFIN,1811.57,1814.66,1796.24,1804.42,403315100,vndirect_dchart_public,2026-06-08T09:01:06.148831+00:00,banking_index
2025-03-13,VNFIN,1805.68,1806.06,1779.58,1782.83,378869800,vndirect_dchart_public,2026-06-08T09:01:06.148834+00:00,banking_index
2025-03-14,VNFIN,1781.44,1793.06,1778.79,1787.95,389708800,vndirect_dchart_public,2026-06-08T09:01:06.148837+00:00,banking_index
2025-03-17,VNFIN,1795.08,1810.05,1793.77,1807.28,400595400,vndirect_dchart_public,2026-06-08T09:01:06.148840+00:00,banking_index
2025-03-18,VNFIN,1813.54,1815.88,1798.04,1800.87,335271500,vndirect_dchart_public,2026-06-08T09:01:06.148843+00:00,banking_index
2025-03-19,VNFIN,1798.35,1800.19,1789.23,1794.88,362750600,vndirect_dchart_public,2026-06-08T09:01:06.148846+00:00,banking_index
2025-03-20,VNFIN,1803.01,1808.3,1784.73,1796.75,422994700,vndirect_dchart_public,2026-06-08T09:01:06.148851+00:00,banking_index
2025-03-21,VNFIN,1796.25,1798.01,1785.13,1786.24,350487100,vndirect_dchart_public,2026-06-08T09:01:06.148854+00:00,banking_index
2025-03-24,VNFIN,1787.85,1794.2,1767.49,1794.2,375599200,vndirect_dchart_public,2026-06-08T09:01:06.148858+00:00,banking_index
2025-03-25,VNFIN,1795.0,1802.59,1786.06,1791.4,380037500,vndirect_dchart_public,2026-06-08T09:01:06.148861+00:00,banking_index
2025-03-26,VNFIN,1791.01,1803.19,1775.18,1777.85,332660000,vndirect_dchart_public,2026-06-08T09:01:06.148864+00:00,banking_index
2025-03-27,VNFIN,1776.08,1779.79,1771.1,1771.31,269338400,vndirect_dchart_public,2026-06-08T09:01:06.148867+00:00,banking_index
2025-03-28,VNFIN,1772.15,1775.35,1761.34,1768.25,270541200,vndirect_dchart_public,2026-06-08T09:01:06.148870+00:00,banking_index
2025-03-31,VNFIN,1760.25,1762.67,1753.6,1762.62,302318000,vndirect_dchart_public,2026-06-08T09:01:06.148873+00:00,banking_index
2025-04-01,VNFIN,1768.88,1781.04,1760.45,1781.04,218949900,vndirect_dchart_public,2026-06-08T09:01:06.148876+00:00,banking_index
2025-04-02,VNFIN,1784.97,1790.48,1779.13,1779.13,318187500,vndirect_dchart_public,2026-06-08T09:01:06.148879+00:00,banking_index
2025-04-03,VNFIN,1738.66,1738.66,1658.63,1659.11,851425400,vndirect_dchart_public,2026-06-08T09:01:06.148882+00:00,banking_index
2025-04-04,VNFIN,1637.21,1656.64,1562.67,1656.64,923012300,vndirect_dchart_public,2026-06-08T09:01:06.148885+00:00,banking_index
2025-04-08,VNFIN,1611.92,1619.28,1544.29,1549.08,523342100,vndirect_dchart_public,2026-06-08T09:01:06.148888+00:00,banking_index
2025-04-09,VNFIN,1531.11,1579.35,1463.6,1505.07,759803700,vndirect_dchart_public,2026-06-08T09:01:06.148891+00:00,banking_index
2025-04-10,VNFIN,1608.17,1608.81,1606.73,1608.81,52104500,vndirect_dchart_public,2026-06-08T09:01:06.148894+00:00,banking_index
2025-04-11,VNFIN,1634.15,1684.09,1618.88,1684.09,778207800,vndirect_dchart_public,2026-06-08T09:01:06.148897+00:00,banking_index
2025-04-14,VNFIN,1686.91,1690.67,1671.38,1685.47,411334200,vndirect_dchart_public,2026-06-08T09:01:06.148900+00:00,banking_index
2025-04-15,VNFIN,1668.65,1680.25,1645.24,1657.16,397836700,vndirect_dchart_public,2026-06-08T09:01:06.148904+00:00,banking_index
2025-04-16,VNFIN,1657.97,1670.83,1644.11,1649.4,295355300,vndirect_dchart_public,2026-06-08T09:01:06.148907+00:00,banking_index
2025-04-17,VNFIN,1644.76,1660.3,1640.41,1656.9,302615200,vndirect_dchart_public,2026-06-08T09:01:06.148910+00:00,banking_index
2025-04-18,VNFIN,1670.57,1696.98,1669.68,1676.22,543890700,vndirect_dchart_public,2026-06-08T09:01:06.148913+00:00,banking_index
2025-04-21,VNFIN,1675.45,1683.35,1652.82,1664.34,414137400,vndirect_dchart_public,2026-06-08T09:01:06.148917+00:00,banking_index
2025-04-22,VNFIN,1651.83,1661.3,1559.23,1652.83,812349400,vndirect_dchart_public,2026-06-08T09:01:06.148921+00:00,banking_index
2025-04-23,VNFIN,1666.04,1681.93,1659.82,1666.91,318897700,vndirect_dchart_public,2026-06-08T09:01:06.148924+00:00,banking_index
2025-04-24,VNFIN,1668.63,1674.84,1652.96,1664.39,314458400,vndirect_dchart_public,2026-06-08T09:01:06.148927+00:00,banking_index
2025-04-25,VNFIN,1666.0,1671.52,1647.16,1652.82,358774800,vndirect_dchart_public,2026-06-08T09:01:06.148930+00:00,banking_index
2025-04-28,VNFIN,1654.24,1664.46,1649.47,1661.67,229477200,vndirect_dchart_public,2026-06-08T09:01:06.148933+00:00,banking_index
2025-04-29,VNFIN,1663.5,1670.14,1658.99,1658.99,217374000,vndirect_dchart_public,2026-06-08T09:01:06.148936+00:00,banking_index
2025-05-05,VNFIN,1658.99,2036.72,1040.51,1665.46,229889024,vndirect_dchart_public,2026-06-08T09:01:06.148939+00:00,banking_index
2025-05-06,VNFIN,1674.21,1681.28,1014.03,1664.52,311632118,vndirect_dchart_public,2026-06-08T09:01:06.148942+00:00,banking_index
2025-05-07,VNFIN,1664.52,1676.74,935.17,1663.87,267818547,vndirect_dchart_public,2026-06-08T09:01:06.148945+00:00,banking_index
2025-05-08,VNFIN,1663.87,1687.98,1013.46,1685.25,337487415,vndirect_dchart_public,2026-06-08T09:01:06.148948+00:00,banking_index
2025-05-09,VNFIN,1685.25,1703.62,951.22,1691.04,301670834,vndirect_dchart_public,2026-06-08T09:01:06.148953+00:00,banking_index
2025-05-12,VNFIN,1691.04,1723.97,964.24,1721.96,420466412,vndirect_dchart_public,2026-06-08T09:01:06.148956+00:00,banking_index
2025-05-13,VNFIN,1721.96,1736.08,1721.96,1733.65,430431802,vndirect_dchart_public,2026-06-08T09:01:06.148959+00:00,banking_index
2025-05-14,VNFIN,1733.65,1761.06,1733.65,1760.77,475127200,vndirect_dchart_public,2026-06-08T09:01:06.148962+00:00,banking_index
2025-05-15,VNFIN,1760.77,1787.03,1759.36,1785.61,585368104,vndirect_dchart_public,2026-06-08T09:01:06.148965+00:00,banking_index
2025-05-16,VNFIN,1785.61,1791.61,1756.19,1757.53,398572010,vndirect_dchart_public,2026-06-08T09:01:06.148968+00:00,banking_index
2025-05-19,VNFIN,1757.53,1757.53,1728.79,1730.46,391817620,vndirect_dchart_public,2026-06-08T09:01:06.148972+00:00,banking_index
2025-05-20,VNFIN,1730.46,1757.58,1725.56,1754.74,418207751,vndirect_dchart_public,2026-06-08T09:01:06.148975+00:00,banking_index
2025-05-21,VNFIN,1754.74,1786.18,1742.88,1764.12,471990817,vndirect_dchart_public,2026-06-08T09:01:06.148978+00:00,banking_index
2025-05-22,VNFIN,1764.12,1771.91,1748.18,1750.54,565144567,vndirect_dchart_public,2026-06-08T09:01:06.148982+00:00,banking_index
2025-05-23,VNFIN,1750.54,1757.1,1738.44,1744.99,286166592,vndirect_dchart_public,2026-06-08T09:01:06.148985+00:00,banking_index
2025-05-26,VNFIN,1744.99,1757.94,1711.35,1757.94,404828312,vndirect_dchart_public,2026-06-08T09:01:06.148988+00:00,banking_index
2025-05-27,VNFIN,1757.94,1769.97,1755.32,1761.89,446733224,vndirect_dchart_public,2026-06-08T09:01:06.148991+00:00,banking_index
2025-05-28,VNFIN,1761.89,1772.22,1748.1,1753.86,363974632,vndirect_dchart_public,2026-06-08T09:01:06.148994+00:00,banking_index
2025-05-29,VNFIN,1753.86,1767.55,1751.45,1753.94,381646549,vndirect_dchart_public,2026-06-08T09:01:06.148997+00:00,banking_index
2025-05-30,VNFIN,1753.94,1765.95,1732.86,1736.53,358502942,vndirect_dchart_public,2026-06-08T09:01:06.149000+00:00,banking_index
2025-06-02,VNFIN,1736.53,1753.54,1728.34,1752.42,336789879,vndirect_dchart_public,2026-06-08T09:01:06.149002+00:00,banking_index
2025-06-03,VNFIN,1752.42,1777.84,1752.42,1770.65,523527327,vndirect_dchart_public,2026-06-08T09:01:06.149005+00:00,banking_index
2025-06-04,VNFIN,1770.65,1776.97,1762.89,1764.7,362398457,vndirect_dchart_public,2026-06-08T09:01:06.149008+00:00,banking_index
2025-06-05,VNFIN,1764.7,1771.75,1752.25,1755.29,282114328,vndirect_dchart_public,2026-06-08T09:01:06.149011+00:00,banking_index
2025-06-06,VNFIN,1755.29,1761.09,1735.9,1738.06,363539690,vndirect_dchart_public,2026-06-08T09:01:06.149014+00:00,banking_index
2025-06-09,VNFIN,1738.06,1738.96,1720.16,1722.91,278072242,vndirect_dchart_public,2026-06-08T09:01:06.149017+00:00,banking_index
2025-06-10,VNFIN,1722.91,1749.36,1722.63,1730.9,303445266,vndirect_dchart_public,2026-06-08T09:01:06.149020+00:00,banking_index
2025-06-11,VNFIN,1730.9,1738.74,1726.32,1731.62,207648787,vndirect_dchart_public,2026-06-08T09:01:06.149022+00:00,banking_index
2025-06-12,VNFIN,1731.62,1764.21,1731.62,1759.57,384114171,vndirect_dchart_public,2026-06-08T09:01:06.149025+00:00,banking_index
2025-06-13,VNFIN,1759.57,1770.26,1738.44,1753.13,508886012,vndirect_dchart_public,2026-06-08T09:01:06.149028+00:00,banking_index
2025-06-16,VNFIN,1753.13,1784.4,1747.15,1784.4,336349664,vndirect_dchart_public,2026-06-08T09:01:06.149031+00:00,banking_index
2025-06-17,VNFIN,1784.4,1798.7,1780.67,1791.61,311860344,vndirect_dchart_public,2026-06-08T09:01:06.149034+00:00,banking_index
2025-06-18,VNFIN,1791.61,1804.7,1784.74,1790.8,308888481,vndirect_dchart_public,2026-06-08T09:01:06.149037+00:00,banking_index
2025-06-19,VNFIN,1790.8,1803.77,1786.33,1802.26,255848739,vndirect_dchart_public,2026-06-08T09:01:06.149041+00:00,banking_index
2025-06-20,VNFIN,1802.26,1825.49,1801.74,1807.43,355720076,vndirect_dchart_public,2026-06-08T09:01:06.149045+00:00,banking_index
2025-06-23,VNFIN,1807.43,1807.43,1786.27,1796.95,294438187,vndirect_dchart_public,2026-06-08T09:01:06.149049+00:00,banking_index
2025-06-24,VNFIN,1796.95,1819.66,1796.95,1807.98,429476779,vndirect_dchart_public,2026-06-08T09:01:06.149052+00:00,banking_index
2025-06-25,VNFIN,1807.98,1818.77,1801.61,1804.64,315449013,vndirect_dchart_public,2026-06-08T09:01:06.149055+00:00,banking_index
2025-06-26,VNFIN,1804.64,1815.63,1795.15,1805.88,233824544,vndirect_dchart_public,2026-06-08T09:01:06.149058+00:00,banking_index
2025-06-27,VNFIN,1805.88,1815.56,1801.61,1805.12,293249277,vndirect_dchart_public,2026-06-08T09:01:06.149061+00:00,banking_index
2025-06-30,VNFIN,1805.12,1818.59,1805.12,1812.98,253926560,vndirect_dchart_public,2026-06-08T09:01:06.149065+00:00,banking_index
2025-07-01,VNFIN,1812.98,1821.56,1808.75,1816.9,301274238,vndirect_dchart_public,2026-06-08T09:01:06.149068+00:00,banking_index
2025-07-02,VNFIN,1816.9,1838.01,1816.9,1837.89,458966938,vndirect_dchart_public,2026-06-08T09:01:06.149071+00:00,banking_index
2025-07-03,VNFIN,1837.89,1858.47,1833.33,1840.5,638625894,vndirect_dchart_public,2026-06-08T09:01:06.149074+00:00,banking_index
2025-07-04,VNFIN,1840.5,1852.94,1840.03,1852.29,340754431,vndirect_dchart_public,2026-06-08T09:01:06.149077+00:00,banking_index
2025-07-07,VNFIN,1852.29,1889.53,1852.29,1889.21,700702413,vndirect_dchart_public,2026-06-08T09:01:06.149080+00:00,banking_index
2025-07-08,VNFIN,1889.21,1902.44,1884.3,1900.35,524882995,vndirect_dchart_public,2026-06-08T09:01:06.149083+00:00,banking_index
2025-07-09,VNFIN,1900.35,1932.04,1900.35,1920.14,752042114,vndirect_dchart_public,2026-06-08T09:01:06.149086+00:00,banking_index
2025-07-10,VNFIN,1920.14,1930.6,1913.93,1924.15,443249053,vndirect_dchart_public,2026-06-08T09:01:06.149089+00:00,banking_index
2025-07-11,VNFIN,1924.15,1944.72,1917.05,1935.8,579911681,vndirect_dchart_public,2026-06-08T09:01:06.149092+00:00,banking_index
2025-07-14,VNFIN,1935.8,1947.52,1915.32,1946.73,490732278,vndirect_dchart_public,2026-06-08T09:01:06.149095+00:00,banking_index
2025-07-15,VNFIN,1946.73,1968.67,1940.8,1940.84,641157659,vndirect_dchart_public,2026-06-08T09:01:06.149098+00:00,banking_index
2025-07-16,VNFIN,1940.84,1961.3,1933.45,1958.02,503851950,vndirect_dchart_public,2026-06-08T09:01:06.149101+00:00,banking_index
2025-07-17,VNFIN,1958.02,1970.77,1950.23,1958.26,524638872,vndirect_dchart_public,2026-06-08T09:01:06.149104+00:00,banking_index
2025-07-18,VNFIN,1958.26,1995.26,1952.77,1988.78,591225258,vndirect_dchart_public,2026-06-08T09:01:06.149107+00:00,banking_index
2025-07-21,VNFIN,1988.78,2008.12,1977.48,1993.32,637886291,vndirect_dchart_public,2026-06-08T09:01:06.149110+00:00,banking_index
2025-07-22,VNFIN,1993.32,2019.3,1971.59,2019.3,579914115,vndirect_dchart_public,2026-06-08T09:01:06.149113+00:00,banking_index
2025-07-23,VNFIN,2019.3,2046.34,2019.18,2029.77,652746888,vndirect_dchart_public,2026-06-08T09:01:06.149116+00:00,banking_index
2025-07-24,VNFIN,2029.77,2074.11,2029.77,2054.92,626491584,vndirect_dchart_public,2026-06-08T09:01:06.149119+00:00,banking_index
2025-07-25,VNFIN,2054.92,2086.74,2054.92,2083.28,599032650,vndirect_dchart_public,2026-06-08T09:01:06.149122+00:00,banking_index
2025-07-28,VNFIN,2083.28,2141.58,2083.28,2141.46,745312527,vndirect_dchart_public,2026-06-08T09:01:06.149125+00:00,banking_index
2025-07-29,VNFIN,2141.46,2162.42,2024.55,2026.03,1180166707,vndirect_dchart_public,2026-06-08T09:01:06.149128+00:00,banking_index
2025-07-30,VNFIN,2026.03,2078.51,2012.93,2069.67,806080645,vndirect_dchart_public,2026-06-08T09:01:06.149131+00:00,banking_index
2025-07-31,VNFIN,2069.67,2102.98,2050.09,2081.94,726464957,vndirect_dchart_public,2026-06-08T09:01:06.149134+00:00,banking_index
2025-08-01,VNFIN,2081.94,2104.26,2052.55,2072.15,641085508,vndirect_dchart_public,2026-06-08T09:01:06.149137+00:00,banking_index
2025-08-04,VNFIN,2072.15,2127.57,2055.69,2127.57,587166864,vndirect_dchart_public,2026-06-08T09:01:06.149140+00:00,banking_index
2025-08-05,VNFIN,2127.57,2230.15,2103.5,2159.14,1258150347,vndirect_dchart_public,2026-06-08T09:01:06.149143+00:00,banking_index
2025-08-06,VNFIN,2159.14,2216.05,2159.14,2215.83,601854624,vndirect_dchart_public,2026-06-08T09:01:06.149147+00:00,banking_index
2025-08-07,VNFIN,2215.83,2244.79,2204.2,2240.67,694485779,vndirect_dchart_public,2026-06-08T09:01:06.149150+00:00,banking_index
2025-08-08,VNFIN,2240.67,2265.6,2203.22,2235.62,740374587,vndirect_dchart_public,2026-06-08T09:01:06.149153+00:00,banking_index
2025-08-11,VNFIN,2235.62,2265.88,2228.25,2260.36,695971528,vndirect_dchart_public,2026-06-08T09:01:06.149156+00:00,banking_index
2025-08-12,VNFIN,2269.51,2275.53,2242.23,2274.98,587808968,vndirect_dchart_public,2026-06-08T09:01:06.149159+00:00,banking_index
2025-08-13,VNFIN,2291.77,2301.19,2246.09,2292.06,828519855,vndirect_dchart_public,2026-06-08T09:01:06.149163+00:00,banking_index
2025-08-14,VNFIN,2322.7,2394.5,2292.06,2387.44,888084349,vndirect_dchart_public,2026-06-08T09:01:06.149166+00:00,banking_index
2025-08-15,VNFIN,2435.57,2457.64,2367.76,2384.22,905945408,vndirect_dchart_public,2026-06-08T09:01:06.149169+00:00,banking_index
2025-08-18,VNFIN,2402.47,2417.46,2381.71,2400.03,656067834,vndirect_dchart_public,2026-06-08T09:01:06.149171+00:00,banking_index
2025-08-19,VNFIN,2415.92,2486.44,2400.03,2469.45,791428118,vndirect_dchart_public,2026-06-08T09:01:06.149174+00:00,banking_index
2025-08-20,VNFIN,2481.2,2512.08,2393.05,2504.62,1069111119,vndirect_dchart_public,2026-06-08T09:01:06.149186+00:00,banking_index
2025-08-21,VNFIN,2549.08,2603.49,2504.62,2594.88,862772674,vndirect_dchart_public,2026-06-08T09:01:06.149190+00:00,banking_index
2025-08-22,VNFIN,2585.41,2618.21,2461.44,2492.82,1110136584,vndirect_dchart_public,2026-06-08T09:01:06.149193+00:00,banking_index
2025-08-25,VNFIN,2521.38,2523.53,2368.86,2383.13,798246404,vndirect_dchart_public,2026-06-08T09:01:06.149196+00:00,banking_index
2025-08-26,VNFIN,2376.43,2481.42,2352.07,2481.42,661428776,vndirect_dchart_public,2026-06-08T09:01:06.149199+00:00,banking_index
2025-08-27,VNFIN,2509.55,2551.51,2469.15,2476.64,743542577,vndirect_dchart_public,2026-06-08T09:01:06.149202+00:00,banking_index
2025-08-28,VNFIN,2485.91,2509.94,2450.35,2507.36,625465817,vndirect_dchart_public,2026-06-08T09:01:06.149205+00:00,banking_index
2025-08-29,VNFIN,2529.37,2571.75,2507.36,2538.7,816297859,vndirect_dchart_public,2026-06-08T09:01:06.149207+00:00,banking_index
2025-09-03,VNFIN,2542.85,2563.82,2514.48,2534.09,538000672,vndirect_dchart_public,2026-06-08T09:01:06.149210+00:00,banking_index
2025-09-04,VNFIN,2545.41,2556.8,2525.72,2554.58,536899678,vndirect_dchart_public,2026-06-08T09:01:06.149213+00:00,banking_index
2025-09-05,VNFIN,2577.89,2578.83,2481.88,2484.18,766973517,vndirect_dchart_public,2026-06-08T09:01:06.149216+00:00,banking_index
2025-09-08,VNFIN,2469.41,2484.18,2378.2,2381.23,847865547,vndirect_dchart_public,2026-06-08T09:01:06.149219+00:00,banking_index
2025-09-09,VNFIN,2391.59,2409.05,2357.69,2409.05,471444521,vndirect_dchart_public,2026-06-08T09:01:06.149222+00:00,banking_index
2025-09-10,VNFIN,2432.03,2449.35,2391.2,2414.48,376348482,vndirect_dchart_public,2026-06-08T09:01:06.149225+00:00,banking_index
2025-09-11,VNFIN,2404.67,2427.8,2325.92,2419.57,578809355,vndirect_dchart_public,2026-06-08T09:01:06.149229+00:00,banking_index
2025-09-12,VNFIN,2432.53,2446.87,2403.51,2413.53,325502692,vndirect_dchart_public,2026-06-08T09:01:06.149233+00:00,banking_index
2025-09-15,VNFIN,2422.85,2437.38,2408.41,2437.38,480898267,vndirect_dchart_public,2026-06-08T09:01:06.149236+00:00,banking_index
2025-09-16,VNFIN,2462.6,2474.17,2434.42,2447.16,592865301,vndirect_dchart_public,2026-06-08T09:01:06.149239+00:00,banking_index
2025-09-17,VNFIN,2446.1,2456.1,2412.92,2415.3,344238633,vndirect_dchart_public,2026-06-08T09:01:06.149242+00:00,banking_index
2025-09-18,VNFIN,2421.82,2432.44,2386.41,2405.14,355104534,vndirect_dchart_public,2026-06-08T09:01:06.149245+00:00,banking_index
2025-09-19,VNFIN,2413.47,2417.04,2362.11,2378.99,374949413,vndirect_dchart_public,2026-06-08T09:01:06.149248+00:00,banking_index
2025-09-22,VNFIN,2380.9,2396.11,2319.76,2338.22,501852789,vndirect_dchart_public,2026-06-08T09:01:06.149252+00:00,banking_index
2025-09-23,VNFIN,2343.27,2368.52,2338.22,2347.63,346599859,vndirect_dchart_public,2026-06-08T09:01:06.149254+00:00,banking_index
2025-09-24,VNFIN,2351.88,2414.51,2325.34,2413.89,503687512,vndirect_dchart_public,2026-06-08T09:01:06.149257+00:00,banking_index
2025-09-25,VNFIN,2421.0,2439.81,2397.49,2404.51,315730766,vndirect_dchart_public,2026-06-08T09:01:06.149260+00:00,banking_index
2025-09-26,VNFIN,2404.94,2413.46,2371.43,2378.2,314358504,vndirect_dchart_public,2026-06-08T09:01:06.149263+00:00,banking_index
2025-09-29,VNFIN,2376.92,2386.38,2350.77,2381.47,303559402,vndirect_dchart_public,2026-06-08T09:01:06.149266+00:00,banking_index
2025-09-30,VNFIN,2381.44,2392.02,2351.14,2387.92,373437253,vndirect_dchart_public,2026-06-08T09:01:06.149269+00:00,banking_index
2025-10-01,VNFIN,2395.03,2425.14,2389.57,2418.87,305434463,vndirect_dchart_public,2026-06-08T09:01:06.149272+00:00,banking_index
2025-10-02,VNFIN,2429.21,2449.8,2397.15,2405.24,336238266,vndirect_dchart_public,2026-06-08T09:01:06.149275+00:00,banking_index
2025-10-03,VNFIN,2401.87,2407.96,2373.75,2380.23,302682586,vndirect_dchart_public,2026-06-08T09:01:06.149278+00:00,banking_index
2025-10-06,VNFIN,2415.0,2473.55,2380.23,2473.55,555782558,vndirect_dchart_public,2026-06-08T09:01:06.149281+00:00,banking_index
2025-10-07,VNFIN,2489.75,2506.59,2441.71,2449.1,382337757,vndirect_dchart_public,2026-06-08T09:01:06.149284+00:00,banking_index
2025-10-08,VNFIN,2479.06,2545.04,2445.51,2459.8,487761335,vndirect_dchart_public,2026-06-08T09:01:06.149287+00:00,banking_index
2025-10-09,VNFIN,2466.73,2484.02,2459.72,2479.34,572828900,vndirect_dchart_public,2026-06-08T09:01:06.149290+00:00,banking_index
2025-10-10,VNFIN,2488.72,2510.01,2473.14,2488.22,463455208,vndirect_dchart_public,2026-06-08T09:01:06.149293+00:00,banking_index
2025-10-13,VNFIN,2473.27,2502.32,2442.12,2502.32,534358677,vndirect_dchart_public,2026-06-08T09:01:06.149296+00:00,banking_index
2025-10-14,VNFIN,2520.11,2531.72,2478.3,2488.18,694048699,vndirect_dchart_public,2026-06-08T09:01:06.149299+00:00,banking_index
2025-10-15,VNFIN,2495.92,2532.26,2488.18,2503.4,549771612,vndirect_dchart_public,2026-06-08T09:01:06.149302+00:00,banking_index
2025-10-16,VNFIN,2515.17,2526.6,2483.31,2499.86,438244282,vndirect_dchart_public,2026-06-08T09:01:06.149305+00:00,banking_index
2025-10-17,VNFIN,2505.4,2529.36,2439.89,2449.36,543610697,vndirect_dchart_public,2026-06-08T09:01:06.149308+00:00,banking_index
2025-10-20,VNFIN,2439.93,2453.8,2297.99,2298.68,744091063,vndirect_dchart_public,2026-06-08T09:01:06.149311+00:00,banking_index
2025-10-21,VNFIN,2315.77,2353.6,2261.79,2327.79,723565946,vndirect_dchart_public,2026-06-08T09:01:06.149314+00:00,banking_index
2025-10-22,VNFIN,2353.4,2362.2,2268.61,2335.71,385963318,vndirect_dchart_public,2026-06-08T09:01:06.149317+00:00,banking_index
2025-10-23,VNFIN,2340.65,2355.95,2317.93,2322.56,321261642,vndirect_dchart_public,2026-06-08T09:01:06.149320+00:00,banking_index
2025-10-24,VNFIN,2313.95,2327.18,2266.94,2289.53,484735419,vndirect_dchart_public,2026-06-08T09:01:06.149323+00:00,banking_index
2025-10-27,VNFIN,2305.69,2309.5,2252.41,2254.32,474476969,vndirect_dchart_public,2026-06-08T09:01:06.149326+00:00,banking_index
2025-10-28,VNFIN,2252.33,2307.72,2240.89,2306.79,386657410,vndirect_dchart_public,2026-06-08T09:01:06.149328+00:00,banking_index
2025-10-29,VNFIN,2313.72,2349.04,2306.79,2332.79,395194503,vndirect_dchart_public,2026-06-08T09:01:06.149331+00:00,banking_index
2025-10-30,VNFIN,2340.86,2346.52,2285.15,2294.14,351433169,vndirect_dchart_public,2026-06-08T09:01:06.149334+00:00,banking_index
2025-10-31,VNFIN,2293.41,2307.38,2223.36,2254.64,322811575,vndirect_dchart_public,2026-06-08T09:01:06.149337+00:00,banking_index
2025-11-03,VNFIN,2260.57,2269.39,2191.92,2194.1,448578113,vndirect_dchart_public,2026-06-08T09:01:06.149340+00:00,banking_index
2025-11-04,VNFIN,2194.28,2280.48,2181.43,2272.83,526523694,vndirect_dchart_public,2026-06-08T09:01:06.149343+00:00,banking_index
2025-11-05,VNFIN,2262.78,2282.29,2245.09,2253.41,235168081,vndirect_dchart_public,2026-06-08T09:01:06.149348+00:00,banking_index
2025-11-06,VNFIN,2254.68,2265.45,2212.69,2220.08,240386283,vndirect_dchart_public,2026-06-08T09:01:06.149351+00:00,banking_index
2025-11-07,VNFIN,2216.1,2234.4,2152.2,2156.86,380703618,vndirect_dchart_public,2026-06-08T09:01:06.149354+00:00,banking_index
2025-11-10,VNFIN,2161.68,2185.99,2142.19,2144.27,299643429,vndirect_dchart_public,2026-06-08T09:01:06.149357+00:00,banking_index
2025-11-11,VNFIN,2155.76,2168.37,2131.1,2159.93,279136918,vndirect_dchart_public,2026-06-08T09:01:06.149360+00:00,banking_index
2025-11-12,VNFIN,2170.59,2208.16,2155.98,2207.08,341998943,vndirect_dchart_public,2026-06-08T09:01:06.149363+00:00,banking_index
2025-11-13,VNFIN,2208.39,2220.5,2182.63,2192.64,263484611,vndirect_dchart_public,2026-06-08T09:01:06.149365+00:00,banking_index
2025-11-14,VNFIN,2185.56,2205.36,2176.08,2194.87,278629364,vndirect_dchart_public,2026-06-08T09:01:06.149368+00:00,banking_index
2025-11-17,VNFIN,2202.61,2217.72,2194.87,2217.61,257603414,vndirect_dchart_public,2026-06-08T09:01:06.149371+00:00,banking_index
2025-11-18,VNFIN,2222.97,2230.17,2207.33,2226.94,304603519,vndirect_dchart_public,2026-06-08T09:01:06.149374+00:00,banking_index
2025-11-19,VNFIN,2227.1,2232.94,2197.06,2207.53,298726429,vndirect_dchart_public,2026-06-08T09:01:06.149377+00:00,banking_index
2025-11-20,VNFIN,2212.1,2216.09,2196.2,2208.01,289558578,vndirect_dchart_public,2026-06-08T09:01:06.149380+00:00,banking_index
2025-11-21,VNFIN,2194.65,2212.89,2179.1,2195.13,311208355,vndirect_dchart_public,2026-06-08T09:01:06.149384+00:00,banking_index
2025-11-24,VNFIN,2199.67,2207.7,2182.44,2189.9,220651460,vndirect_dchart_public,2026-06-08T09:01:06.149387+00:00,banking_index
2025-11-25,VNFIN,2191.88,2197.77,2157.83,2163.69,363630849,vndirect_dchart_public,2026-06-08T09:01:06.149390+00:00,banking_index
2025-11-26,VNFIN,2168.56,2203.97,2154.43,2199.15,350704606,vndirect_dchart_public,2026-06-08T09:01:06.149392+00:00,banking_index
2025-11-27,VNFIN,2207.27,2224.18,2199.15,2200.46,307691247,vndirect_dchart_public,2026-06-08T09:01:06.149395+00:00,banking_index
2025-11-28,VNFIN,2201.85,2210.22,2171.05,2187.9,273447691,vndirect_dchart_public,2026-06-08T09:01:06.149399+00:00,banking_index
2025-12-01,VNFIN,2189.42,2192.61,2167.01,2172.22,235488044,vndirect_dchart_public,2026-06-08T09:01:06.149402+00:00,banking_index
2025-12-02,VNFIN,2173.35,2191.58,2157.61,2184.19,307468901,vndirect_dchart_public,2026-06-08T09:01:06.149405+00:00,banking_index
2025-12-03,VNFIN,2192.6,2242.0,2183.89,2234.71,399081956,vndirect_dchart_public,2026-06-08T09:01:06.149409+00:00,banking_index
2025-12-04,VNFIN,2246.16,2267.51,2234.71,2262.51,386426513,vndirect_dchart_public,2026-06-08T09:01:06.149412+00:00,banking_index
2025-12-05,VNFIN,2269.09,2269.09,2222.63,2226.8,301617845,vndirect_dchart_public,2026-06-08T09:01:06.149415+00:00,banking_index
2025-12-08,VNFIN,2225.16,2228.81,2197.48,2201.91,256752142,vndirect_dchart_public,2026-06-08T09:01:06.149417+00:00,banking_index
2025-12-09,VNFIN,2198.2,2198.2,2149.98,2163.19,422154693,vndirect_dchart_public,2026-06-08T09:01:06.149420+00:00,banking_index
2025-12-10,VNFIN,2171.18,2182.68,2164.77,2173.48,223694485,vndirect_dchart_public,2026-06-08T09:01:06.149423+00:00,banking_index
2025-12-11,VNFIN,2177.69,2183.59,2150.23,2155.11,209229016,vndirect_dchart_public,2026-06-08T09:01:06.149426+00:00,banking_index
2025-12-12,VNFIN,2158.06,2160.17,2077.46,2081.8,348909129,vndirect_dchart_public,2026-06-08T09:01:06.149429+00:00,banking_index
2025-12-15,VNFIN,2083.42,2101.41,2067.79,2081.51,259609567,vndirect_dchart_public,2026-06-08T09:01:06.149432+00:00,banking_index
2025-12-16,VNFIN,2084.59,2149.16,2058.07,2145.21,331298200,vndirect_dchart_public,2026-06-08T09:01:06.149435+00:00,banking_index
2025-12-17,VNFIN,2148.01,2152.44,2114.25,2130.59,215836920,vndirect_dchart_public,2026-06-08T09:01:06.149438+00:00,banking_index
2025-12-18,VNFIN,2134.73,2145.66,2120.53,2145.66,249017969,vndirect_dchart_public,2026-06-08T09:01:06.149441+00:00,banking_index
2025-12-19,VNFIN,2149.26,2183.45,2147.74,2164.89,276361832,vndirect_dchart_public,2026-06-08T09:01:06.149445+00:00,banking_index
2025-12-22,VNFIN,2173.41,2221.28,2163.59,2221.27,388860129,vndirect_dchart_public,2026-06-08T09:01:06.149448+00:00,banking_index
2025-12-23,VNFIN,2234.33,2245.65,2200.86,2212.37,352406665,vndirect_dchart_public,2026-06-08T09:01:06.149453+00:00,banking_index
2025-12-24,VNFIN,2216.9,2246.16,2205.93,2242.59,367635689,vndirect_dchart_public,2026-06-08T09:01:06.149456+00:00,banking_index
2025-12-25,VNFIN,2241.14,2261.84,2200.39,2200.39,289076992,vndirect_dchart_public,2026-06-08T09:01:06.149459+00:00,banking_index
2025-12-26,VNFIN,2183.57,2202.56,2143.6,2194.11,417379139,vndirect_dchart_public,2026-06-08T09:01:06.149462+00:00,banking_index
2025-12-29,VNFIN,2201.73,2207.81,2188.79,2200.84,208948712,vndirect_dchart_public,2026-06-08T09:01:06.149464+00:00,banking_index
2025-12-30,VNFIN,2203.97,2219.34,2197.34,2217.78,268662163,vndirect_dchart_public,2026-06-08T09:01:06.149468+00:00,banking_index
2025-12-31,VNFIN,2219.37,2225.87,2191.04,2222.96,278768119,vndirect_dchart_public,2026-06-08T09:01:06.149471+00:00,banking_index
2026-01-05,VNFIN,2219.82,2224.98,2159.78,2188.41,400163533,vndirect_dchart_public,2026-06-08T09:01:06.149473+00:00,banking_index
2026-01-06,VNFIN,2188.72,2224.14,2163.26,2221.8,403386594,vndirect_dchart_public,2026-06-08T09:01:06.149476+00:00,banking_index
2026-01-07,VNFIN,2231.25,2248.94,2223.71,2245.63,458503157,vndirect_dchart_public,2026-06-08T09:01:06.149479+00:00,banking_index
2026-01-08,VNFIN,2252.16,2279.77,2240.51,2252.66,611188652,vndirect_dchart_public,2026-06-08T09:01:06.149482+00:00,banking_index
2026-01-09,VNFIN,2267.18,2286.76,2234.33,2245.58,554779624,vndirect_dchart_public,2026-06-08T09:01:06.149484+00:00,banking_index
2026-01-12,VNFIN,2257.1,2337.32,2253.58,2337.32,682749267,vndirect_dchart_public,2026-06-08T09:01:06.149487+00:00,banking_index
2026-01-13,VNFIN,2354.8,2364.36,2324.71,2336.4,697140027,vndirect_dchart_public,2026-06-08T09:01:06.149490+00:00,banking_index
2026-01-14,VNFIN,2338.55,2358.08,2289.94,2316.11,625355363,vndirect_dchart_public,2026-06-08T09:01:06.149492+00:00,banking_index
2026-01-15,VNFIN,2305.07,2319.52,2278.09,2318.52,581257985,vndirect_dchart_public,2026-06-08T09:01:06.149495+00:00,banking_index
2026-01-16,VNFIN,2335.6,2340.0,2305.74,2311.34,421152213,vndirect_dchart_public,2026-06-08T09:01:06.149498+00:00,banking_index
2026-01-19,VNFIN,2316.17,2333.14,2308.84,2330.27,373490984,vndirect_dchart_public,2026-06-08T09:01:06.149500+00:00,banking_index
2026-01-20,VNFIN,2345.9,2357.99,2307.01,2328.4,459700193,vndirect_dchart_public,2026-06-08T09:01:06.149503+00:00,banking_index
2026-01-21,VNFIN,2314.24,2345.19,2292.99,2318.21,559059235,vndirect_dchart_public,2026-06-08T09:01:06.149506+00:00,banking_index
2026-01-22,VNFIN,2330.24,2361.82,2318.46,2328.66,354586843,vndirect_dchart_public,2026-06-08T09:01:06.149508+00:00,banking_index
2026-01-23,VNFIN,2336.67,2337.31,2311.43,2315.48,386941479,vndirect_dchart_public,2026-06-08T09:01:06.149511+00:00,banking_index
2026-01-26,VNFIN,2316.26,2321.76,2256.09,2265.78,439315393,vndirect_dchart_public,2026-06-08T09:01:06.149514+00:00,banking_index
2026-01-27,VNFIN,2266.47,2274.69,2253.84,2270.71,302608757,vndirect_dchart_public,2026-06-08T09:01:06.149517+00:00,banking_index
2026-01-28,VNFIN,2271.38,2287.8,2246.97,2257.63,353611601,vndirect_dchart_public,2026-06-08T09:01:06.149520+00:00,banking_index
2026-01-29,VNFIN,2269.48,2278.12,2243.31,2253.31,232239465,vndirect_dchart_public,2026-06-08T09:01:06.149524+00:00,banking_index
2026-01-30,VNFIN,2259.24,2284.95,2249.82,2279.11,332416661,vndirect_dchart_public,2026-06-08T09:01:06.149526+00:00,banking_index
2026-02-02,VNFIN,2270.23,2273.9,2234.94,2263.12,334732938,vndirect_dchart_public,2026-06-08T09:01:06.149529+00:00,banking_index
2026-02-03,VNFIN,2279.06,2283.75,2263.2,2265.41,384207203,vndirect_dchart_public,2026-06-08T09:01:06.149532+00:00,banking_index
2026-02-04,VNFIN,2271.31,2279.65,2261.19,2273.01,338837099,vndirect_dchart_public,2026-06-08T09:01:06.149536+00:00,banking_index
2026-02-05,VNFIN,2280.47,2283.37,2239.03,2239.03,267969348,vndirect_dchart_public,2026-06-08T09:01:06.149539+00:00,banking_index
2026-02-06,VNFIN,2228.7,2229.02,2193.29,2201.86,435653148,vndirect_dchart_public,2026-06-08T09:01:06.149542+00:00,banking_index
2026-02-09,VNFIN,2217.66,2222.73,2195.47,2198.02,231108987,vndirect_dchart_public,2026-06-08T09:01:06.149545+00:00,banking_index
2026-02-10,VNFIN,2203.09,2217.37,2174.0,2190.52,322080135,vndirect_dchart_public,2026-06-08T09:01:06.149547+00:00,banking_index
2026-02-11,VNFIN,2200.61,2267.71,2199.38,2257.92,408223521,vndirect_dchart_public,2026-06-08T09:01:06.149550+00:00,banking_index
2026-02-12,VNFIN,2268.73,2271.59,2245.33,2254.56,213199921,vndirect_dchart_public,2026-06-08T09:01:06.149553+00:00,banking_index
2026-02-13,VNFIN,2252.91,2271.85,2247.44,2271.43,259308858,vndirect_dchart_public,2026-06-08T09:01:06.149555+00:00,banking_index
2026-02-23,VNFIN,2282.1,2297.32,2277.91,2296.89,331357649,vndirect_dchart_public,2026-06-08T09:01:06.149558+00:00,banking_index
2026-02-24,VNFIN,2296.31,2307.9,2288.94,2302.01,409871937,vndirect_dchart_public,2026-06-08T09:01:06.149561+00:00,banking_index
2026-02-25,VNFIN,2307.98,2345.63,2300.58,2320.34,464624438,vndirect_dchart_public,2026-06-08T09:01:06.149563+00:00,banking_index
2026-02-26,VNFIN,2326.86,2336.54,2307.4,2329.95,299861743,vndirect_dchart_public,2026-06-08T09:01:06.149566+00:00,banking_index
2026-02-27,VNFIN,2331.03,2331.98,2311.35,2315.68,305534016,vndirect_dchart_public,2026-06-08T09:01:06.149569+00:00,banking_index
2026-03-02,VNFIN,2308.71,2308.71,2255.44,2257.81,604446971,vndirect_dchart_public,2026-06-08T09:01:06.149571+00:00,banking_index
2026-03-03,VNFIN,2262.53,2291.35,2229.56,2237.21,462059331,vndirect_dchart_public,2026-06-08T09:01:06.149574+00:00,banking_index
2026-03-04,VNFIN,2233.74,2246.43,2177.97,2231.69,615136010,vndirect_dchart_public,2026-06-08T09:01:06.149578+00:00,banking_index
2026-03-05,VNFIN,2258.94,2263.3,2214.68,2217.23,513620071,vndirect_dchart_public,2026-06-08T09:01:06.149580+00:00,banking_index
2026-03-06,VNFIN,2215.6,2219.3,2180.11,2185.13,421252487,vndirect_dchart_public,2026-06-08T09:01:06.149583+00:00,banking_index
2026-03-09,VNFIN,2169.16,2169.16,2035.16,2044.45,614724799,vndirect_dchart_public,2026-06-08T09:01:06.149586+00:00,banking_index
2026-03-10,VNFIN,2071.93,2133.66,2071.93,2113.21,587855383,vndirect_dchart_public,2026-06-08T09:01:06.149588+00:00,banking_index
2026-03-11,VNFIN,2113.54,2177.49,2104.52,2164.7,382541115,vndirect_dchart_public,2026-06-08T09:01:06.149591+00:00,banking_index
2026-03-12,VNFIN,2138.87,2156.13,2118.51,2130.71,371587485,vndirect_dchart_public,2026-06-08T09:01:06.149594+00:00,banking_index
2026-03-13,VNFIN,2113.8,2142.58,2103.29,2126.73,327862594,vndirect_dchart_public,2026-06-08T09:01:06.149596+00:00,banking_index
2026-03-16,VNFIN,2129.05,2139.01,2118.84,2130.36,284294267,vndirect_dchart_public,2026-06-08T09:01:06.149599+00:00,banking_index
2026-03-17,VNFIN,2148.25,2182.77,2148.25,2156.25,302924825,vndirect_dchart_public,2026-06-08T09:01:06.149602+00:00,banking_index
2026-03-18,VNFIN,2167.64,2186.41,2125.14,2139.57,317142569,vndirect_dchart_public,2026-06-08T09:01:06.149604+00:00,banking_index
2026-03-19,VNFIN,2119.88,2129.8,2098.79,2125.24,385885884,vndirect_dchart_public,2026-06-08T09:01:06.149607+00:00,banking_index
2026-03-20,VNFIN,2118.43,2120.05,2074.08,2087.07,293451537,vndirect_dchart_public,2026-06-08T09:01:06.149609+00:00,banking_index
2026-03-23,VNFIN,2067.17,2067.17,2014.31,2019.28,451969829,vndirect_dchart_public,2026-06-08T09:01:06.149612+00:00,banking_index
2026-03-24,VNFIN,2057.31,2085.92,2050.38,2067.25,269554701,vndirect_dchart_public,2026-06-08T09:01:06.149615+00:00,banking_index
2026-03-25,VNFIN,2088.99,2116.49,2087.64,2116.49,340610868,vndirect_dchart_public,2026-06-08T09:01:06.149617+00:00,banking_index
2026-03-26,VNFIN,2118.23,2118.23,2090.71,2097.21,268111353,vndirect_dchart_public,2026-06-08T09:01:06.149620+00:00,banking_index
2026-03-27,VNFIN,2093.0,2129.24,2090.4,2125.61,306192225,vndirect_dchart_public,2026-06-08T09:01:06.149624+00:00,banking_index
2026-03-30,VNFIN,2093.19,2129.58,2078.48,2114.71,298180496,vndirect_dchart_public,2026-06-08T09:01:06.149626+00:00,banking_index
2026-03-31,VNFIN,2120.68,2146.55,2120.4,2137.84,372800009,vndirect_dchart_public,2026-06-08T09:01:06.149641+00:00,banking_index
2026-04-01,VNFIN,2171.43,2176.3,2150.12,2153.21,388840333,vndirect_dchart_public,2026-06-08T09:01:06.149645+00:00,banking_index
2026-04-02,VNFIN,2141.86,2141.86,2111.73,2124.28,339445841,vndirect_dchart_public,2026-06-08T09:01:06.149648+00:00,banking_index
2026-04-03,VNFIN,2127.41,2137.52,2098.44,2111.18,307948831,vndirect_dchart_public,2026-06-08T09:01:06.149651+00:00,banking_index
2026-04-06,VNFIN,2111.88,2125.19,2099.12,2110.64,240725887,vndirect_dchart_public,2026-06-08T09:01:06.149653+00:00,banking_index
2026-04-07,VNFIN,2120.3,2130.4,2108.32,2128.87,259430433,vndirect_dchart_public,2026-06-08T09:01:06.149656+00:00,banking_index
2026-04-08,VNFIN,2178.01,2230.05,2178.01,2225.81,575560228,vndirect_dchart_public,2026-06-08T09:01:06.149659+00:00,banking_index
2026-04-09,VNFIN,2215.84,2235.57,2204.71,2212.29,351879480,vndirect_dchart_public,2026-06-08T09:01:06.149662+00:00,banking_index
2026-04-10,VNFIN,2231.92,2256.39,2229.66,2236.4,440353595,vndirect_dchart_public,2026-06-08T09:01:06.149664+00:00,banking_index
2026-04-13,VNFIN,2216.07,2237.4,2210.94,2218.69,357395987,vndirect_dchart_public,2026-06-08T09:01:06.149667+00:00,banking_index
2026-04-14,VNFIN,2242.7,2252.93,2224.86,2226.7,326559590,vndirect_dchart_public,2026-06-08T09:01:06.149670+00:00,banking_index
2026-04-15,VNFIN,2244.18,2246.28,2211.14,2219.06,356044611,vndirect_dchart_public,2026-06-08T09:01:06.149674+00:00,banking_index
2026-04-16,VNFIN,2218.5,2219.97,2202.17,2208.28,385339570,vndirect_dchart_public,2026-06-08T09:01:06.149677+00:00,banking_index
2026-04-17,VNFIN,2216.36,2230.35,2208.08,2210.59,282879085,vndirect_dchart_public,2026-06-08T09:01:06.149679+00:00,banking_index
2026-04-20,VNFIN,2218.81,2239.94,2215.72,2221.47,291101423,vndirect_dchart_public,2026-06-08T09:01:06.149682+00:00,banking_index
2026-04-21,VNFIN,2238.62,2245.38,2221.54,2221.54,280314966,vndirect_dchart_public,2026-06-08T09:01:06.149685+00:00,banking_index
2026-04-22,VNFIN,2229.0,2234.85,2212.62,2217.46,232412822,vndirect_dchart_public,2026-06-08T09:01:06.149687+00:00,banking_index
2026-04-23,VNFIN,2220.05,2251.97,2203.57,2213.51,451151923,vndirect_dchart_public,2026-06-08T09:01:06.149691+00:00,banking_index
2026-04-24,VNFIN,2217.91,2218.54,2201.62,2209.18,222941204,vndirect_dchart_public,2026-06-08T09:01:06.149694+00:00,banking_index
2026-04-28,VNFIN,2214.95,2224.31,2202.92,2204.88,216665088,vndirect_dchart_public,2026-06-08T09:01:06.149696+00:00,banking_index
2026-04-29,VNFIN,2199.04,2203.48,2191.53,2201.15,219712752,vndirect_dchart_public,2026-06-08T09:01:06.149700+00:00,banking_index
2026-05-04,VNFIN,2208.94,2217.92,2187.97,2196.46,211664946,vndirect_dchart_public,2026-06-08T09:01:06.149703+00:00,banking_index
2026-05-05,VNFIN,2194.71,2195.1,2170.72,2194.02,279437886,vndirect_dchart_public,2026-06-08T09:01:06.149705+00:00,banking_index
2026-05-06,VNFIN,2203.11,2238.63,2201.06,2234.87,330373975,vndirect_dchart_public,2026-06-08T09:01:06.149708+00:00,banking_index
2026-05-07,VNFIN,2242.54,2273.39,2237.7,2261.29,343467551,vndirect_dchart_public,2026-06-08T09:01:06.149711+00:00,banking_index
2026-05-08,VNFIN,2263.45,2280.76,2256.75,2270.59,410097879,vndirect_dchart_public,2026-06-08T09:01:06.149713+00:00,banking_index
2026-05-11,VNFIN,2272.83,2285.85,2259.69,2265.15,376584870,vndirect_dchart_public,2026-06-08T09:01:06.149716+00:00,banking_index
2026-05-12,VNFIN,2266.49,2284.37,2256.89,2283.94,247439146,vndirect_dchart_public,2026-06-08T09:01:06.149719+00:00,banking_index
2026-05-13,VNFIN,2303.43,2303.43,2267.05,2272.87,346901976,vndirect_dchart_public,2026-06-08T09:01:06.149721+00:00,banking_index
2026-05-14,VNFIN,2263.55,2285.1,2263.38,2280.41,258364228,vndirect_dchart_public,2026-06-08T09:01:06.149724+00:00,banking_index
2026-05-15,VNFIN,2283.84,2289.73,2259.6,2264.1,281837342,vndirect_dchart_public,2026-06-08T09:01:06.149727+00:00,banking_index
2026-05-18,VNFIN,2257.35,2273.38,2246.98,2270.08,330700117,vndirect_dchart_public,2026-06-08T09:01:06.149730+00:00,banking_index
2026-05-19,VNFIN,2272.84,2273.92,2240.57,2243.8,438579458,vndirect_dchart_public,2026-06-08T09:01:06.149733+00:00,banking_index
2026-05-20,VNFIN,2235.91,2242.62,2174.33,2224.23,473625295,vndirect_dchart_public,2026-06-08T09:01:06.149736+00:00,banking_index
2026-05-21,VNFIN,2234.86,2246.05,2223.33,2230.98,263314032,vndirect_dchart_public,2026-06-08T09:01:06.149738+00:00,banking_index
2026-05-22,VNFIN,2231.98,2236.54,2206.62,2227.11,324937777,vndirect_dchart_public,2026-06-08T09:01:06.149741+00:00,banking_index
2026-05-25,VNFIN,2230.66,2256.05,2230.66,2243.51,229326713,vndirect_dchart_public,2026-06-08T09:01:06.149744+00:00,banking_index
2026-05-26,VNFIN,2248.09,2278.07,2243.74,2273.55,320341919,vndirect_dchart_public,2026-06-08T09:01:06.149746+00:00,banking_index
2026-05-27,VNFIN,2278.7,2295.11,2270.28,2286.33,381894826,vndirect_dchart_public,2026-06-08T09:01:06.149749+00:00,banking_index
2026-05-28,VNFIN,2285.07,2292.16,2236.89,2241.65,331667455,vndirect_dchart_public,2026-06-08T09:01:06.149751+00:00,banking_index
2026-05-29,VNFIN,2238.57,2252.26,2226.08,2231.51,288041403,vndirect_dchart_public,2026-06-08T09:01:06.149755+00:00,banking_index
2026-06-01,VNFIN,2233.01,2239.99,2217.82,2222.5,239467158,vndirect_dchart_public,2026-06-08T09:01:06.149758+00:00,banking_index
2026-06-02,VNFIN,2223.57,2224.38,2175.03,2192.93,312442646,vndirect_dchart_public,2026-06-08T09:01:06.149760+00:00,banking_index
2026-06-03,VNFIN,2189.62,2225.21,2189.42,2197.34,315454422,vndirect_dchart_public,2026-06-08T09:01:06.149763+00:00,banking_index
2026-06-04,VNFIN,2198.82,2210.65,2187.07,2208.04,250444877,vndirect_dchart_public,2026-06-08T09:01:06.149766+00:00,banking_index
2026-06-05,VNFIN,2212.1,2214.59,2194.57,2201.18,241157942,vndirect_dchart_public,2026-06-08T09:01:06.149768+00:00,banking_index
2026-06-08,VNFIN,2188.47,2189.85,2155.98,2161.32,327646902,vndirect_dchart_public,2026-06-08T09:01:06.149771+00:00,banking_index
2022-01-04,VNFINLEAD,2182.56,2216.21,2182.56,2205.88,152803300,vndirect_dchart_public,2026-06-08T09:01:07.665807+00:00,banking_lead_index
2022-01-05,VNFINLEAD,2206.56,2207.01,2184.64,2188.24,145497600,vndirect_dchart_public,2026-06-08T09:01:07.665826+00:00,banking_lead_index
2022-01-06,VNFINLEAD,2175.17,2194.8,2164.09,2172.71,159814200,vndirect_dchart_public,2026-06-08T09:01:07.665835+00:00,banking_lead_index
2022-01-07,VNFINLEAD,2171.72,2177.28,2149.82,2149.82,125855200,vndirect_dchart_public,2026-06-08T09:01:07.665843+00:00,banking_lead_index
2022-01-10,VNFINLEAD,2148.1,2154.05,2116.97,2116.97,131331600,vndirect_dchart_public,2026-06-08T09:01:07.665851+00:00,banking_lead_index
2022-01-11,VNFINLEAD,2122.69,2149.3,2109.11,2111.91,121442200,vndirect_dchart_public,2026-06-08T09:01:07.665858+00:00,banking_lead_index
2022-01-12,VNFINLEAD,2113.37,2201.38,2100.6,2201.38,203164400,vndirect_dchart_public,2026-06-08T09:01:07.665866+00:00,banking_lead_index
2022-01-13,VNFINLEAD,2206.55,2273.79,2201.87,2201.87,243853200,vndirect_dchart_public,2026-06-08T09:01:07.665873+00:00,banking_lead_index
2022-01-14,VNFINLEAD,2198.0,2210.28,2177.67,2196.62,95797200,vndirect_dchart_public,2026-06-08T09:01:07.665880+00:00,banking_lead_index
2022-01-17,VNFINLEAD,2204.2,2222.93,2122.98,2122.98,225771100,vndirect_dchart_public,2026-06-08T09:01:07.665887+00:00,banking_lead_index
2022-01-18,VNFINLEAD,2117.63,2163.08,2110.19,2130.3,151989400,vndirect_dchart_public,2026-06-08T09:01:07.665895+00:00,banking_lead_index
2022-01-19,VNFINLEAD,2142.41,2157.38,2119.08,2127.67,95191300,vndirect_dchart_public,2026-06-08T09:01:07.665902+00:00,banking_lead_index
2022-01-20,VNFINLEAD,2123.47,2165.45,2101.94,2157.98,123910300,vndirect_dchart_public,2026-06-08T09:01:07.665912+00:00,banking_lead_index
2022-01-21,VNFINLEAD,2157.05,2228.97,2152.41,2199.43,181490700,vndirect_dchart_public,2026-06-08T09:01:07.665920+00:00,banking_lead_index
2022-01-24,VNFINLEAD,2195.21,2228.39,2160.53,2176.1,183809300,vndirect_dchart_public,2026-06-08T09:01:07.665928+00:00,banking_lead_index
2022-01-25,VNFINLEAD,2175.67,2246.62,2175.67,2246.62,161641900,vndirect_dchart_public,2026-06-08T09:01:07.665935+00:00,banking_lead_index
2022-01-26,VNFINLEAD,2255.16,2307.85,2255.16,2285.08,236413500,vndirect_dchart_public,2026-06-08T09:01:07.665942+00:00,banking_lead_index
2022-01-27,VNFINLEAD,2273.64,2292.78,2249.79,2267.18,141193000,vndirect_dchart_public,2026-06-08T09:01:07.665949+00:00,banking_lead_index
2022-01-28,VNFINLEAD,2266.85,2305.62,2266.85,2297.64,167214900,vndirect_dchart_public,2026-06-08T09:01:07.665956+00:00,banking_lead_index
2022-02-07,VNFINLEAD,2330.38,2331.85,2301.55,2301.87,133753200,vndirect_dchart_public,2026-06-08T09:01:07.665963+00:00,banking_lead_index
2022-02-08,VNFINLEAD,2297.28,2339.34,2290.38,2327.93,192215900,vndirect_dchart_public,2026-06-08T09:01:07.665970+00:00,banking_lead_index
2022-02-09,VNFINLEAD,2333.23,2354.9,2311.38,2311.38,177529500,vndirect_dchart_public,2026-06-08T09:01:07.665978+00:00,banking_lead_index
2022-02-10,VNFINLEAD,2311.51,2327.9,2286.83,2306.79,153750000,vndirect_dchart_public,2026-06-08T09:01:07.665992+00:00,banking_lead_index
2022-02-11,VNFINLEAD,2304.87,2328.57,2299.91,2318.32,145930100,vndirect_dchart_public,2026-06-08T09:01:07.665999+00:00,banking_lead_index
2022-02-14,VNFINLEAD,2289.21,2299.18,2199.56,2199.56,227221400,vndirect_dchart_public,2026-06-08T09:01:07.666006+00:00,banking_lead_index
2022-02-15,VNFINLEAD,2211.4,2245.89,2199.97,2237.79,148259300,vndirect_dchart_public,2026-06-08T09:01:07.666014+00:00,banking_lead_index
2022-02-16,VNFINLEAD,2253.96,2254.33,2223.77,2233.37,101992500,vndirect_dchart_public,2026-06-08T09:01:07.666024+00:00,banking_lead_index
2022-02-17,VNFINLEAD,2233.03,2256.72,2233.03,2255.78,91513800,vndirect_dchart_public,2026-06-08T09:01:07.666030+00:00,banking_lead_index
2022-02-18,VNFINLEAD,2234.54,2244.53,2227.61,2233.6,134494500,vndirect_dchart_public,2026-06-08T09:01:07.666037+00:00,banking_lead_index
2022-02-21,VNFINLEAD,2231.2,2252.05,2211.99,2241.01,136957300,vndirect_dchart_public,2026-06-08T09:01:07.666044+00:00,banking_lead_index
2022-02-22,VNFINLEAD,2218.21,2254.75,2207.55,2254.75,153941400,vndirect_dchart_public,2026-06-08T09:01:07.666051+00:00,banking_lead_index
2022-02-23,VNFINLEAD,2265.83,2279.25,2259.89,2263.09,125579200,vndirect_dchart_public,2026-06-08T09:01:07.666058+00:00,banking_lead_index
2022-02-24,VNFINLEAD,2260.58,2282.44,2196.38,2241.31,224500900,vndirect_dchart_public,2026-06-08T09:01:07.666067+00:00,banking_lead_index
2022-02-25,VNFINLEAD,2260.29,2289.0,2251.46,2266.61,177237100,vndirect_dchart_public,2026-06-08T09:01:07.666075+00:00,banking_lead_index
2022-02-28,VNFINLEAD,2266.15,2279.57,2248.82,2256.29,127385300,vndirect_dchart_public,2026-06-08T09:01:07.666083+00:00,banking_lead_index
2022-03-01,VNFINLEAD,2261.73,2263.02,2245.88,2250.02,139352900,vndirect_dchart_public,2026-06-08T09:01:07.666090+00:00,banking_lead_index
2022-03-02,VNFINLEAD,2238.45,2238.61,2177.6,2178.09,270187200,vndirect_dchart_public,2026-06-08T09:01:07.666098+00:00,banking_lead_index
2022-03-03,VNFINLEAD,2193.34,2215.21,2171.85,2214.75,144367200,vndirect_dchart_public,2026-06-08T09:01:07.666104+00:00,banking_lead_index
2022-03-04,VNFINLEAD,2216.66,2248.16,2216.66,2230.55,148152700,vndirect_dchart_public,2026-06-08T09:01:07.666111+00:00,banking_lead_index
2022-03-07,VNFINLEAD,2200.14,2214.34,2187.03,2197.13,139739600,vndirect_dchart_public,2026-06-08T09:01:07.666118+00:00,banking_lead_index
2022-03-08,VNFINLEAD,2178.43,2197.31,2160.7,2163.0,157717900,vndirect_dchart_public,2026-06-08T09:01:07.666125+00:00,banking_lead_index
2022-03-09,VNFINLEAD,2168.53,2176.67,2140.39,2160.17,126819000,vndirect_dchart_public,2026-06-08T09:01:07.666135+00:00,banking_lead_index
2022-03-10,VNFINLEAD,2164.7,2203.27,2164.7,2175.84,79242900,vndirect_dchart_public,2026-06-08T09:01:07.666142+00:00,banking_lead_index
2022-03-11,VNFINLEAD,2176.15,2191.28,2160.93,2173.58,126350900,vndirect_dchart_public,2026-06-08T09:01:07.666149+00:00,banking_lead_index
2022-03-14,VNFINLEAD,2165.94,2176.01,2145.55,2161.68,114869600,vndirect_dchart_public,2026-06-08T09:01:07.666156+00:00,banking_lead_index
2022-03-15,VNFINLEAD,2165.0,2183.73,2162.0,2175.65,92369400,vndirect_dchart_public,2026-06-08T09:01:07.666163+00:00,banking_lead_index
2022-03-16,VNFINLEAD,2189.26,2194.23,2182.08,2188.05,81861800,vndirect_dchart_public,2026-06-08T09:01:07.666170+00:00,banking_lead_index
2022-03-17,VNFINLEAD,2207.05,2207.88,2187.92,2187.92,84568100,vndirect_dchart_public,2026-06-08T09:01:07.666177+00:00,banking_lead_index
2022-03-18,VNFINLEAD,2192.85,2197.1,2188.61,2189.34,98611800,vndirect_dchart_public,2026-06-08T09:01:07.666184+00:00,banking_lead_index
2022-03-21,VNFINLEAD,2197.12,2203.61,2183.66,2203.61,80485900,vndirect_dchart_public,2026-06-08T09:01:07.666191+00:00,banking_lead_index
2022-03-22,VNFINLEAD,2207.73,2234.8,2207.19,2224.25,114300800,vndirect_dchart_public,2026-06-08T09:01:07.666197+00:00,banking_lead_index
2022-03-23,VNFINLEAD,2227.37,2232.87,2213.1,2213.1,82484900,vndirect_dchart_public,2026-06-08T09:01:07.666206+00:00,banking_lead_index
2022-03-24,VNFINLEAD,2211.73,2214.42,2196.65,2196.65,80620100,vndirect_dchart_public,2026-06-08T09:01:07.666214+00:00,banking_lead_index
2022-03-25,VNFINLEAD,2196.87,2204.97,2189.72,2190.84,82510600,vndirect_dchart_public,2026-06-08T09:01:07.666221+00:00,banking_lead_index
2022-03-28,VNFINLEAD,2183.28,2186.02,2136.95,2148.06,132454000,vndirect_dchart_public,2026-06-08T09:01:07.666228+00:00,banking_lead_index
2022-03-29,VNFINLEAD,2149.32,2165.29,2149.32,2165.25,76924300,vndirect_dchart_public,2026-06-08T09:01:07.666235+00:00,banking_lead_index
2022-03-30,VNFINLEAD,2160.3,2205.64,2151.71,2179.41,129281700,vndirect_dchart_public,2026-06-08T09:01:07.666245+00:00,banking_lead_index
2022-03-31,VNFINLEAD,2185.73,2194.25,2177.62,2184.09,76289300,vndirect_dchart_public,2026-06-08T09:01:07.666253+00:00,banking_lead_index
2022-04-01,VNFINLEAD,2182.41,2227.87,2177.91,2227.87,146892200,vndirect_dchart_public,2026-06-08T09:01:07.666260+00:00,banking_lead_index
2022-04-04,VNFINLEAD,2254.87,2258.25,2238.55,2238.55,155423000,vndirect_dchart_public,2026-06-08T09:01:07.666267+00:00,banking_lead_index
2022-04-05,VNFINLEAD,2231.89,2245.7,2215.25,2215.25,107567700,vndirect_dchart_public,2026-06-08T09:01:07.666274+00:00,banking_lead_index
2022-04-06,VNFINLEAD,2207.67,2256.56,2199.93,2256.56,150044800,vndirect_dchart_public,2026-06-08T09:01:07.666280+00:00,banking_lead_index
2022-04-07,VNFINLEAD,2262.79,2289.07,2245.31,2245.31,164336000,vndirect_dchart_public,2026-06-08T09:01:07.666287+00:00,banking_lead_index
2022-04-08,VNFINLEAD,2245.46,2252.91,2209.98,2209.98,126299400,vndirect_dchart_public,2026-06-08T09:01:07.666294+00:00,banking_lead_index
2022-04-12,VNFINLEAD,2216.34,2223.84,2171.21,2171.21,118405100,vndirect_dchart_public,2026-06-08T09:01:07.666301+00:00,banking_lead_index
2022-04-13,VNFINLEAD,2183.1,2199.97,2159.54,2196.07,114837000,vndirect_dchart_public,2026-06-08T09:01:07.666308+00:00,banking_lead_index
2022-04-14,VNFINLEAD,2198.59,2216.35,2178.44,2179.83,91338400,vndirect_dchart_public,2026-06-08T09:01:07.666315+00:00,banking_lead_index
2022-04-15,VNFINLEAD,2176.38,2183.58,2121.02,2124.01,139526800,vndirect_dchart_public,2026-06-08T09:01:07.666321+00:00,banking_lead_index
2022-04-18,VNFINLEAD,2122.43,2122.98,2048.53,2048.53,158417100,vndirect_dchart_public,2026-06-08T09:01:07.666328+00:00,banking_lead_index
2022-04-19,VNFINLEAD,2055.18,2069.74,1977.6,1977.6,123261400,vndirect_dchart_public,2026-06-08T09:01:07.666335+00:00,banking_lead_index
2022-04-20,VNFINLEAD,1978.58,2005.67,1967.1,1967.1,118986000,vndirect_dchart_public,2026-06-08T09:01:07.666342+00:00,banking_lead_index
2022-04-21,VNFINLEAD,1967.0,2019.55,1946.83,1985.99,129410000,vndirect_dchart_public,2026-06-08T09:01:07.666352+00:00,banking_lead_index
2022-04-22,VNFINLEAD,2010.98,2042.13,1980.85,2021.42,112819900,vndirect_dchart_public,2026-06-08T09:01:07.666360+00:00,banking_lead_index
2022-04-25,VNFINLEAD,2022.81,2029.25,1892.69,1893.54,151545400,vndirect_dchart_public,2026-06-08T09:01:07.666367+00:00,banking_lead_index
2022-04-26,VNFINLEAD,1874.78,1952.91,1818.24,1952.27,130935800,vndirect_dchart_public,2026-06-08T09:01:07.666403+00:00,banking_lead_index
2022-04-27,VNFINLEAD,1951.08,1970.92,1915.06,1963.04,69565800,vndirect_dchart_public,2026-06-08T09:01:07.666412+00:00,banking_lead_index
2022-04-28,VNFINLEAD,1960.15,1977.82,1949.81,1957.48,65758400,vndirect_dchart_public,2026-06-08T09:01:07.666419+00:00,banking_lead_index
2022-04-29,VNFINLEAD,1953.88,1990.57,1950.43,1986.81,103856900,vndirect_dchart_public,2026-06-08T09:01:07.666426+00:00,banking_lead_index
2022-05-04,VNFINLEAD,1981.57,1984.01,1925.21,1925.21,78872600,vndirect_dchart_public,2026-06-08T09:01:07.666433+00:00,banking_lead_index
2022-05-05,VNFINLEAD,1951.29,1953.76,1887.03,1930.49,89264700,vndirect_dchart_public,2026-06-08T09:01:07.666439+00:00,banking_lead_index
2022-05-06,VNFINLEAD,1926.09,1926.09,1856.83,1856.83,100784500,vndirect_dchart_public,2026-06-08T09:01:07.666446+00:00,banking_lead_index
2022-05-09,VNFINLEAD,1830.43,1834.43,1740.23,1745.62,153894400,vndirect_dchart_public,2026-06-08T09:01:07.666452+00:00,banking_lead_index
2022-05-10,VNFINLEAD,1740.34,1781.55,1693.4,1781.55,119945100,vndirect_dchart_public,2026-06-08T09:01:07.666459+00:00,banking_lead_index
2022-05-11,VNFINLEAD,1786.23,1802.5,1752.19,1793.63,67122700,vndirect_dchart_public,2026-06-08T09:01:07.666465+00:00,banking_lead_index
2022-05-12,VNFINLEAD,1771.07,1773.61,1676.41,1676.41,119789100,vndirect_dchart_public,2026-06-08T09:01:07.666472+00:00,banking_lead_index
2022-05-13,VNFINLEAD,1677.45,1686.17,1577.4,1577.4,174098400,vndirect_dchart_public,2026-06-08T09:01:07.666478+00:00,banking_lead_index
2022-05-16,VNFINLEAD,1631.95,1644.86,1572.64,1572.64,131789600,vndirect_dchart_public,2026-06-08T09:01:07.666485+00:00,banking_lead_index
2022-05-17,VNFINLEAD,1569.76,1673.82,1563.9,1673.82,120962600,vndirect_dchart_public,2026-06-08T09:01:07.666494+00:00,banking_lead_index
2022-05-18,VNFINLEAD,1703.8,1737.84,1688.39,1701.14,133706300,vndirect_dchart_public,2026-06-08T09:01:07.666501+00:00,banking_lead_index
2022-05-19,VNFINLEAD,1663.51,1714.71,1657.77,1692.57,102658400,vndirect_dchart_public,2026-06-08T09:01:07.666508+00:00,banking_lead_index
2022-05-20,VNFINLEAD,1697.64,1715.88,1682.44,1693.56,85578000,vndirect_dchart_public,2026-06-08T09:01:07.666516+00:00,banking_lead_index
2022-05-23,VNFINLEAD,1701.32,1705.14,1626.19,1633.84,123089900,vndirect_dchart_public,2026-06-08T09:01:07.666523+00:00,banking_lead_index
2022-05-24,VNFINLEAD,1639.77,1679.44,1619.68,1679.44,101402900,vndirect_dchart_public,2026-06-08T09:01:07.666529+00:00,banking_lead_index
2022-05-25,VNFINLEAD,1691.95,1745.73,1689.39,1745.73,115860800,vndirect_dchart_public,2026-06-08T09:01:07.666536+00:00,banking_lead_index
2022-05-26,VNFINLEAD,1749.05,1756.53,1734.88,1737.51,100992400,vndirect_dchart_public,2026-06-08T09:01:07.666543+00:00,banking_lead_index
2022-05-27,VNFINLEAD,1743.36,1768.35,1734.76,1760.21,106495500,vndirect_dchart_public,2026-06-08T09:01:07.666549+00:00,banking_lead_index
2022-05-30,VNFINLEAD,1764.68,1781.06,1760.24,1778.75,96239500,vndirect_dchart_public,2026-06-08T09:01:07.666556+00:00,banking_lead_index
2022-05-31,VNFINLEAD,1776.75,1776.75,1751.63,1758.56,95843300,vndirect_dchart_public,2026-06-08T09:01:07.666562+00:00,banking_lead_index
2022-06-01,VNFINLEAD,1753.78,1771.62,1736.87,1749.95,84770500,vndirect_dchart_public,2026-06-08T09:01:07.666569+00:00,banking_lead_index
2022-06-02,VNFINLEAD,1756.14,1763.28,1720.83,1725.88,98777600,vndirect_dchart_public,2026-06-08T09:01:07.666575+00:00,banking_lead_index
2022-06-03,VNFINLEAD,1724.59,1732.99,1701.53,1722.54,71796000,vndirect_dchart_public,2026-06-08T09:01:07.666582+00:00,banking_lead_index
2022-06-06,VNFINLEAD,1722.59,1738.51,1705.5,1707.94,82638200,vndirect_dchart_public,2026-06-08T09:01:07.666588+00:00,banking_lead_index
2022-06-07,VNFINLEAD,1704.24,1705.06,1655.28,1693.63,89451500,vndirect_dchart_public,2026-06-08T09:01:07.666595+00:00,banking_lead_index
2022-06-08,VNFINLEAD,1703.68,1761.3,1694.4,1755.56,110687400,vndirect_dchart_public,2026-06-08T09:01:07.666601+00:00,banking_lead_index
2022-06-09,VNFINLEAD,1767.7,1767.7,1748.72,1757.87,72631900,vndirect_dchart_public,2026-06-08T09:01:07.666607+00:00,banking_lead_index
2022-06-10,VNFINLEAD,1739.98,1769.67,1732.9,1732.9,88919800,vndirect_dchart_public,2026-06-08T09:01:07.666613+00:00,banking_lead_index
2022-06-13,VNFINLEAD,1685.67,1690.49,1628.58,1628.58,135650800,vndirect_dchart_public,2026-06-08T09:01:07.666620+00:00,banking_lead_index
2022-06-14,VNFINLEAD,1608.34,1642.72,1598.82,1615.95,104151900,vndirect_dchart_public,2026-06-08T09:01:07.666626+00:00,banking_lead_index
2022-06-15,VNFINLEAD,1616.53,1624.82,1549.17,1586.9,141666200,vndirect_dchart_public,2026-06-08T09:01:07.666632+00:00,banking_lead_index
2022-06-16,VNFINLEAD,1605.01,1612.87,1593.8,1596.41,104855600,vndirect_dchart_public,2026-06-08T09:01:07.666639+00:00,banking_lead_index
2022-06-17,VNFINLEAD,1546.19,1556.85,1504.49,1523.94,141135900,vndirect_dchart_public,2026-06-08T09:01:07.666645+00:00,banking_lead_index
2022-06-20,VNFINLEAD,1528.34,1540.43,1457.4,1464.6,124819000,vndirect_dchart_public,2026-06-08T09:01:07.666653+00:00,banking_lead_index
2022-06-21,VNFINLEAD,1457.08,1497.35,1448.67,1469.68,117651700,vndirect_dchart_public,2026-06-08T09:01:07.666659+00:00,banking_lead_index
2022-06-22,VNFINLEAD,1496.75,1546.22,1492.29,1533.48,103084400,vndirect_dchart_public,2026-06-08T09:01:07.666666+00:00,banking_lead_index
2022-06-23,VNFINLEAD,1533.47,1571.33,1522.47,1569.38,88763200,vndirect_dchart_public,2026-06-08T09:01:07.666672+00:00,banking_lead_index
2022-06-24,VNFINLEAD,1569.3,1580.7,1557.44,1557.44,87229100,vndirect_dchart_public,2026-06-08T09:01:07.666678+00:00,banking_lead_index
2022-06-27,VNFINLEAD,1563.54,1592.17,1562.43,1586.17,97743400,vndirect_dchart_public,2026-06-08T09:01:07.666685+00:00,banking_lead_index
2022-06-28,VNFINLEAD,1579.81,1648.39,1576.28,1633.05,142923100,vndirect_dchart_public,2026-06-08T09:01:07.666691+00:00,banking_lead_index
2022-06-29,VNFINLEAD,1612.02,1654.3,1612.02,1634.13,107698100,vndirect_dchart_public,2026-06-08T09:01:07.666700+00:00,banking_lead_index
2022-06-30,VNFINLEAD,1636.11,1639.7,1584.46,1584.46,111897800,vndirect_dchart_public,2026-06-08T09:01:07.666707+00:00,banking_lead_index
2022-07-01,VNFINLEAD,1578.18,1610.64,1543.17,1607.71,122838900,vndirect_dchart_public,2026-06-08T09:01:07.666714+00:00,banking_lead_index
2022-07-04,VNFINLEAD,1617.27,1637.06,1615.58,1626.44,117884400,vndirect_dchart_public,2026-06-08T09:01:07.666720+00:00,banking_lead_index
2022-07-05,VNFINLEAD,1631.53,1674.45,1629.35,1652.17,149236100,vndirect_dchart_public,2026-06-08T09:01:07.666727+00:00,banking_lead_index
2022-07-06,VNFINLEAD,1629.11,1655.86,1614.57,1616.8,114390000,vndirect_dchart_public,2026-06-08T09:01:07.666735+00:00,banking_lead_index
2022-07-07,VNFINLEAD,1614.2,1635.42,1599.62,1627.14,91232900,vndirect_dchart_public,2026-06-08T09:01:07.666742+00:00,banking_lead_index
2022-07-08,VNFINLEAD,1639.08,1642.7,1623.31,1627.19,112840700,vndirect_dchart_public,2026-06-08T09:01:07.666748+00:00,banking_lead_index
2022-07-11,VNFINLEAD,1617.18,1624.04,1577.23,1582.86,117886700,vndirect_dchart_public,2026-06-08T09:01:07.666755+00:00,banking_lead_index
2022-07-12,VNFINLEAD,1587.71,1613.22,1582.31,1611.47,83560100,vndirect_dchart_public,2026-06-08T09:01:07.666761+00:00,banking_lead_index
2022-07-13,VNFINLEAD,1614.6,1643.05,1614.14,1622.49,117136200,vndirect_dchart_public,2026-06-08T09:01:07.666768+00:00,banking_lead_index
2022-07-14,VNFINLEAD,1613.25,1644.23,1612.0,1638.66,116071000,vndirect_dchart_public,2026-06-08T09:01:07.666777+00:00,banking_lead_index
2022-07-15,VNFINLEAD,1641.05,1658.27,1634.09,1634.09,110731100,vndirect_dchart_public,2026-06-08T09:01:07.666783+00:00,banking_lead_index
2022-07-18,VNFINLEAD,1643.32,1648.46,1627.7,1628.84,96043400,vndirect_dchart_public,2026-06-08T09:01:07.666790+00:00,banking_lead_index
2022-07-19,VNFINLEAD,1625.15,1628.17,1607.63,1623.86,92106600,vndirect_dchart_public,2026-06-08T09:01:07.666798+00:00,banking_lead_index
2022-07-20,VNFINLEAD,1643.09,1654.08,1638.08,1645.98,113272600,vndirect_dchart_public,2026-06-08T09:01:07.666804+00:00,banking_lead_index
2022-07-21,VNFINLEAD,1649.22,1664.64,1645.82,1656.1,110917800,vndirect_dchart_public,2026-06-08T09:01:07.666810+00:00,banking_lead_index
2022-07-22,VNFINLEAD,1663.64,1674.76,1648.86,1648.86,100291000,vndirect_dchart_public,2026-06-08T09:01:07.666816+00:00,banking_lead_index
2022-07-25,VNFINLEAD,1646.56,1647.52,1629.94,1631.36,79271900,vndirect_dchart_public,2026-06-08T09:01:07.666822+00:00,banking_lead_index
2022-07-26,VNFINLEAD,1633.89,1639.93,1624.07,1627.32,74769300,vndirect_dchart_public,2026-06-08T09:01:07.666828+00:00,banking_lead_index
2022-07-27,VNFINLEAD,1627.0,1632.25,1614.86,1632.25,87641200,vndirect_dchart_public,2026-06-08T09:01:07.666834+00:00,banking_lead_index
2022-07-28,VNFINLEAD,1651.05,1689.91,1645.34,1676.57,160963200,vndirect_dchart_public,2026-06-08T09:01:07.666840+00:00,banking_lead_index
2022-07-29,VNFINLEAD,1686.22,1688.06,1676.65,1686.98,139123900,vndirect_dchart_public,2026-06-08T09:01:07.666846+00:00,banking_lead_index
2022-08-01,VNFINLEAD,1687.21,1735.42,1686.91,1732.72,198782500,vndirect_dchart_public,2026-06-08T09:01:07.666852+00:00,banking_lead_index
2022-08-02,VNFINLEAD,1732.17,1746.56,1721.2,1734.02,177266200,vndirect_dchart_public,2026-06-08T09:01:07.666858+00:00,banking_lead_index
2022-08-03,VNFINLEAD,1726.43,1749.17,1720.37,1746.05,157086000,vndirect_dchart_public,2026-06-08T09:01:07.666864+00:00,banking_lead_index
2022-08-04,VNFINLEAD,1755.58,1767.32,1742.97,1751.59,168674900,vndirect_dchart_public,2026-06-08T09:01:07.666870+00:00,banking_lead_index
2022-08-05,VNFINLEAD,1747.39,1760.85,1736.96,1760.62,149338200,vndirect_dchart_public,2026-06-08T09:01:07.666876+00:00,banking_lead_index
2022-08-08,VNFINLEAD,1764.92,1780.67,1758.63,1772.4,137391800,vndirect_dchart_public,2026-06-08T09:01:07.666882+00:00,banking_lead_index
2022-08-09,VNFINLEAD,1777.72,1787.95,1767.24,1778.1,142436500,vndirect_dchart_public,2026-06-08T09:01:07.666888+00:00,banking_lead_index
2022-08-10,VNFINLEAD,1773.66,1778.3,1762.05,1763.7,110980000,vndirect_dchart_public,2026-06-08T09:01:07.666894+00:00,banking_lead_index
2022-08-11,VNFINLEAD,1770.26,1786.36,1743.21,1753.14,183816100,vndirect_dchart_public,2026-06-08T09:01:07.666904+00:00,banking_lead_index
2022-08-12,VNFINLEAD,1751.47,1772.74,1744.44,1772.74,99894100,vndirect_dchart_public,2026-06-08T09:01:07.666910+00:00,banking_lead_index
2022-08-15,VNFINLEAD,1785.06,1804.55,1784.2,1792.15,169515800,vndirect_dchart_public,2026-06-08T09:01:07.666917+00:00,banking_lead_index
2022-08-16,VNFINLEAD,1792.99,1796.54,1780.79,1785.2,110877600,vndirect_dchart_public,2026-06-08T09:01:07.666923+00:00,banking_lead_index
2022-08-17,VNFINLEAD,1788.95,1800.97,1784.91,1787.86,143765600,vndirect_dchart_public,2026-06-08T09:01:07.666929+00:00,banking_lead_index
2022-08-18,VNFINLEAD,1783.28,1800.87,1776.54,1786.63,157671400,vndirect_dchart_public,2026-06-08T09:01:07.666935+00:00,banking_lead_index
2022-08-19,VNFINLEAD,1787.08,1799.0,1782.31,1790.39,129568800,vndirect_dchart_public,2026-06-08T09:01:07.666941+00:00,banking_lead_index
2022-08-22,VNFINLEAD,1790.0,1796.01,1770.21,1777.08,123478100,vndirect_dchart_public,2026-06-08T09:01:07.666947+00:00,banking_lead_index
2022-08-23,VNFINLEAD,1763.43,1792.05,1753.45,1792.05,138105000,vndirect_dchart_public,2026-06-08T09:01:07.666953+00:00,banking_lead_index
2022-08-24,VNFINLEAD,1797.99,1809.13,1790.34,1801.86,106153500,vndirect_dchart_public,2026-06-08T09:01:07.666959+00:00,banking_lead_index
2022-08-25,VNFINLEAD,1804.63,1823.93,1804.63,1823.44,129234500,vndirect_dchart_public,2026-06-08T09:01:07.666965+00:00,banking_lead_index
2022-08-26,VNFINLEAD,1829.15,1834.9,1803.11,1804.02,140473000,vndirect_dchart_public,2026-06-08T09:01:07.666971+00:00,banking_lead_index
2022-08-29,VNFINLEAD,1783.56,1783.56,1743.91,1781.13,183895800,vndirect_dchart_public,2026-06-08T09:01:07.666977+00:00,banking_lead_index
2022-08-30,VNFINLEAD,1781.42,1804.64,1778.57,1781.43,98297500,vndirect_dchart_public,2026-06-08T09:01:07.666983+00:00,banking_lead_index
2022-08-31,VNFINLEAD,1777.4,1795.28,1771.09,1790.6,88666300,vndirect_dchart_public,2026-06-08T09:01:07.666989+00:00,banking_lead_index
2022-09-05,VNFINLEAD,1787.83,1791.19,1773.45,1774.65,86297300,vndirect_dchart_public,2026-06-08T09:01:07.666995+00:00,banking_lead_index
2022-09-06,VNFINLEAD,1776.87,1793.11,1771.21,1779.75,94452000,vndirect_dchart_public,2026-06-08T09:01:07.667001+00:00,banking_lead_index
2022-09-07,VNFINLEAD,1778.68,1781.44,1727.24,1727.24,186789700,vndirect_dchart_public,2026-06-08T09:01:07.667008+00:00,banking_lead_index
2022-09-08,VNFINLEAD,1741.28,1741.63,1700.67,1700.67,115001000,vndirect_dchart_public,2026-06-08T09:01:07.667014+00:00,banking_lead_index
2022-09-09,VNFINLEAD,1713.79,1713.79,1668.98,1710.86,147302400,vndirect_dchart_public,2026-06-08T09:01:07.667022+00:00,banking_lead_index
2022-09-12,VNFINLEAD,1721.58,1724.44,1695.78,1695.78,66798500,vndirect_dchart_public,2026-06-08T09:01:07.667028+00:00,banking_lead_index
2022-09-13,VNFINLEAD,1697.31,1702.56,1688.23,1694.32,85074500,vndirect_dchart_public,2026-06-08T09:01:07.667034+00:00,banking_lead_index
2022-09-14,VNFINLEAD,1661.27,1686.22,1660.19,1685.34,131110600,vndirect_dchart_public,2026-06-08T09:01:07.667040+00:00,banking_lead_index
2022-09-15,VNFINLEAD,1694.76,1695.75,1678.75,1678.75,68623100,vndirect_dchart_public,2026-06-08T09:01:07.667046+00:00,banking_lead_index
2022-09-16,VNFINLEAD,1676.06,1684.58,1653.39,1654.01,126261500,vndirect_dchart_public,2026-06-08T09:01:07.667053+00:00,banking_lead_index
2022-09-19,VNFINLEAD,1653.39,1656.47,1598.85,1600.47,130560400,vndirect_dchart_public,2026-06-08T09:01:07.667061+00:00,banking_lead_index
2022-09-20,VNFINLEAD,1618.04,1627.25,1594.65,1625.13,93957700,vndirect_dchart_public,2026-06-08T09:01:07.667067+00:00,banking_lead_index
2022-09-21,VNFINLEAD,1616.23,1621.42,1597.93,1605.16,62656000,vndirect_dchart_public,2026-06-08T09:01:07.667073+00:00,banking_lead_index
2022-09-22,VNFINLEAD,1589.75,1616.03,1587.55,1613.19,98162000,vndirect_dchart_public,2026-06-08T09:01:07.667080+00:00,banking_lead_index
2022-09-23,VNFINLEAD,1609.16,1618.32,1587.58,1587.86,83023000,vndirect_dchart_public,2026-06-08T09:01:07.667086+00:00,banking_lead_index
2022-09-26,VNFINLEAD,1559.65,1564.48,1508.32,1528.25,162207400,vndirect_dchart_public,2026-06-08T09:01:07.667091+00:00,banking_lead_index
2022-09-27,VNFINLEAD,1539.3,1548.94,1524.81,1534.24,83317900,vndirect_dchart_public,2026-06-08T09:01:07.667097+00:00,banking_lead_index
2022-09-28,VNFINLEAD,1529.62,1543.74,1519.17,1528.02,95709800,vndirect_dchart_public,2026-06-08T09:01:07.667105+00:00,banking_lead_index
2022-09-29,VNFINLEAD,1533.53,1549.49,1503.8,1503.8,82588800,vndirect_dchart_public,2026-06-08T09:01:07.667112+00:00,banking_lead_index
2022-09-30,VNFINLEAD,1501.77,1522.45,1470.18,1515.56,143943600,vndirect_dchart_public,2026-06-08T09:01:07.667118+00:00,banking_lead_index
2022-10-03,VNFINLEAD,1504.32,1505.22,1426.37,1428.75,133102500,vndirect_dchart_public,2026-06-08T09:01:07.667124+00:00,banking_lead_index
2022-10-04,VNFINLEAD,1454.59,1462.95,1398.26,1406.55,130832400,vndirect_dchart_public,2026-06-08T09:01:07.667130+00:00,banking_lead_index
2022-10-05,VNFINLEAD,1438.2,1449.66,1428.04,1434.16,97393100,vndirect_dchart_public,2026-06-08T09:01:07.667136+00:00,banking_lead_index
2022-10-06,VNFINLEAD,1436.7,1440.61,1363.39,1370.93,120579600,vndirect_dchart_public,2026-06-08T09:01:07.667142+00:00,banking_lead_index
2022-10-07,VNFINLEAD,1337.55,1341.92,1280.82,1286.52,257005700,vndirect_dchart_public,2026-06-08T09:01:07.667150+00:00,banking_lead_index
2022-10-10,VNFINLEAD,1269.78,1301.1,1230.96,1282.87,185984400,vndirect_dchart_public,2026-06-08T09:01:07.667156+00:00,banking_lead_index
2022-10-11,VNFINLEAD,1271.19,1271.71,1198.99,1214.17,190057200,vndirect_dchart_public,2026-06-08T09:01:07.667162+00:00,banking_lead_index
2022-10-12,VNFINLEAD,1215.47,1285.95,1211.38,1279.48,159261700,vndirect_dchart_public,2026-06-08T09:01:07.667168+00:00,banking_lead_index
2022-10-13,VNFINLEAD,1279.9,1307.69,1272.65,1307.69,123533200,vndirect_dchart_public,2026-06-08T09:01:07.667174+00:00,banking_lead_index
2022-10-14,VNFINLEAD,1344.96,1355.31,1325.17,1334.23,162471700,vndirect_dchart_public,2026-06-08T09:01:07.667179+00:00,banking_lead_index
2022-10-17,VNFINLEAD,1317.35,1331.87,1290.12,1331.87,125251900,vndirect_dchart_public,2026-06-08T09:01:07.667185+00:00,banking_lead_index
2022-10-18,VNFINLEAD,1357.11,1364.67,1325.99,1331.66,122410400,vndirect_dchart_public,2026-06-08T09:01:07.667191+00:00,banking_lead_index
2022-10-19,VNFINLEAD,1334.88,1340.77,1308.22,1323.7,100382000,vndirect_dchart_public,2026-06-08T09:01:07.667197+00:00,banking_lead_index
2022-10-20,VNFINLEAD,1318.47,1331.58,1302.02,1311.76,98691200,vndirect_dchart_public,2026-06-08T09:01:07.667203+00:00,banking_lead_index
2022-10-21,VNFINLEAD,1314.72,1315.9,1237.31,1243.82,179815800,vndirect_dchart_public,2026-06-08T09:01:07.667209+00:00,banking_lead_index
2022-10-24,VNFINLEAD,1250.93,1254.1,1177.07,1193.32,163851400,vndirect_dchart_public,2026-06-08T09:01:07.667214+00:00,banking_lead_index
2022-10-25,VNFINLEAD,1192.11,1255.35,1153.54,1214.62,226256400,vndirect_dchart_public,2026-06-08T09:01:07.667220+00:00,banking_lead_index
2022-10-26,VNFINLEAD,1225.97,1239.88,1201.84,1214.23,97516100,vndirect_dchart_public,2026-06-08T09:01:07.667226+00:00,banking_lead_index
2022-10-27,VNFINLEAD,1217.96,1292.31,1214.9,1292.31,190303900,vndirect_dchart_public,2026-06-08T09:01:07.667232+00:00,banking_lead_index
2022-10-28,VNFINLEAD,1313.77,1335.54,1300.59,1305.44,160501500,vndirect_dchart_public,2026-06-08T09:01:07.667239+00:00,banking_lead_index
2022-10-31,VNFINLEAD,1311.48,1325.65,1267.06,1315.74,168577500,vndirect_dchart_public,2026-06-08T09:01:07.667244+00:00,banking_lead_index
2022-11-01,VNFINLEAD,1316.77,1371.65,1316.77,1354.22,196526600,vndirect_dchart_public,2026-06-08T09:01:07.667250+00:00,banking_lead_index
2022-11-02,VNFINLEAD,1352.54,1365.38,1338.9,1344.02,156038600,vndirect_dchart_public,2026-06-08T09:01:07.667256+00:00,banking_lead_index
2022-11-03,VNFINLEAD,1320.9,1352.93,1320.82,1342.95,141487900,vndirect_dchart_public,2026-06-08T09:01:07.667263+00:00,banking_lead_index
2022-11-04,VNFINLEAD,1322.68,1327.6,1264.86,1312.41,269363900,vndirect_dchart_public,2026-06-08T09:01:07.667294+00:00,banking_lead_index
2022-11-07,VNFINLEAD,1311.97,1322.7,1258.55,1259.02,182204100,vndirect_dchart_public,2026-06-08T09:01:07.667300+00:00,banking_lead_index
2022-11-08,VNFINLEAD,1242.36,1297.79,1233.58,1290.0,161280000,vndirect_dchart_public,2026-06-08T09:01:07.667305+00:00,banking_lead_index
2022-11-09,VNFINLEAD,1303.1,1321.88,1276.76,1287.7,143639100,vndirect_dchart_public,2026-06-08T09:01:07.667311+00:00,banking_lead_index
2022-11-10,VNFINLEAD,1276.62,1276.62,1206.06,1210.88,202203700,vndirect_dchart_public,2026-06-08T09:01:07.667319+00:00,banking_lead_index
2022-11-11,VNFINLEAD,1240.59,1263.03,1223.26,1223.86,198006900,vndirect_dchart_public,2026-06-08T09:01:07.667325+00:00,banking_lead_index
2022-11-14,VNFINLEAD,1221.02,1221.02,1164.03,1200.75,189589600,vndirect_dchart_public,2026-06-08T09:01:07.667331+00:00,banking_lead_index
2022-11-15,VNFINLEAD,1182.85,1191.37,1124.8,1139.37,210037000,vndirect_dchart_public,2026-06-08T09:01:07.667337+00:00,banking_lead_index
2022-11-16,VNFINLEAD,1103.13,1208.43,1076.91,1208.18,266870200,vndirect_dchart_public,2026-06-08T09:01:07.667342+00:00,banking_lead_index
2022-11-17,VNFINLEAD,1210.25,1254.57,1210.25,1249.17,230419500,vndirect_dchart_public,2026-06-08T09:01:07.667348+00:00,banking_lead_index
2022-11-18,VNFINLEAD,1247.06,1269.33,1198.86,1249.89,213042800,vndirect_dchart_public,2026-06-08T09:01:07.667354+00:00,banking_lead_index
2022-11-21,VNFINLEAD,1257.43,1263.36,1231.81,1237.78,137800600,vndirect_dchart_public,2026-06-08T09:01:07.667359+00:00,banking_lead_index
2022-11-22,VNFINLEAD,1236.87,1290.61,1222.22,1238.42,232408400,vndirect_dchart_public,2026-06-08T09:01:07.667365+00:00,banking_lead_index
2022-11-23,VNFINLEAD,1236.98,1255.9,1231.47,1232.54,125961400,vndirect_dchart_public,2026-06-08T09:01:07.667379+00:00,banking_lead_index
2022-11-24,VNFINLEAD,1227.28,1243.42,1204.4,1243.42,124634500,vndirect_dchart_public,2026-06-08T09:01:07.667386+00:00,banking_lead_index
2022-11-25,VNFINLEAD,1256.87,1287.58,1250.64,1287.58,172353200,vndirect_dchart_public,2026-06-08T09:01:07.667391+00:00,banking_lead_index
2022-11-28,VNFINLEAD,1304.34,1353.08,1304.34,1353.08,235061500,vndirect_dchart_public,2026-06-08T09:01:07.667397+00:00,banking_lead_index
2022-11-29,VNFINLEAD,1354.59,1377.5,1326.77,1371.27,262351000,vndirect_dchart_public,2026-06-08T09:01:07.667403+00:00,banking_lead_index
2022-11-30,VNFINLEAD,1372.93,1400.56,1350.94,1397.53,242589400,vndirect_dchart_public,2026-06-08T09:01:07.667411+00:00,banking_lead_index
2022-12-01,VNFINLEAD,1413.65,1450.13,1394.64,1402.53,359370900,vndirect_dchart_public,2026-06-08T09:01:07.667418+00:00,banking_lead_index
2022-12-02,VNFINLEAD,1398.74,1474.95,1392.24,1474.95,259849400,vndirect_dchart_public,2026-06-08T09:01:07.667424+00:00,banking_lead_index
2022-12-05,VNFINLEAD,1476.6,1534.04,1476.6,1521.9,341605500,vndirect_dchart_public,2026-06-08T09:01:07.667430+00:00,banking_lead_index
2022-12-06,VNFINLEAD,1517.63,1532.04,1430.07,1430.07,391696100,vndirect_dchart_public,2026-06-08T09:01:07.667435+00:00,banking_lead_index
2022-12-07,VNFINLEAD,1426.22,1440.1,1388.13,1403.14,221846200,vndirect_dchart_public,2026-06-08T09:01:07.667441+00:00,banking_lead_index
2022-12-08,VNFINLEAD,1419.38,1491.79,1419.38,1471.24,258563100,vndirect_dchart_public,2026-06-08T09:01:07.667446+00:00,banking_lead_index
2022-12-09,VNFINLEAD,1488.17,1490.27,1458.15,1478.71,205491900,vndirect_dchart_public,2026-06-08T09:01:07.667453+00:00,banking_lead_index
2022-12-12,VNFINLEAD,1483.78,1500.24,1433.64,1433.64,255460500,vndirect_dchart_public,2026-06-08T09:01:07.667458+00:00,banking_lead_index
2022-12-13,VNFINLEAD,1437.45,1487.81,1425.19,1487.81,210647900,vndirect_dchart_public,2026-06-08T09:01:07.667464+00:00,banking_lead_index
2022-12-14,VNFINLEAD,1488.45,1514.6,1488.45,1493.27,194069000,vndirect_dchart_public,2026-06-08T09:01:07.667470+00:00,banking_lead_index
2022-12-15,VNFINLEAD,1488.22,1531.29,1487.65,1526.6,250915900,vndirect_dchart_public,2026-06-08T09:01:07.667475+00:00,banking_lead_index
2022-12-16,VNFINLEAD,1513.42,1539.58,1509.32,1524.33,219836000,vndirect_dchart_public,2026-06-08T09:01:07.667482+00:00,banking_lead_index
2022-12-19,VNFINLEAD,1523.74,1566.62,1504.84,1504.84,262334300,vndirect_dchart_public,2026-06-08T09:01:07.667487+00:00,banking_lead_index
2022-12-20,VNFINLEAD,1503.79,1504.42,1433.99,1464.22,257343200,vndirect_dchart_public,2026-06-08T09:01:07.667493+00:00,banking_lead_index
2022-12-21,VNFINLEAD,1483.24,1484.64,1430.62,1473.82,202107200,vndirect_dchart_public,2026-06-08T09:01:07.667498+00:00,banking_lead_index
2022-12-22,VNFINLEAD,1475.08,1514.71,1471.22,1488.31,178506100,vndirect_dchart_public,2026-06-08T09:01:07.667503+00:00,banking_lead_index
2022-12-23,VNFINLEAD,1487.85,1488.88,1458.16,1475.64,121966000,vndirect_dchart_public,2026-06-08T09:01:07.667510+00:00,banking_lead_index
2022-12-26,VNFINLEAD,1471.83,1473.51,1390.83,1390.83,180379400,vndirect_dchart_public,2026-06-08T09:01:07.667517+00:00,banking_lead_index
2022-12-27,VNFINLEAD,1393.69,1437.76,1389.2,1433.52,134124700,vndirect_dchart_public,2026-06-08T09:01:07.667522+00:00,banking_lead_index
2022-12-28,VNFINLEAD,1437.36,1458.58,1415.39,1445.76,120951500,vndirect_dchart_public,2026-06-08T09:01:07.667529+00:00,banking_lead_index
2022-12-29,VNFINLEAD,1445.64,1452.51,1424.69,1424.69,101834000,vndirect_dchart_public,2026-06-08T09:01:07.667535+00:00,banking_lead_index
2022-12-30,VNFINLEAD,1433.66,1437.18,1423.67,1425.07,90558500,vndirect_dchart_public,2026-06-08T09:01:07.667541+00:00,banking_lead_index
2023-01-03,VNFINLEAD,1428.25,1489.4,1428.25,1489.4,138267800,vndirect_dchart_public,2026-06-08T09:01:07.667546+00:00,banking_lead_index
2023-01-04,VNFINLEAD,1493.98,1514.61,1491.19,1491.19,155137400,vndirect_dchart_public,2026-06-08T09:01:07.667552+00:00,banking_lead_index
2023-01-05,VNFINLEAD,1496.31,1515.11,1486.13,1511.69,122312200,vndirect_dchart_public,2026-06-08T09:01:07.667557+00:00,banking_lead_index
2023-01-06,VNFINLEAD,1507.86,1553.72,1503.17,1515.84,233557800,vndirect_dchart_public,2026-06-08T09:01:07.667563+00:00,banking_lead_index
2023-01-09,VNFINLEAD,1532.05,1539.84,1515.35,1522.09,116340500,vndirect_dchart_public,2026-06-08T09:01:07.667568+00:00,banking_lead_index
2023-01-10,VNFINLEAD,1523.05,1535.55,1503.81,1521.57,115221500,vndirect_dchart_public,2026-06-08T09:01:07.667573+00:00,banking_lead_index
2023-01-11,VNFINLEAD,1533.05,1549.91,1525.67,1525.68,145116600,vndirect_dchart_public,2026-06-08T09:01:07.667579+00:00,banking_lead_index
2023-01-12,VNFINLEAD,1532.62,1537.74,1521.03,1532.85,102124500,vndirect_dchart_public,2026-06-08T09:01:07.667584+00:00,banking_lead_index
2023-01-13,VNFINLEAD,1543.67,1556.8,1530.26,1546.68,163254600,vndirect_dchart_public,2026-06-08T09:01:07.667590+00:00,banking_lead_index
2023-01-16,VNFINLEAD,1553.16,1562.84,1540.8,1562.55,112515200,vndirect_dchart_public,2026-06-08T09:01:07.667595+00:00,banking_lead_index
2023-01-17,VNFINLEAD,1568.6,1610.14,1568.6,1610.14,210934500,vndirect_dchart_public,2026-06-08T09:01:07.667601+00:00,banking_lead_index
2023-01-18,VNFINLEAD,1612.65,1625.27,1606.28,1619.99,158341000,vndirect_dchart_public,2026-06-08T09:01:07.667606+00:00,banking_lead_index
2023-01-19,VNFINLEAD,1612.68,1633.75,1610.15,1631.16,185863100,vndirect_dchart_public,2026-06-08T09:01:07.667612+00:00,banking_lead_index
2023-01-27,VNFINLEAD,1644.46,1657.35,1630.35,1632.34,177913000,vndirect_dchart_public,2026-06-08T09:01:07.667617+00:00,banking_lead_index
2023-01-30,VNFINLEAD,1630.87,1632.39,1601.39,1601.39,198083200,vndirect_dchart_public,2026-06-08T09:01:07.667622+00:00,banking_lead_index
2023-01-31,VNFINLEAD,1599.19,1638.78,1577.71,1638.78,204701900,vndirect_dchart_public,2026-06-08T09:01:07.667628+00:00,banking_lead_index
2023-02-01,VNFINLEAD,1643.43,1649.04,1564.74,1564.88,248645100,vndirect_dchart_public,2026-06-08T09:01:07.667633+00:00,banking_lead_index
2023-02-02,VNFINLEAD,1571.8,1581.24,1547.42,1565.96,168341600,vndirect_dchart_public,2026-06-08T09:01:07.667641+00:00,banking_lead_index
2023-02-03,VNFINLEAD,1571.59,1577.65,1547.75,1547.75,162006500,vndirect_dchart_public,2026-06-08T09:01:07.667646+00:00,banking_lead_index
2023-02-06,VNFINLEAD,1544.7,1567.92,1537.4,1563.64,115400700,vndirect_dchart_public,2026-06-08T09:01:07.667652+00:00,banking_lead_index
2023-02-07,VNFINLEAD,1569.7,1577.46,1530.95,1530.95,158772200,vndirect_dchart_public,2026-06-08T09:01:07.667658+00:00,banking_lead_index
2023-02-08,VNFINLEAD,1541.99,1557.63,1524.14,1536.7,128545500,vndirect_dchart_public,2026-06-08T09:01:07.667664+00:00,banking_lead_index
2023-02-09,VNFINLEAD,1536.02,1547.38,1522.11,1522.11,122309700,vndirect_dchart_public,2026-06-08T09:01:07.667669+00:00,banking_lead_index
2023-02-10,VNFINLEAD,1524.07,1531.92,1495.53,1495.53,112244500,vndirect_dchart_public,2026-06-08T09:01:07.667675+00:00,banking_lead_index
2023-02-13,VNFINLEAD,1492.79,1493.38,1455.28,1476.85,151529600,vndirect_dchart_public,2026-06-08T09:01:07.667680+00:00,banking_lead_index
2023-02-14,VNFINLEAD,1481.45,1491.52,1473.16,1476.61,81678000,vndirect_dchart_public,2026-06-08T09:01:07.667685+00:00,banking_lead_index
2023-02-15,VNFINLEAD,1473.42,1505.82,1471.58,1486.15,127904000,vndirect_dchart_public,2026-06-08T09:01:07.667693+00:00,banking_lead_index
2023-02-16,VNFINLEAD,1498.36,1513.14,1489.25,1513.14,102307300,vndirect_dchart_public,2026-06-08T09:01:07.667700+00:00,banking_lead_index
2023-02-17,VNFINLEAD,1517.26,1524.39,1507.0,1515.19,111131900,vndirect_dchart_public,2026-06-08T09:01:07.667706+00:00,banking_lead_index
2023-02-20,VNFINLEAD,1511.6,1579.53,1511.6,1579.53,179819400,vndirect_dchart_public,2026-06-08T09:01:07.667711+00:00,banking_lead_index
2023-02-21,VNFINLEAD,1583.38,1592.65,1560.45,1560.45,144947600,vndirect_dchart_public,2026-06-08T09:01:07.667717+00:00,banking_lead_index
2023-02-22,VNFINLEAD,1558.64,1558.64,1514.69,1514.69,167486500,vndirect_dchart_public,2026-06-08T09:01:07.667723+00:00,banking_lead_index
2023-02-23,VNFINLEAD,1513.19,1528.51,1481.33,1528.51,159036000,vndirect_dchart_public,2026-06-08T09:01:07.667728+00:00,banking_lead_index
2023-02-24,VNFINLEAD,1527.05,1527.05,1490.92,1490.92,84652000,vndirect_dchart_public,2026-06-08T09:01:07.667734+00:00,banking_lead_index
2023-02-27,VNFINLEAD,1490.21,1490.21,1456.16,1460.34,113645600,vndirect_dchart_public,2026-06-08T09:01:07.667739+00:00,banking_lead_index
2023-02-28,VNFINLEAD,1472.47,1480.41,1458.96,1460.33,79087200,vndirect_dchart_public,2026-06-08T09:01:07.667745+00:00,banking_lead_index
2023-03-01,VNFINLEAD,1460.27,1509.49,1445.08,1509.49,121532600,vndirect_dchart_public,2026-06-08T09:01:07.667752+00:00,banking_lead_index
2023-03-02,VNFINLEAD,1512.17,1516.18,1497.95,1502.1,71744400,vndirect_dchart_public,2026-06-08T09:01:07.667758+00:00,banking_lead_index
2023-03-03,VNFINLEAD,1502.66,1510.68,1476.54,1476.54,82992900,vndirect_dchart_public,2026-06-08T09:01:07.667763+00:00,banking_lead_index
2023-03-06,VNFINLEAD,1494.56,1511.09,1481.19,1486.5,108203700,vndirect_dchart_public,2026-06-08T09:01:07.667769+00:00,banking_lead_index
2023-03-07,VNFINLEAD,1498.75,1516.42,1495.24,1502.65,113955700,vndirect_dchart_public,2026-06-08T09:01:07.667775+00:00,banking_lead_index
2023-03-08,VNFINLEAD,1488.43,1530.27,1488.43,1530.27,139035400,vndirect_dchart_public,2026-06-08T09:01:07.667780+00:00,banking_lead_index
2023-03-09,VNFINLEAD,1534.8,1563.8,1530.31,1552.84,183873700,vndirect_dchart_public,2026-06-08T09:01:07.667786+00:00,banking_lead_index
2023-03-10,VNFINLEAD,1542.13,1548.22,1528.08,1536.77,124464700,vndirect_dchart_public,2026-06-08T09:01:07.667791+00:00,banking_lead_index
2023-03-13,VNFINLEAD,1523.83,1539.78,1522.23,1530.65,188597700,vndirect_dchart_public,2026-06-08T09:01:07.667796+00:00,banking_lead_index
2023-03-14,VNFINLEAD,1531.13,1531.68,1501.26,1506.8,161469100,vndirect_dchart_public,2026-06-08T09:01:07.667802+00:00,banking_lead_index
2023-03-15,VNFINLEAD,1510.64,1559.54,1510.64,1557.18,186786300,vndirect_dchart_public,2026-06-08T09:01:07.667807+00:00,banking_lead_index
2023-03-16,VNFINLEAD,1540.55,1545.78,1522.18,1530.47,146644600,vndirect_dchart_public,2026-06-08T09:01:07.667813+00:00,banking_lead_index
2023-03-17,VNFINLEAD,1542.73,1547.12,1528.9,1540.17,168752900,vndirect_dchart_public,2026-06-08T09:01:07.667818+00:00,banking_lead_index
2023-03-20,VNFINLEAD,1529.43,1530.27,1502.03,1502.03,153638800,vndirect_dchart_public,2026-06-08T09:01:07.667824+00:00,banking_lead_index
2023-03-21,VNFINLEAD,1514.0,1523.41,1495.55,1523.41,132772400,vndirect_dchart_public,2026-06-08T09:01:07.667829+00:00,banking_lead_index
2023-03-22,VNFINLEAD,1524.08,1546.46,1524.08,1535.25,142459900,vndirect_dchart_public,2026-06-08T09:01:07.667835+00:00,banking_lead_index
2023-03-23,VNFINLEAD,1529.11,1548.87,1522.94,1548.87,159013800,vndirect_dchart_public,2026-06-08T09:01:07.667840+00:00,banking_lead_index
2023-03-24,VNFINLEAD,1558.59,1568.17,1554.97,1557.54,165577200,vndirect_dchart_public,2026-06-08T09:01:07.667846+00:00,banking_lead_index
2023-03-27,VNFINLEAD,1558.94,1578.29,1554.96,1571.83,174445000,vndirect_dchart_public,2026-06-08T09:01:07.667851+00:00,banking_lead_index
2023-03-28,VNFINLEAD,1583.48,1590.94,1571.96,1576.16,194202700,vndirect_dchart_public,2026-06-08T09:01:07.667859+00:00,banking_lead_index
2023-03-29,VNFINLEAD,1578.32,1586.14,1572.2,1583.91,149890500,vndirect_dchart_public,2026-06-08T09:01:07.667866+00:00,banking_lead_index
2023-03-30,VNFINLEAD,1596.45,1600.08,1586.81,1587.34,177541400,vndirect_dchart_public,2026-06-08T09:01:07.667872+00:00,banking_lead_index
2023-03-31,VNFINLEAD,1587.95,1609.94,1586.78,1604.25,197391800,vndirect_dchart_public,2026-06-08T09:01:07.667877+00:00,banking_lead_index
2023-04-03,VNFINLEAD,1614.2,1636.75,1614.2,1636.75,268620800,vndirect_dchart_public,2026-06-08T09:01:07.667882+00:00,banking_lead_index
2023-04-04,VNFINLEAD,1637.01,1649.23,1626.7,1647.84,232141900,vndirect_dchart_public,2026-06-08T09:01:07.667889+00:00,banking_lead_index
2023-04-05,VNFINLEAD,1644.37,1647.82,1631.13,1641.88,196984700,vndirect_dchart_public,2026-06-08T09:01:07.667894+00:00,banking_lead_index
2023-04-06,VNFINLEAD,1642.8,1650.67,1617.54,1617.54,222408500,vndirect_dchart_public,2026-06-08T09:01:07.667900+00:00,banking_lead_index
2023-04-07,VNFINLEAD,1618.52,1626.21,1605.84,1626.21,166256700,vndirect_dchart_public,2026-06-08T09:01:07.667906+00:00,banking_lead_index
2023-04-10,VNFINLEAD,1632.51,1653.49,1625.19,1631.33,220680700,vndirect_dchart_public,2026-06-08T09:01:07.667911+00:00,banking_lead_index
2023-04-11,VNFINLEAD,1629.41,1636.77,1610.3,1636.34,154446400,vndirect_dchart_public,2026-06-08T09:01:07.667916+00:00,banking_lead_index
2023-04-12,VNFINLEAD,1639.62,1646.08,1629.81,1633.58,159343800,vndirect_dchart_public,2026-06-08T09:01:07.667922+00:00,banking_lead_index
2023-04-13,VNFINLEAD,1633.84,1636.24,1620.17,1626.54,151105300,vndirect_dchart_public,2026-06-08T09:01:07.667927+00:00,banking_lead_index
2023-04-14,VNFINLEAD,1634.05,1636.29,1598.48,1598.48,214907700,vndirect_dchart_public,2026-06-08T09:01:07.667933+00:00,banking_lead_index
2023-04-17,VNFINLEAD,1598.18,1605.48,1592.05,1603.24,107507900,vndirect_dchart_public,2026-06-08T09:01:07.667939+00:00,banking_lead_index
2023-04-18,VNFINLEAD,1603.87,1607.17,1588.4,1596.59,135585900,vndirect_dchart_public,2026-06-08T09:01:07.667944+00:00,banking_lead_index
2023-04-19,VNFINLEAD,1602.97,1602.97,1575.26,1575.26,143725000,vndirect_dchart_public,2026-06-08T09:01:07.667949+00:00,banking_lead_index
2023-04-20,VNFINLEAD,1574.71,1579.1,1565.85,1570.64,87839900,vndirect_dchart_public,2026-06-08T09:01:07.667955+00:00,banking_lead_index
2023-04-21,VNFINLEAD,1573.47,1582.45,1567.07,1568.36,131131500,vndirect_dchart_public,2026-06-08T09:01:07.667960+00:00,banking_lead_index
2023-04-24,VNFINLEAD,1569.74,1591.85,1561.88,1574.72,94186200,vndirect_dchart_public,2026-06-08T09:01:07.667965+00:00,banking_lead_index
2023-04-25,VNFINLEAD,1575.44,1585.9,1554.9,1554.9,116119500,vndirect_dchart_public,2026-06-08T09:01:07.667972+00:00,banking_lead_index
2023-04-26,VNFINLEAD,1554.94,1575.35,1541.46,1575.35,113648900,vndirect_dchart_public,2026-06-08T09:01:07.667978+00:00,banking_lead_index
2023-04-27,VNFINLEAD,1579.51,1584.39,1572.02,1572.61,80355500,vndirect_dchart_public,2026-06-08T09:01:07.667983+00:00,banking_lead_index
2023-04-28,VNFINLEAD,1579.63,1585.48,1576.48,1585.18,121966100,vndirect_dchart_public,2026-06-08T09:01:07.667990+00:00,banking_lead_index
2023-05-04,VNFINLEAD,1578.96,1582.85,1569.59,1573.56,99836500,vndirect_dchart_public,2026-06-08T09:01:07.667995+00:00,banking_lead_index
2023-05-05,VNFINLEAD,1571.82,1578.08,1561.31,1563.23,74879000,vndirect_dchart_public,2026-06-08T09:01:07.668000+00:00,banking_lead_index
2023-05-08,VNFINLEAD,1569.51,1591.17,1569.25,1590.27,118082300,vndirect_dchart_public,2026-06-08T09:01:07.668006+00:00,banking_lead_index
2023-05-09,VNFINLEAD,1590.47,1597.04,1586.68,1590.81,86807300,vndirect_dchart_public,2026-06-08T09:01:07.668011+00:00,banking_lead_index
2023-05-10,VNFINLEAD,1594.4,1607.7,1590.04,1606.79,138690900,vndirect_dchart_public,2026-06-08T09:01:07.668016+00:00,banking_lead_index
2023-05-11,VNFINLEAD,1612.73,1617.33,1605.8,1606.31,139067700,vndirect_dchart_public,2026-06-08T09:01:07.668021+00:00,banking_lead_index
2023-05-12,VNFINLEAD,1609.42,1621.82,1601.45,1621.82,137674500,vndirect_dchart_public,2026-06-08T09:01:07.668027+00:00,banking_lead_index
2023-05-15,VNFINLEAD,1622.82,1648.84,1622.82,1625.1,192968700,vndirect_dchart_public,2026-06-08T09:01:07.668034+00:00,banking_lead_index
2023-05-16,VNFINLEAD,1628.98,1631.07,1622.66,1626.36,119188800,vndirect_dchart_public,2026-06-08T09:01:07.668039+00:00,banking_lead_index
2023-05-17,VNFINLEAD,1625.05,1628.62,1603.42,1603.56,155609100,vndirect_dchart_public,2026-06-08T09:01:07.668044+00:00,banking_lead_index
2023-05-18,VNFINLEAD,1607.52,1627.35,1604.3,1617.19,151081400,vndirect_dchart_public,2026-06-08T09:01:07.668050+00:00,banking_lead_index
2023-05-19,VNFINLEAD,1620.99,1630.32,1612.86,1629.38,197395400,vndirect_dchart_public,2026-06-08T09:01:07.668260+00:00,banking_lead_index
2023-05-22,VNFINLEAD,1633.68,1649.64,1632.53,1649.64,166524000,vndirect_dchart_public,2026-06-08T09:01:07.668271+00:00,banking_lead_index
2023-05-23,VNFINLEAD,1650.47,1657.16,1635.97,1644.64,198914800,vndirect_dchart_public,2026-06-08T09:01:07.668276+00:00,banking_lead_index
2023-05-24,VNFINLEAD,1652.58,1652.58,1625.39,1626.2,176380800,vndirect_dchart_public,2026-06-08T09:01:07.668282+00:00,banking_lead_index
2023-05-25,VNFINLEAD,1622.59,1626.22,1611.52,1615.24,162709700,vndirect_dchart_public,2026-06-08T09:01:07.668287+00:00,banking_lead_index
2023-05-26,VNFINLEAD,1619.56,1622.35,1612.17,1617.26,109126900,vndirect_dchart_public,2026-06-08T09:01:07.668295+00:00,banking_lead_index
2023-05-29,VNFINLEAD,1622.08,1646.98,1622.08,1645.5,170811700,vndirect_dchart_public,2026-06-08T09:01:07.668302+00:00,banking_lead_index
2023-05-30,VNFINLEAD,1655.82,1656.12,1638.09,1650.05,160022900,vndirect_dchart_public,2026-06-08T09:01:07.668307+00:00,banking_lead_index
2023-05-31,VNFINLEAD,1651.2,1653.81,1639.13,1645.38,199587900,vndirect_dchart_public,2026-06-08T09:01:07.668312+00:00,banking_lead_index
2023-06-01,VNFINLEAD,1643.7,1660.32,1637.44,1660.32,176063600,vndirect_dchart_public,2026-06-08T09:01:07.668317+00:00,banking_lead_index
2023-06-02,VNFINLEAD,1676.63,1717.42,1675.41,1705.73,304688800,vndirect_dchart_public,2026-06-08T09:01:07.668323+00:00,banking_lead_index
2023-06-05,VNFINLEAD,1725.36,1726.94,1701.39,1702.5,243397300,vndirect_dchart_public,2026-06-08T09:01:07.668328+00:00,banking_lead_index
2023-06-06,VNFINLEAD,1703.07,1733.49,1696.34,1733.49,261367200,vndirect_dchart_public,2026-06-08T09:01:07.668334+00:00,banking_lead_index
2023-06-07,VNFINLEAD,1735.86,1738.93,1722.51,1730.9,206696100,vndirect_dchart_public,2026-06-08T09:01:07.668339+00:00,banking_lead_index
2023-06-08,VNFINLEAD,1732.67,1737.81,1692.74,1692.74,292058800,vndirect_dchart_public,2026-06-08T09:01:07.668346+00:00,banking_lead_index
2023-06-09,VNFINLEAD,1699.45,1716.35,1684.0,1716.35,204284100,vndirect_dchart_public,2026-06-08T09:01:07.668351+00:00,banking_lead_index
2023-06-12,VNFINLEAD,1720.91,1723.11,1694.17,1722.91,150259900,vndirect_dchart_public,2026-06-08T09:01:07.668356+00:00,banking_lead_index
2023-06-13,VNFINLEAD,1725.84,1728.01,1714.36,1722.19,155274800,vndirect_dchart_public,2026-06-08T09:01:07.668362+00:00,banking_lead_index
2023-06-14,VNFINLEAD,1726.29,1740.53,1717.26,1717.26,237006100,vndirect_dchart_public,2026-06-08T09:01:07.668367+00:00,banking_lead_index
2023-06-15,VNFINLEAD,1717.56,1722.78,1710.53,1719.52,157926600,vndirect_dchart_public,2026-06-08T09:01:07.668372+00:00,banking_lead_index
2023-06-16,VNFINLEAD,1719.54,1771.16,1719.54,1734.83,350297100,vndirect_dchart_public,2026-06-08T09:01:07.668377+00:00,banking_lead_index
2023-06-19,VNFINLEAD,1737.86,1740.0,1722.82,1725.98,160415700,vndirect_dchart_public,2026-06-08T09:01:07.668383+00:00,banking_lead_index
2023-06-20,VNFINLEAD,1725.6,1731.29,1708.96,1731.29,143518500,vndirect_dchart_public,2026-06-08T09:01:07.668388+00:00,banking_lead_index
2023-06-21,VNFINLEAD,1731.14,1743.76,1727.84,1743.76,172133800,vndirect_dchart_public,2026-06-08T09:01:07.668394+00:00,banking_lead_index
2023-06-22,VNFINLEAD,1758.32,1766.62,1750.94,1752.25,186182900,vndirect_dchart_public,2026-06-08T09:01:07.668401+00:00,banking_lead_index
2023-06-23,VNFINLEAD,1759.84,1779.14,1758.52,1769.49,220952000,vndirect_dchart_public,2026-06-08T09:01:07.668406+00:00,banking_lead_index
2023-06-26,VNFINLEAD,1773.25,1778.01,1744.12,1765.01,199709500,vndirect_dchart_public,2026-06-08T09:01:07.668411+00:00,banking_lead_index
2023-06-27,VNFINLEAD,1769.06,1772.61,1758.24,1764.09,133090200,vndirect_dchart_public,2026-06-08T09:01:07.668416+00:00,banking_lead_index
2023-06-28,VNFINLEAD,1764.23,1784.8,1762.01,1779.96,176634900,vndirect_dchart_public,2026-06-08T09:01:07.668423+00:00,banking_lead_index
2023-06-29,VNFINLEAD,1783.36,1785.15,1747.39,1747.39,181048900,vndirect_dchart_public,2026-06-08T09:01:07.668428+00:00,banking_lead_index
2023-06-30,VNFINLEAD,1747.87,1751.78,1739.66,1747.1,121363100,vndirect_dchart_public,2026-06-08T09:01:07.668433+00:00,banking_lead_index
2023-07-03,VNFINLEAD,1754.02,1757.48,1739.6,1745.34,131754800,vndirect_dchart_public,2026-06-08T09:01:07.668438+00:00,banking_lead_index
2023-07-04,VNFINLEAD,1746.46,1760.74,1741.85,1760.74,179453800,vndirect_dchart_public,2026-06-08T09:01:07.668443+00:00,banking_lead_index
2023-07-05,VNFINLEAD,1768.26,1777.02,1759.73,1759.73,164382900,vndirect_dchart_public,2026-06-08T09:01:07.668448+00:00,banking_lead_index
2023-07-06,VNFINLEAD,1760.35,1765.13,1730.34,1735.56,290932300,vndirect_dchart_public,2026-06-08T09:01:07.668453+00:00,banking_lead_index
2023-07-07,VNFINLEAD,1733.06,1754.53,1725.05,1754.53,178296900,vndirect_dchart_public,2026-06-08T09:01:07.668458+00:00,banking_lead_index
2023-07-10,VNFINLEAD,1765.3,1776.48,1759.16,1774.28,226062400,vndirect_dchart_public,2026-06-08T09:01:07.668463+00:00,banking_lead_index
2023-07-11,VNFINLEAD,1776.03,1794.8,1776.03,1783.64,230903400,vndirect_dchart_public,2026-06-08T09:01:07.668469+00:00,banking_lead_index
2023-07-12,VNFINLEAD,1786.5,1788.81,1764.45,1771.27,196807600,vndirect_dchart_public,2026-06-08T09:01:07.668474+00:00,banking_lead_index
2023-07-13,VNFINLEAD,1779.6,1787.5,1774.28,1787.5,158663800,vndirect_dchart_public,2026-06-08T09:01:07.668480+00:00,banking_lead_index
2023-07-14,VNFINLEAD,1798.13,1798.59,1755.84,1782.82,270605200,vndirect_dchart_public,2026-06-08T09:01:07.668485+00:00,banking_lead_index
2023-07-17,VNFINLEAD,1789.52,1792.85,1776.69,1782.39,200005800,vndirect_dchart_public,2026-06-08T09:01:07.668490+00:00,banking_lead_index
2023-07-18,VNFINLEAD,1783.59,1799.26,1779.48,1799.26,204164200,vndirect_dchart_public,2026-06-08T09:01:07.668495+00:00,banking_lead_index
2023-07-19,VNFINLEAD,1805.3,1808.35,1791.4,1791.4,168870500,vndirect_dchart_public,2026-06-08T09:01:07.668500+00:00,banking_lead_index
2023-07-20,VNFINLEAD,1791.52,1794.34,1774.46,1785.94,211570800,vndirect_dchart_public,2026-06-08T09:01:07.668506+00:00,banking_lead_index
2023-07-21,VNFINLEAD,1787.27,1813.96,1783.22,1813.96,240086100,vndirect_dchart_public,2026-06-08T09:01:07.668511+00:00,banking_lead_index
2023-07-24,VNFINLEAD,1824.62,1826.89,1810.08,1825.72,200960000,vndirect_dchart_public,2026-06-08T09:01:07.668516+00:00,banking_lead_index
2023-07-25,VNFINLEAD,1830.81,1855.77,1830.11,1838.18,234936000,vndirect_dchart_public,2026-06-08T09:01:07.668521+00:00,banking_lead_index
2023-07-26,VNFINLEAD,1838.47,1841.04,1827.36,1838.4,169371800,vndirect_dchart_public,2026-06-08T09:01:07.668526+00:00,banking_lead_index
2023-07-27,VNFINLEAD,1839.04,1841.92,1817.8,1830.83,209083500,vndirect_dchart_public,2026-06-08T09:01:07.668531+00:00,banking_lead_index
2023-07-28,VNFINLEAD,1830.03,1855.63,1828.63,1855.63,222344900,vndirect_dchart_public,2026-06-08T09:01:07.668536+00:00,banking_lead_index
2023-07-31,VNFINLEAD,1867.5,1872.82,1857.46,1870.68,216729200,vndirect_dchart_public,2026-06-08T09:01:07.668541+00:00,banking_lead_index
2023-08-01,VNFINLEAD,1878.07,1886.62,1858.44,1858.44,287740000,vndirect_dchart_public,2026-06-08T09:01:07.668546+00:00,banking_lead_index
2023-08-02,VNFINLEAD,1856.08,1874.26,1851.48,1870.34,200630800,vndirect_dchart_public,2026-06-08T09:01:07.668551+00:00,banking_lead_index
2023-08-03,VNFINLEAD,1870.8,1876.44,1849.69,1852.43,214248200,vndirect_dchart_public,2026-06-08T09:01:07.668556+00:00,banking_lead_index
2023-08-04,VNFINLEAD,1853.31,1886.63,1850.95,1886.63,246368200,vndirect_dchart_public,2026-06-08T09:01:07.668561+00:00,banking_lead_index
2023-08-07,VNFINLEAD,1884.84,1927.85,1884.84,1921.25,294060100,vndirect_dchart_public,2026-06-08T09:01:07.668566+00:00,banking_lead_index
2023-08-08,VNFINLEAD,1924.06,1930.07,1900.09,1900.41,205025800,vndirect_dchart_public,2026-06-08T09:01:07.668571+00:00,banking_lead_index
2023-08-09,VNFINLEAD,1897.56,1905.88,1886.87,1902.93,208061600,vndirect_dchart_public,2026-06-08T09:01:07.668576+00:00,banking_lead_index
2023-08-10,VNFINLEAD,1903.92,1906.7,1874.68,1878.92,189350900,vndirect_dchart_public,2026-06-08T09:01:07.668582+00:00,banking_lead_index
2023-08-11,VNFINLEAD,1884.03,1894.61,1861.9,1894.61,208763800,vndirect_dchart_public,2026-06-08T09:01:07.668587+00:00,banking_lead_index
2023-08-14,VNFINLEAD,1899.74,1913.43,1887.62,1912.57,234041200,vndirect_dchart_public,2026-06-08T09:01:07.668592+00:00,banking_lead_index
2023-08-15,VNFINLEAD,1914.66,1916.33,1896.59,1904.37,152275100,vndirect_dchart_public,2026-06-08T09:01:07.668598+00:00,banking_lead_index
2023-08-16,VNFINLEAD,1901.58,1934.64,1892.37,1934.64,232457900,vndirect_dchart_public,2026-06-08T09:01:07.668605+00:00,banking_lead_index
2023-08-17,VNFINLEAD,1936.4,1944.89,1925.75,1925.75,243799100,vndirect_dchart_public,2026-06-08T09:01:07.668611+00:00,banking_lead_index
2023-08-18,VNFINLEAD,1915.71,1921.65,1818.2,1825.12,399453400,vndirect_dchart_public,2026-06-08T09:01:07.668616+00:00,banking_lead_index
2023-08-21,VNFINLEAD,1828.75,1862.24,1820.32,1847.97,252521200,vndirect_dchart_public,2026-06-08T09:01:07.668621+00:00,banking_lead_index
2023-08-22,VNFINLEAD,1851.51,1868.96,1794.08,1868.96,252886400,vndirect_dchart_public,2026-06-08T09:01:07.668626+00:00,banking_lead_index
2023-08-23,VNFINLEAD,1885.21,1887.83,1840.06,1842.6,182187700,vndirect_dchart_public,2026-06-08T09:01:07.668631+00:00,banking_lead_index
2023-08-24,VNFINLEAD,1848.17,1877.99,1840.86,1877.29,172515200,vndirect_dchart_public,2026-06-08T09:01:07.668635+00:00,banking_lead_index
2023-08-25,VNFINLEAD,1877.03,1880.9,1862.14,1868.72,192244200,vndirect_dchart_public,2026-06-08T09:01:07.668640+00:00,banking_lead_index
2023-08-28,VNFINLEAD,1875.51,1892.94,1870.18,1890.34,166380700,vndirect_dchart_public,2026-06-08T09:01:07.668647+00:00,banking_lead_index
2023-08-29,VNFINLEAD,1896.1,1908.7,1886.98,1901.49,206796800,vndirect_dchart_public,2026-06-08T09:01:07.668652+00:00,banking_lead_index
2023-08-30,VNFINLEAD,1904.52,1931.36,1902.12,1929.94,205689700,vndirect_dchart_public,2026-06-08T09:01:07.668657+00:00,banking_lead_index
2023-08-31,VNFINLEAD,1930.6,1944.58,1928.41,1944.58,169131400,vndirect_dchart_public,2026-06-08T09:01:07.668663+00:00,banking_lead_index
2023-09-05,VNFINLEAD,1955.29,1971.57,1949.32,1958.24,261762700,vndirect_dchart_public,2026-06-08T09:01:07.668668+00:00,banking_lead_index
2023-09-06,VNFINLEAD,1961.94,1983.35,1947.44,1983.35,208692500,vndirect_dchart_public,2026-06-08T09:01:07.668673+00:00,banking_lead_index
2023-09-07,VNFINLEAD,1986.51,2004.63,1974.59,1982.54,246817200,vndirect_dchart_public,2026-06-08T09:01:07.668677+00:00,banking_lead_index
2023-09-08,VNFINLEAD,1978.92,1988.07,1971.62,1971.75,173135600,vndirect_dchart_public,2026-06-08T09:01:07.668682+00:00,banking_lead_index
2023-09-11,VNFINLEAD,1974.9,1987.37,1942.62,1943.48,310482000,vndirect_dchart_public,2026-06-08T09:01:07.668687+00:00,banking_lead_index
2023-09-12,VNFINLEAD,1947.08,1997.99,1937.65,1997.99,217852900,vndirect_dchart_public,2026-06-08T09:01:07.668691+00:00,banking_lead_index
2023-09-13,VNFINLEAD,2005.2,2010.26,1976.93,1987.03,238515200,vndirect_dchart_public,2026-06-08T09:01:07.668696+00:00,banking_lead_index
2023-09-14,VNFINLEAD,1986.74,2010.16,1971.7,1980.13,263734300,vndirect_dchart_public,2026-06-08T09:01:07.668701+00:00,banking_lead_index
2023-09-15,VNFINLEAD,1983.03,2006.93,1983.03,1989.48,237099900,vndirect_dchart_public,2026-06-08T09:01:07.668707+00:00,banking_lead_index
2023-09-18,VNFINLEAD,1982.93,1989.75,1954.79,1968.43,215075200,vndirect_dchart_public,2026-06-08T09:01:07.668712+00:00,banking_lead_index
2023-09-19,VNFINLEAD,1968.2,1981.29,1950.07,1968.33,220692500,vndirect_dchart_public,2026-06-08T09:01:07.668717+00:00,banking_lead_index
2023-09-20,VNFINLEAD,1970.69,1990.26,1963.44,1984.46,189818300,vndirect_dchart_public,2026-06-08T09:01:07.668721+00:00,banking_lead_index
2023-09-21,VNFINLEAD,1980.52,1986.65,1944.89,1944.89,244731200,vndirect_dchart_public,2026-06-08T09:01:07.668726+00:00,banking_lead_index
2023-09-22,VNFINLEAD,1928.34,1928.34,1875.08,1911.02,349713500,vndirect_dchart_public,2026-06-08T09:01:07.668731+00:00,banking_lead_index
2023-09-25,VNFINLEAD,1906.16,1913.82,1828.39,1828.39,254375900,vndirect_dchart_public,2026-06-08T09:01:07.668736+00:00,banking_lead_index
2023-09-26,VNFINLEAD,1834.79,1863.56,1818.24,1818.24,230525800,vndirect_dchart_public,2026-06-08T09:01:07.668741+00:00,banking_lead_index
2023-09-27,VNFINLEAD,1827.19,1861.24,1803.85,1861.24,180733200,vndirect_dchart_public,2026-06-08T09:01:07.668749+00:00,banking_lead_index
2023-09-28,VNFINLEAD,1860.12,1860.12,1815.82,1847.3,188498100,vndirect_dchart_public,2026-06-08T09:01:07.668754+00:00,banking_lead_index
2023-09-29,VNFINLEAD,1858.41,1864.83,1843.53,1852.52,121962300,vndirect_dchart_public,2026-06-08T09:01:07.668759+00:00,banking_lead_index
2023-10-02,VNFINLEAD,1851.93,1864.17,1841.71,1852.55,110033000,vndirect_dchart_public,2026-06-08T09:01:07.668764+00:00,banking_lead_index
2023-10-03,VNFINLEAD,1836.59,1837.51,1776.11,1780.52,245084400,vndirect_dchart_public,2026-06-08T09:01:07.668768+00:00,banking_lead_index
2023-10-04,VNFINLEAD,1776.34,1824.55,1758.89,1805.07,160621900,vndirect_dchart_public,2026-06-08T09:01:07.668773+00:00,banking_lead_index
2023-10-05,VNFINLEAD,1808.68,1815.34,1783.87,1783.87,118644200,vndirect_dchart_public,2026-06-08T09:01:07.668778+00:00,banking_lead_index
2023-10-06,VNFINLEAD,1786.05,1822.67,1777.04,1820.81,149745600,vndirect_dchart_public,2026-06-08T09:01:07.668783+00:00,banking_lead_index
2023-10-09,VNFINLEAD,1821.17,1843.57,1812.97,1843.57,137135200,vndirect_dchart_public,2026-06-08T09:01:07.668788+00:00,banking_lead_index
2023-10-10,VNFINLEAD,1847.23,1864.33,1847.23,1852.64,148186600,vndirect_dchart_public,2026-06-08T09:01:07.668792+00:00,banking_lead_index
2023-10-11,VNFINLEAD,1855.55,1875.64,1844.81,1875.64,117365900,vndirect_dchart_public,2026-06-08T09:01:07.668797+00:00,banking_lead_index
2023-10-12,VNFINLEAD,1875.98,1882.43,1863.64,1870.12,130764900,vndirect_dchart_public,2026-06-08T09:01:07.668803+00:00,banking_lead_index
2023-10-13,VNFINLEAD,1856.07,1873.69,1845.73,1868.04,133932000,vndirect_dchart_public,2026-06-08T09:01:07.668808+00:00,banking_lead_index
2023-10-16,VNFINLEAD,1864.05,1864.82,1832.28,1837.39,169904300,vndirect_dchart_public,2026-06-08T09:01:07.668813+00:00,banking_lead_index
2023-10-17,VNFINLEAD,1845.31,1853.11,1822.76,1822.76,131698000,vndirect_dchart_public,2026-06-08T09:01:07.668818+00:00,banking_lead_index
2023-10-18,VNFINLEAD,1825.56,1835.86,1771.53,1805.27,214044100,vndirect_dchart_public,2026-06-08T09:01:07.668822+00:00,banking_lead_index
2023-10-19,VNFINLEAD,1805.41,1806.69,1761.43,1761.43,156580500,vndirect_dchart_public,2026-06-08T09:01:07.668827+00:00,banking_lead_index
2023-10-20,VNFINLEAD,1761.19,1805.12,1750.55,1801.31,159801300,vndirect_dchart_public,2026-06-08T09:01:07.668832+00:00,banking_lead_index
2023-10-23,VNFINLEAD,1795.72,1801.62,1767.28,1777.73,118262000,vndirect_dchart_public,2026-06-08T09:01:07.668836+00:00,banking_lead_index
2023-10-24,VNFINLEAD,1784.33,1811.01,1777.64,1799.15,108038700,vndirect_dchart_public,2026-06-08T09:01:07.668841+00:00,banking_lead_index
2023-10-25,VNFINLEAD,1800.63,1812.31,1788.02,1788.02,97674100,vndirect_dchart_public,2026-06-08T09:01:07.668846+00:00,banking_lead_index
2023-10-26,VNFINLEAD,1760.41,1762.97,1688.8,1707.55,312641200,vndirect_dchart_public,2026-06-08T09:01:07.668850+00:00,banking_lead_index
2023-10-27,VNFINLEAD,1723.46,1743.61,1702.58,1734.0,142575400,vndirect_dchart_public,2026-06-08T09:01:07.668855+00:00,banking_lead_index
2023-10-30,VNFINLEAD,1726.15,1728.95,1674.49,1674.49,111024900,vndirect_dchart_public,2026-06-08T09:01:07.668860+00:00,banking_lead_index
2023-10-31,VNFINLEAD,1674.81,1685.95,1646.27,1657.19,177219300,vndirect_dchart_public,2026-06-08T09:01:07.668864+00:00,banking_lead_index
2023-11-01,VNFINLEAD,1657.34,1690.87,1657.34,1687.24,142549100,vndirect_dchart_public,2026-06-08T09:01:07.668869+00:00,banking_lead_index
2023-11-02,VNFINLEAD,1688.01,1752.97,1688.01,1752.93,162579400,vndirect_dchart_public,2026-06-08T09:01:07.668874+00:00,banking_lead_index
2023-11-03,VNFINLEAD,1753.19,1765.38,1739.32,1746.2,189668400,vndirect_dchart_public,2026-06-08T09:01:07.668880+00:00,banking_lead_index
2023-11-06,VNFINLEAD,1761.21,1783.81,1758.48,1782.31,151813600,vndirect_dchart_public,2026-06-08T09:01:07.668884+00:00,banking_lead_index
2023-11-07,VNFINLEAD,1774.59,1783.59,1760.95,1760.95,121768600,vndirect_dchart_public,2026-06-08T09:01:07.668889+00:00,banking_lead_index
2023-11-08,VNFINLEAD,1761.76,1829.29,1755.83,1829.29,203072800,vndirect_dchart_public,2026-06-08T09:01:07.668894+00:00,banking_lead_index
2023-11-09,VNFINLEAD,1826.14,1836.18,1807.76,1807.76,208289400,vndirect_dchart_public,2026-06-08T09:01:07.668902+00:00,banking_lead_index
2023-11-10,VNFINLEAD,1793.15,1817.38,1786.9,1786.9,189198300,vndirect_dchart_public,2026-06-08T09:01:07.668907+00:00,banking_lead_index
2023-11-13,VNFINLEAD,1787.08,1797.37,1767.24,1784.8,138878100,vndirect_dchart_public,2026-06-08T09:01:07.668913+00:00,banking_lead_index
2023-11-14,VNFINLEAD,1795.08,1838.43,1795.08,1820.29,233605700,vndirect_dchart_public,2026-06-08T09:01:07.668917+00:00,banking_lead_index
2023-11-15,VNFINLEAD,1837.53,1860.15,1831.76,1836.29,243854500,vndirect_dchart_public,2026-06-08T09:01:07.668922+00:00,banking_lead_index
2023-11-16,VNFINLEAD,1830.52,1842.69,1821.47,1842.69,133586500,vndirect_dchart_public,2026-06-08T09:01:07.668926+00:00,banking_lead_index
2023-11-17,VNFINLEAD,1845.86,1851.12,1783.75,1795.25,228964200,vndirect_dchart_public,2026-06-08T09:01:07.668931+00:00,banking_lead_index
2023-11-20,VNFINLEAD,1775.35,1818.62,1760.11,1803.5,188455000,vndirect_dchart_public,2026-06-08T09:01:07.668935+00:00,banking_lead_index
2023-11-21,VNFINLEAD,1804.8,1824.17,1804.8,1812.56,133186600,vndirect_dchart_public,2026-06-08T09:01:07.668940+00:00,banking_lead_index
2023-11-22,VNFINLEAD,1812.47,1820.7,1798.93,1819.17,159746300,vndirect_dchart_public,2026-06-08T09:01:07.668944+00:00,banking_lead_index
2023-11-23,VNFINLEAD,1822.9,1828.66,1764.28,1764.28,191937400,vndirect_dchart_public,2026-06-08T09:01:07.668948+00:00,banking_lead_index
2023-11-24,VNFINLEAD,1773.34,1777.17,1740.18,1777.17,183275200,vndirect_dchart_public,2026-06-08T09:01:07.668953+00:00,banking_lead_index
2023-11-27,VNFINLEAD,1775.54,1776.19,1743.39,1743.39,120976200,vndirect_dchart_public,2026-06-08T09:01:07.668957+00:00,banking_lead_index
2023-11-28,VNFINLEAD,1744.6,1763.23,1719.99,1763.23,135975600,vndirect_dchart_public,2026-06-08T09:01:07.668961+00:00,banking_lead_index
2023-11-29,VNFINLEAD,1764.65,1775.02,1758.5,1763.54,110883700,vndirect_dchart_public,2026-06-08T09:01:07.668966+00:00,banking_lead_index
2023-11-30,VNFINLEAD,1762.92,1778.71,1752.79,1752.79,137245400,vndirect_dchart_public,2026-06-08T09:01:07.668970+00:00,banking_lead_index
2023-12-01,VNFINLEAD,1763.57,1768.18,1742.04,1765.93,119682400,vndirect_dchart_public,2026-06-08T09:01:07.668975+00:00,banking_lead_index
2023-12-04,VNFINLEAD,1777.96,1815.21,1776.76,1806.0,270734300,vndirect_dchart_public,2026-06-08T09:01:07.668979+00:00,banking_lead_index
2023-12-05,VNFINLEAD,1807.05,1809.86,1786.97,1790.32,149028100,vndirect_dchart_public,2026-06-08T09:01:07.668984+00:00,banking_lead_index
2023-12-06,VNFINLEAD,1791.91,1810.43,1789.84,1808.83,174665700,vndirect_dchart_public,2026-06-08T09:01:07.668992+00:00,banking_lead_index
2023-12-07,VNFINLEAD,1809.5,1828.18,1786.72,1814.06,334041700,vndirect_dchart_public,2026-06-08T09:01:07.668996+00:00,banking_lead_index
2023-12-08,VNFINLEAD,1813.82,1822.13,1799.63,1808.44,157431900,vndirect_dchart_public,2026-06-08T09:01:07.669001+00:00,banking_lead_index
2023-12-11,VNFINLEAD,1809.71,1811.51,1790.1,1802.94,149267500,vndirect_dchart_public,2026-06-08T09:01:07.669006+00:00,banking_lead_index
2023-12-12,VNFINLEAD,1806.39,1809.81,1795.78,1806.24,118049200,vndirect_dchart_public,2026-06-08T09:01:07.669010+00:00,banking_lead_index
2023-12-13,VNFINLEAD,1810.91,1814.24,1780.51,1780.51,175860100,vndirect_dchart_public,2026-06-08T09:01:07.669015+00:00,banking_lead_index
2023-12-14,VNFINLEAD,1787.37,1794.25,1770.28,1771.51,147757300,vndirect_dchart_public,2026-06-08T09:01:07.669019+00:00,banking_lead_index
2023-12-15,VNFINLEAD,1772.79,1785.84,1766.28,1766.93,166203800,vndirect_dchart_public,2026-06-08T09:01:07.669024+00:00,banking_lead_index
2023-12-18,VNFINLEAD,1768.2,1770.14,1742.01,1743.99,147705800,vndirect_dchart_public,2026-06-08T09:01:07.669029+00:00,banking_lead_index
2023-12-19,VNFINLEAD,1740.68,1758.12,1727.06,1758.12,144388900,vndirect_dchart_public,2026-06-08T09:01:07.669033+00:00,banking_lead_index
2023-12-20,VNFINLEAD,1758.04,1764.09,1747.43,1762.44,111325300,vndirect_dchart_public,2026-06-08T09:01:07.669038+00:00,banking_lead_index
2023-12-21,VNFINLEAD,1754.52,1760.51,1748.83,1757.86,98580200,vndirect_dchart_public,2026-06-08T09:01:07.669070+00:00,banking_lead_index
2023-12-22,VNFINLEAD,1757.56,1773.57,1754.77,1763.83,138138700,vndirect_dchart_public,2026-06-08T09:01:07.669074+00:00,banking_lead_index
2023-12-25,VNFINLEAD,1768.92,1785.85,1766.42,1780.78,115201900,vndirect_dchart_public,2026-06-08T09:01:07.669081+00:00,banking_lead_index
2023-12-26,VNFINLEAD,1781.58,1786.75,1772.12,1782.57,124754900,vndirect_dchart_public,2026-06-08T09:01:07.669086+00:00,banking_lead_index
2023-12-27,VNFINLEAD,1786.65,1792.78,1784.21,1785.12,131717900,vndirect_dchart_public,2026-06-08T09:01:07.669091+00:00,banking_lead_index
2023-12-28,VNFINLEAD,1787.36,1804.81,1782.91,1804.21,134997900,vndirect_dchart_public,2026-06-08T09:01:07.669095+00:00,banking_lead_index
2023-12-29,VNFINLEAD,1807.37,1821.71,1806.05,1816.47,171628700,vndirect_dchart_public,2026-06-08T09:01:07.669100+00:00,banking_lead_index
2024-01-02,VNFINLEAD,1824.85,1837.69,1817.73,1818.95,194190800,vndirect_dchart_public,2026-06-08T09:01:07.669104+00:00,banking_lead_index
2024-01-03,VNFINLEAD,1819.31,1848.61,1811.71,1848.61,172740100,vndirect_dchart_public,2026-06-08T09:01:07.669109+00:00,banking_lead_index
2024-01-04,VNFINLEAD,1850.83,1907.57,1850.83,1876.68,450355300,vndirect_dchart_public,2026-06-08T09:01:07.669115+00:00,banking_lead_index
2024-01-05,VNFINLEAD,1877.55,1896.22,1874.38,1891.43,237370900,vndirect_dchart_public,2026-06-08T09:01:07.669120+00:00,banking_lead_index
2024-01-08,VNFINLEAD,1897.96,1910.44,1887.49,1899.73,220020900,vndirect_dchart_public,2026-06-08T09:01:07.669124+00:00,banking_lead_index
2024-01-09,VNFINLEAD,1900.38,1904.52,1890.62,1898.46,211306100,vndirect_dchart_public,2026-06-08T09:01:07.669129+00:00,banking_lead_index
2024-01-10,VNFINLEAD,1897.95,1925.49,1896.21,1914.1,359055100,vndirect_dchart_public,2026-06-08T09:01:07.669134+00:00,banking_lead_index
2024-01-11,VNFINLEAD,1921.74,1940.25,1907.88,1919.6,287111100,vndirect_dchart_public,2026-06-08T09:01:07.669139+00:00,banking_lead_index
2024-01-12,VNFINLEAD,1914.98,1942.25,1892.28,1934.71,378944400,vndirect_dchart_public,2026-06-08T09:01:07.669143+00:00,banking_lead_index
2024-01-15,VNFINLEAD,1941.04,1950.45,1914.9,1914.9,201737100,vndirect_dchart_public,2026-06-08T09:01:07.669148+00:00,banking_lead_index
2024-01-16,VNFINLEAD,1909.62,1925.66,1901.85,1925.66,186500100,vndirect_dchart_public,2026-06-08T09:01:07.669152+00:00,banking_lead_index
2024-01-17,VNFINLEAD,1925.35,1944.6,1919.75,1920.19,229383200,vndirect_dchart_public,2026-06-08T09:01:07.669157+00:00,banking_lead_index
2024-01-18,VNFINLEAD,1924.13,1936.72,1919.39,1932.78,175996200,vndirect_dchart_public,2026-06-08T09:01:07.669162+00:00,banking_lead_index
2024-01-19,VNFINLEAD,1941.09,1952.66,1939.69,1952.66,220221800,vndirect_dchart_public,2026-06-08T09:01:07.669166+00:00,banking_lead_index
2024-01-22,VNFINLEAD,1961.09,1971.27,1946.53,1959.37,215845100,vndirect_dchart_public,2026-06-08T09:01:07.669171+00:00,banking_lead_index
2024-01-23,VNFINLEAD,1965.39,1969.51,1951.88,1955.57,195777200,vndirect_dchart_public,2026-06-08T09:01:07.669175+00:00,banking_lead_index
2024-01-24,VNFINLEAD,1953.0,1974.95,1950.81,1956.21,237697800,vndirect_dchart_public,2026-06-08T09:01:07.669180+00:00,banking_lead_index
2024-01-25,VNFINLEAD,1960.82,1960.91,1946.97,1951.81,141919400,vndirect_dchart_public,2026-06-08T09:01:07.669184+00:00,banking_lead_index
2024-01-26,VNFINLEAD,1957.55,1965.6,1955.66,1961.26,138146500,vndirect_dchart_public,2026-06-08T09:01:07.669189+00:00,banking_lead_index
2024-01-29,VNFINLEAD,1964.31,1969.95,1955.99,1955.99,140922600,vndirect_dchart_public,2026-06-08T09:01:07.669194+00:00,banking_lead_index
2024-01-30,VNFINLEAD,1954.06,1962.79,1950.8,1962.02,142632700,vndirect_dchart_public,2026-06-08T09:01:07.669198+00:00,banking_lead_index
2024-01-31,VNFINLEAD,1965.34,1968.55,1927.32,1930.54,391781000,vndirect_dchart_public,2026-06-08T09:01:07.669205+00:00,banking_lead_index
2024-02-01,VNFINLEAD,1928.63,1941.02,1920.78,1929.24,142669700,vndirect_dchart_public,2026-06-08T09:01:07.669210+00:00,banking_lead_index
2024-02-02,VNFINLEAD,1930.85,1940.62,1923.94,1923.94,213756000,vndirect_dchart_public,2026-06-08T09:01:07.669215+00:00,banking_lead_index
2024-02-05,VNFINLEAD,1927.76,1984.64,1927.76,1975.69,292059100,vndirect_dchart_public,2026-06-08T09:01:07.669220+00:00,banking_lead_index
2024-02-06,VNFINLEAD,1980.79,1992.75,1976.94,1980.64,150564800,vndirect_dchart_public,2026-06-08T09:01:07.669225+00:00,banking_lead_index
2024-02-07,VNFINLEAD,1983.83,2016.23,1983.74,2011.39,236113300,vndirect_dchart_public,2026-06-08T09:01:07.669231+00:00,banking_lead_index
2024-02-15,VNFINLEAD,2012.49,2049.02,2012.49,2027.19,310926300,vndirect_dchart_public,2026-06-08T09:01:07.669236+00:00,banking_lead_index
2024-02-16,VNFINLEAD,2036.55,2036.55,2014.07,2023.71,208897500,vndirect_dchart_public,2026-06-08T09:01:07.669241+00:00,banking_lead_index
2024-02-19,VNFINLEAD,2027.85,2030.33,2003.03,2025.76,267947500,vndirect_dchart_public,2026-06-08T09:01:07.669245+00:00,banking_lead_index
2024-02-20,VNFINLEAD,2026.37,2031.89,2014.07,2021.82,207190900,vndirect_dchart_public,2026-06-08T09:01:07.669250+00:00,banking_lead_index
2024-02-21,VNFINLEAD,2022.43,2045.89,2017.17,2033.12,297146500,vndirect_dchart_public,2026-06-08T09:01:07.669254+00:00,banking_lead_index
2024-02-22,VNFINLEAD,2032.42,2035.6,2021.9,2029.44,210165700,vndirect_dchart_public,2026-06-08T09:01:07.669259+00:00,banking_lead_index
2024-02-23,VNFINLEAD,2029.87,2067.72,2003.47,2003.47,470247400,vndirect_dchart_public,2026-06-08T09:01:07.669265+00:00,banking_lead_index
2024-02-26,VNFINLEAD,2004.57,2022.78,1993.8,2018.23,256578100,vndirect_dchart_public,2026-06-08T09:01:07.669269+00:00,banking_lead_index
2024-02-27,VNFINLEAD,2025.8,2038.88,2015.92,2037.52,258759100,vndirect_dchart_public,2026-06-08T09:01:07.669274+00:00,banking_lead_index
2024-02-28,VNFINLEAD,2044.84,2066.11,2036.14,2066.11,257873900,vndirect_dchart_public,2026-06-08T09:01:07.669278+00:00,banking_lead_index
2024-02-29,VNFINLEAD,2070.12,2088.36,2054.22,2069.12,308466800,vndirect_dchart_public,2026-06-08T09:01:07.669283+00:00,banking_lead_index
2024-03-01,VNFINLEAD,2073.03,2077.22,2058.49,2072.71,250128900,vndirect_dchart_public,2026-06-08T09:01:07.669287+00:00,banking_lead_index
2024-03-04,VNFINLEAD,2083.79,2084.52,2059.83,2070.2,261960400,vndirect_dchart_public,2026-06-08T09:01:07.669292+00:00,banking_lead_index
2024-03-05,VNFINLEAD,2071.19,2084.1,2057.99,2084.1,212008800,vndirect_dchart_public,2026-06-08T09:01:07.669297+00:00,banking_lead_index
2024-03-06,VNFINLEAD,2084.57,2099.88,2059.41,2068.81,255897500,vndirect_dchart_public,2026-06-08T09:01:07.669303+00:00,banking_lead_index
2024-03-07,VNFINLEAD,2069.17,2080.72,2062.58,2071.83,243462800,vndirect_dchart_public,2026-06-08T09:01:07.669307+00:00,banking_lead_index
2024-03-08,VNFINLEAD,2072.79,2080.33,2024.53,2024.53,420237400,vndirect_dchart_public,2026-06-08T09:01:07.669312+00:00,banking_lead_index
2024-03-11,VNFINLEAD,2024.65,2028.83,1988.51,1993.51,262436900,vndirect_dchart_public,2026-06-08T09:01:07.669317+00:00,banking_lead_index
2024-03-12,VNFINLEAD,1990.73,2006.62,1986.63,1999.28,202308200,vndirect_dchart_public,2026-06-08T09:01:07.669321+00:00,banking_lead_index
2024-03-13,VNFINLEAD,2004.34,2052.88,1998.94,2052.88,225905000,vndirect_dchart_public,2026-06-08T09:01:07.669325+00:00,banking_lead_index
2024-03-14,VNFINLEAD,2052.76,2058.3,2022.48,2029.49,230092500,vndirect_dchart_public,2026-06-08T09:01:07.669330+00:00,banking_lead_index
2024-03-15,VNFINLEAD,2026.83,2041.49,2006.25,2031.69,250062400,vndirect_dchart_public,2026-06-08T09:01:07.669334+00:00,banking_lead_index
2024-03-18,VNFINLEAD,2030.98,2035.92,1954.78,1990.0,376572000,vndirect_dchart_public,2026-06-08T09:01:07.669339+00:00,banking_lead_index
2024-03-19,VNFINLEAD,1989.51,1999.13,1975.92,1987.96,174283300,vndirect_dchart_public,2026-06-08T09:01:07.669343+00:00,banking_lead_index
2024-03-20,VNFINLEAD,1991.42,2045.18,1979.47,2043.3,279614300,vndirect_dchart_public,2026-06-08T09:01:07.669348+00:00,banking_lead_index
2024-03-21,VNFINLEAD,2057.25,2084.09,2051.99,2084.09,307842300,vndirect_dchart_public,2026-06-08T09:01:07.669352+00:00,banking_lead_index
2024-03-22,VNFINLEAD,2095.43,2118.63,2078.02,2092.61,335455600,vndirect_dchart_public,2026-06-08T09:01:07.669357+00:00,banking_lead_index
2024-03-25,VNFINLEAD,2091.76,2103.02,2060.86,2070.1,304723800,vndirect_dchart_public,2026-06-08T09:01:07.669361+00:00,banking_lead_index
2024-03-26,VNFINLEAD,2064.51,2101.99,2060.34,2101.99,266225200,vndirect_dchart_public,2026-06-08T09:01:07.669365+00:00,banking_lead_index
2024-03-27,VNFINLEAD,2102.0,2111.14,2084.68,2101.47,183504000,vndirect_dchart_public,2026-06-08T09:01:07.669370+00:00,banking_lead_index
2024-03-28,VNFINLEAD,2110.39,2136.76,2101.47,2135.92,277480800,vndirect_dchart_public,2026-06-08T09:01:07.669382+00:00,banking_lead_index
2024-03-29,VNFINLEAD,2139.15,2141.28,2119.88,2123.58,215182700,vndirect_dchart_public,2026-06-08T09:01:07.669388+00:00,banking_lead_index
2024-04-01,VNFINLEAD,2116.04,2122.46,2094.14,2114.84,219158400,vndirect_dchart_public,2026-06-08T09:01:07.669393+00:00,banking_lead_index
2024-04-02,VNFINLEAD,2096.07,2102.81,2067.92,2102.81,333461500,vndirect_dchart_public,2026-06-08T09:01:07.669398+00:00,banking_lead_index
2024-04-03,VNFINLEAD,2099.92,2108.27,2072.65,2072.65,236301400,vndirect_dchart_public,2026-06-08T09:01:07.669403+00:00,banking_lead_index
2024-04-04,VNFINLEAD,2073.23,2079.92,2052.77,2052.77,220172900,vndirect_dchart_public,2026-06-08T09:01:07.669407+00:00,banking_lead_index
2024-04-05,VNFINLEAD,2034.99,2046.79,2023.86,2030.89,229349200,vndirect_dchart_public,2026-06-08T09:01:07.669412+00:00,banking_lead_index
2024-04-08,VNFINLEAD,2027.37,2036.58,2014.77,2026.09,192001000,vndirect_dchart_public,2026-06-08T09:01:07.669416+00:00,banking_lead_index
2024-04-09,VNFINLEAD,2028.3,2050.29,2018.45,2050.29,153510500,vndirect_dchart_public,2026-06-08T09:01:07.669420+00:00,banking_lead_index
2024-04-10,VNFINLEAD,2059.4,2068.3,2039.94,2039.94,165581100,vndirect_dchart_public,2026-06-08T09:01:07.669424+00:00,banking_lead_index
2024-04-11,VNFINLEAD,2038.65,2044.91,2022.0,2034.13,142188300,vndirect_dchart_public,2026-06-08T09:01:07.669428+00:00,banking_lead_index
2024-04-12,VNFINLEAD,2034.78,2083.53,2034.78,2080.47,234167500,vndirect_dchart_public,2026-06-08T09:01:07.669433+00:00,banking_lead_index
2024-04-15,VNFINLEAD,2079.14,2094.14,1969.25,1969.25,408046000,vndirect_dchart_public,2026-06-08T09:01:07.669437+00:00,banking_lead_index
2024-04-16,VNFINLEAD,1969.78,1988.94,1944.51,1982.36,317553200,vndirect_dchart_public,2026-06-08T09:01:07.669441+00:00,banking_lead_index
2024-04-17,VNFINLEAD,1982.67,1993.46,1937.09,1937.09,219143800,vndirect_dchart_public,2026-06-08T09:01:07.669445+00:00,banking_lead_index
2024-04-19,VNFINLEAD,1930.94,1953.26,1892.98,1914.51,283108700,vndirect_dchart_public,2026-06-08T09:01:07.669449+00:00,banking_lead_index
2024-04-22,VNFINLEAD,1935.34,1975.32,1935.34,1960.35,183973800,vndirect_dchart_public,2026-06-08T09:01:07.669453+00:00,banking_lead_index
2024-04-23,VNFINLEAD,1960.64,1977.73,1935.51,1952.03,229890500,vndirect_dchart_public,2026-06-08T09:01:07.669457+00:00,banking_lead_index
2024-04-24,VNFINLEAD,1968.4,2004.2,1964.14,1998.6,189908300,vndirect_dchart_public,2026-06-08T09:01:07.669461+00:00,banking_lead_index
2024-04-25,VNFINLEAD,2000.45,2000.45,1974.19,1986.72,132774100,vndirect_dchart_public,2026-06-08T09:01:07.669465+00:00,banking_lead_index
2024-04-26,VNFINLEAD,1972.47,1998.62,1970.32,1989.74,156881400,vndirect_dchart_public,2026-06-08T09:01:07.669469+00:00,banking_lead_index
2024-05-02,VNFINLEAD,1993.57,1995.48,1968.94,1977.54,123527100,vndirect_dchart_public,2026-06-08T09:01:07.669473+00:00,banking_lead_index
2024-05-03,VNFINLEAD,1982.64,2004.94,1980.6,1988.55,143723400,vndirect_dchart_public,2026-06-08T09:01:07.669477+00:00,banking_lead_index
2024-05-06,VNFINLEAD,2002.46,2022.51,1995.7,2022.51,168072000,vndirect_dchart_public,2026-06-08T09:01:07.669483+00:00,banking_lead_index
2024-05-07,VNFINLEAD,2028.08,2028.34,2009.12,2018.31,120482000,vndirect_dchart_public,2026-06-08T09:01:07.669487+00:00,banking_lead_index
2024-05-08,VNFINLEAD,2008.68,2025.92,1996.53,2014.04,204856700,vndirect_dchart_public,2026-06-08T09:01:07.669491+00:00,banking_lead_index
2024-05-09,VNFINLEAD,2021.09,2028.27,1999.1,2010.12,155048400,vndirect_dchart_public,2026-06-08T09:01:07.669496+00:00,banking_lead_index
2024-05-10,VNFINLEAD,2015.62,2015.89,1994.66,2005.1,122797600,vndirect_dchart_public,2026-06-08T09:01:07.669501+00:00,banking_lead_index
2024-05-13,VNFINLEAD,2011.33,2013.99,1994.72,2003.71,134539200,vndirect_dchart_public,2026-06-08T09:01:07.669505+00:00,banking_lead_index
2024-05-14,VNFINLEAD,2011.69,2024.25,2001.41,2006.02,131789900,vndirect_dchart_public,2026-06-08T09:01:07.669510+00:00,banking_lead_index
2024-05-15,VNFINLEAD,2013.99,2030.01,2008.12,2019.04,175664800,vndirect_dchart_public,2026-06-08T09:01:07.669514+00:00,banking_lead_index
2024-05-16,VNFINLEAD,2038.57,2064.37,2033.63,2060.21,265678500,vndirect_dchart_public,2026-06-08T09:01:07.669518+00:00,banking_lead_index
2024-05-17,VNFINLEAD,2063.71,2074.22,2055.31,2068.28,219806100,vndirect_dchart_public,2026-06-08T09:01:07.669524+00:00,banking_lead_index
2024-05-20,VNFINLEAD,2081.66,2094.23,2077.88,2079.36,248824400,vndirect_dchart_public,2026-06-08T09:01:07.669528+00:00,banking_lead_index
2024-05-21,VNFINLEAD,2070.36,2074.14,2045.95,2065.47,204307200,vndirect_dchart_public,2026-06-08T09:01:07.669533+00:00,banking_lead_index
2024-05-22,VNFINLEAD,2054.24,2058.98,2023.61,2023.61,236539500,vndirect_dchart_public,2026-06-08T09:01:07.669537+00:00,banking_lead_index
2024-05-23,VNFINLEAD,2019.23,2035.08,1999.91,2035.08,184292600,vndirect_dchart_public,2026-06-08T09:01:07.669541+00:00,banking_lead_index
2024-05-24,VNFINLEAD,2034.65,2056.51,1994.32,2008.04,342705700,vndirect_dchart_public,2026-06-08T09:01:07.669545+00:00,banking_lead_index
2024-05-27,VNFINLEAD,2014.64,2019.25,1996.86,2012.55,137942700,vndirect_dchart_public,2026-06-08T09:01:07.669550+00:00,banking_lead_index
2024-05-28,VNFINLEAD,2021.76,2030.06,2010.59,2029.99,190425200,vndirect_dchart_public,2026-06-08T09:01:07.669555+00:00,banking_lead_index
2024-05-29,VNFINLEAD,2036.97,2037.96,2014.35,2015.89,214089200,vndirect_dchart_public,2026-06-08T09:01:07.669559+00:00,banking_lead_index
2024-05-30,VNFINLEAD,2010.71,2010.71,1980.45,2002.28,216474300,vndirect_dchart_public,2026-06-08T09:01:07.669563+00:00,banking_lead_index
2024-05-31,VNFINLEAD,2002.33,2008.03,1993.65,1995.58,131301400,vndirect_dchart_public,2026-06-08T09:01:07.669568+00:00,banking_lead_index
2024-06-03,VNFINLEAD,2013.77,2050.41,2012.84,2041.28,226408300,vndirect_dchart_public,2026-06-08T09:01:07.669573+00:00,banking_lead_index
2024-06-04,VNFINLEAD,2055.3,2055.3,2036.54,2039.1,159952500,vndirect_dchart_public,2026-06-08T09:01:07.669577+00:00,banking_lead_index
2024-06-05,VNFINLEAD,2041.01,2053.25,2029.39,2029.39,174483500,vndirect_dchart_public,2026-06-08T09:01:07.669581+00:00,banking_lead_index
2024-06-06,VNFINLEAD,2038.48,2056.85,2031.0,2046.22,228816000,vndirect_dchart_public,2026-06-08T09:01:07.669585+00:00,banking_lead_index
2024-06-07,VNFINLEAD,2048.84,2069.9,2046.83,2054.62,126736600,vndirect_dchart_public,2026-06-08T09:01:07.669590+00:00,banking_lead_index
2024-06-10,VNFINLEAD,2065.69,2076.66,2050.79,2057.55,179108200,vndirect_dchart_public,2026-06-08T09:01:07.669594+00:00,banking_lead_index
2024-06-11,VNFINLEAD,2067.5,2072.06,2048.42,2059.76,212406000,vndirect_dchart_public,2026-06-08T09:01:07.669598+00:00,banking_lead_index
2024-06-12,VNFINLEAD,2060.23,2098.4,2051.92,2098.4,248100100,vndirect_dchart_public,2026-06-08T09:01:07.669602+00:00,banking_lead_index
2024-06-13,VNFINLEAD,2098.46,2119.1,2096.72,2110.68,308090600,vndirect_dchart_public,2026-06-08T09:01:07.669606+00:00,banking_lead_index
2024-06-14,VNFINLEAD,2118.21,2121.45,2068.95,2068.95,257562700,vndirect_dchart_public,2026-06-08T09:01:07.669610+00:00,banking_lead_index
2024-06-17,VNFINLEAD,2069.69,2070.52,2050.37,2060.89,201259500,vndirect_dchart_public,2026-06-08T09:01:07.669614+00:00,banking_lead_index
2024-06-18,VNFINLEAD,2068.66,2079.57,2057.8,2057.8,174583200,vndirect_dchart_public,2026-06-08T09:01:07.669618+00:00,banking_lead_index
2024-06-19,VNFINLEAD,2063.4,2070.65,2044.77,2065.16,210800900,vndirect_dchart_public,2026-06-08T09:01:07.669622+00:00,banking_lead_index
2024-06-20,VNFINLEAD,2068.62,2083.92,2052.84,2075.35,242272700,vndirect_dchart_public,2026-06-08T09:01:07.669626+00:00,banking_lead_index
2024-06-21,VNFINLEAD,2077.37,2078.49,2058.68,2062.61,188901400,vndirect_dchart_public,2026-06-08T09:01:07.669630+00:00,banking_lead_index
2024-06-24,VNFINLEAD,2060.76,2066.18,2004.29,2009.11,291736100,vndirect_dchart_public,2026-06-08T09:01:07.669635+00:00,banking_lead_index
2024-06-25,VNFINLEAD,2012.34,2019.53,2000.82,2015.63,135631700,vndirect_dchart_public,2026-06-08T09:01:07.669640+00:00,banking_lead_index
2024-06-26,VNFINLEAD,2015.19,2019.0,1987.72,2014.25,147605600,vndirect_dchart_public,2026-06-08T09:01:07.669644+00:00,banking_lead_index
2024-06-27,VNFINLEAD,2009.16,2010.01,1994.87,2002.62,117506600,vndirect_dchart_public,2026-06-08T09:01:07.669647+00:00,banking_lead_index
2024-06-28,VNFINLEAD,2003.31,2006.43,1973.55,1986.08,175224600,vndirect_dchart_public,2026-06-08T09:01:07.669653+00:00,banking_lead_index
2024-07-01,VNFINLEAD,1984.08,1994.66,1975.51,1993.57,106520000,vndirect_dchart_public,2026-06-08T09:01:07.669657+00:00,banking_lead_index
2024-07-02,VNFINLEAD,2000.61,2020.5,1996.92,2017.96,143718300,vndirect_dchart_public,2026-06-08T09:01:07.669663+00:00,banking_lead_index
2024-07-03,VNFINLEAD,2022.89,2040.46,2018.01,2036.09,133151200,vndirect_dchart_public,2026-06-08T09:01:07.669667+00:00,banking_lead_index
2024-07-04,VNFINLEAD,2039.7,2050.57,2026.84,2038.28,132277800,vndirect_dchart_public,2026-06-08T09:01:07.669671+00:00,banking_lead_index
2024-07-05,VNFINLEAD,2038.86,2045.96,2028.57,2045.96,144942700,vndirect_dchart_public,2026-06-08T09:01:07.669675+00:00,banking_lead_index
2024-07-08,VNFINLEAD,2049.79,2052.04,2032.31,2039.16,130301100,vndirect_dchart_public,2026-06-08T09:01:07.669679+00:00,banking_lead_index
2024-07-09,VNFINLEAD,2040.08,2060.43,2031.4,2055.84,181258000,vndirect_dchart_public,2026-06-08T09:01:07.669683+00:00,banking_lead_index
2024-07-10,VNFINLEAD,2060.47,2064.44,2041.34,2041.34,159413600,vndirect_dchart_public,2026-06-08T09:01:07.669687+00:00,banking_lead_index
2024-07-11,VNFINLEAD,2049.2,2055.52,2038.93,2038.93,164752600,vndirect_dchart_public,2026-06-08T09:01:07.669691+00:00,banking_lead_index
2024-07-12,VNFINLEAD,2035.56,2043.26,2023.37,2027.53,119106200,vndirect_dchart_public,2026-06-08T09:01:07.669695+00:00,banking_lead_index
2024-07-15,VNFINLEAD,2027.53,2034.92,2017.01,2021.73,104961000,vndirect_dchart_public,2026-06-08T09:01:07.669699+00:00,banking_lead_index
2024-07-16,VNFINLEAD,2022.09,2048.19,2022.09,2031.78,162862900,vndirect_dchart_public,2026-06-08T09:01:07.669703+00:00,banking_lead_index
2024-07-17,VNFINLEAD,2042.97,2098.75,2034.41,2053.92,377545200,vndirect_dchart_public,2026-06-08T09:01:07.669707+00:00,banking_lead_index
2024-07-18,VNFINLEAD,2054.78,2063.24,2027.26,2061.78,175770300,vndirect_dchart_public,2026-06-08T09:01:07.669711+00:00,banking_lead_index
2024-07-19,VNFINLEAD,2062.58,2082.81,2049.79,2061.75,266312200,vndirect_dchart_public,2026-06-08T09:01:07.669714+00:00,banking_lead_index
2024-07-22,VNFINLEAD,2057.77,2077.9,2037.8,2056.59,245545000,vndirect_dchart_public,2026-06-08T09:01:07.669719+00:00,banking_lead_index
2024-07-23,VNFINLEAD,2061.05,2065.77,2001.85,2002.01,223367500,vndirect_dchart_public,2026-06-08T09:01:07.669724+00:00,banking_lead_index
2024-07-24,VNFINLEAD,1995.95,2012.2,1971.03,2002.07,197894100,vndirect_dchart_public,2026-06-08T09:01:07.669728+00:00,banking_lead_index
2024-07-25,VNFINLEAD,1989.89,1992.15,1969.01,1980.99,125101200,vndirect_dchart_public,2026-06-08T09:01:07.669734+00:00,banking_lead_index
2024-07-26,VNFINLEAD,1983.12,1990.65,1979.69,1990.38,98924900,vndirect_dchart_public,2026-06-08T09:01:07.669738+00:00,banking_lead_index
2024-07-29,VNFINLEAD,1996.18,2005.85,1989.77,1990.03,87347000,vndirect_dchart_public,2026-06-08T09:01:07.669742+00:00,banking_lead_index
2024-07-30,VNFINLEAD,1988.03,1997.53,1979.0,1991.89,114817200,vndirect_dchart_public,2026-06-08T09:01:07.669746+00:00,banking_lead_index
2024-07-31,VNFINLEAD,1996.01,2015.01,1995.69,2008.43,174062200,vndirect_dchart_public,2026-06-08T09:01:07.669750+00:00,banking_lead_index
2024-08-01,VNFINLEAD,2012.27,2015.48,1948.37,1956.89,220183900,vndirect_dchart_public,2026-06-08T09:01:07.669754+00:00,banking_lead_index
2024-08-02,VNFINLEAD,1951.14,1979.71,1930.81,1979.71,190057900,vndirect_dchart_public,2026-06-08T09:01:07.669758+00:00,banking_lead_index
2024-08-05,VNFINLEAD,1951.38,1957.77,1890.08,1894.45,310844800,vndirect_dchart_public,2026-06-08T09:01:07.669762+00:00,banking_lead_index
2024-08-06,VNFINLEAD,1916.38,1941.76,1894.78,1933.09,180242300,vndirect_dchart_public,2026-06-08T09:01:07.669766+00:00,banking_lead_index
2024-08-07,VNFINLEAD,1939.61,1939.61,1909.36,1921.69,132183900,vndirect_dchart_public,2026-06-08T09:01:07.669770+00:00,banking_lead_index
2024-08-08,VNFINLEAD,1908.78,1924.22,1891.09,1898.96,183365200,vndirect_dchart_public,2026-06-08T09:01:07.669774+00:00,banking_lead_index
2024-08-09,VNFINLEAD,1915.11,1937.13,1909.33,1932.43,165863800,vndirect_dchart_public,2026-06-08T09:01:07.669778+00:00,banking_lead_index
2024-08-12,VNFINLEAD,1938.35,1951.65,1926.17,1951.65,132628600,vndirect_dchart_public,2026-06-08T09:01:07.669782+00:00,banking_lead_index
2024-08-13,VNFINLEAD,1948.6,1951.42,1934.22,1944.37,137117400,vndirect_dchart_public,2026-06-08T09:01:07.669786+00:00,banking_lead_index
2024-08-14,VNFINLEAD,1951.19,1952.11,1935.58,1936.6,112479600,vndirect_dchart_public,2026-06-08T09:01:07.669791+00:00,banking_lead_index
2024-08-15,VNFINLEAD,1936.6,1940.84,1922.05,1930.34,109419500,vndirect_dchart_public,2026-06-08T09:01:07.669796+00:00,banking_lead_index
2024-08-16,VNFINLEAD,1931.93,1984.95,1931.93,1984.95,276540000,vndirect_dchart_public,2026-06-08T09:01:07.669799+00:00,banking_lead_index
2024-08-19,VNFINLEAD,1994.19,2002.84,1985.25,1997.32,168996300,vndirect_dchart_public,2026-06-08T09:01:07.669804+00:00,banking_lead_index
2024-08-20,VNFINLEAD,1998.85,2013.61,1992.93,2006.18,219326600,vndirect_dchart_public,2026-06-08T09:01:07.669807+00:00,banking_lead_index
2024-08-21,VNFINLEAD,2003.03,2028.4,1996.84,2028.3,257928300,vndirect_dchart_public,2026-06-08T09:01:07.669811+00:00,banking_lead_index
2024-08-22,VNFINLEAD,2031.03,2036.08,2023.16,2029.98,184600100,vndirect_dchart_public,2026-06-08T09:01:07.669817+00:00,banking_lead_index
2024-08-23,VNFINLEAD,2032.48,2041.4,2017.34,2035.19,195508100,vndirect_dchart_public,2026-06-08T09:01:07.669821+00:00,banking_lead_index
2024-08-26,VNFINLEAD,2040.22,2050.35,2032.09,2039.27,249248000,vndirect_dchart_public,2026-06-08T09:01:07.669825+00:00,banking_lead_index
2024-08-27,VNFINLEAD,2037.1,2041.88,2027.33,2032.02,174448700,vndirect_dchart_public,2026-06-08T09:01:07.669829+00:00,banking_lead_index
2024-08-28,VNFINLEAD,2037.05,2046.95,2029.08,2042.68,201648400,vndirect_dchart_public,2026-06-08T09:01:07.669833+00:00,banking_lead_index
2024-08-29,VNFINLEAD,2045.9,2069.94,2045.9,2050.72,267672500,vndirect_dchart_public,2026-06-08T09:01:07.669837+00:00,banking_lead_index
2024-08-30,VNFINLEAD,2053.94,2058.66,2049.66,2057.42,166799800,vndirect_dchart_public,2026-06-08T09:01:07.669841+00:00,banking_lead_index
2024-09-04,VNFINLEAD,2042.03,2042.03,2022.98,2027.23,186262700,vndirect_dchart_public,2026-06-08T09:01:07.669845+00:00,banking_lead_index
2024-09-05,VNFINLEAD,2028.34,2034.06,2004.02,2010.61,172155700,vndirect_dchart_public,2026-06-08T09:01:07.669849+00:00,banking_lead_index
2024-09-06,VNFINLEAD,2009.28,2017.45,2001.13,2017.45,164070200,vndirect_dchart_public,2026-06-08T09:01:07.669853+00:00,banking_lead_index
2024-09-09,VNFINLEAD,2008.96,2009.99,1998.0,2003.18,122826400,vndirect_dchart_public,2026-06-08T09:01:07.669857+00:00,banking_lead_index
2024-09-10,VNFINLEAD,2008.49,2011.48,1974.48,1979.96,182646000,vndirect_dchart_public,2026-06-08T09:01:07.669861+00:00,banking_lead_index
2024-09-11,VNFINLEAD,1976.99,1987.03,1965.46,1980.84,131783000,vndirect_dchart_public,2026-06-08T09:01:07.669865+00:00,banking_lead_index
2024-09-12,VNFINLEAD,1990.0,1996.35,1986.02,1988.96,135500800,vndirect_dchart_public,2026-06-08T09:01:07.669868+00:00,banking_lead_index
2024-09-13,VNFINLEAD,1990.64,1993.99,1982.67,1987.0,115342000,vndirect_dchart_public,2026-06-08T09:01:07.669872+00:00,banking_lead_index
2024-09-16,VNFINLEAD,1987.6,2001.55,1974.58,1974.73,146020400,vndirect_dchart_public,2026-06-08T09:01:07.669876+00:00,banking_lead_index
2024-09-17,VNFINLEAD,1975.91,2008.64,1973.82,2008.64,120574000,vndirect_dchart_public,2026-06-08T09:01:07.669880+00:00,banking_lead_index
2024-09-18,VNFINLEAD,2010.6,2035.69,2005.31,2023.61,240371200,vndirect_dchart_public,2026-06-08T09:01:07.669885+00:00,banking_lead_index
2024-09-19,VNFINLEAD,2032.13,2035.96,2024.76,2033.3,160918000,vndirect_dchart_public,2026-06-08T09:01:07.669889+00:00,banking_lead_index
2024-09-20,VNFINLEAD,2044.82,2068.11,2044.8,2055.23,371668500,vndirect_dchart_public,2026-06-08T09:01:07.669894+00:00,banking_lead_index
2024-09-23,VNFINLEAD,2058.05,2071.1,2048.36,2049.53,176927600,vndirect_dchart_public,2026-06-08T09:01:07.669899+00:00,banking_lead_index
2024-09-24,VNFINLEAD,2050.35,2072.11,2044.17,2072.11,207230600,vndirect_dchart_public,2026-06-08T09:01:07.669903+00:00,banking_lead_index
2024-09-25,VNFINLEAD,2085.16,2108.16,2078.54,2108.16,382300700,vndirect_dchart_public,2026-06-08T09:01:07.669907+00:00,banking_lead_index
2024-09-26,VNFINLEAD,2112.16,2143.37,2104.75,2124.62,458610800,vndirect_dchart_public,2026-06-08T09:01:07.669911+00:00,banking_lead_index
2024-09-27,VNFINLEAD,2132.4,2157.03,2129.13,2140.28,414800600,vndirect_dchart_public,2026-06-08T09:01:07.669927+00:00,banking_lead_index
2024-09-30,VNFINLEAD,2136.59,2154.3,2130.74,2146.72,288584000,vndirect_dchart_public,2026-06-08T09:01:07.669932+00:00,banking_lead_index
2024-10-01,VNFINLEAD,2148.64,2178.17,2147.69,2151.12,385579900,vndirect_dchart_public,2026-06-08T09:01:07.669937+00:00,banking_lead_index
2024-10-02,VNFINLEAD,2144.6,2162.19,2136.75,2146.76,284803800,vndirect_dchart_public,2026-06-08T09:01:07.669942+00:00,banking_lead_index
2024-10-03,VNFINLEAD,2151.21,2185.8,2136.99,2140.28,441425300,vndirect_dchart_public,2026-06-08T09:01:07.669947+00:00,banking_lead_index
2024-10-04,VNFINLEAD,2140.39,2143.36,2117.51,2117.51,246630100,vndirect_dchart_public,2026-06-08T09:01:07.669951+00:00,banking_lead_index
2024-10-07,VNFINLEAD,2132.56,2140.18,2113.87,2131.73,210922300,vndirect_dchart_public,2026-06-08T09:01:07.669955+00:00,banking_lead_index
2024-10-08,VNFINLEAD,2135.24,2153.42,2130.94,2139.12,289077200,vndirect_dchart_public,2026-06-08T09:01:07.669959+00:00,banking_lead_index
2024-10-09,VNFINLEAD,2140.24,2162.33,2137.26,2160.13,285701400,vndirect_dchart_public,2026-06-08T09:01:07.669963+00:00,banking_lead_index
2024-10-10,VNFINLEAD,2165.91,2185.95,2154.5,2155.2,308202000,vndirect_dchart_public,2026-06-08T09:01:07.669967+00:00,banking_lead_index
2024-10-11,VNFINLEAD,2155.44,2159.04,2142.35,2157.27,170862200,vndirect_dchart_public,2026-06-08T09:01:07.669971+00:00,banking_lead_index
2024-10-14,VNFINLEAD,2157.95,2170.75,2144.85,2149.89,271860300,vndirect_dchart_public,2026-06-08T09:01:07.669975+00:00,banking_lead_index
2024-10-15,VNFINLEAD,2150.56,2166.05,2138.68,2141.03,267390900,vndirect_dchart_public,2026-06-08T09:01:07.669979+00:00,banking_lead_index
2024-10-16,VNFINLEAD,2138.24,2142.93,2128.62,2134.21,187673300,vndirect_dchart_public,2026-06-08T09:01:07.669983+00:00,banking_lead_index
2024-10-17,VNFINLEAD,2139.81,2160.39,2124.31,2160.39,258063800,vndirect_dchart_public,2026-06-08T09:01:07.669987+00:00,banking_lead_index
2024-10-18,VNFINLEAD,2171.44,2188.53,2157.8,2165.33,313876200,vndirect_dchart_public,2026-06-08T09:01:07.669992+00:00,banking_lead_index
2024-10-21,VNFINLEAD,2164.03,2175.55,2154.4,2154.4,238666600,vndirect_dchart_public,2026-06-08T09:01:07.669997+00:00,banking_lead_index
2024-10-22,VNFINLEAD,2154.01,2167.05,2134.56,2143.37,314870200,vndirect_dchart_public,2026-06-08T09:01:07.670000+00:00,banking_lead_index
2024-10-23,VNFINLEAD,2143.04,2152.72,2126.93,2149.24,200693200,vndirect_dchart_public,2026-06-08T09:01:07.670004+00:00,banking_lead_index
2024-10-24,VNFINLEAD,2149.26,2155.15,2102.51,2102.51,262993500,vndirect_dchart_public,2026-06-08T09:01:07.670008+00:00,banking_lead_index
2024-10-25,VNFINLEAD,2109.25,2112.42,2092.89,2096.69,204764800,vndirect_dchart_public,2026-06-08T09:01:07.670012+00:00,banking_lead_index
2024-10-28,VNFINLEAD,2095.76,2107.24,2091.88,2102.02,157013100,vndirect_dchart_public,2026-06-08T09:01:07.670016+00:00,banking_lead_index
2024-10-29,VNFINLEAD,2103.07,2118.16,2103.07,2113.32,159315100,vndirect_dchart_public,2026-06-08T09:01:07.670020+00:00,banking_lead_index
2024-10-30,VNFINLEAD,2116.92,2122.38,2105.67,2117.33,165147600,vndirect_dchart_public,2026-06-08T09:01:07.670024+00:00,banking_lead_index
2024-10-31,VNFINLEAD,2118.46,2137.4,2110.62,2131.06,175786700,vndirect_dchart_public,2026-06-08T09:01:07.670028+00:00,banking_lead_index
2024-11-01,VNFINLEAD,2125.24,2127.38,2105.84,2105.84,168546000,vndirect_dchart_public,2026-06-08T09:01:07.670032+00:00,banking_lead_index
2024-11-04,VNFINLEAD,2106.54,2111.09,2082.84,2084.04,244392800,vndirect_dchart_public,2026-06-08T09:01:07.670036+00:00,banking_lead_index
2024-11-05,VNFINLEAD,2084.27,2097.22,2084.27,2084.7,112430600,vndirect_dchart_public,2026-06-08T09:01:07.670040+00:00,banking_lead_index
2024-11-06,VNFINLEAD,2086.05,2116.75,2086.05,2114.24,163591100,vndirect_dchart_public,2026-06-08T09:01:07.670044+00:00,banking_lead_index
2024-11-07,VNFINLEAD,2124.0,2127.15,2105.73,2108.03,125015300,vndirect_dchart_public,2026-06-08T09:01:07.670048+00:00,banking_lead_index
2024-11-08,VNFINLEAD,2115.55,2115.59,2079.88,2091.16,166291100,vndirect_dchart_public,2026-06-08T09:01:07.670052+00:00,banking_lead_index
2024-11-11,VNFINLEAD,2091.16,2091.16,2041.55,2056.15,272636100,vndirect_dchart_public,2026-06-08T09:01:07.670056+00:00,banking_lead_index
2024-11-12,VNFINLEAD,2060.6,2069.82,2040.13,2048.03,162262800,vndirect_dchart_public,2026-06-08T09:01:07.670060+00:00,banking_lead_index
2024-11-13,VNFINLEAD,2044.42,2050.09,2018.37,2049.23,206199500,vndirect_dchart_public,2026-06-08T09:01:07.670064+00:00,banking_lead_index
2024-11-14,VNFINLEAD,2042.4,2045.46,2010.65,2012.96,167903800,vndirect_dchart_public,2026-06-08T09:01:07.670070+00:00,banking_lead_index
2024-11-15,VNFINLEAD,2007.84,2008.79,1982.9,1985.14,242240800,vndirect_dchart_public,2026-06-08T09:01:07.670074+00:00,banking_lead_index
2024-11-18,VNFINLEAD,1983.36,2006.48,1964.76,1991.4,210255300,vndirect_dchart_public,2026-06-08T09:01:07.670078+00:00,banking_lead_index
2024-11-19,VNFINLEAD,1991.21,1997.19,1968.35,1971.88,127369700,vndirect_dchart_public,2026-06-08T09:01:07.670082+00:00,banking_lead_index
2024-11-20,VNFINLEAD,1970.71,2006.69,1961.97,1997.24,174993100,vndirect_dchart_public,2026-06-08T09:01:07.670086+00:00,banking_lead_index
2024-11-21,VNFINLEAD,1997.22,2026.46,1988.19,2026.46,148882100,vndirect_dchart_public,2026-06-08T09:01:07.670091+00:00,banking_lead_index
2024-11-22,VNFINLEAD,2026.07,2032.9,2019.04,2023.11,143364300,vndirect_dchart_public,2026-06-08T09:01:07.670094+00:00,banking_lead_index
2024-11-25,VNFINLEAD,2024.02,2033.18,2019.11,2028.38,114563400,vndirect_dchart_public,2026-06-08T09:01:07.670098+00:00,banking_lead_index
2024-11-26,VNFINLEAD,2031.2,2052.06,2030.08,2039.46,143942900,vndirect_dchart_public,2026-06-08T09:01:07.670102+00:00,banking_lead_index
2024-11-27,VNFINLEAD,2037.05,2045.56,2030.05,2039.07,91610900,vndirect_dchart_public,2026-06-08T09:01:07.670106+00:00,banking_lead_index
2024-11-28,VNFINLEAD,2047.49,2055.95,2034.08,2040.0,133535100,vndirect_dchart_public,2026-06-08T09:01:07.670110+00:00,banking_lead_index
2024-11-29,VNFINLEAD,2038.36,2049.4,2031.56,2047.13,117365300,vndirect_dchart_public,2026-06-08T09:01:07.670115+00:00,banking_lead_index
2024-12-02,VNFINLEAD,2055.79,2060.65,2041.46,2050.75,100367900,vndirect_dchart_public,2026-06-08T09:01:07.670119+00:00,banking_lead_index
2024-12-03,VNFINLEAD,2051.21,2053.92,2039.98,2046.22,150041300,vndirect_dchart_public,2026-06-08T09:01:07.670123+00:00,banking_lead_index
2024-12-04,VNFINLEAD,2039.09,2042.06,2025.13,2029.55,145223700,vndirect_dchart_public,2026-06-08T09:01:07.670127+00:00,banking_lead_index
2024-12-05,VNFINLEAD,2029.13,2097.61,2017.85,2097.61,296561900,vndirect_dchart_public,2026-06-08T09:01:07.670131+00:00,banking_lead_index
2024-12-06,VNFINLEAD,2096.34,2103.04,2087.48,2095.67,194383300,vndirect_dchart_public,2026-06-08T09:01:07.670135+00:00,banking_lead_index
2024-12-09,VNFINLEAD,2094.41,2106.71,2085.56,2099.16,164546400,vndirect_dchart_public,2026-06-08T09:01:07.670139+00:00,banking_lead_index
2024-12-10,VNFINLEAD,2097.96,2103.8,2090.15,2092.87,134390900,vndirect_dchart_public,2026-06-08T09:01:07.670143+00:00,banking_lead_index
2024-12-11,VNFINLEAD,2092.83,2104.76,2083.12,2095.4,172998700,vndirect_dchart_public,2026-06-08T09:01:07.670147+00:00,banking_lead_index
2024-12-12,VNFINLEAD,2095.91,2113.95,2095.26,2097.35,175571000,vndirect_dchart_public,2026-06-08T09:01:07.670152+00:00,banking_lead_index
2024-12-13,VNFINLEAD,2096.53,2099.06,2088.52,2092.27,124593800,vndirect_dchart_public,2026-06-08T09:01:07.670158+00:00,banking_lead_index
2024-12-16,VNFINLEAD,2093.34,2100.0,2080.5,2092.82,128701100,vndirect_dchart_public,2026-06-08T09:01:07.670162+00:00,banking_lead_index
2024-12-17,VNFINLEAD,2094.64,2095.79,2083.81,2089.73,95377600,vndirect_dchart_public,2026-06-08T09:01:07.670166+00:00,banking_lead_index
2024-12-18,VNFINLEAD,2091.07,2096.4,2084.65,2094.93,96184800,vndirect_dchart_public,2026-06-08T09:01:07.670170+00:00,banking_lead_index
2024-12-19,VNFINLEAD,2094.19,2094.19,2056.12,2069.63,232244900,vndirect_dchart_public,2026-06-08T09:01:07.670174+00:00,banking_lead_index
2024-12-20,VNFINLEAD,2070.29,2074.56,2062.43,2070.77,134676100,vndirect_dchart_public,2026-06-08T09:01:07.670178+00:00,banking_lead_index
2024-12-23,VNFINLEAD,2077.02,2090.0,2076.47,2079.13,100295100,vndirect_dchart_public,2026-06-08T09:01:07.670182+00:00,banking_lead_index
2024-12-24,VNFINLEAD,2081.32,2081.49,2064.7,2080.95,116764900,vndirect_dchart_public,2026-06-08T09:01:07.670186+00:00,banking_lead_index
2024-12-25,VNFINLEAD,2080.97,2144.33,2080.97,2123.93,260457200,vndirect_dchart_public,2026-06-08T09:01:07.670190+00:00,banking_lead_index
2024-12-26,VNFINLEAD,2127.71,2134.5,2122.09,2130.67,152722900,vndirect_dchart_public,2026-06-08T09:01:07.670194+00:00,banking_lead_index
2024-12-27,VNFINLEAD,2131.67,2154.08,2131.67,2154.08,230421100,vndirect_dchart_public,2026-06-08T09:01:07.670198+00:00,banking_lead_index
2024-12-30,VNFINLEAD,2157.14,2157.84,2137.97,2157.46,144821900,vndirect_dchart_public,2026-06-08T09:01:07.670203+00:00,banking_lead_index
2024-12-31,VNFINLEAD,2153.55,2154.57,2137.9,2146.51,143475800,vndirect_dchart_public,2026-06-08T09:01:07.670208+00:00,banking_lead_index
2025-01-02,VNFINLEAD,2144.25,2150.64,2126.36,2138.65,127170700,vndirect_dchart_public,2026-06-08T09:01:07.670212+00:00,banking_lead_index
2025-01-03,VNFINLEAD,2136.68,2136.68,2091.57,2091.57,179530100,vndirect_dchart_public,2026-06-08T09:01:07.670216+00:00,banking_lead_index
2025-01-06,VNFINLEAD,2092.27,2103.03,2076.51,2082.2,166155700,vndirect_dchart_public,2026-06-08T09:01:07.670220+00:00,banking_lead_index
2025-01-07,VNFINLEAD,2091.4,2102.49,2077.7,2088.88,162472800,vndirect_dchart_public,2026-06-08T09:01:07.670224+00:00,banking_lead_index
2025-01-08,VNFINLEAD,2085.88,2096.53,2078.72,2094.03,123149800,vndirect_dchart_public,2026-06-08T09:01:07.670228+00:00,banking_lead_index
2025-01-09,VNFINLEAD,2095.16,2097.54,2075.3,2078.46,106597300,vndirect_dchart_public,2026-06-08T09:01:07.670234+00:00,banking_lead_index
2025-01-10,VNFINLEAD,2078.15,2079.83,2038.86,2038.86,194371000,vndirect_dchart_public,2026-06-08T09:01:07.670238+00:00,banking_lead_index
2025-01-13,VNFINLEAD,2028.7,2054.6,2022.6,2054.6,153962800,vndirect_dchart_public,2026-06-08T09:01:07.670242+00:00,banking_lead_index
2025-01-14,VNFINLEAD,2050.23,2055.69,2034.57,2040.82,113311200,vndirect_dchart_public,2026-06-08T09:01:07.670246+00:00,banking_lead_index
2025-01-15,VNFINLEAD,2050.77,2060.18,2045.43,2052.89,108521400,vndirect_dchart_public,2026-06-08T09:01:07.670250+00:00,banking_lead_index
2025-01-16,VNFINLEAD,2065.29,2081.01,2052.25,2066.56,158105300,vndirect_dchart_public,2026-06-08T09:01:07.670254+00:00,banking_lead_index
2025-01-17,VNFINLEAD,2067.24,2086.41,2059.76,2086.41,101435000,vndirect_dchart_public,2026-06-08T09:01:07.670258+00:00,banking_lead_index
2025-01-20,VNFINLEAD,2088.95,2098.12,2086.17,2092.43,132517500,vndirect_dchart_public,2026-06-08T09:01:07.670262+00:00,banking_lead_index
2025-01-21,VNFINLEAD,2100.32,2105.85,2082.01,2088.68,130978900,vndirect_dchart_public,2026-06-08T09:01:07.670267+00:00,banking_lead_index
2025-01-22,VNFINLEAD,2096.67,2103.83,2088.92,2088.92,138779700,vndirect_dchart_public,2026-06-08T09:01:07.670271+00:00,banking_lead_index
2025-01-23,VNFINLEAD,2089.29,2147.64,2089.29,2137.68,215261200,vndirect_dchart_public,2026-06-08T09:01:07.670275+00:00,banking_lead_index
2025-01-24,VNFINLEAD,2139.45,2152.65,2136.69,2149.66,170547300,vndirect_dchart_public,2026-06-08T09:01:07.670279+00:00,banking_lead_index
2025-02-03,VNFINLEAD,2135.49,2135.95,2114.09,2118.29,173303700,vndirect_dchart_public,2026-06-08T09:01:07.670283+00:00,banking_lead_index
2025-02-04,VNFINLEAD,2130.01,2151.7,2124.51,2149.71,210380000,vndirect_dchart_public,2026-06-08T09:01:07.670287+00:00,banking_lead_index
2025-02-05,VNFINLEAD,2156.68,2161.36,2147.5,2157.56,166302000,vndirect_dchart_public,2026-06-08T09:01:07.670291+00:00,banking_lead_index
2025-02-06,VNFINLEAD,2160.54,2186.06,2160.54,2173.26,213334400,vndirect_dchart_public,2026-06-08T09:01:07.670295+00:00,banking_lead_index
2025-02-07,VNFINLEAD,2177.38,2200.39,2166.64,2185.2,193241600,vndirect_dchart_public,2026-06-08T09:01:07.670299+00:00,banking_lead_index
2025-02-10,VNFINLEAD,2180.0,2207.35,2165.0,2189.14,257505300,vndirect_dchart_public,2026-06-08T09:01:07.670303+00:00,banking_lead_index
2025-02-11,VNFINLEAD,2195.32,2203.38,2188.42,2198.22,219638400,vndirect_dchart_public,2026-06-08T09:01:07.670307+00:00,banking_lead_index
2025-02-12,VNFINLEAD,2204.04,2211.68,2192.5,2193.09,147768300,vndirect_dchart_public,2026-06-08T09:01:07.670311+00:00,banking_lead_index
2025-02-13,VNFINLEAD,2191.65,2204.26,2185.7,2203.82,137283200,vndirect_dchart_public,2026-06-08T09:01:07.670317+00:00,banking_lead_index
2025-02-14,VNFINLEAD,2206.11,2222.88,2201.45,2204.07,199500000,vndirect_dchart_public,2026-06-08T09:01:07.670321+00:00,banking_lead_index
2025-02-17,VNFINLEAD,2205.47,2214.33,2197.63,2200.05,289605100,vndirect_dchart_public,2026-06-08T09:01:07.670325+00:00,banking_lead_index
2025-02-18,VNFINLEAD,2202.24,2225.55,2196.44,2204.99,216932900,vndirect_dchart_public,2026-06-08T09:01:07.670329+00:00,banking_lead_index
2025-02-19,VNFINLEAD,2207.09,2225.12,2203.26,2220.61,221880100,vndirect_dchart_public,2026-06-08T09:01:07.670334+00:00,banking_lead_index
2025-02-20,VNFINLEAD,2228.42,2233.91,2217.76,2228.24,243968400,vndirect_dchart_public,2026-06-08T09:01:07.670338+00:00,banking_lead_index
2025-02-21,VNFINLEAD,2227.67,2240.09,2223.46,2237.01,248701800,vndirect_dchart_public,2026-06-08T09:01:07.670342+00:00,banking_lead_index
2025-02-24,VNFINLEAD,2234.35,2255.06,2228.04,2254.51,270085500,vndirect_dchart_public,2026-06-08T09:01:07.670347+00:00,banking_lead_index
2025-02-25,VNFINLEAD,2259.92,2268.35,2246.13,2252.09,323566700,vndirect_dchart_public,2026-06-08T09:01:07.670351+00:00,banking_lead_index
2025-02-26,VNFINLEAD,2254.32,2257.63,2241.5,2241.5,248516800,vndirect_dchart_public,2026-06-08T09:01:07.670355+00:00,banking_lead_index
2025-02-27,VNFINLEAD,2245.55,2247.69,2220.85,2243.6,233544000,vndirect_dchart_public,2026-06-08T09:01:07.670358+00:00,banking_lead_index
2025-02-28,VNFINLEAD,2239.92,2244.05,2226.66,2235.33,242193400,vndirect_dchart_public,2026-06-08T09:01:07.670362+00:00,banking_lead_index
2025-03-03,VNFINLEAD,2235.33,2244.97,2229.48,2240.8,320731000,vndirect_dchart_public,2026-06-08T09:01:07.670365+00:00,banking_lead_index
2025-03-04,VNFINLEAD,2234.06,2264.81,2215.86,2262.33,364300700,vndirect_dchart_public,2026-06-08T09:01:07.670370+00:00,banking_lead_index
2025-03-05,VNFINLEAD,2264.99,2289.21,2253.33,2253.33,311260700,vndirect_dchart_public,2026-06-08T09:01:07.670374+00:00,banking_lead_index
2025-03-06,VNFINLEAD,2262.44,2283.94,2257.05,2283.94,400325100,vndirect_dchart_public,2026-06-08T09:01:07.670378+00:00,banking_lead_index
2025-03-07,VNFINLEAD,2290.03,2306.81,2278.54,2296.55,338928400,vndirect_dchart_public,2026-06-08T09:01:07.670381+00:00,banking_lead_index
2025-03-10,VNFINLEAD,2306.83,2321.73,2287.51,2296.44,344002900,vndirect_dchart_public,2026-06-08T09:01:07.670385+00:00,banking_lead_index
2025-03-11,VNFINLEAD,2273.68,2307.24,2269.19,2307.24,312176600,vndirect_dchart_public,2026-06-08T09:01:07.670388+00:00,banking_lead_index
2025-03-12,VNFINLEAD,2316.1,2320.06,2294.09,2305.35,374736100,vndirect_dchart_public,2026-06-08T09:01:07.670394+00:00,banking_lead_index
2025-03-13,VNFINLEAD,2306.4,2307.28,2272.83,2276.44,350656900,vndirect_dchart_public,2026-06-08T09:01:07.670397+00:00,banking_lead_index
2025-03-14,VNFINLEAD,2274.05,2289.55,2269.62,2283.58,367265400,vndirect_dchart_public,2026-06-08T09:01:07.670401+00:00,banking_lead_index
2025-03-17,VNFINLEAD,2292.66,2308.55,2288.14,2304.19,382401500,vndirect_dchart_public,2026-06-08T09:01:07.670404+00:00,banking_lead_index
2025-03-18,VNFINLEAD,2312.22,2315.22,2291.04,2293.76,313872600,vndirect_dchart_public,2026-06-08T09:01:07.670408+00:00,banking_lead_index
2025-03-19,VNFINLEAD,2289.45,2292.43,2276.86,2283.79,329717700,vndirect_dchart_public,2026-06-08T09:01:07.670411+00:00,banking_lead_index
2025-03-20,VNFINLEAD,2295.52,2303.09,2274.73,2293.9,372213300,vndirect_dchart_public,2026-06-08T09:01:07.670415+00:00,banking_lead_index
2025-03-21,VNFINLEAD,2293.59,2296.44,2281.36,2283.31,319129100,vndirect_dchart_public,2026-06-08T09:01:07.670495+00:00,banking_lead_index
2025-03-24,VNFINLEAD,2286.01,2299.63,2260.25,2299.63,350487200,vndirect_dchart_public,2026-06-08T09:01:07.670507+00:00,banking_lead_index
2025-03-25,VNFINLEAD,2300.6,2311.52,2286.44,2293.1,323614700,vndirect_dchart_public,2026-06-08T09:01:07.670511+00:00,banking_lead_index
2025-03-26,VNFINLEAD,2292.62,2311.57,2273.86,2278.2,305369800,vndirect_dchart_public,2026-06-08T09:01:07.670515+00:00,banking_lead_index
2025-03-27,VNFINLEAD,2274.61,2281.0,2267.83,2267.83,242895800,vndirect_dchart_public,2026-06-08T09:01:07.670518+00:00,banking_lead_index
2025-03-28,VNFINLEAD,2269.2,2274.8,2255.18,2264.47,235243200,vndirect_dchart_public,2026-06-08T09:01:07.670522+00:00,banking_lead_index
2025-03-31,VNFINLEAD,2253.18,2257.21,2244.18,2256.34,272656900,vndirect_dchart_public,2026-06-08T09:01:07.670526+00:00,banking_lead_index
2025-04-01,VNFINLEAD,2264.38,2284.71,2252.99,2284.71,196493900,vndirect_dchart_public,2026-06-08T09:01:07.670529+00:00,banking_lead_index
2025-04-02,VNFINLEAD,2288.85,2297.43,2282.03,2282.34,280618000,vndirect_dchart_public,2026-06-08T09:01:07.670533+00:00,banking_lead_index
2025-04-03,VNFINLEAD,2230.98,2230.98,2125.3,2125.45,805460000,vndirect_dchart_public,2026-06-08T09:01:07.670537+00:00,banking_lead_index
2025-04-04,VNFINLEAD,2102.81,2121.32,1992.68,2121.32,863346400,vndirect_dchart_public,2026-06-08T09:01:07.670542+00:00,banking_lead_index
2025-04-08,VNFINLEAD,2057.7,2071.9,1975.58,1979.08,499358100,vndirect_dchart_public,2026-06-08T09:01:07.670545+00:00,banking_lead_index
2025-04-09,VNFINLEAD,1960.27,2020.41,1865.5,1920.31,698705600,vndirect_dchart_public,2026-06-08T09:01:07.670549+00:00,banking_lead_index
2025-04-10,VNFINLEAD,2052.41,2052.6,2051.98,2052.6,46327300,vndirect_dchart_public,2026-06-08T09:01:07.670554+00:00,banking_lead_index
2025-04-11,VNFINLEAD,2082.73,2158.64,2069.73,2158.64,717611600,vndirect_dchart_public,2026-06-08T09:01:07.670558+00:00,banking_lead_index
2025-04-14,VNFINLEAD,2164.97,2171.22,2143.54,2165.27,381216300,vndirect_dchart_public,2026-06-08T09:01:07.670562+00:00,banking_lead_index
2025-04-15,VNFINLEAD,2142.11,2158.24,2113.28,2129.62,363769800,vndirect_dchart_public,2026-06-08T09:01:07.670568+00:00,banking_lead_index
2025-04-16,VNFINLEAD,2132.4,2148.86,2112.43,2118.96,265550200,vndirect_dchart_public,2026-06-08T09:01:07.670571+00:00,banking_lead_index
2025-04-17,VNFINLEAD,2111.48,2128.82,2104.59,2127.31,281686100,vndirect_dchart_public,2026-06-08T09:01:07.670575+00:00,banking_lead_index
2025-04-18,VNFINLEAD,2144.65,2180.74,2144.21,2152.82,513341400,vndirect_dchart_public,2026-06-08T09:01:07.670578+00:00,banking_lead_index
2025-04-21,VNFINLEAD,2151.8,2166.31,2119.9,2141.43,390307000,vndirect_dchart_public,2026-06-08T09:01:07.670581+00:00,banking_lead_index
2025-04-22,VNFINLEAD,2124.95,2139.69,2002.52,2127.03,758584400,vndirect_dchart_public,2026-06-08T09:01:07.670585+00:00,banking_lead_index
2025-04-23,VNFINLEAD,2144.89,2166.97,2135.44,2149.65,301163200,vndirect_dchart_public,2026-06-08T09:01:07.670588+00:00,banking_lead_index
2025-04-24,VNFINLEAD,2152.71,2157.22,2127.8,2143.0,290197700,vndirect_dchart_public,2026-06-08T09:01:07.670592+00:00,banking_lead_index
2025-04-25,VNFINLEAD,2144.95,2155.73,2120.93,2129.91,332490800,vndirect_dchart_public,2026-06-08T09:01:07.670595+00:00,banking_lead_index
2025-04-28,VNFINLEAD,2131.35,2144.83,2123.98,2140.45,207859800,vndirect_dchart_public,2026-06-08T09:01:07.670599+00:00,banking_lead_index
2025-04-29,VNFINLEAD,2142.33,2152.75,2137.96,2137.96,195367300,vndirect_dchart_public,2026-06-08T09:01:07.670602+00:00,banking_lead_index
2025-05-05,VNFINLEAD,2137.96,2160.95,498.53,2145.24,209138540,vndirect_dchart_public,2026-06-08T09:01:07.670606+00:00,banking_lead_index
2025-05-06,VNFINLEAD,2157.83,2167.7,2144.44,2145.11,285875215,vndirect_dchart_public,2026-06-08T09:01:07.670609+00:00,banking_lead_index
2025-05-07,VNFINLEAD,2145.11,2159.23,2137.64,2143.63,247191029,vndirect_dchart_public,2026-06-08T09:01:07.670612+00:00,banking_lead_index
2025-05-08,VNFINLEAD,2143.63,2175.69,2143.63,2171.33,305174227,vndirect_dchart_public,2026-06-08T09:01:07.670616+00:00,banking_lead_index
2025-05-09,VNFINLEAD,2171.33,2197.66,1307.15,2180.1,282525568,vndirect_dchart_public,2026-06-08T09:01:07.670619+00:00,banking_lead_index
2025-05-12,VNFINLEAD,2180.1,2227.26,2180.1,2225.1,399500833,vndirect_dchart_public,2026-06-08T09:01:07.670624+00:00,banking_lead_index
2025-05-13,VNFINLEAD,2225.1,2246.37,2225.1,2243.9,392665973,vndirect_dchart_public,2026-06-08T09:01:07.670628+00:00,banking_lead_index
2025-05-14,VNFINLEAD,2243.9,2282.05,2243.9,2281.43,438593083,vndirect_dchart_public,2026-06-08T09:01:07.670632+00:00,banking_lead_index
2025-05-15,VNFINLEAD,2281.43,2311.92,2122.06,2310.29,561895512,vndirect_dchart_public,2026-06-08T09:01:07.670635+00:00,banking_lead_index
2025-05-16,VNFINLEAD,2310.29,2318.38,2271.23,2272.91,360196820,vndirect_dchart_public,2026-06-08T09:01:07.670639+00:00,banking_lead_index
2025-05-19,VNFINLEAD,2272.91,2272.91,2236.64,2240.95,363824343,vndirect_dchart_public,2026-06-08T09:01:07.670642+00:00,banking_lead_index
2025-05-20,VNFINLEAD,2240.95,2281.31,2235.49,2276.19,394889648,vndirect_dchart_public,2026-06-08T09:01:07.670646+00:00,banking_lead_index
2025-05-21,VNFINLEAD,2276.19,2325.4,2255.91,2294.56,442574731,vndirect_dchart_public,2026-06-08T09:01:07.670650+00:00,banking_lead_index
2025-05-22,VNFINLEAD,2294.56,2311.26,2269.73,2273.44,505160670,vndirect_dchart_public,2026-06-08T09:01:07.670654+00:00,banking_lead_index
2025-05-23,VNFINLEAD,2273.44,2286.89,2255.97,2266.02,254378043,vndirect_dchart_public,2026-06-08T09:01:07.670657+00:00,banking_lead_index
2025-05-26,VNFINLEAD,2266.02,2281.3,2218.23,2281.3,366729683,vndirect_dchart_public,2026-06-08T09:01:07.670662+00:00,banking_lead_index
2025-05-27,VNFINLEAD,2281.3,2298.02,2277.59,2285.85,398276360,vndirect_dchart_public,2026-06-08T09:01:07.670666+00:00,banking_lead_index
2025-05-28,VNFINLEAD,2285.85,2298.68,2266.6,2273.94,322888991,vndirect_dchart_public,2026-06-08T09:01:07.670669+00:00,banking_lead_index
2025-05-29,VNFINLEAD,2273.94,2293.61,2270.65,2276.65,351115390,vndirect_dchart_public,2026-06-08T09:01:07.670673+00:00,banking_lead_index
2025-05-30,VNFINLEAD,2276.65,2297.99,2249.16,2254.13,317594820,vndirect_dchart_public,2026-06-08T09:01:07.670676+00:00,banking_lead_index
2025-06-02,VNFINLEAD,2254.13,2278.13,2243.67,2275.9,285151924,vndirect_dchart_public,2026-06-08T09:01:07.670680+00:00,banking_lead_index
2025-06-03,VNFINLEAD,2275.9,2311.52,2275.9,2302.21,472990700,vndirect_dchart_public,2026-06-08T09:01:07.670683+00:00,banking_lead_index
2025-06-04,VNFINLEAD,2302.21,2310.71,2288.9,2291.7,310110829,vndirect_dchart_public,2026-06-08T09:01:07.670687+00:00,banking_lead_index
2025-06-05,VNFINLEAD,2291.7,2302.43,2276.51,2280.18,249258103,vndirect_dchart_public,2026-06-08T09:01:07.670691+00:00,banking_lead_index
2025-06-06,VNFINLEAD,2280.18,2287.46,2254.76,2256.68,330523977,vndirect_dchart_public,2026-06-08T09:01:07.670694+00:00,banking_lead_index
2025-06-09,VNFINLEAD,2256.68,2258.75,2233.1,2237.99,246782201,vndirect_dchart_public,2026-06-08T09:01:07.670699+00:00,banking_lead_index
2025-06-10,VNFINLEAD,2237.99,2277.18,2237.16,2250.12,273026644,vndirect_dchart_public,2026-06-08T09:01:07.670702+00:00,banking_lead_index
2025-06-11,VNFINLEAD,2250.12,2260.36,2245.24,2252.18,186897051,vndirect_dchart_public,2026-06-08T09:01:07.670706+00:00,banking_lead_index
2025-06-12,VNFINLEAD,2252.18,2300.17,2252.18,2292.93,364187298,vndirect_dchart_public,2026-06-08T09:01:07.670709+00:00,banking_lead_index
2025-06-13,VNFINLEAD,2292.93,2311.81,2265.41,2287.4,456736088,vndirect_dchart_public,2026-06-08T09:01:07.670713+00:00,banking_lead_index
2025-06-16,VNFINLEAD,2287.4,2331.57,2280.31,2331.57,312883318,vndirect_dchart_public,2026-06-08T09:01:07.670716+00:00,banking_lead_index
2025-06-17,VNFINLEAD,2331.57,2349.79,2325.88,2340.48,291417684,vndirect_dchart_public,2026-06-08T09:01:07.670719+00:00,banking_lead_index
2025-06-18,VNFINLEAD,2340.48,2362.84,2330.29,2343.05,285747172,vndirect_dchart_public,2026-06-08T09:01:07.670723+00:00,banking_lead_index
2025-06-19,VNFINLEAD,2343.05,2366.91,2339.02,2361.9,240692922,vndirect_dchart_public,2026-06-08T09:01:07.670726+00:00,banking_lead_index
2025-06-20,VNFINLEAD,2361.9,2394.0,2361.12,2369.25,337147807,vndirect_dchart_public,2026-06-08T09:01:07.670730+00:00,banking_lead_index
2025-06-23,VNFINLEAD,2369.25,2369.25,2341.41,2356.01,272635024,vndirect_dchart_public,2026-06-08T09:01:07.670736+00:00,banking_lead_index
2025-06-24,VNFINLEAD,2356.01,2389.17,2356.01,2369.74,397522155,vndirect_dchart_public,2026-06-08T09:01:07.670739+00:00,banking_lead_index
2025-06-25,VNFINLEAD,2369.74,2386.68,2360.46,2364.81,293442560,vndirect_dchart_public,2026-06-08T09:01:07.670743+00:00,banking_lead_index
2025-06-26,VNFINLEAD,2364.81,2383.68,2352.18,2368.51,216837243,vndirect_dchart_public,2026-06-08T09:01:07.670747+00:00,banking_lead_index
2025-06-27,VNFINLEAD,2368.51,2382.22,2360.91,2365.78,277702373,vndirect_dchart_public,2026-06-08T09:01:07.670750+00:00,banking_lead_index
2025-06-30,VNFINLEAD,2365.78,2386.17,2365.78,2375.7,222556331,vndirect_dchart_public,2026-06-08T09:01:07.670754+00:00,banking_lead_index
2025-07-01,VNFINLEAD,2375.7,2387.4,2369.57,2380.97,280334023,vndirect_dchart_public,2026-06-08T09:01:07.670757+00:00,banking_lead_index
2025-07-02,VNFINLEAD,2380.97,2409.57,2380.97,2409.5,406129340,vndirect_dchart_public,2026-06-08T09:01:07.670760+00:00,banking_lead_index
2025-07-03,VNFINLEAD,2409.5,2442.62,2402.2,2411.86,578535195,vndirect_dchart_public,2026-06-08T09:01:07.670764+00:00,banking_lead_index
2025-07-04,VNFINLEAD,2411.86,2427.24,2404.91,2426.58,316734263,vndirect_dchart_public,2026-06-08T09:01:07.670769+00:00,banking_lead_index
2025-07-07,VNFINLEAD,2426.58,2475.04,2426.58,2474.65,664290260,vndirect_dchart_public,2026-06-08T09:01:07.670772+00:00,banking_lead_index
2025-07-08,VNFINLEAD,2474.65,2492.07,2467.97,2490.28,470763432,vndirect_dchart_public,2026-06-08T09:01:07.670776+00:00,banking_lead_index
2025-07-09,VNFINLEAD,2490.28,2530.26,2489.54,2513.59,676427935,vndirect_dchart_public,2026-06-08T09:01:07.670781+00:00,banking_lead_index
2025-07-10,VNFINLEAD,2513.59,2525.87,2504.52,2517.84,402238368,vndirect_dchart_public,2026-06-08T09:01:07.670785+00:00,banking_lead_index
2025-07-11,VNFINLEAD,2517.84,2544.83,2509.56,2532.85,524142304,vndirect_dchart_public,2026-06-08T09:01:07.670788+00:00,banking_lead_index
2025-07-14,VNFINLEAD,2532.85,2550.56,2508.17,2549.38,431562451,vndirect_dchart_public,2026-06-08T09:01:07.670792+00:00,banking_lead_index
2025-07-15,VNFINLEAD,2549.38,2580.97,2539.71,2539.71,563553624,vndirect_dchart_public,2026-06-08T09:01:07.670795+00:00,banking_lead_index
2025-07-16,VNFINLEAD,2539.71,2571.07,2529.47,2564.49,457094965,vndirect_dchart_public,2026-06-08T09:01:07.670799+00:00,banking_lead_index
2025-07-17,VNFINLEAD,2564.49,2584.34,2556.09,2567.31,472489941,vndirect_dchart_public,2026-06-08T09:01:07.670816+00:00,banking_lead_index
2025-07-18,VNFINLEAD,2567.31,2625.35,2560.58,2618.03,527568040,vndirect_dchart_public,2026-06-08T09:01:07.670819+00:00,banking_lead_index
2025-07-21,VNFINLEAD,2618.03,2643.79,2596.92,2622.16,557603914,vndirect_dchart_public,2026-06-08T09:01:07.670824+00:00,banking_lead_index
2025-07-22,VNFINLEAD,2622.16,2653.51,2589.53,2653.51,521296174,vndirect_dchart_public,2026-06-08T09:01:07.670828+00:00,banking_lead_index
2025-07-23,VNFINLEAD,2653.51,2689.87,2652.02,2668.1,577738810,vndirect_dchart_public,2026-06-08T09:01:07.670831+00:00,banking_lead_index
2025-07-24,VNFINLEAD,2668.1,2725.32,2668.1,2700.28,550445869,vndirect_dchart_public,2026-06-08T09:01:07.670835+00:00,banking_lead_index
2025-07-25,VNFINLEAD,2700.28,2741.92,2700.28,2737.47,524066901,vndirect_dchart_public,2026-06-08T09:01:07.670838+00:00,banking_lead_index
2025-07-28,VNFINLEAD,2737.47,2810.89,2737.47,2810.34,653937584,vndirect_dchart_public,2026-06-08T09:01:07.670841+00:00,banking_lead_index
2025-07-29,VNFINLEAD,2810.34,2834.81,2656.22,2658.51,1048396754,vndirect_dchart_public,2026-06-08T09:01:07.670845+00:00,banking_lead_index
2025-07-30,VNFINLEAD,2658.51,2735.58,2642.89,2726.3,726129190,vndirect_dchart_public,2026-06-08T09:01:07.670849+00:00,banking_lead_index
2025-07-31,VNFINLEAD,2726.3,2768.74,2703.27,2746.58,670446237,vndirect_dchart_public,2026-06-08T09:01:07.670853+00:00,banking_lead_index
2025-08-01,VNFINLEAD,2746.58,2776.78,2707.25,2732.83,587924198,vndirect_dchart_public,2026-06-08T09:01:07.670857+00:00,banking_lead_index
2025-08-04,VNFINLEAD,2732.83,2811.0,2707.82,2811.0,530424572,vndirect_dchart_public,2026-06-08T09:01:07.670861+00:00,banking_lead_index
2025-08-05,VNFINLEAD,2811.0,2956.71,2777.92,2864.68,1139730070,vndirect_dchart_public,2026-06-08T09:01:07.670865+00:00,banking_lead_index
2025-08-06,VNFINLEAD,2864.68,2945.85,2864.68,2945.36,537773816,vndirect_dchart_public,2026-06-08T09:01:07.670868+00:00,banking_lead_index
2025-08-07,VNFINLEAD,2945.36,2988.81,2925.78,2984.42,615362607,vndirect_dchart_public,2026-06-08T09:01:07.670871+00:00,banking_lead_index
2025-08-08,VNFINLEAD,2984.42,3018.64,2927.89,2976.32,660098292,vndirect_dchart_public,2026-06-08T09:01:07.670875+00:00,banking_lead_index
2025-08-11,VNFINLEAD,2976.32,3021.12,2963.12,3012.83,635203669,vndirect_dchart_public,2026-06-08T09:01:07.670878+00:00,banking_lead_index
2025-08-12,VNFINLEAD,3026.24,3034.58,2986.72,3026.48,510850331,vndirect_dchart_public,2026-06-08T09:01:07.670882+00:00,banking_lead_index
2025-08-13,VNFINLEAD,3049.16,3062.3,2976.61,3044.54,726571330,vndirect_dchart_public,2026-06-08T09:01:07.670885+00:00,banking_lead_index
2025-08-14,VNFINLEAD,3088.16,3189.65,3044.54,3178.99,803234568,vndirect_dchart_public,2026-06-08T09:01:07.670889+00:00,banking_lead_index
2025-08-15,VNFINLEAD,3244.68,3284.12,3164.12,3185.57,809152615,vndirect_dchart_public,2026-06-08T09:01:07.670893+00:00,banking_lead_index
2025-08-18,VNFINLEAD,3213.58,3240.07,3179.76,3203.17,580996714,vndirect_dchart_public,2026-06-08T09:01:07.670896+00:00,banking_lead_index
2025-08-19,VNFINLEAD,3225.71,3320.61,3203.17,3295.84,709184256,vndirect_dchart_public,2026-06-08T09:01:07.670899+00:00,banking_lead_index
2025-08-20,VNFINLEAD,3311.99,3366.7,3190.28,3338.59,955636253,vndirect_dchart_public,2026-06-08T09:01:07.670902+00:00,banking_lead_index
2025-08-21,VNFINLEAD,3386.55,3465.4,3338.59,3455.66,802332077,vndirect_dchart_public,2026-06-08T09:01:07.670906+00:00,banking_lead_index
2025-08-22,VNFINLEAD,3442.5,3476.79,3266.17,3297.12,1021100685,vndirect_dchart_public,2026-06-08T09:01:07.670911+00:00,banking_lead_index
2025-08-25,VNFINLEAD,3336.6,3339.5,3130.75,3154.65,748503938,vndirect_dchart_public,2026-06-08T09:01:07.670914+00:00,banking_lead_index
2025-08-26,VNFINLEAD,3145.26,3292.37,3111.21,3292.37,610365066,vndirect_dchart_public,2026-06-08T09:01:07.670917+00:00,banking_lead_index
2025-08-27,VNFINLEAD,3332.54,3386.67,3279.65,3293.52,692978955,vndirect_dchart_public,2026-06-08T09:01:07.670921+00:00,banking_lead_index
2025-08-28,VNFINLEAD,3304.64,3338.4,3253.82,3335.98,584847642,vndirect_dchart_public,2026-06-08T09:01:07.670925+00:00,banking_lead_index
2025-08-29,VNFINLEAD,3365.87,3428.9,3335.98,3382.59,741192014,vndirect_dchart_public,2026-06-08T09:01:07.670929+00:00,banking_lead_index
2025-09-03,VNFINLEAD,3390.2,3415.52,3352.57,3380.32,494073143,vndirect_dchart_public,2026-06-08T09:01:07.670932+00:00,banking_lead_index
2025-09-04,VNFINLEAD,3393.98,3404.09,3357.74,3397.83,490361559,vndirect_dchart_public,2026-06-08T09:01:07.670936+00:00,banking_lead_index
2025-09-05,VNFINLEAD,3431.13,3433.05,3296.87,3305.22,703131176,vndirect_dchart_public,2026-06-08T09:01:07.670939+00:00,banking_lead_index
2025-09-08,VNFINLEAD,3284.87,3305.22,3162.14,3169.2,771947372,vndirect_dchart_public,2026-06-08T09:01:07.670942+00:00,banking_lead_index
2025-09-09,VNFINLEAD,3184.63,3220.57,3142.3,3220.57,433455708,vndirect_dchart_public,2026-06-08T09:01:07.670946+00:00,banking_lead_index
2025-09-10,VNFINLEAD,3256.15,3287.28,3198.49,3232.82,350061694,vndirect_dchart_public,2026-06-08T09:01:07.670949+00:00,banking_lead_index
2025-09-11,VNFINLEAD,3216.5,3239.97,3108.71,3231.26,532145100,vndirect_dchart_public,2026-06-08T09:01:07.670952+00:00,banking_lead_index
2025-09-12,VNFINLEAD,3246.77,3267.58,3208.39,3216.91,301812204,vndirect_dchart_public,2026-06-08T09:01:07.670956+00:00,banking_lead_index
2025-09-15,VNFINLEAD,3227.95,3249.02,3208.83,3249.02,456261509,vndirect_dchart_public,2026-06-08T09:01:07.670959+00:00,banking_lead_index
2025-09-16,VNFINLEAD,3284.58,3307.04,3249.02,3267.97,563593996,vndirect_dchart_public,2026-06-08T09:01:07.670962+00:00,banking_lead_index
2025-09-17,VNFINLEAD,3263.89,3277.53,3215.25,3218.22,320460396,vndirect_dchart_public,2026-06-08T09:01:07.670966+00:00,banking_lead_index
2025-09-18,VNFINLEAD,3226.13,3239.56,3176.88,3208.95,334239616,vndirect_dchart_public,2026-06-08T09:01:07.670969+00:00,banking_lead_index
2025-09-19,VNFINLEAD,3218.87,3223.64,3136.05,3165.58,358281959,vndirect_dchart_public,2026-06-08T09:01:07.670973+00:00,banking_lead_index
2025-09-22,VNFINLEAD,3167.44,3187.17,3078.75,3106.5,471642199,vndirect_dchart_public,2026-06-08T09:01:07.670976+00:00,banking_lead_index
2025-09-23,VNFINLEAD,3112.97,3151.11,3106.5,3120.92,331774620,vndirect_dchart_public,2026-06-08T09:01:07.670979+00:00,banking_lead_index
2025-09-24,VNFINLEAD,3126.75,3218.05,3086.69,3217.28,488252826,vndirect_dchart_public,2026-06-08T09:01:07.670982+00:00,banking_lead_index
2025-09-25,VNFINLEAD,3225.29,3254.91,3186.33,3198.03,289761144,vndirect_dchart_public,2026-06-08T09:01:07.670986+00:00,banking_lead_index
2025-09-26,VNFINLEAD,3197.65,3207.17,3144.18,3158.16,294869730,vndirect_dchart_public,2026-06-08T09:01:07.670989+00:00,banking_lead_index
2025-09-29,VNFINLEAD,3156.75,3172.85,3124.92,3165.79,287436985,vndirect_dchart_public,2026-06-08T09:01:07.670994+00:00,banking_lead_index
2025-09-30,VNFINLEAD,3164.74,3180.38,3117.13,3169.89,345822047,vndirect_dchart_public,2026-06-08T09:01:07.670998+00:00,banking_lead_index
2025-10-01,VNFINLEAD,3178.3,3225.44,3166.94,3209.84,265379889,vndirect_dchart_public,2026-06-08T09:01:07.671001+00:00,banking_lead_index
2025-10-02,VNFINLEAD,3224.65,3250.08,3174.93,3188.93,313006690,vndirect_dchart_public,2026-06-08T09:01:07.671004+00:00,banking_lead_index
2025-10-03,VNFINLEAD,3182.55,3191.98,3136.9,3144.96,276939306,vndirect_dchart_public,2026-06-08T09:01:07.671008+00:00,banking_lead_index
2025-10-06,VNFINLEAD,3193.38,3284.89,3144.96,3284.89,524762025,vndirect_dchart_public,2026-06-08T09:01:07.671011+00:00,banking_lead_index
2025-10-07,VNFINLEAD,3309.06,3333.72,3237.42,3248.03,360510840,vndirect_dchart_public,2026-06-08T09:01:07.671015+00:00,banking_lead_index
2025-10-08,VNFINLEAD,3286.84,3377.84,3236.9,3265.41,462879001,vndirect_dchart_public,2026-06-08T09:01:07.671021+00:00,banking_lead_index
2025-10-09,VNFINLEAD,3276.6,3303.05,3265.41,3301.52,552028070,vndirect_dchart_public,2026-06-08T09:01:07.671024+00:00,banking_lead_index
2025-10-10,VNFINLEAD,3315.24,3334.82,3291.63,3313.08,440505752,vndirect_dchart_public,2026-06-08T09:01:07.671028+00:00,banking_lead_index
2025-10-13,VNFINLEAD,3293.64,3338.36,3254.77,3338.36,505360853,vndirect_dchart_public,2026-06-08T09:01:07.671032+00:00,banking_lead_index
2025-10-14,VNFINLEAD,3363.64,3382.64,3313.22,3328.27,651738495,vndirect_dchart_public,2026-06-08T09:01:07.671036+00:00,banking_lead_index
2025-10-15,VNFINLEAD,3338.15,3396.38,3327.06,3356.03,514017970,vndirect_dchart_public,2026-06-08T09:01:07.671039+00:00,banking_lead_index
2025-10-16,VNFINLEAD,3371.37,3391.11,3327.56,3348.38,402091559,vndirect_dchart_public,2026-06-08T09:01:07.671042+00:00,banking_lead_index
2025-10-17,VNFINLEAD,3354.75,3375.74,3276.66,3285.15,510736042,vndirect_dchart_public,2026-06-08T09:01:07.671046+00:00,banking_lead_index
2025-10-20,VNFINLEAD,3268.12,3285.15,3071.76,3072.46,705946898,vndirect_dchart_public,2026-06-08T09:01:07.671049+00:00,banking_lead_index
2025-10-21,VNFINLEAD,3087.64,3134.33,3004.17,3105.31,682647810,vndirect_dchart_public,2026-06-08T09:01:07.671052+00:00,banking_lead_index
2025-10-22,VNFINLEAD,3131.8,3155.39,3019.84,3111.33,364210741,vndirect_dchart_public,2026-06-08T09:01:07.671056+00:00,banking_lead_index
2025-10-23,VNFINLEAD,3115.4,3137.13,3077.41,3084.02,300604270,vndirect_dchart_public,2026-06-08T09:01:07.671059+00:00,banking_lead_index
2025-10-24,VNFINLEAD,3069.28,3088.22,2995.4,3020.69,467498053,vndirect_dchart_public,2026-06-08T09:01:07.671063+00:00,banking_lead_index
2025-10-27,VNFINLEAD,3042.51,3049.17,2959.26,2964.03,439446533,vndirect_dchart_public,2026-06-08T09:01:07.671067+00:00,banking_lead_index
2025-10-28,VNFINLEAD,2960.54,3042.63,2936.17,3040.26,359853861,vndirect_dchart_public,2026-06-08T09:01:07.671070+00:00,banking_lead_index
2025-10-29,VNFINLEAD,3049.7,3098.64,3040.26,3074.01,373459472,vndirect_dchart_public,2026-06-08T09:01:07.671074+00:00,banking_lead_index
2025-10-30,VNFINLEAD,3084.61,3094.29,3012.91,3024.58,333019011,vndirect_dchart_public,2026-06-08T09:01:07.671077+00:00,banking_lead_index
2025-10-31,VNFINLEAD,3020.0,3040.78,2924.97,2968.63,302946737,vndirect_dchart_public,2026-06-08T09:01:07.671080+00:00,banking_lead_index
2025-11-03,VNFINLEAD,2976.23,2987.23,2863.81,2864.59,420390027,vndirect_dchart_public,2026-06-08T09:01:07.671084+00:00,banking_lead_index
2025-11-04,VNFINLEAD,2863.63,2994.13,2847.19,2984.68,495158151,vndirect_dchart_public,2026-06-08T09:01:07.671087+00:00,banking_lead_index
2025-11-05,VNFINLEAD,2970.04,2994.61,2942.87,2957.3,223906646,vndirect_dchart_public,2026-06-08T09:01:07.671091+00:00,banking_lead_index
2025-11-06,VNFINLEAD,2957.46,2976.78,2894.31,2903.15,229339605,vndirect_dchart_public,2026-06-08T09:01:07.671094+00:00,banking_lead_index
2025-11-07,VNFINLEAD,2898.98,2922.58,2807.42,2813.88,364708136,vndirect_dchart_public,2026-06-08T09:01:07.671097+00:00,banking_lead_index
2025-11-10,VNFINLEAD,2817.28,2858.02,2789.87,2806.42,287349016,vndirect_dchart_public,2026-06-08T09:01:07.671101+00:00,banking_lead_index
2025-11-11,VNFINLEAD,2822.68,2844.55,2792.38,2839.8,269352439,vndirect_dchart_public,2026-06-08T09:01:07.671104+00:00,banking_lead_index
2025-11-12,VNFINLEAD,2854.14,2909.07,2832.28,2906.99,330758315,vndirect_dchart_public,2026-06-08T09:01:07.671107+00:00,banking_lead_index
2025-11-13,VNFINLEAD,2909.7,2925.94,2872.18,2883.28,255332838,vndirect_dchart_public,2026-06-08T09:01:07.671111+00:00,banking_lead_index
2025-11-14,VNFINLEAD,2871.5,2900.88,2857.96,2884.39,268692189,vndirect_dchart_public,2026-06-08T09:01:07.671114+00:00,banking_lead_index
2025-11-17,VNFINLEAD,2891.18,2916.25,2880.34,2914.67,247857395,vndirect_dchart_public,2026-06-08T09:01:07.671117+00:00,banking_lead_index
2025-11-18,VNFINLEAD,2920.88,2933.82,2902.56,2933.27,289093946,vndirect_dchart_public,2026-06-08T09:01:07.671121+00:00,banking_lead_index
2025-11-19,VNFINLEAD,2932.66,2939.66,2890.23,2900.56,287420722,vndirect_dchart_public,2026-06-08T09:01:07.671124+00:00,banking_lead_index
2025-11-20,VNFINLEAD,2906.42,2913.98,2881.17,2905.62,281520838,vndirect_dchart_public,2026-06-08T09:01:07.671127+00:00,banking_lead_index
2025-11-21,VNFINLEAD,2884.75,2907.77,2862.61,2890.22,298539594,vndirect_dchart_public,2026-06-08T09:01:07.671133+00:00,banking_lead_index
2025-11-24,VNFINLEAD,2895.3,2905.96,2869.84,2883.68,210376668,vndirect_dchart_public,2026-06-08T09:01:07.671137+00:00,banking_lead_index
2025-11-25,VNFINLEAD,2886.15,2891.36,2833.27,2839.31,349627072,vndirect_dchart_public,2026-06-08T09:01:07.671140+00:00,banking_lead_index
2025-11-26,VNFINLEAD,2847.03,2899.78,2823.77,2894.51,339659600,vndirect_dchart_public,2026-06-08T09:01:07.671144+00:00,banking_lead_index
2025-11-27,VNFINLEAD,2903.78,2929.49,2893.57,2893.67,298048358,vndirect_dchart_public,2026-06-08T09:01:07.671147+00:00,banking_lead_index
2025-11-28,VNFINLEAD,2893.04,2901.91,2855.15,2879.36,264766548,vndirect_dchart_public,2026-06-08T09:01:07.671152+00:00,banking_lead_index
2025-12-01,VNFINLEAD,2879.24,2884.65,2852.77,2862.23,222811122,vndirect_dchart_public,2026-06-08T09:01:07.671155+00:00,banking_lead_index
2025-12-02,VNFINLEAD,2860.87,2891.32,2840.62,2882.62,294419499,vndirect_dchart_public,2026-06-08T09:01:07.671159+00:00,banking_lead_index
2025-12-03,VNFINLEAD,2891.62,2958.36,2881.68,2948.95,387332073,vndirect_dchart_public,2026-06-08T09:01:07.671162+00:00,banking_lead_index
2025-12-04,VNFINLEAD,2963.19,2997.14,2948.95,2988.48,373105495,vndirect_dchart_public,2026-06-08T09:01:07.671165+00:00,banking_lead_index
2025-12-05,VNFINLEAD,2996.64,2996.64,2933.9,2937.93,293912827,vndirect_dchart_public,2026-06-08T09:01:07.671169+00:00,banking_lead_index
2025-12-08,VNFINLEAD,2939.07,2946.96,2904.97,2911.01,237773324,vndirect_dchart_public,2026-06-08T09:01:07.671172+00:00,banking_lead_index
2025-12-09,VNFINLEAD,2904.33,2904.33,2836.82,2862.0,403875366,vndirect_dchart_public,2026-06-08T09:01:07.671175+00:00,banking_lead_index
2025-12-10,VNFINLEAD,2869.21,2887.28,2860.4,2876.36,208041499,vndirect_dchart_public,2026-06-08T09:01:07.671179+00:00,banking_lead_index
2025-12-11,VNFINLEAD,2879.8,2889.01,2837.63,2845.08,198841523,vndirect_dchart_public,2026-06-08T09:01:07.671182+00:00,banking_lead_index
2025-12-12,VNFINLEAD,2846.97,2850.87,2735.11,2735.78,325679947,vndirect_dchart_public,2026-06-08T09:01:07.671186+00:00,banking_lead_index
2025-12-15,VNFINLEAD,2738.71,2768.22,2727.01,2747.89,245823415,vndirect_dchart_public,2026-06-08T09:01:07.671189+00:00,banking_lead_index
2025-12-16,VNFINLEAD,2749.52,2842.94,2706.34,2833.8,316893486,vndirect_dchart_public,2026-06-08T09:01:07.671192+00:00,banking_lead_index
2025-12-17,VNFINLEAD,2835.76,2843.17,2792.99,2811.36,209695845,vndirect_dchart_public,2026-06-08T09:01:07.671196+00:00,banking_lead_index
2025-12-18,VNFINLEAD,2816.5,2839.63,2798.07,2839.63,239675519,vndirect_dchart_public,2026-06-08T09:01:07.671200+00:00,banking_lead_index
2025-12-19,VNFINLEAD,2843.75,2892.93,2841.17,2871.1,262417713,vndirect_dchart_public,2026-06-08T09:01:07.671204+00:00,banking_lead_index
2025-12-22,VNFINLEAD,2881.89,2956.08,2870.52,2956.08,373848291,vndirect_dchart_public,2026-06-08T09:01:07.671207+00:00,banking_lead_index
2025-12-23,VNFINLEAD,2974.52,2996.35,2941.37,2955.93,340822286,vndirect_dchart_public,2026-06-08T09:01:07.671212+00:00,banking_lead_index
2025-12-24,VNFINLEAD,2962.7,3003.57,2943.9,3002.52,357586443,vndirect_dchart_public,2026-06-08T09:01:07.671216+00:00,banking_lead_index
2025-12-25,VNFINLEAD,2999.67,3031.27,2938.07,2938.07,277035192,vndirect_dchart_public,2026-06-08T09:01:07.671219+00:00,banking_lead_index
2025-12-26,VNFINLEAD,2911.64,2944.22,2850.44,2930.57,399845363,vndirect_dchart_public,2026-06-08T09:01:07.671222+00:00,banking_lead_index
2025-12-29,VNFINLEAD,2939.63,2949.92,2922.5,2937.81,199322169,vndirect_dchart_public,2026-06-08T09:01:07.671226+00:00,banking_lead_index
2025-12-30,VNFINLEAD,2942.12,2967.57,2932.12,2964.89,260742802,vndirect_dchart_public,2026-06-08T09:01:07.671229+00:00,banking_lead_index
2025-12-31,VNFINLEAD,2965.94,2978.43,2931.42,2971.37,268463634,vndirect_dchart_public,2026-06-08T09:01:07.671232+00:00,banking_lead_index
2026-01-05,VNFINLEAD,2966.58,2973.2,2879.36,2924.81,385969390,vndirect_dchart_public,2026-06-08T09:01:07.671236+00:00,banking_lead_index
2026-01-06,VNFINLEAD,2923.27,2977.18,2884.62,2973.96,390526576,vndirect_dchart_public,2026-06-08T09:01:07.671239+00:00,banking_lead_index
2026-01-07,VNFINLEAD,2986.67,3008.89,2972.66,2999.55,444874575,vndirect_dchart_public,2026-06-08T09:01:07.671243+00:00,banking_lead_index
2026-01-08,VNFINLEAD,3007.24,3048.44,2988.88,3005.68,591587013,vndirect_dchart_public,2026-06-08T09:01:07.671248+00:00,banking_lead_index
2026-01-09,VNFINLEAD,3023.64,3052.08,2977.43,2991.42,538006814,vndirect_dchart_public,2026-06-08T09:01:07.671251+00:00,banking_lead_index
2026-01-12,VNFINLEAD,3004.5,3122.49,2999.63,3122.17,652024847,vndirect_dchart_public,2026-06-08T09:01:07.671255+00:00,banking_lead_index
2026-01-13,VNFINLEAD,3147.68,3164.42,3111.42,3122.27,674625285,vndirect_dchart_public,2026-06-08T09:01:07.671258+00:00,banking_lead_index
2026-01-14,VNFINLEAD,3124.32,3147.94,3051.52,3089.92,599809792,vndirect_dchart_public,2026-06-08T09:01:07.671262+00:00,banking_lead_index
2026-01-15,VNFINLEAD,3072.51,3095.08,3031.88,3092.14,559429341,vndirect_dchart_public,2026-06-08T09:01:07.671265+00:00,banking_lead_index
2026-01-16,VNFINLEAD,3118.0,3124.37,3073.08,3080.06,399055868,vndirect_dchart_public,2026-06-08T09:01:07.671269+00:00,banking_lead_index
2026-01-19,VNFINLEAD,3087.71,3120.96,3077.84,3115.7,358586304,vndirect_dchart_public,2026-06-08T09:01:07.671273+00:00,banking_lead_index
2026-01-20,VNFINLEAD,3138.83,3157.85,3071.14,3109.22,441404367,vndirect_dchart_public,2026-06-08T09:01:07.671277+00:00,banking_lead_index
2026-01-21,VNFINLEAD,3086.28,3125.14,3055.93,3091.14,536359381,vndirect_dchart_public,2026-06-08T09:01:07.671280+00:00,banking_lead_index
2026-01-22,VNFINLEAD,3109.53,3147.22,3090.9,3103.62,333788103,vndirect_dchart_public,2026-06-08T09:01:07.671284+00:00,banking_lead_index
2026-01-23,VNFINLEAD,3113.04,3120.51,3087.71,3091.09,361571024,vndirect_dchart_public,2026-06-08T09:01:07.671287+00:00,banking_lead_index
2026-01-26,VNFINLEAD,3091.26,3096.87,3004.09,3014.26,422664307,vndirect_dchart_public,2026-06-08T09:01:07.671290+00:00,banking_lead_index
2026-01-27,VNFINLEAD,3015.49,3029.71,2998.64,3018.74,288632121,vndirect_dchart_public,2026-06-08T09:01:07.671294+00:00,banking_lead_index
2026-01-28,VNFINLEAD,3019.7,3043.39,2988.04,3003.86,337854172,vndirect_dchart_public,2026-06-08T09:01:07.671297+00:00,banking_lead_index
2026-01-29,VNFINLEAD,3021.97,3034.78,2984.28,3000.67,216407052,vndirect_dchart_public,2026-06-08T09:01:07.671300+00:00,banking_lead_index
2026-01-30,VNFINLEAD,3007.59,3045.13,2994.98,3039.68,316279504,vndirect_dchart_public,2026-06-08T09:01:07.671304+00:00,banking_lead_index
2026-02-02,VNFINLEAD,3026.41,3032.31,2975.22,3007.46,317163343,vndirect_dchart_public,2026-06-08T09:01:07.671307+00:00,banking_lead_index
2026-02-03,VNFINLEAD,3032.59,3038.59,3007.03,3012.57,362138514,vndirect_dchart_public,2026-06-08T09:01:07.671314+00:00,banking_lead_index
2026-02-04,VNFINLEAD,3022.23,3035.65,3007.73,3023.48,315121984,vndirect_dchart_public,2026-06-08T09:01:07.671317+00:00,banking_lead_index
2026-02-05,VNFINLEAD,3033.22,3041.06,2984.06,2984.06,252251749,vndirect_dchart_public,2026-06-08T09:01:07.671320+00:00,banking_lead_index
2026-02-06,VNFINLEAD,2967.54,2968.7,2920.0,2927.96,417699150,vndirect_dchart_public,2026-06-08T09:01:07.671323+00:00,banking_lead_index
2026-02-09,VNFINLEAD,2952.14,2959.58,2919.28,2922.09,222483633,vndirect_dchart_public,2026-06-08T09:01:07.671327+00:00,banking_lead_index
2026-02-10,VNFINLEAD,2927.91,2952.22,2891.89,2918.21,312327664,vndirect_dchart_public,2026-06-08T09:01:07.671330+00:00,banking_lead_index
2026-02-11,VNFINLEAD,2932.27,3037.08,2930.75,3020.8,398640623,vndirect_dchart_public,2026-06-08T09:01:07.671333+00:00,banking_lead_index
2026-02-12,VNFINLEAD,3034.73,3039.39,3000.35,3013.03,208315828,vndirect_dchart_public,2026-06-08T09:01:07.671336+00:00,banking_lead_index
2026-02-13,VNFINLEAD,3008.62,3036.17,3000.48,3035.53,242996001,vndirect_dchart_public,2026-06-08T09:01:07.671341+00:00,banking_lead_index
2026-02-23,VNFINLEAD,3045.63,3069.77,3036.06,3067.64,299418339,vndirect_dchart_public,2026-06-08T09:01:07.671344+00:00,banking_lead_index
2026-02-24,VNFINLEAD,3064.7,3090.13,3054.57,3075.65,387063301,vndirect_dchart_public,2026-06-08T09:01:07.671347+00:00,banking_lead_index
2026-02-25,VNFINLEAD,3083.85,3140.85,3074.46,3107.09,445884194,vndirect_dchart_public,2026-06-08T09:01:07.671350+00:00,banking_lead_index
2026-02-26,VNFINLEAD,3116.67,3128.86,3089.67,3116.85,275590080,vndirect_dchart_public,2026-06-08T09:01:07.671354+00:00,banking_lead_index
2026-02-27,VNFINLEAD,3116.33,3118.97,3088.31,3095.91,287652426,vndirect_dchart_public,2026-06-08T09:01:07.671357+00:00,banking_lead_index
2026-03-02,VNFINLEAD,3090.63,3090.63,3011.57,3015.08,563791659,vndirect_dchart_public,2026-06-08T09:01:07.671361+00:00,banking_lead_index
2026-03-03,VNFINLEAD,3018.07,3063.56,2974.58,2984.2,439807128,vndirect_dchart_public,2026-06-08T09:01:07.671365+00:00,banking_lead_index
2026-03-04,VNFINLEAD,2979.36,2998.93,2890.2,2968.47,576968474,vndirect_dchart_public,2026-06-08T09:01:07.671368+00:00,banking_lead_index
2026-03-05,VNFINLEAD,3008.03,3021.34,2938.82,2942.19,476426796,vndirect_dchart_public,2026-06-08T09:01:07.671371+00:00,banking_lead_index
2026-03-06,VNFINLEAD,2944.11,2948.82,2892.73,2897.58,384109740,vndirect_dchart_public,2026-06-08T09:01:07.671374+00:00,banking_lead_index
2026-03-09,VNFINLEAD,2884.86,2884.86,2697.47,2704.99,589944239,vndirect_dchart_public,2026-06-08T09:01:07.671383+00:00,banking_lead_index
2026-03-10,VNFINLEAD,2737.59,2830.72,2737.59,2796.56,547710897,vndirect_dchart_public,2026-06-08T09:01:07.671387+00:00,banking_lead_index
2026-03-11,VNFINLEAD,2798.16,2883.45,2785.79,2866.4,346751430,vndirect_dchart_public,2026-06-08T09:01:07.671390+00:00,banking_lead_index
2026-03-12,VNFINLEAD,2836.2,2857.86,2804.02,2816.93,338184740,vndirect_dchart_public,2026-06-08T09:01:07.671393+00:00,banking_lead_index
2026-03-13,VNFINLEAD,2792.55,2832.48,2775.37,2805.0,299046763,vndirect_dchart_public,2026-06-08T09:01:07.671397+00:00,banking_lead_index
2026-03-16,VNFINLEAD,2807.68,2825.46,2795.53,2810.13,256012744,vndirect_dchart_public,2026-06-08T09:01:07.671401+00:00,banking_lead_index
2026-03-17,VNFINLEAD,2836.3,2880.8,2833.83,2838.17,268179494,vndirect_dchart_public,2026-06-08T09:01:07.671404+00:00,banking_lead_index
2026-03-18,VNFINLEAD,2854.99,2877.79,2790.16,2810.01,298880941,vndirect_dchart_public,2026-06-08T09:01:07.671407+00:00,banking_lead_index
2026-03-19,VNFINLEAD,2780.95,2796.84,2753.48,2787.63,359083932,vndirect_dchart_public,2026-06-08T09:01:07.671410+00:00,banking_lead_index
2026-03-20,VNFINLEAD,2776.51,2782.34,2735.07,2751.03,269178316,vndirect_dchart_public,2026-06-08T09:01:07.671415+00:00,banking_lead_index
2026-03-23,VNFINLEAD,2717.83,2717.83,2638.42,2644.93,422473718,vndirect_dchart_public,2026-06-08T09:01:07.671418+00:00,banking_lead_index
2026-03-24,VNFINLEAD,2700.82,2744.93,2688.9,2709.84,251169705,vndirect_dchart_public,2026-06-08T09:01:07.671421+00:00,banking_lead_index
2026-03-25,VNFINLEAD,2744.32,2787.18,2742.19,2787.17,317153321,vndirect_dchart_public,2026-06-08T09:01:07.671424+00:00,banking_lead_index
2026-03-26,VNFINLEAD,2788.74,2788.74,2750.32,2759.51,250722624,vndirect_dchart_public,2026-06-08T09:01:07.671428+00:00,banking_lead_index
2026-03-27,VNFINLEAD,2753.58,2806.64,2748.69,2802.15,288103973,vndirect_dchart_public,2026-06-08T09:01:07.671431+00:00,banking_lead_index
2026-03-30,VNFINLEAD,2757.38,2803.68,2731.28,2783.37,277889464,vndirect_dchart_public,2026-06-08T09:01:07.671434+00:00,banking_lead_index
2026-03-31,VNFINLEAD,2792.27,2831.19,2792.08,2821.93,352804684,vndirect_dchart_public,2026-06-08T09:01:07.671437+00:00,banking_lead_index
2026-04-01,VNFINLEAD,2869.74,2876.36,2830.85,2838.25,350261398,vndirect_dchart_public,2026-06-08T09:01:07.671440+00:00,banking_lead_index
2026-04-02,VNFINLEAD,2819.95,2820.44,2775.44,2796.35,318234583,vndirect_dchart_public,2026-06-08T09:01:07.671444+00:00,banking_lead_index
2026-04-03,VNFINLEAD,2801.78,2813.33,2746.34,2770.11,284232489,vndirect_dchart_public,2026-06-08T09:01:07.671447+00:00,banking_lead_index
2026-04-06,VNFINLEAD,2768.01,2778.97,2741.03,2747.96,225528127,vndirect_dchart_public,2026-06-08T09:01:07.671450+00:00,banking_lead_index
2026-04-07,VNFINLEAD,2761.98,2771.96,2738.06,2771.22,246281885,vndirect_dchart_public,2026-06-08T09:01:07.671453+00:00,banking_lead_index
2026-04-08,VNFINLEAD,2835.5,2921.77,2835.5,2920.56,544679534,vndirect_dchart_public,2026-06-08T09:01:07.671456+00:00,banking_lead_index
2026-04-09,VNFINLEAD,2903.34,2932.33,2888.84,2903.13,336094165,vndirect_dchart_public,2026-06-08T09:01:07.671459+00:00,banking_lead_index
2026-04-10,VNFINLEAD,2927.78,2963.48,2920.87,2931.11,423584398,vndirect_dchart_public,2026-06-08T09:01:07.671463+00:00,banking_lead_index
2026-04-13,VNFINLEAD,2897.14,2927.14,2891.15,2905.61,343310401,vndirect_dchart_public,2026-06-08T09:01:07.671466+00:00,banking_lead_index
2026-04-14,VNFINLEAD,2940.23,2949.9,2913.87,2921.17,315032641,vndirect_dchart_public,2026-06-08T09:01:07.671470+00:00,banking_lead_index
2026-04-15,VNFINLEAD,2944.41,2946.8,2898.01,2916.19,330971262,vndirect_dchart_public,2026-06-08T09:01:07.671474+00:00,banking_lead_index
2026-04-16,VNFINLEAD,2911.08,2914.51,2897.33,2907.76,370469159,vndirect_dchart_public,2026-06-08T09:01:07.671478+00:00,banking_lead_index
2026-04-17,VNFINLEAD,2915.18,2939.8,2907.32,2915.64,272153216,vndirect_dchart_public,2026-06-08T09:01:07.671481+00:00,banking_lead_index
2026-04-20,VNFINLEAD,2922.43,2949.17,2915.24,2928.91,283128114,vndirect_dchart_public,2026-06-08T09:01:07.671485+00:00,banking_lead_index
2026-04-21,VNFINLEAD,2949.66,2956.36,2920.84,2921.22,268715231,vndirect_dchart_public,2026-06-08T09:01:07.671488+00:00,banking_lead_index
2026-04-22,VNFINLEAD,2932.23,2942.88,2907.81,2915.64,221685090,vndirect_dchart_public,2026-06-08T09:01:07.671491+00:00,banking_lead_index
2026-04-23,VNFINLEAD,2918.01,2959.98,2892.88,2907.23,417240626,vndirect_dchart_public,2026-06-08T09:01:07.671494+00:00,banking_lead_index
2026-04-24,VNFINLEAD,2909.92,2915.46,2891.89,2903.77,213191293,vndirect_dchart_public,2026-06-08T09:01:07.671497+00:00,banking_lead_index
2026-04-28,VNFINLEAD,2913.87,2927.57,2900.2,2900.2,205993682,vndirect_dchart_public,2026-06-08T09:01:07.671501+00:00,banking_lead_index
2026-04-29,VNFINLEAD,2895.04,2899.75,2878.63,2887.15,212160967,vndirect_dchart_public,2026-06-08T09:01:07.671504+00:00,banking_lead_index
2026-05-04,VNFINLEAD,2898.42,2913.58,2868.94,2882.26,203620602,vndirect_dchart_public,2026-06-08T09:01:07.671507+00:00,banking_lead_index
2026-05-05,VNFINLEAD,2878.81,2879.33,2838.63,2876.02,271381423,vndirect_dchart_public,2026-06-08T09:01:07.671511+00:00,banking_lead_index
2026-05-06,VNFINLEAD,2885.81,2935.21,2883.87,2930.38,312165392,vndirect_dchart_public,2026-06-08T09:01:07.671514+00:00,banking_lead_index
2026-05-07,VNFINLEAD,2942.56,2975.08,2936.19,2961.24,331729501,vndirect_dchart_public,2026-06-08T09:01:07.671517+00:00,banking_lead_index
2026-05-08,VNFINLEAD,2963.16,2984.14,2954.1,2972.55,397876479,vndirect_dchart_public,2026-06-08T09:01:07.671520+00:00,banking_lead_index
2026-05-11,VNFINLEAD,2975.0,2989.29,2957.17,2962.01,360287300,vndirect_dchart_public,2026-06-08T09:01:07.671524+00:00,banking_lead_index
2026-05-12,VNFINLEAD,2962.35,2980.15,2949.71,2978.93,239213601,vndirect_dchart_public,2026-06-08T09:01:07.671528+00:00,banking_lead_index
2026-05-13,VNFINLEAD,2985.88,2985.88,2947.0,2957.31,323946091,vndirect_dchart_public,2026-06-08T09:01:07.671531+00:00,banking_lead_index
2026-05-14,VNFINLEAD,2956.5,2989.95,2956.5,2982.93,246776469,vndirect_dchart_public,2026-06-08T09:01:07.671534+00:00,banking_lead_index
2026-05-15,VNFINLEAD,2987.44,2992.08,2950.1,2955.2,270541970,vndirect_dchart_public,2026-06-08T09:01:07.671537+00:00,banking_lead_index
2026-05-18,VNFINLEAD,2944.95,2958.41,2930.24,2955.11,309483294,vndirect_dchart_public,2026-06-08T09:01:07.671540+00:00,banking_lead_index
2026-05-19,VNFINLEAD,2957.42,2963.05,2908.78,2913.73,423917070,vndirect_dchart_public,2026-06-08T09:01:07.671544+00:00,banking_lead_index
2026-05-20,VNFINLEAD,2902.01,2907.72,2805.64,2880.27,453693522,vndirect_dchart_public,2026-06-08T09:01:07.671547+00:00,banking_lead_index
2026-05-21,VNFINLEAD,2894.76,2904.98,2871.68,2885.84,254217958,vndirect_dchart_public,2026-06-08T09:01:07.671551+00:00,banking_lead_index
2026-05-22,VNFINLEAD,2886.76,2889.34,2845.97,2878.32,309866947,vndirect_dchart_public,2026-06-08T09:01:07.671554+00:00,banking_lead_index
2026-05-25,VNFINLEAD,2882.3,2913.03,2881.81,2894.99,217723394,vndirect_dchart_public,2026-06-08T09:01:07.671557+00:00,banking_lead_index
2026-05-26,VNFINLEAD,2897.83,2941.25,2892.35,2935.08,310062831,vndirect_dchart_public,2026-06-08T09:01:07.671560+00:00,banking_lead_index
2026-05-27,VNFINLEAD,2942.33,2962.12,2928.81,2949.17,364115543,vndirect_dchart_public,2026-06-08T09:01:07.671563+00:00,banking_lead_index
2026-05-28,VNFINLEAD,2947.14,2956.75,2880.05,2887.7,320217586,vndirect_dchart_public,2026-06-08T09:01:07.671567+00:00,banking_lead_index
2026-05-29,VNFINLEAD,2882.68,2903.48,2878.71,2883.2,277900894,vndirect_dchart_public,2026-06-08T09:01:07.671570+00:00,banking_lead_index
2026-06-01,VNFINLEAD,2885.69,2892.96,2865.57,2871.48,228022664,vndirect_dchart_public,2026-06-08T09:01:07.671573+00:00,banking_lead_index
2026-06-02,VNFINLEAD,2871.71,2874.06,2815.08,2827.61,300142931,vndirect_dchart_public,2026-06-08T09:01:07.671577+00:00,banking_lead_index
2026-06-03,VNFINLEAD,2824.85,2868.95,2819.62,2847.3,305334976,vndirect_dchart_public,2026-06-08T09:01:07.671580+00:00,banking_lead_index
2026-06-04,VNFINLEAD,2848.71,2868.87,2839.43,2866.5,244834425,vndirect_dchart_public,2026-06-08T09:01:07.671583+00:00,banking_lead_index
2026-06-05,VNFINLEAD,2872.5,2878.47,2854.71,2864.2,234431598,vndirect_dchart_public,2026-06-08T09:01:07.671586+00:00,banking_lead_index
2026-06-08,VNFINLEAD,2839.41,2842.5,2796.03,2801.46,315325316,vndirect_dchart_public,2026-06-08T09:01:07.671589+00:00,banking_lead_index
2022-01-04,VNREAL,1986.17,2042.07,1982.5,2036.52,122923800,vndirect_dchart_public,2026-06-08T09:01:08.166175+00:00,realty_index
2022-01-05,VNREAL,2041.96,2065.9,2038.26,2042.83,173513700,vndirect_dchart_public,2026-06-08T09:01:08.166192+00:00,realty_index
2022-01-06,VNREAL,2055.31,2112.99,2052.47,2097.04,227661300,vndirect_dchart_public,2026-06-08T09:01:08.166200+00:00,realty_index
2022-01-07,VNREAL,2114.09,2114.09,2081.78,2088.3,183640700,vndirect_dchart_public,2026-06-08T09:01:08.166206+00:00,realty_index
2022-01-10,VNREAL,2086.7,2125.14,2061.63,2061.63,318153000,vndirect_dchart_public,2026-06-08T09:01:08.166215+00:00,realty_index
2022-01-11,VNREAL,2061.53,2064.68,2023.43,2035.74,347297400,vndirect_dchart_public,2026-06-08T09:01:08.166221+00:00,realty_index
2022-01-12,VNREAL,2016.62,2028.66,1962.76,2028.66,188150500,vndirect_dchart_public,2026-06-08T09:01:08.166227+00:00,realty_index
2022-01-13,VNREAL,2028.82,2033.5,1972.98,1978.93,141554100,vndirect_dchart_public,2026-06-08T09:01:08.166233+00:00,realty_index
2022-01-14,VNREAL,1964.61,1991.76,1946.61,1977.64,142586600,vndirect_dchart_public,2026-06-08T09:01:08.166239+00:00,realty_index
2022-01-17,VNREAL,1978.92,1984.19,1887.36,1896.64,120448600,vndirect_dchart_public,2026-06-08T09:01:08.166245+00:00,realty_index
2022-01-18,VNREAL,1876.88,1890.14,1839.75,1857.9,89817600,vndirect_dchart_public,2026-06-08T09:01:08.166251+00:00,realty_index
2022-01-19,VNREAL,1849.24,1871.55,1840.92,1871.55,109484100,vndirect_dchart_public,2026-06-08T09:01:08.166256+00:00,realty_index
2022-01-20,VNREAL,1858.09,1902.22,1857.47,1892.02,165160400,vndirect_dchart_public,2026-06-08T09:01:08.166262+00:00,realty_index
2022-01-21,VNREAL,1906.57,1906.57,1873.41,1899.2,154696900,vndirect_dchart_public,2026-06-08T09:01:08.166268+00:00,realty_index
2022-01-24,VNREAL,1883.29,1885.66,1829.05,1836.07,122359400,vndirect_dchart_public,2026-06-08T09:01:08.166274+00:00,realty_index
2022-01-25,VNREAL,1828.16,1890.36,1817.23,1890.36,126747600,vndirect_dchart_public,2026-06-08T09:01:08.166279+00:00,realty_index
2022-01-26,VNREAL,1895.63,1899.85,1869.34,1890.08,126704000,vndirect_dchart_public,2026-06-08T09:01:08.166285+00:00,realty_index
2022-01-27,VNREAL,1885.12,1900.99,1861.55,1880.3,89430600,vndirect_dchart_public,2026-06-08T09:01:08.166291+00:00,realty_index
2022-01-28,VNREAL,1879.43,1891.92,1863.54,1891.92,110526300,vndirect_dchart_public,2026-06-08T09:01:08.166297+00:00,realty_index
2022-02-07,VNREAL,1905.34,1922.37,1886.5,1886.5,101524500,vndirect_dchart_public,2026-06-08T09:01:08.166303+00:00,realty_index
2022-02-08,VNREAL,1888.84,1892.29,1852.49,1859.6,116904000,vndirect_dchart_public,2026-06-08T09:01:08.166310+00:00,realty_index
2022-02-09,VNREAL,1859.45,1871.72,1854.35,1867.36,152147500,vndirect_dchart_public,2026-06-08T09:01:08.166316+00:00,realty_index
2022-02-10,VNREAL,1872.99,1874.82,1827.12,1849.14,101693400,vndirect_dchart_public,2026-06-08T09:01:08.166322+00:00,realty_index
2022-02-11,VNREAL,1840.55,1842.16,1825.4,1828.94,90308800,vndirect_dchart_public,2026-06-08T09:01:08.166328+00:00,realty_index
2022-02-14,VNREAL,1812.31,1826.78,1802.46,1809.21,106255400,vndirect_dchart_public,2026-06-08T09:01:08.166336+00:00,realty_index
2022-02-15,VNREAL,1810.49,1850.7,1810.49,1847.45,83006200,vndirect_dchart_public,2026-06-08T09:01:08.166343+00:00,realty_index
2022-02-16,VNREAL,1858.84,1860.23,1847.69,1852.62,126500700,vndirect_dchart_public,2026-06-08T09:01:08.166352+00:00,realty_index
2022-02-17,VNREAL,1852.74,1866.91,1843.03,1866.91,111851000,vndirect_dchart_public,2026-06-08T09:01:08.166358+00:00,realty_index
2022-02-18,VNREAL,1850.3,1862.41,1845.33,1856.58,105851700,vndirect_dchart_public,2026-06-08T09:01:08.166364+00:00,realty_index
2022-02-21,VNREAL,1859.98,1879.12,1858.01,1876.91,134938400,vndirect_dchart_public,2026-06-08T09:01:08.166370+00:00,realty_index
2022-02-22,VNREAL,1876.25,1876.25,1832.59,1851.67,165727600,vndirect_dchart_public,2026-06-08T09:01:08.166376+00:00,realty_index
2022-02-23,VNREAL,1857.59,1869.97,1854.87,1862.95,96148500,vndirect_dchart_public,2026-06-08T09:01:08.166382+00:00,realty_index
2022-02-24,VNREAL,1863.94,1863.94,1798.28,1833.81,189430900,vndirect_dchart_public,2026-06-08T09:01:08.166388+00:00,realty_index
2022-02-25,VNREAL,1848.0,1851.39,1832.16,1833.74,112767700,vndirect_dchart_public,2026-06-08T09:01:08.166394+00:00,realty_index
2022-02-28,VNREAL,1832.1,1835.22,1808.26,1808.26,91081900,vndirect_dchart_public,2026-06-08T09:01:08.166400+00:00,realty_index
2022-03-01,VNREAL,1807.4,1838.6,1807.4,1835.87,135712200,vndirect_dchart_public,2026-06-08T09:01:08.166406+00:00,realty_index
2022-03-02,VNREAL,1834.37,1846.06,1811.82,1829.37,120297600,vndirect_dchart_public,2026-06-08T09:01:08.166412+00:00,realty_index
2022-03-03,VNREAL,1834.38,1842.65,1824.0,1842.65,123420200,vndirect_dchart_public,2026-06-08T09:01:08.166418+00:00,realty_index
2022-03-04,VNREAL,1845.32,1853.31,1832.19,1847.45,125023000,vndirect_dchart_public,2026-06-08T09:01:08.166424+00:00,realty_index
2022-03-07,VNREAL,1833.35,1833.35,1816.8,1819.61,158432100,vndirect_dchart_public,2026-06-08T09:01:08.166430+00:00,realty_index
2022-03-08,VNREAL,1804.96,1810.84,1780.16,1785.13,152330100,vndirect_dchart_public,2026-06-08T09:01:08.166436+00:00,realty_index
2022-03-09,VNREAL,1788.6,1791.93,1767.06,1779.67,128014100,vndirect_dchart_public,2026-06-08T09:01:08.166445+00:00,realty_index
2022-03-10,VNREAL,1786.3,1819.27,1786.3,1803.27,102485100,vndirect_dchart_public,2026-06-08T09:01:08.166451+00:00,realty_index
2022-03-11,VNREAL,1801.3,1803.25,1779.89,1795.71,112684100,vndirect_dchart_public,2026-06-08T09:01:08.166462+00:00,realty_index
2022-03-14,VNREAL,1787.99,1787.99,1763.77,1783.66,112587400,vndirect_dchart_public,2026-06-08T09:01:08.166468+00:00,realty_index
2022-03-15,VNREAL,1785.91,1791.21,1767.62,1789.13,95988500,vndirect_dchart_public,2026-06-08T09:01:08.166474+00:00,realty_index
2022-03-16,VNREAL,1793.85,1799.73,1785.31,1796.43,108433700,vndirect_dchart_public,2026-06-08T09:01:08.166480+00:00,realty_index
2022-03-17,VNREAL,1802.4,1816.54,1795.62,1806.88,171578400,vndirect_dchart_public,2026-06-08T09:01:08.166486+00:00,realty_index
2022-03-18,VNREAL,1810.08,1825.57,1807.53,1817.22,180141200,vndirect_dchart_public,2026-06-08T09:01:08.166492+00:00,realty_index
2022-03-21,VNREAL,1821.14,1886.11,1821.14,1886.11,185445000,vndirect_dchart_public,2026-06-08T09:01:08.166498+00:00,realty_index
2022-03-22,VNREAL,1897.53,1908.89,1893.62,1898.94,190023800,vndirect_dchart_public,2026-06-08T09:01:08.166504+00:00,realty_index
2022-03-23,VNREAL,1901.96,1906.55,1888.43,1888.97,155312600,vndirect_dchart_public,2026-06-08T09:01:08.166510+00:00,realty_index
2022-03-24,VNREAL,1887.53,1891.29,1875.04,1883.82,183443000,vndirect_dchart_public,2026-06-08T09:01:08.166516+00:00,realty_index
2022-03-25,VNREAL,1883.39,1892.97,1880.14,1890.27,129708200,vndirect_dchart_public,2026-06-08T09:01:08.166522+00:00,realty_index
2022-03-28,VNREAL,1889.72,1889.72,1848.12,1859.63,189472900,vndirect_dchart_public,2026-06-08T09:01:08.166528+00:00,realty_index
2022-03-29,VNREAL,1862.23,1886.63,1859.48,1880.56,123853400,vndirect_dchart_public,2026-06-08T09:01:08.166534+00:00,realty_index
2022-03-30,VNREAL,1871.6,1884.97,1847.03,1856.52,165207000,vndirect_dchart_public,2026-06-08T09:01:08.166540+00:00,realty_index
2022-03-31,VNREAL,1857.14,1869.0,1851.33,1857.18,107710600,vndirect_dchart_public,2026-06-08T09:01:08.166545+00:00,realty_index
2022-04-01,VNREAL,1848.89,1883.71,1838.94,1882.45,209600700,vndirect_dchart_public,2026-06-08T09:01:08.166554+00:00,realty_index
2022-04-04,VNREAL,1896.35,1898.44,1880.87,1889.87,123834900,vndirect_dchart_public,2026-06-08T09:01:08.166560+00:00,realty_index
2022-04-05,VNREAL,1883.54,1898.23,1876.06,1886.78,126819300,vndirect_dchart_public,2026-06-08T09:01:08.166566+00:00,realty_index
2022-04-06,VNREAL,1878.78,1879.54,1839.86,1860.83,181046700,vndirect_dchart_public,2026-06-08T09:01:08.166572+00:00,realty_index
2022-04-07,VNREAL,1856.24,1857.28,1816.36,1827.22,113222900,vndirect_dchart_public,2026-06-08T09:01:08.166578+00:00,realty_index
2022-04-08,VNREAL,1825.26,1850.42,1822.62,1822.62,116654400,vndirect_dchart_public,2026-06-08T09:01:08.166586+00:00,realty_index
2022-04-12,VNREAL,1820.96,1828.96,1784.21,1784.46,113911000,vndirect_dchart_public,2026-06-08T09:01:08.166592+00:00,realty_index
2022-04-13,VNREAL,1787.52,1816.99,1768.27,1816.99,124648100,vndirect_dchart_public,2026-06-08T09:01:08.166599+00:00,realty_index
2022-04-14,VNREAL,1821.81,1821.81,1795.2,1799.45,77261600,vndirect_dchart_public,2026-06-08T09:01:08.166605+00:00,realty_index
2022-04-15,VNREAL,1793.0,1795.57,1768.53,1768.53,88937100,vndirect_dchart_public,2026-06-08T09:01:08.166612+00:00,realty_index
2022-04-18,VNREAL,1757.17,1757.17,1712.21,1735.32,121036000,vndirect_dchart_public,2026-06-08T09:01:08.166617+00:00,realty_index
2022-04-19,VNREAL,1730.44,1741.98,1703.59,1706.11,91083100,vndirect_dchart_public,2026-06-08T09:01:08.166623+00:00,realty_index
2022-04-20,VNREAL,1701.76,1704.46,1671.29,1680.22,96528800,vndirect_dchart_public,2026-06-08T09:01:08.166630+00:00,realty_index
2022-04-21,VNREAL,1669.66,1669.66,1632.17,1632.17,105187400,vndirect_dchart_public,2026-06-08T09:01:08.166635+00:00,realty_index
2022-04-22,VNREAL,1635.67,1659.91,1625.78,1647.58,160067100,vndirect_dchart_public,2026-06-08T09:01:08.166641+00:00,realty_index
2022-04-25,VNREAL,1655.55,1660.39,1556.22,1595.55,108721500,vndirect_dchart_public,2026-06-08T09:01:08.166647+00:00,realty_index
2022-04-26,VNREAL,1568.61,1641.86,1542.76,1641.86,103092300,vndirect_dchart_public,2026-06-08T09:01:08.166653+00:00,realty_index
2022-04-27,VNREAL,1641.92,1652.47,1604.77,1652.47,87063400,vndirect_dchart_public,2026-06-08T09:01:08.166659+00:00,realty_index
2022-04-28,VNREAL,1651.54,1652.34,1631.23,1647.91,89371500,vndirect_dchart_public,2026-06-08T09:01:08.166665+00:00,realty_index
2022-04-29,VNREAL,1647.01,1678.48,1631.05,1678.48,90854600,vndirect_dchart_public,2026-06-08T09:01:08.166672+00:00,realty_index
2022-05-04,VNREAL,1670.4,1671.26,1642.57,1654.16,68260800,vndirect_dchart_public,2026-06-08T09:01:08.166678+00:00,realty_index
2022-05-05,VNREAL,1659.48,1678.0,1634.03,1677.41,99322400,vndirect_dchart_public,2026-06-08T09:01:08.166685+00:00,realty_index
2022-05-06,VNREAL,1669.73,1669.73,1639.42,1656.74,86837200,vndirect_dchart_public,2026-06-08T09:01:08.166691+00:00,realty_index
2022-05-09,VNREAL,1633.29,1636.31,1593.93,1609.35,86713100,vndirect_dchart_public,2026-06-08T09:01:08.166697+00:00,realty_index
2022-05-10,VNREAL,1607.21,1633.88,1565.24,1633.88,100230700,vndirect_dchart_public,2026-06-08T09:01:08.166705+00:00,realty_index
2022-05-11,VNREAL,1635.5,1654.4,1615.52,1647.95,70445800,vndirect_dchart_public,2026-06-08T09:01:08.166711+00:00,realty_index
2022-05-12,VNREAL,1635.34,1635.84,1574.1,1589.65,58726600,vndirect_dchart_public,2026-06-08T09:01:08.166718+00:00,realty_index
2022-05-13,VNREAL,1582.93,1583.82,1517.94,1544.38,81730700,vndirect_dchart_public,2026-06-08T09:01:08.166724+00:00,realty_index
2022-05-16,VNREAL,1556.77,1556.78,1509.72,1526.11,72493900,vndirect_dchart_public,2026-06-08T09:01:08.166730+00:00,realty_index
2022-05-17,VNREAL,1508.22,1573.76,1494.97,1573.76,76172900,vndirect_dchart_public,2026-06-08T09:01:08.166736+00:00,realty_index
2022-05-18,VNREAL,1578.72,1578.72,1546.14,1576.88,65337600,vndirect_dchart_public,2026-06-08T09:01:08.166741+00:00,realty_index
2022-05-19,VNREAL,1541.22,1582.0,1534.75,1573.28,54601400,vndirect_dchart_public,2026-06-08T09:01:08.166749+00:00,realty_index
2022-05-20,VNREAL,1572.6,1584.83,1557.37,1575.88,63360500,vndirect_dchart_public,2026-06-08T09:01:08.166756+00:00,realty_index
2022-05-23,VNREAL,1577.07,1577.85,1536.03,1559.8,65550200,vndirect_dchart_public,2026-06-08T09:01:08.166766+00:00,realty_index
2022-05-24,VNREAL,1559.54,1569.3,1529.36,1569.3,50740400,vndirect_dchart_public,2026-06-08T09:01:08.166776+00:00,realty_index
2022-05-25,VNREAL,1572.39,1599.48,1561.27,1599.48,71411500,vndirect_dchart_public,2026-06-08T09:01:08.166788+00:00,realty_index
2022-05-26,VNREAL,1600.98,1610.89,1589.94,1603.63,63913000,vndirect_dchart_public,2026-06-08T09:01:08.166801+00:00,realty_index
2022-05-27,VNREAL,1603.8,1616.61,1597.51,1616.61,57524300,vndirect_dchart_public,2026-06-08T09:01:08.166811+00:00,realty_index
2022-05-30,VNREAL,1618.56,1630.91,1605.2,1630.91,66599300,vndirect_dchart_public,2026-06-08T09:01:08.166817+00:00,realty_index
2022-05-31,VNREAL,1630.86,1630.86,1608.52,1622.67,76082100,vndirect_dchart_public,2026-06-08T09:01:08.166823+00:00,realty_index
2022-06-01,VNREAL,1619.41,1624.53,1605.58,1624.53,67057500,vndirect_dchart_public,2026-06-08T09:01:08.166830+00:00,realty_index
2022-06-02,VNREAL,1622.33,1625.35,1597.98,1611.19,70434500,vndirect_dchart_public,2026-06-08T09:01:08.166836+00:00,realty_index
2022-06-03,VNREAL,1609.6,1609.6,1583.33,1602.4,54791700,vndirect_dchart_public,2026-06-08T09:01:08.166842+00:00,realty_index
2022-06-06,VNREAL,1600.73,1600.73,1577.08,1586.36,71161900,vndirect_dchart_public,2026-06-08T09:01:08.166848+00:00,realty_index
2022-06-07,VNREAL,1576.35,1578.12,1555.12,1568.7,85935500,vndirect_dchart_public,2026-06-08T09:01:08.166854+00:00,realty_index
2022-06-08,VNREAL,1571.18,1594.93,1569.29,1588.94,58819000,vndirect_dchart_public,2026-06-08T09:01:08.166860+00:00,realty_index
2022-06-09,VNREAL,1593.34,1598.6,1581.55,1596.01,56250800,vndirect_dchart_public,2026-06-08T09:01:08.166866+00:00,realty_index
2022-06-10,VNREAL,1584.3,1593.62,1580.45,1588.64,60074100,vndirect_dchart_public,2026-06-08T09:01:08.166872+00:00,realty_index
2022-06-13,VNREAL,1552.95,1559.43,1527.6,1534.81,73308300,vndirect_dchart_public,2026-06-08T09:01:08.166879+00:00,realty_index
2022-06-14,VNREAL,1515.59,1535.74,1512.57,1534.31,58402100,vndirect_dchart_public,2026-06-08T09:01:08.166884+00:00,realty_index
2022-06-15,VNREAL,1534.43,1535.05,1496.49,1517.97,73827900,vndirect_dchart_public,2026-06-08T09:01:08.166890+00:00,realty_index
2022-06-16,VNREAL,1523.39,1535.24,1517.17,1521.08,57951000,vndirect_dchart_public,2026-06-08T09:01:08.166897+00:00,realty_index
2022-06-17,VNREAL,1494.99,1504.69,1476.46,1504.69,75719300,vndirect_dchart_public,2026-06-08T09:01:08.166903+00:00,realty_index
2022-06-20,VNREAL,1504.62,1506.03,1469.61,1474.35,65690400,vndirect_dchart_public,2026-06-08T09:01:08.166909+00:00,realty_index
2022-06-21,VNREAL,1457.4,1472.24,1446.89,1463.45,69462700,vndirect_dchart_public,2026-06-08T09:01:08.166915+00:00,realty_index
2022-06-22,VNREAL,1463.76,1472.55,1456.46,1472.09,55284800,vndirect_dchart_public,2026-06-08T09:01:08.166921+00:00,realty_index
2022-06-23,VNREAL,1461.83,1466.89,1456.3,1466.89,45777000,vndirect_dchart_public,2026-06-08T09:01:08.166927+00:00,realty_index
2022-06-24,VNREAL,1457.37,1474.93,1457.11,1468.87,44286800,vndirect_dchart_public,2026-06-08T09:01:08.166933+00:00,realty_index
2022-06-27,VNREAL,1468.54,1493.04,1467.9,1493.04,48041200,vndirect_dchart_public,2026-06-08T09:01:08.166939+00:00,realty_index
2022-06-28,VNREAL,1484.19,1490.06,1478.53,1490.06,53801400,vndirect_dchart_public,2026-06-08T09:01:08.166945+00:00,realty_index
2022-06-29,VNREAL,1481.5,1490.98,1476.33,1483.64,43584600,vndirect_dchart_public,2026-06-08T09:01:08.166950+00:00,realty_index
2022-06-30,VNREAL,1483.69,1483.69,1466.29,1467.75,45977300,vndirect_dchart_public,2026-06-08T09:01:08.166956+00:00,realty_index
2022-07-01,VNREAL,1465.35,1469.82,1446.95,1460.23,49149700,vndirect_dchart_public,2026-06-08T09:01:08.166962+00:00,realty_index
2022-07-04,VNREAL,1463.16,1468.85,1451.25,1457.27,33273100,vndirect_dchart_public,2026-06-08T09:01:08.166972+00:00,realty_index
2022-07-05,VNREAL,1458.83,1464.34,1440.1,1443.41,37692800,vndirect_dchart_public,2026-06-08T09:01:08.166980+00:00,realty_index
2022-07-06,VNREAL,1439.6,1439.6,1397.47,1397.47,50581000,vndirect_dchart_public,2026-06-08T09:01:08.166986+00:00,realty_index
2022-07-07,VNREAL,1399.79,1428.31,1391.72,1428.31,40265800,vndirect_dchart_public,2026-06-08T09:01:08.166992+00:00,realty_index
2022-07-08,VNREAL,1434.42,1439.41,1417.79,1439.41,57680600,vndirect_dchart_public,2026-06-08T09:01:08.166998+00:00,realty_index
2022-07-11,VNREAL,1426.09,1430.92,1394.88,1430.92,54864100,vndirect_dchart_public,2026-06-08T09:01:08.167031+00:00,realty_index
2022-07-12,VNREAL,1419.92,1443.37,1414.07,1443.37,62194900,vndirect_dchart_public,2026-06-08T09:01:08.167039+00:00,realty_index
2022-07-13,VNREAL,1435.85,1444.86,1425.71,1440.98,58174400,vndirect_dchart_public,2026-06-08T09:01:08.167045+00:00,realty_index
2022-07-14,VNREAL,1438.31,1446.47,1428.0,1446.47,48065800,vndirect_dchart_public,2026-06-08T09:01:08.167052+00:00,realty_index
2022-07-15,VNREAL,1445.38,1451.54,1435.81,1446.5,62223000,vndirect_dchart_public,2026-06-08T09:01:08.167058+00:00,realty_index
2022-07-18,VNREAL,1450.3,1450.32,1430.76,1430.76,49756400,vndirect_dchart_public,2026-06-08T09:01:08.167064+00:00,realty_index
2022-07-19,VNREAL,1431.25,1435.99,1425.76,1433.67,61046200,vndirect_dchart_public,2026-06-08T09:01:08.167070+00:00,realty_index
2022-07-20,VNREAL,1440.08,1446.36,1438.06,1446.36,56909000,vndirect_dchart_public,2026-06-08T09:01:08.167076+00:00,realty_index
2022-07-21,VNREAL,1446.43,1450.14,1440.46,1445.46,61564600,vndirect_dchart_public,2026-06-08T09:01:08.167082+00:00,realty_index
2022-07-22,VNREAL,1442.66,1446.19,1428.63,1428.63,49545200,vndirect_dchart_public,2026-06-08T09:01:08.167088+00:00,realty_index
2022-07-25,VNREAL,1427.46,1434.4,1421.91,1430.87,44219600,vndirect_dchart_public,2026-06-08T09:01:08.167095+00:00,realty_index
2022-07-26,VNREAL,1422.79,1435.37,1422.79,1424.22,43521300,vndirect_dchart_public,2026-06-08T09:01:08.167101+00:00,realty_index
2022-07-27,VNREAL,1424.08,1434.11,1421.5,1434.11,47677400,vndirect_dchart_public,2026-06-08T09:01:08.167107+00:00,realty_index
2022-07-28,VNREAL,1434.14,1455.57,1434.14,1454.53,78066000,vndirect_dchart_public,2026-06-08T09:01:08.167113+00:00,realty_index
2022-07-29,VNREAL,1461.05,1464.79,1443.92,1443.92,67669300,vndirect_dchart_public,2026-06-08T09:01:08.167119+00:00,realty_index
2022-08-01,VNREAL,1447.68,1467.25,1445.1,1467.25,68960900,vndirect_dchart_public,2026-06-08T09:01:08.167127+00:00,realty_index
2022-08-02,VNREAL,1465.67,1493.72,1460.36,1493.72,94110300,vndirect_dchart_public,2026-06-08T09:01:08.167134+00:00,realty_index
2022-08-03,VNREAL,1479.96,1494.18,1479.25,1493.55,70728300,vndirect_dchart_public,2026-06-08T09:01:08.167140+00:00,realty_index
2022-08-04,VNREAL,1494.22,1505.8,1490.25,1505.68,69155800,vndirect_dchart_public,2026-06-08T09:01:08.167146+00:00,realty_index
2022-08-05,VNREAL,1498.81,1510.87,1496.63,1507.73,63441200,vndirect_dchart_public,2026-06-08T09:01:08.167152+00:00,realty_index
2022-08-08,VNREAL,1497.34,1512.2,1497.24,1502.74,66849400,vndirect_dchart_public,2026-06-08T09:01:08.167160+00:00,realty_index
2022-08-09,VNREAL,1506.51,1511.45,1499.63,1509.64,67838000,vndirect_dchart_public,2026-06-08T09:01:08.167167+00:00,realty_index
2022-08-10,VNREAL,1508.26,1521.13,1506.64,1514.78,75720800,vndirect_dchart_public,2026-06-08T09:01:08.167173+00:00,realty_index
2022-08-11,VNREAL,1522.57,1532.72,1500.09,1509.89,82084800,vndirect_dchart_public,2026-06-08T09:01:08.167179+00:00,realty_index
2022-08-12,VNREAL,1505.5,1516.18,1499.93,1515.6,60857500,vndirect_dchart_public,2026-06-08T09:01:08.167185+00:00,realty_index
2022-08-15,VNREAL,1522.27,1525.04,1512.5,1522.04,54303900,vndirect_dchart_public,2026-06-08T09:01:08.167191+00:00,realty_index
2022-08-16,VNREAL,1520.83,1523.06,1512.42,1522.16,52166700,vndirect_dchart_public,2026-06-08T09:01:08.167197+00:00,realty_index
2022-08-17,VNREAL,1525.19,1543.97,1525.08,1539.37,93627800,vndirect_dchart_public,2026-06-08T09:01:08.167205+00:00,realty_index
2022-08-18,VNREAL,1537.48,1545.66,1531.58,1533.07,66546600,vndirect_dchart_public,2026-06-08T09:01:08.167211+00:00,realty_index
2022-08-19,VNREAL,1531.33,1535.8,1507.79,1518.84,65318400,vndirect_dchart_public,2026-06-08T09:01:08.167218+00:00,realty_index
2022-08-22,VNREAL,1517.9,1517.9,1491.57,1497.31,71177000,vndirect_dchart_public,2026-06-08T09:01:08.167224+00:00,realty_index
2022-08-23,VNREAL,1483.81,1503.37,1483.11,1501.67,60074800,vndirect_dchart_public,2026-06-08T09:01:08.167230+00:00,realty_index
2022-08-24,VNREAL,1505.83,1507.78,1497.99,1504.13,49448200,vndirect_dchart_public,2026-06-08T09:01:08.167236+00:00,realty_index
2022-08-25,VNREAL,1505.72,1523.38,1505.72,1523.38,54776800,vndirect_dchart_public,2026-06-08T09:01:08.167243+00:00,realty_index
2022-08-26,VNREAL,1524.04,1529.79,1507.97,1511.81,73494300,vndirect_dchart_public,2026-06-08T09:01:08.167251+00:00,realty_index
2022-08-29,VNREAL,1498.85,1498.85,1465.4,1484.84,93766800,vndirect_dchart_public,2026-06-08T09:01:08.167257+00:00,realty_index
2022-08-30,VNREAL,1484.97,1496.28,1480.55,1482.39,65815800,vndirect_dchart_public,2026-06-08T09:01:08.167263+00:00,realty_index
2022-08-31,VNREAL,1481.37,1494.49,1479.04,1485.37,53756300,vndirect_dchart_public,2026-06-08T09:01:08.167269+00:00,realty_index
2022-09-05,VNREAL,1488.8,1497.9,1483.35,1483.58,45163600,vndirect_dchart_public,2026-06-08T09:01:08.167275+00:00,realty_index
2022-09-06,VNREAL,1483.7,1492.5,1481.12,1485.34,55379200,vndirect_dchart_public,2026-06-08T09:01:08.167281+00:00,realty_index
2022-09-07,VNREAL,1484.2,1485.42,1456.59,1456.59,82433300,vndirect_dchart_public,2026-06-08T09:01:08.167287+00:00,realty_index
2022-09-08,VNREAL,1462.28,1468.09,1448.65,1455.87,62979400,vndirect_dchart_public,2026-06-08T09:01:08.167293+00:00,realty_index
2022-09-09,VNREAL,1462.08,1469.86,1449.31,1469.86,59354900,vndirect_dchart_public,2026-06-08T09:01:08.167299+00:00,realty_index
2022-09-12,VNREAL,1476.36,1483.42,1472.11,1477.25,43385300,vndirect_dchart_public,2026-06-08T09:01:08.167305+00:00,realty_index
2022-09-13,VNREAL,1479.21,1480.74,1465.24,1468.21,52929000,vndirect_dchart_public,2026-06-08T09:01:08.167311+00:00,realty_index
2022-09-14,VNREAL,1452.3,1464.53,1442.03,1463.06,61089000,vndirect_dchart_public,2026-06-08T09:01:08.167318+00:00,realty_index
2022-09-15,VNREAL,1466.66,1475.41,1462.71,1475.41,46831500,vndirect_dchart_public,2026-06-08T09:01:08.167323+00:00,realty_index
2022-09-16,VNREAL,1470.17,1474.16,1454.92,1463.46,69140400,vndirect_dchart_public,2026-06-08T09:01:08.167330+00:00,realty_index
2022-09-19,VNREAL,1462.94,1462.98,1434.58,1434.91,67436500,vndirect_dchart_public,2026-06-08T09:01:08.167336+00:00,realty_index
2022-09-20,VNREAL,1438.12,1446.48,1429.74,1446.48,48825200,vndirect_dchart_public,2026-06-08T09:01:08.167342+00:00,realty_index
2022-09-21,VNREAL,1440.76,1441.38,1427.37,1433.43,44548600,vndirect_dchart_public,2026-06-08T09:01:08.167348+00:00,realty_index
2022-09-22,VNREAL,1418.84,1436.74,1403.36,1436.74,61332400,vndirect_dchart_public,2026-06-08T09:01:08.167354+00:00,realty_index
2022-09-23,VNREAL,1437.23,1437.23,1418.77,1424.83,51894300,vndirect_dchart_public,2026-06-08T09:01:08.167360+00:00,realty_index
2022-09-26,VNREAL,1406.65,1410.69,1378.68,1387.25,84560800,vndirect_dchart_public,2026-06-08T09:01:08.167366+00:00,realty_index
2022-09-27,VNREAL,1390.77,1392.03,1364.53,1364.53,65106200,vndirect_dchart_public,2026-06-08T09:01:08.167374+00:00,realty_index
2022-09-28,VNREAL,1353.28,1360.51,1332.51,1334.03,53489500,vndirect_dchart_public,2026-06-08T09:01:08.167380+00:00,realty_index
2022-09-29,VNREAL,1337.02,1355.86,1315.28,1315.28,58134100,vndirect_dchart_public,2026-06-08T09:01:08.167386+00:00,realty_index
2022-09-30,VNREAL,1304.16,1322.46,1280.88,1320.81,78978100,vndirect_dchart_public,2026-06-08T09:01:08.167392+00:00,realty_index
2022-10-03,VNREAL,1312.39,1316.96,1258.33,1284.35,56565000,vndirect_dchart_public,2026-06-08T09:01:08.167398+00:00,realty_index
2022-10-04,VNREAL,1292.42,1294.43,1261.19,1287.69,61246000,vndirect_dchart_public,2026-06-08T09:01:08.167407+00:00,realty_index
2022-10-05,VNREAL,1298.55,1339.91,1297.94,1333.37,45456700,vndirect_dchart_public,2026-06-08T09:01:08.167413+00:00,realty_index
2022-10-06,VNREAL,1331.59,1331.74,1304.93,1309.01,52925600,vndirect_dchart_public,2026-06-08T09:01:08.167419+00:00,realty_index
2022-10-07,VNREAL,1300.79,1301.38,1261.53,1287.6,92889200,vndirect_dchart_public,2026-06-08T09:01:08.167426+00:00,realty_index
2022-10-10,VNREAL,1265.19,1285.63,1243.43,1280.71,54169600,vndirect_dchart_public,2026-06-08T09:01:08.167432+00:00,realty_index
2022-10-11,VNREAL,1262.98,1264.84,1207.88,1239.45,64997100,vndirect_dchart_public,2026-06-08T09:01:08.167438+00:00,realty_index
2022-10-12,VNREAL,1234.12,1260.44,1216.15,1258.22,64899800,vndirect_dchart_public,2026-06-08T09:01:08.167444+00:00,realty_index
2022-10-13,VNREAL,1253.77,1266.58,1232.41,1266.58,44066800,vndirect_dchart_public,2026-06-08T09:01:08.167449+00:00,realty_index
2022-10-14,VNREAL,1270.76,1275.26,1248.34,1262.6,48641500,vndirect_dchart_public,2026-06-08T09:01:08.167455+00:00,realty_index
2022-10-17,VNREAL,1254.46,1254.46,1216.26,1226.52,36123000,vndirect_dchart_public,2026-06-08T09:01:08.167461+00:00,realty_index
2022-10-18,VNREAL,1240.1,1253.88,1235.7,1253.88,61450200,vndirect_dchart_public,2026-06-08T09:01:08.167467+00:00,realty_index
2022-10-19,VNREAL,1254.3,1255.31,1229.46,1246.57,32097300,vndirect_dchart_public,2026-06-08T09:01:08.167474+00:00,realty_index
2022-10-20,VNREAL,1237.2,1244.01,1226.32,1240.97,39085800,vndirect_dchart_public,2026-06-08T09:01:08.167480+00:00,realty_index
2022-10-21,VNREAL,1239.4,1239.44,1175.97,1199.99,62296000,vndirect_dchart_public,2026-06-08T09:01:08.167486+00:00,realty_index
2022-10-24,VNREAL,1199.87,1199.87,1134.07,1153.83,51329900,vndirect_dchart_public,2026-06-08T09:01:08.167493+00:00,realty_index
2022-10-25,VNREAL,1140.26,1150.45,1100.18,1145.66,81958000,vndirect_dchart_public,2026-06-08T09:01:08.167500+00:00,realty_index
2022-10-26,VNREAL,1144.17,1146.61,1105.25,1123.02,59607000,vndirect_dchart_public,2026-06-08T09:01:08.167506+00:00,realty_index
2022-10-27,VNREAL,1123.29,1140.14,1110.23,1140.14,76182000,vndirect_dchart_public,2026-06-08T09:01:08.167512+00:00,realty_index
2022-10-28,VNREAL,1147.79,1157.24,1132.56,1145.92,53779000,vndirect_dchart_public,2026-06-08T09:01:08.167517+00:00,realty_index
2022-10-31,VNREAL,1145.01,1151.5,1106.26,1138.01,57504900,vndirect_dchart_public,2026-06-08T09:01:08.167523+00:00,realty_index
2022-11-01,VNREAL,1138.87,1155.26,1121.4,1144.71,57294400,vndirect_dchart_public,2026-06-08T09:01:08.167528+00:00,realty_index
2022-11-02,VNREAL,1147.62,1148.67,1120.86,1139.33,54722400,vndirect_dchart_public,2026-06-08T09:01:08.167534+00:00,realty_index
2022-11-03,VNREAL,1122.78,1127.65,1112.55,1120.58,41405200,vndirect_dchart_public,2026-06-08T09:01:08.167540+00:00,realty_index
2022-11-04,VNREAL,1096.29,1096.29,1058.15,1083.04,61718400,vndirect_dchart_public,2026-06-08T09:01:08.167546+00:00,realty_index
2022-11-07,VNREAL,1054.6,1056.02,1028.43,1042.74,45799000,vndirect_dchart_public,2026-06-08T09:01:08.167551+00:00,realty_index
2022-11-08,VNREAL,1006.4,1021.68,987.04,1021.68,76994000,vndirect_dchart_public,2026-06-08T09:01:08.167557+00:00,realty_index
2022-11-09,VNREAL,1007.41,1023.38,1002.41,1010.56,54662200,vndirect_dchart_public,2026-06-08T09:01:08.167562+00:00,realty_index
2022-11-10,VNREAL,989.36,989.68,961.46,975.8,69265600,vndirect_dchart_public,2026-06-08T09:01:08.167568+00:00,realty_index
2022-11-11,VNREAL,966.78,975.52,959.06,970.75,73919400,vndirect_dchart_public,2026-06-08T09:01:08.167574+00:00,realty_index
2022-11-14,VNREAL,965.81,965.81,933.31,954.65,58731900,vndirect_dchart_public,2026-06-08T09:01:08.167582+00:00,realty_index
2022-11-15,VNREAL,932.69,939.46,923.92,936.69,64784600,vndirect_dchart_public,2026-06-08T09:01:08.167588+00:00,realty_index
2022-11-16,VNREAL,917.55,962.5,898.78,960.34,132978600,vndirect_dchart_public,2026-06-08T09:01:08.167593+00:00,realty_index
2022-11-17,VNREAL,961.84,998.04,953.13,997.65,84055400,vndirect_dchart_public,2026-06-08T09:01:08.167599+00:00,realty_index
2022-11-18,VNREAL,997.53,1000.18,970.81,997.32,108744500,vndirect_dchart_public,2026-06-08T09:01:08.167604+00:00,realty_index
2022-11-21,VNREAL,994.88,997.18,967.74,976.09,81011800,vndirect_dchart_public,2026-06-08T09:01:08.167612+00:00,realty_index
2022-11-22,VNREAL,976.23,1002.54,945.92,945.92,274486100,vndirect_dchart_public,2026-06-08T09:01:08.167618+00:00,realty_index
2022-11-23,VNREAL,931.46,947.98,920.09,922.81,94921200,vndirect_dchart_public,2026-06-08T09:01:08.167623+00:00,realty_index
2022-11-24,VNREAL,915.88,932.91,910.98,928.49,65621900,vndirect_dchart_public,2026-06-08T09:01:08.167629+00:00,realty_index
2022-11-25,VNREAL,938.21,961.62,937.24,961.62,79738200,vndirect_dchart_public,2026-06-08T09:01:08.167635+00:00,realty_index
2022-11-28,VNREAL,974.16,1005.01,970.86,995.9,210787600,vndirect_dchart_public,2026-06-08T09:01:08.167641+00:00,realty_index
2022-11-29,VNREAL,1010.93,1050.26,1002.66,1050.26,272896400,vndirect_dchart_public,2026-06-08T09:01:08.167646+00:00,realty_index
2022-11-30,VNREAL,1060.96,1076.88,1049.23,1076.88,277996500,vndirect_dchart_public,2026-06-08T09:01:08.167652+00:00,realty_index
2022-12-01,VNREAL,1091.65,1101.8,1057.89,1057.89,273873600,vndirect_dchart_public,2026-06-08T09:01:08.167657+00:00,realty_index
2022-12-02,VNREAL,1050.1,1109.59,1045.92,1109.59,278981700,vndirect_dchart_public,2026-06-08T09:01:08.167663+00:00,realty_index
2022-12-05,VNREAL,1112.9,1123.55,1105.09,1113.4,239702200,vndirect_dchart_public,2026-06-08T09:01:08.167669+00:00,realty_index
2022-12-06,VNREAL,1106.77,1106.77,1057.34,1063.26,262387500,vndirect_dchart_public,2026-06-08T09:01:08.167674+00:00,realty_index
2022-12-07,VNREAL,1060.3,1081.63,1058.92,1072.39,152208600,vndirect_dchart_public,2026-06-08T09:01:08.167680+00:00,realty_index
2022-12-08,VNREAL,1084.58,1099.09,1066.49,1069.65,215876400,vndirect_dchart_public,2026-06-08T09:01:08.167685+00:00,realty_index
2022-12-09,VNREAL,1068.76,1076.89,1044.43,1052.64,175931300,vndirect_dchart_public,2026-06-08T09:01:08.167691+00:00,realty_index
2022-12-12,VNREAL,1060.32,1062.37,998.52,998.52,124347700,vndirect_dchart_public,2026-06-08T09:01:08.167697+00:00,realty_index
2022-12-13,VNREAL,1000.89,1014.99,978.93,1014.99,170524600,vndirect_dchart_public,2026-06-08T09:01:08.167703+00:00,realty_index
2022-12-14,VNREAL,1015.08,1032.32,1003.79,1015.12,116944000,vndirect_dchart_public,2026-06-08T09:01:08.167708+00:00,realty_index
2022-12-15,VNREAL,1015.26,1020.1,1002.68,1002.68,114436000,vndirect_dchart_public,2026-06-08T09:01:08.167714+00:00,realty_index
2022-12-16,VNREAL,994.42,1010.9,979.65,979.65,120013800,vndirect_dchart_public,2026-06-08T09:01:08.167721+00:00,realty_index
2022-12-19,VNREAL,979.89,993.88,959.71,959.71,128278300,vndirect_dchart_public,2026-06-08T09:01:08.167728+00:00,realty_index
2022-12-20,VNREAL,956.96,959.11,919.42,937.81,165555700,vndirect_dchart_public,2026-06-08T09:01:08.167733+00:00,realty_index
2022-12-21,VNREAL,946.28,948.94,906.78,926.1,120081700,vndirect_dchart_public,2026-06-08T09:01:08.167739+00:00,realty_index
2022-12-22,VNREAL,925.82,941.55,922.63,934.68,93249600,vndirect_dchart_public,2026-06-08T09:01:08.167744+00:00,realty_index
2022-12-23,VNREAL,937.2,938.27,921.71,934.21,57988500,vndirect_dchart_public,2026-06-08T09:01:08.167750+00:00,realty_index
2022-12-26,VNREAL,931.87,932.21,888.29,888.29,86399900,vndirect_dchart_public,2026-06-08T09:01:08.167756+00:00,realty_index
2022-12-27,VNREAL,882.63,923.85,877.18,910.4,96375700,vndirect_dchart_public,2026-06-08T09:01:08.167761+00:00,realty_index
2022-12-28,VNREAL,914.42,925.76,904.86,921.92,70696500,vndirect_dchart_public,2026-06-08T09:01:08.167769+00:00,realty_index
2022-12-29,VNREAL,921.89,934.53,914.94,924.41,74601000,vndirect_dchart_public,2026-06-08T09:01:08.167777+00:00,realty_index
2022-12-30,VNREAL,931.73,932.75,918.4,922.86,66454600,vndirect_dchart_public,2026-06-08T09:01:08.167782+00:00,realty_index
2023-01-03,VNREAL,927.08,963.56,919.57,963.56,91904200,vndirect_dchart_public,2026-06-08T09:01:08.167788+00:00,realty_index
2023-01-04,VNREAL,971.23,971.23,955.34,958.1,91612300,vndirect_dchart_public,2026-06-08T09:01:08.167793+00:00,realty_index
2023-01-05,VNREAL,957.22,968.3,956.5,962.24,76743400,vndirect_dchart_public,2026-06-08T09:01:08.167799+00:00,realty_index
2023-01-06,VNREAL,962.32,968.16,948.86,958.54,84663700,vndirect_dchart_public,2026-06-08T09:01:08.167805+00:00,realty_index
2023-01-09,VNREAL,961.25,964.93,951.63,954.13,57779600,vndirect_dchart_public,2026-06-08T09:01:08.167810+00:00,realty_index
2023-01-10,VNREAL,953.98,954.81,938.72,947.83,57834000,vndirect_dchart_public,2026-06-08T09:01:08.167816+00:00,realty_index
2023-01-11,VNREAL,952.24,963.62,950.56,958.67,104981700,vndirect_dchart_public,2026-06-08T09:01:08.167822+00:00,realty_index
2023-01-12,VNREAL,965.04,967.63,951.99,958.66,62850400,vndirect_dchart_public,2026-06-08T09:01:08.167827+00:00,realty_index
2023-01-13,VNREAL,962.65,966.96,947.19,954.45,65254000,vndirect_dchart_public,2026-06-08T09:01:08.167833+00:00,realty_index
2023-01-16,VNREAL,952.61,955.08,939.79,945.63,63355900,vndirect_dchart_public,2026-06-08T09:01:08.167841+00:00,realty_index
2023-01-17,VNREAL,941.46,964.1,936.31,964.1,62309500,vndirect_dchart_public,2026-06-08T09:01:08.167847+00:00,realty_index
2023-01-18,VNREAL,967.14,979.22,960.65,979.22,84769700,vndirect_dchart_public,2026-06-08T09:01:08.167853+00:00,realty_index
2023-01-19,VNREAL,975.75,989.89,972.98,981.94,74219200,vndirect_dchart_public,2026-06-08T09:01:08.167858+00:00,realty_index
2023-01-27,VNREAL,986.75,1003.88,986.7,1000.74,82909800,vndirect_dchart_public,2026-06-08T09:01:08.167864+00:00,realty_index
2023-01-30,VNREAL,1001.33,1002.77,985.34,986.89,111325700,vndirect_dchart_public,2026-06-08T09:01:08.167870+00:00,realty_index
2023-01-31,VNREAL,989.76,991.81,974.39,983.51,85860500,vndirect_dchart_public,2026-06-08T09:01:08.167884+00:00,realty_index
2023-02-01,VNREAL,987.21,988.66,942.47,942.47,178175800,vndirect_dchart_public,2026-06-08T09:01:08.167892+00:00,realty_index
2023-02-02,VNREAL,946.75,953.6,934.93,940.8,87260200,vndirect_dchart_public,2026-06-08T09:01:08.167898+00:00,realty_index
2023-02-03,VNREAL,944.76,949.54,938.27,949.54,83746900,vndirect_dchart_public,2026-06-08T09:01:08.167904+00:00,realty_index
2023-02-06,VNREAL,942.82,955.01,936.23,955.01,72897600,vndirect_dchart_public,2026-06-08T09:01:08.167909+00:00,realty_index
2023-02-07,VNREAL,955.7,955.7,923.56,931.3,99006500,vndirect_dchart_public,2026-06-08T09:01:08.167916+00:00,realty_index
2023-02-08,VNREAL,931.77,931.84,905.91,925.4,84039200,vndirect_dchart_public,2026-06-08T09:01:08.167921+00:00,realty_index
2023-02-09,VNREAL,916.61,924.05,911.37,915.81,55090000,vndirect_dchart_public,2026-06-08T09:01:08.167927+00:00,realty_index
2023-02-10,VNREAL,911.6,913.05,902.68,908.02,66671500,vndirect_dchart_public,2026-06-08T09:01:08.167933+00:00,realty_index
2023-02-13,VNREAL,893.65,895.08,871.98,886.26,110609200,vndirect_dchart_public,2026-06-08T09:01:08.167939+00:00,realty_index
2023-02-14,VNREAL,881.7,883.95,860.53,872.73,79302100,vndirect_dchart_public,2026-06-08T09:01:08.167944+00:00,realty_index
2023-02-15,VNREAL,867.46,877.79,856.27,877.79,119144500,vndirect_dchart_public,2026-06-08T09:01:08.167950+00:00,realty_index
2023-02-16,VNREAL,882.38,887.08,869.97,887.08,66668900,vndirect_dchart_public,2026-06-08T09:01:08.167955+00:00,realty_index
2023-02-17,VNREAL,887.79,896.27,883.13,891.92,86341300,vndirect_dchart_public,2026-06-08T09:01:08.167963+00:00,realty_index
2023-02-20,VNREAL,894.63,927.02,893.62,920.31,107841000,vndirect_dchart_public,2026-06-08T09:01:08.167971+00:00,realty_index
2023-02-21,VNREAL,927.99,938.16,918.73,922.19,130359600,vndirect_dchart_public,2026-06-08T09:01:08.167977+00:00,realty_index
2023-02-22,VNREAL,920.08,920.08,884.64,884.64,186465500,vndirect_dchart_public,2026-06-08T09:01:08.167983+00:00,realty_index
2023-02-23,VNREAL,883.7,884.16,849.15,873.88,115850400,vndirect_dchart_public,2026-06-08T09:01:08.167989+00:00,realty_index
2023-02-24,VNREAL,870.51,873.43,855.14,861.41,99620400,vndirect_dchart_public,2026-06-08T09:01:08.168014+00:00,realty_index
2023-02-27,VNREAL,860.27,860.27,836.93,846.27,106968100,vndirect_dchart_public,2026-06-08T09:01:08.168020+00:00,realty_index
2023-02-28,VNREAL,850.27,861.68,841.74,851.38,82560900,vndirect_dchart_public,2026-06-08T09:01:08.168026+00:00,realty_index
2023-03-01,VNREAL,849.38,853.07,831.43,851.4,95587200,vndirect_dchart_public,2026-06-08T09:01:08.168031+00:00,realty_index
2023-03-02,VNREAL,850.59,859.98,845.01,849.66,56738900,vndirect_dchart_public,2026-06-08T09:01:08.168037+00:00,realty_index
2023-03-03,VNREAL,849.68,853.68,838.17,842.54,69939900,vndirect_dchart_public,2026-06-08T09:01:08.168043+00:00,realty_index
2023-03-06,VNREAL,858.45,871.7,857.04,859.92,82852500,vndirect_dchart_public,2026-06-08T09:01:08.168049+00:00,realty_index
2023-03-07,VNREAL,869.75,871.89,858.17,861.91,77281900,vndirect_dchart_public,2026-06-08T09:01:08.168055+00:00,realty_index
2023-03-08,VNREAL,851.35,872.22,848.63,872.22,95341400,vndirect_dchart_public,2026-06-08T09:01:08.168061+00:00,realty_index
2023-03-09,VNREAL,874.14,879.1,867.92,871.75,69693500,vndirect_dchart_public,2026-06-08T09:01:08.168066+00:00,realty_index
2023-03-10,VNREAL,869.06,874.93,864.69,874.91,67328100,vndirect_dchart_public,2026-06-08T09:01:08.168072+00:00,realty_index
2023-03-13,VNREAL,871.72,890.97,869.33,888.25,91480200,vndirect_dchart_public,2026-06-08T09:01:08.168078+00:00,realty_index
2023-03-14,VNREAL,882.94,886.95,870.19,877.23,87914800,vndirect_dchart_public,2026-06-08T09:01:08.168084+00:00,realty_index
2023-03-15,VNREAL,878.22,903.08,878.22,899.53,92766200,vndirect_dchart_public,2026-06-08T09:01:08.168089+00:00,realty_index
2023-03-16,VNREAL,895.11,902.96,886.1,887.05,82794200,vndirect_dchart_public,2026-06-08T09:01:08.168095+00:00,realty_index
2023-03-17,VNREAL,894.19,897.45,881.95,887.43,85478500,vndirect_dchart_public,2026-06-08T09:01:08.168103+00:00,realty_index
2023-03-20,VNREAL,887.37,888.69,864.02,871.64,74345100,vndirect_dchart_public,2026-06-08T09:01:08.168111+00:00,realty_index
2023-03-21,VNREAL,875.08,889.79,863.07,889.43,69046500,vndirect_dchart_public,2026-06-08T09:01:08.168116+00:00,realty_index
2023-03-22,VNREAL,889.45,903.16,889.13,900.76,61697400,vndirect_dchart_public,2026-06-08T09:01:08.168122+00:00,realty_index
2023-03-23,VNREAL,896.02,901.86,890.62,901.86,45918700,vndirect_dchart_public,2026-06-08T09:01:08.168128+00:00,realty_index
2023-03-24,VNREAL,903.4,921.76,902.9,916.06,116764200,vndirect_dchart_public,2026-06-08T09:01:08.168133+00:00,realty_index
2023-03-27,VNREAL,918.96,925.36,912.61,920.25,87370500,vndirect_dchart_public,2026-06-08T09:01:08.168139+00:00,realty_index
2023-03-28,VNREAL,923.24,929.69,915.85,918.58,123380100,vndirect_dchart_public,2026-06-08T09:01:08.168145+00:00,realty_index
2023-03-29,VNREAL,918.1,919.54,908.74,918.85,62830200,vndirect_dchart_public,2026-06-08T09:01:08.168150+00:00,realty_index
2023-03-30,VNREAL,926.76,943.75,923.91,929.73,94210300,vndirect_dchart_public,2026-06-08T09:01:08.168156+00:00,realty_index
2023-03-31,VNREAL,930.4,950.86,930.16,948.79,93940600,vndirect_dchart_public,2026-06-08T09:01:08.168162+00:00,realty_index
2023-04-03,VNREAL,959.19,985.92,959.19,980.25,168206600,vndirect_dchart_public,2026-06-08T09:01:08.168167+00:00,realty_index
2023-04-04,VNREAL,986.12,986.12,968.32,968.32,145048200,vndirect_dchart_public,2026-06-08T09:01:08.168174+00:00,realty_index
2023-04-05,VNREAL,968.35,976.73,966.26,974.74,170856000,vndirect_dchart_public,2026-06-08T09:01:08.168182+00:00,realty_index
2023-04-06,VNREAL,981.37,982.83,962.07,962.07,227691700,vndirect_dchart_public,2026-06-08T09:01:08.168188+00:00,realty_index
2023-04-07,VNREAL,964.85,967.11,949.55,960.06,127103600,vndirect_dchart_public,2026-06-08T09:01:08.168194+00:00,realty_index
2023-04-10,VNREAL,968.68,969.23,951.35,954.8,143586800,vndirect_dchart_public,2026-06-08T09:01:08.168200+00:00,realty_index
2023-04-11,VNREAL,949.26,967.26,938.62,967.26,167010800,vndirect_dchart_public,2026-06-08T09:01:08.168206+00:00,realty_index
2023-04-12,VNREAL,971.35,976.37,965.39,974.94,178920500,vndirect_dchart_public,2026-06-08T09:01:08.168212+00:00,realty_index
2023-04-13,VNREAL,975.94,975.95,962.52,964.61,135747300,vndirect_dchart_public,2026-06-08T09:01:08.168219+00:00,realty_index
2023-04-14,VNREAL,967.74,970.75,945.8,945.8,165960800,vndirect_dchart_public,2026-06-08T09:01:08.168225+00:00,realty_index
2023-04-17,VNREAL,946.58,953.36,941.98,952.68,86779600,vndirect_dchart_public,2026-06-08T09:01:08.168231+00:00,realty_index
2023-04-18,VNREAL,955.75,957.21,947.75,957.21,98553300,vndirect_dchart_public,2026-06-08T09:01:08.168237+00:00,realty_index
2023-04-19,VNREAL,958.87,960.75,941.61,945.64,106803000,vndirect_dchart_public,2026-06-08T09:01:08.168242+00:00,realty_index
2023-04-20,VNREAL,946.2,948.57,939.36,946.91,66204300,vndirect_dchart_public,2026-06-08T09:01:08.168248+00:00,realty_index
2023-04-21,VNREAL,946.74,947.21,934.6,940.17,103174200,vndirect_dchart_public,2026-06-08T09:01:08.168254+00:00,realty_index
2023-04-24,VNREAL,946.14,950.97,937.29,945.16,107041600,vndirect_dchart_public,2026-06-08T09:01:08.168259+00:00,realty_index
2023-04-25,VNREAL,945.21,952.11,934.06,940.26,95493000,vndirect_dchart_public,2026-06-08T09:01:08.168265+00:00,realty_index
2023-04-26,VNREAL,938.55,938.66,924.37,928.4,72821100,vndirect_dchart_public,2026-06-08T09:01:08.168271+00:00,realty_index
2023-04-27,VNREAL,929.29,932.62,921.27,924.67,135663900,vndirect_dchart_public,2026-06-08T09:01:08.168276+00:00,realty_index
2023-04-28,VNREAL,929.86,952.18,929.49,952.18,137248300,vndirect_dchart_public,2026-06-08T09:01:08.168282+00:00,realty_index
2023-05-04,VNREAL,949.09,951.65,937.5,944.12,127971200,vndirect_dchart_public,2026-06-08T09:01:08.168288+00:00,realty_index
2023-05-05,VNREAL,940.15,942.42,933.49,937.13,93713600,vndirect_dchart_public,2026-06-08T09:01:08.168293+00:00,realty_index
2023-05-08,VNREAL,939.09,942.34,933.55,940.96,140371700,vndirect_dchart_public,2026-06-08T09:01:08.168299+00:00,realty_index
2023-05-09,VNREAL,941.02,943.99,935.8,939.88,95309100,vndirect_dchart_public,2026-06-08T09:01:08.168304+00:00,realty_index
2023-05-10,VNREAL,943.34,950.25,941.14,949.64,157442300,vndirect_dchart_public,2026-06-08T09:01:08.168310+00:00,realty_index
2023-05-11,VNREAL,954.44,956.95,948.71,952.97,143975300,vndirect_dchart_public,2026-06-08T09:01:08.168316+00:00,realty_index
2023-05-12,VNREAL,952.94,969.41,950.63,969.41,133646500,vndirect_dchart_public,2026-06-08T09:01:08.168322+00:00,realty_index
2023-05-15,VNREAL,970.86,992.72,970.86,978.01,143634600,vndirect_dchart_public,2026-06-08T09:01:08.168328+00:00,realty_index
2023-05-16,VNREAL,979.12,980.46,968.23,973.93,102905100,vndirect_dchart_public,2026-06-08T09:01:08.168335+00:00,realty_index
2023-05-17,VNREAL,973.43,983.58,970.09,970.09,131994200,vndirect_dchart_public,2026-06-08T09:01:08.168341+00:00,realty_index
2023-05-18,VNREAL,975.57,986.71,969.77,979.25,90842700,vndirect_dchart_public,2026-06-08T09:01:08.168346+00:00,realty_index
2023-05-19,VNREAL,982.87,982.87,964.26,973.58,97446600,vndirect_dchart_public,2026-06-08T09:01:08.168352+00:00,realty_index
2023-05-22,VNREAL,979.41,979.41,970.9,976.13,83566000,vndirect_dchart_public,2026-06-08T09:01:08.168357+00:00,realty_index
2023-05-23,VNREAL,976.18,981.05,968.37,972.53,104141500,vndirect_dchart_public,2026-06-08T09:01:08.168362+00:00,realty_index
2023-05-24,VNREAL,976.58,979.61,970.78,976.24,116523100,vndirect_dchart_public,2026-06-08T09:01:08.168370+00:00,realty_index
2023-05-25,VNREAL,976.46,981.87,971.06,978.1,88214600,vndirect_dchart_public,2026-06-08T09:01:08.168376+00:00,realty_index
2023-05-26,VNREAL,978.49,986.82,977.04,978.89,105143400,vndirect_dchart_public,2026-06-08T09:01:08.168381+00:00,realty_index
2023-05-29,VNREAL,981.81,993.35,981.81,990.71,130708900,vndirect_dchart_public,2026-06-08T09:01:08.168386+00:00,realty_index
2023-05-30,VNREAL,996.41,998.48,986.28,990.27,175614100,vndirect_dchart_public,2026-06-08T09:01:08.168392+00:00,realty_index
2023-05-31,VNREAL,991.77,993.44,982.15,982.15,150750500,vndirect_dchart_public,2026-06-08T09:01:08.168397+00:00,realty_index
2023-06-01,VNREAL,983.6,990.04,981.01,983.5,154277100,vndirect_dchart_public,2026-06-08T09:01:08.168403+00:00,realty_index
2023-06-02,VNREAL,990.6,991.21,982.07,985.5,145087600,vndirect_dchart_public,2026-06-08T09:01:08.168408+00:00,realty_index
2023-06-05,VNREAL,992.63,994.43,982.34,982.34,153525900,vndirect_dchart_public,2026-06-08T09:01:08.168417+00:00,realty_index
2023-06-06,VNREAL,982.22,997.5,982.22,997.5,113926200,vndirect_dchart_public,2026-06-08T09:01:08.168422+00:00,realty_index
2023-06-07,VNREAL,1000.59,1008.78,998.04,1007.55,186747700,vndirect_dchart_public,2026-06-08T09:01:08.168427+00:00,realty_index
2023-06-08,VNREAL,1010.54,1013.86,998.2,998.2,210381300,vndirect_dchart_public,2026-06-08T09:01:08.168434+00:00,realty_index
2023-06-09,VNREAL,997.74,1001.29,992.66,1001.29,150658500,vndirect_dchart_public,2026-06-08T09:01:08.168439+00:00,realty_index
2023-06-12,VNREAL,1004.87,1009.07,992.28,1009.07,134568800,vndirect_dchart_public,2026-06-08T09:01:08.168446+00:00,realty_index
2023-06-13,VNREAL,1011.38,1025.22,1007.7,1025.22,205412200,vndirect_dchart_public,2026-06-08T09:01:08.168452+00:00,realty_index
2023-06-14,VNREAL,1027.65,1034.08,1020.18,1020.18,156905900,vndirect_dchart_public,2026-06-08T09:01:08.168458+00:00,realty_index
2023-06-15,VNREAL,1019.69,1027.71,1011.14,1014.66,126289900,vndirect_dchart_public,2026-06-08T09:01:08.168463+00:00,realty_index
2023-06-16,VNREAL,1019.3,1023.07,1002.43,1008.33,174933500,vndirect_dchart_public,2026-06-08T09:01:08.168469+00:00,realty_index
2023-06-19,VNREAL,1011.06,1011.94,991.04,991.43,179713400,vndirect_dchart_public,2026-06-08T09:01:08.168475+00:00,realty_index
2023-06-20,VNREAL,991.96,1003.07,991.96,1002.14,122708600,vndirect_dchart_public,2026-06-08T09:01:08.168587+00:00,realty_index
2023-06-21,VNREAL,1002.81,1005.59,998.01,1005.2,125089700,vndirect_dchart_public,2026-06-08T09:01:08.168601+00:00,realty_index
2023-06-22,VNREAL,1010.84,1018.83,1007.98,1015.31,156497200,vndirect_dchart_public,2026-06-08T09:01:08.168610+00:00,realty_index
2023-06-23,VNREAL,1013.97,1015.91,1007.18,1012.4,141438200,vndirect_dchart_public,2026-06-08T09:01:08.168616+00:00,realty_index
2023-06-26,VNREAL,1012.17,1017.0,1003.09,1012.07,173968900,vndirect_dchart_public,2026-06-08T09:01:08.168621+00:00,realty_index
2023-06-27,VNREAL,1014.39,1020.47,1011.32,1018.14,116744000,vndirect_dchart_public,2026-06-08T09:01:08.168627+00:00,realty_index
2023-06-28,VNREAL,1020.17,1023.93,1011.85,1014.48,175619700,vndirect_dchart_public,2026-06-08T09:01:08.168633+00:00,realty_index
2023-06-29,VNREAL,1014.35,1015.93,999.2,999.2,141137200,vndirect_dchart_public,2026-06-08T09:01:08.168639+00:00,realty_index
2023-06-30,VNREAL,999.14,1002.6,993.06,994.62,107909600,vndirect_dchart_public,2026-06-08T09:01:08.168644+00:00,realty_index
2023-07-03,VNREAL,999.03,1001.16,995.14,998.95,89476300,vndirect_dchart_public,2026-06-08T09:01:08.168650+00:00,realty_index
2023-07-04,VNREAL,1000.53,1007.73,995.74,1007.61,92545200,vndirect_dchart_public,2026-06-08T09:01:08.168656+00:00,realty_index
2023-07-05,VNREAL,1010.03,1011.67,1001.77,1006.42,121305200,vndirect_dchart_public,2026-06-08T09:01:08.168661+00:00,realty_index
2023-07-06,VNREAL,1006.58,1007.2,988.88,988.88,116995900,vndirect_dchart_public,2026-06-08T09:01:08.168667+00:00,realty_index
2023-07-07,VNREAL,988.17,991.08,982.01,988.05,103044900,vndirect_dchart_public,2026-06-08T09:01:08.168680+00:00,realty_index
2023-07-10,VNREAL,992.23,1000.19,991.74,997.32,142703600,vndirect_dchart_public,2026-06-08T09:01:08.168688+00:00,realty_index
2023-07-11,VNREAL,999.83,1002.84,996.23,997.97,119410000,vndirect_dchart_public,2026-06-08T09:01:08.168694+00:00,realty_index
2023-07-12,VNREAL,1000.58,1013.31,1000.58,1009.54,118817800,vndirect_dchart_public,2026-06-08T09:01:08.168699+00:00,realty_index
2023-07-13,VNREAL,1014.61,1025.75,1014.44,1025.75,159986200,vndirect_dchart_public,2026-06-08T09:01:08.168705+00:00,realty_index
2023-07-14,VNREAL,1030.45,1031.63,1018.78,1029.66,179732500,vndirect_dchart_public,2026-06-08T09:01:08.168710+00:00,realty_index
2023-07-17,VNREAL,1034.44,1056.47,1033.42,1056.47,185359300,vndirect_dchart_public,2026-06-08T09:01:08.168716+00:00,realty_index
2023-07-18,VNREAL,1056.46,1056.92,1045.67,1054.25,143888500,vndirect_dchart_public,2026-06-08T09:01:08.168722+00:00,realty_index
2023-07-19,VNREAL,1056.86,1057.36,1043.15,1043.15,161898300,vndirect_dchart_public,2026-06-08T09:01:08.168727+00:00,realty_index
2023-07-20,VNREAL,1042.6,1045.84,1032.86,1043.53,115038600,vndirect_dchart_public,2026-06-08T09:01:08.168732+00:00,realty_index
2023-07-21,VNREAL,1044.2,1062.96,1042.46,1062.96,175078000,vndirect_dchart_public,2026-06-08T09:01:08.168738+00:00,realty_index
2023-07-24,VNREAL,1069.85,1075.32,1062.5,1072.44,231359600,vndirect_dchart_public,2026-06-08T09:01:08.168743+00:00,realty_index
2023-07-25,VNREAL,1071.37,1075.21,1065.07,1067.61,172886500,vndirect_dchart_public,2026-06-08T09:01:08.168748+00:00,realty_index
2023-07-26,VNREAL,1066.94,1076.2,1063.28,1076.2,187300300,vndirect_dchart_public,2026-06-08T09:01:08.168754+00:00,realty_index
2023-07-27,VNREAL,1076.8,1088.92,1071.31,1080.02,271285700,vndirect_dchart_public,2026-06-08T09:01:08.168759+00:00,realty_index
2023-07-28,VNREAL,1084.41,1097.3,1082.17,1097.3,231519200,vndirect_dchart_public,2026-06-08T09:01:08.168765+00:00,realty_index
2023-07-31,VNREAL,1131.91,1138.38,1117.43,1138.38,224911500,vndirect_dchart_public,2026-06-08T09:01:08.168770+00:00,realty_index
2023-08-01,VNREAL,1158.48,1169.3,1135.68,1135.69,232250900,vndirect_dchart_public,2026-06-08T09:01:08.168776+00:00,realty_index
2023-08-02,VNREAL,1134.79,1143.19,1127.41,1133.69,167631600,vndirect_dchart_public,2026-06-08T09:01:08.168781+00:00,realty_index
2023-08-03,VNREAL,1134.38,1139.73,1122.03,1122.41,171182900,vndirect_dchart_public,2026-06-08T09:01:08.168787+00:00,realty_index
2023-08-04,VNREAL,1123.78,1169.3,1123.78,1169.3,297203200,vndirect_dchart_public,2026-06-08T09:01:08.168794+00:00,realty_index
2023-08-07,VNREAL,1169.81,1184.19,1160.71,1179.2,198656800,vndirect_dchart_public,2026-06-08T09:01:08.168800+00:00,realty_index
2023-08-08,VNREAL,1180.2,1202.34,1176.24,1192.46,188069200,vndirect_dchart_public,2026-06-08T09:01:08.168806+00:00,realty_index
2023-08-09,VNREAL,1189.2,1195.37,1175.79,1176.25,152155400,vndirect_dchart_public,2026-06-08T09:01:08.168812+00:00,realty_index
2023-08-10,VNREAL,1181.03,1197.47,1179.39,1180.0,147534600,vndirect_dchart_public,2026-06-08T09:01:08.168817+00:00,realty_index
2023-08-11,VNREAL,1215.45,1217.96,1195.96,1217.96,174201400,vndirect_dchart_public,2026-06-08T09:01:08.168823+00:00,realty_index
2023-08-14,VNREAL,1231.38,1242.58,1216.78,1226.15,175428700,vndirect_dchart_public,2026-06-08T09:01:08.168830+00:00,realty_index
2023-08-15,VNREAL,1226.55,1226.71,1216.6,1217.03,157811900,vndirect_dchart_public,2026-06-08T09:01:08.168840+00:00,realty_index
2023-08-16,VNREAL,1222.98,1253.82,1222.98,1247.58,136120000,vndirect_dchart_public,2026-06-08T09:01:08.168846+00:00,realty_index
2023-08-17,VNREAL,1249.46,1249.65,1212.69,1212.69,161589200,vndirect_dchart_public,2026-06-08T09:01:08.168851+00:00,realty_index
2023-08-18,VNREAL,1191.64,1197.06,1133.97,1134.69,261112300,vndirect_dchart_public,2026-06-08T09:01:08.168857+00:00,realty_index
2023-08-21,VNREAL,1132.06,1132.84,1098.18,1124.69,152263900,vndirect_dchart_public,2026-06-08T09:01:08.168862+00:00,realty_index
2023-08-22,VNREAL,1128.04,1137.96,1083.9,1119.98,126275400,vndirect_dchart_public,2026-06-08T09:01:08.168886+00:00,realty_index
2023-08-23,VNREAL,1154.65,1154.65,1112.92,1112.92,105103700,vndirect_dchart_public,2026-06-08T09:01:08.168891+00:00,realty_index
2023-08-24,VNREAL,1119.14,1134.65,1108.82,1130.17,129361400,vndirect_dchart_public,2026-06-08T09:01:08.168897+00:00,realty_index
2023-08-25,VNREAL,1130.26,1143.82,1121.48,1121.48,129394200,vndirect_dchart_public,2026-06-08T09:01:08.168902+00:00,realty_index
2023-08-28,VNREAL,1134.28,1146.64,1132.38,1143.73,109762100,vndirect_dchart_public,2026-06-08T09:01:08.168908+00:00,realty_index
2023-08-29,VNREAL,1153.2,1159.97,1137.94,1140.31,158804900,vndirect_dchart_public,2026-06-08T09:01:08.168913+00:00,realty_index
2023-08-30,VNREAL,1140.91,1145.1,1124.71,1140.3,120184900,vndirect_dchart_public,2026-06-08T09:01:08.168919+00:00,realty_index
2023-08-31,VNREAL,1142.08,1159.81,1142.08,1148.92,120873700,vndirect_dchart_public,2026-06-08T09:01:08.168924+00:00,realty_index
2023-09-05,VNREAL,1157.91,1163.55,1142.12,1150.83,127004900,vndirect_dchart_public,2026-06-08T09:01:08.168932+00:00,realty_index
2023-09-06,VNREAL,1152.84,1156.69,1143.35,1155.14,168931200,vndirect_dchart_public,2026-06-08T09:01:08.168937+00:00,realty_index
2023-09-07,VNREAL,1159.24,1168.98,1149.55,1150.93,164359900,vndirect_dchart_public,2026-06-08T09:01:08.168943+00:00,realty_index
2023-09-08,VNREAL,1148.43,1154.01,1136.9,1136.9,151645600,vndirect_dchart_public,2026-06-08T09:01:08.168949+00:00,realty_index
2023-09-11,VNREAL,1142.88,1153.29,1107.71,1107.71,194339300,vndirect_dchart_public,2026-06-08T09:01:08.168954+00:00,realty_index
2023-09-12,VNREAL,1113.87,1132.95,1104.39,1132.95,123374400,vndirect_dchart_public,2026-06-08T09:01:08.168960+00:00,realty_index
2023-09-13,VNREAL,1140.64,1142.58,1111.35,1115.24,150697300,vndirect_dchart_public,2026-06-08T09:01:08.168965+00:00,realty_index
2023-09-14,VNREAL,1114.89,1115.7,1073.81,1073.81,157730800,vndirect_dchart_public,2026-06-08T09:01:08.168971+00:00,realty_index
2023-09-15,VNREAL,1075.74,1085.53,1062.77,1073.24,127998400,vndirect_dchart_public,2026-06-08T09:01:08.168976+00:00,realty_index
2023-09-18,VNREAL,1071.22,1072.72,1052.22,1058.71,96420100,vndirect_dchart_public,2026-06-08T09:01:08.168982+00:00,realty_index
2023-09-19,VNREAL,1059.7,1073.79,1044.54,1051.64,111059900,vndirect_dchart_public,2026-06-08T09:01:08.168992+00:00,realty_index
2023-09-20,VNREAL,1056.53,1084.9,1051.06,1084.9,107185200,vndirect_dchart_public,2026-06-08T09:01:08.168998+00:00,realty_index
2023-09-21,VNREAL,1089.73,1089.73,1068.51,1070.04,98511200,vndirect_dchart_public,2026-06-08T09:01:08.169003+00:00,realty_index
2023-09-22,VNREAL,1062.44,1062.44,1022.1,1024.55,156592500,vndirect_dchart_public,2026-06-08T09:01:08.169009+00:00,realty_index
2023-09-25,VNREAL,1023.31,1030.36,972.23,975.99,128353800,vndirect_dchart_public,2026-06-08T09:01:08.169014+00:00,realty_index
2023-09-26,VNREAL,969.75,982.95,946.98,946.98,121531200,vndirect_dchart_public,2026-06-08T09:01:08.169019+00:00,realty_index
2023-09-27,VNREAL,947.32,963.39,929.12,963.39,99306500,vndirect_dchart_public,2026-06-08T09:01:08.169025+00:00,realty_index
2023-09-28,VNREAL,963.69,963.69,942.4,957.75,75306500,vndirect_dchart_public,2026-06-08T09:01:08.169030+00:00,realty_index
2023-09-29,VNREAL,964.83,995.96,964.25,973.58,79786200,vndirect_dchart_public,2026-06-08T09:01:08.169035+00:00,realty_index
2023-10-02,VNREAL,975.12,987.34,969.51,979.39,49763700,vndirect_dchart_public,2026-06-08T09:01:08.169043+00:00,realty_index
2023-10-03,VNREAL,967.17,968.82,933.7,936.63,110537100,vndirect_dchart_public,2026-06-08T09:01:08.169048+00:00,realty_index
2023-10-04,VNREAL,932.01,961.7,920.87,954.97,79471100,vndirect_dchart_public,2026-06-08T09:01:08.169054+00:00,realty_index
2023-10-05,VNREAL,959.22,962.9,939.21,943.9,67352300,vndirect_dchart_public,2026-06-08T09:01:08.169059+00:00,realty_index
2023-10-06,VNREAL,945.77,962.38,937.74,962.38,70229600,vndirect_dchart_public,2026-06-08T09:01:08.169067+00:00,realty_index
2023-10-09,VNREAL,961.29,968.42,957.1,965.99,57209300,vndirect_dchart_public,2026-06-08T09:01:08.169073+00:00,realty_index
2023-10-10,VNREAL,968.69,979.28,965.33,968.22,73344200,vndirect_dchart_public,2026-06-08T09:01:08.169078+00:00,realty_index
2023-10-11,VNREAL,968.53,971.35,958.67,971.35,55068400,vndirect_dchart_public,2026-06-08T09:01:08.169084+00:00,realty_index
2023-10-12,VNREAL,971.81,990.25,971.81,983.84,84803900,vndirect_dchart_public,2026-06-08T09:01:08.169089+00:00,realty_index
2023-10-13,VNREAL,975.17,991.39,970.53,990.64,80130900,vndirect_dchart_public,2026-06-08T09:01:08.169095+00:00,realty_index
2023-10-16,VNREAL,991.35,991.55,968.8,968.8,71454500,vndirect_dchart_public,2026-06-08T09:01:08.169100+00:00,realty_index
2023-10-17,VNREAL,970.95,974.51,940.43,940.43,69642900,vndirect_dchart_public,2026-06-08T09:01:08.169105+00:00,realty_index
2023-10-18,VNREAL,942.85,950.82,898.09,919.66,105515700,vndirect_dchart_public,2026-06-08T09:01:08.169111+00:00,realty_index
2023-10-19,VNREAL,919.21,921.67,898.55,908.19,75856000,vndirect_dchart_public,2026-06-08T09:01:08.169116+00:00,realty_index
2023-10-20,VNREAL,908.34,934.81,892.59,934.81,72193500,vndirect_dchart_public,2026-06-08T09:01:08.169122+00:00,realty_index
2023-10-23,VNREAL,934.66,938.57,924.59,932.45,66843400,vndirect_dchart_public,2026-06-08T09:01:08.169127+00:00,realty_index
2023-10-24,VNREAL,933.2,943.83,925.11,943.83,54087000,vndirect_dchart_public,2026-06-08T09:01:08.169132+00:00,realty_index
2023-10-25,VNREAL,944.09,958.64,944.09,946.48,67962300,vndirect_dchart_public,2026-06-08T09:01:08.169138+00:00,realty_index
2023-10-26,VNREAL,912.19,912.19,885.23,890.32,146105100,vndirect_dchart_public,2026-06-08T09:01:08.169145+00:00,realty_index
2023-10-27,VNREAL,887.87,893.13,846.08,878.13,114646700,vndirect_dchart_public,2026-06-08T09:01:08.169151+00:00,realty_index
2023-10-30,VNREAL,873.59,879.38,852.51,863.26,61868700,vndirect_dchart_public,2026-06-08T09:01:08.169159+00:00,realty_index
2023-10-31,VNREAL,864.15,867.13,840.49,843.45,93244600,vndirect_dchart_public,2026-06-08T09:01:08.169164+00:00,realty_index
2023-11-01,VNREAL,843.5,847.15,818.1,847.15,84464200,vndirect_dchart_public,2026-06-08T09:01:08.169170+00:00,realty_index
2023-11-02,VNREAL,854.75,882.29,844.88,882.29,97296000,vndirect_dchart_public,2026-06-08T09:01:08.169175+00:00,realty_index
2023-11-03,VNREAL,883.37,892.78,879.83,889.47,93269700,vndirect_dchart_public,2026-06-08T09:01:08.169182+00:00,realty_index
2023-11-06,VNREAL,894.89,898.84,887.29,896.31,68787800,vndirect_dchart_public,2026-06-08T09:01:08.169188+00:00,realty_index
2023-11-07,VNREAL,890.79,894.99,879.79,882.74,62240500,vndirect_dchart_public,2026-06-08T09:01:08.169193+00:00,realty_index
2023-11-08,VNREAL,881.3,916.94,877.46,915.67,112239500,vndirect_dchart_public,2026-06-08T09:01:08.169199+00:00,realty_index
2023-11-09,VNREAL,928.55,955.88,926.91,949.43,173171700,vndirect_dchart_public,2026-06-08T09:01:08.169204+00:00,realty_index
2023-11-10,VNREAL,940.08,957.53,938.06,940.95,138728500,vndirect_dchart_public,2026-06-08T09:01:08.169210+00:00,realty_index
2023-11-13,VNREAL,941.42,948.85,928.41,936.54,93938300,vndirect_dchart_public,2026-06-08T09:01:08.169215+00:00,realty_index
2023-11-14,VNREAL,944.09,947.13,929.21,936.97,91662000,vndirect_dchart_public,2026-06-08T09:01:08.169221+00:00,realty_index
2023-11-15,VNREAL,949.63,958.87,939.21,942.87,109994300,vndirect_dchart_public,2026-06-08T09:01:08.169226+00:00,realty_index
2023-11-16,VNREAL,941.1,944.98,934.1,944.98,89407600,vndirect_dchart_public,2026-06-08T09:01:08.169231+00:00,realty_index
2023-11-17,VNREAL,949.53,952.48,905.92,913.78,192701500,vndirect_dchart_public,2026-06-08T09:01:08.169237+00:00,realty_index
2023-11-20,VNREAL,901.06,922.87,896.41,917.97,93343700,vndirect_dchart_public,2026-06-08T09:01:08.169244+00:00,realty_index
2023-11-21,VNREAL,918.29,929.64,915.52,921.36,79818600,vndirect_dchart_public,2026-06-08T09:01:08.169250+00:00,realty_index
2023-11-22,VNREAL,924.34,929.78,916.73,926.03,123518500,vndirect_dchart_public,2026-06-08T09:01:08.169255+00:00,realty_index
2023-11-23,VNREAL,927.75,936.28,902.79,902.79,132116100,vndirect_dchart_public,2026-06-08T09:01:08.169261+00:00,realty_index
2023-11-24,VNREAL,904.85,908.1,882.01,908.1,121395300,vndirect_dchart_public,2026-06-08T09:01:08.169268+00:00,realty_index
2023-11-27,VNREAL,908.3,920.6,907.52,910.53,60402900,vndirect_dchart_public,2026-06-08T09:01:08.169273+00:00,realty_index
2023-11-28,VNREAL,909.94,919.85,898.01,919.85,78680400,vndirect_dchart_public,2026-06-08T09:01:08.169278+00:00,realty_index
2023-11-29,VNREAL,922.82,926.87,920.11,926.5,62798800,vndirect_dchart_public,2026-06-08T09:01:08.169284+00:00,realty_index
2023-11-30,VNREAL,926.8,930.99,919.99,919.99,104570300,vndirect_dchart_public,2026-06-08T09:01:08.169289+00:00,realty_index
2023-12-01,VNREAL,925.58,926.33,912.6,923.49,92271900,vndirect_dchart_public,2026-06-08T09:01:08.169294+00:00,realty_index
2023-12-04,VNREAL,928.4,947.37,928.25,943.84,123731900,vndirect_dchart_public,2026-06-08T09:01:08.169300+00:00,realty_index
2023-12-05,VNREAL,945.55,945.93,935.43,937.3,109768800,vndirect_dchart_public,2026-06-08T09:01:08.169305+00:00,realty_index
2023-12-06,VNREAL,938.02,942.96,933.13,942.96,127449900,vndirect_dchart_public,2026-06-08T09:01:08.169311+00:00,realty_index
2023-12-07,VNREAL,944.87,947.67,919.44,933.27,199802900,vndirect_dchart_public,2026-06-08T09:01:08.169316+00:00,realty_index
2023-12-08,VNREAL,933.69,938.76,928.29,934.0,119554700,vndirect_dchart_public,2026-06-08T09:01:08.169322+00:00,realty_index
2023-12-11,VNREAL,939.69,949.09,937.46,942.87,96348400,vndirect_dchart_public,2026-06-08T09:01:08.169327+00:00,realty_index
2023-12-12,VNREAL,944.59,948.71,941.01,943.67,82164100,vndirect_dchart_public,2026-06-08T09:01:08.169332+00:00,realty_index
2023-12-13,VNREAL,946.21,949.76,926.89,931.1,111153100,vndirect_dchart_public,2026-06-08T09:01:08.169366+00:00,realty_index
2023-12-14,VNREAL,937.95,939.25,921.43,924.04,85395300,vndirect_dchart_public,2026-06-08T09:01:08.169373+00:00,realty_index
2023-12-15,VNREAL,924.28,928.11,916.17,919.7,104415900,vndirect_dchart_public,2026-06-08T09:01:08.169378+00:00,realty_index
2023-12-18,VNREAL,921.93,922.42,914.78,916.76,70062500,vndirect_dchart_public,2026-06-08T09:01:08.169384+00:00,realty_index
2023-12-19,VNREAL,916.9,917.74,904.59,917.25,76872000,vndirect_dchart_public,2026-06-08T09:01:08.169389+00:00,realty_index
2023-12-20,VNREAL,917.42,922.44,915.39,921.63,61643000,vndirect_dchart_public,2026-06-08T09:01:08.169395+00:00,realty_index
2023-12-21,VNREAL,916.74,923.08,914.74,923.08,48041700,vndirect_dchart_public,2026-06-08T09:01:08.169400+00:00,realty_index
2023-12-22,VNREAL,922.95,927.15,918.26,922.4,57788100,vndirect_dchart_public,2026-06-08T09:01:08.169408+00:00,realty_index
2023-12-25,VNREAL,921.96,935.81,921.67,935.79,74897400,vndirect_dchart_public,2026-06-08T09:01:08.169413+00:00,realty_index
2023-12-26,VNREAL,936.67,945.08,936.67,942.01,69282300,vndirect_dchart_public,2026-06-08T09:01:08.169419+00:00,realty_index
2023-12-27,VNREAL,942.6,946.48,939.99,939.99,62918600,vndirect_dchart_public,2026-06-08T09:01:08.169424+00:00,realty_index
2023-12-28,VNREAL,941.26,958.15,941.0,954.81,79289400,vndirect_dchart_public,2026-06-08T09:01:08.169430+00:00,realty_index
2023-12-29,VNREAL,956.38,959.77,952.99,955.57,73199500,vndirect_dchart_public,2026-06-08T09:01:08.169435+00:00,realty_index
2024-01-02,VNREAL,959.98,961.35,943.89,946.51,77697400,vndirect_dchart_public,2026-06-08T09:01:08.169440+00:00,realty_index
2024-01-03,VNREAL,945.92,953.46,940.6,953.46,82057300,vndirect_dchart_public,2026-06-08T09:01:08.169446+00:00,realty_index
2024-01-04,VNREAL,953.71,960.03,951.42,953.41,118130500,vndirect_dchart_public,2026-06-08T09:01:08.169453+00:00,realty_index
2024-01-05,VNREAL,952.92,956.84,949.77,952.84,83841300,vndirect_dchart_public,2026-06-08T09:01:08.169459+00:00,realty_index
2024-01-08,VNREAL,955.16,967.41,955.16,961.25,109523100,vndirect_dchart_public,2026-06-08T09:01:08.169467+00:00,realty_index
2024-01-09,VNREAL,962.43,962.43,952.57,953.88,96580000,vndirect_dchart_public,2026-06-08T09:01:08.169472+00:00,realty_index
2024-01-10,VNREAL,953.12,954.01,937.18,944.02,94763700,vndirect_dchart_public,2026-06-08T09:01:08.169479+00:00,realty_index
2024-01-11,VNREAL,943.17,948.66,938.15,940.68,71397600,vndirect_dchart_public,2026-06-08T09:01:08.169485+00:00,realty_index
2024-01-12,VNREAL,939.08,939.08,920.76,925.98,116875900,vndirect_dchart_public,2026-06-08T09:01:08.169490+00:00,realty_index
2024-01-15,VNREAL,932.84,935.11,923.33,923.33,50129200,vndirect_dchart_public,2026-06-08T09:01:08.169496+00:00,realty_index
2024-01-16,VNREAL,921.56,934.75,919.51,934.75,49054300,vndirect_dchart_public,2026-06-08T09:01:08.169501+00:00,realty_index
2024-01-17,VNREAL,935.2,940.65,932.22,932.96,55764100,vndirect_dchart_public,2026-06-08T09:01:08.169507+00:00,realty_index
2024-01-18,VNREAL,935.89,950.43,934.53,948.35,77284000,vndirect_dchart_public,2026-06-08T09:01:08.169512+00:00,realty_index
2024-01-19,VNREAL,950.48,954.59,945.9,947.5,63007100,vndirect_dchart_public,2026-06-08T09:01:08.169519+00:00,realty_index
2024-01-22,VNREAL,949.5,951.12,938.23,946.78,83117400,vndirect_dchart_public,2026-06-08T09:01:08.169525+00:00,realty_index
2024-01-23,VNREAL,948.55,949.19,935.9,938.77,56158100,vndirect_dchart_public,2026-06-08T09:01:08.169530+00:00,realty_index
2024-01-24,VNREAL,938.48,944.44,936.71,939.1,60258600,vndirect_dchart_public,2026-06-08T09:01:08.169535+00:00,realty_index
2024-01-25,VNREAL,939.67,939.7,934.7,935.01,47560000,vndirect_dchart_public,2026-06-08T09:01:08.169541+00:00,realty_index
2024-01-26,VNREAL,936.84,941.93,935.16,937.16,74314000,vndirect_dchart_public,2026-06-08T09:01:08.169546+00:00,realty_index
2024-01-29,VNREAL,940.35,940.96,931.5,932.8,53162900,vndirect_dchart_public,2026-06-08T09:01:08.169552+00:00,realty_index
2024-01-30,VNREAL,933.14,936.69,930.03,936.69,60572700,vndirect_dchart_public,2026-06-08T09:01:08.169557+00:00,realty_index
2024-01-31,VNREAL,938.98,941.16,923.97,924.5,91115500,vndirect_dchart_public,2026-06-08T09:01:08.169563+00:00,realty_index
2024-02-01,VNREAL,923.23,928.29,920.18,926.72,59256700,vndirect_dchart_public,2026-06-08T09:01:08.169569+00:00,realty_index
2024-02-02,VNREAL,927.06,941.86,926.56,926.56,98261700,vndirect_dchart_public,2026-06-08T09:01:08.169575+00:00,realty_index
2024-02-05,VNREAL,928.71,930.21,922.52,925.41,64657000,vndirect_dchart_public,2026-06-08T09:01:08.169581+00:00,realty_index
2024-02-06,VNREAL,925.83,928.22,924.13,925.63,56062200,vndirect_dchart_public,2026-06-08T09:01:08.169586+00:00,realty_index
2024-02-07,VNREAL,927.4,930.69,922.89,930.69,54874400,vndirect_dchart_public,2026-06-08T09:01:08.169592+00:00,realty_index
2024-02-15,VNREAL,931.05,937.19,931.05,934.08,66820200,vndirect_dchart_public,2026-06-08T09:01:08.169597+00:00,realty_index
2024-02-16,VNREAL,936.13,953.31,935.87,949.85,101604700,vndirect_dchart_public,2026-06-08T09:01:08.169603+00:00,realty_index
2024-02-19,VNREAL,954.71,985.24,954.29,984.23,133558000,vndirect_dchart_public,2026-06-08T09:01:08.169608+00:00,realty_index
2024-02-20,VNREAL,995.27,1008.15,994.71,1001.54,111826400,vndirect_dchart_public,2026-06-08T09:01:08.169614+00:00,realty_index
2024-02-21,VNREAL,1001.8,1003.61,986.88,994.29,99095600,vndirect_dchart_public,2026-06-08T09:01:08.169619+00:00,realty_index
2024-02-22,VNREAL,994.57,998.99,990.86,994.91,91344400,vndirect_dchart_public,2026-06-08T09:01:08.169624+00:00,realty_index
2024-02-23,VNREAL,995.09,998.37,960.73,960.73,140629300,vndirect_dchart_public,2026-06-08T09:01:08.169632+00:00,realty_index
2024-02-26,VNREAL,961.47,966.62,956.35,960.5,83181300,vndirect_dchart_public,2026-06-08T09:01:08.169639+00:00,realty_index
2024-02-27,VNREAL,967.9,977.27,962.72,976.3,90463900,vndirect_dchart_public,2026-06-08T09:01:08.169645+00:00,realty_index
2024-02-28,VNREAL,984.64,989.63,976.11,983.97,79592600,vndirect_dchart_public,2026-06-08T09:01:08.169650+00:00,realty_index
2024-02-29,VNREAL,988.11,989.34,975.3,978.2,126681500,vndirect_dchart_public,2026-06-08T09:01:08.169655+00:00,realty_index
2024-03-01,VNREAL,980.71,985.46,973.3,985.01,82212400,vndirect_dchart_public,2026-06-08T09:01:08.169661+00:00,realty_index
2024-03-04,VNREAL,989.56,1004.8,989.56,999.56,161229400,vndirect_dchart_public,2026-06-08T09:01:08.169667+00:00,realty_index
2024-03-05,VNREAL,999.76,1001.63,991.07,996.38,99028200,vndirect_dchart_public,2026-06-08T09:01:08.169672+00:00,realty_index
2024-03-06,VNREAL,996.64,1008.93,983.51,987.3,155378600,vndirect_dchart_public,2026-06-08T09:01:08.169677+00:00,realty_index
2024-03-07,VNREAL,988.91,993.96,984.39,992.59,102974300,vndirect_dchart_public,2026-06-08T09:01:08.169683+00:00,realty_index
2024-03-08,VNREAL,994.56,1000.4,978.9,978.9,128054200,vndirect_dchart_public,2026-06-08T09:01:08.169688+00:00,realty_index
2024-03-11,VNREAL,978.85,984.47,967.64,967.64,102468600,vndirect_dchart_public,2026-06-08T09:01:08.169693+00:00,realty_index
2024-03-12,VNREAL,966.5,975.09,962.23,970.55,90187500,vndirect_dchart_public,2026-06-08T09:01:08.169698+00:00,realty_index
2024-03-13,VNREAL,970.6,990.18,970.6,990.18,93541500,vndirect_dchart_public,2026-06-08T09:01:08.169704+00:00,realty_index
2024-03-14,VNREAL,990.66,1010.35,990.66,997.11,134194500,vndirect_dchart_public,2026-06-08T09:01:08.169709+00:00,realty_index
2024-03-15,VNREAL,996.63,1004.29,986.83,986.83,151819300,vndirect_dchart_public,2026-06-08T09:01:08.169714+00:00,realty_index
2024-03-18,VNREAL,990.11,1006.92,960.31,1000.71,260605900,vndirect_dchart_public,2026-06-08T09:01:08.169719+00:00,realty_index
2024-03-19,VNREAL,1000.97,1011.99,996.32,1001.68,119206200,vndirect_dchart_public,2026-06-08T09:01:08.169724+00:00,realty_index
2024-03-20,VNREAL,1002.54,1002.86,989.51,998.95,92756100,vndirect_dchart_public,2026-06-08T09:01:08.169730+00:00,realty_index
2024-03-21,VNREAL,1004.47,1017.39,998.45,1016.42,216337500,vndirect_dchart_public,2026-06-08T09:01:08.169737+00:00,realty_index
2024-03-22,VNREAL,1021.63,1023.8,1009.88,1019.34,156944200,vndirect_dchart_public,2026-06-08T09:01:08.169743+00:00,realty_index
2024-03-25,VNREAL,1019.37,1031.01,1008.88,1013.59,156449400,vndirect_dchart_public,2026-06-08T09:01:08.169748+00:00,realty_index
2024-03-26,VNREAL,1014.57,1028.51,1006.16,1027.41,123508000,vndirect_dchart_public,2026-06-08T09:01:08.169754+00:00,realty_index
2024-03-27,VNREAL,1029.52,1030.6,1019.77,1024.58,106851600,vndirect_dchart_public,2026-06-08T09:01:08.169761+00:00,realty_index
2024-03-28,VNREAL,1028.18,1038.14,1024.58,1027.87,115911900,vndirect_dchart_public,2026-06-08T09:01:08.169766+00:00,realty_index
2024-03-29,VNREAL,1030.62,1030.72,1019.08,1022.52,91374600,vndirect_dchart_public,2026-06-08T09:01:08.169772+00:00,realty_index
2024-04-01,VNREAL,1022.09,1029.48,1018.09,1026.08,129371700,vndirect_dchart_public,2026-06-08T09:01:08.169778+00:00,realty_index
2024-04-02,VNREAL,1019.99,1032.95,1015.18,1032.95,128622300,vndirect_dchart_public,2026-06-08T09:01:08.169783+00:00,realty_index
2024-04-03,VNREAL,1031.11,1035.39,1021.34,1024.01,134447800,vndirect_dchart_public,2026-06-08T09:01:08.169788+00:00,realty_index
2024-04-04,VNREAL,1023.89,1026.37,1012.66,1019.53,131981500,vndirect_dchart_public,2026-06-08T09:01:08.169794+00:00,realty_index
2024-04-05,VNREAL,1009.66,1019.46,1004.4,1010.21,131790800,vndirect_dchart_public,2026-06-08T09:01:08.169799+00:00,realty_index
2024-04-08,VNREAL,1011.28,1011.3,998.12,1001.2,100594800,vndirect_dchart_public,2026-06-08T09:01:08.169805+00:00,realty_index
2024-04-09,VNREAL,1002.02,1009.49,995.14,1009.49,84006200,vndirect_dchart_public,2026-06-08T09:01:08.169810+00:00,realty_index
2024-04-10,VNREAL,1013.13,1022.36,1012.02,1012.85,91306500,vndirect_dchart_public,2026-06-08T09:01:08.169817+00:00,realty_index
2024-04-11,VNREAL,1011.93,1013.11,1001.08,1007.82,88826800,vndirect_dchart_public,2026-06-08T09:01:08.169824+00:00,realty_index
2024-04-12,VNREAL,1008.52,1016.34,1008.52,1016.34,82811200,vndirect_dchart_public,2026-06-08T09:01:08.169830+00:00,realty_index
2024-04-15,VNREAL,1016.22,1016.22,961.48,964.6,155718600,vndirect_dchart_public,2026-06-08T09:01:08.169835+00:00,realty_index
2024-04-16,VNREAL,963.53,963.53,926.05,955.69,159272000,vndirect_dchart_public,2026-06-08T09:01:08.169840+00:00,realty_index
2024-04-17,VNREAL,955.8,960.14,931.41,933.85,85129200,vndirect_dchart_public,2026-06-08T09:01:08.169845+00:00,realty_index
2024-04-19,VNREAL,928.56,928.56,894.36,901.47,122439000,vndirect_dchart_public,2026-06-08T09:01:08.169852+00:00,realty_index
2024-04-22,VNREAL,906.35,913.88,901.48,911.01,74772800,vndirect_dchart_public,2026-06-08T09:01:08.169857+00:00,realty_index
2024-04-23,VNREAL,912.91,912.91,889.9,890.62,70616700,vndirect_dchart_public,2026-06-08T09:01:08.169862+00:00,realty_index
2024-04-24,VNREAL,897.73,920.13,896.8,915.48,76919300,vndirect_dchart_public,2026-06-08T09:01:08.169867+00:00,realty_index
2024-04-25,VNREAL,915.49,916.56,906.86,916.03,47516500,vndirect_dchart_public,2026-06-08T09:01:08.169872+00:00,realty_index
2024-04-26,VNREAL,908.43,926.41,908.17,926.41,61989800,vndirect_dchart_public,2026-06-08T09:01:08.169884+00:00,realty_index
2024-05-02,VNREAL,923.31,931.85,915.87,931.85,52296500,vndirect_dchart_public,2026-06-08T09:01:08.169889+00:00,realty_index
2024-05-03,VNREAL,933.88,940.79,932.05,939.49,72049700,vndirect_dchart_public,2026-06-08T09:01:08.169894+00:00,realty_index
2024-05-06,VNREAL,941.67,948.65,935.67,948.65,70084400,vndirect_dchart_public,2026-06-08T09:01:08.169900+00:00,realty_index
2024-05-07,VNREAL,953.7,953.7,942.68,949.94,61912900,vndirect_dchart_public,2026-06-08T09:01:08.169905+00:00,realty_index
2024-05-08,VNREAL,945.8,948.54,934.21,948.54,73931100,vndirect_dchart_public,2026-06-08T09:01:08.169910+00:00,realty_index
2024-05-09,VNREAL,950.45,956.45,944.71,946.28,66481200,vndirect_dchart_public,2026-06-08T09:01:08.169915+00:00,realty_index
2024-05-10,VNREAL,948.44,951.42,936.28,942.25,62205100,vndirect_dchart_public,2026-06-08T09:01:08.169920+00:00,realty_index
2024-05-13,VNREAL,946.57,947.26,933.81,941.51,76115200,vndirect_dchart_public,2026-06-08T09:01:08.169926+00:00,realty_index
2024-05-14,VNREAL,962.19,962.36,946.55,947.17,64368400,vndirect_dchart_public,2026-06-08T09:01:08.169931+00:00,realty_index
2024-05-15,VNREAL,948.92,953.37,946.61,952.55,67449700,vndirect_dchart_public,2026-06-08T09:01:08.169936+00:00,realty_index
2024-05-16,VNREAL,957.36,963.02,955.81,959.97,72804200,vndirect_dchart_public,2026-06-08T09:01:08.169941+00:00,realty_index
2024-05-17,VNREAL,960.84,967.96,956.1,967.96,83071300,vndirect_dchart_public,2026-06-08T09:01:08.169946+00:00,realty_index
2024-05-20,VNREAL,974.03,976.85,965.53,966.65,89516600,vndirect_dchart_public,2026-06-08T09:01:08.169951+00:00,realty_index
2024-05-21,VNREAL,968.83,975.18,961.03,966.42,100614200,vndirect_dchart_public,2026-06-08T09:01:08.169958+00:00,realty_index
2024-05-22,VNREAL,968.03,979.18,964.66,965.45,118104800,vndirect_dchart_public,2026-06-08T09:01:08.169963+00:00,realty_index
2024-05-23,VNREAL,964.63,969.34,956.16,969.34,86313600,vndirect_dchart_public,2026-06-08T09:01:08.169968+00:00,realty_index
2024-05-24,VNREAL,969.17,969.17,936.32,946.88,133120500,vndirect_dchart_public,2026-06-08T09:01:08.169973+00:00,realty_index
2024-05-27,VNREAL,947.74,948.83,942.13,947.52,55320500,vndirect_dchart_public,2026-06-08T09:01:08.169980+00:00,realty_index
2024-05-28,VNREAL,949.49,955.2,947.16,955.2,70491900,vndirect_dchart_public,2026-06-08T09:01:08.169985+00:00,realty_index
2024-05-29,VNREAL,956.75,956.99,945.6,948.24,118823400,vndirect_dchart_public,2026-06-08T09:01:08.169990+00:00,realty_index
2024-05-30,VNREAL,946.78,946.78,931.05,937.33,96880000,vndirect_dchart_public,2026-06-08T09:01:08.169997+00:00,realty_index
2024-05-31,VNREAL,942.46,949.85,937.75,938.36,66261300,vndirect_dchart_public,2026-06-08T09:01:08.170002+00:00,realty_index
2024-06-03,VNREAL,946.16,959.33,945.79,955.35,101463300,vndirect_dchart_public,2026-06-08T09:01:08.170008+00:00,realty_index
2024-06-04,VNREAL,959.57,963.42,952.49,952.85,60951700,vndirect_dchart_public,2026-06-08T09:01:08.170013+00:00,realty_index
2024-06-05,VNREAL,953.04,960.67,950.58,950.58,88650600,vndirect_dchart_public,2026-06-08T09:01:08.170018+00:00,realty_index
2024-06-06,VNREAL,955.06,955.69,939.88,942.95,68947900,vndirect_dchart_public,2026-06-08T09:01:08.170023+00:00,realty_index
2024-06-07,VNREAL,943.17,947.87,939.69,942.31,57100400,vndirect_dchart_public,2026-06-08T09:01:08.170028+00:00,realty_index
2024-06-10,VNREAL,944.99,946.7,939.21,941.57,71272200,vndirect_dchart_public,2026-06-08T09:01:08.170033+00:00,realty_index
2024-06-11,VNREAL,942.83,943.88,926.55,931.67,83909700,vndirect_dchart_public,2026-06-08T09:01:08.170040+00:00,realty_index
2024-06-12,VNREAL,933.66,941.36,925.73,939.44,70635500,vndirect_dchart_public,2026-06-08T09:01:08.170046+00:00,realty_index
2024-06-13,VNREAL,939.62,946.09,936.7,940.4,82355800,vndirect_dchart_public,2026-06-08T09:01:08.170051+00:00,realty_index
2024-06-14,VNREAL,941.93,942.24,921.02,921.02,84503400,vndirect_dchart_public,2026-06-08T09:01:08.170056+00:00,realty_index
2024-06-17,VNREAL,925.08,925.08,914.58,915.79,75494600,vndirect_dchart_public,2026-06-08T09:01:08.170061+00:00,realty_index
2024-06-18,VNREAL,920.62,924.65,918.35,919.18,56219600,vndirect_dchart_public,2026-06-08T09:01:08.170068+00:00,realty_index
2024-06-19,VNREAL,921.55,922.25,907.55,911.11,66687800,vndirect_dchart_public,2026-06-08T09:01:08.170073+00:00,realty_index
2024-06-20,VNREAL,911.16,913.09,900.46,907.64,68119900,vndirect_dchart_public,2026-06-08T09:01:08.170078+00:00,realty_index
2024-06-21,VNREAL,906.86,907.24,898.05,903.59,71521200,vndirect_dchart_public,2026-06-08T09:01:08.170083+00:00,realty_index
2024-06-24,VNREAL,903.55,913.19,891.97,895.64,97828600,vndirect_dchart_public,2026-06-08T09:01:08.170088+00:00,realty_index
2024-06-25,VNREAL,896.33,908.25,895.86,907.14,65620700,vndirect_dchart_public,2026-06-08T09:01:08.170093+00:00,realty_index
2024-06-26,VNREAL,907.18,911.97,898.41,903.07,45716000,vndirect_dchart_public,2026-06-08T09:01:08.170099+00:00,realty_index
2024-06-27,VNREAL,901.28,904.39,897.05,903.21,47025900,vndirect_dchart_public,2026-06-08T09:01:08.170104+00:00,realty_index
2024-06-28,VNREAL,903.91,907.06,891.92,898.78,59235100,vndirect_dchart_public,2026-06-08T09:01:08.170109+00:00,realty_index
2024-07-01,VNREAL,898.9,906.32,893.84,906.32,43221400,vndirect_dchart_public,2026-06-08T09:01:08.170114+00:00,realty_index
2024-07-02,VNREAL,908.44,916.05,905.26,916.05,48789400,vndirect_dchart_public,2026-06-08T09:01:08.170119+00:00,realty_index
2024-07-03,VNREAL,916.12,916.3,907.71,913.03,69200600,vndirect_dchart_public,2026-06-08T09:01:08.170124+00:00,realty_index
2024-07-04,VNREAL,914.28,917.2,908.81,914.26,58808700,vndirect_dchart_public,2026-06-08T09:01:08.170129+00:00,realty_index
2024-07-05,VNREAL,915.11,915.18,904.46,911.54,82776400,vndirect_dchart_public,2026-06-08T09:01:08.170134+00:00,realty_index
2024-07-08,VNREAL,912.15,912.15,894.91,896.24,104020400,vndirect_dchart_public,2026-06-08T09:01:08.170139+00:00,realty_index
2024-07-09,VNREAL,896.58,902.12,895.15,901.94,69677000,vndirect_dchart_public,2026-06-08T09:01:08.170144+00:00,realty_index
2024-07-10,VNREAL,903.61,905.94,899.58,900.83,61889400,vndirect_dchart_public,2026-06-08T09:01:08.170149+00:00,realty_index
2024-07-11,VNREAL,905.77,915.75,904.99,909.49,80842800,vndirect_dchart_public,2026-06-08T09:01:08.170155+00:00,realty_index
2024-07-12,VNREAL,913.65,922.68,908.9,910.47,55323300,vndirect_dchart_public,2026-06-08T09:01:08.170160+00:00,realty_index
2024-07-15,VNREAL,910.6,915.27,901.65,904.09,60421900,vndirect_dchart_public,2026-06-08T09:01:08.170168+00:00,realty_index
2024-07-16,VNREAL,904.26,908.8,896.9,899.5,71900800,vndirect_dchart_public,2026-06-08T09:01:08.170174+00:00,realty_index
2024-07-17,VNREAL,902.03,902.26,869.89,876.25,118067100,vndirect_dchart_public,2026-06-08T09:01:08.170179+00:00,realty_index
2024-07-18,VNREAL,878.15,883.76,867.79,883.76,65404900,vndirect_dchart_public,2026-06-08T09:01:08.170184+00:00,realty_index
2024-07-19,VNREAL,886.43,889.44,873.29,878.65,55757300,vndirect_dchart_public,2026-06-08T09:01:08.170189+00:00,realty_index
2024-07-22,VNREAL,876.83,877.95,861.78,876.58,71759000,vndirect_dchart_public,2026-06-08T09:01:08.170194+00:00,realty_index
2024-07-23,VNREAL,876.33,878.13,866.74,872.05,49770400,vndirect_dchart_public,2026-06-08T09:01:08.170199+00:00,realty_index
2024-07-24,VNREAL,868.84,883.53,863.15,882.9,60089400,vndirect_dchart_public,2026-06-08T09:01:08.170204+00:00,realty_index
2024-07-25,VNREAL,880.6,890.61,876.91,883.88,54844200,vndirect_dchart_public,2026-06-08T09:01:08.170209+00:00,realty_index
2024-07-26,VNREAL,885.82,887.81,876.91,883.22,50204800,vndirect_dchart_public,2026-06-08T09:01:08.170215+00:00,realty_index
2024-07-29,VNREAL,884.83,886.07,875.7,878.96,55500200,vndirect_dchart_public,2026-06-08T09:01:08.170220+00:00,realty_index
2024-07-30,VNREAL,881.16,881.73,866.88,875.16,62714200,vndirect_dchart_public,2026-06-08T09:01:08.170225+00:00,realty_index
2024-07-31,VNREAL,876.73,881.57,871.69,874.71,58263700,vndirect_dchart_public,2026-06-08T09:01:08.170230+00:00,realty_index
2024-08-01,VNREAL,874.71,876.81,846.7,853.62,79643300,vndirect_dchart_public,2026-06-08T09:01:08.170235+00:00,realty_index
2024-08-02,VNREAL,851.95,852.83,831.93,852.83,66807700,vndirect_dchart_public,2026-06-08T09:01:08.170240+00:00,realty_index
2024-08-05,VNREAL,839.72,840.43,811.51,819.13,109022100,vndirect_dchart_public,2026-06-08T09:01:08.170245+00:00,realty_index
2024-08-06,VNREAL,827.9,831.7,813.66,831.7,77664900,vndirect_dchart_public,2026-06-08T09:01:08.170250+00:00,realty_index
2024-08-07,VNREAL,846.89,858.39,845.26,854.63,112528100,vndirect_dchart_public,2026-06-08T09:01:08.170256+00:00,realty_index
2024-08-08,VNREAL,852.87,855.7,840.58,847.31,64467500,vndirect_dchart_public,2026-06-08T09:01:08.170261+00:00,realty_index
2024-08-09,VNREAL,851.51,852.42,840.81,848.28,56335600,vndirect_dchart_public,2026-06-08T09:01:08.170289+00:00,realty_index
2024-08-12,VNREAL,846.04,846.12,837.34,841.66,46089800,vndirect_dchart_public,2026-06-08T09:01:08.170297+00:00,realty_index
2024-08-13,VNREAL,840.86,847.08,838.26,843.12,58668300,vndirect_dchart_public,2026-06-08T09:01:08.170303+00:00,realty_index
2024-08-14,VNREAL,845.0,850.22,840.41,847.52,62820300,vndirect_dchart_public,2026-06-08T09:01:08.170308+00:00,realty_index
2024-08-15,VNREAL,847.33,849.87,842.36,846.07,65343100,vndirect_dchart_public,2026-06-08T09:01:08.170314+00:00,realty_index
2024-08-16,VNREAL,846.72,874.86,846.72,873.34,152566100,vndirect_dchart_public,2026-06-08T09:01:08.170319+00:00,realty_index
2024-08-19,VNREAL,882.17,883.59,875.58,877.16,93337700,vndirect_dchart_public,2026-06-08T09:01:08.170325+00:00,realty_index
2024-08-20,VNREAL,877.87,902.99,877.01,897.61,154787300,vndirect_dchart_public,2026-06-08T09:01:08.170330+00:00,realty_index
2024-08-21,VNREAL,898.03,903.08,891.25,900.49,97909500,vndirect_dchart_public,2026-06-08T09:01:08.170338+00:00,realty_index
2024-08-22,VNREAL,900.39,910.34,896.93,903.06,112243200,vndirect_dchart_public,2026-06-08T09:01:08.170343+00:00,realty_index
2024-08-23,VNREAL,901.75,907.05,896.59,903.59,110791600,vndirect_dchart_public,2026-06-08T09:01:08.170348+00:00,realty_index
2024-08-26,VNREAL,905.43,914.84,905.43,910.47,114596400,vndirect_dchart_public,2026-06-08T09:01:08.170354+00:00,realty_index
2024-08-27,VNREAL,909.38,935.75,908.26,928.55,138755200,vndirect_dchart_public,2026-06-08T09:01:08.170359+00:00,realty_index
2024-08-28,VNREAL,932.31,935.08,915.8,920.79,119580800,vndirect_dchart_public,2026-06-08T09:01:08.170367+00:00,realty_index
2024-08-29,VNREAL,919.83,924.42,914.31,919.07,81947600,vndirect_dchart_public,2026-06-08T09:01:08.170373+00:00,realty_index
2024-08-30,VNREAL,920.83,924.71,917.97,920.25,87260000,vndirect_dchart_public,2026-06-08T09:01:08.170378+00:00,realty_index
2024-09-04,VNREAL,912.64,926.78,906.03,926.78,103259900,vndirect_dchart_public,2026-06-08T09:01:08.170383+00:00,realty_index
2024-09-05,VNREAL,928.11,946.86,928.11,932.96,113392000,vndirect_dchart_public,2026-06-08T09:01:08.170389+00:00,realty_index
2024-09-06,VNREAL,934.48,934.7,922.55,933.99,74403000,vndirect_dchart_public,2026-06-08T09:01:08.170394+00:00,realty_index
2024-09-09,VNREAL,930.47,931.33,921.99,925.36,72819800,vndirect_dchart_public,2026-06-08T09:01:08.170400+00:00,realty_index
2024-09-10,VNREAL,928.32,930.41,904.06,909.95,112816000,vndirect_dchart_public,2026-06-08T09:01:08.170407+00:00,realty_index
2024-09-11,VNREAL,906.2,908.57,891.97,906.25,144190700,vndirect_dchart_public,2026-06-08T09:01:08.170413+00:00,realty_index
2024-09-12,VNREAL,909.73,910.59,902.22,902.89,53612600,vndirect_dchart_public,2026-06-08T09:01:08.170418+00:00,realty_index
2024-09-13,VNREAL,903.8,907.06,899.0,906.92,64537000,vndirect_dchart_public,2026-06-08T09:01:08.170475+00:00,realty_index
2024-09-16,VNREAL,905.04,909.23,891.03,891.03,60933600,vndirect_dchart_public,2026-06-08T09:01:08.170480+00:00,realty_index
2024-09-17,VNREAL,891.9,914.25,890.19,914.25,107503900,vndirect_dchart_public,2026-06-08T09:01:08.170486+00:00,realty_index
2024-09-18,VNREAL,915.57,923.29,912.59,912.59,79062300,vndirect_dchart_public,2026-06-08T09:01:08.170493+00:00,realty_index
2024-09-19,VNREAL,915.46,921.02,914.36,921.02,84141800,vndirect_dchart_public,2026-06-08T09:01:08.170498+00:00,realty_index
2024-09-20,VNREAL,925.05,930.11,914.05,914.05,110117200,vndirect_dchart_public,2026-06-08T09:01:08.170504+00:00,realty_index
2024-09-23,VNREAL,916.77,917.57,908.35,909.91,58496600,vndirect_dchart_public,2026-06-08T09:01:08.170509+00:00,realty_index
2024-09-24,VNREAL,909.61,921.12,908.26,921.12,66644300,vndirect_dchart_public,2026-06-08T09:01:08.170515+00:00,realty_index
2024-09-25,VNREAL,926.08,927.34,921.35,927.19,114853900,vndirect_dchart_public,2026-06-08T09:01:08.170520+00:00,realty_index
2024-09-26,VNREAL,929.65,936.4,925.86,928.01,94370800,vndirect_dchart_public,2026-06-08T09:01:08.170526+00:00,realty_index
2024-09-27,VNREAL,933.02,933.02,919.6,923.55,109424800,vndirect_dchart_public,2026-06-08T09:01:08.170531+00:00,realty_index
2024-09-30,VNREAL,923.6,923.6,912.17,914.52,98699400,vndirect_dchart_public,2026-06-08T09:01:08.170536+00:00,realty_index
2024-10-01,VNREAL,917.36,929.93,917.26,921.87,89429700,vndirect_dchart_public,2026-06-08T09:01:08.170542+00:00,realty_index
2024-10-02,VNREAL,917.5,918.87,910.38,911.05,90251700,vndirect_dchart_public,2026-06-08T09:01:08.170547+00:00,realty_index
2024-10-03,VNREAL,909.08,912.33,888.03,888.43,147856600,vndirect_dchart_public,2026-06-08T09:01:08.170553+00:00,realty_index
2024-10-04,VNREAL,889.07,892.04,884.19,884.19,63333800,vndirect_dchart_public,2026-06-08T09:01:08.170558+00:00,realty_index
2024-10-07,VNREAL,887.67,891.47,880.08,883.17,49991300,vndirect_dchart_public,2026-06-08T09:01:08.170564+00:00,realty_index
2024-10-08,VNREAL,884.73,886.36,875.95,885.57,61750600,vndirect_dchart_public,2026-06-08T09:01:08.170571+00:00,realty_index
2024-10-09,VNREAL,887.86,896.94,887.86,896.11,48694300,vndirect_dchart_public,2026-06-08T09:01:08.170577+00:00,realty_index
2024-10-10,VNREAL,896.42,900.75,891.73,891.73,52918800,vndirect_dchart_public,2026-06-08T09:01:08.170582+00:00,realty_index
2024-10-11,VNREAL,893.62,906.22,893.25,904.63,75956400,vndirect_dchart_public,2026-06-08T09:01:08.170587+00:00,realty_index
2024-10-14,VNREAL,904.89,928.08,904.89,911.83,81037400,vndirect_dchart_public,2026-06-08T09:01:08.170595+00:00,realty_index
2024-10-15,VNREAL,912.61,915.94,899.15,899.59,93236200,vndirect_dchart_public,2026-06-08T09:01:08.170600+00:00,realty_index
2024-10-16,VNREAL,899.37,904.08,893.61,896.93,56975900,vndirect_dchart_public,2026-06-08T09:01:08.170606+00:00,realty_index
2024-10-17,VNREAL,900.99,907.05,892.11,907.05,105706700,vndirect_dchart_public,2026-06-08T09:01:08.170611+00:00,realty_index
2024-10-18,VNREAL,911.83,916.31,906.06,906.06,66540000,vndirect_dchart_public,2026-06-08T09:01:08.170616+00:00,realty_index
2024-10-21,VNREAL,907.97,923.24,907.8,917.29,92951300,vndirect_dchart_public,2026-06-08T09:01:08.170755+00:00,realty_index
2024-10-22,VNREAL,917.64,921.77,912.56,915.66,102668200,vndirect_dchart_public,2026-06-08T09:01:08.170764+00:00,realty_index
2024-10-23,VNREAL,919.66,927.28,911.68,918.85,112697300,vndirect_dchart_public,2026-06-08T09:01:08.170772+00:00,realty_index
2024-10-24,VNREAL,916.91,917.52,894.62,894.62,96003900,vndirect_dchart_public,2026-06-08T09:01:08.170779+00:00,realty_index
2024-10-25,VNREAL,900.08,900.67,890.87,892.65,102212300,vndirect_dchart_public,2026-06-08T09:01:08.170786+00:00,realty_index
2024-10-28,VNREAL,893.0,896.15,887.83,889.63,75442200,vndirect_dchart_public,2026-06-08T09:01:08.170792+00:00,realty_index
2024-10-29,VNREAL,889.68,896.03,886.8,889.27,105896000,vndirect_dchart_public,2026-06-08T09:01:08.170798+00:00,realty_index
2024-10-30,VNREAL,892.33,893.52,880.51,883.87,89373000,vndirect_dchart_public,2026-06-08T09:01:08.170803+00:00,realty_index
2024-10-31,VNREAL,886.43,888.46,878.38,885.95,71596700,vndirect_dchart_public,2026-06-08T09:01:08.170809+00:00,realty_index
2024-11-01,VNREAL,884.62,890.15,879.66,883.59,85906200,vndirect_dchart_public,2026-06-08T09:01:08.170815+00:00,realty_index
2024-11-04,VNREAL,882.79,884.4,872.42,881.44,91876300,vndirect_dchart_public,2026-06-08T09:01:08.170825+00:00,realty_index
2024-11-05,VNREAL,881.19,884.89,880.46,882.17,67098600,vndirect_dchart_public,2026-06-08T09:01:08.170831+00:00,realty_index
2024-11-06,VNREAL,882.26,895.06,882.26,895.06,88097700,vndirect_dchart_public,2026-06-08T09:01:08.170836+00:00,realty_index
2024-11-07,VNREAL,899.92,904.69,896.42,897.53,122567100,vndirect_dchart_public,2026-06-08T09:01:08.170842+00:00,realty_index
2024-11-08,VNREAL,898.64,899.02,882.86,884.36,91803000,vndirect_dchart_public,2026-06-08T09:01:08.170847+00:00,realty_index
2024-11-11,VNREAL,884.35,887.11,875.94,885.49,91978600,vndirect_dchart_public,2026-06-08T09:01:08.170853+00:00,realty_index
2024-11-12,VNREAL,886.31,892.36,880.44,881.12,74794700,vndirect_dchart_public,2026-06-08T09:01:08.170858+00:00,realty_index
2024-11-13,VNREAL,881.01,888.96,878.57,886.0,95268700,vndirect_dchart_public,2026-06-08T09:01:08.170864+00:00,realty_index
2024-11-14,VNREAL,886.27,894.77,880.11,880.66,82447800,vndirect_dchart_public,2026-06-08T09:01:08.170870+00:00,realty_index
2024-11-15,VNREAL,878.44,883.43,872.29,875.53,102216700,vndirect_dchart_public,2026-06-08T09:01:08.170875+00:00,realty_index
2024-11-18,VNREAL,875.54,877.61,861.74,874.1,89479000,vndirect_dchart_public,2026-06-08T09:01:08.170881+00:00,realty_index
2024-11-19,VNREAL,875.07,881.56,872.45,874.13,85040400,vndirect_dchart_public,2026-06-08T09:01:08.170886+00:00,realty_index
2024-11-20,VNREAL,874.24,896.22,872.64,889.95,162785800,vndirect_dchart_public,2026-06-08T09:01:08.170892+00:00,realty_index
2024-11-21,VNREAL,889.84,894.52,887.15,893.31,86628800,vndirect_dchart_public,2026-06-08T09:01:08.170897+00:00,realty_index
2024-11-22,VNREAL,893.02,893.02,879.81,880.79,75794800,vndirect_dchart_public,2026-06-08T09:01:08.170903+00:00,realty_index
2024-11-25,VNREAL,881.51,891.98,880.89,891.98,70647500,vndirect_dchart_public,2026-06-08T09:01:08.170908+00:00,realty_index
2024-11-26,VNREAL,891.63,904.57,891.52,896.8,105834500,vndirect_dchart_public,2026-06-08T09:01:08.170913+00:00,realty_index
2024-11-27,VNREAL,896.58,899.98,890.93,891.88,62212000,vndirect_dchart_public,2026-06-08T09:01:08.170922+00:00,realty_index
2024-11-28,VNREAL,896.98,898.17,885.0,886.59,64905800,vndirect_dchart_public,2026-06-08T09:01:08.170927+00:00,realty_index
2024-11-29,VNREAL,885.91,887.58,881.18,884.49,67236900,vndirect_dchart_public,2026-06-08T09:01:08.170932+00:00,realty_index
2024-12-02,VNREAL,887.46,889.84,880.65,882.67,61718800,vndirect_dchart_public,2026-06-08T09:01:08.170940+00:00,realty_index
2024-12-03,VNREAL,882.68,886.09,879.38,882.26,67464100,vndirect_dchart_public,2026-06-08T09:01:08.170946+00:00,realty_index
2024-12-04,VNREAL,881.09,882.99,871.93,871.93,88848100,vndirect_dchart_public,2026-06-08T09:01:08.170951+00:00,realty_index
2024-12-05,VNREAL,878.11,898.88,874.81,896.9,127453500,vndirect_dchart_public,2026-06-08T09:01:08.170957+00:00,realty_index
2024-12-06,VNREAL,896.86,905.18,895.43,899.22,83298900,vndirect_dchart_public,2026-06-08T09:01:08.171000+00:00,realty_index
2024-12-09,VNREAL,900.53,909.55,900.12,903.54,104778200,vndirect_dchart_public,2026-06-08T09:01:08.171009+00:00,realty_index
2024-12-10,VNREAL,903.43,906.5,895.29,896.72,83566300,vndirect_dchart_public,2026-06-08T09:01:08.171015+00:00,realty_index
2024-12-11,VNREAL,896.72,900.64,891.26,895.06,73898400,vndirect_dchart_public,2026-06-08T09:01:08.171020+00:00,realty_index
2024-12-12,VNREAL,895.23,899.47,891.31,891.5,67146600,vndirect_dchart_public,2026-06-08T09:01:08.171026+00:00,realty_index
2024-12-13,VNREAL,890.95,890.95,885.85,887.6,53435300,vndirect_dchart_public,2026-06-08T09:01:08.171031+00:00,realty_index
2024-12-16,VNREAL,887.53,892.99,886.18,889.87,50051100,vndirect_dchart_public,2026-06-08T09:01:08.171036+00:00,realty_index
2024-12-17,VNREAL,890.7,893.56,888.0,890.95,56068100,vndirect_dchart_public,2026-06-08T09:01:08.171041+00:00,realty_index
2024-12-18,VNREAL,891.46,894.67,889.15,890.75,58185700,vndirect_dchart_public,2026-06-08T09:01:08.171047+00:00,realty_index
2024-12-19,VNREAL,890.56,890.56,877.94,881.93,95459800,vndirect_dchart_public,2026-06-08T09:01:08.171052+00:00,realty_index
2024-12-20,VNREAL,883.37,885.87,881.18,883.15,76720300,vndirect_dchart_public,2026-06-08T09:01:08.171057+00:00,realty_index
2024-12-23,VNREAL,887.32,891.21,885.52,887.04,55840700,vndirect_dchart_public,2026-06-08T09:01:08.171062+00:00,realty_index
2024-12-24,VNREAL,885.33,885.75,874.39,880.35,136359700,vndirect_dchart_public,2026-06-08T09:01:08.171067+00:00,realty_index
2024-12-25,VNREAL,880.12,888.04,880.11,885.98,104029000,vndirect_dchart_public,2026-06-08T09:01:08.171073+00:00,realty_index
2024-12-26,VNREAL,887.36,892.08,885.31,885.31,84162000,vndirect_dchart_public,2026-06-08T09:01:08.171078+00:00,realty_index
2024-12-27,VNREAL,885.16,887.7,880.4,880.4,79100500,vndirect_dchart_public,2026-06-08T09:01:08.171085+00:00,realty_index
2024-12-30,VNREAL,880.44,882.33,877.45,880.45,86513400,vndirect_dchart_public,2026-06-08T09:01:08.171091+00:00,realty_index
2024-12-31,VNREAL,881.08,881.08,875.22,878.58,51542800,vndirect_dchart_public,2026-06-08T09:01:08.171096+00:00,realty_index
2025-01-02,VNREAL,878.57,881.05,874.77,877.67,49531500,vndirect_dchart_public,2026-06-08T09:01:08.171101+00:00,realty_index
2025-01-03,VNREAL,877.63,878.28,870.57,873.73,72046400,vndirect_dchart_public,2026-06-08T09:01:08.171106+00:00,realty_index
2025-01-06,VNREAL,874.41,875.65,864.98,867.76,67735600,vndirect_dchart_public,2026-06-08T09:01:08.171111+00:00,realty_index
2025-01-07,VNREAL,867.18,869.13,859.87,863.87,78834200,vndirect_dchart_public,2026-06-08T09:01:08.171117+00:00,realty_index
2025-01-08,VNREAL,862.6,867.84,858.65,867.84,53120300,vndirect_dchart_public,2026-06-08T09:01:08.171122+00:00,realty_index
2025-01-09,VNREAL,867.89,876.44,867.06,869.84,34625600,vndirect_dchart_public,2026-06-08T09:01:08.171144+00:00,realty_index
2025-01-10,VNREAL,870.08,873.66,859.15,859.15,59635600,vndirect_dchart_public,2026-06-08T09:01:08.171156+00:00,realty_index
2025-01-13,VNREAL,855.19,860.55,846.38,860.55,58781800,vndirect_dchart_public,2026-06-08T09:01:08.171167+00:00,realty_index
2025-01-14,VNREAL,859.2,859.76,851.6,855.22,56811500,vndirect_dchart_public,2026-06-08T09:01:08.171172+00:00,realty_index
2025-01-15,VNREAL,857.8,862.35,857.6,862.35,52750200,vndirect_dchart_public,2026-06-08T09:01:08.171177+00:00,realty_index
2025-01-16,VNREAL,863.29,868.63,859.97,864.16,52501500,vndirect_dchart_public,2026-06-08T09:01:08.171185+00:00,realty_index
2025-01-17,VNREAL,865.68,866.32,862.13,866.32,51908000,vndirect_dchart_public,2026-06-08T09:01:08.171190+00:00,realty_index
2025-01-20,VNREAL,865.36,866.87,860.99,863.04,44870700,vndirect_dchart_public,2026-06-08T09:01:08.171195+00:00,realty_index
2025-01-21,VNREAL,863.97,865.36,858.47,860.97,48837200,vndirect_dchart_public,2026-06-08T09:01:08.171203+00:00,realty_index
2025-01-22,VNREAL,861.06,861.94,853.82,854.82,59523700,vndirect_dchart_public,2026-06-08T09:01:08.171208+00:00,realty_index
2025-01-23,VNREAL,854.82,864.48,854.54,860.78,52231100,vndirect_dchart_public,2026-06-08T09:01:08.171213+00:00,realty_index
2025-01-24,VNREAL,861.23,865.11,858.8,864.58,59961000,vndirect_dchart_public,2026-06-08T09:01:08.171271+00:00,realty_index
2025-02-03,VNREAL,860.85,861.12,853.08,858.44,51329100,vndirect_dchart_public,2026-06-08T09:01:08.171293+00:00,realty_index
2025-02-04,VNREAL,858.83,860.88,854.66,860.88,57341800,vndirect_dchart_public,2026-06-08T09:01:08.171300+00:00,realty_index
2025-02-05,VNREAL,864.3,875.17,863.52,866.87,82343500,vndirect_dchart_public,2026-06-08T09:01:08.171305+00:00,realty_index
2025-02-06,VNREAL,869.49,870.18,861.85,865.8,49175600,vndirect_dchart_public,2026-06-08T09:01:08.171310+00:00,realty_index
2025-02-07,VNREAL,865.9,867.99,864.11,865.94,57595500,vndirect_dchart_public,2026-06-08T09:01:08.171316+00:00,realty_index
2025-02-10,VNREAL,862.54,862.54,850.12,850.12,66893500,vndirect_dchart_public,2026-06-08T09:01:08.171321+00:00,realty_index
2025-02-11,VNREAL,850.72,851.46,847.45,850.48,53625600,vndirect_dchart_public,2026-06-08T09:01:08.171326+00:00,realty_index
2025-02-12,VNREAL,852.65,855.59,850.13,850.79,51387400,vndirect_dchart_public,2026-06-08T09:01:08.171332+00:00,realty_index
2025-02-13,VNREAL,851.02,854.87,847.71,854.31,45926400,vndirect_dchart_public,2026-06-08T09:01:08.171337+00:00,realty_index
2025-02-14,VNREAL,854.6,860.99,854.6,857.73,60850800,vndirect_dchart_public,2026-06-08T09:01:08.171342+00:00,realty_index
2025-02-17,VNREAL,858.29,862.16,857.29,858.03,61409400,vndirect_dchart_public,2026-06-08T09:01:08.171348+00:00,realty_index
2025-02-18,VNREAL,859.29,868.49,858.55,862.51,64436600,vndirect_dchart_public,2026-06-08T09:01:08.171353+00:00,realty_index
2025-02-19,VNREAL,862.94,875.74,862.94,875.74,117247200,vndirect_dchart_public,2026-06-08T09:01:08.171358+00:00,realty_index
2025-02-20,VNREAL,878.61,887.59,877.94,883.53,90114600,vndirect_dchart_public,2026-06-08T09:01:08.171363+00:00,realty_index
2025-02-21,VNREAL,883.55,884.39,876.87,878.55,73568400,vndirect_dchart_public,2026-06-08T09:01:08.171368+00:00,realty_index
2025-02-24,VNREAL,875.99,881.04,873.47,881.04,72443600,vndirect_dchart_public,2026-06-08T09:01:08.171374+00:00,realty_index
2025-02-25,VNREAL,883.42,892.46,882.03,883.39,79109900,vndirect_dchart_public,2026-06-08T09:01:08.171379+00:00,realty_index
2025-02-26,VNREAL,885.51,887.54,881.08,882.59,66466500,vndirect_dchart_public,2026-06-08T09:01:08.171384+00:00,realty_index
2025-02-27,VNREAL,883.53,891.31,879.71,891.31,93576700,vndirect_dchart_public,2026-06-08T09:01:08.171389+00:00,realty_index
2025-02-28,VNREAL,892.65,898.88,889.23,896.12,105311900,vndirect_dchart_public,2026-06-08T09:01:08.171396+00:00,realty_index
2025-03-03,VNREAL,896.29,909.9,896.16,907.89,80450800,vndirect_dchart_public,2026-06-08T09:01:08.171402+00:00,realty_index
2025-03-04,VNREAL,908.42,913.8,903.56,906.57,114979800,vndirect_dchart_public,2026-06-08T09:01:08.171407+00:00,realty_index
2025-03-05,VNREAL,907.89,912.45,904.61,904.64,87332400,vndirect_dchart_public,2026-06-08T09:01:08.171415+00:00,realty_index
2025-03-06,VNREAL,906.76,912.88,905.77,912.88,82108000,vndirect_dchart_public,2026-06-08T09:01:08.171420+00:00,realty_index
2025-03-07,VNREAL,914.5,939.72,914.49,932.7,134863100,vndirect_dchart_public,2026-06-08T09:01:08.171426+00:00,realty_index
2025-03-10,VNREAL,938.76,950.5,936.46,941.88,101473000,vndirect_dchart_public,2026-06-08T09:01:08.171431+00:00,realty_index
2025-03-11,VNREAL,931.42,943.76,927.9,943.76,95839200,vndirect_dchart_public,2026-06-08T09:01:08.171436+00:00,realty_index
2025-03-12,VNREAL,945.07,952.17,944.64,951.15,131035900,vndirect_dchart_public,2026-06-08T09:01:08.171441+00:00,realty_index
2025-03-13,VNREAL,951.49,976.89,946.64,965.12,161897900,vndirect_dchart_public,2026-06-08T09:01:08.171446+00:00,realty_index
2025-03-14,VNREAL,966.16,980.68,966.1,970.27,126082600,vndirect_dchart_public,2026-06-08T09:01:08.171452+00:00,realty_index
2025-03-17,VNREAL,974.83,980.12,964.09,980.12,123871400,vndirect_dchart_public,2026-06-08T09:01:08.171457+00:00,realty_index
2025-03-18,VNREAL,981.74,987.13,967.49,967.87,101942700,vndirect_dchart_public,2026-06-08T09:01:08.171462+00:00,realty_index
2025-03-19,VNREAL,962.0,972.74,952.02,971.28,108872400,vndirect_dchart_public,2026-06-08T09:01:08.171468+00:00,realty_index
2025-03-20,VNREAL,973.94,981.81,960.94,967.13,84334200,vndirect_dchart_public,2026-06-08T09:01:08.171472+00:00,realty_index
2025-03-21,VNREAL,965.65,977.05,962.74,976.97,101416200,vndirect_dchart_public,2026-06-08T09:01:08.171477+00:00,realty_index
2025-03-24,VNREAL,976.04,1008.7,974.81,1008.7,128613500,vndirect_dchart_public,2026-06-08T09:01:08.171482+00:00,realty_index
2025-03-25,VNREAL,1008.72,1027.94,1008.72,1015.65,119344700,vndirect_dchart_public,2026-06-08T09:01:08.171487+00:00,realty_index
2025-03-26,VNREAL,1020.78,1023.63,1003.17,1012.96,92935000,vndirect_dchart_public,2026-06-08T09:01:08.171491+00:00,realty_index
2025-03-27,VNREAL,1014.4,1020.75,1006.69,1011.36,69539500,vndirect_dchart_public,2026-06-08T09:01:08.171496+00:00,realty_index
2025-03-28,VNREAL,1011.56,1018.01,1008.07,1013.38,78711300,vndirect_dchart_public,2026-06-08T09:01:08.171502+00:00,realty_index
2025-03-31,VNREAL,1009.05,1020.34,1007.31,1011.51,117166300,vndirect_dchart_public,2026-06-08T09:01:08.171508+00:00,realty_index
2025-04-01,VNREAL,1016.97,1037.37,1016.39,1030.94,78143800,vndirect_dchart_public,2026-06-08T09:01:08.171519+00:00,realty_index
2025-04-02,VNREAL,1035.79,1039.54,1028.29,1031.07,102754000,vndirect_dchart_public,2026-06-08T09:01:08.171527+00:00,realty_index
2025-04-03,VNREAL,990.77,1002.26,961.71,961.85,170340000,vndirect_dchart_public,2026-06-08T09:01:08.171537+00:00,realty_index
2025-04-04,VNREAL,946.6,955.62,905.94,953.21,212573200,vndirect_dchart_public,2026-06-08T09:01:08.171546+00:00,realty_index
2025-04-08,VNREAL,921.22,923.87,890.61,895.29,106746800,vndirect_dchart_public,2026-06-08T09:01:08.171554+00:00,realty_index
2025-04-09,VNREAL,890.02,899.92,855.32,889.08,174431100,vndirect_dchart_public,2026-06-08T09:01:08.171561+00:00,realty_index
2025-04-10,VNREAL,947.37,948.53,946.93,948.52,46350500,vndirect_dchart_public,2026-06-08T09:01:08.171565+00:00,realty_index
2025-04-11,VNREAL,943.24,987.86,938.24,987.01,223921100,vndirect_dchart_public,2026-06-08T09:01:08.171571+00:00,realty_index
2025-04-14,VNREAL,1002.31,1031.88,996.78,1030.47,123160700,vndirect_dchart_public,2026-06-08T09:01:08.171575+00:00,realty_index
2025-04-15,VNREAL,1029.65,1055.24,1021.92,1021.92,134161100,vndirect_dchart_public,2026-06-08T09:01:08.171580+00:00,realty_index
2025-04-16,VNREAL,1021.61,1030.25,989.3,998.62,115609000,vndirect_dchart_public,2026-06-08T09:01:08.171585+00:00,realty_index
2025-04-17,VNREAL,988.76,1014.99,981.19,1014.99,90749200,vndirect_dchart_public,2026-06-08T09:01:08.171590+00:00,realty_index
2025-04-18,VNREAL,1022.3,1023.57,981.72,986.9,110214000,vndirect_dchart_public,2026-06-08T09:01:08.171596+00:00,realty_index
2025-04-21,VNREAL,987.08,995.21,955.21,965.81,89110700,vndirect_dchart_public,2026-06-08T09:01:08.171601+00:00,realty_index
2025-04-22,VNREAL,963.67,966.37,912.94,952.66,169315900,vndirect_dchart_public,2026-06-08T09:01:08.171606+00:00,realty_index
2025-04-23,VNREAL,958.94,974.51,952.5,970.69,128634800,vndirect_dchart_public,2026-06-08T09:01:08.171611+00:00,realty_index
2025-04-24,VNREAL,973.45,1011.4,971.41,1009.27,99099800,vndirect_dchart_public,2026-06-08T09:01:08.171680+00:00,realty_index
2025-04-25,VNREAL,1009.24,1032.52,1009.24,1032.52,88911600,vndirect_dchart_public,2026-06-08T09:01:08.171715+00:00,realty_index
2025-04-28,VNREAL,1032.64,1035.89,1019.38,1019.38,70231200,vndirect_dchart_public,2026-06-08T09:01:08.171721+00:00,realty_index
2025-04-29,VNREAL,1015.14,1024.67,993.35,1023.2,89721000,vndirect_dchart_public,2026-06-08T09:01:08.171726+00:00,realty_index
2025-05-05,VNREAL,1023.2,1049.31,1031.08,1054.26,67982338,vndirect_dchart_public,2026-06-08T09:01:08.171731+00:00,realty_index
2025-05-06,VNREAL,1062.37,1064.62,1013.52,1056.19,92674424,vndirect_dchart_public,2026-06-08T09:01:08.171736+00:00,realty_index
2025-05-07,VNREAL,1056.19,1087.51,1052.74,1085.61,110362133,vndirect_dchart_public,2026-06-08T09:01:08.171741+00:00,realty_index
2025-05-08,VNREAL,1085.61,1117.54,917.77,1115.03,99809083,vndirect_dchart_public,2026-06-08T09:01:08.171746+00:00,realty_index
2025-05-09,VNREAL,1115.03,1139.84,876.07,1105.12,90878261,vndirect_dchart_public,2026-06-08T09:01:08.171750+00:00,realty_index
2025-05-12,VNREAL,1105.12,1125.82,961.96,1123.23,78944544,vndirect_dchart_public,2026-06-08T09:01:08.171755+00:00,realty_index
2025-05-13,VNREAL,1123.23,1134.3,988.43,1128.14,95030589,vndirect_dchart_public,2026-06-08T09:01:08.171760+00:00,realty_index
2025-05-14,VNREAL,1128.14,1140.35,1118.14,1121.67,97219945,vndirect_dchart_public,2026-06-08T09:01:08.171765+00:00,realty_index
2025-05-15,VNREAL,1121.67,1123.19,965.16,1107.52,114502895,vndirect_dchart_public,2026-06-08T09:01:08.171804+00:00,realty_index
2025-05-16,VNREAL,1107.52,1115.47,1099.35,1109.28,101372690,vndirect_dchart_public,2026-06-08T09:01:08.171809+00:00,realty_index
2025-05-19,VNREAL,1109.28,1146.79,1105.03,1139.89,103651010,vndirect_dchart_public,2026-06-08T09:01:08.171814+00:00,realty_index
2025-05-20,VNREAL,1139.89,1189.6,1139.89,1189.47,102898794,vndirect_dchart_public,2026-06-08T09:01:08.171819+00:00,realty_index
2025-05-21,VNREAL,1189.47,1238.91,1189.26,1214.32,98653970,vndirect_dchart_public,2026-06-08T09:01:08.171824+00:00,realty_index
2025-05-22,VNREAL,1214.32,1248.18,1203.89,1206.78,100964531,vndirect_dchart_public,2026-06-08T09:01:08.171828+00:00,realty_index
2025-05-23,VNREAL,1206.78,1229.34,1198.35,1212.3,74425454,vndirect_dchart_public,2026-06-08T09:01:08.171833+00:00,realty_index
2025-05-26,VNREAL,1212.3,1249.23,1164.92,1248.33,126999581,vndirect_dchart_public,2026-06-08T09:01:08.171838+00:00,realty_index
2025-05-27,VNREAL,1248.33,1262.43,1228.79,1261.9,160540789,vndirect_dchart_public,2026-06-08T09:01:08.171843+00:00,realty_index
2025-05-28,VNREAL,1261.9,1286.12,1252.77,1280.31,126131684,vndirect_dchart_public,2026-06-08T09:01:08.171850+00:00,realty_index
2025-05-29,VNREAL,1280.31,1298.14,1274.11,1294.97,136461914,vndirect_dchart_public,2026-06-08T09:01:08.171855+00:00,realty_index
2025-05-30,VNREAL,1294.97,1303.81,1285.68,1298.2,105517532,vndirect_dchart_public,2026-06-08T09:01:08.171860+00:00,realty_index
2025-06-02,VNREAL,1298.2,1312.14,1272.15,1301.25,168049699,vndirect_dchart_public,2026-06-08T09:01:08.171865+00:00,realty_index
2025-06-03,VNREAL,1301.25,1309.55,1286.63,1304.48,125836775,vndirect_dchart_public,2026-06-08T09:01:08.171870+00:00,realty_index
2025-06-04,VNREAL,1304.48,1307.6,1292.77,1305.78,161040443,vndirect_dchart_public,2026-06-08T09:01:08.171875+00:00,realty_index
2025-06-05,VNREAL,1305.78,1307.77,1281.63,1301.63,126975410,vndirect_dchart_public,2026-06-08T09:01:08.171881+00:00,realty_index
2025-06-06,VNREAL,1301.63,1302.24,1269.2,1286.04,131037910,vndirect_dchart_public,2026-06-08T09:01:08.171886+00:00,realty_index
2025-06-09,VNREAL,1286.04,1286.06,1227.4,1228.9,103966781,vndirect_dchart_public,2026-06-08T09:01:08.171891+00:00,realty_index
2025-06-10,VNREAL,1228.9,1250.94,1188.31,1240.76,104586035,vndirect_dchart_public,2026-06-08T09:01:08.171896+00:00,realty_index
2025-06-11,VNREAL,1240.76,1254.97,1198.64,1233.21,75237385,vndirect_dchart_public,2026-06-08T09:01:08.171901+00:00,realty_index
2025-06-12,VNREAL,1233.21,1244.32,1195.51,1212.67,95365096,vndirect_dchart_public,2026-06-08T09:01:08.171906+00:00,realty_index
2025-06-13,VNREAL,1212.67,1220.08,1157.6,1190.74,159452870,vndirect_dchart_public,2026-06-08T09:01:08.171910+00:00,realty_index
2025-06-16,VNREAL,1190.74,1195.26,1146.87,1192.05,91491470,vndirect_dchart_public,2026-06-08T09:01:08.171915+00:00,realty_index
2025-06-17,VNREAL,1192.05,1237.32,1188.47,1215.54,103824666,vndirect_dchart_public,2026-06-08T09:01:08.171920+00:00,realty_index
2025-06-18,VNREAL,1215.54,1225.94,1207.98,1223.05,81978823,vndirect_dchart_public,2026-06-08T09:01:08.171925+00:00,realty_index
2025-06-19,VNREAL,1223.05,1238.13,1215.94,1231.67,89080533,vndirect_dchart_public,2026-06-08T09:01:08.171931+00:00,realty_index
2025-06-20,VNREAL,1231.67,1233.66,1183.38,1214.02,95426859,vndirect_dchart_public,2026-06-08T09:01:08.171936+00:00,realty_index
2025-06-23,VNREAL,1214.02,1255.99,1196.53,1255.99,76812482,vndirect_dchart_public,2026-06-08T09:01:08.171946+00:00,realty_index
2025-06-24,VNREAL,1255.99,1295.5,1255.99,1285.65,105834892,vndirect_dchart_public,2026-06-08T09:01:08.171952+00:00,realty_index
2025-06-25,VNREAL,1285.65,1296.4,1268.05,1288.14,90695230,vndirect_dchart_public,2026-06-08T09:01:08.171957+00:00,realty_index
2025-06-26,VNREAL,1288.14,1296.5,1272.35,1275.74,66161863,vndirect_dchart_public,2026-06-08T09:01:08.171961+00:00,realty_index
2025-06-27,VNREAL,1275.74,1287.65,1259.64,1284.02,84442124,vndirect_dchart_public,2026-06-08T09:01:08.171966+00:00,realty_index
2025-06-30,VNREAL,1284.02,1290.34,1281.22,1289.76,82788950,vndirect_dchart_public,2026-06-08T09:01:08.171970+00:00,realty_index
2025-07-01,VNREAL,1289.76,1295.46,1266.93,1284.47,85695934,vndirect_dchart_public,2026-06-08T09:01:08.171975+00:00,realty_index
2025-07-02,VNREAL,1284.47,1288.47,1268.18,1287.85,73753065,vndirect_dchart_public,2026-06-08T09:01:08.171979+00:00,realty_index
2025-07-03,VNREAL,1287.85,1289.93,1275.17,1282.41,124394359,vndirect_dchart_public,2026-06-08T09:01:08.171984+00:00,realty_index
2025-07-04,VNREAL,1282.41,1285.6,1269.78,1275.03,118579496,vndirect_dchart_public,2026-06-08T09:01:08.171989+00:00,realty_index
2025-07-07,VNREAL,1275.03,1293.47,1270.67,1290.61,118645184,vndirect_dchart_public,2026-06-08T09:01:08.171993+00:00,realty_index
2025-07-08,VNREAL,1290.61,1312.88,1290.61,1305.82,131788711,vndirect_dchart_public,2026-06-08T09:01:08.171997+00:00,realty_index
2025-07-09,VNREAL,1305.82,1332.22,1305.82,1332.22,162551161,vndirect_dchart_public,2026-06-08T09:01:08.172002+00:00,realty_index
2025-07-10,VNREAL,1332.22,1387.99,1332.22,1384.6,140495506,vndirect_dchart_public,2026-06-08T09:01:08.172006+00:00,realty_index
2025-07-11,VNREAL,1384.6,1425.04,1384.6,1416.37,162931367,vndirect_dchart_public,2026-06-08T09:01:08.172011+00:00,realty_index
2025-07-14,VNREAL,1416.37,1461.4,1415.66,1454.57,224944189,vndirect_dchart_public,2026-06-08T09:01:08.172015+00:00,realty_index
2025-07-15,VNREAL,1454.57,1467.9,1439.33,1441.81,174227959,vndirect_dchart_public,2026-06-08T09:01:08.172020+00:00,realty_index
2025-07-16,VNREAL,1441.81,1484.23,1431.57,1476.71,165710340,vndirect_dchart_public,2026-06-08T09:01:08.172024+00:00,realty_index
2025-07-17,VNREAL,1476.71,1541.28,1476.71,1535.66,214218335,vndirect_dchart_public,2026-06-08T09:01:08.172029+00:00,realty_index
2025-07-18,VNREAL,1535.66,1565.1,1496.53,1530.26,204539536,vndirect_dchart_public,2026-06-08T09:01:08.172033+00:00,realty_index
2025-07-21,VNREAL,1530.26,1545.34,1465.42,1477.52,172966179,vndirect_dchart_public,2026-06-08T09:01:08.172039+00:00,realty_index
2025-07-22,VNREAL,1477.52,1527.65,1467.89,1527.65,145054145,vndirect_dchart_public,2026-06-08T09:01:08.172046+00:00,realty_index
2025-07-23,VNREAL,1527.65,1545.19,1501.13,1504.26,139492526,vndirect_dchart_public,2026-06-08T09:01:08.172051+00:00,realty_index
2025-07-24,VNREAL,1504.26,1520.26,1465.08,1517.12,137416457,vndirect_dchart_public,2026-06-08T09:01:08.172055+00:00,realty_index
2025-07-25,VNREAL,1517.12,1534.63,1495.51,1522.27,142893983,vndirect_dchart_public,2026-06-08T09:01:08.172059+00:00,realty_index
2025-07-28,VNREAL,1522.27,1561.77,1510.85,1554.5,225590081,vndirect_dchart_public,2026-06-08T09:01:08.172064+00:00,realty_index
2025-07-29,VNREAL,1554.5,1566.14,1490.66,1497.43,291190077,vndirect_dchart_public,2026-06-08T09:01:08.172068+00:00,realty_index
2025-07-30,VNREAL,1497.43,1511.27,1459.15,1485.67,180500459,vndirect_dchart_public,2026-06-08T09:01:08.172073+00:00,realty_index
2025-07-31,VNREAL,1485.67,1500.01,1449.37,1475.2,208488230,vndirect_dchart_public,2026-06-08T09:01:08.172077+00:00,realty_index
2025-08-01,VNREAL,1475.2,1499.03,1417.51,1469.75,130535491,vndirect_dchart_public,2026-06-08T09:01:08.172082+00:00,realty_index
2025-08-04,VNREAL,1469.75,1526.86,1464.79,1523.03,123679352,vndirect_dchart_public,2026-06-08T09:01:08.172086+00:00,realty_index
2025-08-05,VNREAL,1523.03,1599.23,1523.03,1572.79,263266974,vndirect_dchart_public,2026-06-08T09:01:08.172091+00:00,realty_index
2025-08-06,VNREAL,1572.79,1590.22,1548.77,1586.7,119238085,vndirect_dchart_public,2026-06-08T09:01:08.172095+00:00,realty_index
2025-08-07,VNREAL,1586.7,1611.52,1562.86,1571.57,166156491,vndirect_dchart_public,2026-06-08T09:01:08.172100+00:00,realty_index
2025-08-08,VNREAL,1571.57,1592.52,1555.75,1588.45,229627807,vndirect_dchart_public,2026-06-08T09:01:08.172104+00:00,realty_index
2025-08-11,VNREAL,1588.45,1604.84,1574.58,1580.24,192288746,vndirect_dchart_public,2026-06-08T09:01:08.172108+00:00,realty_index
2025-08-12,VNREAL,1579.71,1589.88,1561.21,1586.46,188638557,vndirect_dchart_public,2026-06-08T09:01:08.172113+00:00,realty_index
2025-08-13,VNREAL,1587.22,1600.42,1570.18,1600.42,218238043,vndirect_dchart_public,2026-06-08T09:01:08.172117+00:00,realty_index
2025-08-14,VNREAL,1606.56,1622.26,1592.96,1619.49,179072712,vndirect_dchart_public,2026-06-08T09:01:08.172122+00:00,realty_index
2025-08-15,VNREAL,1621.24,1675.4,1541.35,1607.22,198440263,vndirect_dchart_public,2026-06-08T09:01:08.172126+00:00,realty_index
2025-08-18,VNREAL,1606.33,1618.02,1585.57,1617.63,196524613,vndirect_dchart_public,2026-06-08T09:01:08.172132+00:00,realty_index
2025-08-19,VNREAL,1623.49,1646.79,1598.07,1626.26,252008601,vndirect_dchart_public,2026-06-08T09:01:08.172146+00:00,realty_index
2025-08-20,VNREAL,1632.41,1675.44,1597.63,1672.96,245883393,vndirect_dchart_public,2026-06-08T09:01:08.172152+00:00,realty_index
2025-08-21,VNREAL,1657.06,1678.68,1630.76,1669.09,170966886,vndirect_dchart_public,2026-06-08T09:01:08.172156+00:00,realty_index
2025-08-22,VNREAL,1661.77,1672.78,1617.49,1647.04,268842308,vndirect_dchart_public,2026-06-08T09:01:08.172161+00:00,realty_index
2025-08-25,VNREAL,1653.21,1703.4,1641.55,1672.48,135142169,vndirect_dchart_public,2026-06-08T09:01:08.172165+00:00,realty_index
2025-08-26,VNREAL,1671.73,1755.82,1638.51,1746.04,126294537,vndirect_dchart_public,2026-06-08T09:01:08.172170+00:00,realty_index
2025-08-27,VNREAL,1749.24,1761.69,1718.39,1732.6,205162362,vndirect_dchart_public,2026-06-08T09:01:08.172174+00:00,realty_index
2025-08-28,VNREAL,1736.22,1745.25,1703.42,1725.92,105230208,vndirect_dchart_public,2026-06-08T09:01:08.172179+00:00,realty_index
2025-08-29,VNREAL,1734.93,1741.95,1699.76,1715.09,154860644,vndirect_dchart_public,2026-06-08T09:01:08.172185+00:00,realty_index
2025-09-03,VNREAL,1702.54,1726.8,1682.71,1701.99,166874568,vndirect_dchart_public,2026-06-08T09:01:08.172190+00:00,realty_index
2025-09-04,VNREAL,1705.48,1713.3,1678.8,1701.73,123634233,vndirect_dchart_public,2026-06-08T09:01:08.172194+00:00,realty_index
2025-09-05,VNREAL,1701.8,1744.71,1645.23,1686.96,199806413,vndirect_dchart_public,2026-06-08T09:01:08.172201+00:00,realty_index
2025-09-08,VNREAL,1682.59,1702.2,1668.39,1672.57,187454168,vndirect_dchart_public,2026-06-08T09:01:08.172206+00:00,realty_index
2025-09-09,VNREAL,1674.38,1702.59,1667.73,1702.59,111926735,vndirect_dchart_public,2026-06-08T09:01:08.172210+00:00,realty_index
2025-09-10,VNREAL,1704.88,1724.91,1682.19,1709.51,83559667,vndirect_dchart_public,2026-06-08T09:01:08.172215+00:00,realty_index
2025-09-11,VNREAL,1698.3,1759.2,1677.74,1756.71,128751725,vndirect_dchart_public,2026-06-08T09:01:08.172219+00:00,realty_index
2025-09-12,VNREAL,1750.67,1810.8,1733.18,1771.65,111411832,vndirect_dchart_public,2026-06-08T09:01:08.172224+00:00,realty_index
2025-09-15,VNREAL,1768.01,1775.82,1726.41,1774.66,90154365,vndirect_dchart_public,2026-06-08T09:01:08.172228+00:00,realty_index
2025-09-16,VNREAL,1781.84,1782.67,1726.91,1742.91,108324215,vndirect_dchart_public,2026-06-08T09:01:08.172233+00:00,realty_index
2025-09-17,VNREAL,1730.6,1788.0,1729.13,1774.56,123283015,vndirect_dchart_public,2026-06-08T09:01:08.172239+00:00,realty_index
2025-09-18,VNREAL,1781.41,1824.79,1703.8,1786.21,112111431,vndirect_dchart_public,2026-06-08T09:01:08.172244+00:00,realty_index
2025-09-19,VNREAL,1792.57,1824.74,1696.66,1816.6,122141095,vndirect_dchart_public,2026-06-08T09:01:08.172248+00:00,realty_index
2025-09-22,VNREAL,1801.13,1821.91,1725.49,1780.26,140714048,vndirect_dchart_public,2026-06-08T09:01:08.172253+00:00,realty_index
2025-09-23,VNREAL,1769.57,1785.49,1725.29,1773.83,64878963,vndirect_dchart_public,2026-06-08T09:01:08.172257+00:00,realty_index
2025-09-24,VNREAL,1768.08,1790.82,1725.77,1781.1,114020843,vndirect_dchart_public,2026-06-08T09:01:08.172262+00:00,realty_index
2025-09-25,VNREAL,1783.95,1836.3,1770.07,1836.3,156681173,vndirect_dchart_public,2026-06-08T09:01:08.172266+00:00,realty_index
2025-09-26,VNREAL,1837.05,1879.47,1827.69,1865.96,137530015,vndirect_dchart_public,2026-06-08T09:01:08.172270+00:00,realty_index
2025-09-29,VNREAL,1857.34,1948.18,1844.28,1919.36,134965285,vndirect_dchart_public,2026-06-08T09:01:08.172275+00:00,realty_index
2025-09-30,VNREAL,1928.76,1986.76,1871.03,1926.53,188587070,vndirect_dchart_public,2026-06-08T09:01:08.172280+00:00,realty_index
2025-10-01,VNREAL,1923.73,1934.37,1886.56,1898.66,77587774,vndirect_dchart_public,2026-06-08T09:01:08.172284+00:00,realty_index
2025-10-02,VNREAL,1894.88,1925.62,1856.58,1877.43,92856652,vndirect_dchart_public,2026-06-08T09:01:08.172289+00:00,realty_index
2025-10-03,VNREAL,1880.61,1915.92,1863.72,1903.28,132123301,vndirect_dchart_public,2026-06-08T09:01:08.172293+00:00,realty_index
2025-10-06,VNREAL,1965.99,1980.23,1869.85,1955.62,100060136,vndirect_dchart_public,2026-06-08T09:01:08.172297+00:00,realty_index
2025-10-07,VNREAL,1968.63,1999.94,1910.15,1949.06,91372913,vndirect_dchart_public,2026-06-08T09:01:08.172302+00:00,realty_index
2025-10-08,VNREAL,1954.44,2011.72,1918.59,1963.23,128311075,vndirect_dchart_public,2026-06-08T09:01:08.172306+00:00,realty_index
2025-10-09,VNREAL,1966.42,2023.32,1957.46,2008.93,130720150,vndirect_dchart_public,2026-06-08T09:01:08.172311+00:00,realty_index
2025-10-10,VNREAL,2018.37,2117.2,2008.93,2117.15,130842158,vndirect_dchart_public,2026-06-08T09:01:08.172315+00:00,realty_index
2025-10-13,VNREAL,2110.85,2214.95,2008.81,2208.16,208118034,vndirect_dchart_public,2026-06-08T09:01:08.172320+00:00,realty_index
2025-10-14,VNREAL,2267.24,2318.87,2198.43,2243.24,211602027,vndirect_dchart_public,2026-06-08T09:01:08.172326+00:00,realty_index
2025-10-15,VNREAL,2245.59,2320.99,2179.32,2220.59,163473076,vndirect_dchart_public,2026-06-08T09:01:08.172330+00:00,realty_index
2025-10-16,VNREAL,2231.49,2275.37,2200.12,2254.32,216030335,vndirect_dchart_public,2026-06-08T09:01:08.172335+00:00,realty_index
2025-10-17,VNREAL,2263.98,2283.61,2144.51,2170.93,206941647,vndirect_dchart_public,2026-06-08T09:01:08.172339+00:00,realty_index
2025-10-20,VNREAL,2134.59,2170.93,2048.01,2048.86,208675745,vndirect_dchart_public,2026-06-08T09:01:08.172344+00:00,realty_index
2025-10-21,VNREAL,2047.94,2123.95,1975.29,2101.85,216902422,vndirect_dchart_public,2026-06-08T09:01:08.172350+00:00,realty_index
2025-10-22,VNREAL,2114.06,2149.57,2007.12,2115.7,143262323,vndirect_dchart_public,2026-06-08T09:01:08.172355+00:00,realty_index
2025-10-23,VNREAL,2114.99,2199.91,2082.2,2186.53,105521976,vndirect_dchart_public,2026-06-08T09:01:08.172359+00:00,realty_index
2025-10-24,VNREAL,2184.53,2223.34,2164.7,2205.19,117756586,vndirect_dchart_public,2026-06-08T09:01:08.172363+00:00,realty_index
2025-10-27,VNREAL,2230.16,2249.33,2126.36,2127.58,115580944,vndirect_dchart_public,2026-06-08T09:01:08.172371+00:00,realty_index
2025-10-28,VNREAL,2111.26,2175.59,2005.45,2173.56,150463482,vndirect_dchart_public,2026-06-08T09:01:08.172375+00:00,realty_index
2025-10-29,VNREAL,2171.16,2227.16,2093.27,2123.39,125779151,vndirect_dchart_public,2026-06-08T09:01:08.172379+00:00,realty_index
2025-10-30,VNREAL,2114.19,2126.37,2056.89,2087.26,126506974,vndirect_dchart_public,2026-06-08T09:01:08.172383+00:00,realty_index
2025-10-31,VNREAL,2083.27,2098.45,1975.27,1990.18,121399714,vndirect_dchart_public,2026-06-08T09:01:08.172388+00:00,realty_index
2025-11-03,VNREAL,1991.53,2034.63,1933.51,1981.23,145928953,vndirect_dchart_public,2026-06-08T09:01:08.172392+00:00,realty_index
2025-11-04,VNREAL,1991.84,2065.82,1972.8,2040.76,170237780,vndirect_dchart_public,2026-06-08T09:01:08.172396+00:00,realty_index
2025-11-05,VNREAL,2042.54,2092.45,2019.93,2053.87,80466264,vndirect_dchart_public,2026-06-08T09:01:08.172401+00:00,realty_index
2025-11-06,VNREAL,2049.99,2084.79,2018.81,2052.1,84099862,vndirect_dchart_public,2026-06-08T09:01:08.172405+00:00,realty_index
2025-11-07,VNREAL,2040.26,2052.1,1963.01,1965.81,108513944,vndirect_dchart_public,2026-06-08T09:01:08.172409+00:00,realty_index
2025-11-10,VNREAL,1954.5,1979.92,1909.78,1925.74,84356303,vndirect_dchart_public,2026-06-08T09:01:08.172413+00:00,realty_index
2025-11-11,VNREAL,1926.88,1974.18,1912.63,1956.06,86338690,vndirect_dchart_public,2026-06-08T09:01:08.172420+00:00,realty_index
2025-11-12,VNREAL,1959.46,2044.63,1950.52,2040.14,83995643,vndirect_dchart_public,2026-06-08T09:01:08.172424+00:00,realty_index
2025-11-13,VNREAL,2040.99,2061.06,2010.3,2035.21,65433906,vndirect_dchart_public,2026-06-08T09:01:08.172430+00:00,realty_index
2025-11-14,VNREAL,2028.44,2042.64,2009.22,2041.44,71496690,vndirect_dchart_public,2026-06-08T09:01:08.172434+00:00,realty_index
2025-11-17,VNREAL,2049.32,2105.98,2041.44,2086.11,96002430,vndirect_dchart_public,2026-06-08T09:01:08.172438+00:00,realty_index
2025-11-18,VNREAL,2088.34,2108.6,2004.18,2108.5,73598615,vndirect_dchart_public,2026-06-08T09:01:08.172443+00:00,realty_index
2025-11-19,VNREAL,2106.64,2129.37,2089.97,2098.86,78300788,vndirect_dchart_public,2026-06-08T09:01:08.172447+00:00,realty_index
2025-11-20,VNREAL,2101.2,2150.22,2093.41,2141.75,65415720,vndirect_dchart_public,2026-06-08T09:01:08.172451+00:00,realty_index
2025-11-21,VNREAL,2120.51,2162.84,2104.15,2156.96,102091060,vndirect_dchart_public,2026-06-08T09:01:08.172456+00:00,realty_index
2025-11-24,VNREAL,2155.09,2245.59,2155.09,2224.25,87715775,vndirect_dchart_public,2026-06-08T09:01:08.172460+00:00,realty_index
2025-11-25,VNREAL,2231.5,2306.89,2219.74,2230.55,99682879,vndirect_dchart_public,2026-06-08T09:01:08.172464+00:00,realty_index
2025-11-26,VNREAL,2251.88,2259.17,2205.32,2249.96,83289508,vndirect_dchart_public,2026-06-08T09:01:08.172468+00:00,realty_index
2025-11-27,VNREAL,2259.37,2299.16,2245.99,2262.63,69944973,vndirect_dchart_public,2026-06-08T09:01:08.172472+00:00,realty_index
2025-11-28,VNREAL,2260.2,2333.92,2259.9,2323.54,75158764,vndirect_dchart_public,2026-06-08T09:01:08.172478+00:00,realty_index
2025-12-01,VNREAL,2357.18,2432.45,2323.54,2375.66,66635948,vndirect_dchart_public,2026-06-08T09:01:08.172483+00:00,realty_index
2025-12-02,VNREAL,2376.16,2408.01,2335.64,2402.84,85036666,vndirect_dchart_public,2026-06-08T09:01:08.172487+00:00,realty_index
2025-12-03,VNREAL,2422.18,2422.18,2362.85,2379.91,77661265,vndirect_dchart_public,2026-06-08T09:01:08.172491+00:00,realty_index
2025-12-04,VNREAL,2373.66,2385.52,2334.94,2367.94,85653740,vndirect_dchart_public,2026-06-08T09:01:08.172497+00:00,realty_index
2025-12-05,VNREAL,2457.05,2472.18,2426.94,2456.32,70378202,vndirect_dchart_public,2026-06-08T09:01:08.172502+00:00,realty_index
2025-12-08,VNREAL,2546.32,2557.85,2512.13,2557.78,77956631,vndirect_dchart_public,2026-06-08T09:01:08.172508+00:00,realty_index
2025-12-09,VNREAL,2661.76,2661.96,2524.28,2608.25,105055906,vndirect_dchart_public,2026-06-08T09:01:08.172512+00:00,realty_index
2025-12-10,VNREAL,2602.6,2602.6,2459.07,2473.28,72065298,vndirect_dchart_public,2026-06-08T09:01:08.172517+00:00,realty_index
2025-12-11,VNREAL,2431.83,2461.54,2364.95,2435.25,78251159,vndirect_dchart_public,2026-06-08T09:01:08.172521+00:00,realty_index
2025-12-12,VNREAL,2447.7,2447.7,2297.93,2355.23,119298213,vndirect_dchart_public,2026-06-08T09:01:08.172525+00:00,realty_index
2025-12-15,VNREAL,2355.53,2403.26,2303.42,2338.21,90398166,vndirect_dchart_public,2026-06-08T09:01:08.172529+00:00,realty_index
2025-12-16,VNREAL,2338.42,2419.65,2251.37,2365.94,99754945,vndirect_dchart_public,2026-06-08T09:01:08.172533+00:00,realty_index
2025-12-17,VNREAL,2371.37,2392.91,2283.22,2358.69,56605073,vndirect_dchart_public,2026-06-08T09:01:08.172538+00:00,realty_index
2025-12-18,VNREAL,2359.42,2360.44,2324.65,2360.44,66056094,vndirect_dchart_public,2026-06-08T09:01:08.172542+00:00,realty_index
2025-12-19,VNREAL,2362.82,2486.47,2306.2,2455.83,90542685,vndirect_dchart_public,2026-06-08T09:01:08.172547+00:00,realty_index
2025-12-22,VNREAL,2506.54,2591.81,2491.88,2591.68,91859437,vndirect_dchart_public,2026-06-08T09:01:08.172551+00:00,realty_index
2025-12-23,VNREAL,2645.3,2733.21,2634.98,2731.65,88294735,vndirect_dchart_public,2026-06-08T09:01:08.172555+00:00,realty_index
2025-12-24,VNREAL,2779.46,2811.46,2673.03,2767.19,86143180,vndirect_dchart_public,2026-06-08T09:01:08.172560+00:00,realty_index
2025-12-25,VNREAL,2751.51,2852.41,2599.84,2600.28,90181833,vndirect_dchart_public,2026-06-08T09:01:08.172564+00:00,realty_index
2025-12-26,VNREAL,2450.0,2552.6,2436.45,2547.86,129968955,vndirect_dchart_public,2026-06-08T09:01:08.172568+00:00,realty_index
2025-12-29,VNREAL,2555.77,2632.57,2551.21,2632.46,69579714,vndirect_dchart_public,2026-06-08T09:01:08.172572+00:00,realty_index
2025-12-30,VNREAL,2643.37,2665.57,2553.31,2663.96,71951896,vndirect_dchart_public,2026-06-08T09:01:08.172577+00:00,realty_index
2025-12-31,VNREAL,2624.73,2774.04,2621.29,2757.18,85184292,vndirect_dchart_public,2026-06-08T09:01:08.172581+00:00,realty_index
2026-01-05,VNREAL,2769.26,2851.04,2741.63,2831.94,92187405,vndirect_dchart_public,2026-06-08T09:01:08.172585+00:00,realty_index
2026-01-06,VNREAL,2862.84,2906.01,2852.76,2877.85,98960459,vndirect_dchart_public,2026-06-08T09:01:08.172590+00:00,realty_index
2026-01-07,VNREAL,2918.92,2973.14,2845.19,2973.14,101041091,vndirect_dchart_public,2026-06-08T09:01:08.172596+00:00,realty_index
2026-01-08,VNREAL,3019.45,3081.44,2888.72,2890.72,122110088,vndirect_dchart_public,2026-06-08T09:01:08.172600+00:00,realty_index
2026-01-09,VNREAL,2879.85,2931.99,2825.86,2868.88,181908822,vndirect_dchart_public,2026-06-08T09:01:08.172604+00:00,realty_index
2026-01-12,VNREAL,2849.49,2851.46,2707.74,2710.05,151215690,vndirect_dchart_public,2026-06-08T09:01:08.172627+00:00,realty_index
2026-01-13,VNREAL,2652.73,2818.71,2607.27,2772.4,121576051,vndirect_dchart_public,2026-06-08T09:01:08.172631+00:00,realty_index
2026-01-14,VNREAL,2801.89,2803.77,2632.9,2655.62,148251310,vndirect_dchart_public,2026-06-08T09:01:08.172636+00:00,realty_index
2026-01-15,VNREAL,2641.93,2643.45,2522.13,2563.79,152684795,vndirect_dchart_public,2026-06-08T09:01:08.172640+00:00,realty_index
2026-01-16,VNREAL,2570.84,2682.09,2570.68,2645.59,97059492,vndirect_dchart_public,2026-06-08T09:01:08.172644+00:00,realty_index
2026-01-19,VNREAL,2704.23,2704.23,2624.56,2673.0,107417334,vndirect_dchart_public,2026-06-08T09:01:08.172648+00:00,realty_index
2026-01-20,VNREAL,2654.13,2671.19,2578.48,2649.65,111812308,vndirect_dchart_public,2026-06-08T09:01:08.172652+00:00,realty_index
2026-01-21,VNREAL,2619.44,2689.57,2610.81,2638.85,108729427,vndirect_dchart_public,2026-06-08T09:01:08.172661+00:00,realty_index
2026-01-22,VNREAL,2634.92,2652.36,2600.57,2646.46,161984310,vndirect_dchart_public,2026-06-08T09:01:08.174372+00:00,realty_index
2026-01-23,VNREAL,2679.62,2735.98,2659.07,2687.87,89134001,vndirect_dchart_public,2026-06-08T09:01:08.174386+00:00,realty_index
2026-01-26,VNREAL,2713.13,2713.13,2581.21,2599.42,104753074,vndirect_dchart_public,2026-06-08T09:01:08.174420+00:00,realty_index
2026-01-27,VNREAL,2593.38,2595.66,2456.94,2472.74,96293724,vndirect_dchart_public,2026-06-08T09:01:08.174424+00:00,realty_index
2026-01-28,VNREAL,2459.65,2490.9,2325.17,2341.84,118970011,vndirect_dchart_public,2026-06-08T09:01:08.174428+00:00,realty_index
2026-01-29,VNREAL,2327.28,2373.52,2327.28,2355.48,82777489,vndirect_dchart_public,2026-06-08T09:01:08.174432+00:00,realty_index
2026-01-30,VNREAL,2358.51,2367.51,2228.35,2359.74,104362619,vndirect_dchart_public,2026-06-08T09:01:08.174436+00:00,realty_index
2026-02-02,VNREAL,2346.97,2359.77,2219.36,2228.84,121246423,vndirect_dchart_public,2026-06-08T09:01:08.174440+00:00,realty_index
2026-02-03,VNREAL,2180.02,2265.76,2175.3,2228.77,125554306,vndirect_dchart_public,2026-06-08T09:01:08.174443+00:00,realty_index
2026-02-04,VNREAL,2218.97,2223.31,2107.04,2114.88,110727652,vndirect_dchart_public,2026-06-08T09:01:08.174447+00:00,realty_index
2026-02-05,VNREAL,2090.19,2223.34,2090.19,2216.78,96854027,vndirect_dchart_public,2026-06-08T09:01:08.174451+00:00,realty_index
2026-02-06,VNREAL,2211.1,2290.66,2179.17,2206.77,112332491,vndirect_dchart_public,2026-06-08T09:01:08.174458+00:00,realty_index
2026-02-09,VNREAL,2230.69,2232.88,2180.72,2214.81,70339134,vndirect_dchart_public,2026-06-08T09:01:08.174462+00:00,realty_index
2026-02-10,VNREAL,2216.37,2332.24,2212.24,2328.98,82189048,vndirect_dchart_public,2026-06-08T09:01:08.174466+00:00,realty_index
2026-02-11,VNREAL,2394.87,2441.66,2387.2,2438.36,123223475,vndirect_dchart_public,2026-06-08T09:01:08.174469+00:00,realty_index
2026-02-12,VNREAL,2470.84,2555.59,2451.27,2543.65,59971424,vndirect_dchart_public,2026-06-08T09:01:08.174474+00:00,realty_index
2026-02-13,VNREAL,2572.22,2587.2,2464.57,2549.39,71692348,vndirect_dchart_public,2026-06-08T09:01:08.174477+00:00,realty_index
2026-02-23,VNREAL,2551.64,2627.52,2542.18,2583.87,78744989,vndirect_dchart_public,2026-06-08T09:01:08.174481+00:00,realty_index
2026-02-24,VNREAL,2581.28,2595.29,2535.52,2589.98,77341172,vndirect_dchart_public,2026-06-08T09:01:08.174485+00:00,realty_index
2026-02-25,VNREAL,2580.41,2580.41,2498.96,2522.55,93653588,vndirect_dchart_public,2026-06-08T09:01:08.174490+00:00,realty_index
2026-02-26,VNREAL,2509.86,2649.78,2508.72,2629.06,74605063,vndirect_dchart_public,2026-06-08T09:01:08.174495+00:00,realty_index
2026-02-27,VNREAL,2634.1,2718.06,2576.81,2647.24,103870351,vndirect_dchart_public,2026-06-08T09:01:08.174498+00:00,realty_index
2026-03-02,VNREAL,2646.12,2674.32,2550.65,2553.08,133918246,vndirect_dchart_public,2026-06-08T09:01:08.174502+00:00,realty_index
2026-03-03,VNREAL,2552.22,2552.22,2401.35,2406.01,110490263,vndirect_dchart_public,2026-06-08T09:01:08.174506+00:00,realty_index
2026-03-04,VNREAL,2350.17,2457.48,2310.84,2403.36,154778766,vndirect_dchart_public,2026-06-08T09:01:08.174510+00:00,realty_index
2026-03-05,VNREAL,2448.01,2535.25,2429.67,2492.64,110960779,vndirect_dchart_public,2026-06-08T09:01:08.174513+00:00,realty_index
2026-03-06,VNREAL,2479.91,2495.08,2398.88,2408.24,90987178,vndirect_dchart_public,2026-06-08T09:01:08.174517+00:00,realty_index
2026-03-09,VNREAL,2406.99,2406.99,2243.09,2243.55,90111712,vndirect_dchart_public,2026-06-08T09:01:08.174521+00:00,realty_index
2026-03-10,VNREAL,2243.98,2338.14,2199.0,2221.27,141460539,vndirect_dchart_public,2026-06-08T09:01:08.174524+00:00,realty_index
2026-03-11,VNREAL,2230.98,2329.93,2230.98,2307.93,118001815,vndirect_dchart_public,2026-06-08T09:01:08.174528+00:00,realty_index
2026-03-12,VNREAL,2284.66,2339.15,2264.37,2301.58,88839674,vndirect_dchart_public,2026-06-08T09:01:08.174532+00:00,realty_index
2026-03-13,VNREAL,2281.29,2341.01,2259.29,2311.41,104669600,vndirect_dchart_public,2026-06-08T09:01:08.174537+00:00,realty_index
2026-03-16,VNREAL,2325.61,2365.91,2294.92,2329.38,124487414,vndirect_dchart_public,2026-06-08T09:01:08.174541+00:00,realty_index
2026-03-17,VNREAL,2342.47,2407.42,2342.47,2351.01,97338171,vndirect_dchart_public,2026-06-08T09:01:08.174544+00:00,realty_index
2026-03-18,VNREAL,2372.66,2458.91,2244.91,2346.11,72335760,vndirect_dchart_public,2026-06-08T09:01:08.174548+00:00,realty_index
2026-03-19,VNREAL,2349.27,2393.99,2253.95,2345.11,109679803,vndirect_dchart_public,2026-06-08T09:01:08.174552+00:00,realty_index
2026-03-20,VNREAL,2371.94,2371.94,2203.68,2230.45,109189361,vndirect_dchart_public,2026-06-08T09:01:08.174555+00:00,realty_index
2026-03-23,VNREAL,2224.92,2242.38,2099.54,2109.58,115142974,vndirect_dchart_public,2026-06-08T09:01:08.174559+00:00,realty_index
2026-03-24,VNREAL,2181.81,2181.86,2094.86,2115.54,105934144,vndirect_dchart_public,2026-06-08T09:01:08.174563+00:00,realty_index
2026-03-25,VNREAL,2164.01,2208.3,2139.84,2196.9,102481014,vndirect_dchart_public,2026-06-08T09:01:08.174567+00:00,realty_index
2026-03-26,VNREAL,2210.29,2213.76,2154.46,2191.13,78764032,vndirect_dchart_public,2026-06-08T09:01:08.174570+00:00,realty_index
2026-03-27,VNREAL,2194.99,2245.75,2175.41,2240.49,158873848,vndirect_dchart_public,2026-06-08T09:01:08.174574+00:00,realty_index
2026-03-30,VNREAL,2187.78,2238.02,2169.95,2209.86,105031306,vndirect_dchart_public,2026-06-08T09:01:08.174577+00:00,realty_index
2026-03-31,VNREAL,2221.88,2288.83,2214.82,2263.19,102381918,vndirect_dchart_public,2026-06-08T09:01:08.174581+00:00,realty_index
2026-04-01,VNREAL,2378.02,2389.73,2341.09,2358.35,105436884,vndirect_dchart_public,2026-06-08T09:01:08.174585+00:00,realty_index
2026-04-02,VNREAL,2401.58,2401.58,2352.77,2376.13,94538604,vndirect_dchart_public,2026-06-08T09:01:08.174588+00:00,realty_index
2026-04-03,VNREAL,2383.88,2448.78,2365.71,2384.51,100506131,vndirect_dchart_public,2026-06-08T09:01:08.174592+00:00,realty_index
2026-04-06,VNREAL,2378.65,2409.99,2359.4,2374.34,80706016,vndirect_dchart_public,2026-06-08T09:01:08.174596+00:00,realty_index
2026-04-07,VNREAL,2375.09,2428.46,2345.7,2384.69,66034926,vndirect_dchart_public,2026-06-08T09:01:08.174599+00:00,realty_index
2026-04-08,VNREAL,2397.39,2539.29,2397.39,2538.47,132990919,vndirect_dchart_public,2026-06-08T09:01:08.174603+00:00,realty_index
2026-04-09,VNREAL,2543.88,2567.69,2503.36,2504.97,212026222,vndirect_dchart_public,2026-06-08T09:01:08.174608+00:00,realty_index
2026-04-10,VNREAL,2541.01,2567.82,2519.71,2524.2,102628217,vndirect_dchart_public,2026-06-08T09:01:08.174612+00:00,realty_index
2026-04-13,VNREAL,2510.25,2634.11,2488.0,2611.95,105642312,vndirect_dchart_public,2026-06-08T09:01:08.174615+00:00,realty_index
2026-04-14,VNREAL,2643.81,2692.37,2637.21,2688.04,94106113,vndirect_dchart_public,2026-06-08T09:01:08.174619+00:00,realty_index
2026-04-15,VNREAL,2706.57,2840.37,2704.66,2835.23,139036428,vndirect_dchart_public,2026-06-08T09:01:08.174623+00:00,realty_index
2026-04-16,VNREAL,2863.51,2988.69,2851.33,2975.31,121008539,vndirect_dchart_public,2026-06-08T09:01:08.174626+00:00,realty_index
2026-04-17,VNREAL,3016.8,3089.64,2909.65,2927.32,85612800,vndirect_dchart_public,2026-06-08T09:01:08.174632+00:00,realty_index
2026-04-20,VNREAL,2917.36,3016.13,2821.72,2999.0,72879263,vndirect_dchart_public,2026-06-08T09:01:08.174635+00:00,realty_index
2026-04-21,VNREAL,3046.54,3134.53,3025.38,3025.38,125951631,vndirect_dchart_public,2026-06-08T09:01:08.174639+00:00,realty_index
2026-04-22,VNREAL,3017.46,3196.09,2984.21,3178.5,107742866,vndirect_dchart_public,2026-06-08T09:01:08.174642+00:00,realty_index
2026-04-23,VNREAL,3227.62,3299.69,3191.67,3240.04,119584814,vndirect_dchart_public,2026-06-08T09:01:08.174646+00:00,realty_index
2026-04-24,VNREAL,3246.9,3298.81,3143.19,3185.56,98816458,vndirect_dchart_public,2026-06-08T09:01:08.174650+00:00,realty_index
2026-04-28,VNREAL,3163.82,3375.08,3158.88,3361.08,111764681,vndirect_dchart_public,2026-06-08T09:01:08.174653+00:00,realty_index
2026-04-29,VNREAL,3392.49,3398.62,3183.91,3241.55,129593181,vndirect_dchart_public,2026-06-08T09:01:08.174657+00:00,realty_index
2026-05-04,VNREAL,3286.94,3315.32,3131.51,3204.7,128155331,vndirect_dchart_public,2026-06-08T09:01:08.174660+00:00,realty_index
2026-05-05,VNREAL,3195.76,3355.67,3181.83,3307.6,118763069,vndirect_dchart_public,2026-06-08T09:01:08.174664+00:00,realty_index
2026-05-06,VNREAL,3320.63,3348.33,3244.26,3309.92,168637167,vndirect_dchart_public,2026-06-08T09:01:08.174668+00:00,realty_index
2026-05-07,VNREAL,3319.84,3455.92,3303.5,3389.18,157943791,vndirect_dchart_public,2026-06-08T09:01:08.174671+00:00,realty_index
2026-05-08,VNREAL,3387.12,3428.31,3311.75,3415.89,118898460,vndirect_dchart_public,2026-06-08T09:01:08.174675+00:00,realty_index
2026-05-11,VNREAL,3421.63,3482.83,3326.88,3363.01,121673539,vndirect_dchart_public,2026-06-08T09:01:08.174679+00:00,realty_index
2026-05-12,VNREAL,3345.06,3402.22,3212.59,3358.31,130921319,vndirect_dchart_public,2026-06-08T09:01:08.174685+00:00,realty_index
2026-05-13,VNREAL,3382.32,3386.92,3153.1,3306.88,113256036,vndirect_dchart_public,2026-06-08T09:01:08.174688+00:00,realty_index
2026-05-14,VNREAL,3281.0,3430.69,3206.2,3411.49,84994040,vndirect_dchart_public,2026-06-08T09:01:08.174692+00:00,realty_index
2026-05-15,VNREAL,3412.49,3431.05,3341.7,3399.37,104445525,vndirect_dchart_public,2026-06-08T09:01:08.174696+00:00,realty_index
2026-05-18,VNREAL,3383.54,3415.03,3316.37,3349.58,88356367,vndirect_dchart_public,2026-06-08T09:01:08.174699+00:00,realty_index
2026-05-19,VNREAL,3350.61,3385.8,3303.81,3360.31,114670438,vndirect_dchart_public,2026-06-08T09:01:08.174703+00:00,realty_index
2026-05-20,VNREAL,3355.09,3420.68,3296.01,3373.22,180191560,vndirect_dchart_public,2026-06-08T09:01:08.174706+00:00,realty_index
2026-05-21,VNREAL,3386.95,3404.65,3256.38,3291.6,75331657,vndirect_dchart_public,2026-06-08T09:01:08.174710+00:00,realty_index
2026-05-22,VNREAL,3284.24,3284.24,3158.11,3242.34,78394019,vndirect_dchart_public,2026-06-08T09:01:08.174714+00:00,realty_index
2026-05-25,VNREAL,3251.68,3302.66,3249.38,3290.47,57595828,vndirect_dchart_public,2026-06-08T09:01:08.174717+00:00,realty_index
2026-05-26,VNREAL,3286.85,3286.85,3210.09,3221.26,100173975,vndirect_dchart_public,2026-06-08T09:01:08.174721+00:00,realty_index
2026-05-27,VNREAL,3235.94,3235.94,3109.53,3167.61,95962477,vndirect_dchart_public,2026-06-08T09:01:08.174725+00:00,realty_index
2026-05-28,VNREAL,3147.18,3266.38,3113.45,3208.41,75626689,vndirect_dchart_public,2026-06-08T09:01:08.174728+00:00,realty_index
2026-05-29,VNREAL,3215.12,3239.49,3136.29,3203.13,68234652,vndirect_dchart_public,2026-06-08T09:01:08.174732+00:00,realty_index
2026-06-01,VNREAL,3209.4,3221.77,3097.28,3125.98,48993431,vndirect_dchart_public,2026-06-08T09:01:08.174736+00:00,realty_index
2026-06-02,VNREAL,3120.02,3192.73,3091.85,3109.49,106571818,vndirect_dchart_public,2026-06-08T09:01:08.174739+00:00,realty_index
2026-06-03,VNREAL,3105.02,3107.91,2938.62,3027.56,115661266,vndirect_dchart_public,2026-06-08T09:01:08.174743+00:00,realty_index
2026-06-04,VNREAL,3032.94,3060.69,2984.87,3059.08,51647375,vndirect_dchart_public,2026-06-08T09:01:08.174748+00:00,realty_index
2026-06-05,VNREAL,3056.71,3166.89,3056.71,3127.38,56765939,vndirect_dchart_public,2026-06-08T09:01:08.174752+00:00,realty_index
2026-06-08,VNREAL,3089.41,3094.36,2965.85,2986.83,85187779,vndirect_dchart_public,2026-06-08T09:01:08.174757+00:00,realty_index
2022-01-04,VNIND,1165.99,1200.71,1165.99,1192.54,173677800,vndirect_dchart_public,2026-06-08T09:01:08.677089+00:00,industrial_index
2022-01-05,VNIND,1206.57,1221.3,1204.07,1211.22,245751500,vndirect_dchart_public,2026-06-08T09:01:08.677120+00:00,industrial_index
2022-01-06,VNIND,1206.33,1240.64,1203.33,1232.53,258223500,vndirect_dchart_public,2026-06-08T09:01:08.677138+00:00,industrial_index
2022-01-07,VNIND,1243.45,1261.67,1232.4,1261.64,219056500,vndirect_dchart_public,2026-06-08T09:01:08.677153+00:00,industrial_index
2022-01-10,VNIND,1263.88,1296.41,1228.83,1228.83,314406100,vndirect_dchart_public,2026-06-08T09:01:08.677168+00:00,industrial_index
2022-01-11,VNIND,1229.14,1255.49,1215.21,1237.9,332062400,vndirect_dchart_public,2026-06-08T09:01:08.677231+00:00,industrial_index
2022-01-12,VNIND,1223.16,1236.08,1174.61,1191.44,237874700,vndirect_dchart_public,2026-06-08T09:01:08.677250+00:00,industrial_index
2022-01-13,VNIND,1189.95,1199.27,1137.7,1139.41,173758700,vndirect_dchart_public,2026-06-08T09:01:08.677265+00:00,industrial_index
2022-01-14,VNIND,1109.33,1148.69,1096.78,1133.24,176025300,vndirect_dchart_public,2026-06-08T09:01:08.677280+00:00,industrial_index
2022-01-17,VNIND,1138.98,1139.05,1072.35,1074.43,150958000,vndirect_dchart_public,2026-06-08T09:01:08.677295+00:00,industrial_index
2022-01-18,VNIND,1040.36,1050.16,1031.72,1041.1,126993500,vndirect_dchart_public,2026-06-08T09:01:08.677310+00:00,industrial_index
2022-01-19,VNIND,1018.74,1035.69,1016.2,1033.36,106717200,vndirect_dchart_public,2026-06-08T09:01:08.677324+00:00,industrial_index
2022-01-20,VNIND,1025.96,1068.25,1023.78,1063.42,184958300,vndirect_dchart_public,2026-06-08T09:01:08.677339+00:00,industrial_index
2022-01-21,VNIND,1080.22,1086.63,1070.13,1073.44,194872600,vndirect_dchart_public,2026-06-08T09:01:08.677353+00:00,industrial_index
2022-01-24,VNIND,1070.07,1070.26,1018.51,1024.0,152440200,vndirect_dchart_public,2026-06-08T09:01:08.677367+00:00,industrial_index
2022-01-25,VNIND,994.64,1036.09,994.64,1036.09,139469700,vndirect_dchart_public,2026-06-08T09:01:08.677381+00:00,industrial_index
2022-01-26,VNIND,1039.37,1046.99,1015.5,1016.01,149315400,vndirect_dchart_public,2026-06-08T09:01:08.677395+00:00,industrial_index
2022-01-27,VNIND,1008.23,1013.27,995.72,999.16,103849900,vndirect_dchart_public,2026-06-08T09:01:08.677409+00:00,industrial_index
2022-01-28,VNIND,991.49,1003.45,975.82,1001.31,131524300,vndirect_dchart_public,2026-06-08T09:01:08.677423+00:00,industrial_index
2022-02-07,VNIND,1018.85,1040.09,1018.18,1031.27,85328500,vndirect_dchart_public,2026-06-08T09:01:08.677437+00:00,industrial_index
2022-02-08,VNIND,1027.57,1034.63,1023.8,1028.02,134968700,vndirect_dchart_public,2026-06-08T09:01:08.677452+00:00,industrial_index
2022-02-09,VNIND,1017.17,1053.25,1017.17,1053.25,132020700,vndirect_dchart_public,2026-06-08T09:01:08.677466+00:00,industrial_index
2022-02-10,VNIND,1060.24,1063.18,1049.99,1054.18,90086300,vndirect_dchart_public,2026-06-08T09:01:08.677480+00:00,industrial_index
2022-02-11,VNIND,1048.71,1056.59,1044.84,1048.96,101916800,vndirect_dchart_public,2026-06-08T09:01:08.677494+00:00,industrial_index
2022-02-14,VNIND,1032.46,1061.48,1030.04,1054.31,123830900,vndirect_dchart_public,2026-06-08T09:01:08.677509+00:00,industrial_index
2022-02-15,VNIND,1055.46,1068.09,1052.04,1068.09,79782700,vndirect_dchart_public,2026-06-08T09:01:08.677523+00:00,industrial_index
2022-02-16,VNIND,1078.05,1096.84,1077.3,1096.84,151082500,vndirect_dchart_public,2026-06-08T09:01:08.677536+00:00,industrial_index
2022-02-17,VNIND,1101.4,1110.31,1098.81,1110.31,138440600,vndirect_dchart_public,2026-06-08T09:01:08.677551+00:00,industrial_index
2022-02-18,VNIND,1100.11,1139.87,1100.11,1139.87,142652900,vndirect_dchart_public,2026-06-08T09:01:08.677564+00:00,industrial_index
2022-02-21,VNIND,1145.84,1164.19,1142.76,1151.55,166384700,vndirect_dchart_public,2026-06-08T09:01:08.677579+00:00,industrial_index
2022-02-22,VNIND,1150.24,1150.24,1111.16,1128.98,206685700,vndirect_dchart_public,2026-06-08T09:01:08.677600+00:00,industrial_index
2022-02-23,VNIND,1135.6,1158.36,1133.42,1151.58,128230100,vndirect_dchart_public,2026-06-08T09:01:08.677629+00:00,industrial_index
2022-02-24,VNIND,1149.72,1156.42,1098.44,1123.5,235945800,vndirect_dchart_public,2026-06-08T09:01:08.677643+00:00,industrial_index
2022-02-25,VNIND,1136.95,1141.74,1130.28,1130.28,136239500,vndirect_dchart_public,2026-06-08T09:01:08.677658+00:00,industrial_index
2022-02-28,VNIND,1127.75,1132.39,1114.24,1119.96,116042300,vndirect_dchart_public,2026-06-08T09:01:08.677695+00:00,industrial_index
2022-03-01,VNIND,1121.2,1139.6,1121.2,1134.18,144863800,vndirect_dchart_public,2026-06-08T09:01:08.677712+00:00,industrial_index
2022-03-02,VNIND,1134.0,1138.97,1119.79,1129.58,140039500,vndirect_dchart_public,2026-06-08T09:01:08.677725+00:00,industrial_index
2022-03-03,VNIND,1133.41,1146.28,1126.04,1146.28,155978000,vndirect_dchart_public,2026-06-08T09:01:08.677739+00:00,industrial_index
2022-03-04,VNIND,1152.13,1164.78,1150.66,1156.23,194207000,vndirect_dchart_public,2026-06-08T09:01:08.677751+00:00,industrial_index
2022-03-07,VNIND,1153.14,1158.09,1143.49,1149.13,184333800,vndirect_dchart_public,2026-06-08T09:01:08.677764+00:00,industrial_index
2022-03-08,VNIND,1139.17,1147.1,1118.63,1118.63,202422400,vndirect_dchart_public,2026-06-08T09:01:08.677777+00:00,industrial_index
2022-03-09,VNIND,1122.8,1131.16,1099.22,1128.12,193794900,vndirect_dchart_public,2026-06-08T09:01:08.677790+00:00,industrial_index
2022-03-10,VNIND,1139.49,1146.32,1133.85,1133.85,134641900,vndirect_dchart_public,2026-06-08T09:01:08.677803+00:00,industrial_index
2022-03-11,VNIND,1128.69,1138.1,1115.61,1120.01,160629000,vndirect_dchart_public,2026-06-08T09:01:08.677815+00:00,industrial_index
2022-03-14,VNIND,1112.48,1126.35,1100.72,1111.33,172660300,vndirect_dchart_public,2026-06-08T09:01:08.677828+00:00,industrial_index
2022-03-15,VNIND,1111.0,1132.26,1108.25,1130.19,144353400,vndirect_dchart_public,2026-06-08T09:01:08.677841+00:00,industrial_index
2022-03-16,VNIND,1137.64,1141.09,1132.91,1134.48,107437900,vndirect_dchart_public,2026-06-08T09:01:08.677853+00:00,industrial_index
2022-03-17,VNIND,1139.16,1143.53,1134.39,1137.21,122006100,vndirect_dchart_public,2026-06-08T09:01:08.677866+00:00,industrial_index
2022-03-18,VNIND,1141.19,1151.96,1138.52,1151.19,159550900,vndirect_dchart_public,2026-06-08T09:01:08.677879+00:00,industrial_index
2022-03-21,VNIND,1152.97,1163.78,1149.77,1163.37,156744100,vndirect_dchart_public,2026-06-08T09:01:08.677892+00:00,industrial_index
2022-03-22,VNIND,1169.25,1176.53,1163.65,1164.58,201132900,vndirect_dchart_public,2026-06-08T09:01:08.677905+00:00,industrial_index
2022-03-23,VNIND,1165.81,1182.11,1161.64,1174.8,186397300,vndirect_dchart_public,2026-06-08T09:01:08.677920+00:00,industrial_index
2022-03-24,VNIND,1176.27,1193.0,1171.48,1191.93,168890400,vndirect_dchart_public,2026-06-08T09:01:08.677934+00:00,industrial_index
2022-03-25,VNIND,1193.85,1198.29,1188.95,1189.11,175278300,vndirect_dchart_public,2026-06-08T09:01:08.677948+00:00,industrial_index
2022-03-28,VNIND,1188.35,1188.35,1148.81,1164.34,198494100,vndirect_dchart_public,2026-06-08T09:01:08.677965+00:00,industrial_index
2022-03-29,VNIND,1166.36,1189.58,1166.36,1187.68,139960800,vndirect_dchart_public,2026-06-08T09:01:08.677980+00:00,industrial_index
2022-03-30,VNIND,1179.27,1186.33,1146.06,1154.27,176625400,vndirect_dchart_public,2026-06-08T09:01:08.677993+00:00,industrial_index
2022-03-31,VNIND,1158.55,1166.76,1147.48,1151.7,118266000,vndirect_dchart_public,2026-06-08T09:01:08.678007+00:00,industrial_index
2022-04-01,VNIND,1146.34,1170.85,1138.14,1170.85,199556200,vndirect_dchart_public,2026-06-08T09:01:08.678021+00:00,industrial_index
2022-04-04,VNIND,1180.45,1186.65,1171.38,1177.56,145110800,vndirect_dchart_public,2026-06-08T09:01:08.678035+00:00,industrial_index
2022-04-05,VNIND,1173.81,1183.42,1171.21,1171.21,156208300,vndirect_dchart_public,2026-06-08T09:01:08.678049+00:00,industrial_index
2022-04-06,VNIND,1154.83,1164.57,1139.58,1144.31,214266700,vndirect_dchart_public,2026-06-08T09:01:08.678062+00:00,industrial_index
2022-04-07,VNIND,1142.21,1145.1,1113.78,1113.78,161660000,vndirect_dchart_public,2026-06-08T09:01:08.678087+00:00,industrial_index
2022-04-08,VNIND,1113.63,1119.53,1090.56,1090.56,166455200,vndirect_dchart_public,2026-06-08T09:01:08.678104+00:00,industrial_index
2022-04-12,VNIND,1098.47,1104.44,1058.02,1058.02,126544500,vndirect_dchart_public,2026-06-08T09:01:08.678118+00:00,industrial_index
2022-04-13,VNIND,1061.47,1086.63,1039.4,1086.63,139776200,vndirect_dchart_public,2026-06-08T09:01:08.678135+00:00,industrial_index
2022-04-14,VNIND,1091.9,1094.91,1075.52,1076.24,90125200,vndirect_dchart_public,2026-06-08T09:01:08.678149+00:00,industrial_index
2022-04-15,VNIND,1069.9,1079.68,1057.0,1060.95,125470700,vndirect_dchart_public,2026-06-08T09:01:08.678163+00:00,industrial_index
2022-04-18,VNIND,1054.33,1054.33,1023.64,1039.49,164152800,vndirect_dchart_public,2026-06-08T09:01:08.678177+00:00,industrial_index
2022-04-19,VNIND,1043.78,1049.43,1015.86,1016.33,134323700,vndirect_dchart_public,2026-06-08T09:01:08.678191+00:00,industrial_index
2022-04-20,VNIND,1012.23,1014.51,976.89,976.89,133308200,vndirect_dchart_public,2026-06-08T09:01:08.678253+00:00,industrial_index
2022-04-21,VNIND,960.9,975.29,934.87,950.09,161618700,vndirect_dchart_public,2026-06-08T09:01:08.678271+00:00,industrial_index
2022-04-22,VNIND,950.49,966.99,913.68,937.34,171771200,vndirect_dchart_public,2026-06-08T09:01:08.678285+00:00,industrial_index
2022-04-25,VNIND,940.02,941.01,877.18,882.13,125206900,vndirect_dchart_public,2026-06-08T09:01:08.678299+00:00,industrial_index
2022-04-26,VNIND,856.91,905.15,839.33,905.15,135004000,vndirect_dchart_public,2026-06-08T09:01:08.678313+00:00,industrial_index
2022-04-27,VNIND,904.04,928.92,894.17,927.73,109556800,vndirect_dchart_public,2026-06-08T09:01:08.678328+00:00,industrial_index
2022-04-28,VNIND,932.87,945.77,929.4,933.09,118040500,vndirect_dchart_public,2026-06-08T09:01:08.678343+00:00,industrial_index
2022-04-29,VNIND,932.52,959.13,929.22,955.77,112114600,vndirect_dchart_public,2026-06-08T09:01:08.678361+00:00,industrial_index
2022-05-04,VNIND,952.35,964.75,947.64,952.74,126338300,vndirect_dchart_public,2026-06-08T09:01:08.678376+00:00,industrial_index
2022-05-05,VNIND,961.97,962.61,925.4,944.49,105724100,vndirect_dchart_public,2026-06-08T09:01:08.678390+00:00,industrial_index
2022-05-06,VNIND,935.33,938.07,914.72,914.72,92210800,vndirect_dchart_public,2026-06-08T09:01:08.678404+00:00,industrial_index
2022-05-09,VNIND,895.72,897.85,861.88,862.83,105150100,vndirect_dchart_public,2026-06-08T09:01:08.678419+00:00,industrial_index
2022-05-10,VNIND,852.79,883.73,824.8,883.73,126761600,vndirect_dchart_public,2026-06-08T09:01:08.678435+00:00,industrial_index
2022-05-11,VNIND,892.37,900.47,877.01,896.63,83560200,vndirect_dchart_public,2026-06-08T09:01:08.678449+00:00,industrial_index
2022-05-12,VNIND,888.97,900.62,850.25,853.03,97637800,vndirect_dchart_public,2026-06-08T09:01:08.678464+00:00,industrial_index
2022-05-13,VNIND,844.16,852.46,805.94,809.02,136293000,vndirect_dchart_public,2026-06-08T09:01:08.678479+00:00,industrial_index
2022-05-16,VNIND,823.55,836.24,790.4,793.58,94029400,vndirect_dchart_public,2026-06-08T09:01:08.678493+00:00,industrial_index
2022-05-17,VNIND,787.04,834.81,778.94,834.81,93053700,vndirect_dchart_public,2026-06-08T09:01:08.678508+00:00,industrial_index
2022-05-18,VNIND,848.45,858.36,838.36,845.5,89143800,vndirect_dchart_public,2026-06-08T09:01:08.678523+00:00,industrial_index
2022-05-19,VNIND,822.59,853.58,822.59,849.16,78866000,vndirect_dchart_public,2026-06-08T09:01:08.678537+00:00,industrial_index
2022-05-20,VNIND,852.24,869.57,848.89,857.4,92756500,vndirect_dchart_public,2026-06-08T09:01:08.678552+00:00,industrial_index
2022-05-23,VNIND,865.41,866.0,830.28,841.29,89474000,vndirect_dchart_public,2026-06-08T09:01:08.678566+00:00,industrial_index
2022-05-24,VNIND,839.43,852.65,820.2,852.65,77751500,vndirect_dchart_public,2026-06-08T09:01:08.678581+00:00,industrial_index
2022-05-25,VNIND,857.34,888.73,855.35,886.89,127305400,vndirect_dchart_public,2026-06-08T09:01:08.678597+00:00,industrial_index
2022-05-26,VNIND,888.44,899.76,884.23,889.56,96597000,vndirect_dchart_public,2026-06-08T09:01:08.678612+00:00,industrial_index
2022-05-27,VNIND,888.54,907.14,886.91,902.3,111398100,vndirect_dchart_public,2026-06-08T09:01:08.678626+00:00,industrial_index
2022-05-30,VNIND,904.11,922.78,902.69,920.07,79439700,vndirect_dchart_public,2026-06-08T09:01:08.678641+00:00,industrial_index
2022-05-31,VNIND,920.09,926.59,906.82,912.79,95735500,vndirect_dchart_public,2026-06-08T09:01:08.678663+00:00,industrial_index
2022-06-01,VNIND,910.29,921.23,900.64,920.44,87554900,vndirect_dchart_public,2026-06-08T09:01:08.678679+00:00,industrial_index
2022-06-02,VNIND,922.36,925.86,899.86,903.41,92341400,vndirect_dchart_public,2026-06-08T09:01:08.678693+00:00,industrial_index
2022-06-03,VNIND,902.12,910.01,885.17,901.41,81714800,vndirect_dchart_public,2026-06-08T09:01:08.678708+00:00,industrial_index
2022-06-06,VNIND,899.39,916.22,890.96,890.96,99960500,vndirect_dchart_public,2026-06-08T09:01:08.678723+00:00,industrial_index
2022-06-07,VNIND,887.36,897.45,867.94,897.45,114718800,vndirect_dchart_public,2026-06-08T09:01:08.678735+00:00,industrial_index
2022-06-08,VNIND,905.4,922.06,903.55,913.81,82175500,vndirect_dchart_public,2026-06-08T09:01:08.678748+00:00,industrial_index
2022-06-09,VNIND,914.68,918.76,908.92,915.92,61685100,vndirect_dchart_public,2026-06-08T09:01:08.678762+00:00,industrial_index
2022-06-10,VNIND,905.41,922.48,889.96,889.96,117607700,vndirect_dchart_public,2026-06-08T09:01:08.678777+00:00,industrial_index
2022-06-13,VNIND,859.98,881.6,846.63,847.38,118832600,vndirect_dchart_public,2026-06-08T09:01:08.678792+00:00,industrial_index
2022-06-14,VNIND,835.11,860.59,833.65,844.51,79005100,vndirect_dchart_public,2026-06-08T09:01:08.678807+00:00,industrial_index
2022-06-15,VNIND,848.47,851.32,809.3,821.86,115656700,vndirect_dchart_public,2026-06-08T09:01:08.678822+00:00,industrial_index
2022-06-16,VNIND,835.7,845.1,830.54,831.34,77595400,vndirect_dchart_public,2026-06-08T09:01:08.678840+00:00,industrial_index
2022-06-17,VNIND,810.69,820.97,798.94,815.69,122090300,vndirect_dchart_public,2026-06-08T09:01:08.678855+00:00,industrial_index
2022-06-20,VNIND,814.15,822.39,784.16,784.16,94695800,vndirect_dchart_public,2026-06-08T09:01:08.678869+00:00,industrial_index
2022-06-21,VNIND,768.91,781.15,753.59,757.77,115400000,vndirect_dchart_public,2026-06-08T09:01:08.678884+00:00,industrial_index
2022-06-22,VNIND,764.99,771.87,756.34,762.96,82401300,vndirect_dchart_public,2026-06-08T09:01:08.678898+00:00,industrial_index
2022-06-23,VNIND,764.56,788.99,764.03,788.99,58889700,vndirect_dchart_public,2026-06-08T09:01:08.678913+00:00,industrial_index
2022-06-24,VNIND,792.92,799.3,786.23,786.23,76765600,vndirect_dchart_public,2026-06-08T09:01:08.678929+00:00,industrial_index
2022-06-27,VNIND,790.12,808.03,786.53,804.9,66098000,vndirect_dchart_public,2026-06-08T09:01:08.678953+00:00,industrial_index
2022-06-28,VNIND,805.49,817.5,803.27,813.4,75916900,vndirect_dchart_public,2026-06-08T09:01:08.678970+00:00,industrial_index
2022-06-29,VNIND,805.31,816.1,801.03,811.98,104851600,vndirect_dchart_public,2026-06-08T09:01:08.678986+00:00,industrial_index
2022-06-30,VNIND,812.59,816.51,787.82,787.82,80954100,vndirect_dchart_public,2026-06-08T09:01:08.679002+00:00,industrial_index
2022-07-01,VNIND,781.91,794.93,760.79,789.07,77203300,vndirect_dchart_public,2026-06-08T09:01:08.679018+00:00,industrial_index
2022-07-04,VNIND,792.97,799.24,783.82,787.83,59369000,vndirect_dchart_public,2026-06-08T09:01:08.679032+00:00,industrial_index
2022-07-05,VNIND,787.82,789.23,761.48,761.48,72440000,vndirect_dchart_public,2026-06-08T09:01:08.679047+00:00,industrial_index
2022-07-06,VNIND,760.3,764.16,741.16,741.64,65652800,vndirect_dchart_public,2026-06-08T09:01:08.679063+00:00,industrial_index
2022-07-07,VNIND,740.82,751.84,736.07,751.84,56371400,vndirect_dchart_public,2026-06-08T09:01:08.679080+00:00,industrial_index
2022-07-08,VNIND,758.49,771.44,758.01,767.38,81354900,vndirect_dchart_public,2026-06-08T09:01:08.679095+00:00,industrial_index
2022-07-11,VNIND,766.8,774.31,757.13,764.79,80125600,vndirect_dchart_public,2026-06-08T09:01:08.679110+00:00,industrial_index
2022-07-12,VNIND,766.21,789.48,765.95,789.48,89315500,vndirect_dchart_public,2026-06-08T09:01:08.679127+00:00,industrial_index
2022-07-13,VNIND,791.72,796.27,783.31,785.78,84620800,vndirect_dchart_public,2026-06-08T09:01:08.679142+00:00,industrial_index
2022-07-14,VNIND,779.65,792.6,779.3,792.28,77961000,vndirect_dchart_public,2026-06-08T09:01:08.679161+00:00,industrial_index
2022-07-15,VNIND,793.75,803.4,789.98,789.98,89598400,vndirect_dchart_public,2026-06-08T09:01:08.679177+00:00,industrial_index
2022-07-18,VNIND,795.34,800.46,788.2,790.65,88736100,vndirect_dchart_public,2026-06-08T09:01:08.679193+00:00,industrial_index
2022-07-19,VNIND,788.42,798.49,781.85,795.86,71404600,vndirect_dchart_public,2026-06-08T09:01:08.679260+00:00,industrial_index
2022-07-20,VNIND,804.06,819.22,803.03,814.88,105406400,vndirect_dchart_public,2026-06-08T09:01:08.679282+00:00,industrial_index
2022-07-21,VNIND,817.12,820.16,812.16,813.11,74108100,vndirect_dchart_public,2026-06-08T09:01:08.679296+00:00,industrial_index
2022-07-22,VNIND,813.51,819.39,810.82,810.82,66575700,vndirect_dchart_public,2026-06-08T09:01:08.679311+00:00,industrial_index
2022-07-25,VNIND,808.06,812.76,803.07,805.62,64590300,vndirect_dchart_public,2026-06-08T09:01:08.679334+00:00,industrial_index
2022-07-26,VNIND,808.55,811.27,799.54,799.54,67326400,vndirect_dchart_public,2026-06-08T09:01:08.679349+00:00,industrial_index
2022-07-27,VNIND,799.3,808.93,793.35,808.93,63201900,vndirect_dchart_public,2026-06-08T09:01:08.679364+00:00,industrial_index
2022-07-28,VNIND,809.49,829.89,809.49,823.21,98887900,vndirect_dchart_public,2026-06-08T09:01:08.679377+00:00,industrial_index
2022-07-29,VNIND,826.61,829.8,820.36,820.36,82428800,vndirect_dchart_public,2026-06-08T09:01:08.679393+00:00,industrial_index
2022-08-01,VNIND,820.35,838.26,820.35,838.26,105676200,vndirect_dchart_public,2026-06-08T09:01:08.679406+00:00,industrial_index
2022-08-02,VNIND,837.82,846.6,835.47,844.29,124148000,vndirect_dchart_public,2026-06-08T09:01:08.679418+00:00,industrial_index
2022-08-03,VNIND,838.49,852.97,837.82,852.97,109473400,vndirect_dchart_public,2026-06-08T09:01:08.679431+00:00,industrial_index
2022-08-04,VNIND,856.93,858.98,845.16,849.23,109751800,vndirect_dchart_public,2026-06-08T09:01:08.679443+00:00,industrial_index
2022-08-05,VNIND,847.36,853.55,845.11,853.4,90395100,vndirect_dchart_public,2026-06-08T09:01:08.679455+00:00,industrial_index
2022-08-08,VNIND,856.21,860.63,852.15,855.76,101484500,vndirect_dchart_public,2026-06-08T09:01:08.679468+00:00,industrial_index
2022-08-09,VNIND,858.28,864.33,854.63,860.51,110510200,vndirect_dchart_public,2026-06-08T09:01:08.679480+00:00,industrial_index
2022-08-10,VNIND,859.3,868.86,857.22,864.93,97563800,vndirect_dchart_public,2026-06-08T09:01:08.679493+00:00,industrial_index
2022-08-11,VNIND,870.68,875.09,846.55,850.0,132574900,vndirect_dchart_public,2026-06-08T09:01:08.679509+00:00,industrial_index
2022-08-12,VNIND,849.46,862.21,848.04,859.83,87009700,vndirect_dchart_public,2026-06-08T09:01:08.679522+00:00,industrial_index
2022-08-15,VNIND,865.27,869.93,864.34,867.6,89657600,vndirect_dchart_public,2026-06-08T09:01:08.679535+00:00,industrial_index
2022-08-16,VNIND,867.85,873.37,867.38,873.1,99295700,vndirect_dchart_public,2026-06-08T09:01:08.679548+00:00,industrial_index
2022-08-17,VNIND,875.39,882.0,863.87,867.11,120738900,vndirect_dchart_public,2026-06-08T09:01:08.679560+00:00,industrial_index
2022-08-18,VNIND,865.66,867.66,858.52,861.45,80508400,vndirect_dchart_public,2026-06-08T09:01:08.679573+00:00,industrial_index
2022-08-19,VNIND,861.91,867.66,852.2,858.47,89789700,vndirect_dchart_public,2026-06-08T09:01:08.679596+00:00,industrial_index
2022-08-22,VNIND,856.6,858.92,841.73,847.63,103966500,vndirect_dchart_public,2026-06-08T09:01:08.679612+00:00,industrial_index
2022-08-23,VNIND,839.59,864.49,839.45,864.49,83254300,vndirect_dchart_public,2026-06-08T09:01:08.679628+00:00,industrial_index
2022-08-24,VNIND,865.91,871.96,864.65,870.34,99629900,vndirect_dchart_public,2026-06-08T09:01:08.679643+00:00,industrial_index
2022-08-25,VNIND,872.2,875.1,869.44,873.13,81911500,vndirect_dchart_public,2026-06-08T09:01:08.679733+00:00,industrial_index
2022-08-26,VNIND,874.99,877.43,862.26,865.22,101130400,vndirect_dchart_public,2026-06-08T09:01:08.679784+00:00,industrial_index
2022-08-29,VNIND,855.71,855.71,829.57,852.96,145447700,vndirect_dchart_public,2026-06-08T09:01:08.679801+00:00,industrial_index
2022-08-30,VNIND,853.03,860.27,844.33,845.86,73067400,vndirect_dchart_public,2026-06-08T09:01:08.679815+00:00,industrial_index
2022-08-31,VNIND,840.91,851.82,839.2,851.49,70537000,vndirect_dchart_public,2026-06-08T09:01:08.679828+00:00,industrial_index
2022-09-05,VNIND,852.43,854.91,847.3,849.17,60125300,vndirect_dchart_public,2026-06-08T09:01:08.679840+00:00,industrial_index
2022-09-06,VNIND,851.29,856.77,850.29,852.8,101156900,vndirect_dchart_public,2026-06-08T09:01:08.679853+00:00,industrial_index
2022-09-07,VNIND,849.44,849.97,818.16,818.16,152046700,vndirect_dchart_public,2026-06-08T09:01:08.679865+00:00,industrial_index
2022-09-08,VNIND,823.84,824.74,805.14,805.14,92132000,vndirect_dchart_public,2026-06-08T09:01:08.679877+00:00,industrial_index
2022-09-09,VNIND,810.46,824.91,797.74,824.91,94269300,vndirect_dchart_public,2026-06-08T09:01:08.679890+00:00,industrial_index
2022-09-12,VNIND,828.67,829.25,819.85,820.36,53930200,vndirect_dchart_public,2026-06-08T09:01:08.679902+00:00,industrial_index
2022-09-13,VNIND,822.27,823.17,813.95,822.39,56873900,vndirect_dchart_public,2026-06-08T09:01:08.679914+00:00,industrial_index
2022-09-14,VNIND,806.1,824.72,806.1,824.72,98039100,vndirect_dchart_public,2026-06-08T09:01:08.679926+00:00,industrial_index
2022-09-15,VNIND,829.57,830.92,824.67,826.56,65757800,vndirect_dchart_public,2026-06-08T09:01:08.679938+00:00,industrial_index
2022-09-16,VNIND,824.28,824.79,807.25,807.9,105805100,vndirect_dchart_public,2026-06-08T09:01:08.679957+00:00,industrial_index
2022-09-19,VNIND,807.05,808.97,776.93,779.41,115689700,vndirect_dchart_public,2026-06-08T09:01:08.679970+00:00,industrial_index
2022-09-20,VNIND,784.64,788.89,768.92,788.74,76859500,vndirect_dchart_public,2026-06-08T09:01:08.679996+00:00,industrial_index
2022-09-21,VNIND,781.7,792.91,780.79,786.17,65592100,vndirect_dchart_public,2026-06-08T09:01:08.680010+00:00,industrial_index
2022-09-22,VNIND,780.46,796.76,778.16,796.76,76491200,vndirect_dchart_public,2026-06-08T09:01:08.680022+00:00,industrial_index
2022-09-23,VNIND,796.79,801.44,788.79,788.87,86815100,vndirect_dchart_public,2026-06-08T09:01:08.680034+00:00,industrial_index
2022-09-26,VNIND,773.43,776.0,751.35,760.93,137778000,vndirect_dchart_public,2026-06-08T09:01:08.680046+00:00,industrial_index
2022-09-27,VNIND,762.13,765.83,755.49,757.2,81460900,vndirect_dchart_public,2026-06-08T09:01:08.680061+00:00,industrial_index
2022-09-28,VNIND,754.44,756.73,735.21,739.26,105987100,vndirect_dchart_public,2026-06-08T09:01:08.680074+00:00,industrial_index
2022-09-29,VNIND,743.19,750.46,723.14,723.14,90022500,vndirect_dchart_public,2026-06-08T09:01:08.680086+00:00,industrial_index
2022-09-30,VNIND,716.4,728.11,700.21,727.87,119168200,vndirect_dchart_public,2026-06-08T09:01:08.680099+00:00,industrial_index
2022-10-03,VNIND,721.91,723.35,695.06,695.61,76655700,vndirect_dchart_public,2026-06-08T09:01:08.680111+00:00,industrial_index
2022-10-04,VNIND,703.76,704.62,681.48,690.06,86175800,vndirect_dchart_public,2026-06-08T09:01:08.680124+00:00,industrial_index
2022-10-05,VNIND,702.2,717.33,699.34,714.65,66698700,vndirect_dchart_public,2026-06-08T09:01:08.680137+00:00,industrial_index
2022-10-06,VNIND,714.99,715.43,687.29,690.25,82551300,vndirect_dchart_public,2026-06-08T09:01:08.680150+00:00,industrial_index
2022-10-07,VNIND,673.67,676.93,659.49,671.14,119252100,vndirect_dchart_public,2026-06-08T09:01:08.680163+00:00,industrial_index
2022-10-10,VNIND,661.23,679.55,655.16,674.39,73389100,vndirect_dchart_public,2026-06-08T09:01:08.680176+00:00,industrial_index
2022-10-11,VNIND,674.05,675.25,643.36,644.61,72378200,vndirect_dchart_public,2026-06-08T09:01:08.680188+00:00,industrial_index
2022-10-12,VNIND,638.3,663.84,636.37,656.39,71700200,vndirect_dchart_public,2026-06-08T09:01:08.680200+00:00,industrial_index
2022-10-13,VNIND,657.52,661.89,651.91,659.12,46042700,vndirect_dchart_public,2026-06-08T09:01:08.680212+00:00,industrial_index
2022-10-14,VNIND,666.0,673.11,665.67,668.9,72418600,vndirect_dchart_public,2026-06-08T09:01:08.680225+00:00,industrial_index
2022-10-17,VNIND,666.28,671.67,656.62,671.67,56158300,vndirect_dchart_public,2026-06-08T09:01:08.680247+00:00,industrial_index
2022-10-18,VNIND,678.14,687.46,676.03,678.08,75819200,vndirect_dchart_public,2026-06-08T09:01:08.680261+00:00,industrial_index
2022-10-19,VNIND,680.26,682.75,675.35,676.82,46257100,vndirect_dchart_public,2026-06-08T09:01:08.680273+00:00,industrial_index
2022-10-20,VNIND,675.7,677.31,668.02,669.4,50254300,vndirect_dchart_public,2026-06-08T09:01:08.680285+00:00,industrial_index
2022-10-21,VNIND,669.67,669.97,636.59,642.17,89564700,vndirect_dchart_public,2026-06-08T09:01:08.680297+00:00,industrial_index
2022-10-24,VNIND,642.02,642.02,612.06,614.04,71785500,vndirect_dchart_public,2026-06-08T09:01:08.680309+00:00,industrial_index
2022-10-25,VNIND,606.45,623.71,588.65,605.09,101191000,vndirect_dchart_public,2026-06-08T09:01:08.680321+00:00,industrial_index
2022-10-26,VNIND,604.13,609.52,588.17,593.24,58433700,vndirect_dchart_public,2026-06-08T09:01:08.680337+00:00,industrial_index
2022-10-27,VNIND,589.86,614.04,588.7,614.04,87511800,vndirect_dchart_public,2026-06-08T09:01:08.680349+00:00,industrial_index
2022-10-28,VNIND,620.45,627.99,615.09,616.32,73262000,vndirect_dchart_public,2026-06-08T09:01:08.680362+00:00,industrial_index
2022-10-31,VNIND,614.98,618.02,599.17,610.15,81291300,vndirect_dchart_public,2026-06-08T09:01:08.680375+00:00,industrial_index
2022-11-01,VNIND,613.17,619.35,609.93,612.13,65708600,vndirect_dchart_public,2026-06-08T09:01:08.680388+00:00,industrial_index
2022-11-02,VNIND,613.87,616.92,605.14,606.74,56944000,vndirect_dchart_public,2026-06-08T09:01:08.680400+00:00,industrial_index
2022-11-03,VNIND,592.76,609.5,592.76,606.16,61921900,vndirect_dchart_public,2026-06-08T09:01:08.680413+00:00,industrial_index
2022-11-04,VNIND,599.42,603.25,575.32,584.98,94858200,vndirect_dchart_public,2026-06-08T09:01:08.680425+00:00,industrial_index
2022-11-07,VNIND,575.54,579.72,558.66,563.71,72618300,vndirect_dchart_public,2026-06-08T09:01:08.680438+00:00,industrial_index
2022-11-08,VNIND,550.39,563.98,550.23,559.83,69031500,vndirect_dchart_public,2026-06-08T09:01:08.680451+00:00,industrial_index
2022-11-09,VNIND,561.08,571.33,552.18,558.07,100249200,vndirect_dchart_public,2026-06-08T09:01:08.680463+00:00,industrial_index
2022-11-10,VNIND,551.58,554.17,529.93,536.78,76714600,vndirect_dchart_public,2026-06-08T09:01:08.680475+00:00,industrial_index
2022-11-11,VNIND,536.76,541.59,527.75,532.65,108206900,vndirect_dchart_public,2026-06-08T09:01:08.680488+00:00,industrial_index
2022-11-14,VNIND,530.56,530.56,511.99,516.53,83928000,vndirect_dchart_public,2026-06-08T09:01:08.680508+00:00,industrial_index
2022-11-15,VNIND,499.37,504.02,489.95,494.41,60263400,vndirect_dchart_public,2026-06-08T09:01:08.680521+00:00,industrial_index
2022-11-16,VNIND,481.67,514.1,470.9,514.1,183187400,vndirect_dchart_public,2026-06-08T09:01:08.680533+00:00,industrial_index
2022-11-17,VNIND,516.19,528.12,516.19,524.53,88938000,vndirect_dchart_public,2026-06-08T09:01:08.680545+00:00,industrial_index
2022-11-18,VNIND,522.01,534.49,508.36,532.03,129886900,vndirect_dchart_public,2026-06-08T09:01:08.680558+00:00,industrial_index
2022-11-21,VNIND,538.6,542.17,535.03,538.14,92593400,vndirect_dchart_public,2026-06-08T09:01:08.680571+00:00,industrial_index
2022-11-22,VNIND,538.47,555.65,534.59,538.09,157952800,vndirect_dchart_public,2026-06-08T09:01:08.680589+00:00,industrial_index
2022-11-23,VNIND,536.35,544.52,527.04,532.46,80638400,vndirect_dchart_public,2026-06-08T09:01:08.680604+00:00,industrial_index
2022-11-24,VNIND,527.26,535.54,524.08,534.97,83790600,vndirect_dchart_public,2026-06-08T09:01:08.680617+00:00,industrial_index
2022-11-25,VNIND,540.01,550.96,539.89,550.96,93229000,vndirect_dchart_public,2026-06-08T09:01:08.680629+00:00,industrial_index
2022-11-28,VNIND,563.07,570.05,558.9,569.52,87881100,vndirect_dchart_public,2026-06-08T09:01:08.680641+00:00,industrial_index
2022-11-29,VNIND,574.16,580.38,564.41,580.38,190204400,vndirect_dchart_public,2026-06-08T09:01:08.680653+00:00,industrial_index
2022-11-30,VNIND,583.89,591.47,575.14,591.47,127256800,vndirect_dchart_public,2026-06-08T09:01:08.680665+00:00,industrial_index
2022-12-01,VNIND,601.85,607.29,587.03,593.45,179425700,vndirect_dchart_public,2026-06-08T09:01:08.680678+00:00,industrial_index
2022-12-02,VNIND,591.48,613.51,584.39,613.51,159324800,vndirect_dchart_public,2026-06-08T09:01:08.680691+00:00,industrial_index
2022-12-05,VNIND,620.58,626.9,618.56,623.2,145908300,vndirect_dchart_public,2026-06-08T09:01:08.680703+00:00,industrial_index
2022-12-06,VNIND,621.48,627.02,606.24,607.37,220398000,vndirect_dchart_public,2026-06-08T09:01:08.680715+00:00,industrial_index
2022-12-07,VNIND,600.66,608.09,590.99,595.87,128356400,vndirect_dchart_public,2026-06-08T09:01:08.680727+00:00,industrial_index
2022-12-08,VNIND,601.82,614.87,600.16,608.24,114018700,vndirect_dchart_public,2026-06-08T09:01:08.680740+00:00,industrial_index
2022-12-09,VNIND,611.86,623.98,601.07,622.85,111310800,vndirect_dchart_public,2026-06-08T09:01:08.680763+00:00,industrial_index
2022-12-12,VNIND,626.83,636.59,614.54,615.0,140607900,vndirect_dchart_public,2026-06-08T09:01:08.680776+00:00,industrial_index
2022-12-13,VNIND,614.31,622.67,604.23,622.67,120852700,vndirect_dchart_public,2026-06-08T09:01:08.680789+00:00,industrial_index
2022-12-14,VNIND,623.45,630.54,619.3,622.82,113277100,vndirect_dchart_public,2026-06-08T09:01:08.680802+00:00,industrial_index
2022-12-15,VNIND,622.61,627.15,616.73,624.85,92069600,vndirect_dchart_public,2026-06-08T09:01:08.680814+00:00,industrial_index
2022-12-16,VNIND,615.41,632.48,615.05,631.83,146978000,vndirect_dchart_public,2026-06-08T09:01:08.680827+00:00,industrial_index
2022-12-19,VNIND,633.16,635.16,617.23,617.23,136817500,vndirect_dchart_public,2026-06-08T09:01:08.680840+00:00,industrial_index
2022-12-20,VNIND,614.84,616.82,592.16,598.79,162135300,vndirect_dchart_public,2026-06-08T09:01:08.680853+00:00,industrial_index
2022-12-21,VNIND,602.09,602.11,578.6,587.2,111595700,vndirect_dchart_public,2026-06-08T09:01:08.680865+00:00,industrial_index
2022-12-22,VNIND,589.06,593.51,577.55,589.68,75599500,vndirect_dchart_public,2026-06-08T09:01:08.680881+00:00,industrial_index
2022-12-23,VNIND,589.29,593.17,584.06,591.04,62538500,vndirect_dchart_public,2026-06-08T09:01:08.680897+00:00,industrial_index
2022-12-26,VNIND,591.98,592.08,568.68,568.68,80027500,vndirect_dchart_public,2026-06-08T09:01:08.680913+00:00,industrial_index
2022-12-27,VNIND,569.43,581.64,564.84,580.39,87902100,vndirect_dchart_public,2026-06-08T09:01:08.680928+00:00,industrial_index
2022-12-28,VNIND,581.54,587.51,575.81,584.12,57293400,vndirect_dchart_public,2026-06-08T09:01:08.680943+00:00,industrial_index
2022-12-29,VNIND,584.09,587.38,578.36,578.36,53384200,vndirect_dchart_public,2026-06-08T09:01:08.680959+00:00,industrial_index
2022-12-30,VNIND,584.29,584.58,577.18,578.88,50659000,vndirect_dchart_public,2026-06-08T09:01:08.680975+00:00,industrial_index
2023-01-03,VNIND,579.66,598.56,579.66,598.56,84145600,vndirect_dchart_public,2026-06-08T09:01:08.680992+00:00,industrial_index
2023-01-04,VNIND,602.69,609.33,595.63,598.38,109888200,vndirect_dchart_public,2026-06-08T09:01:08.681010+00:00,industrial_index
2023-01-05,VNIND,600.88,604.46,596.53,603.57,84446000,vndirect_dchart_public,2026-06-08T09:01:08.681029+00:00,industrial_index
2023-01-06,VNIND,604.39,606.37,591.35,592.85,87190000,vndirect_dchart_public,2026-06-08T09:01:08.681058+00:00,industrial_index
2023-01-09,VNIND,597.19,598.88,590.05,591.67,56182100,vndirect_dchart_public,2026-06-08T09:01:08.681083+00:00,industrial_index
2023-01-10,VNIND,592.02,597.25,584.93,595.51,78895900,vndirect_dchart_public,2026-06-08T09:01:08.681100+00:00,industrial_index
2023-01-11,VNIND,598.04,603.64,597.82,598.86,68043500,vndirect_dchart_public,2026-06-08T09:01:08.681116+00:00,industrial_index
2023-01-12,VNIND,602.15,602.27,595.61,599.77,58618600,vndirect_dchart_public,2026-06-08T09:01:08.681132+00:00,industrial_index
2023-01-13,VNIND,601.97,604.08,597.15,597.18,80419200,vndirect_dchart_public,2026-06-08T09:01:08.681147+00:00,industrial_index
2023-01-16,VNIND,598.92,600.69,594.47,595.28,58287200,vndirect_dchart_public,2026-06-08T09:01:08.681163+00:00,industrial_index
2023-01-17,VNIND,597.22,610.39,597.22,610.39,88469200,vndirect_dchart_public,2026-06-08T09:01:08.681178+00:00,industrial_index
2023-01-18,VNIND,612.55,620.93,611.3,620.1,90133700,vndirect_dchart_public,2026-06-08T09:01:08.681193+00:00,industrial_index
2023-01-19,VNIND,620.44,628.34,619.19,628.34,79573800,vndirect_dchart_public,2026-06-08T09:01:08.681208+00:00,industrial_index
2023-01-27,VNIND,634.48,642.16,634.38,637.84,89249600,vndirect_dchart_public,2026-06-08T09:01:08.681224+00:00,industrial_index
2023-01-30,VNIND,640.38,647.23,636.83,636.83,141197500,vndirect_dchart_public,2026-06-08T09:01:08.681240+00:00,industrial_index
2023-01-31,VNIND,637.94,649.4,634.6,649.4,108615500,vndirect_dchart_public,2026-06-08T09:01:08.681257+00:00,industrial_index
2023-02-01,VNIND,653.05,654.0,625.99,625.99,158012900,vndirect_dchart_public,2026-06-08T09:01:08.681273+00:00,industrial_index
2023-02-02,VNIND,626.89,630.03,614.1,617.26,100413500,vndirect_dchart_public,2026-06-08T09:01:08.681289+00:00,industrial_index
2023-02-03,VNIND,619.82,622.27,611.74,616.53,76800400,vndirect_dchart_public,2026-06-08T09:01:08.681306+00:00,industrial_index
2023-02-06,VNIND,613.23,623.62,612.39,623.62,65315700,vndirect_dchart_public,2026-06-08T09:01:08.681364+00:00,industrial_index
2023-02-07,VNIND,623.61,627.78,610.21,612.43,95239500,vndirect_dchart_public,2026-06-08T09:01:08.681398+00:00,industrial_index
2023-02-08,VNIND,615.18,616.91,603.36,611.09,79002400,vndirect_dchart_public,2026-06-08T09:01:08.681410+00:00,industrial_index
2023-02-09,VNIND,611.66,615.42,604.38,604.38,52529900,vndirect_dchart_public,2026-06-08T09:01:08.681424+00:00,industrial_index
2023-02-10,VNIND,604.44,606.54,595.28,596.46,67362500,vndirect_dchart_public,2026-06-08T09:01:08.681446+00:00,industrial_index
2023-02-13,VNIND,592.57,592.78,576.44,581.17,115915200,vndirect_dchart_public,2026-06-08T09:01:08.681462+00:00,industrial_index
2023-02-14,VNIND,584.55,585.88,578.59,581.03,49312700,vndirect_dchart_public,2026-06-08T09:01:08.681476+00:00,industrial_index
2023-02-15,VNIND,581.28,593.36,580.58,591.24,81303500,vndirect_dchart_public,2026-06-08T09:01:08.681489+00:00,industrial_index
2023-02-16,VNIND,592.99,597.69,592.36,597.69,62583700,vndirect_dchart_public,2026-06-08T09:01:08.681503+00:00,industrial_index
2023-02-17,VNIND,598.71,603.33,596.27,598.96,85016300,vndirect_dchart_public,2026-06-08T09:01:08.681517+00:00,industrial_index
2023-02-20,VNIND,601.35,616.01,601.06,616.01,107161400,vndirect_dchart_public,2026-06-08T09:01:08.681531+00:00,industrial_index
2023-02-21,VNIND,619.94,623.95,614.25,616.11,149039200,vndirect_dchart_public,2026-06-08T09:01:08.681545+00:00,industrial_index
2023-02-22,VNIND,612.89,615.38,601.06,601.06,137726800,vndirect_dchart_public,2026-06-08T09:01:08.681559+00:00,industrial_index
2023-02-23,VNIND,600.5,602.52,581.6,595.32,112016900,vndirect_dchart_public,2026-06-08T09:01:08.681573+00:00,industrial_index
2023-02-24,VNIND,596.77,599.38,584.98,584.98,56734900,vndirect_dchart_public,2026-06-08T09:01:08.681592+00:00,industrial_index
2023-02-27,VNIND,582.96,582.96,569.52,572.5,79725600,vndirect_dchart_public,2026-06-08T09:01:08.681607+00:00,industrial_index
2023-02-28,VNIND,576.47,578.72,569.78,575.07,63652400,vndirect_dchart_public,2026-06-08T09:01:08.681621+00:00,industrial_index
2023-03-01,VNIND,572.98,586.13,566.75,586.13,95694900,vndirect_dchart_public,2026-06-08T09:01:08.681635+00:00,industrial_index
2023-03-02,VNIND,585.36,590.28,580.04,583.81,52832400,vndirect_dchart_public,2026-06-08T09:01:08.681650+00:00,industrial_index
2023-03-03,VNIND,584.21,586.33,573.26,575.93,77632300,vndirect_dchart_public,2026-06-08T09:01:08.681692+00:00,industrial_index
2023-03-06,VNIND,582.31,585.03,573.01,573.01,69074300,vndirect_dchart_public,2026-06-08T09:01:08.681707+00:00,industrial_index
2023-03-07,VNIND,578.83,580.67,573.98,574.94,52905800,vndirect_dchart_public,2026-06-08T09:01:08.681721+00:00,industrial_index
2023-03-08,VNIND,571.93,585.12,571.31,585.12,87264000,vndirect_dchart_public,2026-06-08T09:01:08.681739+00:00,industrial_index
2023-03-09,VNIND,589.3,595.43,588.51,591.82,80884900,vndirect_dchart_public,2026-06-08T09:01:08.681752+00:00,industrial_index
2023-03-10,VNIND,589.52,590.7,582.76,586.74,74000100,vndirect_dchart_public,2026-06-08T09:01:08.681779+00:00,industrial_index
2023-03-13,VNIND,582.35,587.21,581.57,581.76,70220300,vndirect_dchart_public,2026-06-08T09:01:08.681794+00:00,industrial_index
2023-03-14,VNIND,580.65,583.54,572.8,575.62,87269200,vndirect_dchart_public,2026-06-08T09:01:08.681808+00:00,industrial_index
2023-03-15,VNIND,578.98,591.42,578.98,591.42,74643700,vndirect_dchart_public,2026-06-08T09:01:08.681822+00:00,industrial_index
2023-03-16,VNIND,589.3,589.69,578.55,581.76,65216000,vndirect_dchart_public,2026-06-08T09:01:08.681835+00:00,industrial_index
2023-03-17,VNIND,588.0,590.03,581.44,590.03,65228000,vndirect_dchart_public,2026-06-08T09:01:08.681849+00:00,industrial_index
2023-03-20,VNIND,585.15,589.79,576.94,578.99,73074000,vndirect_dchart_public,2026-06-08T09:01:08.681863+00:00,industrial_index
2023-03-21,VNIND,581.16,590.4,571.63,581.13,54542100,vndirect_dchart_public,2026-06-08T09:01:08.681876+00:00,industrial_index
2023-03-22,VNIND,581.32,585.32,581.22,582.43,65148000,vndirect_dchart_public,2026-06-08T09:01:08.681890+00:00,industrial_index
2023-03-23,VNIND,580.11,584.83,577.93,584.83,47962400,vndirect_dchart_public,2026-06-08T09:01:08.681903+00:00,industrial_index
2023-03-24,VNIND,587.06,589.01,585.14,588.13,83119800,vndirect_dchart_public,2026-06-08T09:01:08.681917+00:00,industrial_index
2023-03-27,VNIND,589.6,595.23,585.75,595.23,86824300,vndirect_dchart_public,2026-06-08T09:01:08.681931+00:00,industrial_index
2023-03-28,VNIND,597.15,600.89,593.95,595.4,104548800,vndirect_dchart_public,2026-06-08T09:01:08.681945+00:00,industrial_index
2023-03-29,VNIND,595.6,595.86,588.81,595.01,64563300,vndirect_dchart_public,2026-06-08T09:01:08.681959+00:00,industrial_index
2023-03-30,VNIND,598.26,599.88,594.25,595.13,87568400,vndirect_dchart_public,2026-06-08T09:01:08.681973+00:00,industrial_index
2023-03-31,VNIND,596.11,597.25,592.45,595.8,84376800,vndirect_dchart_public,2026-06-08T09:01:08.681986+00:00,industrial_index
2023-04-03,VNIND,601.69,607.61,600.03,605.43,134380800,vndirect_dchart_public,2026-06-08T09:01:08.682001+00:00,industrial_index
2023-04-04,VNIND,607.52,612.86,607.06,611.06,127827800,vndirect_dchart_public,2026-06-08T09:01:08.682018+00:00,industrial_index
2023-04-05,VNIND,612.27,617.23,609.28,617.23,129385600,vndirect_dchart_public,2026-06-08T09:01:08.682032+00:00,industrial_index
2023-04-06,VNIND,621.29,624.4,613.35,613.35,220873800,vndirect_dchart_public,2026-06-08T09:01:08.682051+00:00,industrial_index
2023-04-07,VNIND,614.8,618.24,611.01,618.24,119356800,vndirect_dchart_public,2026-06-08T09:01:08.682065+00:00,industrial_index
2023-04-10,VNIND,622.65,623.93,612.11,615.2,168745300,vndirect_dchart_public,2026-06-08T09:01:08.682078+00:00,industrial_index
2023-04-11,VNIND,613.92,620.84,608.93,620.84,131809000,vndirect_dchart_public,2026-06-08T09:01:08.682096+00:00,industrial_index
2023-04-12,VNIND,622.98,624.11,618.41,620.54,135745300,vndirect_dchart_public,2026-06-08T09:01:08.682111+00:00,industrial_index
2023-04-13,VNIND,621.17,622.96,615.92,617.56,105615400,vndirect_dchart_public,2026-06-08T09:01:08.682125+00:00,industrial_index
2023-04-14,VNIND,619.92,620.99,604.87,604.87,139081200,vndirect_dchart_public,2026-06-08T09:01:08.682139+00:00,industrial_index
2023-04-17,VNIND,605.32,606.82,601.74,606.61,65020200,vndirect_dchart_public,2026-06-08T09:01:08.682153+00:00,industrial_index
2023-04-18,VNIND,607.24,612.34,604.14,611.78,105250300,vndirect_dchart_public,2026-06-08T09:01:08.682167+00:00,industrial_index
2023-04-19,VNIND,614.42,615.15,608.39,609.02,79847600,vndirect_dchart_public,2026-06-08T09:01:08.682181+00:00,industrial_index
2023-04-20,VNIND,609.4,612.82,606.97,609.82,59222400,vndirect_dchart_public,2026-06-08T09:01:08.682194+00:00,industrial_index
2023-04-21,VNIND,610.63,611.33,602.13,605.04,83066300,vndirect_dchart_public,2026-06-08T09:01:08.682208+00:00,industrial_index
2023-04-24,VNIND,604.84,608.83,600.73,605.63,78550100,vndirect_dchart_public,2026-06-08T09:01:08.682221+00:00,industrial_index
2023-04-25,VNIND,606.52,612.03,601.13,602.25,86698000,vndirect_dchart_public,2026-06-08T09:01:08.682235+00:00,industrial_index
2023-04-26,VNIND,602.97,607.99,600.44,607.99,72641600,vndirect_dchart_public,2026-06-08T09:01:08.682249+00:00,industrial_index
2023-04-27,VNIND,609.99,614.98,609.28,612.46,95306500,vndirect_dchart_public,2026-06-08T09:01:08.682262+00:00,industrial_index
2023-04-28,VNIND,617.21,619.32,616.48,618.91,119958600,vndirect_dchart_public,2026-06-08T09:01:08.682275+00:00,industrial_index
2023-05-04,VNIND,620.56,625.13,616.48,617.9,115855800,vndirect_dchart_public,2026-06-08T09:01:08.682289+00:00,industrial_index
2023-05-05,VNIND,618.21,622.0,615.71,617.75,101695300,vndirect_dchart_public,2026-06-08T09:01:08.682303+00:00,industrial_index
2023-05-08,VNIND,621.58,624.09,617.9,621.15,117858700,vndirect_dchart_public,2026-06-08T09:01:08.682317+00:00,industrial_index
2023-05-09,VNIND,621.31,623.39,617.41,620.09,103903200,vndirect_dchart_public,2026-06-08T09:01:08.682336+00:00,industrial_index
2023-05-10,VNIND,621.54,628.07,621.48,627.59,140742900,vndirect_dchart_public,2026-06-08T09:01:08.682351+00:00,industrial_index
2023-05-11,VNIND,630.62,633.26,627.03,631.62,161963400,vndirect_dchart_public,2026-06-08T09:01:08.682365+00:00,industrial_index
2023-05-12,VNIND,631.89,635.31,630.12,635.31,138809900,vndirect_dchart_public,2026-06-08T09:01:08.682379+00:00,industrial_index
2023-05-15,VNIND,636.76,640.78,630.78,630.79,151126200,vndirect_dchart_public,2026-06-08T09:01:08.682392+00:00,industrial_index
2023-05-16,VNIND,634.06,636.38,632.37,634.48,135777100,vndirect_dchart_public,2026-06-08T09:01:08.682406+00:00,industrial_index
2023-05-17,VNIND,634.71,638.92,632.1,632.1,160853200,vndirect_dchart_public,2026-06-08T09:01:08.682425+00:00,industrial_index
2023-05-18,VNIND,633.65,634.42,630.43,630.43,118874200,vndirect_dchart_public,2026-06-08T09:01:08.682440+00:00,industrial_index
2023-05-19,VNIND,632.47,633.6,624.47,632.36,129945000,vndirect_dchart_public,2026-06-08T09:01:08.682453+00:00,industrial_index
2023-05-22,VNIND,636.74,641.51,635.07,641.51,163362500,vndirect_dchart_public,2026-06-08T09:01:08.682467+00:00,industrial_index
2023-05-23,VNIND,642.64,645.89,639.75,642.41,127702900,vndirect_dchart_public,2026-06-08T09:01:08.682481+00:00,industrial_index
2023-05-24,VNIND,644.76,646.46,642.38,643.65,151274800,vndirect_dchart_public,2026-06-08T09:01:08.682495+00:00,industrial_index
2023-05-25,VNIND,642.52,645.83,640.51,644.31,149667900,vndirect_dchart_public,2026-06-08T09:01:08.682508+00:00,industrial_index
2023-05-26,VNIND,645.65,650.65,644.8,649.2,158147600,vndirect_dchart_public,2026-06-08T09:01:08.682522+00:00,industrial_index
2023-05-29,VNIND,653.3,657.69,653.25,657.69,163035600,vndirect_dchart_public,2026-06-08T09:01:08.682536+00:00,industrial_index
2023-05-30,VNIND,660.46,662.13,655.05,660.41,178545200,vndirect_dchart_public,2026-06-08T09:01:08.682555+00:00,industrial_index
2023-05-31,VNIND,661.34,667.39,659.78,662.84,177164000,vndirect_dchart_public,2026-06-08T09:01:08.682570+00:00,industrial_index
2023-06-01,VNIND,664.81,669.21,662.89,668.94,187078500,vndirect_dchart_public,2026-06-08T09:01:08.682585+00:00,industrial_index
2023-06-02,VNIND,675.11,676.48,667.39,669.42,188769100,vndirect_dchart_public,2026-06-08T09:01:08.682599+00:00,industrial_index
2023-06-05,VNIND,676.25,676.34,668.94,669.93,162647000,vndirect_dchart_public,2026-06-08T09:01:08.682618+00:00,industrial_index
2023-06-06,VNIND,669.85,677.07,667.96,677.07,145707300,vndirect_dchart_public,2026-06-08T09:01:08.682632+00:00,industrial_index
2023-06-07,VNIND,679.08,683.11,676.49,683.11,171120000,vndirect_dchart_public,2026-06-08T09:01:08.682648+00:00,industrial_index
2023-06-08,VNIND,685.24,690.93,671.61,671.61,243289200,vndirect_dchart_public,2026-06-08T09:01:08.682670+00:00,industrial_index
2023-06-09,VNIND,674.12,677.99,668.44,677.99,177197200,vndirect_dchart_public,2026-06-08T09:01:08.682684+00:00,industrial_index
2023-06-12,VNIND,681.09,684.08,674.35,681.88,147372600,vndirect_dchart_public,2026-06-08T09:01:08.682698+00:00,industrial_index
2023-06-13,VNIND,684.47,685.77,680.51,682.87,159967600,vndirect_dchart_public,2026-06-08T09:01:08.682712+00:00,industrial_index
2023-06-14,VNIND,687.23,687.72,675.85,675.85,146917300,vndirect_dchart_public,2026-06-08T09:01:08.682727+00:00,industrial_index
2023-06-15,VNIND,675.53,678.26,671.86,675.61,121860800,vndirect_dchart_public,2026-06-08T09:01:08.682742+00:00,industrial_index
2023-06-16,VNIND,675.89,684.73,673.76,673.76,161101000,vndirect_dchart_public,2026-06-08T09:01:08.682756+00:00,industrial_index
2023-06-19,VNIND,676.15,677.47,670.9,671.68,145276000,vndirect_dchart_public,2026-06-08T09:01:08.682770+00:00,industrial_index
2023-06-20,VNIND,673.37,683.39,673.37,683.39,139277300,vndirect_dchart_public,2026-06-08T09:01:08.682790+00:00,industrial_index
2023-06-21,VNIND,684.46,690.31,684.02,690.31,185377900,vndirect_dchart_public,2026-06-08T09:01:08.682807+00:00,industrial_index
2023-06-22,VNIND,696.22,696.9,692.51,695.91,185064100,vndirect_dchart_public,2026-06-08T09:01:08.682822+00:00,industrial_index
2023-06-23,VNIND,697.96,698.83,691.31,697.32,165281300,vndirect_dchart_public,2026-06-08T09:01:08.682837+00:00,industrial_index
2023-06-26,VNIND,698.02,700.01,685.02,697.54,220497100,vndirect_dchart_public,2026-06-08T09:01:08.682858+00:00,industrial_index
2023-06-27,VNIND,700.69,702.27,694.76,697.32,135780900,vndirect_dchart_public,2026-06-08T09:01:08.682877+00:00,industrial_index
2023-06-28,VNIND,698.62,701.54,693.4,694.82,149626500,vndirect_dchart_public,2026-06-08T09:01:08.682897+00:00,industrial_index
2023-06-29,VNIND,694.23,694.73,680.5,680.5,179852300,vndirect_dchart_public,2026-06-08T09:01:08.682916+00:00,industrial_index
2023-06-30,VNIND,680.64,683.89,678.78,683.62,95923300,vndirect_dchart_public,2026-06-08T09:01:08.682931+00:00,industrial_index
2023-07-03,VNIND,687.21,688.55,684.69,686.19,83046900,vndirect_dchart_public,2026-06-08T09:01:08.682961+00:00,industrial_index
2023-07-04,VNIND,687.4,693.42,686.7,693.42,99535600,vndirect_dchart_public,2026-06-08T09:01:08.682977+00:00,industrial_index
2023-07-05,VNIND,697.21,697.84,692.67,692.69,125119800,vndirect_dchart_public,2026-06-08T09:01:08.682996+00:00,industrial_index
2023-07-06,VNIND,692.35,694.32,681.97,687.55,148348200,vndirect_dchart_public,2026-06-08T09:01:08.683012+00:00,industrial_index
2023-07-07,VNIND,685.62,694.33,680.95,694.33,148066400,vndirect_dchart_public,2026-06-08T09:01:08.683027+00:00,industrial_index
2023-07-10,VNIND,698.48,702.22,697.58,702.22,132943200,vndirect_dchart_public,2026-06-08T09:01:08.683042+00:00,industrial_index
2023-07-11,VNIND,705.79,706.62,699.78,702.43,153350600,vndirect_dchart_public,2026-06-08T09:01:08.683057+00:00,industrial_index
2023-07-12,VNIND,705.2,706.99,698.15,701.68,106665100,vndirect_dchart_public,2026-06-08T09:01:08.683076+00:00,industrial_index
2023-07-13,VNIND,704.81,713.27,704.71,713.27,179949000,vndirect_dchart_public,2026-06-08T09:01:08.683099+00:00,industrial_index
2023-07-14,VNIND,717.19,720.77,713.13,720.77,181281300,vndirect_dchart_public,2026-06-08T09:01:08.683114+00:00,industrial_index
2023-07-17,VNIND,724.01,727.77,719.44,722.38,177624000,vndirect_dchart_public,2026-06-08T09:01:08.683129+00:00,industrial_index
2023-07-18,VNIND,722.44,722.78,717.61,721.82,143356600,vndirect_dchart_public,2026-06-08T09:01:08.683144+00:00,industrial_index
2023-07-19,VNIND,724.04,727.44,719.3,719.78,173527600,vndirect_dchart_public,2026-06-08T09:01:08.683160+00:00,industrial_index
2023-07-20,VNIND,720.86,724.64,714.87,724.64,136601600,vndirect_dchart_public,2026-06-08T09:01:08.683176+00:00,industrial_index
2023-07-21,VNIND,726.83,734.16,726.33,734.16,187454300,vndirect_dchart_public,2026-06-08T09:01:08.683191+00:00,industrial_index
2023-07-24,VNIND,738.41,744.54,735.45,741.75,225934600,vndirect_dchart_public,2026-06-08T09:01:08.683206+00:00,industrial_index
2023-07-25,VNIND,744.81,745.11,734.94,740.97,188628700,vndirect_dchart_public,2026-06-08T09:01:08.683221+00:00,industrial_index
2023-07-26,VNIND,741.03,743.2,737.21,740.86,178048500,vndirect_dchart_public,2026-06-08T09:01:08.683237+00:00,industrial_index
2023-07-27,VNIND,742.22,746.8,733.16,744.01,253146400,vndirect_dchart_public,2026-06-08T09:01:08.683262+00:00,industrial_index
2023-07-28,VNIND,745.42,748.38,739.33,746.08,218870600,vndirect_dchart_public,2026-06-08T09:01:08.683282+00:00,industrial_index
2023-07-31,VNIND,750.2,754.15,745.02,754.15,210048500,vndirect_dchart_public,2026-06-08T09:01:08.683298+00:00,industrial_index
2023-08-01,VNIND,756.77,756.95,744.56,744.56,252777400,vndirect_dchart_public,2026-06-08T09:01:08.683312+00:00,industrial_index
2023-08-02,VNIND,744.58,747.63,741.2,746.76,171863500,vndirect_dchart_public,2026-06-08T09:01:08.683328+00:00,industrial_index
2023-08-03,VNIND,747.35,753.9,743.37,747.58,200664400,vndirect_dchart_public,2026-06-08T09:01:08.683344+00:00,industrial_index
2023-08-04,VNIND,749.16,757.6,747.28,756.49,219580400,vndirect_dchart_public,2026-06-08T09:01:08.683396+00:00,industrial_index
2023-08-07,VNIND,759.3,764.14,756.98,761.65,216122600,vndirect_dchart_public,2026-06-08T09:01:08.683410+00:00,industrial_index
2023-08-08,VNIND,764.0,767.62,759.36,761.88,202647900,vndirect_dchart_public,2026-06-08T09:01:08.683426+00:00,industrial_index
2023-08-09,VNIND,761.61,763.98,755.88,756.86,187615100,vndirect_dchart_public,2026-06-08T09:01:08.683440+00:00,industrial_index
2023-08-10,VNIND,757.91,759.8,745.21,745.91,185034300,vndirect_dchart_public,2026-06-08T09:01:08.683454+00:00,industrial_index
2023-08-11,VNIND,747.18,748.97,734.77,748.19,183777000,vndirect_dchart_public,2026-06-08T09:01:08.683470+00:00,industrial_index
2023-08-14,VNIND,753.18,762.09,752.87,759.33,208311700,vndirect_dchart_public,2026-06-08T09:01:08.683485+00:00,industrial_index
2023-08-15,VNIND,764.32,764.32,758.48,762.0,161199800,vndirect_dchart_public,2026-06-08T09:01:08.683505+00:00,industrial_index
2023-08-16,VNIND,762.31,762.83,755.45,760.06,141753900,vndirect_dchart_public,2026-06-08T09:01:08.683521+00:00,industrial_index
2023-08-17,VNIND,760.57,763.93,754.03,754.03,217803800,vndirect_dchart_public,2026-06-08T09:01:08.683536+00:00,industrial_index
2023-08-18,VNIND,750.01,751.7,713.89,715.17,336711200,vndirect_dchart_public,2026-06-08T09:01:08.683550+00:00,industrial_index
2023-08-21,VNIND,709.9,716.8,696.02,706.63,186766300,vndirect_dchart_public,2026-06-08T09:01:08.683567+00:00,industrial_index
2023-08-22,VNIND,709.33,714.55,686.9,714.55,176671600,vndirect_dchart_public,2026-06-08T09:01:08.683582+00:00,industrial_index
2023-08-23,VNIND,720.73,722.1,711.72,711.72,116718100,vndirect_dchart_public,2026-06-08T09:01:08.683596+00:00,industrial_index
2023-08-24,VNIND,712.76,726.45,709.4,726.45,148647200,vndirect_dchart_public,2026-06-08T09:01:08.683610+00:00,industrial_index
2023-08-25,VNIND,726.48,731.11,725.37,726.1,162672500,vndirect_dchart_public,2026-06-08T09:01:08.683634+00:00,industrial_index
2023-08-28,VNIND,731.18,736.84,726.87,736.84,156168100,vndirect_dchart_public,2026-06-08T09:01:08.683655+00:00,industrial_index
2023-08-29,VNIND,740.76,746.84,737.91,741.94,184045700,vndirect_dchart_public,2026-06-08T09:01:08.683669+00:00,industrial_index
2023-08-30,VNIND,744.89,750.96,741.48,750.96,163754800,vndirect_dchart_public,2026-06-08T09:01:08.683686+00:00,industrial_index
2023-08-31,VNIND,753.19,767.76,753.19,767.76,204979700,vndirect_dchart_public,2026-06-08T09:01:08.683699+00:00,industrial_index
2023-09-05,VNIND,773.61,777.06,769.94,777.06,196988000,vndirect_dchart_public,2026-06-08T09:01:08.683713+00:00,industrial_index
2023-09-06,VNIND,777.24,783.97,769.83,783.97,210693700,vndirect_dchart_public,2026-06-08T09:01:08.683727+00:00,industrial_index
2023-09-07,VNIND,786.94,791.59,782.18,784.28,241768300,vndirect_dchart_public,2026-06-08T09:01:08.683742+00:00,industrial_index
2023-09-08,VNIND,783.21,795.8,781.38,794.42,202623700,vndirect_dchart_public,2026-06-08T09:01:08.683756+00:00,industrial_index
2023-09-11,VNIND,798.43,801.55,771.88,771.88,250728700,vndirect_dchart_public,2026-06-08T09:01:08.683771+00:00,industrial_index
2023-09-12,VNIND,771.81,790.84,766.9,790.84,173153000,vndirect_dchart_public,2026-06-08T09:01:08.683785+00:00,industrial_index
2023-09-13,VNIND,796.23,801.23,783.69,791.62,300476800,vndirect_dchart_public,2026-06-08T09:01:08.683798+00:00,industrial_index
2023-09-14,VNIND,792.63,794.54,775.05,776.56,217866100,vndirect_dchart_public,2026-06-08T09:01:08.683812+00:00,industrial_index
2023-09-15,VNIND,778.38,783.32,768.74,774.66,163010900,vndirect_dchart_public,2026-06-08T09:01:08.683826+00:00,industrial_index
2023-09-18,VNIND,774.55,777.95,762.07,765.38,162790500,vndirect_dchart_public,2026-06-08T09:01:08.683840+00:00,industrial_index
2023-09-19,VNIND,769.4,773.23,756.49,772.99,196839700,vndirect_dchart_public,2026-06-08T09:01:08.683853+00:00,industrial_index
2023-09-20,VNIND,776.96,787.02,772.45,787.02,144895600,vndirect_dchart_public,2026-06-08T09:01:08.683867+00:00,industrial_index
2023-09-21,VNIND,787.04,792.66,779.23,781.88,204028500,vndirect_dchart_public,2026-06-08T09:01:08.683880+00:00,industrial_index
2023-09-22,VNIND,772.59,772.59,744.89,749.61,250438500,vndirect_dchart_public,2026-06-08T09:01:08.683893+00:00,industrial_index
2023-09-25,VNIND,745.41,753.22,714.69,714.69,207939600,vndirect_dchart_public,2026-06-08T09:01:08.683913+00:00,industrial_index
2023-09-26,VNIND,708.67,726.86,703.75,703.75,190009600,vndirect_dchart_public,2026-06-08T09:01:08.683927+00:00,industrial_index
2023-09-27,VNIND,705.6,727.2,691.86,727.2,160652800,vndirect_dchart_public,2026-06-08T09:01:08.683940+00:00,industrial_index
2023-09-28,VNIND,727.33,728.91,715.9,726.84,121465200,vndirect_dchart_public,2026-06-08T09:01:08.683953+00:00,industrial_index
2023-09-29,VNIND,732.01,732.51,723.05,727.89,110570900,vndirect_dchart_public,2026-06-08T09:01:08.683966+00:00,industrial_index
2023-10-02,VNIND,728.4,738.33,726.61,729.95,91242800,vndirect_dchart_public,2026-06-08T09:01:08.683978+00:00,industrial_index
2023-10-03,VNIND,722.57,722.96,699.11,701.36,190908300,vndirect_dchart_public,2026-06-08T09:01:08.683992+00:00,industrial_index
2023-10-04,VNIND,692.23,718.37,688.36,709.9,128718200,vndirect_dchart_public,2026-06-08T09:01:08.684005+00:00,industrial_index
2023-10-05,VNIND,716.58,717.67,702.91,702.91,124824900,vndirect_dchart_public,2026-06-08T09:01:08.684018+00:00,industrial_index
2023-10-06,VNIND,702.95,716.34,696.34,715.89,123507100,vndirect_dchart_public,2026-06-08T09:01:08.684031+00:00,industrial_index
2023-10-09,VNIND,717.03,723.64,715.19,723.64,106686500,vndirect_dchart_public,2026-06-08T09:01:08.684048+00:00,industrial_index
2023-10-10,VNIND,728.26,735.92,726.24,726.24,133291300,vndirect_dchart_public,2026-06-08T09:01:08.684068+00:00,industrial_index
2023-10-11,VNIND,729.35,736.11,722.72,736.11,108615100,vndirect_dchart_public,2026-06-08T09:01:08.684083+00:00,industrial_index
2023-10-12,VNIND,737.66,743.86,732.11,735.43,116657300,vndirect_dchart_public,2026-06-08T09:01:08.684102+00:00,industrial_index
2023-10-13,VNIND,726.92,745.92,722.94,743.45,114760300,vndirect_dchart_public,2026-06-08T09:01:08.684118+00:00,industrial_index
2023-10-16,VNIND,743.47,745.71,731.48,732.76,131343700,vndirect_dchart_public,2026-06-08T09:01:08.684132+00:00,industrial_index
2023-10-17,VNIND,736.43,737.52,706.79,706.79,118122600,vndirect_dchart_public,2026-06-08T09:01:08.684147+00:00,industrial_index
2023-10-18,VNIND,709.54,714.15,683.03,695.78,198612200,vndirect_dchart_public,2026-06-08T09:01:08.684162+00:00,industrial_index
2023-10-19,VNIND,695.52,698.76,682.0,684.81,128050800,vndirect_dchart_public,2026-06-08T09:01:08.684177+00:00,industrial_index
2023-10-20,VNIND,684.77,701.04,672.84,701.04,116073900,vndirect_dchart_public,2026-06-08T09:01:08.684191+00:00,industrial_index
2023-10-23,VNIND,699.5,701.37,683.26,688.49,84663700,vndirect_dchart_public,2026-06-08T09:01:08.684213+00:00,industrial_index
2023-10-24,VNIND,689.83,698.15,682.66,698.15,87533600,vndirect_dchart_public,2026-06-08T09:01:08.684229+00:00,industrial_index
2023-10-25,VNIND,698.98,704.6,693.74,694.48,100628200,vndirect_dchart_public,2026-06-08T09:01:08.684244+00:00,industrial_index
2023-10-26,VNIND,682.41,682.68,655.36,659.46,207504300,vndirect_dchart_public,2026-06-08T09:01:08.684259+00:00,industrial_index
2023-10-27,VNIND,664.61,671.18,648.56,671.18,108046200,vndirect_dchart_public,2026-06-08T09:01:08.684275+00:00,industrial_index
2023-10-30,VNIND,668.77,670.29,649.55,649.55,77859900,vndirect_dchart_public,2026-06-08T09:01:08.684289+00:00,industrial_index
2023-10-31,VNIND,652.93,655.16,630.79,630.79,133107300,vndirect_dchart_public,2026-06-08T09:01:08.684303+00:00,industrial_index
2023-11-01,VNIND,632.4,651.38,625.44,651.38,105210300,vndirect_dchart_public,2026-06-08T09:01:08.684318+00:00,industrial_index
2023-11-02,VNIND,659.77,679.17,657.74,679.17,127228000,vndirect_dchart_public,2026-06-08T09:01:08.684332+00:00,industrial_index
2023-11-03,VNIND,681.56,686.14,676.59,683.72,129077800,vndirect_dchart_public,2026-06-08T09:01:08.684352+00:00,industrial_index
2023-11-06,VNIND,688.94,692.5,684.53,692.5,90954300,vndirect_dchart_public,2026-06-08T09:01:08.684368+00:00,industrial_index
2023-11-07,VNIND,689.46,697.12,684.34,688.74,102729300,vndirect_dchart_public,2026-06-08T09:01:08.684382+00:00,industrial_index
2023-11-08,VNIND,688.33,723.35,688.33,723.35,161238400,vndirect_dchart_public,2026-06-08T09:01:08.684397+00:00,industrial_index
2023-11-09,VNIND,728.12,736.68,723.67,723.82,181121300,vndirect_dchart_public,2026-06-08T09:01:08.684412+00:00,industrial_index
2023-11-10,VNIND,719.02,737.68,717.16,725.96,191524000,vndirect_dchart_public,2026-06-08T09:01:08.684425+00:00,industrial_index
2023-11-13,VNIND,728.44,731.99,717.5,726.13,123893100,vndirect_dchart_public,2026-06-08T09:01:08.684441+00:00,industrial_index
2023-11-14,VNIND,731.8,737.34,726.05,730.97,120676100,vndirect_dchart_public,2026-06-08T09:01:08.684456+00:00,industrial_index
2023-11-15,VNIND,739.93,746.63,729.94,733.55,136565200,vndirect_dchart_public,2026-06-08T09:01:08.684470+00:00,industrial_index
2023-11-16,VNIND,730.07,740.88,728.91,740.88,105046800,vndirect_dchart_public,2026-06-08T09:01:08.684486+00:00,industrial_index
2023-11-17,VNIND,742.39,748.93,725.32,729.64,223524200,vndirect_dchart_public,2026-06-08T09:01:08.684509+00:00,industrial_index
2023-11-20,VNIND,720.22,738.85,716.8,732.31,129294400,vndirect_dchart_public,2026-06-08T09:01:08.684524+00:00,industrial_index
2023-11-21,VNIND,732.93,740.16,732.93,740.11,109118600,vndirect_dchart_public,2026-06-08T09:01:08.684539+00:00,industrial_index
2023-11-22,VNIND,741.59,751.27,738.07,749.22,170307000,vndirect_dchart_public,2026-06-08T09:01:08.684555+00:00,industrial_index
2023-11-23,VNIND,750.94,753.74,722.08,722.08,191516300,vndirect_dchart_public,2026-06-08T09:01:08.684570+00:00,industrial_index
2023-11-24,VNIND,726.3,726.75,703.5,726.52,172224500,vndirect_dchart_public,2026-06-08T09:01:08.684584+00:00,industrial_index
2023-11-27,VNIND,728.1,729.51,715.7,715.7,81480600,vndirect_dchart_public,2026-06-08T09:01:08.684616+00:00,industrial_index
2023-11-28,VNIND,716.62,724.57,709.73,722.48,104648100,vndirect_dchart_public,2026-06-08T09:01:08.684635+00:00,industrial_index
2023-11-29,VNIND,726.92,732.99,724.86,732.99,84122400,vndirect_dchart_public,2026-06-08T09:01:08.684650+00:00,industrial_index
2023-11-30,VNIND,732.55,737.07,723.52,723.52,104398400,vndirect_dchart_public,2026-06-08T09:01:08.684670+00:00,industrial_index
2023-12-01,VNIND,730.51,732.27,720.45,731.29,83681600,vndirect_dchart_public,2026-06-08T09:01:08.684685+00:00,industrial_index
2023-12-04,VNIND,739.04,756.08,738.59,752.77,197917100,vndirect_dchart_public,2026-06-08T09:01:08.684699+00:00,industrial_index
2023-12-05,VNIND,755.26,757.51,749.19,751.83,146867000,vndirect_dchart_public,2026-06-08T09:01:08.684718+00:00,industrial_index
2023-12-06,VNIND,753.99,761.96,751.19,761.1,140261100,vndirect_dchart_public,2026-06-08T09:01:08.684732+00:00,industrial_index
2023-12-07,VNIND,761.51,762.19,739.01,753.39,222159200,vndirect_dchart_public,2026-06-08T09:01:08.684746+00:00,industrial_index
2023-12-08,VNIND,753.81,755.03,744.56,751.55,133281200,vndirect_dchart_public,2026-06-08T09:01:08.684761+00:00,industrial_index
2023-12-11,VNIND,753.04,753.96,743.48,748.21,91781200,vndirect_dchart_public,2026-06-08T09:01:08.684775+00:00,industrial_index
2023-12-12,VNIND,751.08,752.81,746.63,751.54,83010200,vndirect_dchart_public,2026-06-08T09:01:08.684791+00:00,industrial_index
2023-12-13,VNIND,754.71,755.69,741.42,742.02,140035900,vndirect_dchart_public,2026-06-08T09:01:08.684805+00:00,industrial_index
2023-12-14,VNIND,746.14,748.65,734.84,735.25,99141400,vndirect_dchart_public,2026-06-08T09:01:08.684819+00:00,industrial_index
2023-12-15,VNIND,735.62,741.1,730.67,730.72,98996100,vndirect_dchart_public,2026-06-08T09:01:08.684834+00:00,industrial_index
2023-12-18,VNIND,734.37,736.46,726.73,731.62,94262600,vndirect_dchart_public,2026-06-08T09:01:08.684848+00:00,industrial_index
2023-12-19,VNIND,731.86,735.3,726.12,735.3,83402700,vndirect_dchart_public,2026-06-08T09:01:08.684863+00:00,industrial_index
2023-12-20,VNIND,736.18,739.38,735.14,738.99,69362700,vndirect_dchart_public,2026-06-08T09:01:08.684879+00:00,industrial_index
2023-12-21,VNIND,736.11,742.05,734.9,742.05,77339500,vndirect_dchart_public,2026-06-08T09:01:08.684894+00:00,industrial_index
2023-12-22,VNIND,742.21,746.06,741.74,743.94,85561100,vndirect_dchart_public,2026-06-08T09:01:08.684909+00:00,industrial_index
2023-12-25,VNIND,745.97,759.43,745.88,759.43,104534400,vndirect_dchart_public,2026-06-08T09:01:08.684923+00:00,industrial_index
2023-12-26,VNIND,760.32,763.17,758.57,759.75,119512300,vndirect_dchart_public,2026-06-08T09:01:08.684938+00:00,industrial_index
2023-12-27,VNIND,762.21,763.08,757.61,757.61,110209300,vndirect_dchart_public,2026-06-08T09:01:08.684953+00:00,industrial_index
2023-12-28,VNIND,758.01,760.25,756.36,758.22,93960100,vndirect_dchart_public,2026-06-08T09:01:08.684968+00:00,industrial_index
2023-12-29,VNIND,760.15,761.0,756.59,760.15,93603100,vndirect_dchart_public,2026-06-08T09:01:08.684982+00:00,industrial_index
2024-01-02,VNIND,764.01,764.53,750.45,752.26,165454000,vndirect_dchart_public,2026-06-08T09:01:08.684998+00:00,industrial_index
2024-01-03,VNIND,752.53,760.03,750.05,760.03,138321300,vndirect_dchart_public,2026-06-08T09:01:08.685012+00:00,industrial_index
2024-01-04,VNIND,761.09,762.54,757.53,757.9,155641100,vndirect_dchart_public,2026-06-08T09:01:08.685026+00:00,industrial_index
2024-01-05,VNIND,758.3,760.59,754.57,758.51,129819100,vndirect_dchart_public,2026-06-08T09:01:08.685041+00:00,industrial_index
2024-01-08,VNIND,761.02,765.72,759.61,761.05,147597900,vndirect_dchart_public,2026-06-08T09:01:08.685055+00:00,industrial_index
2024-01-09,VNIND,762.66,763.93,757.71,760.32,151836200,vndirect_dchart_public,2026-06-08T09:01:08.685070+00:00,industrial_index
2024-01-10,VNIND,760.96,763.85,748.95,753.15,147897200,vndirect_dchart_public,2026-06-08T09:01:08.685084+00:00,industrial_index
2024-01-11,VNIND,755.05,756.28,750.14,754.8,112060400,vndirect_dchart_public,2026-06-08T09:01:08.685099+00:00,industrial_index
2024-01-12,VNIND,751.35,751.35,735.45,741.31,178924500,vndirect_dchart_public,2026-06-08T09:01:08.685114+00:00,industrial_index
2024-01-15,VNIND,743.41,746.54,735.42,735.42,85189800,vndirect_dchart_public,2026-06-08T09:01:08.685128+00:00,industrial_index
2024-01-16,VNIND,733.4,743.69,731.5,743.69,81472500,vndirect_dchart_public,2026-06-08T09:01:08.685143+00:00,industrial_index
2024-01-17,VNIND,745.24,750.19,743.52,745.99,89583000,vndirect_dchart_public,2026-06-08T09:01:08.685158+00:00,industrial_index
2024-01-18,VNIND,747.5,748.4,743.09,746.53,90658300,vndirect_dchart_public,2026-06-08T09:01:08.685172+00:00,industrial_index
2024-01-19,VNIND,748.41,752.13,746.21,747.5,98734000,vndirect_dchart_public,2026-06-08T09:01:08.685187+00:00,industrial_index
2024-01-22,VNIND,748.05,750.5,743.11,749.37,99839800,vndirect_dchart_public,2026-06-08T09:01:08.685203+00:00,industrial_index
2024-01-23,VNIND,751.12,752.66,746.49,751.3,102439100,vndirect_dchart_public,2026-06-08T09:01:08.685218+00:00,industrial_index
2024-01-24,VNIND,751.68,753.79,746.73,748.52,79018400,vndirect_dchart_public,2026-06-08T09:01:08.685234+00:00,industrial_index
2024-01-25,VNIND,749.82,750.06,745.42,747.34,68707600,vndirect_dchart_public,2026-06-08T09:01:08.685248+00:00,industrial_index
2024-01-26,VNIND,748.48,751.04,748.35,750.64,74872800,vndirect_dchart_public,2026-06-08T09:01:08.685263+00:00,industrial_index
2024-01-29,VNIND,752.15,754.59,750.49,751.73,100015300,vndirect_dchart_public,2026-06-08T09:01:08.685278+00:00,industrial_index
2024-01-30,VNIND,752.83,758.1,751.77,758.1,118491300,vndirect_dchart_public,2026-06-08T09:01:08.685292+00:00,industrial_index
2024-01-31,VNIND,760.58,761.0,747.22,749.21,167935200,vndirect_dchart_public,2026-06-08T09:01:08.685306+00:00,industrial_index
2024-02-01,VNIND,749.42,757.67,749.08,757.67,124699600,vndirect_dchart_public,2026-06-08T09:01:08.685322+00:00,industrial_index
2024-02-02,VNIND,759.04,762.33,755.55,756.39,140500600,vndirect_dchart_public,2026-06-08T09:01:08.685344+00:00,industrial_index
2024-02-05,VNIND,758.22,759.94,755.44,756.85,135858500,vndirect_dchart_public,2026-06-08T09:01:08.685392+00:00,industrial_index
2024-02-06,VNIND,757.9,758.94,756.45,757.12,90796500,vndirect_dchart_public,2026-06-08T09:01:08.685414+00:00,industrial_index
2024-02-07,VNIND,759.26,762.48,758.53,761.18,111503200,vndirect_dchart_public,2026-06-08T09:01:08.685430+00:00,industrial_index
2024-02-15,VNIND,762.94,767.0,762.11,764.9,151620300,vndirect_dchart_public,2026-06-08T09:01:08.685443+00:00,industrial_index
2024-02-16,VNIND,766.73,770.68,766.59,769.62,152567900,vndirect_dchart_public,2026-06-08T09:01:08.685457+00:00,industrial_index
2024-02-19,VNIND,771.87,772.68,764.74,769.28,140284000,vndirect_dchart_public,2026-06-08T09:01:08.685472+00:00,industrial_index
2024-02-20,VNIND,771.78,771.95,767.11,771.09,151162300,vndirect_dchart_public,2026-06-08T09:01:08.685486+00:00,industrial_index
2024-02-21,VNIND,771.67,773.0,766.38,770.57,130739900,vndirect_dchart_public,2026-06-08T09:01:08.685500+00:00,industrial_index
2024-02-22,VNIND,771.19,776.26,771.19,772.14,143242600,vndirect_dchart_public,2026-06-08T09:01:08.685514+00:00,industrial_index
2024-02-23,VNIND,773.86,774.9,756.94,756.94,205192800,vndirect_dchart_public,2026-06-08T09:01:08.685528+00:00,industrial_index
2024-02-26,VNIND,757.39,767.31,755.28,766.84,121272300,vndirect_dchart_public,2026-06-08T09:01:08.685543+00:00,industrial_index
2024-02-27,VNIND,770.61,773.74,767.33,773.74,125420700,vndirect_dchart_public,2026-06-08T09:01:08.685559+00:00,industrial_index
2024-02-28,VNIND,776.04,780.36,772.49,775.58,143994400,vndirect_dchart_public,2026-06-08T09:01:08.685573+00:00,industrial_index
2024-02-29,VNIND,776.89,779.55,770.95,776.23,151935900,vndirect_dchart_public,2026-06-08T09:01:08.685587+00:00,industrial_index
2024-03-01,VNIND,777.75,793.47,775.48,792.32,188306000,vndirect_dchart_public,2026-06-08T09:01:08.685602+00:00,industrial_index
2024-03-04,VNIND,798.7,802.7,793.29,795.22,218887400,vndirect_dchart_public,2026-06-08T09:01:08.685617+00:00,industrial_index
2024-03-05,VNIND,796.82,799.61,793.58,799.61,177308300,vndirect_dchart_public,2026-06-08T09:01:08.685632+00:00,industrial_index
2024-03-06,VNIND,800.55,800.55,783.33,787.17,187762000,vndirect_dchart_public,2026-06-08T09:01:08.685647+00:00,industrial_index
2024-03-07,VNIND,787.14,790.78,784.04,790.78,162418100,vndirect_dchart_public,2026-06-08T09:01:08.685662+00:00,industrial_index
2024-03-08,VNIND,792.27,794.32,781.84,783.41,203702900,vndirect_dchart_public,2026-06-08T09:01:08.685677+00:00,industrial_index
2024-03-11,VNIND,783.72,787.05,772.74,776.27,130211700,vndirect_dchart_public,2026-06-08T09:01:08.685691+00:00,industrial_index
2024-03-12,VNIND,777.97,785.07,774.72,781.5,130474700,vndirect_dchart_public,2026-06-08T09:01:08.685705+00:00,industrial_index
2024-03-13,VNIND,782.33,797.89,782.33,797.12,161719300,vndirect_dchart_public,2026-06-08T09:01:08.685719+00:00,industrial_index
2024-03-14,VNIND,799.1,807.12,795.67,800.94,202570300,vndirect_dchart_public,2026-06-08T09:01:08.685733+00:00,industrial_index
2024-03-15,VNIND,800.76,808.31,796.2,803.69,221878200,vndirect_dchart_public,2026-06-08T09:01:08.685749+00:00,industrial_index
2024-03-18,VNIND,804.32,808.69,776.33,795.55,348521600,vndirect_dchart_public,2026-06-08T09:01:08.685763+00:00,industrial_index
2024-03-19,VNIND,797.87,800.85,790.34,792.8,173650700,vndirect_dchart_public,2026-06-08T09:01:08.685778+00:00,industrial_index
2024-03-20,VNIND,793.84,801.56,788.45,801.19,150060700,vndirect_dchart_public,2026-06-08T09:01:08.685792+00:00,industrial_index
2024-03-21,VNIND,809.16,812.13,802.93,812.09,229042600,vndirect_dchart_public,2026-06-08T09:01:08.685807+00:00,industrial_index
2024-03-22,VNIND,817.41,820.6,811.07,816.14,244136000,vndirect_dchart_public,2026-06-08T09:01:08.685822+00:00,industrial_index
2024-03-25,VNIND,816.88,823.94,806.35,809.51,204821400,vndirect_dchart_public,2026-06-08T09:01:08.685838+00:00,industrial_index
2024-03-26,VNIND,807.41,819.03,805.31,818.5,138782300,vndirect_dchart_public,2026-06-08T09:01:08.685853+00:00,industrial_index
2024-03-27,VNIND,821.17,829.21,818.49,828.11,154648100,vndirect_dchart_public,2026-06-08T09:01:08.685868+00:00,industrial_index
2024-03-28,VNIND,832.23,833.12,822.74,825.93,115185900,vndirect_dchart_public,2026-06-08T09:01:08.685883+00:00,industrial_index
2024-03-29,VNIND,826.91,827.44,821.01,823.09,128881600,vndirect_dchart_public,2026-06-08T09:01:08.685900+00:00,industrial_index
2024-04-01,VNIND,822.66,829.7,820.28,825.25,150266800,vndirect_dchart_public,2026-06-08T09:01:08.685915+00:00,industrial_index
2024-04-02,VNIND,823.91,831.99,819.44,831.99,159602100,vndirect_dchart_public,2026-06-08T09:01:08.685930+00:00,industrial_index
2024-04-03,VNIND,832.13,837.31,820.85,821.12,218595800,vndirect_dchart_public,2026-06-08T09:01:08.685945+00:00,industrial_index
2024-04-04,VNIND,821.84,825.01,811.95,817.7,179403900,vndirect_dchart_public,2026-06-08T09:01:08.685961+00:00,industrial_index
2024-04-05,VNIND,810.55,817.84,805.77,805.77,176873700,vndirect_dchart_public,2026-06-08T09:01:08.685976+00:00,industrial_index
2024-04-08,VNIND,806.93,808.68,799.44,799.65,127597500,vndirect_dchart_public,2026-06-08T09:01:08.685991+00:00,industrial_index
2024-04-09,VNIND,800.6,808.27,797.65,808.27,107845500,vndirect_dchart_public,2026-06-08T09:01:08.686007+00:00,industrial_index
2024-04-10,VNIND,810.07,810.27,803.41,803.41,89523000,vndirect_dchart_public,2026-06-08T09:01:08.686022+00:00,industrial_index
2024-04-11,VNIND,799.43,805.7,794.36,803.5,120606000,vndirect_dchart_public,2026-06-08T09:01:08.686038+00:00,industrial_index
2024-04-12,VNIND,804.47,820.0,804.47,820.0,92806500,vndirect_dchart_public,2026-06-08T09:01:08.686052+00:00,industrial_index
2024-04-15,VNIND,819.59,820.29,779.76,780.06,202209300,vndirect_dchart_public,2026-06-08T09:01:08.686068+00:00,industrial_index
2024-04-16,VNIND,777.63,777.72,755.09,771.13,217099100,vndirect_dchart_public,2026-06-08T09:01:08.686084+00:00,industrial_index
2024-04-17,VNIND,771.35,775.93,758.63,758.79,115713000,vndirect_dchart_public,2026-06-08T09:01:08.686099+00:00,industrial_index
2024-04-19,VNIND,753.58,756.4,736.1,741.84,169569200,vndirect_dchart_public,2026-06-08T09:01:08.686114+00:00,industrial_index
2024-04-22,VNIND,749.61,755.84,745.85,752.17,84239200,vndirect_dchart_public,2026-06-08T09:01:08.686128+00:00,industrial_index
2024-04-23,VNIND,753.65,754.72,736.06,741.41,93476100,vndirect_dchart_public,2026-06-08T09:01:08.686143+00:00,industrial_index
2024-04-24,VNIND,748.39,765.09,746.62,764.0,104934000,vndirect_dchart_public,2026-06-08T09:01:08.686157+00:00,industrial_index
2024-04-25,VNIND,763.82,764.21,754.84,763.32,78696200,vndirect_dchart_public,2026-06-08T09:01:08.686173+00:00,industrial_index
2024-04-26,VNIND,757.85,772.55,756.67,768.19,88906000,vndirect_dchart_public,2026-06-08T09:01:08.686188+00:00,industrial_index
2024-05-02,VNIND,771.2,775.3,765.42,775.3,109435000,vndirect_dchart_public,2026-06-08T09:01:08.686202+00:00,industrial_index
2024-05-03,VNIND,778.25,781.48,773.75,779.49,84219200,vndirect_dchart_public,2026-06-08T09:01:08.686217+00:00,industrial_index
2024-05-06,VNIND,783.65,799.88,781.06,799.85,110450200,vndirect_dchart_public,2026-06-08T09:01:08.686233+00:00,industrial_index
2024-05-07,VNIND,803.34,811.42,801.66,810.46,104176600,vndirect_dchart_public,2026-06-08T09:01:08.686249+00:00,industrial_index
2024-05-08,VNIND,805.45,813.11,799.81,813.11,136635800,vndirect_dchart_public,2026-06-08T09:01:08.686266+00:00,industrial_index
2024-05-09,VNIND,815.69,819.06,807.08,810.39,108103500,vndirect_dchart_public,2026-06-08T09:01:08.686282+00:00,industrial_index
2024-05-10,VNIND,813.49,813.49,802.95,809.52,104194900,vndirect_dchart_public,2026-06-08T09:01:08.686297+00:00,industrial_index
2024-05-13,VNIND,814.17,814.79,803.45,811.0,108945700,vndirect_dchart_public,2026-06-08T09:01:08.686311+00:00,industrial_index
2024-05-14,VNIND,814.44,815.38,807.73,808.94,80354100,vndirect_dchart_public,2026-06-08T09:01:08.686325+00:00,industrial_index
2024-05-15,VNIND,811.25,820.34,809.76,817.51,120404100,vndirect_dchart_public,2026-06-08T09:01:08.686340+00:00,industrial_index
2024-05-16,VNIND,825.89,826.89,821.78,823.85,120473600,vndirect_dchart_public,2026-06-08T09:01:08.686355+00:00,industrial_index
2024-05-17,VNIND,825.69,830.39,823.84,830.33,126004300,vndirect_dchart_public,2026-06-08T09:01:08.686370+00:00,industrial_index
2024-05-20,VNIND,837.39,840.21,831.47,831.47,179328700,vndirect_dchart_public,2026-06-08T09:01:08.686385+00:00,industrial_index
2024-05-21,VNIND,831.89,833.25,821.89,832.66,146763100,vndirect_dchart_public,2026-06-08T09:01:08.686400+00:00,industrial_index
2024-05-22,VNIND,837.18,840.36,822.01,823.66,164099700,vndirect_dchart_public,2026-06-08T09:01:08.686415+00:00,industrial_index
2024-05-23,VNIND,822.8,837.46,821.56,837.46,160974700,vndirect_dchart_public,2026-06-08T09:01:08.686430+00:00,industrial_index
2024-05-24,VNIND,836.3,836.3,805.91,814.83,212562300,vndirect_dchart_public,2026-06-08T09:01:08.686446+00:00,industrial_index
2024-05-27,VNIND,816.01,822.04,812.91,821.34,106106400,vndirect_dchart_public,2026-06-08T09:01:08.686468+00:00,industrial_index
2024-05-28,VNIND,827.11,833.12,824.59,833.12,127885100,vndirect_dchart_public,2026-06-08T09:01:08.686483+00:00,industrial_index
2024-05-29,VNIND,835.52,837.47,826.15,828.99,182121900,vndirect_dchart_public,2026-06-08T09:01:08.686498+00:00,industrial_index
2024-05-30,VNIND,825.81,832.13,818.27,828.44,184659600,vndirect_dchart_public,2026-06-08T09:01:08.686513+00:00,industrial_index
2024-05-31,VNIND,832.05,834.25,827.06,827.9,117154400,vndirect_dchart_public,2026-06-08T09:01:08.686528+00:00,industrial_index
2024-06-03,VNIND,835.39,840.56,833.04,837.63,166959500,vndirect_dchart_public,2026-06-08T09:01:08.686543+00:00,industrial_index
2024-06-04,VNIND,840.69,843.11,837.27,838.94,137567300,vndirect_dchart_public,2026-06-08T09:01:08.686558+00:00,industrial_index
2024-06-05,VNIND,839.33,845.06,837.25,837.25,165015600,vndirect_dchart_public,2026-06-08T09:01:08.686583+00:00,industrial_index
2024-06-06,VNIND,841.63,843.6,831.77,837.03,152235900,vndirect_dchart_public,2026-06-08T09:01:08.686602+00:00,industrial_index
2024-06-07,VNIND,837.35,842.38,834.48,839.72,132529800,vndirect_dchart_public,2026-06-08T09:01:08.686617+00:00,industrial_index
2024-06-10,VNIND,843.92,850.4,843.63,847.33,154229100,vndirect_dchart_public,2026-06-08T09:01:08.686632+00:00,industrial_index
2024-06-11,VNIND,850.5,851.23,832.89,836.49,163131000,vndirect_dchart_public,2026-06-08T09:01:08.686648+00:00,industrial_index
2024-06-12,VNIND,836.13,841.52,831.88,841.52,107842700,vndirect_dchart_public,2026-06-08T09:01:08.686663+00:00,industrial_index
2024-06-13,VNIND,841.98,848.95,841.98,843.26,127548600,vndirect_dchart_public,2026-06-08T09:01:08.686679+00:00,industrial_index
2024-06-14,VNIND,844.57,847.6,826.78,826.78,200952900,vndirect_dchart_public,2026-06-08T09:01:08.686693+00:00,industrial_index
2024-06-17,VNIND,829.34,833.54,824.87,826.73,131168400,vndirect_dchart_public,2026-06-08T09:01:08.686709+00:00,industrial_index
2024-06-18,VNIND,830.37,834.39,828.36,829.69,108461400,vndirect_dchart_public,2026-06-08T09:01:08.686724+00:00,industrial_index
2024-06-19,VNIND,832.04,833.72,825.75,830.01,146364000,vndirect_dchart_public,2026-06-08T09:01:08.686738+00:00,industrial_index
2024-06-20,VNIND,831.44,834.59,825.71,833.1,162827600,vndirect_dchart_public,2026-06-08T09:01:08.686754+00:00,industrial_index
2024-06-21,VNIND,835.68,837.6,828.51,830.32,115731200,vndirect_dchart_public,2026-06-08T09:01:08.686768+00:00,industrial_index
2024-06-24,VNIND,831.88,834.98,807.05,807.92,189649800,vndirect_dchart_public,2026-06-08T09:01:08.686783+00:00,industrial_index
2024-06-25,VNIND,810.77,816.94,806.13,813.78,87982800,vndirect_dchart_public,2026-06-08T09:01:08.686797+00:00,industrial_index
2024-06-26,VNIND,814.14,817.57,804.31,814.39,86687900,vndirect_dchart_public,2026-06-08T09:01:08.686811+00:00,industrial_index
2024-06-27,VNIND,813.49,815.59,808.25,814.84,76594700,vndirect_dchart_public,2026-06-08T09:01:08.686827+00:00,industrial_index
2024-06-28,VNIND,815.46,816.08,798.0,801.82,112651500,vndirect_dchart_public,2026-06-08T09:01:08.686841+00:00,industrial_index
2024-07-01,VNIND,802.25,806.48,796.47,805.92,62767300,vndirect_dchart_public,2026-06-08T09:01:08.686856+00:00,industrial_index
2024-07-02,VNIND,808.41,810.79,805.63,810.75,69251400,vndirect_dchart_public,2026-06-08T09:01:08.686871+00:00,industrial_index
2024-07-03,VNIND,811.16,813.96,808.44,813.25,69627400,vndirect_dchart_public,2026-06-08T09:01:08.686886+00:00,industrial_index
2024-07-04,VNIND,814.56,817.47,810.84,813.78,66580100,vndirect_dchart_public,2026-06-08T09:01:08.686900+00:00,industrial_index
2024-07-05,VNIND,816.45,818.44,810.3,816.3,90284200,vndirect_dchart_public,2026-06-08T09:01:08.686916+00:00,industrial_index
2024-07-08,VNIND,820.71,822.31,815.62,820.49,107930600,vndirect_dchart_public,2026-06-08T09:01:08.686930+00:00,industrial_index
2024-07-09,VNIND,823.1,832.84,820.69,832.84,139730500,vndirect_dchart_public,2026-06-08T09:01:08.686945+00:00,industrial_index
2024-07-10,VNIND,834.64,835.59,828.21,830.07,115430700,vndirect_dchart_public,2026-06-08T09:01:08.686961+00:00,industrial_index
2024-07-11,VNIND,834.69,838.43,829.42,830.11,100930600,vndirect_dchart_public,2026-06-08T09:01:08.686976+00:00,industrial_index
2024-07-12,VNIND,832.11,832.33,824.88,828.06,84098900,vndirect_dchart_public,2026-06-08T09:01:08.686992+00:00,industrial_index
2024-07-15,VNIND,828.8,831.71,825.57,830.76,87998000,vndirect_dchart_public,2026-06-08T09:01:08.687007+00:00,industrial_index
2024-07-16,VNIND,831.37,836.7,827.19,829.75,111167600,vndirect_dchart_public,2026-06-08T09:01:08.687023+00:00,industrial_index
2024-07-17,VNIND,833.66,833.82,790.72,807.38,193004600,vndirect_dchart_public,2026-06-08T09:01:08.687037+00:00,industrial_index
2024-07-18,VNIND,808.37,813.65,796.55,813.65,100606000,vndirect_dchart_public,2026-06-08T09:01:08.687051+00:00,industrial_index
2024-07-19,VNIND,813.64,813.64,797.06,802.0,83952500,vndirect_dchart_public,2026-06-08T09:01:08.687074+00:00,industrial_index
2024-07-22,VNIND,797.33,799.18,780.72,786.99,125070900,vndirect_dchart_public,2026-06-08T09:01:08.687088+00:00,industrial_index
2024-07-23,VNIND,788.75,790.69,773.24,773.24,88678700,vndirect_dchart_public,2026-06-08T09:01:08.687103+00:00,industrial_index
2024-07-24,VNIND,767.34,789.19,764.08,788.0,97238900,vndirect_dchart_public,2026-06-08T09:01:08.687117+00:00,industrial_index
2024-07-25,VNIND,783.89,788.25,779.17,787.73,57859500,vndirect_dchart_public,2026-06-08T09:01:08.687132+00:00,industrial_index
2024-07-26,VNIND,789.73,794.82,785.55,794.82,54540600,vndirect_dchart_public,2026-06-08T09:01:08.687147+00:00,industrial_index
2024-07-29,VNIND,797.36,798.94,793.2,794.31,80988800,vndirect_dchart_public,2026-06-08T09:01:08.687162+00:00,industrial_index
2024-07-30,VNIND,795.36,797.04,784.05,792.03,85814000,vndirect_dchart_public,2026-06-08T09:01:08.687177+00:00,industrial_index
2024-07-31,VNIND,793.45,794.61,785.55,790.35,92025800,vndirect_dchart_public,2026-06-08T09:01:08.687192+00:00,industrial_index
2024-08-01,VNIND,792.45,792.53,762.47,765.28,143976600,vndirect_dchart_public,2026-06-08T09:01:08.687207+00:00,industrial_index
2024-08-02,VNIND,759.74,773.82,748.55,773.82,89062300,vndirect_dchart_public,2026-06-08T09:01:08.687221+00:00,industrial_index
2024-08-05,VNIND,758.73,761.39,728.18,729.06,140166900,vndirect_dchart_public,2026-06-08T09:01:08.687243+00:00,industrial_index
2024-08-06,VNIND,734.73,745.15,727.03,743.13,87308400,vndirect_dchart_public,2026-06-08T09:01:08.687259+00:00,industrial_index
2024-08-07,VNIND,745.66,745.66,735.38,743.05,60559300,vndirect_dchart_public,2026-06-08T09:01:08.687274+00:00,industrial_index
2024-08-08,VNIND,739.83,751.56,735.61,742.93,116698600,vndirect_dchart_public,2026-06-08T09:01:08.687288+00:00,industrial_index
2024-08-09,VNIND,748.32,754.17,744.18,753.93,98689600,vndirect_dchart_public,2026-06-08T09:01:08.687302+00:00,industrial_index
2024-08-12,VNIND,754.04,760.68,749.79,760.06,115748700,vndirect_dchart_public,2026-06-08T09:01:08.687316+00:00,industrial_index
2024-08-13,VNIND,759.61,763.59,753.66,758.7,73393600,vndirect_dchart_public,2026-06-08T09:01:08.687332+00:00,industrial_index
2024-08-14,VNIND,762.8,762.8,752.93,756.89,66080100,vndirect_dchart_public,2026-06-08T09:01:08.687346+00:00,industrial_index
2024-08-15,VNIND,756.98,758.04,750.2,754.86,73648700,vndirect_dchart_public,2026-06-08T09:01:08.687360+00:00,industrial_index
2024-08-16,VNIND,757.13,782.76,757.13,781.73,151168300,vndirect_dchart_public,2026-06-08T09:01:08.687406+00:00,industrial_index
2024-08-19,VNIND,786.78,790.91,784.47,787.23,90820000,vndirect_dchart_public,2026-06-08T09:01:08.687430+00:00,industrial_index
2024-08-20,VNIND,789.17,796.9,783.22,795.41,129420800,vndirect_dchart_public,2026-06-08T09:01:08.687445+00:00,industrial_index
2024-08-21,VNIND,796.54,800.19,790.32,795.66,105659700,vndirect_dchart_public,2026-06-08T09:01:08.687459+00:00,industrial_index
2024-08-22,VNIND,796.91,797.26,789.5,792.1,74347900,vndirect_dchart_public,2026-06-08T09:01:08.687473+00:00,industrial_index
2024-08-23,VNIND,791.45,793.53,786.98,793.07,88380900,vndirect_dchart_public,2026-06-08T09:01:08.687488+00:00,industrial_index
2024-08-26,VNIND,795.89,798.83,788.62,789.24,83468400,vndirect_dchart_public,2026-06-08T09:01:08.687503+00:00,industrial_index
2024-08-27,VNIND,788.54,790.08,782.43,785.89,79968500,vndirect_dchart_public,2026-06-08T09:01:08.687517+00:00,industrial_index
2024-08-28,VNIND,788.27,789.02,776.76,781.02,105577200,vndirect_dchart_public,2026-06-08T09:01:08.687531+00:00,industrial_index
2024-08-29,VNIND,780.85,781.8,777.75,778.58,56873700,vndirect_dchart_public,2026-06-08T09:01:08.687545+00:00,industrial_index
2024-08-30,VNIND,779.03,780.55,775.91,777.94,79066200,vndirect_dchart_public,2026-06-08T09:01:08.687569+00:00,industrial_index
2024-09-04,VNIND,772.42,776.46,768.19,776.04,81385400,vndirect_dchart_public,2026-06-08T09:01:08.687584+00:00,industrial_index
2024-09-05,VNIND,777.28,778.68,764.24,769.17,64957400,vndirect_dchart_public,2026-06-08T09:01:08.687606+00:00,industrial_index
2024-09-06,VNIND,767.59,769.64,761.92,768.26,73167300,vndirect_dchart_public,2026-06-08T09:01:08.687621+00:00,industrial_index
2024-09-09,VNIND,766.88,768.02,760.92,763.52,53926900,vndirect_dchart_public,2026-06-08T09:01:08.687636+00:00,industrial_index
2024-09-10,VNIND,766.91,767.49,757.89,761.1,80665700,vndirect_dchart_public,2026-06-08T09:01:08.687651+00:00,industrial_index
2024-09-11,VNIND,760.26,762.9,754.94,759.22,63806800,vndirect_dchart_public,2026-06-08T09:01:08.687666+00:00,industrial_index
2024-09-12,VNIND,764.02,764.98,760.03,760.6,42671000,vndirect_dchart_public,2026-06-08T09:01:08.687681+00:00,industrial_index
2024-09-13,VNIND,761.13,762.33,757.81,761.22,42228000,vndirect_dchart_public,2026-06-08T09:01:08.687695+00:00,industrial_index
2024-09-16,VNIND,761.91,764.52,754.64,755.32,52263800,vndirect_dchart_public,2026-06-08T09:01:08.687710+00:00,industrial_index
2024-09-17,VNIND,754.11,764.89,752.86,764.89,63836200,vndirect_dchart_public,2026-06-08T09:01:08.687724+00:00,industrial_index
2024-09-18,VNIND,766.59,770.23,764.63,768.02,59749700,vndirect_dchart_public,2026-06-08T09:01:08.687746+00:00,industrial_index
2024-09-19,VNIND,769.33,773.72,768.72,773.72,62540400,vndirect_dchart_public,2026-06-08T09:01:08.687763+00:00,industrial_index
2024-09-20,VNIND,777.46,778.98,772.32,774.14,71429100,vndirect_dchart_public,2026-06-08T09:01:08.687777+00:00,industrial_index
2024-09-23,VNIND,774.48,774.99,770.27,772.53,61779800,vndirect_dchart_public,2026-06-08T09:01:08.687792+00:00,industrial_index
2024-09-24,VNIND,772.21,776.48,772.06,776.48,57496200,vndirect_dchart_public,2026-06-08T09:01:08.687809+00:00,industrial_index
2024-09-25,VNIND,780.04,781.84,777.87,781.37,98050200,vndirect_dchart_public,2026-06-08T09:01:08.687824+00:00,industrial_index
2024-09-26,VNIND,782.39,784.99,779.35,781.36,88275800,vndirect_dchart_public,2026-06-08T09:01:08.687840+00:00,industrial_index
2024-09-27,VNIND,782.87,783.76,774.91,778.48,83343400,vndirect_dchart_public,2026-06-08T09:01:08.687857+00:00,industrial_index
2024-09-30,VNIND,778.43,778.43,771.22,777.07,75332300,vndirect_dchart_public,2026-06-08T09:01:08.687872+00:00,industrial_index
2024-10-01,VNIND,778.28,783.43,777.12,778.29,109391900,vndirect_dchart_public,2026-06-08T09:01:08.687898+00:00,industrial_index
2024-10-02,VNIND,775.89,777.27,770.31,772.62,80141400,vndirect_dchart_public,2026-06-08T09:01:08.687915+00:00,industrial_index
2024-10-03,VNIND,773.64,775.99,761.7,763.89,103570200,vndirect_dchart_public,2026-06-08T09:01:08.687931+00:00,industrial_index
2024-10-04,VNIND,764.04,765.05,760.27,760.27,53741500,vndirect_dchart_public,2026-06-08T09:01:08.687945+00:00,industrial_index
2024-10-07,VNIND,763.19,764.75,755.38,758.3,44331700,vndirect_dchart_public,2026-06-08T09:01:08.687961+00:00,industrial_index
2024-10-08,VNIND,759.24,761.58,755.37,759.07,56741100,vndirect_dchart_public,2026-06-08T09:01:08.687976+00:00,industrial_index
2024-10-09,VNIND,761.16,765.11,760.31,764.52,46423100,vndirect_dchart_public,2026-06-08T09:01:08.687993+00:00,industrial_index
2024-10-10,VNIND,765.58,768.45,764.35,765.55,50207000,vndirect_dchart_public,2026-06-08T09:01:08.688007+00:00,industrial_index
2024-10-11,VNIND,766.39,773.27,766.16,772.75,57662500,vndirect_dchart_public,2026-06-08T09:01:08.688022+00:00,industrial_index
2024-10-14,VNIND,774.64,776.14,765.49,766.98,116084800,vndirect_dchart_public,2026-06-08T09:01:08.688037+00:00,industrial_index
2024-10-15,VNIND,767.69,769.42,755.44,757.14,95434600,vndirect_dchart_public,2026-06-08T09:01:08.688053+00:00,industrial_index
2024-10-16,VNIND,756.7,757.63,752.5,755.88,58116600,vndirect_dchart_public,2026-06-08T09:01:08.688069+00:00,industrial_index
2024-10-17,VNIND,756.98,759.14,747.92,758.41,70785400,vndirect_dchart_public,2026-06-08T09:01:08.688085+00:00,industrial_index
2024-10-18,VNIND,760.27,761.66,753.83,755.44,51717500,vndirect_dchart_public,2026-06-08T09:01:08.688113+00:00,industrial_index
2024-10-21,VNIND,754.26,754.6,750.46,750.48,72174500,vndirect_dchart_public,2026-06-08T09:01:08.688129+00:00,industrial_index
2024-10-22,VNIND,751.13,754.76,745.07,749.09,68626300,vndirect_dchart_public,2026-06-08T09:01:08.688144+00:00,industrial_index
2024-10-23,VNIND,749.5,753.15,747.04,753.15,59780000,vndirect_dchart_public,2026-06-08T09:01:08.688159+00:00,industrial_index
2024-10-24,VNIND,752.78,754.12,746.07,748.39,46543000,vndirect_dchart_public,2026-06-08T09:01:08.688174+00:00,industrial_index
2024-10-25,VNIND,749.41,749.96,746.46,748.13,50783600,vndirect_dchart_public,2026-06-08T09:01:08.688189+00:00,industrial_index
2024-10-28,VNIND,750.22,750.25,746.02,749.47,33735700,vndirect_dchart_public,2026-06-08T09:01:08.688210+00:00,industrial_index
2024-10-29,VNIND,749.47,757.67,749.47,756.0,58787900,vndirect_dchart_public,2026-06-08T09:01:08.688225+00:00,industrial_index
2024-10-30,VNIND,757.35,758.8,752.0,755.48,57848000,vndirect_dchart_public,2026-06-08T09:01:08.688240+00:00,industrial_index
2024-10-31,VNIND,756.09,756.92,752.44,755.44,44538900,vndirect_dchart_public,2026-06-08T09:01:08.688254+00:00,industrial_index
2024-11-01,VNIND,754.85,756.58,750.46,750.6,85795600,vndirect_dchart_public,2026-06-08T09:01:08.688268+00:00,industrial_index
2024-11-04,VNIND,751.3,752.24,741.14,746.58,65565800,vndirect_dchart_public,2026-06-08T09:01:08.688282+00:00,industrial_index
2024-11-05,VNIND,746.23,749.13,744.5,746.52,48274600,vndirect_dchart_public,2026-06-08T09:01:08.688296+00:00,industrial_index
2024-11-06,VNIND,746.94,757.68,746.94,757.37,70609200,vndirect_dchart_public,2026-06-08T09:01:08.688311+00:00,industrial_index
2024-11-07,VNIND,760.89,762.29,757.32,759.78,62207000,vndirect_dchart_public,2026-06-08T09:01:08.688326+00:00,industrial_index
2024-11-08,VNIND,760.9,761.74,755.84,758.02,61901400,vndirect_dchart_public,2026-06-08T09:01:08.688342+00:00,industrial_index
2024-11-11,VNIND,758.02,761.29,755.21,761.29,94835900,vndirect_dchart_public,2026-06-08T09:01:08.688357+00:00,industrial_index
2024-11-12,VNIND,762.89,765.72,757.42,759.88,65281800,vndirect_dchart_public,2026-06-08T09:01:08.688372+00:00,industrial_index
2024-11-13,VNIND,758.59,759.24,749.97,756.88,83505800,vndirect_dchart_public,2026-06-08T09:01:08.688386+00:00,industrial_index
2024-11-14,VNIND,756.54,757.78,748.23,749.17,90774100,vndirect_dchart_public,2026-06-08T09:01:08.688402+00:00,industrial_index
2024-11-15,VNIND,747.05,747.33,736.25,742.53,92915100,vndirect_dchart_public,2026-06-08T09:01:08.688417+00:00,industrial_index
2024-11-18,VNIND,741.94,742.52,729.98,738.28,70265400,vndirect_dchart_public,2026-06-08T09:01:08.688433+00:00,industrial_index
2024-11-19,VNIND,738.49,740.51,722.44,725.3,79029500,vndirect_dchart_public,2026-06-08T09:01:08.688448+00:00,industrial_index
2024-11-20,VNIND,725.67,737.82,716.47,733.84,93617800,vndirect_dchart_public,2026-06-08T09:01:08.688463+00:00,industrial_index
2024-11-21,VNIND,733.85,740.59,730.07,740.59,44674800,vndirect_dchart_public,2026-06-08T09:01:08.688478+00:00,industrial_index
2024-11-22,VNIND,740.7,742.69,736.17,738.14,63925900,vndirect_dchart_public,2026-06-08T09:01:08.688494+00:00,industrial_index
2024-11-25,VNIND,738.39,745.38,738.39,744.76,63993600,vndirect_dchart_public,2026-06-08T09:01:08.688519+00:00,industrial_index
2024-11-26,VNIND,746.1,751.15,745.78,748.85,71536300,vndirect_dchart_public,2026-06-08T09:01:08.688535+00:00,industrial_index
2024-11-27,VNIND,748.37,749.16,743.87,746.79,48523700,vndirect_dchart_public,2026-06-08T09:01:08.688550+00:00,industrial_index
2024-11-28,VNIND,748.85,750.66,744.44,747.43,48955300,vndirect_dchart_public,2026-06-08T09:01:08.688566+00:00,industrial_index
2024-11-29,VNIND,747.67,749.89,744.34,748.26,58857400,vndirect_dchart_public,2026-06-08T09:01:08.688581+00:00,industrial_index
2024-12-02,VNIND,751.03,753.44,747.89,749.47,70842600,vndirect_dchart_public,2026-06-08T09:01:08.688596+00:00,industrial_index
2024-12-03,VNIND,749.03,752.69,747.67,749.32,67337700,vndirect_dchart_public,2026-06-08T09:01:08.688618+00:00,industrial_index
2024-12-04,VNIND,750.49,751.62,745.09,749.01,68441200,vndirect_dchart_public,2026-06-08T09:01:08.688635+00:00,industrial_index
2024-12-05,VNIND,749.41,763.84,747.08,763.84,108655100,vndirect_dchart_public,2026-06-08T09:01:08.688652+00:00,industrial_index
2024-12-06,VNIND,764.43,766.9,762.37,763.92,76602100,vndirect_dchart_public,2026-06-08T09:01:08.688667+00:00,industrial_index
2024-12-09,VNIND,765.21,769.24,763.53,766.63,82388600,vndirect_dchart_public,2026-06-08T09:01:08.688683+00:00,industrial_index
2024-12-10,VNIND,767.09,767.68,761.29,764.11,61444200,vndirect_dchart_public,2026-06-08T09:01:08.688697+00:00,industrial_index
2024-12-11,VNIND,764.06,767.71,758.35,760.58,58413200,vndirect_dchart_public,2026-06-08T09:01:08.688713+00:00,industrial_index
2024-12-12,VNIND,761.31,763.71,757.23,759.45,67748200,vndirect_dchart_public,2026-06-08T09:01:08.688728+00:00,industrial_index
2024-12-13,VNIND,759.45,759.45,753.22,754.41,53878200,vndirect_dchart_public,2026-06-08T09:01:08.688744+00:00,industrial_index
2024-12-16,VNIND,754.37,755.88,749.36,754.03,57342700,vndirect_dchart_public,2026-06-08T09:01:08.688761+00:00,industrial_index
2024-12-17,VNIND,754.09,754.69,750.2,752.98,47237200,vndirect_dchart_public,2026-06-08T09:01:08.688777+00:00,industrial_index
2024-12-18,VNIND,752.07,756.71,751.22,755.82,50603400,vndirect_dchart_public,2026-06-08T09:01:08.688793+00:00,industrial_index
2024-12-19,VNIND,755.18,755.18,743.02,749.78,93143300,vndirect_dchart_public,2026-06-08T09:01:08.688809+00:00,industrial_index
2024-12-20,VNIND,749.92,754.33,748.44,750.48,65003600,vndirect_dchart_public,2026-06-08T09:01:08.688833+00:00,industrial_index
2024-12-23,VNIND,755.08,757.4,753.69,756.44,57663900,vndirect_dchart_public,2026-06-08T09:01:08.688848+00:00,industrial_index
2024-12-24,VNIND,756.48,757.67,750.47,757.05,82153600,vndirect_dchart_public,2026-06-08T09:01:08.688863+00:00,industrial_index
2024-12-25,VNIND,757.32,768.27,757.32,767.51,120038600,vndirect_dchart_public,2026-06-08T09:01:08.688877+00:00,industrial_index
2024-12-26,VNIND,768.35,768.35,763.87,763.87,72248100,vndirect_dchart_public,2026-06-08T09:01:08.688891+00:00,industrial_index
2024-12-27,VNIND,764.23,765.68,758.77,761.57,72333000,vndirect_dchart_public,2026-06-08T09:01:08.688912+00:00,industrial_index
2024-12-30,VNIND,759.35,760.23,755.51,756.72,58632000,vndirect_dchart_public,2026-06-08T09:01:08.688931+00:00,industrial_index
2024-12-31,VNIND,756.58,756.8,751.99,754.4,46833200,vndirect_dchart_public,2026-06-08T09:01:08.688946+00:00,industrial_index
2025-01-02,VNIND,755.23,757.28,751.44,757.28,44151300,vndirect_dchart_public,2026-06-08T09:01:08.688961+00:00,industrial_index
2025-01-03,VNIND,757.11,757.51,748.79,748.79,63230300,vndirect_dchart_public,2026-06-08T09:01:08.688975+00:00,industrial_index
2025-01-06,VNIND,748.53,750.03,736.61,739.31,76771000,vndirect_dchart_public,2026-06-08T09:01:08.688989+00:00,industrial_index
2025-01-07,VNIND,739.76,741.14,730.18,733.69,67797400,vndirect_dchart_public,2026-06-08T09:01:08.689003+00:00,industrial_index
2025-01-08,VNIND,732.88,738.46,728.28,738.46,42699600,vndirect_dchart_public,2026-06-08T09:01:08.689018+00:00,industrial_index
2025-01-09,VNIND,738.19,740.44,734.74,736.88,40533300,vndirect_dchart_public,2026-06-08T09:01:08.689032+00:00,industrial_index
2025-01-10,VNIND,735.76,738.47,727.73,727.73,64282400,vndirect_dchart_public,2026-06-08T09:01:08.689050+00:00,industrial_index
2025-01-13,VNIND,725.62,731.06,722.17,731.06,63199000,vndirect_dchart_public,2026-06-08T09:01:08.689065+00:00,industrial_index
2025-01-14,VNIND,731.79,732.14,725.94,726.76,45165500,vndirect_dchart_public,2026-06-08T09:01:08.689083+00:00,industrial_index
2025-01-15,VNIND,728.14,736.66,727.64,735.97,92362200,vndirect_dchart_public,2026-06-08T09:01:08.689098+00:00,industrial_index
2025-01-16,VNIND,739.11,740.92,736.68,740.04,54576500,vndirect_dchart_public,2026-06-08T09:01:08.689114+00:00,industrial_index
2025-01-17,VNIND,740.67,745.92,739.2,745.92,65373900,vndirect_dchart_public,2026-06-08T09:01:08.689139+00:00,industrial_index
2025-01-20,VNIND,746.11,747.52,741.38,743.31,50752300,vndirect_dchart_public,2026-06-08T09:01:08.689162+00:00,industrial_index
2025-01-21,VNIND,743.86,745.01,738.64,740.93,58822800,vndirect_dchart_public,2026-06-08T09:01:08.689184+00:00,industrial_index
2025-01-22,VNIND,741.55,741.73,737.21,737.48,61985400,vndirect_dchart_public,2026-06-08T09:01:08.689200+00:00,industrial_index
2025-01-23,VNIND,738.08,744.34,737.69,742.62,56820000,vndirect_dchart_public,2026-06-08T09:01:08.689216+00:00,industrial_index
2025-01-24,VNIND,741.83,749.34,741.78,749.34,90106400,vndirect_dchart_public,2026-06-08T09:01:08.689230+00:00,industrial_index
2025-02-03,VNIND,749.59,750.9,743.82,748.16,84561300,vndirect_dchart_public,2026-06-08T09:01:08.689245+00:00,industrial_index
2025-02-04,VNIND,749.47,756.24,748.73,756.24,98041600,vndirect_dchart_public,2026-06-08T09:01:08.689259+00:00,industrial_index
2025-02-05,VNIND,758.33,764.15,757.86,764.12,103330800,vndirect_dchart_public,2026-06-08T09:01:08.689273+00:00,industrial_index
2025-02-06,VNIND,765.82,766.1,759.42,761.47,76106900,vndirect_dchart_public,2026-06-08T09:01:08.689287+00:00,industrial_index
2025-02-07,VNIND,762.82,767.44,761.77,762.53,103467600,vndirect_dchart_public,2026-06-08T09:01:08.689301+00:00,industrial_index
2025-02-10,VNIND,760.04,760.04,749.44,749.44,88544200,vndirect_dchart_public,2026-06-08T09:01:08.689316+00:00,industrial_index
2025-02-11,VNIND,750.97,753.97,749.18,753.97,80613100,vndirect_dchart_public,2026-06-08T09:01:08.689329+00:00,industrial_index
2025-02-12,VNIND,754.97,760.96,754.74,757.54,101008900,vndirect_dchart_public,2026-06-08T09:01:08.689343+00:00,industrial_index
2025-02-13,VNIND,757.99,764.19,757.73,764.19,86250500,vndirect_dchart_public,2026-06-08T09:01:08.689357+00:00,industrial_index
2025-02-14,VNIND,764.42,768.29,762.53,762.96,104279600,vndirect_dchart_public,2026-06-08T09:01:08.689371+00:00,industrial_index
2025-02-17,VNIND,763.54,768.42,762.6,763.1,128796800,vndirect_dchart_public,2026-06-08T09:01:08.689385+00:00,industrial_index
2025-02-18,VNIND,764.15,768.66,762.78,766.48,111742700,vndirect_dchart_public,2026-06-08T09:01:08.689430+00:00,industrial_index
2025-02-19,VNIND,767.19,776.87,767.19,776.87,154015600,vndirect_dchart_public,2026-06-08T09:01:08.689446+00:00,industrial_index
2025-02-20,VNIND,780.27,780.63,773.88,774.54,105596600,vndirect_dchart_public,2026-06-08T09:01:08.689460+00:00,industrial_index
2025-02-21,VNIND,773.97,777.48,770.86,776.07,110668400,vndirect_dchart_public,2026-06-08T09:01:08.689482+00:00,industrial_index
2025-02-24,VNIND,773.94,775.54,770.18,775.54,128151100,vndirect_dchart_public,2026-06-08T09:01:08.689498+00:00,industrial_index
2025-02-25,VNIND,777.59,778.36,771.56,775.79,121795900,vndirect_dchart_public,2026-06-08T09:01:08.689513+00:00,industrial_index
2025-02-26,VNIND,776.05,778.66,774.55,775.72,131324100,vndirect_dchart_public,2026-06-08T09:01:08.689527+00:00,industrial_index
2025-02-27,VNIND,775.99,779.08,770.62,779.08,155649000,vndirect_dchart_public,2026-06-08T09:01:08.689547+00:00,industrial_index
2025-02-28,VNIND,779.81,780.7,773.42,775.63,121683600,vndirect_dchart_public,2026-06-08T09:01:08.689562+00:00,industrial_index
2025-03-03,VNIND,774.56,779.12,773.43,777.16,108380300,vndirect_dchart_public,2026-06-08T09:01:08.689576+00:00,industrial_index
2025-03-04,VNIND,774.76,779.53,767.78,776.41,126807600,vndirect_dchart_public,2026-06-08T09:01:08.689591+00:00,industrial_index
2025-03-05,VNIND,775.27,777.33,766.5,766.5,100472700,vndirect_dchart_public,2026-06-08T09:01:08.689606+00:00,industrial_index
2025-03-06,VNIND,768.2,774.54,767.44,774.54,196490300,vndirect_dchart_public,2026-06-08T09:01:08.689620+00:00,industrial_index
2025-03-07,VNIND,776.61,779.02,772.68,773.33,137432800,vndirect_dchart_public,2026-06-08T09:01:08.689635+00:00,industrial_index
2025-03-10,VNIND,775.18,776.98,771.4,774.11,158232700,vndirect_dchart_public,2026-06-08T09:01:08.689649+00:00,industrial_index
2025-03-11,VNIND,766.9,775.43,766.05,775.43,147768900,vndirect_dchart_public,2026-06-08T09:01:08.689671+00:00,industrial_index
2025-03-12,VNIND,776.82,776.95,769.81,771.18,102592700,vndirect_dchart_public,2026-06-08T09:01:08.689686+00:00,industrial_index
2025-03-13,VNIND,771.99,772.53,758.22,759.55,175867200,vndirect_dchart_public,2026-06-08T09:01:08.689700+00:00,industrial_index
2025-03-14,VNIND,758.84,761.64,754.67,755.03,129469000,vndirect_dchart_public,2026-06-08T09:01:08.689714+00:00,industrial_index
2025-03-17,VNIND,758.05,760.38,754.87,758.71,110085900,vndirect_dchart_public,2026-06-08T09:01:08.689728+00:00,industrial_index
2025-03-18,VNIND,761.25,764.88,758.36,759.36,121003700,vndirect_dchart_public,2026-06-08T09:01:08.689750+00:00,industrial_index
2025-03-19,VNIND,760.12,760.24,752.55,756.3,87304800,vndirect_dchart_public,2026-06-08T09:01:08.689764+00:00,industrial_index
2025-03-20,VNIND,759.97,759.99,748.98,756.62,120862000,vndirect_dchart_public,2026-06-08T09:01:08.689778+00:00,industrial_index
2025-03-21,VNIND,756.49,757.8,754.43,754.68,91085300,vndirect_dchart_public,2026-06-08T09:01:08.689798+00:00,industrial_index
2025-03-24,VNIND,754.63,754.81,747.49,752.64,84354000,vndirect_dchart_public,2026-06-08T09:01:08.689814+00:00,industrial_index
2025-03-25,VNIND,753.14,758.64,751.31,754.34,106002700,vndirect_dchart_public,2026-06-08T09:01:08.689828+00:00,industrial_index
2025-03-26,VNIND,756.39,760.01,750.32,752.56,78513200,vndirect_dchart_public,2026-06-08T09:01:08.689843+00:00,industrial_index
2025-03-27,VNIND,752.7,754.84,750.58,753.14,69284900,vndirect_dchart_public,2026-06-08T09:01:08.689857+00:00,industrial_index
2025-03-28,VNIND,754.82,755.6,748.85,750.67,105112700,vndirect_dchart_public,2026-06-08T09:01:08.689872+00:00,industrial_index
2025-03-31,VNIND,747.36,748.4,741.03,746.59,105043200,vndirect_dchart_public,2026-06-08T09:01:08.689886+00:00,industrial_index
2025-04-01,VNIND,748.66,750.46,746.04,750.31,84708300,vndirect_dchart_public,2026-06-08T09:01:08.689901+00:00,industrial_index
2025-04-02,VNIND,752.44,754.99,750.22,750.92,109781000,vndirect_dchart_public,2026-06-08T09:01:08.689915+00:00,industrial_index
2025-04-03,VNIND,720.06,723.94,699.74,700.21,198990500,vndirect_dchart_public,2026-06-08T09:01:08.689929+00:00,industrial_index
2025-04-04,VNIND,681.0,681.0,655.55,676.13,212518600,vndirect_dchart_public,2026-06-08T09:01:08.689943+00:00,industrial_index
2025-04-08,VNIND,650.82,652.34,629.94,632.88,105515400,vndirect_dchart_public,2026-06-08T09:01:08.689958+00:00,industrial_index
2025-04-09,VNIND,618.31,618.31,593.75,600.31,175260700,vndirect_dchart_public,2026-06-08T09:01:08.689972+00:00,industrial_index
2025-04-10,VNIND,641.01,641.65,640.92,641.33,49754200,vndirect_dchart_public,2026-06-08T09:01:08.689986+00:00,industrial_index
2025-04-11,VNIND,652.22,665.35,637.61,664.73,212349400,vndirect_dchart_public,2026-06-08T09:01:08.689999+00:00,industrial_index
2025-04-14,VNIND,671.25,677.85,665.21,677.85,132650000,vndirect_dchart_public,2026-06-08T09:01:08.690011+00:00,industrial_index
2025-04-15,VNIND,671.8,682.01,657.9,671.49,159322300,vndirect_dchart_public,2026-06-08T09:01:08.690024+00:00,industrial_index
2025-04-16,VNIND,668.76,677.18,664.84,665.79,102957600,vndirect_dchart_public,2026-06-08T09:01:08.690037+00:00,industrial_index
2025-04-17,VNIND,660.28,680.08,660.28,680.08,104006400,vndirect_dchart_public,2026-06-08T09:01:08.690050+00:00,industrial_index
2025-04-18,VNIND,688.97,696.64,685.94,687.14,144292200,vndirect_dchart_public,2026-06-08T09:01:08.690068+00:00,industrial_index
2025-04-21,VNIND,686.89,691.59,676.01,681.82,119507700,vndirect_dchart_public,2026-06-08T09:01:08.690085+00:00,industrial_index
2025-04-22,VNIND,676.92,679.13,640.76,668.48,221165700,vndirect_dchart_public,2026-06-08T09:01:08.690099+00:00,industrial_index
2025-04-23,VNIND,674.58,685.17,674.58,682.98,107310900,vndirect_dchart_public,2026-06-08T09:01:08.690113+00:00,industrial_index
2025-04-24,VNIND,687.08,691.74,679.75,690.02,108505100,vndirect_dchart_public,2026-06-08T09:01:08.690127+00:00,industrial_index
2025-04-25,VNIND,690.61,702.01,688.95,702.01,117843900,vndirect_dchart_public,2026-06-08T09:01:08.690149+00:00,industrial_index
2025-04-28,VNIND,704.09,704.09,694.77,697.63,78719400,vndirect_dchart_public,2026-06-08T09:01:08.690164+00:00,industrial_index
2025-04-29,VNIND,699.7,704.33,696.22,700.54,81163400,vndirect_dchart_public,2026-06-08T09:01:08.690179+00:00,industrial_index
2025-05-05,VNIND,700.54,1937.3,702.28,719.18,96452264,vndirect_dchart_public,2026-06-08T09:01:08.690194+00:00,industrial_index
2025-05-06,VNIND,721.31,721.87,713.81,715.87,110546355,vndirect_dchart_public,2026-06-08T09:01:08.690209+00:00,industrial_index
2025-05-07,VNIND,715.87,910.78,714.65,720.74,108096131,vndirect_dchart_public,2026-06-08T09:01:08.690225+00:00,industrial_index
2025-05-08,VNIND,720.74,727.38,719.59,726.94,123075238,vndirect_dchart_public,2026-06-08T09:01:08.690240+00:00,industrial_index
2025-05-09,VNIND,726.94,928.71,723.86,726.23,132813817,vndirect_dchart_public,2026-06-08T09:01:08.690258+00:00,industrial_index
2025-05-12,VNIND,726.23,935.98,724.13,730.64,104553972,vndirect_dchart_public,2026-06-08T09:01:08.690272+00:00,industrial_index
2025-05-13,VNIND,730.64,947.06,730.64,736.72,111130429,vndirect_dchart_public,2026-06-08T09:01:08.690288+00:00,industrial_index
2025-05-14,VNIND,736.72,743.13,736.25,742.82,101137437,vndirect_dchart_public,2026-06-08T09:01:08.690303+00:00,industrial_index
2025-05-15,VNIND,742.82,963.75,733.21,739.09,138500618,vndirect_dchart_public,2026-06-08T09:01:08.690317+00:00,industrial_index
2025-05-16,VNIND,739.09,744.99,734.45,738.68,113742603,vndirect_dchart_public,2026-06-08T09:01:08.690332+00:00,industrial_index
2025-05-19,VNIND,738.68,742.9,733.39,736.74,122638412,vndirect_dchart_public,2026-06-08T09:01:08.690348+00:00,industrial_index
2025-05-20,VNIND,736.74,744.92,731.28,743.59,118033025,vndirect_dchart_public,2026-06-08T09:01:08.690362+00:00,industrial_index
2025-05-21,VNIND,743.59,753.82,739.56,753.77,179281196,vndirect_dchart_public,2026-06-08T09:01:08.690384+00:00,industrial_index
2025-05-22,VNIND,753.77,760.52,744.65,745.73,188105898,vndirect_dchart_public,2026-06-08T09:01:08.690398+00:00,industrial_index
2025-05-23,VNIND,745.73,754.06,744.71,753.51,113447948,vndirect_dchart_public,2026-06-08T09:01:08.690414+00:00,industrial_index
2025-05-26,VNIND,753.51,771.53,741.98,771.53,189518996,vndirect_dchart_public,2026-06-08T09:01:08.690428+00:00,industrial_index
2025-05-27,VNIND,771.53,789.59,771.03,789.33,186917195,vndirect_dchart_public,2026-06-08T09:01:08.690442+00:00,industrial_index
2025-05-28,VNIND,789.33,795.91,777.91,782.5,151549602,vndirect_dchart_public,2026-06-08T09:01:08.690456+00:00,industrial_index
2025-05-29,VNIND,782.5,787.39,776.14,781.0,161416922,vndirect_dchart_public,2026-06-08T09:01:08.690470+00:00,industrial_index
2025-05-30,VNIND,781.0,782.17,766.14,770.63,136228706,vndirect_dchart_public,2026-06-08T09:01:08.690485+00:00,industrial_index
2025-06-02,VNIND,770.63,780.43,763.76,780.32,122280177,vndirect_dchart_public,2026-06-08T09:01:08.690500+00:00,industrial_index
2025-06-03,VNIND,780.32,788.13,779.28,785.63,135751386,vndirect_dchart_public,2026-06-08T09:01:08.690521+00:00,industrial_index
2025-06-04,VNIND,785.63,795.18,783.2,791.06,142528681,vndirect_dchart_public,2026-06-08T09:01:08.690535+00:00,industrial_index
2025-06-05,VNIND,791.06,795.08,783.67,789.38,142536679,vndirect_dchart_public,2026-06-08T09:01:08.690550+00:00,industrial_index
2025-06-06,VNIND,789.38,792.07,779.16,781.88,155066718,vndirect_dchart_public,2026-06-08T09:01:08.690565+00:00,industrial_index
2025-06-09,VNIND,781.88,782.5,764.52,767.06,126434577,vndirect_dchart_public,2026-06-08T09:01:08.690580+00:00,industrial_index
2025-06-10,VNIND,767.06,774.81,760.55,769.88,107470379,vndirect_dchart_public,2026-06-08T09:01:08.690596+00:00,industrial_index
2025-06-11,VNIND,769.88,775.04,763.14,767.15,91229667,vndirect_dchart_public,2026-06-08T09:01:08.690612+00:00,industrial_index
2025-06-12,VNIND,767.15,773.37,767.15,771.9,90107091,vndirect_dchart_public,2026-06-08T09:01:08.690633+00:00,industrial_index
2025-06-13,VNIND,771.9,771.9,749.84,759.58,176706464,vndirect_dchart_public,2026-06-08T09:01:08.690649+00:00,industrial_index
2025-06-16,VNIND,759.58,772.34,757.73,772.34,89787857,vndirect_dchart_public,2026-06-08T09:01:08.690664+00:00,industrial_index
2025-06-17,VNIND,772.34,776.38,768.91,772.85,96557369,vndirect_dchart_public,2026-06-08T09:01:08.690684+00:00,industrial_index
2025-06-18,VNIND,772.85,779.55,770.43,772.29,111241112,vndirect_dchart_public,2026-06-08T09:01:08.690699+00:00,industrial_index
2025-06-19,VNIND,772.29,773.62,766.03,770.78,81953156,vndirect_dchart_public,2026-06-08T09:01:08.690713+00:00,industrial_index
2025-06-20,VNIND,770.78,777.82,770.24,773.14,105729799,vndirect_dchart_public,2026-06-08T09:01:08.690728+00:00,industrial_index
2025-06-23,VNIND,773.14,773.14,766.29,771.3,115276600,vndirect_dchart_public,2026-06-08T09:01:08.690755+00:00,industrial_index
2025-06-24,VNIND,771.3,780.22,771.3,776.44,128400431,vndirect_dchart_public,2026-06-08T09:01:08.690772+00:00,industrial_index
2025-06-25,VNIND,776.44,782.64,773.55,775.16,108393903,vndirect_dchart_public,2026-06-08T09:01:08.690788+00:00,industrial_index
2025-06-26,VNIND,775.16,778.55,770.97,777.8,112605283,vndirect_dchart_public,2026-06-08T09:01:08.690809+00:00,industrial_index
2025-06-27,VNIND,777.8,783.62,777.53,778.88,106425217,vndirect_dchart_public,2026-06-08T09:01:08.690825+00:00,industrial_index
2025-06-30,VNIND,778.88,790.59,778.88,787.47,94887244,vndirect_dchart_public,2026-06-08T09:01:08.690841+00:00,industrial_index
2025-07-01,VNIND,787.47,793.93,782.47,786.28,130188329,vndirect_dchart_public,2026-06-08T09:01:08.690856+00:00,industrial_index
2025-07-02,VNIND,786.28,794.2,783.65,794.06,107802360,vndirect_dchart_public,2026-06-08T09:01:08.690881+00:00,industrial_index
2025-07-03,VNIND,794.06,805.41,790.12,799.09,196101006,vndirect_dchart_public,2026-06-08T09:01:08.690897+00:00,industrial_index
2025-07-04,VNIND,799.09,807.01,799.09,805.16,145654169,vndirect_dchart_public,2026-06-08T09:01:08.690913+00:00,industrial_index
2025-07-07,VNIND,805.16,813.69,801.82,806.7,153986745,vndirect_dchart_public,2026-06-08T09:01:08.690929+00:00,industrial_index
2025-07-08,VNIND,806.7,821.57,806.7,821.46,160787012,vndirect_dchart_public,2026-06-08T09:01:08.690946+00:00,industrial_index
2025-07-09,VNIND,821.46,824.69,814.52,818.23,175944557,vndirect_dchart_public,2026-06-08T09:01:08.690961+00:00,industrial_index
2025-07-10,VNIND,818.23,825.07,818.23,823.06,156844758,vndirect_dchart_public,2026-06-08T09:01:08.690979+00:00,industrial_index
2025-07-11,VNIND,823.06,827.02,818.04,823.48,156774440,vndirect_dchart_public,2026-06-08T09:01:08.690994+00:00,industrial_index
2025-07-14,VNIND,823.48,829.52,812.21,829.11,184980327,vndirect_dchart_public,2026-06-08T09:01:08.691009+00:00,industrial_index
2025-07-15,VNIND,829.11,835.84,824.89,827.44,180184792,vndirect_dchart_public,2026-06-08T09:01:08.691031+00:00,industrial_index
2025-07-16,VNIND,827.44,836.06,825.05,833.91,219035264,vndirect_dchart_public,2026-06-08T09:01:08.691047+00:00,industrial_index
2025-07-17,VNIND,833.91,848.2,833.91,839.9,265002031,vndirect_dchart_public,2026-06-08T09:01:08.691063+00:00,industrial_index
2025-07-18,VNIND,839.9,849.58,836.78,840.02,221642515,vndirect_dchart_public,2026-06-08T09:01:08.691077+00:00,industrial_index
2025-07-21,VNIND,840.02,852.66,840.02,841.39,204761803,vndirect_dchart_public,2026-06-08T09:01:08.691093+00:00,industrial_index
2025-07-22,VNIND,841.39,864.59,835.75,864.54,192564799,vndirect_dchart_public,2026-06-08T09:01:08.691109+00:00,industrial_index
2025-07-23,VNIND,864.54,890.94,864.54,883.83,251593476,vndirect_dchart_public,2026-06-08T09:01:08.691124+00:00,industrial_index
2025-07-24,VNIND,883.83,897.74,882.74,897.39,193677340,vndirect_dchart_public,2026-06-08T09:01:08.691136+00:00,industrial_index
2025-07-25,VNIND,897.39,927.27,897.39,927.23,259045996,vndirect_dchart_public,2026-06-08T09:01:08.691148+00:00,industrial_index
2025-07-28,VNIND,927.23,960.66,927.23,958.92,259400602,vndirect_dchart_public,2026-06-08T09:01:08.691166+00:00,industrial_index
2025-07-29,VNIND,958.92,978.14,905.4,905.72,469888356,vndirect_dchart_public,2026-06-08T09:01:08.691179+00:00,industrial_index
2025-07-30,VNIND,905.72,926.8,888.28,924.07,246926102,vndirect_dchart_public,2026-06-08T09:01:08.691191+00:00,industrial_index
2025-07-31,VNIND,924.07,943.61,910.46,935.64,278461802,vndirect_dchart_public,2026-06-08T09:01:08.691203+00:00,industrial_index
2025-08-01,VNIND,935.64,941.64,915.8,921.59,252603961,vndirect_dchart_public,2026-06-08T09:01:08.691217+00:00,industrial_index
2025-08-04,VNIND,921.59,941.74,915.58,941.74,175552124,vndirect_dchart_public,2026-06-08T09:01:08.691230+00:00,industrial_index
2025-08-05,VNIND,941.74,966.86,915.58,941.26,372076245,vndirect_dchart_public,2026-06-08T09:01:08.691243+00:00,industrial_index
2025-08-06,VNIND,941.26,951.15,939.48,951.15,155606072,vndirect_dchart_public,2026-06-08T09:01:08.691255+00:00,industrial_index
2025-08-07,VNIND,951.15,962.23,946.78,956.09,249847514,vndirect_dchart_public,2026-06-08T09:01:08.691268+00:00,industrial_index
2025-08-08,VNIND,956.09,971.96,947.98,963.07,252667477,vndirect_dchart_public,2026-06-08T09:01:08.691280+00:00,industrial_index
2025-08-11,VNIND,963.07,986.3,963.07,978.44,237045290,vndirect_dchart_public,2026-06-08T09:01:08.691297+00:00,industrial_index
2025-08-12,VNIND,984.24,993.99,975.65,991.2,322686913,vndirect_dchart_public,2026-06-08T09:01:08.691309+00:00,industrial_index
2025-08-13,VNIND,1002.02,1002.79,978.64,996.37,286118473,vndirect_dchart_public,2026-06-08T09:01:08.691321+00:00,industrial_index
2025-08-14,VNIND,1006.81,1012.72,996.37,1011.63,243138468,vndirect_dchart_public,2026-06-08T09:01:08.691364+00:00,industrial_index
2025-08-15,VNIND,1014.62,1029.48,1002.51,1017.64,344720188,vndirect_dchart_public,2026-06-08T09:01:08.691377+00:00,industrial_index
2025-08-18,VNIND,1022.85,1031.98,1007.0,1030.87,264844030,vndirect_dchart_public,2026-06-08T09:01:08.691389+00:00,industrial_index
2025-08-19,VNIND,1051.59,1054.5,1027.81,1041.14,299081225,vndirect_dchart_public,2026-06-08T09:01:08.691401+00:00,industrial_index
2025-08-20,VNIND,1046.6,1050.09,991.88,1023.42,366030175,vndirect_dchart_public,2026-06-08T09:01:08.691435+00:00,industrial_index
2025-08-21,VNIND,1033.82,1037.19,1013.11,1016.5,203073603,vndirect_dchart_public,2026-06-08T09:01:08.691448+00:00,industrial_index
2025-08-22,VNIND,1007.63,1017.72,971.92,985.06,294563694,vndirect_dchart_public,2026-06-08T09:01:08.691460+00:00,industrial_index
2025-08-25,VNIND,993.55,996.38,960.56,962.92,181087737,vndirect_dchart_public,2026-06-08T09:01:08.691472+00:00,industrial_index
2025-08-26,VNIND,959.5,994.66,944.94,994.4,175856233,vndirect_dchart_public,2026-06-08T09:01:08.691485+00:00,industrial_index
2025-08-27,VNIND,1002.05,1005.29,990.9,996.94,170908698,vndirect_dchart_public,2026-06-08T09:01:08.691497+00:00,industrial_index
2025-08-28,VNIND,1003.1,1012.57,996.94,1009.4,128242709,vndirect_dchart_public,2026-06-08T09:01:08.691509+00:00,industrial_index
2025-08-29,VNIND,1014.71,1016.75,998.05,1001.2,173750583,vndirect_dchart_public,2026-06-08T09:01:08.691522+00:00,industrial_index
2025-09-03,VNIND,1005.11,1019.42,1001.2,1018.32,165285329,vndirect_dchart_public,2026-06-08T09:01:08.691534+00:00,industrial_index
2025-09-04,VNIND,1028.29,1035.11,1018.15,1022.62,189063743,vndirect_dchart_public,2026-06-08T09:01:08.691546+00:00,industrial_index
2025-09-05,VNIND,1028.22,1036.87,1008.48,1009.06,235998109,vndirect_dchart_public,2026-06-08T09:01:08.691558+00:00,industrial_index
2025-09-08,VNIND,1006.39,1017.01,972.59,973.76,232119748,vndirect_dchart_public,2026-06-08T09:01:08.691570+00:00,industrial_index
2025-09-09,VNIND,976.08,987.83,964.92,987.67,135779156,vndirect_dchart_public,2026-06-08T09:01:08.691661+00:00,industrial_index
2025-09-10,VNIND,993.4,998.17,978.98,989.88,119772332,vndirect_dchart_public,2026-06-08T09:01:08.691719+00:00,industrial_index
2025-09-11,VNIND,989.64,998.31,961.4,995.15,153923365,vndirect_dchart_public,2026-06-08T09:01:08.691736+00:00,industrial_index
2025-09-12,VNIND,1002.38,1014.17,995.15,1012.05,200432565,vndirect_dchart_public,2026-06-08T09:01:08.691754+00:00,industrial_index
2025-09-15,VNIND,1018.99,1034.8,1012.05,1034.8,195172388,vndirect_dchart_public,2026-06-08T09:01:08.691768+00:00,industrial_index
2025-09-16,VNIND,1043.38,1047.49,1014.91,1016.94,175570208,vndirect_dchart_public,2026-06-08T09:01:08.691780+00:00,industrial_index
2025-09-17,VNIND,1014.72,1027.72,1003.24,1006.69,131124620,vndirect_dchart_public,2026-06-08T09:01:08.691792+00:00,industrial_index
2025-09-18,VNIND,1008.8,1012.17,996.66,1006.28,118853777,vndirect_dchart_public,2026-06-08T09:01:08.691803+00:00,industrial_index
2025-09-19,VNIND,1011.07,1019.03,996.31,1007.12,119668335,vndirect_dchart_public,2026-06-08T09:01:08.691820+00:00,industrial_index
2025-09-22,VNIND,1009.39,1015.87,978.93,999.33,161373143,vndirect_dchart_public,2026-06-08T09:01:08.691836+00:00,industrial_index
2025-09-23,VNIND,1001.83,1004.16,974.96,984.69,77674779,vndirect_dchart_public,2026-06-08T09:01:08.691852+00:00,industrial_index
2025-09-24,VNIND,984.42,998.84,975.16,998.84,150963623,vndirect_dchart_public,2026-06-08T09:01:08.691867+00:00,industrial_index
2025-09-25,VNIND,1004.63,1023.5,998.84,1019.64,222906522,vndirect_dchart_public,2026-06-08T09:01:08.691883+00:00,industrial_index
2025-09-26,VNIND,1023.56,1031.1,1008.03,1009.33,200217437,vndirect_dchart_public,2026-06-08T09:01:08.691898+00:00,industrial_index
2025-09-29,VNIND,1010.16,1016.07,1000.57,1006.57,167338645,vndirect_dchart_public,2026-06-08T09:01:08.691913+00:00,industrial_index
2025-09-30,VNIND,1008.94,1010.36,978.08,994.46,219504629,vndirect_dchart_public,2026-06-08T09:01:08.691930+00:00,industrial_index
2025-10-01,VNIND,999.09,1001.75,993.63,994.18,109055114,vndirect_dchart_public,2026-06-08T09:01:08.692054+00:00,industrial_index
2025-10-02,VNIND,998.31,1000.95,973.89,975.54,130387203,vndirect_dchart_public,2026-06-08T09:01:08.692072+00:00,industrial_index
2025-10-03,VNIND,971.94,976.61,961.15,962.48,143244649,vndirect_dchart_public,2026-06-08T09:01:08.692088+00:00,industrial_index
2025-10-06,VNIND,971.29,997.84,962.48,997.84,110952601,vndirect_dchart_public,2026-06-08T09:01:08.692103+00:00,industrial_index
2025-10-07,VNIND,1002.61,1010.21,978.61,983.48,117725169,vndirect_dchart_public,2026-06-08T09:01:08.692127+00:00,industrial_index
2025-10-08,VNIND,995.32,1019.08,977.42,989.38,162064059,vndirect_dchart_public,2026-06-08T09:01:08.692144+00:00,industrial_index
2025-10-09,VNIND,996.3,1002.81,988.99,995.49,128265208,vndirect_dchart_public,2026-06-08T09:01:08.692159+00:00,industrial_index
2025-10-10,VNIND,1001.8,1011.59,995.49,1008.95,164697575,vndirect_dchart_public,2026-06-08T09:01:08.692174+00:00,industrial_index
2025-10-13,VNIND,1002.14,1027.74,991.02,1027.52,195808148,vndirect_dchart_public,2026-06-08T09:01:08.692189+00:00,industrial_index
2025-10-14,VNIND,1040.8,1055.87,1027.52,1046.28,241390343,vndirect_dchart_public,2026-06-08T09:01:08.692204+00:00,industrial_index
2025-10-15,VNIND,1055.44,1076.23,1046.28,1073.54,188216008,vndirect_dchart_public,2026-06-08T09:01:08.692220+00:00,industrial_index
2025-10-16,VNIND,1082.19,1099.37,1073.54,1099.16,205361523,vndirect_dchart_public,2026-06-08T09:01:08.692235+00:00,industrial_index
2025-10-17,VNIND,1103.12,1120.57,1085.58,1088.87,193690817,vndirect_dchart_public,2026-06-08T09:01:08.692250+00:00,industrial_index
2025-10-20,VNIND,1086.72,1098.94,1031.79,1037.28,255152195,vndirect_dchart_public,2026-06-08T09:01:08.692266+00:00,industrial_index
2025-10-21,VNIND,1034.57,1052.71,1005.51,1043.05,244617346,vndirect_dchart_public,2026-06-08T09:01:08.692281+00:00,industrial_index
2025-10-22,VNIND,1052.74,1065.82,1019.63,1052.3,140949875,vndirect_dchart_public,2026-06-08T09:01:08.692387+00:00,industrial_index
2025-10-23,VNIND,1053.97,1071.27,1041.64,1050.47,125247268,vndirect_dchart_public,2026-06-08T09:01:08.692447+00:00,industrial_index
2025-10-24,VNIND,1047.14,1055.09,1024.57,1040.01,123319360,vndirect_dchart_public,2026-06-08T09:01:08.692470+00:00,industrial_index
2025-10-27,VNIND,1049.29,1050.13,1006.71,1009.64,133322573,vndirect_dchart_public,2026-06-08T09:01:08.692582+00:00,industrial_index
2025-10-28,VNIND,1004.29,1043.3,983.58,1043.3,135758511,vndirect_dchart_public,2026-06-08T09:01:08.692622+00:00,industrial_index
2025-10-29,VNIND,1050.66,1068.3,1043.3,1063.18,98966954,vndirect_dchart_public,2026-06-08T09:01:08.692641+00:00,industrial_index
2025-10-30,VNIND,1065.12,1069.19,1048.8,1056.23,111624738,vndirect_dchart_public,2026-06-08T09:01:08.692659+00:00,industrial_index
2025-10-31,VNIND,1055.32,1059.84,1018.68,1028.87,129300351,vndirect_dchart_public,2026-06-08T09:01:08.692676+00:00,industrial_index
2025-11-03,VNIND,1029.76,1037.51,1002.38,1005.31,146081388,vndirect_dchart_public,2026-06-08T09:01:08.692693+00:00,industrial_index
2025-11-04,VNIND,1002.63,1030.08,979.26,1028.79,172807181,vndirect_dchart_public,2026-06-08T09:01:08.692718+00:00,industrial_index
2025-11-05,VNIND,1025.0,1033.15,1009.41,1015.02,70656840,vndirect_dchart_public,2026-06-08T09:01:08.692735+00:00,industrial_index
2025-11-06,VNIND,1015.92,1022.21,1005.2,1011.62,90626059,vndirect_dchart_public,2026-06-08T09:01:08.692751+00:00,industrial_index
2025-11-07,VNIND,1009.9,1013.83,977.68,984.68,97061654,vndirect_dchart_public,2026-06-08T09:01:08.692767+00:00,industrial_index
2025-11-10,VNIND,982.27,985.27,962.58,963.66,92683447,vndirect_dchart_public,2026-06-08T09:01:08.692782+00:00,industrial_index
2025-11-11,VNIND,967.53,972.09,952.62,972.09,84224531,vndirect_dchart_public,2026-06-08T09:01:08.692799+00:00,industrial_index
2025-11-12,VNIND,976.9,998.84,972.09,997.83,99959291,vndirect_dchart_public,2026-06-08T09:01:08.692814+00:00,industrial_index
2025-11-13,VNIND,999.77,1008.8,992.14,1001.23,99725546,vndirect_dchart_public,2026-06-08T09:01:08.692829+00:00,industrial_index
2025-11-14,VNIND,998.11,1013.12,995.69,1008.4,94547997,vndirect_dchart_public,2026-06-08T09:01:08.692844+00:00,industrial_index
2025-11-17,VNIND,1011.15,1023.63,1008.4,1023.63,105226624,vndirect_dchart_public,2026-06-08T09:01:08.692860+00:00,industrial_index
2025-11-18,VNIND,1024.45,1028.59,1018.21,1023.94,93379666,vndirect_dchart_public,2026-06-08T09:01:08.692875+00:00,industrial_index
2025-11-19,VNIND,1023.82,1025.88,1005.74,1013.3,98099685,vndirect_dchart_public,2026-06-08T09:01:08.692892+00:00,industrial_index
2025-11-20,VNIND,1014.9,1024.67,1013.05,1023.08,76983146,vndirect_dchart_public,2026-06-08T09:01:08.692908+00:00,industrial_index
2025-11-21,VNIND,1020.38,1028.3,1010.0,1025.51,79041204,vndirect_dchart_public,2026-06-08T09:01:08.692924+00:00,industrial_index
2025-11-24,VNIND,1026.45,1031.9,1024.12,1028.78,61738302,vndirect_dchart_public,2026-06-08T09:01:08.692939+00:00,industrial_index
2025-11-25,VNIND,1030.59,1044.96,1024.78,1039.88,104524605,vndirect_dchart_public,2026-06-08T09:01:08.692956+00:00,industrial_index
2025-11-26,VNIND,1042.06,1059.64,1039.18,1053.28,110193483,vndirect_dchart_public,2026-06-08T09:01:08.692972+00:00,industrial_index
2025-11-27,VNIND,1055.72,1058.69,1035.11,1044.35,75569625,vndirect_dchart_public,2026-06-08T09:01:08.692988+00:00,industrial_index
2025-11-28,VNIND,1044.35,1048.6,1033.33,1039.94,103777586,vndirect_dchart_public,2026-06-08T09:01:08.693015+00:00,industrial_index
2025-12-01,VNIND,1042.98,1051.48,1036.71,1039.5,72425736,vndirect_dchart_public,2026-06-08T09:01:08.693038+00:00,industrial_index
2025-12-02,VNIND,1038.29,1054.68,1032.9,1054.52,98393148,vndirect_dchart_public,2026-06-08T09:01:08.693055+00:00,industrial_index
2025-12-03,VNIND,1058.39,1064.6,1045.51,1056.78,80571151,vndirect_dchart_public,2026-06-08T09:01:08.693072+00:00,industrial_index
2025-12-04,VNIND,1061.69,1068.06,1052.22,1053.72,101434745,vndirect_dchart_public,2026-06-08T09:01:08.693088+00:00,industrial_index
2025-12-05,VNIND,1055.75,1056.39,1041.67,1046.81,98768423,vndirect_dchart_public,2026-06-08T09:01:08.693104+00:00,industrial_index
2025-12-08,VNIND,1047.96,1048.44,1029.97,1033.25,101847042,vndirect_dchart_public,2026-06-08T09:01:08.693119+00:00,industrial_index
2025-12-09,VNIND,1032.22,1032.39,1006.82,1021.62,121877668,vndirect_dchart_public,2026-06-08T09:01:08.693134+00:00,industrial_index
2025-12-10,VNIND,1024.23,1024.23,998.97,1003.86,82823428,vndirect_dchart_public,2026-06-08T09:01:08.693156+00:00,industrial_index
2025-12-11,VNIND,1003.87,1006.66,988.49,991.35,70644291,vndirect_dchart_public,2026-06-08T09:01:08.693174+00:00,industrial_index
2025-12-12,VNIND,992.41,993.17,948.83,954.82,132232410,vndirect_dchart_public,2026-06-08T09:01:08.693189+00:00,industrial_index
2025-12-15,VNIND,953.11,960.44,944.25,948.01,79793184,vndirect_dchart_public,2026-06-08T09:01:08.693205+00:00,industrial_index
2025-12-16,VNIND,949.38,981.92,930.15,975.89,107370683,vndirect_dchart_public,2026-06-08T09:01:08.693222+00:00,industrial_index
2025-12-17,VNIND,975.25,978.79,964.66,973.18,71006143,vndirect_dchart_public,2026-06-08T09:01:08.693238+00:00,industrial_index
2025-12-18,VNIND,974.05,983.1,969.58,982.99,56962601,vndirect_dchart_public,2026-06-08T09:01:08.693255+00:00,industrial_index
2025-12-19,VNIND,985.44,991.62,975.17,986.0,70992030,vndirect_dchart_public,2026-06-08T09:01:08.693271+00:00,industrial_index
2025-12-22,VNIND,988.62,1010.17,986.71,1010.03,78672600,vndirect_dchart_public,2026-06-08T09:01:08.693287+00:00,industrial_index
2025-12-23,VNIND,1012.49,1013.58,1001.31,1005.56,90455491,vndirect_dchart_public,2026-06-08T09:01:08.693303+00:00,industrial_index
2025-12-24,VNIND,1006.3,1006.3,993.79,998.05,73317253,vndirect_dchart_public,2026-06-08T09:01:08.693319+00:00,industrial_index
2025-12-25,VNIND,996.63,1012.53,994.58,1003.33,86606822,vndirect_dchart_public,2026-06-08T09:01:08.693335+00:00,industrial_index
2025-12-26,VNIND,995.12,999.45,975.36,994.15,94437925,vndirect_dchart_public,2026-06-08T09:01:08.693350+00:00,industrial_index
2025-12-29,VNIND,996.51,1006.56,995.14,1004.89,58803892,vndirect_dchart_public,2026-06-08T09:01:08.693374+00:00,industrial_index
2025-12-30,VNIND,1005.05,1006.09,992.07,1000.87,64856528,vndirect_dchart_public,2026-06-08T09:01:08.693391+00:00,industrial_index
2025-12-31,VNIND,1000.77,1001.64,990.65,999.36,85878680,vndirect_dchart_public,2026-06-08T09:01:08.693504+00:00,industrial_index
2026-01-05,VNIND,998.65,998.95,974.81,982.72,95523699,vndirect_dchart_public,2026-06-08T09:01:08.693534+00:00,industrial_index
2026-01-06,VNIND,984.16,994.05,978.9,987.1,110626292,vndirect_dchart_public,2026-06-08T09:01:08.693551+00:00,industrial_index
2026-01-07,VNIND,991.57,997.04,983.11,996.49,91392952,vndirect_dchart_public,2026-06-08T09:01:08.693566+00:00,industrial_index
2026-01-08,VNIND,999.94,999.94,972.02,981.16,112010133,vndirect_dchart_public,2026-06-08T09:01:08.693590+00:00,industrial_index
2026-01-09,VNIND,982.33,983.19,946.16,956.65,179061055,vndirect_dchart_public,2026-06-08T09:01:08.693606+00:00,industrial_index
2026-01-12,VNIND,958.67,978.85,946.15,970.57,129548473,vndirect_dchart_public,2026-06-08T09:01:08.693623+00:00,industrial_index
2026-01-13,VNIND,978.5,990.7,968.08,985.41,149920363,vndirect_dchart_public,2026-06-08T09:01:08.693638+00:00,industrial_index
2026-01-14,VNIND,987.49,989.72,971.25,977.65,154854853,vndirect_dchart_public,2026-06-08T09:01:08.693654+00:00,industrial_index
2026-01-15,VNIND,979.22,981.5,966.71,976.82,121919831,vndirect_dchart_public,2026-06-08T09:01:08.693669+00:00,industrial_index
2026-01-16,VNIND,981.21,986.07,971.73,974.13,109838614,vndirect_dchart_public,2026-06-08T09:01:08.693686+00:00,industrial_index
2026-01-19,VNIND,976.79,987.52,974.43,978.23,96516375,vndirect_dchart_public,2026-06-08T09:01:08.693702+00:00,industrial_index
2026-01-20,VNIND,983.59,984.24,973.25,977.33,120650908,vndirect_dchart_public,2026-06-08T09:01:08.693717+00:00,industrial_index
2026-01-21,VNIND,975.64,977.4,953.62,961.16,131552175,vndirect_dchart_public,2026-06-08T09:01:08.693732+00:00,industrial_index
2026-01-22,VNIND,966.89,978.13,965.45,974.72,125734067,vndirect_dchart_public,2026-06-08T09:01:08.693748+00:00,industrial_index
2026-01-23,VNIND,977.56,977.56,956.91,972.06,90850380,vndirect_dchart_public,2026-06-08T09:01:08.693764+00:00,industrial_index
2026-01-26,VNIND,968.71,969.39,926.68,928.94,141296038,vndirect_dchart_public,2026-06-08T09:01:08.693780+00:00,industrial_index
2026-01-27,VNIND,927.96,933.23,923.08,927.91,110499080,vndirect_dchart_public,2026-06-08T09:01:08.693806+00:00,industrial_index
2026-01-28,VNIND,931.31,934.53,906.92,920.03,105739502,vndirect_dchart_public,2026-06-08T09:01:08.693823+00:00,industrial_index
2026-01-29,VNIND,924.15,927.7,909.21,917.95,66514682,vndirect_dchart_public,2026-06-08T09:01:08.693839+00:00,industrial_index
2026-01-30,VNIND,922.92,930.75,915.15,930.35,105518822,vndirect_dchart_public,2026-06-08T09:01:08.693855+00:00,industrial_index
2026-02-02,VNIND,934.28,935.39,907.52,926.96,111692421,vndirect_dchart_public,2026-06-08T09:01:08.693871+00:00,industrial_index
2026-02-03,VNIND,932.28,948.03,930.09,947.97,126498314,vndirect_dchart_public,2026-06-08T09:01:08.693888+00:00,industrial_index
2026-02-04,VNIND,950.41,950.69,939.03,946.89,125938750,vndirect_dchart_public,2026-06-08T09:01:08.693912+00:00,industrial_index
2026-02-05,VNIND,947.72,949.53,932.55,933.04,90210658,vndirect_dchart_public,2026-06-08T09:01:08.693930+00:00,industrial_index
2026-02-06,VNIND,925.14,925.35,910.35,912.81,125008320,vndirect_dchart_public,2026-06-08T09:01:08.693946+00:00,industrial_index
2026-02-09,VNIND,919.66,920.15,904.23,907.2,65311838,vndirect_dchart_public,2026-06-08T09:01:08.693963+00:00,industrial_index
2026-02-10,VNIND,906.58,908.37,895.34,902.94,75876084,vndirect_dchart_public,2026-06-08T09:01:08.694027+00:00,industrial_index
2026-02-11,VNIND,904.94,929.27,902.76,929.07,103818901,vndirect_dchart_public,2026-06-08T09:01:08.694044+00:00,industrial_index
2026-02-12,VNIND,931.88,934.3,927.52,933.24,66610321,vndirect_dchart_public,2026-06-08T09:01:08.694060+00:00,industrial_index
2026-02-13,VNIND,932.68,946.51,929.84,945.4,93634504,vndirect_dchart_public,2026-06-08T09:01:08.694078+00:00,industrial_index
2026-02-23,VNIND,949.43,972.16,947.96,972.13,114809339,vndirect_dchart_public,2026-06-08T09:01:08.694096+00:00,industrial_index
2026-02-24,VNIND,972.44,987.06,966.53,987.06,110436034,vndirect_dchart_public,2026-06-08T09:01:08.694113+00:00,industrial_index
2026-02-25,VNIND,983.84,987.21,972.13,972.46,115004949,vndirect_dchart_public,2026-06-08T09:01:08.694129+00:00,industrial_index
2026-02-26,VNIND,973.05,980.84,967.09,979.98,113814170,vndirect_dchart_public,2026-06-08T09:01:08.694145+00:00,industrial_index
2026-02-27,VNIND,985.15,985.83,972.94,982.13,128757987,vndirect_dchart_public,2026-06-08T09:01:08.694161+00:00,industrial_index
2026-03-02,VNIND,976.63,979.66,959.46,961.06,213141616,vndirect_dchart_public,2026-06-08T09:01:08.694178+00:00,industrial_index
2026-03-03,VNIND,965.4,966.88,951.14,953.57,153707716,vndirect_dchart_public,2026-06-08T09:01:08.694203+00:00,industrial_index
2026-03-04,VNIND,953.97,954.4,910.71,929.62,189598939,vndirect_dchart_public,2026-06-08T09:01:08.694221+00:00,industrial_index
2026-03-05,VNIND,938.25,942.32,919.4,920.47,123271285,vndirect_dchart_public,2026-06-08T09:01:08.694237+00:00,industrial_index
2026-03-06,VNIND,920.56,920.77,906.68,911.55,107355891,vndirect_dchart_public,2026-06-08T09:01:08.694253+00:00,industrial_index
2026-03-09,VNIND,905.33,905.33,849.17,857.05,109224217,vndirect_dchart_public,2026-06-08T09:01:08.694269+00:00,industrial_index
2026-03-10,VNIND,860.68,874.32,844.76,856.41,164109368,vndirect_dchart_public,2026-06-08T09:01:08.694286+00:00,industrial_index
2026-03-11,VNIND,861.93,897.35,861.28,897.29,101608569,vndirect_dchart_public,2026-06-08T09:01:08.694301+00:00,industrial_index
2026-03-12,VNIND,893.22,906.43,883.25,896.68,130842657,vndirect_dchart_public,2026-06-08T09:01:08.694317+00:00,industrial_index
2026-03-13,VNIND,892.45,907.65,891.1,902.58,141676138,vndirect_dchart_public,2026-06-08T09:01:08.694334+00:00,industrial_index
2026-03-16,VNIND,906.18,908.55,887.75,897.32,101923490,vndirect_dchart_public,2026-06-08T09:01:08.694352+00:00,industrial_index
2026-03-17,VNIND,903.61,910.8,900.31,903.7,87372570,vndirect_dchart_public,2026-06-08T09:01:08.694369+00:00,industrial_index
2026-03-18,VNIND,907.0,917.54,900.8,914.91,92713136,vndirect_dchart_public,2026-06-08T09:01:08.694385+00:00,industrial_index
2026-03-19,VNIND,902.36,912.62,897.85,909.11,101448078,vndirect_dchart_public,2026-06-08T09:01:08.694467+00:00,industrial_index
2026-03-20,VNIND,908.33,915.74,888.98,905.26,99111982,vndirect_dchart_public,2026-06-08T09:01:08.694496+00:00,industrial_index
2026-03-23,VNIND,890.93,892.07,859.38,862.18,130677530,vndirect_dchart_public,2026-06-08T09:01:08.694511+00:00,industrial_index
2026-03-24,VNIND,877.47,889.38,867.43,886.46,110358256,vndirect_dchart_public,2026-06-08T09:01:08.694532+00:00,industrial_index
2026-03-25,VNIND,893.47,917.9,893.19,917.33,139858318,vndirect_dchart_public,2026-06-08T09:01:08.694547+00:00,industrial_index
2026-03-26,VNIND,922.77,922.77,910.27,920.54,117269813,vndirect_dchart_public,2026-06-08T09:01:08.694665+00:00,industrial_index
2026-03-27,VNIND,920.7,938.25,917.21,937.49,143269581,vndirect_dchart_public,2026-06-08T09:01:08.694727+00:00,industrial_index
2026-03-30,VNIND,922.95,945.45,917.16,933.69,116655534,vndirect_dchart_public,2026-06-08T09:01:08.694754+00:00,industrial_index
2026-03-31,VNIND,940.48,948.88,937.08,943.05,121369262,vndirect_dchart_public,2026-06-08T09:01:08.694770+00:00,industrial_index
2026-04-01,VNIND,956.99,958.57,944.97,952.77,119530401,vndirect_dchart_public,2026-06-08T09:01:08.694786+00:00,industrial_index
2026-04-02,VNIND,951.51,951.51,930.06,939.59,98141274,vndirect_dchart_public,2026-06-08T09:01:08.694801+00:00,industrial_index
2026-04-03,VNIND,939.9,940.28,913.06,915.46,112104635,vndirect_dchart_public,2026-06-08T09:01:08.694899+00:00,industrial_index
2026-04-06,VNIND,914.24,923.8,907.05,911.99,88273595,vndirect_dchart_public,2026-06-08T09:01:08.694956+00:00,industrial_index
2026-04-07,VNIND,917.69,920.92,904.79,917.3,72585428,vndirect_dchart_public,2026-06-08T09:01:08.694976+00:00,industrial_index
2026-04-08,VNIND,935.57,956.84,935.1,956.84,147688517,vndirect_dchart_public,2026-06-08T09:01:08.694994+00:00,industrial_index
2026-04-09,VNIND,953.99,961.13,945.21,954.17,179911140,vndirect_dchart_public,2026-06-08T09:01:08.695010+00:00,industrial_index
2026-04-10,VNIND,960.65,963.15,949.19,951.55,111468528,vndirect_dchart_public,2026-06-08T09:01:08.695033+00:00,industrial_index
2026-04-13,VNIND,942.98,960.66,940.63,960.08,144874097,vndirect_dchart_public,2026-06-08T09:01:08.695050+00:00,industrial_index
2026-04-14,VNIND,967.97,972.02,958.22,962.85,116123816,vndirect_dchart_public,2026-06-08T09:01:08.695065+00:00,industrial_index
2026-04-15,VNIND,968.17,975.12,962.51,966.45,127465813,vndirect_dchart_public,2026-06-08T09:01:08.695080+00:00,industrial_index
2026-04-16,VNIND,965.03,965.24,950.13,962.28,119281669,vndirect_dchart_public,2026-06-08T09:01:08.695095+00:00,industrial_index
2026-04-17,VNIND,966.31,966.31,953.76,956.52,77670510,vndirect_dchart_public,2026-06-08T09:01:08.695111+00:00,industrial_index
2026-04-20,VNIND,958.22,969.3,956.65,962.95,70288711,vndirect_dchart_public,2026-06-08T09:01:08.695126+00:00,industrial_index
2026-04-21,VNIND,965.72,971.07,952.03,954.22,89357115,vndirect_dchart_public,2026-06-08T09:01:08.695141+00:00,industrial_index
2026-04-22,VNIND,955.67,957.29,947.28,953.44,75764853,vndirect_dchart_public,2026-06-08T09:01:08.695156+00:00,industrial_index
2026-04-23,VNIND,955.49,957.65,930.26,946.56,144213032,vndirect_dchart_public,2026-06-08T09:01:08.695172+00:00,industrial_index
2026-04-24,VNIND,946.06,953.73,938.21,953.73,86966215,vndirect_dchart_public,2026-06-08T09:01:08.695187+00:00,industrial_index
2026-04-28,VNIND,953.07,954.99,941.59,943.02,82537875,vndirect_dchart_public,2026-06-08T09:01:08.695216+00:00,industrial_index
2026-04-29,VNIND,942.09,949.21,935.73,946.55,137436773,vndirect_dchart_public,2026-06-08T09:01:08.695231+00:00,industrial_index
2026-05-04,VNIND,950.9,954.56,943.05,947.18,105379377,vndirect_dchart_public,2026-06-08T09:01:08.695253+00:00,industrial_index
2026-05-05,VNIND,950.27,953.23,943.92,950.09,110791410,vndirect_dchart_public,2026-06-08T09:01:08.695269+00:00,industrial_index
2026-05-06,VNIND,954.48,970.99,951.95,966.93,88079538,vndirect_dchart_public,2026-06-08T09:01:08.695285+00:00,industrial_index
2026-05-07,VNIND,974.38,985.16,972.55,972.83,146575060,vndirect_dchart_public,2026-06-08T09:01:08.695307+00:00,industrial_index
2026-05-08,VNIND,974.85,977.42,966.49,973.1,146135374,vndirect_dchart_public,2026-06-08T09:01:08.695391+00:00,industrial_index
2026-05-11,VNIND,978.03,981.18,969.1,971.3,167639193,vndirect_dchart_public,2026-06-08T09:01:08.695415+00:00,industrial_index
2026-05-12,VNIND,973.41,978.38,968.26,978.38,104676127,vndirect_dchart_public,2026-06-08T09:01:08.695431+00:00,industrial_index
2026-05-13,VNIND,979.3,984.57,966.69,977.67,113700948,vndirect_dchart_public,2026-06-08T09:01:08.695446+00:00,industrial_index
2026-05-14,VNIND,979.17,983.18,972.47,976.71,86118982,vndirect_dchart_public,2026-06-08T09:01:08.695463+00:00,industrial_index
2026-05-15,VNIND,978.87,979.16,967.37,968.99,90689326,vndirect_dchart_public,2026-06-08T09:01:08.695478+00:00,industrial_index
2026-05-18,VNIND,964.83,967.02,957.49,966.71,114884270,vndirect_dchart_public,2026-06-08T09:01:08.695494+00:00,industrial_index
2026-05-19,VNIND,970.84,974.87,962.2,969.03,123198872,vndirect_dchart_public,2026-06-08T09:01:08.695509+00:00,industrial_index
2026-05-20,VNIND,970.87,971.14,930.69,955.02,163509946,vndirect_dchart_public,2026-06-08T09:01:08.695525+00:00,industrial_index
2026-05-21,VNIND,957.48,957.48,941.9,947.34,84274250,vndirect_dchart_public,2026-06-08T09:01:08.695541+00:00,industrial_index
2026-05-22,VNIND,946.66,946.66,927.97,932.53,95924889,vndirect_dchart_public,2026-06-08T09:01:08.695557+00:00,industrial_index
2026-05-25,VNIND,934.18,944.62,932.71,941.09,58237016,vndirect_dchart_public,2026-06-08T09:01:08.695573+00:00,industrial_index
2026-05-26,VNIND,942.36,945.43,938.59,943.58,63413012,vndirect_dchart_public,2026-06-08T09:01:08.695589+00:00,industrial_index
2026-05-27,VNIND,946.03,948.21,932.34,940.67,57444144,vndirect_dchart_public,2026-06-08T09:01:08.695613+00:00,industrial_index
2026-05-28,VNIND,940.71,940.92,922.02,923.24,61597249,vndirect_dchart_public,2026-06-08T09:01:08.695631+00:00,industrial_index
2026-05-29,VNIND,923.28,925.1,912.85,916.38,67900377,vndirect_dchart_public,2026-06-08T09:01:08.695647+00:00,industrial_index
2026-06-01,VNIND,920.08,922.77,914.02,919.77,46152203,vndirect_dchart_public,2026-06-08T09:01:08.695667+00:00,industrial_index
2026-06-02,VNIND,920.67,920.95,901.15,905.53,88040699,vndirect_dchart_public,2026-06-08T09:01:08.695685+00:00,industrial_index
2026-06-03,VNIND,905.37,912.7,901.36,910.85,45940647,vndirect_dchart_public,2026-06-08T09:01:08.695704+00:00,industrial_index
2026-06-04,VNIND,911.23,921.97,906.03,921.28,50078741,vndirect_dchart_public,2026-06-08T09:01:08.695722+00:00,industrial_index
2026-06-05,VNIND,924.75,926.48,914.04,926.48,49985800,vndirect_dchart_public,2026-06-08T09:01:08.695743+00:00,industrial_index
2026-06-08,VNIND,915.9,916.7,902.73,905.8,69927507,vndirect_dchart_public,2026-06-08T09:01:08.695757+00:00,industrial_index
